/**
 * generated by fontconvert.py
 * name: notosans_8_regular
 * size: 8
 * mode: 2-bit
 * Command used: fontconvert.py notosans_8_regular 8 ../builtinFonts/source/NotoSans/NotoSans-Regular.ttf ../builtinFonts/source/NotoSansHebrew/NotoSansHebrew-Regular.ttf ../builtinFonts/source/NotoSansArabic/NotoSansArabic-Regular.ttf --2bit --additional-intervals 0x05D0,0x05EA --additional-intervals 0x060C,0x060C --additional-intervals 0x061B,0x061B --additional-intervals 0x061F,0x061F --additional-intervals 0x0621,0x0621 --additional-intervals 0x0640,0x0640 --additional-intervals 0x0660,0x0669 --additional-intervals 0x06BA,0x06BA --additional-intervals 0x06D4,0x06D4 --additional-intervals 0x06F0,0x06F9 --additional-intervals 0xFB56,0xFB59 --additional-intervals 0xFB66,0xFB69 --additional-intervals 0xFB7A,0xFB7D --additional-intervals 0xFB88,0xFB95 --additional-intervals 0xFB9E,0xFB9F --additional-intervals 0xFBA6,0xFBB1 --additional-intervals 0xFBFC,0xFBFF --additional-intervals 0xFE80,0xFEFC
 */
#pragma once
#include "EpdFontData.h"

static const uint8_t notosans_8_regularBitmaps[36773] = {
    0xB2, 0xCB, 0x1C, 0x71, 0xC7, 0x1C, 0x10, 0x0B, 0x2C, 0x00, 0xE2, 0xB8, 0xE9, 0x2A, 0x49, 0x00,
    0x00, 0x00, 0xC1, 0x80, 0x03, 0x0A, 0x00, 0x1C, 0x24, 0x05, 0xB5, 0xE4, 0x2B, 0xEF, 0xA4, 0x0D,
    0x1C, 0x00, 0x30, 0xA0, 0x1A, 0xEB, 0xE4, 0x6F, 0xAE, 0x90, 0x28, 0x30, 0x00, 0xD1, 0xC0, 0x03,
    0x06, 0x00, 0x02, 0x00, 0x03, 0x40, 0x3F, 0xFC, 0xB3, 0x54, 0xE3, 0x40, 0xF3, 0x40, 0x3F, 0x80,
    0x07, 0xF8, 0x03, 0x5D, 0x03, 0x4E, 0x93, 0x6D, 0xFF, 0xF4, 0x03, 0x40, 0x03, 0x40, 0x00, 0x00,
    0x00, 0x01, 0xF8, 0x02, 0x80, 0x34, 0xD0, 0x30, 0x03, 0x0A, 0x0A, 0x00, 0x30, 0x61, 0xC0, 0x03,
    0x0A, 0x34, 0x40, 0x34, 0xA7, 0x3F, 0x01, 0xEC, 0xDA, 0x1C, 0x01, 0x2C, 0xD0, 0xC0, 0x03, 0x0D,
    0x0C, 0x00, 0xA0, 0xD1, 0xC0, 0x0C, 0x0A, 0x28, 0x02, 0x80, 0x3F, 0x00, 0x00, 0x00, 0x00, 0x00,
    0x00, 0x00, 0x00, 0xFF, 0x00, 0x00, 0xF0, 0xF0, 0x00, 0x34, 0x2C, 0x00, 0x0E, 0x0E, 0x00, 0x01,
    0xEF, 0x00, 0x00, 0x3F, 0x00, 0x00, 0x3E, 0xE0, 0x34, 0x3C, 0x1E, 0x2C, 0x0D, 0x01, 0xEE, 0x03,
    0x80, 0x2F, 0x00, 0xB4, 0x2F, 0xE0, 0x0B, 0xFD, 0x1E, 0x00, 0x00, 0x00, 0x00, 0xEE, 0x99, 0x00,
    0x03, 0x03, 0x81, 0xC0, 0xB0, 0x34, 0x0D, 0x07, 0x01, 0xC0, 0x70, 0x0D, 0x03, 0x80, 0xB0, 0x1D,
    0x02, 0xC0, 0x20, 0x30, 0x0B, 0x00, 0xD0, 0x38, 0x0B, 0x01, 0xC0, 0x34, 0x0D, 0x03, 0x41, 0xC0,
    0xB0, 0x38, 0x1D, 0x0E, 0x02, 0x00, 0x00, 0x80, 0x00, 0x34, 0x00, 0x0C, 0x00, 0xFB, 0xBD, 0x06,
    0xF4, 0x00, 0xDC, 0x00, 0xF2, 0xC0, 0x14, 0x20, 0x00, 0xD0, 0x00, 0x34, 0x00, 0x0D, 0x00, 0x57,
    0x95, 0x2A, 0xFA, 0x40, 0x34, 0x00, 0x0D, 0x00, 0x03, 0x40, 0x00, 0x00, 0x00, 0x2C, 0x2C, 0x34,
    0x30, 0x00, 0x00, 0x1F, 0xE0, 0x00, 0x02, 0xCB, 0x00, 0x00, 0xB0, 0x03, 0x80, 0x1C, 0x00, 0xB0,
    0x03, 0x40, 0x1C, 0x00, 0xE0, 0x03, 0x40, 0x2C, 0x00, 0xE0, 0x07, 0x00, 0x2C, 0x00, 0x00, 0x00,
    0x01, 0xFE, 0x01, 0xE1, 0xE0, 0xB0, 0x1C, 0x34, 0x03, 0x4D, 0x00, 0xE3, 0x40, 0x38, 0xD0, 0x0E,
    0x34, 0x03, 0x8D, 0x00, 0xE2, 0xC0, 0x74, 0x38, 0x3C, 0x07, 0xFC, 0x00, 0x00, 0x00, 0x02, 0xC3,
    0xF7, 0xAC, 0x4B, 0x02, 0xC0, 0xB0, 0x2C, 0x0B, 0x02, 0xC0, 0xB0, 0x2C, 0x0B, 0x00, 0x00, 0x02,
    0xFE, 0x03, 0xD1, 0xF0, 0x00, 0x1C, 0x00, 0x07, 0x00, 0x02, 0xC0, 0x00, 0xD0, 0x00, 0xE0, 0x00,
    0xE0, 0x00, 0xE0, 0x00, 0xE0, 0x00, 0xF5, 0x54, 0x3F, 0xFF, 0x80, 0x00, 0x00, 0x06, 0xFE, 0x03,
    0x91, 0xF0, 0x00, 0x1C, 0x00, 0x07, 0x00, 0x03, 0x80, 0x7F, 0x80, 0x06, 0xB8, 0x00, 0x07, 0x40,
    0x00, 0xE0, 0x00, 0x34, 0x90, 0x7C, 0x3F, 0xF8, 0x00, 0x00, 0x00, 0x00, 0x1D, 0x00, 0x03, 0xD0,
    0x00, 0xED, 0x00, 0x1C, 0xD0, 0x03, 0x0D, 0x00, 0xE0, 0xD0, 0x2C, 0x0D, 0x07, 0x00, 0xD0, 0xBF,
    0xFF, 0xC1, 0x55, 0xE4, 0x00, 0x0D, 0x00, 0x00, 0xD0, 0x3F, 0xF8, 0x75, 0x54, 0x70, 0x00, 0x70,
    0x00, 0xB1, 0x00, 0xBF, 0xF4, 0x00, 0x2C, 0x00, 0x0E, 0x00, 0x0E, 0x00, 0x0D, 0x90, 0x7C, 0xBF,
    0xE0, 0x00, 0x00, 0x00, 0x00, 0x00, 0x7F, 0xC0, 0xB8, 0x00, 0x34, 0x00, 0x2C, 0x00, 0x0E, 0x15,
    0x03, 0xBF, 0xE0, 0xF0, 0x0D, 0x34, 0x03, 0x8D, 0x00, 0xA2, 0xC0, 0x38, 0x38, 0x2C, 0x07, 0xFD,
    0x00, 0x00, 0x00, 0x3F, 0xFF, 0x85, 0x55, 0xE0, 0x00, 0x70, 0x00, 0x38, 0x00, 0x1D, 0x00, 0x0B,
    0x00, 0x03, 0x40, 0x02, 0xC0, 0x00, 0xD0, 0x00, 0xB0, 0x00, 0x38, 0x00, 0x2C, 0x00, 0x00, 0x00,
    0x01, 0xFF, 0x01, 0xD0, 0xF0, 0xE0, 0x0D, 0x2C, 0x07, 0x03, 0x83, 0x80, 0x7F, 0x80, 0x3D, 0xF4,
    0x3C, 0x07, 0x4D, 0x00, 0xE3, 0x40, 0x38, 0xF0, 0x2D, 0x0B, 0xFD, 0x00, 0x00, 0x00, 0x00, 0x00,
    0x01, 0xFE, 0x01, 0xD1, 0xE0, 0xE0, 0x1C, 0x34, 0x03, 0x8D, 0x00, 0xE3, 0x80, 0x78, 0x7E, 0xFE,
    0x01, 0x93, 0x40, 0x00, 0xC0, 0x00, 0xB0, 0x00, 0xB0, 0x1F, 0xF0, 0x00, 0x00, 0x00, 0x02, 0xCB,
    0x00, 0x00, 0x00, 0x00, 0xB2, 0xC0, 0x00, 0x00, 0x2C, 0x2C, 0x00, 0x00, 0x00, 0x00, 0x00, 0x2C,
    0x38, 0x34, 0x70, 0x00, 0x00, 0x00, 0x00, 0x00, 0xA0, 0x02, 0xE0, 0x0B, 0x80, 0x2E, 0x00, 0x0F,
    0x40, 0x00, 0x7E, 0x00, 0x00, 0xB9, 0x00, 0x02, 0x80, 0x00, 0x00, 0x00, 0x00, 0x0F, 0xFF, 0xE0,
    0x00, 0x00, 0x00, 0x00, 0x3F, 0xFF, 0x45, 0x55, 0x40, 0x00, 0x00, 0x0D, 0x00, 0x01, 0xF4, 0x00,
    0x07, 0xD0, 0x00, 0x1F, 0x40, 0x02, 0xE0, 0x1F, 0x80, 0xBD, 0x00, 0x34, 0x00, 0x00, 0x00, 0x00,
    0x00, 0x01, 0xFF, 0x86, 0x47, 0x40, 0x0B, 0x00, 0x28, 0x01, 0xD0, 0x1D, 0x01, 0xD0, 0x0A, 0x00,
    0x14, 0x00, 0x00, 0x03, 0xC0, 0x0F, 0x00, 0x00, 0x00, 0x00, 0x2F, 0xF4, 0x00, 0x07, 0x90, 0x7C,
    0x00, 0x70, 0x00, 0x2C, 0x03, 0x01, 0xA8, 0x28, 0x28, 0x3D, 0x74, 0x70, 0xD1, 0xC0, 0xD0, 0xC3,
    0x0A, 0x03, 0x43, 0x0C, 0x28, 0x0C, 0x1C, 0x34, 0x70, 0xB4, 0x90, 0xA0, 0xFE, 0x7E, 0x01, 0xC0,
    0x00, 0x00, 0x02, 0xC0, 0x00, 0x00, 0x02, 0xFA, 0xB8, 0x00, 0x00, 0x55, 0x00, 0x00, 0x00, 0xB0,
    0x00, 0x03, 0xE0, 0x00, 0x1D, 0xC0, 0x00, 0xA3, 0x40, 0x03, 0x4A, 0x00, 0x1C, 0x1C, 0x00, 0xE0,
    0x38, 0x07, 0xFF, 0xF0, 0x2D, 0x55, 0xD0, 0xD0, 0x03, 0x87, 0x00, 0x07, 0x38, 0x00, 0x0D, 0x7F,
    0xF8, 0x1D, 0x5B, 0xC7, 0x00, 0x35, 0xC0, 0x0D, 0x70, 0x07, 0x1F, 0xFF, 0x07, 0x56, 0xF1, 0xC0,
    0x0E, 0x70, 0x02, 0xDC, 0x00, 0xF7, 0x55, 0xB5, 0xFF, 0xF4, 0x00, 0x00, 0x00, 0x2F, 0xF8, 0x1F,
    0x56, 0x83, 0x80, 0x00, 0xB0, 0x00, 0x0F, 0x00, 0x00, 0xE0, 0x00, 0x0E, 0x00, 0x00, 0xE0, 0x00,
    0x0B, 0x00, 0x00, 0x78, 0x00, 0x02, 0xE4, 0x14, 0x07, 0xFF, 0x40, 0x00, 0x00, 0x7F, 0xF8, 0x01,
    0xD5, 0xBD, 0x07, 0x00, 0x2D, 0x1C, 0x00, 0x3C, 0x70, 0x00, 0xB1, 0xC0, 0x01, 0xC7, 0x00, 0x07,
    0x1C, 0x00, 0x2C, 0x70, 0x00, 0xF1, 0xC0, 0x0B, 0x47, 0x55, 0xF4, 0x1F, 0xFE, 0x00, 0x7F, 0xFC,
    0x75, 0x54, 0x70, 0x00, 0x70, 0x00, 0x70, 0x00, 0x7F, 0xFC, 0x79, 0x54, 0x70, 0x00, 0x70, 0x00,
    0x70, 0x00, 0x75, 0x54, 0x7F, 0xFD, 0x7F, 0xFC, 0x75, 0x54, 0x70, 0x00, 0x70, 0x00, 0x70, 0x00,
    0x75, 0x54, 0x7F, 0xFC, 0x70, 0x00, 0x70, 0x00, 0x70, 0x00, 0x70, 0x00, 0x70, 0x00, 0x00, 0x00,
    0x00, 0x2F, 0xFD, 0x1F, 0x55, 0x93, 0xC0, 0x00, 0xB0, 0x00, 0x0F, 0x00, 0x00, 0xE0, 0x05, 0x5E,
    0x00, 0xFF, 0xE0, 0x00, 0xBB, 0x00, 0x0B, 0x38, 0x00, 0xB2, 0xF4, 0x0B, 0x07, 0xFF, 0xE0, 0x00,
    0x00, 0x70, 0x00, 0xA7, 0x00, 0x0E, 0x70, 0x00, 0xE7, 0x00, 0x0E, 0x70, 0x00, 0xE7, 0xFF, 0xFE,
    0x79, 0x55, 0xE7, 0x00, 0x0E, 0x70, 0x00, 0xE7, 0x00, 0x0E, 0x70, 0x00, 0xE7, 0x00, 0x0E, 0x7F,
    0xC3, 0x80, 0xE0, 0x38, 0x0E, 0x03, 0x80, 0xE0, 0x38, 0x0E, 0x03, 0x80, 0xE1, 0xFF, 0x01, 0xC0,
    0x1C, 0x01, 0xC0, 0x1C, 0x01, 0xC0, 0x1C, 0x01, 0xC0, 0x1C, 0x01, 0xC0, 0x1C, 0x01, 0xC0, 0x1C,
    0x02, 0xC0, 0x78, 0x7F, 0x00, 0x00, 0x70, 0x03, 0x87, 0x00, 0xF0, 0x70, 0x2C, 0x07, 0x0B, 0x00,
    0x72, 0xC0, 0x07, 0xB8, 0x00, 0x7E, 0xD0, 0x07, 0x0F, 0x00, 0x70, 0x3C, 0x07, 0x01, 0xD0, 0x70,
    0x0B, 0x07, 0x00, 0x3C, 0x70, 0x00, 0x70, 0x00, 0x70, 0x00, 0x70, 0x00, 0x70, 0x00, 0x70, 0x00,
    0x70, 0x00, 0x70, 0x00, 0x70, 0x00, 0x70, 0x00, 0x75, 0x54, 0x7F, 0xFD, 0x7C, 0x00, 0x0F, 0x5F,
    0x40, 0x03, 0xE7, 0xA0, 0x02, 0xB9, 0xDC, 0x00, 0xDE, 0x73, 0x40, 0x73, 0x9C, 0xB0, 0x38, 0xE7,
    0x0C, 0x0C, 0x39, 0xC3, 0x8B, 0x0E, 0x70, 0x73, 0x43, 0x9C, 0x0E, 0xC0, 0xE7, 0x02, 0xE0, 0x39,
    0xC0, 0x74, 0x0E, 0x78, 0x00, 0x71, 0xF4, 0x01, 0xC7, 0xF0, 0x07, 0x1C, 0xE0, 0x1C, 0x72, 0xC0,
    0x71, 0xC3, 0xC1, 0xC7, 0x03, 0x47, 0x1C, 0x0B, 0x1C, 0x70, 0x0F, 0x71, 0xC0, 0x1E, 0xC7, 0x00,
    0x2F, 0x1C, 0x00, 0x3C, 0x00, 0x00, 0x00, 0x1F, 0xFD, 0x02, 0xE5, 0x6D, 0x0E, 0x00, 0x2C, 0xB0,
    0x00, 0x3B, 0x80, 0x00, 0xBE, 0x00, 0x02, 0xF8, 0x00, 0x0B, 0xE0, 0x00, 0x2E, 0xC0, 0x00, 0xE7,
    0x80, 0x07, 0x0B, 0x90, 0xB8, 0x07, 0xFF, 0x40, 0x00, 0x00, 0x00, 0x7F, 0xE4, 0x1D, 0x5B, 0x87,
    0x00, 0xB1, 0xC0, 0x1C, 0x70, 0x07, 0x1C, 0x07, 0x87, 0xFF, 0x81, 0xD5, 0x00, 0x70, 0x00, 0x1C,
    0x00, 0x07, 0x00, 0x01, 0xC0, 0x00, 0x00, 0x00, 0x00, 0x1F, 0xFD, 0x02, 0xE5, 0x6D, 0x0E, 0x00,
    0x2C, 0xB0, 0x00, 0x3B, 0x80, 0x00, 0xBE, 0x00, 0x02, 0xF8, 0x00, 0x0B, 0xE0, 0x00, 0x2E, 0xC0,
    0x00, 0xE7, 0x80, 0x07, 0x0B, 0x90, 0xB8, 0x07, 0xFF, 0x40, 0x00, 0x2C, 0x00, 0x00, 0x3C, 0x00,
    0x00, 0x38, 0x7F, 0xF4, 0x07, 0x56, 0xE0, 0x70, 0x0B, 0x07, 0x00, 0x70, 0x70, 0x0B, 0x07, 0x41,
    0xE0, 0x7F, 0xF4, 0x07, 0x07, 0x40, 0x70, 0x2C, 0x07, 0x00, 0xE0, 0x70, 0x0B, 0x07, 0x00, 0x3C,
    0x00, 0x00, 0x02, 0xFF, 0x82, 0xE5, 0xA0, 0xE0, 0x00, 0x38, 0x00, 0x0B, 0x40, 0x00, 0xBD, 0x00,
    0x06, 0xF4, 0x00, 0x0F, 0x00, 0x00, 0xD0, 0x00, 0x34, 0x90, 0x7C, 0x3F, 0xF8, 0x00, 0x00, 0x00,
    0xFF, 0xFF, 0xC5, 0x5E, 0x54, 0x00, 0xD0, 0x00, 0x0D, 0x00, 0x00, 0xD0, 0x00, 0x0D, 0x00, 0x00,
    0xD0, 0x00, 0x0D, 0x00, 0x00, 0xD0, 0x00, 0x0D, 0x00, 0x00, 0xD0, 0x00, 0x0D, 0x00, 0x70, 0x00,
    0xAB, 0x00, 0x0E, 0xB0, 0x00, 0xEB, 0x00, 0x0E, 0xB0, 0x00, 0xEB, 0x00, 0x0E, 0xB0, 0x00, 0xEB,
    0x00, 0x0E, 0x70, 0x00, 0xE3, 0x40, 0x0D, 0x2D, 0x07, 0xC0, 0xBF, 0xE0, 0x00, 0x00, 0x00, 0xE0,
    0x00, 0xB7, 0x00, 0x0D, 0x34, 0x01, 0xC3, 0xC0, 0x3C, 0x1C, 0x03, 0x40, 0xD0, 0x70, 0x0B, 0x0E,
    0x00, 0x70, 0xD0, 0x03, 0xAC, 0x00, 0x2F, 0x80, 0x01, 0xF4, 0x00, 0x0F, 0x00, 0xB0, 0x03, 0x80,
    0x1C, 0x70, 0x07, 0xC0, 0x2C, 0x34, 0x0E, 0xC0, 0x38, 0x38, 0x0D, 0xD0, 0x34, 0x2C, 0x1C, 0xB0,
    0x70, 0x1C, 0x2C, 0x70, 0xB0, 0x0D, 0x34, 0x34, 0xE0, 0x0E, 0x30, 0x28, 0xD0, 0x0B, 0x70, 0x1D,
    0xC0, 0x07, 0xE0, 0x0F, 0xC0, 0x03, 0xD0, 0x0F, 0x80, 0x03, 0xC0, 0x0B, 0x40, 0x70, 0x01, 0xC3,
    0xC0, 0x38, 0x0D, 0x0B, 0x00, 0x71, 0xC0, 0x03, 0xF8, 0x00, 0x0F, 0x00, 0x01, 0xF0, 0x00, 0x36,
    0xC0, 0x0B, 0x0D, 0x01, 0xC0, 0xB0, 0x38, 0x03, 0x8B, 0x00, 0x1D, 0xB0, 0x01, 0xC3, 0x40, 0x38,
    0x2C, 0x07, 0x00, 0xD0, 0xE0, 0x0B, 0x2C, 0x00, 0x3B, 0x40, 0x02, 0xF0, 0x00, 0x0E, 0x00, 0x00,
    0xD0, 0x00, 0x0D, 0x00, 0x00, 0xD0, 0x00, 0x0D, 0x00, 0x3F, 0xFF, 0x85, 0x56, 0xE0, 0x00, 0xF0,
    0x00, 0x70, 0x00, 0x38, 0x00, 0x3C, 0x00, 0x1C, 0x00, 0x0E, 0x00, 0x0F, 0x00, 0x07, 0x00, 0x03,
    0xD5, 0x55, 0xFF, 0xFF, 0xBF, 0x2D, 0x4B, 0x02, 0xC0, 0xB0, 0x2C, 0x0B, 0x02, 0xC0, 0xB0, 0x2C,
    0x0B, 0x02, 0xC0, 0xB0, 0x2E, 0x86, 0xA0, 0xA0, 0x01, 0xC0, 0x03, 0x80, 0x0B, 0x00, 0x0C, 0x00,
    0x38, 0x00, 0x70, 0x00, 0xD0, 0x02, 0x80, 0x07, 0x00, 0x0D, 0x00, 0x2C, 0xBF, 0x05, 0xC0, 0x70,
    0x1C, 0x07, 0x01, 0xC0, 0x70, 0x1C, 0x07, 0x01, 0xC0, 0x70, 0x1C, 0x07, 0x1A, 0xC6, 0xA0, 0x00,
    0xD0, 0x00, 0xBC, 0x00, 0x33, 0x40, 0x18, 0x70, 0x0D, 0x0D, 0x07, 0x01, 0xC3, 0x40, 0x34, 0x80,
    0x05, 0x2A, 0xAA, 0x0A, 0xAA, 0x80, 0x34, 0x07, 0x00, 0x60, 0x00, 0x00, 0x0B, 0xFC, 0x09, 0x0F,
    0x00, 0x0B, 0x00, 0x5B, 0x1F, 0xEF, 0x38, 0x07, 0x34, 0x0B, 0x38, 0x1F, 0x1F, 0xE3, 0x00, 0x00,
    0x60, 0x00, 0x2C, 0x00, 0x0B, 0x00, 0x02, 0xC0, 0x00, 0xB7, 0xF8, 0x2F, 0x47, 0x8B, 0x00, 0xB2,
    0xC0, 0x1D, 0xB0, 0x03, 0x6C, 0x01, 0xDB, 0x00, 0xB2, 0xF0, 0x78, 0xA7, 0xF8, 0x00, 0x00, 0x00,
    0x00, 0x00, 0x07, 0xFD, 0x1E, 0x44, 0x3C, 0x00, 0x38, 0x00, 0x34, 0x00, 0x38, 0x00, 0x3C, 0x00,
    0x1E, 0x04, 0x07, 0xFC, 0x00, 0x00, 0x00, 0x01, 0x80, 0x00, 0xB0, 0x00, 0x2C, 0x00, 0x0B, 0x07,
    0xFA, 0xC7, 0x82, 0xF3, 0xC0, 0x3C, 0xE0, 0x0B, 0x34, 0x02, 0xCE, 0x00, 0xB3, 0xC0, 0x3C, 0x74,
    0x2F, 0x0B, 0xF9, 0xC0, 0x00, 0x00, 0x00, 0x00, 0x01, 0xFF, 0x00, 0xE0, 0xF0, 0xB0, 0x0D, 0x39,
    0x57, 0x8F, 0xFF, 0xD3, 0x80, 0x00, 0xF0, 0x00, 0x1E, 0x01, 0x01, 0xFF, 0xC0, 0x00, 0x00, 0x02,
    0xA0, 0x3E, 0x80, 0xD0, 0x03, 0x40, 0x7F, 0xE0, 0x74, 0x00, 0xD0, 0x03, 0x40, 0x0D, 0x00, 0x34,
    0x00, 0xD0, 0x03, 0x40, 0x0D, 0x00, 0x00, 0x00, 0x01, 0xFE, 0x71, 0xE0, 0xBC, 0xF0, 0x0F, 0x38,
    0x02, 0xCD, 0x00, 0xB3, 0x80, 0x2C, 0xF0, 0x0F, 0x1D, 0x0B, 0xC2, 0xFE, 0xB0, 0x00, 0x2C, 0x00,
    0x0E, 0x19, 0x1B, 0x42, 0xFF, 0x40, 0x60, 0x00, 0xB0, 0x00, 0xB0, 0x00, 0xB0, 0x00, 0xB7, 0xF8,
    0xBD, 0x1E, 0xB0, 0x0B, 0xB0, 0x0B, 0xB0, 0x0B, 0xB0, 0x0B, 0xB0, 0x0B, 0xB0, 0x0B, 0xB0, 0x0B,
    0x02, 0xC5, 0x00, 0xB2, 0xCB, 0x2C, 0xB2, 0xCB, 0x2C, 0xB0, 0x00, 0x02, 0xC0, 0x50, 0x00, 0x0B,
    0x02, 0xC0, 0xB0, 0x2C, 0x0B, 0x02, 0xC0, 0xB0, 0x2C, 0x0B, 0x02, 0xC0, 0xB1, 0x78, 0xFC, 0x00,
    0x60, 0x00, 0xB0, 0x00, 0xB0, 0x00, 0xB0, 0x00, 0xB0, 0x2C, 0xB0, 0xB0, 0xB2, 0xC0, 0xB7, 0x40,
    0xBF, 0x40, 0xB2, 0xC0, 0xB0, 0xF0, 0xB0, 0x38, 0xB0, 0x1D, 0x6B, 0xBB, 0xBB, 0xBB, 0xBB, 0xBB,
    0xB0, 0x00, 0x00, 0x00, 0x0A, 0x7F, 0x8B, 0xF4, 0xBC, 0x2F, 0x83, 0xCB, 0x00, 0xF0, 0x1C, 0xB0,
    0x0E, 0x00, 0xCB, 0x00, 0xE0, 0x0C, 0xB0, 0x0E, 0x00, 0xCB, 0x00, 0xE0, 0x0C, 0xB0, 0x0E, 0x00,
    0xCB, 0x00, 0xE0, 0x0C, 0x00, 0x00, 0xA7, 0xF8, 0xBD, 0x1E, 0xB0, 0x0B, 0xB0, 0x0B, 0xB0, 0x0B,
    0xB0, 0x0B, 0xB0, 0x0B, 0xB0, 0x0B, 0xB0, 0x0B, 0x00, 0x00, 0x00, 0x7F, 0xD0, 0x1E, 0x0B, 0x43,
    0xC0, 0x2C, 0x38, 0x01, 0xC3, 0x40, 0x1C, 0x38, 0x01, 0xC3, 0xC0, 0x2C, 0x1E, 0x07, 0x40, 0x7F,
    0xD0, 0x00, 0x00, 0x00, 0x00, 0x00, 0x29, 0xFE, 0x0B, 0xD1, 0xE2, 0xC0, 0x2C, 0xB0, 0x07, 0x6C,
    0x00, 0xDB, 0x00, 0x76, 0xC0, 0x2C, 0xBC, 0x1E, 0x2D, 0xFE, 0x0B, 0x00, 0x02, 0xC0, 0x00, 0xB0,
    0x00, 0x2C, 0x00, 0x00, 0x00, 0x00, 0x01, 0xFE, 0x71, 0xE0, 0xBC, 0xF0, 0x0F, 0x38, 0x02, 0xCD,
    0x00, 0xB3, 0x80, 0x2C, 0xF0, 0x0F, 0x1E, 0x0B, 0xC2, 0xFE, 0xB0, 0x00, 0x2C, 0x00, 0x0B, 0x00,
    0x02, 0xC0, 0x00, 0xB0, 0x00, 0x0A, 0x3E, 0xBD, 0x4B, 0x40, 0xB0, 0x0B, 0x00, 0xB0, 0x0B, 0x00,
    0xB0, 0x0B, 0x00, 0x00, 0x00, 0x1F, 0xF8, 0x38, 0x14, 0x34, 0x00, 0x2E, 0x00, 0x07, 0xE0, 0x00,
    0x7C, 0x00, 0x1C, 0x10, 0x2C, 0x3F, 0xF4, 0x00, 0x00, 0x0C, 0x01, 0xC0, 0x7F, 0xE2, 0xC0, 0x1C,
    0x01, 0xC0, 0x1C, 0x01, 0xC0, 0x1C, 0x01, 0xD0, 0x0B, 0xE0, 0x00, 0xA0, 0x0B, 0xB0, 0x0B, 0xB0,
    0x0B, 0xB0, 0x0B, 0xB0, 0x0B, 0xB0, 0x0B, 0xB0, 0x0F, 0x74, 0x2F, 0x2F, 0xE7, 0x00, 0x00, 0xE0,
    0x03, 0x5C, 0x02, 0xC3, 0x40, 0xE0, 0xB0, 0x70, 0x1C, 0x2C, 0x03, 0x8D, 0x00, 0xB7, 0x00, 0x0F,
    0x80, 0x03, 0xD0, 0x00, 0xB0, 0x1D, 0x02, 0xDC, 0x0B, 0xC0, 0xE3, 0x43, 0xB0, 0x30, 0xE1, 0xCD,
    0x1C, 0x2C, 0xA2, 0x8A, 0x07, 0x34, 0x73, 0x40, 0xEC, 0x0E, 0xC0, 0x3F, 0x02, 0xF0, 0x07, 0x40,
    0x78, 0x00, 0x34, 0x0B, 0x0B, 0x07, 0x40, 0xF3, 0x80, 0x0F, 0xC0, 0x02, 0xD0, 0x00, 0xFC, 0x00,
    0xE3, 0x80, 0xB0, 0x34, 0x74, 0x07, 0x00, 0xA0, 0x03, 0x5C, 0x02, 0xC3, 0x80, 0xE0, 0xB0, 0x70,
    0x0D, 0x2C, 0x03, 0x8D, 0x00, 0x77, 0x00, 0x0F, 0x80, 0x02, 0xD0, 0x00, 0xB0, 0x00, 0x38, 0x00,
    0x6C, 0x00, 0xFC, 0x00, 0x00, 0x3F, 0xFC, 0x00, 0x3C, 0x00, 0x70, 0x00, 0xD0, 0x03, 0x80, 0x0B,
    0x00, 0x1D, 0x00, 0x38, 0x00, 0x7F, 0xFC, 0x01, 0xA0, 0x39, 0x07, 0x00, 0xB0, 0x0B, 0x00, 0xB0,
    0x1E, 0x0B, 0x80, 0x0E, 0x00, 0xB0, 0x0B, 0x00, 0xB0, 0x07, 0x00, 0x3D, 0x00, 0x50, 0x20, 0xC3,
    0x0C, 0x30, 0xC3, 0x0C, 0x30, 0xC3, 0x0C, 0x30, 0xC3, 0x0C, 0x30, 0x00, 0x78, 0x01, 0xE0, 0x0B,
    0x00, 0xB0, 0x0B, 0x00, 0xB0, 0x03, 0x90, 0x1F, 0x07, 0x40, 0xB0, 0x0B, 0x00, 0xB0, 0x0F, 0x07,
    0xD0, 0x60, 0x00, 0x2F, 0x90, 0x49, 0x6F, 0xD0, 0x00, 0x00, 0x02, 0xCB, 0x00, 0x11, 0xC7, 0x1C,
    0x72, 0xCB, 0x2C, 0xB0, 0x00, 0x00, 0x00, 0x01, 0xC0, 0x06, 0xE4, 0x1F, 0xA8, 0x38, 0x00, 0x70,
    0x00, 0x70, 0x00, 0x70, 0x00, 0x70, 0x00, 0x38, 0x00, 0x1F, 0xFC, 0x02, 0xD0, 0x01, 0xC0, 0x00,
    0x00, 0x00, 0x00, 0x00, 0x7F, 0xC0, 0x74, 0x60, 0x3C, 0x00, 0x0E, 0x00, 0x03, 0x80, 0x01, 0xF5,
    0x41, 0xBE, 0xA0, 0x0E, 0x00, 0x03, 0x80, 0x00, 0xD0, 0x00, 0xB5, 0x55, 0x7F, 0xFF, 0xC0, 0x10,
    0x01, 0x0B, 0xFE, 0xC0, 0xD0, 0xE0, 0x60, 0x0C, 0x18, 0x03, 0x03, 0x02, 0x81, 0xFF, 0xF0, 0x81,
    0x48, 0x70, 0x01, 0xC3, 0x80, 0x38, 0x1C, 0x0B, 0x00, 0xE0, 0xD0, 0x07, 0x2C, 0x00, 0x3B, 0x40,
    0x1B, 0xFA, 0x00, 0x5E, 0x50, 0x00, 0xE0, 0x01, 0xFF, 0xF0, 0x00, 0xD0, 0x00, 0x0D, 0x00, 0x20,
    0xC3, 0x0C, 0x30, 0xC2, 0x00, 0x00, 0x01, 0x0C, 0x30, 0xC3, 0x0C, 0x30, 0x00, 0x06, 0xA4, 0x2D,
    0x6C, 0x38, 0x00, 0x1E, 0x00, 0x0F, 0xE0, 0x28, 0x2C, 0x34, 0x0D, 0x2D, 0x0D, 0x0B, 0xF8, 0x00,
    0x7C, 0x00, 0x0D, 0x20, 0x1C, 0x2F, 0xF4, 0x00, 0x00, 0x00, 0x07, 0x1C, 0x10, 0x40, 0x00, 0x00,
    0x00, 0x00, 0x0B, 0xFE, 0x00, 0x07, 0x40, 0x1C, 0x00, 0xC0, 0xA4, 0x70, 0x24, 0x79, 0x82, 0x83,
    0x0E, 0x00, 0x0C, 0x30, 0xD0, 0x00, 0xC3, 0x0C, 0x00, 0x0C, 0x30, 0xD0, 0x00, 0xC2, 0x47, 0x58,
    0x18, 0x0C, 0x1B, 0x83, 0x00, 0x74, 0x01, 0xD0, 0x00, 0xBB, 0xE0, 0x00, 0x00, 0x00, 0x00, 0x00,
    0x03, 0xF8, 0x00, 0xC1, 0xBC, 0x70, 0xC7, 0x6C, 0x19, 0x40, 0x02, 0x05, 0x0B, 0x1C, 0x1C, 0x34,
    0x34, 0xE0, 0x2C, 0x74, 0x0E, 0x2C, 0x03, 0x09, 0x00, 0x00, 0x15, 0x55, 0x4A, 0xAA, 0xE0, 0x00,
    0x28, 0x00, 0x0A, 0x00, 0x01, 0x80, 0x00, 0x1F, 0xE0, 0x00, 0x00, 0x00, 0x00, 0x00, 0x0B, 0xFE,
    0x00, 0x07, 0x40, 0x1C, 0x00, 0xC2, 0xA0, 0x70, 0x24, 0x76, 0xC2, 0x83, 0x07, 0x0D, 0x0C, 0x30,
    0x71, 0xC0, 0xC3, 0x07, 0xF4, 0x0C, 0x30, 0x72, 0x80, 0xC2, 0x47, 0x0D, 0x18, 0x0C, 0x20, 0x63,
    0x00, 0x74, 0x01, 0xD0, 0x00, 0xBB, 0xE0, 0x00, 0x00, 0x00, 0x00, 0x3F, 0xFF, 0xD1, 0x55, 0x54,
    0x00, 0x00, 0x3F, 0x43, 0x43, 0x0C, 0x0C, 0x34, 0x30, 0x3F, 0x40, 0x00, 0x00, 0x00, 0xD0, 0x00,
    0x34, 0x00, 0x0D, 0x00, 0xAB, 0xA9, 0x2A, 0xFA, 0x40, 0x34, 0x00, 0x0D, 0x00, 0x03, 0x40, 0x00,
    0x40, 0x0F, 0xFF, 0xE0, 0x00, 0x03, 0xF8, 0x00, 0xC0, 0x0C, 0x03, 0x40, 0xD0, 0x34, 0x0B, 0xFC,
    0x00, 0x00, 0x00, 0x07, 0xF8, 0x00, 0xC0, 0x1C, 0x2F, 0x40, 0x0D, 0x00, 0xDB, 0xF8, 0x00, 0x00,
    0x0A, 0x0B, 0x03, 0x00, 0xB0, 0x07, 0xB0, 0x0B, 0xB0, 0x0B, 0xB0, 0x0B, 0xB0, 0x0B, 0xB0, 0x0B,
    0xB0, 0x0F, 0xB8, 0x2F, 0xBF, 0xE7, 0xB0, 0x00, 0xB0, 0x00, 0xB0, 0x00, 0xB0, 0x00, 0x02, 0xAA,
    0x81, 0xFF, 0x9C, 0x3F, 0xF4, 0xC3, 0xFF, 0x4C, 0x3F, 0xF4, 0xC3, 0xFF, 0x4C, 0x3F, 0xF4, 0xC1,
    0xFF, 0x4C, 0x02, 0xA4, 0xC0, 0x01, 0x4C, 0x00, 0x14, 0xC0, 0x01, 0x4C, 0x00, 0x14, 0xC0, 0x01,
    0x4C, 0x00, 0x14, 0xC0, 0x00, 0x00, 0x02, 0xCB, 0x00, 0x24, 0x2C, 0x09, 0xBC, 0x00, 0x0F, 0x37,
    0x03, 0x03, 0x03, 0x03, 0x03, 0x00, 0x00, 0x01, 0xF8, 0x30, 0xA6, 0x06, 0x60, 0x63, 0x5D, 0x0A,
    0x00, 0x20, 0x90, 0x2C, 0x70, 0x0E, 0x2C, 0x03, 0x4E, 0x0B, 0x1C, 0x2C, 0x74, 0x30, 0x90, 0x00,
    0x00, 0x0B, 0x00, 0x34, 0x0E, 0xC0, 0x1C, 0x00, 0x30, 0x0C, 0x00, 0x0C, 0x0A, 0x00, 0x03, 0x07,
    0x00, 0x00, 0xC3, 0x47, 0x40, 0x32, 0x83, 0xD0, 0x00, 0xC3, 0x34, 0x00, 0xD2, 0x8D, 0x00, 0x70,
    0xEB, 0x80, 0x34, 0x15, 0xE0, 0x28, 0x00, 0x34, 0x0E, 0x00, 0x70, 0x1E, 0xC0, 0x34, 0x00, 0x70,
    0x28, 0x00, 0x1C, 0x0C, 0x00, 0x07, 0x0D, 0x00, 0x01, 0xC7, 0x3B, 0x80, 0x73, 0x00, 0x30, 0x02,
    0x80, 0x0C, 0x01, 0xC0, 0x0D, 0x00, 0xD0, 0x0D, 0x00, 0x70, 0x0D, 0x00, 0x30, 0x0B, 0xFC, 0x00,
    0x00, 0x00, 0x1F, 0xD0, 0x03, 0x00, 0x0C, 0x02, 0x80, 0x07, 0x01, 0xC0, 0x2F, 0x40, 0xD0, 0x00,
    0x70, 0xA0, 0x00, 0x0D, 0x30, 0xF2, 0xAF, 0x34, 0xBC, 0x14, 0x1C, 0x37, 0x00, 0x0C, 0x31, 0xC0,
    0x0A, 0x2E, 0xF8, 0x07, 0x05, 0x6D, 0x03, 0x40, 0x07, 0x00, 0x00, 0x00, 0x0B, 0x00, 0x2C, 0x00,
    0x00, 0x00, 0x40, 0x07, 0x00, 0x38, 0x03, 0x80, 0x38, 0x01, 0xC0, 0x0B, 0x00, 0x1D, 0x05, 0x2F,
    0xF8, 0x00, 0x00, 0x02, 0xC0, 0x00, 0x03, 0x80, 0x00, 0x03, 0x00, 0x00, 0x00, 0x00, 0x00, 0xB0,
    0x00, 0x03, 0xE0, 0x00, 0x1D, 0xC0, 0x00, 0xA3, 0x40, 0x03, 0x4A, 0x00, 0x1C, 0x1C, 0x00, 0xE0,
    0x38, 0x07, 0xFF, 0xF0, 0x2D, 0x55, 0xD0, 0xD0, 0x03, 0x87, 0x00, 0x07, 0x38, 0x00, 0x0D, 0x00,
    0x0D, 0x00, 0x00, 0xF0, 0x00, 0x06, 0x00, 0x00, 0x00, 0x00, 0x00, 0xB0, 0x00, 0x03, 0xE0, 0x00,
    0x1D, 0xC0, 0x00, 0xA3, 0x40, 0x03, 0x4A, 0x00, 0x1C, 0x1C, 0x00, 0xE0, 0x38, 0x07, 0xFF, 0xF0,
    0x2D, 0x55, 0xD0, 0xD0, 0x03, 0x87, 0x00, 0x07, 0x38, 0x00, 0x0D, 0x00, 0xB0, 0x00, 0x07, 0xB0,
    0x00, 0x30, 0x60, 0x00, 0x00, 0x00, 0x00, 0xB0, 0x00, 0x03, 0xE0, 0x00, 0x1D, 0xC0, 0x00, 0xA3,
    0x40, 0x03, 0x4A, 0x00, 0x1C, 0x1C, 0x00, 0xE0, 0x38, 0x07, 0xFF, 0xF0, 0x2D, 0x55, 0xD0, 0xD0,
    0x03, 0x87, 0x00, 0x07, 0x38, 0x00, 0x0D, 0x00, 0x00, 0x00, 0x1F, 0x9C, 0x00, 0x92, 0xE0, 0x00,
    0x00, 0x00, 0x00, 0xB0, 0x00, 0x03, 0xE0, 0x00, 0x1D, 0xC0, 0x00, 0xA3, 0x40, 0x03, 0x4A, 0x00,
    0x1C, 0x1C, 0x00, 0xE0, 0x38, 0x07, 0xFF, 0xF0, 0x2D, 0x55, 0xD0, 0xD0, 0x03, 0x87, 0x00, 0x07,
    0x38, 0x00, 0x0D, 0x00, 0x00, 0x00, 0x0D, 0x38, 0x00, 0x10, 0x40, 0x00, 0x00, 0x00, 0x00, 0xB0,
    0x00, 0x03, 0xE0, 0x00, 0x1D, 0xC0, 0x00, 0xA3, 0x40, 0x03, 0x4A, 0x00, 0x1C, 0x1C, 0x00, 0xE0,
    0x38, 0x07, 0xFF, 0xF0, 0x2D, 0x55, 0xD0, 0xD0, 0x03, 0x87, 0x00, 0x07, 0x38, 0x00, 0x0D, 0x00,
    0x60, 0x00, 0x06, 0x70, 0x00, 0x14, 0xC0, 0x00, 0x3E, 0x00, 0x00, 0xF8, 0x00, 0x07, 0x70, 0x00,
    0x28, 0xD0, 0x00, 0xD2, 0x80, 0x07, 0x07, 0x00, 0x38, 0x0E, 0x01, 0xFF, 0xFC, 0x0B, 0x55, 0x74,
    0x34, 0x00, 0xE1, 0xC0, 0x01, 0xCE, 0x00, 0x03, 0x40, 0x00, 0x0B, 0xFF, 0xF8, 0x00, 0x3A, 0xD5,
    0x50, 0x02, 0xCB, 0x00, 0x00, 0x0E, 0x2C, 0x00, 0x00, 0x70, 0xB0, 0x00, 0x03, 0x82, 0xFF, 0xD0,
    0x1C, 0x0B, 0x55, 0x00, 0xFF, 0xFC, 0x00, 0x07, 0x55, 0xB0, 0x00, 0x38, 0x02, 0xC0, 0x01, 0xD0,
    0x0B, 0x55, 0x0F, 0x00, 0x2F, 0xFE, 0x00, 0x00, 0x00, 0x2F, 0xF8, 0x1F, 0x56, 0x83, 0x80, 0x00,
    0xB0, 0x00, 0x0F, 0x00, 0x00, 0xE0, 0x00, 0x0E, 0x00, 0x00, 0xE0, 0x00, 0x0B, 0x00, 0x00, 0x78,
    0x00, 0x02, 0xE4, 0x14, 0x07, 0xFF, 0x40, 0x06, 0x00, 0x00, 0x78, 0x00, 0x01, 0xC0, 0x01, 0xF4,
    0x00, 0x0A, 0x00, 0x03, 0x40, 0x00, 0xC0, 0x00, 0x00, 0x7F, 0xFC, 0x75, 0x54, 0x70, 0x00, 0x70,
    0x00, 0x70, 0x00, 0x7F, 0xFC, 0x79, 0x54, 0x70, 0x00, 0x70, 0x00, 0x70, 0x00, 0x75, 0x54, 0x7F,
    0xFD, 0x00, 0x74, 0x00, 0xE0, 0x02, 0x80, 0x00, 0x00, 0x7F, 0xFC, 0x75, 0x54, 0x70, 0x00, 0x70,
    0x00, 0x70, 0x00, 0x7F, 0xFC, 0x79, 0x54, 0x70, 0x00, 0x70, 0x00, 0x70, 0x00, 0x75, 0x54, 0x7F,
    0xFD, 0x02, 0x80, 0x0B, 0xF0, 0x18, 0x28, 0x00, 0x00, 0x7F, 0xFC, 0x75, 0x54, 0x70, 0x00, 0x70,
    0x00, 0x70, 0x00, 0x7F, 0xFC, 0x79, 0x54, 0x70, 0x00, 0x70, 0x00, 0x70, 0x00, 0x75, 0x54, 0x7F,
    0xFD, 0x00, 0x00, 0x0C, 0x34, 0x04, 0x10, 0x00, 0x00, 0x7F, 0xFC, 0x75, 0x54, 0x70, 0x00, 0x70,
    0x00, 0x70, 0x00, 0x7F, 0xFC, 0x79, 0x54, 0x70, 0x00, 0x70, 0x00, 0x70, 0x00, 0x75, 0x54, 0x7F,
    0xFD, 0x34, 0x07, 0x00, 0x60, 0x00, 0x7F, 0xC3, 0x80, 0xE0, 0x38, 0x0E, 0x03, 0x80, 0xE0, 0x38,
    0x0E, 0x03, 0x80, 0xE1, 0xFF, 0x02, 0xC0, 0x34, 0x09, 0x00, 0x00, 0x7F, 0xC0, 0xE0, 0x0E, 0x00,
    0xE0, 0x0E, 0x00, 0xE0, 0x0E, 0x00, 0xE0, 0x0E, 0x00, 0xE0, 0x0E, 0x07, 0xFC, 0x0E, 0x03, 0xB8,
    0xA0, 0xD0, 0x00, 0x7F, 0xC0, 0xE0, 0x0E, 0x00, 0xE0, 0x0E, 0x00, 0xE0, 0x0E, 0x00, 0xE0, 0x0E,
    0x00, 0xE0, 0x0E, 0x07, 0xFC, 0x00, 0x07, 0x1C, 0x10, 0x40, 0x00, 0x7F, 0xC0, 0xE0, 0x0E, 0x00,
    0xE0, 0x0E, 0x00, 0xE0, 0x0E, 0x00, 0xE0, 0x0E, 0x00, 0xE0, 0x0E, 0x07, 0xFC, 0x0F, 0xFE, 0x00,
    0x1E, 0x5B, 0xD0, 0x1C, 0x00, 0xB4, 0x1C, 0x00, 0x3C, 0x1C, 0x00, 0x2C, 0x6E, 0xA0, 0x1C, 0x7F,
    0xF0, 0x1C, 0x1C, 0x00, 0x2C, 0x1C, 0x00, 0x3C, 0x1C, 0x00, 0xB4, 0x1D, 0x57, 0xD0, 0x1F, 0xFE,
    0x00, 0x00, 0x00, 0x00, 0x0F, 0x9C, 0x00, 0x92, 0xE0, 0x00, 0x00, 0x00, 0x78, 0x00, 0x71, 0xF4,
    0x01, 0xC7, 0xF0, 0x07, 0x1C, 0xE0, 0x1C, 0x72, 0xC0, 0x71, 0xC3, 0xC1, 0xC7, 0x03, 0x47, 0x1C,
    0x0B, 0x1C, 0x70, 0x0F, 0x71, 0xC0, 0x1E, 0xC7, 0x00, 0x2F, 0x1C, 0x00, 0x3C, 0x01, 0xC0, 0x00,
    0x02, 0xC0, 0x00, 0x02, 0x40, 0x00, 0x00, 0x00, 0x07, 0xFF, 0x40, 0xB9, 0x5B, 0x43, 0x80, 0x0B,
    0x2C, 0x00, 0x0E, 0xE0, 0x00, 0x2F, 0x80, 0x00, 0xBE, 0x00, 0x02, 0xF8, 0x00, 0x0B, 0xB0, 0x00,
    0x39, 0xE0, 0x01, 0xC2, 0xE4, 0x2E, 0x01, 0xFF, 0xD0, 0x00, 0x00, 0x00, 0x00, 0x0A, 0x00, 0x00,
    0xB0, 0x00, 0x03, 0x00, 0x00, 0x00, 0x00, 0x07, 0xFF, 0x40, 0xB9, 0x5B, 0x43, 0x80, 0x0B, 0x2C,
    0x00, 0x0E, 0xE0, 0x00, 0x2F, 0x80, 0x00, 0xBE, 0x00, 0x02, 0xF8, 0x00, 0x0B, 0xB0, 0x00, 0x39,
    0xE0, 0x01, 0xC2, 0xE4, 0x2E, 0x01, 0xFF, 0xD0, 0x00, 0x00, 0x00, 0x00, 0x74, 0x00, 0x03, 0xB0,
    0x00, 0x34, 0x70, 0x00, 0x00, 0x00, 0x07, 0xFF, 0x40, 0xB9, 0x5B, 0x43, 0x80, 0x0B, 0x2C, 0x00,
    0x0E, 0xE0, 0x00, 0x2F, 0x80, 0x00, 0xBE, 0x00, 0x02, 0xF8, 0x00, 0x0B, 0xB0, 0x00, 0x39, 0xE0,
    0x01, 0xC2, 0xE4, 0x2E, 0x01, 0xFF, 0xD0, 0x00, 0x00, 0x00, 0x00, 0x00, 0x00, 0x0F, 0xD9, 0x00,
    0x51, 0xE0, 0x00, 0x00, 0x00, 0x07, 0xFF, 0x40, 0xB9, 0x5B, 0x43, 0x80, 0x0B, 0x2C, 0x00, 0x0E,
    0xE0, 0x00, 0x2F, 0x80, 0x00, 0xBE, 0x00, 0x02, 0xF8, 0x00, 0x0B, 0xB0, 0x00, 0x39, 0xE0, 0x01,
    0xC2, 0xE4, 0x2E, 0x01, 0xFF, 0xD0, 0x00, 0x00, 0x00, 0x00, 0x00, 0x00, 0x0A, 0x2C, 0x00, 0x10,
    0x10, 0x00, 0x00, 0x00, 0x07, 0xFF, 0x40, 0xB9, 0x5B, 0x43, 0x80, 0x0B, 0x2C, 0x00, 0x0E, 0xE0,
    0x00, 0x2F, 0x80, 0x00, 0xBE, 0x00, 0x02, 0xF8, 0x00, 0x0B, 0xB0, 0x00, 0x39, 0xE0, 0x01, 0xC2,
    0xE4, 0x2E, 0x01, 0xFF, 0xD0, 0x00, 0x00, 0x00, 0x00, 0x04, 0xB0, 0x1C, 0x2C, 0x74, 0x0B, 0xD0,
    0x07, 0xC0, 0x1D, 0xB0, 0x74, 0x2C, 0x50, 0x08, 0x00, 0x00, 0x00, 0x1F, 0xFE, 0xC2, 0xE5, 0x6E,
    0x0E, 0x00, 0xFC, 0xB0, 0x07, 0x3B, 0x80, 0x34, 0xBE, 0x03, 0x82, 0xF8, 0x2C, 0x0B, 0xE1, 0xC0,
    0x2E, 0xCD, 0x00, 0xE7, 0xE0, 0x07, 0x0B, 0x90, 0xB8, 0x3B, 0xFF, 0x40, 0x40, 0x00, 0x00, 0x02,
    0x80, 0x00, 0x0D, 0x00, 0x00, 0x30, 0x00, 0x00, 0x00, 0x70, 0x00, 0xAB, 0x00, 0x0E, 0xB0, 0x00,
    0xEB, 0x00, 0x0E, 0xB0, 0x00, 0xEB, 0x00, 0x0E, 0xB0, 0x00, 0xEB, 0x00, 0x0E, 0x70, 0x00, 0xE3,
    0x40, 0x0D, 0x2D, 0x07, 0xC0, 0xBF, 0xE0, 0x00, 0x00, 0x00, 0x00, 0x1D, 0x00, 0x03, 0x80, 0x00,
    0xA0, 0x00, 0x00, 0x00, 0x70, 0x00, 0xAB, 0x00, 0x0E, 0xB0, 0x00, 0xEB, 0x00, 0x0E, 0xB0, 0x00,
    0xEB, 0x00, 0x0E, 0xB0, 0x00, 0xEB, 0x00, 0x0E, 0x70, 0x00, 0xE3, 0x40, 0x0D, 0x2D, 0x07, 0xC0,
    0xBF, 0xE0, 0x00, 0x00, 0x00, 0x00, 0xA0, 0x00, 0x2F, 0xC0, 0x06, 0x0A, 0x00, 0x00, 0x00, 0x70,
    0x00, 0xAB, 0x00, 0x0E, 0xB0, 0x00, 0xEB, 0x00, 0x0E, 0xB0, 0x00, 0xEB, 0x00, 0x0E, 0xB0, 0x00,
    0xEB, 0x00, 0x0E, 0x70, 0x00, 0xE3, 0x40, 0x0D, 0x2D, 0x07, 0xC0, 0xBF, 0xE0, 0x00, 0x00, 0x00,
    0x00, 0x00, 0x00, 0x34, 0xD0, 0x01, 0x04, 0x00, 0x00, 0x00, 0x70, 0x00, 0xAB, 0x00, 0x0E, 0xB0,
    0x00, 0xEB, 0x00, 0x0E, 0xB0, 0x00, 0xEB, 0x00, 0x0E, 0xB0, 0x00, 0xEB, 0x00, 0x0E, 0x70, 0x00,
    0xE3, 0x40, 0x0D, 0x2D, 0x07, 0xC0, 0xBF, 0xE0, 0x00, 0x00, 0x00, 0x00, 0x28, 0x00, 0x07, 0x40,
    0x00, 0xD0, 0x00, 0x00, 0x00, 0xB0, 0x01, 0xC3, 0x40, 0x38, 0x2C, 0x07, 0x00, 0xD0, 0xE0, 0x0B,
    0x2C, 0x00, 0x3B, 0x40, 0x02, 0xF0, 0x00, 0x0E, 0x00, 0x00, 0xD0, 0x00, 0x0D, 0x00, 0x00, 0xD0,
    0x00, 0x0D, 0x00, 0x70, 0x00, 0x1C, 0x00, 0x07, 0xFE, 0x41, 0xE6, 0xF8, 0x70, 0x0B, 0x1C, 0x01,
    0xC7, 0x00, 0x71, 0xC0, 0x3C, 0x7F, 0xFC, 0x1D, 0x50, 0x07, 0x00, 0x01, 0xC0, 0x00, 0x0A, 0xA0,
    0x0F, 0x9F, 0x47, 0x00, 0xE2, 0xC0, 0x38, 0xB0, 0x3C, 0x2C, 0x38, 0x0B, 0x0E, 0x02, 0xC2, 0xE0,
    0xB0, 0x1F, 0x2C, 0x00, 0xEB, 0x00, 0x2A, 0xC4, 0x0E, 0xB2, 0xFF, 0x00, 0x00, 0x00, 0x03, 0x40,
    0x02, 0xC0, 0x00, 0xA0, 0x00, 0x00, 0x0B, 0xFC, 0x09, 0x0F, 0x00, 0x0B, 0x00, 0x5B, 0x1F, 0xEF,
    0x38, 0x07, 0x34, 0x0B, 0x38, 0x1F, 0x1F, 0xE3, 0x00, 0x00, 0x00, 0x28, 0x00, 0x74, 0x00, 0xD0,
    0x00, 0x00, 0x0B, 0xFC, 0x09, 0x0F, 0x00, 0x0B, 0x00, 0x5B, 0x1F, 0xEF, 0x38, 0x07, 0x34, 0x0B,
    0x38, 0x1F, 0x1F, 0xE3, 0x00, 0x00, 0x01, 0xE0, 0x03, 0xB4, 0x09, 0x0C, 0x00, 0x00, 0x0B, 0xFC,
    0x09, 0x0F, 0x00, 0x0B, 0x00, 0x5B, 0x1F, 0xEF, 0x38, 0x07, 0x34, 0x0B, 0x38, 0x1F, 0x1F, 0xE3,
    0x00, 0x00, 0x00, 0x00, 0x0F, 0xDA, 0x18, 0x78, 0x00, 0x00, 0x0B, 0xFC, 0x09, 0x0F, 0x00, 0x0B,
    0x00, 0x5B, 0x1F, 0xEF, 0x38, 0x07, 0x34, 0x0B, 0x38, 0x1F, 0x1F, 0xE3, 0x00, 0x00, 0x00, 0x00,
    0x0B, 0x1C, 0x01, 0x04, 0x00, 0x00, 0x0B, 0xFC, 0x09, 0x0F, 0x00, 0x0B, 0x00, 0x5B, 0x1F, 0xEF,
    0x38, 0x07, 0x34, 0x0B, 0x38, 0x1F, 0x1F, 0xE3, 0x00, 0x00, 0x01, 0x90, 0x03, 0x64, 0x03, 0x24,
    0x01, 0xE0, 0x00, 0x00, 0x0B, 0xFC, 0x09, 0x0F, 0x00, 0x0B, 0x00, 0x5B, 0x1F, 0xEF, 0x38, 0x07,
    0x34, 0x0B, 0x38, 0x1F, 0x1F, 0xE3, 0x00, 0x00, 0x00, 0x00, 0x00, 0x00, 0xBF, 0x8B, 0xF0, 0x08,
    0x1F, 0xC2, 0xC0, 0x00, 0xB0, 0x0D, 0x00, 0x5F, 0x55, 0xE1, 0xFA, 0xFF, 0xFD, 0x38, 0x0B, 0x00,
    0x03, 0x40, 0xF0, 0x00, 0x38, 0x2F, 0xC0, 0x41, 0xFE, 0x0B, 0xFC, 0x00, 0x00, 0x00, 0x00, 0x00,
    0x00, 0x07, 0xFD, 0x1E, 0x44, 0x3C, 0x00, 0x38, 0x00, 0x34, 0x00, 0x38, 0x00, 0x3C, 0x00, 0x1E,
    0x04, 0x07, 0xFC, 0x00, 0xC0, 0x00, 0xB0, 0x00, 0x34, 0x03, 0xE0, 0x03, 0x40, 0x00, 0xB0, 0x00,
    0x06, 0x00, 0x00, 0x00, 0x07, 0xFC, 0x03, 0x83, 0xC2, 0xC0, 0x34, 0xE5, 0x5E, 0x3F, 0xFF, 0x4E,
    0x00, 0x03, 0xC0, 0x00, 0x78, 0x04, 0x07, 0xFF, 0x00, 0x00, 0x00, 0x00, 0x28, 0x00, 0x1D, 0x00,
    0x0D, 0x00, 0x00, 0x00, 0x07, 0xFC, 0x03, 0x83, 0xC2, 0xC0, 0x34, 0xE5, 0x5E, 0x3F, 0xFF, 0x4E,
    0x00, 0x03, 0xC0, 0x00, 0x78, 0x04, 0x07, 0xFF, 0x00, 0x00, 0x00, 0x00, 0xE0, 0x00, 0xED, 0x00,
    0x90, 0xD0, 0x00, 0x00, 0x07, 0xFC, 0x03, 0x83, 0xC2, 0xC0, 0x34, 0xE5, 0x5E, 0x3F, 0xFF, 0x4E,
    0x00, 0x03, 0xC0, 0x00, 0x78, 0x04, 0x07, 0xFF, 0x00, 0x00, 0x00, 0x00, 0x00, 0x02, 0xC7, 0x00,
    0x10, 0x40, 0x00, 0x00, 0x07, 0xFC, 0x03, 0x83, 0xC2, 0xC0, 0x34, 0xE5, 0x5E, 0x3F, 0xFF, 0x4E,
    0x00, 0x03, 0xC0, 0x00, 0x78, 0x04, 0x07, 0xFF, 0x00, 0x00, 0x00, 0x28, 0x03, 0x40, 0x30, 0x00,
    0x0B, 0x02, 0xC0, 0xB0, 0x2C, 0x0B, 0x02, 0xC0, 0xB0, 0x2C, 0x0B, 0x00, 0x1D, 0x38, 0x60, 0x00,
    0xB0, 0xB0, 0xB0, 0xB0, 0xB0, 0xB0, 0xB0, 0xB0, 0xB0, 0x0B, 0x02, 0xEC, 0x60, 0xA0, 0x00, 0x0B,
    0x00, 0xB0, 0x0B, 0x00, 0xB0, 0x0B, 0x00, 0xB0, 0x0B, 0x00, 0xB0, 0x0B, 0x00, 0x00, 0x03, 0x4D,
    0x10, 0x40, 0x00, 0x0B, 0x00, 0xB0, 0x0B, 0x00, 0xB0, 0x0B, 0x00, 0xB0, 0x0B, 0x00, 0xB0, 0x0B,
    0x00, 0x01, 0x41, 0x00, 0x2E, 0xE0, 0x01, 0xFC, 0x00, 0x34, 0xE0, 0x00, 0x03, 0x40, 0x2F, 0xB8,
    0x1E, 0x5B, 0xC3, 0xC0, 0x2C, 0x34, 0x01, 0xC3, 0x40, 0x1C, 0x38, 0x02, 0xC1, 0xD0, 0x74, 0x07,
    0xFD, 0x00, 0x00, 0x00, 0x00, 0x00, 0x1F, 0x9C, 0x20, 0xB4, 0x00, 0x00, 0xA7, 0xF8, 0xBD, 0x1E,
    0xB0, 0x0B, 0xB0, 0x0B, 0xB0, 0x0B, 0xB0, 0x0B, 0xB0, 0x0B, 0xB0, 0x0B, 0xB0, 0x0B, 0x02, 0x80,
    0x00, 0x1D, 0x00, 0x00, 0x70, 0x00, 0x00, 0x00, 0x07, 0xFD, 0x01, 0xE0, 0xB4, 0x3C, 0x02, 0xC3,
    0x80, 0x1C, 0x34, 0x01, 0xC3, 0x80, 0x1C, 0x3C, 0x02, 0xC1, 0xE0, 0x74, 0x07, 0xFD, 0x00, 0x00,
    0x00, 0x00, 0x1D, 0x00, 0x03, 0x80, 0x00, 0xA0, 0x00, 0x00, 0x00, 0x07, 0xFD, 0x01, 0xE0, 0xB4,
    0x3C, 0x02, 0xC3, 0x80, 0x1C, 0x34, 0x01, 0xC3, 0x80, 0x1C, 0x3C, 0x02, 0xC1, 0xE0, 0x74, 0x07,
    0xFD, 0x00, 0x00, 0x00, 0x00, 0xA0, 0x00, 0x2F, 0x80, 0x06, 0x0A, 0x00, 0x00, 0x00, 0x07, 0xFD,
    0x01, 0xE0, 0xB4, 0x3C, 0x02, 0xC3, 0x80, 0x1C, 0x34, 0x01, 0xC3, 0x80, 0x1C, 0x3C, 0x02, 0xC1,
    0xE0, 0x74, 0x07, 0xFD, 0x00, 0x00, 0x00, 0x00, 0x00, 0x00, 0xBE, 0x70, 0x0C, 0x2D, 0x00, 0x00,
    0x00, 0x07, 0xFD, 0x01, 0xE0, 0xB4, 0x3C, 0x02, 0xC3, 0x80, 0x1C, 0x34, 0x01, 0xC3, 0x80, 0x1C,
    0x3C, 0x02, 0xC1, 0xE0, 0x74, 0x07, 0xFD, 0x00, 0x00, 0x00, 0x00, 0x00, 0x00, 0x30, 0xD0, 0x01,
    0x04, 0x00, 0x00, 0x00, 0x07, 0xFD, 0x01, 0xE0, 0xB4, 0x3C, 0x02, 0xC3, 0x80, 0x1C, 0x34, 0x01,
    0xC3, 0x80, 0x1C, 0x3C, 0x02, 0xC1, 0xE0, 0x74, 0x07, 0xFD, 0x00, 0x00, 0x00, 0x00, 0x90, 0x00,
    0x38, 0x00, 0x00, 0x00, 0x55, 0x55, 0x2A, 0xAA, 0x40, 0x00, 0x00, 0x0E, 0x00, 0x03, 0x40, 0x00,
    0x00, 0x00, 0x7F, 0xF8, 0x1E, 0x0F, 0x43, 0xC0, 0xFC, 0x38, 0x39, 0xC3, 0x4B, 0x1C, 0x39, 0xC1,
    0xC3, 0xF4, 0x2C, 0x1F, 0x07, 0x41, 0xFF, 0xD0, 0x00, 0x00, 0x00, 0x0A, 0x00, 0x03, 0x40, 0x00,
    0xC0, 0x00, 0x00, 0xA0, 0x0B, 0xB0, 0x0B, 0xB0, 0x0B, 0xB0, 0x0B, 0xB0, 0x0B, 0xB0, 0x0B, 0xB0,
    0x0F, 0x74, 0x2F, 0x2F, 0xE7, 0x00, 0x00, 0x00, 0x74, 0x00, 0xE0, 0x01, 0x80, 0x00, 0x00, 0xA0,
    0x0B, 0xB0, 0x0B, 0xB0, 0x0B, 0xB0, 0x0B, 0xB0, 0x0B, 0xB0, 0x0B, 0xB0, 0x0F, 0x74, 0x2F, 0x2F,
    0xE7, 0x00, 0x00, 0x02, 0xC0, 0x0B, 0xB0, 0x18, 0x28, 0x00, 0x00, 0xA0, 0x0B, 0xB0, 0x0B, 0xB0,
    0x0B, 0xB0, 0x0B, 0xB0, 0x0B, 0xB0, 0x0B, 0xB0, 0x0F, 0x74, 0x2F, 0x2F, 0xE7, 0x00, 0x00, 0x00,
    0x00, 0x0D, 0x34, 0x04, 0x10, 0x00, 0x00, 0xA0, 0x0B, 0xB0, 0x0B, 0xB0, 0x0B, 0xB0, 0x0B, 0xB0,
    0x0B, 0xB0, 0x0B, 0xB0, 0x0F, 0x74, 0x2F, 0x2F, 0xE7, 0x00, 0x00, 0x00, 0x34, 0x00, 0x3C, 0x00,
    0x18, 0x00, 0x00, 0x00, 0xA0, 0x03, 0x5C, 0x02, 0xC3, 0x80, 0xE0, 0xB0, 0x70, 0x0D, 0x2C, 0x03,
    0x8D, 0x00, 0x77, 0x00, 0x0F, 0x80, 0x02, 0xD0, 0x00, 0xB0, 0x00, 0x38, 0x00, 0x6C, 0x00, 0xFC,
    0x00, 0x00, 0x60, 0x00, 0x2C, 0x00, 0x0B, 0x00, 0x02, 0xC0, 0x00, 0xB7, 0xF8, 0x2F, 0x47, 0x8B,
    0x00, 0xB2, 0xC0, 0x1D, 0xB0, 0x03, 0x6C, 0x01, 0xDB, 0x00, 0xB2, 0xF0, 0x78, 0xB7, 0xF8, 0x2C,
    0x00, 0x0B, 0x00, 0x02, 0xC0, 0x00, 0xB0, 0x00, 0x00, 0x00, 0x00, 0x03, 0x4E, 0x00, 0x41, 0x00,
    0x00, 0x00, 0xA0, 0x03, 0x5C, 0x02, 0xC3, 0x80, 0xE0, 0xB0, 0x70, 0x0D, 0x2C, 0x03, 0x8D, 0x00,
    0x77, 0x00, 0x0F, 0x80, 0x02, 0xD0, 0x00, 0xB0, 0x00, 0x38, 0x00, 0x6C, 0x00, 0xFC, 0x00, 0x00,
    0x01, 0x54, 0x00, 0x0F, 0xF8, 0x00, 0x00, 0x00, 0x00, 0x2C, 0x00, 0x00, 0xF8, 0x00, 0x07, 0x70,
    0x00, 0x28, 0xD0, 0x00, 0xD2, 0x80, 0x07, 0x07, 0x00, 0x38, 0x0E, 0x01, 0xFF, 0xFC, 0x0B, 0x55,
    0x74, 0x34, 0x00, 0xE1, 0xC0, 0x01, 0xCE, 0x00, 0x03, 0x40, 0x01, 0x54, 0x0B, 0xFC, 0x00, 0x00,
    0x0B, 0xFC, 0x09, 0x0F, 0x00, 0x0B, 0x00, 0x5B, 0x1F, 0xEF, 0x38, 0x07, 0x34, 0x0B, 0x38, 0x1F,
    0x1F, 0xE3, 0x00, 0x00, 0x00, 0x01, 0x00, 0x0D, 0x68, 0x00, 0x1F, 0x80, 0x00, 0x00, 0x00, 0x00,
    0xB0, 0x00, 0x03, 0xE0, 0x00, 0x1D, 0xC0, 0x00, 0xA3, 0x40, 0x03, 0x4A, 0x00, 0x1C, 0x1C, 0x00,
    0xE0, 0x38, 0x07, 0xFF, 0xF0, 0x2D, 0x55, 0xD0, 0xD0, 0x03, 0x87, 0x00, 0x07, 0x38, 0x00, 0x0D,
    0x04, 0x00, 0x0A, 0x5C, 0x02, 0xF4, 0x00, 0x00, 0x0B, 0xFC, 0x09, 0x0F, 0x00, 0x0B, 0x00, 0x5B,
    0x1F, 0xEF, 0x38, 0x07, 0x34, 0x0B, 0x38, 0x1F, 0x1F, 0xE3, 0x00, 0x00, 0x00, 0xB0, 0x00, 0x03,
    0xE0, 0x00, 0x1D, 0xC0, 0x00, 0xA3, 0x40, 0x03, 0x4A, 0x00, 0x1C, 0x1C, 0x00, 0xE0, 0x38, 0x07,
    0xFF, 0xF0, 0x2D, 0x55, 0xD0, 0xD0, 0x03, 0x87, 0x00, 0x07, 0x38, 0x00, 0x0D, 0x00, 0x00, 0x60,
    0x00, 0x03, 0x00, 0x00, 0x0D, 0x00, 0x00, 0x19, 0x00, 0x00, 0x02, 0xFF, 0x00, 0x90, 0xF0, 0x00,
    0x2C, 0x00, 0x5B, 0x07, 0xFB, 0xC3, 0x80, 0x70, 0xD0, 0x2C, 0x38, 0x1F, 0x07, 0xF8, 0xC0, 0x00,
    0xA0, 0x00, 0x30, 0x00, 0x1D, 0x00, 0x01, 0x80, 0x00, 0x0D, 0x00, 0x02, 0xC0, 0x00, 0x60, 0x00,
    0x00, 0x00, 0x02, 0xFF, 0x81, 0xF5, 0x68, 0x38, 0x00, 0x0B, 0x00, 0x00, 0xF0, 0x00, 0x0E, 0x00,
    0x00, 0xE0, 0x00, 0x0E, 0x00, 0x00, 0xB0, 0x00, 0x07, 0x80, 0x00, 0x2E, 0x41, 0x40, 0x7F, 0xF4,
    0x00, 0x00, 0x00, 0x00, 0x28, 0x00, 0x74, 0x00, 0xD0, 0x00, 0x00, 0x07, 0xFD, 0x1E, 0x44, 0x3C,
    0x00, 0x38, 0x00, 0x34, 0x00, 0x38, 0x00, 0x3C, 0x00, 0x1E, 0x04, 0x07, 0xFC, 0x00, 0x00, 0x00,
    0xB0, 0x00, 0x1E, 0xC0, 0x03, 0x06, 0x00, 0x00, 0x00, 0x02, 0xFF, 0x81, 0xF5, 0x68, 0x38, 0x00,
    0x0B, 0x00, 0x00, 0xF0, 0x00, 0x0E, 0x00, 0x00, 0xE0, 0x00, 0x0E, 0x00, 0x00, 0xB0, 0x00, 0x07,
    0x80, 0x00, 0x2E, 0x41, 0x40, 0x7F, 0xF4, 0x00, 0x00, 0x00, 0x00, 0xE0, 0x03, 0xB4, 0x09, 0x0D,
    0x00, 0x00, 0x07, 0xFD, 0x1E, 0x44, 0x3C, 0x00, 0x38, 0x00, 0x34, 0x00, 0x38, 0x00, 0x3C, 0x00,
    0x1E, 0x04, 0x07, 0xFC, 0x00, 0x00, 0x00, 0x00, 0x00, 0x07, 0x00, 0x00, 0x20, 0x00, 0x00, 0x00,
    0x02, 0xFF, 0x81, 0xF5, 0x68, 0x38, 0x00, 0x0B, 0x00, 0x00, 0xF0, 0x00, 0x0E, 0x00, 0x00, 0xE0,
    0x00, 0x0E, 0x00, 0x00, 0xB0, 0x00, 0x07, 0x80, 0x00, 0x2E, 0x41, 0x40, 0x7F, 0xF4, 0x00, 0x00,
    0x00, 0x00, 0x00, 0x00, 0xE0, 0x00, 0x40, 0x00, 0x00, 0x07, 0xFD, 0x1E, 0x44, 0x3C, 0x00, 0x38,
    0x00, 0x34, 0x00, 0x38, 0x00, 0x3C, 0x00, 0x1E, 0x04, 0x07, 0xFC, 0x00, 0x00, 0x02, 0x06, 0x00,
    0x2E, 0xC0, 0x00, 0xB4, 0x00, 0x00, 0x00, 0x02, 0xFF, 0x81, 0xF5, 0x68, 0x38, 0x00, 0x0B, 0x00,
    0x00, 0xF0, 0x00, 0x0E, 0x00, 0x00, 0xE0, 0x00, 0x0E, 0x00, 0x00, 0xB0, 0x00, 0x07, 0x80, 0x00,
    0x2E, 0x41, 0x40, 0x7F, 0xF4, 0x00, 0x00, 0x00, 0x09, 0x09, 0x03, 0xB8, 0x01, 0xE0, 0x00, 0x00,
    0x07, 0xFD, 0x1E, 0x44, 0x3C, 0x00, 0x38, 0x00, 0x34, 0x00, 0x38, 0x00, 0x3C, 0x00, 0x1E, 0x04,
    0x07, 0xFC, 0x00, 0x00, 0x06, 0x09, 0x00, 0x0E, 0xB0, 0x00, 0x0F, 0x00, 0x00, 0x00, 0x00, 0x7F,
    0xF8, 0x01, 0xD5, 0xBD, 0x07, 0x00, 0x2D, 0x1C, 0x00, 0x3C, 0x70, 0x00, 0xB1, 0xC0, 0x01, 0xC7,
    0x00, 0x07, 0x1C, 0x00, 0x2C, 0x70, 0x00, 0xF1, 0xC0, 0x0B, 0x47, 0x55, 0xF4, 0x1F, 0xFE, 0x00,
    0x00, 0x01, 0x89, 0x00, 0x02, 0xCC, 0x00, 0x02, 0xD8, 0x00, 0x02, 0xC0, 0x07, 0xFA, 0xC0, 0x1E,
    0x0B, 0xC0, 0x3C, 0x03, 0xC0, 0x38, 0x02, 0xC0, 0x34, 0x02, 0xC0, 0x38, 0x02, 0xC0, 0x3C, 0x03,
    0xC0, 0x1D, 0x0B, 0xC0, 0x0B, 0xF9, 0xC0, 0x00, 0x00, 0x00, 0x0F, 0xFE, 0x00, 0x1E, 0x5B, 0xD0,
    0x1C, 0x00, 0xB4, 0x1C, 0x00, 0x3C, 0x1C, 0x00, 0x2C, 0x6E, 0xA0, 0x1C, 0x7F, 0xF0, 0x1C, 0x1C,
    0x00, 0x2C, 0x1C, 0x00, 0x3C, 0x1C, 0x00, 0xB4, 0x1D, 0x57, 0xD0, 0x1F, 0xFE, 0x00, 0x00, 0x01,
    0x80, 0x00, 0x0B, 0x00, 0x0F, 0xFF, 0x00, 0x00, 0xB0, 0x07, 0xFA, 0xC0, 0x78, 0x6F, 0x03, 0xC0,
    0x3C, 0x0E, 0x00, 0xB0, 0x34, 0x02, 0xC0, 0xE0, 0x0B, 0x03, 0xC0, 0x3C, 0x07, 0x42, 0xF0, 0x0B,
    0xF9, 0xC0, 0x00, 0x00, 0x00, 0x05, 0x50, 0x1F, 0xF8, 0x00, 0x00, 0x7F, 0xFC, 0x75, 0x54, 0x70,
    0x00, 0x70, 0x00, 0x70, 0x00, 0x7F, 0xFC, 0x79, 0x54, 0x70, 0x00, 0x70, 0x00, 0x70, 0x00, 0x75,
    0x54, 0x7F, 0xFD, 0x01, 0x54, 0x02, 0xFF, 0x00, 0x00, 0x00, 0x1F, 0xF0, 0x0E, 0x0F, 0x0B, 0x00,
    0xD3, 0x95, 0x78, 0xFF, 0xFD, 0x38, 0x00, 0x0F, 0x00, 0x01, 0xE0, 0x10, 0x1F, 0xFC, 0x00, 0x00,
    0x00, 0x00, 0x00, 0x1D, 0x74, 0x07, 0xE0, 0x00, 0x00, 0x7F, 0xFC, 0x75, 0x54, 0x70, 0x00, 0x70,
    0x00, 0x70, 0x00, 0x7F, 0xFC, 0x79, 0x54, 0x70, 0x00, 0x70, 0x00, 0x70, 0x00, 0x75, 0x54, 0x7F,
    0xFD, 0x04, 0x00, 0x02, 0x97, 0x00, 0x2F, 0x40, 0x00, 0x00, 0x07, 0xFC, 0x03, 0x83, 0xC2, 0xC0,
    0x34, 0xE5, 0x5E, 0x3F, 0xFF, 0x4E, 0x00, 0x03, 0xC0, 0x00, 0x78, 0x04, 0x07, 0xFF, 0x00, 0x00,
    0x00, 0x00, 0x00, 0x02, 0xC0, 0x01, 0x40, 0x00, 0x00, 0x7F, 0xFC, 0x75, 0x54, 0x70, 0x00, 0x70,
    0x00, 0x70, 0x00, 0x7F, 0xFC, 0x79, 0x54, 0x70, 0x00, 0x70, 0x00, 0x70, 0x00, 0x75, 0x54, 0x7F,
    0xFD, 0x00, 0x00, 0x00, 0x38, 0x00, 0x04, 0x00, 0x00, 0x00, 0x07, 0xFC, 0x03, 0x83, 0xC2, 0xC0,
    0x34, 0xE5, 0x5E, 0x3F, 0xFF, 0x4E, 0x00, 0x03, 0xC0, 0x00, 0x78, 0x04, 0x07, 0xFF, 0x00, 0x00,
    0x00, 0x7F, 0xFC, 0x75, 0x54, 0x70, 0x00, 0x70, 0x00, 0x70, 0x00, 0x7F, 0xFC, 0x79, 0x54, 0x70,
    0x00, 0x70, 0x00, 0x70, 0x00, 0x75, 0x54, 0x7F, 0xFD, 0x00, 0x34, 0x00, 0x60, 0x00, 0xB4, 0x00,
    0x28, 0x00, 0x00, 0x01, 0xFF, 0x00, 0xE0, 0xF0, 0xB0, 0x0D, 0x39, 0x57, 0x8F, 0xFF, 0xD3, 0x80,
    0x00, 0xF0, 0x00, 0x1E, 0x01, 0x01, 0xFF, 0xC0, 0x01, 0xC0, 0x00, 0xA0, 0x00, 0x2D, 0x00, 0x02,
    0x80, 0x18, 0x18, 0x0A, 0xB0, 0x03, 0xC0, 0x00, 0x00, 0x7F, 0xFC, 0x75, 0x54, 0x70, 0x00, 0x70,
    0x00, 0x70, 0x00, 0x7F, 0xFC, 0x79, 0x54, 0x70, 0x00, 0x70, 0x00, 0x70, 0x00, 0x75, 0x54, 0x7F,
    0xFD, 0x09, 0x09, 0x00, 0xEE, 0x00, 0x1E, 0x00, 0x00, 0x00, 0x07, 0xFC, 0x03, 0x83, 0xC2, 0xC0,
    0x34, 0xE5, 0x5E, 0x3F, 0xFF, 0x4E, 0x00, 0x03, 0xC0, 0x00, 0x78, 0x04, 0x07, 0xFF, 0x00, 0x00,
    0x00, 0x00, 0x38, 0x00, 0x0E, 0xD0, 0x02, 0x43, 0x40, 0x00, 0x00, 0x02, 0xFF, 0xD1, 0xF5, 0x59,
    0x3C, 0x00, 0x0B, 0x00, 0x00, 0xF0, 0x00, 0x0E, 0x00, 0x55, 0xE0, 0x0F, 0xFE, 0x00, 0x0B, 0xB0,
    0x00, 0xB3, 0x80, 0x0B, 0x2F, 0x40, 0xB0, 0x7F, 0xFE, 0x00, 0x00, 0x00, 0x00, 0xA0, 0x00, 0xFE,
    0x00, 0xA0, 0x90, 0x00, 0x00, 0x07, 0xF9, 0xC7, 0x82, 0xF3, 0xC0, 0x3C, 0xE0, 0x0B, 0x34, 0x02,
    0xCE, 0x00, 0xB3, 0xC0, 0x3C, 0x74, 0x2F, 0x0B, 0xFA, 0xC0, 0x00, 0xB0, 0x00, 0x38, 0x64, 0x6D,
    0x0B, 0xFD, 0x00, 0x01, 0x00, 0x00, 0x29, 0x70, 0x00, 0xBD, 0x00, 0x00, 0x00, 0x02, 0xFF, 0xD1,
    0xF5, 0x59, 0x3C, 0x00, 0x0B, 0x00, 0x00, 0xF0, 0x00, 0x0E, 0x00, 0x55, 0xE0, 0x0F, 0xFE, 0x00,
    0x0B, 0xB0, 0x00, 0xB3, 0x80, 0x0B, 0x2F, 0x40, 0xB0, 0x7F, 0xFE, 0x00, 0x00, 0x00, 0x00, 0x00,
    0x01, 0x97, 0x40, 0x2F, 0x40, 0x00, 0x00, 0x07, 0xF9, 0xC7, 0x82, 0xF3, 0xC0, 0x3C, 0xE0, 0x0B,
    0x34, 0x02, 0xCE, 0x00, 0xB3, 0xC0, 0x3C, 0x74, 0x2F, 0x0B, 0xFA, 0xC0, 0x00, 0xB0, 0x00, 0x38,
    0x64, 0x6D, 0x0B, 0xFD, 0x00, 0x00, 0x00, 0x00, 0x03, 0x80, 0x00, 0x10, 0x00, 0x00, 0x00, 0x02,
    0xFF, 0xD1, 0xF5, 0x59, 0x3C, 0x00, 0x0B, 0x00, 0x00, 0xF0, 0x00, 0x0E, 0x00, 0x55, 0xE0, 0x0F,
    0xFE, 0x00, 0x0B, 0xB0, 0x00, 0xB3, 0x80, 0x0B, 0x2F, 0x40, 0xB0, 0x7F, 0xFE, 0x00, 0x00, 0x00,
    0x00, 0x00, 0x00, 0x3C, 0x00, 0x05, 0x00, 0x00, 0x00, 0x07, 0xF9, 0xC7, 0x82, 0xF3, 0xC0, 0x3C,
    0xE0, 0x0B, 0x34, 0x02, 0xCE, 0x00, 0xB3, 0xC0, 0x3C, 0x74, 0x2F, 0x0B, 0xFA, 0xC0, 0x00, 0xB0,
    0x00, 0x38, 0x64, 0x6D, 0x0B, 0xFD, 0x00, 0x00, 0x00, 0x00, 0x2F, 0xFD, 0x1F, 0x55, 0x93, 0xC0,
    0x00, 0xB0, 0x00, 0x0F, 0x00, 0x00, 0xE0, 0x05, 0x5E, 0x00, 0xFF, 0xE0, 0x00, 0xBB, 0x00, 0x0B,
    0x38, 0x00, 0xB2, 0xF4, 0x0B, 0x07, 0xFF, 0xE0, 0x00, 0x00, 0x00, 0x38, 0x00, 0x03, 0x00, 0x00,
    0x10, 0x00, 0x00, 0x20, 0x00, 0x28, 0x00, 0x0D, 0x00, 0x00, 0x00, 0x07, 0xF9, 0xC7, 0x82, 0xF3,
    0xC0, 0x3C, 0xE0, 0x0B, 0x34, 0x02, 0xCE, 0x00, 0xB3, 0xC0, 0x3C, 0x74, 0x2F, 0x0B, 0xFA, 0xC0,
    0x00, 0xB0, 0x00, 0x38, 0x64, 0x6D, 0x0B, 0xFD, 0x00, 0x00, 0xB0, 0x00, 0x2E, 0xC0, 0x07, 0x0A,
    0x00, 0x00, 0x00, 0x70, 0x00, 0xA7, 0x00, 0x0E, 0x70, 0x00, 0xE7, 0x00, 0x0E, 0x70, 0x00, 0xE7,
    0xFF, 0xFE, 0x79, 0x55, 0xE7, 0x00, 0x0E, 0x70, 0x00, 0xE7, 0x00, 0x0E, 0x70, 0x00, 0xE7, 0x00,
    0x0E, 0x0B, 0x00, 0x02, 0xEC, 0x00, 0x60, 0xA0, 0x00, 0x00, 0x00, 0x06, 0x00, 0x00, 0xB0, 0x00,
    0x0B, 0x00, 0x00, 0xB0, 0x00, 0x0B, 0x7F, 0x80, 0xBD, 0x1E, 0x0B, 0x00, 0xB0, 0xB0, 0x0B, 0x0B,
    0x00, 0xB0, 0xB0, 0x0B, 0x0B, 0x00, 0xB0, 0xB0, 0x0B, 0x0B, 0x00, 0xB0, 0x1C, 0x00, 0x28, 0x07,
    0x00, 0x0E, 0x0F, 0xFF, 0xFF, 0xF5, 0xB5, 0x55, 0xF4, 0x1C, 0x00, 0x38, 0x07, 0xFF, 0xFE, 0x01,
    0xE5, 0x57, 0x80, 0x70, 0x00, 0xE0, 0x1C, 0x00, 0x38, 0x07, 0x00, 0x0E, 0x01, 0xC0, 0x03, 0x80,
    0x70, 0x00, 0xE0, 0x18, 0x00, 0x0B, 0x00, 0x0F, 0xFF, 0x40, 0xB0, 0x00, 0x2C, 0xB9, 0x0B, 0xE6,
    0xD2, 0xD0, 0x2C, 0xB0, 0x0B, 0x2C, 0x02, 0xCB, 0x00, 0xB2, 0xC0, 0x2C, 0xB0, 0x0B, 0x2C, 0x02,
    0xC0, 0x00, 0x00, 0xBD, 0x62, 0x1B, 0x00, 0x00, 0x1F, 0xF0, 0x0E, 0x00, 0x38, 0x00, 0xE0, 0x03,
    0x80, 0x0E, 0x00, 0x38, 0x00, 0xE0, 0x03, 0x80, 0x0E, 0x00, 0x38, 0x07, 0xFC, 0x00, 0x01, 0xF9,
    0xC8, 0x2D, 0x00, 0x00, 0x0B, 0x00, 0x2C, 0x00, 0xB0, 0x02, 0xC0, 0x0B, 0x00, 0x2C, 0x00, 0xB0,
    0x02, 0xC0, 0x0B, 0x00, 0x15, 0x4B, 0xFD, 0x00, 0x07, 0xFC, 0x0E, 0x00, 0xE0, 0x0E, 0x00, 0xE0,
    0x0E, 0x00, 0xE0, 0x0E, 0x00, 0xE0, 0x0E, 0x00, 0xE0, 0x7F, 0xC0, 0x15, 0x47, 0xFE, 0x00, 0x00,
    0xB0, 0x0B, 0x00, 0xB0, 0x0B, 0x00, 0xB0, 0x0B, 0x00, 0xB0, 0x0B, 0x00, 0xB0, 0x40, 0x0A, 0x5C,
    0x2F, 0x40, 0x00, 0x7F, 0xC0, 0xE0, 0x0E, 0x00, 0xE0, 0x0E, 0x00, 0xE0, 0x0E, 0x00, 0xE0, 0x0E,
    0x00, 0xE0, 0x0E, 0x07, 0xFC, 0x00, 0x13, 0x5A, 0x1F, 0x80, 0x00, 0x0B, 0x00, 0xB0, 0x0B, 0x00,
    0xB0, 0x0B, 0x00, 0xB0, 0x0B, 0x00, 0xB0, 0x0B, 0x00, 0x7F, 0xC3, 0x80, 0xE0, 0x38, 0x0E, 0x03,
    0x80, 0xE0, 0x38, 0x0E, 0x03, 0x80, 0xE1, 0xFF, 0x03, 0x02, 0x40, 0xA4, 0x0A, 0x00, 0x2C, 0x14,
    0x00, 0x2C, 0x2C, 0x2C, 0x2C, 0x2C, 0x2C, 0x2C, 0x2C, 0x2C, 0x34, 0x60, 0x74, 0x28, 0x00, 0x03,
    0x80, 0x50, 0x00, 0x7F, 0xC3, 0x80, 0xE0, 0x38, 0x0E, 0x03, 0x80, 0xE0, 0x38, 0x0E, 0x03, 0x80,
    0xE1, 0xFF, 0xBB, 0xBB, 0xBB, 0xBB, 0xB0, 0x7F, 0xC2, 0x83, 0x80, 0xE0, 0xE0, 0x38, 0x38, 0x0E,
    0x0E, 0x03, 0x83, 0x80, 0xE0, 0xE0, 0x38, 0x38, 0x0E, 0x0E, 0x03, 0x83, 0x80, 0xE0, 0xE0, 0x39,
    0xFF, 0x0E, 0x00, 0x03, 0x80, 0x01, 0xD0, 0x0B, 0xE0, 0x00, 0x00, 0x00, 0x02, 0xC1, 0xD5, 0x02,
    0x00, 0x00, 0xB0, 0x72, 0xC1, 0xCB, 0x07, 0x2C, 0x1C, 0xB0, 0x72, 0xC1, 0xCB, 0x07, 0x2C, 0x1C,
    0xB0, 0x70, 0x01, 0xC0, 0x07, 0x00, 0x2C, 0x0B, 0xD0, 0x02, 0xC0, 0x07, 0xB0, 0x0C, 0x18, 0x00,
    0x00, 0x01, 0xC0, 0x01, 0xC0, 0x01, 0xC0, 0x01, 0xC0, 0x01, 0xC0, 0x01, 0xC0, 0x01, 0xC0, 0x01,
    0xC0, 0x01, 0xC0, 0x01, 0xC0, 0x01, 0xC0, 0x01, 0xC0, 0x02, 0xC0, 0x07, 0x80, 0x7F, 0x00, 0x00,
    0x00, 0x0B, 0x02, 0xEC, 0x60, 0xA0, 0x00, 0x0B, 0x00, 0xB0, 0x0B, 0x00, 0xB0, 0x0B, 0x00, 0xB0,
    0x0B, 0x00, 0xB0, 0x0B, 0x00, 0xB0, 0x0B, 0x05, 0xE0, 0xFC, 0x00, 0x70, 0x03, 0x87, 0x00, 0xF0,
    0x70, 0x2C, 0x07, 0x0B, 0x00, 0x72, 0xC0, 0x07, 0xB8, 0x00, 0x7E, 0xD0, 0x07, 0x0F, 0x00, 0x70,
    0x3C, 0x07, 0x01, 0xD0, 0x70, 0x0B, 0x07, 0x00, 0x3C, 0x00, 0x00, 0x00, 0x0D, 0x00, 0x00, 0xC0,
    0x00, 0x14, 0x00, 0x60, 0x00, 0xB0, 0x00, 0xB0, 0x00, 0xB0, 0x00, 0xB0, 0x2C, 0xB0, 0xB0, 0xB2,
    0xC0, 0xB7, 0x40, 0xBF, 0x40, 0xB2, 0xC0, 0xB0, 0xF0, 0xB0, 0x38, 0xB0, 0x1D, 0x00, 0x00, 0x03,
    0x40, 0x07, 0x00, 0x05, 0x00, 0xB0, 0x2C, 0xB0, 0xB4, 0xB1, 0xD0, 0xB3, 0x80, 0xBF, 0x40, 0xB6,
    0xC0, 0xB0, 0xF0, 0xB0, 0x38, 0xB0, 0x1D, 0x0D, 0x00, 0x2C, 0x00, 0x60, 0x00, 0x00, 0x00, 0x70,
    0x00, 0x70, 0x00, 0x70, 0x00, 0x70, 0x00, 0x70, 0x00, 0x70, 0x00, 0x70, 0x00, 0x70, 0x00, 0x70,
    0x00, 0x70, 0x00, 0x75, 0x54, 0x7F, 0xFD, 0x1D, 0x38, 0x60, 0x00, 0x60, 0xB0, 0xB0, 0xB0, 0xB0,
    0xB0, 0xB0, 0xB0, 0xB0, 0xB0, 0xB0, 0xB0, 0xB0, 0x70, 0x00, 0x70, 0x00, 0x70, 0x00, 0x70, 0x00,
    0x70, 0x00, 0x70, 0x00, 0x70, 0x00, 0x70, 0x00, 0x70, 0x00, 0x70, 0x00, 0x75, 0x54, 0x7F, 0xFD,
    0x00, 0x00, 0x01, 0xC0, 0x02, 0x40, 0x02, 0x00, 0x62, 0xCB, 0x2C, 0xB2, 0xCB, 0x2C, 0xB2, 0xCB,
    0x2C, 0xB0, 0x07, 0x28, 0x80, 0x70, 0x0C, 0x70, 0x1C, 0x70, 0x14, 0x70, 0x00, 0x70, 0x00, 0x70,
    0x00, 0x70, 0x00, 0x70, 0x00, 0x70, 0x00, 0x70, 0x00, 0x75, 0x54, 0x7F, 0xFD, 0x62, 0x6C, 0xCB,
    0x62, 0xC0, 0xB0, 0x2C, 0x0B, 0x02, 0xC0, 0xB0, 0x2C, 0x0B, 0x02, 0xC0, 0xB0, 0x00, 0x70, 0x00,
    0x70, 0x00, 0x70, 0x00, 0x70, 0x00, 0x70, 0x00, 0x70, 0x70, 0x70, 0x20, 0x70, 0x00, 0x70, 0x00,
    0x70, 0x00, 0x75, 0x54, 0x7F, 0xFD, 0x60, 0x2C, 0x0B, 0x02, 0xC0, 0xB0, 0x2C, 0x0B, 0x72, 0xC8,
    0xB0, 0x2C, 0x0B, 0x02, 0xC0, 0xB0, 0x00, 0x1C, 0x00, 0x07, 0x00, 0x01, 0xC0, 0x00, 0x70, 0x00,
    0x1C, 0x10, 0x07, 0xB8, 0x02, 0xF0, 0x02, 0xF0, 0x00, 0x1C, 0x00, 0x07, 0x00, 0x01, 0xD5, 0x50,
    0x7F, 0xFD, 0x06, 0x00, 0xB0, 0x0B, 0x00, 0xB0, 0x0B, 0x00, 0xB8, 0x0B, 0xC2, 0xF0, 0x2F, 0x00,
    0xB0, 0x0B, 0x00, 0xB0, 0x0B, 0x00, 0x00, 0x0D, 0x00, 0x00, 0xB0, 0x00, 0x06, 0x00, 0x00, 0x00,
    0x00, 0x78, 0x00, 0x71, 0xF4, 0x01, 0xC7, 0xF0, 0x07, 0x1C, 0xE0, 0x1C, 0x72, 0xC0, 0x71, 0xC3,
    0xC1, 0xC7, 0x03, 0x47, 0x1C, 0x0B, 0x1C, 0x70, 0x0F, 0x71, 0xC0, 0x1E, 0xC7, 0x00, 0x2F, 0x1C,
    0x00, 0x3C, 0x00, 0x74, 0x00, 0xE0, 0x01, 0x80, 0x00, 0x00, 0xA7, 0xF8, 0xBD, 0x1E, 0xB0, 0x0B,
    0xB0, 0x0B, 0xB0, 0x0B, 0xB0, 0x0B, 0xB0, 0x0B, 0xB0, 0x0B, 0xB0, 0x0B, 0x78, 0x00, 0x71, 0xF4,
    0x01, 0xC7, 0xF0, 0x07, 0x1C, 0xE0, 0x1C, 0x72, 0xC0, 0x71, 0xC3, 0xC1, 0xC7, 0x03, 0x47, 0x1C,
    0x0B, 0x1C, 0x70, 0x0F, 0x71, 0xC0, 0x1E, 0xC7, 0x00, 0x2F, 0x1C, 0x00, 0x3C, 0x00, 0x00, 0x00,
    0x00, 0xD0, 0x00, 0x07, 0x00, 0x00, 0x10, 0x00, 0x00, 0x00, 0xA7, 0xF8, 0xBD, 0x1E, 0xB0, 0x0B,
    0xB0, 0x0B, 0xB0, 0x0B, 0xB0, 0x0B, 0xB0, 0x0B, 0xB0, 0x0B, 0xB0, 0x0B, 0x00, 0x00, 0x01, 0xC0,
    0x02, 0x80, 0x02, 0x00, 0x02, 0x06, 0x00, 0x0B, 0xB0, 0x00, 0x0B, 0x40, 0x00, 0x00, 0x00, 0x78,
    0x00, 0x71, 0xF4, 0x01, 0xC7, 0xF0, 0x07, 0x1C, 0xE0, 0x1C, 0x72, 0xC0, 0x71, 0xC3, 0xC1, 0xC7,
    0x03, 0x47, 0x1C, 0x0B, 0x1C, 0x70, 0x0F, 0x71, 0xC0, 0x1E, 0xC7, 0x00, 0x2F, 0x1C, 0x00, 0x3C,
    0x18, 0x18, 0x0B, 0xB0, 0x03, 0xC0, 0x00, 0x00, 0xA7, 0xF8, 0xBD, 0x1E, 0xB0, 0x0B, 0xB0, 0x0B,
    0xB0, 0x0B, 0xB0, 0x0B, 0xB0, 0x0B, 0xB0, 0x0B, 0xB0, 0x0B, 0x34, 0x00, 0x01, 0xC0, 0x00, 0x0B,
    0x00, 0x00, 0x35, 0xCF, 0xF0, 0x07, 0xD1, 0xF0, 0x1D, 0x01, 0xC0, 0x70, 0x07, 0x01, 0xC0, 0x1C,
    0x07, 0x00, 0x70, 0x1C, 0x01, 0xC0, 0x70, 0x07, 0x01, 0xC0, 0x1C, 0x78, 0x00, 0x71, 0xF4, 0x01,
    0xC7, 0xF0, 0x07, 0x1C, 0xE0, 0x1C, 0x71, 0xD0, 0x71, 0xC3, 0xC1, 0xC7, 0x03, 0x87, 0x1C, 0x07,
    0x5C, 0x70, 0x0B, 0x71, 0xC0, 0x0F, 0xC7, 0x00, 0x1F, 0x1C, 0x00, 0x2C, 0x00, 0x00, 0x70, 0x00,
    0x07, 0xC0, 0x01, 0xFC, 0x00, 0x00, 0x00, 0x00, 0x00, 0xA7, 0xFC, 0xBD, 0x1E, 0xB0, 0x0B, 0xB0,
    0x0B, 0xB0, 0x0B, 0xB0, 0x0B, 0xB0, 0x0B, 0xB0, 0x0B, 0xB0, 0x0B, 0x00, 0x0B, 0x00, 0x0B, 0x00,
    0x1F, 0x00, 0xBC, 0x01, 0x55, 0x00, 0x0F, 0xFC, 0x00, 0x00, 0x00, 0x01, 0xFF, 0xD0, 0x2E, 0x56,
    0xD0, 0xE0, 0x02, 0xCB, 0x00, 0x03, 0xB8, 0x00, 0x0B, 0xE0, 0x00, 0x2F, 0x80, 0x00, 0xBE, 0x00,
    0x02, 0xEC, 0x00, 0x0E, 0x78, 0x00, 0x70, 0xB9, 0x0B, 0x80, 0x7F, 0xF4, 0x00, 0x00, 0x00, 0x01,
    0x54, 0x00, 0x7F, 0xD0, 0x00, 0x00, 0x00, 0x7F, 0xD0, 0x1E, 0x0B, 0x43, 0xC0, 0x2C, 0x38, 0x01,
    0xC3, 0x40, 0x1C, 0x38, 0x01, 0xC3, 0xC0, 0x2C, 0x1E, 0x07, 0x40, 0x7F, 0xD0, 0x00, 0x00, 0x00,
    0x01, 0x01, 0x00, 0x0D, 0x5C, 0x00, 0x0F, 0x80, 0x00, 0x00, 0x00, 0x07, 0xFF, 0x40, 0xB9, 0x5B,
    0x43, 0x80, 0x0B, 0x2C, 0x00, 0x0E, 0xE0, 0x00, 0x2F, 0x80, 0x00, 0xBE, 0x00, 0x02, 0xF8, 0x00,
    0x0B, 0xB0, 0x00, 0x39, 0xE0, 0x01, 0xC2, 0xE4, 0x2E, 0x01, 0xFF, 0xD0, 0x00, 0x00, 0x00, 0x00,
    0x00, 0x00, 0x75, 0xD0, 0x02, 0xF4, 0x00, 0x00, 0x00, 0x07, 0xFD, 0x01, 0xE0, 0xB4, 0x3C, 0x02,
    0xC3, 0x80, 0x1C, 0x34, 0x01, 0xC3, 0x80, 0x1C, 0x3C, 0x02, 0xC1, 0xE0, 0x74, 0x07, 0xFD, 0x00,
    0x00, 0x00, 0x00, 0xD3, 0x40, 0x0A, 0x38, 0x00, 0x61, 0x80, 0x00, 0x00, 0x00, 0x07, 0xFF, 0x40,
    0xB9, 0x5B, 0x43, 0x80, 0x0B, 0x2C, 0x00, 0x0E, 0xE0, 0x00, 0x2F, 0x80, 0x00, 0xBE, 0x00, 0x02,
    0xF8, 0x00, 0x0B, 0xB0, 0x00, 0x39, 0xE0, 0x01, 0xC2, 0xE4, 0x2E, 0x01, 0xFF, 0xD0, 0x00, 0x00,
    0x00, 0x02, 0x8A, 0x00, 0x34, 0xC0, 0x09, 0x24, 0x00, 0x00, 0x00, 0x07, 0xFD, 0x01, 0xE0, 0xB4,
    0x3C, 0x02, 0xC3, 0x80, 0x1C, 0x34, 0x01, 0xC3, 0x80, 0x1C, 0x3C, 0x02, 0xC1, 0xE0, 0x74, 0x07,
    0xFD, 0x00, 0x00, 0x00, 0x00, 0x00, 0x00, 0x00, 0x7F, 0xFF, 0xFD, 0x2E, 0x47, 0xD5, 0x43, 0x80,
    0x38, 0x00, 0xB0, 0x03, 0x80, 0x0E, 0x00, 0x38, 0x00, 0xE0, 0x03, 0xFF, 0xCE, 0x00, 0x3D, 0x54,
    0xE0, 0x03, 0x80, 0x0B, 0x00, 0x38, 0x00, 0x38, 0x03, 0x80, 0x02, 0xE4, 0x3D, 0x54, 0x07, 0xFF,
    0xFF, 0xD0, 0x00, 0x00, 0x00, 0x00, 0x00, 0x00, 0x00, 0x1F, 0xF0, 0xBF, 0x41, 0xE0, 0xBB, 0x4B,
    0x4F, 0x00, 0xF4, 0x0E, 0x38, 0x02, 0xD5, 0x7C, 0xD0, 0x0B, 0xFF, 0xE3, 0x80, 0x2C, 0x00, 0x0F,
    0x00, 0xF4, 0x00, 0x1E, 0x0B, 0xB4, 0x14, 0x1F, 0xF4, 0xBF, 0xD0, 0x00, 0x00, 0x00, 0x00, 0x00,
    0x34, 0x00, 0x0E, 0x00, 0x01, 0x80, 0x00, 0x00, 0x00, 0x7F, 0xF4, 0x07, 0x56, 0xE0, 0x70, 0x0B,
    0x07, 0x00, 0x70, 0x70, 0x0B, 0x07, 0x41, 0xE0, 0x7F, 0xF4, 0x07, 0x07, 0x40, 0x70, 0x2C, 0x07,
    0x00, 0xE0, 0x70, 0x0B, 0x07, 0x00, 0x3C, 0x01, 0xC0, 0x38, 0x0A, 0x00, 0x00, 0xA3, 0xEB, 0xD4,
    0xB4, 0x0B, 0x00, 0xB0, 0x0B, 0x00, 0xB0, 0x0B, 0x00, 0xB0, 0x00, 0x7F, 0xF4, 0x07, 0x56, 0xE0,
    0x70, 0x0B, 0x07, 0x00, 0x70, 0x70, 0x0B, 0x07, 0x41, 0xE0, 0x7F, 0xF4, 0x07, 0x07, 0x40, 0x70,
    0x2C, 0x07, 0x00, 0xE0, 0x70, 0x0B, 0x07, 0x00, 0x3C, 0x00, 0x00, 0x00, 0x0D, 0x00, 0x01, 0xC0,
    0x00, 0x14, 0x00, 0x00, 0x0A, 0x3E, 0xBD, 0x4B, 0x40, 0xB0, 0x0B, 0x00, 0xB0, 0x0B, 0x00, 0xB0,
    0x0B, 0x00, 0x00, 0x07, 0x00, 0xA0, 0x08, 0x00, 0x18, 0x18, 0x00, 0xBB, 0x00, 0x03, 0xC0, 0x00,
    0x00, 0x00, 0x7F, 0xF4, 0x07, 0x56, 0xE0, 0x70, 0x0B, 0x07, 0x00, 0x70, 0x70, 0x0B, 0x07, 0x41,
    0xE0, 0x7F, 0xF4, 0x07, 0x07, 0x40, 0x70, 0x2C, 0x07, 0x00, 0xE0, 0x70, 0x0B, 0x07, 0x00, 0x3C,
    0x60, 0x93, 0xAC, 0x0F, 0x00, 0x00, 0xA3, 0xEB, 0xD4, 0xB4, 0x0B, 0x00, 0xB0, 0x0B, 0x00, 0xB0,
    0x0B, 0x00, 0xB0, 0x00, 0x00, 0x28, 0x00, 0x1D, 0x00, 0x0D, 0x00, 0x00, 0x00, 0x0B, 0xFE, 0x0B,
    0x96, 0x83, 0x80, 0x00, 0xE0, 0x00, 0x2D, 0x00, 0x02, 0xF4, 0x00, 0x1B, 0xD0, 0x00, 0x3C, 0x00,
    0x03, 0x40, 0x00, 0xD2, 0x41, 0xF0, 0xFF, 0xE0, 0x00, 0x00, 0x00, 0x00, 0x70, 0x00, 0xE0, 0x02,
    0x80, 0x00, 0x00, 0x1F, 0xF8, 0x38, 0x14, 0x34, 0x00, 0x2E, 0x00, 0x07, 0xE0, 0x00, 0x7C, 0x00,
    0x1C, 0x10, 0x2C, 0x3F, 0xF4, 0x00, 0x00, 0x00, 0xE0, 0x00, 0xED, 0x00, 0x90, 0xD0, 0x00, 0x00,
    0x0B, 0xFE, 0x0B, 0x96, 0x83, 0x80, 0x00, 0xE0, 0x00, 0x2D, 0x00, 0x02, 0xF4, 0x00, 0x1B, 0xD0,
    0x00, 0x3C, 0x00, 0x03, 0x40, 0x00, 0xD2, 0x41, 0xF0, 0xFF, 0xE0, 0x00, 0x00, 0x00, 0x02, 0x80,
    0x0B, 0xE0, 0x18, 0x24, 0x00, 0x00, 0x1F, 0xF8, 0x38, 0x14, 0x34, 0x00, 0x2E, 0x00, 0x07, 0xE0,
    0x00, 0x7C, 0x00, 0x1C, 0x10, 0x2C, 0x3F, 0xF4, 0x00, 0x00, 0x00, 0x00, 0x02, 0xFF, 0x82, 0xE5,
    0xA0, 0xE0, 0x00, 0x38, 0x00, 0x0B, 0x40, 0x00, 0xBD, 0x00, 0x06, 0xF4, 0x00, 0x0F, 0x00, 0x00,
    0xD0, 0x00, 0x34, 0x90, 0x7C, 0x3F, 0xF8, 0x00, 0x60, 0x00, 0x1E, 0x00, 0x01, 0xC0, 0x07, 0xD0,
    0x00, 0x00, 0x00, 0x1F, 0xF8, 0x38, 0x14, 0x34, 0x00, 0x2E, 0x00, 0x07, 0xE0, 0x00, 0x7C, 0x00,
    0x1C, 0x10, 0x2C, 0x3F, 0xF4, 0x02, 0x40, 0x02, 0xD0, 0x00, 0xA0, 0x0B, 0xC0, 0x09, 0x09, 0x00,
    0xEE, 0x00, 0x1E, 0x00, 0x00, 0x00, 0x0B, 0xFE, 0x0B, 0x96, 0x83, 0x80, 0x00, 0xE0, 0x00, 0x2D,
    0x00, 0x02, 0xF4, 0x00, 0x1B, 0xD0, 0x00, 0x3C, 0x00, 0x03, 0x40, 0x00, 0xD2, 0x41, 0xF0, 0xFF,
    0xE0, 0x00, 0x00, 0x00, 0x18, 0x24, 0x0E, 0xB0, 0x03, 0xC0, 0x00, 0x00, 0x1F, 0xF8, 0x38, 0x14,
    0x34, 0x00, 0x2E, 0x00, 0x07, 0xE0, 0x00, 0x7C, 0x00, 0x1C, 0x10, 0x2C, 0x3F, 0xF4, 0x00, 0x00,
    0xFF, 0xFF, 0xC5, 0x5E, 0x54, 0x00, 0xD0, 0x00, 0x0D, 0x00, 0x00, 0xD0, 0x00, 0x0D, 0x00, 0x00,
    0xD0, 0x00, 0x0D, 0x00, 0x00, 0xD0, 0x00, 0x0D, 0x00, 0x00, 0xD0, 0x00, 0x0D, 0x00, 0x00, 0xC0,
    0x00, 0x0B, 0x00, 0x00, 0x34, 0x00, 0x3E, 0x00, 0x0C, 0x01, 0xC0, 0x7F, 0xE2, 0xC0, 0x1C, 0x01,
    0xC0, 0x1C, 0x01, 0xC0, 0x1C, 0x01, 0xD0, 0x0B, 0xE0, 0x30, 0x02, 0xC0, 0x0C, 0x0F, 0x80, 0x09,
    0x08, 0x00, 0x37, 0x40, 0x01, 0xE0, 0x00, 0x00, 0x00, 0xFF, 0xFF, 0xC5, 0x5E, 0x54, 0x00, 0xD0,
    0x00, 0x0D, 0x00, 0x00, 0xD0, 0x00, 0x0D, 0x00, 0x00, 0xD0, 0x00, 0x0D, 0x00, 0x00, 0xD0, 0x00,
    0x0D, 0x00, 0x00, 0xD0, 0x00, 0x0D, 0x00, 0x00, 0x06, 0x00, 0x0D, 0x0C, 0x0C, 0x1C, 0x00, 0x7F,
    0xE0, 0x2C, 0x00, 0x1C, 0x00, 0x1C, 0x00, 0x1C, 0x00, 0x1C, 0x00, 0x1C, 0x00, 0x1D, 0x00, 0x0B,
    0xE0, 0x00, 0x00, 0xFF, 0xFF, 0xC5, 0x6E, 0x54, 0x00, 0xD0, 0x00, 0x0D, 0x00, 0x00, 0xD0, 0x01,
    0xAF, 0xA0, 0x1A, 0xE9, 0x00, 0x0D, 0x00, 0x00, 0xD0, 0x00, 0x0D, 0x00, 0x00, 0xD0, 0x00, 0x0D,
    0x00, 0x0C, 0x01, 0xC0, 0x7F, 0xE2, 0xC0, 0x1C, 0x07, 0xFD, 0x2D, 0x41, 0xC0, 0x1C, 0x01, 0xD0,
    0x0B, 0xE0, 0x00, 0x00, 0x00, 0x00, 0x7E, 0x70, 0x0C, 0x2D, 0x00, 0x00, 0x00, 0x70, 0x00, 0xAB,
    0x00, 0x0E, 0xB0, 0x00, 0xEB, 0x00, 0x0E, 0xB0, 0x00, 0xEB, 0x00, 0x0E, 0xB0, 0x00, 0xEB, 0x00,
    0x0E, 0x70, 0x00, 0xE3, 0x40, 0x0D, 0x2D, 0x07, 0xC0, 0xBF, 0xE0, 0x00, 0x00, 0x00, 0x00, 0x00,
    0x1F, 0x9C, 0x20, 0xB4, 0x00, 0x00, 0xA0, 0x0B, 0xB0, 0x0B, 0xB0, 0x0B, 0xB0, 0x0B, 0xB0, 0x0B,
    0xB0, 0x0B, 0xB0, 0x0F, 0x74, 0x2F, 0x2F, 0xE7, 0x00, 0x00, 0x01, 0x54, 0x00, 0x7F, 0xE0, 0x00,
    0x00, 0x07, 0x00, 0x0A, 0xB0, 0x00, 0xEB, 0x00, 0x0E, 0xB0, 0x00, 0xEB, 0x00, 0x0E, 0xB0, 0x00,
    0xEB, 0x00, 0x0E, 0xB0, 0x00, 0xE7, 0x00, 0x0E, 0x34, 0x00, 0xD2, 0xD0, 0x7C, 0x0B, 0xFE, 0x00,
    0x00, 0x00, 0x05, 0x50, 0x1F, 0xF8, 0x00, 0x00, 0xA0, 0x0B, 0xB0, 0x0B, 0xB0, 0x0B, 0xB0, 0x0B,
    0xB0, 0x0B, 0xB0, 0x0B, 0xB0, 0x0F, 0x74, 0x2F, 0x2F, 0xE7, 0x00, 0x00, 0x00, 0x00, 0x00, 0x75,
    0x90, 0x01, 0xF8, 0x00, 0x00, 0x00, 0x70, 0x00, 0xAB, 0x00, 0x0E, 0xB0, 0x00, 0xEB, 0x00, 0x0E,
    0xB0, 0x00, 0xEB, 0x00, 0x0E, 0xB0, 0x00, 0xEB, 0x00, 0x0E, 0x70, 0x00, 0xE3, 0x40, 0x0D, 0x2D,
    0x07, 0xC0, 0xBF, 0xE0, 0x00, 0x00, 0x00, 0x00, 0x04, 0x0D, 0x68, 0x07, 0xE0, 0x00, 0x00, 0xA0,
    0x0B, 0xB0, 0x0B, 0xB0, 0x0B, 0xB0, 0x0B, 0xB0, 0x0B, 0xB0, 0x0B, 0xB0, 0x0F, 0x74, 0x2F, 0x2F,
    0xE7, 0x00, 0x00, 0x00, 0xA0, 0x00, 0x25, 0xC0, 0x02, 0x4C, 0x00, 0x0F, 0x40, 0x00, 0x00, 0x07,
    0x00, 0x0A, 0xB0, 0x00, 0xEB, 0x00, 0x0E, 0xB0, 0x00, 0xEB, 0x00, 0x0E, 0xB0, 0x00, 0xEB, 0x00,
    0x0E, 0xB0, 0x00, 0xE7, 0x00, 0x0E, 0x34, 0x00, 0xD2, 0xD0, 0x7C, 0x0B, 0xFE, 0x00, 0x00, 0x00,
    0x02, 0x80, 0x0A, 0x70, 0x09, 0x30, 0x03, 0xD0, 0x00, 0x00, 0xA0, 0x0B, 0xB0, 0x0B, 0xB0, 0x0B,
    0xB0, 0x0B, 0xB0, 0x0B, 0xB0, 0x0B, 0xB0, 0x0F, 0x74, 0x2F, 0x2F, 0xE7, 0x00, 0x00, 0x01, 0x8A,
    0x00, 0x34, 0xD0, 0x09, 0x24, 0x00, 0x00, 0x00, 0x70, 0x00, 0xAB, 0x00, 0x0E, 0xB0, 0x00, 0xEB,
    0x00, 0x0E, 0xB0, 0x00, 0xEB, 0x00, 0x0E, 0xB0, 0x00, 0xEB, 0x00, 0x0E, 0x70, 0x00, 0xE3, 0x40,
    0x0D, 0x2D, 0x07, 0xC0, 0xBF, 0xE0, 0x00, 0x00, 0x00, 0x06, 0x28, 0x0D, 0x34, 0x24, 0x90, 0x00,
    0x00, 0xA0, 0x0B, 0xB0, 0x0B, 0xB0, 0x0B, 0xB0, 0x0B, 0xB0, 0x0B, 0xB0, 0x0B, 0xB0, 0x0F, 0x74,
    0x2F, 0x2F, 0xE7, 0x00, 0x00, 0x70, 0x00, 0xAB, 0x00, 0x0E, 0xB0, 0x00, 0xEB, 0x00, 0x0E, 0xB0,
    0x00, 0xEB, 0x00, 0x0E, 0xB0, 0x00, 0xEB, 0x00, 0x0E, 0x70, 0x00, 0xE3, 0x40, 0x0D, 0x2D, 0x07,
    0xC0, 0xBF, 0xF0, 0x00, 0x0C, 0x00, 0x01, 0xC0, 0x00, 0x1D, 0x00, 0x00, 0xA0, 0xA0, 0x0B, 0x2C,
    0x02, 0xCB, 0x00, 0xB2, 0xC0, 0x2C, 0xB0, 0x0B, 0x2C, 0x02, 0xCB, 0x00, 0xF1, 0xD0, 0xBC, 0x2F,
    0xE7, 0x00, 0x03, 0x00, 0x02, 0x80, 0x00, 0xB4, 0x00, 0x0A, 0x00, 0x00, 0x03, 0x80, 0x00, 0x00,
    0x0E, 0xD0, 0x00, 0x00, 0x24, 0x34, 0x00, 0x00, 0x00, 0x00, 0x00, 0xB0, 0x03, 0x80, 0x1C, 0x70,
    0x07, 0xC0, 0x2C, 0x34, 0x0E, 0xC0, 0x38, 0x38, 0x0D, 0xD0, 0x34, 0x2C, 0x1C, 0xB0, 0x70, 0x1C,
    0x2C, 0x70, 0xB0, 0x0D, 0x34, 0x34, 0xE0, 0x0E, 0x30, 0x28, 0xD0, 0x0B, 0x70, 0x1D, 0xC0, 0x07,
    0xE0, 0x0F, 0xC0, 0x03, 0xD0, 0x0F, 0x80, 0x03, 0xC0, 0x0B, 0x40, 0x00, 0x1D, 0x00, 0x00, 0x0E,
    0xD0, 0x00, 0x0D, 0x1C, 0x00, 0x00, 0x00, 0x00, 0xB0, 0x1D, 0x02, 0xDC, 0x0B, 0xC0, 0xE3, 0x43,
    0xB0, 0x30, 0xE1, 0xCD, 0x1C, 0x2C, 0xA2, 0x8A, 0x07, 0x34, 0x73, 0x40, 0xEC, 0x0E, 0xC0, 0x3F,
    0x02, 0xF0, 0x07, 0x40, 0x78, 0x00, 0x00, 0xE0, 0x00, 0x3B, 0x40, 0x09, 0x0C, 0x00, 0x00, 0x00,
    0xB0, 0x01, 0xC3, 0x40, 0x38, 0x2C, 0x07, 0x00, 0xD0, 0xE0, 0x0B, 0x2C, 0x00, 0x3B, 0x40, 0x02,
    0xF0, 0x00, 0x0E, 0x00, 0x00, 0xD0, 0x00, 0x0D, 0x00, 0x00, 0xD0, 0x00, 0x0D, 0x00, 0x02, 0xC0,
    0x01, 0xEC, 0x01, 0xC2, 0x80, 0x00, 0x00, 0xA0, 0x03, 0x5C, 0x02, 0xC3, 0x80, 0xE0, 0xB0, 0x70,
    0x0D, 0x2C, 0x03, 0x8D, 0x00, 0x77, 0x00, 0x0F, 0x80, 0x02, 0xD0, 0x00, 0xB0, 0x00, 0x38, 0x00,
    0x6C, 0x00, 0xFC, 0x00, 0x00, 0x00, 0x00, 0x00, 0xB1, 0xC0, 0x01, 0x04, 0x00, 0x00, 0x00, 0xB0,
    0x01, 0xC3, 0x40, 0x38, 0x2C, 0x07, 0x00, 0xD0, 0xE0, 0x0B, 0x2C, 0x00, 0x3B, 0x40, 0x02, 0xF0,
    0x00, 0x0E, 0x00, 0x00, 0xD0, 0x00, 0x0D, 0x00, 0x00, 0xD0, 0x00, 0x0D, 0x00, 0x00, 0x2C, 0x00,
    0x0D, 0x00, 0x09, 0x00, 0x00, 0x00, 0x3F, 0xFF, 0x85, 0x56, 0xE0, 0x00, 0xF0, 0x00, 0x70, 0x00,
    0x38, 0x00, 0x3C, 0x00, 0x1C, 0x00, 0x0E, 0x00, 0x0F, 0x00, 0x07, 0x00, 0x03, 0xD5, 0x55, 0xFF,
    0xFF, 0x00, 0x70, 0x00, 0xD0, 0x02, 0x40, 0x00, 0x00, 0x3F, 0xFC, 0x00, 0x3C, 0x00, 0x70, 0x00,
    0xD0, 0x03, 0x80, 0x0B, 0x00, 0x1D, 0x00, 0x38, 0x00, 0x7F, 0xFC, 0x00, 0x00, 0x00, 0x38, 0x00,
    0x05, 0x00, 0x00, 0x00, 0x3F, 0xFF, 0x85, 0x56, 0xE0, 0x00, 0xF0, 0x00, 0x70, 0x00, 0x38, 0x00,
    0x3C, 0x00, 0x1C, 0x00, 0x0E, 0x00, 0x0F, 0x00, 0x07, 0x00, 0x03, 0xD5, 0x55, 0xFF, 0xFF, 0x00,
    0x00, 0x03, 0xC0, 0x01, 0x40, 0x00, 0x00, 0x3F, 0xFC, 0x00, 0x3C, 0x00, 0x70, 0x00, 0xD0, 0x03,
    0x80, 0x0B, 0x00, 0x1D, 0x00, 0x38, 0x00, 0x7F, 0xFC, 0x09, 0x09, 0x00, 0xEE, 0x00, 0x0E, 0x00,
    0x00, 0x00, 0x3F, 0xFF, 0x85, 0x56, 0xE0, 0x00, 0xF0, 0x00, 0x70, 0x00, 0x38, 0x00, 0x3C, 0x00,
    0x1C, 0x00, 0x0E, 0x00, 0x0F, 0x00, 0x07, 0x00, 0x03, 0xD5, 0x55, 0xFF, 0xFF, 0x24, 0x24, 0x0E,
    0xE0, 0x03, 0xC0, 0x00, 0x00, 0x3F, 0xFC, 0x00, 0x3C, 0x00, 0x70, 0x00, 0xD0, 0x03, 0x80, 0x0B,
    0x00, 0x1D, 0x00, 0x38, 0x00, 0x7F, 0xFC, 0x0A, 0x83, 0xD4, 0xB0, 0x0B, 0x00, 0xB0, 0x0B, 0x00,
    0xB0, 0x0B, 0x00, 0xB0, 0x0B, 0x00, 0xB0, 0x0B, 0x00, 0xB0, 0x00, 0x00, 0x00, 0x02, 0x01, 0xFF,
    0xD1, 0xC2, 0xE5, 0x6E, 0xE0, 0xE0, 0x02, 0xE0, 0xB0, 0x00, 0x38, 0x38, 0x00, 0x0B, 0x0E, 0x00,
    0x02, 0xC3, 0x80, 0x00, 0xB0, 0xE0, 0x00, 0x2C, 0x2C, 0x00, 0x0E, 0x07, 0x80, 0x07, 0x00, 0xB9,
    0x0B, 0x80, 0x07, 0xFF, 0x40, 0x00, 0x00, 0x00, 0x00, 0x00, 0x00, 0x10, 0x00, 0x00, 0xE0, 0x7F,
    0xD7, 0x07, 0x82, 0xF4, 0x3C, 0x02, 0xC0, 0xE0, 0x07, 0x03, 0x40, 0x1C, 0x0E, 0x00, 0x70, 0x3C,
    0x02, 0xC0, 0x78, 0x1D, 0x00, 0x7F, 0xD0, 0x00, 0x00, 0x00, 0x00, 0x00, 0x02, 0x5C, 0x00, 0x28,
    0xDB, 0x00, 0x0F, 0xB2, 0xC0, 0x03, 0xE0, 0xB0, 0x00, 0xE0, 0x2C, 0x00, 0x38, 0x0B, 0x00, 0x0E,
    0x02, 0xC0, 0x03, 0x80, 0xB0, 0x00, 0xE0, 0x1C, 0x00, 0x38, 0x03, 0x40, 0x0D, 0x00, 0xB4, 0x1F,
    0x00, 0x0B, 0xFE, 0x00, 0x00, 0x00, 0x00, 0x00, 0x00, 0x00, 0x10, 0x00, 0x00, 0xEA, 0x00, 0xB7,
    0x6C, 0x02, 0xF4, 0xB0, 0x0B, 0x02, 0xC0, 0x2C, 0x0B, 0x00, 0xB0, 0x2C, 0x02, 0xC0, 0xB0, 0x0F,
    0x01, 0xD0, 0xBC, 0x02, 0xFE, 0x70, 0x00, 0x00, 0x00, 0x00, 0x00, 0x00, 0x24, 0x24, 0x00, 0x00,
    0x00, 0x0E, 0xE0, 0x00, 0x00, 0x00, 0x03, 0xC0, 0x00, 0x00, 0x00, 0x00, 0x00, 0x7F, 0xF8, 0x00,
    0xFF, 0xFE, 0x75, 0x6F, 0x40, 0x55, 0x6E, 0x70, 0x02, 0xD0, 0x00, 0x3C, 0x70, 0x00, 0xF0, 0x00,
    0x70, 0x70, 0x00, 0xB0, 0x00, 0xE0, 0x70, 0x00, 0x70, 0x03, 0xC0, 0x70, 0x00, 0x70, 0x07, 0x00,
    0x70, 0x00, 0xB0, 0x0E, 0x00, 0x70, 0x00, 0xF0, 0x3C, 0x00, 0x70, 0x02, 0xD0, 0x70, 0x00, 0x75,
    0x5F, 0x40, 0xF5, 0x55, 0x7F, 0xF8, 0x01, 0xFF, 0xFF, 0x00, 0x00, 0x00, 0x60, 0x61, 0xFF, 0xE0,
    0x00, 0xAB, 0x07, 0x56, 0xF4, 0x00, 0xF0, 0x1C, 0x00, 0xB4, 0x00, 0x00, 0x70, 0x00, 0xF0, 0xFF,
    0xF1, 0xC0, 0x02, 0xC0, 0x02, 0xC7, 0x00, 0x07, 0x00, 0x1D, 0x1C, 0x00, 0x1C, 0x00, 0xE0, 0x70,
    0x00, 0xB0, 0x0B, 0x01, 0xC0, 0x03, 0xC0, 0x70, 0x07, 0x00, 0x2D, 0x03, 0x40, 0x1D, 0x57, 0xD0,
    0x3C, 0x00, 0x7F, 0xF8, 0x00, 0xFF, 0xF4, 0x00, 0x01, 0x81, 0x81, 0x80, 0x00, 0x2C, 0x0B, 0xB0,
    0x00, 0x02, 0xC0, 0x3C, 0x00, 0x00, 0x2C, 0x00, 0x00, 0x07, 0xFA, 0xC3, 0xFF, 0xD1, 0xE0, 0xBC,
    0x00, 0x2C, 0x3C, 0x03, 0xC0, 0x03, 0x43, 0x80, 0x2C, 0x00, 0xE0, 0x34, 0x02, 0xC0, 0x2C, 0x03,
    0x80, 0x2C, 0x07, 0x40, 0x3C, 0x03, 0xC0, 0xE0, 0x01, 0xD0, 0xBC, 0x2C, 0x00, 0x0B, 0xF9, 0xC3,
    0xFF, 0xD0, 0x00, 0x00, 0x00, 0x00, 0x70, 0x00, 0x29, 0xC0, 0x00, 0xB7, 0x00, 0x02, 0xDC, 0x00,
    0x0B, 0x70, 0x00, 0x2D, 0xC0, 0x00, 0xB7, 0x00, 0x02, 0xDC, 0x00, 0x0B, 0x70, 0x00, 0x2D, 0xC0,
    0x00, 0xB7, 0x55, 0x42, 0xDF, 0xFF, 0x4B, 0x00, 0x00, 0x38, 0x00, 0x01, 0xD0, 0x00, 0xBE, 0x00,
    0x00, 0x00, 0x00, 0x00, 0x01, 0xC0, 0x00, 0xE7, 0x00, 0x01, 0x5C, 0x00, 0x00, 0x70, 0x00, 0x39,
    0xC0, 0x00, 0xE7, 0x00, 0x03, 0x9C, 0x00, 0x0E, 0x70, 0x00, 0x39, 0xC0, 0x00, 0xE7, 0x00, 0x03,
    0x9D, 0x55, 0x0E, 0x7F, 0xFD, 0x38, 0x00, 0x00, 0xE0, 0x00, 0x03, 0x80, 0x00, 0x5D, 0x00, 0x03,
    0xE0, 0x60, 0x02, 0xC1, 0xDB, 0x02, 0x2C, 0x00, 0xB0, 0x72, 0xC1, 0xCB, 0x07, 0x2C, 0x1C, 0xB0,
    0x72, 0xC1, 0xCB, 0x07, 0x2C, 0x1C, 0xB0, 0x70, 0x01, 0xC0, 0x07, 0x00, 0x2C, 0x0B, 0xD0, 0x78,
    0x00, 0x70, 0x29, 0xF4, 0x01, 0xC0, 0xE7, 0xF0, 0x07, 0x03, 0x9C, 0xE0, 0x1C, 0x0E, 0x72, 0xC0,
    0x70, 0x39, 0xC3, 0xC1, 0xC0, 0xE7, 0x03, 0x47, 0x03, 0x9C, 0x0B, 0x1C, 0x0E, 0x70, 0x0F, 0x70,
    0x39, 0xC0, 0x1E, 0xC0, 0xE7, 0x00, 0x2F, 0x03, 0x9C, 0x00, 0x3C, 0x0E, 0x00, 0x00, 0x00, 0x38,
    0x00, 0x00, 0x01, 0xD0, 0x00, 0x00, 0xBE, 0x00, 0x00, 0x00, 0x00, 0x00, 0x00, 0x00, 0x01, 0xE0,
    0x01, 0xC0, 0xE7, 0xD0, 0x07, 0x01, 0x1F, 0xC0, 0x1C, 0x00, 0x73, 0x80, 0x70, 0x39, 0xCB, 0x01,
    0xC0, 0xE7, 0x0F, 0x07, 0x03, 0x9C, 0x0D, 0x1C, 0x0E, 0x70, 0x2C, 0x70, 0x39, 0xC0, 0x3D, 0xC0,
    0xE7, 0x00, 0x7B, 0x03, 0x9C, 0x00, 0xBC, 0x0E, 0x70, 0x00, 0xF0, 0x38, 0x00, 0x00, 0x00, 0xE0,
    0x00, 0x00, 0x03, 0x80, 0x00, 0x00, 0x5D, 0x00, 0x00, 0x03, 0xE0, 0x00, 0x00, 0x00, 0x00, 0x00,
    0x01, 0xD0, 0x00, 0x00, 0x20, 0x00, 0x00, 0x00, 0xA7, 0xF8, 0x07, 0x2F, 0x47, 0x81, 0xCB, 0x00,
    0xB0, 0x72, 0xC0, 0x2C, 0x1C, 0xB0, 0x0B, 0x07, 0x2C, 0x02, 0xC1, 0xCB, 0x00, 0xB0, 0x72, 0xC0,
    0x2C, 0x1C, 0xB0, 0x0B, 0x07, 0x00, 0x00, 0x01, 0xC0, 0x00, 0x00, 0x70, 0x00, 0x00, 0x2C, 0x00,
    0x00, 0xBD, 0x00, 0x06, 0x06, 0x00, 0x0B, 0xB0, 0x00, 0x0B, 0x40, 0x00, 0x00, 0x00, 0x00, 0xB0,
    0x00, 0x03, 0xE0, 0x00, 0x1D, 0xC0, 0x00, 0xA3, 0x40, 0x03, 0x4A, 0x00, 0x1C, 0x1C, 0x00, 0xE0,
    0x38, 0x07, 0xFF, 0xF0, 0x2D, 0x55, 0xD0, 0xD0, 0x03, 0x87, 0x00, 0x07, 0x38, 0x00, 0x0D, 0x09,
    0x08, 0x03, 0x78, 0x01, 0xE0, 0x00, 0x00, 0x0B, 0xFC, 0x09, 0x0F, 0x00, 0x0B, 0x00, 0x5B, 0x1F,
    0xEF, 0x38, 0x07, 0x34, 0x0B, 0x38, 0x1F, 0x1F, 0xE3, 0x00, 0x00, 0x90, 0x93, 0xB8, 0x0E, 0x00,
    0x00, 0x7F, 0xC0, 0xE0, 0x0E, 0x00, 0xE0, 0x0E, 0x00, 0xE0, 0x0E, 0x00, 0xE0, 0x0E, 0x00, 0xE0,
    0x0E, 0x07, 0xFC, 0x60, 0x62, 0xEC, 0x0F, 0x00, 0x00, 0x0B, 0x00, 0xB0, 0x0B, 0x00, 0xB0, 0x0B,
    0x00, 0xB0, 0x0B, 0x00, 0xB0, 0x0B, 0x00, 0x02, 0x02, 0x00, 0x07, 0x74, 0x00, 0x07, 0x40, 0x00,
    0x00, 0x00, 0x07, 0xFF, 0x40, 0xB9, 0x5B, 0x43, 0x80, 0x0B, 0x2C, 0x00, 0x0E, 0xE0, 0x00, 0x2F,
    0x80, 0x00, 0xBE, 0x00, 0x02, 0xF8, 0x00, 0x0B, 0xB0, 0x00, 0x39, 0xE0, 0x01, 0xC2, 0xE4, 0x2E,
    0x01, 0xFF, 0xD0, 0x00, 0x00, 0x00, 0x06, 0x0A, 0x00, 0x3A, 0xC0, 0x00, 0xF0, 0x00, 0x00, 0x00,
    0x07, 0xFD, 0x01, 0xE0, 0xB4, 0x3C, 0x02, 0xC3, 0x80, 0x1C, 0x34, 0x01, 0xC3, 0x80, 0x1C, 0x3C,
    0x02, 0xC1, 0xE0, 0x74, 0x07, 0xFD, 0x00, 0x00, 0x00, 0x06, 0x06, 0x00, 0x2E, 0xC0, 0x00, 0xF0,
    0x00, 0x00, 0x00, 0x70, 0x00, 0xAB, 0x00, 0x0E, 0xB0, 0x00, 0xEB, 0x00, 0x0E, 0xB0, 0x00, 0xEB,
    0x00, 0x0E, 0xB0, 0x00, 0xEB, 0x00, 0x0E, 0x70, 0x00, 0xE3, 0x40, 0x0D, 0x2D, 0x07, 0xC0, 0xBF,
    0xE0, 0x00, 0x00, 0x00, 0x18, 0x18, 0x0B, 0xB0, 0x03, 0xC0, 0x00, 0x00, 0xA0, 0x0B, 0xB0, 0x0B,
    0xB0, 0x0B, 0xB0, 0x0B, 0xB0, 0x0B, 0xB0, 0x0B, 0xB0, 0x0F, 0x74, 0x2F, 0x2F, 0xE7, 0x00, 0x00,
    0x07, 0xFE, 0x00, 0x15, 0x40, 0x02, 0x08, 0x00, 0x30, 0xD0, 0x00, 0x00, 0x07, 0x00, 0x0A, 0xB0,
    0x00, 0xEB, 0x00, 0x0E, 0xB0, 0x00, 0xEB, 0x00, 0x0E, 0xB0, 0x00, 0xEB, 0x00, 0x0E, 0xB0, 0x00,
    0xE7, 0x00, 0x0E, 0x34, 0x00, 0xD2, 0xD0, 0x7C, 0x0B, 0xFE, 0x00, 0x00, 0x00, 0x1F, 0xF8, 0x05,
    0x50, 0x08, 0x20, 0x0C, 0x34, 0x00, 0x00, 0xA0, 0x0B, 0xB0, 0x0B, 0xB0, 0x0B, 0xB0, 0x0B, 0xB0,
    0x0B, 0xB0, 0x0B, 0xB0, 0x0F, 0x74, 0x2F, 0x2F, 0xE7, 0x00, 0x00, 0x00, 0x04, 0x00, 0x03, 0xC0,
    0x00, 0xA0, 0x00, 0x20, 0x80, 0x03, 0x0D, 0x00, 0x00, 0x00, 0x70, 0x00, 0xAB, 0x00, 0x0E, 0xB0,
    0x00, 0xEB, 0x00, 0x0E, 0xB0, 0x00, 0xEB, 0x00, 0x0E, 0xB0, 0x00, 0xEB, 0x00, 0x0E, 0x70, 0x00,
    0xE3, 0x40, 0x0D, 0x2D, 0x07, 0xC0, 0xBF, 0xE0, 0x00, 0x00, 0x00, 0x00, 0x24, 0x00, 0xF0, 0x01,
    0x80, 0x08, 0x20, 0x0C, 0x34, 0x00, 0x00, 0xA0, 0x0B, 0xB0, 0x0B, 0xB0, 0x0B, 0xB0, 0x0B, 0xB0,
    0x0B, 0xB0, 0x0B, 0xB0, 0x0F, 0x74, 0x2F, 0x2F, 0xE7, 0x00, 0x00, 0x05, 0x06, 0x00, 0x3E, 0xC0,
    0x00, 0xF0, 0x00, 0x20, 0x80, 0x03, 0x0D, 0x00, 0x00, 0x00, 0x70, 0x00, 0xAB, 0x00, 0x0E, 0xB0,
    0x00, 0xEB, 0x00, 0x0E, 0xB0, 0x00, 0xEB, 0x00, 0x0E, 0xB0, 0x00, 0xEB, 0x00, 0x0E, 0x70, 0x00,
    0xE3, 0x40, 0x0D, 0x2D, 0x07, 0xC0, 0xBF, 0xE0, 0x00, 0x00, 0x00, 0x18, 0x18, 0x0B, 0xB0, 0x02,
    0xC0, 0x08, 0x20, 0x0C, 0x34, 0x00, 0x00, 0xA0, 0x0B, 0xB0, 0x0B, 0xB0, 0x0B, 0xB0, 0x0B, 0xB0,
    0x0B, 0xB0, 0x0B, 0xB0, 0x0F, 0x74, 0x2F, 0x2F, 0xE7, 0x00, 0x00, 0x01, 0x40, 0x00, 0x2C, 0x00,
    0x00, 0xA0, 0x00, 0x20, 0x80, 0x03, 0x0D, 0x00, 0x00, 0x00, 0x70, 0x00, 0xAB, 0x00, 0x0E, 0xB0,
    0x00, 0xEB, 0x00, 0x0E, 0xB0, 0x00, 0xEB, 0x00, 0x0E, 0xB0, 0x00, 0xEB, 0x00, 0x0E, 0x70, 0x00,
    0xE3, 0x40, 0x0D, 0x2D, 0x07, 0xC0, 0xBF, 0xE0, 0x00, 0x00, 0x00, 0x09, 0x00, 0x0B, 0x00, 0x01,
    0x80, 0x08, 0x20, 0x0C, 0x34, 0x00, 0x00, 0xA0, 0x0B, 0xB0, 0x0B, 0xB0, 0x0B, 0xB0, 0x0B, 0xB0,
    0x0B, 0xB0, 0x0B, 0xB0, 0x0F, 0x74, 0x2F, 0x2F, 0xE7, 0x00, 0x00, 0x00, 0x00, 0x07, 0xFE, 0x01,
    0x41, 0xE0, 0x00, 0x1C, 0x00, 0x03, 0x4F, 0xFF, 0xD3, 0x95, 0x74, 0xE0, 0x1C, 0x2D, 0x0E, 0x02,
    0xFE, 0x00, 0x00, 0x00, 0x03, 0xFE, 0x00, 0x05, 0x50, 0x00, 0x20, 0x50, 0x00, 0xD3, 0x80, 0x00,
    0x00, 0x00, 0x02, 0xC0, 0x00, 0x0F, 0x80, 0x00, 0x77, 0x00, 0x02, 0x8D, 0x00, 0x0D, 0x28, 0x00,
    0x70, 0x70, 0x03, 0x80, 0xE0, 0x1F, 0xFF, 0xC0, 0xB5, 0x57, 0x43, 0x40, 0x0E, 0x1C, 0x00, 0x1C,
    0xE0, 0x00, 0x34, 0x0B, 0xFC, 0x01, 0x54, 0x05, 0x08, 0x0A, 0x1C, 0x00, 0x00, 0x0B, 0xFC, 0x09,
    0x0F, 0x00, 0x0B, 0x00, 0x5B, 0x1F, 0xEF, 0x38, 0x07, 0x34, 0x0B, 0x38, 0x1F, 0x1F, 0xE3, 0x00,
    0x00, 0x02, 0xAA, 0x00, 0x0A, 0xA4, 0x00, 0x02, 0x00, 0x00, 0x1C, 0x00, 0x00, 0x00, 0x00, 0x02,
    0xC0, 0x00, 0x0F, 0x80, 0x00, 0x77, 0x00, 0x02, 0x8D, 0x00, 0x0D, 0x28, 0x00, 0x70, 0x70, 0x03,
    0x80, 0xE0, 0x1F, 0xFF, 0xC0, 0xB5, 0x57, 0x43, 0x40, 0x0E, 0x1C, 0x00, 0x1C, 0xE0, 0x00, 0x34,
    0x0F, 0xFC, 0x00, 0x00, 0x00, 0xD0, 0x00, 0xD0, 0x00, 0x00, 0x0B, 0xFC, 0x09, 0x0F, 0x00, 0x0B,
    0x00, 0x5B, 0x1F, 0xEF, 0x38, 0x07, 0x34, 0x0B, 0x38, 0x1F, 0x1F, 0xE3, 0x00, 0x00, 0x00, 0x01,
    0x54, 0x00, 0x00, 0x0F, 0xF8, 0x00, 0x00, 0x00, 0x00, 0x00, 0x02, 0xFF, 0xFE, 0x00, 0x0E, 0xB5,
    0x54, 0x00, 0xB2, 0xC0, 0x00, 0x03, 0x8B, 0x00, 0x00, 0x1C, 0x2C, 0x00, 0x00, 0xE0, 0xBF, 0xF4,
    0x07, 0x02, 0xD5, 0x40, 0x3F, 0xFF, 0x00, 0x01, 0xD5, 0x6C, 0x00, 0x0E, 0x00, 0xB0, 0x00, 0x74,
    0x02, 0xD5, 0x43, 0xC0, 0x0B, 0xFF, 0x80, 0x00, 0x15, 0x40, 0x00, 0x03, 0xFE, 0x00, 0x00, 0x00,
    0x00, 0x00, 0xBF, 0x8B, 0xF0, 0x08, 0x1F, 0xC2, 0xC0, 0x00, 0xB0, 0x0D, 0x00, 0x5F, 0x55, 0xE1,
    0xFA, 0xFF, 0xFD, 0x38, 0x0B, 0x00, 0x03, 0x40, 0xF0, 0x00, 0x38, 0x2F, 0xC0, 0x41, 0xFE, 0x0B,
    0xFC, 0x00, 0x00, 0x00, 0x00, 0x00, 0x00, 0x00, 0x0B, 0xFF, 0x41, 0xF5, 0x59, 0x0E, 0x00, 0x00,
    0xB0, 0x00, 0x03, 0xC0, 0x00, 0x0E, 0x00, 0x55, 0x38, 0x03, 0xFC, 0xE0, 0x00, 0xB2, 0xC0, 0x3F,
    0xF7, 0x80, 0x5B, 0x4B, 0x90, 0x2C, 0x07, 0xFF, 0xE0, 0x00, 0x00, 0x00, 0x00, 0x00, 0x00, 0x7F,
    0x9C, 0x1E, 0x0B, 0xC3, 0xC0, 0x3C, 0x38, 0x02, 0xC3, 0x40, 0x2C, 0x38, 0x02, 0xC2, 0xC0, 0x3C,
    0x0F, 0xAF, 0xC0, 0x2A, 0x2C, 0x00, 0x57, 0xD0, 0x06, 0xBE, 0x19, 0x1B, 0x40, 0xBF, 0xD0, 0x02,
    0x42, 0x40, 0x0E, 0xE0, 0x00, 0x78, 0x00, 0x00, 0x00, 0x02, 0xFF, 0xD1, 0xF5, 0x59, 0x3C, 0x00,
    0x0B, 0x00, 0x00, 0xF0, 0x00, 0x0E, 0x00, 0x55, 0xE0, 0x0F, 0xFE, 0x00, 0x0B, 0xB0, 0x00, 0xB3,
    0x80, 0x0B, 0x2F, 0x40, 0xB0, 0x7F, 0xFE, 0x00, 0x00, 0x00, 0x09, 0x09, 0x00, 0xEA, 0x00, 0x0F,
    0x00, 0x00, 0x00, 0x07, 0xF9, 0xC7, 0x82, 0xF3, 0xC0, 0x3C, 0xE0, 0x0B, 0x34, 0x02, 0xCE, 0x00,
    0xB3, 0xC0, 0x3C, 0x74, 0x2F, 0x0B, 0xFA, 0xC0, 0x00, 0xB0, 0x00, 0x38, 0x64, 0x6D, 0x0B, 0xFD,
    0x00, 0x09, 0x08, 0x00, 0x37, 0x40, 0x01, 0xE0, 0x00, 0x00, 0x00, 0x70, 0x03, 0x87, 0x00, 0xF0,
    0x70, 0x2C, 0x07, 0x0B, 0x00, 0x72, 0xC0, 0x07, 0xB8, 0x00, 0x7E, 0xD0, 0x07, 0x0F, 0x00, 0x70,
    0x3C, 0x07, 0x01, 0xD0, 0x70, 0x0B, 0x07, 0x00, 0x3C, 0x60, 0x60, 0x02, 0xEC, 0x00, 0x0F, 0x00,
    0x00, 0x00, 0x00, 0x06, 0x00, 0x00, 0xB0, 0x00, 0x0B, 0x00, 0x00, 0xB0, 0x00, 0x0B, 0x02, 0xC0,
    0xB0, 0xB0, 0x0B, 0x2C, 0x00, 0xB7, 0x40, 0x0B, 0xF4, 0x00, 0xB2, 0xC0, 0x0B, 0x0F, 0x00, 0xB0,
    0x38, 0x0B, 0x01, 0xD0, 0x00, 0x00, 0x00, 0x1F, 0xFD, 0x02, 0xE5, 0x6D, 0x0E, 0x00, 0x2C, 0xB0,
    0x00, 0x3B, 0x80, 0x00, 0xBE, 0x00, 0x02, 0xF8, 0x00, 0x0B, 0xE0, 0x00, 0x2E, 0xC0, 0x00, 0xE7,
    0x80, 0x07, 0x0B, 0x90, 0xB8, 0x07, 0xFF, 0x40, 0x00, 0xC0, 0x00, 0x0A, 0x00, 0x00, 0x29, 0x00,
    0x00, 0x28, 0x00, 0x00, 0x00, 0x00, 0x7F, 0xD0, 0x1E, 0x0B, 0x43, 0xC0, 0x2C, 0x38, 0x01, 0xC3,
    0x40, 0x1C, 0x38, 0x01, 0xC3, 0xC0, 0x2C, 0x1E, 0x07, 0x40, 0x7F, 0xD0, 0x00, 0xA0, 0x00, 0x0C,
    0x00, 0x00, 0xD0, 0x00, 0x06, 0x40, 0x01, 0x55, 0x00, 0x0F, 0xFC, 0x00, 0x00, 0x00, 0x01, 0xFF,
    0xD0, 0x2E, 0x56, 0xD0, 0xE0, 0x02, 0xCB, 0x00, 0x03, 0xB8, 0x00, 0x0B, 0xE0, 0x00, 0x2F, 0x80,
    0x00, 0xBE, 0x00, 0x02, 0xEC, 0x00, 0x0E, 0x78, 0x00, 0x70, 0xB9, 0x0B, 0x80, 0x7F, 0xF4, 0x00,
    0x0D, 0x00, 0x00, 0x70, 0x00, 0x01, 0xD0, 0x00, 0x02, 0x80, 0x00, 0x01, 0x54, 0x00, 0x7F, 0xD0,
    0x00, 0x00, 0x00, 0x7F, 0xD0, 0x1E, 0x0B, 0x43, 0xC0, 0x2C, 0x38, 0x01, 0xC3, 0x40, 0x1C, 0x38,
    0x01, 0xC3, 0xC0, 0x2C, 0x1E, 0x07, 0x40, 0x7F, 0xD0, 0x00, 0xA0, 0x00, 0x0C, 0x00, 0x00, 0xD0,
    0x00, 0x06, 0x40, 0x08, 0x08, 0x01, 0xDD, 0x00, 0x1E, 0x00, 0x00, 0x00, 0x3F, 0xFF, 0x45, 0x57,
    0xC0, 0x02, 0xC0, 0x02, 0xC0, 0x02, 0xC0, 0x01, 0xF9, 0x00, 0x16, 0xF0, 0x00, 0x0E, 0x00, 0x03,
    0xC0, 0x00, 0xE6, 0x00, 0xB1, 0xFF, 0xF4, 0x00, 0x00, 0x00, 0x24, 0x24, 0x0E, 0xE0, 0x03, 0xC0,
    0x00, 0x00, 0xBF, 0xFD, 0x15, 0x7C, 0x00, 0xB0, 0x01, 0xC0, 0x07, 0x40, 0x0F, 0x90, 0x05, 0xB8,
    0x00, 0x0D, 0x00, 0x0E, 0x00, 0x0E, 0x00, 0x0D, 0x94, 0x7C, 0x7F, 0xE0, 0x60, 0x62, 0xEC, 0x0F,
    0x00, 0x00, 0x0B, 0x00, 0xB0, 0x0B, 0x00, 0xB0, 0x0B, 0x00, 0xB0, 0x0B, 0x00, 0xB0, 0x0B, 0x00,
    0xB0, 0x0B, 0x05, 0xE0, 0xFC, 0x00, 0x7F, 0xF8, 0x00, 0xFF, 0xFE, 0x75, 0x6F, 0x40, 0x55, 0x6E,
    0x70, 0x02, 0xD0, 0x00, 0x3C, 0x70, 0x00, 0xF0, 0x00, 0x70, 0x70, 0x00, 0xB0, 0x00, 0xE0, 0x70,
    0x00, 0x70, 0x03, 0xC0, 0x70, 0x00, 0x70, 0x07, 0x00, 0x70, 0x00, 0xB0, 0x0E, 0x00, 0x70, 0x00,
    0xF0, 0x3C, 0x00, 0x70, 0x02, 0xD0, 0x70, 0x00, 0x75, 0x5F, 0x40, 0xF5, 0x55, 0x7F, 0xF8, 0x01,
    0xFF, 0xFF, 0x7F, 0xF8, 0x00, 0x00, 0x01, 0xD5, 0xBD, 0x00, 0x00, 0x07, 0x00, 0x2D, 0x00, 0x00,
    0x1C, 0x00, 0x3C, 0x3F, 0xFC, 0x70, 0x00, 0xB0, 0x00, 0xB1, 0xC0, 0x01, 0xC0, 0x07, 0x47, 0x00,
    0x07, 0x00, 0x38, 0x1C, 0x00, 0x2C, 0x02, 0xC0, 0x70, 0x00, 0xF0, 0x1C, 0x01, 0xC0, 0x0B, 0x40,
    0xD0, 0x07, 0x55, 0xF4, 0x0F, 0x00, 0x1F, 0xFE, 0x00, 0x3F, 0xFD, 0x00, 0x01, 0x80, 0x00, 0x00,
    0x00, 0x2C, 0x00, 0x00, 0x00, 0x02, 0xC0, 0x00, 0x00, 0x00, 0x2C, 0x00, 0x00, 0x07, 0xFA, 0xC3,
    0xFF, 0xD1, 0xE0, 0xBC, 0x00, 0x2C, 0x3C, 0x03, 0xC0, 0x03, 0x43, 0x80, 0x2C, 0x00, 0xE0, 0x34,
    0x02, 0xC0, 0x2C, 0x03, 0x80, 0x2C, 0x07, 0x40, 0x3C, 0x03, 0xC0, 0xE0, 0x01, 0xD0, 0xBC, 0x2C,
    0x00, 0x0B, 0xF9, 0xC3, 0xFF, 0xD0, 0x00, 0x00, 0x00, 0x00, 0x00, 0x0A, 0x00, 0x01, 0xD0, 0x00,
    0x34, 0x00, 0x00, 0x00, 0x02, 0xFF, 0xD1, 0xF5, 0x59, 0x3C, 0x00, 0x0B, 0x00, 0x00, 0xF0, 0x00,
    0x0E, 0x00, 0x55, 0xE0, 0x0F, 0xFE, 0x00, 0x0B, 0xB0, 0x00, 0xB3, 0x80, 0x0B, 0x2F, 0x40, 0xB0,
    0x7F, 0xFE, 0x00, 0x00, 0x00, 0x00, 0x1C, 0x00, 0x0E, 0x00, 0x09, 0x00, 0x00, 0x00, 0x07, 0xF9,
    0xC7, 0x82, 0xF3, 0xC0, 0x3C, 0xE0, 0x0B, 0x34, 0x02, 0xCE, 0x00, 0xB3, 0xC0, 0x3C, 0x74, 0x2F,
    0x0B, 0xFA, 0xC0, 0x00, 0xB0, 0x00, 0x38, 0x64, 0x6D, 0x0B, 0xFD, 0x00, 0x70, 0x03, 0x40, 0x07,
    0x00, 0x38, 0x00, 0x70, 0x03, 0x80, 0x07, 0x00, 0x38, 0x1C, 0x70, 0x03, 0x81, 0xC7, 0xFF, 0xF8,
    0x1C, 0x79, 0x57, 0x81, 0xC7, 0x00, 0x38, 0x1C, 0x70, 0x03, 0x81, 0xC7, 0x00, 0x38, 0x1C, 0x70,
    0x02, 0xD3, 0xC7, 0x00, 0x0F, 0xF0, 0x00, 0x00, 0x00, 0x00, 0x00, 0x00, 0x07, 0x2F, 0xE0, 0x7A,
    0x5B, 0x87, 0x80, 0x2C, 0x74, 0x01, 0xC7, 0x00, 0x1C, 0x70, 0x02, 0xC7, 0x00, 0x38, 0x70, 0x0B,
    0x07, 0x01, 0xD0, 0x70, 0xB8, 0x07, 0xBD, 0x00, 0x7E, 0x00, 0x07, 0x00, 0x00, 0x70, 0x00, 0x07,
    0x00, 0x00, 0x70, 0x00, 0x00, 0x02, 0xC0, 0x00, 0x03, 0x80, 0x00, 0x03, 0x40, 0x00, 0x00, 0x00,
    0x78, 0x00, 0x71, 0xF4, 0x01, 0xC7, 0xF0, 0x07, 0x1C, 0xE0, 0x1C, 0x72, 0xC0, 0x71, 0xC3, 0xC1,
    0xC7, 0x03, 0x47, 0x1C, 0x0B, 0x1C, 0x70, 0x0F, 0x71, 0xC0, 0x1E, 0xC7, 0x00, 0x2F, 0x1C, 0x00,
    0x3C, 0x0A, 0x00, 0x03, 0x40, 0x00, 0xC0, 0x00, 0x00, 0xA7, 0xF8, 0xBD, 0x1E, 0xB0, 0x0B, 0xB0,
    0x0B, 0xB0, 0x0B, 0xB0, 0x0B, 0xB0, 0x0B, 0xB0, 0x0B, 0xB0, 0x0B, 0x00, 0x1D, 0x00, 0x00, 0xD0,
    0x00, 0x05, 0x00, 0x00, 0x77, 0x00, 0x01, 0x4C, 0x00, 0x03, 0xE0, 0x00, 0x0F, 0x80, 0x00, 0x77,
    0x00, 0x03, 0x8E, 0x00, 0x0C, 0x1C, 0x00, 0xA0, 0x34, 0x03, 0xAA, 0xF0, 0x2F, 0xFF, 0xC0, 0xE0,
    0x03, 0x87, 0x00, 0x0B, 0x38, 0x00, 0x0D, 0x00, 0x3C, 0x00, 0x90, 0x00, 0x90, 0x03, 0x64, 0x03,
    0x18, 0x01, 0xE0, 0x00, 0x00, 0x0B, 0xFC, 0x09, 0x0F, 0x00, 0x0B, 0x00, 0x5B, 0x1F, 0xEF, 0x38,
    0x07, 0x34, 0x0B, 0x38, 0x1F, 0x1F, 0xE3, 0x00, 0x00, 0x00, 0x00, 0x0D, 0x00, 0x00, 0x00, 0xE0,
    0x00, 0x00, 0x06, 0x00, 0x00, 0x00, 0x00, 0x00, 0x00, 0x0B, 0xFF, 0xF8, 0x00, 0x3A, 0xD5, 0x50,
    0x02, 0xCB, 0x00, 0x00, 0x0E, 0x2C, 0x00, 0x00, 0x70, 0xB0, 0x00, 0x03, 0x82, 0xFF, 0xD0, 0x1C,
    0x0B, 0x55, 0x00, 0xFF, 0xFC, 0x00, 0x07, 0x55, 0xB0, 0x00, 0x38, 0x02, 0xC0, 0x01, 0xD0, 0x0B,
    0x55, 0x0F, 0x00, 0x2F, 0xFE, 0x00, 0x00, 0xD0, 0x00, 0x00, 0x2C, 0x00, 0x00, 0x06, 0x00, 0x00,
    0x00, 0x00, 0x00, 0x0B, 0xF8, 0xBF, 0x00, 0x81, 0xFC, 0x2C, 0x00, 0x0B, 0x00, 0xD0, 0x05, 0xF5,
    0x5E, 0x1F, 0xAF, 0xFF, 0xD3, 0x80, 0xB0, 0x00, 0x34, 0x0F, 0x00, 0x03, 0x82, 0xFC, 0x04, 0x1F,
    0xE0, 0xBF, 0xC0, 0x00, 0x00, 0x00, 0x00, 0x0A, 0x00, 0x00, 0xB0, 0x00, 0x03, 0x00, 0x00, 0x00,
    0x00, 0x07, 0xFF, 0xB0, 0xB9, 0x5B, 0x83, 0x80, 0x3F, 0x2C, 0x01, 0xCE, 0xE0, 0x0D, 0x2F, 0x80,
    0xE0, 0xBE, 0x0B, 0x02, 0xF8, 0x70, 0x0B, 0xB3, 0x40, 0x39, 0xF8, 0x01, 0xC2, 0xE4, 0x2E, 0x0E,
    0xFF, 0xD0, 0x10, 0x00, 0x00, 0x00, 0x1D, 0x00, 0x03, 0x80, 0x00, 0xA0, 0x00, 0x00, 0x00, 0x07,
    0xFF, 0x81, 0xE0, 0xF4, 0x3C, 0x0F, 0xC3, 0x83, 0x9C, 0x34, 0xB1, 0xC3, 0x9C, 0x1C, 0x3F, 0x42,
    0xC1, 0xF0, 0x74, 0x1F, 0xFD, 0x00, 0x00, 0x00, 0x0D, 0x70, 0x00, 0x2C, 0xB0, 0x00, 0x24, 0x90,
    0x00, 0x00, 0x00, 0x00, 0xB0, 0x00, 0x03, 0xE0, 0x00, 0x1D, 0xC0, 0x00, 0xA3, 0x40, 0x03, 0x4A,
    0x00, 0x1C, 0x1C, 0x00, 0xE0, 0x38, 0x07, 0xFF, 0xF0, 0x2D, 0x55, 0xD0, 0xD0, 0x03, 0x87, 0x00,
    0x07, 0x38, 0x00, 0x0D, 0x28, 0xA0, 0x0D, 0x70, 0x06, 0x18, 0x00, 0x00, 0x0B, 0xFC, 0x09, 0x0F,
    0x00, 0x0B, 0x00, 0x5B, 0x1F, 0xEF, 0x38, 0x07, 0x34, 0x0B, 0x38, 0x1F, 0x1F, 0xE3, 0x00, 0x00,
    0x00, 0x10, 0x00, 0x0B, 0xF4, 0x00, 0x20, 0x20, 0x00, 0x00, 0x00, 0x00, 0xB0, 0x00, 0x03, 0xE0,
    0x00, 0x1D, 0xC0, 0x00, 0xA3, 0x40, 0x03, 0x4A, 0x00, 0x1C, 0x1C, 0x00, 0xE0, 0x38, 0x07, 0xFF,
    0xF0, 0x2D, 0x55, 0xD0, 0xD0, 0x03, 0x87, 0x00, 0x07, 0x38, 0x00, 0x0D, 0x00, 0x40, 0x07, 0xF8,
    0x08, 0x08, 0x00, 0x00, 0x0B, 0xFC, 0x09, 0x0F, 0x00, 0x0B, 0x00, 0x5B, 0x1F, 0xEF, 0x38, 0x07,
    0x34, 0x0B, 0x38, 0x1F, 0x1F, 0xE3, 0x00, 0x00, 0x71, 0xC0, 0x38, 0xE0, 0x08, 0x30, 0x00, 0x00,
    0x7F, 0xFC, 0x75, 0x54, 0x70, 0x00, 0x70, 0x00, 0x70, 0x00, 0x7F, 0xFC, 0x79, 0x54, 0x70, 0x00,
    0x70, 0x00, 0x70, 0x00, 0x75, 0x54, 0x7F, 0xFD, 0x28, 0xA0, 0x03, 0x4C, 0x00, 0x61, 0x80, 0x00,
    0x00, 0x07, 0xFC, 0x03, 0x83, 0xC2, 0xC0, 0x34, 0xE5, 0x5E, 0x3F, 0xFF, 0x4E, 0x00, 0x03, 0xC0,
    0x00, 0x78, 0x04, 0x07, 0xFF, 0x00, 0x00, 0x00, 0x01, 0x40, 0x0F, 0xF0, 0x18, 0x18, 0x00, 0x00,
    0x7F, 0xFC, 0x75, 0x54, 0x70, 0x00, 0x70, 0x00, 0x70, 0x00, 0x7F, 0xFC, 0x79, 0x54, 0x70, 0x00,
    0x70, 0x00, 0x70, 0x00, 0x75, 0x54, 0x7F, 0xFD, 0x00, 0x50, 0x01, 0xFF, 0x00, 0x80, 0x80, 0x00,
    0x00, 0x07, 0xFC, 0x03, 0x83, 0xC2, 0xC0, 0x34, 0xE5, 0x5E, 0x3F, 0xFF, 0x4E, 0x00, 0x03, 0xC0,
    0x00, 0x78, 0x04, 0x07, 0xFF, 0x00, 0x00, 0x00, 0xA2, 0x80, 0xD3, 0x40, 0xC2, 0x00, 0x00, 0x1F,
    0xF0, 0x0E, 0x00, 0x38, 0x00, 0xE0, 0x03, 0x80, 0x0E, 0x00, 0x38, 0x00, 0xE0, 0x03, 0x80, 0x0E,
    0x00, 0x38, 0x07, 0xFC, 0x71, 0xC0, 0xA3, 0x80, 0x82, 0x00, 0x00, 0x02, 0xC0, 0x0B, 0x00, 0x2C,
    0x00, 0xB0, 0x02, 0xC0, 0x0B, 0x00, 0x2C, 0x00, 0xB0, 0x02, 0xC0, 0x05, 0x03, 0xFC, 0x90, 0x90,
    0x00, 0x7F, 0xC0, 0xE0, 0x0E, 0x00, 0xE0, 0x0E, 0x00, 0xE0, 0x0E, 0x00, 0xE0, 0x0E, 0x00, 0xE0,
    0x0E, 0x07, 0xFC, 0x05, 0x03, 0xFC, 0x60, 0x60, 0x00, 0x0B, 0x00, 0xB0, 0x0B, 0x00, 0xB0, 0x0B,
    0x00, 0xB0, 0x0B, 0x00, 0xB0, 0x0B, 0x00, 0x09, 0x34, 0x00, 0x1C, 0x70, 0x00, 0x18, 0x60, 0x00,
    0x00, 0x00, 0x07, 0xFF, 0x40, 0xB9, 0x5B, 0x43, 0x80, 0x0B, 0x2C, 0x00, 0x0E, 0xE0, 0x00, 0x2F,
    0x80, 0x00, 0xBE, 0x00, 0x02, 0xF8, 0x00, 0x0B, 0xB0, 0x00, 0x39, 0xE0, 0x01, 0xC2, 0xE4, 0x2E,
    0x01, 0xFF, 0xD0, 0x00, 0x00, 0x00, 0x1C, 0x70, 0x00, 0xE3, 0x80, 0x03, 0x0C, 0x00, 0x00, 0x00,
    0x07, 0xFD, 0x01, 0xE0, 0xB4, 0x3C, 0x02, 0xC3, 0x80, 0x1C, 0x34, 0x01, 0xC3, 0x80, 0x1C, 0x3C,
    0x02, 0xC1, 0xE0, 0x74, 0x07, 0xFD, 0x00, 0x00, 0x00, 0x00, 0x10, 0x00, 0x07, 0xF8, 0x00, 0x30,
    0x30, 0x00, 0x00, 0x00, 0x07, 0xFF, 0x40, 0xB9, 0x5B, 0x43, 0x80, 0x0B, 0x2C, 0x00, 0x0E, 0xE0,
    0x00, 0x2F, 0x80, 0x00, 0xBE, 0x00, 0x02, 0xF8, 0x00, 0x0B, 0xB0, 0x00, 0x39, 0xE0, 0x01, 0xC2,
    0xE4, 0x2E, 0x01, 0xFF, 0xD0, 0x00, 0x00, 0x00, 0x00, 0x50, 0x00, 0x3F, 0xC0, 0x06, 0x05, 0x00,
    0x00, 0x00, 0x07, 0xFD, 0x01, 0xE0, 0xB4, 0x3C, 0x02, 0xC3, 0x80, 0x1C, 0x34, 0x01, 0xC3, 0x80,
    0x1C, 0x3C, 0x02, 0xC1, 0xE0, 0x74, 0x07, 0xFD, 0x00, 0x00, 0x00, 0x71, 0xC0, 0x02, 0xCA, 0x00,
    0x09, 0x20, 0x00, 0x00, 0x00, 0x7F, 0xF4, 0x07, 0x56, 0xE0, 0x70, 0x0B, 0x07, 0x00, 0x70, 0x70,
    0x0B, 0x07, 0x41, 0xE0, 0x7F, 0xF4, 0x07, 0x07, 0x40, 0x70, 0x2C, 0x07, 0x00, 0xE0, 0x70, 0x0B,
    0x07, 0x00, 0x3C, 0x71, 0x80, 0xE3, 0x40, 0xC3, 0x00, 0x00, 0x28, 0xF8, 0xBD, 0x42, 0xD0, 0x0B,
    0x00, 0x2C, 0x00, 0xB0, 0x02, 0xC0, 0x0B, 0x00, 0x2C, 0x00, 0x01, 0x40, 0x00, 0xFF, 0x40, 0x18,
    0x18, 0x00, 0x00, 0x00, 0x7F, 0xF4, 0x07, 0x56, 0xE0, 0x70, 0x0B, 0x07, 0x00, 0x70, 0x70, 0x0B,
    0x07, 0x41, 0xE0, 0x7F, 0xF4, 0x07, 0x07, 0x40, 0x70, 0x2C, 0x07, 0x00, 0xE0, 0x70, 0x0B, 0x07,
    0x00, 0x3C, 0x05, 0x03, 0xFC, 0x50, 0x50, 0x00, 0xA3, 0xEB, 0xD4, 0xB4, 0x0B, 0x00, 0xB0, 0x0B,
    0x00, 0xB0, 0x0B, 0x00, 0xB0, 0x00, 0x1C, 0x70, 0x00, 0xE3, 0x80, 0x02, 0x0C, 0x00, 0x00, 0x00,
    0x70, 0x00, 0xAB, 0x00, 0x0E, 0xB0, 0x00, 0xEB, 0x00, 0x0E, 0xB0, 0x00, 0xEB, 0x00, 0x0E, 0xB0,
    0x00, 0xEB, 0x00, 0x0E, 0x70, 0x00, 0xE3, 0x40, 0x0D, 0x2D, 0x07, 0xC0, 0xBF, 0xE0, 0x00, 0x00,
    0x00, 0x71, 0xC0, 0x28, 0xE0, 0x08, 0x20, 0x00, 0x00, 0xA0, 0x0B, 0xB0, 0x0B, 0xB0, 0x0B, 0xB0,
    0x0B, 0xB0, 0x0B, 0xB0, 0x0B, 0xB0, 0x0F, 0x74, 0x2F, 0x2F, 0xE7, 0x00, 0x00, 0x00, 0x50, 0x00,
    0x3F, 0xC0, 0x06, 0x06, 0x00, 0x00, 0x00, 0x70, 0x00, 0xAB, 0x00, 0x0E, 0xB0, 0x00, 0xEB, 0x00,
    0x0E, 0xB0, 0x00, 0xEB, 0x00, 0x0E, 0xB0, 0x00, 0xEB, 0x00, 0x0E, 0x70, 0x00, 0xE3, 0x40, 0x0D,
    0x2D, 0x07, 0xC0, 0xBF, 0xE0, 0x00, 0x00, 0x00, 0x01, 0x40, 0x0F, 0xF0, 0x18, 0x18, 0x00, 0x00,
    0xA0, 0x0B, 0xB0, 0x0B, 0xB0, 0x0B, 0xB0, 0x0B, 0xB0, 0x0B, 0xB0, 0x0B, 0xB0, 0x0F, 0x74, 0x2F,
    0x2F, 0xE7, 0x00, 0x00, 0x00, 0x00, 0x02, 0xFF, 0x82, 0xE5, 0xA0, 0xE0, 0x00, 0x38, 0x00, 0x0B,
    0x40, 0x00, 0xBD, 0x00, 0x06, 0xF4, 0x00, 0x0F, 0x00, 0x00, 0xD0, 0x00, 0x34, 0x90, 0x7C, 0x3F,
    0xF8, 0x00, 0x00, 0x00, 0x0C, 0x00, 0x07, 0x00, 0x01, 0x00, 0x00, 0x00, 0x00, 0x1F, 0xF8, 0x38,
    0x14, 0x34, 0x00, 0x2E, 0x00, 0x07, 0xE0, 0x00, 0x7C, 0x00, 0x1C, 0x10, 0x2C, 0x3F, 0xF4, 0x00,
    0x00, 0x01, 0xC0, 0x02, 0x40, 0x02, 0x00, 0xFF, 0xFF, 0xC5, 0x5E, 0x54, 0x00, 0xD0, 0x00, 0x0D,
    0x00, 0x00, 0xD0, 0x00, 0x0D, 0x00, 0x00, 0xD0, 0x00, 0x0D, 0x00, 0x00, 0xD0, 0x00, 0x0D, 0x00,
    0x00, 0xD0, 0x00, 0x0D, 0x00, 0x00, 0x00, 0x00, 0x0E, 0x00, 0x00, 0xC0, 0x00, 0x04, 0x00, 0x0C,
    0x01, 0xC0, 0x7F, 0xE2, 0xC0, 0x1C, 0x01, 0xC0, 0x1C, 0x01, 0xC0, 0x1C, 0x01, 0xD0, 0x0B, 0xE0,
    0x00, 0x03, 0x40, 0x30, 0x05, 0x00, 0x00, 0x00, 0x07, 0xFF, 0x03, 0x91, 0xF0, 0x00, 0x0D, 0x00,
    0x03, 0x40, 0x03, 0xC0, 0x1B, 0xC0, 0x1E, 0xB8, 0x00, 0x07, 0x40, 0x00, 0xE0, 0x00, 0x38, 0x00,
    0x1D, 0x00, 0x1F, 0x00, 0x6F, 0x02, 0xFD, 0x01, 0xD0, 0x00, 0x00, 0x00, 0x2F, 0xF0, 0x24, 0x3C,
    0x00, 0x1C, 0x00, 0x2C, 0x00, 0xB4, 0x0F, 0xF4, 0x04, 0x2C, 0x00, 0x0D, 0x00, 0x0D, 0x00, 0x2C,
    0x00, 0xF4, 0x2F, 0xC0, 0x78, 0x00, 0x06, 0x06, 0x00, 0x2E, 0xC0, 0x00, 0xF0, 0x00, 0x00, 0x00,
    0x70, 0x00, 0xA7, 0x00, 0x0E, 0x70, 0x00, 0xE7, 0x00, 0x0E, 0x70, 0x00, 0xE7, 0xFF, 0xFE, 0x79,
    0x55, 0xE7, 0x00, 0x0E, 0x70, 0x00, 0xE7, 0x00, 0x0E, 0x70, 0x00, 0xE7, 0x00, 0x0E, 0x60, 0x60,
    0x02, 0xEC, 0x00, 0x0F, 0x00, 0x00, 0x00, 0x00, 0x06, 0x00, 0x00, 0xB0, 0x00, 0x0B, 0x00, 0x00,
    0xB0, 0x00, 0x0B, 0x7F, 0x80, 0xBD, 0x1E, 0x0B, 0x00, 0xB0, 0xB0, 0x0B, 0x0B, 0x00, 0xB0, 0xB0,
    0x0B, 0x0B, 0x00, 0xB0, 0xB0, 0x0B, 0x0B, 0x00, 0xB0, 0x28, 0x07, 0x40, 0x70, 0x0A, 0x2C, 0x30,
    0x0A, 0x02, 0xF8, 0x60, 0xA0, 0x00, 0x00, 0xBE, 0x72, 0x1B, 0x00, 0x15, 0x47, 0xFD, 0x00, 0x00,
    0x7F, 0xFD, 0x00, 0x00, 0x00, 0x07, 0x5D, 0x2F, 0x40, 0x0F, 0x50, 0x00, 0x07, 0x0D, 0x10, 0x40,
    0x28, 0x0A, 0x0A, 0x28, 0x00, 0x28, 0x96, 0x83, 0x3D, 0x0A, 0x28, 0x71, 0xC3, 0x0C, 0x00, 0x60,
    0x93, 0xAC, 0x0F, 0x00, 0x5A, 0xA0, 0x82, 0xD7, 0xD7, 0x00, 0x71, 0xC0, 0xE3, 0x80, 0x83, 0x00,
    0x00, 0x00, 0xA0, 0x0A, 0x06, 0x5D, 0x2F, 0x40, 0x05, 0x03, 0xFC, 0x50, 0x50, 0x0C, 0x1C, 0x38,
    0x34, 0x00, 0x1C, 0x2C, 0x38, 0x30, 0x00, 0x34, 0x38, 0x2C, 0x0C, 0x00, 0x1C, 0x2C, 0x38, 0x30,
    0x00, 0x70, 0x2C, 0x09, 0x0D, 0x38, 0x60, 0x05, 0x1D, 0x6D, 0x05, 0x50, 0x74, 0x79, 0x50, 0xAA,
    0x45, 0xA0, 0x28, 0x0A, 0x00, 0x00, 0x0A, 0x0E, 0x7C, 0x90, 0x2C, 0xD2, 0x00, 0x28, 0x7D, 0x55,
    0x00, 0xBE, 0x28, 0x14, 0x14, 0x69, 0x7D, 0x14, 0x69, 0x55, 0x08, 0x71, 0xDB, 0xF4, 0x83, 0x4D,
    0x39, 0x7C, 0xAA, 0x00, 0x07, 0x0D, 0x10, 0x40, 0x28, 0x96, 0x83, 0x3D, 0x1C, 0x24, 0x20, 0x24,
    0x2D, 0x0A, 0xBC, 0x00, 0x28, 0x30, 0x74, 0x18, 0x5A, 0xA0, 0x00, 0x0F, 0xFF, 0xC0, 0x38, 0x02,
    0x32, 0x8C, 0x2E, 0xB8, 0x60, 0x93, 0xAC, 0x0F, 0x00, 0x0A, 0x02, 0xF8, 0x60, 0x90, 0x00, 0x07,
    0x5D, 0x2F, 0x40, 0x05, 0x03, 0xFC, 0x50, 0x50, 0x00, 0x00, 0x2F, 0x9C, 0x30, 0xB4, 0x15, 0x47,
    0xFD, 0x6A, 0xA9, 0x6A, 0xA9, 0x6A, 0xA9, 0x2A, 0xA8, 0x15, 0x54, 0x6A, 0xA9, 0x00, 0x01, 0xF9,
    0xCC, 0x2D, 0x00, 0x00, 0x00, 0x7F, 0xFD, 0x00, 0x00, 0x55, 0x55, 0x55, 0xFF, 0xFF, 0xFF, 0x00,
    0x40, 0x3C, 0x2E, 0x02, 0x00, 0x00, 0x08, 0x00, 0x1C, 0x00, 0x34, 0x00, 0x30, 0x00, 0xA0, 0x00,
    0xD0, 0x01, 0xC0, 0x03, 0x80, 0x03, 0x00, 0x0A, 0x00, 0x0D, 0x00, 0x1C, 0x00, 0x28, 0x00, 0x30,
    0x00, 0x83, 0x38, 0x00, 0x0C, 0x03, 0xD5, 0x7A, 0xAA, 0x2A, 0xA8, 0x35, 0x5C, 0x30, 0x0C, 0x3F,
    0xFC, 0x2F, 0xB8, 0x31, 0x8C, 0x55, 0x3C, 0x7D, 0x00, 0x04, 0x38, 0x34, 0x1C, 0x2C, 0x10, 0x6A,
    0xA9, 0x2A, 0xA8, 0x15, 0x54, 0x6A, 0xA9, 0x70, 0x2C, 0x09, 0x0D, 0x38, 0x60, 0x00, 0x00, 0x2F,
    0x9C, 0x30, 0xB4, 0x38, 0x0C, 0x14, 0x03, 0x81, 0xDD, 0xC1, 0xA1, 0x00, 0x52, 0xC7, 0x80, 0x6A,
    0xA9, 0xA5, 0x5A, 0x90, 0x06, 0x00, 0x00, 0x6A, 0xA9, 0x2A, 0xA8, 0x15, 0x54, 0x6A, 0xA9, 0x82,
    0xD7, 0xD7, 0x00, 0xBE, 0x0A, 0x0A, 0x00, 0x80, 0x2F, 0xDC, 0x33, 0xB4, 0x00, 0x00, 0x00, 0x00,
    0x02, 0x80, 0x09, 0x08, 0x3B, 0xE8, 0x10, 0x50, 0x02, 0x80, 0x00, 0x00, 0x10, 0x17, 0xEA, 0x41,
    0x87, 0xD6, 0x96, 0xC0, 0x00, 0x03, 0x5C, 0x7A, 0xD0, 0x00, 0x00, 0x3C, 0x28, 0x28, 0xF8, 0x7D,
    0x2F, 0xC0, 0x00, 0x03, 0x80, 0x96, 0x02, 0x02, 0x00, 0x80, 0x08, 0x00, 0x20, 0xC4, 0x00, 0x13,
    0xC4, 0x00, 0x13, 0x48, 0x00, 0x21, 0x02, 0x00, 0x80, 0x80, 0x96, 0x02, 0xC0, 0x00, 0x03, 0xF8,
    0x7D, 0x2F, 0x00, 0x74, 0x1D, 0x74, 0x00, 0x01, 0xC8, 0x28, 0x10, 0x2F, 0x86, 0x09, 0x0A, 0x00,
    0xA0, 0x00, 0x7D, 0x3C, 0x14, 0x00, 0x2C, 0x74, 0x09, 0x00, 0x78, 0x1D, 0x60, 0x00, 0x00, 0x38,
    0x34, 0x0E, 0xA8, 0x34, 0xCC, 0x02, 0x83, 0x1C, 0x40, 0x0F, 0x50, 0x00, 0x69, 0x7D, 0x28, 0x05,
    0x50, 0x37, 0xDC, 0x32, 0x8C, 0x2E, 0xB8, 0x00, 0x20, 0x7D, 0x08, 0x00, 0x10, 0x00, 0x00, 0x43,
    0x80, 0x00, 0x2C, 0x0F, 0x95, 0x6F, 0x00, 0x0A, 0xFA, 0x40, 0x10, 0x00, 0x00, 0x43, 0x80, 0x00,
    0x2C, 0x0F, 0x95, 0x6F, 0x00, 0x0A, 0xFA, 0x40, 0x55, 0x55, 0x5A, 0xAA, 0xAA, 0x55, 0x55, 0x5A,
    0xAA, 0xAA, 0x00, 0x00, 0x00, 0x02, 0xFF, 0xE5, 0x5C, 0x60, 0x05, 0xBE, 0x40, 0x00, 0x00, 0x00,
    0x00, 0x2F, 0xFF, 0x80, 0x1E, 0x40, 0x1B, 0x43, 0x00, 0x00, 0x1C, 0x00, 0x00, 0x00, 0x00, 0x00,
    0x00, 0x00, 0x01, 0x55, 0x55, 0x6C, 0x2A, 0xAA, 0xAA, 0xD0, 0x00, 0x00, 0x00, 0x19, 0x16, 0x82,
    0x25, 0x29, 0x67, 0x50, 0x19, 0x00, 0x12, 0x21, 0x29, 0x20, 0x88, 0x20, 0xA0, 0x42, 0x82, 0x82,
    0x25, 0x29, 0x20, 0x20, 0x19, 0x01, 0x02, 0x27, 0x82, 0x82, 0x25, 0x00, 0x80, 0xAA, 0x82, 0x82,
    0x41, 0x9A, 0x62, 0x08, 0x88, 0x22, 0x10, 0x44, 0xA6, 0x08, 0x10, 0x10, 0x28, 0x20, 0x10, 0x08,
    0x42, 0x08, 0x42, 0x80, 0x10, 0x11, 0x0A, 0x02, 0x81, 0x04, 0x0A, 0x00, 0x03, 0x40, 0x00, 0xC0,
    0x00, 0x00, 0x7F, 0xFC, 0x75, 0x54, 0x70, 0x00, 0x70, 0x00, 0x70, 0x00, 0x7F, 0xFC, 0x79, 0x54,
    0x70, 0x00, 0x70, 0x00, 0x70, 0x00, 0x75, 0x54, 0x7F, 0xFD, 0x00, 0x00, 0x0D, 0x30, 0x08, 0x20,
    0x00, 0x00, 0x7F, 0xFC, 0x75, 0x54, 0x70, 0x00, 0x70, 0x00, 0x70, 0x00, 0x7F, 0xFC, 0x79, 0x54,
    0x70, 0x00, 0x70, 0x00, 0x70, 0x00, 0x75, 0x54, 0x7F, 0xFD, 0xFF, 0xFF, 0x80, 0x57, 0x95, 0x40,
    0x03, 0x80, 0x00, 0x03, 0x80, 0x00, 0x03, 0x80, 0x00, 0x03, 0xFF, 0xE0, 0x03, 0x80, 0x78, 0x03,
    0x80, 0x2C, 0x03, 0x80, 0x1C, 0x03, 0x80, 0x2C, 0x03, 0x80, 0x78, 0x03, 0x8F, 0xE0, 0x00, 0x00,
    0x00, 0x00, 0x70, 0x00, 0xD0, 0x02, 0x40, 0x00, 0x00, 0x7F, 0xFC, 0x75, 0x54, 0x70, 0x00, 0x70,
    0x00, 0x70, 0x00, 0x70, 0x00, 0x70, 0x00, 0x70, 0x00, 0x70, 0x00, 0x70, 0x00, 0x70, 0x00, 0x70,
    0x00, 0x00, 0x00, 0x00, 0xBF, 0xE1, 0xF5, 0x64, 0xE0, 0x00, 0xB0, 0x00, 0x3C, 0x00, 0x0F, 0xFF,
    0xD3, 0xEA, 0xA0, 0xE0, 0x00, 0x2C, 0x00, 0x07, 0x80, 0x00, 0xB9, 0x05, 0x07, 0xFF, 0x80, 0x00,
    0x00, 0x00, 0x00, 0x02, 0xFF, 0x82, 0xE5, 0xA0, 0xE0, 0x00, 0x38, 0x00, 0x0B, 0x40, 0x00, 0xBD,
    0x00, 0x06, 0xF4, 0x00, 0x0F, 0x00, 0x00, 0xD0, 0x00, 0x34, 0x90, 0x7C, 0x3F, 0xF8, 0x00, 0x00,
    0x00, 0x71, 0xC7, 0x1C, 0x71, 0xC7, 0x1C, 0x71, 0xC7, 0x1C, 0x00, 0x1D, 0xC6, 0x30, 0x00, 0x1C,
    0x07, 0x01, 0xC0, 0x70, 0x1C, 0x07, 0x01, 0xC0, 0x70, 0x1C, 0x07, 0x01, 0xC0, 0x70, 0x01, 0xC0,
    0x1C, 0x01, 0xC0, 0x1C, 0x01, 0xC0, 0x1C, 0x01, 0xC0, 0x1C, 0x01, 0xC0, 0x1C, 0x01, 0xC0, 0x1C,
    0x02, 0xC0, 0x78, 0x7F, 0x00, 0x00, 0x03, 0xFF, 0xF0, 0x00, 0x03, 0x95, 0xF0, 0x00, 0x03, 0x00,
    0xB0, 0x00, 0x07, 0x00, 0xB0, 0x00, 0x07, 0x00, 0xB5, 0x00, 0x07, 0x00, 0xBF, 0xF8, 0x07, 0x00,
    0xB0, 0x1E, 0x0B, 0x00, 0xB0, 0x0B, 0x0B, 0x00, 0xB0, 0x0B, 0x0E, 0x00, 0xB0, 0x0F, 0x5D, 0x00,
    0xB5, 0x7D, 0xFC, 0x00, 0xBF, 0xE4, 0x00, 0x00, 0x00, 0x00, 0x70, 0x01, 0xC0, 0x00, 0x70, 0x01,
    0xC0, 0x00, 0x70, 0x01, 0xC0, 0x00, 0x70, 0x01, 0xC0, 0x00, 0x70, 0x01, 0xC0, 0x00, 0x7F, 0xFF,
    0xFF, 0xE0, 0x74, 0x02, 0xD0, 0x78, 0x70, 0x01, 0xC0, 0x1C, 0x70, 0x01, 0xC0, 0x1D, 0x70, 0x01,
    0xC0, 0x2C, 0x70, 0x01, 0xD5, 0xB8, 0x70, 0x01, 0xFF, 0xD0, 0xFF, 0xFF, 0x81, 0x5E, 0x55, 0x00,
    0x38, 0x00, 0x00, 0xE0, 0x00, 0x03, 0x80, 0x00, 0x0F, 0xFF, 0x80, 0x38, 0x07, 0x80, 0xE0, 0x0B,
    0x03, 0x80, 0x1C, 0x0E, 0x00, 0x70, 0x38, 0x01, 0xC0, 0xE0, 0x07, 0x00, 0x28, 0x00, 0x0B, 0x00,
    0x00, 0xC0, 0x00, 0x00, 0x00, 0x70, 0x03, 0x87, 0x00, 0xB0, 0x70, 0x1D, 0x07, 0x03, 0x80, 0x70,
    0xB0, 0x07, 0xFD, 0x00, 0x79, 0xE0, 0x07, 0x07, 0x40, 0x70, 0x3C, 0x07, 0x00, 0xE0, 0x70, 0x07,
    0x47, 0x00, 0x3C, 0x01, 0xC0, 0x00, 0x0B, 0x00, 0x00, 0x24, 0x00, 0x00, 0x00, 0x70, 0x00, 0xF7,
    0x00, 0x2F, 0x70, 0x03, 0xB7, 0x00, 0xE7, 0x70, 0x1C, 0xB7, 0x03, 0x4B, 0x70, 0xA0, 0xB7, 0x1C,
    0x0B, 0x73, 0x40, 0xB7, 0xB0, 0x0B, 0x7C, 0x00, 0xB7, 0x80, 0x0B, 0x00, 0x00, 0x00, 0x0D, 0x2C,
    0x00, 0x1F, 0xD0, 0x00, 0x00, 0x00, 0xB0, 0x00, 0x70, 0xD0, 0x03, 0x82, 0xC0, 0x1C, 0x03, 0x40,
    0xE0, 0x0B, 0x03, 0x40, 0x0D, 0x2C, 0x00, 0x2C, 0xD0, 0x00, 0x3F, 0x00, 0x00, 0xB8, 0x00, 0x02,
    0xC0, 0x00, 0x6D, 0x00, 0x0B, 0xE0, 0x00, 0x00, 0x00, 0x00, 0x70, 0x00, 0xD7, 0x00, 0x0E, 0x70,
    0x00, 0xE7, 0x00, 0x0E, 0x70, 0x00, 0xE7, 0x00, 0x0E, 0x70, 0x00, 0xE7, 0x00, 0x0E, 0x70, 0x00,
    0xE7, 0x00, 0x0E, 0x75, 0x55, 0xE7, 0xFF, 0xFE, 0x00, 0xB0, 0x00, 0x0B, 0x00, 0x00, 0x60, 0x00,
    0x00, 0xB0, 0x00, 0x03, 0xE0, 0x00, 0x1D, 0xC0, 0x00, 0xA3, 0x40, 0x03, 0x4A, 0x00, 0x1C, 0x1C,
    0x00, 0xE0, 0x38, 0x07, 0xFF, 0xF0, 0x2D, 0x55, 0xD0, 0xD0, 0x03, 0x87, 0x00, 0x07, 0x38, 0x00,
    0x0D, 0x7F, 0xFE, 0x1D, 0x55, 0x47, 0x00, 0x01, 0xC0, 0x00, 0x74, 0x00, 0x1F, 0xFF, 0x07, 0x01,
    0xF1, 0xC0, 0x1D, 0x70, 0x03, 0x5C, 0x01, 0xC7, 0x56, 0xE1, 0xFF, 0xE0, 0x7F, 0xF8, 0x1D, 0x5B,
    0xC7, 0x00, 0x35, 0xC0, 0x0D, 0x70, 0x07, 0x1F, 0xFF, 0x07, 0x56, 0xF1, 0xC0, 0x0E, 0x70, 0x02,
    0xDC, 0x00, 0xF7, 0x55, 0xB5, 0xFF, 0xF4, 0x7F, 0xFC, 0x75, 0x54, 0x70, 0x00, 0x70, 0x00, 0x70,
    0x00, 0x70, 0x00, 0x70, 0x00, 0x70, 0x00, 0x70, 0x00, 0x70, 0x00, 0x70, 0x00, 0x70, 0x00, 0x02,
    0xFF, 0xF4, 0x03, 0xD5, 0x74, 0x03, 0x80, 0x34, 0x03, 0x80, 0x34, 0x03, 0x40, 0x34, 0x03, 0x40,
    0x34, 0x03, 0x40, 0x34, 0x03, 0x00, 0x34, 0x0B, 0x00, 0x34, 0x0E, 0x00, 0x34, 0x6D, 0x55, 0x79,
    0xFF, 0xFF, 0xFF, 0xE0, 0x00, 0x07, 0xE0, 0x00, 0x07, 0x90, 0x00, 0x06, 0x7F, 0xFC, 0x75, 0x54,
    0x70, 0x00, 0x70, 0x00, 0x70, 0x00, 0x7F, 0xFC, 0x79, 0x54, 0x70, 0x00, 0x70, 0x00, 0x70, 0x00,
    0x75, 0x54, 0x7F, 0xFD, 0x70, 0x03, 0x00, 0x34, 0x2C, 0x03, 0x40, 0xF0, 0x0E, 0x03, 0x41, 0xC0,
    0x07, 0x03, 0x43, 0x40, 0x02, 0xC3, 0x4F, 0x00, 0x00, 0xFF, 0xFC, 0x00, 0x01, 0xEB, 0x9E, 0x00,
    0x03, 0x83, 0x4B, 0x00, 0x0B, 0x03, 0x43, 0xC0, 0x1D, 0x03, 0x41, 0xD0, 0x38, 0x03, 0x40, 0xB0,
    0xB0, 0x03, 0x40, 0x38, 0x00, 0x00, 0x0B, 0xFE, 0x02, 0x41, 0xF0, 0x00, 0x1C, 0x00, 0x07, 0x00,
    0x03, 0xC0, 0xBF, 0x80, 0x15, 0xB8, 0x00, 0x07, 0x40, 0x00, 0xE0, 0x00, 0x38, 0x50, 0x7C, 0x3F,
    0xF8, 0x00, 0x00, 0x00, 0x70, 0x00, 0xF7, 0x00, 0x2F, 0x70, 0x03, 0xB7, 0x00, 0xE7, 0x70, 0x1C,
    0xB7, 0x03, 0x4B, 0x70, 0xA0, 0xB7, 0x1C, 0x0B, 0x73, 0x40, 0xB7, 0xB0, 0x0B, 0x7C, 0x00, 0xB7,
    0x80, 0x0B, 0x00, 0x00, 0x00, 0x34, 0xB0, 0x01, 0xFC, 0x00, 0x00, 0x00, 0x70, 0x00, 0xF7, 0x00,
    0x2F, 0x70, 0x03, 0xB7, 0x00, 0xE7, 0x70, 0x1C, 0xB7, 0x03, 0x4B, 0x70, 0xA0, 0xB7, 0x1C, 0x0B,
    0x73, 0x40, 0xB7, 0xB0, 0x0B, 0x7C, 0x00, 0xB7, 0x80, 0x0B, 0x70, 0x03, 0x87, 0x00, 0xB0, 0x70,
    0x1D, 0x07, 0x03, 0x80, 0x70, 0xB0, 0x07, 0xFD, 0x00, 0x79, 0xE0, 0x07, 0x07, 0x40, 0x70, 0x3C,
    0x07, 0x00, 0xE0, 0x70, 0x07, 0x47, 0x00, 0x3C, 0x03, 0xFF, 0xF0, 0x0E, 0x56, 0xC0, 0x30, 0x07,
    0x01, 0xC0, 0x1C, 0x07, 0x00, 0x70, 0x1C, 0x01, 0xC0, 0x70, 0x07, 0x02, 0xC0, 0x1C, 0x0B, 0x00,
    0x70, 0x38, 0x01, 0xC5, 0xD0, 0x07, 0x3F, 0x00, 0x1C, 0x00, 0x00, 0x00, 0x7C, 0x00, 0x0F, 0x5F,
    0x40, 0x03, 0xE7, 0xA0, 0x02, 0xB9, 0xDC, 0x00, 0xDE, 0x73, 0x40, 0x73, 0x9C, 0xB0, 0x38, 0xE7,
    0x0C, 0x0C, 0x39, 0xC3, 0x8B, 0x0E, 0x70, 0x73, 0x43, 0x9C, 0x0E, 0xC0, 0xE7, 0x02, 0xE0, 0x39,
    0xC0, 0x74, 0x0E, 0x70, 0x00, 0xA7, 0x00, 0x0B, 0x70, 0x00, 0xB7, 0x00, 0x0B, 0x70, 0x00, 0xB7,
    0xFF, 0xFF, 0x79, 0x55, 0xF7, 0x00, 0x0B, 0x70, 0x00, 0xB7, 0x00, 0x0B, 0x70, 0x00, 0xB7, 0x00,
    0x0B, 0x00, 0x00, 0x00, 0x1F, 0xF8, 0x02, 0xE4, 0x7D, 0x0E, 0x00, 0x3C, 0xB0, 0x00, 0x77, 0x80,
    0x00, 0xEE, 0x00, 0x03, 0xB8, 0x00, 0x0E, 0xE0, 0x00, 0x3A, 0xC0, 0x01, 0xD3, 0x40, 0x0F, 0x0B,
    0x81, 0xF4, 0x07, 0xFF, 0x00, 0x00, 0x00, 0x00, 0x7F, 0xFF, 0xE7, 0x55, 0x5E, 0x70, 0x00, 0xE7,
    0x00, 0x0E, 0x70, 0x00, 0xE7, 0x00, 0x0E, 0x70, 0x00, 0xE7, 0x00, 0x0E, 0x70, 0x00, 0xE7, 0x00,
    0x0E, 0x70, 0x00, 0xE7, 0x00, 0x0E, 0x7F, 0xE4, 0x1D, 0x5B, 0x87, 0x00, 0xB1, 0xC0, 0x1C, 0x70,
    0x07, 0x1C, 0x07, 0x87, 0xFF, 0x81, 0xD5, 0x00, 0x70, 0x00, 0x1C, 0x00, 0x07, 0x00, 0x01, 0xC0,
    0x00, 0x00, 0x00, 0x00, 0xBF, 0xE1, 0xF5, 0x68, 0xE0, 0x00, 0xB0, 0x00, 0x38, 0x00, 0x0E, 0x00,
    0x03, 0x80, 0x00, 0xE0, 0x00, 0x2C, 0x00, 0x07, 0x80, 0x00, 0xB9, 0x05, 0x07, 0xFF, 0x80, 0x00,
    0x00, 0xFF, 0xFF, 0xC5, 0x5E, 0x54, 0x00, 0xD0, 0x00, 0x0D, 0x00, 0x00, 0xD0, 0x00, 0x0D, 0x00,
    0x00, 0xD0, 0x00, 0x0D, 0x00, 0x00, 0xD0, 0x00, 0x0D, 0x00, 0x00, 0xD0, 0x00, 0x0D, 0x00, 0xB0,
    0x00, 0x70, 0xD0, 0x03, 0x82, 0xC0, 0x1C, 0x03, 0x40, 0xE0, 0x0B, 0x03, 0x40, 0x0D, 0x2C, 0x00,
    0x2C, 0xD0, 0x00, 0x3F, 0x00, 0x00, 0xB8, 0x00, 0x02, 0xC0, 0x00, 0x6D, 0x00, 0x0B, 0xE0, 0x00,
    0x00, 0x00, 0x00, 0x00, 0x00, 0x00, 0x00, 0x03, 0x80, 0x00, 0x06, 0xF5, 0x00, 0x2F, 0xBF, 0xF4,
    0x1D, 0x0E, 0x0B, 0x0E, 0x03, 0x80, 0xE3, 0x40, 0xE0, 0x38, 0xD0, 0x38, 0x0E, 0x38, 0x0E, 0x03,
    0x87, 0x43, 0x82, 0xC0, 0xBE, 0xFF, 0xD0, 0x01, 0xBE, 0x40, 0x00, 0x0E, 0x00, 0x00, 0x00, 0x00,
    0x00, 0x74, 0x01, 0xC3, 0xC0, 0x38, 0x0E, 0x0B, 0x00, 0x71, 0xC0, 0x03, 0xF8, 0x00, 0x0F, 0x00,
    0x01, 0xF0, 0x00, 0x36, 0xC0, 0x0B, 0x0D, 0x01, 0xC0, 0xB0, 0x38, 0x03, 0xCB, 0x00, 0x1D, 0x70,
    0x00, 0xD0, 0x70, 0x00, 0xE0, 0x70, 0x00, 0xE0, 0x70, 0x00, 0xE0, 0x70, 0x00, 0xE0, 0x70, 0x00,
    0xE0, 0x70, 0x00, 0xE0, 0x70, 0x00, 0xE0, 0x70, 0x00, 0xE0, 0x70, 0x00, 0xE0, 0x75, 0x55, 0xE4,
    0x7F, 0xFF, 0xFC, 0x00, 0x00, 0x1C, 0x00, 0x00, 0x1C, 0x00, 0x00, 0x08, 0xA0, 0x03, 0xB8, 0x00,
    0xEE, 0x00, 0x3B, 0x80, 0x0E, 0xB0, 0x03, 0xAD, 0x00, 0xE3, 0xFF, 0xF8, 0x15, 0x4E, 0x00, 0x03,
    0x80, 0x00, 0xE0, 0x00, 0x38, 0x00, 0x0E, 0x70, 0x03, 0x40, 0x39, 0xC0, 0x0D, 0x00, 0xE7, 0x00,
    0x34, 0x03, 0x9C, 0x00, 0xD0, 0x0E, 0x70, 0x03, 0x40, 0x39, 0xC0, 0x0D, 0x00, 0xE7, 0x00, 0x34,
    0x03, 0x9C, 0x00, 0xD0, 0x0E, 0x70, 0x03, 0x40, 0x39, 0xC0, 0x0D, 0x00, 0xE7, 0x55, 0x79, 0x57,
    0x9F, 0xFF, 0xFF, 0xFE, 0x70, 0x07, 0x00, 0x34, 0x70, 0x07, 0x00, 0x34, 0x70, 0x07, 0x00, 0x34,
    0x70, 0x07, 0x00, 0x34, 0x70, 0x07, 0x00, 0x34, 0x70, 0x07, 0x00, 0x34, 0x70, 0x07, 0x00, 0x34,
    0x70, 0x07, 0x00, 0x34, 0x70, 0x07, 0x00, 0x34, 0x70, 0x07, 0x00, 0x34, 0x75, 0x5B, 0x55, 0x79,
    0x7F, 0xFF, 0xFF, 0xFF, 0x00, 0x00, 0x00, 0x0B, 0x00, 0x00, 0x00, 0x0B, 0x00, 0x00, 0x00, 0x06,
    0xFF, 0x40, 0x01, 0x5D, 0x00, 0x00, 0x34, 0x00, 0x00, 0xD0, 0x00, 0x03, 0x94, 0x00, 0x0F, 0xFF,
    0x40, 0x34, 0x0F, 0x00, 0xD0, 0x0D, 0x03, 0x40, 0x38, 0x0D, 0x01, 0xD0, 0x39, 0x5F, 0x00, 0xFF,
    0xE0, 0x70, 0x00, 0x0D, 0x70, 0x00, 0x0E, 0x70, 0x00, 0x0E, 0x70, 0x00, 0x0E, 0x75, 0x00, 0x0E,
    0x7F, 0xF8, 0x0E, 0x70, 0x1F, 0x0E, 0x70, 0x07, 0x0E, 0x70, 0x07, 0x0E, 0x70, 0x0B, 0x0E, 0x75,
    0x6E, 0x0E, 0x7F, 0xF4, 0x0E, 0x70, 0x00, 0x1C, 0x00, 0x07, 0x00, 0x01, 0xC0, 0x00, 0x75, 0x00,
    0x1F, 0xFE, 0x07, 0x01, 0xF1, 0xC0, 0x1C, 0x70, 0x07, 0x5C, 0x02, 0xC7, 0x56, 0xE1, 0xFF, 0xD0,
    0x00, 0x00, 0x02, 0xFF, 0x80, 0x25, 0x5F, 0x40, 0x00, 0x3C, 0x00, 0x01, 0xD0, 0x00, 0x0E, 0x07,
    0xFF, 0xF0, 0x6A, 0xAF, 0x00, 0x00, 0xE0, 0x00, 0x0D, 0x00, 0x03, 0xC2, 0x41, 0xF4, 0x3F, 0xF8,
    0x00, 0x00, 0x00, 0x00, 0x00, 0x00, 0x01, 0xC0, 0x1F, 0xF8, 0x07, 0x01, 0xE4, 0x7D, 0x1C, 0x0E,
    0x00, 0x3C, 0x70, 0x70, 0x00, 0x75, 0xC2, 0xC0, 0x00, 0xE7, 0xFF, 0x00, 0x03, 0x9E, 0x7C, 0x00,
    0x0E, 0x70, 0xB0, 0x00, 0x39, 0xC1, 0xC0, 0x01, 0xD7, 0x03, 0x80, 0x0F, 0x1C, 0x07, 0x81, 0xF4,
    0x70, 0x07, 0xFF, 0x40, 0x00, 0x00, 0x00, 0x00, 0x02, 0xFF, 0xC0, 0xF5, 0x6C, 0x2C, 0x01, 0xC3,
    0x80, 0x1C, 0x2C, 0x01, 0xC1, 0xE4, 0x2C, 0x07, 0xFF, 0xC0, 0x2C, 0x2C, 0x07, 0x41, 0xC0, 0xF0,
    0x1C, 0x2C, 0x01, 0xC3, 0x80, 0x1C, 0x00, 0x00, 0x1F, 0xF8, 0x08, 0x1E, 0x00, 0x0B, 0x00, 0x5B,
    0x1F, 0xEF, 0x38, 0x0B, 0x34, 0x0B, 0x38, 0x2F, 0x1F, 0xE7, 0x00, 0x00, 0x00, 0x1A, 0x40, 0x3F,
    0xA4, 0x0F, 0x00, 0x01, 0xC0, 0x00, 0x39, 0xA8, 0x03, 0xF9, 0xF0, 0x3C, 0x03, 0xC3, 0x80, 0x2C,
    0x34, 0x01, 0xC3, 0x80, 0x1C, 0x2C, 0x03, 0xC0, 0xE0, 0xB4, 0x07, 0xFD, 0x00, 0x00, 0x00, 0xBF,
    0xF4, 0xB5, 0x6C, 0xB0, 0x0D, 0xB5, 0x6C, 0xBF, 0xF4, 0xB0, 0x1D, 0xB0, 0x0E, 0xB0, 0x6D, 0xBF,
    0xF4, 0xBF, 0xFB, 0x55, 0xB0, 0x0B, 0x00, 0xB0, 0x0B, 0x00, 0xB0, 0x0B, 0x00, 0xB0, 0x00, 0x07,
    0xFF, 0x80, 0x75, 0x78, 0x0B, 0x03, 0x80, 0xA0, 0x38, 0x0A, 0x03, 0x80, 0xD0, 0x38, 0x0C, 0x03,
    0x82, 0xC0, 0x38, 0xFF, 0xFF, 0xFE, 0x00, 0x07, 0xE0, 0x00, 0x74, 0x00, 0x01, 0x00, 0x00, 0x01,
    0xFE, 0x01, 0xD0, 0xF0, 0xE0, 0x1C, 0x39, 0x57, 0x4F, 0xFF, 0xD3, 0x40, 0x00, 0xE0, 0x00, 0x1E,
    0x02, 0x01, 0xFF, 0xC0, 0x00, 0x00, 0x70, 0x1C, 0x0B, 0x0B, 0x07, 0x03, 0x40, 0xE1, 0xC3, 0x80,
    0x1D, 0x72, 0xC0, 0x03, 0xFF, 0xE0, 0x02, 0xC7, 0x1C, 0x00, 0xD1, 0xC3, 0xC0, 0xF0, 0x70, 0x38,
    0xB0, 0x1C, 0x07, 0x00, 0x00, 0x00, 0x3F, 0xF0, 0x20, 0x3C, 0x00, 0x1C, 0x05, 0x78, 0x0F, 0xF0,
    0x00, 0x2C, 0x00, 0x0D, 0x10, 0x2C, 0x7F, 0xF4, 0x00, 0x00, 0xB0, 0x0F, 0xB0, 0x2F, 0xB0, 0x7B,
    0xB0, 0xDB, 0xB1, 0xCB, 0xB3, 0x4B, 0xBA, 0x0B, 0xBC, 0x0B, 0xB8, 0x0B, 0x04, 0x04, 0x0D, 0x38,
    0x07, 0xE0, 0x00, 0x00, 0xB0, 0x0F, 0xB0, 0x2F, 0xB0, 0x7B, 0xB0, 0xDB, 0xB1, 0xCB, 0xB3, 0x4B,
    0xBA, 0x0B, 0xBC, 0x0B, 0xB8, 0x0B, 0xB0, 0x1C, 0xB0, 0x38, 0xB0, 0xB0, 0xB1, 0xC0, 0xBF, 0x80,
    0xB1, 0xD0, 0xB0, 0xB0, 0xB0, 0x38, 0xB0, 0x1D, 0x0B, 0xFF, 0x43, 0x95, 0xD0, 0xE0, 0x34, 0x34,
    0x0D, 0x0D, 0x03, 0x43, 0x40, 0xD0, 0xC0, 0x34, 0xB0, 0x0D, 0xF4, 0x03, 0x40, 0x00, 0x00, 0xB8,
    0x00, 0xB6, 0xF0, 0x03, 0xDB, 0xD0, 0x2F, 0x6E, 0xC0, 0xDD, 0xB3, 0x47, 0x36, 0xCA, 0x34, 0xDB,
    0x1D, 0xC3, 0x6C, 0x3E, 0x0D, 0xB0, 0x70, 0x34, 0xB0, 0x0B, 0xB0, 0x0B, 0xB0, 0x0B, 0xB0, 0x0B,
    0xBF, 0xFF, 0xB0, 0x0B, 0xB0, 0x0B, 0xB0, 0x0B, 0xB0, 0x0B, 0x00, 0x00, 0x00, 0x7F, 0xD0, 0x1E,
    0x0B, 0x03, 0x80, 0x3C, 0x34, 0x02, 0xC3, 0x40, 0x1C, 0x34, 0x02, 0xC3, 0x80, 0x3C, 0x1D, 0x0B,
    0x40, 0x7F, 0xD0, 0x00, 0x00, 0x00, 0xBF, 0xFE, 0xB5, 0x5E, 0xB0, 0x0E, 0xB0, 0x0E, 0xB0, 0x0E,
    0xB0, 0x0E, 0xB0, 0x0E, 0xB0, 0x0E, 0xB0, 0x0E, 0x00, 0x00, 0x29, 0xFE, 0x0B, 0xD1, 0xE2, 0xC0,
    0x2C, 0xB0, 0x07, 0x6C, 0x00, 0xDB, 0x00, 0x76, 0xC0, 0x2C, 0xBC, 0x1E, 0x2D, 0xFE, 0x0B, 0x00,
    0x02, 0xC0, 0x00, 0xB0, 0x00, 0x2C, 0x00, 0x00, 0x00, 0x00, 0x07, 0xFD, 0x1E, 0x04, 0x3C, 0x00,
    0x34, 0x00, 0x34, 0x00, 0x34, 0x00, 0x38, 0x00, 0x1E, 0x00, 0x07, 0xFD, 0x00, 0x00, 0xBF, 0xFD,
    0x17, 0x94, 0x03, 0x80, 0x03, 0x80, 0x03, 0x80, 0x03, 0x80, 0x03, 0x80, 0x03, 0x80, 0x03, 0x80,
    0xE0, 0x03, 0x5C, 0x02, 0xC3, 0x40, 0xE0, 0xB0, 0x70, 0x0D, 0x2C, 0x03, 0x8D, 0x00, 0x77, 0x00,
    0x0F, 0x80, 0x02, 0xD0, 0x00, 0xB0, 0x00, 0x38, 0x01, 0x7C, 0x00, 0xBC, 0x00, 0x00, 0x00, 0x18,
    0x00, 0x00, 0x2C, 0x00, 0x00, 0x2C, 0x00, 0x00, 0x2C, 0x00, 0x02, 0xFF, 0xD0, 0x0F, 0x6C, 0xB4,
    0x3C, 0x2C, 0x2C, 0x34, 0x2C, 0x0D, 0x34, 0x2C, 0x0D, 0x34, 0x2C, 0x0D, 0x3C, 0x2C, 0x2C, 0x1E,
    0x2C, 0x78, 0x07, 0xFF, 0xD0, 0x00, 0x2C, 0x00, 0x00, 0x2C, 0x00, 0x00, 0x2C, 0x00, 0x00, 0x2C,
    0x00, 0x74, 0x0B, 0x0B, 0x07, 0x00, 0xE3, 0x40, 0x1F, 0xC0, 0x03, 0xD0, 0x01, 0xFC, 0x00, 0xE3,
    0x80, 0xF0, 0x74, 0x70, 0x0B, 0x00, 0xB0, 0x0A, 0x0B, 0x00, 0xE0, 0xB0, 0x0E, 0x0B, 0x00, 0xE0,
    0xB0, 0x0E, 0x0B, 0x00, 0xE0, 0xB0, 0x0E, 0x0B, 0x00, 0xF0, 0xBF, 0xFF, 0xC0, 0x00, 0x1C, 0x00,
    0x01, 0xC0, 0x00, 0x04, 0xD0, 0x0D, 0xD0, 0x0D, 0xD0, 0x0D, 0xE0, 0x0D, 0xB5, 0x6D, 0x2F, 0xED,
    0x00, 0x0D, 0x00, 0x0D, 0x00, 0x0D, 0xB0, 0x1C, 0x03, 0xAC, 0x07, 0x00, 0xEB, 0x01, 0xC0, 0x3A,
    0xC0, 0x70, 0x0E, 0xB0, 0x1C, 0x03, 0xAC, 0x07, 0x00, 0xEB, 0x01, 0xC0, 0x3A, 0xC0, 0x74, 0x0E,
    0xBF, 0xFF, 0xFF, 0x80, 0xB0, 0x1C, 0x03, 0x4B, 0x01, 0xC0, 0x34, 0xB0, 0x1C, 0x03, 0x4B, 0x01,
    0xC0, 0x34, 0xB0, 0x1C, 0x03, 0x4B, 0x01, 0xC0, 0x34, 0xB0, 0x1C, 0x03, 0x4B, 0x01, 0xD0, 0x78,
    0xBF, 0xFF, 0xFF, 0xF0, 0x00, 0x00, 0x0B, 0x00, 0x00, 0x00, 0xB0, 0x00, 0x00, 0x01, 0xBF, 0x00,
    0x01, 0x70, 0x00, 0x07, 0x00, 0x00, 0x7A, 0x90, 0x07, 0xAB, 0xC0, 0x70, 0x0E, 0x07, 0x00, 0xE0,
    0x74, 0x6D, 0x07, 0xFF, 0x40, 0xB0, 0x00, 0x32, 0xC0, 0x00, 0xCB, 0x00, 0x03, 0x2E, 0xA4, 0x0C,
    0xBA, 0xBC, 0x32, 0xC0, 0x70, 0xCB, 0x01, 0xC3, 0x2C, 0x1F, 0x0C, 0xBF, 0xE0, 0x30, 0xB0, 0x00,
    0xB0, 0x00, 0xB0, 0x00, 0xBA, 0x90, 0xBA, 0xBC, 0xB0, 0x1D, 0xB0, 0x0D, 0xB0, 0x7C, 0xBF, 0xE0,
    0x00, 0x00, 0x3F, 0xE0, 0x10, 0x78, 0x00, 0x1C, 0x00, 0x1D, 0x1F, 0xFD, 0x00, 0x0D, 0x00, 0x1C,
    0x10, 0x78, 0x3F, 0xE0, 0x00, 0x00, 0x00, 0x00, 0x00, 0xB0, 0x2F, 0xE0, 0xB0, 0xB4, 0x78, 0xB0,
    0xD0, 0x1C, 0xB1, 0xC0, 0x0D, 0xBF, 0xC0, 0x0E, 0xB1, 0xC0, 0x0D, 0xB0, 0xD0, 0x1C, 0xB0, 0xB4,
    0x3C, 0xB0, 0x2F, 0xE0, 0x00, 0x00, 0x00, 0x0B, 0xFF, 0x0B, 0x55, 0xC3, 0x80, 0x70, 0xE0, 0x1C,
    0x1F, 0xAB, 0x00, 0xFA, 0xC0, 0xB0, 0x70, 0x74, 0x1C, 0x38, 0x07, 0x00, 0x02, 0x40, 0x00, 0x70,
    0x00, 0x06, 0x00, 0x00, 0x00, 0x07, 0xF8, 0x07, 0x43, 0xC3, 0x80, 0x70, 0xE5, 0x5D, 0x3F, 0xFF,
    0x4D, 0x00, 0x03, 0x80, 0x00, 0x78, 0x08, 0x07, 0xFF, 0x00, 0x00, 0x00, 0x00, 0x00, 0x01, 0xC7,
    0x00, 0x20, 0x80, 0x00, 0x00, 0x07, 0xF8, 0x07, 0x43, 0xC3, 0x80, 0x70, 0xE5, 0x5D, 0x3F, 0xFF,
    0x4D, 0x00, 0x03, 0x80, 0x00, 0x78, 0x08, 0x07, 0xFF, 0x00, 0x00, 0x00, 0x18, 0x00, 0x0B, 0x54,
    0x0F, 0xFF, 0x00, 0xB0, 0x00, 0x2C, 0xA9, 0x0B, 0xE6, 0xD2, 0xD0, 0x2C, 0xB0, 0x0B, 0x2C, 0x02,
    0xCB, 0x00, 0xB2, 0xC0, 0x2C, 0xB0, 0x0B, 0x2C, 0x02, 0xC0, 0x00, 0xB0, 0x00, 0x2C, 0x00, 0x5E,
    0x00, 0x3E, 0x00, 0x00, 0xD0, 0x38, 0x06, 0x00, 0x00, 0xBF, 0xFB, 0x55, 0xB0, 0x0B, 0x00, 0xB0,
    0x0B, 0x00, 0xB0, 0x0B, 0x00, 0xB0, 0x00, 0x00, 0x00, 0x07, 0xFD, 0x1E, 0x04, 0x38, 0x00, 0x38,
    0x00, 0x3F, 0xF8, 0x34, 0x00, 0x38, 0x00, 0x1E, 0x00, 0x07, 0xFD, 0x00, 0x00, 0x00, 0x00, 0x1F,
    0xF8, 0x38, 0x14, 0x70, 0x00, 0x3D, 0x00, 0x0B, 0xE0, 0x00, 0x7C, 0x00, 0x1C, 0x10, 0x2C, 0x3F,
    0xF0, 0x00, 0x00, 0x02, 0xC5, 0x00, 0xB2, 0xCB, 0x2C, 0xB2, 0xCB, 0x2C, 0xB0, 0x00, 0xBB, 0x11,
    0x00, 0x2C, 0x2C, 0x2C, 0x2C, 0x2C, 0x2C, 0x2C, 0x2C, 0x2C, 0x00, 0x02, 0xC0, 0x50, 0x00, 0x0B,
    0x02, 0xC0, 0xB0, 0x2C, 0x0B, 0x02, 0xC0, 0xB0, 0x2C, 0x0B, 0x02, 0xC0, 0xB1, 0x78, 0xFC, 0x00,
    0x0B, 0xFF, 0x00, 0x00, 0xE5, 0x70, 0x00, 0x0E, 0x07, 0x00, 0x00, 0xD0, 0x7A, 0x90, 0x0D, 0x07,
    0xAB, 0xC0, 0xD0, 0x70, 0x0E, 0x0C, 0x07, 0x00, 0xE2, 0xC0, 0x74, 0x6C, 0xF4, 0x07, 0xFF, 0x40,
    0x00, 0x00, 0x00, 0xB0, 0x0A, 0x00, 0x0B, 0x00, 0xE0, 0x00, 0xB0, 0x0E, 0x00, 0x0B, 0x55, 0xF5,
    0x40, 0xBF, 0xFF, 0xFF, 0x4B, 0x00, 0xE0, 0x2C, 0xB0, 0x0E, 0x01, 0xCB, 0x00, 0xF0, 0x7C, 0xB0,
    0x0F, 0xFE, 0x00, 0x18, 0x00, 0x0B, 0x54, 0x0F, 0xFF, 0x40, 0xB0, 0x00, 0x2C, 0xA9, 0x0B, 0xE6,
    0xE2, 0xD0, 0x2C, 0xB0, 0x07, 0x2C, 0x01, 0xCB, 0x00, 0x72, 0xC0, 0x1C, 0xB0, 0x07, 0x2C, 0x01,
    0xC0, 0x00, 0x70, 0x00, 0xD0, 0x02, 0x40, 0x00, 0x00, 0xB0, 0x1C, 0xB0, 0x38, 0xB0, 0xB0, 0xB1,
    0xC0, 0xBF, 0x80, 0xB1, 0xD0, 0xB0, 0xB0, 0xB0, 0x38, 0xB0, 0x1D, 0x0A, 0x00, 0x03, 0x80, 0x00,
    0xC0, 0x00, 0x00, 0xB0, 0x0F, 0xB0, 0x2F, 0xB0, 0x7B, 0xB0, 0xDB, 0xB1, 0xCB, 0xB3, 0x4B, 0xBA,
    0x0B, 0xBC, 0x0B, 0xB8, 0x0B, 0x04, 0x04, 0x03, 0x4A, 0x00, 0x7E, 0x00, 0x00, 0x00, 0xE0, 0x03,
    0x5C, 0x02, 0xC3, 0x40, 0xE0, 0xB0, 0x70, 0x0D, 0x2C, 0x03, 0x8D, 0x00, 0x77, 0x00, 0x0F, 0x80,
    0x02, 0xD0, 0x00, 0xB0, 0x00, 0x38, 0x01, 0x7C, 0x00, 0xBC, 0x00, 0x00, 0xB0, 0x0A, 0xB0, 0x0E,
    0xB0, 0x0E, 0xB0, 0x0E, 0xB0, 0x0E, 0xB0, 0x0E, 0xB0, 0x0E, 0xB0, 0x0E, 0xBF, 0xFE, 0x02, 0xC0,
    0x02, 0xC0, 0x00, 0x00, 0x70, 0x07, 0x00, 0x2D, 0xC0, 0x0D, 0x00, 0xB7, 0x00, 0x34, 0x03, 0xCD,
    0x00, 0xE0, 0x0E, 0x38, 0x07, 0xC0, 0x34, 0xB0, 0x2F, 0x00, 0xD1, 0xC0, 0xDD, 0x07, 0x03, 0x47,
    0x3C, 0x2C, 0x0B, 0x38, 0x70, 0xD0, 0x1D, 0xD0, 0xE7, 0x00, 0x3F, 0x01, 0xF8, 0x00, 0x78, 0x03,
    0xC0, 0x00, 0x00, 0x00, 0x00, 0xB0, 0x1C, 0x02, 0xAC, 0x07, 0x00, 0xE7, 0x00, 0xD0, 0x34, 0xD0,
    0x38, 0x0C, 0x38, 0x2F, 0x07, 0x0B, 0x0E, 0xC3, 0x80, 0xDB, 0x35, 0xC0, 0x2F, 0x47, 0xE0, 0x03,
    0xC0, 0xF0, 0x00, 0x07, 0x00, 0x00, 0x1D, 0x00, 0x0F, 0xFF, 0xE0, 0x01, 0xD0, 0x00, 0x07, 0x00,
    0x00, 0x1F, 0xF9, 0x00, 0x79, 0x6E, 0x01, 0xC0, 0x1C, 0x07, 0x00, 0x34, 0x1C, 0x01, 0xD0, 0x75,
    0x6F, 0x01, 0xFF, 0xE0, 0x09, 0x00, 0x00, 0xE0, 0x00, 0xFF, 0xF4, 0x01, 0xE5, 0x00, 0x0E, 0x00,
    0x00, 0xE5, 0x00, 0x0F, 0xFF, 0xC0, 0xE0, 0x0E, 0x0E, 0x00, 0xE0, 0xE0, 0x2D, 0x0F, 0xFF, 0x40,
    0x00, 0x00, 0x00, 0x07, 0x00, 0x1B, 0xFD, 0x70, 0x0B, 0x95, 0x97, 0x01, 0xE0, 0x00, 0x70, 0x2C,
    0x00, 0x07, 0x03, 0x80, 0x00, 0x7F, 0xFF, 0xFF, 0x07, 0x9B, 0x95, 0x50, 0x70, 0x38, 0x00, 0x07,
    0x03, 0xC0, 0x00, 0x70, 0x1D, 0x00, 0x07, 0x00, 0xF9, 0x04, 0x70, 0x02, 0xFF, 0xD0, 0x00, 0x00,
    0x00, 0x00, 0x00, 0x02, 0xC0, 0x2F, 0xEB, 0x03, 0xD1, 0x2C, 0x2C, 0x00, 0xB0, 0xF0, 0x02, 0xFF,
    0xFF, 0xCB, 0x0E, 0x00, 0x2C, 0x2C, 0x00, 0xB0, 0x38, 0x06, 0xC0, 0x3F, 0xE0, 0x00, 0x00, 0x00,
    0x00, 0x38, 0x00, 0x00, 0xBC, 0x00, 0x00, 0xDD, 0x00, 0x01, 0xCB, 0x00, 0x03, 0x87, 0x40, 0x07,
    0xFF, 0x80, 0x0B, 0xBA, 0xC0, 0x0D, 0x34, 0xE0, 0x2C, 0x34, 0xB0, 0x38, 0x34, 0x34, 0x70, 0x34,
    0x3C, 0xF0, 0x34, 0x1C, 0x01, 0xF0, 0x00, 0x3B, 0x40, 0x03, 0x28, 0x00, 0xB1, 0xC0, 0x0F, 0xFE,
    0x01, 0xCD, 0xB0, 0x38, 0xD3, 0x47, 0x0D, 0x2C, 0xB0, 0xD1, 0xC0, 0x70, 0x00, 0xE0, 0x01, 0xC0,
    0x0B, 0xC0, 0x07, 0x00, 0x3B, 0x80, 0x1C, 0x01, 0xCB, 0x00, 0x70, 0x0E, 0x0D, 0x01, 0xFF, 0xFF,
    0xFC, 0x07, 0x97, 0xDE, 0xB0, 0x1C, 0x0E, 0x34, 0xE0, 0x70, 0x70, 0xD2, 0xC1, 0xC3, 0x83, 0x43,
    0x47, 0x1D, 0x0D, 0x0F, 0x1C, 0xB0, 0x34, 0x1D, 0xB0, 0x0F, 0x40, 0xB0, 0x1E, 0x80, 0xB0, 0x28,
    0xC0, 0xB0, 0x74, 0xE0, 0xBF, 0xFF, 0xF0, 0xB0, 0xD7, 0x34, 0xB1, 0xC7, 0x2C, 0xB3, 0x87, 0x0D,
    0xB7, 0x07, 0x0E, 0x2F, 0xFF, 0xFC, 0x1E, 0x55, 0xB8, 0x0B, 0x00, 0xE0, 0x03, 0xC2, 0xC0, 0x00,
    0xE7, 0x00, 0x02, 0xFF, 0x80, 0x0F, 0x7D, 0xF0, 0x1C, 0x2C, 0x38, 0x3C, 0x2C, 0x2C, 0x38, 0x2C,
    0x1C, 0x70, 0x2C, 0x0E, 0xB0, 0x2C, 0x0B, 0x3F, 0xFF, 0xD0, 0x79, 0x5F, 0x00, 0x70, 0xB0, 0x00,
    0xBB, 0x00, 0x0F, 0xFF, 0x40, 0xB1, 0xC7, 0x03, 0x87, 0x0E, 0x1C, 0x1C, 0x2C, 0xA0, 0x70, 0x34,
    0x70, 0x7F, 0xFF, 0xF0, 0x70, 0x3D, 0x55, 0xF0, 0x70, 0x1D, 0x01, 0xC0, 0x70, 0x07, 0x07, 0x40,
    0x70, 0x02, 0xDD, 0x00, 0x7F, 0xFF, 0xFE, 0x40, 0x79, 0x7E, 0xB6, 0xD0, 0x70, 0x38, 0x70, 0xB0,
    0x70, 0x70, 0x70, 0x34, 0x70, 0xB0, 0x70, 0x38, 0x70, 0xE0, 0x70, 0x2C, 0x71, 0xD0, 0x70, 0x1C,
    0xB1, 0xFF, 0xFF, 0x0B, 0x0B, 0x55, 0xD0, 0xB0, 0x38, 0x38, 0x0B, 0x01, 0xEE, 0x00, 0xBF, 0xFF,
    0xFC, 0x0B, 0x0E, 0x38, 0xE0, 0xB1, 0xC3, 0x87, 0x0B, 0x38, 0x38, 0x34, 0xB3, 0x43, 0x82, 0xC0,
    0x00, 0x00, 0x03, 0x87, 0x80, 0x3F, 0x00, 0x6F, 0xF4, 0x39, 0x1B, 0x00, 0x00, 0xE0, 0x00, 0x38,
    0x00, 0x2C, 0x0F, 0xF8, 0x01, 0x6B, 0x80, 0x00, 0x38, 0x00, 0x0B, 0x00, 0x03, 0xC0, 0x06, 0xD2,
    0xFF, 0xD1, 0xD0, 0x00, 0x74, 0x00, 0x0F, 0xFF, 0xD0, 0x00, 0x00, 0x00, 0x00, 0x28, 0x3C, 0x0B,
    0xD0, 0x3F, 0xF0, 0x24, 0x2C, 0x00, 0x1C, 0x01, 0x78, 0x0B, 0xF0, 0x00, 0x1C, 0x00, 0x0D, 0x00,
    0x2C, 0x2F, 0xF4, 0xB0, 0x00, 0xB5, 0x54, 0x3F, 0xFD, 0x00, 0x00, 0x70, 0x38, 0x1C, 0xB0, 0x38,
    0x1C, 0xB0, 0x38, 0x1C, 0xB0, 0x38, 0x1C, 0x70, 0x38, 0x1C, 0x70, 0x38, 0x2C, 0x38, 0x38, 0x38,
    0x1F, 0x7A, 0xF0, 0x02, 0xFF, 0x80, 0x00, 0x38, 0x00, 0x00, 0x38, 0x00, 0x00, 0x38, 0x00, 0x00,
    0x60, 0x00, 0x02, 0xC0, 0x00, 0x0B, 0x00, 0x00, 0x2C, 0x00, 0xA0, 0xB0, 0x72, 0xC2, 0xC1, 0xCB,
    0x0B, 0x03, 0x2C, 0x2C, 0x0D, 0xB0, 0xB0, 0x36, 0xC2, 0xC0, 0xC7, 0x0B, 0x0B, 0x0F, 0x6C, 0xB4,
    0x0B, 0xFF, 0x40, 0x02, 0xC0, 0x00, 0x0B, 0x00, 0x00, 0x2C, 0x00, 0x00, 0xB0, 0x00, 0x00, 0x00,
    0x00, 0x1F, 0xFD, 0x02, 0xE4, 0x6D, 0x0E, 0x00, 0x2C, 0xB0, 0x00, 0x3B, 0x80, 0x00, 0xBF, 0xAA,
    0xAB, 0xFE, 0xAA, 0xAF, 0xE0, 0x00, 0x2E, 0xC0, 0x00, 0xE7, 0x80, 0x07, 0x0B, 0x90, 0xB8, 0x07,
    0xFF, 0x40, 0x00, 0x00, 0x00, 0x00, 0x00, 0x00, 0x7F, 0xD0, 0x1E, 0x0B, 0x43, 0xC0, 0x2C, 0x38,
    0x02, 0xC3, 0xFF, 0xFC, 0x38, 0x01, 0xC3, 0xC0, 0x2C, 0x1E, 0x07, 0x40, 0x7F, 0xD0, 0x00, 0x00,
    0x00, 0xE0, 0x00, 0x7C, 0x70, 0x00, 0xE4, 0x34, 0x01, 0xC0, 0x3C, 0x03, 0x80, 0x1C, 0x03, 0x40,
    0x0D, 0x07, 0x00, 0x0B, 0x0E, 0x00, 0x07, 0x0D, 0x00, 0x03, 0x9C, 0x00, 0x02, 0xEC, 0x00, 0x01,
    0xF4, 0x00, 0x00, 0xF0, 0x00, 0x00, 0x00, 0x38, 0x00, 0xF7, 0x00, 0xB0, 0xD0, 0x34, 0x2C, 0x1C,
    0x07, 0x0A, 0x00, 0xD3, 0x40, 0x2D, 0xC0, 0x07, 0xA0, 0x00, 0xF4, 0x00, 0x1C, 0x70, 0x00, 0x0B,
    0x28, 0x00, 0x02, 0x48, 0x00, 0x00, 0x00, 0x00, 0xE0, 0x00, 0x7C, 0x70, 0x00, 0xE4, 0x34, 0x01,
    0xC0, 0x3C, 0x03, 0x80, 0x1C, 0x03, 0x40, 0x0D, 0x07, 0x00, 0x0B, 0x0E, 0x00, 0x07, 0x0D, 0x00,
    0x03, 0x9C, 0x00, 0x02, 0xEC, 0x00, 0x01, 0xF4, 0x00, 0x00, 0xF0, 0x00, 0x34, 0xD0, 0x0B, 0x2C,
    0x00, 0x92, 0x40, 0x00, 0x00, 0xE0, 0x03, 0xDC, 0x02, 0xC3, 0x40, 0xD0, 0xB0, 0x70, 0x1C, 0x28,
    0x03, 0x4D, 0x00, 0xB7, 0x00, 0x1E, 0x80, 0x03, 0xD0, 0x00, 0x00, 0x00, 0x00, 0x00, 0x00, 0x07,
    0xFE, 0x00, 0x00, 0x00, 0x2E, 0x5B, 0x80, 0x00, 0x00, 0x74, 0x01, 0xD0, 0x00, 0x00, 0xB0, 0x00,
    0xF3, 0x80, 0x1C, 0xE0, 0x00, 0xB2, 0xC0, 0x38, 0xE0, 0x00, 0x70, 0xD0, 0x34, 0xE0, 0x00, 0x70,
    0xE0, 0x70, 0xE0, 0x00, 0xB0, 0x70, 0xE0, 0xB0, 0x00, 0xF0, 0x34, 0xC0, 0x74, 0x00, 0xD0, 0x2E,
    0xC0, 0x2E, 0x07, 0xC0, 0x0F, 0x40, 0x0B, 0xFE, 0x00, 0x0F, 0x00, 0x00, 0x00, 0x00, 0x0E, 0x00,
    0x00, 0x00, 0x00, 0x0D, 0x00, 0x00, 0x00, 0x00, 0x7C, 0x00, 0x00, 0x00, 0x03, 0xE0, 0x00, 0x00,
    0x00, 0x00, 0x00, 0x00, 0x1F, 0xF4, 0x34, 0x01, 0xC1, 0xE0, 0xB4, 0xB0, 0x0E, 0x0F, 0x00, 0xB1,
    0xD0, 0x34, 0x38, 0x01, 0xC3, 0x82, 0xC0, 0xD0, 0x07, 0x07, 0x0E, 0x03, 0x80, 0x1C, 0x0D, 0x70,
    0x0F, 0x00, 0xB0, 0x2A, 0xC0, 0x1E, 0x07, 0x40, 0x3D, 0x00, 0x1F, 0xF4, 0x00, 0xF0, 0x00, 0x00,
    0x00, 0x03, 0x80, 0x00, 0x00, 0x00, 0x0D, 0x00, 0x00, 0x00, 0x01, 0xF0, 0x00, 0x00, 0x00, 0x3E,
    0x00, 0x00, 0x00, 0x38, 0x00, 0x02, 0xFF, 0x80, 0x1F, 0xBE, 0xF0, 0x38, 0x00, 0x3C, 0xB0, 0x00,
    0x1C, 0xE0, 0x00, 0x0E, 0xE0, 0x00, 0x0E, 0xE0, 0x00, 0x0E, 0xE0, 0x00, 0x0E, 0xB0, 0x00, 0x1D,
    0x38, 0x00, 0x3C, 0x1E, 0x79, 0xF0, 0x07, 0xFF, 0x80, 0x00, 0x3C, 0x00, 0x00, 0x74, 0x00, 0x0B,
    0xF8, 0x00, 0xE7, 0x6C, 0x0B, 0x00, 0x38, 0x38, 0x00, 0xB0, 0xD0, 0x01, 0xC3, 0x80, 0x0B, 0x0B,
    0x00, 0x38, 0x0E, 0x66, 0xC0, 0x0F, 0xFD, 0x00, 0x07, 0x40, 0x00, 0x00, 0x00, 0x00, 0x00, 0x00,
    0x3F, 0x90, 0x00, 0x00, 0x61, 0x68, 0x00, 0x00, 0x07, 0x40, 0x00, 0x00, 0x03, 0x00, 0x00, 0x00,
    0x00, 0x00, 0x00, 0x0B, 0xF4, 0x7F, 0x80, 0x3D, 0x14, 0x21, 0xF0, 0x74, 0x00, 0x00, 0x34, 0xB0,
    0x00, 0x00, 0x3C, 0xE0, 0x00, 0x00, 0x2C, 0xE0, 0x00, 0x00, 0x1C, 0xE0, 0x01, 0x00, 0x1C, 0xE0,
    0x03, 0x40, 0x2C, 0xB0, 0x03, 0x40, 0x3C, 0x74, 0x03, 0x40, 0x74, 0x2E, 0x1B, 0xD1, 0xF0, 0x0B,
    0xFD, 0xBF, 0x80, 0x00, 0x00, 0x00, 0x00, 0x00, 0x1A, 0x00, 0x00, 0x01, 0xDB, 0xE0, 0x00, 0x00,
    0x70, 0x00, 0x00, 0x00, 0xD0, 0x00, 0x00, 0x05, 0x00, 0x00, 0x00, 0x00, 0x00, 0x00, 0x7F, 0x43,
    0xF4, 0x07, 0x44, 0x04, 0x74, 0x3C, 0x00, 0x00, 0xB0, 0xE0, 0x00, 0x01, 0xC3, 0x40, 0x20, 0x07,
    0x0E, 0x00, 0xD0, 0x1C, 0x3C, 0x03, 0x40, 0xF0, 0x78, 0x2E, 0x0B, 0x40, 0x7F, 0xCB, 0xF4, 0x00,
    0x00, 0x00, 0x00, 0x00, 0x6A, 0xA8, 0x00, 0x00, 0x88, 0x20, 0x00, 0x00, 0x00, 0x00, 0x1C, 0x01,
    0xC0, 0x0B, 0x70, 0x03, 0x40, 0x2D, 0xC0, 0x0D, 0x00, 0xF3, 0x40, 0x38, 0x03, 0x8E, 0x01, 0xF0,
    0x0D, 0x2C, 0x0B, 0xC0, 0x34, 0x70, 0x37, 0x41, 0xC0, 0xD1, 0xCF, 0x0B, 0x02, 0xCE, 0x1C, 0x34,
    0x07, 0x74, 0x39, 0xC0, 0x0F, 0xC0, 0x7E, 0x00, 0x1E, 0x00, 0xF0, 0x00, 0x00, 0x00, 0x00, 0x02,
    0xFF, 0xE0, 0x00, 0x42, 0x14, 0x00, 0x00, 0x00, 0x02, 0xC0, 0x70, 0x0A, 0xB0, 0x1C, 0x03, 0x9C,
    0x03, 0x40, 0xD3, 0x40, 0xE0, 0x30, 0xE0, 0xBC, 0x1C, 0x2C, 0x3B, 0x0E, 0x03, 0x6C, 0xD7, 0x00,
    0xBD, 0x1F, 0x80, 0x0F, 0x03, 0xC0, 0x00, 0x00, 0x00, 0x2F, 0xF8, 0x1F, 0x56, 0x83, 0xC0, 0x00,
    0xB0, 0x00, 0x0F, 0x00, 0x00, 0xE0, 0x00, 0x0E, 0x00, 0x00, 0xE0, 0x00, 0x0B, 0x00, 0x00, 0x78,
    0x00, 0x02, 0xE4, 0x00, 0x07, 0xFD, 0x00, 0x01, 0xD0, 0x00, 0x0D, 0x00, 0x00, 0xD0, 0x00, 0x0D,
    0x00, 0x00, 0x00, 0x07, 0xFD, 0x1E, 0x44, 0x3C, 0x00, 0x38, 0x00, 0x34, 0x00, 0x38, 0x00, 0x3C,
    0x00, 0x1E, 0x00, 0x07, 0xF8, 0x00, 0x38, 0x00, 0x28, 0x00, 0x28, 0x00, 0x28, 0x00, 0x00, 0x00,
    0x00, 0x30, 0x02, 0x8A, 0x00, 0x0B, 0xC0, 0x00, 0x3F, 0x40, 0x07, 0x1C, 0x3D, 0xD0, 0x00, 0x7C,
    0x00, 0x03, 0xB4, 0x00, 0xA0, 0x80, 0x0C, 0x00, 0x00, 0x00, 0x00, 0x00, 0x32, 0xEA, 0x81, 0x00,
    0x00, 0x00, 0x00, 0x6F, 0xC6, 0x42, 0x40, 0xB2, 0x42, 0x00, 0x70, 0xC5, 0x00, 0x1A, 0x40, 0xE7,
    0xF1, 0x00, 0x40, 0x00, 0x00, 0x00, 0x00, 0x00, 0x00, 0x00, 0xBD, 0x00, 0x00, 0x00, 0x00, 0x82,
    0x00, 0x00, 0x00, 0x00, 0x00, 0x00, 0x00, 0x07, 0xF0, 0x00, 0x0F, 0xC0, 0x04, 0x10, 0x00, 0x10,
    0x10, 0x00, 0x00, 0x00, 0x00, 0x00, 0x00, 0x00, 0x00, 0x00, 0x00, 0x05, 0x00, 0x00, 0x00, 0x50,
    0x3B, 0x40, 0x00, 0x01, 0xEC, 0x00, 0x40, 0x00, 0x01, 0x00, 0x00, 0x00, 0x00, 0x00, 0x00, 0x00,
    0x00, 0x00, 0x00, 0x00, 0x01, 0x80, 0x00, 0x06, 0x40, 0x0A, 0x70, 0x00, 0x19, 0x90, 0x00, 0x00,
    0x00, 0x00, 0x00, 0x00, 0x00, 0x7C, 0x00, 0x00, 0x00, 0x00, 0xC7, 0x00, 0x00, 0x00, 0x00, 0x00,
    0x00, 0x00, 0x00, 0x00, 0x08, 0x00, 0x00, 0x00, 0x00, 0x1C, 0x00, 0x00, 0x00, 0x00, 0x28, 0x00,
    0x00, 0x00, 0xC0, 0x24, 0x00, 0x80, 0x00, 0xE0, 0x00, 0x0F, 0x40, 0x00, 0x70, 0x00, 0x08, 0x00,
    0x00, 0x00, 0x00, 0x00, 0x00, 0x00, 0x00, 0x00, 0x00, 0x00, 0x10, 0x00, 0x00, 0x00, 0x40, 0x2F,
    0x00, 0x00, 0x00, 0xF8, 0x01, 0x00, 0x00, 0x00, 0x04, 0x00, 0x00, 0x00, 0x00, 0x00, 0x00, 0x00,
    0x00, 0x00, 0x00, 0x00, 0x10, 0x00, 0x08, 0x00, 0x00, 0xB4, 0x00, 0x0E, 0x00, 0x03, 0x80, 0x1C,
    0x03, 0x00, 0x00, 0x00, 0x28, 0x02, 0x00, 0x00, 0x00, 0x34, 0x00, 0x00, 0x00, 0x00, 0x20, 0x00,
    0x00, 0x05, 0x01, 0x00, 0x07, 0x03, 0x40, 0x03, 0xFE, 0x00, 0x00, 0x00, 0x00, 0x70, 0x00, 0xB0,
    0x70, 0x01, 0xF0, 0x70, 0x03, 0xB0, 0x70, 0x0B, 0x30, 0x70, 0x1D, 0x30, 0x70, 0x38, 0x30, 0x70,
    0xB0, 0x30, 0x71, 0xD0, 0x30, 0x73, 0x80, 0x30, 0x7B, 0x00, 0x30, 0x7D, 0x00, 0x34, 0x78, 0x00,
    0x3E, 0x00, 0x00, 0x0D, 0x00, 0x00, 0x1C, 0x00, 0x00, 0x3C, 0x00, 0x00, 0x00, 0x18, 0x09, 0x01,
    0xD1, 0xD0, 0x07, 0xF4, 0x00, 0x00, 0x00, 0xA0, 0x0F, 0x4B, 0x01, 0xF4, 0xB0, 0x37, 0x4B, 0x0A,
    0x34, 0xB1, 0xC3, 0x4B, 0x34, 0x34, 0xBB, 0x03, 0x4B, 0xC0, 0x34, 0xB8, 0x03, 0xE0, 0x00, 0x0D,
    0x00, 0x00, 0xC0, 0x00, 0x2C, 0x00, 0x00, 0x00, 0x1C, 0x00, 0x02, 0xD5, 0x00, 0xBF, 0xF0, 0x01,
    0xC0, 0x00, 0x1C, 0x00, 0x01, 0xFF, 0x90, 0x1E, 0x5B, 0x81, 0xC0, 0x1C, 0x1C, 0x00, 0xD1, 0xC0,
    0x1D, 0x1D, 0x5B, 0xC1, 0xFF, 0xE0, 0x18, 0x00, 0x02, 0xC0, 0x00, 0xBE, 0x80, 0x07, 0xD4, 0x00,
    0x2C, 0x00, 0x02, 0xC0, 0x00, 0x2C, 0x00, 0x02, 0xD5, 0x00, 0x2F, 0xFF, 0x42, 0xC0, 0x3C, 0x2C,
    0x01, 0xC2, 0xC0, 0x78, 0x2F, 0xFE, 0x00, 0x7F, 0xF4, 0x1D, 0x5B, 0x87, 0x00, 0xB1, 0xC0, 0x0D,
    0x70, 0x87, 0x1C, 0x2F, 0xC7, 0xFF, 0xC1, 0xD5, 0x70, 0x70, 0x04, 0x1C, 0x00, 0x07, 0x00, 0x01,
    0xC0, 0x00, 0x00, 0x00, 0x29, 0xFE, 0x0B, 0xD1, 0xE2, 0xC0, 0x2C, 0xB0, 0x07, 0x6C, 0x00, 0xDB,
    0x00, 0x76, 0xC2, 0x6C, 0xBC, 0x7E, 0x2D, 0xFF, 0x0B, 0x00, 0xA2, 0xC0, 0x00, 0xB0, 0x00, 0x2C,
    0x00, 0x00, 0x00, 0x04, 0x00, 0x0D, 0x00, 0x0D, 0x7F, 0xFD, 0x79, 0x54, 0x70, 0x00, 0x70, 0x00,
    0x70, 0x00, 0x70, 0x00, 0x70, 0x00, 0x70, 0x00, 0x70, 0x00, 0x70, 0x00, 0x70, 0x00, 0x70, 0x00,
    0x00, 0x50, 0x0B, 0x00, 0xBB, 0xFF, 0xB0, 0x0B, 0x00, 0xB0, 0x0B, 0x00, 0xB0, 0x0B, 0x00, 0xB0,
    0x0B, 0x00, 0x1F, 0xFF, 0x47, 0x95, 0x41, 0xC0, 0x00, 0x70, 0x00, 0x1C, 0x00, 0x1B, 0xA9, 0x07,
    0xFF, 0x40, 0x70, 0x00, 0x1C, 0x00, 0x07, 0x00, 0x01, 0xC0, 0x00, 0x70, 0x00, 0x2F, 0xFC, 0xB5,
    0x52, 0xC0, 0x0B, 0x00, 0xFF, 0xE0, 0xB0, 0x02, 0xC0, 0x0B, 0x00, 0x2C, 0x00, 0x7F, 0xFD, 0x07,
    0x95, 0x40, 0x70, 0x00, 0x07, 0x00, 0x00, 0x70, 0x00, 0x07, 0xA9, 0x00, 0x7F, 0xFD, 0x07, 0x00,
    0xB4, 0x70, 0x03, 0xC7, 0x00, 0x1C, 0x70, 0x01, 0xC7, 0x00, 0x1C, 0x00, 0x02, 0xC0, 0x00, 0x3C,
    0x01, 0x1F, 0x40, 0x7F, 0xD0, 0x00, 0x00, 0x00, 0xBF, 0xF0, 0xB5, 0x50, 0xB0, 0x00, 0xB0, 0x00,
    0xBF, 0xE0, 0xB0, 0x78, 0xB0, 0x1C, 0xB0, 0x0D, 0xB0, 0x0D, 0x00, 0x0D, 0x00, 0x1C, 0x04, 0x78,
    0x0F, 0xE0, 0x00, 0x00, 0x70, 0x0B, 0x00, 0xE0, 0xB0, 0x2C, 0x0B, 0x00, 0xE0, 0xB0, 0xB0, 0x00,
    0xE2, 0xC7, 0x40, 0x01, 0xDB, 0x38, 0x00, 0x02, 0xFF, 0x80, 0x00, 0x0B, 0xBF, 0x00, 0x00, 0x72,
    0xCE, 0x00, 0x07, 0x4B, 0x0D, 0x00, 0x38, 0x2C, 0x1D, 0x03, 0xC0, 0xB0, 0x2D, 0x2C, 0x02, 0xC0,
    0x3F, 0x00, 0x00, 0x00, 0x2C, 0x00, 0x00, 0x00, 0xB0, 0x00, 0x00, 0x02, 0xC0, 0x00, 0x00, 0x00,
    0x74, 0x1C, 0x0E, 0x07, 0x07, 0x0B, 0x00, 0xB1, 0xC7, 0x00, 0x0B, 0x77, 0x00, 0x00, 0xFF, 0x80,
    0x00, 0xE7, 0x34, 0x00, 0xF1, 0xC7, 0x40, 0xB0, 0x70, 0x74, 0xB0, 0x1C, 0x0B, 0xC0, 0x00, 0x00,
    0x70, 0x00, 0x00, 0x1C, 0x00, 0x00, 0x07, 0x00, 0x00, 0x00, 0x00, 0x00, 0x00, 0x0B, 0xFE, 0x02,
    0x41, 0xF0, 0x00, 0x1C, 0x00, 0x07, 0x00, 0x03, 0xC0, 0xBF, 0x80, 0x15, 0xB8, 0x00, 0x07, 0x40,
    0x00, 0xE0, 0x00, 0x38, 0x50, 0x7C, 0x3F, 0xF8, 0x00, 0x30, 0x00, 0x07, 0x00, 0x06, 0xC0, 0x01,
    0x80, 0x00, 0x00, 0x00, 0x3F, 0xF0, 0x20, 0x3C, 0x00, 0x1C, 0x05, 0x78, 0x0F, 0xF0, 0x00, 0x2C,
    0x00, 0x0D, 0x10, 0x2C, 0x7F, 0xF4, 0x02, 0x80, 0x00, 0xC0, 0x01, 0xC0, 0x06, 0x40, 0x70, 0x03,
    0x87, 0x00, 0xF0, 0x70, 0x3C, 0x07, 0x0B, 0x00, 0x72, 0xC0, 0x07, 0xB4, 0x00, 0x7B, 0x40, 0x07,
    0x2D, 0x00, 0x70, 0xB0, 0x07, 0x02, 0xC0, 0x70, 0x0F, 0x57, 0x00, 0x3F, 0x00, 0x00, 0xB0, 0x00,
    0x0B, 0x00, 0x00, 0xB0, 0x00, 0x00, 0xB0, 0x2C, 0x2C, 0x2C, 0x0B, 0x1C, 0x02, 0xDD, 0x00, 0xBE,
    0x00, 0x2C, 0xE0, 0x0B, 0x1D, 0x02, 0xC1, 0xD0, 0xB0, 0x2F, 0x00, 0x01, 0xC0, 0x00, 0x70, 0x00,
    0x1C, 0x00, 0x00, 0x00, 0x70, 0x03, 0x87, 0x00, 0xF0, 0x73, 0x3C, 0x07, 0x3F, 0x00, 0x73, 0xC0,
    0x07, 0xB4, 0x00, 0x7B, 0x40, 0x07, 0x3D, 0x00, 0x73, 0xB0, 0x07, 0x22, 0xC0, 0x70, 0x0F, 0x07,
    0x00, 0x3C, 0xB0, 0x2C, 0xB3, 0xB0, 0xB3, 0xC0, 0xB7, 0x40, 0xBF, 0x00, 0xB7, 0x80, 0xB3, 0xD0,
    0xB3, 0x74, 0xB0, 0x2C, 0x1C, 0x00, 0xE1, 0xB9, 0x0B, 0x0B, 0xF8, 0x74, 0x07, 0x03, 0x80, 0x1C,
    0x2C, 0x00, 0x7F, 0xD0, 0x01, 0xE7, 0x80, 0x07, 0x07, 0x40, 0x1C, 0x0F, 0x00, 0x70, 0x0E, 0x01,
    0xC0, 0x1D, 0x07, 0x00, 0x3C, 0x18, 0x00, 0x0B, 0x00, 0x0F, 0xFF, 0x00, 0xB0, 0x00, 0x2C, 0x0B,
    0x0B, 0x0B, 0x02, 0xC7, 0x00, 0xB7, 0x40, 0x2F, 0x80, 0x0B, 0x38, 0x02, 0xC7, 0x40, 0xB0, 0x74,
    0x2C, 0x0B, 0x00, 0xFF, 0x40, 0x2C, 0x5B, 0x40, 0xB0, 0x03, 0x42, 0xC0, 0x03, 0x4B, 0x40, 0x03,
    0x5D, 0x00, 0x03, 0xB4, 0x00, 0x03, 0xB8, 0x00, 0x03, 0x5E, 0x00, 0x03, 0x47, 0x40, 0x03, 0x42,
    0xD0, 0x03, 0x40, 0xB0, 0x03, 0x40, 0x2C, 0xBF, 0x80, 0xE0, 0x5E, 0x0E, 0x00, 0x38, 0xB0, 0x00,
    0xEB, 0x00, 0x03, 0xF4, 0x00, 0x0E, 0x70, 0x00, 0x38, 0xB0, 0x00, 0xE0, 0xB0, 0x03, 0x80, 0xF0,
    0x70, 0x00, 0xA0, 0x70, 0x00, 0xE0, 0x70, 0x00, 0xE0, 0x70, 0x00, 0xE0, 0x70, 0x00, 0xE0, 0x7F,
    0xFF, 0xE0, 0x79, 0x55, 0xE0, 0x70, 0x00, 0xE0, 0x70, 0x00, 0xE0, 0x70, 0x00, 0xE0, 0x70, 0x00,
    0xF4, 0x70, 0x00, 0xFC, 0x00, 0x00, 0x1C, 0x00, 0x00, 0x1C, 0x00, 0x00, 0x1C, 0x00, 0x00, 0x00,
    0xB0, 0x07, 0x0B, 0x00, 0x70, 0xB0, 0x07, 0x0B, 0x00, 0x70, 0xBF, 0xFF, 0x0B, 0x00, 0x70, 0xB0,
    0x07, 0x0B, 0x00, 0x74, 0xB0, 0x07, 0xE0, 0x00, 0x0E, 0x00, 0x00, 0xE0, 0x00, 0x0E, 0x00, 0x00,
    0x00, 0x70, 0x00, 0xBF, 0x5C, 0x00, 0x3D, 0x47, 0x00, 0x0E, 0x01, 0xC0, 0x03, 0x80, 0x70, 0x00,
    0xE0, 0x1F, 0xFF, 0xF8, 0x07, 0x95, 0x5E, 0x01, 0xC0, 0x03, 0x80, 0x70, 0x00, 0xE0, 0x1C, 0x00,
    0x38, 0x07, 0x00, 0x0E, 0x01, 0xC0, 0x03, 0x80, 0xB0, 0x07, 0xFC, 0xB0, 0x07, 0x54, 0xB0, 0x07,
    0x00, 0xB0, 0x07, 0x00, 0xBF, 0xFF, 0x00, 0xB0, 0x07, 0x00, 0xB0, 0x07, 0x00, 0xB0, 0x07, 0x00,
    0xB0, 0x07, 0x00, 0x7F, 0xFF, 0xC0, 0x00, 0x79, 0x56, 0xC0, 0x00, 0x70, 0x01, 0xC0, 0x00, 0x70,
    0x01, 0xC0, 0x00, 0x70, 0x01, 0xC0, 0x00, 0x70, 0x01, 0xE9, 0x40, 0x70, 0x01, 0xFF, 0xF4, 0x70,
    0x01, 0xC0, 0x3C, 0x70, 0x01, 0xC0, 0x0E, 0x70, 0x01, 0xC0, 0x0B, 0x70, 0x01, 0xC0, 0x0B, 0x70,
    0x01, 0xC0, 0x0B, 0x00, 0x00, 0x00, 0x0F, 0x00, 0x00, 0x00, 0x0E, 0x00, 0x00, 0x14, 0x7C, 0x00,
    0x00, 0x2F, 0xF0, 0x00, 0x00, 0x00, 0x00, 0xBF, 0xFE, 0x00, 0x2D, 0x57, 0x80, 0x0B, 0x00, 0xE0,
    0x02, 0xC0, 0x38, 0x00, 0xB0, 0x0F, 0xFD, 0x2C, 0x03, 0x82, 0xCB, 0x00, 0xE0, 0x3A, 0xC0, 0x38,
    0x0B, 0xB0, 0x0E, 0x02, 0xC0, 0x00, 0x00, 0xB0, 0x00, 0x00, 0x38, 0x00, 0x01, 0x2D, 0x00, 0x00,
    0xFD, 0x00, 0x00, 0x00, 0x00, 0x00, 0x00, 0x00, 0x07, 0xFC, 0x00, 0x2E, 0x54, 0x00, 0x74, 0x06,
    0x80, 0xB0, 0x1E, 0xF0, 0xE0, 0x38, 0x38, 0xE0, 0x34, 0x2C, 0xE0, 0x34, 0x2C, 0xE0, 0x34, 0x2C,
    0xB0, 0x38, 0x38, 0x78, 0x2C, 0xB0, 0x2E, 0x4F, 0xE0, 0x07, 0xFF, 0xE8, 0x00, 0x00, 0x68, 0x00,
    0x00, 0x00, 0x1F, 0xC0, 0x01, 0xE0, 0x00, 0x0F, 0x07, 0xF0, 0x38, 0x38, 0xE0, 0xD1, 0xC2, 0xC3,
    0x47, 0x0B, 0x0F, 0x0E, 0x34, 0x1E, 0x2F, 0xC0, 0x1F, 0xFF, 0x80, 0x00, 0x05, 0x00, 0x00, 0x00,
    0x00, 0x2F, 0xF8, 0x1F, 0x56, 0x83, 0x80, 0x00, 0xB0, 0x00, 0x0F, 0x00, 0x00, 0xE0, 0x00, 0x0E,
    0x00, 0x00, 0xE0, 0x00, 0x0B, 0x00, 0x00, 0x78, 0x00, 0x02, 0xE4, 0x14, 0x07, 0xFF, 0x40, 0x07,
    0x00, 0x00, 0x34, 0x00, 0x07, 0x40, 0x00, 0xA0, 0x00, 0x00, 0x00, 0x07, 0xFD, 0x1E, 0x44, 0x3C,
    0x00, 0x38, 0x00, 0x34, 0x00, 0x38, 0x00, 0x3C, 0x00, 0x1E, 0x04, 0x07, 0xFC, 0x00, 0xA0, 0x00,
    0x30, 0x00, 0x70, 0x01, 0x90, 0xFF, 0xFF, 0xC5, 0x6E, 0x54, 0x00, 0xD0, 0x00, 0x0D, 0x00, 0x00,
    0xD0, 0x00, 0x0D, 0x00, 0x00, 0xD0, 0x00, 0x0D, 0x00, 0x00, 0xD0, 0x00, 0x0D, 0x00, 0x00, 0xE4,
    0x00, 0x0F, 0xC0, 0x00, 0x2C, 0x00, 0x02, 0xC0, 0x00, 0x2C, 0x00, 0x00, 0x00, 0xBF, 0xFE, 0x17,
    0xD4, 0x03, 0x80, 0x03, 0x80, 0x03, 0x80, 0x03, 0x80, 0x03, 0x80, 0x03, 0x80, 0x03, 0xF0, 0x00,
    0x70, 0x00, 0x70, 0x00, 0x70, 0x00, 0x00, 0xB0, 0x01, 0xC3, 0x40, 0x38, 0x2C, 0x07, 0x00, 0xD0,
    0xE0, 0x0B, 0x2C, 0x00, 0x3B, 0x40, 0x02, 0xF0, 0x00, 0x0E, 0x00, 0x00, 0xD0, 0x00, 0x0D, 0x00,
    0x00, 0xD0, 0x00, 0x0D, 0x00, 0xE0, 0x03, 0x5C, 0x02, 0xC3, 0x40, 0xE0, 0xB0, 0x70, 0x1C, 0x38,
    0x03, 0x8D, 0x00, 0x77, 0x00, 0x0F, 0x80, 0x02, 0xC0, 0x00, 0xB0, 0x00, 0x2C, 0x00, 0x0B, 0x00,
    0x02, 0xC0, 0x00, 0xB0, 0x01, 0xC3, 0x40, 0x38, 0x2C, 0x07, 0x00, 0xD0, 0xE0, 0x0B, 0x2C, 0x00,
    0x3B, 0x40, 0x02, 0xF0, 0x00, 0x0E, 0x00, 0x2F, 0xFF, 0x00, 0x0E, 0x00, 0x00, 0xD0, 0x00, 0x0D,
    0x00, 0xE0, 0x03, 0x5C, 0x02, 0xC3, 0x40, 0xE0, 0xB0, 0x70, 0x1C, 0x28, 0x03, 0x8D, 0x00, 0x77,
    0x00, 0x0F, 0x80, 0x02, 0xC0, 0x0F, 0xFF, 0x00, 0x2C, 0x00, 0x0B, 0x00, 0x02, 0xC0, 0x00, 0x70,
    0x01, 0xC0, 0xF0, 0x0E, 0x00, 0xD0, 0xB0, 0x01, 0xC7, 0x00, 0x03, 0xF8, 0x00, 0x03, 0xC0, 0x00,
    0x1F, 0x00, 0x00, 0xDB, 0x00, 0x0B, 0x0D, 0x00, 0x70, 0x2C, 0x03, 0x80, 0x3D, 0x2C, 0x00, 0x7D,
    0x00, 0x00, 0x34, 0x00, 0x00, 0xD0, 0x00, 0x03, 0x40, 0x00, 0x00, 0x34, 0x0B, 0x0B, 0x07, 0x40,
    0xF3, 0x80, 0x0F, 0xC0, 0x02, 0xD0, 0x00, 0xFC, 0x00, 0xE3, 0x80, 0xB0, 0x38, 0x74, 0x07, 0xC0,
    0x00, 0x70, 0x00, 0x1C, 0x00, 0x07, 0x00, 0x00, 0x00, 0xFF, 0xFF, 0xC3, 0x45, 0x6D, 0x54, 0x38,
    0x01, 0xC0, 0x03, 0x80, 0x1C, 0x00, 0x38, 0x01, 0xC0, 0x03, 0x80, 0x1C, 0x00, 0x38, 0x01, 0xC0,
    0x03, 0x80, 0x1C, 0x00, 0x38, 0x01, 0xC0, 0x03, 0x80, 0x1C, 0x00, 0x38, 0x01, 0xD5, 0x57, 0x90,
    0x1F, 0xFF, 0xFF, 0x00, 0x00, 0x00, 0x70, 0x00, 0x00, 0x07, 0x00, 0x00, 0x00, 0x70, 0x00, 0x00,
    0x00, 0xBF, 0xFC, 0x34, 0x17, 0x94, 0x34, 0x03, 0x40, 0x34, 0x03, 0x40, 0x34, 0x03, 0x40, 0x34,
    0x03, 0x40, 0x34, 0x03, 0x40, 0x34, 0x03, 0x40, 0x78, 0x03, 0xFF, 0xFF, 0x00, 0x00, 0x0B, 0x00,
    0x00, 0x0B, 0x00, 0x00, 0x0B, 0x00, 0x00, 0x00, 0xB0, 0x01, 0xC2, 0xC0, 0x07, 0x0B, 0x00, 0x1C,
    0x2C, 0x00, 0x70, 0xB0, 0x01, 0xC2, 0xC0, 0x0B, 0x03, 0xD6, 0xFC, 0x06, 0xF9, 0xB0, 0x00, 0x01,
    0xC0, 0x00, 0x07, 0x00, 0x00, 0x1D, 0x00, 0x00, 0x7D, 0x00, 0x00, 0x34, 0x00, 0x00, 0xD0, 0x00,
    0x03, 0x40, 0x00, 0x00, 0xA0, 0x0A, 0x0E, 0x00, 0xB0, 0xE0, 0x0B, 0x0E, 0x00, 0xB0, 0xB4, 0x6F,
    0x02, 0xFD, 0xB0, 0x00, 0x0B, 0x00, 0x00, 0xB0, 0x00, 0x0B, 0xC0, 0x00, 0x1C, 0x00, 0x01, 0xC0,
    0x00, 0x1C, 0x00, 0x00, 0x00, 0xB0, 0x01, 0xCB, 0x00, 0x2C, 0xB0, 0x02, 0xCB, 0x00, 0x2C, 0xB0,
    0xC2, 0xCB, 0x0C, 0x2C, 0x3E, 0xEF, 0xC0, 0xBF, 0x6C, 0x00, 0xC2, 0xC0, 0x0C, 0x2C, 0x00, 0x42,
    0xC0, 0x00, 0x2C, 0xA0, 0x0A, 0xE0, 0x0E, 0xE1, 0x0E, 0xE2, 0x4E, 0xB7, 0xAE, 0x2F, 0xDE, 0x02,
    0x4E, 0x02, 0x4E, 0x00, 0x0E, 0x70, 0x00, 0x07, 0x00, 0x00, 0x70, 0x00, 0x07, 0x00, 0x00, 0x75,
    0xA9, 0x07, 0xFA, 0xBC, 0x70, 0x01, 0xC7, 0x00, 0x0D, 0x70, 0x00, 0xD7, 0x00, 0x0D, 0x70, 0x00,
    0xD7, 0x00, 0x0D, 0x60, 0x00, 0xB0, 0x00, 0xB0, 0x00, 0xB0, 0x00, 0xB7, 0xF8, 0xBD, 0x1E, 0xB0,
    0x0B, 0xB0, 0x0B, 0xB0, 0x0B, 0xB0, 0x0B, 0xB0, 0x0B, 0xB0, 0x0B, 0xB0, 0x0B, 0x00, 0x00, 0x00,
    0x00, 0x01, 0xFF, 0x80, 0x00, 0xB9, 0x5F, 0x00, 0x0D, 0x00, 0x38, 0x12, 0xC0, 0x02, 0xCB, 0x38,
    0x00, 0x2C, 0x7F, 0xEA, 0xAB, 0xC1, 0xBE, 0xAA, 0xA8, 0x03, 0x80, 0x00, 0x00, 0x2C, 0x00, 0x00,
    0x01, 0xD0, 0x00, 0x00, 0x0B, 0x90, 0x64, 0x00, 0x1F, 0xFF, 0x40, 0x00, 0x00, 0x00, 0x00, 0x00,
    0x00, 0x02, 0xFE, 0x00, 0x2D, 0x1E, 0x28, 0xD0, 0x1C, 0xBB, 0x55, 0xB0, 0xBF, 0xFF, 0xC0, 0x70,
    0x00, 0x00, 0xD0, 0x00, 0x02, 0xD0, 0x50, 0x02, 0xFF, 0x80, 0x00, 0x00, 0x00, 0x00, 0x00, 0x00,
    0x00, 0x01, 0xFF, 0x80, 0x00, 0xB9, 0x5F, 0x00, 0x1D, 0x00, 0x38, 0x12, 0xC0, 0x02, 0xCB, 0x38,
    0x00, 0x1C, 0x7F, 0xEA, 0xAB, 0xC1, 0xBE, 0xAA, 0xA8, 0x03, 0x80, 0x00, 0x00, 0x2C, 0x00, 0x00,
    0x01, 0xD0, 0x00, 0x00, 0x0B, 0x90, 0x64, 0x00, 0x1F, 0xFF, 0x40, 0x00, 0x1C, 0x00, 0x00, 0x01,
    0xC0, 0x00, 0x00, 0x1C, 0x00, 0x00, 0x00, 0x00, 0x00, 0x00, 0x00, 0x00, 0x02, 0xFE, 0x00, 0x2D,
    0x1E, 0x28, 0xD0, 0x1C, 0xBB, 0x55, 0xB0, 0xBF, 0xFF, 0xC0, 0x70, 0x00, 0x00, 0xD0, 0x00, 0x02,
    0xD0, 0x50, 0x02, 0xFF, 0x80, 0x00, 0xD0, 0x00, 0x03, 0x40, 0x00, 0x0D, 0x00, 0x00, 0x00, 0x00,
    0x7F, 0xC3, 0x80, 0xE0, 0x38, 0x0E, 0x03, 0x80, 0xE0, 0x38, 0x0E, 0x03, 0x80, 0xE1, 0xFF, 0x00,
    0x00, 0x00, 0x00, 0x00, 0x34, 0x70, 0x00, 0x00, 0x1F, 0xD0, 0x00, 0x00, 0x00, 0x00, 0x00, 0x70,
    0x03, 0x00, 0x34, 0x2C, 0x03, 0x40, 0xF0, 0x0E, 0x03, 0x41, 0xC0, 0x07, 0x03, 0x43, 0x40, 0x02,
    0xC3, 0x4F, 0x00, 0x00, 0xFF, 0xFC, 0x00, 0x01, 0xEB, 0x9E, 0x00, 0x03, 0x83, 0x4B, 0x00, 0x0B,
    0x03, 0x43, 0xC0, 0x1D, 0x03, 0x41, 0xD0, 0x38, 0x03, 0x40, 0xB0, 0xB0, 0x03, 0x40, 0x38, 0x00,
    0x40, 0x40, 0x00, 0x34, 0xA0, 0x00, 0x07, 0xE0, 0x00, 0x00, 0x00, 0x00, 0x70, 0x1C, 0x0B, 0x0B,
    0x07, 0x03, 0x40, 0xE1, 0xC3, 0x80, 0x1D, 0x72, 0xC0, 0x03, 0xFF, 0xE0, 0x02, 0xC7, 0x1C, 0x00,
    0xD1, 0xC3, 0xC0, 0xF0, 0x70, 0x38, 0xB0, 0x1C, 0x07, 0x00, 0x70, 0x03, 0x87, 0x00, 0xF0, 0x70,
    0x3C, 0x07, 0x0B, 0x00, 0x72, 0xC0, 0x07, 0xB8, 0x00, 0x7F, 0xFE, 0x07, 0x00, 0xB8, 0x70, 0x01,
    0xD7, 0x00, 0x0E, 0x70, 0x00, 0xE7, 0x00, 0x0E, 0x00, 0x00, 0xE0, 0x00, 0x1D, 0x01, 0x0B, 0x80,
    0x3F, 0xE0, 0x00, 0x00, 0x00, 0xB0, 0x2C, 0xB0, 0xB0, 0xB1, 0xC0, 0xB7, 0x00, 0xBF, 0xE0, 0xB4,
    0x7C, 0xB0, 0x0D, 0xB0, 0x0E, 0xB0, 0x0B, 0x00, 0x0E, 0x00, 0x0D, 0x04, 0x3C, 0x0B, 0xF0, 0x00,
    0x00, 0x01, 0xFF, 0xF0, 0x02, 0xD5, 0xB0, 0x02, 0xC0, 0x70, 0x03, 0x80, 0x70, 0x03, 0x80, 0x70,
    0x03, 0x40, 0x70, 0x03, 0x00, 0x70, 0x07, 0x00, 0x70, 0x0B, 0x00, 0x70, 0x0E, 0x00, 0x70, 0x1D,
    0x00, 0x74, 0xF8, 0x00, 0x7E, 0x00, 0x00, 0x0D, 0x00, 0x00, 0x1C, 0x00, 0x00, 0x3C, 0x00, 0x00,
    0x00, 0x03, 0xFF, 0x00, 0x75, 0x70, 0x07, 0x07, 0x00, 0xB0, 0x70, 0x0A, 0x07, 0x00, 0xE0, 0x70,
    0x0D, 0x07, 0x02, 0xC0, 0x74, 0xF4, 0x07, 0xE0, 0x00, 0x0D, 0x00, 0x01, 0xC0, 0x00, 0x2C, 0x00,
    0x00, 0x00, 0x70, 0x00, 0xA7, 0x00, 0x0E, 0x70, 0x00, 0xE7, 0x00, 0x0E, 0x70, 0x00, 0xE7, 0xFF,
    0xFE, 0x79, 0x55, 0xE7, 0x00, 0x0E, 0x70, 0x00, 0xE7, 0x00, 0x0E, 0x70, 0x00, 0xE7, 0x00, 0x0E,
    0x00, 0x00, 0xE0, 0x00, 0x1D, 0x01, 0x07, 0xC0, 0x3F, 0xE0, 0x00, 0x00, 0x00, 0xB0, 0x07, 0x2C,
    0x01, 0xCB, 0x00, 0x72, 0xC0, 0x1C, 0xBF, 0xFF, 0x2C, 0x01, 0xCB, 0x00, 0x72, 0xC0, 0x1C, 0xB0,
    0x07, 0x00, 0x01, 0xC0, 0x00, 0xB0, 0x04, 0x78, 0x03, 0xF8, 0x00, 0x00, 0x00, 0x70, 0x00, 0xA0,
    0x70, 0x00, 0xE0, 0x70, 0x00, 0xE0, 0x70, 0x00, 0xE0, 0x70, 0x00, 0xE0, 0x7F, 0xFF, 0xE0, 0x79,
    0x55, 0xE0, 0x70, 0x00, 0xE0, 0x70, 0x00, 0xE0, 0x70, 0x00, 0xE0, 0x70, 0x00, 0xF4, 0x70, 0x00,
    0xFC, 0x00, 0x00, 0x1C, 0x00, 0x00, 0x38, 0x00, 0x00, 0x74, 0x00, 0x00, 0x00, 0xB0, 0x07, 0x0B,
    0x00, 0x70, 0xB0, 0x07, 0x0B, 0x00, 0x70, 0xBF, 0xFF, 0x0B, 0x00, 0x70, 0xB0, 0x07, 0x0B, 0x00,
    0x74, 0xB0, 0x07, 0xE0, 0x00, 0x0D, 0x00, 0x01, 0xC0, 0x00, 0x2C, 0x00, 0x00, 0x00, 0xB0, 0x01,
    0xCB, 0x00, 0x1C, 0xB0, 0x01, 0xCB, 0x00, 0x1C, 0xB0, 0x01, 0xCB, 0x00, 0x2C, 0x3D, 0x6F, 0xC1,
    0xBE, 0x6C, 0x00, 0x01, 0xC0, 0x00, 0x1C, 0x00, 0x06, 0xC0, 0x00, 0xFC, 0x00, 0x0E, 0x00, 0x00,
    0xE0, 0x00, 0x0E, 0x00, 0x00, 0x00, 0xA0, 0x0A, 0xE0, 0x0B, 0xE0, 0x0B, 0xE0, 0x0B, 0xB4, 0x6F,
    0x2F, 0xDB, 0x00, 0x0B, 0x00, 0x0F, 0x00, 0x3F, 0x00, 0x34, 0x00, 0x34, 0x00, 0x34, 0x00, 0x00,
    0x7C, 0x00, 0x0F, 0x41, 0xF4, 0x00, 0x3E, 0x07, 0xA0, 0x02, 0xB8, 0x1D, 0xC0, 0x0D, 0xE0, 0x73,
    0x80, 0x73, 0x81, 0xCB, 0x03, 0x8E, 0x07, 0x0D, 0x0C, 0x38, 0x1C, 0x38, 0xB0, 0xE0, 0x70, 0x73,
    0x43, 0x81, 0xC0, 0xEC, 0x0E, 0x07, 0x02, 0xE0, 0x39, 0x1C, 0x07, 0x40, 0xFC, 0x00, 0x00, 0x00,
    0xA0, 0x00, 0x00, 0x03, 0x40, 0x00, 0x00, 0x2C, 0x00, 0x00, 0x00, 0x00, 0xB8, 0x00, 0xF0, 0xBC,
    0x02, 0xF0, 0xBD, 0x03, 0xB0, 0xAA, 0x07, 0x70, 0xA3, 0x0A, 0x70, 0xA3, 0x8C, 0x70, 0xA1, 0xEC,
    0x70, 0xA0, 0xF4, 0x70, 0xA0, 0xB0, 0x7D, 0x00, 0x00, 0x0C, 0x00, 0x00, 0x2C, 0x00, 0x00, 0x38,
    0x00, 0x00, 0x00, 0x7F, 0xC3, 0x80, 0xE0, 0x38, 0x0E, 0x03, 0x80, 0xE0, 0x38, 0x0E, 0x03, 0x80,
    0xE1, 0xFF, 0x00, 0x00, 0x00, 0x0C, 0x2C, 0x00, 0x2F, 0xC0, 0x00, 0x00, 0x00, 0x00, 0xB0, 0x00,
    0x03, 0xE0, 0x00, 0x1D, 0xC0, 0x00, 0xA3, 0x40, 0x03, 0x4A, 0x00, 0x1C, 0x1C, 0x00, 0xE0, 0x38,
    0x07, 0xFF, 0xF0, 0x2D, 0x55, 0xD0, 0xD0, 0x03, 0x87, 0x00, 0x07, 0x38, 0x00, 0x0D, 0x04, 0x04,
    0x0B, 0x1C, 0x02, 0xF4, 0x00, 0x00, 0x0B, 0xFC, 0x09, 0x0F, 0x00, 0x0B, 0x00, 0x5B, 0x1F, 0xEF,
    0x38, 0x07, 0x34, 0x0B, 0x38, 0x1F, 0x1F, 0xE3, 0x00, 0x00, 0x00, 0x00, 0x00, 0x0D, 0x38, 0x00,
    0x10, 0x40, 0x00, 0x00, 0x00, 0x00, 0xB0, 0x00, 0x03, 0xE0, 0x00, 0x1D, 0xC0, 0x00, 0xA3, 0x40,
    0x03, 0x4A, 0x00, 0x1C, 0x1C, 0x00, 0xE0, 0x38, 0x07, 0xFF, 0xF0, 0x2D, 0x55, 0xD0, 0xD0, 0x03,
    0x87, 0x00, 0x07, 0x38, 0x00, 0x0D, 0x00, 0x00, 0x0B, 0x1C, 0x01, 0x04, 0x00, 0x00, 0x0B, 0xFC,
    0x09, 0x0F, 0x00, 0x0B, 0x00, 0x5B, 0x1F, 0xEF, 0x38, 0x07, 0x34, 0x0B, 0x38, 0x1F, 0x1F, 0xE3,
    0x00, 0x00, 0x00, 0x0B, 0xFF, 0xF8, 0x00, 0x3A, 0xD5, 0x50, 0x02, 0xCB, 0x00, 0x00, 0x0E, 0x2C,
    0x00, 0x00, 0x70, 0xB0, 0x00, 0x03, 0x82, 0xFF, 0xD0, 0x1C, 0x0B, 0x55, 0x00, 0xFF, 0xFC, 0x00,
    0x07, 0x55, 0xB0, 0x00, 0x38, 0x02, 0xC0, 0x01, 0xD0, 0x0B, 0x55, 0x0F, 0x00, 0x2F, 0xFE, 0x00,
    0x00, 0x00, 0x00, 0xBF, 0x8B, 0xF0, 0x08, 0x1F, 0xC2, 0xC0, 0x00, 0xB0, 0x0D, 0x00, 0x5F, 0x55,
    0xE1, 0xFA, 0xFF, 0xFD, 0x38, 0x0B, 0x00, 0x03, 0x40, 0xF0, 0x00, 0x38, 0x2F, 0xC0, 0x41, 0xFE,
    0x0B, 0xFC, 0x00, 0x00, 0x00, 0x00, 0x00, 0x00, 0x1C, 0x38, 0x0B, 0xF0, 0x00, 0x00, 0x7F, 0xFC,
    0x75, 0x54, 0x70, 0x00, 0x70, 0x00, 0x70, 0x00, 0x7F, 0xFC, 0x79, 0x54, 0x70, 0x00, 0x70, 0x00,
    0x70, 0x00, 0x75, 0x54, 0x7F, 0xFD, 0x00, 0x04, 0x01, 0xC7, 0x00, 0x2F, 0x40, 0x00, 0x00, 0x07,
    0xFC, 0x03, 0x83, 0xC2, 0xC0, 0x34, 0xE5, 0x5E, 0x3F, 0xFF, 0x4E, 0x00, 0x03, 0xC0, 0x00, 0x78,
    0x04, 0x07, 0xFF, 0x00, 0x00, 0x00, 0x00, 0x00, 0x00, 0x0B, 0xFF, 0x40, 0x09, 0x46, 0xE0, 0x00,
    0x00, 0x74, 0x00, 0x00, 0x2C, 0x00, 0x00, 0x1C, 0x2A, 0xAA, 0xAD, 0x3F, 0xFF, 0xFD, 0x38, 0x00,
    0x1C, 0x2C, 0x00, 0x2C, 0x1C, 0x00, 0x38, 0x0F, 0x41, 0xF0, 0x02, 0xFF, 0x80, 0x00, 0x00, 0x00,
    0x00, 0x00, 0x07, 0xFE, 0x01, 0x41, 0xE0, 0x00, 0x1C, 0x00, 0x03, 0x4F, 0xFF, 0xD3, 0x95, 0x74,
    0xE0, 0x1C, 0x2D, 0x0E, 0x02, 0xFE, 0x00, 0x00, 0x00, 0x00, 0x00, 0x00, 0x01, 0xC7, 0x00, 0x00,
    0x41, 0x00, 0x00, 0x00, 0x00, 0x0B, 0xFF, 0x40, 0x09, 0x46, 0xE0, 0x00, 0x00, 0x74, 0x00, 0x00,
    0x2C, 0x00, 0x00, 0x1C, 0x2A, 0xAA, 0xAD, 0x3F, 0xFF, 0xFD, 0x38, 0x00, 0x1C, 0x2C, 0x00, 0x2C,
    0x1C, 0x00, 0x38, 0x0F, 0x41, 0xF0, 0x02, 0xFF, 0x80, 0x00, 0x00, 0x00, 0x00, 0x00, 0x02, 0x8B,
    0x00, 0x50, 0x40, 0x00, 0x00, 0x1F, 0xF8, 0x05, 0x07, 0x80, 0x00, 0x70, 0x00, 0x0D, 0x3F, 0xFF,
    0x4E, 0x55, 0xD3, 0x80, 0x70, 0xB4, 0x38, 0x0B, 0xF8, 0x00, 0x00, 0x00, 0x00, 0x00, 0x00, 0x00,
    0x00, 0x28, 0xB0, 0x00, 0x00, 0x10, 0x10, 0x00, 0x00, 0x00, 0x00, 0x00, 0x70, 0x03, 0x00, 0x34,
    0x2C, 0x03, 0x40, 0xF0, 0x0E, 0x03, 0x41, 0xC0, 0x07, 0x03, 0x43, 0x40, 0x02, 0xC3, 0x4F, 0x00,
    0x00, 0xFF, 0xFC, 0x00, 0x01, 0xEB, 0x9E, 0x00, 0x03, 0x83, 0x4B, 0x00, 0x0B, 0x03, 0x43, 0xC0,
    0x1D, 0x03, 0x41, 0xD0, 0x38, 0x03, 0x40, 0xB0, 0xB0, 0x03, 0x40, 0x38, 0x00, 0x00, 0x00, 0x00,
    0x34, 0xE0, 0x00, 0x04, 0x10, 0x00, 0x00, 0x00, 0x00, 0x70, 0x1C, 0x0B, 0x0B, 0x07, 0x03, 0x40,
    0xE1, 0xC3, 0x80, 0x1D, 0x72, 0xC0, 0x03, 0xFF, 0xE0, 0x02, 0xC7, 0x1C, 0x00, 0xD1, 0xC3, 0xC0,
    0xF0, 0x70, 0x38, 0xB0, 0x1C, 0x07, 0x00, 0x00, 0x00, 0x03, 0x4E, 0x00, 0x41, 0x00, 0x00, 0x00,
    0x2F, 0xF8, 0x09, 0x07, 0xC0, 0x00, 0x70, 0x00, 0x1C, 0x00, 0x0F, 0x02, 0xFE, 0x00, 0x56, 0xE0,
    0x00, 0x1D, 0x00, 0x03, 0x80, 0x00, 0xE1, 0x41, 0xF0, 0xFF, 0xE0, 0x00, 0x00, 0x00, 0x00, 0x00,
    0x1C, 0x70, 0x04, 0x10, 0x00, 0x00, 0x3F, 0xF0, 0x20, 0x3C, 0x00, 0x1C, 0x05, 0x78, 0x0F, 0xF0,
    0x00, 0x2C, 0x00, 0x0D, 0x10, 0x2C, 0x7F, 0xF4, 0x00, 0x00, 0x3F, 0xFF, 0x45, 0x57, 0xC0, 0x02,
    0xC0, 0x02, 0xC0, 0x02, 0xC0, 0x01, 0xF9, 0x00, 0x16, 0xF0, 0x00, 0x0E, 0x00, 0x03, 0xC0, 0x00,
    0xE6, 0x00, 0xB1, 0xFF, 0xF4, 0x00, 0x00, 0x00, 0xBF, 0xFD, 0x15, 0x7C, 0x00, 0xB0, 0x01, 0xC0,
    0x07, 0x40, 0x0F, 0x90, 0x05, 0xB8, 0x00, 0x0D, 0x00, 0x0E, 0x00, 0x0E, 0x00, 0x0D, 0x94, 0x7C,
    0x7F, 0xE0, 0x01, 0x54, 0x00, 0x3F, 0xE0, 0x00, 0x00, 0x07, 0x00, 0x0F, 0x70, 0x02, 0xF7, 0x00,
    0x3B, 0x70, 0x0E, 0x77, 0x01, 0xCB, 0x70, 0x34, 0xB7, 0x0A, 0x0B, 0x71, 0xC0, 0xB7, 0x34, 0x0B,
    0x7B, 0x00, 0xB7, 0xC0, 0x0B, 0x78, 0x00, 0xB0, 0x05, 0x50, 0x1F, 0xF8, 0x00, 0x00, 0xB0, 0x0F,
    0xB0, 0x2F, 0xB0, 0x7B, 0xB0, 0xDB, 0xB1, 0xCB, 0xB3, 0x4B, 0xBA, 0x0B, 0xBC, 0x0B, 0xB8, 0x0B,
    0x00, 0x00, 0x00, 0x34, 0xE0, 0x01, 0x04, 0x00, 0x00, 0x00, 0x70, 0x00, 0xF7, 0x00, 0x2F, 0x70,
    0x03, 0xB7, 0x00, 0xE7, 0x70, 0x1C, 0xB7, 0x03, 0x4B, 0x70, 0xA0, 0xB7, 0x1C, 0x0B, 0x73, 0x40,
    0xB7, 0xB0, 0x0B, 0x7C, 0x00, 0xB7, 0x80, 0x0B, 0x00, 0x00, 0x0D, 0x34, 0x04, 0x10, 0x00, 0x00,
    0xB0, 0x0F, 0xB0, 0x2F, 0xB0, 0x7B, 0xB0, 0xDB, 0xB1, 0xCB, 0xB3, 0x4B, 0xBA, 0x0B, 0xBC, 0x0B,
    0xB8, 0x0B, 0x00, 0x00, 0x00, 0x0E, 0x2C, 0x00, 0x10, 0x10, 0x00, 0x00, 0x00, 0x07, 0xFF, 0x40,
    0xB9, 0x5B, 0x43, 0x80, 0x0B, 0x2C, 0x00, 0x0E, 0xE0, 0x00, 0x2F, 0x80, 0x00, 0xBE, 0x00, 0x02,
    0xF8, 0x00, 0x0B, 0xB0, 0x00, 0x39, 0xE0, 0x01, 0xC2, 0xE4, 0x2E, 0x01, 0xFF, 0xD0, 0x00, 0x00,
    0x00, 0x00, 0x00, 0x00, 0x30, 0xD0, 0x01, 0x04, 0x00, 0x00, 0x00, 0x07, 0xFD, 0x01, 0xE0, 0xB4,
    0x3C, 0x02, 0xC3, 0x80, 0x1C, 0x34, 0x01, 0xC3, 0x80, 0x1C, 0x3C, 0x02, 0xC1, 0xE0, 0x74, 0x07,
    0xFD, 0x00, 0x00, 0x00, 0x00, 0x00, 0x00, 0x1F, 0xFD, 0x02, 0xE4, 0x6D, 0x0E, 0x00, 0x2C, 0xB0,
    0x00, 0x3B, 0x80, 0x00, 0xBF, 0xAA, 0xAB, 0xFE, 0xAA, 0xAF, 0xE0, 0x00, 0x2E, 0xC0, 0x00, 0xE7,
    0x80, 0x07, 0x0B, 0x90, 0xB8, 0x07, 0xFF, 0x40, 0x00, 0x00, 0x00, 0x00, 0x00, 0x00, 0x7F, 0xD0,
    0x1E, 0x0B, 0x43, 0xC0, 0x2C, 0x38, 0x02, 0xC3, 0xFF, 0xFC, 0x38, 0x01, 0xC3, 0xC0, 0x2C, 0x1E,
    0x07, 0x40, 0x7F, 0xD0, 0x00, 0x00, 0x00, 0x00, 0x00, 0x00, 0x0E, 0x2C, 0x00, 0x10, 0x10, 0x00,
    0x00, 0x00, 0x07, 0xFF, 0x40, 0xB9, 0x1B, 0x43, 0x80, 0x0B, 0x2C, 0x00, 0x0E, 0xE0, 0x00, 0x2F,
    0xEA, 0xAA, 0xFF, 0xAA, 0xAB, 0xF8, 0x00, 0x0B, 0xB0, 0x00, 0x39, 0xE0, 0x01, 0xC2, 0xE4, 0x2E,
    0x01, 0xFF, 0xD0, 0x00, 0x00, 0x00, 0x00, 0x00, 0x00, 0x30, 0xD0, 0x01, 0x04, 0x00, 0x00, 0x00,
    0x07, 0xFD, 0x01, 0xE0, 0xB4, 0x3C, 0x02, 0xC3, 0x80, 0x2C, 0x3F, 0xFF, 0xC3, 0x80, 0x1C, 0x3C,
    0x02, 0xC1, 0xE0, 0x74, 0x07, 0xFD, 0x00, 0x00, 0x00, 0x00, 0x00, 0x00, 0xD3, 0x80, 0x04, 0x10,
    0x00, 0x00, 0x00, 0x2F, 0xF8, 0x02, 0x55, 0xF4, 0x00, 0x03, 0xC0, 0x00, 0x1D, 0x00, 0x00, 0xE0,
    0x7F, 0xFF, 0x06, 0xAA, 0xF0, 0x00, 0x0E, 0x00, 0x00, 0xD0, 0x00, 0x3C, 0x24, 0x1F, 0x43, 0xFF,
    0x80, 0x00, 0x00, 0x00, 0x00, 0x00, 0x28, 0xB0, 0x14, 0x10, 0x00, 0x00, 0x3F, 0xE0, 0x10, 0x78,
    0x00, 0x1C, 0x00, 0x1D, 0x1F, 0xFD, 0x00, 0x0D, 0x00, 0x1C, 0x10, 0x78, 0x3F, 0xE0, 0x00, 0x00,
    0x01, 0x54, 0x00, 0x1F, 0xF8, 0x00, 0x00, 0x00, 0x2C, 0x00, 0x1C, 0x34, 0x00, 0xE0, 0xB0, 0x07,
    0x00, 0xD0, 0x38, 0x02, 0xC0, 0xD0, 0x03, 0x4B, 0x00, 0x0B, 0x34, 0x00, 0x0F, 0xC0, 0x00, 0x2E,
    0x00, 0x00, 0xB0, 0x00, 0x1B, 0x40, 0x02, 0xF8, 0x00, 0x00, 0x00, 0x00, 0x05, 0x50, 0x03, 0xFE,
    0x00, 0x00, 0x03, 0x80, 0x0D, 0x70, 0x0B, 0x0D, 0x03, 0x82, 0xC1, 0xC0, 0x34, 0xB0, 0x0E, 0x34,
    0x01, 0xDC, 0x00, 0x3E, 0x00, 0x0B, 0x40, 0x02, 0xC0, 0x00, 0xE0, 0x05, 0xF0, 0x02, 0xF0, 0x00,
    0x00, 0x00, 0x00, 0x0D, 0x34, 0x00, 0x10, 0x40, 0x00, 0x00, 0x00, 0xB0, 0x00, 0x70, 0xD0, 0x03,
    0x82, 0xC0, 0x1C, 0x03, 0x40, 0xE0, 0x0B, 0x03, 0x40, 0x0D, 0x2C, 0x00, 0x2C, 0xD0, 0x00, 0x3F,
    0x00, 0x00, 0xB8, 0x00, 0x02, 0xC0, 0x00, 0x6D, 0x00, 0x0B, 0xE0, 0x00, 0x00, 0x00, 0x00, 0x00,
    0x00, 0x03, 0x4E, 0x00, 0x41, 0x00, 0x00, 0x00, 0xE0, 0x03, 0x5C, 0x02, 0xC3, 0x40, 0xE0, 0xB0,
    0x70, 0x0D, 0x2C, 0x03, 0x8D, 0x00, 0x77, 0x00, 0x0F, 0x80, 0x02, 0xD0, 0x00, 0xB0, 0x00, 0x38,
    0x01, 0x7C, 0x00, 0xBC, 0x00, 0x00, 0x00, 0x71, 0xC0, 0x03, 0x8E, 0x00, 0x18, 0x60, 0x00, 0x00,
    0x00, 0xB0, 0x00, 0x70, 0xD0, 0x03, 0x82, 0xC0, 0x1C, 0x03, 0x40, 0xE0, 0x0B, 0x03, 0x40, 0x0D,
    0x2C, 0x00, 0x2C, 0xD0, 0x00, 0x3F, 0x00, 0x00, 0xB8, 0x00, 0x02, 0xC0, 0x00, 0x6D, 0x00, 0x0B,
    0xE0, 0x00, 0x00, 0x00, 0x00, 0x01, 0x86, 0x00, 0xD3, 0x40, 0x92, 0x40, 0x00, 0x00, 0xA0, 0x03,
    0x5C, 0x02, 0xC3, 0x80, 0xE0, 0xB0, 0x70, 0x0D, 0x2C, 0x03, 0x8D, 0x00, 0x77, 0x00, 0x0F, 0x80,
    0x02, 0xD0, 0x00, 0xB0, 0x00, 0x38, 0x00, 0x6C, 0x00, 0xFC, 0x00, 0x00, 0x00, 0x00, 0x03, 0x8A,
    0x00, 0x41, 0x00, 0x00, 0x00, 0xA0, 0x03, 0xB8, 0x00, 0xEE, 0x00, 0x3B, 0x80, 0x0E, 0xB0, 0x03,
    0xAD, 0x00, 0xE3, 0xFF, 0xF8, 0x15, 0x4E, 0x00, 0x03, 0x80, 0x00, 0xE0, 0x00, 0x38, 0x00, 0x0E,
    0x00, 0x00, 0x2C, 0x70, 0x04, 0x10, 0x00, 0x00, 0xD0, 0x0D, 0xD0, 0x0D, 0xD0, 0x0D, 0xE0, 0x0D,
    0xB5, 0x6D, 0x2F, 0xED, 0x00, 0x0D, 0x00, 0x0D, 0x00, 0x0D, 0x7F, 0xFD, 0x79, 0x54, 0x70, 0x00,
    0x70, 0x00, 0x70, 0x00, 0x70, 0x00, 0x70, 0x00, 0x70, 0x00, 0x70, 0x00, 0x70, 0x00, 0x74, 0x00,
    0x7E, 0x00, 0x0E, 0x00, 0x0E, 0x00, 0x0E, 0x00, 0x00, 0x00, 0xBF, 0xFB, 0x54, 0xB0, 0x0B, 0x00,
    0xB0, 0x0B, 0x00, 0xB0, 0x0B, 0x00, 0xBC, 0x01, 0xC0, 0x1C, 0x01, 0xC0, 0x00, 0x00, 0x00, 0x00,
    0x00, 0x00, 0xC3, 0x40, 0x00, 0x41, 0x00, 0x00, 0x00, 0x00, 0x70, 0x00, 0x0D, 0x70, 0x00, 0x0E,
    0x70, 0x00, 0x0E, 0x70, 0x00, 0x0E, 0x75, 0x00, 0x0E, 0x7F, 0xF8, 0x0E, 0x70, 0x1F, 0x0E, 0x70,
    0x07, 0x0E, 0x70, 0x07, 0x0E, 0x70, 0x0B, 0x0E, 0x75, 0x6E, 0x0E, 0x7F, 0xF4, 0x0E, 0x00, 0x00,
    0x00, 0x0D, 0x38, 0x00, 0x10, 0x40, 0x00, 0x00, 0x00, 0xB0, 0x00, 0x32, 0xC0, 0x00, 0xCB, 0x00,
    0x03, 0x2E, 0xA4, 0x0C, 0xBA, 0xBC, 0x32, 0xC0, 0x70, 0xCB, 0x01, 0xC3, 0x2C, 0x1F, 0x0C, 0xBF,
    0xE0, 0x30, 0x1F, 0xFF, 0x47, 0x95, 0x41, 0xC0, 0x00, 0x70, 0x00, 0x1C, 0x00, 0x1B, 0xA9, 0x07,
    0xFF, 0x40, 0x70, 0x00, 0x1C, 0x00, 0x07, 0x00, 0x01, 0xD0, 0x00, 0x7D, 0x00, 0x03, 0x40, 0x00,
    0xD0, 0x02, 0xF0, 0x00, 0x10, 0x00, 0x2F, 0xFC, 0xB5, 0x52, 0xC0, 0x0B, 0x00, 0xFF, 0xE0, 0xB0,
    0x02, 0xC0, 0x0B, 0x00, 0x2F, 0x00, 0x0C, 0x00, 0x70, 0x0F, 0xC0, 0x04, 0x00, 0x70, 0x01, 0xC0,
    0xF0, 0x0E, 0x00, 0xD0, 0xB0, 0x01, 0xC7, 0x00, 0x03, 0xF8, 0x00, 0x03, 0xC0, 0x00, 0x1F, 0x00,
    0x00, 0xDB, 0x00, 0x0B, 0x0D, 0x00, 0x70, 0x2C, 0x03, 0x80, 0x3D, 0x2C, 0x00, 0x7C, 0x00, 0x00,
    0x30, 0x00, 0x01, 0xC0, 0x00, 0x3F, 0x00, 0x00, 0x10, 0x34, 0x0B, 0x0B, 0x07, 0x40, 0xF3, 0x80,
    0x0F, 0xC0, 0x02, 0xD0, 0x00, 0xFC, 0x00, 0xE3, 0x80, 0xB0, 0x34, 0x74, 0x07, 0xC0, 0x00, 0x70,
    0x00, 0x1C, 0x00, 0x3E, 0x00, 0x00, 0x00, 0x70, 0x01, 0xC3, 0xC0, 0x38, 0x0D, 0x0B, 0x00, 0x71,
    0xC0, 0x03, 0xB8, 0x03, 0xFF, 0xF8, 0x16, 0xF9, 0x40, 0x36, 0xC0, 0x0B, 0x0D, 0x01, 0xC0, 0xB0,
    0x38, 0x03, 0x8B, 0x00, 0x1D, 0x34, 0x0B, 0x0B, 0x07, 0x40, 0xF3, 0x80, 0x1F, 0xC0, 0x3F, 0xFF,
    0x00, 0xFC, 0x00, 0xE3, 0x80, 0xB0, 0x34, 0x74, 0x07, 0x00, 0x2C, 0x00, 0xF0, 0xF0, 0x0E, 0x03,
    0x80, 0xE0, 0x3D, 0x1C, 0x0E, 0xB7, 0x82, 0xC3, 0xE0, 0x38, 0x0E, 0x03, 0x40, 0x74, 0x34, 0x03,
    0xC7, 0x00, 0x0E, 0x2F, 0xF4, 0x01, 0x5B, 0x40, 0x00, 0xE0, 0x00, 0x38, 0x00, 0x0E, 0x00, 0x03,
    0x80, 0x00, 0xE0, 0x00, 0x38, 0x15, 0x5F, 0x1F, 0xFF, 0xF0, 0x2F, 0x40, 0x7C, 0x01, 0xC0, 0x1C,
    0x01, 0xC0, 0x1C, 0x01, 0xC0, 0x3C, 0x1D, 0xDB, 0x4A, 0x00, 0x00, 0x7F, 0xFF, 0x45, 0x5B, 0x40,
    0x02, 0xC0, 0x00, 0xB0, 0x00, 0x2C, 0x00, 0x0B, 0x00, 0x02, 0xC0, 0x00, 0xB0, 0x00, 0x2C, 0x00,
    0x0B, 0x00, 0x3F, 0xFE, 0x01, 0x55, 0x7C, 0x00, 0x01, 0xC0, 0x00, 0x1C, 0x24, 0x01, 0xD3, 0x80,
    0x1D, 0x38, 0x01, 0xD3, 0x80, 0x1D, 0x38, 0x01, 0xD3, 0x80, 0x1D, 0x7E, 0x1E, 0x0E, 0x0E, 0x0E,
    0x0E, 0x0E, 0x0E, 0x0E, 0x0E, 0x7F, 0xC6, 0xD0, 0xD0, 0x70, 0x2C, 0x0B, 0x01, 0xC0, 0x74, 0x0D,
    0x03, 0x80, 0x3F, 0xFF, 0x41, 0xE5, 0x6D, 0x1C, 0x00, 0xE1, 0xC0, 0x0B, 0x1C, 0x00, 0xB1, 0xC0,
    0x0B, 0x1C, 0x00, 0xB1, 0xC0, 0x0B, 0x1C, 0x00, 0xB1, 0xC0, 0x0B, 0x34, 0x3F, 0x43, 0x41, 0x7C,
    0x34, 0x00, 0xD3, 0x40, 0x0E, 0x34, 0x00, 0xE3, 0x80, 0x0E, 0x38, 0x00, 0xE2, 0xC0, 0x2C, 0x0F,
    0x5B, 0x80, 0x2F, 0xD0, 0x7E, 0x1E, 0x0E, 0x0E, 0x0E, 0x00, 0x3F, 0xF4, 0x15, 0x6D, 0x00, 0x0B,
    0x00, 0x0B, 0x00, 0x0B, 0x00, 0x0B, 0x00, 0x0B, 0x00, 0x0B, 0x00, 0x0B, 0x00, 0x0B, 0x00, 0x0B,
    0x00, 0x0B, 0x00, 0x0B, 0x3F, 0xE0, 0x15, 0x7C, 0x00, 0x1D, 0x00, 0x0E, 0x00, 0x0F, 0x00, 0x0F,
    0x00, 0x0E, 0x00, 0x1D, 0x15, 0x7C, 0x7F, 0xE0, 0x60, 0x00, 0x1C, 0x00, 0x07, 0x00, 0x01, 0xFF,
    0xFC, 0x15, 0x5F, 0x00, 0x03, 0x40, 0x01, 0xC0, 0x00, 0xF0, 0x00, 0x34, 0x00, 0x1C, 0x00, 0x0F,
    0x00, 0x03, 0x40, 0x01, 0xC0, 0x00, 0x3F, 0xFF, 0x80, 0x79, 0x57, 0xC0, 0xD0, 0x07, 0x03, 0x40,
    0x1C, 0x0D, 0x00, 0x70, 0x34, 0x01, 0xC0, 0xD0, 0x07, 0x03, 0x40, 0x1C, 0x0E, 0x55, 0xB0, 0x3F,
    0xFF, 0xC0, 0x34, 0x7F, 0x40, 0xA3, 0x5B, 0x81, 0xE0, 0x0B, 0x03, 0xC0, 0x1D, 0x0E, 0x00, 0x34,
    0x34, 0x01, 0xD1, 0xC0, 0x07, 0x0B, 0x00, 0x3C, 0x2C, 0x16, 0xD0, 0xE1, 0xFD, 0x00, 0x3F, 0x1F,
    0x0F, 0x0F, 0x0F, 0x0F, 0x0F, 0x0F, 0x0F, 0x0F, 0x0F, 0x0F, 0x0F, 0x2F, 0x40, 0x7C, 0x01, 0xC0,
    0x1C, 0x01, 0xC0, 0x1C, 0x01, 0xC0, 0x1C, 0x16, 0xC3, 0xFC, 0x3F, 0xFF, 0x41, 0xE5, 0x7C, 0x0C,
    0x00, 0xE2, 0xC0, 0x0B, 0x2C, 0x00, 0xB2, 0xC0, 0x0B, 0x2C, 0x00, 0xE1, 0xD0, 0x1D, 0x0F, 0x57,
    0xC0, 0x2F, 0xE0, 0x00, 0x00, 0x03, 0x80, 0x1C, 0x2C, 0x02, 0xC1, 0xC0, 0x2C, 0x0D, 0x02, 0xC0,
    0xE0, 0x38, 0x0B, 0x03, 0x80, 0x70, 0x70, 0x03, 0x4E, 0x00, 0x3F, 0x80, 0x7F, 0x80, 0x01, 0x00,
    0x00, 0x07, 0xF8, 0x02, 0xE5, 0xF0, 0x38, 0x03, 0x83, 0x40, 0x2C, 0x38, 0x01, 0xC1, 0xF0, 0x1C,
    0x01, 0x01, 0xC0, 0x00, 0x1C, 0x00, 0x01, 0xC0, 0x00, 0x1C, 0x00, 0x01, 0xC0, 0x00, 0x1C, 0x00,
    0x01, 0xC0, 0x07, 0xF8, 0x01, 0xE5, 0xF0, 0x38, 0x03, 0x83, 0x40, 0x2C, 0x38, 0x01, 0xC1, 0xF0,
    0x1C, 0x01, 0x02, 0xC0, 0x00, 0x38, 0x05, 0x5F, 0x03, 0xFF, 0x40, 0x74, 0x0B, 0x0F, 0x02, 0xC1,
    0xC0, 0xE0, 0x38, 0x34, 0x0B, 0x2C, 0x00, 0xFC, 0x00, 0x3C, 0x00, 0x0B, 0x00, 0x00, 0xD0, 0x00,
    0x38, 0x00, 0x0B, 0x00, 0x01, 0xC0, 0x00, 0x34, 0x00, 0x3C, 0x03, 0x47, 0x40, 0xD0, 0xB0, 0x70,
    0x0E, 0x2C, 0x01, 0xED, 0x00, 0x3D, 0x00, 0x03, 0x40, 0x00, 0xB0, 0x15, 0x5F, 0x1F, 0xFF, 0xC0,
    0xFF, 0xFF, 0xC5, 0x55, 0xE0, 0x00, 0x34, 0x40, 0x2C, 0x70, 0x0E, 0x1C, 0x03, 0x47, 0x01, 0xC1,
    0xC0, 0xF0, 0x70, 0x34, 0x1C, 0x1C, 0x07, 0x00, 0x01, 0xC0, 0x00, 0x70, 0x00, 0x00, 0x3F, 0xF4,
    0x15, 0x7C, 0x00, 0x0D, 0x00, 0x0D, 0x00, 0x0D, 0x00, 0x0D, 0x00, 0x0D, 0x00, 0x0D, 0x00, 0x0D,
    0x00, 0x0D, 0xE0, 0xB0, 0x73, 0x82, 0xC1, 0xCE, 0x0F, 0x07, 0x38, 0x38, 0x1C, 0xE3, 0xC0, 0x73,
    0xFD, 0x02, 0xCB, 0x00, 0x0F, 0x1D, 0x00, 0x74, 0x2E, 0x47, 0x80, 0x1F, 0xF4, 0x00, 0x3F, 0xFF,
    0x80, 0x6D, 0x57, 0xC0, 0xB0, 0x07, 0x02, 0xC0, 0x1C, 0x0B, 0x00, 0x70, 0x2C, 0x01, 0xC0, 0xB0,
    0x07, 0x02, 0xC0, 0x1C, 0x1F, 0x00, 0x71, 0xF0, 0x01, 0xC0, 0x10, 0xD7, 0x1E, 0x00, 0x04, 0xA3,
    0x5D, 0x70, 0x00, 0x2C, 0xB0, 0x00, 0x00, 0x00, 0xBF, 0xD7, 0x46, 0x78, 0x00, 0xA0, 0x01, 0xD0,
    0x01, 0xD0, 0x01, 0xD0, 0x02, 0x80, 0x05, 0x00, 0x00, 0x00, 0xF0, 0x03, 0xC0, 0x00, 0x00, 0x0B,
    0xC0, 0xB5, 0x03, 0x40, 0x0D, 0x00, 0x1E, 0xB1, 0xBF, 0x47, 0x40, 0x00, 0x15, 0x4F, 0xFC, 0x00,
    0x00, 0x00, 0x34, 0x3C, 0x00, 0x00, 0xB0, 0x70, 0x34, 0x38, 0x38, 0x2C, 0x2C, 0x1C, 0x1C, 0x1C,
    0x0C, 0x00, 0x00, 0x00, 0x70, 0x0C, 0x34, 0x6C, 0x3F, 0xF0, 0x38, 0x00, 0x38, 0x00, 0x2C, 0x00,
    0x2C, 0x00, 0x1C, 0x00, 0x1C, 0x00, 0x0C, 0x00, 0x0C, 0x00, 0x00, 0x00, 0x00, 0x00, 0x1C, 0x0C,
    0xA3, 0x47, 0x1C, 0xF7, 0xEF, 0x2F, 0x9E, 0x0B, 0x00, 0x01, 0xC0, 0x00, 0x70, 0x00, 0x0C, 0x00,
    0x03, 0x40, 0x00, 0xD0, 0x00, 0x34, 0x00, 0x00, 0x00, 0x00, 0x00, 0x00, 0x07, 0x80, 0x2E, 0x00,
    0x70, 0x00, 0xB0, 0x00, 0x7A, 0x40, 0x1F, 0x40, 0x3C, 0x00, 0x70, 0x00, 0xB0, 0x00, 0x79, 0x18,
    0x2F, 0xF8, 0x00, 0x00, 0x02, 0x40, 0x1F, 0xF0, 0x38, 0x38, 0x70, 0x2C, 0xB0, 0x1C, 0xB0, 0x0C,
    0x70, 0x1C, 0x39, 0x78, 0x1F, 0xE0, 0x00, 0x00, 0x00, 0x00, 0xBF, 0xF0, 0x15, 0x70, 0x00, 0x34,
    0x00, 0x34, 0x00, 0x34, 0x00, 0x38, 0x00, 0x28, 0x00, 0x2C, 0x00, 0x1C, 0x00, 0x1C, 0x00, 0x0C,
    0x00, 0x00, 0x10, 0x00, 0x0B, 0x00, 0x1C, 0x34, 0x03, 0x82, 0xC0, 0x70, 0x1C, 0x0B, 0x00, 0xE0,
    0xD0, 0x0B, 0x1C, 0x00, 0x72, 0x80, 0x03, 0xB4, 0x00, 0x2F, 0x00, 0x01, 0xE0, 0x00, 0x0D, 0x00,
    0x00, 0x00, 0x00, 0x00, 0x00, 0x00, 0x0E, 0x00, 0x00, 0xF0, 0x00, 0x2F, 0x40, 0x03, 0x78, 0x00,
    0x32, 0xC0, 0x0B, 0x1D, 0x00, 0xD0, 0xE0, 0x1C, 0x0B, 0x03, 0x80, 0x34, 0x34, 0x03, 0x87, 0x00,
    0x1C, 0x00, 0x00, 0x00, 0x01, 0x00, 0x1F, 0xC0, 0x34, 0xE0, 0xB0, 0x70, 0x70, 0x30, 0x3E, 0xF0,
    0x0A, 0xB4, 0x00, 0x34, 0x00, 0x38, 0x00, 0x28, 0x00, 0x1C, 0x00, 0x1C, 0x00, 0x00, 0x00, 0x00,
    0x00, 0x00, 0x02, 0x80, 0x00, 0x07, 0x0C, 0x00, 0x0D, 0x70, 0x00, 0x39, 0xC0, 0x00, 0xE7, 0x00,
    0x03, 0x4E, 0x00, 0x2C, 0x2F, 0xAB, 0xC0, 0x0B, 0xE4, 0x00, 0x15, 0x1F, 0xE0, 0x00, 0x34, 0x3C,
    0x00, 0x00, 0xB0, 0x70, 0x34, 0x38, 0x38, 0x2C, 0x2C, 0x1C, 0x1C, 0x1C, 0x0C, 0x00, 0x00, 0x00,
    0x70, 0x0C, 0x34, 0x6C, 0x3F, 0xF0, 0x38, 0x00, 0x38, 0x00, 0x2C, 0x00, 0x2C, 0x00, 0x1C, 0x00,
    0x1C, 0x00, 0x0C, 0x00, 0x0C, 0x00, 0x00, 0x00, 0x00, 0x00, 0x1C, 0x0C, 0xA3, 0x47, 0x1C, 0xF7,
    0xEF, 0x2F, 0x9E, 0x0B, 0x00, 0x01, 0xC0, 0x00, 0x70, 0x00, 0x0C, 0x00, 0x03, 0x40, 0x00, 0xD0,
    0x00, 0x34, 0x00, 0x00, 0x00, 0x00, 0x00, 0x10, 0xB1, 0xF4, 0x72, 0x80, 0x36, 0xD8, 0x3F, 0xF8,
    0x38, 0x00, 0x28, 0x00, 0x2C, 0x00, 0x1C, 0x00, 0x1C, 0x00, 0x0C, 0x00, 0x0C, 0x00, 0x00, 0x00,
    0x07, 0x40, 0x03, 0xC0, 0x0B, 0xE0, 0x1C, 0x70, 0x38, 0x38, 0x30, 0x2C, 0x60, 0x0C, 0xA0, 0x0C,
    0xA1, 0x0C, 0xB7, 0xAC, 0x3E, 0xF4, 0x00, 0x40, 0x2F, 0xC1, 0xD0, 0x0B, 0x00, 0x2C, 0x00, 0x3D,
    0xA0, 0x2F, 0x00, 0xF0, 0x0B, 0x00, 0x74, 0x03, 0x80, 0x0C, 0x00, 0x00, 0x00, 0x10, 0x00, 0x0B,
    0x00, 0x1C, 0x34, 0x03, 0x82, 0xC0, 0x70, 0x1C, 0x0B, 0x00, 0xE0, 0xD0, 0x0B, 0x1C, 0x00, 0x72,
    0x80, 0x03, 0xB4, 0x00, 0x2F, 0x00, 0x01, 0xE0, 0x00, 0x0D, 0x00, 0x00, 0x00, 0x00, 0x00, 0x00,
    0x00, 0x0E, 0x00, 0x00, 0xF0, 0x00, 0x2F, 0x40, 0x03, 0x78, 0x00, 0x32, 0xC0, 0x0B, 0x1D, 0x00,
    0xD0, 0xE0, 0x1C, 0x0B, 0x03, 0x80, 0x34, 0x34, 0x03, 0x87, 0x00, 0x1C, 0x00, 0x00, 0x00, 0x01,
    0x00, 0x1F, 0xC0, 0x34, 0xE0, 0xB0, 0x70, 0x70, 0x30, 0x3E, 0xF0, 0x0A, 0xB4, 0x00, 0x34, 0x00,
    0x38, 0x00, 0x28, 0x00, 0x1C, 0x00, 0x1C, 0x00, 0x00, 0x00, 0xB0, 0x00, 0x03, 0xE0, 0x00, 0x1D,
    0xC0, 0x00, 0xA3, 0x40, 0x03, 0x4A, 0x00, 0x1C, 0x1C, 0x00, 0xE0, 0x38, 0x07, 0xFF, 0xF0, 0x2D,
    0x55, 0xD0, 0xD0, 0x03, 0x87, 0x00, 0x07, 0x38, 0x00, 0x0D, 0x00, 0x00, 0x00, 0x01, 0xC0, 0x00,
    0x07, 0x00, 0x00, 0x00, 0x00, 0x0B, 0xFC, 0x09, 0x0F, 0x00, 0x0B, 0x00, 0x5B, 0x1F, 0xEF, 0x38,
    0x07, 0x34, 0x0B, 0x38, 0x1F, 0x1F, 0xE3, 0x00, 0x00, 0x00, 0xD0, 0x00, 0xD0, 0x00, 0xA0, 0x00,
    0x00, 0x70, 0x00, 0x02, 0xC0, 0x00, 0x18, 0x00, 0x00, 0x00, 0x00, 0x02, 0xC0, 0x00, 0x0F, 0x80,
    0x00, 0x77, 0x00, 0x02, 0x8D, 0x00, 0x0D, 0x28, 0x00, 0x70, 0x70, 0x03, 0x80, 0xE0, 0x1F, 0xFF,
    0xC0, 0xB5, 0x57, 0x43, 0x40, 0x0E, 0x1C, 0x00, 0x1C, 0xE0, 0x00, 0x34, 0x01, 0x90, 0x00, 0x74,
    0x00, 0x70, 0x00, 0xC0, 0x00, 0x00, 0x0B, 0xFC, 0x09, 0x0F, 0x00, 0x0B, 0x00, 0x5B, 0x1F, 0xEF,
    0x38, 0x07, 0x34, 0x0B, 0x38, 0x1F, 0x1F, 0xE3, 0x00, 0x00, 0x00, 0x00, 0x00, 0x00, 0x03, 0x00,
    0x0F, 0x90, 0x00, 0xD3, 0x40, 0x00, 0x00, 0x00, 0x02, 0xC0, 0x00, 0x0F, 0x80, 0x00, 0x77, 0x00,
    0x02, 0x8D, 0x00, 0x0D, 0x28, 0x00, 0x70, 0x70, 0x03, 0x80, 0xE0, 0x1F, 0xFF, 0xC0, 0xB5, 0x57,
    0x43, 0x40, 0x0E, 0x1C, 0x00, 0x1C, 0xE0, 0x00, 0x34, 0x00, 0x01, 0x40, 0x05, 0x34, 0x03, 0xF4,
    0x00, 0x91, 0x80, 0x00, 0x00, 0x00, 0xBF, 0xC0, 0x09, 0x0F, 0x00, 0x00, 0xB0, 0x00, 0x5B, 0x01,
    0xFE, 0xF0, 0x38, 0x07, 0x03, 0x40, 0xB0, 0x38, 0x1F, 0x01, 0xFE, 0x30, 0x00, 0x00, 0x00, 0x10,
    0x00, 0x00, 0xB0, 0x00, 0x00, 0x5F, 0x80, 0x00, 0xD3, 0x40, 0x00, 0x00, 0x00, 0x02, 0xC0, 0x00,
    0x0F, 0x80, 0x00, 0x77, 0x00, 0x02, 0x8D, 0x00, 0x0D, 0x28, 0x00, 0x70, 0x70, 0x03, 0x80, 0xE0,
    0x1F, 0xFF, 0xC0, 0xB5, 0x57, 0x43, 0x40, 0x0E, 0x1C, 0x00, 0x1C, 0xE0, 0x00, 0x34, 0x50, 0x00,
    0x34, 0x50, 0x07, 0xF0, 0x09, 0x08, 0x00, 0x00, 0x0B, 0xFC, 0x09, 0x0F, 0x00, 0x0B, 0x00, 0x5B,
    0x1F, 0xEF, 0x38, 0x07, 0x34, 0x0B, 0x38, 0x1F, 0x1F, 0xE3, 0x00, 0x00, 0x00, 0x01, 0x00, 0x00,
    0x07, 0x00, 0x00, 0x18, 0x00, 0x3E, 0x40, 0x03, 0x4D, 0x00, 0x00, 0x00, 0x00, 0x0B, 0x00, 0x00,
    0x3E, 0x00, 0x01, 0xDC, 0x00, 0x0A, 0x34, 0x00, 0x34, 0xA0, 0x01, 0xC1, 0xC0, 0x0E, 0x03, 0x80,
    0x7F, 0xFF, 0x02, 0xD5, 0x5D, 0x0D, 0x00, 0x38, 0x70, 0x00, 0x73, 0x80, 0x00, 0xD0, 0x00, 0x05,
    0x00, 0x00, 0x60, 0x05, 0x30, 0x0F, 0xD0, 0x0A, 0x08, 0x00, 0x00, 0x00, 0xBF, 0xC0, 0x24, 0x3C,
    0x00, 0x0B, 0x00, 0x16, 0xC1, 0xFE, 0xF0, 0xE0, 0x1C, 0x34, 0x0B, 0x0E, 0x07, 0xC1, 0xFE, 0x30,
    0x00, 0x00, 0x00, 0x41, 0x00, 0x0E, 0xF8, 0x00, 0x00, 0x40, 0x00, 0x3E, 0x00, 0x02, 0x49, 0x00,
    0x00, 0x00, 0x00, 0x0B, 0x00, 0x00, 0x3E, 0x00, 0x01, 0xDC, 0x00, 0x0A, 0x34, 0x00, 0x34, 0xA0,
    0x01, 0xC1, 0xC0, 0x0E, 0x03, 0x80, 0x7F, 0xFF, 0x02, 0xD5, 0x5D, 0x0D, 0x00, 0x38, 0x70, 0x00,
    0x73, 0x80, 0x00, 0xD0, 0x02, 0x44, 0x0D, 0xBC, 0x00, 0x50, 0x03, 0xF0, 0x09, 0x18, 0x00, 0x00,
    0x0B, 0xFC, 0x09, 0x0F, 0x00, 0x0B, 0x00, 0x5B, 0x1F, 0xEF, 0x38, 0x07, 0x34, 0x0B, 0x38, 0x1F,
    0x1F, 0xE3, 0x00, 0x00, 0x00, 0xB0, 0x00, 0x07, 0xB0, 0x00, 0x30, 0x60, 0x00, 0x00, 0x00, 0x00,
    0xB0, 0x00, 0x03, 0xE0, 0x00, 0x1D, 0xC0, 0x00, 0xA3, 0x40, 0x03, 0x4A, 0x00, 0x1C, 0x1C, 0x00,
    0xE0, 0x38, 0x07, 0xFF, 0xF0, 0x2D, 0x55, 0xD0, 0xD0, 0x03, 0x87, 0x00, 0x07, 0x38, 0x00, 0x0D,
    0x00, 0x00, 0x00, 0x01, 0xC0, 0x00, 0x07, 0x00, 0x00, 0x00, 0xE0, 0x03, 0xB4, 0x09, 0x0C, 0x00,
    0x00, 0x0B, 0xFC, 0x09, 0x0F, 0x00, 0x0B, 0x00, 0x5B, 0x1F, 0xEF, 0x38, 0x07, 0x34, 0x0B, 0x38,
    0x1F, 0x1F, 0xE3, 0x00, 0x00, 0x00, 0xD0, 0x00, 0xD0, 0x00, 0x1C, 0x00, 0x00, 0xD0, 0x00, 0x30,
    0x60, 0x00, 0x7F, 0x00, 0x00, 0x00, 0x00, 0x02, 0xC0, 0x00, 0x0F, 0x80, 0x00, 0x77, 0x00, 0x02,
    0x8D, 0x00, 0x0D, 0x28, 0x00, 0x70, 0x70, 0x03, 0x80, 0xE0, 0x1F, 0xFF, 0xC0, 0xB5, 0x57, 0x43,
    0x40, 0x0E, 0x1C, 0x00, 0x1C, 0xE0, 0x00, 0x34, 0x00, 0x00, 0x00, 0x34, 0x00, 0x90, 0x0A, 0x1C,
    0x02, 0xF0, 0x00, 0x00, 0x0B, 0xFC, 0x09, 0x0F, 0x00, 0x0B, 0x00, 0x5B, 0x1F, 0xEF, 0x38, 0x07,
    0x34, 0x0B, 0x38, 0x1F, 0x1F, 0xE3, 0x00, 0x00, 0x01, 0xC0, 0x00, 0x02, 0x80, 0x00, 0x30, 0x60,
    0x00, 0x7F, 0x00, 0x00, 0x00, 0x00, 0x02, 0xC0, 0x00, 0x0F, 0x80, 0x00, 0x77, 0x00, 0x02, 0x8D,
    0x00, 0x0D, 0x28, 0x00, 0x70, 0x70, 0x03, 0x80, 0xE0, 0x1F, 0xFF, 0xC0, 0xB5, 0x57, 0x43, 0x40,
    0x0E, 0x1C, 0x00, 0x1C, 0xE0, 0x00, 0x34, 0x00, 0x00, 0x03, 0x40, 0x00, 0x80, 0x0A, 0x1C, 0x02,
    0xF0, 0x00, 0x00, 0x0B, 0xFC, 0x09, 0x0F, 0x00, 0x0B, 0x00, 0x5B, 0x1F, 0xEF, 0x38, 0x07, 0x34,
    0x0B, 0x38, 0x1F, 0x1F, 0xE3, 0x00, 0x00, 0x00, 0x50, 0x00, 0x00, 0x90, 0x00, 0x02, 0x00, 0x00,
    0xC1, 0x80, 0x01, 0xFC, 0x00, 0x00, 0x00, 0x00, 0x0B, 0x00, 0x00, 0x3E, 0x00, 0x01, 0xDC, 0x00,
    0x0A, 0x34, 0x00, 0x34, 0xA0, 0x01, 0xC1, 0xC0, 0x0E, 0x03, 0x80, 0x7F, 0xFF, 0x02, 0xD5, 0x5D,
    0x0D, 0x00, 0x38, 0x70, 0x00, 0x73, 0x80, 0x00, 0xD0, 0x00, 0x90, 0x00, 0x30, 0x00, 0x90, 0x0A,
    0x1C, 0x02, 0xF4, 0x00, 0x00, 0x0B, 0xFC, 0x09, 0x0F, 0x00, 0x0B, 0x00, 0x5B, 0x1F, 0xEF, 0x38,
    0x07, 0x34, 0x0B, 0x38, 0x1F, 0x1F, 0xE3, 0x00, 0x00, 0x00, 0x41, 0x00, 0x0E, 0xE8, 0x00, 0x00,
    0x40, 0x00, 0xC1, 0x80, 0x02, 0xFC, 0x00, 0x00, 0x00, 0x00, 0x0B, 0x00, 0x00, 0x3E, 0x00, 0x01,
    0xDC, 0x00, 0x0A, 0x34, 0x00, 0x34, 0xA0, 0x01, 0xC1, 0xC0, 0x0E, 0x03, 0x80, 0x7F, 0xFF, 0x02,
    0xD5, 0x5D, 0x0D, 0x00, 0x38, 0x70, 0x00, 0x73, 0x80, 0x00, 0xD0, 0x02, 0x44, 0x09, 0xBC, 0x04,
    0x00, 0x0A, 0x1C, 0x02, 0xF0, 0x00, 0x00, 0x0B, 0xFC, 0x09, 0x0F, 0x00, 0x0B, 0x00, 0x5B, 0x1F,
    0xEF, 0x38, 0x07, 0x34, 0x0B, 0x38, 0x1F, 0x1F, 0xE3, 0x00, 0x00, 0x01, 0x01, 0x00, 0x0D, 0x6C,
    0x00, 0x1F, 0x80, 0x00, 0x00, 0x00, 0x00, 0xB0, 0x00, 0x03, 0xE0, 0x00, 0x1D, 0xC0, 0x00, 0xA3,
    0x40, 0x03, 0x4A, 0x00, 0x1C, 0x1C, 0x00, 0xE0, 0x38, 0x07, 0xFF, 0xF0, 0x2D, 0x55, 0xD0, 0xD0,
    0x03, 0x87, 0x00, 0x07, 0x38, 0x00, 0x0D, 0x00, 0x00, 0x00, 0x01, 0xC0, 0x00, 0x07, 0x00, 0x00,
    0x04, 0x00, 0x0A, 0x5C, 0x02, 0xF4, 0x00, 0x00, 0x0B, 0xFC, 0x09, 0x0F, 0x00, 0x0B, 0x00, 0x5B,
    0x1F, 0xEF, 0x38, 0x07, 0x34, 0x0B, 0x38, 0x1F, 0x1F, 0xE3, 0x00, 0x00, 0x01, 0xC0, 0x01, 0xC0,
    0x7F, 0xFC, 0x75, 0x54, 0x70, 0x00, 0x70, 0x00, 0x70, 0x00, 0x7F, 0xFC, 0x79, 0x54, 0x70, 0x00,
    0x70, 0x00, 0x70, 0x00, 0x75, 0x54, 0x7F, 0xFD, 0x00, 0x00, 0x02, 0x80, 0x02, 0x80, 0x00, 0x00,
    0x01, 0xFF, 0x00, 0xE0, 0xF0, 0xB0, 0x0D, 0x39, 0x57, 0x8F, 0xFF, 0xD3, 0x80, 0x00, 0xF0, 0x00,
    0x1E, 0x01, 0x01, 0xFF, 0xC0, 0x00, 0x00, 0x02, 0x80, 0x00, 0xA0, 0x00, 0x02, 0x80, 0x00, 0xA0,
    0x00, 0xE0, 0x02, 0x80, 0x00, 0x00, 0x7F, 0xFC, 0x75, 0x54, 0x70, 0x00, 0x70, 0x00, 0x70, 0x00,
    0x7F, 0xFC, 0x79, 0x54, 0x70, 0x00, 0x70, 0x00, 0x70, 0x00, 0x75, 0x54, 0x7F, 0xFD, 0x00, 0xA0,
    0x00, 0x0A, 0x00, 0x03, 0x80, 0x02, 0x80, 0x00, 0x00, 0x01, 0xFF, 0x00, 0xE0, 0xF0, 0xB0, 0x0D,
    0x39, 0x57, 0x8F, 0xFF, 0xD3, 0x80, 0x00, 0xF0, 0x00, 0x1E, 0x01, 0x01, 0xFF, 0xC0, 0x00, 0x00,
    0x00, 0x00, 0x2F, 0x9C, 0x30, 0xB4, 0x00, 0x00, 0x7F, 0xFC, 0x75, 0x54, 0x70, 0x00, 0x70, 0x00,
    0x70, 0x00, 0x7F, 0xFC, 0x79, 0x54, 0x70, 0x00, 0x70, 0x00, 0x70, 0x00, 0x75, 0x54, 0x7F, 0xFD,
    0x00, 0x00, 0x03, 0xF6, 0x80, 0x87, 0xC0, 0x00, 0x00, 0x07, 0xFC, 0x03, 0x83, 0xC2, 0xC0, 0x34,
    0xE5, 0x5E, 0x3F, 0xFF, 0x4E, 0x00, 0x03, 0xC0, 0x00, 0x78, 0x04, 0x07, 0xFF, 0x00, 0x00, 0x00,
    0x00, 0x01, 0x00, 0x02, 0xC0, 0x7D, 0x80, 0x31, 0xC0, 0x00, 0x00, 0x1F, 0xFF, 0x07, 0x55, 0x41,
    0xC0, 0x00, 0x70, 0x00, 0x1C, 0x00, 0x07, 0xFF, 0xC1, 0xE5, 0x50, 0x70, 0x00, 0x1C, 0x00, 0x07,
    0x00, 0x01, 0xD5, 0x50, 0x7F, 0xFD, 0x00, 0x00, 0x00, 0x80, 0x05, 0x34, 0x02, 0xF4, 0x00, 0x60,
    0x80, 0x00, 0x00, 0x00, 0x7F, 0xC0, 0x0E, 0x0F, 0x02, 0xC0, 0x34, 0x39, 0x57, 0x83, 0xFF, 0xF4,
    0x38, 0x00, 0x03, 0xC0, 0x00, 0x1E, 0x01, 0x00, 0x7F, 0xF0, 0x00, 0x00, 0x00, 0x10, 0x00, 0x0E,
    0x00, 0x00, 0x9F, 0x40, 0x0C, 0x30, 0x00, 0x00, 0x07, 0xFF, 0xC1, 0xD5, 0x50, 0x70, 0x00, 0x1C,
    0x00, 0x07, 0x00, 0x01, 0xFF, 0xF0, 0x79, 0x54, 0x1C, 0x00, 0x07, 0x00, 0x01, 0xC0, 0x00, 0x75,
    0x54, 0x1F, 0xFF, 0x40, 0x20, 0x00, 0x0A, 0x14, 0x00, 0x6F, 0x40, 0x18, 0x20, 0x00, 0x00, 0x01,
    0xFF, 0x00, 0xE0, 0xF0, 0xB0, 0x0D, 0x39, 0x57, 0x8F, 0xFF, 0xD3, 0x80, 0x00, 0xF0, 0x00, 0x1E,
    0x01, 0x01, 0xFF, 0xC0, 0x00, 0x00, 0x00, 0x00, 0x00, 0x07, 0x00, 0x0A, 0x07, 0xD4, 0x0C, 0x70,
    0x00, 0x00, 0x7F, 0xFC, 0x75, 0x54, 0x70, 0x00, 0x70, 0x00, 0x70, 0x00, 0x7F, 0xFC, 0x79, 0x54,
    0x70, 0x00, 0x70, 0x00, 0x70, 0x00, 0x75, 0x54, 0x7F, 0xFD, 0x00, 0x05, 0x00, 0x00, 0x60, 0x05,
    0x30, 0x0B, 0xD0, 0x06, 0x0C, 0x00, 0x00, 0x00, 0x7F, 0xC0, 0x38, 0x3C, 0x2C, 0x03, 0x4E, 0x55,
    0xE3, 0xFF, 0xF4, 0xE0, 0x00, 0x3C, 0x00, 0x07, 0x80, 0x40, 0x7F, 0xF0, 0x00, 0x00, 0x05, 0x00,
    0x1B, 0xF4, 0x00, 0x40, 0x07, 0xC0, 0x0C, 0x70, 0x00, 0x00, 0x7F, 0xFC, 0x75, 0x54, 0x70, 0x00,
    0x70, 0x00, 0x70, 0x00, 0x7F, 0xFC, 0x79, 0x54, 0x70, 0x00, 0x70, 0x00, 0x70, 0x00, 0x75, 0x54,
    0x7F, 0xFD, 0x02, 0x45, 0x02, 0x6F, 0x00, 0x05, 0x00, 0x0B, 0xD0, 0x06, 0x08, 0x00, 0x00, 0x00,
    0x7F, 0xC0, 0x38, 0x3C, 0x2C, 0x03, 0x4E, 0x55, 0xE3, 0xFF, 0xF4, 0xE0, 0x00, 0x3C, 0x00, 0x07,
    0x80, 0x40, 0x7F, 0xF0, 0x00, 0x00, 0x02, 0xC0, 0x0B, 0xB0, 0x18, 0x28, 0x00, 0x00, 0x7F, 0xFC,
    0x75, 0x54, 0x70, 0x00, 0x70, 0x00, 0x70, 0x00, 0x7F, 0xFC, 0x79, 0x54, 0x70, 0x00, 0x70, 0x00,
    0x70, 0x00, 0x75, 0x54, 0x7F, 0xFD, 0x00, 0x00, 0x02, 0x80, 0x02, 0x80, 0x00, 0xE0, 0x00, 0xED,
    0x00, 0x90, 0xD0, 0x00, 0x00, 0x07, 0xFC, 0x03, 0x83, 0xC2, 0xC0, 0x34, 0xE5, 0x5E, 0x3F, 0xFF,
    0x4E, 0x00, 0x03, 0xC0, 0x00, 0x78, 0x04, 0x07, 0xFF, 0x00, 0x00, 0x00, 0x0A, 0x00, 0x02, 0x80,
    0x05, 0x01, 0xE0, 0x28, 0x28, 0x04, 0x1F, 0xF0, 0xE0, 0x38, 0x0E, 0x03, 0x80, 0xE0, 0x38, 0x0E,
    0x03, 0x80, 0xE0, 0x38, 0x7F, 0xC0, 0xA4, 0x1C, 0x2C, 0x60, 0x00, 0xB0, 0xB0, 0xB0, 0xB0, 0xB0,
    0xB0, 0xB0, 0xB0, 0xB0, 0x7F, 0xC3, 0x80, 0xE0, 0x38, 0x0E, 0x03, 0x80, 0xE0, 0x38, 0x0E, 0x03,
    0x80, 0xE1, 0xFF, 0x00, 0x03, 0x40, 0xD0, 0x02, 0xC5, 0x00, 0xB2, 0xCB, 0x2C, 0xB2, 0xCB, 0x2C,
    0xB0, 0x07, 0x1C, 0x00, 0x00, 0x00, 0x1F, 0xFD, 0x02, 0xE5, 0x6D, 0x0E, 0x00, 0x2C, 0xB0, 0x00,
    0x3B, 0x80, 0x00, 0xBE, 0x00, 0x02, 0xF8, 0x00, 0x0B, 0xE0, 0x00, 0x2E, 0xC0, 0x00, 0xE7, 0x80,
    0x07, 0x0B, 0x90, 0xB8, 0x07, 0xFF, 0x40, 0x00, 0x00, 0x00, 0x03, 0x00, 0x00, 0x0C, 0x00, 0x00,
    0x00, 0x00, 0x7F, 0xD0, 0x1E, 0x0B, 0x43, 0xC0, 0x2C, 0x38, 0x01, 0xC3, 0x40, 0x1C, 0x38, 0x01,
    0xC3, 0xC0, 0x2C, 0x1E, 0x07, 0x40, 0x7F, 0xD0, 0x00, 0x00, 0x00, 0x0A, 0x00, 0x00, 0xA0, 0x00,
    0x00, 0x50, 0x00, 0x01, 0xB0, 0x00, 0x00, 0xD0, 0x00, 0x0D, 0x00, 0x00, 0x10, 0x00, 0x1F, 0xFD,
    0x02, 0xE5, 0x6D, 0x0E, 0x00, 0x2C, 0xB0, 0x00, 0x3B, 0x80, 0x00, 0xBE, 0x00, 0x02, 0xF8, 0x00,
    0x0B, 0xE0, 0x00, 0x2E, 0xC0, 0x00, 0xE7, 0x80, 0x07, 0x0B, 0x90, 0xB8, 0x07, 0xFF, 0x40, 0x00,
    0x00, 0x00, 0x00, 0xA0, 0x00, 0x02, 0xC0, 0x00, 0x28, 0x00, 0x06, 0x00, 0x00, 0x00, 0x00, 0x7F,
    0xD0, 0x1E, 0x0B, 0x43, 0xC0, 0x2C, 0x38, 0x01, 0xC3, 0x40, 0x1C, 0x38, 0x01, 0xC3, 0xC0, 0x2C,
    0x1E, 0x07, 0x40, 0x7F, 0xD0, 0x00, 0x00, 0x00, 0x00, 0x00, 0x00, 0x00, 0x03, 0x40, 0x0F, 0xD4,
    0x00, 0xA2, 0x80, 0x00, 0x00, 0x00, 0x1F, 0xFD, 0x02, 0xE5, 0x6D, 0x0E, 0x00, 0x2C, 0xB0, 0x00,
    0x3B, 0x80, 0x00, 0xBE, 0x00, 0x02, 0xF8, 0x00, 0x0B, 0xE0, 0x00, 0x2E, 0xC0, 0x00, 0xE7, 0x80,
    0x07, 0x0B, 0x90, 0xB8, 0x07, 0xFF, 0x40, 0x00, 0x00, 0x00, 0x00, 0x00, 0x80, 0x05, 0x28, 0x01,
    0xF9, 0x00, 0x20, 0x90, 0x00, 0x00, 0x00, 0x7F, 0xD0, 0x1E, 0x0B, 0x43, 0xC0, 0x2C, 0x38, 0x01,
    0xC3, 0x40, 0x1C, 0x38, 0x01, 0xC3, 0xC0, 0x2C, 0x1E, 0x07, 0x40, 0x7F, 0xD0, 0x00, 0x00, 0x00,
    0x00, 0x00, 0x00, 0x70, 0x00, 0x00, 0x5B, 0xC0, 0x00, 0xA2, 0x80, 0x00, 0x00, 0x00, 0x1F, 0xFD,
    0x02, 0xE5, 0x6D, 0x0E, 0x00, 0x2C, 0xB0, 0x00, 0x3B, 0x80, 0x00, 0xBE, 0x00, 0x02, 0xF8, 0x00,
    0x0B, 0xE0, 0x00, 0x2E, 0xC0, 0x00, 0xE7, 0x80, 0x07, 0x0B, 0x90, 0xB8, 0x07, 0xFF, 0x40, 0x00,
    0x00, 0x00, 0x20, 0x00, 0x02, 0x85, 0x00, 0x05, 0xF8, 0x00, 0x20, 0x90, 0x00, 0x00, 0x00, 0x7F,
    0xD0, 0x1E, 0x0B, 0x43, 0xC0, 0x2C, 0x38, 0x01, 0xC3, 0x40, 0x1C, 0x38, 0x01, 0xC3, 0xC0, 0x2C,
    0x1E, 0x07, 0x40, 0x7F, 0xD0, 0x00, 0x00, 0x00, 0x00, 0x00, 0x00, 0x00, 0x06, 0x40, 0x00, 0x08,
    0x00, 0x3F, 0x00, 0x02, 0x8A, 0x00, 0x00, 0x00, 0x00, 0x7F, 0xF4, 0x0B, 0x95, 0xB4, 0x38, 0x00,
    0xB2, 0xC0, 0x00, 0xEE, 0x00, 0x02, 0xF8, 0x00, 0x0B, 0xE0, 0x00, 0x2F, 0x80, 0x00, 0xBB, 0x00,
    0x03, 0x9E, 0x00, 0x1C, 0x2E, 0x42, 0xE0, 0x1F, 0xFD, 0x00, 0x00, 0x00, 0x00, 0x00, 0x02, 0x00,
    0x00, 0x0C, 0x00, 0x52, 0x40, 0x1F, 0x80, 0x02, 0x09, 0x00, 0x00, 0x00, 0x07, 0xFD, 0x01, 0xE0,
    0xB4, 0x3C, 0x02, 0xC3, 0x80, 0x1C, 0x34, 0x01, 0xC3, 0x80, 0x1C, 0x3C, 0x02, 0xC1, 0xE0, 0x74,
    0x07, 0xFD, 0x00, 0x00, 0x00, 0x00, 0x41, 0x00, 0x0E, 0xEC, 0x00, 0x00, 0x40, 0x00, 0x2E, 0x00,
    0x02, 0x8A, 0x00, 0x00, 0x00, 0x00, 0x7F, 0xF4, 0x0B, 0x95, 0xB4, 0x38, 0x00, 0xB2, 0xC0, 0x00,
    0xEE, 0x00, 0x02, 0xF8, 0x00, 0x0B, 0xE0, 0x00, 0x2F, 0x80, 0x00, 0xBB, 0x00, 0x03, 0x9E, 0x00,
    0x1C, 0x2E, 0x42, 0xE0, 0x1F, 0xFD, 0x00, 0x00, 0x00, 0x00, 0x02, 0x81, 0x00, 0x67, 0xC0, 0x00,
    0x50, 0x00, 0x1F, 0x80, 0x02, 0x09, 0x00, 0x00, 0x00, 0x07, 0xFD, 0x01, 0xE0, 0xB4, 0x3C, 0x02,
    0xC3, 0x80, 0x1C, 0x34, 0x01, 0xC3, 0x80, 0x1C, 0x3C, 0x02, 0xC1, 0xE0, 0x74, 0x07, 0xFD, 0x00,
    0x00, 0x00, 0x00, 0x74, 0x00, 0x03, 0xB4, 0x00, 0x34, 0x70, 0x00, 0x00, 0x00, 0x07, 0xFF, 0x40,
    0xB9, 0x5B, 0x43, 0x80, 0x0B, 0x2C, 0x00, 0x0E, 0xE0, 0x00, 0x2F, 0x80, 0x00, 0xBE, 0x00, 0x02,
    0xF8, 0x00, 0x0B, 0xB0, 0x00, 0x39, 0xE0, 0x01, 0xC2, 0xE4, 0x2E, 0x01, 0xFF, 0xD0, 0x00, 0x00,
    0x00, 0x00, 0xC0, 0x00, 0x03, 0x00, 0x00, 0x00, 0xA0, 0x00, 0x2F, 0xC0, 0x06, 0x0A, 0x00, 0x00,
    0x00, 0x07, 0xFD, 0x01, 0xE0, 0xB4, 0x3C, 0x02, 0xC3, 0x80, 0x1C, 0x34, 0x01, 0xC3, 0x80, 0x1C,
    0x3C, 0x02, 0xC1, 0xE0, 0x74, 0x07, 0xFD, 0x00, 0x00, 0x00, 0x00, 0xA0, 0x00, 0x0A, 0x00, 0x00,
    0x0E, 0x00, 0x00, 0x0B, 0x00, 0x00, 0x03, 0x00, 0x00, 0x00, 0x00, 0x08, 0x07, 0xFF, 0x47, 0x0B,
    0x95, 0xBB, 0x83, 0x80, 0x0B, 0x82, 0xC0, 0x00, 0xE0, 0xE0, 0x00, 0x2C, 0x38, 0x00, 0x0B, 0x0E,
    0x00, 0x02, 0xC3, 0x80, 0x00, 0xB0, 0xB0, 0x00, 0x38, 0x1E, 0x00, 0x1C, 0x02, 0xE4, 0x2E, 0x00,
    0x1F, 0xFD, 0x00, 0x00, 0x00, 0x00, 0x00, 0x00, 0x1C, 0x00, 0x00, 0xD0, 0x00, 0x09, 0x01, 0x00,
    0x00, 0x0E, 0x07, 0xFD, 0x70, 0x78, 0x2F, 0x43, 0xC0, 0x2C, 0x0E, 0x00, 0x70, 0x34, 0x01, 0xC0,
    0xE0, 0x07, 0x03, 0xC0, 0x2C, 0x07, 0x81, 0xD0, 0x07, 0xFD, 0x00, 0x00, 0x00, 0x00, 0x01, 0xC0,
    0x00, 0x00, 0x2C, 0x00, 0x00, 0x02, 0x40, 0x00, 0x00, 0x00, 0x08, 0x07, 0xFF, 0x47, 0x0B, 0x95,
    0xBB, 0x83, 0x80, 0x0B, 0x82, 0xC0, 0x00, 0xE0, 0xE0, 0x00, 0x2C, 0x38, 0x00, 0x0B, 0x0E, 0x00,
    0x02, 0xC3, 0x80, 0x00, 0xB0, 0xB0, 0x00, 0x38, 0x1E, 0x00, 0x1C, 0x02, 0xE4, 0x2E, 0x00, 0x1F,
    0xFD, 0x00, 0x00, 0x00, 0x00, 0x00, 0x02, 0x80, 0x00, 0x07, 0x40, 0x00, 0x07, 0x01, 0x00, 0x00,
    0x0E, 0x07, 0xFD, 0x70, 0x78, 0x2F, 0x43, 0xC0, 0x2C, 0x0E, 0x00, 0x70, 0x34, 0x01, 0xC0, 0xE0,
    0x07, 0x03, 0xC0, 0x2C, 0x07, 0x81, 0xD0, 0x07, 0xFD, 0x00, 0x00, 0x00, 0x00, 0x00, 0xA4, 0x00,
    0x00, 0x07, 0x00, 0x00, 0x01, 0xC0, 0x00, 0x00, 0xC0, 0x00, 0x00, 0x00, 0x02, 0x01, 0xFF, 0xD1,
    0xC2, 0xE5, 0x6E, 0xE0, 0xE0, 0x02, 0xE0, 0xB0, 0x00, 0x38, 0x38, 0x00, 0x0B, 0x0E, 0x00, 0x02,
    0xC3, 0x80, 0x00, 0xB0, 0xE0, 0x00, 0x2C, 0x2C, 0x00, 0x0E, 0x07, 0x80, 0x07, 0x00, 0xB9, 0x0B,
    0x80, 0x07, 0xFF, 0x40, 0x00, 0x00, 0x00, 0x00, 0x00, 0xA0, 0x00, 0x00, 0xA0, 0x00, 0x03, 0x80,
    0x00, 0x24, 0x04, 0x00, 0x00, 0x38, 0x1F, 0xF5, 0xC1, 0xE0, 0xBD, 0x0F, 0x00, 0xB0, 0x38, 0x01,
    0xC0, 0xD0, 0x07, 0x03, 0x80, 0x1C, 0x0F, 0x00, 0xB0, 0x1E, 0x07, 0x40, 0x1F, 0xF4, 0x00, 0x00,
    0x00, 0x00, 0x00, 0x00, 0x00, 0x00, 0xFD, 0x90, 0x00, 0x51, 0xE0, 0x00, 0x00, 0x00, 0x08, 0x07,
    0xFF, 0x47, 0x0B, 0x95, 0xBB, 0x83, 0x80, 0x0B, 0x82, 0xC0, 0x00, 0xE0, 0xE0, 0x00, 0x2C, 0x38,
    0x00, 0x0B, 0x0E, 0x00, 0x02, 0xC3, 0x80, 0x00, 0xB0, 0xB0, 0x00, 0x38, 0x1E, 0x00, 0x1C, 0x02,
    0xE4, 0x2E, 0x00, 0x1F, 0xFD, 0x00, 0x00, 0x00, 0x00, 0x00, 0x00, 0x00, 0x00, 0x2F, 0x9C, 0x00,
    0xC2, 0xD1, 0x00, 0x00, 0x0E, 0x07, 0xFD, 0x70, 0x78, 0x2F, 0x43, 0xC0, 0x2C, 0x0E, 0x00, 0x70,
    0x34, 0x01, 0xC0, 0xE0, 0x07, 0x03, 0xC0, 0x2C, 0x07, 0x81, 0xD0, 0x07, 0xFD, 0x00, 0x00, 0x00,
    0x00, 0x00, 0x00, 0x02, 0x01, 0xFF, 0xD1, 0xC2, 0xE5, 0x6E, 0xE0, 0xE0, 0x02, 0xE0, 0xB0, 0x00,
    0x38, 0x38, 0x00, 0x0B, 0x0E, 0x00, 0x02, 0xC3, 0x80, 0x00, 0xB0, 0xE0, 0x00, 0x2C, 0x2C, 0x00,
    0x0E, 0x07, 0x80, 0x07, 0x00, 0xB9, 0x0B, 0x80, 0x07, 0xFF, 0x40, 0x00, 0x00, 0x00, 0x00, 0x03,
    0x00, 0x00, 0x00, 0xC0, 0x00, 0x00, 0x00, 0x10, 0x00, 0x00, 0xE0, 0x7F, 0xD7, 0x07, 0x82, 0xF4,
    0x3C, 0x02, 0xC0, 0xE0, 0x07, 0x03, 0x40, 0x1C, 0x0E, 0x00, 0x70, 0x3C, 0x02, 0xC0, 0x78, 0x1D,
    0x00, 0x7F, 0xD0, 0x00, 0x00, 0x00, 0x00, 0xA0, 0x00, 0x02, 0x80, 0x00, 0x70, 0x00, 0xAB, 0x00,
    0x0E, 0xB0, 0x00, 0xEB, 0x00, 0x0E, 0xB0, 0x00, 0xEB, 0x00, 0x0E, 0xB0, 0x00, 0xEB, 0x00, 0x0E,
    0x70, 0x00, 0xE3, 0x40, 0x0D, 0x2D, 0x07, 0xC0, 0xBF, 0xE0, 0x00, 0x00, 0x00, 0x0A, 0x00, 0x00,
    0xA0, 0x00, 0xA0, 0x0B, 0xB0, 0x0B, 0xB0, 0x0B, 0xB0, 0x0B, 0xB0, 0x0B, 0xB0, 0x0B, 0xB0, 0x0F,
    0x74, 0x2F, 0x2F, 0xE7, 0x00, 0x00, 0x03, 0x80, 0x03, 0x80, 0x00, 0x50, 0x00, 0x06, 0xC0, 0x00,
    0x1C, 0x00, 0x0A, 0x00, 0x00, 0x00, 0x07, 0x00, 0x0A, 0xB0, 0x00, 0xEB, 0x00, 0x0E, 0xB0, 0x00,
    0xEB, 0x00, 0x0E, 0xB0, 0x00, 0xEB, 0x00, 0x0E, 0xB0, 0x00, 0xE7, 0x00, 0x0E, 0x34, 0x00, 0xD2,
    0xD0, 0x7C, 0x0B, 0xFE, 0x00, 0x00, 0x00, 0x02, 0x80, 0x00, 0xB0, 0x00, 0xA0, 0x02, 0x80, 0x00,
    0x00, 0xA0, 0x0B, 0xB0, 0x0B, 0xB0, 0x0B, 0xB0, 0x0B, 0xB0, 0x0B, 0xB0, 0x0B, 0xB0, 0x0F, 0x74,
    0x2F, 0x2F, 0xE7, 0x00, 0x00, 0x00, 0x1C, 0x00, 0x00, 0x0E, 0x00, 0x00, 0x0A, 0x00, 0x00, 0x00,
    0x00, 0x09, 0x70, 0x00, 0xA3, 0x6C, 0x00, 0x3E, 0xCB, 0x00, 0x0F, 0x82, 0xC0, 0x03, 0x80, 0xB0,
    0x00, 0xE0, 0x2C, 0x00, 0x38, 0x0B, 0x00, 0x0E, 0x02, 0xC0, 0x03, 0x80, 0x70, 0x00, 0xE0, 0x0D,
    0x00, 0x34, 0x02, 0xD0, 0x7C, 0x00, 0x2F, 0xF8, 0x00, 0x00, 0x00, 0x00, 0x00, 0x00, 0x74, 0x00,
    0x03, 0x80, 0x00, 0x28, 0x01, 0x00, 0x00, 0x0E, 0xA0, 0x0B, 0x76, 0xC0, 0x2F, 0x4B, 0x00, 0xB0,
    0x2C, 0x02, 0xC0, 0xB0, 0x0B, 0x02, 0xC0, 0x2C, 0x0B, 0x00, 0xF0, 0x1D, 0x0B, 0xC0, 0x2F, 0xE7,
    0x00, 0x00, 0x00, 0x00, 0x02, 0x80, 0x00, 0x00, 0x34, 0x00, 0x00, 0x03, 0x00, 0x00, 0x00, 0x00,
    0x09, 0x70, 0x00, 0xA3, 0x6C, 0x00, 0x3E, 0xCB, 0x00, 0x0F, 0x82, 0xC0, 0x03, 0x80, 0xB0, 0x00,
    0xE0, 0x2C, 0x00, 0x38, 0x0B, 0x00, 0x0E, 0x02, 0xC0, 0x03, 0x80, 0x70, 0x00, 0xE0, 0x0D, 0x00,
    0x34, 0x02, 0xD0, 0x7C, 0x00, 0x2F, 0xF8, 0x00, 0x00, 0x00, 0x00, 0x00, 0x0A, 0x00, 0x00, 0x0D,
    0x00, 0x00, 0x0C, 0x01, 0x00, 0x00, 0x0E, 0xA0, 0x0B, 0x76, 0xC0, 0x2F, 0x4B, 0x00, 0xB0, 0x2C,
    0x02, 0xC0, 0xB0, 0x0B, 0x02, 0xC0, 0x2C, 0x0B, 0x00, 0xF0, 0x1D, 0x0B, 0xC0, 0x2F, 0xE7, 0x00,
    0x00, 0x00, 0x00, 0x00, 0x50, 0x00, 0x00, 0x1B, 0x00, 0x00, 0x01, 0xC0, 0x00, 0x01, 0xC0, 0x00,
    0x00, 0x00, 0x02, 0x5C, 0x00, 0x28, 0xDB, 0x00, 0x0F, 0xB2, 0xC0, 0x03, 0xE0, 0xB0, 0x00, 0xE0,
    0x2C, 0x00, 0x38, 0x0B, 0x00, 0x0E, 0x02, 0xC0, 0x03, 0x80, 0xB0, 0x00, 0xE0, 0x1C, 0x00, 0x38,
    0x03, 0x40, 0x0D, 0x00, 0xB4, 0x1F, 0x00, 0x0B, 0xFE, 0x00, 0x00, 0x00, 0x00, 0x00, 0x02, 0x80,
    0x00, 0x01, 0xC0, 0x00, 0x0A, 0x00, 0x00, 0x60, 0x04, 0x00, 0x00, 0x3A, 0x80, 0x2D, 0xDB, 0x00,
    0xBD, 0x2C, 0x02, 0xC0, 0xB0, 0x0B, 0x02, 0xC0, 0x2C, 0x0B, 0x00, 0xB0, 0x2C, 0x03, 0xC0, 0x74,
    0x2F, 0x00, 0xBF, 0x9C, 0x00, 0x00, 0x00, 0x00, 0x00, 0x00, 0x00, 0x01, 0xF9, 0xC0, 0x00, 0xC2,
    0xD0, 0x00, 0x00, 0x00, 0x09, 0x70, 0x00, 0xA3, 0x6C, 0x00, 0x3E, 0xCB, 0x00, 0x0F, 0x82, 0xC0,
    0x03, 0x80, 0xB0, 0x00, 0xE0, 0x2C, 0x00, 0x38, 0x0B, 0x00, 0x0E, 0x02, 0xC0, 0x03, 0x80, 0x70,
    0x00, 0xE0, 0x0D, 0x00, 0x34, 0x02, 0xD0, 0x7C, 0x00, 0x2F, 0xF8, 0x00, 0x00, 0x00, 0x00, 0x00,
    0x00, 0x00, 0x00, 0x7E, 0x70, 0x02, 0x0B, 0x41, 0x00, 0x00, 0x0E, 0xA0, 0x0B, 0x76, 0xC0, 0x2F,
    0x4B, 0x00, 0xB0, 0x2C, 0x02, 0xC0, 0xB0, 0x0B, 0x02, 0xC0, 0x2C, 0x0B, 0x00, 0xF0, 0x1D, 0x0B,
    0xC0, 0x2F, 0xE7, 0x00, 0x00, 0x00, 0x00, 0x00, 0x00, 0x02, 0x5C, 0x00, 0x28, 0xDB, 0x00, 0x0F,
    0xB2, 0xC0, 0x03, 0xE0, 0xB0, 0x00, 0xE0, 0x2C, 0x00, 0x38, 0x0B, 0x00, 0x0E, 0x02, 0xC0, 0x03,
    0x80, 0xB0, 0x00, 0xE0, 0x1C, 0x00, 0x38, 0x03, 0x40, 0x0D, 0x00, 0xB4, 0x1F, 0x00, 0x0B, 0xFE,
    0x00, 0x00, 0x00, 0x00, 0x00, 0x0B, 0x00, 0x00, 0x02, 0xC0, 0x00, 0x00, 0x00, 0x10, 0x00, 0x00,
    0xEA, 0x00, 0xB7, 0x6C, 0x02, 0xF4, 0xB0, 0x0B, 0x02, 0xC0, 0x2C, 0x0B, 0x00, 0xB0, 0x2C, 0x02,
    0xC0, 0xB0, 0x0F, 0x01, 0xD0, 0xBC, 0x02, 0xFE, 0x70, 0x00, 0x00, 0x00, 0x03, 0x80, 0x00, 0x0E,
    0x00, 0x00, 0x03, 0x40, 0x00, 0x2C, 0x00, 0x00, 0xA0, 0x00, 0x00, 0x00, 0xB0, 0x01, 0xC3, 0x40,
    0x38, 0x2C, 0x07, 0x00, 0xD0, 0xE0, 0x0B, 0x2C, 0x00, 0x3B, 0x40, 0x02, 0xF0, 0x00, 0x0E, 0x00,
    0x00, 0xD0, 0x00, 0x0D, 0x00, 0x00, 0xD0, 0x00, 0x0D, 0x00, 0x0A, 0x00, 0x00, 0xE0, 0x00, 0x0C,
    0x00, 0x00, 0x00, 0xA0, 0x03, 0x5C, 0x02, 0xC3, 0x80, 0xE0, 0xB0, 0x70, 0x0D, 0x2C, 0x03, 0x8D,
    0x00, 0x77, 0x00, 0x0F, 0x80, 0x02, 0xD0, 0x00, 0xB0, 0x00, 0x38, 0x00, 0x6C, 0x00, 0xFC, 0x00,
    0x00, 0xB0, 0x01, 0xC3, 0x40, 0x38, 0x2C, 0x07, 0x00, 0xD0, 0xE0, 0x0B, 0x2C, 0x00, 0x3B, 0x40,
    0x02, 0xF0, 0x00, 0x0E, 0x00, 0x00, 0xD0, 0x00, 0x0D, 0x00, 0x00, 0xD0, 0x00, 0x0D, 0x00, 0x00,
    0x00, 0x00, 0x0D, 0x00, 0x00, 0xD0, 0x00, 0xA0, 0x03, 0x5C, 0x02, 0xC3, 0x80, 0xE0, 0xB0, 0x70,
    0x0D, 0x2C, 0x03, 0x8D, 0x00, 0x77, 0x00, 0x0F, 0x80, 0x02, 0xD0, 0x00, 0xB0, 0x00, 0x39, 0xC0,
    0x6C, 0x70, 0xFC, 0x00, 0x00, 0x00, 0x50, 0x00, 0x07, 0x40, 0x00, 0x34, 0x00, 0x0D, 0x00, 0x00,
    0x40, 0x0B, 0x00, 0x1C, 0x34, 0x03, 0x82, 0xC0, 0x70, 0x0D, 0x0E, 0x00, 0xB2, 0xC0, 0x03, 0xB4,
    0x00, 0x2F, 0x00, 0x00, 0xE0, 0x00, 0x0D, 0x00, 0x00, 0xD0, 0x00, 0x0D, 0x00, 0x00, 0xD0, 0x00,
    0x02, 0x90, 0x00, 0x1C, 0x00, 0x0B, 0x00, 0x06, 0x00, 0x00, 0x00, 0x28, 0x00, 0xD7, 0x00, 0xB0,
    0xE0, 0x38, 0x2C, 0x1C, 0x03, 0x4B, 0x00, 0xE3, 0x40, 0x1D, 0xC0, 0x03, 0xE0, 0x00, 0xB4, 0x00,
    0x2C, 0x00, 0x0E, 0x00, 0x1B, 0x00, 0x3F, 0x00, 0x00, 0x00, 0x00, 0x00, 0xFD, 0xA0, 0x08, 0x7C,
    0x00, 0x00, 0x00, 0xB0, 0x01, 0xC3, 0x40, 0x38, 0x2C, 0x07, 0x00, 0xD0, 0xE0, 0x0B, 0x2C, 0x00,
    0x3B, 0x40, 0x02, 0xF0, 0x00, 0x0E, 0x00, 0x00, 0xD0, 0x00, 0x0D, 0x00, 0x00, 0xD0, 0x00, 0x0D,
    0x00, 0x00, 0x00, 0x07, 0xE7, 0x02, 0x0B, 0x40, 0x00, 0x00, 0xA0, 0x03, 0x5C, 0x02, 0xC3, 0x80,
    0xE0, 0xB0, 0x70, 0x0D, 0x2C, 0x03, 0x8D, 0x00, 0x77, 0x00, 0x0F, 0x80, 0x02, 0xD0, 0x00, 0xB0,
    0x00, 0x38, 0x00, 0x6C, 0x00, 0xFC, 0x00, 0x00, 0x00, 0x01, 0x86, 0xB1, 0x54, 0x50, 0x14, 0x05,
    0x01, 0x40, 0x50, 0x14, 0x05, 0x01, 0x40, 0x50, 0x14, 0x00, 0x00, 0x00, 0x08, 0x07, 0xA4, 0x55,
    0x01, 0x40, 0x50, 0x14, 0x05, 0x01, 0x40, 0x50, 0x14, 0x05, 0x01, 0x40, 0x50, 0x00, 0x00, 0x1F,
    0xE0, 0x00, 0x00, 0x1F, 0xE0, 0x00, 0x2A, 0xAA, 0x4A, 0xAA, 0xA0, 0x00, 0x00, 0x7F, 0xFE, 0x00,
    0x00, 0x00, 0x00, 0x00, 0x00, 0x7F, 0xFF, 0xFF, 0xFF, 0x00, 0x00, 0x00, 0x00, 0x00, 0x00, 0x00,
    0x00, 0x7F, 0xFF, 0xFF, 0xFF, 0x00, 0x00, 0x00, 0x00, 0x90, 0x8D, 0x0C, 0xD0, 0xCD, 0x0C, 0xD0,
    0xCD, 0x0C, 0xD0, 0xCD, 0x0C, 0xD0, 0xCD, 0x0C, 0xD0, 0xCD, 0x0C, 0xD0, 0xCD, 0x0C, 0xD0, 0xCD,
    0x0C, 0xD0, 0xC0, 0x00, 0x2A, 0xAA, 0x2A, 0xA9, 0x15, 0x55, 0x2A, 0xAA, 0x28, 0xD7, 0x2C, 0x00,
    0x38, 0xD7, 0x28, 0x00, 0x2C, 0x38, 0x34, 0x70, 0x00, 0xB1, 0xC3, 0x4A, 0x00, 0x28, 0x63, 0x4D,
    0x71, 0xDB, 0x2C, 0x00, 0x00, 0x38, 0xE3, 0x4D, 0x71, 0xCA, 0x28, 0x00, 0x00, 0x2C, 0xB0, 0xE3,
    0x83, 0x4D, 0x1C, 0x70, 0x00, 0x00, 0xB2, 0xC7, 0x1C, 0x34, 0xD2, 0x8A, 0x00, 0x00, 0x06, 0x00,
    0x1C, 0x00, 0x70, 0x16, 0xD4, 0xFF, 0xF4, 0x18, 0x00, 0x60, 0x01, 0xC0, 0x07, 0x00, 0x1C, 0x00,
    0xB0, 0x02, 0xC0, 0x0B, 0x00, 0x06, 0x00, 0x1C, 0x00, 0x70, 0x3A, 0xE9, 0x9B, 0x64, 0x1C, 0x00,
    0xB0, 0x01, 0xC0, 0x07, 0x03, 0xFF, 0xE0, 0x70, 0x01, 0xC0, 0x0B, 0x00, 0x00, 0x7E, 0xBF, 0xBF,
    0x3D, 0x40, 0x3D, 0x0F, 0xF3, 0xF4, 0xD0, 0x00, 0x00, 0x02, 0xCF, 0x00, 0x00, 0x02, 0xC0, 0xEB,
    0x07, 0x80, 0x00, 0x00, 0x00, 0x02, 0xC1, 0xD0, 0xFB, 0x07, 0x83, 0xC0, 0x00, 0x00, 0x02, 0xCB,
    0x00, 0x00, 0x1A, 0x95, 0x01, 0x40, 0x50, 0x14, 0x05, 0x01, 0x40, 0x50, 0x14, 0x05, 0x01, 0x40,
    0x50, 0x00, 0x00, 0x00, 0x1A, 0x90, 0x14, 0x05, 0x01, 0x40, 0x50, 0x14, 0x05, 0x01, 0x40, 0x50,
    0x14, 0x05, 0x01, 0x40, 0x00, 0x55, 0xFF, 0xFF, 0xFF, 0x14, 0x14, 0x14, 0x14, 0x14, 0x14, 0x14,
    0x14, 0x14, 0x14, 0x00, 0x55, 0x80, 0x80, 0xEA, 0x14, 0x14, 0x14, 0x14, 0x14, 0x14, 0x14, 0x14,
    0x14, 0x14, 0x00, 0x55, 0x02, 0x02, 0xAB, 0x14, 0x14, 0x14, 0x14, 0x14, 0x14, 0x14, 0x14, 0x14,
    0x14, 0x00, 0x00, 0x00, 0x00, 0x00, 0x00, 0x7E, 0x00, 0xA0, 0x00, 0x03, 0x4D, 0x03, 0x00, 0x00,
    0x0C, 0x28, 0x28, 0x00, 0x00, 0x30, 0x61, 0xC0, 0x00, 0x00, 0xC2, 0x8D, 0x10, 0x01, 0x03, 0x4A,
    0x73, 0xF0, 0x7F, 0x07, 0xB3, 0x68, 0x73, 0x4A, 0x01, 0x2C, 0xD0, 0xCC, 0x18, 0x00, 0xC3, 0x43,
    0x30, 0x70, 0x0A, 0x0D, 0x1C, 0xC1, 0x80, 0x30, 0x28, 0xA3, 0x4E, 0x02, 0x80, 0x3F, 0x03, 0xF0,
    0x00, 0x00, 0x00, 0x00, 0x00, 0x00, 0x00, 0x00, 0x00, 0x00, 0x00, 0x07, 0xE0, 0x0A, 0x00, 0x00,
    0x00, 0x03, 0x8D, 0x03, 0x00, 0x00, 0x00, 0x00, 0xC2, 0x82, 0x80, 0x00, 0x00, 0x00, 0x30, 0x70,
    0xC0, 0x00, 0x00, 0x00, 0x0C, 0x2C, 0xA1, 0x00, 0x10, 0x01, 0x03, 0x4E, 0x73, 0xF4, 0x3F, 0x47,
    0xF0, 0xBF, 0x35, 0xC7, 0x28, 0x73, 0x8A, 0x05, 0x1C, 0xA0, 0xDD, 0x0C, 0xD1, 0xC0, 0x0D, 0x28,
    0x37, 0x43, 0x30, 0x70, 0x0A, 0x0A, 0x0C, 0xD0, 0xCD, 0x1C, 0x03, 0x01, 0xC7, 0x28, 0xB3, 0x8A,
    0x02, 0x80, 0x3F, 0x43, 0xF4, 0x3F, 0x00, 0x00, 0x00, 0x00, 0x00, 0x00, 0x00, 0x07, 0x03, 0x41,
    0xC0, 0xC0, 0x10, 0x00, 0x07, 0x1C, 0x0D, 0x34, 0x1C, 0x60, 0x30, 0xC0, 0x10, 0x40, 0x07, 0x1C,
    0xB0, 0x34, 0xD3, 0x41, 0xC6, 0x28, 0x0C, 0x30, 0xC0, 0x10, 0x40, 0x00, 0x34, 0x0B, 0x00, 0xD0,
    0x1C, 0x01, 0x00, 0x35, 0xC0, 0xB3, 0x40, 0xD3, 0x01, 0xC9, 0x01, 0x04, 0x35, 0xCA, 0x02, 0xCD,
    0x30, 0x0D, 0x32, 0x80, 0x72, 0x4C, 0x01, 0x04, 0x00, 0x01, 0x00, 0x1C, 0x00, 0xD8, 0x06, 0x30,
    0x30, 0x61, 0x80, 0xC0, 0x02, 0x02, 0xC1, 0xC0, 0xD0, 0x2C, 0x03, 0x80, 0x30, 0x00, 0x20, 0x0B,
    0x00, 0xE0, 0x0D, 0x0B, 0x0B, 0x03, 0x00, 0x00, 0x00, 0x00, 0x00, 0x02, 0x00, 0xE0, 0x14, 0x1C,
    0x0A, 0x07, 0x40, 0x70, 0x01, 0xD0, 0x01, 0xC0, 0x74, 0x00, 0x07, 0x1D, 0x00, 0x34, 0x1F, 0x41,
    0xC3, 0x81, 0xF0, 0x2C, 0x00, 0x75, 0xC0, 0x00, 0x1D, 0x07, 0x00, 0x07, 0x40, 0x1C, 0x00, 0xD0,
    0x90, 0x70, 0x24, 0x0F, 0x01, 0x80, 0x00, 0x00, 0x00, 0xB0, 0xB2, 0xC3, 0xCB, 0x0B, 0x1C, 0x2C,
    0x70, 0xB1, 0xC2, 0x87, 0x0A, 0x1C, 0x18, 0x10, 0x50, 0x00, 0x0B, 0x0F, 0x2C, 0x3C, 0x00, 0x00,
    0x00, 0x01, 0xBF, 0x81, 0xE3, 0x83, 0x87, 0x0E, 0x1C, 0x28, 0xD0, 0xAE, 0x02, 0xD0, 0x0B, 0x00,
    0x14, 0x00, 0x00, 0x02, 0x80, 0x0F, 0x00, 0x00, 0x00, 0x3F, 0xFF, 0xD1, 0x55, 0x54, 0x00, 0x00,
    0x12, 0x00, 0x09, 0x18, 0x02, 0x80, 0x7F, 0xD0, 0x00, 0x00, 0x00, 0xBA, 0xE0, 0x28, 0x01, 0xC6,
    0x00, 0x06, 0x00, 0x00, 0x00, 0x00, 0x20, 0x09, 0x00, 0xC0, 0x18, 0x03, 0x00, 0x60, 0x0E, 0x00,
    0xF0, 0x25, 0x83, 0x0C, 0xA0, 0x90, 0x00, 0x00, 0x60, 0x00, 0x00, 0x00, 0x01, 0xC0, 0x00, 0x00,
    0x00, 0x07, 0x00, 0x00, 0x00, 0x07, 0xEE, 0xF0, 0x00, 0x00, 0x01, 0xF9, 0x00, 0x00, 0x00, 0x07,
    0xB0, 0x00, 0x00, 0x00, 0x38, 0xE0, 0x00, 0x00, 0x00, 0x81, 0x40, 0x00, 0x02, 0xC0, 0x00, 0x1C,
    0x00, 0x0B, 0x00, 0x00, 0x30, 0x06, 0x58, 0x60, 0x24, 0xC6, 0x2F, 0xFF, 0x81, 0xFF, 0xFC, 0x03,
    0xD0, 0x00, 0x3E, 0x00, 0x39, 0xC0, 0x02, 0xCD, 0x01, 0xC3, 0x80, 0x0E, 0x2C, 0x00, 0x00, 0x00,
    0x00, 0x00, 0x00, 0x1F, 0xE0, 0x00, 0x00, 0x00, 0xC0, 0x00, 0x34, 0x00, 0x07, 0x00, 0x00, 0xD0,
    0x00, 0x28, 0x00, 0x03, 0x00, 0x00, 0xD0, 0x00, 0x1C, 0x00, 0x03, 0x00, 0x00, 0xA0, 0x00, 0x1C,
    0x00, 0x03, 0x40, 0x00, 0xBF, 0xA4, 0xA0, 0xA0, 0xA0, 0xA0, 0xA0, 0xBF, 0xA0, 0xA0, 0xA0, 0xA0,
    0xA0, 0xBA, 0x6A, 0xBF, 0x05, 0xC0, 0x70, 0x1C, 0x07, 0x01, 0xC0, 0x72, 0xFC, 0x07, 0x01, 0xC0,
    0x70, 0x1C, 0x07, 0x1A, 0xC6, 0xA0, 0x00, 0x00, 0x00, 0x07, 0xFE, 0x1F, 0xF8, 0x64, 0x75, 0x91,
    0xE0, 0x02, 0xC0, 0x0B, 0x00, 0x28, 0x00, 0xA0, 0x07, 0x40, 0x1D, 0x01, 0xD0, 0x07, 0x40, 0x74,
    0x01, 0xD0, 0x0A, 0x00, 0x28, 0x00, 0x50, 0x01, 0x40, 0x00, 0x00, 0x00, 0x00, 0xF0, 0x03, 0xC0,
    0x0F, 0x00, 0x3C, 0x00, 0x00, 0x00, 0x00, 0x00, 0x00, 0x01, 0xFF, 0x82, 0xC6, 0x47, 0x4F, 0x00,
    0x0B, 0x2C, 0x00, 0x28, 0xB0, 0x01, 0xD2, 0xC0, 0x1D, 0x0A, 0x01, 0xD0, 0x28, 0x0A, 0x00, 0x60,
    0x14, 0x01, 0x40, 0x00, 0x00, 0x03, 0xC0, 0x3C, 0x0F, 0x00, 0xF0, 0x00, 0x00, 0x00, 0x00, 0x00,
    0x0B, 0x0B, 0xF8, 0xB1, 0x91, 0xEB, 0x00, 0x0B, 0x70, 0x00, 0xB7, 0x00, 0x0D, 0x70, 0x07, 0x87,
    0x00, 0xD0, 0x70, 0x1C, 0x01, 0x01, 0x40, 0x00, 0x00, 0x0B, 0x02, 0xC0, 0xB0, 0x3C, 0x00, 0x00,
    0x00, 0x7F, 0xFF, 0x80, 0x01, 0xD0, 0x00, 0xE0, 0x00, 0x70, 0x00, 0x34, 0x00, 0x2C, 0x00, 0x1D,
    0x00, 0x0E, 0x00, 0x0B, 0x00, 0x00, 0x6A, 0xA4, 0x19, 0xFF, 0xC6, 0x3F, 0xF9, 0x8F, 0xFE, 0x63,
    0xFF, 0xD8, 0xFF, 0xE6, 0x3F, 0xF9, 0x8F, 0xFC, 0x63, 0xA4, 0x18, 0xC0, 0x06, 0x30, 0x01, 0x8C,
    0x00, 0x63, 0x00, 0x18, 0xC0, 0x06, 0x30, 0x00, 0x00, 0x00, 0x07, 0xFF, 0xC1, 0xFF, 0x8C, 0x3F,
    0xF8, 0xC3, 0xFF, 0x8C, 0x3F, 0xF8, 0xC3, 0xFF, 0x8C, 0x2F, 0xF8, 0xC0, 0xFF, 0xFC, 0x01, 0x55,
    0x40, 0xBF, 0xF8, 0x28, 0xFF, 0xC9, 0x3F, 0xFA, 0x4F, 0xFE, 0x93, 0xFF, 0xA4, 0xFF, 0xE9, 0x3F,
    0xF6, 0xFF, 0xF8, 0x15, 0x50, 0x00, 0x00, 0x80, 0x00, 0x34, 0x00, 0x0C, 0x00, 0xFB, 0xBD, 0x06,
    0xF4, 0x00, 0xDC, 0x00, 0xF2, 0xC0, 0x14, 0x20, 0x00, 0x38, 0x38, 0x00, 0x00, 0x00, 0x00, 0x00,
    0x38, 0x2C, 0x1C, 0x0D, 0x00, 0x00, 0x00, 0x00, 0xBA, 0xE0, 0x28, 0x01, 0xC6, 0x00, 0x06, 0x00,
    0x00, 0x00, 0x00, 0x00, 0x00, 0x00, 0x00, 0x00, 0x00, 0x00, 0x00, 0x00, 0x00, 0x00, 0x00, 0x00,
    0x00, 0x00, 0x00, 0x00, 0x00, 0x00, 0x00, 0x00, 0x00, 0x00, 0x12, 0x00, 0x09, 0x18, 0x02, 0x80,
    0x7F, 0xD0, 0x00, 0x80, 0x00, 0x34, 0x00, 0x0C, 0x00, 0xFB, 0xBD, 0x06, 0xF4, 0x00, 0xDC, 0x00,
    0xF2, 0xC0, 0x14, 0x20, 0x00, 0x80, 0x00, 0x34, 0x00, 0x0C, 0x00, 0xFB, 0xBD, 0x06, 0xF4, 0x00,
    0xDC, 0x00, 0xF2, 0xC0, 0x14, 0x20, 0x00, 0x02, 0xC1, 0xCB, 0x0E, 0x00, 0x30, 0x02, 0x80, 0x0D,
    0x00, 0x70, 0x02, 0x80, 0x0C, 0x00, 0xB0, 0x03, 0x40, 0x1C, 0x2C, 0xA0, 0xF0, 0x00, 0x00, 0x00,
    0x00, 0x00, 0x00, 0xBF, 0xF4, 0x00, 0xC6, 0x00, 0x7F, 0xEE, 0x00, 0x00, 0x05, 0x40, 0x01, 0xA4,
    0x00, 0xE4, 0x74, 0x30, 0x00, 0xC4, 0x00, 0x01, 0x00, 0x40, 0x00, 0x34, 0x41, 0xCD, 0xB0, 0x1F,
    0xF0, 0x6B, 0xFA, 0x85, 0xFE, 0x50, 0xAE, 0xC0, 0x73, 0x5C, 0x00, 0xD0, 0x00, 0x00, 0x00, 0x00,
    0x00, 0x00, 0x0E, 0x00, 0x0D, 0x00, 0x00, 0x00, 0x00, 0x00, 0x00, 0x38, 0x00, 0x38, 0x00, 0x00,
    0x00, 0x00, 0x00, 0x00, 0x00, 0x00, 0x09, 0x00, 0x0E, 0x00, 0x00, 0x07, 0x2C, 0xA3, 0x43, 0x4D,
    0x31, 0xC1, 0xCA, 0x24, 0xD0, 0xC3, 0x0C, 0x60, 0x10, 0x00, 0x10, 0x00, 0x00, 0x00, 0x00, 0x00,
    0x03, 0x80, 0x00, 0x00, 0xD0, 0x00, 0x00, 0x00, 0x00, 0x00, 0x00, 0x00, 0x00, 0x00, 0x00, 0x03,
    0x80, 0x00, 0x38, 0xE0, 0x00, 0x0E, 0x00, 0x00, 0x00, 0x00, 0x00, 0x00, 0x00, 0x00, 0x00, 0x00,
    0x00, 0x24, 0x00, 0x00, 0x0E, 0x00, 0x00, 0x00, 0x00, 0x00, 0x00, 0x00, 0x00, 0x0E, 0x00, 0x00,
    0xF2, 0x80, 0x00, 0x28, 0x00, 0x00, 0x00, 0x00, 0x00, 0x00, 0x00, 0x00, 0x00, 0x00, 0x00, 0xE0,
    0x00, 0x00, 0x38, 0x00, 0x00, 0x00, 0x00, 0x00, 0x00, 0x00, 0x00, 0x00, 0x00, 0x00, 0x90, 0x00,
    0x09, 0x38, 0x00, 0x03, 0x80, 0x00, 0x00, 0x00, 0x00, 0xE3, 0x80, 0x00, 0x00, 0x00, 0x00, 0x00,
    0x0E, 0x38, 0x00, 0x00, 0x10, 0x00, 0x02, 0xD0, 0x00, 0x02, 0x00, 0x00, 0x00, 0x00, 0x00, 0x00,
    0x00, 0x00, 0x00, 0x03, 0x80, 0x0F, 0x0E, 0x00, 0x2C, 0x00, 0x00, 0x00, 0x00, 0x00, 0x00, 0x00,
    0x00, 0x00, 0x1C, 0x00, 0x00, 0xB4, 0x00, 0x00, 0x00, 0x00, 0x00, 0x00, 0x00, 0x00, 0x03, 0x40,
    0x00, 0xA0, 0xD1, 0xC0, 0x3C, 0x34, 0xB4, 0x00, 0x0D, 0x00, 0x00, 0x03, 0x40, 0x02, 0xAA, 0xEA,
    0xA4, 0xAA, 0xBE, 0xA9, 0x00, 0x0D, 0x00, 0x00, 0x03, 0x40, 0x00, 0xF0, 0xD2, 0xC0, 0x38, 0x34,
    0xB0, 0x00, 0x0D, 0x00, 0x00, 0x01, 0x00, 0x00, 0x63, 0xC6, 0x00, 0x01, 0x8F, 0x04, 0x00, 0x0B,
    0x2C, 0x00, 0x02, 0xCB, 0x00, 0x63, 0xC1, 0x04, 0xF1, 0xC0, 0x2C, 0xB0, 0x00, 0x55, 0x14, 0x14,
    0xAA, 0x14, 0x14, 0x14, 0x14, 0x14, 0x14, 0x14, 0x14, 0x14, 0x14, 0x00, 0x55, 0x82, 0x82, 0xEB,
    0x14, 0x14, 0x14, 0x14, 0x14, 0x14, 0x14, 0x14, 0x14, 0x14, 0x00, 0x55, 0x7D, 0x3C, 0x14, 0x14,
    0x14, 0x14, 0x14, 0x14, 0x14, 0x14, 0x14, 0x14, 0x14, 0x00, 0x00, 0x28, 0x3C, 0xBE, 0x14, 0x14,
    0x14, 0x14, 0x14, 0x14, 0x14, 0x14, 0x14, 0x14, 0x00, 0x00, 0x28, 0x96, 0x28, 0x14, 0x14, 0x14,
    0x14, 0x14, 0x14, 0x14, 0x14, 0x14, 0x14, 0x00, 0x50, 0x14, 0x14, 0xAA, 0x14, 0x14, 0x14, 0x14,
    0x14, 0x14, 0x14, 0x14, 0x14, 0x14, 0x00, 0x00, 0x03, 0xF8, 0x70, 0xCA, 0x0D, 0xA0, 0x9A, 0x0D,
    0x70, 0xC2, 0xF8, 0x00, 0x00, 0x03, 0x03, 0x33, 0x33, 0x00, 0x00, 0x00, 0x38, 0x0B, 0x81, 0xA8,
    0x32, 0x8B, 0xBD, 0x57, 0xD0, 0x28, 0x00, 0x00, 0x00, 0x03, 0xFC, 0x30, 0x07, 0x50, 0x2B, 0xC0,
    0x0D, 0x00, 0xC7, 0xF8, 0x00, 0x00, 0x00, 0x01, 0xFC, 0x30, 0x0A, 0x60, 0xB5, 0xCA, 0x0A, 0x70,
    0xD2, 0xFC, 0x00, 0x00, 0x00, 0x07, 0xFD, 0x00, 0xC0, 0x28, 0x03, 0x00, 0xA0, 0x0D, 0x01, 0xC0,
    0x00, 0x00, 0x00, 0x03, 0xF8, 0x70, 0xC3, 0x5C, 0x2F, 0x47, 0x0D, 0xA0, 0xD3, 0xFC, 0x00, 0x00,
    0x00, 0x03, 0xF8, 0xA0, 0xD9, 0x09, 0x76, 0xD1, 0x59, 0x00, 0xC3, 0xF4, 0x00, 0x00, 0x00, 0x00,
    0x90, 0x1E, 0x42, 0xE8, 0x09, 0x00, 0x00, 0x15, 0x42, 0xA8, 0x15, 0x42, 0xA8, 0x15, 0x41, 0x54,
    0x00, 0xC6, 0x34, 0xC3, 0x0C, 0x24, 0x70, 0x90, 0x01, 0x83, 0x0A, 0x18, 0x61, 0x89, 0x31, 0x40,
    0x00, 0x03, 0xAD, 0x30, 0x33, 0x03, 0x30, 0x33, 0x03, 0x00, 0x00, 0x00, 0x03, 0xF8, 0x70, 0xCA,
    0x0D, 0xA0, 0x9A, 0x0D, 0x70, 0xC2, 0xF8, 0x00, 0x00, 0x00, 0x0F, 0x37, 0x03, 0x03, 0x03, 0x03,
    0x03, 0x00, 0x00, 0x03, 0xF8, 0x00, 0xC0, 0x0C, 0x03, 0x40, 0xD0, 0x34, 0x0B, 0xFC, 0x00, 0x00,
    0x00, 0x07, 0xF8, 0x00, 0xC0, 0x1C, 0x2F, 0x40, 0x0D, 0x00, 0xDB, 0xF8, 0x00, 0x00, 0x00, 0x00,
    0x38, 0x0B, 0x81, 0xA8, 0x32, 0x8B, 0xBD, 0x57, 0xD0, 0x28, 0x00, 0x00, 0x00, 0x03, 0xFC, 0x30,
    0x07, 0x50, 0x2B, 0xC0, 0x0D, 0x00, 0xC7, 0xF8, 0x00, 0x00, 0x00, 0x01, 0xFC, 0x30, 0x0A, 0x60,
    0xB5, 0xCA, 0x0A, 0x70, 0xD2, 0xFC, 0x00, 0x00, 0x00, 0x07, 0xFD, 0x00, 0xC0, 0x28, 0x03, 0x00,
    0xA0, 0x0D, 0x01, 0xC0, 0x00, 0x00, 0x00, 0x03, 0xF8, 0x70, 0xC3, 0x5C, 0x2F, 0x47, 0x0D, 0xA0,
    0xD3, 0xFC, 0x00, 0x00, 0x00, 0x03, 0xF8, 0xA0, 0xD9, 0x09, 0x76, 0xD1, 0x59, 0x00, 0xC3, 0xF4,
    0x00, 0x00, 0x00, 0x00, 0x90, 0x1E, 0x42, 0xE8, 0x09, 0x00, 0x00, 0x15, 0x42, 0xA8, 0x15, 0x42,
    0xA8, 0x15, 0x41, 0x54, 0x00, 0xC6, 0x34, 0xC3, 0x0C, 0x24, 0x70, 0x90, 0x01, 0x83, 0x0A, 0x18,
    0x61, 0x89, 0x31, 0x40, 0x1A, 0x40, 0x0C, 0x1A, 0xC7, 0x0C, 0x61, 0xC2, 0x94, 0x1B, 0x83, 0x09,
    0x7A, 0xE6, 0x00, 0x34, 0x00, 0xA8, 0x1B, 0x83, 0x06, 0x60, 0x36, 0x03, 0x30, 0xA0, 0xA4, 0x60,
    0x82, 0x64, 0x0E, 0x00, 0xF0, 0x31, 0x85, 0x04, 0x2E, 0x40, 0x0C, 0x15, 0x97, 0x5D, 0x30, 0xC1,
    0xA0, 0x30, 0x03, 0x00, 0x3A, 0x83, 0x06, 0x30, 0x33, 0x03, 0x30, 0x32, 0x01, 0x30, 0x03, 0x00,
    0x30, 0x83, 0x34, 0x3D, 0x03, 0x70, 0x31, 0xC2, 0x05, 0x33, 0x33, 0x33, 0x32, 0x2B, 0x8B, 0x83,
    0x0B, 0x0C, 0x30, 0x60, 0x93, 0x06, 0x09, 0x30, 0x60, 0x92, 0x01, 0x04, 0x2A, 0xC3, 0x06, 0x30,
    0x33, 0x03, 0x30, 0x32, 0x01, 0x2B, 0x80, 0xC1, 0xC3, 0x03, 0x0C, 0x0C, 0x34, 0x60, 0xDA, 0x03,
    0x00, 0x0C, 0x00, 0x2B, 0x58, 0x03, 0x90, 0x09, 0x01, 0x8A, 0x80, 0x20, 0x79, 0x30, 0x30, 0x30,
    0x30, 0x19, 0x00, 0x00, 0x02, 0xFC, 0x02, 0xC1, 0x00, 0xD0, 0x00, 0x70, 0x15, 0x5C, 0x1F, 0xE7,
    0x07, 0x00, 0xE1, 0xC0, 0x0F, 0xFF, 0x80, 0x2C, 0x00, 0x07, 0x00, 0x01, 0xC0, 0x00, 0x7F, 0xC0,
    0x00, 0x21, 0x40, 0x07, 0x30, 0x02, 0xFF, 0xC0, 0xFD, 0x34, 0x2C, 0xC6, 0x03, 0x8C, 0x90, 0x35,
    0xCC, 0x03, 0x58, 0xC0, 0x36, 0x5C, 0x03, 0xF1, 0x80, 0x1F, 0x24, 0x00, 0xBF, 0xFC, 0x06, 0x75,
    0x00, 0x97, 0x00, 0x00, 0x00, 0x00, 0x7F, 0xE0, 0xB8, 0x14, 0x74, 0x00, 0x2C, 0x00, 0x0E, 0x00,
    0x53, 0x47, 0xF8, 0xD1, 0xD0, 0x38, 0x70, 0x0F, 0x1C, 0x01, 0xC7, 0x00, 0x3E, 0xC4, 0x02, 0xFF,
    0x40, 0x00, 0x00, 0x0F, 0xFF, 0x83, 0xD5, 0x50, 0xE0, 0x00, 0x38, 0x00, 0x0E, 0x00, 0x03, 0xD5,
    0x40, 0xFF, 0xF4, 0x38, 0x00, 0x1E, 0x50, 0x0F, 0xFC, 0x00, 0xE0, 0x00, 0x38, 0x00, 0x00, 0x00,
    0x00, 0x7F, 0xC0, 0x78, 0x60, 0x2C, 0x00, 0x0E, 0x00, 0x07, 0xD5, 0x07, 0xFF, 0xC0, 0x38, 0x00,
    0x7F, 0xFC, 0x03, 0x80, 0x00, 0xD0, 0x00, 0xB5, 0x55, 0x7F, 0xFF, 0xC0, 0x00, 0x00, 0x00, 0x00,
    0x00, 0x0A, 0x00, 0x00, 0x00, 0xC0, 0x0A, 0x7F, 0xAF, 0xF4, 0xBC, 0x2F, 0x83, 0xCB, 0x00, 0xF0,
    0x1C, 0xB0, 0x0E, 0x00, 0xCB, 0x01, 0xE0, 0x0C, 0xB0, 0x3E, 0x00, 0xCB, 0x07, 0xE0, 0x0C, 0xB0,
    0xDE, 0x00, 0xCB, 0x0C, 0xE0, 0x0C, 0x02, 0x40, 0x00, 0x00, 0x30, 0x00, 0x00, 0x1D, 0x03, 0x02,
    0xE0, 0x70, 0x2F, 0x07, 0x02, 0xB8, 0x70, 0xBF, 0xFF, 0xD2, 0xDE, 0x74, 0x6D, 0xEB, 0x4B, 0xEF,
    0xF9, 0x2C, 0x3B, 0x02, 0xC2, 0xF0, 0x2C, 0x0F, 0x02, 0xC0, 0xF0, 0xBF, 0x80, 0x00, 0xB6, 0xF0,
    0x00, 0xA0, 0x38, 0x00, 0xA0, 0x38, 0x40, 0xA0, 0x38, 0xD0, 0xA0, 0xB7, 0xFC, 0xBF, 0xD1, 0xD0,
    0xB5, 0x00, 0xD0, 0xA0, 0x00, 0xD0, 0xA0, 0x00, 0xD0, 0xA0, 0x00, 0xE0, 0xA0, 0x00, 0xBD, 0x00,
    0x00, 0x00, 0xBF, 0x80, 0x00, 0x2D, 0x7C, 0x00, 0x0B, 0x03, 0x40, 0x02, 0xC0, 0xD3, 0xFC, 0xB0,
    0x36, 0xC1, 0x2C, 0x7C, 0xB0, 0x0B, 0xFC, 0x1E, 0x02, 0xCB, 0x01, 0xF4, 0xB0, 0xD0, 0x0F, 0x2C,
    0x2C, 0x00, 0xCB, 0x03, 0x50, 0xB2, 0xC0, 0xFB, 0xF4, 0x00, 0x00, 0x00, 0x00, 0xA0, 0x34, 0x19,
    0xC1, 0xE0, 0xA7, 0x0A, 0xC3, 0x4C, 0x37, 0x0D, 0x34, 0xCC, 0x31, 0xFB, 0xBA, 0xE7, 0xED, 0xFB,
    0x47, 0x61, 0xA8, 0x0E, 0x43, 0x90, 0x3D, 0x0F, 0x40, 0xF0, 0x3C, 0x02, 0xC0, 0xB0, 0xBF, 0xE4,
    0x1E, 0xD5, 0xB0, 0x7B, 0x00, 0xE1, 0xEC, 0x62, 0xC7, 0xB2, 0xCB, 0x1E, 0xCB, 0x2C, 0x7B, 0x2C,
    0xB1, 0xEC, 0xB2, 0xC7, 0xB2, 0xCB, 0x1E, 0xCB, 0x00, 0xBB, 0x2C, 0x0B, 0x6C, 0xBF, 0xF4, 0x00,
    0x01, 0x80, 0x00, 0x0B, 0x00, 0x0F, 0xFF, 0x00, 0x00, 0xB0, 0x07, 0xFA, 0xC0, 0x78, 0x6F, 0x03,
    0xC0, 0x3C, 0x0E, 0x00, 0xB0, 0x34, 0x02, 0xC0, 0xE0, 0x0B, 0x03, 0xC0, 0x3C, 0x07, 0x42, 0xF0,
    0x0B, 0xF9, 0xC0, 0x00, 0x00, 0x00, 0xAA, 0xA8, 0x02, 0xAA, 0xA0, 0x00, 0x00, 0x00, 0x0B, 0xF8,
    0x03, 0xD5, 0x80, 0xB0, 0x00, 0x0D, 0x00, 0x06, 0xEA, 0x80, 0x6E, 0xA8, 0x02, 0xC0, 0x00, 0xBF,
    0xF8, 0x00, 0xD0, 0x00, 0x0F, 0x00, 0x00, 0x3D, 0x14, 0x01, 0xFF, 0xC0, 0x00, 0x00, 0x1C, 0x02,
    0xC1, 0xC0, 0x70, 0x1C, 0x0D, 0x01, 0xC3, 0x80, 0x1C, 0xF0, 0x0B, 0xFF, 0xA4, 0x6F, 0xF5, 0x01,
    0xC3, 0x40, 0x1C, 0x2C, 0x01, 0xC0, 0xE0, 0x1C, 0x03, 0x41, 0xC0, 0x1C, 0xBF, 0xFF, 0xC5, 0x5E,
    0x54, 0x00, 0xE0, 0x00, 0x0E, 0xB0, 0x00, 0xFC, 0x00, 0x2E, 0x00, 0x0E, 0xEB, 0x00, 0x4F, 0x80,
    0x02, 0xE0, 0x00, 0xEE, 0x00, 0x04, 0xE0, 0x00, 0x0E, 0x00, 0x00, 0x00, 0x00, 0x00, 0x7F, 0xF8,
    0x00, 0x00, 0x24, 0x5F, 0x00, 0x00, 0x02, 0x03, 0x80, 0x00, 0x07, 0x01, 0xC0, 0x00, 0x0B, 0x00,
    0xD0, 0x00, 0x0E, 0x00, 0xD0, 0x00, 0x0D, 0x01, 0xC0, 0x50, 0x1C, 0x02, 0xC7, 0xBC, 0x1C, 0x03,
    0x8E, 0x0E, 0x28, 0x0F, 0x0C, 0x0E, 0x39, 0xBC, 0x1D, 0x2C, 0x3F, 0xD0, 0x2F, 0xF4, 0x00, 0x00,
    0x38, 0x00, 0x00, 0x00, 0x34, 0x00, 0x00, 0x00, 0x70, 0x00, 0x00, 0x00, 0x70, 0x00, 0x00, 0x00,
    0x00, 0x1F, 0xC0, 0x0E, 0x34, 0x03, 0x4E, 0x00, 0xD3, 0x40, 0x28, 0xC0, 0x07, 0x70, 0x00, 0xF4,
    0x00, 0x3C, 0x03, 0x0F, 0x01, 0xEE, 0xE0, 0xDF, 0x1C, 0xB1, 0x43, 0x40, 0x00, 0xE0, 0x00, 0x38,
    0x00, 0x1D, 0x00, 0x3E, 0x00, 0x1F, 0xF4, 0x01, 0xD6, 0xE0, 0x6E, 0xAF, 0x86, 0xD5, 0x78, 0x1C,
    0x07, 0x4B, 0xFF, 0xFD, 0x1C, 0x1E, 0x01, 0xFF, 0x80, 0x1C, 0x00, 0x01, 0xC0, 0x00, 0x1C, 0x00,
    0x01, 0xC0, 0x00, 0x00, 0x20, 0x00, 0x2F, 0xFD, 0x1F, 0x75, 0x93, 0xC3, 0x40, 0xB0, 0x34, 0x0F,
    0x03, 0x40, 0xE0, 0x35, 0x5E, 0x03, 0xFF, 0xE0, 0x34, 0xBB, 0x03, 0x4B, 0x38, 0x34, 0xB2, 0xF7,
    0x5B, 0x07, 0xFF, 0xE0, 0x03, 0x40, 0x00, 0x10, 0x00, 0x00, 0xF0, 0x00, 0x03, 0xD0, 0x00, 0x2F,
    0x80, 0x00, 0xE7, 0x00, 0x5B, 0xAE, 0x52, 0xBE, 0xBE, 0x80, 0xE0, 0x70, 0x3F, 0xFF, 0xFC, 0x3C,
    0x02, 0xC0, 0xD0, 0x07, 0x07, 0x00, 0x0E, 0x3C, 0x00, 0x2C, 0x00, 0x00, 0x07, 0xFF, 0x01, 0x95,
    0xF0, 0x00, 0x1D, 0x00, 0x07, 0x3F, 0xFF, 0xF0, 0x1B, 0x80, 0x7E, 0x40, 0xBF, 0xFF, 0xCD, 0x00,
    0x03, 0x40, 0x00, 0xF4, 0x18, 0x0B, 0xFF, 0x00, 0x00, 0x00, 0x00, 0x20, 0x00, 0x2F, 0xF8, 0x1F,
    0x76, 0x83, 0x83, 0x00, 0xB0, 0x30, 0x0F, 0x03, 0x00, 0xE0, 0x30, 0x0E, 0x03, 0x00, 0xE0, 0x30,
    0x0B, 0x03, 0x00, 0x78, 0x30, 0x02, 0xE7, 0x14, 0x07, 0xFF, 0x40, 0x03, 0x00, 0x00, 0x10, 0x00,
    0x0C, 0x0C, 0x00, 0xC0, 0xC0, 0x7F, 0xFF, 0xE2, 0xD6, 0xD0, 0x1C, 0x1C, 0x01, 0xC1, 0xC0, 0x1C,
    0x1C, 0x01, 0xC1, 0xC0, 0x1C, 0x1C, 0x01, 0xC1, 0xD0, 0x1C, 0x0B, 0xF0, 0x00, 0x00, 0x00, 0x00,
    0x00, 0x00, 0x1F, 0xF8, 0x00, 0xB4, 0x58, 0x00, 0xE0, 0x00, 0x00, 0xE0, 0x00, 0x00, 0xB4, 0x00,
    0x00, 0x3F, 0x40, 0x00, 0x06, 0xF4, 0x00, 0x00, 0x3C, 0x76, 0xDB, 0x0D, 0x9C, 0x71, 0x8C, 0x3C,
    0x21, 0xAC, 0x0F, 0xFF, 0xE0, 0x0C, 0x31, 0x80, 0x00, 0x00, 0x00, 0xBF, 0xFF, 0x95, 0x55, 0x51,
    0x55, 0x52, 0xFF, 0xFF, 0x00, 0xD0, 0x00, 0x34, 0x00, 0x0D, 0x00, 0x03, 0x40, 0x00, 0xD0, 0x00,
    0x34, 0x00, 0x0D, 0x00, 0x03, 0x40, 0xBF, 0xFC, 0x0B, 0x80, 0x02, 0xC0, 0xBF, 0xFC, 0x02, 0xC0,
    0x1B, 0x40, 0xB9, 0x00, 0x34, 0x00, 0x2C, 0x00, 0x0E, 0x00, 0x07, 0x40, 0x03, 0xC0, 0x0D, 0x00,
    0x00, 0xE0, 0x40, 0x0F, 0xB8, 0x06, 0xF4, 0x00, 0x5E, 0x6C, 0x01, 0xF9, 0x00, 0xBE, 0x01, 0xC0,
    0xE0, 0x2C, 0x0E, 0x03, 0x80, 0xE0, 0x74, 0x0E, 0x6E, 0x00, 0xFF, 0x40, 0x00, 0x00, 0x00, 0x00,
    0x00, 0x00, 0x0F, 0x80, 0x00, 0x09, 0x34, 0x00, 0x02, 0x8A, 0x00, 0x00, 0x7F, 0xFF, 0xF8, 0x01,
    0xB5, 0x56, 0xC0, 0x28, 0x00, 0x28, 0x0A, 0x32, 0x46, 0x01, 0xFB, 0xFA, 0x40, 0xB0, 0x42, 0x80,
    0xBD, 0x00, 0x00, 0x02, 0xD0, 0x40, 0x00, 0x1F, 0xF0, 0x00, 0x00, 0x00, 0x00, 0x00, 0x0D, 0x00,
    0x00, 0x03, 0x40, 0x00, 0x00, 0xD0, 0x00, 0x00, 0x78, 0x00, 0x03, 0xFF, 0xF4, 0x03, 0xC3, 0x4B,
    0x42, 0xC0, 0xD0, 0xB0, 0xE0, 0x34, 0x1C, 0x38, 0x0D, 0x03, 0x4D, 0x01, 0x00, 0xD3, 0x40, 0x00,
    0x34, 0xD0, 0x00, 0x0D, 0x1F, 0xF9, 0x01, 0xD5, 0xF4, 0x1C, 0x03, 0xC1, 0xC0, 0x2C, 0x1C, 0x02,
    0xC1, 0xD0, 0xB4, 0xFF, 0xFD, 0x02, 0xD0, 0x00, 0x6D, 0x50, 0x0B, 0xFA, 0x00, 0x1C, 0x00, 0x01,
    0xC0, 0x00, 0x00, 0x88, 0x00, 0x0B, 0xB8, 0x00, 0xFD, 0xFC, 0x0E, 0x73, 0x7C, 0xB1, 0xCC, 0x37,
    0xC7, 0x30, 0xEE, 0x1C, 0xC2, 0xF8, 0x00, 0x00, 0xB0, 0x00, 0x01, 0xC0, 0x00, 0x03, 0xC0, 0x00,
    0x03, 0xD5, 0x54, 0x3F, 0xFF, 0xF0, 0x08, 0x50, 0x0C, 0x90, 0x7F, 0xF0, 0x75, 0x7C, 0x70, 0x0E,
    0x70, 0x0E, 0x70, 0x1C, 0x7F, 0xF4, 0x75, 0x7C, 0x70, 0x0F, 0x70, 0x0B, 0x70, 0x0F, 0x75, 0x6D,
    0x7F, 0xF4, 0x0C, 0x90, 0x08, 0x50, 0x00, 0x00, 0x07, 0xFC, 0x1E, 0x14, 0x38, 0x00, 0x34, 0x00,
    0x34, 0x00, 0x34, 0x00, 0x38, 0x00, 0x1E, 0x04, 0x07, 0xFC, 0x00, 0x00, 0x2A, 0xA8, 0x15, 0x54,
    0x15, 0x55, 0x4A, 0xAA, 0x90, 0x00, 0x00, 0x20, 0x00, 0x01, 0xC0, 0x00, 0x0D, 0x00, 0x00, 0x70,
    0x69, 0x02, 0x81, 0xAC, 0x0C, 0x00, 0x34, 0x70, 0x00, 0xB3, 0x40, 0x00, 0xEC, 0x00, 0x02, 0xE0,
    0x00, 0x03, 0x40, 0x00, 0x04, 0x00, 0x02, 0xA0, 0x2A, 0x03, 0xE8, 0x3D, 0x80, 0xD0, 0x1C, 0x00,
    0x34, 0x07, 0x00, 0x7F, 0xEB, 0xFD, 0x07, 0x40, 0xB0, 0x00, 0xD0, 0x1C, 0x00, 0x34, 0x07, 0x00,
    0x0D, 0x01, 0xC0, 0x03, 0x40, 0x70, 0x00, 0xD0, 0x1C, 0x00, 0x34, 0x07, 0x00, 0x0D, 0x01, 0xC0,
    0x00, 0x02, 0xA0, 0x03, 0xE8, 0xE0, 0xD0, 0x14, 0x34, 0x00, 0x7F, 0xE3, 0x87, 0x40, 0xE0, 0xD0,
    0x38, 0x34, 0x0E, 0x0D, 0x03, 0x83, 0x40, 0xE0, 0xD0, 0x38, 0x34, 0x0E, 0x0D, 0x03, 0x80, 0x02,
    0xA2, 0x43, 0xE8, 0xE0, 0xD0, 0x38, 0x34, 0x0E, 0x7F, 0xE3, 0x87, 0x40, 0xE0, 0xD0, 0x38, 0x34,
    0x0E, 0x0D, 0x03, 0x83, 0x40, 0xE0, 0xD0, 0x38, 0x34, 0x0E, 0x0D, 0x03, 0x80, 0x02, 0xA0, 0x2A,
    0x00, 0x3E, 0x83, 0xD8, 0xD0, 0xD0, 0x1C, 0x02, 0x03, 0x40, 0x70, 0x00, 0x7F, 0xEB, 0xFD, 0x34,
    0x74, 0x0B, 0x00, 0xD0, 0xD0, 0x1C, 0x03, 0x43, 0x40, 0x70, 0x0D, 0x0D, 0x01, 0xC0, 0x34, 0x34,
    0x07, 0x00, 0xD0, 0xD0, 0x1C, 0x03, 0x43, 0x40, 0x70, 0x0D, 0x0D, 0x01, 0xC0, 0x34, 0x02, 0xA0,
    0x2A, 0x20, 0x3E, 0x83, 0xD8, 0xD0, 0xD0, 0x1C, 0x03, 0x43, 0x40, 0x70, 0x0D, 0x7F, 0xEB, 0xFD,
    0x34, 0x74, 0x0B, 0x00, 0xD0, 0xD0, 0x1C, 0x03, 0x43, 0x40, 0x70, 0x0D, 0x0D, 0x01, 0xC0, 0x34,
    0x34, 0x07, 0x00, 0xD0, 0xD0, 0x1C, 0x03, 0x43, 0x40, 0x70, 0x0D, 0x0D, 0x01, 0xC0, 0x34, 0x0A,
    0x90, 0x03, 0xEB, 0xC0, 0x70, 0x1C, 0x0B, 0x01, 0xC0, 0xB0, 0x7F, 0xEB, 0x01, 0xD0, 0xB0, 0x1C,
    0x0B, 0x01, 0xC0, 0xB0, 0x1C, 0x0B, 0x01, 0xC0, 0xB0, 0x1C, 0x0B, 0x00, 0xE0, 0xB0, 0x0B, 0xF0,
    0x00, 0x00, 0x00, 0x06, 0x90, 0x00, 0x01, 0xEB, 0x80, 0x00, 0x38, 0x2C, 0x00, 0x02, 0x81, 0xC0,
    0x1F, 0xFC, 0xBF, 0xE3, 0x81, 0x42, 0xC0, 0x34, 0x00, 0x1C, 0x02, 0xE0, 0x01, 0xC0, 0x07, 0xE0,
    0x1C, 0x00, 0x07, 0xC1, 0xC0, 0x00, 0x1C, 0x1C, 0x01, 0x02, 0xC1, 0xD0, 0x3F, 0xF4, 0x0B, 0xE0,
    0x00, 0x00, 0x00, 0x00, 0x00, 0x00, 0x08, 0x20, 0x00, 0x00, 0x0D, 0x70, 0x00, 0x00, 0x0E, 0x70,
    0x00, 0x00, 0x0A, 0x70, 0x00, 0x00, 0x0E, 0x3D, 0x00, 0x00, 0x7C, 0x0F, 0xFF, 0xFF, 0xE0, 0x00,
    0x15, 0x50, 0x00, 0x00, 0x05, 0x10, 0x00, 0x00, 0x0E, 0x70, 0x00, 0x00, 0x01, 0x40, 0x00, 0x00,
    0x02, 0x80, 0x00, 0x20, 0x00, 0x00, 0x00, 0x00, 0x70, 0x00, 0x00, 0x00, 0x00, 0x70, 0x00, 0x00,
    0x02, 0x00, 0x70, 0x00, 0x00, 0x2F, 0x00, 0x3D, 0x00, 0x06, 0xFB, 0x90, 0x0F, 0xFF, 0xFF, 0x41,
    0xFC, 0x00, 0x15, 0x40, 0x00, 0x00, 0x00, 0x04, 0x40, 0x00, 0x00, 0x00, 0x0D, 0xE0, 0x00, 0x00,
    0x00, 0x02, 0x40, 0x00, 0x00, 0x00, 0x03, 0x40, 0x00, 0x00, 0x01, 0x00, 0xE0, 0x2C, 0x07, 0x01,
    0xC1, 0xE3, 0xE0, 0x00, 0x11, 0x4D, 0xA0, 0x90, 0x28, 0x02, 0x00, 0x07, 0x00, 0x0B, 0x00, 0x5F,
    0x90, 0xF9, 0xFC, 0x00, 0x00, 0x10, 0x40, 0x3A, 0xC0, 0x05, 0x00, 0x0A, 0x00, 0x00, 0x02, 0x00,
    0x00, 0x00, 0x03, 0x10, 0x00, 0x00, 0x03, 0xF4, 0x00, 0x00, 0x07, 0x64, 0x00, 0x00, 0x0A, 0x90,
    0x00, 0x00, 0x00, 0x00, 0x08, 0x20, 0x00, 0x00, 0x0D, 0x70, 0x00, 0x00, 0x0E, 0x70, 0x00, 0x00,
    0x0A, 0x70, 0x00, 0x00, 0x0E, 0x3D, 0x00, 0x00, 0x7C, 0x0F, 0xFF, 0xFF, 0xE0, 0x00, 0x15, 0x50,
    0x00, 0x00, 0x02, 0x00, 0x00, 0x00, 0x00, 0x03, 0x10, 0x00, 0x00, 0x00, 0x03, 0xF4, 0x00, 0x00,
    0x00, 0x07, 0x64, 0x00, 0x00, 0x00, 0x0A, 0x90, 0x00, 0x00, 0x00, 0x00, 0x00, 0x00, 0x00, 0x20,
    0x00, 0x00, 0x00, 0x00, 0x70, 0x00, 0x00, 0x00, 0x00, 0x70, 0x00, 0x00, 0x02, 0x00, 0x70, 0x00,
    0x00, 0x2F, 0x00, 0x3D, 0x00, 0x06, 0xFB, 0x90, 0x0F, 0xFF, 0xFF, 0x41, 0xFC, 0x00, 0x15, 0x40,
    0x00, 0x00, 0x20, 0x0C, 0x43, 0xF5, 0xD9, 0xA9, 0x00, 0x00, 0x00, 0x20, 0x1C, 0x03, 0x40, 0xA0,
    0x28, 0x5D, 0x3E, 0x00, 0x00, 0x08, 0x00, 0x0C, 0x40, 0x0F, 0xE0, 0x1D, 0xA0, 0x1A, 0x80, 0x00,
    0x00, 0x00, 0x00, 0x02, 0x00, 0x07, 0x00, 0x0B, 0x00, 0x5F, 0x90, 0xF9, 0xFC, 0x00, 0x00, 0x7F,
    0x90, 0x00, 0x9A, 0xFE, 0x40, 0x01, 0xFE, 0x00, 0x7D, 0x00, 0x0B, 0x40, 0x00, 0xB0, 0x00, 0x03,
    0x48, 0x50, 0x2C, 0x36, 0x80, 0xE0, 0x24, 0x03, 0x80, 0x90, 0x0B, 0x00, 0x00, 0x0F, 0x40, 0x04,
    0x0B, 0xFF, 0xF0, 0x01, 0xA5, 0x00, 0x7F, 0x90, 0x00, 0x09, 0xAF, 0xE4, 0x00, 0x01, 0xFE, 0x00,
    0x07, 0xD7, 0x00, 0x0B, 0x40, 0xD0, 0x0B, 0x00, 0x2E, 0x43, 0x48, 0x52, 0xFA, 0xC3, 0x68, 0x00,
    0xE0, 0x24, 0x00, 0x38, 0x09, 0x00, 0x0B, 0x00, 0x00, 0x00, 0xF4, 0x00, 0x40, 0x0B, 0xFF, 0xF0,
    0x00, 0x1A, 0x50, 0x00, 0x2F, 0x80, 0x01, 0xAB, 0x80, 0x00, 0x0F, 0xC0, 0x02, 0xE4, 0x5B, 0xE0,
    0x0F, 0xE0, 0x00, 0x00, 0x00, 0x00, 0x11, 0x00, 0x03, 0x38, 0x00, 0x08, 0x00, 0x00, 0xD0, 0x00,
    0x2F, 0x80, 0x00, 0x1A, 0xB8, 0x00, 0x00, 0x0F, 0xC0, 0x00, 0x2F, 0x80, 0x5B, 0xE2, 0xD4, 0xFE,
    0x00, 0xBD, 0x00, 0x00, 0x00, 0x01, 0x10, 0x00, 0x0B, 0x70, 0x00, 0x01, 0x80, 0x00, 0x01, 0xC0,
    0x00, 0x04, 0x00, 0x09, 0x40, 0x0B, 0xB0, 0x0E, 0x70, 0x0A, 0x80, 0x00, 0x00, 0x00, 0x80, 0x00,
    0xE0, 0x00, 0x74, 0x00, 0x2C, 0x00, 0x1C, 0x00, 0x0C, 0x25, 0x7C, 0x2F, 0xF0, 0x00, 0x00, 0x05,
    0x00, 0x00, 0x94, 0x00, 0x07, 0xB0, 0x00, 0xE7, 0x00, 0x0A, 0x80, 0x00, 0x00, 0x00, 0x00, 0x80,
    0x00, 0x0E, 0x00, 0x00, 0x70, 0x00, 0x03, 0x80, 0x00, 0x1C, 0x00, 0x00, 0xD0, 0x25, 0x7F, 0x42,
    0xFF, 0x2E, 0x00, 0x00, 0x00, 0x02, 0x80, 0x05, 0x00, 0xEB, 0x01, 0x14, 0x00, 0x00, 0x01, 0x00,
    0x0D, 0x00, 0x2C, 0x00, 0x70, 0x01, 0xC0, 0x07, 0x00, 0x34, 0x07, 0x80, 0xF8, 0x02, 0x40, 0x00,
    0x03, 0x40, 0x00, 0x90, 0x00, 0xDE, 0x00, 0x11, 0x00, 0x00, 0x00, 0x00, 0x10, 0x00, 0x0D, 0x00,
    0x02, 0xC0, 0x00, 0x70, 0x00, 0x1F, 0x40, 0x07, 0xF4, 0x03, 0x40, 0x07, 0xC0, 0x0F, 0x80, 0x02,
    0x40, 0x00, 0x01, 0x00, 0x08, 0x00, 0x3F, 0x02, 0xDC, 0x0A, 0x90, 0x00, 0x00, 0x00, 0x00, 0x10,
    0x00, 0xD0, 0x02, 0xC0, 0x07, 0x00, 0x1C, 0x00, 0x70, 0x03, 0x40, 0x78, 0x0F, 0x80, 0x24, 0x00,
    0x05, 0x00, 0x01, 0x50, 0x00, 0x7B, 0x00, 0x39, 0xC0, 0x0A, 0x80, 0x00, 0x00, 0x00, 0x00, 0x00,
    0x01, 0x00, 0x00, 0xD0, 0x00, 0x2C, 0x00, 0x07, 0x00, 0x01, 0xF4, 0x00, 0x7F, 0x40, 0x34, 0x00,
    0x7C, 0x00, 0xF8, 0x00, 0x24, 0x00, 0x00, 0x00, 0x00, 0x00, 0x14, 0x00, 0x00, 0x07, 0xD0, 0x00,
    0x01, 0xF8, 0x00, 0x00, 0x1E, 0x00, 0x00, 0x00, 0xB0, 0x00, 0x00, 0x00, 0xF0, 0x02, 0x00, 0x00,
    0xB0, 0x1C, 0x00, 0x00, 0xB0, 0x70, 0x00, 0x00, 0xD1, 0xC0, 0x00, 0x02, 0x83, 0xD0, 0x00, 0x1D,
    0x03, 0xFF, 0xFF, 0xD0, 0x00, 0x15, 0x40, 0x00, 0x00, 0x00, 0x00, 0x14, 0x00, 0x00, 0x00, 0x1F,
    0x40, 0x00, 0x00, 0x1F, 0x80, 0x00, 0x00, 0x07, 0x80, 0x00, 0x00, 0x00, 0xB0, 0x00, 0x00, 0x00,
    0x03, 0xC0, 0x00, 0x20, 0x00, 0x0F, 0x00, 0x07, 0x00, 0x00, 0x3C, 0x00, 0x70, 0x00, 0x00, 0xD0,
    0x07, 0x00, 0x00, 0x0B, 0x00, 0x3D, 0x00, 0x06, 0xFD, 0x00, 0xFF, 0xFF, 0xF4, 0xBC, 0x00, 0x15,
    0x40, 0x00, 0x00, 0x00, 0x14, 0x01, 0xF8, 0x0F, 0x80, 0x3C, 0x00, 0x70, 0x00, 0x2D, 0x00, 0x0B,
    0x40, 0x02, 0xC0, 0x00, 0xE0, 0x00, 0x70, 0x15, 0xE0, 0xFF, 0x80, 0x00, 0x00, 0x00, 0x14, 0x00,
    0x1F, 0x80, 0x0F, 0x80, 0x03, 0xC0, 0x00, 0x70, 0x00, 0x03, 0xC0, 0x00, 0x0B, 0x00, 0x00, 0x2C,
    0x00, 0x00, 0xE0, 0x00, 0x07, 0x40, 0x15, 0xFE, 0x4F, 0xF8, 0xBC, 0x00, 0x00, 0x00, 0x00, 0x00,
    0x00, 0x10, 0x00, 0x00, 0x0B, 0x40, 0x00, 0x02, 0xE1, 0x40, 0x00, 0x38, 0x7D, 0x00, 0x00, 0x1F,
    0x80, 0x00, 0x01, 0xE0, 0x00, 0x00, 0x0B, 0x00, 0x00, 0x00, 0x0F, 0x00, 0x20, 0x00, 0x0B, 0x01,
    0xC0, 0x00, 0x0B, 0x07, 0x00, 0x00, 0x0D, 0x1C, 0x00, 0x00, 0x28, 0x3D, 0x00, 0x01, 0xD0, 0x3F,
    0xFF, 0xFD, 0x00, 0x01, 0x54, 0x00, 0x00, 0x00, 0x00, 0x00, 0x10, 0x00, 0x00, 0x00, 0x2D, 0x00,
    0x00, 0x00, 0x2E, 0x14, 0x00, 0x00, 0x0E, 0x1F, 0x40, 0x00, 0x00, 0x1F, 0x80, 0x00, 0x00, 0x07,
    0x80, 0x00, 0x00, 0x00, 0xB0, 0x00, 0x00, 0x00, 0x03, 0xC0, 0x00, 0x20, 0x00, 0x0F, 0x00, 0x07,
    0x00, 0x00, 0x3C, 0x00, 0x70, 0x00, 0x00, 0xD0, 0x07, 0x00, 0x00, 0x0B, 0x00, 0x3D, 0x00, 0x06,
    0xFD, 0x00, 0xFF, 0xFF, 0xF4, 0xBC, 0x00, 0x15, 0x40, 0x00, 0x00, 0x00, 0x10, 0x02, 0xE0, 0x1E,
    0x14, 0xB5, 0xF8, 0x0F, 0x80, 0x3C, 0x00, 0x70, 0x00, 0x2D, 0x00, 0x0B, 0x40, 0x02, 0xC0, 0x00,
    0xE0, 0x00, 0x70, 0x15, 0xE0, 0xFF, 0x80, 0x00, 0x00, 0x00, 0x10, 0x00, 0x2E, 0x00, 0x1E, 0x14,
    0x0B, 0x5F, 0x80, 0x0F, 0x80, 0x03, 0xC0, 0x00, 0x70, 0x00, 0x03, 0xC0, 0x00, 0x0B, 0x00, 0x00,
    0x2C, 0x00, 0x00, 0xE0, 0x00, 0x07, 0x40, 0x15, 0xFE, 0x4F, 0xF8, 0xBC, 0x00, 0x00, 0x00, 0x00,
    0x00, 0x00, 0x00, 0x02, 0x80, 0x00, 0x07, 0x0C, 0x00, 0x0D, 0x70, 0x00, 0x39, 0xC0, 0x00, 0xE7,
    0x00, 0x03, 0x4E, 0x00, 0x2C, 0x2F, 0xAB, 0xC0, 0x0B, 0xE4, 0x00, 0x00, 0x00, 0x20, 0x00, 0x00,
    0x1C, 0x03, 0x00, 0x03, 0x41, 0xC0, 0x00, 0xF4, 0x70, 0x00, 0x3F, 0xDC, 0x00, 0x0D, 0x03, 0x40,
    0x0B, 0x00, 0xBE, 0xAF, 0x40, 0x06, 0xFE, 0x00, 0x00, 0x05, 0x00, 0x2E, 0x00, 0xED, 0x0D, 0x1C,
    0x70, 0x31, 0xC0, 0xC7, 0x9B, 0x07, 0xF0, 0x01, 0x40, 0x0B, 0xF4, 0x07, 0x0A, 0x02, 0x80, 0xC0,
    0xB0, 0x3D, 0x08, 0x03, 0xE0, 0x00, 0x00, 0x08, 0x1C, 0x0D, 0x0A, 0x0A, 0x5D, 0xF8, 0x04, 0x20,
    0x28, 0x00, 0x04, 0x00, 0x1B, 0x00, 0x0F, 0xC3, 0xF0, 0x32, 0xC0, 0x0D, 0xD0, 0x01, 0xF0, 0x00,
    0x3C, 0x00, 0x00, 0x00, 0x00, 0x00, 0x00, 0x02, 0xC0, 0x00, 0x0B, 0xC0, 0x00, 0xB7, 0xD0, 0x03,
    0x47, 0xD0, 0x0D, 0x2E, 0xC0, 0x2D, 0xD3, 0x44, 0x7F, 0x5D, 0xBF, 0xAF, 0xF0, 0x00, 0x00, 0x00,
    0x00, 0x2E, 0x00, 0x00, 0xBB, 0x40, 0x00, 0xD3, 0x80, 0x01, 0xC3, 0x80, 0x02, 0x87, 0x00, 0x13,
    0xEF, 0x50, 0x7F, 0xEB, 0xFC, 0x02, 0x80, 0xC0, 0x01, 0xD0, 0xD0, 0x00, 0xBF, 0xC0, 0x00, 0x1A,
    0x00, 0x00, 0x00, 0x01, 0xD0, 0x00, 0x7E, 0x00, 0x7A, 0xE0, 0x28, 0x3E, 0x0A, 0x0D, 0xD1, 0xDB,
    0x29, 0x7F, 0x4E, 0xF9, 0xFF, 0x40, 0x00, 0x00, 0x01, 0xF0, 0x00, 0x7B, 0x80, 0x0E, 0x2C, 0x00,
    0xC2, 0xC0, 0x1C, 0x34, 0x02, 0xEF, 0x94, 0xFE, 0xBF, 0xC2, 0xC0, 0xD0, 0x0D, 0x0A, 0x00, 0xBF,
    0xD0, 0x01, 0xA4, 0x00, 0x00, 0x50, 0x00, 0x00, 0x02, 0xF4, 0x00, 0x00, 0x07, 0x6C, 0x00, 0x00,
    0x0E, 0x0C, 0x00, 0x00, 0x38, 0x00, 0x00, 0x00, 0x70, 0x00, 0x00, 0x00, 0x3D, 0x00, 0x00, 0x18,
    0x1B, 0xFF, 0xFF, 0xFC, 0x00, 0x15, 0x54, 0x00, 0x00, 0x00, 0x00, 0x6F, 0xFF, 0x7E, 0x50, 0x0E,
    0x00, 0x00, 0xF0, 0x00, 0x02, 0xFE, 0xAA, 0x01, 0x6A, 0x90, 0x06, 0x00, 0x00, 0x00, 0x19, 0x00,
    0x00, 0x00, 0x18, 0x00, 0x00, 0x00, 0x0F, 0x40, 0x00, 0x00, 0x00, 0x50, 0x00, 0x00, 0x02, 0xF4,
    0x00, 0x00, 0x07, 0x6C, 0x00, 0x00, 0x0E, 0x0C, 0x00, 0x00, 0x38, 0x00, 0x00, 0x00, 0x70, 0x00,
    0x00, 0x00, 0x3D, 0x00, 0x00, 0x18, 0x1B, 0xFF, 0xFF, 0xFC, 0x00, 0x15, 0x54, 0x00, 0x06, 0x00,
    0x01, 0x90, 0x00, 0x18, 0x00, 0x00, 0xF4, 0x00, 0x00, 0x00, 0x00, 0x6F, 0xFF, 0x7E, 0x50, 0x0E,
    0x00, 0x00, 0xF0, 0x00, 0x02, 0xFE, 0xAA, 0x01, 0x6A, 0x90, 0x00, 0x00, 0x7F, 0x00, 0x00, 0xB9,
    0x80, 0x00, 0x74, 0x00, 0x00, 0x2C, 0x00, 0x30, 0x07, 0x80, 0x1C, 0x00, 0x7E, 0x07, 0x00, 0x01,
    0xE1, 0xC0, 0x00, 0x38, 0x38, 0x00, 0x2C, 0x0B, 0xEA, 0xBC, 0x00, 0x2F, 0xE4, 0x00, 0x30, 0x00,
    0x40, 0x07, 0x00, 0x0F, 0x90, 0x70, 0x00, 0x1F, 0xC7, 0x00, 0x00, 0xA0, 0x38, 0x00, 0x1D, 0x01,
    0xFA, 0xAF, 0x80, 0x02, 0xFE, 0x40, 0x00, 0x01, 0x00, 0xE0, 0x2C, 0x07, 0x01, 0xC1, 0xE3, 0xE0,
    0x00, 0x10, 0x4E, 0xB0, 0x00, 0x02, 0x00, 0x07, 0x00, 0x0B, 0x00, 0x5F, 0x90, 0xF9, 0xFC, 0x00,
    0x00, 0x10, 0x40, 0x3A, 0xC0, 0x00, 0x00, 0x0B, 0xC0, 0xB5, 0x03, 0x40, 0x0D, 0x00, 0x1E, 0xB1,
    0xBF, 0x47, 0x40, 0x00, 0x28, 0x09, 0x7C, 0x00, 0x00, 0x90, 0x0E, 0x00, 0xA0, 0x0A, 0x00, 0xA0,
    0x0A, 0x00, 0xA0, 0x0A, 0x00, 0xB0, 0x0B, 0x00, 0xB0, 0x28, 0x02, 0x5F, 0x00, 0x00, 0x02, 0x80,
    0x0E, 0x00, 0x28, 0x00, 0xA0, 0x02, 0x80, 0x0B, 0x00, 0x2C, 0x00, 0xB0, 0x01, 0xC0, 0x07, 0x00,
    0x1E, 0x40, 0x2F, 0x80, 0x00, 0x24, 0x90, 0x90, 0xBC, 0x00, 0x24, 0x38, 0x28, 0x28, 0x28, 0x28,
    0x28, 0x28, 0x2C, 0x2C, 0x2C, 0x24, 0x09, 0x00, 0x90, 0x0B, 0xC0, 0x00, 0x02, 0x80, 0x38, 0x02,
    0x80, 0x28, 0x02, 0x80, 0x2C, 0x02, 0xC0, 0x2C, 0x01, 0xC0, 0x1C, 0x01, 0xE4, 0x0B, 0xE0, 0x00,
    0x02, 0x40, 0x24, 0x00, 0x90, 0x02, 0xF0, 0x00, 0x00, 0x0A, 0x00, 0xFE, 0x0A, 0x0C, 0x34, 0x34,
    0xE0, 0xE1, 0xFF, 0x40, 0x1C, 0x01, 0xE0, 0xBE, 0x03, 0x80, 0x00, 0x02, 0x40, 0x02, 0x40, 0x00,
    0x90, 0x00, 0x2F, 0x00, 0x00, 0x00, 0x00, 0xA0, 0x00, 0xFF, 0x00, 0xA0, 0xD0, 0x34, 0x34, 0x0F,
    0x5E, 0x41, 0xFF, 0xF8, 0x01, 0xC0, 0x01, 0xE0, 0x0B, 0xE0, 0x03, 0x80, 0x00, 0x28, 0x0E, 0x02,
    0x80, 0xA0, 0x28, 0x0A, 0x02, 0x80, 0xB0, 0x2C, 0x0B, 0x02, 0xC0, 0x70, 0x00, 0x02, 0x03, 0x40,
    0xC0, 0x3E, 0x00, 0x00, 0x28, 0x03, 0x80, 0x28, 0x02, 0x80, 0x28, 0x02, 0xC0, 0x2C, 0x02, 0xC0,
    0x1C, 0x01, 0xC0, 0x1E, 0x40, 0xBE, 0x00, 0x00, 0x80, 0x34, 0x03, 0x00, 0x3E, 0x00, 0x00, 0x02,
    0x00, 0x00, 0x03, 0x40, 0x1F, 0xC0, 0xC0, 0x2E, 0x60, 0x3E, 0x1D, 0x00, 0x00, 0x0B, 0x00, 0x0C,
    0x01, 0xE0, 0x07, 0x00, 0x1F, 0x81, 0xC0, 0x00, 0x78, 0x70, 0x00, 0x0E, 0x0E, 0x00, 0x0B, 0x02,
    0xFA, 0xAF, 0x00, 0x0B, 0xF9, 0x00, 0x02, 0x00, 0x00, 0x00, 0xD0, 0x00, 0x00, 0x0C, 0x00, 0x00,
    0x00, 0xF8, 0x00, 0x00, 0x00, 0x00, 0x00, 0x03, 0x00, 0x04, 0x00, 0x70, 0x00, 0xF9, 0x07, 0x00,
    0x01, 0xFC, 0x70, 0x00, 0x0A, 0x03, 0x80, 0x01, 0xD0, 0x1F, 0xAA, 0xF8, 0x00, 0x2F, 0xE4, 0x00,
    0x14, 0x64, 0x60, 0x7D, 0x00, 0x08, 0x1C, 0x0D, 0x0A, 0x0A, 0x5D, 0xF8, 0x00, 0x08, 0x00, 0xD0,
    0x03, 0x00, 0x0F, 0x80, 0x00, 0x00, 0x14, 0x00, 0xA0, 0x03, 0x80, 0x6F, 0x53, 0xDB, 0xD0, 0x00,
    0x00, 0xAE, 0xAA, 0xAA, 0xAB, 0xBB, 0xB7, 0xA0, 0x38, 0x0A, 0x02, 0x80, 0xA0, 0x2C, 0x0B, 0x02,
    0xC0, 0x70, 0x1C, 0x07, 0x90, 0xBE, 0x00, 0x00, 0x00, 0x00, 0x00, 0x08, 0x20, 0x00, 0x00, 0x0D,
    0x70, 0x00, 0x00, 0x0E, 0x70, 0x00, 0x00, 0x0A, 0x70, 0x00, 0x00, 0x0E, 0x3D, 0x00, 0x00, 0x7C,
    0x0F, 0xFF, 0xFF, 0xE0, 0x00, 0x15, 0x50, 0x00, 0x00, 0x00, 0x40, 0x00, 0x00, 0x02, 0xC0, 0x00,
    0x00, 0x00, 0x00, 0x00, 0x20, 0x00, 0x00, 0x00, 0x00, 0x70, 0x00, 0x00, 0x00, 0x00, 0x70, 0x00,
    0x00, 0x02, 0x00, 0x70, 0x00, 0x00, 0x2F, 0x00, 0x3D, 0x00, 0x06, 0xFB, 0x90, 0x0F, 0xFF, 0xFF,
    0x41, 0xFC, 0x00, 0x15, 0x40, 0x00, 0x00, 0x00, 0x01, 0x00, 0x00, 0x00, 0x00, 0x03, 0x40, 0x00,
    0x00, 0x00, 0x00, 0x00, 0x00, 0x00, 0x08, 0x1C, 0x0D, 0x0A, 0x0A, 0x5D, 0xF8, 0x00, 0x10, 0x38,
    0x00, 0x05, 0x00, 0x28, 0x00, 0xE0, 0x1B, 0xD4, 0xF6, 0xF4, 0x00, 0x00, 0x40, 0x03, 0x80, 0x00,
    0x00, 0x00, 0x00, 0x73, 0x40, 0x44, 0x00, 0x00, 0x05, 0x00, 0x2E, 0x00, 0xED, 0x0D, 0x1C, 0x70,
    0x31, 0xC0, 0xC7, 0x9B, 0x07, 0xF0, 0x00, 0x00, 0x03, 0x9C, 0x00, 0x51, 0x00, 0x00, 0x00, 0x00,
    0x20, 0x00, 0x1C, 0x00, 0xBF, 0x00, 0xF5, 0xC0, 0x70, 0x30, 0x1C, 0x0D, 0x03, 0xFF, 0x40, 0x19,
    0xF4, 0x00, 0x0F, 0xC0, 0x00, 0x00, 0x00, 0x00, 0x00, 0x00, 0x00, 0x0A, 0x70, 0x00, 0x00, 0x05,
    0x10, 0x08, 0x20, 0x00, 0x00, 0x0D, 0x70, 0x00, 0x00, 0x0E, 0x70, 0x00, 0x00, 0x0A, 0x70, 0x00,
    0x00, 0x0E, 0x3D, 0x00, 0x00, 0x7C, 0x0F, 0xFF, 0xFF, 0xE0, 0x00, 0x15, 0x50, 0x00, 0x00, 0x00,
    0x00, 0x00, 0x00, 0x00, 0x0A, 0x70, 0x00, 0x00, 0x00, 0x05, 0x10, 0x00, 0x00, 0x20, 0x00, 0x00,
    0x00, 0x00, 0x70, 0x00, 0x00, 0x00, 0x00, 0x70, 0x00, 0x00, 0x02, 0x00, 0x70, 0x00, 0x00, 0x2F,
    0x00, 0x3D, 0x00, 0x06, 0xFB, 0x90, 0x0F, 0xFF, 0xFF, 0x41, 0xFC, 0x00, 0x15, 0x40, 0x00, 0x00,
    0x00, 0x29, 0xC5, 0x10, 0x00, 0x08, 0x07, 0x00, 0xD0, 0x28, 0x0A, 0x17, 0x4F, 0x80, 0x00, 0x00,
    0x00, 0x2D, 0xC0, 0x04, 0x80, 0x00, 0x00, 0x02, 0x00, 0x07, 0x00, 0x0B, 0x00, 0x5F, 0x90, 0xF9,
    0xFC, 0x00, 0x00, 0x00, 0x01, 0x80, 0x00, 0x00, 0x01, 0x80, 0x00, 0x00, 0x0A, 0x70, 0x00, 0x00,
    0x05, 0x10, 0x08, 0x20, 0x00, 0x00, 0x0D, 0x70, 0x00, 0x00, 0x0E, 0x70, 0x00, 0x00, 0x0A, 0x70,
    0x00, 0x00, 0x0E, 0x3D, 0x00, 0x00, 0x7C, 0x0F, 0xFF, 0xFF, 0xE0, 0x00, 0x15, 0x50, 0x00, 0x00,
    0x01, 0x80, 0x00, 0x00, 0x00, 0x01, 0x80, 0x00, 0x00, 0x00, 0x0A, 0x70, 0x00, 0x00, 0x00, 0x05,
    0x10, 0x00, 0x00, 0x20, 0x00, 0x00, 0x00, 0x00, 0x70, 0x00, 0x00, 0x00, 0x00, 0x70, 0x00, 0x00,
    0x02, 0x00, 0x70, 0x00, 0x00, 0x2F, 0x00, 0x3D, 0x00, 0x06, 0xFB, 0x90, 0x0F, 0xFF, 0xFF, 0x41,
    0xFC, 0x00, 0x15, 0x40, 0x00, 0x00, 0x18, 0x06, 0x0A, 0x71, 0x44, 0x00, 0x02, 0x01, 0xC0, 0x34,
    0x0A, 0x02, 0x85, 0xD3, 0xE0, 0x00, 0x00, 0x07, 0x00, 0x06, 0x00, 0x2D, 0xC0, 0x04, 0x80, 0x00,
    0x00, 0x02, 0x00, 0x07, 0x00, 0x0B, 0x00, 0x5F, 0x90, 0xF9, 0xFC, 0x00, 0x00, 0x7F, 0x90, 0x02,
    0x6F, 0xE9, 0x00, 0x2F, 0xD0, 0x1F, 0x40, 0x0B, 0x40, 0x02, 0xC0, 0x00, 0x70, 0x00, 0x0B, 0x02,
    0x40, 0xE0, 0x24, 0x0E, 0x00, 0x00, 0xB0, 0x00, 0x03, 0xD0, 0x01, 0x0F, 0xFF, 0xF0, 0x06, 0x90,
    0x7F, 0x90, 0x00, 0x26, 0xFE, 0x90, 0x00, 0x2F, 0xD0, 0x01, 0xFB, 0x00, 0x0B, 0x43, 0x00, 0x2C,
    0x03, 0xD4, 0x70, 0x00, 0xBE, 0xB0, 0x24, 0x00, 0xE0, 0x24, 0x00, 0xE0, 0x00, 0x00, 0xB0, 0x00,
    0x00, 0x3D, 0x00, 0x10, 0x0F, 0xFF, 0xF0, 0x00, 0x69, 0x00, 0x2F, 0x80, 0x01, 0xAB, 0x80, 0x00,
    0x0F, 0xC0, 0x02, 0xE4, 0x5B, 0xE0, 0x0F, 0xE0, 0x00, 0x00, 0x00, 0x00, 0x04, 0x00, 0x00, 0xD0,
    0x00, 0x00, 0x00, 0x2F, 0x80, 0x00, 0x1A, 0xB8, 0x00, 0x00, 0x0F, 0xC0, 0x00, 0x2F, 0x80, 0x5B,
    0xE2, 0xD4, 0xFE, 0x00, 0xBD, 0x00, 0x00, 0x00, 0x00, 0x40, 0x00, 0x01, 0xC0, 0x00, 0x00, 0x00,
    0x00, 0x7F, 0x90, 0x02, 0x6F, 0xE9, 0x00, 0x2F, 0xD0, 0x1F, 0x40, 0x0B, 0x40, 0x02, 0xC0, 0x00,
    0x70, 0x00, 0x0B, 0x00, 0x00, 0xE0, 0x00, 0x0E, 0x00, 0x00, 0xB0, 0x00, 0x03, 0xD0, 0x01, 0x0F,
    0xFF, 0xF0, 0x06, 0x90, 0x7F, 0x90, 0x00, 0x26, 0xFE, 0x90, 0x00, 0x2F, 0xD0, 0x01, 0xFB, 0x00,
    0x0B, 0x43, 0x00, 0x2C, 0x03, 0xD4, 0x70, 0x00, 0xBE, 0xB0, 0x00, 0x00, 0xE0, 0x00, 0x00, 0xE0,
    0x00, 0x00, 0xB0, 0x00, 0x00, 0x3D, 0x00, 0x10, 0x0F, 0xFF, 0xF0, 0x00, 0x69, 0x00, 0x2F, 0x80,
    0x01, 0xAB, 0x80, 0x00, 0x0F, 0xC0, 0x02, 0xE4, 0x5B, 0xE0, 0x0F, 0xE0, 0x00, 0x00, 0x00, 0x00,
    0x2F, 0x80, 0x00, 0x1A, 0xB8, 0x00, 0x00, 0x0F, 0xC0, 0x00, 0x2F, 0x80, 0x5B, 0xE2, 0xD4, 0xFE,
    0x00, 0xBD, 0x00, 0x00, 0x00, 0x00, 0x00, 0x00, 0x0B, 0x00, 0x00, 0x10, 0x00, 0x00, 0x00, 0x7F,
    0x90, 0x02, 0x6F, 0xE9, 0x00, 0x2F, 0xD0, 0x1F, 0x40, 0x0B, 0x40, 0x02, 0xC0, 0x00, 0x70, 0x00,
    0x0B, 0x00, 0x00, 0xE0, 0x00, 0x0E, 0x00, 0x00, 0xB0, 0x00, 0x03, 0xD0, 0x01, 0x0F, 0xFF, 0xF0,
    0x06, 0x90, 0x00, 0x00, 0x00, 0x00, 0xB0, 0x00, 0x00, 0x10, 0x00, 0x00, 0x00, 0x00, 0x7F, 0x90,
    0x00, 0x26, 0xFE, 0x90, 0x00, 0x2F, 0xD0, 0x01, 0xFB, 0x00, 0x0B, 0x43, 0x00, 0x2C, 0x03, 0xD4,
    0x70, 0x00, 0xBE, 0xB0, 0x00, 0x00, 0xE0, 0x00, 0x00, 0xE0, 0x00, 0x00, 0xB0, 0x00, 0x00, 0x3D,
    0x00, 0x10, 0x0F, 0xFF, 0xF0, 0x00, 0x69, 0x00, 0x00, 0x00, 0x00, 0xD0, 0x00, 0x04, 0x00, 0x00,
    0x00, 0x00, 0x2F, 0x80, 0x01, 0xAB, 0x80, 0x00, 0x0F, 0xC0, 0x02, 0xE4, 0x5B, 0xE0, 0x0F, 0xE0,
    0x00, 0x00, 0x00, 0x00, 0x00, 0x00, 0x00, 0x0D, 0x00, 0x00, 0x04, 0x00, 0x00, 0x00, 0x00, 0x00,
    0x2F, 0x80, 0x00, 0x1A, 0xB8, 0x00, 0x00, 0x0F, 0xC0, 0x00, 0x2F, 0x80, 0x5B, 0xE2, 0xD4, 0xFE,
    0x00, 0xBD, 0x00, 0x00, 0x00, 0x00, 0x80, 0x00, 0xE0, 0x00, 0x74, 0x00, 0x2C, 0x00, 0x1C, 0x00,
    0x0C, 0x25, 0x7C, 0x2F, 0xF0, 0x00, 0x00, 0x00, 0x80, 0x00, 0x0E, 0x00, 0x00, 0x70, 0x00, 0x03,
    0x80, 0x00, 0x1C, 0x00, 0x00, 0xD0, 0x25, 0x7F, 0x42, 0xFF, 0x2E, 0x00, 0x00, 0x00, 0x00, 0x00,
    0x03, 0x40, 0x01, 0x00, 0x00, 0x00, 0x00, 0x80, 0x00, 0xE0, 0x00, 0x74, 0x00, 0x2C, 0x00, 0x1C,
    0x00, 0x0C, 0x25, 0x7C, 0x2F, 0xF0, 0x00, 0x00, 0x00, 0x00, 0x00, 0x34, 0x00, 0x01, 0x00, 0x00,
    0x00, 0x00, 0x00, 0x80, 0x00, 0x0E, 0x00, 0x00, 0x70, 0x00, 0x03, 0x80, 0x00, 0x1C, 0x00, 0x00,
    0xD0, 0x25, 0x7F, 0x42, 0xFF, 0x2E, 0x00, 0x00, 0x00, 0x00, 0x40, 0x03, 0x40, 0x0B, 0x00, 0x1C,
    0x00, 0x70, 0x01, 0xC0, 0x0D, 0x01, 0xE0, 0x3E, 0x00, 0x90, 0x00, 0x00, 0x40, 0x00, 0x34, 0x00,
    0x0B, 0x00, 0x01, 0xC0, 0x00, 0x7D, 0x00, 0x1F, 0xD0, 0x0D, 0x00, 0x1F, 0x00, 0x3E, 0x00, 0x09,
    0x00, 0x00, 0x00, 0x00, 0x0E, 0x00, 0x14, 0x00, 0x00, 0x00, 0x40, 0x03, 0x40, 0x0B, 0x00, 0x1C,
    0x00, 0x70, 0x01, 0xC0, 0x0D, 0x01, 0xE0, 0x3E, 0x00, 0x90, 0x00, 0x00, 0x00, 0x00, 0xD0, 0x00,
    0x10, 0x00, 0x00, 0x00, 0x00, 0x40, 0x00, 0x34, 0x00, 0x0B, 0x00, 0x01, 0xC0, 0x00, 0x7D, 0x00,
    0x1F, 0xD0, 0x0D, 0x00, 0x1F, 0x00, 0x3E, 0x00, 0x09, 0x00, 0x00, 0x00, 0x00, 0x00, 0x00, 0x14,
    0x00, 0x00, 0x00, 0x00, 0x2C, 0x00, 0x00, 0x20, 0x08, 0x1C, 0x00, 0x00, 0x70, 0x1C, 0x0D, 0x30,
    0x00, 0x34, 0x2C, 0x0D, 0x70, 0x00, 0x3D, 0x7D, 0x6C, 0x70, 0x00, 0x3F, 0xEB, 0xF4, 0x70, 0x00,
    0x34, 0x00, 0x00, 0x38, 0x00, 0xB0, 0x00, 0x00, 0x1F, 0xAB, 0xD0, 0x00, 0x00, 0x02, 0xFE, 0x00,
    0x00, 0x00, 0x00, 0x00, 0x00, 0x00, 0x08, 0x00, 0x00, 0x02, 0x00, 0x80, 0xC0, 0x00, 0x00, 0x70,
    0x1C, 0x0C, 0x03, 0x00, 0x03, 0x42, 0xC0, 0xD0, 0x70, 0x00, 0x3D, 0x7D, 0x6F, 0x47, 0x00, 0x03,
    0xFE, 0xBF, 0x2F, 0x70, 0x00, 0x34, 0x00, 0x00, 0x03, 0x80, 0x0B, 0x00, 0x00, 0x00, 0x1F, 0xAB,
    0xD0, 0x00, 0x00, 0x00, 0x2F, 0xE0, 0x00, 0x00, 0x00, 0x00, 0x00, 0x05, 0x00, 0x00, 0x02, 0xC0,
    0x40, 0x20, 0x70, 0x38, 0x1C, 0x0C, 0x0D, 0x0B, 0x03, 0x1B, 0x97, 0xD6, 0xCF, 0x7F, 0xAF, 0xD0,
    0x00, 0x00, 0x00, 0x00, 0x00, 0x02, 0x00, 0x10, 0x08, 0x0C, 0x00, 0xE0, 0x70, 0x30, 0x03, 0x42,
    0xC0, 0xD0, 0x6E, 0x5F, 0x5B, 0xD3, 0xDF, 0xEB, 0xF2, 0xF0, 0x00, 0x00, 0x00, 0x00, 0x00, 0x00,
    0x00, 0x34, 0x00, 0x00, 0x00, 0x00, 0x24, 0x00, 0x00, 0x00, 0x00, 0xDE, 0x00, 0x00, 0x00, 0x00,
    0x44, 0x00, 0x00, 0x00, 0x00, 0x00, 0x14, 0x00, 0x00, 0x00, 0x00, 0x2C, 0x00, 0x00, 0x20, 0x08,
    0x1C, 0x00, 0x00, 0x70, 0x1C, 0x0D, 0x30, 0x00, 0x34, 0x2C, 0x0D, 0x70, 0x00, 0x3D, 0x7D, 0x6C,
    0x70, 0x00, 0x3F, 0xEB, 0xF4, 0x70, 0x00, 0x34, 0x00, 0x00, 0x38, 0x00, 0xB0, 0x00, 0x00, 0x1F,
    0xAB, 0xD0, 0x00, 0x00, 0x02, 0xFE, 0x00, 0x00, 0x00, 0x00, 0x00, 0x00, 0x34, 0x00, 0x00, 0x00,
    0x00, 0x02, 0x40, 0x00, 0x00, 0x00, 0x00, 0xDE, 0x00, 0x00, 0x00, 0x00, 0x04, 0x40, 0x00, 0x00,
    0x00, 0x00, 0x00, 0x00, 0x00, 0x00, 0x00, 0x00, 0x00, 0x80, 0x00, 0x00, 0x20, 0x08, 0x0C, 0x00,
    0x00, 0x07, 0x01, 0xC0, 0xC0, 0x30, 0x00, 0x34, 0x2C, 0x0D, 0x07, 0x00, 0x03, 0xD7, 0xD6, 0xF4,
    0x70, 0x00, 0x3F, 0xEB, 0xF2, 0xF7, 0x00, 0x03, 0x40, 0x00, 0x00, 0x38, 0x00, 0xB0, 0x00, 0x00,
    0x01, 0xFA, 0xBD, 0x00, 0x00, 0x00, 0x02, 0xFE, 0x00, 0x00, 0x00, 0x00, 0x00, 0x07, 0x00, 0x00,
    0x01, 0x80, 0x00, 0x02, 0x9C, 0x00, 0x00, 0x51, 0x00, 0x00, 0x00, 0x05, 0x00, 0x00, 0x02, 0xC0,
    0x40, 0x20, 0x70, 0x38, 0x1C, 0x0C, 0x0D, 0x0B, 0x03, 0x1B, 0x97, 0xD6, 0xCF, 0x7F, 0xAF, 0xD0,
    0x00, 0x00, 0x00, 0x00, 0x07, 0x00, 0x00, 0x00, 0x18, 0x00, 0x00, 0x02, 0x9C, 0x00, 0x00, 0x05,
    0x10, 0x00, 0x00, 0x00, 0x00, 0x00, 0x00, 0x00, 0x08, 0x00, 0x40, 0x20, 0x30, 0x03, 0x81, 0xC0,
    0xC0, 0x0D, 0x0B, 0x03, 0x41, 0xB9, 0x7D, 0x6F, 0x4F, 0x7F, 0xAF, 0xCB, 0xC0, 0x00, 0x00, 0x00,
    0x00, 0x00, 0x00, 0x00, 0x00, 0x00, 0x00, 0x00, 0x00, 0x1F, 0xF0, 0x00, 0x00, 0x20, 0x0B, 0x83,
    0xC0, 0x00, 0x07, 0x03, 0xC0, 0x1C, 0x30, 0x00, 0x34, 0xB0, 0x02, 0xC7, 0x00, 0x03, 0xED, 0x01,
    0xB4, 0x70, 0x00, 0x3F, 0xFF, 0xF8, 0x07, 0x00, 0x03, 0x40, 0x00, 0x00, 0x38, 0x00, 0xB0, 0x00,
    0x00, 0x01, 0xFA, 0xBD, 0x00, 0x00, 0x00, 0x02, 0xFE, 0x00, 0x00, 0x00, 0x00, 0x00, 0x00, 0x00,
    0x00, 0x00, 0x00, 0x00, 0x00, 0x00, 0x01, 0xFF, 0x00, 0x00, 0x00, 0x20, 0x0B, 0x83, 0xC0, 0x00,
    0x00, 0x70, 0x3C, 0x01, 0xC0, 0x30, 0x00, 0x34, 0xB0, 0x02, 0xC0, 0x70, 0x00, 0x3E, 0xD0, 0x1B,
    0xD4, 0x70, 0x00, 0x3F, 0xFF, 0xF9, 0xFD, 0x70, 0x00, 0x34, 0x00, 0x00, 0x00, 0x38, 0x00, 0xB0,
    0x00, 0x00, 0x00, 0x1F, 0xAB, 0xD0, 0x00, 0x00, 0x00, 0x02, 0xFE, 0x00, 0x00, 0x00, 0x00, 0x00,
    0x00, 0x00, 0x00, 0x00, 0x00, 0xBF, 0x40, 0x50, 0x1E, 0x5B, 0x02, 0x81, 0xD0, 0x0D, 0x0D, 0x1D,
    0x00, 0x31, 0xBD, 0xE0, 0x07, 0x8F, 0x2F, 0xFF, 0xF4, 0x00, 0x01, 0x50, 0x00, 0x00, 0x00, 0x00,
    0x00, 0x00, 0x00, 0x0B, 0xF4, 0x00, 0x50, 0x1E, 0x5B, 0x00, 0x28, 0x1D, 0x00, 0xD0, 0x0D, 0x1D,
    0x00, 0x30, 0x1B, 0xDE, 0x00, 0x7D, 0x4F, 0x2F, 0xFF, 0xFA, 0xF8, 0x00, 0x15, 0x00, 0x00, 0x00,
    0x00, 0x00, 0x00, 0x00, 0x00, 0x00, 0x00, 0x00, 0x03, 0x40, 0x00, 0x00, 0x00, 0x00, 0x10, 0x00,
    0x00, 0x00, 0x00, 0x00, 0x00, 0x00, 0x00, 0x00, 0x00, 0x00, 0x00, 0x00, 0x00, 0x00, 0x1F, 0xF0,
    0x00, 0x00, 0x20, 0x0B, 0x83, 0xC0, 0x00, 0x07, 0x03, 0xC0, 0x1C, 0x30, 0x00, 0x34, 0xB0, 0x02,
    0xC7, 0x00, 0x03, 0xED, 0x01, 0xB4, 0x70, 0x00, 0x3F, 0xFF, 0xF8, 0x07, 0x00, 0x03, 0x40, 0x00,
    0x00, 0x38, 0x00, 0xB0, 0x00, 0x00, 0x01, 0xFA, 0xBD, 0x00, 0x00, 0x00, 0x02, 0xFE, 0x00, 0x00,
    0x00, 0x00, 0x00, 0x00, 0x00, 0x00, 0x00, 0x00, 0x00, 0x00, 0x00, 0x00, 0x34, 0x00, 0x00, 0x00,
    0x00, 0x00, 0x10, 0x00, 0x00, 0x00, 0x00, 0x00, 0x00, 0x00, 0x00, 0x00, 0x00, 0x00, 0x00, 0x00,
    0x00, 0x00, 0x00, 0x01, 0xFF, 0x00, 0x00, 0x00, 0x20, 0x0B, 0x83, 0xC0, 0x00, 0x00, 0x70, 0x3C,
    0x01, 0xC0, 0x30, 0x00, 0x34, 0xB0, 0x02, 0xC0, 0x70, 0x00, 0x3E, 0xD0, 0x1B, 0xD4, 0x70, 0x00,
    0x3F, 0xFF, 0xF9, 0xFD, 0x70, 0x00, 0x34, 0x00, 0x00, 0x00, 0x38, 0x00, 0xB0, 0x00, 0x00, 0x00,
    0x1F, 0xAB, 0xD0, 0x00, 0x00, 0x00, 0x02, 0xFE, 0x00, 0x00, 0x00, 0x00, 0x00, 0x00, 0x00, 0x00,
    0x00, 0x00, 0x38, 0x00, 0x00, 0x00, 0x40, 0x00, 0x00, 0x00, 0x00, 0x00, 0x00, 0x2F, 0xD0, 0x14,
    0x07, 0x96, 0xC0, 0xA0, 0x74, 0x03, 0x43, 0x47, 0x40, 0x0C, 0x6F, 0x78, 0x01, 0xE3, 0xCB, 0xFF,
    0xFD, 0x00, 0x00, 0x54, 0x00, 0x00, 0x00, 0x00, 0x00, 0x00, 0x00, 0x00, 0x03, 0x80, 0x00, 0x00,
    0x00, 0x40, 0x00, 0x00, 0x00, 0x00, 0x00, 0x00, 0x00, 0x2F, 0xD0, 0x01, 0x40, 0x79, 0x6C, 0x00,
    0xA0, 0x74, 0x03, 0x40, 0x34, 0x74, 0x00, 0xC0, 0x6F, 0x78, 0x01, 0xF5, 0x3C, 0xBF, 0xFF, 0xEB,
    0xE0, 0x00, 0x54, 0x00, 0x00, 0x02, 0x80, 0x00, 0x00, 0xA0, 0x00, 0x00, 0x28, 0x00, 0x00, 0x0A,
    0x00, 0x00, 0x02, 0x80, 0x00, 0x00, 0xB0, 0x00, 0x00, 0x2C, 0x3F, 0xD0, 0x0B, 0x79, 0x2C, 0x02,
    0xF4, 0x03, 0x40, 0xB4, 0x00, 0xC1, 0x78, 0x06, 0xE2, 0xFF, 0xFF, 0xD0, 0x00, 0x00, 0x00, 0x00,
    0x02, 0x80, 0x00, 0x00, 0x0A, 0x00, 0x00, 0x00, 0x28, 0x00, 0x00, 0x00, 0xA0, 0x00, 0x00, 0x02,
    0x80, 0x00, 0x00, 0x0B, 0x00, 0x00, 0x00, 0x2C, 0x3F, 0xD0, 0x00, 0xB7, 0x92, 0xC0, 0x02, 0xF4,
    0x03, 0x40, 0x0B, 0x40, 0x0C, 0x01, 0x78, 0x06, 0xF5, 0x2F, 0xFF, 0xFD, 0xBE, 0x00, 0x00, 0x00,
    0x00, 0x28, 0x00, 0x00, 0xA0, 0x00, 0x02, 0x80, 0x00, 0x0A, 0x00, 0x00, 0x2C, 0x00, 0x00, 0xB0,
    0x00, 0x02, 0xC2, 0xFE, 0x0B, 0x7D, 0x2D, 0x1F, 0x80, 0x38, 0x78, 0x00, 0xD3, 0xD5, 0x6E, 0x3F,
    0xFF, 0x90, 0x00, 0x00, 0x00, 0x28, 0x00, 0x00, 0x0A, 0x00, 0x00, 0x02, 0x80, 0x00, 0x00, 0xA0,
    0x00, 0x00, 0x2C, 0x00, 0x00, 0x0B, 0x00, 0x00, 0x02, 0xC2, 0xFE, 0x00, 0xB7, 0xD2, 0xD0, 0x1F,
    0x80, 0x38, 0x07, 0x80, 0x0D, 0x03, 0xD5, 0x6F, 0x53, 0xFF, 0xF9, 0xBE, 0x00, 0x00, 0x00, 0x00,
    0x02, 0x80, 0x00, 0x00, 0xA0, 0x00, 0x00, 0x28, 0x07, 0x00, 0x0A, 0x00, 0x40, 0x02, 0x80, 0x00,
    0x00, 0xB0, 0x00, 0x00, 0x2C, 0x3F, 0xD0, 0x0B, 0x79, 0x2C, 0x02, 0xF4, 0x03, 0x40, 0xB4, 0x00,
    0xC1, 0x78, 0x06, 0xE2, 0xFF, 0xFF, 0xD0, 0x00, 0x00, 0x00, 0x00, 0x02, 0x80, 0x00, 0x00, 0x0A,
    0x00, 0x00, 0x00, 0x28, 0x0D, 0x00, 0x00, 0xA0, 0x10, 0x00, 0x02, 0x80, 0x00, 0x00, 0x0B, 0x00,
    0x00, 0x00, 0x2C, 0x3F, 0xD0, 0x00, 0xB7, 0x92, 0xC0, 0x02, 0xF4, 0x03, 0x40, 0x0B, 0x40, 0x0C,
    0x01, 0x78, 0x06, 0xF5, 0x2F, 0xFF, 0xFD, 0xBE, 0x00, 0x00, 0x00, 0x00, 0x28, 0x00, 0x00, 0xA0,
    0x00, 0x02, 0x80, 0x00, 0x0A, 0x03, 0x40, 0x2C, 0x04, 0x00, 0xB0, 0x00, 0x02, 0xC2, 0xFE, 0x0B,
    0x7D, 0x2D, 0x1F, 0x80, 0x38, 0x78, 0x00, 0xD3, 0xD5, 0x6E, 0x3F, 0xFF, 0x90, 0x00, 0x00, 0x00,
    0x28, 0x00, 0x00, 0x0A, 0x00, 0x00, 0x02, 0x80, 0x00, 0x00, 0xA0, 0x34, 0x00, 0x2C, 0x04, 0x00,
    0x0B, 0x00, 0x00, 0x02, 0xC2, 0xFE, 0x00, 0xB7, 0xD2, 0xD0, 0x1F, 0x80, 0x38, 0x07, 0x80, 0x0D,
    0x03, 0xD5, 0x6F, 0x53, 0xFF, 0xF9, 0xBE, 0x00, 0x00, 0x00, 0x00, 0x01, 0x40, 0x01, 0xFE, 0x00,
    0x38, 0x00, 0x07, 0x00, 0x00, 0x70, 0x00, 0x03, 0xEB, 0xC0, 0x0F, 0xD0, 0x01, 0xD0, 0x00, 0x34,
    0x00, 0x0B, 0x00, 0x00, 0xE0, 0x00, 0x0E, 0x00, 0x00, 0xB0, 0x00, 0x03, 0xC0, 0x00, 0x0F, 0xFF,
    0xD0, 0x16, 0x90, 0x02, 0xF4, 0x01, 0xEA, 0xC0, 0x38, 0x0D, 0x01, 0xE1, 0xC0, 0x03, 0xF4, 0x00,
    0x3F, 0x94, 0x1E, 0x2F, 0xE3, 0x80, 0x00, 0xB0, 0x00, 0x0E, 0x00, 0x00, 0xE0, 0x00, 0x0B, 0x40,
    0x04, 0x2F, 0xFF, 0xC0, 0x1A, 0x40, 0x00, 0x40, 0x0B, 0xF4, 0x1D, 0x00, 0x28, 0x00, 0x2C, 0x00,
    0x0E, 0x05, 0x1B, 0xFE, 0xFF, 0x90, 0x00, 0x00, 0x06, 0xF4, 0x02, 0xEA, 0xC0, 0x34, 0x0D, 0x01,
    0xD1, 0xC0, 0x07, 0xB4, 0x05, 0xBF, 0x94, 0xFD, 0x2F, 0xD0, 0x00, 0x00, 0x00, 0x00, 0x00, 0x28,
    0x00, 0x01, 0x40, 0x00, 0x00, 0x00, 0x01, 0x40, 0x01, 0xFE, 0x00, 0x38, 0x00, 0x07, 0x00, 0x00,
    0x70, 0x00, 0x03, 0xEB, 0xC0, 0x0F, 0xD0, 0x01, 0xD0, 0x00, 0x34, 0x00, 0x0B, 0x00, 0x00, 0xE0,
    0x00, 0x0E, 0x00, 0x00, 0xB0, 0x00, 0x03, 0xC0, 0x00, 0x0F, 0xFF, 0xD0, 0x16, 0x90, 0x00, 0x00,
    0x00, 0x0E, 0x00, 0x00, 0x50, 0x00, 0x00, 0x00, 0x02, 0xF4, 0x01, 0xEA, 0xC0, 0x38, 0x0D, 0x01,
    0xE1, 0xC0, 0x03, 0xF4, 0x00, 0x3F, 0x94, 0x1E, 0x2F, 0xE3, 0x80, 0x00, 0xB0, 0x00, 0x0E, 0x00,
    0x00, 0xE0, 0x00, 0x0B, 0x40, 0x04, 0x2F, 0xFF, 0xC0, 0x1A, 0x40, 0x00, 0x00, 0x01, 0xC0, 0x00,
    0x40, 0x00, 0x00, 0x00, 0x40, 0x0B, 0xF4, 0x1D, 0x00, 0x28, 0x00, 0x2C, 0x00, 0x0E, 0x05, 0x1B,
    0xFE, 0xFF, 0x90, 0x00, 0x00, 0x00, 0x00, 0x00, 0x0D, 0x00, 0x00, 0x40, 0x00, 0x00, 0x00, 0x06,
    0xF4, 0x02, 0xEA, 0xC0, 0x34, 0x0D, 0x01, 0xD1, 0xC0, 0x07, 0xB4, 0x05, 0xBF, 0x94, 0xFD, 0x2F,
    0xD0, 0x00, 0x00, 0x00, 0x00, 0x00, 0x00, 0x00, 0x00, 0x00, 0xD0, 0x00, 0x00, 0x00, 0x40, 0x00,
    0x00, 0x00, 0x00, 0x00, 0x00, 0x00, 0x50, 0x00, 0x00, 0x02, 0xF8, 0x00, 0x00, 0x07, 0x1C, 0x20,
    0x00, 0x0A, 0x0E, 0x70, 0x00, 0x0E, 0x0A, 0x70, 0x00, 0x07, 0xFE, 0x70, 0x00, 0x00, 0x5D, 0x3D,
    0x00, 0x00, 0x1C, 0x0F, 0xFF, 0xFF, 0xF4, 0x00, 0x15, 0x54, 0x00, 0x00, 0x00, 0x00, 0x00, 0x00,
    0x00, 0x00, 0x00, 0x2C, 0x00, 0x00, 0x00, 0x00, 0x04, 0x00, 0x00, 0x00, 0x00, 0x00, 0x00, 0x00,
    0x00, 0x00, 0x3E, 0x00, 0x20, 0x00, 0x00, 0xFB, 0x80, 0x70, 0x00, 0x01, 0xC2, 0xC0, 0x70, 0x00,
    0x02, 0xC1, 0xC0, 0x70, 0x00, 0x01, 0xD3, 0x80, 0x3D, 0x00, 0x00, 0xFF, 0x54, 0x0F, 0xFF, 0xFF,
    0xFB, 0xFC, 0x00, 0x15, 0x50, 0x00, 0x00, 0x00, 0x00, 0x0D, 0x00, 0x10, 0x00, 0x00, 0x01, 0x40,
    0x2F, 0x81, 0xC7, 0x4A, 0x0E, 0x28, 0x28, 0x7F, 0xE0, 0x17, 0x45, 0x7C, 0xFF, 0x80, 0x00, 0x00,
    0x00, 0x00, 0x00, 0x2C, 0x00, 0x01, 0x40, 0x00, 0x00, 0x00, 0x03, 0xE0, 0x00, 0xEB, 0x80, 0x2C,
    0x2C, 0x02, 0xC1, 0xC0, 0x1C, 0x38, 0x01, 0xFF, 0x50, 0xFE, 0xBF, 0xC0, 0x00, 0x00, 0x00, 0x00,
    0x00, 0x00, 0x00, 0xA7, 0x00, 0x00, 0x14, 0x40, 0x00, 0x00, 0x00, 0x00, 0x00, 0xB8, 0x00, 0x00,
    0xB7, 0x80, 0x00, 0x30, 0x70, 0xD0, 0x1C, 0x0C, 0x30, 0x03, 0xAB, 0x1C, 0x00, 0x6F, 0xC7, 0x00,
    0x00, 0xB1, 0xD0, 0x00, 0x74, 0x2E, 0x55, 0xF8, 0x02, 0xFF, 0xE4, 0x00, 0x00, 0x00, 0x00, 0x00,
    0x00, 0x00, 0x00, 0x00, 0x07, 0x34, 0x00, 0x00, 0x04, 0x40, 0x00, 0x00, 0x00, 0x00, 0x00, 0x00,
    0x50, 0x00, 0x00, 0x07, 0xF4, 0x00, 0x00, 0x34, 0xB0, 0x04, 0x01, 0xC1, 0xC0, 0x34, 0x03, 0x97,
    0x51, 0xC0, 0x0B, 0xFF, 0xC7, 0x00, 0x00, 0x70, 0x1C, 0x00, 0x03, 0x80, 0x3D, 0x00, 0x7C, 0x00,
    0x3F, 0xFF, 0x80, 0x00, 0x16, 0x50, 0x00, 0x00, 0x00, 0x00, 0x37, 0x80, 0x44, 0x00, 0x00, 0x01,
    0x40, 0x2F, 0x81, 0xC7, 0x4A, 0x0E, 0x28, 0x28, 0x7F, 0xE0, 0x17, 0x45, 0x7C, 0xFF, 0x80, 0x00,
    0x00, 0x00, 0x00, 0x00, 0xA7, 0x00, 0x05, 0x10, 0x00, 0x00, 0x00, 0x03, 0xE0, 0x00, 0xEB, 0x80,
    0x2C, 0x2C, 0x02, 0xC1, 0xC0, 0x1C, 0x38, 0x01, 0xFF, 0x50, 0xFE, 0xBF, 0xC0, 0x00, 0x00, 0x00,
    0x00, 0x00, 0xD0, 0x00, 0x00, 0x0D, 0x00, 0x00, 0x00, 0xD0, 0x00, 0x18, 0x0D, 0x00, 0x07, 0x00,
    0xE0, 0x00, 0x70, 0x0E, 0x20, 0x02, 0x80, 0xE7, 0x00, 0xB4, 0x0A, 0x70, 0x04, 0x00, 0xA7, 0x00,
    0x00, 0x0E, 0x3D, 0x00, 0x06, 0xD0, 0xFF, 0xFF, 0xF4, 0x00, 0x15, 0x40, 0x00, 0x00, 0x00, 0x00,
    0xD0, 0x00, 0x00, 0x00, 0x34, 0x00, 0x00, 0x00, 0x0D, 0x00, 0x00, 0x06, 0x03, 0x40, 0x00, 0x07,
    0x00, 0xE0, 0x00, 0x01, 0xC0, 0x38, 0x02, 0x00, 0x28, 0x0E, 0x01, 0xC0, 0x2D, 0x02, 0x80, 0x70,
    0x04, 0x00, 0xA0, 0x1C, 0x00, 0x00, 0x3C, 0x03, 0xD0, 0x00, 0x6F, 0x90, 0x3F, 0xFF, 0xFD, 0x7C,
    0x00, 0x15, 0x40, 0x00, 0x00, 0x00, 0x14, 0x01, 0xF8, 0x0F, 0x80, 0x3C, 0x00, 0x70, 0x00, 0x2D,
    0x00, 0x0B, 0x40, 0x02, 0xC0, 0x00, 0xE0, 0x00, 0x70, 0x15, 0xE0, 0xFF, 0x80, 0x00, 0x00, 0x00,
    0x14, 0x00, 0x1F, 0x80, 0x0F, 0x80, 0x03, 0xC0, 0x00, 0x70, 0x00, 0x03, 0xC0, 0x00, 0x0B, 0x00,
    0x00, 0x2C, 0x00, 0x00, 0xE0, 0x00, 0x07, 0x40, 0x15, 0xFE, 0x4F, 0xF8, 0xBC, 0x00, 0x00, 0x00,
    0x00, 0x00, 0x30, 0x00, 0x00, 0xD0, 0x00, 0x03, 0x40, 0x00, 0x0D, 0x00, 0x00, 0x34, 0x00, 0x00,
    0xD0, 0x00, 0x03, 0x40, 0x00, 0x0D, 0x00, 0x00, 0x34, 0xC0, 0x00, 0xE7, 0x00, 0x03, 0x5C, 0x00,
    0x0D, 0x70, 0x00, 0x70, 0xE0, 0x03, 0x82, 0xFA, 0xBC, 0x00, 0xBF, 0x40, 0x00, 0x00, 0x30, 0x00,
    0x00, 0x0D, 0x00, 0x00, 0x03, 0x40, 0x00, 0x00, 0xD0, 0x00, 0x00, 0x34, 0x00, 0x00, 0x0D, 0x00,
    0x00, 0x03, 0x40, 0x00, 0x00, 0xD0, 0x00, 0x00, 0x34, 0x0C, 0x00, 0x0E, 0x07, 0x00, 0x03, 0xD1,
    0xC0, 0x00, 0xFF, 0x70, 0x00, 0x34, 0x0E, 0x00, 0x3C, 0x01, 0xFA, 0xBC, 0x00, 0x0B, 0xE4, 0x00,
    0x1C, 0x1C, 0x1C, 0x0C, 0x0C, 0x0C, 0x0C, 0x0D, 0x0D, 0x0D, 0x6C, 0xF4, 0x00, 0x1C, 0x01, 0xC0,
    0x1C, 0x00, 0xC0, 0x0C, 0x00, 0xC0, 0x0D, 0x00, 0xD0, 0x0D, 0x00, 0xD0, 0x6F, 0x4F, 0x6E, 0x00,
    0x00, 0x00, 0x40, 0x0B, 0xF4, 0x2C, 0x2C, 0x14, 0x0D, 0x01, 0x4D, 0x2F, 0xFC, 0x74, 0x04, 0xB0,
    0x00, 0xA0, 0x00, 0xB0, 0x00, 0x70, 0x00, 0x30, 0x00, 0x34, 0x00, 0x10, 0x00, 0x00, 0x00, 0x00,
    0x07, 0xE0, 0x00, 0xBA, 0xC0, 0x07, 0x43, 0x80, 0x3E, 0x07, 0x02, 0xDE, 0x1E, 0x4E, 0x1F, 0xEF,
    0x38, 0x04, 0x00, 0xA0, 0x00, 0x02, 0xC0, 0x00, 0x07, 0x00, 0x00, 0x0C, 0x00, 0x00, 0x34, 0x00,
    0x00, 0x40, 0x00, 0x00, 0x01, 0xF4, 0x03, 0xAC, 0x0A, 0x0A, 0x0C, 0x06, 0x7F, 0x5E, 0xE2, 0xF8,
    0x00, 0x00, 0x00, 0x00, 0x00, 0x07, 0xD0, 0x00, 0x7A, 0xC0, 0x03, 0x83, 0x80, 0x1E, 0x07, 0x01,
    0xFE, 0x1F, 0x4E, 0x1F, 0xEF, 0x40, 0x04, 0x00, 0x00, 0x00, 0x00, 0x00, 0xC0, 0x00, 0x01, 0x00,
    0x00, 0x00, 0x00, 0x00, 0x00, 0xA0, 0x00, 0x01, 0xC3, 0x00, 0x03, 0x5C, 0x00, 0x0E, 0x70, 0x00,
    0x39, 0xC0, 0x00, 0xD3, 0x80, 0x0B, 0x0B, 0xEA, 0xF0, 0x02, 0xF9, 0x00, 0x00, 0x00, 0x00, 0x00,
    0x0C, 0x00, 0x00, 0x01, 0x00, 0x00, 0x00, 0x00, 0x00, 0x00, 0x00, 0x20, 0x00, 0x00, 0x1C, 0x03,
    0x00, 0x03, 0x41, 0xC0, 0x00, 0xF4, 0x70, 0x00, 0x3F, 0xDC, 0x00, 0x0D, 0x03, 0x40, 0x0B, 0x00,
    0xBE, 0xAF, 0x40, 0x06, 0xFE, 0x00, 0x00, 0x00, 0x2C, 0x04, 0x00, 0x08, 0x1C, 0x0D, 0x0A, 0x0A,
    0x5D, 0xF8, 0x00, 0x00, 0x00, 0x34, 0x00, 0x40, 0x00, 0x00, 0x05, 0x00, 0x28, 0x00, 0xE0, 0x1B,
    0xD4, 0xF6, 0xF4, 0x00, 0x00, 0x05, 0x00, 0x2E, 0x00, 0xED, 0x0D, 0x1C, 0x70, 0x31, 0xC0, 0xC7,
    0x9B, 0x07, 0xF0, 0x00, 0x20, 0x00, 0x1C, 0x00, 0xBF, 0x00, 0xF5, 0xC0, 0x70, 0x30, 0x1C, 0x0D,
    0x03, 0xFF, 0x40, 0x19, 0xF4, 0x00, 0x0F, 0xC0, 0x00, 0x00, 0x00, 0x00, 0x01, 0xD0, 0x00, 0x7E,
    0x00, 0x7A, 0xE0, 0x28, 0x3E, 0x0A, 0x0D, 0xD1, 0xDB, 0x29, 0x7F, 0x4E, 0xF9, 0xFF, 0x40, 0x00,
    0x00, 0x01, 0xF0, 0x00, 0x7B, 0x80, 0x0E, 0x2C, 0x00, 0xC2, 0xC0, 0x1C, 0x34, 0x02, 0xEF, 0x94,
    0xFE, 0xBF, 0xC2, 0xC0, 0xD0, 0x0D, 0x0A, 0x00, 0xBF, 0xD0, 0x01, 0xA4, 0x00, 0x02, 0x80, 0x3F,
    0x82, 0x83, 0x0D, 0x0D, 0x38, 0x38, 0x7F, 0xD0, 0x07, 0x00, 0x78, 0x2F, 0x80, 0xE0, 0x00, 0x02,
    0x80, 0x03, 0xFC, 0x02, 0x83, 0x40, 0xD0, 0xD0, 0x3D, 0x79, 0x07, 0xFF, 0xE0, 0x07, 0x00, 0x07,
    0x80, 0x2F, 0x80, 0x0E, 0x00, 0x00, 0x00, 0x00, 0x7F, 0x00, 0x00, 0xB9, 0x80, 0x00, 0x74, 0x00,
    0x00, 0x2C, 0x00, 0x30, 0x07, 0x80, 0x1C, 0x00, 0x7E, 0x07, 0x00, 0x01, 0xE1, 0xC0, 0x00, 0x38,
    0x38, 0x00, 0x2C, 0x0B, 0xEA, 0xBC, 0x00, 0x2F, 0xE4, 0x00, 0x30, 0x00, 0x40, 0x07, 0x00, 0x0F,
    0x90, 0x70, 0x00, 0x1F, 0xC7, 0x00, 0x00, 0xA0, 0x38, 0x00, 0x1D, 0x01, 0xFA, 0xAF, 0x80, 0x02,
    0xFE, 0x40, 0x00, 0x00, 0x00, 0x7F, 0x00, 0x00, 0xB9, 0x80, 0x00, 0x74, 0x00, 0x00, 0x2C, 0x00,
    0x30, 0x07, 0x80, 0x1C, 0x00, 0x7E, 0x07, 0x00, 0x01, 0xE1, 0xC0, 0x00, 0x38, 0x38, 0x00, 0x2C,
    0x0B, 0xEA, 0xBC, 0x00, 0x2F, 0xE4, 0x00, 0x00, 0x00, 0x00, 0x00, 0x41, 0x00, 0x00, 0x3A, 0xC0,
    0x00, 0x00, 0x00, 0x00, 0x30, 0x00, 0x40, 0x07, 0x00, 0x0F, 0x90, 0x70, 0x00, 0x1F, 0xC7, 0x00,
    0x00, 0xA0, 0x38, 0x00, 0x1D, 0x01, 0xFA, 0xAF, 0x80, 0x02, 0xFE, 0x40, 0x00, 0x00, 0x00, 0x00,
    0x00, 0x44, 0x00, 0x00, 0x1C, 0xD0, 0x00, 0x00, 0x00, 0x00, 0x00, 0x01, 0x00, 0xE0, 0x2C, 0x07,
    0x01, 0xC1, 0xE3, 0xE0, 0x00, 0x10, 0x4E, 0xB0, 0x00, 0x02, 0x00, 0x07, 0x00, 0x0B, 0x00, 0x5F,
    0x90, 0xF9, 0xFC, 0x00, 0x00, 0x10, 0x40, 0x3A, 0xC0, 0x00, 0x00, 0x19, 0x10, 0x00, 0x9B, 0x82,
    0x80, 0x00, 0x0B, 0x00, 0x40, 0x1C, 0x03, 0xC0, 0x70, 0x02, 0xD2, 0xC0, 0x01, 0xEE, 0x00, 0x01,
    0xF4, 0x00, 0x03, 0xE0, 0x00, 0x2D, 0xD0, 0x02, 0xD2, 0x80, 0x3E, 0x5D, 0x00, 0xFF, 0xE0, 0x28,
    0x00, 0x00, 0x57, 0xD2, 0x80, 0x00, 0x02, 0xC0, 0x00, 0x02, 0xC0, 0x0D, 0x02, 0xC0, 0x07, 0x42,
    0xC0, 0x01, 0xD1, 0xC0, 0x00, 0x71, 0xC0, 0x00, 0x2E, 0xC0, 0x00, 0x0F, 0xC0, 0x00, 0x0B, 0xC0,
    0x05, 0x6D, 0xE4, 0x0F, 0xF4, 0x7E, 0x00, 0x00, 0x00, 0x08, 0x00, 0x03, 0x40, 0x00, 0x30, 0x00,
    0x03, 0xE0, 0x28, 0x00, 0x02, 0xC0, 0x40, 0x1C, 0x0F, 0x01, 0xC0, 0x2D, 0x2C, 0x00, 0x7B, 0x80,
    0x01, 0xF4, 0x00, 0x0F, 0x80, 0x02, 0xDD, 0x00, 0xB4, 0xA0, 0x3E, 0x5D, 0x03, 0xFF, 0x80, 0x14,
    0x00, 0x02, 0x80, 0x00, 0x09, 0x00, 0x00, 0x1F, 0x42, 0x80, 0x00, 0x0B, 0x00, 0x00, 0x2C, 0x03,
    0x40, 0xB0, 0x07, 0x42, 0xC0, 0x07, 0x47, 0x00, 0x07, 0x1C, 0x00, 0x0B, 0xB0, 0x00, 0x0F, 0xC0,
    0x00, 0x2F, 0x00, 0x56, 0xDE, 0x43, 0xFD, 0x1F, 0x80, 0x00, 0x00, 0x00, 0x0A, 0x00, 0x02, 0xC1,
    0x00, 0x70, 0xF0, 0x1C, 0x0B, 0x4B, 0x00, 0x7B, 0x80, 0x07, 0xD0, 0x00, 0xF8, 0x00, 0xB7, 0x40,
    0xB4, 0xA0, 0xF9, 0x74, 0x3F, 0xF8, 0x00, 0x00, 0x01, 0x40, 0x02, 0x90, 0x00, 0xA0, 0x00, 0x1F,
    0x40, 0x00, 0x00, 0x00, 0x00, 0x0A, 0x00, 0x00, 0x2C, 0x00, 0x00, 0xB0, 0x0D, 0x02, 0xC0, 0x1D,
    0x0B, 0x00, 0x1D, 0x1C, 0x00, 0x1C, 0x70, 0x00, 0x2E, 0xC0, 0x00, 0x3F, 0x00, 0x00, 0xBC, 0x01,
    0x5B, 0x79, 0x0F, 0xF4, 0x7E, 0x00, 0x00, 0x00, 0x05, 0x00, 0x00, 0x64, 0x00, 0x01, 0x80, 0x00,
    0x07, 0xD0, 0x00, 0x00, 0x00, 0x00, 0x00, 0x0A, 0x00, 0x02, 0xC1, 0x00, 0x70, 0xF0, 0x1C, 0x0B,
    0x4B, 0x00, 0x7B, 0x80, 0x07, 0xD0, 0x00, 0xF8, 0x00, 0xB7, 0x40, 0xB4, 0xA0, 0xF9, 0x74, 0x3F,
    0xF8, 0x00, 0x0A, 0x00, 0x00, 0x2C, 0x00, 0x00, 0xB0, 0x0D, 0x02, 0xC0, 0x1D, 0x0B, 0x00, 0x1D,
    0x1C, 0x00, 0x1C, 0x70, 0x00, 0x2E, 0xC0, 0x00, 0x3F, 0x00, 0x00, 0xBC, 0x01, 0x5B, 0x79, 0x0F,
    0xF4, 0x7E, 0x00, 0x00, 0x00, 0x00, 0x00, 0x40, 0x00, 0x00, 0x03, 0xD0, 0x00, 0x00, 0x0F, 0xF4,
    0x00, 0x00, 0x3E, 0xAD, 0x00, 0x00, 0xF0, 0x07, 0x40, 0x03, 0xF6, 0xC3, 0xE0, 0x0F, 0xFF, 0xC3,
    0xF8, 0x3F, 0xFF, 0x47, 0xFE, 0x2F, 0xFD, 0x2F, 0xFD, 0x0B, 0xFC, 0x3F, 0xF4, 0x02, 0xFF, 0xFF,
    0xD0, 0x00, 0xBD, 0x3F, 0x40, 0x00, 0x2C, 0x3D, 0x00, 0x00, 0x0B, 0xF4, 0x00, 0x00, 0x02, 0xD0,
    0x00, 0x00, 0x00, 0x40, 0x00,
};

static const EpdGlyph notosans_8_regularGlyphs[] = {
    { 0, 0, 0, 0, 0, 0, 0 }, // U+0000
    { 0, 0, 69, 0, 0, 0, 0 }, // U+000D
    { 0, 0, 69, 0, 0, 0, 0 }, // U+0020
    { 3, 13, 72, 1, 12, 10, 0 }, // !
    { 5, 5, 109, 1, 12, 7, 10 }, // "
    { 11, 12, 172, 0, 12, 33, 17 }, // #
    { 8, 14, 153, 1, 13, 28, 50 }, // $
    { 14, 14, 222, 0, 13, 49, 78 }, // %
    { 13, 14, 195, 0, 13, 46, 127 }, // &
    { 2, 5, 60, 1, 12, 3, 173 }, // '
    { 5, 15, 80, 0, 12, 19, 176 }, // (
    { 5, 15, 80, 0, 12, 19, 195 }, // )
    { 9, 8, 147, 0, 13, 18, 214 }, // *
    { 9, 9, 153, 0, 10, 21, 232 }, // +
    { 4, 5, 71, 0, 2, 5, 253 }, // ,
    { 5, 3, 86, 0, 6, 4, 258 }, // -
    { 3, 4, 71, 1, 3, 3, 262 }, // .
    { 7, 12, 99, 0, 12, 21, 265 }, // /
    { 9, 14, 153, 0, 13, 32, 286 }, // 0
    { 5, 12, 153, 1, 12, 15, 318 }, // 1
    { 9, 13, 153, 0, 13, 30, 333 }, // 2
    { 9, 14, 153, 0, 13, 32, 363 }, // 3
    { 10, 12, 153, 0, 12, 30, 395 }, // 4
    { 8, 13, 153, 1, 12, 26, 425 }, // 5
    { 9, 14, 153, 0, 13, 32, 451 }, // 6
    { 9, 12, 153, 0, 12, 27, 483 }, // 7
    { 9, 14, 153, 0, 13, 32, 510 }, // 8
    { 9, 14, 153, 0, 13, 32, 542 }, // 9
    { 3, 11, 71, 1, 10, 9, 574 }, // :
    { 4, 13, 71, 0, 10, 13, 583 }, // ;
    { 9, 10, 153, 0, 11, 23, 596 }, // <
    { 9, 6, 153, 0, 9, 14, 619 }, // =
    { 9, 10, 153, 0, 11, 23, 633 }, // >
    { 7, 14, 116, 0, 13, 25, 656 }, // ?
    { 15, 14, 240, 0, 12, 53, 681 }, // @
    { 11, 12, 170, 0, 12, 33, 734 }, // A
    { 9, 12, 173, 1, 12, 27, 767 }, // B
    { 10, 14, 169, 1, 13, 35, 794 }, // C
    { 11, 12, 195, 1, 12, 33, 829 }, // D
    { 8, 12, 148, 1, 12, 24, 862 }, // E
    { 8, 12, 138, 1, 12, 24, 886 }, // F
    { 10, 14, 194, 1, 13, 35, 910 }, // G
    { 10, 12, 198, 1, 12, 30, 945 }, // H
    { 5, 12, 90, 0, 12, 15, 975 }, // I
    { 6, 16, 73, -2, 12, 24, 990 }, // J
    { 10, 12, 165, 1, 12, 30, 1014 }, // K
    { 8, 12, 140, 1, 12, 24, 1044 }, // L
    { 13, 12, 242, 1, 12, 39, 1068 }, // M
    { 11, 12, 203, 1, 12, 33, 1107 }, // N
    { 11, 14, 208, 1, 13, 39, 1140 }, // O
    { 9, 12, 161, 1, 12, 27, 1179 }, // P
    { 11, 16, 208, 1, 13, 44, 1206 }, // Q
    { 10, 12, 166, 1, 12, 30, 1250 }, // R
    { 9, 14, 146, 0, 13, 32, 1280 }, // S
    { 10, 12, 148, 0, 12, 30, 1312 }, // T
    { 10, 13, 195, 1, 12, 33, 1342 }, // U
    { 10, 12, 160, 0, 12, 30, 1375 }, // V
    { 16, 12, 248, 0, 12, 48, 1405 }, // W
    { 10, 12, 156, 0, 12, 30, 1453 }, // X
    { 10, 12, 151, 0, 12, 30, 1483 }, // Y
    { 9, 12, 153, 0, 12, 27, 1513 }, // Z
    { 5, 15, 88, 1, 12, 19, 1540 }, // [
    { 7, 12, 99, 0, 12, 21, 1559 }, // <backslash>
    { 5, 15, 88, 0, 12, 19, 1580 }, // ]
    { 9, 8, 153, 0, 12, 18, 1599 }, // ^
    { 9, 2, 118, -1, -1, 5, 1617 }, // _
    { 5, 3, 75, 0, 13, 4, 1622 }, // `
    { 8, 11, 150, 0, 10, 22, 1626 }, // a
    { 9, 14, 164, 1, 13, 32, 1648 }, // b
    { 8, 11, 128, 0, 10, 22, 1680 }, // c
    { 9, 14, 164, 0, 13, 32, 1702 }, // d
    { 9, 11, 150, 0, 10, 25, 1734 }, // e
    { 7, 13, 92, 0, 13, 23, 1759 }, // f
    { 9, 14, 164, 0, 10, 32, 1782 }, // g
    { 8, 13, 165, 1, 13, 26, 1814 }, // h
    { 3, 13, 69, 1, 13, 10, 1840 }, // i
    { 5, 17, 69, -1, 13, 22, 1850 }, // j
    { 8, 13, 142, 1, 13, 26, 1872 }, // k
    { 2, 13, 69, 1, 13, 7, 1898 }, // l
    { 14, 10, 249, 1, 10, 35, 1905 }, // m
    { 8, 10, 165, 1, 10, 20, 1940 }, // n
    { 10, 11, 161, 0, 10, 28, 1960 }, // o
    { 9, 14, 164, 1, 10, 32, 1988 }, // p
    { 9, 14, 164, 0, 10, 32, 2020 }, // q
    { 6, 10, 110, 1, 10, 15, 2052 }, // r
    { 8, 11, 128, 0, 10, 22, 2067 }, // s
    { 6, 12, 96, 0, 11, 18, 2089 }, // t
    { 8, 10, 165, 1, 9, 20, 2107 }, // u
    { 9, 9, 136, 0, 9, 21, 2127 }, // v
    { 13, 9, 210, 0, 9, 30, 2148 }, // w
    { 9, 9, 141, 0, 9, 21, 2178 }, // x
    { 9, 13, 136, 0, 9, 30, 2199 }, // y
    { 8, 9, 125, 0, 9, 18, 2229 }, // z
    { 6, 15, 101, 0, 12, 23, 2247 }, // {
    { 3, 18, 147, 3, 13, 14, 2270 }, // |
    { 6, 15, 101, 0, 12, 23, 2284 }, // }
    { 9, 3, 153, 0, 7, 7, 2307 }, // ~
    { 0, 0, 69, 0, 0, 0, 2314 }, // U+00A0
    { 3, 14, 72, 1, 10, 11, 2314 }, // U+00A1
    { 8, 14, 153, 1, 13, 28, 2325 }, // U+00A2
    { 9, 13, 153, 0, 13, 30, 2353 }, // U+00A3
    { 9, 8, 153, 0, 10, 18, 2383 }, // U+00A4
    { 10, 12, 153, 0, 12, 30, 2401 }, // U+00A5
    { 3, 18, 147, 3, 13, 14, 2431 }, // U+00A6
    { 8, 14, 137, 0, 13, 28, 2445 }, // U+00A7
    { 6, 3, 155, 2, 13, 5, 2473 }, // U+00A8
    { 14, 14, 222, 0, 13, 49, 2478 }, // U+00A9
    { 6, 7, 95, 0, 13, 11, 2527 }, // U+00AA
    { 8, 8, 136, 0, 8, 16, 2538 }, // U+00AB
    { 9, 5, 153, 0, 7, 12, 2554 }, // U+00AC
    { 5, 3, 86, 0, 6, 4, 2566 }, // U+00AD
    { 14, 14, 222, 0, 13, 49, 2570 }, // U+00AE
    { 10, 2, 133, -1, 14, 5, 2619 }, // U+00AF
    { 7, 7, 114, 0, 13, 13, 2624 }, // U+00B0
    { 9, 10, 153, 0, 10, 23, 2637 }, // U+00B1
    { 6, 9, 93, 0, 15, 14, 2660 }, // U+00B2
    { 6, 9, 93, 0, 15, 14, 2674 }, // U+00B3
    { 5, 3, 75, 0, 13, 4, 2688 }, // U+00B4
    { 8, 13, 166, 1, 9, 26, 2692 }, // U+00B5
    { 10, 16, 175, 0, 13, 40, 2718 }, // U+00B6
    { 3, 4, 71, 1, 8, 3, 2758 }, // U+00B7
    { 4, 4, 60, 0, 0, 4, 2761 }, // U+00B8
    { 4, 9, 93, 0, 15, 9, 2765 }, // U+00B9
    { 6, 7, 100, 0, 13, 11, 2774 }, // U+00BA
    { 8, 8, 136, 0, 8, 16, 2785 }, // U+00BB
    { 13, 12, 199, 0, 12, 39, 2801 }, // U+00BC
    { 13, 12, 206, 0, 12, 39, 2840 }, // U+00BD
    { 13, 13, 208, 0, 13, 43, 2879 }, // U+00BE
    { 7, 14, 116, 0, 10, 25, 2922 }, // U+00BF
    { 11, 16, 170, 0, 16, 44, 2947 }, // U+00C0
    { 11, 16, 170, 0, 16, 44, 2991 }, // U+00C1
    { 11, 16, 170, 0, 16, 44, 3035 }, // U+00C2
    { 11, 16, 170, 0, 16, 44, 3079 }, // U+00C3
    { 11, 16, 170, 0, 16, 44, 3123 }, // U+00C4
    { 11, 15, 170, 0, 15, 42, 3167 }, // U+00C5
    { 15, 12, 235, -1, 12, 45, 3209 }, // U+00C6
    { 10, 17, 169, 1, 13, 43, 3254 }, // U+00C7
    { 8, 16, 148, 1, 16, 32, 3297 }, // U+00C8
    { 8, 16, 148, 1, 16, 32, 3329 }, // U+00C9
    { 8, 16, 148, 1, 16, 32, 3361 }, // U+00CA
    { 8, 16, 148, 1, 16, 32, 3393 }, // U+00CB
    { 5, 16, 90, 0, 16, 20, 3425 }, // U+00CC
    { 6, 16, 90, 0, 16, 24, 3445 }, // U+00CD
    { 6, 16, 90, 0, 16, 24, 3469 }, // U+00CE
    { 6, 16, 90, 0, 16, 24, 3493 }, // U+00CF
    { 12, 12, 195, 0, 12, 36, 3517 }, // U+00D0
    { 11, 16, 203, 1, 16, 44, 3553 }, // U+00D1
    { 11, 17, 208, 1, 16, 47, 3597 }, // U+00D2
    { 11, 17, 208, 1, 16, 47, 3644 }, // U+00D3
    { 11, 17, 208, 1, 16, 47, 3691 }, // U+00D4
    { 11, 17, 208, 1, 16, 47, 3738 }, // U+00D5
    { 11, 17, 208, 1, 16, 47, 3785 }, // U+00D6
    { 8, 8, 153, 1, 10, 16, 3832 }, // U+00D7
    { 11, 14, 208, 1, 13, 39, 3848 }, // U+00D8
    { 10, 17, 195, 1, 16, 43, 3887 }, // U+00D9
    { 10, 17, 195, 1, 16, 43, 3930 }, // U+00DA
    { 10, 17, 195, 1, 16, 43, 3973 }, // U+00DB
    { 10, 17, 195, 1, 16, 43, 4016 }, // U+00DC
    { 10, 16, 151, 0, 16, 40, 4059 }, // U+00DD
    { 9, 12, 161, 1, 12, 27, 4099 }, // U+00DE
    { 9, 14, 168, 1, 13, 32, 4126 }, // U+00DF
    { 8, 14, 150, 0, 13, 28, 4158 }, // U+00E0
    { 8, 14, 150, 0, 13, 28, 4186 }, // U+00E1
    { 8, 14, 150, 0, 13, 28, 4214 }, // U+00E2
    { 8, 14, 150, 0, 13, 28, 4242 }, // U+00E3
    { 8, 14, 150, 0, 13, 28, 4270 }, // U+00E4
    { 8, 15, 150, 0, 14, 30, 4298 }, // U+00E5
    { 14, 11, 230, 0, 10, 39, 4328 }, // U+00E6
    { 8, 14, 128, 0, 10, 28, 4367 }, // U+00E7
    { 9, 14, 150, 0, 13, 32, 4395 }, // U+00E8
    { 9, 14, 150, 0, 13, 32, 4427 }, // U+00E9
    { 9, 14, 150, 0, 13, 32, 4459 }, // U+00EA
    { 9, 14, 150, 0, 13, 32, 4491 }, // U+00EB
    { 5, 13, 69, -1, 13, 17, 4523 }, // U+00EC
    { 4, 13, 69, 1, 13, 13, 4540 }, // U+00ED
    { 6, 13, 69, -1, 13, 20, 4553 }, // U+00EE
    { 6, 13, 69, -1, 13, 20, 4573 }, // U+00EF
    { 10, 14, 161, 0, 13, 35, 4593 }, // U+00F0
    { 8, 13, 165, 1, 13, 26, 4628 }, // U+00F1
    { 10, 14, 161, 0, 13, 35, 4654 }, // U+00F2
    { 10, 14, 161, 0, 13, 35, 4689 }, // U+00F3
    { 10, 14, 161, 0, 13, 35, 4724 }, // U+00F4
    { 10, 14, 161, 0, 13, 35, 4759 }, // U+00F5
    { 10, 14, 161, 0, 13, 35, 4794 }, // U+00F6
    { 9, 8, 153, 0, 10, 18, 4829 }, // U+00F7
    { 10, 11, 161, 0, 10, 28, 4847 }, // U+00F8
    { 8, 14, 165, 1, 13, 28, 4875 }, // U+00F9
    { 8, 14, 165, 1, 13, 28, 4903 }, // U+00FA
    { 8, 14, 165, 1, 13, 28, 4931 }, // U+00FB
    { 8, 14, 165, 1, 13, 28, 4959 }, // U+00FC
    { 9, 17, 136, 0, 13, 39, 4987 }, // U+00FD
    { 9, 17, 164, 1, 13, 39, 5026 }, // U+00FE
    { 9, 17, 136, 0, 13, 39, 5065 }, // U+00FF
    { 11, 15, 170, 0, 15, 42, 5104 }, // U+0100
    { 8, 13, 150, 0, 12, 26, 5146 }, // U+0101
    { 11, 16, 170, 0, 16, 44, 5172 }, // U+0102
    { 8, 14, 150, 0, 13, 28, 5216 }, // U+0103
    { 11, 16, 170, 0, 12, 44, 5244 }, // U+0104
    { 9, 14, 150, 0, 10, 32, 5288 }, // U+0105
    { 10, 17, 169, 1, 16, 43, 5320 }, // U+0106
    { 8, 14, 128, 0, 13, 28, 5363 }, // U+0107
    { 10, 17, 169, 1, 16, 43, 5391 }, // U+0108
    { 8, 14, 128, 0, 13, 28, 5434 }, // U+0109
    { 10, 17, 169, 1, 16, 43, 5462 }, // U+010A
    { 8, 14, 128, 0, 13, 28, 5505 }, // U+010B
    { 10, 17, 169, 1, 16, 43, 5533 }, // U+010C
    { 8, 14, 128, 0, 13, 28, 5576 }, // U+010D
    { 11, 16, 195, 1, 16, 44, 5604 }, // U+010E
    { 12, 14, 164, 0, 13, 42, 5648 }, // U+010F
    { 12, 12, 195, 0, 12, 36, 5690 }, // U+0110
    { 11, 14, 165, 0, 13, 39, 5726 }, // U+0111
    { 8, 15, 148, 1, 15, 30, 5765 }, // U+0112
    { 9, 13, 150, 0, 12, 30, 5795 }, // U+0113
    { 8, 16, 148, 1, 16, 32, 5825 }, // U+0114
    { 9, 14, 150, 0, 13, 32, 5857 }, // U+0115
    { 8, 16, 148, 1, 16, 32, 5889 }, // U+0116
    { 9, 14, 150, 0, 13, 32, 5921 }, // U+0117
    { 8, 16, 148, 1, 12, 32, 5953 }, // U+0118
    { 9, 14, 150, 0, 10, 32, 5985 }, // U+0119
    { 8, 16, 148, 1, 16, 32, 6017 }, // U+011A
    { 9, 14, 150, 0, 13, 32, 6049 }, // U+011B
    { 10, 17, 194, 1, 16, 43, 6081 }, // U+011C
    { 9, 17, 164, 0, 13, 39, 6124 }, // U+011D
    { 10, 17, 194, 1, 16, 43, 6163 }, // U+011E
    { 9, 17, 164, 0, 13, 39, 6206 }, // U+011F
    { 10, 17, 194, 1, 16, 43, 6245 }, // U+0120
    { 9, 17, 164, 0, 13, 39, 6288 }, // U+0121
    { 10, 17, 194, 1, 13, 43, 6327 }, // U+0122
    { 9, 17, 164, 0, 13, 39, 6370 }, // U+0123
    { 10, 16, 198, 1, 16, 40, 6409 }, // U+0124
    { 10, 17, 165, -1, 17, 43, 6449 }, // U+0125
    { 13, 12, 198, 0, 12, 39, 6492 }, // U+0126
    { 9, 13, 165, 0, 13, 30, 6531 }, // U+0127
    { 7, 16, 90, -1, 16, 28, 6561 }, // U+0128
    { 7, 13, 69, -1, 13, 23, 6589 }, // U+0129
    { 6, 15, 90, 0, 15, 23, 6612 }, // U+012A
    { 6, 12, 69, -1, 12, 18, 6635 }, // U+012B
    { 6, 16, 90, 0, 16, 24, 6653 }, // U+012C
    { 6, 13, 69, -1, 13, 20, 6677 }, // U+012D
    { 5, 16, 90, 0, 12, 20, 6697 }, // U+012E
    { 4, 17, 69, 0, 13, 17, 6717 }, // U+012F
    { 5, 16, 90, 0, 16, 20, 6734 }, // U+0130
    { 2, 9, 69, 1, 9, 5, 6754 }, // U+0131
    { 9, 16, 163, 0, 12, 36, 6759 }, // U+0132
    { 7, 17, 138, 1, 13, 30, 6795 }, // U+0133
    { 8, 20, 73, -2, 16, 40, 6825 }, // U+0134
    { 6, 17, 69, -1, 13, 26, 6865 }, // U+0135
    { 10, 16, 165, 1, 12, 40, 6891 }, // U+0136
    { 8, 17, 142, 1, 13, 34, 6931 }, // U+0137
    { 8, 9, 142, 1, 9, 18, 6965 }, // U+0138
    { 8, 16, 140, 1, 16, 32, 6983 }, // U+0139
    { 4, 17, 69, 1, 17, 17, 7015 }, // U+013A
    { 8, 16, 140, 1, 12, 32, 7032 }, // U+013B
    { 3, 17, 69, 1, 13, 13, 7064 }, // U+013C
    { 8, 12, 140, 1, 12, 24, 7077 }, // U+013D
    { 5, 13, 69, 1, 13, 17, 7101 }, // U+013E
    { 8, 12, 140, 1, 12, 24, 7118 }, // U+013F
    { 5, 13, 71, 1, 13, 17, 7142 }, // U+0140
    { 9, 12, 140, 0, 12, 27, 7159 }, // U+0141
    { 6, 13, 69, -1, 13, 20, 7186 }, // U+0142
    { 11, 16, 203, 1, 16, 44, 7206 }, // U+0143
    { 8, 13, 165, 1, 13, 26, 7250 }, // U+0144
    { 11, 16, 203, 1, 12, 44, 7276 }, // U+0145
    { 8, 14, 165, 1, 10, 28, 7320 }, // U+0146
    { 11, 16, 203, 1, 16, 44, 7348 }, // U+0147
    { 8, 13, 165, 1, 13, 26, 7392 }, // U+0148
    { 11, 12, 184, 0, 12, 33, 7418 }, // U+0149
    { 11, 16, 203, 1, 12, 44, 7451 }, // U+014A
    { 8, 14, 165, 1, 10, 28, 7495 }, // U+014B
    { 11, 16, 208, 1, 15, 44, 7523 }, // U+014C
    { 10, 13, 161, 0, 12, 33, 7567 }, // U+014D
    { 11, 17, 208, 1, 16, 47, 7600 }, // U+014E
    { 10, 14, 161, 0, 13, 35, 7647 }, // U+014F
    { 11, 17, 208, 1, 16, 47, 7682 }, // U+0150
    { 10, 14, 161, 0, 13, 35, 7729 }, // U+0151
    { 14, 14, 248, 1, 13, 49, 7764 }, // U+0152
    { 15, 11, 252, 0, 10, 42, 7813 }, // U+0153
    { 10, 16, 166, 1, 16, 40, 7855 }, // U+0154
    { 6, 13, 110, 1, 13, 20, 7895 }, // U+0155
    { 10, 16, 166, 1, 12, 40, 7915 }, // U+0156
    { 6, 14, 110, 1, 10, 21, 7955 }, // U+0157
    { 10, 16, 166, 1, 16, 40, 7976 }, // U+0158
    { 6, 13, 110, 1, 13, 20, 8016 }, // U+0159
    { 9, 17, 146, 0, 16, 39, 8036 }, // U+015A
    { 8, 14, 128, 0, 13, 28, 8075 }, // U+015B
    { 9, 17, 146, 0, 16, 39, 8103 }, // U+015C
    { 8, 14, 128, 0, 13, 28, 8142 }, // U+015D
    { 9, 17, 146, 0, 13, 39, 8170 }, // U+015E
    { 8, 14, 128, 0, 10, 28, 8209 }, // U+015F
    { 9, 17, 146, 0, 16, 39, 8237 }, // U+0160
    { 8, 14, 128, 0, 13, 28, 8276 }, // U+0161
    { 10, 16, 148, 0, 12, 40, 8304 }, // U+0162
    { 6, 15, 96, 0, 11, 23, 8344 }, // U+0163
    { 10, 16, 148, 0, 16, 40, 8367 }, // U+0164
    { 8, 14, 96, 0, 13, 28, 8407 }, // U+0165
    { 10, 12, 148, 0, 12, 30, 8435 }, // U+0166
    { 6, 12, 96, 0, 11, 18, 8465 }, // U+0167
    { 10, 17, 195, 1, 16, 43, 8483 }, // U+0168
    { 8, 14, 165, 1, 13, 28, 8526 }, // U+0169
    { 10, 16, 195, 1, 15, 40, 8554 }, // U+016A
    { 8, 13, 165, 1, 12, 26, 8594 }, // U+016B
    { 10, 17, 195, 1, 16, 43, 8620 }, // U+016C
    { 8, 14, 165, 1, 13, 28, 8663 }, // U+016D
    { 10, 18, 195, 1, 17, 45, 8691 }, // U+016E
    { 8, 15, 165, 1, 14, 30, 8736 }, // U+016F
    { 10, 17, 195, 1, 16, 43, 8766 }, // U+0170
    { 8, 14, 165, 1, 13, 28, 8809 }, // U+0171
    { 10, 16, 195, 1, 12, 40, 8837 }, // U+0172
    { 9, 13, 165, 1, 9, 30, 8877 }, // U+0173
    { 16, 16, 248, 0, 16, 64, 8907 }, // U+0174
    { 13, 13, 210, 0, 13, 43, 8971 }, // U+0175
    { 10, 16, 151, 0, 16, 40, 9014 }, // U+0176
    { 9, 17, 136, 0, 13, 39, 9054 }, // U+0177
    { 10, 16, 151, 0, 16, 40, 9093 }, // U+0178
    { 9, 16, 153, 0, 16, 36, 9133 }, // U+0179
    { 8, 13, 125, 0, 13, 26, 9169 }, // U+017A
    { 9, 16, 153, 0, 16, 36, 9195 }, // U+017B
    { 8, 13, 125, 0, 13, 26, 9231 }, // U+017C
    { 9, 16, 153, 0, 16, 36, 9257 }, // U+017D
    { 8, 13, 125, 0, 13, 26, 9293 }, // U+017E
    { 6, 13, 87, 1, 13, 20, 9319 }, // U+017F
    { 13, 14, 209, 1, 13, 46, 9339 }, // U+01A0
    { 11, 12, 164, 0, 11, 33, 9385 }, // U+01A1
    { 13, 14, 208, 1, 13, 46, 9418 }, // U+01AF
    { 11, 12, 180, 1, 11, 33, 9464 }, // U+01B0
    { 20, 16, 345, 1, 16, 80, 9497 }, // U+01C4
    { 19, 13, 320, 1, 13, 62, 9577 }, // U+01C5
    { 18, 14, 289, 0, 13, 63, 9639 }, // U+01C6
    { 11, 16, 213, 1, 12, 44, 9702 }, // U+01C7
    { 11, 17, 209, 1, 13, 47, 9746 }, // U+01C8
    { 7, 17, 138, 1, 13, 30, 9793 }, // U+01C9
    { 15, 16, 276, 1, 12, 60, 9823 }, // U+01CA
    { 15, 17, 272, 1, 13, 64, 9883 }, // U+01CB
    { 13, 17, 234, 1, 13, 56, 9947 }, // U+01CC
    { 11, 16, 170, 0, 16, 44, 10003 }, // U+01CD
    { 8, 14, 150, 0, 13, 28, 10047 }, // U+01CE
    { 6, 16, 90, 0, 16, 24, 10075 }, // U+01CF
    { 6, 13, 69, -1, 13, 20, 10099 }, // U+01D0
    { 11, 17, 208, 1, 16, 47, 10119 }, // U+01D1
    { 10, 14, 161, 0, 13, 35, 10166 }, // U+01D2
    { 10, 17, 195, 1, 16, 43, 10201 }, // U+01D3
    { 8, 14, 165, 1, 13, 28, 10244 }, // U+01D4
    { 10, 18, 195, 1, 17, 45, 10272 }, // U+01D5
    { 8, 15, 165, 1, 14, 30, 10317 }, // U+01D6
    { 10, 19, 195, 1, 18, 48, 10347 }, // U+01D7
    { 8, 16, 165, 1, 15, 32, 10395 }, // U+01D8
    { 10, 19, 195, 1, 18, 48, 10427 }, // U+01D9
    { 8, 16, 165, 1, 15, 32, 10475 }, // U+01DA
    { 10, 19, 195, 1, 18, 48, 10507 }, // U+01DB
    { 8, 16, 165, 1, 15, 32, 10555 }, // U+01DC
    { 9, 11, 150, 0, 10, 25, 10587 }, // U+01DD
    { 11, 17, 170, 0, 17, 47, 10612 }, // U+01DE
    { 8, 15, 150, 0, 14, 30, 10659 }, // U+01DF
    { 11, 17, 170, 0, 17, 47, 10689 }, // U+01E0
    { 8, 15, 150, 0, 14, 30, 10736 }, // U+01E1
    { 15, 15, 235, -1, 15, 57, 10766 }, // U+01E2
    { 14, 13, 230, 0, 12, 46, 10823 }, // U+01E3
    { 11, 14, 194, 1, 13, 39, 10869 }, // U+01E4
    { 10, 14, 164, 0, 10, 35, 10908 }, // U+01E5
    { 10, 17, 194, 1, 16, 43, 10943 }, // U+01E6
    { 9, 17, 164, 0, 13, 39, 10986 }, // U+01E7
    { 10, 16, 165, 1, 16, 40, 11025 }, // U+01E8
    { 10, 17, 142, -1, 17, 43, 11065 }, // U+01E9
    { 11, 17, 208, 1, 13, 47, 11108 }, // U+01EA
    { 10, 14, 161, 0, 10, 35, 11155 }, // U+01EB
    { 11, 19, 208, 1, 15, 53, 11190 }, // U+01EC
    { 10, 16, 161, 0, 12, 40, 11243 }, // U+01ED
    { 9, 17, 156, 0, 16, 39, 11283 }, // U+01EE
    { 8, 17, 133, 0, 13, 34, 11322 }, // U+01EF
    { 6, 17, 69, -1, 13, 26, 11356 }, // U+01F0
    { 20, 12, 345, 1, 12, 60, 11382 }, // U+01F1
    { 19, 12, 320, 1, 12, 57, 11442 }, // U+01F2
    { 18, 14, 289, 0, 13, 63, 11499 }, // U+01F3
    { 10, 17, 194, 1, 16, 43, 11562 }, // U+01F4
    { 9, 17, 164, 0, 13, 39, 11605 }, // U+01F5
    { 14, 13, 250, 1, 12, 46, 11644 }, // U+01F6
    { 10, 17, 176, 1, 13, 43, 11690 }, // U+01F7
    { 11, 16, 203, 1, 16, 44, 11733 }, // U+01F8
    { 8, 13, 165, 1, 13, 26, 11777 }, // U+01F9
    { 11, 16, 171, 0, 16, 44, 11803 }, // U+01FA
    { 8, 17, 150, 0, 16, 34, 11847 }, // U+01FB
    { 15, 16, 235, -1, 16, 60, 11881 }, // U+01FC
    { 14, 14, 230, 0, 13, 49, 11941 }, // U+01FD
    { 11, 17, 208, 1, 16, 47, 11990 }, // U+01FE
    { 10, 14, 161, 0, 13, 35, 12037 }, // U+01FF
    { 11, 16, 170, 0, 16, 44, 12072 }, // U+0200
    { 8, 14, 150, 0, 13, 28, 12116 }, // U+0201
    { 11, 16, 170, 0, 16, 44, 12144 }, // U+0202
    { 8, 14, 150, 0, 13, 28, 12188 }, // U+0203
    { 8, 16, 148, 1, 16, 32, 12216 }, // U+0204
    { 9, 14, 150, 0, 13, 32, 12248 }, // U+0205
    { 8, 16, 148, 1, 16, 32, 12280 }, // U+0206
    { 9, 14, 150, 0, 13, 32, 12312 }, // U+0207
    { 7, 16, 90, -1, 16, 28, 12344 }, // U+0208
    { 7, 13, 69, -2, 13, 23, 12372 }, // U+0209
    { 6, 16, 90, 0, 16, 24, 12395 }, // U+020A
    { 6, 13, 69, -1, 13, 20, 12419 }, // U+020B
    { 11, 17, 208, 1, 16, 47, 12439 }, // U+020C
    { 10, 14, 161, 0, 13, 35, 12486 }, // U+020D
    { 11, 17, 208, 1, 16, 47, 12521 }, // U+020E
    { 10, 14, 161, 0, 13, 35, 12568 }, // U+020F
    { 10, 16, 166, 1, 16, 40, 12603 }, // U+0210
    { 7, 13, 110, 0, 13, 23, 12643 }, // U+0211
    { 10, 16, 166, 1, 16, 40, 12666 }, // U+0212
    { 6, 13, 110, 1, 13, 20, 12706 }, // U+0213
    { 10, 17, 195, 1, 16, 43, 12726 }, // U+0214
    { 8, 14, 165, 1, 13, 28, 12769 }, // U+0215
    { 10, 17, 195, 1, 16, 43, 12797 }, // U+0216
    { 8, 14, 165, 1, 13, 28, 12840 }, // U+0217
    { 9, 17, 146, 0, 13, 39, 12868 }, // U+0218
    { 8, 14, 128, 0, 10, 28, 12907 }, // U+0219
    { 10, 16, 148, 0, 12, 40, 12935 }, // U+021A
    { 6, 15, 96, 0, 11, 23, 12975 }, // U+021B
    { 9, 16, 153, 0, 13, 36, 12998 }, // U+021C
    { 8, 14, 132, 0, 10, 28, 13034 }, // U+021D
    { 10, 16, 198, 1, 16, 40, 13062 }, // U+021E
    { 10, 17, 165, -1, 17, 43, 13102 }, // U+021F
    { 5, 3, 0, -9, 13, 4, 13145 }, // U+0300
    { 4, 3, 0, -6, 13, 3, 13149 }, // U+0301
    { 6, 3, 0, -3, 13, 5, 13152 }, // U+0302
    { 7, 3, 0, -9, 13, 6, 13157 }, // U+0303
    { 6, 2, 0, -3, 12, 3, 13163 }, // U+0304
    { 8, 3, 0, -4, 15, 6, 13166 }, // U+0305
    { 6, 3, 0, -3, 13, 5, 13172 }, // U+0306
    { 2, 3, 0, -1, 13, 2, 13177 }, // U+0307
    { 6, 3, 0, -3, 13, 5, 13179 }, // U+0308
    { 4, 5, 0, -7, 14, 5, 13184 }, // U+0309
    { 4, 4, 0, -2, 14, 4, 13189 }, // U+030A
    { 7, 3, 0, -3, 13, 6, 13193 }, // U+030B
    { 6, 3, 0, -3, 13, 5, 13199 }, // U+030C
    { 2, 4, 0, -1, 13, 2, 13204 }, // U+030D
    { 4, 4, 0, -2, 13, 4, 13206 }, // U+030E
    { 7, 3, 0, -9, 13, 6, 13210 }, // U+030F
    { 6, 5, 0, -3, 15, 8, 13216 }, // U+0310
    { 6, 3, 0, -3, 13, 5, 13224 }, // U+0311
    { 4, 5, 0, -2, 12, 5, 13229 }, // U+0312
    { 4, 5, 0, -2, 12, 5, 13234 }, // U+0313
    { 4, 5, 0, -2, 12, 5, 13239 }, // U+0314
    { 4, 5, 0, -2, 12, 5, 13244 }, // U+0315
    { 4, 3, 0, -2, 0, 3, 13249 }, // U+0316
    { 4, 3, 0, -2, 0, 3, 13252 }, // U+0317
    { 4, 4, 0, -2, 0, 4, 13255 }, // U+0318
    { 4, 4, 0, -2, 0, 4, 13259 }, // U+0319
    { 5, 5, 83, 0, 13, 7, 13263 }, // U+031A
    { 4, 4, 0, -2, 13, 4, 13270 }, // U+031B
    { 2, 4, 0, -1, 0, 2, 13274 }, // U+031C
    { 4, 4, 0, -2, 0, 4, 13276 }, // U+031D
    { 4, 4, 0, -2, 0, 4, 13280 }, // U+031E
    { 4, 4, 0, -2, 0, 4, 13284 }, // U+031F
    { 4, 2, 0, -2, -1, 2, 13288 }, // U+0320
    { 3, 5, 0, -3, 1, 4, 13290 }, // U+0321
    { 3, 5, 0, 0, 1, 4, 13294 }, // U+0322
    { 2, 2, 0, -6, -1, 1, 13298 }, // U+0323
    { 6, 3, 0, -3, 0, 5, 13299 }, // U+0324
    { 4, 4, 0, -2, 0, 4, 13304 }, // U+0325
    { 4, 3, 0, -2, -1, 3, 13308 }, // U+0326
    { 4, 4, 0, -2, 0, 4, 13311 }, // U+0327
    { 4, 5, 0, -2, 1, 5, 13315 }, // U+0328
    { 2, 4, 0, -1, 0, 2, 13320 }, // U+0329
    { 6, 4, 0, -3, 0, 6, 13322 }, // U+032A
    { 8, 2, 0, -4, -1, 4, 13328 }, // U+032B
    { 6, 3, 0, -3, 0, 5, 13332 }, // U+032C
    { 6, 3, 0, -3, 0, 5, 13337 }, // U+032D
    { 6, 3, 0, -3, 0, 5, 13342 }, // U+032E
    { 6, 3, 0, -3, 0, 5, 13347 }, // U+032F
    { 8, 3, 0, -4, 0, 6, 13352 }, // U+0330
    { 6, 2, 0, -3, -1, 3, 13358 }, // U+0331
    { 8, 2, 0, -4, -1, 4, 13361 }, // U+0332
    { 8, 4, 0, -4, 0, 8, 13365 }, // U+0333
    { 7, 3, 0, -3, 6, 6, 13373 }, // U+0334
    { 8, 3, 0, -4, 6, 6, 13379 }, // U+0335
    { 12, 2, 0, -6, 6, 6, 13385 }, // U+0336
    { 6, 4, 0, -3, 7, 6, 13391 }, // U+0337
    { 8, 14, 0, -4, 13, 28, 13397 }, // U+0338
    { 2, 4, 0, -1, 0, 2, 13425 }, // U+0339
    { 6, 4, 0, -3, 0, 6, 13427 }, // U+033A
    { 8, 4, 0, -4, 0, 8, 13433 }, // U+033B
    { 8, 2, 0, -4, -1, 4, 13441 }, // U+033C
    { 4, 4, 0, -2, 13, 4, 13445 }, // U+033D
    { 4, 6, 0, -2, 15, 6, 13449 }, // U+033E
    { 8, 4, 0, -4, 16, 8, 13455 }, // U+033F
    { 4, 3, 0, -3, 13, 3, 13463 }, // U+0340
    { 4, 3, 0, -1, 13, 3, 13466 }, // U+0341
    { 8, 3, 0, -4, 13, 6, 13469 }, // U+0342
    { 4, 3, 0, -2, 13, 3, 13475 }, // U+0343
    { 7, 3, 0, -3, 13, 6, 13478 }, // U+0344
    { 3, 3, 0, -1, -1, 3, 13484 }, // U+0345
    { 8, 4, 0, -4, 13, 8, 13487 }, // U+0346
    { 8, 4, 0, -4, 0, 8, 13495 }, // U+0347
    { 4, 4, 0, -2, 0, 4, 13503 }, // U+0348
    { 4, 3, 0, -2, -1, 3, 13507 }, // U+0349
    { 8, 4, 0, -4, 13, 8, 13510 }, // U+034A
    { 8, 7, 0, -4, 16, 14, 13518 }, // U+034B
    { 6, 5, 0, -3, 15, 8, 13532 }, // U+034C
    { 6, 4, 0, -3, 0, 6, 13540 }, // U+034D
    { 4, 4, 0, -2, 0, 4, 13546 }, // U+034E
    { 12, 12, 0, -6, 12, 36, 13550 }, // U+034F
    { 4, 5, 0, -2, 14, 5, 13586 }, // U+0350
    { 3, 5, 0, -1, 14, 4, 13591 }, // U+0351
    { 6, 4, 0, -3, 14, 6, 13595 }, // U+0352
    { 4, 4, 0, -2, 0, 4, 13601 }, // U+0353
    { 4, 4, 0, -2, 0, 4, 13605 }, // U+0354
    { 4, 4, 0, -2, 0, 4, 13609 }, // U+0355
    { 8, 4, 0, -4, 0, 8, 13613 }, // U+0356
    { 3, 5, 0, -1, 14, 4, 13621 }, // U+0357
    { 2, 3, 0, 2, 13, 2, 13625 }, // U+0358
    { 4, 4, 0, -2, 0, 4, 13627 }, // U+0359
    { 8, 4, 0, -4, 0, 8, 13631 }, // U+035A
    { 4, 5, 0, -2, 14, 5, 13639 }, // U+035B
    { 14, 4, 0, -7, 0, 14, 13644 }, // U+035C
    { 14, 4, 0, -7, 14, 14, 13658 }, // U+035D
    { 10, 2, 0, -5, 12, 5, 13672 }, // U+035E
    { 10, 2, 0, -5, 0, 5, 13677 }, // U+035F
    { 14, 3, 0, -7, 13, 11, 13682 }, // U+0360
    { 14, 5, 0, -7, 15, 18, 13693 }, // U+0361
    { 14, 4, 0, -7, 0, 14, 13711 }, // U+0362
    { 4, 4, 0, -2, 14, 4, 13725 }, // U+0363
    { 4, 4, 0, -2, 14, 4, 13729 }, // U+0364
    { 2, 6, 0, -1, 16, 3, 13733 }, // U+0365
    { 5, 4, 0, -2, 14, 5, 13736 }, // U+0366
    { 4, 4, 0, -2, 14, 4, 13741 }, // U+0367
    { 4, 4, 0, -2, 14, 4, 13745 }, // U+0368
    { 4, 6, 0, -2, 16, 6, 13749 }, // U+0369
    { 4, 6, 0, -2, 16, 6, 13755 }, // U+036A
    { 7, 4, 0, -3, 14, 7, 13761 }, // U+036B
    { 3, 4, 0, -1, 14, 3, 13768 }, // U+036C
    { 4, 5, 0, -2, 15, 5, 13771 }, // U+036D
    { 5, 4, 0, -2, 14, 5, 13776 }, // U+036E
    { 5, 4, 0, -2, 14, 5, 13781 }, // U+036F
    { 8, 16, 148, 1, 16, 32, 13786 }, // U+0400
    { 8, 16, 148, 1, 16, 32, 13818 }, // U+0401
    { 12, 13, 191, 0, 12, 39, 13850 }, // U+0402
    { 8, 16, 136, 1, 16, 32, 13889 }, // U+0403
    { 9, 14, 170, 1, 13, 32, 13921 }, // U+0404
    { 9, 14, 146, 0, 13, 32, 13953 }, // U+0405
    { 3, 12, 76, 1, 12, 9, 13985 }, // U+0406
    { 5, 16, 76, 0, 16, 20, 13994 }, // U+0407
    { 6, 16, 73, -2, 12, 24, 14014 }, // U+0408
    { 16, 13, 269, 0, 12, 52, 14038 }, // U+0409
    { 16, 12, 274, 1, 12, 48, 14090 }, // U+040A
    { 11, 12, 191, 0, 12, 33, 14138 }, // U+040B
    { 10, 16, 167, 1, 16, 40, 14171 }, // U+040C
    { 10, 16, 202, 1, 16, 40, 14211 }, // U+040D
    { 11, 17, 164, 0, 16, 47, 14251 }, // U+040E
    { 10, 15, 195, 1, 12, 38, 14298 }, // U+040F
    { 11, 12, 170, 0, 12, 33, 14336 }, // U+0410
    { 9, 12, 164, 1, 12, 27, 14369 }, // U+0411
    { 9, 12, 173, 1, 12, 27, 14396 }, // U+0412
    { 8, 12, 136, 1, 12, 24, 14423 }, // U+0413
    { 12, 15, 194, 0, 12, 45, 14447 }, // U+0414
    { 8, 12, 148, 1, 12, 24, 14492 }, // U+0415
    { 16, 12, 241, 0, 12, 48, 14516 }, // U+0416
    { 9, 14, 154, 0, 13, 32, 14564 }, // U+0417
    { 10, 12, 202, 1, 12, 30, 14596 }, // U+0418
    { 10, 16, 202, 1, 16, 40, 14626 }, // U+0419
    { 10, 12, 167, 1, 12, 30, 14666 }, // U+041A
    { 11, 13, 186, 0, 12, 36, 14696 }, // U+041B
    { 13, 12, 242, 1, 12, 39, 14732 }, // U+041C
    { 10, 12, 198, 1, 12, 30, 14771 }, // U+041D
    { 11, 14, 203, 1, 13, 39, 14801 }, // U+041E
    { 10, 12, 196, 1, 12, 30, 14840 }, // U+041F
    { 9, 12, 161, 1, 12, 27, 14870 }, // U+0420
    { 9, 14, 171, 1, 13, 32, 14897 }, // U+0421
    { 10, 12, 148, 0, 12, 30, 14929 }, // U+0422
    { 11, 13, 164, 0, 12, 36, 14959 }, // U+0423
    { 13, 14, 218, 0, 13, 46, 14995 }, // U+0424
    { 10, 12, 157, 0, 12, 30, 15041 }, // U+0425
    { 12, 15, 197, 1, 12, 45, 15071 }, // U+0426
    { 9, 12, 180, 1, 12, 27, 15116 }, // U+0427
    { 15, 12, 276, 1, 12, 45, 15143 }, // U+0428
    { 16, 15, 274, 1, 12, 60, 15188 }, // U+0429
    { 11, 12, 183, 0, 12, 33, 15248 }, // U+042A
    { 12, 12, 226, 1, 12, 36, 15281 }, // U+042B
    { 9, 12, 162, 1, 12, 27, 15317 }, // U+042C
    { 10, 14, 173, 0, 13, 35, 15344 }, // U+042D
    { 15, 14, 266, 1, 13, 53, 15379 }, // U+042E
    { 10, 12, 170, 0, 12, 30, 15432 }, // U+042F
    { 8, 11, 148, 0, 10, 22, 15462 }, // U+0430
    { 10, 14, 159, 0, 13, 35, 15484 }, // U+0431
    { 8, 9, 150, 1, 9, 18, 15519 }, // U+0432
    { 6, 9, 117, 1, 9, 14, 15537 }, // U+0433
    { 10, 12, 162, 0, 9, 30, 15551 }, // U+0434
    { 9, 11, 147, 0, 10, 25, 15581 }, // U+0435
    { 13, 9, 202, 0, 9, 30, 15606 }, // U+0436
    { 8, 11, 130, 0, 10, 22, 15636 }, // U+0437
    { 8, 9, 166, 1, 9, 18, 15658 }, // U+0438
    { 8, 13, 166, 1, 13, 26, 15676 }, // U+0439
    { 8, 9, 142, 1, 9, 18, 15702 }, // U+043A
    { 9, 10, 157, 0, 9, 23, 15720 }, // U+043B
    { 11, 9, 205, 1, 9, 25, 15743 }, // U+043C
    { 8, 9, 164, 1, 9, 18, 15768 }, // U+043D
    { 10, 11, 158, 0, 10, 28, 15786 }, // U+043E
    { 8, 9, 162, 1, 9, 18, 15814 }, // U+043F
    { 9, 14, 162, 1, 10, 32, 15832 }, // U+0440
    { 8, 11, 132, 0, 10, 22, 15864 }, // U+0441
    { 8, 9, 124, 0, 9, 18, 15886 }, // U+0442
    { 9, 13, 136, 0, 9, 30, 15904 }, // U+0443
    { 12, 17, 197, 0, 13, 51, 15934 }, // U+0444
    { 9, 9, 136, 0, 9, 21, 15985 }, // U+0445
    { 10, 12, 163, 1, 9, 30, 16006 }, // U+0446
    { 8, 9, 157, 1, 9, 18, 16036 }, // U+0447
    { 13, 9, 238, 1, 9, 30, 16054 }, // U+0448
    { 14, 12, 239, 1, 9, 42, 16084 }, // U+0449
    { 10, 9, 166, 0, 9, 23, 16126 }, // U+044A
    { 11, 9, 202, 1, 9, 25, 16149 }, // U+044B
    { 8, 9, 145, 1, 9, 18, 16174 }, // U+044C
    { 8, 11, 132, 0, 10, 22, 16192 }, // U+044D
    { 12, 11, 213, 1, 10, 33, 16214 }, // U+044E
    { 9, 9, 154, 0, 9, 21, 16247 }, // U+044F
    { 9, 14, 147, 0, 13, 32, 16268 }, // U+0450
    { 9, 14, 147, 0, 13, 32, 16300 }, // U+0451
    { 9, 17, 165, 0, 13, 39, 16332 }, // U+0452
    { 6, 13, 117, 1, 13, 20, 16371 }, // U+0453
    { 8, 11, 132, 0, 10, 22, 16391 }, // U+0454
    { 8, 11, 125, 0, 10, 22, 16413 }, // U+0455
    { 3, 13, 69, 1, 13, 10, 16435 }, // U+0456
    { 4, 13, 69, 0, 13, 13, 16445 }, // U+0457
    { 5, 17, 69, -1, 13, 22, 16458 }, // U+0458
    { 14, 10, 229, 0, 9, 35, 16480 }, // U+0459
    { 14, 9, 237, 1, 9, 32, 16515 }, // U+045A
    { 9, 13, 166, 0, 13, 30, 16547 }, // U+045B
    { 8, 13, 142, 1, 13, 26, 16577 }, // U+045C
    { 8, 13, 166, 1, 13, 26, 16603 }, // U+045D
    { 9, 17, 136, 0, 13, 39, 16629 }, // U+045E
    { 8, 12, 162, 1, 9, 24, 16668 }, // U+045F
    { 15, 13, 245, 0, 12, 49, 16692 }, // U+0460
    { 13, 9, 210, 0, 9, 30, 16741 }, // U+0461
    { 11, 12, 180, 0, 12, 33, 16771 }, // U+0462
    { 10, 11, 169, 0, 11, 28, 16804 }, // U+0463
    { 14, 14, 246, 1, 13, 49, 16832 }, // U+0464
    { 11, 11, 198, 1, 10, 31, 16881 }, // U+0465
    { 12, 12, 182, 0, 12, 36, 16912 }, // U+0466
    { 10, 9, 153, 0, 9, 23, 16948 }, // U+0467
    { 15, 12, 248, 1, 12, 45, 16971 }, // U+0468
    { 12, 9, 208, 1, 9, 27, 17016 }, // U+0469
    { 12, 12, 194, 0, 12, 36, 17043 }, // U+046A
    { 11, 9, 171, 0, 9, 25, 17079 }, // U+046B
    { 16, 12, 262, 1, 12, 48, 17104 }, // U+046C
    { 14, 9, 226, 1, 9, 32, 17152 }, // U+046D
    { 9, 19, 157, 0, 15, 43, 17184 }, // U+046E
    { 8, 16, 131, 0, 12, 32, 17227 }, // U+046F
    { 12, 12, 214, 1, 12, 36, 17259 }, // U+0470
    { 11, 17, 203, 1, 13, 47, 17295 }, // U+0471
    { 11, 14, 209, 1, 13, 39, 17342 }, // U+0472
    { 10, 11, 161, 0, 10, 28, 17381 }, // U+0473
    { 12, 12, 169, 0, 12, 36, 17409 }, // U+0474
    { 9, 10, 138, 0, 10, 23, 17445 }, // U+0475
    { 12, 16, 169, 0, 16, 48, 17468 }, // U+0476
    { 9, 13, 138, 0, 13, 30, 17516 }, // U+0477
    { 20, 17, 325, 1, 13, 85, 17546 }, // U+0478
    { 19, 14, 292, 0, 10, 67, 17631 }, // U+0479
    { 12, 14, 219, 1, 13, 42, 17698 }, // U+047A
    { 11, 11, 176, 0, 10, 31, 17740 }, // U+047B
    { 16, 19, 274, 1, 18, 76, 17771 }, // U+047C
    { 15, 16, 241, 0, 15, 60, 17847 }, // U+047D
    { 15, 16, 245, 0, 15, 60, 17907 }, // U+047E
    { 13, 12, 210, 0, 12, 39, 17967 }, // U+047F
    { 10, 17, 172, 1, 13, 43, 18006 }, // U+0480
    { 8, 14, 131, 0, 10, 28, 18049 }, // U+0481
    { 10, 12, 162, 0, 11, 30, 18077 }, // U+0482
    { 7, 3, 0, -8, 12, 6, 18107 }, // U+0483
    { 7, 3, 0, -8, 13, 6, 18113 }, // U+0484
    { 3, 3, 0, -6, 13, 3, 18119 }, // U+0485
    { 3, 3, 0, -6, 13, 3, 18122 }, // U+0486
    { 7, 3, 0, -4, 15, 6, 18125 }, // U+0487
    { 20, 19, 0, -10, 14, 95, 18131 }, // U+0488
    { 20, 19, 0, -10, 14, 95, 18226 }, // U+0489
    { 12, 20, 209, 1, 16, 60, 18321 }, // U+048A
    { 10, 17, 176, 1, 13, 43, 18381 }, // U+048B
    { 10, 12, 164, 0, 12, 30, 18424 }, // U+048C
    { 10, 13, 158, 0, 13, 33, 18454 }, // U+048D
    { 9, 12, 164, 1, 12, 27, 18487 }, // U+048E
    { 9, 14, 164, 1, 10, 32, 18514 }, // U+048F
    { 8, 15, 142, 1, 15, 30, 18546 }, // U+0490
    { 6, 12, 116, 1, 12, 18, 18576 }, // U+0491
    { 9, 12, 141, 0, 12, 27, 18594 }, // U+0492
    { 7, 9, 116, 0, 9, 16, 18621 }, // U+0493
    { 10, 17, 174, 1, 12, 43, 18637 }, // U+0494
    { 8, 14, 142, 1, 9, 28, 18680 }, // U+0495
    { 15, 16, 241, 0, 12, 60, 18708 }, // U+0496
    { 13, 13, 212, 0, 9, 43, 18768 }, // U+0497
    { 9, 17, 154, 0, 13, 39, 18811 }, // U+0498
    { 8, 14, 130, 0, 10, 28, 18850 }, // U+0499
    { 10, 16, 179, 1, 12, 40, 18878 }, // U+049A
    { 9, 13, 149, 1, 9, 30, 18918 }, // U+049B
    { 10, 12, 167, 1, 12, 30, 18948 }, // U+049C
    { 8, 9, 141, 1, 9, 18, 18978 }, // U+049D
    { 11, 12, 167, 0, 12, 33, 18996 }, // U+049E
    { 9, 13, 142, 0, 13, 30, 19029 }, // U+049F
    { 12, 12, 185, 0, 12, 36, 19059 }, // U+04A0
    { 11, 9, 166, 0, 9, 25, 19095 }, // U+04A1
    { 12, 16, 201, 1, 12, 48, 19120 }, // U+04A2
    { 10, 13, 175, 1, 9, 33, 19168 }, // U+04A3
    { 13, 12, 217, 1, 12, 39, 19201 }, // U+04A4
    { 12, 9, 197, 1, 9, 27, 19240 }, // U+04A5
    { 16, 17, 282, 1, 12, 68, 19267 }, // U+04A6
    { 13, 14, 230, 1, 9, 46, 19335 }, // U+04A7
    { 12, 14, 208, 1, 13, 42, 19381 }, // U+04A8
    { 11, 11, 171, 0, 10, 31, 19423 }, // U+04A9
    { 10, 17, 169, 1, 13, 43, 19454 }, // U+04AA
    { 8, 14, 128, 0, 10, 28, 19497 }, // U+04AB
    { 10, 16, 148, 0, 12, 40, 19525 }, // U+04AC
    { 8, 13, 127, 0, 9, 26, 19565 }, // U+04AD
    { 10, 12, 151, 0, 12, 30, 19591 }, // U+04AE
    { 9, 13, 136, 0, 9, 30, 19621 }, // U+04AF
    { 10, 12, 151, 0, 12, 30, 19651 }, // U+04B0
    { 9, 13, 136, 0, 9, 30, 19681 }, // U+04B1
    { 11, 16, 168, 0, 12, 44, 19711 }, // U+04B2
    { 9, 13, 147, 0, 9, 30, 19755 }, // U+04B3
    { 14, 16, 230, 0, 12, 56, 19785 }, // U+04B4
    { 12, 13, 193, 0, 9, 39, 19841 }, // U+04B5
    { 11, 16, 188, 1, 12, 44, 19880 }, // U+04B6
    { 10, 13, 166, 1, 9, 33, 19924 }, // U+04B7
    { 10, 12, 186, 1, 12, 30, 19957 }, // U+04B8
    { 8, 9, 162, 1, 9, 18, 19987 }, // U+04B9
    { 10, 12, 186, 1, 12, 30, 20005 }, // U+04BA
    { 8, 13, 165, 1, 13, 26, 20035 }, // U+04BB
    { 14, 14, 226, 0, 13, 49, 20061 }, // U+04BC
    { 11, 11, 177, 0, 10, 31, 20110 }, // U+04BD
    { 14, 17, 226, 0, 13, 60, 20141 }, // U+04BE
    { 11, 14, 177, 0, 10, 39, 20201 }, // U+04BF
    { 5, 12, 90, 0, 12, 15, 20240 }, // U+04C0
    { 16, 16, 241, 0, 16, 64, 20255 }, // U+04C1
    { 13, 13, 202, 0, 13, 43, 20319 }, // U+04C2
    { 10, 17, 186, 1, 12, 43, 20362 }, // U+04C3
    { 8, 14, 149, 1, 9, 28, 20405 }, // U+04C4
    { 12, 16, 192, 0, 12, 48, 20433 }, // U+04C5
    { 10, 13, 157, 0, 9, 33, 20481 }, // U+04C6
    { 10, 17, 195, 1, 12, 43, 20514 }, // U+04C7
    { 9, 14, 166, 1, 9, 32, 20557 }, // U+04C8
    { 12, 16, 202, 1, 12, 48, 20589 }, // U+04C9
    { 10, 13, 177, 1, 9, 33, 20637 }, // U+04CA
    { 10, 16, 186, 1, 12, 40, 20670 }, // U+04CB
    { 8, 13, 164, 1, 9, 26, 20710 }, // U+04CC
    { 15, 16, 245, 1, 12, 60, 20736 }, // U+04CD
    { 12, 13, 201, 1, 9, 39, 20796 }, // U+04CE
    { 5, 12, 90, 0, 12, 15, 20835 }, // U+04CF
    { 11, 16, 170, 0, 16, 44, 20850 }, // U+04D0
    { 8, 14, 150, 0, 13, 28, 20894 }, // U+04D1
    { 11, 16, 170, 0, 16, 44, 20922 }, // U+04D2
    { 8, 14, 150, 0, 13, 28, 20966 }, // U+04D3
    { 15, 12, 235, -1, 12, 45, 20994 }, // U+04D4
    { 14, 11, 230, 0, 10, 39, 21039 }, // U+04D5
    { 8, 16, 148, 1, 16, 32, 21078 }, // U+04D6
    { 9, 14, 150, 0, 13, 32, 21110 }, // U+04D7
    { 12, 14, 197, 0, 13, 42, 21142 }, // U+04D8
    { 9, 11, 150, 0, 10, 25, 21184 }, // U+04D9
    { 12, 17, 197, 0, 16, 51, 21209 }, // U+04DA
    { 9, 14, 150, 0, 13, 32, 21260 }, // U+04DB
    { 16, 16, 241, 0, 16, 64, 21292 }, // U+04DC
    { 13, 13, 202, 0, 13, 43, 21356 }, // U+04DD
    { 9, 17, 154, 0, 16, 39, 21399 }, // U+04DE
    { 8, 14, 130, 0, 13, 28, 21438 }, // U+04DF
    { 9, 13, 156, 0, 12, 30, 21466 }, // U+04E0
    { 8, 13, 133, 0, 9, 26, 21496 }, // U+04E1
    { 10, 15, 202, 1, 15, 38, 21522 }, // U+04E2
    { 8, 12, 166, 1, 12, 24, 21560 }, // U+04E3
    { 10, 16, 202, 1, 16, 40, 21584 }, // U+04E4
    { 8, 13, 166, 1, 13, 26, 21624 }, // U+04E5
    { 11, 17, 208, 1, 16, 47, 21650 }, // U+04E6
    { 10, 14, 161, 0, 13, 35, 21697 }, // U+04E7
    { 11, 14, 209, 1, 13, 39, 21732 }, // U+04E8
    { 10, 11, 161, 0, 10, 28, 21771 }, // U+04E9
    { 11, 17, 209, 1, 16, 47, 21799 }, // U+04EA
    { 10, 14, 161, 0, 13, 35, 21846 }, // U+04EB
    { 10, 17, 173, 0, 16, 43, 21881 }, // U+04EC
    { 8, 14, 132, 0, 13, 28, 21924 }, // U+04ED
    { 11, 16, 164, 0, 15, 44, 21952 }, // U+04EE
    { 9, 16, 136, 0, 12, 36, 21996 }, // U+04EF
    { 11, 17, 164, 0, 16, 47, 22032 }, // U+04F0
    { 9, 17, 136, 0, 13, 39, 22079 }, // U+04F1
    { 11, 17, 164, 0, 16, 47, 22118 }, // U+04F2
    { 9, 17, 136, 0, 13, 39, 22165 }, // U+04F3
    { 9, 16, 180, 1, 16, 36, 22204 }, // U+04F4
    { 8, 13, 157, 1, 13, 26, 22240 }, // U+04F5
    { 8, 16, 141, 1, 12, 32, 22266 }, // U+04F6
    { 6, 13, 116, 1, 9, 20, 22298 }, // U+04F7
    { 12, 16, 226, 1, 16, 48, 22318 }, // U+04F8
    { 11, 13, 202, 1, 13, 36, 22366 }, // U+04F9
    { 9, 16, 141, 0, 12, 36, 22402 }, // U+04FA
    { 7, 13, 116, 0, 9, 23, 22438 }, // U+04FB
    { 11, 16, 169, 0, 12, 44, 22461 }, // U+04FC
    { 9, 13, 147, 0, 9, 30, 22505 }, // U+04FD
    { 10, 12, 156, 0, 12, 30, 22535 }, // U+04FE
    { 9, 9, 141, 0, 9, 21, 22565 }, // U+04FF
    { 10, 10, 169, 0, 10, 25, 22586 }, // U+05D0
    { 9, 10, 153, 0, 10, 23, 22611 }, // U+05D1
    { 6, 11, 100, 0, 10, 17, 22634 }, // U+05D2
    { 9, 10, 145, 0, 10, 23, 22651 }, // U+05D3
    { 10, 10, 167, 0, 10, 25, 22674 }, // U+05D4
    { 4, 10, 80, 0, 10, 10, 22699 }, // U+05D5
    { 5, 10, 88, 0, 10, 13, 22709 }, // U+05D6
    { 10, 10, 177, 0, 10, 25, 22722 }, // U+05D7
    { 10, 10, 169, 0, 10, 25, 22747 }, // U+05D8
    { 4, 6, 79, 0, 10, 6, 22772 }, // U+05D9
    { 8, 13, 145, 0, 10, 26, 22778 }, // U+05DA
    { 8, 10, 137, 0, 10, 20, 22804 }, // U+05DB
    { 9, 13, 139, 0, 13, 30, 22824 }, // U+05DC
    { 11, 10, 182, 0, 10, 28, 22854 }, // U+05DD
    { 11, 10, 176, 0, 10, 28, 22882 }, // U+05DE
    { 4, 13, 88, 0, 10, 13, 22910 }, // U+05DF
    { 6, 10, 101, 0, 10, 15, 22923 }, // U+05E0
    { 10, 10, 172, 0, 10, 25, 22938 }, // U+05E1
    { 10, 12, 158, 0, 11, 30, 22963 }, // U+05E2
    { 10, 13, 165, 0, 10, 33, 22993 }, // U+05E3
    { 10, 10, 160, 0, 10, 25, 23026 }, // U+05E4
    { 9, 13, 141, 0, 10, 30, 23051 }, // U+05E5
    { 9, 10, 148, 0, 10, 23, 23081 }, // U+05E6
    { 9, 13, 167, 1, 10, 30, 23104 }, // U+05E7
    { 8, 10, 140, 0, 10, 20, 23134 }, // U+05E8
    { 11, 10, 195, 1, 10, 28, 23154 }, // U+05E9
    { 11, 10, 183, 0, 10, 28, 23182 }, // U+05EA
    { 3, 5, 87, 1, 4, 4, 23210 }, // U+060C
    { 3, 10, 92, 1, 9, 8, 23214 }, // U+061B
    { 7, 14, 116, 0, 13, 25, 23222 }, // U+061F
    { 7, 7, 110, 0, 6, 13, 23247 }, // U+0621
    { 6, 3, 72, 0, 2, 5, 23260 }, // U+0640
    { 4, 4, 153, 3, 7, 4, 23265 }, // U+0660
    { 4, 13, 153, 3, 12, 13, 23269 }, // U+0661
    { 8, 13, 153, 1, 12, 26, 23282 }, // U+0662
    { 9, 13, 153, 0, 12, 30, 23308 }, // U+0663
    { 8, 13, 153, 1, 12, 26, 23338 }, // U+0664
    { 8, 10, 153, 1, 9, 20, 23364 }, // U+0665
    { 8, 13, 153, 1, 12, 26, 23384 }, // U+0666
    { 10, 13, 153, 0, 12, 33, 23410 }, // U+0667
    { 10, 13, 153, 0, 12, 33, 23443 }, // U+0668
    { 8, 13, 153, 1, 12, 26, 23476 }, // U+0669
    { 11, 10, 183, 0, 6, 28, 23502 }, // U+06BA
    { 5, 2, 80, 0, 2, 3, 23530 }, // U+06D4
    { 4, 4, 153, 3, 7, 4, 23533 }, // U+06F0
    { 4, 13, 153, 3, 12, 13, 23537 }, // U+06F1
    { 8, 13, 153, 1, 12, 26, 23550 }, // U+06F2
    { 9, 13, 153, 0, 12, 30, 23576 }, // U+06F3
    { 8, 12, 153, 1, 12, 24, 23606 }, // U+06F4
    { 8, 12, 153, 1, 12, 24, 23630 }, // U+06F5
    { 7, 13, 153, 1, 12, 23, 23654 }, // U+06F6
    { 10, 13, 153, 0, 12, 33, 23677 }, // U+06F7
    { 10, 13, 153, 0, 12, 33, 23710 }, // U+06F8
    { 8, 13, 153, 1, 12, 26, 23743 }, // U+06F9
    { 11, 15, 170, 0, 12, 42, 23769 }, // U+1EA0
    { 8, 13, 150, 0, 10, 26, 23811 }, // U+1EA1
    { 11, 17, 170, 0, 17, 47, 23837 }, // U+1EA2
    { 8, 15, 150, 0, 14, 30, 23884 }, // U+1EA3
    { 11, 17, 170, 0, 17, 47, 23914 }, // U+1EA4
    { 10, 15, 150, 0, 14, 38, 23961 }, // U+1EA5
    { 11, 17, 170, 0, 17, 47, 23999 }, // U+1EA6
    { 8, 15, 150, 0, 14, 30, 24046 }, // U+1EA7
    { 11, 18, 170, 0, 18, 50, 24076 }, // U+1EA8
    { 9, 16, 150, 0, 15, 36, 24126 }, // U+1EA9
    { 11, 18, 170, 0, 18, 50, 24162 }, // U+1EAA
    { 8, 16, 150, 0, 15, 32, 24212 }, // U+1EAB
    { 11, 19, 170, 0, 16, 53, 24244 }, // U+1EAC
    { 8, 16, 150, 0, 13, 32, 24297 }, // U+1EAD
    { 11, 17, 170, 0, 17, 47, 24329 }, // U+1EAE
    { 8, 16, 150, 0, 15, 32, 24376 }, // U+1EAF
    { 11, 17, 170, 0, 17, 47, 24408 }, // U+1EB0
    { 8, 16, 150, 0, 15, 32, 24455 }, // U+1EB1
    { 11, 18, 170, 0, 18, 50, 24487 }, // U+1EB2
    { 8, 16, 150, 0, 15, 32, 24537 }, // U+1EB3
    { 11, 18, 170, 0, 18, 50, 24569 }, // U+1EB4
    { 8, 16, 150, 0, 15, 32, 24619 }, // U+1EB5
    { 11, 19, 170, 0, 16, 53, 24651 }, // U+1EB6
    { 8, 16, 150, 0, 13, 32, 24704 }, // U+1EB7
    { 8, 15, 148, 1, 12, 30, 24736 }, // U+1EB8
    { 9, 13, 150, 0, 10, 30, 24766 }, // U+1EB9
    { 8, 17, 148, 1, 17, 34, 24796 }, // U+1EBA
    { 9, 15, 150, 0, 14, 34, 24830 }, // U+1EBB
    { 8, 16, 148, 1, 16, 32, 24864 }, // U+1EBC
    { 9, 14, 150, 0, 13, 32, 24896 }, // U+1EBD
    { 9, 17, 148, 1, 17, 39, 24928 }, // U+1EBE
    { 10, 15, 150, 0, 14, 38, 24967 }, // U+1EBF
    { 9, 17, 148, 0, 17, 39, 25005 }, // U+1EC0
    { 9, 15, 150, 0, 14, 34, 25044 }, // U+1EC1
    { 8, 18, 148, 1, 18, 36, 25078 }, // U+1EC2
    { 9, 16, 150, 0, 15, 36, 25114 }, // U+1EC3
    { 8, 18, 148, 1, 18, 36, 25150 }, // U+1EC4
    { 9, 16, 150, 0, 15, 36, 25186 }, // U+1EC5
    { 8, 19, 148, 1, 16, 38, 25222 }, // U+1EC6
    { 9, 16, 150, 0, 13, 36, 25260 }, // U+1EC7
    { 5, 17, 90, 0, 17, 22, 25296 }, // U+1EC8
    { 4, 14, 69, 1, 14, 14, 25318 }, // U+1EC9
    { 5, 15, 90, 0, 12, 19, 25332 }, // U+1ECA
    { 3, 16, 69, 1, 13, 12, 25351 }, // U+1ECB
    { 11, 16, 208, 1, 13, 44, 25363 }, // U+1ECC
    { 10, 13, 161, 0, 10, 33, 25407 }, // U+1ECD
    { 11, 18, 208, 1, 17, 50, 25440 }, // U+1ECE
    { 10, 15, 161, 0, 14, 38, 25490 }, // U+1ECF
    { 11, 18, 208, 1, 17, 50, 25528 }, // U+1ED0
    { 10, 15, 161, 0, 14, 38, 25578 }, // U+1ED1
    { 11, 18, 208, 1, 17, 50, 25616 }, // U+1ED2
    { 10, 15, 161, 0, 14, 38, 25666 }, // U+1ED3
    { 11, 19, 208, 1, 18, 53, 25704 }, // U+1ED4
    { 10, 16, 161, 0, 15, 40, 25757 }, // U+1ED5
    { 11, 19, 208, 1, 18, 53, 25797 }, // U+1ED6
    { 10, 16, 161, 0, 15, 40, 25850 }, // U+1ED7
    { 11, 19, 208, 1, 16, 53, 25890 }, // U+1ED8
    { 10, 16, 161, 0, 13, 40, 25943 }, // U+1ED9
    { 13, 17, 209, 1, 16, 56, 25983 }, // U+1EDA
    { 11, 14, 164, 0, 13, 39, 26039 }, // U+1EDB
    { 13, 17, 209, 1, 16, 56, 26078 }, // U+1EDC
    { 11, 14, 164, 0, 13, 39, 26134 }, // U+1EDD
    { 13, 18, 209, 1, 17, 59, 26173 }, // U+1EDE
    { 11, 15, 164, 0, 14, 42, 26232 }, // U+1EDF
    { 13, 17, 209, 1, 16, 56, 26274 }, // U+1EE0
    { 11, 14, 164, 0, 13, 39, 26330 }, // U+1EE1
    { 13, 16, 209, 1, 13, 52, 26369 }, // U+1EE2
    { 11, 14, 164, 0, 11, 39, 26421 }, // U+1EE3
    { 10, 15, 195, 1, 12, 38, 26460 }, // U+1EE4
    { 8, 12, 165, 1, 9, 24, 26498 }, // U+1EE5
    { 10, 18, 195, 1, 17, 45, 26522 }, // U+1EE6
    { 8, 15, 165, 1, 14, 30, 26567 }, // U+1EE7
    { 13, 17, 208, 1, 16, 56, 26597 }, // U+1EE8
    { 11, 14, 180, 1, 13, 39, 26653 }, // U+1EE9
    { 13, 17, 208, 1, 16, 56, 26692 }, // U+1EEA
    { 11, 14, 180, 1, 13, 39, 26748 }, // U+1EEB
    { 13, 18, 208, 1, 17, 59, 26787 }, // U+1EEC
    { 11, 15, 180, 1, 14, 42, 26846 }, // U+1EED
    { 13, 17, 208, 1, 16, 56, 26888 }, // U+1EEE
    { 11, 14, 180, 1, 13, 39, 26944 }, // U+1EEF
    { 13, 16, 208, 1, 13, 52, 26983 }, // U+1EF0
    { 11, 14, 180, 1, 11, 39, 27035 }, // U+1EF1
    { 10, 16, 151, 0, 16, 40, 27074 }, // U+1EF2
    { 9, 17, 136, 0, 13, 39, 27114 }, // U+1EF3
    { 10, 15, 151, 0, 12, 38, 27153 }, // U+1EF4
    { 9, 13, 136, 0, 9, 30, 27191 }, // U+1EF5
    { 10, 17, 151, 0, 17, 43, 27221 }, // U+1EF6
    { 9, 18, 136, 0, 14, 41, 27264 }, // U+1EF7
    { 10, 16, 151, 0, 16, 40, 27305 }, // U+1EF8
    { 9, 17, 136, 0, 13, 39, 27345 }, // U+1EF9
    { 0, 0, 133, 0, 0, 0, 27384 }, // U+2000
    { 0, 0, 267, 0, 0, 0, 27384 }, // U+2001
    { 0, 0, 133, 0, 0, 0, 27384 }, // U+2002
    { 0, 0, 267, 0, 0, 0, 27384 }, // U+2003
    { 0, 0, 89, 0, 0, 0, 27384 }, // U+2004
    { 0, 0, 67, 0, 0, 0, 27384 }, // U+2005
    { 0, 0, 45, 0, 0, 0, 27384 }, // U+2006
    { 0, 0, 153, 0, 0, 0, 27384 }, // U+2007
    { 0, 0, 71, 0, 0, 0, 27384 }, // U+2008
    { 0, 0, 44, 0, 0, 0, 27384 }, // U+2009
    { 0, 0, 27, 0, 0, 0, 27384 }, // U+200A
    { 0, 0, 0, 0, 0, 0, 27384 }, // U+200B
    { 0, 0, 0, 0, 0, 0, 27384 }, // U+200C
    { 0, 0, 0, 0, 0, 0, 27384 }, // U+200D
    { 5, 15, 0, -1, 12, 19, 27384 }, // U+200E
    { 5, 15, 0, -4, 12, 19, 27403 }, // U+200F
    { 5, 3, 86, 0, 6, 4, 27422 }, // U+2010
    { 5, 3, 86, 0, 6, 4, 27426 }, // U+2011
    { 9, 2, 153, 0, 7, 5, 27430 }, // U+2012
    { 8, 3, 133, 0, 6, 6, 27435 }, // U+2013
    { 16, 3, 267, 0, 6, 12, 27441 }, // U+2014
    { 16, 3, 267, 0, 6, 12, 27453 }, // U+2015
    { 6, 18, 147, 2, 13, 27, 27465 }, // U+2016
    { 8, 4, 110, -1, 0, 8, 27492 }, // U+2017
    { 3, 5, 47, 0, 12, 4, 27500 }, // U+2018
    { 3, 5, 47, 0, 12, 4, 27504 }, // U+2019
    { 4, 5, 67, 0, 2, 5, 27508 }, // U+201A
    { 3, 5, 47, 0, 12, 4, 27513 }, // U+201B
    { 6, 5, 96, 0, 12, 8, 27517 }, // U+201C
    { 6, 5, 96, 0, 12, 8, 27525 }, // U+201D
    { 7, 5, 111, 0, 2, 9, 27533 }, // U+201E
    { 6, 5, 96, 0, 12, 8, 27542 }, // U+201F
    { 7, 13, 137, 1, 13, 23, 27550 }, // U+2020
    { 7, 13, 137, 1, 13, 23, 27573 }, // U+2021
    { 4, 5, 100, 1, 9, 5, 27596 }, // U+2022
    { 5, 6, 98, 1, 9, 8, 27601 }, // U+2023
    { 3, 4, 133, 3, 3, 3, 27609 }, // U+2024
    { 7, 4, 143, 1, 3, 7, 27612 }, // U+2025
    { 11, 4, 211, 1, 3, 11, 27619 }, // U+2026
    { 3, 4, 71, 1, 6, 3, 27630 }, // U+2027
    { 0, 0, 160, 0, 0, 0, 27633 }, // U+2028
    { 0, 0, 160, 0, 0, 0, 27633 }, // U+2029
    { 5, 14, 0, -1, 11, 18, 27633 }, // U+202A
    { 5, 14, 0, -4, 11, 18, 27651 }, // U+202B
    { 4, 15, 0, -2, 12, 15, 27669 }, // U+202C
    { 4, 15, 0, -2, 12, 15, 27684 }, // U+202D
    { 4, 15, 0, -2, 12, 15, 27699 }, // U+202E
    { 0, 0, 44, 0, 0, 0, 27714 }, // U+202F
    { 19, 14, 314, 0, 13, 67, 27714 }, // U+2030
    { 25, 14, 412, 0, 13, 88, 27781 }, // U+2031
    { 5, 5, 62, 0, 12, 7, 27869 }, // U+2032
    { 8, 5, 109, 0, 12, 10, 27876 }, // U+2033
    { 11, 5, 156, 0, 12, 14, 27886 }, // U+2034
    { 5, 5, 62, -1, 12, 7, 27900 }, // U+2035
    { 7, 5, 117, -1, 12, 9, 27907 }, // U+2036
    { 10, 5, 161, -1, 12, 13, 27916 }, // U+2037
    { 7, 6, 106, 0, 2, 11, 27929 }, // U+2038
    { 5, 8, 83, 0, 8, 10, 27940 }, // U+2039
    { 5, 8, 83, 0, 8, 10, 27950 }, // U+203A
    { 14, 14, 223, 0, 13, 49, 27960 }, // U+203B
    { 7, 13, 133, 1, 12, 23, 28009 }, // U+203C
    { 7, 14, 118, 0, 13, 25, 28032 }, // U+203D
    { 10, 2, 133, -1, 14, 5, 28057 }, // U+203E
    { 10, 4, 162, 0, 0, 10, 28062 }, // U+203F
    { 10, 5, 162, 0, 14, 13, 28072 }, // U+2040
    { 6, 11, 100, 0, 7, 17, 28085 }, // U+2041
    { 19, 16, 298, 0, 13, 76, 28102 }, // U+2042
    { 5, 3, 86, 0, 6, 4, 28178 }, // U+2043
    { 10, 12, 35, -4, 12, 30, 28182 }, // U+2044
    { 4, 15, 86, 1, 12, 15, 28212 }, // U+2045
    { 5, 15, 86, 0, 12, 19, 28227 }, // U+2046
    { 14, 14, 228, 0, 13, 49, 28246 }, // U+2047
    { 11, 14, 181, 0, 13, 39, 28295 }, // U+2048
    { 10, 14, 182, 1, 13, 35, 28334 }, // U+2049
    { 9, 9, 153, 0, 9, 21, 28369 }, // U+204A
    { 9, 16, 175, 1, 13, 36, 28390 }, // U+204B
    { 10, 9, 170, 0, 9, 23, 28426 }, // U+204C
    { 9, 9, 170, 1, 9, 21, 28449 }, // U+204D
    { 9, 8, 147, 0, 5, 18, 28470 }, // U+204E
    { 4, 13, 63, 0, 10, 13, 28488 }, // U+204F
    { 10, 18, 161, 0, 14, 45, 28501 }, // U+2050
    { 9, 16, 147, 0, 13, 36, 28546 }, // U+2051
    { 7, 14, 99, 0, 13, 25, 28582 }, // U+2052
    { 15, 4, 267, 1, 7, 15, 28607 }, // U+2053
    { 10, 4, 161, 0, 0, 10, 28622 }, // U+2054
    { 9, 10, 153, 0, 9, 23, 28632 }, // U+2055
    { 8, 14, 138, 0, 13, 28, 28655 }, // U+2056
    { 13, 5, 198, 0, 12, 17, 28683 }, // U+2057
    { 13, 14, 219, 0, 13, 46, 28700 }, // U+2058
    { 13, 14, 221, 0, 13, 46, 28746 }, // U+2059
    { 3, 14, 59, 0, 13, 11, 28792 }, // U+205A
    { 11, 14, 174, 0, 13, 39, 28803 }, // U+205B
    { 13, 14, 212, 0, 13, 46, 28842 }, // U+205C
    { 3, 13, 71, 1, 12, 10, 28888 }, // U+205D
    { 3, 14, 71, 1, 13, 11, 28898 }, // U+205E
    { 0, 0, 59, 0, 0, 0, 28909 }, // U+205F
    { 0, 0, 160, 0, 0, 0, 28909 }, // U+2060
    { 0, 0, 160, 0, 0, 0, 28909 }, // U+2061
    { 0, 0, 160, 0, 0, 0, 28909 }, // U+2062
    { 0, 0, 160, 0, 0, 0, 28909 }, // U+2063
    { 0, 0, 160, 0, 0, 0, 28909 }, // U+2064
    { 0, 0, 0, 0, 0, 0, 28909 }, // U+2066
    { 0, 0, 0, 0, 0, 0, 28909 }, // U+2067
    { 0, 0, 0, 0, 0, 0, 28909 }, // U+2068
    { 0, 0, 0, 0, 0, 0, 28909 }, // U+2069
    { 4, 15, 0, -2, 12, 15, 28909 }, // U+206A
    { 4, 15, 0, -2, 12, 15, 28924 }, // U+206B
    { 4, 15, 0, -2, 12, 15, 28939 }, // U+206C
    { 4, 15, 0, -2, 12, 15, 28954 }, // U+206D
    { 4, 15, 0, -2, 12, 15, 28969 }, // U+206E
    { 4, 15, 0, -2, 12, 15, 28984 }, // U+206F
    { 6, 9, 93, 0, 15, 14, 28999 }, // U+2070
    { 2, 9, 45, 0, 13, 5, 29013 }, // U+2071
    { 6, 9, 93, 0, 15, 14, 29018 }, // U+2074
    { 6, 9, 93, 0, 15, 14, 29032 }, // U+2075
    { 6, 9, 93, 0, 15, 14, 29046 }, // U+2076
    { 6, 9, 93, 0, 15, 14, 29060 }, // U+2077
    { 6, 9, 93, 0, 15, 14, 29074 }, // U+2078
    { 6, 9, 93, 0, 15, 14, 29088 }, // U+2079
    { 6, 6, 90, 0, 13, 9, 29102 }, // U+207A
    { 6, 2, 90, 0, 11, 3, 29111 }, // U+207B
    { 6, 4, 90, 0, 12, 6, 29114 }, // U+207C
    { 3, 10, 60, 1, 16, 8, 29120 }, // U+207D
    { 3, 10, 60, 0, 16, 8, 29128 }, // U+207E
    { 6, 7, 107, 0, 11, 11, 29136 }, // U+207F
    { 6, 9, 93, 0, 6, 14, 29147 }, // U+2080
    { 4, 9, 93, 0, 6, 9, 29161 }, // U+2081
    { 6, 9, 93, 0, 6, 14, 29170 }, // U+2082
    { 6, 9, 93, 0, 6, 14, 29184 }, // U+2083
    { 6, 9, 93, 0, 6, 14, 29198 }, // U+2084
    { 6, 9, 93, 0, 6, 14, 29212 }, // U+2085
    { 6, 9, 93, 0, 6, 14, 29226 }, // U+2086
    { 6, 9, 93, 0, 6, 14, 29240 }, // U+2087
    { 6, 9, 93, 0, 6, 14, 29254 }, // U+2088
    { 6, 9, 93, 0, 6, 14, 29268 }, // U+2089
    { 6, 6, 90, 0, 4, 9, 29282 }, // U+208A
    { 6, 2, 90, 0, 2, 3, 29291 }, // U+208B
    { 6, 4, 90, 0, 3, 6, 29294 }, // U+208C
    { 3, 10, 60, 1, 7, 8, 29300 }, // U+208D
    { 3, 10, 60, 0, 7, 8, 29308 }, // U+208E
    { 6, 6, 97, 0, 4, 9, 29316 }, // U+2090
    { 6, 6, 98, 0, 4, 9, 29325 }, // U+2091
    { 6, 6, 105, 0, 4, 9, 29334 }, // U+2092
    { 6, 6, 92, 0, 4, 9, 29343 }, // U+2093
    { 6, 6, 98, 0, 4, 9, 29352 }, // U+2094
    { 6, 8, 107, 0, 6, 12, 29361 }, // U+2095
    { 6, 8, 93, 0, 6, 12, 29373 }, // U+2096
    { 2, 8, 45, 0, 6, 4, 29385 }, // U+2097
    { 10, 6, 162, 0, 4, 15, 29389 }, // U+2098
    { 6, 6, 107, 0, 4, 9, 29404 }, // U+2099
    { 7, 8, 107, 0, 4, 14, 29413 }, // U+209A
    { 5, 6, 83, 0, 4, 8, 29427 }, // U+209B
    { 4, 7, 63, 0, 5, 7, 29435 }, // U+209C
    { 9, 13, 153, 0, 13, 30, 29442 }, // U+20A0
    { 10, 14, 153, 0, 13, 35, 29472 }, // U+20A1
    { 9, 14, 153, 0, 13, 32, 29507 }, // U+20A2
    { 9, 12, 153, 0, 12, 27, 29539 }, // U+20A3
    { 9, 13, 153, 0, 13, 30, 29566 }, // U+20A4
    { 14, 14, 249, 1, 12, 49, 29596 }, // U+20A5
    { 10, 12, 153, 0, 12, 30, 29645 }, // U+20A6
    { 12, 13, 207, 1, 12, 39, 29675 }, // U+20A7
    { 13, 13, 222, 1, 12, 43, 29714 }, // U+20A8
    { 11, 12, 179, 0, 12, 33, 29757 }, // U+20A9
    { 11, 12, 213, 1, 12, 33, 29790 }, // U+20AA
    { 11, 16, 165, 0, 13, 44, 29823 }, // U+20AB
    { 10, 14, 153, 0, 13, 35, 29867 }, // U+20AC
    { 10, 12, 153, 0, 12, 30, 29902 }, // U+20AD
    { 10, 12, 153, 0, 12, 30, 29932 }, // U+20AE
    { 16, 17, 259, 0, 13, 68, 29962 }, // U+20AF
    { 9, 17, 153, 0, 13, 39, 30030 }, // U+20B0
    { 10, 12, 153, 0, 12, 30, 30069 }, // U+20B1
    { 10, 15, 194, 1, 13, 38, 30099 }, // U+20B2
    { 11, 12, 162, 0, 12, 33, 30137 }, // U+20B3
    { 9, 14, 146, 0, 13, 32, 30170 }, // U+20B4
    { 10, 15, 169, 1, 13, 38, 30202 }, // U+20B5
    { 10, 12, 166, 0, 11, 30, 30240 }, // U+20B6
    { 12, 15, 194, 0, 13, 45, 30270 }, // U+20B7
    { 9, 12, 146, 0, 12, 27, 30315 }, // U+20B8
    { 8, 12, 153, 1, 12, 24, 30342 }, // U+20B9
    { 10, 13, 153, 0, 12, 33, 30366 }, // U+20BA
    { 13, 14, 208, 0, 13, 46, 30399 }, // U+20BB
    { 13, 12, 216, 0, 12, 39, 30445 }, // U+20BC
    { 10, 12, 155, 0, 12, 30, 30484 }, // U+20BD
    { 11, 13, 206, 1, 13, 36, 30514 }, // U+20BE
    { 8, 16, 153, 1, 14, 32, 30550 }, // U+20BF
    { 8, 13, 132, 0, 10, 26, 30582 }, // U+20C0
    { 9, 2, 153, 0, 7, 5, 30608 }, // U+2212
    { 11, 12, 166, 0, 12, 33, 30613 }, // U+221A
    { 13, 13, 184, 0, 13, 43, 30646 }, // U+FB00
    { 9, 13, 161, 0, 13, 30, 30689 }, // U+FB01
    { 9, 13, 161, 0, 13, 30, 30719 }, // U+FB02
    { 15, 13, 252, 0, 13, 49, 30749 }, // U+FB03
    { 15, 13, 252, 0, 13, 49, 30798 }, // U+FB04
    { 10, 14, 180, 1, 13, 35, 30847 }, // U+FB05
    { 14, 14, 224, 0, 13, 49, 30882 }, // U+FB06
    { 16, 12, 265, 0, 7, 48, 30931 }, // U+FB56
    { 20, 11, 292, 0, 6, 55, 30979 }, // U+FB57
    { 5, 12, 80, -1, 7, 15, 31034 }, // U+FB58
    { 8, 10, 99, 0, 5, 20, 31049 }, // U+FB59
    { 16, 13, 265, 0, 12, 52, 31069 }, // U+FB66
    { 20, 13, 292, 0, 12, 65, 31121 }, // U+FB67
    { 5, 15, 72, 0, 14, 19, 31186 }, // U+FB68
    { 8, 13, 99, 0, 12, 26, 31205 }, // U+FB69
    { 11, 14, 176, 0, 7, 39, 31231 }, // U+FB7A
    { 13, 14, 192, 0, 7, 46, 31270 }, // U+FB7B
    { 10, 11, 157, 0, 6, 28, 31316 }, // U+FB7C
    { 12, 11, 170, 0, 6, 33, 31344 }, // U+FB7D
    { 8, 15, 127, 0, 14, 30, 31377 }, // U+FB88
    { 10, 15, 142, 0, 14, 38, 31407 }, // U+FB89
    { 7, 15, 98, -1, 11, 27, 31445 }, // U+FB8A
    { 9, 15, 106, -1, 11, 34, 31472 }, // U+FB8B
    { 7, 17, 98, -1, 13, 30, 31506 }, // U+FB8C
    { 9, 17, 106, -1, 13, 39, 31536 }, // U+FB8D
    { 15, 13, 234, 0, 12, 49, 31575 }, // U+FB8E
    { 18, 13, 260, 0, 12, 59, 31624 }, // U+FB8F
    { 8, 13, 110, 0, 12, 26, 31683 }, // U+FB90
    { 10, 13, 136, 0, 12, 33, 31709 }, // U+FB91
    { 15, 15, 234, 0, 14, 57, 31742 }, // U+FB92
    { 18, 15, 260, 0, 14, 68, 31799 }, // U+FB93
    { 8, 15, 110, 0, 14, 30, 31867 }, // U+FB94
    { 10, 15, 136, 0, 14, 38, 31897 }, // U+FB95
    { 11, 10, 183, 0, 6, 28, 31935 }, // U+FB9E
    { 13, 9, 195, 0, 5, 30, 31963 }, // U+FB9F
    { 7, 8, 108, 0, 8, 14, 31993 }, // U+FBA6
    { 9, 7, 128, 0, 6, 16, 32007 }, // U+FBA7
    { 4, 11, 72, 0, 7, 11, 32023 }, // U+FBA8
    { 9, 8, 117, 0, 3, 18, 32034 }, // U+FBA9
    { 11, 10, 179, 0, 9, 28, 32052 }, // U+FBAA
    { 12, 11, 164, 0, 7, 33, 32080 }, // U+FBAB
    { 9, 10, 153, 0, 9, 23, 32113 }, // U+FBAC
    { 10, 11, 135, 0, 7, 28, 32136 }, // U+FBAD
    { 16, 9, 251, 0, 8, 36, 32164 }, // U+FBAE
    { 10, 7, 146, 0, 2, 18, 32200 }, // U+FBAF
    { 16, 13, 251, 0, 12, 52, 32218 }, // U+FBB0
    { 10, 11, 146, 0, 6, 28, 32270 }, // U+FBB1
    { 13, 11, 203, 0, 7, 36, 32298 }, // U+FBFC
    { 14, 7, 196, 0, 3, 25, 32334 }, // U+FBFD
    { 5, 11, 80, -1, 7, 14, 32359 }, // U+FBFE
    { 8, 9, 99, 0, 5, 18, 32373 }, // U+FBFF
    { 7, 7, 110, 0, 6, 13, 32391 }, // U+FE80
    { 6, 14, 63, -1, 14, 21, 32404 }, // U+FE81
    { 7, 16, 78, -1, 15, 28, 32425 }, // U+FE82
    { 4, 16, 63, 0, 16, 16, 32453 }, // U+FE83
    { 6, 18, 78, 0, 17, 27, 32469 }, // U+FE84
    { 7, 15, 119, 0, 11, 27, 32496 }, // U+FE85
    { 9, 15, 126, 0, 11, 34, 32523 }, // U+FE86
    { 5, 18, 63, 0, 12, 23, 32557 }, // U+FE87
    { 6, 18, 78, 0, 12, 27, 32580 }, // U+FE88
    { 13, 12, 203, 0, 8, 39, 32607 }, // U+FE89
    { 14, 12, 196, 0, 8, 42, 32646 }, // U+FE8A
    { 4, 13, 72, 0, 12, 13, 32688 }, // U+FE8B
    { 7, 11, 91, 0, 10, 20, 32701 }, // U+FE8C
    { 2, 12, 63, 1, 12, 6, 32721 }, // U+FE8D
    { 5, 13, 78, 1, 12, 17, 32727 }, // U+FE8E
    { 16, 11, 265, 0, 7, 44, 32744 }, // U+FE8F
    { 20, 10, 292, 0, 6, 50, 32788 }, // U+FE90
    { 4, 11, 72, 0, 7, 11, 32838 }, // U+FE91
    { 7, 9, 91, 0, 5, 16, 32849 }, // U+FE92
    { 7, 12, 108, 0, 12, 21, 32865 }, // U+FE93
    { 9, 14, 130, 0, 13, 32, 32886 }, // U+FE94
    { 16, 10, 265, 0, 9, 40, 32918 }, // U+FE95
    { 20, 10, 292, 0, 9, 50, 32958 }, // U+FE96
    { 5, 12, 72, 0, 11, 15, 33008 }, // U+FE97
    { 8, 10, 99, 0, 9, 20, 33023 }, // U+FE98
    { 16, 11, 265, 0, 10, 44, 33043 }, // U+FE99
    { 20, 11, 292, 0, 10, 55, 33087 }, // U+FE9A
    { 5, 13, 72, 0, 12, 17, 33142 }, // U+FE9B
    { 8, 11, 99, 0, 10, 22, 33159 }, // U+FE9C
    { 10, 14, 170, 0, 7, 35, 33181 }, // U+FE9D
    { 12, 14, 173, 0, 7, 42, 33216 }, // U+FE9E
    { 10, 10, 157, 0, 6, 25, 33258 }, // U+FE9F
    { 12, 10, 170, 0, 6, 30, 33283 }, // U+FEA0
    { 10, 14, 170, 0, 7, 35, 33313 }, // U+FEA1
    { 12, 14, 173, 0, 7, 42, 33348 }, // U+FEA2
    { 10, 7, 157, 0, 6, 18, 33390 }, // U+FEA3
    { 12, 7, 170, 0, 6, 21, 33408 }, // U+FEA4
    { 10, 18, 170, 0, 11, 45, 33429 }, // U+FEA5
    { 12, 18, 173, 0, 11, 54, 33474 }, // U+FEA6
    { 10, 11, 157, 0, 10, 28, 33528 }, // U+FEA7
    { 12, 11, 170, 0, 10, 33, 33556 }, // U+FEA8
    { 8, 9, 127, 0, 8, 18, 33589 }, // U+FEA9
    { 10, 9, 142, 0, 8, 23, 33607 }, // U+FEAA
    { 8, 13, 127, 0, 12, 26, 33630 }, // U+FEAB
    { 10, 13, 142, 0, 12, 33, 33656 }, // U+FEAC
    { 7, 10, 98, -1, 6, 18, 33689 }, // U+FEAD
    { 9, 10, 106, -1, 6, 23, 33707 }, // U+FEAE
    { 7, 14, 98, -1, 10, 25, 33730 }, // U+FEAF
    { 9, 14, 106, -1, 10, 32, 33755 }, // U+FEB0
    { 20, 11, 323, 0, 7, 55, 33787 }, // U+FEB1
    { 22, 10, 339, 0, 6, 55, 33842 }, // U+FEB2
    { 13, 8, 209, 0, 7, 26, 33897 }, // U+FEB3
    { 15, 7, 227, 0, 6, 27, 33923 }, // U+FEB4
    { 20, 15, 323, 0, 11, 75, 33950 }, // U+FEB5
    { 22, 15, 339, 0, 11, 83, 34025 }, // U+FEB6
    { 13, 12, 209, 0, 11, 39, 34108 }, // U+FEB7
    { 15, 12, 227, 0, 11, 45, 34147 }, // U+FEB8
    { 22, 11, 348, 0, 7, 61, 34192 }, // U+FEB9
    { 24, 11, 361, 0, 7, 66, 34253 }, // U+FEBA
    { 15, 8, 241, 0, 7, 30, 34319 }, // U+FEBB
    { 17, 8, 253, 0, 7, 34, 34349 }, // U+FEBC
    { 22, 15, 348, 0, 11, 83, 34383 }, // U+FEBD
    { 24, 15, 361, 0, 11, 90, 34466 }, // U+FEBE
    { 15, 11, 241, 0, 10, 42, 34556 }, // U+FEBF
    { 17, 11, 253, 0, 10, 47, 34598 }, // U+FEC0
    { 13, 13, 210, 0, 12, 43, 34645 }, // U+FEC1
    { 15, 13, 222, 0, 12, 49, 34688 }, // U+FEC2
    { 11, 13, 181, 0, 12, 36, 34737 }, // U+FEC3
    { 13, 13, 189, 0, 12, 43, 34773 }, // U+FEC4
    { 13, 13, 210, 0, 12, 43, 34816 }, // U+FEC5
    { 15, 13, 222, 0, 12, 49, 34859 }, // U+FEC6
    { 11, 13, 181, 0, 12, 36, 34908 }, // U+FEC7
    { 13, 13, 189, 0, 12, 43, 34944 }, // U+FEC8
    { 10, 16, 135, 0, 9, 40, 34987 }, // U+FEC9
    { 10, 14, 142, 0, 7, 35, 35027 }, // U+FECA
    { 8, 9, 134, 0, 8, 18, 35062 }, // U+FECB
    { 10, 8, 139, 0, 7, 20, 35080 }, // U+FECC
    { 10, 20, 135, 0, 13, 50, 35100 }, // U+FECD
    { 10, 18, 142, 0, 11, 45, 35150 }, // U+FECE
    { 8, 13, 134, 0, 12, 26, 35195 }, // U+FECF
    { 10, 12, 139, 0, 11, 30, 35221 }, // U+FED0
    { 16, 14, 262, 0, 13, 56, 35251 }, // U+FED1
    { 20, 12, 293, 0, 11, 60, 35307 }, // U+FED2
    { 7, 14, 119, 0, 13, 25, 35367 }, // U+FED3
    { 10, 12, 132, 0, 11, 30, 35392 }, // U+FED4
    { 13, 15, 206, 0, 11, 49, 35422 }, // U+FED5
    { 15, 15, 216, 0, 10, 57, 35471 }, // U+FED6
    { 7, 14, 119, 0, 13, 25, 35528 }, // U+FED7
    { 10, 12, 132, 0, 11, 30, 35553 }, // U+FED8
    { 14, 13, 235, 0, 12, 46, 35583 }, // U+FED9
    { 17, 13, 246, 0, 12, 56, 35629 }, // U+FEDA
    { 8, 13, 110, 0, 12, 26, 35685 }, // U+FEDB
    { 10, 13, 136, 0, 12, 33, 35711 }, // U+FEDC
    { 11, 16, 185, 0, 12, 44, 35744 }, // U+FEDD
    { 13, 16, 195, 0, 12, 52, 35788 }, // U+FEDE
    { 4, 13, 69, 0, 12, 13, 35840 }, // U+FEDF
    { 6, 13, 80, 0, 12, 20, 35853 }, // U+FEE0
    { 8, 14, 129, 0, 7, 28, 35873 }, // U+FEE1
    { 11, 14, 150, 0, 7, 39, 35901 }, // U+FEE2
    { 8, 7, 140, 0, 6, 14, 35940 }, // U+FEE3
    { 11, 8, 154, 0, 7, 22, 35954 }, // U+FEE4
    { 11, 13, 183, 0, 9, 36, 35976 }, // U+FEE5
    { 13, 13, 195, 0, 9, 43, 36012 }, // U+FEE6
    { 4, 12, 72, 0, 11, 12, 36055 }, // U+FEE7
    { 7, 10, 91, 0, 9, 18, 36067 }, // U+FEE8
    { 7, 8, 108, 0, 8, 14, 36085 }, // U+FEE9
    { 9, 10, 130, 0, 9, 23, 36099 }, // U+FEEA
    { 9, 10, 153, 0, 9, 23, 36122 }, // U+FEEB
    { 10, 11, 135, 0, 7, 28, 36145 }, // U+FEEC
    { 7, 10, 119, 0, 6, 18, 36173 }, // U+FEED
    { 9, 10, 126, 0, 6, 23, 36191 }, // U+FEEE
    { 13, 11, 203, 0, 7, 36, 36214 }, // U+FEEF
    { 14, 7, 196, 0, 3, 25, 36250 }, // U+FEF0
    { 13, 15, 203, 0, 7, 49, 36275 }, // U+FEF1
    { 14, 11, 196, 0, 3, 39, 36324 }, // U+FEF2
    { 5, 11, 80, -1, 7, 14, 36363 }, // U+FEF3
    { 8, 9, 99, 0, 5, 18, 36377 }, // U+FEF4
    { 11, 13, 155, -2, 13, 36, 36395 }, // U+FEF5
    { 12, 14, 160, -1, 13, 42, 36431 }, // U+FEF6
    { 10, 15, 155, -1, 15, 38, 36473 }, // U+FEF7
    { 11, 16, 160, 0, 15, 44, 36511 }, // U+FEF8
    { 9, 18, 155, 0, 12, 41, 36555 }, // U+FEF9
    { 11, 18, 160, 0, 12, 50, 36596 }, // U+FEFA
    { 9, 12, 155, 0, 12, 27, 36646 }, // U+FEFB
    { 11, 13, 160, 0, 12, 36, 36673 }, // U+FEFC
    { 16, 16, 267, 0, 13, 64, 36709 }, // U+FFFD
};

static const EpdUnicodeInterval notosans_8_regularIntervals[] = {
    { 0x0, 0x0, 0x0 },
    { 0xD, 0xD, 0x1 },
    { 0x20, 0x7E, 0x2 },
    { 0xA0, 0x17F, 0x61 },
    { 0x1A0, 0x1A1, 0x141 },
    { 0x1AF, 0x1B0, 0x143 },
    { 0x1C4, 0x21F, 0x145 },
    { 0x300, 0x36F, 0x1A1 },
    { 0x400, 0x4FF, 0x211 },
    { 0x5D0, 0x5EA, 0x311 },
    { 0x60C, 0x60C, 0x32C },
    { 0x61B, 0x61B, 0x32D },
    { 0x61F, 0x61F, 0x32E },
    { 0x621, 0x621, 0x32F },
    { 0x640, 0x640, 0x330 },
    { 0x660, 0x669, 0x331 },
    { 0x6BA, 0x6BA, 0x33B },
    { 0x6D4, 0x6D4, 0x33C },
    { 0x6F0, 0x6F9, 0x33D },
    { 0x1EA0, 0x1EF9, 0x347 },
    { 0x2000, 0x2064, 0x3A1 },
    { 0x2066, 0x2071, 0x406 },
    { 0x2074, 0x208E, 0x412 },
    { 0x2090, 0x209C, 0x42D },
    { 0x20A0, 0x20C0, 0x43A },
    { 0x2212, 0x2212, 0x45B },
    { 0x221A, 0x221A, 0x45C },
    { 0xFB00, 0xFB06, 0x45D },
    { 0xFB56, 0xFB59, 0x464 },
    { 0xFB66, 0xFB69, 0x468 },
    { 0xFB7A, 0xFB7D, 0x46C },
    { 0xFB88, 0xFB95, 0x470 },
    { 0xFB9E, 0xFB9F, 0x47E },
    { 0xFBA6, 0xFBB1, 0x480 },
    { 0xFBFC, 0xFBFF, 0x48C },
    { 0xFE80, 0xFEFC, 0x490 },
    { 0xFFFD, 0xFFFD, 0x50D },
};

static const EpdKernClassEntry notosans_8_regularKernLeftClasses[] = {
    { 0x0022, 1 }, // "
    { 0x0026, 2 }, // &
    { 0x0027, 1 }, // '
    { 0x0028, 3 }, // (
    { 0x002C, 4 }, // ,
    { 0x002D, 5 }, // -
    { 0x002E, 4 }, // .
    { 0x003A, 6 }, // :
    { 0x0041, 7 }, // A
    { 0x0042, 8 }, // B
    { 0x0043, 9 }, // C
    { 0x0044, 10 }, // D
    { 0x0045, 11 }, // E
    { 0x0046, 12 }, // F
    { 0x004B, 9 }, // K
    { 0x004C, 13 }, // L
    { 0x004F, 10 }, // O
    { 0x0050, 14 }, // P
    { 0x0051, 10 }, // Q
    { 0x0052, 15 }, // R
    { 0x0054, 16 }, // T
    { 0x0055, 17 }, // U
    { 0x0056, 18 }, // V
    { 0x0057, 18 }, // W
    { 0x0058, 9 }, // X
    { 0x0059, 19 }, // Y
    { 0x005A, 20 }, // Z
    { 0x005B, 3 }, // [
    { 0x005F, 21 }, // _
    { 0x0061, 22 }, // a
    { 0x0062, 23 }, // b
    { 0x0063, 24 }, // c
    { 0x0065, 23 }, // e
    { 0x0066, 25 }, // f
    { 0x0068, 22 }, // h
    { 0x006D, 22 }, // m
    { 0x006E, 22 }, // n
    { 0x006F, 23 }, // o
    { 0x0070, 23 }, // p
    { 0x0072, 26 }, // r
    { 0x0074, 24 }, // t
    { 0x0076, 27 }, // v
    { 0x0077, 27 }, // w
    { 0x0078, 28 }, // x
    { 0x0079, 27 }, // y
    { 0x007B, 3 }, // {
    { 0x00A1, 29 }, // U+00A1
    { 0x00AB, 30 }, // U+00AB
    { 0x00BB, 31 }, // U+00BB
    { 0x00BF, 32 }, // U+00BF
    { 0x00C0, 7 }, // U+00C0
    { 0x00C1, 7 }, // U+00C1
    { 0x00C2, 7 }, // U+00C2
    { 0x00C3, 7 }, // U+00C3
    { 0x00C4, 7 }, // U+00C4
    { 0x00C5, 7 }, // U+00C5
    { 0x00C6, 11 }, // U+00C6
    { 0x00C7, 9 }, // U+00C7
    { 0x00C8, 11 }, // U+00C8
    { 0x00C9, 11 }, // U+00C9
    { 0x00CA, 11 }, // U+00CA
    { 0x00CB, 11 }, // U+00CB
    { 0x00D0, 10 }, // U+00D0
    { 0x00D2, 10 }, // U+00D2
    { 0x00D3, 10 }, // U+00D3
    { 0x00D4, 10 }, // U+00D4
    { 0x00D5, 10 }, // U+00D5
    { 0x00D6, 10 }, // U+00D6
    { 0x00D8, 10 }, // U+00D8
    { 0x00D9, 17 }, // U+00D9
    { 0x00DA, 17 }, // U+00DA
    { 0x00DB, 17 }, // U+00DB
    { 0x00DC, 17 }, // U+00DC
    { 0x00DD, 19 }, // U+00DD
    { 0x00DE, 14 }, // U+00DE
    { 0x00E0, 22 }, // U+00E0
    { 0x00E1, 22 }, // U+00E1
    { 0x00E2, 22 }, // U+00E2
    { 0x00E3, 22 }, // U+00E3
    { 0x00E4, 22 }, // U+00E4
    { 0x00E5, 22 }, // U+00E5
    { 0x00E6, 23 }, // U+00E6
    { 0x00E8, 23 }, // U+00E8
    { 0x00E9, 23 }, // U+00E9
    { 0x00EA, 23 }, // U+00EA
    { 0x00EB, 23 }, // U+00EB
    { 0x00EE, 33 }, // U+00EE
    { 0x00EF, 33 }, // U+00EF
    { 0x00F0, 23 }, // U+00F0
    { 0x00F2, 23 }, // U+00F2
    { 0x00F3, 23 }, // U+00F3
    { 0x00F4, 23 }, // U+00F4
    { 0x00F5, 23 }, // U+00F5
    { 0x00F6, 23 }, // U+00F6
    { 0x00F8, 23 }, // U+00F8
    { 0x00FD, 27 }, // U+00FD
    { 0x00FE, 23 }, // U+00FE
    { 0x00FF, 27 }, // U+00FF
    { 0x0100, 7 }, // U+0100
    { 0x0101, 22 }, // U+0101
    { 0x0102, 7 }, // U+0102
    { 0x0103, 22 }, // U+0103
    { 0x0104, 34 }, // U+0104
    { 0x0105, 22 }, // U+0105
    { 0x0106, 9 }, // U+0106
    { 0x0108, 9 }, // U+0108
    { 0x010A, 9 }, // U+010A
    { 0x010C, 9 }, // U+010C
    { 0x010E, 10 }, // U+010E
    { 0x010F, 35 }, // U+010F
    { 0x0110, 10 }, // U+0110
    { 0x0112, 11 }, // U+0112
    { 0x0113, 23 }, // U+0113
    { 0x0114, 11 }, // U+0114
    { 0x0115, 23 }, // U+0115
    { 0x0116, 11 }, // U+0116
    { 0x0117, 23 }, // U+0117
    { 0x0118, 11 }, // U+0118
    { 0x0119, 23 }, // U+0119
    { 0x011A, 11 }, // U+011A
    { 0x011B, 23 }, // U+011B
    { 0x0125, 22 }, // U+0125
    { 0x0129, 36 }, // U+0129
    { 0x012B, 33 }, // U+012B
    { 0x012E, 37 }, // U+012E
    { 0x0136, 9 }, // U+0136
    { 0x0138, 28 }, // U+0138
    { 0x0139, 13 }, // U+0139
    { 0x013B, 13 }, // U+013B
    { 0x013D, 13 }, // U+013D
    { 0x013E, 35 }, // U+013E
    { 0x013F, 13 }, // U+013F
    { 0x0141, 13 }, // U+0141
    { 0x0144, 22 }, // U+0144
    { 0x0146, 22 }, // U+0146
    { 0x0149, 22 }, // U+0149
    { 0x014B, 22 }, // U+014B
    { 0x014C, 10 }, // U+014C
    { 0x014D, 23 }, // U+014D
    { 0x014E, 10 }, // U+014E
    { 0x014F, 23 }, // U+014F
    { 0x0150, 10 }, // U+0150
    { 0x0151, 23 }, // U+0151
    { 0x0152, 11 }, // U+0152
    { 0x0153, 23 }, // U+0153
    { 0x0155, 26 }, // U+0155
    { 0x0157, 26 }, // U+0157
    { 0x0159, 26 }, // U+0159
    { 0x0162, 16 }, // U+0162
    { 0x0163, 24 }, // U+0163
    { 0x0164, 16 }, // U+0164
    { 0x0165, 38 }, // U+0165
    { 0x0166, 16 }, // U+0166
    { 0x0167, 24 }, // U+0167
    { 0x0168, 17 }, // U+0168
    { 0x016A, 17 }, // U+016A
    { 0x016C, 17 }, // U+016C
    { 0x016E, 17 }, // U+016E
    { 0x0170, 17 }, // U+0170
    { 0x0172, 17 }, // U+0172
    { 0x0174, 18 }, // U+0174
    { 0x0175, 27 }, // U+0175
    { 0x0176, 19 }, // U+0176
    { 0x0177, 27 }, // U+0177
    { 0x0178, 19 }, // U+0178
    { 0x0179, 20 }, // U+0179
    { 0x017B, 20 }, // U+017B
    { 0x017D, 20 }, // U+017D
    { 0x01A0, 39 }, // U+01A0
    { 0x01A1, 40 }, // U+01A1
    { 0x01AF, 41 }, // U+01AF
    { 0x01B0, 42 }, // U+01B0
    { 0x01FA, 7 }, // U+01FA
    { 0x01FB, 22 }, // U+01FB
    { 0x01FC, 11 }, // U+01FC
    { 0x01FD, 23 }, // U+01FD
    { 0x01FE, 10 }, // U+01FE
    { 0x020B, 33 }, // U+020B
    { 0x021A, 16 }, // U+021A
    { 0x021B, 24 }, // U+021B
    { 0x0400, 43 }, // U+0400
    { 0x0401, 43 }, // U+0401
    { 0x0402, 44 }, // U+0402
    { 0x0403, 45 }, // U+0403
    { 0x0404, 46 }, // U+0404
    { 0x0405, 47 }, // U+0405
    { 0x0409, 48 }, // U+0409
    { 0x040A, 48 }, // U+040A
    { 0x040B, 44 }, // U+040B
    { 0x040C, 49 }, // U+040C
    { 0x040E, 50 }, // U+040E
    { 0x0410, 51 }, // U+0410
    { 0x0411, 52 }, // U+0411
    { 0x0412, 53 }, // U+0412
    { 0x0413, 45 }, // U+0413
    { 0x0414, 54 }, // U+0414
    { 0x0415, 43 }, // U+0415
    { 0x0416, 49 }, // U+0416
    { 0x0417, 53 }, // U+0417
    { 0x041A, 49 }, // U+041A
    { 0x041E, 55 }, // U+041E
    { 0x0420, 56 }, // U+0420
    { 0x0421, 46 }, // U+0421
    { 0x0422, 45 }, // U+0422
    { 0x0423, 50 }, // U+0423
    { 0x0424, 57 }, // U+0424
    { 0x0425, 49 }, // U+0425
    { 0x0426, 54 }, // U+0426
    { 0x0429, 54 }, // U+0429
    { 0x042A, 48 }, // U+042A
    { 0x042C, 48 }, // U+042C
    { 0x042D, 55 }, // U+042D
    { 0x042E, 55 }, // U+042E
    { 0x0430, 58 }, // U+0430
    { 0x0431, 59 }, // U+0431
    { 0x0432, 60 }, // U+0432
    { 0x0433, 61 }, // U+0433
    { 0x0434, 62 }, // U+0434
    { 0x0435, 63 }, // U+0435
    { 0x0436, 64 }, // U+0436
    { 0x0437, 60 }, // U+0437
    { 0x0438, 65 }, // U+0438
    { 0x0439, 65 }, // U+0439
    { 0x043A, 64 }, // U+043A
    { 0x043B, 65 }, // U+043B
    { 0x043C, 65 }, // U+043C
    { 0x043D, 65 }, // U+043D
    { 0x043E, 63 }, // U+043E
    { 0x043F, 65 }, // U+043F
    { 0x0440, 63 }, // U+0440
    { 0x0441, 66 }, // U+0441
    { 0x0442, 61 }, // U+0442
    { 0x0443, 67 }, // U+0443
    { 0x0444, 63 }, // U+0444
    { 0x0445, 64 }, // U+0445
    { 0x0446, 62 }, // U+0446
    { 0x0447, 65 }, // U+0447
    { 0x0448, 65 }, // U+0448
    { 0x0449, 62 }, // U+0449
    { 0x044A, 68 }, // U+044A
    { 0x044B, 65 }, // U+044B
    { 0x044C, 68 }, // U+044C
    { 0x044D, 63 }, // U+044D
    { 0x044E, 63 }, // U+044E
    { 0x044F, 65 }, // U+044F
    { 0x0450, 63 }, // U+0450
    { 0x0451, 63 }, // U+0451
    { 0x0452, 69 }, // U+0452
    { 0x0453, 61 }, // U+0453
    { 0x0454, 66 }, // U+0454
    { 0x0455, 70 }, // U+0455
    { 0x0457, 71 }, // U+0457
    { 0x0458, 72 }, // U+0458
    { 0x0459, 68 }, // U+0459
    { 0x045A, 68 }, // U+045A
    { 0x045B, 73 }, // U+045B
    { 0x045C, 64 }, // U+045C
    { 0x045D, 65 }, // U+045D
    { 0x045E, 67 }, // U+045E
    { 0x045F, 65 }, // U+045F
    { 0x0460, 55 }, // U+0460
    { 0x0461, 74 }, // U+0461
    { 0x0462, 75 }, // U+0462
    { 0x0463, 68 }, // U+0463
    { 0x0464, 46 }, // U+0464
    { 0x0465, 66 }, // U+0465
    { 0x0466, 51 }, // U+0466
    { 0x0467, 76 }, // U+0467
    { 0x0468, 51 }, // U+0468
    { 0x0469, 76 }, // U+0469
    { 0x046E, 77 }, // U+046E
    { 0x0471, 63 }, // U+0471
    { 0x0472, 55 }, // U+0472
    { 0x0473, 63 }, // U+0473
    { 0x0474, 50 }, // U+0474
    { 0x0475, 74 }, // U+0475
    { 0x0476, 50 }, // U+0476
    { 0x0477, 74 }, // U+0477
    { 0x0478, 67 }, // U+0478
    { 0x0479, 67 }, // U+0479
    { 0x047A, 55 }, // U+047A
    { 0x047B, 63 }, // U+047B
    { 0x047C, 55 }, // U+047C
    { 0x047D, 63 }, // U+047D
    { 0x047E, 55 }, // U+047E
    { 0x047F, 74 }, // U+047F
    { 0x0480, 46 }, // U+0480
    { 0x048A, 54 }, // U+048A
    { 0x048B, 62 }, // U+048B
    { 0x048C, 75 }, // U+048C
    { 0x048D, 68 }, // U+048D
    { 0x048E, 56 }, // U+048E
    { 0x048F, 63 }, // U+048F
    { 0x0490, 78 }, // U+0490
    { 0x0491, 79 }, // U+0491
    { 0x0492, 80 }, // U+0492
    { 0x0493, 81 }, // U+0493
    { 0x0496, 82 }, // U+0496
    { 0x0497, 83 }, // U+0497
    { 0x0498, 77 }, // U+0498
    { 0x0499, 60 }, // U+0499
    { 0x049A, 82 }, // U+049A
    { 0x049B, 83 }, // U+049B
    { 0x049C, 49 }, // U+049C
    { 0x049D, 64 }, // U+049D
    { 0x049E, 49 }, // U+049E
    { 0x049F, 64 }, // U+049F
    { 0x04A0, 49 }, // U+04A0
    { 0x04A1, 64 }, // U+04A1
    { 0x04A2, 54 }, // U+04A2
    { 0x04A3, 62 }, // U+04A3
    { 0x04A4, 80 }, // U+04A4
    { 0x04A5, 79 }, // U+04A5
    { 0x04A9, 63 }, // U+04A9
    { 0x04AA, 46 }, // U+04AA
    { 0x04AB, 66 }, // U+04AB
    { 0x04AC, 78 }, // U+04AC
    { 0x04AD, 79 }, // U+04AD
    { 0x04AE, 84 }, // U+04AE
    { 0x04AF, 85 }, // U+04AF
    { 0x04B0, 84 }, // U+04B0
    { 0x04B1, 85 }, // U+04B1
    { 0x04B2, 82 }, // U+04B2
    { 0x04B3, 83 }, // U+04B3
    { 0x04B4, 54 }, // U+04B4
    { 0x04B5, 62 }, // U+04B5
    { 0x04B6, 54 }, // U+04B6
    { 0x04B7, 62 }, // U+04B7
    { 0x04BC, 86 }, // U+04BC
    { 0x04BD, 87 }, // U+04BD
    { 0x04BE, 86 }, // U+04BE
    { 0x04BF, 87 }, // U+04BF
    { 0x04C1, 49 }, // U+04C1
    { 0x04C2, 64 }, // U+04C2
    { 0x04C5, 54 }, // U+04C5
    { 0x04C6, 62 }, // U+04C6
    { 0x04C9, 54 }, // U+04C9
    { 0x04CA, 62 }, // U+04CA
    { 0x04CD, 54 }, // U+04CD
    { 0x04CE, 62 }, // U+04CE
    { 0x04D0, 51 }, // U+04D0
    { 0x04D1, 58 }, // U+04D1
    { 0x04D2, 51 }, // U+04D2
    { 0x04D3, 58 }, // U+04D3
    { 0x04D4, 43 }, // U+04D4
    { 0x04D5, 87 }, // U+04D5
    { 0x04D6, 43 }, // U+04D6
    { 0x04D7, 87 }, // U+04D7
    { 0x04D8, 55 }, // U+04D8
    { 0x04D9, 63 }, // U+04D9
    { 0x04DA, 55 }, // U+04DA
    { 0x04DB, 63 }, // U+04DB
    { 0x04DC, 49 }, // U+04DC
    { 0x04DD, 64 }, // U+04DD
    { 0x04DE, 77 }, // U+04DE
    { 0x04DF, 60 }, // U+04DF
    { 0x04E3, 65 }, // U+04E3
    { 0x04E5, 65 }, // U+04E5
    { 0x04E6, 55 }, // U+04E6
    { 0x04E7, 63 }, // U+04E7
    { 0x04E8, 55 }, // U+04E8
    { 0x04E9, 63 }, // U+04E9
    { 0x04EA, 55 }, // U+04EA
    { 0x04EB, 63 }, // U+04EB
    { 0x04EC, 55 }, // U+04EC
    { 0x04ED, 63 }, // U+04ED
    { 0x04EE, 50 }, // U+04EE
    { 0x04EF, 67 }, // U+04EF
    { 0x04F0, 50 }, // U+04F0
    { 0x04F1, 67 }, // U+04F1
    { 0x04F2, 50 }, // U+04F2
    { 0x04F3, 67 }, // U+04F3
    { 0x04F5, 65 }, // U+04F5
    { 0x04F6, 78 }, // U+04F6
    { 0x04F7, 79 }, // U+04F7
    { 0x04F9, 65 }, // U+04F9
    { 0x04FA, 80 }, // U+04FA
    { 0x04FB, 81 }, // U+04FB
    { 0x04FC, 82 }, // U+04FC
    { 0x04FD, 83 }, // U+04FD
    { 0x04FE, 49 }, // U+04FE
    { 0x04FF, 83 }, // U+04FF
    { 0x05D0, 88 }, // U+05D0
    { 0x05D1, 89 }, // U+05D1
    { 0x05D2, 90 }, // U+05D2
    { 0x05D3, 91 }, // U+05D3
    { 0x05D5, 92 }, // U+05D5
    { 0x05D6, 93 }, // U+05D6
    { 0x05D8, 94 }, // U+05D8
    { 0x05D9, 95 }, // U+05D9
    { 0x05DB, 96 }, // U+05DB
    { 0x05DC, 97 }, // U+05DC
    { 0x05DE, 98 }, // U+05DE
    { 0x05E0, 99 }, // U+05E0
    { 0x05E1, 100 }, // U+05E1
    { 0x05E2, 101 }, // U+05E2
    { 0x05E4, 102 }, // U+05E4
    { 0x05E6, 103 }, // U+05E6
    { 0x05E8, 104 }, // U+05E8
    { 0x05E9, 105 }, // U+05E9
    { 0x05EA, 106 }, // U+05EA
    { 0x1EA0, 7 }, // U+1EA0
    { 0x1EA1, 22 }, // U+1EA1
    { 0x1EA2, 7 }, // U+1EA2
    { 0x1EA3, 22 }, // U+1EA3
    { 0x1EA4, 7 }, // U+1EA4
    { 0x1EA5, 22 }, // U+1EA5
    { 0x1EA6, 7 }, // U+1EA6
    { 0x1EA7, 22 }, // U+1EA7
    { 0x1EA8, 7 }, // U+1EA8
    { 0x1EA9, 22 }, // U+1EA9
    { 0x1EAA, 7 }, // U+1EAA
    { 0x1EAB, 22 }, // U+1EAB
    { 0x1EAC, 7 }, // U+1EAC
    { 0x1EAD, 22 }, // U+1EAD
    { 0x1EAE, 7 }, // U+1EAE
    { 0x1EAF, 22 }, // U+1EAF
    { 0x1EB0, 7 }, // U+1EB0
    { 0x1EB1, 22 }, // U+1EB1
    { 0x1EB2, 7 }, // U+1EB2
    { 0x1EB3, 22 }, // U+1EB3
    { 0x1EB4, 7 }, // U+1EB4
    { 0x1EB5, 22 }, // U+1EB5
    { 0x1EB6, 7 }, // U+1EB6
    { 0x1EB7, 22 }, // U+1EB7
    { 0x1EB8, 11 }, // U+1EB8
    { 0x1EB9, 23 }, // U+1EB9
    { 0x1EBA, 11 }, // U+1EBA
    { 0x1EBB, 23 }, // U+1EBB
    { 0x1EBC, 11 }, // U+1EBC
    { 0x1EBD, 23 }, // U+1EBD
    { 0x1EBE, 11 }, // U+1EBE
    { 0x1EBF, 23 }, // U+1EBF
    { 0x1EC0, 11 }, // U+1EC0
    { 0x1EC1, 23 }, // U+1EC1
    { 0x1EC2, 11 }, // U+1EC2
    { 0x1EC3, 23 }, // U+1EC3
    { 0x1EC4, 11 }, // U+1EC4
    { 0x1EC5, 23 }, // U+1EC5
    { 0x1EC6, 11 }, // U+1EC6
    { 0x1EC7, 23 }, // U+1EC7
    { 0x1ECC, 10 }, // U+1ECC
    { 0x1ECD, 23 }, // U+1ECD
    { 0x1ECE, 10 }, // U+1ECE
    { 0x1ECF, 23 }, // U+1ECF
    { 0x1ED0, 10 }, // U+1ED0
    { 0x1ED1, 23 }, // U+1ED1
    { 0x1ED2, 10 }, // U+1ED2
    { 0x1ED3, 23 }, // U+1ED3
    { 0x1ED4, 10 }, // U+1ED4
    { 0x1ED5, 23 }, // U+1ED5
    { 0x1ED6, 10 }, // U+1ED6
    { 0x1ED7, 23 }, // U+1ED7
    { 0x1ED8, 10 }, // U+1ED8
    { 0x1ED9, 23 }, // U+1ED9
    { 0x1EDA, 39 }, // U+1EDA
    { 0x1EDB, 40 }, // U+1EDB
    { 0x1EDC, 39 }, // U+1EDC
    { 0x1EDD, 40 }, // U+1EDD
    { 0x1EDE, 39 }, // U+1EDE
    { 0x1EDF, 40 }, // U+1EDF
    { 0x1EE0, 39 }, // U+1EE0
    { 0x1EE1, 40 }, // U+1EE1
    { 0x1EE2, 39 }, // U+1EE2
    { 0x1EE3, 40 }, // U+1EE3
    { 0x1EE4, 17 }, // U+1EE4
    { 0x1EE6, 17 }, // U+1EE6
    { 0x1EE8, 41 }, // U+1EE8
    { 0x1EE9, 42 }, // U+1EE9
    { 0x1EEA, 41 }, // U+1EEA
    { 0x1EEB, 42 }, // U+1EEB
    { 0x1EEC, 41 }, // U+1EEC
    { 0x1EED, 42 }, // U+1EED
    { 0x1EEE, 41 }, // U+1EEE
    { 0x1EEF, 42 }, // U+1EEF
    { 0x1EF0, 41 }, // U+1EF0
    { 0x1EF1, 42 }, // U+1EF1
    { 0x1EF2, 19 }, // U+1EF2
    { 0x1EF3, 27 }, // U+1EF3
    { 0x1EF4, 19 }, // U+1EF4
    { 0x1EF5, 27 }, // U+1EF5
    { 0x1EF6, 19 }, // U+1EF6
    { 0x1EF7, 27 }, // U+1EF7
    { 0x1EF8, 19 }, // U+1EF8
    { 0x1EF9, 27 }, // U+1EF9
    { 0x2013, 5 }, // U+2013
    { 0x2014, 5 }, // U+2014
    { 0x2015, 5 }, // U+2015
    { 0x2018, 1 }, // U+2018
    { 0x2019, 1 }, // U+2019
    { 0x201A, 4 }, // U+201A
    { 0x201C, 1 }, // U+201C
    { 0x201D, 1 }, // U+201D
    { 0x201E, 4 }, // U+201E
    { 0x2039, 30 }, // U+2039
    { 0x203A, 31 }, // U+203A
    { 0xFB00, 25 }, // U+FB00
    { 0xFB8C, 107 }, // U+FB8C
    { 0xFEAD, 107 }, // U+FEAD
    { 0xFEAE, 107 }, // U+FEAE
    { 0xFEAF, 107 }, // U+FEAF
};

static const EpdKernClassEntry notosans_8_regularKernRightClasses[] = {
    { 0x0021, 1 }, // !
    { 0x0022, 2 }, // "
    { 0x0026, 3 }, // &
    { 0x0027, 2 }, // '
    { 0x0029, 4 }, // )
    { 0x002C, 5 }, // ,
    { 0x002D, 6 }, // -
    { 0x002E, 5 }, // .
    { 0x003A, 7 }, // :
    { 0x003B, 7 }, // ;
    { 0x003F, 8 }, // ?
    { 0x0041, 9 }, // A
    { 0x0043, 10 }, // C
    { 0x0047, 10 }, // G
    { 0x0049, 11 }, // I
    { 0x004A, 12 }, // J
    { 0x004F, 10 }, // O
    { 0x0051, 10 }, // Q
    { 0x0054, 13 }, // T
    { 0x0055, 14 }, // U
    { 0x0056, 15 }, // V
    { 0x0057, 15 }, // W
    { 0x0058, 16 }, // X
    { 0x0059, 17 }, // Y
    { 0x005A, 18 }, // Z
    { 0x005D, 4 }, // ]
    { 0x0061, 19 }, // a
    { 0x0062, 20 }, // b
    { 0x0063, 21 }, // c
    { 0x0064, 21 }, // d
    { 0x0065, 21 }, // e
    { 0x0066, 22 }, // f
    { 0x0067, 23 }, // g
    { 0x0068, 20 }, // h
    { 0x006A, 24 }, // j
    { 0x006B, 20 }, // k
    { 0x006C, 20 }, // l
    { 0x006D, 25 }, // m
    { 0x006E, 25 }, // n
    { 0x006F, 21 }, // o
    { 0x0070, 25 }, // p
    { 0x0071, 21 }, // q
    { 0x0072, 25 }, // r
    { 0x0073, 26 }, // s
    { 0x0074, 22 }, // t
    { 0x0075, 25 }, // u
    { 0x0076, 27 }, // v
    { 0x0077, 27 }, // w
    { 0x0078, 27 }, // x
    { 0x0079, 27 }, // y
    { 0x007A, 28 }, // z
    { 0x007D, 4 }, // }
    { 0x00AB, 29 }, // U+00AB
    { 0x00BB, 30 }, // U+00BB
    { 0x00C0, 9 }, // U+00C0
    { 0x00C1, 9 }, // U+00C1
    { 0x00C2, 9 }, // U+00C2
    { 0x00C3, 9 }, // U+00C3
    { 0x00C4, 9 }, // U+00C4
    { 0x00C5, 9 }, // U+00C5
    { 0x00C6, 31 }, // U+00C6
    { 0x00C7, 10 }, // U+00C7
    { 0x00D2, 10 }, // U+00D2
    { 0x00D3, 10 }, // U+00D3
    { 0x00D4, 10 }, // U+00D4
    { 0x00D5, 10 }, // U+00D5
    { 0x00D6, 10 }, // U+00D6
    { 0x00D8, 10 }, // U+00D8
    { 0x00D9, 14 }, // U+00D9
    { 0x00DA, 14 }, // U+00DA
    { 0x00DB, 14 }, // U+00DB
    { 0x00DC, 14 }, // U+00DC
    { 0x00DD, 17 }, // U+00DD
    { 0x00E0, 21 }, // U+00E0
    { 0x00E1, 19 }, // U+00E1
    { 0x00E2, 19 }, // U+00E2
    { 0x00E3, 19 }, // U+00E3
    { 0x00E4, 19 }, // U+00E4
    { 0x00E5, 19 }, // U+00E5
    { 0x00E6, 19 }, // U+00E6
    { 0x00E7, 21 }, // U+00E7
    { 0x00E8, 21 }, // U+00E8
    { 0x00E9, 21 }, // U+00E9
    { 0x00EA, 21 }, // U+00EA
    { 0x00EB, 21 }, // U+00EB
    { 0x00F2, 21 }, // U+00F2
    { 0x00F3, 21 }, // U+00F3
    { 0x00F4, 21 }, // U+00F4
    { 0x00F5, 21 }, // U+00F5
    { 0x00F6, 21 }, // U+00F6
    { 0x00F8, 21 }, // U+00F8
    { 0x00F9, 25 }, // U+00F9
    { 0x00FA, 25 }, // U+00FA
    { 0x00FB, 25 }, // U+00FB
    { 0x00FC, 25 }, // U+00FC
    { 0x00FD, 27 }, // U+00FD
    { 0x00FE, 20 }, // U+00FE
    { 0x00FF, 27 }, // U+00FF
    { 0x0100, 9 }, // U+0100
    { 0x0101, 19 }, // U+0101
    { 0x0102, 9 }, // U+0102
    { 0x0103, 19 }, // U+0103
    { 0x0104, 9 }, // U+0104
    { 0x0105, 19 }, // U+0105
    { 0x0106, 10 }, // U+0106
    { 0x0107, 21 }, // U+0107
    { 0x0108, 10 }, // U+0108
    { 0x0109, 21 }, // U+0109
    { 0x010A, 10 }, // U+010A
    { 0x010B, 21 }, // U+010B
    { 0x010C, 10 }, // U+010C
    { 0x010D, 21 }, // U+010D
    { 0x010F, 21 }, // U+010F
    { 0x0111, 21 }, // U+0111
    { 0x0113, 21 }, // U+0113
    { 0x0115, 21 }, // U+0115
    { 0x0117, 21 }, // U+0117
    { 0x0119, 21 }, // U+0119
    { 0x011B, 21 }, // U+011B
    { 0x011C, 10 }, // U+011C
    { 0x011D, 23 }, // U+011D
    { 0x011E, 10 }, // U+011E
    { 0x011F, 23 }, // U+011F
    { 0x0120, 10 }, // U+0120
    { 0x0121, 23 }, // U+0121
    { 0x0122, 10 }, // U+0122
    { 0x0123, 23 }, // U+0123
    { 0x0125, 20 }, // U+0125
    { 0x0127, 32 }, // U+0127
    { 0x0129, 33 }, // U+0129
    { 0x0137, 20 }, // U+0137
    { 0x0138, 25 }, // U+0138
    { 0x013A, 20 }, // U+013A
    { 0x013C, 20 }, // U+013C
    { 0x013E, 20 }, // U+013E
    { 0x0140, 20 }, // U+0140
    { 0x0144, 25 }, // U+0144
    { 0x0146, 25 }, // U+0146
    { 0x014B, 25 }, // U+014B
    { 0x014C, 10 }, // U+014C
    { 0x014D, 21 }, // U+014D
    { 0x014E, 10 }, // U+014E
    { 0x014F, 21 }, // U+014F
    { 0x0150, 10 }, // U+0150
    { 0x0151, 21 }, // U+0151
    { 0x0152, 10 }, // U+0152
    { 0x0153, 21 }, // U+0153
    { 0x0155, 25 }, // U+0155
    { 0x0157, 25 }, // U+0157
    { 0x015B, 26 }, // U+015B
    { 0x015F, 26 }, // U+015F
    { 0x0162, 13 }, // U+0162
    { 0x0163, 22 }, // U+0163
    { 0x0164, 13 }, // U+0164
    { 0x0165, 22 }, // U+0165
    { 0x0166, 13 }, // U+0166
    { 0x0167, 22 }, // U+0167
    { 0x0168, 14 }, // U+0168
    { 0x0169, 25 }, // U+0169
    { 0x016A, 14 }, // U+016A
    { 0x016B, 25 }, // U+016B
    { 0x016C, 14 }, // U+016C
    { 0x016D, 25 }, // U+016D
    { 0x016E, 14 }, // U+016E
    { 0x016F, 25 }, // U+016F
    { 0x0170, 14 }, // U+0170
    { 0x0171, 25 }, // U+0171
    { 0x0172, 14 }, // U+0172
    { 0x0173, 25 }, // U+0173
    { 0x0174, 15 }, // U+0174
    { 0x0175, 27 }, // U+0175
    { 0x0176, 17 }, // U+0176
    { 0x0177, 27 }, // U+0177
    { 0x0178, 17 }, // U+0178
    { 0x0179, 18 }, // U+0179
    { 0x017A, 28 }, // U+017A
    { 0x017B, 18 }, // U+017B
    { 0x017C, 28 }, // U+017C
    { 0x017D, 18 }, // U+017D
    { 0x017E, 28 }, // U+017E
    { 0x01A0, 10 }, // U+01A0
    { 0x01A1, 21 }, // U+01A1
    { 0x01AF, 14 }, // U+01AF
    { 0x01B0, 25 }, // U+01B0
    { 0x01FA, 9 }, // U+01FA
    { 0x01FB, 19 }, // U+01FB
    { 0x01FC, 31 }, // U+01FC
    { 0x01FD, 19 }, // U+01FD
    { 0x01FE, 10 }, // U+01FE
    { 0x01FF, 21 }, // U+01FF
    { 0x0219, 26 }, // U+0219
    { 0x021A, 13 }, // U+021A
    { 0x021B, 22 }, // U+021B
    { 0x0402, 34 }, // U+0402
    { 0x0404, 35 }, // U+0404
    { 0x0405, 36 }, // U+0405
    { 0x0408, 37 }, // U+0408
    { 0x0409, 38 }, // U+0409
    { 0x040B, 34 }, // U+040B
    { 0x040E, 39 }, // U+040E
    { 0x0410, 40 }, // U+0410
    { 0x0414, 41 }, // U+0414
    { 0x0416, 42 }, // U+0416
    { 0x0417, 43 }, // U+0417
    { 0x041B, 38 }, // U+041B
    { 0x041E, 35 }, // U+041E
    { 0x0421, 35 }, // U+0421
    { 0x0422, 34 }, // U+0422
    { 0x0423, 39 }, // U+0423
    { 0x0424, 44 }, // U+0424
    { 0x0425, 42 }, // U+0425
    { 0x0427, 45 }, // U+0427
    { 0x042A, 34 }, // U+042A
    { 0x042D, 43 }, // U+042D
    { 0x042F, 46 }, // U+042F
    { 0x0430, 47 }, // U+0430
    { 0x0431, 48 }, // U+0431
    { 0x0432, 49 }, // U+0432
    { 0x0433, 49 }, // U+0433
    { 0x0434, 50 }, // U+0434
    { 0x0435, 51 }, // U+0435
    { 0x0436, 52 }, // U+0436
    { 0x0437, 53 }, // U+0437
    { 0x0438, 49 }, // U+0438
    { 0x0439, 49 }, // U+0439
    { 0x043A, 49 }, // U+043A
    { 0x043B, 54 }, // U+043B
    { 0x043C, 49 }, // U+043C
    { 0x043D, 49 }, // U+043D
    { 0x043E, 51 }, // U+043E
    { 0x043F, 49 }, // U+043F
    { 0x0440, 49 }, // U+0440
    { 0x0441, 51 }, // U+0441
    { 0x0442, 55 }, // U+0442
    { 0x0443, 56 }, // U+0443
    { 0x0444, 51 }, // U+0444
    { 0x0445, 52 }, // U+0445
    { 0x0446, 49 }, // U+0446
    { 0x0447, 57 }, // U+0447
    { 0x0448, 49 }, // U+0448
    { 0x0449, 49 }, // U+0449
    { 0x044A, 55 }, // U+044A
    { 0x044B, 49 }, // U+044B
    { 0x044C, 49 }, // U+044C
    { 0x044D, 53 }, // U+044D
    { 0x044E, 49 }, // U+044E
    { 0x044F, 58 }, // U+044F
    { 0x0450, 51 }, // U+0450
    { 0x0451, 51 }, // U+0451
    { 0x0452, 59 }, // U+0452
    { 0x0453, 49 }, // U+0453
    { 0x0454, 51 }, // U+0454
    { 0x0455, 60 }, // U+0455
    { 0x0457, 61 }, // U+0457
    { 0x0458, 62 }, // U+0458
    { 0x0459, 54 }, // U+0459
    { 0x045A, 49 }, // U+045A
    { 0x045B, 59 }, // U+045B
    { 0x045C, 49 }, // U+045C
    { 0x045D, 49 }, // U+045D
    { 0x045E, 56 }, // U+045E
    { 0x045F, 49 }, // U+045F
    { 0x0460, 63 }, // U+0460
    { 0x0461, 64 }, // U+0461
    { 0x0462, 65 }, // U+0462
    { 0x0465, 66 }, // U+0465
    { 0x0466, 40 }, // U+0466
    { 0x0467, 50 }, // U+0467
    { 0x0469, 66 }, // U+0469
    { 0x046D, 66 }, // U+046D
    { 0x046E, 43 }, // U+046E
    { 0x0470, 45 }, // U+0470
    { 0x0472, 63 }, // U+0472
    { 0x0473, 47 }, // U+0473
    { 0x0474, 67 }, // U+0474
    { 0x0475, 64 }, // U+0475
    { 0x0476, 67 }, // U+0476
    { 0x0477, 64 }, // U+0477
    { 0x0478, 63 }, // U+0478
    { 0x0479, 47 }, // U+0479
    { 0x047A, 63 }, // U+047A
    { 0x047B, 47 }, // U+047B
    { 0x047C, 63 }, // U+047C
    { 0x047D, 47 }, // U+047D
    { 0x047E, 63 }, // U+047E
    { 0x047F, 64 }, // U+047F
    { 0x0480, 63 }, // U+0480
    { 0x0481, 47 }, // U+0481
    { 0x048B, 66 }, // U+048B
    { 0x048C, 65 }, // U+048C
    { 0x048D, 59 }, // U+048D
    { 0x048F, 66 }, // U+048F
    { 0x0491, 66 }, // U+0491
    { 0x0492, 65 }, // U+0492
    { 0x0495, 66 }, // U+0495
    { 0x0496, 42 }, // U+0496
    { 0x0497, 52 }, // U+0497
    { 0x0498, 43 }, // U+0498
    { 0x0499, 53 }, // U+0499
    { 0x049B, 66 }, // U+049B
    { 0x049D, 66 }, // U+049D
    { 0x049F, 59 }, // U+049F
    { 0x04A0, 68 }, // U+04A0
    { 0x04A1, 55 }, // U+04A1
    { 0x04A3, 66 }, // U+04A3
    { 0x04A5, 66 }, // U+04A5
    { 0x04A7, 66 }, // U+04A7
    { 0x04A8, 63 }, // U+04A8
    { 0x04A9, 47 }, // U+04A9
    { 0x04AA, 63 }, // U+04AA
    { 0x04AB, 47 }, // U+04AB
    { 0x04AC, 34 }, // U+04AC
    { 0x04AD, 55 }, // U+04AD
    { 0x04AE, 69 }, // U+04AE
    { 0x04AF, 70 }, // U+04AF
    { 0x04B0, 69 }, // U+04B0
    { 0x04B1, 70 }, // U+04B1
    { 0x04B2, 42 }, // U+04B2
    { 0x04B3, 52 }, // U+04B3
    { 0x04B4, 68 }, // U+04B4
    { 0x04B5, 55 }, // U+04B5
    { 0x04B6, 45 }, // U+04B6
    { 0x04B7, 57 }, // U+04B7
    { 0x04B8, 45 }, // U+04B8
    { 0x04B9, 57 }, // U+04B9
    { 0x04BB, 66 }, // U+04BB
    { 0x04BC, 71 }, // U+04BC
    { 0x04BD, 72 }, // U+04BD
    { 0x04BE, 71 }, // U+04BE
    { 0x04BF, 72 }, // U+04BF
    { 0x04C1, 42 }, // U+04C1
    { 0x04C2, 52 }, // U+04C2
    { 0x04C4, 66 }, // U+04C4
    { 0x04C5, 73 }, // U+04C5
    { 0x04C6, 50 }, // U+04C6
    { 0x04C8, 66 }, // U+04C8
    { 0x04CA, 66 }, // U+04CA
    { 0x04CB, 45 }, // U+04CB
    { 0x04CC, 57 }, // U+04CC
    { 0x04CE, 66 }, // U+04CE
    { 0x04D0, 40 }, // U+04D0
    { 0x04D1, 74 }, // U+04D1
    { 0x04D2, 40 }, // U+04D2
    { 0x04D3, 74 }, // U+04D3
    { 0x04D4, 40 }, // U+04D4
    { 0x04D5, 74 }, // U+04D5
    { 0x04D7, 47 }, // U+04D7
    { 0x04D8, 75 }, // U+04D8
    { 0x04D9, 74 }, // U+04D9
    { 0x04DA, 75 }, // U+04DA
    { 0x04DB, 74 }, // U+04DB
    { 0x04DC, 42 }, // U+04DC
    { 0x04DD, 52 }, // U+04DD
    { 0x04DE, 43 }, // U+04DE
    { 0x04DF, 53 }, // U+04DF
    { 0x04E3, 49 }, // U+04E3
    { 0x04E5, 49 }, // U+04E5
    { 0x04E6, 63 }, // U+04E6
    { 0x04E7, 47 }, // U+04E7
    { 0x04E8, 63 }, // U+04E8
    { 0x04E9, 47 }, // U+04E9
    { 0x04EA, 63 }, // U+04EA
    { 0x04EB, 47 }, // U+04EB
    { 0x04EC, 43 }, // U+04EC
    { 0x04ED, 53 }, // U+04ED
    { 0x04EE, 39 }, // U+04EE
    { 0x04EF, 56 }, // U+04EF
    { 0x04F0, 39 }, // U+04F0
    { 0x04F1, 56 }, // U+04F1
    { 0x04F2, 39 }, // U+04F2
    { 0x04F3, 56 }, // U+04F3
    { 0x04F4, 45 }, // U+04F4
    { 0x04F5, 57 }, // U+04F5
    { 0x04F7, 66 }, // U+04F7
    { 0x04F9, 49 }, // U+04F9
    { 0x04FA, 65 }, // U+04FA
    { 0x04FC, 42 }, // U+04FC
    { 0x04FD, 52 }, // U+04FD
    { 0x04FE, 42 }, // U+04FE
    { 0x04FF, 52 }, // U+04FF
    { 0x05D0, 76 }, // U+05D0
    { 0x05D1, 77 }, // U+05D1
    { 0x05D2, 78 }, // U+05D2
    { 0x05D3, 79 }, // U+05D3
    { 0x05D4, 80 }, // U+05D4
    { 0x05D6, 81 }, // U+05D6
    { 0x05D7, 82 }, // U+05D7
    { 0x05D8, 83 }, // U+05D8
    { 0x05D9, 84 }, // U+05D9
    { 0x05DA, 85 }, // U+05DA
    { 0x05DB, 86 }, // U+05DB
    { 0x05DC, 87 }, // U+05DC
    { 0x05DD, 88 }, // U+05DD
    { 0x05DE, 89 }, // U+05DE
    { 0x05E1, 90 }, // U+05E1
    { 0x05E2, 91 }, // U+05E2
    { 0x05E3, 92 }, // U+05E3
    { 0x05E4, 93 }, // U+05E4
    { 0x05E5, 94 }, // U+05E5
    { 0x05E7, 95 }, // U+05E7
    { 0x05E8, 96 }, // U+05E8
    { 0x05E9, 97 }, // U+05E9
    { 0x05EA, 98 }, // U+05EA
    { 0x1EA0, 9 }, // U+1EA0
    { 0x1EA1, 19 }, // U+1EA1
    { 0x1EA2, 9 }, // U+1EA2
    { 0x1EA3, 19 }, // U+1EA3
    { 0x1EA4, 9 }, // U+1EA4
    { 0x1EA5, 19 }, // U+1EA5
    { 0x1EA6, 9 }, // U+1EA6
    { 0x1EA7, 19 }, // U+1EA7
    { 0x1EA8, 9 }, // U+1EA8
    { 0x1EA9, 19 }, // U+1EA9
    { 0x1EAA, 9 }, // U+1EAA
    { 0x1EAB, 19 }, // U+1EAB
    { 0x1EAC, 9 }, // U+1EAC
    { 0x1EAD, 19 }, // U+1EAD
    { 0x1EAE, 9 }, // U+1EAE
    { 0x1EAF, 19 }, // U+1EAF
    { 0x1EB0, 9 }, // U+1EB0
    { 0x1EB1, 19 }, // U+1EB1
    { 0x1EB2, 9 }, // U+1EB2
    { 0x1EB3, 19 }, // U+1EB3
    { 0x1EB4, 9 }, // U+1EB4
    { 0x1EB5, 19 }, // U+1EB5
    { 0x1EB6, 9 }, // U+1EB6
    { 0x1EB7, 19 }, // U+1EB7
    { 0x1EB9, 21 }, // U+1EB9
    { 0x1EBB, 21 }, // U+1EBB
    { 0x1EBD, 21 }, // U+1EBD
    { 0x1EBF, 21 }, // U+1EBF
    { 0x1EC1, 21 }, // U+1EC1
    { 0x1EC3, 21 }, // U+1EC3
    { 0x1EC5, 21 }, // U+1EC5
    { 0x1EC7, 21 }, // U+1EC7
    { 0x1ECC, 10 }, // U+1ECC
    { 0x1ECD, 21 }, // U+1ECD
    { 0x1ECE, 10 }, // U+1ECE
    { 0x1ECF, 21 }, // U+1ECF
    { 0x1ED0, 10 }, // U+1ED0
    { 0x1ED1, 21 }, // U+1ED1
    { 0x1ED2, 10 }, // U+1ED2
    { 0x1ED3, 21 }, // U+1ED3
    { 0x1ED4, 10 }, // U+1ED4
    { 0x1ED5, 21 }, // U+1ED5
    { 0x1ED6, 10 }, // U+1ED6
    { 0x1ED7, 21 }, // U+1ED7
    { 0x1ED8, 10 }, // U+1ED8
    { 0x1ED9, 21 }, // U+1ED9
    { 0x1EDA, 10 }, // U+1EDA
    { 0x1EDB, 21 }, // U+1EDB
    { 0x1EDC, 10 }, // U+1EDC
    { 0x1EDD, 21 }, // U+1EDD
    { 0x1EDE, 10 }, // U+1EDE
    { 0x1EDF, 21 }, // U+1EDF
    { 0x1EE0, 10 }, // U+1EE0
    { 0x1EE1, 21 }, // U+1EE1
    { 0x1EE2, 10 }, // U+1EE2
    { 0x1EE3, 21 }, // U+1EE3
    { 0x1EE4, 14 }, // U+1EE4
    { 0x1EE5, 25 }, // U+1EE5
    { 0x1EE6, 14 }, // U+1EE6
    { 0x1EE7, 25 }, // U+1EE7
    { 0x1EE8, 14 }, // U+1EE8
    { 0x1EE9, 25 }, // U+1EE9
    { 0x1EEA, 14 }, // U+1EEA
    { 0x1EEB, 25 }, // U+1EEB
    { 0x1EEC, 14 }, // U+1EEC
    { 0x1EED, 25 }, // U+1EED
    { 0x1EEE, 14 }, // U+1EEE
    { 0x1EEF, 25 }, // U+1EEF
    { 0x1EF0, 14 }, // U+1EF0
    { 0x1EF1, 25 }, // U+1EF1
    { 0x1EF2, 17 }, // U+1EF2
    { 0x1EF4, 17 }, // U+1EF4
    { 0x1EF5, 27 }, // U+1EF5
    { 0x1EF6, 17 }, // U+1EF6
    { 0x1EF7, 27 }, // U+1EF7
    { 0x1EF8, 17 }, // U+1EF8
    { 0x1EF9, 27 }, // U+1EF9
    { 0x2013, 6 }, // U+2013
    { 0x2014, 6 }, // U+2014
    { 0x2015, 6 }, // U+2015
    { 0x2018, 99 }, // U+2018
    { 0x2019, 2 }, // U+2019
    { 0x201A, 5 }, // U+201A
    { 0x201C, 99 }, // U+201C
    { 0x201D, 2 }, // U+201D
    { 0x201E, 5 }, // U+201E
    { 0x2026, 5 }, // U+2026
    { 0x2039, 29 }, // U+2039
    { 0x203A, 30 }, // U+203A
    { 0xFB00, 22 }, // U+FB00
    { 0xFB01, 22 }, // U+FB01
    { 0xFB02, 22 }, // U+FB02
    { 0xFB03, 22 }, // U+FB03
    { 0xFB04, 22 }, // U+FB04
    { 0xFB8E, 100 }, // U+FB8E
    { 0xFBA6, 100 }, // U+FBA6
    { 0xFBAA, 100 }, // U+FBAA
    { 0xFE8D, 101 }, // U+FE8D
    { 0xFEA3, 100 }, // U+FEA3
    { 0xFEA9, 102 }, // U+FEA9
    { 0xFEB1, 102 }, // U+FEB1
    { 0xFEB3, 102 }, // U+FEB3
    { 0xFEB9, 102 }, // U+FEB9
    { 0xFEBB, 102 }, // U+FEBB
    { 0xFEC1, 102 }, // U+FEC1
    { 0xFEC3, 102 }, // U+FEC3
    { 0xFECB, 101 }, // U+FECB
    { 0xFEDB, 100 }, // U+FEDB
    { 0xFEDF, 101 }, // U+FEDF
    { 0xFEE1, 100 }, // U+FEE1
    { 0xFEE3, 100 }, // U+FEE3
    { 0xFEE9, 100 }, // U+FEE9
    { 0xFEEB, 100 }, // U+FEEB
};

static const int8_t notosans_8_regularKernMatrix[] = {
       0,    0,    0,    0,    0,    0,    0,    0,  -19,    0,    0,    0,    5,    0,    5,    0,    3,    0,  -11,    0,  -16,    0,   -8,    0,   -8,   -8,    0,    0,    0,    0,  -21,    0,   19,    5,    0,    0,    0,   -8,    5,  -19,  -16,    5,    0,   -3,    0,    0,  -11,    0,    0,  -19,    0,    0,    5,  -13,    8,    5,    0,    0,    8,    0,    8,    0,    0,    0,    0,    0,    0,    5,    0,    0,    0,    0,  -16,   -5,    0,    0,    0,    0,    0,    0,    0,    0,    0,    0,    0,    0,    0,    0,    0,    0,    0,    0,    0,    0,    0,    0,    0,    0,    0,    0,    0,    0,
       0,    0,    0,    0,    0,    0,    0,    0,    0,    0,    0,    0,  -16,    0,   -5,    0,   -8,    0,    0,    0,    0,    0,    0,    0,    0,    0,    0,    0,    0,    0,    0,    0,    0,    0,    0,    0,    0,    0,    0,    0,    0,    0,    0,    0,    0,    0,    0,    0,    0,    0,    0,    0,    0,    0,    0,    0,    0,    0,    0,    0,    0,    0,    0,    0,    0,    0,    0,    0,    0,    0,    0,    0,    0,    0,    0,    0,    0,    0,    0,    0,    0,    0,    0,    0,    0,    0,    0,    0,    0,    0,    0,    0,    0,    0,    0,    0,    0,    0,    0,    0,    0,    0,
       0,    0,    0,    0,    0,    0,    0,    0,    0,    0,    0,   24,    0,    0,    0,    0,    0,    0,    0,    0,    0,    0,    0,   11,    0,    0,    0,    0,    0,    0,    0,    0,    0,    0,    0,    0,   27,    0,    0,    0,    0,    0,    0,   -8,    0,    0,    0,    0,    0,    0,    0,    0,    0,    0,    0,    0,    0,    0,    0,    0,    0,   16,    0,    0,    0,    0,    0,    0,    0,    0,    0,    0,    0,    0,    0,    0,    0,    0,    0,    0,    0,    0,    0,    0,    0,    0,    0,    0,    0,    0,    0,    0,    0,    0,    0,    0,    0,    0,    0,    0,    0,    0,
       0,    0,    0,    0,    0,    0,    0,    0,    0,  -13,    0,    0,  -19,   -5,  -16,    0,  -16,    0,    0,    0,    0,    0,    0,    0,    0,    0,    0,    0,    0,    0,    0,    0,    0,  -13,    0,    0,   16,    0,   -5,    0,    0,    0,    0,  -11,  -21,    0,    0,    0,    0,    0,    0,    0,    0,    0,  -11,    0,  -16,    0,    0,    0,    0,    0,  -13,    0,    0,    0,  -16,  -19,  -16,    0,  -16,    0,    0,    0,    0,    0,    0,    0,    0,    0,    0,    0,    0,    0,    0,    0,    0,    0,    0,    0,    0,    0,    0,    0,    0,    0,    0,    0,    0,    0,    0,    0,
       0,    0,    0,    0,    0,    0,    0,    0,    0,    0,    0,    0,  -11,    0,    0,    0,    0,    0,    0,    0,    0,    0,    0,    0,    0,    0,    0,    0,    0,    0,    0,    0,    0,  -11,    0,    0,    0,    0,   -5,    0,    0,   -3,    0,    0,    0,    0,    0,    0,    0,    0,    0,   -3,    0,    0,   -5,    0,    0,    0,    0,    0,    0,    0,    0,    0,    0,    0,    0,  -11,    0,    0,    0,    0,    0,    0,    0,    0,    0,    0,    0,    0,    0,    0,    0,    0,    0,    0,    0,    0,    0,    0,    0,    0,    0,    0,    0,    0,    0,    0,    0,    0,    0,    0,
       0,    0,    0,    0,    0,    0,    0,    0,    0,    0,    0,    0,    0,    0,    0,    0,    0,    0,    0,    0,    0,    0,    0,    0,    0,    0,    0,    0,    0,    0,    0,    0,    0,   -8,    0,    0,    0,    0,    0,    0,    0,   -3,    0,   -3,   -3,    0,    0,    0,    0,    0,    0,    0,    0,    0,    0,    0,   -3,    0,    0,    0,    0,    0,    0,    0,    0,    0,    0,    0,    0,    0,    0,    0,    0,    0,    0,    0,    0,    0,    0,    0,    0,    0,    0,    0,    0,    0,    0,    0,    0,    0,    0,    0,    0,    0,    0,    0,    0,    0,    0,    0,    0,    0,
       0,  -19,    0,    0,    0,    0,    0,    0,    0,   -5,    0,   13,  -19,    0,  -11,    0,  -16,    0,    0,    0,    0,    0,    0,    0,    0,    0,    0,    0,    0,    0,    0,    0,    0,    0,    0,    0,    0,    0,    0,    0,    0,    0,    0,    0,    0,    0,    0,    0,    0,    0,    0,    0,    0,    0,    0,    0,    0,    0,    0,    0,    0,    0,    0,    0,    0,    0,    0,    0,    0,    0,    0,    0,    0,    0,    0,    0,    0,    0,    0,    0,    0,    0,    0,    0,    0,    0,    0,    0,    0,    0,    0,    0,    0,    0,    0,    0,    0,    0,    0,    0,    0,    0,
       0,    0,    0,    0,   -3,    0,    0,    0,    0,    0,    0,    0,    0,    0,    0,    0,    0,    0,    0,    0,    0,    0,    0,    0,    0,    0,    0,    0,    0,    0,    0,    0,    0,    0,    0,    0,    0,    0,    0,    0,    0,    0,    0,    0,    0,    0,    0,    0,    0,    0,    0,    0,    0,    0,    0,    0,    0,    0,    0,    0,    0,    0,    0,    0,    0,    0,    0,    0,    0,    0,    0,    0,    0,    0,    0,    0,    0,    0,    0,    0,    0,    0,    0,    0,    0,    0,    0,    0,    0,    0,    0,    0,    0,    0,    0,    0,    0,    0,    0,    0,    0,    0,
       0,    0,    0,    0,    0,    0,    0,    0,    0,   -5,    0,    0,    0,    0,    0,    0,    0,    0,    0,    0,    0,    0,    0,    0,    0,    0,    0,    0,   -5,    0,    0,    0,    0,    0,    0,    0,    0,    0,    0,    0,    0,    0,    0,    0,    0,    0,    0,    0,    0,    0,    0,    0,    0,    0,    0,    0,    0,    0,    0,    0,    0,    0,    0,    0,    0,    0,    0,    0,    0,    0,    0,    0,    0,    0,    0,    0,    0,    0,    0,    0,    0,    0,    0,    0,    0,    0,    0,    0,    0,    0,    0,    0,    0,    0,    0,    0,    0,    0,    0,    0,    0,    0,
       0,    0,    0,    0,  -11,    0,    0,    0,   -5,    0,    0,    0,   -8,    0,   -3,   -5,   -3,   -3,    0,    0,    0,    0,    0,    0,    0,    0,    0,    0,    0,    0,    0,    0,    0,    0,    0,    0,    0,    0,    0,    0,    0,    0,    0,    0,    0,    0,    0,    0,    0,    0,    0,    0,    0,    0,    0,    0,    0,    0,    0,    0,    0,    0,    0,    0,    0,    0,    0,    0,    0,    0,    0,    0,    0,    0,    0,    0,    0,    0,    0,    0,    0,    0,    0,    0,    0,    0,    0,    0,    0,    0,    0,    0,    0,    0,    0,    0,    0,    0,    0,    0,    0,    0,
       0,    0,    0,    0,    0,    0,    0,    0,    0,    0,    0,   16,    0,    0,    0,    0,    0,    0,    0,    0,    0,    0,    0,    0,    0,    0,    0,    0,    0,    0,    0,    0,    0,    0,    0,    0,    0,    0,    0,    0,    0,    0,    0,    0,    0,    0,    0,    0,    0,    0,    0,    0,    0,    0,    0,    0,    0,    0,    0,    0,    0,    0,    0,    0,    0,    0,    0,    0,    0,    0,    0,    0,    0,    0,    0,    0,    0,    0,    0,    0,    0,    0,    0,    0,    0,    0,    0,    0,    0,    0,    0,    0,    0,    0,    0,    0,    0,    0,    0,    0,    0,    0,
       0,    0,    0,    5,  -16,    0,    0,    5,   -5,    0,    0,    0,    0,    0,    0,    0,    0,    0,    0,    0,    0,    0,    0,    0,    0,    0,    0,    0,    0,    0,    0,    0,    0,    0,    0,    0,    0,    0,    0,    0,    0,    0,    0,    0,    0,    0,    0,    0,    0,    0,    0,    0,    0,    0,    0,    0,    0,    0,    0,    0,    0,    0,    0,    0,    0,    0,    0,    0,    0,    0,    0,    0,    0,    0,    0,    0,    0,    0,    0,    0,    0,    0,    0,    0,    0,    0,    0,    0,    0,    0,    0,    0,    0,    0,    0,    0,    0,    0,    0,    0,    0,    0,
       0,  -21,    0,    0,    0,    0,    0,    0,    0,   -5,    0,    0,   -5,   -3,   -5,    0,   -8,    0,    0,    0,    0,    0,    0,    0,    0,    0,    0,    0,    0,    0,    0,    0,    0,    0,    0,    0,    0,    0,    0,    0,    0,    0,    0,    0,    0,    0,    0,    0,    0,    0,    0,    0,    0,    0,    0,    0,    0,    0,    0,    0,    0,    0,    0,    0,    0,    0,    0,    0,    0,    0,    0,    0,    0,    0,    0,    0,    0,    0,    0,    0,    0,    0,    0,    0,    0,    0,    0,    0,    0,    0,    0,    0,    0,    0,    0,    0,    0,    0,    0,    0,    0,    0,
       0,    0,   -3,    0,  -35,    0,    0,    0,  -13,    0,    0,    0,    0,    0,    0,   -5,    0,   -3,    0,    0,    0,    0,    0,    0,    0,    0,    0,    0,   -5,    0,   -8,    0,    0,    0,    0,    0,    0,    0,    0,    0,    0,    0,    0,    0,    0,    0,    0,    0,    0,    0,    0,    0,    0,    0,    0,    0,    0,    0,    0,    0,    0,    0,    0,    0,    0,    0,    0,    0,    0,    0,    0,    0,    0,    0,    0,    0,    0,    0,    0,    0,    0,    0,    0,    0,    0,    0,    0,    0,    0,    0,    0,    0,    0,    0,    0,    0,    0,    0,    0,    0,    0,    0,
       0,    0,    0,    0,    0,    0,    0,    0,    0,    0,    0,    0,    0,    0,    0,    0,    0,    0,    0,    0,    0,    0,    0,    0,    0,    0,    0,    0,   -3,    0,    0,    0,    0,    0,    0,    0,    0,    0,    0,    0,    0,    0,    0,    0,    0,    0,    0,    0,    0,    0,    0,    0,    0,    0,    0,    0,    0,    0,    0,    0,    0,    0,    0,    0,    0,    0,    0,    0,    0,    0,    0,    0,    0,    0,    0,    0,    0,    0,    0,    0,    0,    0,    0,    0,    0,    0,    0,    0,    0,    0,    0,    0,    0,    0,    0,    0,    0,    0,    0,    0,    0,    0,
       0,    0,   -5,    0,  -16,  -11,    0,    5,  -19,   -5,    0,    0,    5,    0,    0,    0,    0,    0,  -21,    0,  -19,    0,  -19,    0,  -13,  -16,   -5,  -11,  -16,   -8,    0,    0,    0,    0,    0,    0,    0,    0,    0,    0,    0,    0,    0,    0,    0,    0,    0,    0,    0,    0,    0,    0,    0,    0,    0,    0,    0,    0,    0,    0,    0,    0,    0,    0,    0,    0,    0,    0,    0,    0,    0,    0,    0,    0,    0,    0,    0,    0,    0,    0,    0,    0,    0,    0,    0,    0,    0,    0,    0,    0,    0,    0,    0,    0,    0,    0,    0,    0,    0,    0,    0,    0,
       0,    0,    0,    0,   -5,    0,    0,    0,   -3,    0,    0,    0,    0,    0,    0,    0,    0,    0,    0,    0,    0,    0,    0,    0,    0,    0,    0,    0,    0,    0,    0,    0,    0,    0,    0,    0,    0,    0,    0,    0,    0,    0,    0,    0,    0,    0,    0,    0,    0,    0,    0,    0,    0,    0,    0,    0,    0,    0,    0,    0,    0,    0,    0,    0,    0,    0,    0,    0,    0,    0,    0,    0,    0,    0,    0,    0,    0,    0,    0,    0,    0,    0,    0,    0,    0,    0,    0,    0,    0,    0,    0,    0,    0,    0,    0,    0,    0,    0,    0,    0,    0,    0,
       0,    0,    0,    0,  -13,    0,    0,    5,  -11,   -3,    0,    0,    0,    0,    0,    0,    0,    0,   -5,    0,   -5,    0,   -3,    0,   -3,   -3,    0,    0,   -8,   -3,    0,    0,    0,    0,    0,    0,    0,    0,    0,    0,    0,    0,    0,    0,    0,    0,    0,    0,    0,    0,    0,    0,    0,    0,    0,    0,    0,    0,    0,    0,    0,    0,    0,    0,    0,    0,    0,    0,    0,    0,    0,    0,    0,    0,    0,    0,    0,    0,    0,    0,    0,    0,    0,    0,    0,    0,    0,    0,    0,    0,    0,    0,    0,    0,    0,    0,    0,    0,    0,    0,    0,    0,
       0,    0,   -8,    0,  -16,    0,    0,    5,  -16,   -5,    0,    0,    0,    0,    0,    0,    0,    0,  -13,    0,  -13,    0,  -13,    0,   -8,  -11,    0,   -5,  -21,   -8,    0,    0,    0,    0,    0,    0,    0,    0,    0,    0,    0,    0,    0,    0,    0,    0,    0,    0,    0,    0,    0,    0,    0,    0,    0,    0,    0,    0,    0,    0,    0,    0,    0,    0,    0,    0,    0,    0,    0,    0,    0,    0,    0,    0,    0,    0,    0,    0,    0,    0,    0,    0,    0,    0,    0,    0,    0,    0,    0,    0,    0,    0,    0,    0,    0,    0,    0,    0,    0,    0,    0,    0,
       0,    0,    0,    0,    0,    0,    0,    0,    0,   -3,    0,    0,    0,    0,    0,    0,    0,    0,    0,    0,    0,    0,    0,    0,    0,    0,    0,    0,   -5,    0,    0,    0,    0,    0,    0,    0,    0,    0,    0,    0,    0,    0,    0,    0,    0,    0,    0,    0,    0,    0,    0,    0,    0,    0,    0,    0,    0,    0,    0,    0,    0,    0,    0,    0,    0,    0,    0,    0,    0,    0,    0,    0,    0,    0,    0,    0,    0,    0,    0,    0,    0,    0,    0,    0,    0,    0,    0,    0,    0,    0,    0,    0,    0,    0,    0,    0,    0,    0,    0,    0,    0,    0,
       0,    0,    0,    0,    0,    0,    0,    0,    0,    0,    0,   25,    0,    0,    0,    0,    0,    0,    0,    0,    0,    0,    0,    0,    0,    0,    0,    0,    0,    0,    0,    0,    0,    0,    0,    0,    0,    0,    0,    0,    0,    0,    0,    0,    0,    0,    0,    0,    0,    0,    0,    0,    0,    0,    0,    0,    0,    0,    0,    0,    0,    0,    0,    0,    0,    0,    0,    0,    0,    0,    0,    0,    0,    0,    0,    0,    0,    0,    0,    0,    0,    0,    0,    0,    0,    0,    0,    0,    0,    0,    0,    0,    0,    0,    0,    0,    0,    0,    0,    0,    0,    0,
       0,   -3,    0,    0,    0,    0,    0,    0,    0,    0,    0,    0,    0,    0,    0,    0,    0,    0,    0,    0,    0,    0,    0,    0,    0,    0,    0,    0,    0,    0,    0,    0,    0,    0,    0,    0,    0,    0,    0,    0,    0,    0,    0,    0,    0,    0,    0,    0,    0,    0,    0,    0,    0,    0,    0,    0,    0,    0,    0,    0,    0,    0,    0,    0,    0,    0,    0,    0,    0,    0,    0,    0,    0,    0,    0,    0,    0,    0,    0,    0,    0,    0,    0,    0,    0,    0,    0,    0,    0,    0,    0,    0,    0,    0,    0,    0,    0,    0,    0,    0,    0,    0,
       0,   -3,    0,    0,    0,    0,    0,    0,    0,    0,    0,    0,    0,    0,    0,    0,    0,    0,    0,    0,    0,    0,    0,    0,    0,    0,   -5,   -3,    0,    0,    0,    0,    0,    0,    0,    0,    0,    0,    0,    0,    0,    0,    0,    0,    0,    0,    0,    0,    0,    0,    0,    0,    0,    0,    0,    0,    0,    0,    0,    0,    0,    0,    0,    0,    0,    0,    0,    0,    0,    0,    0,    0,    0,    0,    0,    0,    0,    0,    0,    0,    0,    0,    0,    0,    0,    0,    0,    0,    0,    0,    0,    0,    0,    0,    0,    0,    0,    0,    0,    0,    0,    0,
       0,    5,    0,    0,    0,    0,    0,    0,    0,    0,    0,    0,    0,    0,    0,    0,    0,    0,    0,    0,    0,    0,    0,    0,    0,    0,    0,    0,    0,    0,    0,    0,    0,    0,    0,    0,    0,    0,    0,    0,    0,    0,    0,    0,    0,    0,    0,    0,    0,    0,    0,    0,    0,    0,    0,    0,    0,    0,    0,    0,    0,    0,    0,    0,    0,    0,    0,    0,    0,    0,    0,    0,    0,    0,    0,    0,    0,    0,    0,    0,    0,    0,    0,    0,    0,    0,    0,    0,    0,    0,    0,    0,    0,    0,    0,    0,    0,    0,    0,    0,    0,    0,
       0,   16,    0,   11,   -5,    0,    0,    0,    0,    0,    0,    0,    0,    0,    0,    0,    0,    0,    0,    0,    0,    0,    0,    0,    0,    0,    0,    0,    0,    0,    0,    0,    0,    0,    0,    0,    0,    0,    0,    0,    0,    0,    0,    0,    0,    0,    0,    0,    0,    0,    0,    0,    0,    0,    0,    0,    0,    0,    0,    0,    0,    0,    0,    0,    0,    0,    0,    0,    0,    0,    0,    0,    0,    0,    0,    0,    0,    0,    0,    0,    0,    0,    0,    0,    0,    0,    0,    0,    0,    0,    0,    0,    0,    0,    0,    0,    0,    0,    0,    0,    0,    0,
       0,   11,    0,    0,  -43,    0,    0,    0,    0,    0,    0,    0,    0,    0,    0,    0,    0,    0,   -5,    0,   -5,    0,   -3,    0,    0,    0,    0,    0,    0,    0,    0,    0,    0,    0,    0,    0,    0,    0,    0,    0,    0,    0,    0,    0,    0,    0,    0,    0,    0,    0,    0,    0,    0,    0,    0,    0,    0,    0,    0,    0,    0,    0,    0,    0,    0,    0,    0,    0,    0,    0,    0,    0,    0,    0,    0,    0,    0,    0,    0,    0,    0,    0,    0,    0,    0,    0,    0,    0,    0,    0,    0,    0,    0,    0,    0,    0,    0,    0,    0,    0,    0,    0,
       0,   11,    0,    0,  -11,    0,    0,    5,    0,    0,    0,    0,    0,    0,    0,    0,    0,    0,    0,    0,    0,    0,    0,    0,    0,    0,    0,    0,    0,    0,    0,    0,    0,    0,    0,    0,    0,    0,    0,    0,    0,    0,    0,    0,    0,    0,    0,    0,    0,    0,    0,    0,    0,    0,    0,    0,    0,    0,    0,    0,    0,    0,    0,    0,    0,    0,    0,    0,    0,    0,    0,    0,    0,    0,    0,    0,    0,    0,    0,    0,    0,    0,    0,    0,    0,    0,    0,    0,    0,    0,    0,    0,    0,    0,    0,    0,    0,    0,    0,    0,    0,    0,
       0,    0,    0,    0,    0,    0,    0,    0,    0,    0,    0,    0,    0,    0,    0,    0,    0,    0,    0,    0,   -5,    0,    0,    0,    0,    0,    0,    0,    0,    0,    0,    0,    0,    0,    0,    0,    0,    0,    0,    0,    0,    0,    0,    0,    0,    0,    0,    0,    0,    0,    0,    0,    0,    0,    0,    0,    0,    0,    0,    0,    0,    0,    0,    0,    0,    0,    0,    0,    0,    0,    0,    0,    0,    0,    0,    0,    0,    0,    0,    0,    0,    0,    0,    0,    0,    0,    0,    0,    0,    0,    0,    0,    0,    0,    0,    0,    0,    0,    0,    0,    0,    0,
       0,    0,    0,    0,    0,    0,    0,    0,    0,    0,    0,   13,   -5,    0,   -3,    0,   -8,    0,    0,    0,    0,    0,    0,    0,    0,    0,    0,    0,    0,    0,    0,    0,    0,    0,    0,    0,    0,    0,    0,    0,    0,    0,    0,    0,    0,    0,    0,    0,    0,    0,    0,    0,    0,    0,    0,    0,    0,    0,    0,    0,    0,    0,    0,    0,    0,    0,    0,    0,    0,    0,    0,    0,    0,    0,    0,    0,    0,    0,    0,    0,    0,    0,    0,    0,    0,    0,    0,    0,    0,    0,    0,    0,    0,    0,    0,    0,    0,    0,    0,    0,    0,    0,
       0,    0,    0,    0,    0,    0,    0,    0,    0,    0,    0,    0,   -8,    0,   -3,    0,   -8,    0,    0,    0,    0,    0,    0,    0,    0,    0,    0,    0,    0,    0,    0,    0,    0,   -8,    0,    0,    0,    0,    0,   -3,    0,    0,    0,    0,    0,    0,    0,    0,    0,    0,    0,    0,    0,    0,    0,    0,    0,    0,    0,    0,    0,    0,    0,    0,    0,    0,    0,   -3,    0,    0,    0,    0,    0,    0,    0,    0,    0,    0,    0,    0,    0,    0,    0,    0,    0,    0,    0,    0,    0,    0,    0,    0,    0,    0,    0,    0,    0,    0,    0,    0,    0,    0,
       0,    0,    0,    0,    0,    0,    0,    0,    0,    0,    0,    0,  -16,    0,   -8,   -5,  -21,    0,    0,    0,    0,    0,    0,    0,    0,    0,    0,    0,    0,    0,    0,    0,    0,  -16,    0,    0,    0,    0,   -5,    0,    0,   -5,    0,    0,   -5,    0,    0,    0,    0,    0,    0,    0,    0,    0,    0,    0,    0,    0,    0,    0,    0,    0,    0,    0,    0,    0,    0,  -11,    0,    0,    0,    0,    0,    0,    0,    0,    0,    0,    0,    0,    0,    0,    0,    0,    0,    0,    0,    0,    0,    0,    0,    0,    0,    0,    0,    0,    0,    0,    0,    0,    0,    0,
       0,    0,    0,    0,    0,    0,    0,    0,    0,    0,    0,   27,  -11,    0,   -8,    0,  -11,    0,    0,    0,    0,    0,    0,    0,    0,    0,    0,    0,    0,    0,    0,    0,    0,    0,    0,    0,    0,    0,    0,    0,    0,    0,    0,    0,    0,    0,    0,    0,    0,    0,    0,    0,    0,    0,    0,    0,    0,    0,    0,    0,    0,    0,    0,    0,    0,    0,    0,    0,    0,    0,    0,    0,    0,    0,    0,    0,    0,    0,    0,    0,    0,    0,    0,    0,    0,    0,    0,    0,    0,    0,    0,    0,    0,    0,    0,    0,    0,    0,    0,    0,    0,    0,
       0,    0,    0,   13,    0,    0,    0,    0,    0,    0,    0,    0,    0,    0,    0,    0,    0,    0,    0,    0,    0,    0,    0,    0,    0,    0,    0,    0,    0,    0,    0,    0,    0,    0,    0,    0,    0,    0,    0,    0,    0,    0,    0,    0,    0,    0,    0,    0,    0,    0,    0,    0,    0,    0,    0,    0,    0,    0,    0,    0,    0,    0,    0,    0,    0,    0,    0,    0,    0,    0,    0,    0,    0,    0,    0,    0,    0,    0,    0,    0,    0,    0,    0,    0,    0,    0,    0,    0,    0,    0,    0,    0,    0,    0,    0,    0,    0,    0,    0,    0,    0,    0,
       0,  -19,    0,    0,    0,    0,    0,    0,    0,   -5,    0,   29,  -19,    0,  -11,    0,  -16,    0,    0,    0,    0,    0,    0,    0,    0,    0,    0,    0,    0,    0,    0,    0,    0,    0,    0,    0,    0,    0,    0,    0,    0,    0,    0,    0,    0,    0,    0,    0,    0,    0,    0,    0,    0,    0,    0,    0,    0,    0,    0,    0,    0,    0,    0,    0,    0,    0,    0,    0,    0,    0,    0,    0,    0,    0,    0,    0,    0,    0,    0,    0,    0,    0,    0,    0,    0,    0,    0,    0,    0,    0,    0,    0,    0,    0,    0,    0,    0,    0,    0,    0,    0,    0,
      13,   13,    0,   24,    0,    0,    0,   24,    0,    0,    0,    0,    0,    0,    0,    0,    0,    0,    0,    8,    0,    0,    0,    0,    0,    0,    0,    0,    0,    0,    0,   19,    0,    0,    0,    0,    0,    0,    0,    0,    0,    0,    0,    0,    0,    0,    0,    0,    0,    0,    0,    0,    0,    0,    0,    0,    0,    0,    0,    0,    0,    0,    0,    0,    0,    0,    0,    0,    0,    0,    0,    0,    0,    0,    0,    0,    0,    0,    0,    0,    0,    0,    0,    0,    0,    0,    0,    0,    0,    0,    0,    0,    0,    0,    0,    0,    0,    0,   19,    0,    0,    0,
       0,    0,    0,   13,    0,    0,    0,    0,    0,    0,    0,    0,    0,    0,    0,    0,    0,    0,    0,    0,    0,    0,    0,    0,    0,    0,    0,    0,    0,    0,    0,    0,   35,    0,    0,    0,    0,    0,    0,    0,    0,    0,    0,    0,    0,    0,    0,    0,    0,    0,    0,    0,    0,    0,    0,    0,    0,    0,    0,    0,    0,    0,    0,    0,    0,    0,    0,    0,    0,    0,    0,    0,    0,    0,    0,    0,    0,    0,    0,    0,    0,    0,    0,    0,    0,    0,    0,    0,    0,    0,    0,    0,    0,    0,    0,    0,    0,    0,    0,    0,    0,    0,
       0,    0,    0,    0,    0,    0,    0,    0,    0,    0,    0,   13,    0,    0,    0,    0,    0,    0,    0,    0,    0,    0,    0,    0,    0,    0,    0,    0,    0,    0,    0,    0,    0,    0,    0,    0,    0,    0,    0,    0,    0,    0,    0,    0,    0,    0,    0,    0,    0,    0,    0,    0,    0,    0,    0,    0,    0,    0,    0,    0,    0,    0,    0,    0,    0,    0,    0,    0,    0,    0,    0,    0,    0,    0,    0,    0,    0,    0,    0,    0,    0,    0,    0,    0,    0,    0,    0,    0,    0,    0,    0,    0,    0,    0,    0,    0,    0,    0,    0,    0,    0,    0,
      19,   29,    0,   32,    0,    0,    0,   29,    0,    0,    0,    0,    0,    0,    0,    0,    0,    0,    0,    0,    0,    0,    0,    0,    0,    0,    0,    0,    0,    0,    0,    0,    0,    0,    0,    0,    0,    0,    0,    0,    0,    0,    0,    0,    0,    0,    0,    0,    0,    0,    0,    0,    0,    0,    0,    0,    0,    0,    0,    0,    0,    0,    0,    0,    0,    0,    0,    0,    0,    0,    0,    0,    0,    0,    0,    0,    0,    0,    0,    0,    0,    0,    0,    0,    0,    0,    0,    0,    0,    0,    0,    0,    0,    0,    0,    0,    0,    0,   19,    0,    0,    0,
       0,    0,    0,    0,    0,    0,    0,    0,   -5,    0,    5,    0,   16,    0,   19,   13,   16,    0,    0,    0,    0,    0,    0,    0,    0,    0,    0,    0,    0,    0,    0,    0,    0,    0,    0,    0,    0,    0,    0,    0,    0,    0,    0,    0,    0,    0,    0,    0,    0,    0,    0,    0,    0,    0,    0,    0,    0,    0,    0,    0,    0,    0,    0,    0,    0,    0,    0,    0,    0,    0,    0,    0,    0,    0,    0,    0,    0,    0,    0,    0,    0,    0,    0,    0,    0,    0,    0,    0,    0,    0,    0,    0,    0,    0,    0,    0,    0,    0,    0,    0,    0,    0,
       0,    0,    0,    0,    0,    0,    0,    0,    0,    0,    0,    0,    0,    0,    0,    0,    0,    0,    0,    5,    0,   11,    0,    0,    0,    0,   13,    0,    0,    0,    0,    0,    0,    0,    0,    0,    0,    0,    0,    0,    0,    0,    0,    0,    0,    0,    0,    0,    0,    0,    0,    0,    0,    0,    0,    0,    0,    0,    0,    0,    0,    0,    0,    0,    0,    0,    0,    0,    0,    0,    0,    0,    0,    0,    0,    0,    0,    0,    0,    0,    0,    0,    0,    0,    0,    0,    0,    0,    0,    0,    0,    0,    0,    0,    0,    0,    0,    0,    0,    0,    0,    0,
       0,    0,    0,    0,    0,    0,    0,    0,   -8,   -3,    5,    0,   19,    0,   19,   13,   16,    0,   -8,    0,   -5,    0,   -5,    0,    0,    0,    0,    0,    0,    0,    0,    0,    0,    0,    0,    0,    0,    0,    0,    0,    0,    0,    0,    0,    0,    0,    0,    0,    0,    0,    0,    0,    0,    0,    0,    0,    0,    0,    0,    0,    0,    0,    0,    0,    0,    0,    0,    0,    0,    0,    0,    0,    0,    0,    0,    0,    0,    0,    0,    0,    0,    0,    0,    0,    0,    0,    0,    0,    0,    0,    0,    0,    0,    0,    0,    0,    0,    0,    0,    0,    0,    0,
       0,    0,    0,    0,    0,    0,    0,    0,    0,    0,    0,    0,    0,    0,    0,    0,    0,    0,    0,    5,    0,   13,    0,    0,    0,    0,   13,    0,    0,    0,    0,    0,    0,    0,    0,    0,    0,    0,    0,    0,    0,    0,    0,    0,    0,    0,    0,    0,    0,    0,    0,    0,    0,    0,    0,    0,    0,    0,    0,    0,    0,    0,    0,    0,    0,    0,    0,    0,    0,    0,    0,    0,    0,    0,    0,    0,    0,    0,    0,    0,    0,    0,    0,    0,    0,    0,    0,    0,    0,    0,    0,    0,    0,    0,    0,    0,    0,    0,    0,    0,    0,    0,
       0,    0,    0,    0,    0,    0,    0,    0,    0,    0,    0,    0,    0,    0,    0,    0,    0,    0,    0,    0,    0,    0,    0,    0,    0,    0,    0,    0,    0,    0,    0,    0,    0,    0,    0,    0,   13,    0,    0,    0,    0,    0,    0,    0,    0,    0,    0,    0,    0,    0,    0,    0,    0,    0,    0,    0,    0,    0,    0,    0,    0,    0,    0,    0,    0,    0,    0,    0,    0,    0,    0,    0,    0,    0,    0,    0,    0,    0,    0,    0,    0,    0,    0,    0,    0,    0,    0,    0,    0,    0,    0,    0,    0,    0,    0,    0,    0,    0,    0,    0,    0,    0,
       0,  -19,    0,    0,    0,    0,    0,    0,    0,    0,    0,    0,    0,    0,    0,    0,    0,    0,    0,    0,    0,    0,    0,    0,    0,    0,    0,    0,    0,    0,    0,    0,    0,  -13,    0,    0,    0,    0,   -5,    0,    0,    0,    0,    0,   -8,    0,    0,    0,    0,    0,    0,    0,    0,    0,   -5,   -5,   -5,    0,    0,    0,    0,    0,    0,    0,   -5,    0,  -11,  -16,  -13,   -5,    0,    0,    0,    0,    0,    0,    0,    0,    0,    0,    0,    0,    0,    0,    0,    0,    0,    0,    0,    0,    0,    0,    0,    0,    0,    0,    0,    0,   -8,    0,    0,    0,
       0,    5,    0,    0,  -13,  -11,   -8,    0,    0,    0,    0,    0,    0,    0,    0,    0,    0,    0,    0,    0,    0,    0,    0,    0,    0,    0,    0,    0,    0,   -8,    0,    0,    0,    5,   -5,    0,    0,   -7,    0,  -19,   -7,    0,    0,   -9,    0,    0,  -11,   -5,   -8,  -11,  -11,   -3,   -3,   -8,   -3,   -5,   -8,  -11,    0,   -5,    0,    0,    0,    0,    0,    0,    0,    3,    0,    0,    0,    0,    0,    0,    0,    0,    0,    0,    0,    0,    0,    0,    0,    0,    0,    0,    0,    0,    0,    0,    0,    0,    0,    0,    0,    0,    0,    0,    0,    0,    0,    0,
       0,    0,    0,    0,    0,    0,    0,    0,    0,    0,    0,    0,    0,    0,    0,    0,    0,    0,    0,    0,    0,    0,    0,    0,    0,    0,    0,    0,   -5,    0,    0,    0,    0,    0,   -5,    0,    0,    0,    0,    0,    0,    0,    0,   -8,    0,    0,    0,    0,    0,    0,    0,    0,    0,    0,    0,    0,   -5,    0,    0,    0,    0,    0,   -5,    0,    0,    0,    0,    0,    0,    0,   -5,    0,    0,    0,    0,    0,    0,    0,    0,    0,    0,    0,    0,    0,    0,    0,    0,    0,    0,    0,    0,    0,    0,    0,    0,    0,    0,    0,    0,    0,    0,    0,
       0,    0,    0,    0,   -5,    0,    0,    0,    0,    0,    0,    0,    0,    0,    0,    0,    0,    0,    0,    0,    0,    0,    0,    0,    0,    0,    0,    0,    0,    0,    0,    0,    0,    0,    0,    0,    0,    0,    0,    0,    0,    0,    0,   -3,    0,    0,    0,    0,    0,    0,    0,    0,    0,    0,    0,    0,    0,    0,    0,    0,    0,    0,    0,    0,    0,    0,    0,    0,    0,    0,    0,    0,    0,    0,    0,    0,    0,    0,    0,    0,    0,    0,    0,    0,    0,    0,    0,    0,    0,    0,    0,    0,    0,    0,    0,    0,    0,    0,    0,    0,    0,    0,
       0,  -24,    0,    0,   -3,    0,    0,    0,    0,    0,    0,    0,    0,    0,    0,    0,    0,    0,    0,    0,    0,    0,    0,    0,    0,    0,    0,    0,    0,    0,    0,    0,    0,  -16,    0,    0,    0,    0,   -5,    0,    0,    0,    0,    0,   -8,    0,    0,    0,    0,    0,    0,   -5,    0,    0,   -5,   -5,    0,   -5,    0,    0,    0,    0,    0,    0,    0,    0,    0,   -8,    0,    0,    0,    0,    0,    0,    0,    0,    0,    0,    0,    0,    0,    0,    0,    0,    0,    0,    0,    0,    0,    0,    0,    0,    0,    0,    0,    0,    0,    0,  -16,    0,    0,    0,
       0,    5,    0,    0,    0,   -3,   -3,    0,    0,    0,    0,    0,    0,    0,    0,    0,    0,    0,    0,    0,    0,    0,    0,    0,    0,    0,    0,    0,   -5,    0,    0,    0,    0,    0,   -5,    0,    0,    0,    0,    0,    0,    0,    0,  -11,   -3,    0,   -3,   -5,    0,    0,   -5,    0,    0,    0,   -3,   -3,   -5,    0,    0,    0,    0,    0,   -5,    0,    0,    0,    0,    0,    0,    0,  -13,    0,    0,    0,    0,    0,    0,    0,    0,    0,    0,    0,    0,    0,    0,    0,    0,    0,    0,    0,    0,    0,    0,    0,    0,    0,    0,    0,    0,    0,    0,    0,
       0,    5,    0,    0,  -19,   -5,   -3,    0,    0,    0,    0,    0,    0,    0,    0,    0,    0,    0,    0,    0,    0,    0,    0,    0,    0,    0,    0,    0,  -13,   -5,    0,    0,    0,    0,  -11,   -5,    0,  -24,    0,  -32,  -27,    0,    0,   -8,    0,   -8,  -13,  -11,   -3,  -27,  -16,   -8,   -5,  -13,    0,    0,   -5,  -13,   13,   -8,    0,    0,   -3,    0,    0,    0,    0,    0,    0,    0,   -5,   -8,  -13,    0,    0,    0,    0,    0,    0,    0,    0,    0,    0,    0,    0,    0,    0,    0,    0,    0,    0,    0,    0,    0,    0,    0,    0,    0,    0,    0,    0,    0,
       0,  -19,    0,    0,    0,    0,    0,    0,    0,    0,    0,    0,    0,    0,    0,    0,    0,    0,    0,    0,    0,    0,    0,    0,    0,    0,    0,    0,    0,   -3,    0,    0,    0,  -19,   -5,    0,   13,    0,   -8,    0,    0,    0,    0,   -9,  -16,    0,    0,    0,    0,    0,   -3,    0,    0,    0,   -8,   -5,   -8,    0,    0,    0,    0,    0,    0,    0,   -5,    0,  -11,  -13,  -16,    0,  -13,    0,    0,    0,   -3,    0,    0,    0,    0,    0,    0,    0,    0,    0,    0,    0,    0,    0,    0,    0,    0,    0,    0,    0,    0,    0,    0,    0,  -11,    0,    0,    0,
       0,    0,    0,    0,    0,    0,    0,    0,    0,    0,    0,    0,    0,    0,    0,    0,    0,    0,    0,    0,    0,    0,    0,    0,    0,    0,    0,    0,    0,    0,    0,    0,    0,    0,    0,    0,    0,    0,    0,    0,    0,    0,    0,    0,    0,    0,    0,    0,    0,    0,    0,   -3,    0,    0,    0,   -3,    0,    0,    0,    0,    0,    0,    0,    0,    0,    0,    0,    0,    0,    0,    0,    0,    0,    0,    0,    0,    0,    0,    0,    0,    0,    0,    0,    0,    0,    0,    0,    0,    0,    0,    0,    0,    0,    0,    0,    0,    0,    0,    0,    0,    0,    0,
       0,    0,    0,   -7,    0,    0,    0,    0,    0,    0,    0,    0,    0,    0,    0,    0,    0,    0,    0,    0,    0,    0,    0,    0,    0,    0,    0,    0,    0,    0,    0,    0,    0,    0,    0,    0,    0,    0,    0,    0,    0,    0,    0,    0,    0,    0,    0,    0,    0,    0,    0,   -3,    0,    0,    0,    0,   -4,   -3,    0,    0,    0,    0,    0,    0,    0,    0,    0,    0,    0,    0,    0,    0,    0,    0,    0,    0,    0,    0,    0,    0,    0,    0,    0,    0,    0,    0,    0,    0,    0,    0,    0,    0,    0,    0,    0,    0,    0,    0,    0,    0,    0,    0,
       0,    0,    0,    0,    8,    0,    0,    0,    0,    0,    0,    0,    0,    0,    0,    0,    0,    0,    0,    0,    0,    0,    0,    0,    0,    0,    0,    0,    0,    0,    0,    0,    0,    0,    0,    0,   24,    8,    0,    0,   11,    0,    0,   -3,   -7,    0,    0,    0,    0,    8,    0,    0,    0,    8,   -3,    8,   -5,    0,    0,    0,    0,   19,    0,    0,    0,    0,    0,    0,    0,    0,    0,    0,    0,    0,    0,    0,    0,    0,    0,    0,    0,    0,    0,    0,    0,    0,    0,    0,    0,    0,    0,    0,    0,    0,    0,    0,    0,    0,    0,    0,    0,    0,
       0,    0,    0,    0,  -11,    0,    0,    0,    0,    0,    0,    0,    0,    0,    0,    0,    0,    0,    0,    0,    0,    0,    0,    0,    0,    0,    0,    0,    0,    0,    0,    0,    0,   -5,    0,    0,    0,   -3,  -11,   -5,   -3,   -5,   -3,    0,    0,    0,    0,    0,    0,   -3,    0,   -4,    0,   -3,    0,    0,    0,   -3,    0,    0,    0,    0,    0,    0,    0,    0,   -3,   -3,   -3,    0,    0,    0,   -5,    0,    0,    0,    0,    0,    0,    0,    0,    0,    0,    0,    0,    0,    0,    0,    0,    0,    0,    0,    0,    0,    0,    0,    0,    0,    0,    0,    0,    0,
       0,    0,    0,    0,  -35,   -3,   -3,    0,    0,    0,    0,    0,    0,    0,    0,    0,    0,    0,    0,    0,    0,    0,    0,    0,    0,    0,    0,    0,   -5,   -3,    0,    0,    0,    0,    0,    0,    0,  -16,   -5,  -13,  -16,   -5,    0,   -3,    0,    0,   -7,    0,    0,  -13,   -3,    0,    0,  -11,    0,    0,    0,   -3,    0,    0,    0,    0,    0,    0,    0,    0,    0,    0,    0,    0,    0,    0,  -16,    0,    0,    0,    0,    0,    0,    0,    0,    0,    0,    0,    0,    0,    0,    0,    0,    0,    0,    0,    0,    0,    0,    0,    0,    0,    0,    0,    0,    0,
       0,   -3,    0,   -8,  -11,    0,   -3,    0,    0,    0,    0,    0,    0,    0,    0,    0,    0,    0,    0,    0,    0,    0,    0,    0,    0,    0,    0,    0,    0,    0,    0,    0,    0,   -9,    0,   -3,    0,   -7,   -8,   -9,   -8,  -11,   -8,    0,    0,   -3,    0,    0,    0,   -7,    0,   -4,    0,   -4,    0,    0,    0,   -3,    0,    0,    0,    0,    0,    0,    0,    0,    0,   -5,    0,    0,    0,    0,    0,    0,    0,    0,    0,    0,    0,    0,    0,    0,    0,    0,    0,    0,    0,    0,    0,    0,    0,    0,    0,    0,    0,    0,    0,    0,    0,    0,    0,    0,
       0,   -3,    0,    0,    0,    0,    0,    0,    0,    0,    0,    0,    0,    0,    0,    0,    0,    0,    0,    0,    0,    0,    0,    0,    0,    0,    0,    0,    0,    0,    0,    0,    0,  -11,    0,    0,    0,    0,  -11,    0,    0,    0,    0,    0,    0,    0,    0,    0,    0,    0,    0,   -5,    0,    0,   -3,   -3,    0,    0,    0,    0,    0,    0,    0,    0,    0,    0,    0,    0,    0,    0,    0,    0,    0,    0,    0,    0,    0,    0,    0,    0,    0,    0,    0,    0,    0,    0,    0,    0,    0,    0,    0,    0,    0,    0,    0,    0,    0,    0,    0,    0,    0,    0,
       0,    0,    0,    0,    0,    0,    0,    0,    0,    0,    0,    0,    0,    0,    0,    0,    0,    0,    0,    0,    0,    0,    0,    0,    0,    0,    0,    0,    0,    0,    0,    0,    0,  -16,    0,    0,    0,    0,  -11,   -3,    0,   -8,    0,    0,    0,   -5,    0,    0,    0,   -3,    0,   -5,    0,    0,   -3,   -8,   -3,   -3,    0,    0,    0,    0,    0,    0,    0,    0,    0,    0,    0,    0,    0,    0,    0,    0,    0,    0,    0,    0,    0,    0,    0,    0,    0,    0,    0,    0,    0,    0,    0,    0,    0,    0,    0,    0,    0,    0,    0,    0,    0,    0,    0,    0,
       0,    0,    0,   -3,    0,    0,    0,    0,    0,    0,    0,    0,    0,    0,    0,    0,    0,    0,    0,    0,    0,    0,    0,    0,    0,    0,    0,    0,    0,    0,    0,    0,    0,   -8,    0,    0,    0,    0,   -3,    0,    0,   -3,    0,    0,    0,   -3,    0,    0,    0,    0,    0,   -5,    0,    0,   -3,   -3,    0,    0,    0,    0,    0,    0,    0,    0,    0,    0,    0,    0,    0,    0,    0,    0,    0,    0,    0,    0,    0,    0,    0,    0,    0,    0,    0,    0,    0,    0,    0,    0,    0,    0,    0,    0,    0,    0,    0,    0,    0,    0,    0,    0,    0,    0,
       0,    8,    0,    0,  -11,   -5,    0,    0,    0,    0,    0,    0,    0,    0,    0,    0,    0,    0,    0,    0,    0,    0,    0,    0,    0,    0,    0,    0,    0,    0,    0,    0,    0,    0,    0,    0,    0,   -5,    0,   -8,   -8,   -3,    0,    0,    0,    0,    0,    0,    0,  -11,   -3,    0,    0,   -8,    0,    0,    0,    0,    0,    0,    0,    0,    0,    0,    0,    0,    0,    0,    0,    0,    0,    0,    0,    0,    0,    0,    0,    0,    0,    0,    0,    0,    0,    0,    0,    0,    0,    0,    0,    0,    0,    0,    0,    0,    0,    0,    0,    0,   11,    0,    0,    0,
       0,   -3,    0,    0,    5,    0,    0,    0,    0,    0,    0,    0,    0,    0,    0,    0,    0,    0,    0,    0,    0,    0,    0,    0,    0,    0,    0,    0,    0,    0,    0,    0,    0,   -8,    0,    0,   27,    5,    0,    0,    8,    0,    0,    0,   -4,    0,    0,    0,    0,    5,    0,    0,    0,    7,   -4,    0,   -8,    0,    0,    0,    0,   16,    0,    0,    0,    0,    0,    0,    0,    0,    0,    0,    0,    0,    0,    0,    0,    0,    0,    0,    0,    0,    0,    0,    0,    0,    0,    0,    0,    0,    0,    0,    0,    0,    0,    0,    0,    0,    0,    0,    0,    0,
       0,    0,    0,    0,    0,    0,    0,    0,    0,    0,    0,    0,    0,    0,    0,    0,    0,    0,    0,    0,    0,    0,    0,    0,    0,    0,    0,    0,    0,    0,    0,    0,    0,  -11,    0,    0,    0,    0,  -11,   -3,    0,   -5,    0,    0,    0,   -5,    0,    0,    0,   -3,    0,   -5,    0,    0,   -3,   -8,   -3,   -3,    0,    0,    0,    0,    0,    0,    0,    0,    0,    0,    0,    0,    0,    0,    0,    0,    0,    0,    0,    0,    0,    0,    0,    0,    0,    0,    0,    0,    0,    0,    0,    0,    0,    0,    0,    0,    0,    0,    0,    0,    0,    0,    0,    0,
       0,    0,    0,    0,    0,   -3,    0,    0,    0,    0,    0,    0,    0,    0,    0,    0,    0,    0,    0,    0,    0,    0,    0,    0,    0,    0,    0,    0,    0,    0,    0,    0,    0,   -3,   -4,    0,    0,    0,   -3,    0,    0,    0,    0,   -4,   -3,    0,   -5,    0,    0,    0,   -5,    0,    0,    0,    0,    0,   -5,   -3,    0,    0,    0,    0,    0,    0,    0,    0,    0,    0,    0,    0,    0,   -5,    0,    0,    0,    0,    0,    0,    0,    0,    0,    0,    0,    0,    0,    0,    0,    0,    0,    0,    0,    0,    0,    0,    0,    0,    0,    0,    8,    0,    0,    0,
       0,    0,    0,    0,    0,    0,    0,    0,    0,    0,    0,    0,    0,    0,    0,    0,    0,    0,    0,    0,    0,    0,    0,    0,    0,    0,    0,    0,    0,    0,    0,    0,    0,   -8,    0,    0,    0,    0,    0,    0,    0,    0,    0,    0,    0,    0,    0,    0,    0,    0,    0,    0,    0,    0,    0,    0,    0,    0,   -1,    0,    0,    0,    0,    0,    0,    0,    0,    0,    0,    0,    0,    0,    0,    0,    0,    0,    0,    0,    0,    0,    0,    0,    0,    0,    0,    0,    0,    0,    0,    0,    0,    0,    0,    0,    0,    0,    0,    0,    0,    0,    0,    0,
       0,    5,    0,    0,    0,    0,    0,    0,    0,    0,    0,    0,    0,    0,    0,    0,    0,    0,    0,    0,    0,    0,    0,    0,    0,    0,    0,    0,    0,    0,    0,    0,    0,   -5,    0,    0,    0,    0,    0,    0,    0,    0,    0,    0,    0,    0,    0,    0,    0,    0,   -3,    0,    0,    0,    0,    0,    0,   -3,    0,    0,    0,    0,    0,    0,    0,    0,    0,    0,    0,    0,    0,    0,    0,    0,    0,    0,    0,    0,    0,    0,    0,    0,    0,    0,    0,    0,    0,    0,    0,    0,    0,    0,    0,    0,    0,    0,    0,    0,    0,    0,    0,    0,
       0,    5,    0,    0,  -11,    0,    0,    0,    0,    0,    0,    0,    0,    0,    0,    0,    0,    0,    0,    0,    0,    0,    0,    0,    0,    0,    0,    0,    0,    0,    0,    0,    0,    0,    0,    0,    0,   -5,    0,   -5,   -8,   -3,    0,    0,    0,    0,   -3,    0,    0,  -13,   -8,    0,    0,  -13,    0,    0,    0,   -8,    0,    0,    0,    0,    0,    0,    0,    0,    0,    0,    0,    0,    0,    0,    0,    0,    0,    0,    0,    0,    0,    0,    0,    0,    0,    0,    0,    0,    0,    0,    0,    0,    0,    0,    0,    0,    0,    0,    0,    0,   11,    0,    0,    0,
       0,  -21,    0,    0,    0,    0,   -3,    0,    0,    0,    0,    0,    0,    0,    0,    0,    0,    0,    0,    0,    0,    0,    0,    0,    0,    0,    0,    0,    0,    0,    0,    0,    0,  -16,    0,    0,    0,    0,   -5,   -3,    0,   -3,    0,   -3,  -19,   -5,    0,    0,    0,    0,    0,   -5,    0,    0,  -16,  -12,  -11,   -5,    0,    0,    0,    0,    0,   -5,    0,    0,    0,    0,    0,   -8,    0,   -5,    0,    0,    0,    0,    0,    0,    0,    0,    0,    0,    0,    0,    0,    0,    0,    0,    0,    0,    0,    0,    0,    0,    0,    0,    0,    0,   -8,    0,    0,    0,
       0,   -3,    0,    0,    0,    0,    0,    0,    0,    0,    0,    0,    0,    0,    0,    0,    0,    0,    0,    0,    0,    0,    0,    0,    0,    0,    0,    0,    0,    0,    0,    0,    0,  -11,    0,    0,   21,    0,    0,    0,    0,    0,    0,    0,    0,    0,    0,    0,    0,    0,    0,    0,    0,    0,   -8,  -13,    0,    0,    0,    0,    0,    5,    0,    0,    0,    0,    0,    0,    0,    0,    0,    0,    0,    0,    0,    0,    0,    0,    0,    0,    0,    0,    0,    0,    0,    0,    0,    0,    0,    0,    0,    0,    0,    0,    0,    0,    0,    0,    0,    0,    0,    0,
       0,    0,    0,    0,    0,    0,    0,    0,    0,    0,    0,    0,    0,    0,    0,    0,    0,    0,    0,    0,    0,    0,    0,    0,    0,    0,    0,    0,    0,    0,    0,    0,    0,   -5,    0,    0,    0,    0,   -8,    0,    0,    0,    0,    0,    0,   -3,    0,    0,    0,    0,    0,    0,    0,    0,    0,    0,    0,   -5,    0,    0,    0,    0,    0,    0,    0,    0,    0,    0,    0,    0,    0,    0,    0,    0,    0,    0,    0,    0,    0,    0,    0,    0,    0,    0,    0,    0,    0,    0,    0,    0,    0,    0,    0,    0,    0,    0,    0,    0,    0,    0,    0,    0,
       0,    8,    0,    0,    0,    0,    0,    0,    0,    0,    0,    0,    0,    0,    0,    0,    0,    0,    0,    0,    0,    0,    0,    0,    0,    0,    0,    0,    0,    0,    0,    0,    0,    5,    0,    0,    0,    0,    0,    0,    0,    0,    0,    0,    0,    0,    0,    0,    0,    0,    0,    0,    0,    0,    0,    0,    0,    0,    8,    0,    3,    0,    0,    0,    0,    0,    0,    0,    0,    0,    0,    0,    0,    0,    0,    0,    0,    0,    0,    0,    0,    0,    0,    0,    0,    0,    0,    0,    0,    0,    0,    0,    0,    0,    0,    0,    0,    0,    0,    0,    0,    0,
       0,    0,    0,    0,    0,    0,    0,    0,    0,    0,    0,    0,    0,    0,    0,    0,    0,    0,    0,    0,    0,    0,    0,    0,    0,    0,    0,    0,    0,    0,    0,    0,    0,    0,    0,    0,    8,    0,    0,    0,    0,    0,    0,    0,    0,    0,    0,    0,    0,    0,    0,    0,    0,    0,    0,    0,    0,    0,    0,    0,    0,    5,    0,    0,    0,    0,    0,    0,    0,    0,    0,    0,    0,    0,    0,    0,    0,    0,    0,    0,    0,    0,    0,    0,    0,    0,    0,    0,    0,    0,    0,    0,    0,    0,    0,    0,    0,    0,    0,    0,    0,    0,
       0,   -3,    0,    0,    0,    0,    0,    0,    0,    0,    0,    0,    0,    0,    0,    0,    0,    0,    0,    0,    0,    0,    0,    0,    0,    0,    0,    0,    0,    0,    0,    0,    0,  -11,    0,    0,   11,    0,    0,    0,    0,    0,    0,    0,    0,    0,    0,    0,    0,    0,    0,    0,    0,    0,   -8,  -13,    0,    0,    0,    0,    0,    0,    0,    0,    0,    0,    0,    0,    0,    0,    0,    0,    0,    0,    0,    0,    0,    0,    0,    0,    0,    0,    0,    0,    0,    0,    0,    0,    0,    0,    0,    0,    0,    0,    0,    0,    0,    0,    0,    0,    0,    0,
       0,    0,    0,    0,  -11,    0,    0,    0,    0,    0,    0,    0,    0,    0,    0,    0,    0,    0,    0,    0,    0,    0,    0,    0,    0,    0,    0,    0,    0,    0,    0,    0,    0,    0,    0,    0,    0,    0,    0,    0,    0,    0,    0,    0,    0,    0,    0,    0,    0,   -5,    0,    0,    0,    0,    0,    0,    0,    0,    0,    0,    0,    0,    0,    0,    0,    0,    0,    0,    0,    0,    0,    0,    0,    0,    0,    0,    0,    0,    0,    0,    0,    0,    0,    0,    0,    0,    0,    0,    0,    0,    0,    0,    0,    0,    0,    0,    0,    0,    0,    0,    0,    0,
       0,  -11,    0,    0,    0,    0,    0,    0,    0,    0,    0,    0,    0,    0,    0,    0,    0,    0,    0,    0,    0,    0,    0,    0,    0,    0,    0,    0,    0,    0,    0,    0,    0,  -11,    0,    0,    0,    0,    0,    0,    0,    0,    0,    0,  -11,    0,    0,    0,    0,    0,    0,    0,    0,    0,   -5,    0,    0,    0,    0,    0,    0,    0,    0,    0,    0,    0,   -8,   -5,   -8,    0,    0,    0,    0,    0,    0,    0,    0,    0,    0,    0,    0,    0,    0,    0,    0,    0,    0,    0,    0,    0,    0,    0,    0,    0,    0,    0,    0,    0,    0,    0,    0,    0,
       0,  -19,    0,    0,    0,    0,    0,    0,    0,    0,    0,    0,    0,    0,    0,    0,    0,    0,    0,    0,    0,    0,    0,    0,    0,    0,    0,    0,    0,    0,    0,    0,    0,    0,    0,    0,    0,    0,    0,    0,    0,    0,    0,    0,    0,    0,   -5,    0,    0,    0,    0,    0,    0,    0,  -13,   -8,   -8,    0,    0,    0,    0,    0,    0,   -5,    0,    0,    0,    0,    0,   -5,    0,   -5,    0,    0,    0,    0,    0,    0,    0,    0,    0,    0,    0,    0,    0,    0,    0,    0,    0,    0,    0,    0,    0,    0,    0,    0,    0,    0,    0,    0,    0,    0,
       0,    0,    0,    0,  -11,    0,    0,    0,    0,    0,    0,    0,    0,    0,    0,    0,    0,    0,    0,    0,    0,    0,    0,    0,    0,    0,    0,    0,    0,    0,    0,    0,    0,    0,    0,    0,    0,    0,    0,    0,    0,    0,    0,    0,    0,    0,    0,    0,    0,    0,    0,    0,    0,    0,    0,    0,    0,    0,    0,    0,    0,    0,    0,    0,    0,    0,   -3,    0,   -3,    0,    0,    0,    0,    0,    0,    0,    0,    0,    0,    0,    0,    0,    0,    0,    0,    0,    0,    0,    0,    0,    0,    0,    0,    0,    0,    0,    0,    0,    0,    0,    0,    0,
       0,    0,    0,    0,  -16,  -11,    0,    0,    0,    0,    0,    0,    0,    0,    0,    0,    0,    0,    0,    0,    0,    0,    0,    0,    0,    0,    0,    0,  -16,   -8,    0,    0,    0,    5,   -5,    0,    0,  -11,    0,  -19,  -13,    0,    0,   -9,    0,    0,  -19,    0,    0,  -16,    0,   -5,   -5,    0,  -11,  -11,  -13,    0,    0,    0,    0,    0,   -5,   -5,    0,  -13,    0,    0,    0,  -11,  -13,  -19,  -13,  -21,    0,    0,    0,    0,    0,    0,    0,    0,    0,    0,    0,    0,    0,    0,    0,    0,    0,    0,    0,    0,    0,    0,    0,    0,    0,    0,    0,    0,
       0,    0,    0,    0,  -13,   -5,    0,    0,    0,    0,    0,    0,    0,    0,    0,    0,    0,    0,    0,    0,    0,    0,    0,    0,    0,    0,    0,    0,    0,    0,    0,    0,    0,    0,    0,    0,    0,    0,    0,   -8,    0,    0,    0,    0,    0,    0,   -3,    0,    0,  -11,   -3,    0,    0,   -8,    0,    0,    0,    0,    0,    0,    0,    0,    0,    0,    0,    0,    0,    0,    0,    0,    0,    0,    0,    0,    0,    0,    0,    0,    0,    0,    0,    0,    0,    0,    0,    0,    0,    0,    0,    0,    0,    0,    0,    0,    0,    0,    0,    0,    0,    0,    0,    0,
       0,    0,    0,    0,  -13,   -5,    0,    0,    0,    0,    0,    0,    0,    0,    0,    0,    0,    0,    0,    0,    0,    0,    0,    0,    0,    0,    0,    0,    0,    0,    0,    0,    0,    5,    0,    0,    0,    0,    0,  -16,    0,    0,    0,    0,    0,    0,  -11,    0,    0,  -13,    0,   -5,   -5,    0,    0,    0,  -13,    0,    5,    0,    0,    0,   -5,    0,    0,   -8,    0,    5,    0,    0,   -5,   -8,  -11,    0,    0,    0,    0,    0,    0,    0,    0,    0,    0,    0,    0,    0,    0,    0,    0,    0,    0,    0,    0,    0,    0,    0,    0,    0,    0,    0,    0,    0,
       0,    0,    0,    0,   -8,    0,    0,    0,    0,    0,    0,    0,    0,    0,    0,    0,    0,    0,    0,    0,    0,    0,    0,    0,    0,    0,    0,    0,    0,    0,    0,    0,    0,    0,    0,    0,    0,    0,    0,    0,    0,    0,    0,    0,    0,    0,   -5,    0,    0,   -8,    0,    0,    0,    0,    0,    0,    0,    0,    0,    0,    0,    0,    0,    0,    0,    0,    0,    0,    0,    0,    0,    0,    0,    0,    0,    0,    0,    0,    0,    0,    0,    0,    0,    0,    0,    0,    0,    0,    0,    0,    0,    0,    0,    0,    0,    0,    0,    0,    0,    0,    0,    0,
       0,    0,    0,    0,    0,    0,    0,    0,    0,    0,    0,    0,    0,    0,    0,    0,    0,    0,    0,    0,    0,    0,    0,    0,    0,    0,    0,    0,    0,    0,    0,    0,    0,    0,    0,    0,    0,    0,    0,    0,    0,    0,    0,    0,    0,    0,    0,    0,    0,    0,    0,    0,    0,    0,   -5,    0,  -13,    0,    0,    0,    0,    0,   -5,    0,    0,    0,    0,    0,    0,    0,  -13,   -5,    0,    0,    0,    0,    0,    0,    0,    0,    0,    0,    0,    0,    0,    0,    0,    0,    0,    0,    0,    0,    0,    0,    0,    0,    0,    0,    0,    0,    0,    0,
       0,    0,    0,    0,    0,    0,    0,    0,    0,    0,    0,    0,    0,    0,    0,    0,    0,    0,    0,    0,    0,    0,    0,    0,    0,    0,    0,    0,    0,    0,    0,    0,    0,    0,    0,    0,    0,    0,    0,    0,    0,    0,    0,    0,    0,    0,   -3,    0,    0,    0,    0,    0,    0,    0,    0,    0,   -3,    0,    0,    0,    0,    0,    0,    0,    0,    0,    0,    0,    0,    0,    0,    0,    0,    0,    0,    0,    0,    0,    0,    0,    0,    0,    0,    0,    0,    0,    0,    0,    0,    0,    0,    0,    0,    0,    0,    0,    0,    0,    0,    0,    0,    0,
       0,    0,    0,    0,  -16,    0,    0,    0,    0,    0,    0,    0,    0,    0,    0,    0,    0,    0,    0,    0,    0,    0,    0,    0,    0,    0,    0,    0,    0,    0,    0,    0,    0,    0,    0,    0,    0,    0,    0,  -16,    0,    0,    0,    0,    0,    0,  -13,    0,    0,  -13,    0,    0,    0,    0,    0,    0,  -11,    0,    5,    0,    0,    0,   -5,    0,    0,   -8,    0,    0,    0,    0,    0,  -11,  -11,  -11,   -3,    0,    0,    0,    0,    0,    0,    0,    0,    0,    0,    0,    0,    0,    0,    0,    0,    0,    0,    0,    0,    0,    0,    0,    0,    0,    0,    0,
       0,    0,    0,    0,  -11,    0,    0,    0,    0,    0,    0,    0,    0,    0,    0,    0,    0,    0,    0,    0,    0,    0,    0,    0,    0,    0,    0,    0,    0,    0,    0,    0,    0,    0,    0,    0,    0,    0,    0,    0,    0,    0,    0,    0,    0,    0,    0,    0,    0,   -3,    0,    0,    0,    0,    0,    0,    0,    0,    0,    0,    0,    0,    0,    0,    0,    0,    0,    0,    0,    0,    0,    0,    0,    0,    0,    0,    0,    0,    0,    0,    0,    0,    0,    0,    0,    0,    0,    0,    0,    0,    0,    0,    0,    0,    0,    0,    0,    0,    0,    0,    0,    0,
       0,    0,    0,    0,    0,    0,    0,    0,    0,    0,    0,    0,    0,    0,    0,    0,    0,    0,    0,    0,    0,    0,    0,    0,    0,    0,    0,    0,    0,    0,    0,    0,    0,   -5,    0,    0,    0,    0,    0,    0,    0,    0,    0,    0,    0,    0,    0,    0,    0,    0,    0,    0,    0,    0,    0,    0,    0,    0,    0,    0,    0,    0,    0,    0,    0,    0,   -3,    0,   -3,    0,    0,    0,    0,    0,    0,    0,    0,    0,    0,    0,    0,    0,    0,    0,    0,    0,    0,    0,    0,    0,    0,    0,    0,    0,    0,    0,    0,    0,    0,    0,    0,    0,
       0,   -3,    0,    0,    0,    0,    0,    0,    0,    0,    0,    0,    0,    0,    0,    0,    0,    0,    0,    0,    0,    0,    0,    0,    0,    0,    0,    0,    0,    0,    0,    0,    0,    0,    0,    0,    0,    0,    0,    0,    0,    0,    0,    0,    0,    0,    0,    0,    0,    0,    0,   -5,    0,    0,    0,   -3,    0,    0,    0,    0,    0,    0,    0,    0,    0,    0,    0,    0,    0,    0,    0,    0,    0,    0,    0,    0,    0,    0,    0,    0,    0,    0,    0,    0,    0,    0,    0,    0,    0,    0,    0,    0,    0,    0,    0,    0,    0,    0,    0,    0,    0,    0,
       0,    0,    0,    0,    0,    0,    0,    0,    0,    0,    0,    0,    0,    0,    0,    0,    0,    0,    0,    0,    0,    0,    0,    0,    0,    0,    0,    0,    0,    0,    0,    0,    0,    0,    0,    0,    0,    0,    0,    0,    0,    0,    0,    0,    0,    0,    0,    0,    0,    0,    0,    0,    0,    0,    0,    0,    0,    0,    0,    0,    0,    0,    0,    0,    0,    0,    0,    0,    0,    0,    0,    0,    0,    0,    0,    0,    0,    0,    0,    0,    0,    0,    0,   -5,    0,   -2,   -2,    0,    0,    0,    0,    0,   -5,    0,   -3,    0,   -5,    0,    0,    0,    0,    0,
       0,    0,    0,    0,    0,    0,    0,    0,    0,    0,    0,    0,    0,    0,    0,    0,    0,    0,    0,    0,    0,    0,    0,    0,    0,    0,    0,    0,    0,    0,    0,    0,    0,    0,    0,    0,    0,    0,    0,    0,    0,    0,    0,    0,    0,    0,    0,    0,    0,    0,    0,    0,    0,    0,    0,    0,    0,    0,    0,    0,    0,    0,    0,    0,    0,    0,    0,    0,    0,    0,    0,    0,    0,    0,    0,    0,    0,    0,   -3,    0,    0,    0,    0,    0,   -5,    0,    0,    0,    0,   -9,    0,    0,   -9,    0,    0,   -7,    0,    0,    0,    0,    0,    0,
       0,    0,    0,    0,    0,    0,    0,    0,    0,    0,    0,    0,    0,    0,    0,    0,    0,    0,    0,    0,    0,    0,    0,    0,    0,    0,    0,    0,    0,    0,    0,    0,    0,    0,    0,    0,    0,    0,    0,    0,    0,    0,    0,    0,    0,    0,    0,    0,    0,    0,    0,    0,    0,    0,    0,    0,    0,    0,    0,    0,    0,    0,    0,    0,    0,    0,    0,    0,    0,    0,    0,    0,    0,    0,    0,    0,    1,    0,    0,    0,    0,    0,   -5,   -9,    0,   -3,   -4,    0,   -6,    0,    0,    0,   -7,    0,    0,    0,    0,    0,    0,    0,    0,    0,
       0,    0,    0,    0,    0,    0,    0,    0,    0,    0,    0,    0,    0,    0,    0,    0,    0,    0,    0,    0,    0,    0,    0,    0,    0,    0,    0,    0,    0,    0,    0,    0,    0,    0,    0,    0,    0,    0,    0,    0,    0,    0,    0,    0,    0,    0,    0,    0,    0,    0,    0,    0,    0,    0,    0,    0,    0,    0,    0,    0,    0,    0,    0,    0,    0,    0,    0,    0,    0,    0,    0,    0,    0,    0,    0,    0,  -11,    0,    0,   -5,    0,    0,   -5,    0,  -13,  -10,    0,   -7,   -3,   -9,    0,  -13,  -10,    0,    0,  -10,    0,    0,    0,    0,    0,    0,
       0,    0,    0,    0,    0,    0,    0,    0,    0,    0,    0,    0,    0,    0,    0,    0,    0,    0,    0,    0,    0,    0,    0,    0,    0,    0,    0,    0,    0,    0,    0,    0,    0,    0,    0,    0,    0,    0,    0,    0,    0,    0,    0,    0,    0,    0,    0,    0,    0,    0,    0,    0,    0,    0,    0,    0,    0,    0,    0,    0,    0,    0,    0,    0,    0,    0,    0,    0,    0,    0,    0,    0,    0,    0,    0,    0,   -2,    0,    0,    0,    0,    0,   -4,    0,    0,    0,    0,   -3,    0,   -2,    0,    0,   -5,    0,    0,   -3,    0,    0,    0,    0,    0,    0,
       0,    0,    0,    0,    0,    0,    0,    0,    0,    0,    0,    0,    0,    0,    0,    0,    0,    0,    0,    0,    0,    0,    0,    0,    0,    0,    0,    0,    0,    0,    0,    0,    0,    0,    0,    0,    0,    0,    0,    0,    0,    0,    0,    0,    0,    0,    0,    0,    0,    0,    0,    0,    0,    0,    0,    0,    0,    0,    0,    0,    0,    0,    0,    0,    0,    0,    0,    0,    0,    0,    0,    0,    0,    0,    0,    0,   -5,    0,    0,    0,    0,    0,    0,    0,    0,    0,    0,    0,    0,    0,    0,    0,    0,    0,    0,    0,    0,    0,    0,    0,    0,    0,
       0,    0,    0,    0,    0,    0,    0,    0,    0,    0,    0,    0,    0,    0,    0,    0,    0,    0,    0,    0,    0,    0,    0,    0,    0,    0,    0,    0,    0,    0,    0,    0,    0,    0,    0,    0,    0,    0,    0,    0,    0,    0,    0,    0,    0,    0,    0,    0,    0,    0,    0,    0,    0,    0,    0,    0,    0,    0,    0,    0,    0,    0,    0,    0,    0,    0,    0,    0,    0,    0,    0,    0,    0,    0,    0,    0,    0,    0,   -3,    0,    0,    0,   -5,    0,   -5,   -2,    0,    0,    0,    0,    0,   -3,   -6,   -5,   -5,   -3,    0,    0,    0,    0,    0,    0,
       0,    0,    0,    0,    0,    0,    0,    0,    0,    0,    0,    0,    0,    0,    0,    0,    0,    0,    0,    0,    0,    0,    0,    0,    0,    0,    0,    0,    0,    0,    0,    0,    0,    0,    0,    0,    0,    0,    0,    0,    0,    0,    0,    0,    0,    0,    0,    0,    0,    0,    0,    0,    0,    0,    0,    0,    0,    0,    0,    0,    0,    0,    0,    0,    0,    0,    0,    0,    0,    0,    0,    0,    0,    0,    0,    0,  -17,    0,    0,   -5,    0,   -2,   -2,    0,    0,   -2,    0,   -8,   -2,   -2,    0,    0,   -6,    0,    0,   -5,    0,   -5,    0,    0,    0,    0,
       0,    0,    0,    0,    0,    0,    0,    0,    0,    0,    0,    0,    0,    0,    0,    0,    0,    0,    0,    0,    0,    0,    0,    0,    0,    0,    0,    0,    0,    0,    0,    0,    0,    0,    0,    0,    0,    0,    0,    0,    0,    0,    0,    0,    0,    0,    0,    0,    0,    0,    0,    0,    0,    0,    0,    0,    0,    0,    0,    0,    0,    0,    0,    0,    0,    0,    0,    0,    0,    0,    0,    0,    0,    0,    0,    0,    0,    0,    0,    0,    0,    0,   -5,    0,    0,   -3,    0,    0,   -4,   -4,    0,   -7,   -7,    0,    0,    0,    0,    0,    0,    0,    0,    0,
       0,    0,    0,    0,    0,    0,    0,    0,    0,    0,    0,    0,    0,    0,    0,    0,    0,    0,    0,    0,    0,    0,    0,    0,    0,    0,    0,    0,    0,    0,    0,    0,    0,    0,    0,    0,    0,    0,    0,    0,    0,    0,    0,    0,    0,    0,    0,    0,    0,    0,    0,    0,    0,    0,    0,    0,    0,    0,    0,    0,    0,    0,    0,    0,    0,    0,    0,    0,    0,    0,    0,    0,    0,    0,    0,    0,  -11,   -1,    0,    0,    0,    0,   -5,    0,   -8,   -7,    0,    0,    0,   -5,    0,  -10,   -4,    0,    0,    0,    5,   -2,    0,    0,    0,    0,
       0,    0,    0,    0,    0,    0,    0,    0,    0,    0,    0,    0,    0,    0,    0,    0,    0,    0,    0,    0,    0,    0,    0,    0,    0,    0,    0,    0,    0,    0,    0,    0,    0,    0,    0,    0,    0,    0,    0,    0,    0,    0,    0,    0,    0,    0,    0,    0,    0,    0,    0,    0,    0,    0,    0,    0,    0,    0,    0,    0,    0,    0,    0,    0,    0,    0,    0,    0,    0,    0,    0,    0,    0,    0,    0,    0,    0,    0,    0,    0,    0,    0,    0,    0,    0,   -5,    0,   -3,   -5,   -6,    0,    0,   -7,    0,    0,    0,    0,    0,    0,    0,    0,    0,
       0,    0,    0,    0,    0,    0,    0,    0,    0,    0,    0,    0,    0,    0,    0,    0,    0,    0,    0,    0,    0,    0,    0,    0,    0,    0,    0,    0,    0,    0,    0,    0,    0,    0,    0,    0,    0,    0,    0,    0,    0,    0,    0,    0,    0,    0,    0,    0,    0,    0,    0,    0,    0,    0,    0,    0,    0,    0,    0,    0,    0,    0,    0,    0,    0,    0,    0,    0,    0,    0,    0,    0,    0,    0,    0,    0,    0,    0,    0,    0,    0,    0,   -4,   -4,    0,   -7,    0,    0,    0,    0,    0,    0,    0,    0,    0,    0,    0,    0,    0,    0,    0,    0,
       0,    0,    0,    0,    0,    0,    0,    0,    0,    0,    0,    0,    0,    0,    0,    0,    0,    0,    0,    0,    0,    0,    0,    0,    0,    0,    0,    0,    0,    0,    0,    0,    0,    0,    0,    0,    0,    0,    0,    0,    0,    0,    0,    0,    0,    0,    0,    0,    0,    0,    0,    0,    0,    0,    0,    0,    0,    0,    0,    0,    0,    0,    0,    0,    0,    0,    0,    0,    0,    0,    0,    0,    0,    0,    0,    0,    0,    0,    0,    0,    0,    0,   -1,    0,   -8,    0,   -1,    0,    0,   -1,    0,   -8,   -3,    0,    0,   -3,    0,    0,    0,    0,    0,    0,
       0,    0,    0,    0,    0,    0,    0,    0,    0,    0,    0,    0,    0,    0,    0,    0,    0,    0,    0,    0,    0,    0,    0,    0,    0,    0,    0,    0,    0,    0,    0,    0,    0,    0,    0,    0,    0,    0,    0,    0,    0,    0,    0,    0,    0,    0,    0,    0,    0,    0,    0,    0,    0,    0,    0,    0,    0,    0,    0,    0,    0,    0,    0,    0,    0,    0,    0,    0,    0,    0,    0,    0,    0,    0,    0,    0,    0,    0,    0,    0,    0,    0,   -2,    0,    0,    0,    0,    0,    0,   -7,    0,    0,    0,    0,    0,    0,    0,    0,    0,    0,    0,    0,
       0,    0,    0,    0,    0,    0,    0,    0,    0,    0,    0,    0,    0,    0,    0,    0,    0,    0,    0,    0,    0,    0,    0,    0,    0,    0,    0,    0,    0,    0,    0,    0,    0,    0,    0,    0,    0,    0,    0,    0,    0,    0,    0,    0,    0,    0,    0,    0,    0,    0,    0,    0,    0,    0,    0,    0,    0,    0,    0,    0,    0,    0,    0,    0,    0,    0,    0,    0,    0,    0,    0,    0,    0,    0,    0,    0,    0,    0,    0,    0,    0,    0,    0,    0,   -2,   -5,   -2,    0,    0,   -2,    0,   -7,   -1,    0,    0,    0,   -2,    0,    0,    0,    0,    0,
       0,    0,    0,    0,    0,    0,    0,    0,    0,    0,    0,    0,    0,    0,    0,    0,    0,    0,    0,    0,    0,    0,    0,    0,    0,    0,    0,    0,    0,    0,    0,    0,    0,    0,    0,    0,    0,    0,    0,    0,    0,    0,    0,    0,    0,    0,    0,    0,    0,    0,    0,    0,    0,    0,    0,    0,    0,    0,    0,    0,    0,    0,    0,    0,    0,    0,    0,    0,    0,    0,    0,    0,    0,    0,    0,   -3,   -7,    0,   -5,    0,    0,    0,    0,   -5,    0,    0,    0,   -7,    0,   -9,    0,    0,   -7,    0,    0,    0,    0,    0,    0,    0,    0,    0,
       0,    0,    0,    0,    0,    0,    0,    0,    0,    0,    0,    0,    0,    0,    0,    0,    0,    0,    0,    0,    0,    0,    0,    0,    0,    0,    0,    0,    0,    0,    0,    0,    0,    0,    0,    0,    0,    0,    0,    0,    0,    0,    0,    0,    0,    0,    0,    0,    0,    0,    0,    0,    0,    0,    0,    0,    0,    0,    0,    0,    0,    0,    0,    0,    0,    0,    0,    0,    0,    0,    0,    0,    0,    0,    0,    0,  -11,    0,    0,    0,    0,    0,   -5,    0,   -4,   -5,    0,    0,   -2,   -3,    0,   -8,   -3,    0,    0,   -5,    0,   -6,    0,    0,    0,    0,
       0,    0,    0,    0,    0,    0,    0,    0,    0,    0,    0,    0,    0,    0,    0,    0,    0,    0,    0,    0,    0,    0,    0,    0,    0,    0,    0,    0,    0,    0,    0,    0,    0,    0,    0,    0,    0,    0,    0,    0,    0,    0,    0,    0,    0,    0,    0,    0,    0,    0,    0,    0,    0,    0,    0,    0,    0,    0,    0,    0,    0,    0,    0,    0,    0,    0,    0,    0,    0,    0,    0,    0,    0,    0,    0,    0,   -6,    0,    0,    0,    0,    0,   -1,    0,    0,   -6,    0,   -2,    0,   -3,    0,    0,   -2,    0,    0,   -2,    0,    0,    0,    0,    0,    0,
       0,    0,    0,    0,    0,    0,    0,    0,    0,    0,    0,    0,    0,    0,    0,    0,    0,    0,    0,    0,    0,    0,    0,    0,    0,    0,    0,    0,    0,    0,    0,    0,    0,    0,    0,    0,    0,    0,    0,    0,    0,    0,    0,    0,    0,    0,    0,    0,    0,    0,    0,    0,    0,    0,    0,    0,    0,    0,    0,    0,    0,    0,    0,    0,    0,    0,    0,    0,    0,    0,    0,    0,    0,    0,    0,    0,    0,    0,  -12,    0,  -13,    0,    0,   -4,    0,   -5,   -1,    0,   -9,  -11,  -11,    0,   -7,    0,    0,    0,   -5,    0,    0,    0,    0,    0,
       0,    0,    0,    0,    0,    0,    0,    0,    0,    0,    0,    0,    0,    0,    0,    0,    0,    0,    0,    0,    0,    0,    0,    0,    0,    0,    0,    0,    0,    0,    0,    0,    0,    0,    0,    0,    0,    0,    0,    0,    0,    0,    0,    0,    0,    0,    0,    0,    0,    0,    0,    0,    0,    0,    0,    0,    0,    0,    0,    0,    0,    0,    0,    0,    0,    0,    0,    0,    0,    0,    0,    0,    0,    0,    0,    0,    0,    0,    0,    0,    0,    0,    0,    0,    0,    0,    0,    0,    0,    0,    0,    0,    0,    0,    0,    0,    0,    0,    0,  -11,   -7,   -8,
};

static const EpdLigaturePair notosans_8_regularLigaturePairs[] = {
    { 0x00660066, 0xFB00 }, // f f -> U+FB00
    { 0x00660069, 0xFB01 }, // f i -> U+FB01
    { 0x0066006C, 0xFB02 }, // f l -> U+FB02
    { 0xFB000069, 0xFB03 }, // U+FB00 i -> U+FB03
    { 0xFB00006C, 0xFB04 }, // U+FB00 l -> U+FB04
};

static const EpdFontData notosans_8_regular = {
    notosans_8_regularBitmaps,
    notosans_8_regularGlyphs,
    notosans_8_regularIntervals,
    37,
    23,
    18,
    -5,
    true,
    nullptr,
    0,
    nullptr,
    notosans_8_regularKernLeftClasses,
    notosans_8_regularKernRightClasses,
    notosans_8_regularKernMatrix,
    501,
    516,
    107,
    102,
    notosans_8_regularLigaturePairs,
    5,
};
