/**
 * generated by fontconvert.py
 * name: ubuntu_12_bold
 * size: 12
 * mode: 2-bit
 * Command used: fontconvert.py ubuntu_12_bold 12 ../builtinFonts/source/Ubuntu/Ubuntu-Bold.ttf ../builtinFonts/source/NotoSansHebrew/NotoSansHebrew-Bold.ttf ../builtinFonts/source/NotoSansArabic/NotoSansArabic-Bold.ttf ../builtinFonts/source/Ubuntu/Ubuntu-Vietnamese-Bold.ttf --2bit --additional-intervals 0x05D0,0x05EA --additional-intervals 0x060C,0x060C --additional-intervals 0x061B,0x061B --additional-intervals 0x061F,0x061F --additional-intervals 0x0621,0x0621 --additional-intervals 0x0640,0x0640 --additional-intervals 0x0660,0x0669 --additional-intervals 0x06BA,0x06BA --additional-intervals 0x06D4,0x06D4 --additional-intervals 0x06F0,0x06F9 --additional-intervals 0xFB56,0xFB59 --additional-intervals 0xFB66,0xFB69 --additional-intervals 0xFB7A,0xFB7D --additional-intervals 0xFB88,0xFB95 --additional-intervals 0xFB9E,0xFB9F --additional-intervals 0xFBA6,0xFBB1 --additional-intervals 0xFBFC,0xFBFF --additional-intervals 0xFE80,0xFEFC
 */
#pragma once
#include "EpdFontData.h"

static const uint8_t ubuntu_12_boldBitmaps[72665] = {
    0x7F, 0x9F, 0xE7, 0xF9, 0xFE, 0x7F, 0x9F, 0xE7, 0xF5, 0xFD, 0x3F, 0x4F, 0xC3, 0xF0, 0x00, 0x2E,
    0x2F, 0xEB, 0xFE, 0xFE, 0x2F, 0x00, 0xFF, 0x1F, 0xDB, 0xF1, 0xFD, 0xBF, 0x1F, 0xDB, 0xF0, 0xFC,
    0xBE, 0x0F, 0xC7, 0xE0, 0xFC, 0x3D, 0x0F, 0xC0, 0x00, 0x7F, 0x07, 0xF0, 0x00, 0xBE, 0x07, 0xF0,
    0x00, 0xFD, 0x0B, 0xE0, 0x00, 0xFD, 0x0F, 0xD0, 0xBF, 0xFF, 0xFF, 0xFC, 0xBF, 0xFF, 0xFF, 0xFC,
    0xBF, 0xFF, 0xFF, 0xFC, 0x03, 0xF4, 0x2F, 0x80, 0x03, 0xF4, 0x3F, 0x40, 0x03, 0xF0, 0x3F, 0x00,
    0xBF, 0xFF, 0xFF, 0xFC, 0xBF, 0xFF, 0xFF, 0xFC, 0xBF, 0xFF, 0xFF, 0xFC, 0x0F, 0xD0, 0xFD, 0x00,
    0x0F, 0xC0, 0xFD, 0x00, 0x1F, 0xC0, 0xFC, 0x00, 0x2F, 0x81, 0xFC, 0x00, 0x00, 0x1F, 0x80, 0x00,
    0x01, 0xF8, 0x00, 0x00, 0x1F, 0x80, 0x00, 0x0B, 0xFF, 0x90, 0x07, 0xFF, 0xFF, 0x00, 0xFF, 0xFF,
    0xF0, 0x1F, 0xE0, 0x06, 0x02, 0xFC, 0x00, 0x00, 0x2F, 0xE0, 0x00, 0x01, 0xFF, 0xE4, 0x00, 0x0F,
    0xFF, 0xF8, 0x00, 0x7F, 0xFF, 0xF0, 0x00, 0x7F, 0xFF, 0x80, 0x00, 0x1F, 0xFC, 0x00, 0x00, 0x3F,
    0xC0, 0x00, 0x03, 0xFC, 0x1E, 0x00, 0x7F, 0xC2, 0xFF, 0xFF, 0xF4, 0x3F, 0xFF, 0xFE, 0x00, 0x6F,
    0xFE, 0x40, 0x00, 0x1F, 0x80, 0x00, 0x01, 0xF8, 0x00, 0x00, 0x1F, 0x80, 0x00, 0x02, 0xFE, 0x00,
    0x0B, 0xF0, 0x00, 0x3F, 0xFF, 0x00, 0x7F, 0x00, 0x03, 0xF4, 0xBD, 0x03, 0xF8, 0x00, 0x0F, 0xC0,
    0xF8, 0x1F, 0xC0, 0x00, 0x3E, 0x03, 0xE0, 0xFD, 0x00, 0x00, 0xFC, 0x0F, 0x8B, 0xF0, 0x00, 0x03,
    0xF4, 0xBD, 0x3F, 0x40, 0x00, 0x03, 0xFF, 0xF2, 0xFC, 0x00, 0x00, 0x02, 0xFE, 0x1F, 0xC2, 0xFE,
    0x00, 0x00, 0x00, 0xFE, 0x3F, 0xFF, 0x00, 0x00, 0x07, 0xF1, 0xF8, 0x7E, 0x00, 0x00, 0x3F, 0x4B,
    0xC0, 0xFC, 0x00, 0x02, 0xFC, 0x3F, 0x03, 0xF0, 0x00, 0x0F, 0xD0, 0xBC, 0x0F, 0xC0, 0x00, 0xBE,
    0x01, 0xF8, 0x7E, 0x00, 0x07, 0xF0, 0x03, 0xFF, 0xF0, 0x00, 0x3F, 0x80, 0x02, 0xFE, 0x00, 0x00,
    0x2F, 0xE4, 0x00, 0x00, 0x1F, 0xFF, 0xE0, 0x00, 0x03, 0xFF, 0xFF, 0x00, 0x00, 0x3F, 0x43, 0xF4,
    0x00, 0x03, 0xF0, 0x3F, 0x40, 0x00, 0x3F, 0x8B, 0xF0, 0x00, 0x01, 0xFF, 0xFD, 0x00, 0x00, 0x1F,
    0xFF, 0x40, 0x00, 0x07, 0xFF, 0xE0, 0x7E, 0x01, 0xFF, 0xBF, 0x87, 0xF0, 0x3F, 0xC2, 0xFE, 0xBE,
    0x03, 0xF4, 0x0B, 0xFF, 0xC0, 0x3F, 0x80, 0x2F, 0xFC, 0x03, 0xFD, 0x01, 0xFF, 0x80, 0x2F, 0xFF,
    0xFF, 0xFD, 0x00, 0xBF, 0xFF, 0xFF, 0xF4, 0x01, 0xBF, 0xE4, 0x3F, 0xC0, 0xFF, 0xBF, 0xBF, 0xBF,
    0xBE, 0x7E, 0x3D, 0x00, 0x30, 0x00, 0xFD, 0x02, 0xFD, 0x03, 0xF8, 0x0B, 0xF0, 0x0F, 0xF0, 0x1F,
    0xD0, 0x2F, 0xC0, 0x3F, 0xC0, 0x3F, 0x80, 0x3F, 0x80, 0x3F, 0x40, 0x3F, 0x40, 0x3F, 0x40, 0x3F,
    0x80, 0x3F, 0x80, 0x3F, 0xC0, 0x2F, 0xC0, 0x1F, 0xD0, 0x0F, 0xF0, 0x0B, 0xF0, 0x03, 0xF8, 0x02,
    0xFD, 0x00, 0xFD, 0x00, 0x30, 0x0C, 0x00, 0xBF, 0x00, 0x7F, 0x40, 0x3F, 0xC0, 0x1F, 0xD0, 0x0F,
    0xF0, 0x0B, 0xF0, 0x07, 0xF8, 0x03, 0xFC, 0x03, 0xFC, 0x02, 0xFC, 0x02, 0xFC, 0x02, 0xFC, 0x02,
    0xFC, 0x02, 0xFC, 0x03, 0xFC, 0x03, 0xFC, 0x07, 0xF8, 0x0B, 0xF0, 0x0F, 0xF0, 0x1F, 0xD0, 0x3F,
    0xC0, 0x7F, 0x40, 0xBF, 0x00, 0x0C, 0x00, 0x01, 0xFC, 0x00, 0x03, 0xF0, 0x03, 0x4F, 0x8A, 0x1F,
    0xBE, 0xFC, 0xFF, 0xFF, 0xF5, 0x5B, 0xF9, 0x40, 0x7F, 0xF0, 0x0B, 0xF7, 0xF0, 0x1F, 0x8F, 0xC0,
    0x0C, 0x18, 0x00, 0x00, 0xBF, 0x00, 0x00, 0xBF, 0x00, 0x00, 0xBF, 0x00, 0x00, 0xBF, 0x00, 0xFF,
    0xFF, 0xFF, 0xFF, 0xFF, 0xFF, 0xFF, 0xFF, 0xFF, 0x00, 0xBF, 0x00, 0x00, 0xBF, 0x00, 0x00, 0xBF,
    0x00, 0x00, 0xBF, 0x00, 0x2F, 0xD2, 0xFD, 0x2F, 0xC2, 0xFC, 0x3F, 0xC3, 0xF4, 0x7F, 0x02, 0xE0,
    0x7F, 0xFF, 0x7F, 0xFF, 0x7F, 0xFF, 0x1F, 0x43, 0xFC, 0x3F, 0xD3, 0xFC, 0x1F, 0x40, 0x00, 0x00,
    0x7F, 0x40, 0x00, 0x2F, 0xC0, 0x00, 0x0F, 0xE0, 0x00, 0x07, 0xF4, 0x00, 0x02, 0xFC, 0x00, 0x00,
    0xFE, 0x00, 0x00, 0x7F, 0x40, 0x00, 0x2F, 0xC0, 0x00, 0x0F, 0xE0, 0x00, 0x07, 0xF4, 0x00, 0x03,
    0xFC, 0x00, 0x00, 0xFE, 0x00, 0x00, 0x7F, 0x40, 0x00, 0x3F, 0xC0, 0x00, 0x0F, 0xE0, 0x00, 0x07,
    0xF4, 0x00, 0x03, 0xFC, 0x00, 0x00, 0xFE, 0x00, 0x00, 0x7F, 0x40, 0x00, 0x3F, 0xC0, 0x00, 0x0F,
    0xE0, 0x00, 0x07, 0xF4, 0x00, 0x03, 0xFC, 0x00, 0x00, 0xFE, 0x00, 0x00, 0x7F, 0x40, 0x00, 0x00,
    0x00, 0x7F, 0xD0, 0x00, 0x2F, 0xFF, 0xC0, 0x0B, 0xFF, 0xFF, 0x00, 0xFF, 0x0B, 0xF4, 0x2F, 0xC0,
    0x3F, 0xC3, 0xFC, 0x02, 0xFC, 0x3F, 0xC0, 0x2F, 0xC3, 0xF8, 0x02, 0xFD, 0x3F, 0x80, 0x1F, 0xD3,
    0xF8, 0x02, 0xFD, 0x3F, 0xC0, 0x2F, 0xC3, 0xFC, 0x02, 0xFC, 0x2F, 0xC0, 0x3F, 0xC0, 0xFF, 0x0B,
    0xF4, 0x0B, 0xFF, 0xFF, 0x00, 0x3F, 0xFF, 0xC0, 0x00, 0x7F, 0xE0, 0x00, 0x00, 0x1F, 0xC0, 0x0B,
    0xFC, 0x1B, 0xFF, 0xC3, 0xFF, 0xFC, 0x2F, 0xAF, 0xC1, 0x82, 0xFC, 0x00, 0x2F, 0xC0, 0x02, 0xFC,
    0x00, 0x2F, 0xC0, 0x02, 0xFC, 0x00, 0x2F, 0xC0, 0x02, 0xFC, 0x00, 0x2F, 0xC0, 0x02, 0xFC, 0x00,
    0x2F, 0xC0, 0x02, 0xFC, 0x00, 0x2F, 0xC0, 0x01, 0xBF, 0xE0, 0x03, 0xFF, 0xFF, 0x03, 0xFF, 0xFF,
    0xF0, 0x7E, 0x03, 0xFD, 0x04, 0x00, 0x7F, 0x40, 0x00, 0x2F, 0xD0, 0x00, 0x0F, 0xF0, 0x00, 0x0F,
    0xF4, 0x00, 0x0F, 0xF8, 0x00, 0x0F, 0xFC, 0x00, 0x0F, 0xF8, 0x00, 0x0F, 0xF8, 0x00, 0x0B, 0xF8,
    0x00, 0x03, 0xFC, 0x00, 0x02, 0xFF, 0xFF, 0xFC, 0xBF, 0xFF, 0xFF, 0x2F, 0xFF, 0xFF, 0xC0, 0x06,
    0xFF, 0x90, 0x0F, 0xFF, 0xFE, 0x02, 0xFF, 0xFF, 0xD0, 0x38, 0x07, 0xFC, 0x00, 0x00, 0xFF, 0x00,
    0x00, 0x7F, 0x80, 0x1F, 0xFF, 0xC0, 0x07, 0xFF, 0xC0, 0x01, 0xFF, 0xFD, 0x00, 0x00, 0x7F, 0xC0,
    0x00, 0x07, 0xF4, 0x00, 0x00, 0xFE, 0x00, 0x00, 0x7F, 0x89, 0x00, 0x7F, 0xD3, 0xFF, 0xFF, 0xF0,
    0xFF, 0xFF, 0xF0, 0x1B, 0xFF, 0x90, 0x00, 0x00, 0x01, 0xFE, 0x00, 0x00, 0x7F, 0xE0, 0x00, 0x0F,
    0xFE, 0x00, 0x03, 0xFF, 0xE0, 0x00, 0xBF, 0xFE, 0x00, 0x2F, 0xDF, 0xE0, 0x03, 0xF4, 0xFE, 0x00,
    0xFE, 0x0F, 0xE0, 0x1F, 0xC0, 0xFE, 0x03, 0xF4, 0x0F, 0xE0, 0x7F, 0xFF, 0xFF, 0xDB, 0xFF, 0xFF,
    0xFD, 0xBF, 0xFF, 0xFF, 0xD0, 0x00, 0x0F, 0xE0, 0x00, 0x00, 0xFE, 0x00, 0x00, 0x0F, 0xE0, 0x00,
    0x00, 0xFE, 0x00, 0x07, 0xFF, 0xFF, 0x01, 0xFF, 0xFF, 0xC0, 0x7F, 0xFF, 0xF0, 0x2F, 0xC0, 0x00,
    0x0B, 0xE0, 0x00, 0x02, 0xF8, 0x00, 0x00, 0xFF, 0xF8, 0x00, 0x3F, 0xFF, 0xE0, 0x0F, 0xFF, 0xFE,
    0x00, 0x01, 0xBF, 0xD0, 0x00, 0x07, 0xF8, 0x00, 0x00, 0xFE, 0x00, 0x00, 0x3F, 0x85, 0x00, 0x7F,
    0xD2, 0xFF, 0xFF, 0xF0, 0xFF, 0xFF, 0xF0, 0x1B, 0xFF, 0x90, 0x00, 0x00, 0x01, 0xBF, 0x00, 0x01,
    0xFF, 0xF0, 0x00, 0xFF, 0xFF, 0x00, 0x3F, 0xF9, 0x00, 0x0B, 0xF8, 0x00, 0x00, 0xFE, 0x00, 0x00,
    0x2F, 0xFF, 0xE4, 0x03, 0xFF, 0xFF, 0xF0, 0x3F, 0xFF, 0xFF, 0x83, 0xFC, 0x07, 0xFC, 0x3F, 0x80,
    0x2F, 0xD3, 0xFC, 0x01, 0xFD, 0x3F, 0xC0, 0x2F, 0xC1, 0xFF, 0x07, 0xFC, 0x0F, 0xFF, 0xFF, 0x40,
    0x3F, 0xFF, 0xD0, 0x00, 0x7F, 0xE0, 0x00, 0xFF, 0xFF, 0xFF, 0x3F, 0xFF, 0xFF, 0xCF, 0xFF, 0xFF,
    0xF0, 0x00, 0x0B, 0xF8, 0x00, 0x07, 0xFC, 0x00, 0x03, 0xFC, 0x00, 0x01, 0xFE, 0x00, 0x00, 0xFF,
    0x00, 0x00, 0x7F, 0x80, 0x00, 0x2F, 0xC0, 0x00, 0x0F, 0xF0, 0x00, 0x07, 0xF4, 0x00, 0x02, 0xFC,
    0x00, 0x00, 0xFF, 0x00, 0x00, 0x3F, 0x80, 0x00, 0x1F, 0xE0, 0x00, 0x07, 0xF4, 0x00, 0x00, 0x00,
    0x7F, 0xE0, 0x00, 0x3F, 0xFF, 0xD0, 0x0F, 0xFF, 0xFF, 0x01, 0xFE, 0x0B, 0xF8, 0x2F, 0xC0, 0x3F,
    0xC2, 0xFC, 0x03, 0xF8, 0x1F, 0xF0, 0x7F, 0x40, 0xFF, 0xEF, 0xE0, 0x03, 0xFF, 0xFC, 0x00, 0x7F,
    0xFF, 0xF0, 0x1F, 0xE1, 0xFF, 0x83, 0xFC, 0x03, 0xFC, 0x3F, 0x80, 0x1F, 0xC3, 0xFD, 0x07, 0xFC,
    0x1F, 0xFF, 0xFF, 0x80, 0xBF, 0xFF, 0xF0, 0x01, 0xBF, 0xE4, 0x00, 0x00, 0xBF, 0xD0, 0x00, 0x7F,
    0xFF, 0xC0, 0x1F, 0xFF, 0xFF, 0x03, 0xFD, 0x0F, 0xF4, 0x3F, 0x80, 0x3F, 0xC7, 0xF4, 0x03, 0xFC,
    0x3F, 0x80, 0x2F, 0xC3, 0xFD, 0x03, 0xFC, 0x2F, 0xFF, 0xFF, 0xC0, 0xFF, 0xFF, 0xFC, 0x01, 0xBF,
    0xBF, 0x80, 0x00, 0x07, 0xF4, 0x00, 0x01, 0xFF, 0x00, 0x01, 0xBF, 0xD0, 0x0F, 0xFF, 0xF4, 0x00,
    0xFF, 0xFC, 0x00, 0x0F, 0xE4, 0x00, 0x00, 0x1F, 0x43, 0xFC, 0x3F, 0xD3, 0xFC, 0x1F, 0x40, 0x00,
    0x00, 0x00, 0x00, 0x00, 0x01, 0xF4, 0x3F, 0xC3, 0xFD, 0x3F, 0xC1, 0xF4, 0x1F, 0x43, 0xFC, 0x3F,
    0xD3, 0xFC, 0x1F, 0x40, 0x00, 0x00, 0x00, 0x00, 0x00, 0x00, 0x00, 0x2F, 0xD2, 0xFD, 0x2F, 0xC2,
    0xFC, 0x3F, 0xC3, 0xF4, 0x7F, 0x02, 0xE0, 0x00, 0x00, 0x1C, 0x00, 0x07, 0xFD, 0x01, 0xFF, 0xFE,
    0x7F, 0xFF, 0xFF, 0xFF, 0xFF, 0xE4, 0xFF, 0xF9, 0x00, 0xFF, 0x80, 0x00, 0xFF, 0xF9, 0x00, 0xFF,
    0xFF, 0xE4, 0x7F, 0xFF, 0xFF, 0x01, 0xFF, 0xFE, 0x00, 0x07, 0xFD, 0x00, 0x00, 0x1C, 0xFF, 0xFF,
    0xFF, 0xFF, 0xFF, 0xFF, 0xFF, 0xFF, 0xFF, 0x00, 0x00, 0x00, 0x00, 0x00, 0x00, 0xFF, 0xFF, 0xFF,
    0xFF, 0xFF, 0xFF, 0xFF, 0xFF, 0xFF, 0x38, 0x00, 0x00, 0x3F, 0xE0, 0x00, 0x7F, 0xFF, 0x80, 0xBF,
    0xFF, 0xFE, 0x1B, 0xFF, 0xFF, 0x00, 0x6F, 0xFF, 0x00, 0x02, 0xFF, 0x00, 0x6F, 0xFF, 0x1B, 0xFF,
    0xFF, 0xBF, 0xFF, 0xFD, 0x7F, 0xFF, 0x80, 0x3F, 0xE0, 0x00, 0x38, 0x00, 0x00, 0x0B, 0xFE, 0x41,
    0xFF, 0xFF, 0x83, 0xFF, 0xFF, 0x0A, 0x02, 0xFE, 0x00, 0x03, 0xF8, 0x00, 0x1F, 0xE0, 0x00, 0xFF,
    0x40, 0x0F, 0xFC, 0x00, 0xBF, 0xC0, 0x03, 0xFC, 0x00, 0x2F, 0xD0, 0x00, 0xBF, 0x00, 0x02, 0xF8,
    0x00, 0x00, 0x00, 0x00, 0x1F, 0x40, 0x00, 0xFF, 0x00, 0x07, 0xFD, 0x00, 0x0F, 0xF0, 0x00, 0x1F,
    0x40, 0x00, 0x00, 0x01, 0xBF, 0xF9, 0x00, 0x00, 0x00, 0x7F, 0xFF, 0xFF, 0x80, 0x00, 0x0F, 0xFF,
    0xFF, 0xFF, 0xC0, 0x00, 0xFF, 0xD0, 0x01, 0xFF, 0xC0, 0x0B, 0xF4, 0x00, 0x00, 0x7F, 0x80, 0x7F,
    0x00, 0x00, 0x00, 0x3F, 0x03, 0xF4, 0x06, 0xFF, 0x90, 0xBE, 0x0F, 0xC0, 0xBF, 0xFF, 0xC0, 0xFC,
    0x7E, 0x0B, 0xFF, 0xFF, 0x03, 0xF2, 0xF4, 0x3F, 0xC0, 0xFC, 0x0F, 0xCB, 0xC1, 0xFC, 0x03, 0xF0,
    0x3F, 0x2F, 0x0B, 0xF0, 0x0F, 0xC0, 0xFC, 0xBD, 0x1F, 0xC0, 0x3F, 0x03, 0xE2, 0xF4, 0x3F, 0x80,
    0xFC, 0x2F, 0x47, 0xF0, 0xFF, 0xFF, 0xFF, 0xFC, 0x0F, 0xD0, 0xFF, 0xFF, 0xFF, 0xC0, 0x2F, 0xC0,
    0xBF, 0xDB, 0xF8, 0x00, 0x3F, 0xD0, 0x00, 0x00, 0x00, 0x00, 0x7F, 0xF4, 0x00, 0x10, 0x00, 0x00,
    0x7F, 0xFF, 0xFF, 0xC0, 0x00, 0x00, 0x2F, 0xFF, 0xFF, 0x40, 0x00, 0x00, 0x06, 0xFF, 0xF8, 0x00,
    0x00, 0x00, 0x03, 0xFC, 0x00, 0x00, 0x00, 0xBF, 0xE0, 0x00, 0x00, 0x0F, 0xFF, 0x00, 0x00, 0x01,
    0xFF, 0xF4, 0x00, 0x00, 0x3F, 0xBF, 0xC0, 0x00, 0x07, 0xF1, 0xFD, 0x00, 0x00, 0xFF, 0x0F, 0xF0,
    0x00, 0x0F, 0xD0, 0xBF, 0x00, 0x02, 0xFC, 0x03, 0xF8, 0x00, 0x3F, 0x80, 0x3F, 0xC0, 0x07, 0xFF,
    0xFF, 0xFD, 0x00, 0xBF, 0xFF, 0xFF, 0xF0, 0x0F, 0xFF, 0xFF, 0xFF, 0x01, 0xFD, 0x00, 0x0B, 0xF8,
    0x3F, 0xC0, 0x00, 0x3F, 0xC3, 0xFC, 0x00, 0x03, 0xFC, 0xBF, 0x40, 0x00, 0x2F, 0xE0, 0xAF, 0xFF,
    0x90, 0x0F, 0xFF, 0xFF, 0xD0, 0xFF, 0xFF, 0xFF, 0x0F, 0xF0, 0x0B, 0xF8, 0xFF, 0x00, 0x3F, 0xCF,
    0xF0, 0x03, 0xF8, 0xFF, 0x00, 0xBF, 0x4F, 0xFF, 0xFF, 0xE0, 0xFF, 0xFF, 0xFE, 0x0F, 0xFF, 0xFF,
    0xFC, 0xFF, 0x00, 0x7F, 0xDF, 0xF0, 0x01, 0xFE, 0xFF, 0x00, 0x1F, 0xEF, 0xF0, 0x07, 0xFD, 0xFF,
    0xFF, 0xFF, 0xCF, 0xFF, 0xFF, 0xF0, 0xAF, 0xFF, 0xE4, 0x00, 0x00, 0x1B, 0xFE, 0x40, 0x07, 0xFF,
    0xFF, 0xD0, 0x7F, 0xFF, 0xFF, 0x07, 0xFE, 0x40, 0x68, 0x3F, 0xE0, 0x00, 0x01, 0xFF, 0x00, 0x00,
    0x0B, 0xF8, 0x00, 0x00, 0x2F, 0xD0, 0x00, 0x00, 0xBF, 0x40, 0x00, 0x02, 0xFD, 0x00, 0x00, 0x0B,
    0xF8, 0x00, 0x00, 0x1F, 0xF0, 0x00, 0x00, 0x3F, 0xE0, 0x00, 0x00, 0xBF, 0xE4, 0x02, 0x80, 0xFF,
    0xFF, 0xFF, 0x00, 0xBF, 0xFF, 0xFE, 0x00, 0x2F, 0xFF, 0x80, 0xAF, 0xFF, 0x90, 0x00, 0xFF, 0xFF,
    0xFE, 0x00, 0xFF, 0xFF, 0xFF, 0xC0, 0xFF, 0x00, 0xBF, 0xF0, 0xFF, 0x00, 0x0F, 0xF4, 0xFF, 0x00,
    0x07, 0xF8, 0xFF, 0x00, 0x03, 0xFC, 0xFF, 0x00, 0x03, 0xFC, 0xFF, 0x00, 0x03, 0xFC, 0xFF, 0x00,
    0x03, 0xFC, 0xFF, 0x00, 0x03, 0xFC, 0xFF, 0x00, 0x0B, 0xF8, 0xFF, 0x00, 0x1F, 0xF4, 0xFF, 0x01,
    0xBF, 0xE0, 0xFF, 0xFF, 0xFF, 0xC0, 0xFF, 0xFF, 0xFE, 0x00, 0xBF, 0xFF, 0x90, 0x00, 0xFF, 0xFF,
    0xFE, 0x3F, 0xFF, 0xFF, 0x8F, 0xFF, 0xFF, 0xE3, 0xFC, 0x00, 0x00, 0xFF, 0x00, 0x00, 0x3F, 0xC0,
    0x00, 0x0F, 0xF0, 0x00, 0x03, 0xFF, 0xFF, 0xF0, 0xFF, 0xFF, 0xFC, 0x3F, 0xFF, 0xFF, 0x0F, 0xF0,
    0x00, 0x03, 0xFC, 0x00, 0x00, 0xFF, 0x00, 0x00, 0x3F, 0xC0, 0x00, 0x0F, 0xFF, 0xFF, 0xF7, 0xFF,
    0xFF, 0xFD, 0xFF, 0xFF, 0xFF, 0x40, 0xFF, 0xFF, 0xFE, 0xFF, 0xFF, 0xFE, 0xFF, 0xFF, 0xFE, 0xFF,
    0x00, 0x00, 0xFF, 0x00, 0x00, 0xFF, 0x00, 0x00, 0xFF, 0x00, 0x00, 0xFF, 0xFF, 0xFC, 0xFF, 0xFF,
    0xFC, 0xFF, 0xFF, 0xFC, 0xFF, 0x00, 0x00, 0xFF, 0x00, 0x00, 0xFF, 0x00, 0x00, 0xFF, 0x00, 0x00,
    0xFF, 0x00, 0x00, 0xFF, 0x00, 0x00, 0xFF, 0x00, 0x00, 0x00, 0x1B, 0xFF, 0x80, 0x07, 0xFF, 0xFF,
    0xD0, 0x7F, 0xFF, 0xFF, 0x07, 0xFE, 0x40, 0x68, 0x3F, 0xE0, 0x00, 0x01, 0xFF, 0x00, 0x00, 0x0B,
    0xF8, 0x00, 0x00, 0x2F, 0xD0, 0x00, 0x00, 0xBF, 0x40, 0x03, 0xFE, 0xFD, 0x00, 0x0F, 0xFB, 0xF8,
    0x00, 0x3F, 0xDF, 0xF0, 0x00, 0xFF, 0x3F, 0xE0, 0x03, 0xFC, 0x7F, 0xE0, 0x0F, 0xF0, 0xBF, 0xFF,
    0xFF, 0xC0, 0x7F, 0xFF, 0xFF, 0x00, 0x1B, 0xFF, 0xA0, 0xFF, 0x00, 0x0B, 0xF7, 0xFC, 0x00, 0x2F,
    0xDF, 0xF0, 0x00, 0xBF, 0x7F, 0xC0, 0x02, 0xFD, 0xFF, 0x00, 0x0B, 0xF7, 0xFC, 0x00, 0x2F, 0xDF,
    0xF0, 0x00, 0xBF, 0x7F, 0xFF, 0xFF, 0xFD, 0xFF, 0xFF, 0xFF, 0xF7, 0xFF, 0xFF, 0xFF, 0xDF, 0xF0,
    0x00, 0xBF, 0x7F, 0xC0, 0x02, 0xFD, 0xFF, 0x00, 0x0B, 0xF7, 0xFC, 0x00, 0x2F, 0xDF, 0xF0, 0x00,
    0xBF, 0x7F, 0xC0, 0x02, 0xFD, 0xFF, 0x00, 0x0B, 0xF4, 0xFF, 0xFF, 0xFF, 0xFF, 0xFF, 0xFF, 0xFF,
    0xFF, 0xFF, 0xFF, 0xFF, 0xFF, 0xFF, 0xFF, 0xFF, 0xFF, 0xFF, 0x00, 0x01, 0xFD, 0x00, 0x01, 0xFD,
    0x00, 0x01, 0xFD, 0x00, 0x01, 0xFD, 0x00, 0x01, 0xFD, 0x00, 0x01, 0xFD, 0x00, 0x01, 0xFD, 0x00,
    0x01, 0xFD, 0x00, 0x01, 0xFD, 0x00, 0x01, 0xFD, 0x00, 0x01, 0xFD, 0x00, 0x01, 0xFD, 0x00, 0x02,
    0xFD, 0x28, 0x07, 0xFC, 0x3F, 0xFF, 0xF8, 0xBF, 0xFF, 0xF0, 0x1B, 0xFE, 0x40, 0xFF, 0x00, 0x2F,
    0xF3, 0xFC, 0x02, 0xFF, 0x0F, 0xF0, 0x2F, 0xF0, 0x3F, 0xC2, 0xFF, 0x00, 0xFF, 0x2F, 0xF0, 0x03,
    0xFE, 0xFF, 0x00, 0x0F, 0xFF, 0xF0, 0x00, 0x3F, 0xFF, 0x40, 0x00, 0xFF, 0xFF, 0x00, 0x03, 0xFF,
    0xFF, 0x00, 0x0F, 0xF3, 0xFF, 0x00, 0x3F, 0xC3, 0xFE, 0x00, 0xFF, 0x07, 0xFD, 0x03, 0xFC, 0x07,
    0xFC, 0x0F, 0xF0, 0x0B, 0xFC, 0x3F, 0xC0, 0x0F, 0xF8, 0xFF, 0x00, 0x0F, 0xF4, 0xFF, 0x00, 0x00,
    0xFF, 0x00, 0x00, 0xFF, 0x00, 0x00, 0xFF, 0x00, 0x00, 0xFF, 0x00, 0x00, 0xFF, 0x00, 0x00, 0xFF,
    0x00, 0x00, 0xFF, 0x00, 0x00, 0xFF, 0x00, 0x00, 0xFF, 0x00, 0x00, 0xFF, 0x00, 0x00, 0xFF, 0x00,
    0x00, 0xFF, 0x00, 0x00, 0xFF, 0x00, 0x00, 0xFF, 0xFF, 0xFE, 0xFF, 0xFF, 0xFE, 0xFF, 0xFF, 0xFE,
    0x0F, 0xF0, 0x00, 0x07, 0xF8, 0x1F, 0xF4, 0x00, 0x0F, 0xF8, 0x1F, 0xFC, 0x00, 0x1F, 0xFC, 0x2F,
    0xFD, 0x00, 0x3F, 0xFC, 0x2F, 0xFF, 0x00, 0x7F, 0xFC, 0x2F, 0xFF, 0x40, 0xBF, 0xFC, 0x3F, 0xFF,
    0xC0, 0xFE, 0xFC, 0x3F, 0xDF, 0xC2, 0xFD, 0xFD, 0x3F, 0x8F, 0xE3, 0xF5, 0xFD, 0x3F, 0x8B, 0xFB,
    0xF0, 0xFD, 0x3F, 0x83, 0xFF, 0xE0, 0xFE, 0x3F, 0x82, 0xFF, 0xC0, 0xFE, 0x7F, 0x40, 0xFF, 0x80,
    0xFE, 0x7F, 0x40, 0xFF, 0x00, 0xFE, 0x7F, 0x40, 0x7F, 0x00, 0xFF, 0x7F, 0x40, 0x00, 0x00, 0xFF,
    0x7F, 0x40, 0x00, 0x00, 0xFF, 0xFE, 0x00, 0x03, 0xFF, 0xFE, 0x00, 0x0F, 0xFF, 0xFD, 0x00, 0x3F,
    0xFF, 0xFD, 0x00, 0xFF, 0xFF, 0xFC, 0x03, 0xFF, 0xFF, 0xFC, 0x0F, 0xFF, 0xFB, 0xF8, 0x3F, 0xFF,
    0xCF, 0xF4, 0xFF, 0xFF, 0x0F, 0xF3, 0xFF, 0xFC, 0x1F, 0xEF, 0xFF, 0xF0, 0x2F, 0xFF, 0xFF, 0xC0,
    0x3F, 0xFF, 0xFF, 0x00, 0x3F, 0xFF, 0xFC, 0x00, 0xBF, 0xFF, 0xF0, 0x00, 0xFF, 0xFF, 0xC0, 0x01,
    0xFF, 0xFF, 0x00, 0x02, 0xFC, 0x00, 0x1B, 0xFE, 0x40, 0x00, 0x1F, 0xFF, 0xFF, 0x00, 0x07, 0xFF,
    0xFF, 0xFD, 0x01, 0xFF, 0x80, 0x7F, 0xF0, 0x3F, 0xE0, 0x00, 0xFF, 0x87, 0xFC, 0x00, 0x03, 0xFC,
    0xBF, 0x80, 0x00, 0x3F, 0xDB, 0xF4, 0x00, 0x02, 0xFD, 0xBF, 0x40, 0x00, 0x2F, 0xDB, 0xF4, 0x00,
    0x02, 0xFD, 0xBF, 0x80, 0x00, 0x3F, 0xD7, 0xFC, 0x00, 0x03, 0xFC, 0x3F, 0xE0, 0x00, 0xFF, 0x81,
    0xFF, 0x80, 0x7F, 0xF0, 0x0B, 0xFF, 0xFF, 0xFD, 0x00, 0x1F, 0xFF, 0xFF, 0x40, 0x00, 0x1B, 0xFE,
    0x40, 0x00, 0xBF, 0xFF, 0x90, 0x0F, 0xFF, 0xFF, 0xD0, 0xFF, 0xFF, 0xFF, 0x4F, 0xF0, 0x1F, 0xFC,
    0xFF, 0x00, 0x3F, 0xCF, 0xF0, 0x03, 0xFC, 0xFF, 0x00, 0x3F, 0xCF, 0xF0, 0x1F, 0xFC, 0xFF, 0xFF,
    0xFF, 0x4F, 0xFF, 0xFF, 0xD0, 0xFF, 0xFF, 0x90, 0x0F, 0xF0, 0x00, 0x00, 0xFF, 0x00, 0x00, 0x0F,
    0xF0, 0x00, 0x00, 0xFF, 0x00, 0x00, 0x0F, 0xF0, 0x00, 0x00, 0xFF, 0x00, 0x00, 0x00, 0x00, 0x1B,
    0xFE, 0x40, 0x00, 0x1F, 0xFF, 0xFF, 0x00, 0x07, 0xFF, 0xFF, 0xFD, 0x01, 0xFF, 0x80, 0x7F, 0xF0,
    0x3F, 0xE0, 0x00, 0xFF, 0x83, 0xFC, 0x00, 0x03, 0xFC, 0xBF, 0x80, 0x00, 0x3F, 0xDB, 0xF4, 0x00,
    0x02, 0xFD, 0xBF, 0x40, 0x00, 0x2F, 0xDB, 0xF4, 0x00, 0x02, 0xFD, 0xBF, 0x80, 0x00, 0x3F, 0xD7,
    0xFC, 0x00, 0x03, 0xFC, 0x3F, 0xE0, 0x00, 0xFF, 0x81, 0xFF, 0x80, 0x7F, 0xF0, 0x0B, 0xFF, 0xFF,
    0xFD, 0x00, 0x2F, 0xFF, 0xFF, 0x40, 0x00, 0x2F, 0xFF, 0x40, 0x00, 0x00, 0x1F, 0xE0, 0x00, 0x00,
    0x00, 0xFF, 0xD0, 0x00, 0x00, 0x07, 0xFF, 0xF0, 0x00, 0x00, 0x1F, 0xFF, 0x00, 0x00, 0x00, 0x1B,
    0xE0, 0xAF, 0xFF, 0x90, 0x03, 0xFF, 0xFF, 0xF4, 0x0F, 0xFF, 0xFF, 0xF0, 0x3F, 0xC0, 0x7F, 0xE0,
    0xFF, 0x00, 0x3F, 0xC3, 0xFC, 0x00, 0xFF, 0x0F, 0xF0, 0x03, 0xFC, 0x3F, 0xC0, 0x7F, 0xF0, 0xFF,
    0xFF, 0xFF, 0x03, 0xFF, 0xFF, 0xF4, 0x0F, 0xFF, 0xFF, 0x00, 0x3F, 0xC3, 0xFF, 0x00, 0xFF, 0x03,
    0xFE, 0x03, 0xFC, 0x07, 0xFC, 0x0F, 0xF0, 0x0B, 0xFC, 0x3F, 0xC0, 0x0F, 0xF4, 0xFF, 0x00, 0x2F,
    0xF0, 0x00, 0x7F, 0xF9, 0x00, 0x7F, 0xFF, 0xF8, 0x0F, 0xFF, 0xFF, 0x02, 0xFE, 0x00, 0xA0, 0x2F,
    0xD0, 0x00, 0x02, 0xFE, 0x00, 0x00, 0x1F, 0xFE, 0x00, 0x00, 0xFF, 0xFF, 0x40, 0x02, 0xFF, 0xFF,
    0x00, 0x02, 0xFF, 0xFC, 0x00, 0x01, 0xFF, 0xD0, 0x00, 0x03, 0xFD, 0x00, 0x00, 0x2F, 0xE0, 0xD0,
    0x07, 0xFD, 0x2F, 0xFF, 0xFF, 0xC3, 0xFF, 0xFF, 0xF0, 0x06, 0xFF, 0xE4, 0x00, 0xBF, 0xFF, 0xFF,
    0xFE, 0xFF, 0xFF, 0xFF, 0xFB, 0xFF, 0xFF, 0xFF, 0xC0, 0x07, 0xF8, 0x00, 0x00, 0x1F, 0xE0, 0x00,
    0x00, 0x7F, 0x80, 0x00, 0x01, 0xFE, 0x00, 0x00, 0x07, 0xF8, 0x00, 0x00, 0x1F, 0xE0, 0x00, 0x00,
    0x7F, 0x80, 0x00, 0x01, 0xFE, 0x00, 0x00, 0x07, 0xF8, 0x00, 0x00, 0x1F, 0xE0, 0x00, 0x00, 0x7F,
    0x80, 0x00, 0x01, 0xFE, 0x00, 0x00, 0x07, 0xF8, 0x00, 0x00, 0x1F, 0xE0, 0x00, 0x7F, 0x80, 0x03,
    0xFD, 0xFE, 0x00, 0x0F, 0xF7, 0xF8, 0x00, 0x3F, 0xDF, 0xE0, 0x00, 0xFF, 0x7F, 0x80, 0x03, 0xFD,
    0xFE, 0x00, 0x0F, 0xF7, 0xF8, 0x00, 0x3F, 0xDF, 0xE0, 0x00, 0xFF, 0x7F, 0x80, 0x03, 0xFD, 0xFE,
    0x00, 0x0F, 0xF3, 0xF8, 0x00, 0x3F, 0xCF, 0xF0, 0x00, 0xFF, 0x3F, 0xC0, 0x07, 0xF8, 0xBF, 0xD0,
    0x7F, 0xD0, 0xFF, 0xFF, 0xFE, 0x00, 0xFF, 0xFF, 0xE0, 0x00, 0x6F, 0xF9, 0x00, 0xBF, 0x80, 0x00,
    0x2F, 0xE3, 0xFC, 0x00, 0x03, 0xFC, 0x3F, 0xD0, 0x00, 0x7F, 0xC1, 0xFF, 0x00, 0x0B, 0xF4, 0x0F,
    0xF0, 0x00, 0xFF, 0x00, 0xBF, 0x80, 0x1F, 0xE0, 0x07, 0xFC, 0x02, 0xFD, 0x00, 0x3F, 0xC0, 0x3F,
    0xC0, 0x01, 0xFE, 0x07, 0xF8, 0x00, 0x0F, 0xF0, 0xFF, 0x00, 0x00, 0xBF, 0x4F, 0xE0, 0x00, 0x07,
    0xFA, 0xFD, 0x00, 0x00, 0x3F, 0xFF, 0xC0, 0x00, 0x01, 0xFF, 0xF4, 0x00, 0x00, 0x0F, 0xFF, 0x00,
    0x00, 0x00, 0xBF, 0xE0, 0x00, 0x00, 0x03, 0xFC, 0x00, 0x00, 0x7F, 0xC0, 0x00, 0x00, 0x03, 0xFC,
    0x3F, 0xC0, 0x00, 0x00, 0x03, 0xFC, 0x3F, 0xC0, 0x0F, 0xF0, 0x07, 0xF8, 0x2F, 0xD0, 0x0F, 0xF0,
    0x07, 0xF4, 0x1F, 0xE0, 0x1F, 0xF4, 0x0B, 0xF0, 0x0F, 0xF0, 0x2F, 0xF8, 0x0F, 0xF0, 0x0F, 0xF0,
    0x3F, 0xFC, 0x0F, 0xE0, 0x0F, 0xF0, 0x7F, 0xFD, 0x1F, 0xD0, 0x0B, 0xF4, 0xBD, 0xBE, 0x1F, 0xC0,
    0x07, 0xF8, 0xFC, 0x7F, 0x2F, 0xC0, 0x03, 0xFD, 0xFC, 0x3F, 0x7F, 0x80, 0x02, 0xFF, 0xF4, 0x3F,
    0xFF, 0x40, 0x01, 0xFF, 0xF0, 0x1F, 0xFF, 0x00, 0x00, 0xFF, 0xF0, 0x0F, 0xFF, 0x00, 0x00, 0xFF,
    0xD0, 0x0B, 0xFE, 0x00, 0x00, 0xBF, 0xC0, 0x07, 0xFC, 0x00, 0x00, 0x3F, 0x80, 0x03, 0xFC, 0x00,
    0x3F, 0xE0, 0x01, 0xFF, 0x07, 0xFC, 0x00, 0xFF, 0x40, 0xFF, 0xC0, 0xFF, 0x80, 0x0F, 0xF8, 0x7F,
    0xC0, 0x01, 0xFF, 0x7F, 0xD0, 0x00, 0x3F, 0xFF, 0xE0, 0x00, 0x03, 0xFF, 0xF0, 0x00, 0x00, 0x7F,
    0xF0, 0x00, 0x00, 0x0F, 0xFC, 0x00, 0x00, 0x0B, 0xFF, 0x80, 0x00, 0x07, 0xFF, 0xF4, 0x00, 0x03,
    0xFF, 0xFF, 0x00, 0x03, 0xFE, 0x3F, 0xF0, 0x02, 0xFF, 0x03, 0xFE, 0x00, 0xFF, 0x00, 0x7F, 0xC0,
    0xFF, 0x80, 0x0F, 0xF8, 0x7F, 0xC0, 0x01, 0xFF, 0x40, 0xBF, 0xC0, 0x00, 0xFF, 0x0F, 0xF4, 0x00,
    0xBF, 0x81, 0xFF, 0x00, 0x3F, 0xC0, 0x3F, 0xD0, 0x3F, 0xD0, 0x07, 0xFC, 0x1F, 0xF0, 0x00, 0xFF,
    0x8F, 0xF4, 0x00, 0x0F, 0xFF, 0xF8, 0x00, 0x02, 0xFF, 0xFC, 0x00, 0x00, 0x3F, 0xFD, 0x00, 0x00,
    0x07, 0xFF, 0x00, 0x00, 0x00, 0xFF, 0x40, 0x00, 0x00, 0x2F, 0xC0, 0x00, 0x00, 0x0B, 0xF0, 0x00,
    0x00, 0x02, 0xFC, 0x00, 0x00, 0x00, 0xBF, 0x00, 0x00, 0x00, 0x2F, 0xC0, 0x00, 0x00, 0x0B, 0xF0,
    0x00, 0x00, 0x2F, 0xFF, 0xFF, 0xF0, 0xBF, 0xFF, 0xFF, 0xC2, 0xFF, 0xFF, 0xFF, 0x00, 0x00, 0x1F,
    0xF4, 0x00, 0x00, 0xFF, 0x40, 0x00, 0x0F, 0xF8, 0x00, 0x00, 0xBF, 0xC0, 0x00, 0x07, 0xFC, 0x00,
    0x00, 0x3F, 0xD0, 0x00, 0x02, 0xFE, 0x00, 0x00, 0x1F, 0xF0, 0x00, 0x00, 0xFF, 0x40, 0x00, 0x0B,
    0xF8, 0x00, 0x00, 0x7F, 0xC0, 0x00, 0x03, 0xFF, 0xFF, 0xFF, 0x8F, 0xFF, 0xFF, 0xFE, 0x3F, 0xFF,
    0xFF, 0xF8, 0xFF, 0xFC, 0xFF, 0xFC, 0xFF, 0xFC, 0xFF, 0x00, 0xFF, 0x00, 0xFF, 0x00, 0xFF, 0x00,
    0xFF, 0x00, 0xFF, 0x00, 0xFF, 0x00, 0xFF, 0x00, 0xFF, 0x00, 0xFF, 0x00, 0xFF, 0x00, 0xFF, 0x00,
    0xFF, 0x00, 0xFF, 0x00, 0xFF, 0x00, 0xFF, 0x00, 0xFF, 0x00, 0xFF, 0x00, 0xFF, 0x00, 0xFF, 0xFC,
    0xFF, 0xFC, 0xFF, 0xFC, 0x7F, 0x40, 0x00, 0x0F, 0xE0, 0x00, 0x03, 0xFC, 0x00, 0x00, 0x7F, 0x40,
    0x00, 0x0F, 0xE0, 0x00, 0x03, 0xFC, 0x00, 0x00, 0x7F, 0x40, 0x00, 0x0F, 0xE0, 0x00, 0x03, 0xFC,
    0x00, 0x00, 0x7F, 0x40, 0x00, 0x0F, 0xE0, 0x00, 0x03, 0xFC, 0x00, 0x00, 0x7F, 0x40, 0x00, 0x0F,
    0xE0, 0x00, 0x03, 0xFC, 0x00, 0x00, 0x7F, 0x40, 0x00, 0x0F, 0xE0, 0x00, 0x03, 0xFC, 0x00, 0x00,
    0x7F, 0x40, 0x00, 0x0F, 0xE0, 0x00, 0x03, 0xFC, 0x00, 0x00, 0x7F, 0x40, 0x00, 0x0F, 0xE0, 0x00,
    0x03, 0xFC, 0x00, 0x00, 0x7F, 0x40, 0xFF, 0xFC, 0xFF, 0xFC, 0xFF, 0xFC, 0x02, 0xFC, 0x02, 0xFC,
    0x02, 0xFC, 0x02, 0xFC, 0x02, 0xFC, 0x02, 0xFC, 0x02, 0xFC, 0x02, 0xFC, 0x02, 0xFC, 0x02, 0xFC,
    0x02, 0xFC, 0x02, 0xFC, 0x02, 0xFC, 0x02, 0xFC, 0x02, 0xFC, 0x02, 0xFC, 0x02, 0xFC, 0x02, 0xFC,
    0x02, 0xFC, 0xFF, 0xFC, 0xFF, 0xFC, 0xFF, 0xFC, 0x00, 0x2F, 0xC0, 0x00, 0x07, 0xFD, 0x00, 0x00,
    0xFF, 0xF0, 0x00, 0x2F, 0xFF, 0x80, 0x03, 0xFE, 0xFD, 0x00, 0xBF, 0x0F, 0xF0, 0x1F, 0xE0, 0x7F,
    0x83, 0xFC, 0x03, 0xFC, 0x7F, 0x40, 0x1F, 0xD0, 0x70, 0x00, 0xA0, 0xFF, 0xFF, 0xFF, 0xBF, 0xFF,
    0xFF, 0xEF, 0xFF, 0xFF, 0xF8, 0x08, 0x00, 0xFC, 0x03, 0xFC, 0x03, 0xFC, 0x03, 0xF0, 0x02, 0x00,
    0x06, 0xFF, 0xE0, 0x03, 0xFF, 0xFF, 0x00, 0xBF, 0xFF, 0xE0, 0x04, 0x07, 0xFC, 0x00, 0x00, 0x7F,
    0x00, 0x7F, 0xFF, 0xC0, 0xFF, 0xFF, 0xF0, 0xFF, 0xFF, 0xFC, 0x3F, 0xC0, 0x7F, 0x0F, 0xF0, 0x1F,
    0xC3, 0xFF, 0xFF, 0xF0, 0x7F, 0xFF, 0xFC, 0x02, 0xFF, 0xF9, 0x00, 0x2B, 0x40, 0x00, 0x1F, 0xD0,
    0x00, 0x07, 0xF4, 0x00, 0x01, 0xFD, 0x00, 0x00, 0x7F, 0x40, 0x00, 0x1F, 0xD0, 0x00, 0x07, 0xFB,
    0xFE, 0x01, 0xFF, 0xFF, 0xF0, 0x7F, 0xFF, 0xFF, 0x1F, 0xE0, 0x3F, 0xD7, 0xF4, 0x03, 0xF9, 0xFD,
    0x00, 0xFF, 0x7F, 0x40, 0x3F, 0xDF, 0xD0, 0x0F, 0xF7, 0xF4, 0x07, 0xF9, 0xFE, 0x07, 0xFD, 0x7F,
    0xFF, 0xFE, 0x1F, 0xFF, 0xFE, 0x01, 0xBF, 0xF9, 0x00, 0x00, 0xBF, 0xE0, 0x2F, 0xFF, 0xD2, 0xFF,
    0xFF, 0x0F, 0xF4, 0x04, 0xBF, 0x40, 0x03, 0xFC, 0x00, 0x0F, 0xF0, 0x00, 0x3F, 0xC0, 0x00, 0xBF,
    0x40, 0x01, 0xFF, 0x40, 0x42, 0xFF, 0xFF, 0x42, 0xFF, 0xFE, 0x01, 0xBF, 0xE4, 0x00, 0x00, 0x2B,
    0x40, 0x00, 0x1F, 0xD0, 0x00, 0x07, 0xF4, 0x00, 0x01, 0xFD, 0x00, 0x00, 0x7F, 0x40, 0x00, 0x1F,
    0xD0, 0x2F, 0xFB, 0xF4, 0x3F, 0xFF, 0xFD, 0x3F, 0xFF, 0xFF, 0x5F, 0xF4, 0x2F, 0xDB, 0xF4, 0x07,
    0xF7, 0xFC, 0x01, 0xFD, 0xFF, 0x00, 0x7F, 0x7F, 0xC0, 0x1F, 0xDB, 0xF4, 0x07, 0xF5, 0xFF, 0x41,
    0xFD, 0x2F, 0xFF, 0xFF, 0x42, 0xFF, 0xFF, 0xD0, 0x1B, 0xFF, 0x90, 0x01, 0xBF, 0x90, 0x02, 0xFF,
    0xFE, 0x02, 0xFF, 0xFF, 0xD0, 0xFF, 0x03, 0xFC, 0xBF, 0x00, 0x7F, 0x3F, 0xFF, 0xFF, 0xDF, 0xFF,
    0xFF, 0xF7, 0xFF, 0xFF, 0xFD, 0xBF, 0x00, 0x00, 0x1F, 0xF4, 0x01, 0x02, 0xFF, 0xFF, 0xD0, 0x2F,
    0xFF, 0xF8, 0x01, 0xBF, 0xF8, 0x00, 0x01, 0xFF, 0x90, 0xFF, 0xFD, 0x2F, 0xFF, 0xC3, 0xFD, 0x04,
    0x3F, 0x80, 0x03, 0xF4, 0x00, 0x7F, 0xFF, 0xC7, 0xFF, 0xFC, 0x7F, 0xFF, 0xC7, 0xF4, 0x00, 0x7F,
    0x40, 0x07, 0xF4, 0x00, 0x7F, 0x40, 0x07, 0xF4, 0x00, 0x7F, 0x40, 0x07, 0xF4, 0x00, 0x7F, 0x40,
    0x07, 0xF4, 0x00, 0x7F, 0x40, 0x00, 0x01, 0xBF, 0xF9, 0x02, 0xFF, 0xFF, 0xC2, 0xFF, 0xFF, 0xF0,
    0xFF, 0x42, 0xFC, 0xBF, 0x40, 0xBF, 0x3F, 0xC0, 0x2F, 0xCF, 0xF0, 0x0B, 0xF3, 0xFC, 0x02, 0xFC,
    0xBF, 0x40, 0xBF, 0x1F, 0xF0, 0x3F, 0xC3, 0xFF, 0xFF, 0xF0, 0x7F, 0xFF, 0xFC, 0x02, 0xFE, 0xFF,
    0x00, 0x00, 0x3F, 0xC1, 0x40, 0x2F, 0xE0, 0xFF, 0xFF, 0xF0, 0x3F, 0xFF, 0xF4, 0x06, 0xFF, 0xE0,
    0x00, 0x2B, 0x40, 0x00, 0x1F, 0xD0, 0x00, 0x07, 0xF4, 0x00, 0x01, 0xFD, 0x00, 0x00, 0x7F, 0x40,
    0x00, 0x1F, 0xD0, 0x00, 0x07, 0xFF, 0xFD, 0x01, 0xFF, 0xFF, 0xE0, 0x7F, 0xFF, 0xFD, 0x1F, 0xE0,
    0x7F, 0xC7, 0xF4, 0x0F, 0xF1, 0xFD, 0x02, 0xFC, 0x7F, 0x40, 0xBF, 0x1F, 0xD0, 0x2F, 0xC7, 0xF4,
    0x0B, 0xF1, 0xFD, 0x02, 0xFC, 0x7F, 0x40, 0xBF, 0x1F, 0xD0, 0x2F, 0xC7, 0xF4, 0x0B, 0xF0, 0x2F,
    0x2F, 0xEB, 0xF8, 0xBC, 0x00, 0x00, 0x07, 0xF5, 0xFD, 0x7F, 0x5F, 0xD7, 0xF5, 0xFD, 0x7F, 0x5F,
    0xD7, 0xF5, 0xFD, 0x7F, 0x5F, 0xD7, 0xF4, 0x00, 0xBC, 0x02, 0xFE, 0x02, 0xFE, 0x00, 0xBC, 0x00,
    0x00, 0x00, 0x00, 0x01, 0xFD, 0x01, 0xFD, 0x01, 0xFD, 0x01, 0xFD, 0x01, 0xFD, 0x01, 0xFD, 0x01,
    0xFD, 0x01, 0xFD, 0x01, 0xFD, 0x01, 0xFD, 0x01, 0xFD, 0x01, 0xFD, 0x01, 0xFD, 0x01, 0xFD, 0x02,
    0xFD, 0x7F, 0xFC, 0xBF, 0xF4, 0xBF, 0x80, 0x2B, 0x40, 0x00, 0x07, 0xF4, 0x00, 0x00, 0x7F, 0x40,
    0x00, 0x07, 0xF4, 0x00, 0x00, 0x7F, 0x40, 0x00, 0x07, 0xF4, 0x00, 0x00, 0x7F, 0x40, 0xFF, 0x87,
    0xF4, 0x2F, 0xE0, 0x7F, 0x4B, 0xF8, 0x07, 0xFA, 0xFE, 0x00, 0x7F, 0xFF, 0x80, 0x07, 0xFF, 0xF0,
    0x00, 0x7F, 0xFF, 0x80, 0x07, 0xFF, 0xFE, 0x00, 0x7F, 0x5F, 0xF4, 0x07, 0xF4, 0xBF, 0xC0, 0x7F,
    0x43, 0xFE, 0x07, 0xF4, 0x0F, 0xF4, 0x7F, 0x40, 0x7F, 0xC0, 0x2B, 0x41, 0xFD, 0x07, 0xF4, 0x1F,
    0xD0, 0x7F, 0x41, 0xFD, 0x07, 0xF4, 0x1F, 0xD0, 0x7F, 0x41, 0xFD, 0x07, 0xF4, 0x1F, 0xD0, 0x7F,
    0x41, 0xFD, 0x03, 0xF8, 0x0F, 0xF0, 0x3F, 0xF4, 0x7F, 0xD0, 0x6F, 0x00, 0x1B, 0xFF, 0x82, 0xFF,
    0x41, 0xFF, 0xFF, 0xFF, 0xFF, 0x87, 0xFF, 0xFF, 0xFF, 0xFF, 0x5F, 0xE0, 0xBF, 0x82, 0xFE, 0x7F,
    0x40, 0xFE, 0x03, 0xFD, 0xFD, 0x03, 0xF8, 0x0F, 0xF7, 0xF4, 0x0F, 0xE0, 0x3F, 0xDF, 0xD0, 0x3F,
    0x80, 0xFF, 0x7F, 0x40, 0xFE, 0x03, 0xFD, 0xFD, 0x03, 0xF8, 0x0F, 0xF7, 0xF4, 0x0F, 0xE0, 0x3F,
    0xDF, 0xD0, 0x3F, 0x80, 0xFF, 0x7F, 0x40, 0xFE, 0x03, 0xFC, 0x1B, 0xFF, 0x90, 0x1F, 0xFF, 0xFE,
    0x07, 0xFF, 0xFF, 0xD1, 0xFE, 0x07, 0xFC, 0x7F, 0x40, 0xFF, 0x1F, 0xD0, 0x2F, 0xC7, 0xF4, 0x0B,
    0xF1, 0xFD, 0x02, 0xFC, 0x7F, 0x40, 0xBF, 0x1F, 0xD0, 0x2F, 0xC7, 0xF4, 0x0B, 0xF1, 0xFD, 0x02,
    0xFC, 0x7F, 0x40, 0xBF, 0x00, 0x01, 0xBF, 0x90, 0x00, 0xBF, 0xFF, 0xC0, 0x2F, 0xFF, 0xFF, 0x03,
    0xFD, 0x0F, 0xF4, 0xBF, 0x40, 0x3F, 0xCF, 0xF0, 0x03, 0xFC, 0xFF, 0x00, 0x3F, 0xCF, 0xF0, 0x03,
    0xFC, 0xBF, 0x40, 0x3F, 0xC3, 0xFD, 0x0F, 0xF4, 0x2F, 0xFF, 0xFF, 0x00, 0xBF, 0xFF, 0xC0, 0x01,
    0xBF, 0x90, 0x00, 0x1B, 0xFF, 0x90, 0x1F, 0xFF, 0xFE, 0x07, 0xFF, 0xFF, 0xF1, 0xFE, 0x07, 0xFD,
    0x7F, 0x40, 0x7F, 0x9F, 0xD0, 0x0F, 0xF7, 0xF4, 0x03, 0xFD, 0xFD, 0x00, 0xFF, 0x7F, 0x40, 0x3F,
    0x9F, 0xE0, 0x3F, 0xD7, 0xFF, 0xFF, 0xF1, 0xFF, 0xFF, 0xF0, 0x7F, 0xBF, 0xE0, 0x1F, 0xD0, 0x00,
    0x07, 0xF4, 0x00, 0x01, 0xFD, 0x00, 0x00, 0x7F, 0x40, 0x00, 0x1F, 0xD0, 0x00, 0x00, 0x00, 0xBF,
    0xF9, 0x02, 0xFF, 0xFF, 0xD2, 0xFF, 0xFF, 0xF4, 0xFF, 0x41, 0xFD, 0xBF, 0x40, 0x7F, 0x7F, 0xC0,
    0x1F, 0xDF, 0xF0, 0x07, 0xF7, 0xFC, 0x01, 0xFD, 0xBF, 0x40, 0x7F, 0x5F, 0xF0, 0x2F, 0xD3, 0xFF,
    0xFF, 0xF4, 0x3F, 0xFF, 0xFD, 0x02, 0xFF, 0xBF, 0x40, 0x00, 0x1F, 0xD0, 0x00, 0x07, 0xF4, 0x00,
    0x01, 0xFD, 0x00, 0x00, 0x7F, 0x40, 0x00, 0x1F, 0xD0, 0x1B, 0xFF, 0x87, 0xFF, 0xFC, 0x7F, 0xFF,
    0xC7, 0xF8, 0x00, 0x7F, 0x40, 0x07, 0xF4, 0x00, 0x7F, 0x40, 0x07, 0xF4, 0x00, 0x7F, 0x40, 0x07,
    0xF4, 0x00, 0x7F, 0x40, 0x07, 0xF4, 0x00, 0x7F, 0x40, 0x00, 0x01, 0xBF, 0xE0, 0x0B, 0xFF, 0xF4,
    0x1F, 0xFF, 0xF0, 0x2F, 0xD0, 0x10, 0x2F, 0xD0, 0x00, 0x2F, 0xFF, 0xF0, 0x0F, 0xFF, 0xF8, 0x07,
    0xFF, 0xFC, 0x00, 0x07, 0xFC, 0x18, 0x03, 0xFC, 0x2F, 0xFF, 0xF8, 0x3F, 0xFF, 0xF0, 0x1B, 0xFF,
    0x40, 0x2B, 0x40, 0x07, 0xF4, 0x00, 0x7F, 0x40, 0x07, 0xF4, 0x00, 0x7F, 0xFF, 0xC7, 0xFF, 0xFC,
    0x7F, 0xFF, 0xC7, 0xF4, 0x00, 0x7F, 0x40, 0x07, 0xF4, 0x00, 0x7F, 0x40, 0x07, 0xF4, 0x00, 0x7F,
    0x40, 0x03, 0xFC, 0x04, 0x3F, 0xFF, 0xC1, 0xFF, 0xFC, 0x02, 0xFF, 0x80, 0x7F, 0x40, 0xFF, 0x7F,
    0x40, 0xFF, 0x7F, 0x40, 0xFF, 0x7F, 0x40, 0xFF, 0x7F, 0x40, 0xFF, 0x7F, 0x40, 0xFF, 0x7F, 0x40,
    0xFF, 0x7F, 0x40, 0xFF, 0x7F, 0x80, 0xFF, 0x3F, 0xD0, 0xFF, 0x2F, 0xFF, 0xFF, 0x0F, 0xFF, 0xFF,
    0x01, 0xFF, 0xF9, 0xBF, 0x40, 0x1F, 0xD7, 0xF8, 0x02, 0xFC, 0x3F, 0xC0, 0x3F, 0x82, 0xFC, 0x07,
    0xF4, 0x1F, 0xD0, 0xBF, 0x00, 0xFF, 0x0F, 0xE0, 0x0B, 0xF0, 0xFD, 0x00, 0x3F, 0x6F, 0xC0, 0x02,
    0xFF, 0xF4, 0x00, 0x1F, 0xFF, 0x00, 0x00, 0xFF, 0xE0, 0x00, 0x07, 0xFC, 0x00, 0x00, 0x3F, 0x80,
    0x00, 0xBF, 0x40, 0xBD, 0x02, 0xFC, 0x7F, 0x80, 0xFE, 0x03, 0xFC, 0x3F, 0x80, 0xFF, 0x03, 0xF8,
    0x2F, 0xC1, 0xFF, 0x07, 0xF4, 0x1F, 0xC2, 0xFF, 0x4B, 0xF0, 0x0F, 0xD3, 0xFF, 0x8F, 0xE0, 0x0F,
    0xE3, 0xDF, 0xCF, 0xD0, 0x07, 0xF7, 0xCB, 0xDF, 0xC0, 0x03, 0xFF, 0xC7, 0xFF, 0x80, 0x02, 0xFF,
    0x83, 0xFF, 0x40, 0x01, 0xFF, 0x43, 0xFF, 0x00, 0x00, 0xFF, 0x01, 0xFE, 0x00, 0x00, 0xBE, 0x00,
    0xFC, 0x00, 0x7F, 0x80, 0x3F, 0xC2, 0xFD, 0x07, 0xF4, 0x0F, 0xF0, 0xFE, 0x00, 0x3F, 0xFF, 0xC0,
    0x01, 0xFF, 0xF0, 0x00, 0x0B, 0xFD, 0x00, 0x00, 0x7F, 0xC0, 0x00, 0x0F, 0xFF, 0x00, 0x02, 0xFF,
    0xF8, 0x00, 0x7F, 0xBF, 0xD0, 0x0F, 0xE0, 0xFF, 0x03, 0xFC, 0x07, 0xF8, 0x7F, 0x40, 0x2F, 0xD0,
    0xBF, 0x40, 0x2F, 0xD7, 0xF8, 0x03, 0xFC, 0x3F, 0xC0, 0x3F, 0x82, 0xFC, 0x07, 0xF4, 0x1F, 0xE0,
    0xBF, 0x00, 0xFF, 0x0F, 0xE0, 0x0B, 0xF0, 0xFD, 0x00, 0x3F, 0xAF, 0xC0, 0x03, 0xFF, 0xF8, 0x00,
    0x1F, 0xFF, 0x00, 0x00, 0xFF, 0xE0, 0x00, 0x07, 0xFD, 0x00, 0x00, 0x3F, 0xC0, 0x00, 0x03, 0xF4,
    0x00, 0x00, 0xFF, 0x00, 0x07, 0xFF, 0xD0, 0x00, 0xBF, 0xF8, 0x00, 0x0B, 0xFD, 0x00, 0x00, 0x3F,
    0xFF, 0xFE, 0x3F, 0xFF, 0xFE, 0x3F, 0xFF, 0xFD, 0x00, 0x0B, 0xF8, 0x00, 0x1F, 0xE0, 0x00, 0x7F,
    0xC0, 0x00, 0xFF, 0x00, 0x03, 0xFD, 0x00, 0x0B, 0xF4, 0x00, 0x0F, 0xF0, 0x00, 0x3F, 0xFF, 0xFF,
    0x3F, 0xFF, 0xFF, 0x3F, 0xFF, 0xFF, 0x00, 0x2F, 0xC0, 0x0F, 0xFC, 0x02, 0xFF, 0xC0, 0x3F, 0xC0,
    0x03, 0xF8, 0x00, 0x3F, 0x80, 0x03, 0xF8, 0x00, 0x3F, 0x80, 0x03, 0xF4, 0x00, 0x3F, 0x40, 0x0B,
    0xF0, 0x03, 0xFF, 0x00, 0x3F, 0xC0, 0x03, 0xFF, 0x00, 0x0B, 0xF0, 0x00, 0x3F, 0x40, 0x03, 0xF4,
    0x00, 0x3F, 0x80, 0x03, 0xF8, 0x00, 0x3F, 0x80, 0x03, 0xF8, 0x00, 0x3F, 0xC0, 0x02, 0xFF, 0xC0,
    0x0F, 0xFC, 0x00, 0x2F, 0xC0, 0xFF, 0xFF, 0xFF, 0xFF, 0xFF, 0xFF, 0xFF, 0xFF, 0xFF, 0xFF, 0xFF,
    0xFF, 0xFF, 0xFF, 0xFF, 0xFF, 0xFF, 0xFF, 0xFF, 0xFF, 0xFF, 0xFF, 0xFF, 0xFF, 0xFF, 0xBE, 0x00,
    0x3F, 0xF4, 0x0F, 0xFF, 0x00, 0x2F, 0xC0, 0x07, 0xF4, 0x00, 0xFD, 0x00, 0x3F, 0x40, 0x0F, 0xD0,
    0x03, 0xF4, 0x00, 0xFD, 0x00, 0x3F, 0xC0, 0x07, 0xFD, 0x00, 0xFF, 0x40, 0x7F, 0xD0, 0x3F, 0xC0,
    0x0F, 0xD0, 0x03, 0xF4, 0x00, 0xFD, 0x00, 0x3F, 0x40, 0x0F, 0xD0, 0x07, 0xF4, 0x02, 0xFC, 0x0F,
    0xFF, 0x03, 0xFF, 0x40, 0xBE, 0x00, 0x00, 0x07, 0xF4, 0x03, 0x81, 0xFF, 0xF4, 0xBD, 0x3F, 0xFF,
    0xFF, 0xC3, 0xE0, 0xBF, 0xF4, 0x2D, 0x01, 0xFD, 0x00, 0x2E, 0x2F, 0xEB, 0xFE, 0xFE, 0x2F, 0x00,
    0x03, 0xF0, 0xFC, 0x3F, 0x4F, 0xD7, 0xF5, 0xFE, 0x7F, 0x9F, 0xE7, 0xF9, 0xFE, 0x7F, 0x9F, 0xE0,
    0x00, 0x7F, 0x00, 0x01, 0xFC, 0x00, 0x07, 0xF0, 0x00, 0x7F, 0xF8, 0x0B, 0xFF, 0xF4, 0xBF, 0xFF,
    0xC7, 0xFD, 0x01, 0x2F, 0xD0, 0x00, 0xFF, 0x00, 0x03, 0xFC, 0x00, 0x0B, 0xF4, 0x00, 0x1F, 0xF4,
    0x04, 0x3F, 0xFF, 0xF4, 0x3F, 0xFF, 0xE0, 0x1F, 0xFF, 0x40, 0x1F, 0xC0, 0x00, 0x7F, 0x00, 0x01,
    0xFC, 0x00, 0x00, 0x1B, 0xFE, 0x00, 0x2F, 0xFF, 0xC0, 0x2F, 0xFF, 0xE0, 0x0F, 0xF4, 0x00, 0x03,
    0xF8, 0x00, 0x00, 0xFD, 0x00, 0x00, 0x7F, 0x40, 0x01, 0xFF, 0xFF, 0xE0, 0x7F, 0xFF, 0xF8, 0x1F,
    0xFF, 0xFE, 0x00, 0x7F, 0x40, 0x00, 0x1F, 0xD0, 0x00, 0x07, 0xF0, 0x00, 0x01, 0xFC, 0x00, 0x00,
    0xBF, 0xFF, 0xF8, 0x3F, 0xFF, 0xFE, 0x0F, 0xFF, 0xFF, 0x80, 0x00, 0x00, 0x00, 0x00, 0xA0, 0x00,
    0x60, 0x2F, 0xFF, 0xEF, 0xC3, 0xFF, 0xFF, 0xFC, 0x0F, 0xFF, 0xFF, 0x00, 0xFE, 0x0B, 0xF0, 0x0F,
    0xC0, 0x3F, 0x00, 0xFC, 0x03, 0xF0, 0x0F, 0xE0, 0xBF, 0x00, 0xFF, 0xFF, 0xF0, 0x3F, 0xFF, 0xFF,
    0xC2, 0xFF, 0xFE, 0xFC, 0x0A, 0x00, 0x06, 0x00, 0x3F, 0xD0, 0x03, 0xFC, 0x1F, 0xF0, 0x0B, 0xF8,
    0x0F, 0xF4, 0x0F, 0xF0, 0x07, 0xFC, 0x2F, 0xE0, 0x03, 0xFD, 0x3F, 0xC0, 0x01, 0xFF, 0x7F, 0x80,
    0x00, 0xFF, 0xFF, 0x00, 0x00, 0x3F, 0xFD, 0x00, 0x07, 0xFF, 0xFF, 0xE0, 0x07, 0xFF, 0xFF, 0xE0,
    0x00, 0x0F, 0xF0, 0x00, 0x00, 0x0F, 0xF0, 0x00, 0x07, 0xFF, 0xFF, 0xE0, 0x07, 0xFF, 0xFF, 0xE0,
    0x00, 0x0F, 0xF0, 0x00, 0x00, 0x0F, 0xF0, 0x00, 0x00, 0x0F, 0xF0, 0x00, 0xFE, 0xFE, 0xFE, 0xFE,
    0xFE, 0xFE, 0xFE, 0xFE, 0xFE, 0xFE, 0x00, 0x00, 0x00, 0x00, 0x00, 0xFE, 0xFE, 0xFE, 0xFE, 0xFE,
    0xFE, 0xFE, 0xFE, 0xFE, 0xFE, 0x00, 0xBF, 0xE4, 0x01, 0xFF, 0xFF, 0x40, 0xFF, 0xFF, 0xC0, 0x3F,
    0x80, 0x60, 0x1F, 0xE0, 0x00, 0x03, 0xFE, 0x40, 0x00, 0xBF, 0xFD, 0x00, 0x2F, 0xFF, 0xE0, 0x1F,
    0xFF, 0xFD, 0x0F, 0xE1, 0xFF, 0xC3, 0xF4, 0x0B, 0xF0, 0xFE, 0x01, 0xFC, 0x3F, 0xE4, 0xFE, 0x07,
    0xFF, 0xFF, 0x00, 0xBF, 0xFF, 0x40, 0x07, 0xFF, 0xF0, 0x00, 0x0B, 0xFD, 0x00, 0x00, 0x7F, 0x81,
    0x90, 0x1F, 0xE0, 0xFF, 0xFF, 0xF4, 0x3F, 0xFF, 0xF8, 0x02, 0xFF, 0xE4, 0x00, 0x1F, 0x02, 0xE0,
    0xFE, 0x1F, 0xD3, 0xF8, 0x7F, 0x47, 0xC0, 0xB8, 0x00, 0x1B, 0xFE, 0x40, 0x00, 0x0F, 0xFF, 0xFF,
    0x00, 0x03, 0xF8, 0x02, 0xFC, 0x00, 0xFC, 0x00, 0x03, 0xF0, 0x2F, 0x02, 0xFE, 0x0F, 0x83, 0xE0,
    0xFF, 0xF0, 0xBC, 0x7C, 0x2F, 0xFE, 0x07, 0xDB, 0xC3, 0xF4, 0x00, 0x3E, 0xBC, 0x3E, 0x00, 0x03,
    0xEB, 0xC3, 0xE0, 0x00, 0x3E, 0xBC, 0x3F, 0x41, 0x03, 0xE7, 0xC3, 0xFF, 0xF0, 0x7D, 0x3E, 0x0F,
    0xFF, 0x0B, 0xC2, 0xF0, 0x2F, 0xE0, 0xF8, 0x0F, 0xC0, 0x00, 0x3F, 0x00, 0x3F, 0x80, 0x2F, 0xC0,
    0x00, 0xFF, 0xFF, 0xF0, 0x00, 0x01, 0xBF, 0xE4, 0x00, 0x1F, 0xFD, 0x01, 0xFF, 0xF4, 0x00, 0x0F,
    0xC0, 0x05, 0xFC, 0x1F, 0xFF, 0xC3, 0xFE, 0xFC, 0x7E, 0x0B, 0xC7, 0xE0, 0xBC, 0x3F, 0xFF, 0xC0,
    0xBF, 0xF8, 0x00, 0x00, 0x00, 0x00, 0x03, 0xD0, 0x0F, 0x40, 0x2F, 0xC0, 0xFF, 0x01, 0xFE, 0x0B,
    0xF4, 0x0F, 0xF0, 0x7F, 0xC0, 0xFF, 0x43, 0xFC, 0x07, 0xFC, 0x2F, 0xF0, 0x0F, 0xF4, 0x3F, 0xC0,
    0x0F, 0xF0, 0x7F, 0xC0, 0x1F, 0xE0, 0xBF, 0x40, 0x2F, 0xC0, 0xFF, 0x00, 0x3D, 0x00, 0xF4, 0x00,
    0x00, 0x00, 0x00, 0xFF, 0xFF, 0xFF, 0xFF, 0xFF, 0xFF, 0xFF, 0xFF, 0xFF, 0x00, 0x00, 0x7F, 0x00,
    0x00, 0x7F, 0x00, 0x00, 0x7F, 0x00, 0x00, 0x7F, 0x00, 0x00, 0x7F, 0x00, 0x00, 0x7F, 0x7F, 0xFF,
    0x7F, 0xFF, 0x7F, 0xFF, 0x00, 0x1B, 0xFE, 0x40, 0x00, 0x0F, 0xFF, 0xFF, 0x00, 0x03, 0xF8, 0x02,
    0xFC, 0x00, 0xFC, 0x00, 0x03, 0xF0, 0x2F, 0x1F, 0xF8, 0x0F, 0x83, 0xE1, 0xFF, 0xF0, 0xBC, 0x7C,
    0x1F, 0x0F, 0x47, 0xDB, 0xC1, 0xF0, 0xF8, 0x3E, 0xBC, 0x1F, 0xFF, 0x43, 0xEB, 0xC1, 0xFF, 0xE0,
    0x3E, 0xBC, 0x1F, 0x2E, 0x03, 0xE7, 0xC1, 0xF1, 0xF0, 0x7D, 0x3E, 0x1F, 0x0F, 0x4B, 0xC2, 0xF1,
    0xF0, 0xBC, 0xF8, 0x0F, 0xC0, 0x00, 0x3F, 0x00, 0x7F, 0x80, 0x2F, 0xC0, 0x00, 0xFF, 0xFF, 0xF0,
    0x00, 0x01, 0xBF, 0xE4, 0x00, 0x7F, 0xFF, 0x9F, 0xFF, 0xE7, 0xFF, 0xF8, 0x07, 0xF8, 0x0B, 0xFF,
    0xC7, 0xE2, 0xF5, 0xF0, 0x3E, 0x7E, 0x2F, 0x4B, 0xFF, 0xC0, 0xBF, 0x80, 0x00, 0xBF, 0x00, 0x00,
    0xBF, 0x00, 0x00, 0xBF, 0x00, 0x00, 0xBF, 0x00, 0xFF, 0xFF, 0xFF, 0xFF, 0xFF, 0xFF, 0xFF, 0xFF,
    0xFF, 0x00, 0xBF, 0x00, 0x00, 0xBF, 0x00, 0x00, 0xBF, 0x00, 0x00, 0xBF, 0x00, 0x00, 0x00, 0x00,
    0xFF, 0xFF, 0xFF, 0xFF, 0xFF, 0xFF, 0xFF, 0xFF, 0xFF, 0x0B, 0xF4, 0x1F, 0xFF, 0x42, 0x47, 0xE0,
    0x01, 0xF8, 0x01, 0xFD, 0x01, 0xFE, 0x00, 0xFE, 0x00, 0xBE, 0x00, 0x3F, 0xFF, 0x0F, 0xFF, 0xC0,
    0x1F, 0xF4, 0x3F, 0xFC, 0x14, 0x7D, 0x00, 0x7D, 0x07, 0xFC, 0x07, 0xFE, 0x00, 0x3F, 0x10, 0x3F,
    0x7F, 0xFE, 0x2F, 0xF4, 0x01, 0x80, 0x0F, 0xC0, 0xFF, 0x0F, 0xF0, 0x3F, 0x00, 0x20, 0x00, 0x7F,
    0x40, 0xBF, 0x1F, 0xD0, 0x2F, 0xC7, 0xF4, 0x0B, 0xF1, 0xFD, 0x02, 0xFC, 0x7F, 0x40, 0xBF, 0x1F,
    0xD0, 0x2F, 0xC7, 0xF4, 0x0B, 0xF1, 0xFD, 0x02, 0xFC, 0x7F, 0x80, 0xBF, 0x1F, 0xF4, 0x2F, 0xC7,
    0xFF, 0xFF, 0xF1, 0xFF, 0xFF, 0xFC, 0x7F, 0xFF, 0xF9, 0x1F, 0xD0, 0x00, 0x07, 0xF4, 0x00, 0x01,
    0xFD, 0x00, 0x00, 0x7F, 0x40, 0x00, 0x1F, 0xD0, 0x00, 0x00, 0x00, 0x15, 0x95, 0x00, 0x1F, 0xFF,
    0xFF, 0xE2, 0xFF, 0xFF, 0xFF, 0xDF, 0xFF, 0xFA, 0xFF, 0xFF, 0xFF, 0xC3, 0xFF, 0xFF, 0xFF, 0x0F,
    0xFF, 0xFF, 0xFC, 0x3F, 0xFF, 0xFF, 0xF0, 0xFF, 0xBF, 0xFF, 0xC3, 0xFC, 0xFF, 0xFF, 0x0F, 0xF0,
    0xBF, 0xFC, 0x3F, 0xC0, 0x1F, 0xF0, 0xFF, 0x00, 0x2F, 0xC3, 0xFC, 0x00, 0xBF, 0x0F, 0xF0, 0x02,
    0xFC, 0x3F, 0xC0, 0x0B, 0xF0, 0xFF, 0x00, 0x2F, 0xC3, 0xFC, 0x00, 0xBF, 0x0F, 0xF0, 0x02, 0xFC,
    0x3F, 0xC0, 0x0B, 0xF0, 0xFF, 0x00, 0x2F, 0xC3, 0xFC, 0x00, 0xBF, 0x0F, 0xF0, 0x01, 0xA8, 0x2A,
    0x40, 0x1F, 0x43, 0xFC, 0x3F, 0xD3, 0xFC, 0x1F, 0x40, 0x06, 0x40, 0xF8, 0x0F, 0xC0, 0x3E, 0x7F,
    0xEB, 0xFC, 0x59, 0x00, 0x00, 0xFC, 0x2F, 0xF3, 0xFF, 0xC6, 0x3F, 0x00, 0xFC, 0x03, 0xF0, 0x0F,
    0xC0, 0x3F, 0x00, 0xFC, 0x03, 0xF0, 0x02, 0xFE, 0x00, 0x3F, 0xFF, 0x42, 0xF8, 0x3F, 0x0F, 0xC0,
    0xBD, 0x3E, 0x01, 0xF8, 0xF8, 0x07, 0xE3, 0xF0, 0x2F, 0x4B, 0xE0, 0xFC, 0x0F, 0xFF, 0xD0, 0x0B,
    0xF8, 0x00, 0x00, 0x00, 0x00, 0x00, 0x7C, 0x01, 0xF0, 0x03, 0xFC, 0x0F, 0xE0, 0x07, 0xF8, 0x2F,
    0xD0, 0x0F, 0xF4, 0x3F, 0xC0, 0x1F, 0xF0, 0xBF, 0x80, 0x3F, 0xD0, 0xFF, 0x01, 0xFF, 0x0B, 0xF8,
    0x0F, 0xF4, 0x3F, 0xC0, 0x7F, 0x82, 0xFD, 0x03, 0xFC, 0x0F, 0xE0, 0x07, 0xC0, 0x1F, 0x00, 0x00,
    0x00, 0x00, 0x00, 0x02, 0xF4, 0x00, 0x05, 0x40, 0x01, 0xFF, 0x40, 0x03, 0xF8, 0x00, 0x7F, 0xF4,
    0x00, 0x7F, 0x00, 0x03, 0x9F, 0x40, 0x0F, 0xE0, 0x00, 0x01, 0xF4, 0x01, 0xFC, 0x00, 0x00, 0x1F,
    0x40, 0x3F, 0x40, 0x00, 0x01, 0xF4, 0x07, 0xF0, 0x00, 0x00, 0x1F, 0x40, 0xFD, 0x01, 0xF4, 0x01,
    0xF4, 0x1F, 0xC0, 0x7F, 0x40, 0x1F, 0x43, 0xF4, 0x0F, 0xF4, 0x00, 0x00, 0xBF, 0x03, 0xEF, 0x40,
    0x00, 0x0F, 0xD0, 0xBC, 0xF4, 0x00, 0x02, 0xFC, 0x0F, 0x4F, 0x40, 0x00, 0x3F, 0x42, 0xFF, 0xFE,
    0x00, 0x0B, 0xF0, 0x2F, 0xFF, 0xE0, 0x00, 0xFD, 0x00, 0x00, 0xF4, 0x00, 0x2F, 0xC0, 0x00, 0x0F,
    0x40, 0x03, 0xF4, 0x00, 0x00, 0x00, 0x02, 0xF4, 0x00, 0x15, 0x00, 0x07, 0xFD, 0x00, 0x2F, 0xC0,
    0x07, 0xFF, 0x40, 0x0F, 0xD0, 0x00, 0xE7, 0xD0, 0x0B, 0xF0, 0x00, 0x01, 0xF4, 0x03, 0xF4, 0x00,
    0x00, 0x7D, 0x02, 0xFC, 0x00, 0x00, 0x1F, 0x40, 0xFD, 0x00, 0x00, 0x07, 0xD0, 0xBF, 0x1B, 0xF4,
    0x01, 0xF4, 0x3F, 0x1F, 0xFF, 0x00, 0x7D, 0x2F, 0x82, 0x47, 0xE0, 0x00, 0x0F, 0xC0, 0x01, 0xF8,
    0x00, 0x0B, 0xE0, 0x01, 0xFD, 0x00, 0x03, 0xF0, 0x01, 0xFE, 0x00, 0x03, 0xF8, 0x01, 0xFD, 0x00,
    0x01, 0xFC, 0x00, 0xFD, 0x00, 0x00, 0xFE, 0x00, 0x3F, 0xFF, 0x00, 0x7F, 0x00, 0x1F, 0xFF, 0xC0,
    0x3F, 0x80, 0x00, 0x00, 0x00, 0x1B, 0xF4, 0x00, 0x05, 0x40, 0x03, 0xFF, 0xD0, 0x01, 0xFC, 0x00,
    0x14, 0x3E, 0x00, 0x3F, 0x80, 0x00, 0x07, 0xD0, 0x07, 0xF0, 0x00, 0x07, 0xFC, 0x00, 0xFE, 0x00,
    0x00, 0x7F, 0xE0, 0x1F, 0xC0, 0x00, 0x00, 0x3F, 0x03, 0xF4, 0x00, 0x01, 0x03, 0xF0, 0x7F, 0x01,
    0xF4, 0x3F, 0xFE, 0x0F, 0xD0, 0x7F, 0x42, 0xFF, 0x81, 0xFC, 0x0F, 0xF4, 0x00, 0x00, 0x3F, 0x43,
    0xEF, 0x40, 0x00, 0x0B, 0xF0, 0xBC, 0xF4, 0x00, 0x00, 0xFD, 0x0F, 0x4F, 0x40, 0x00, 0x2F, 0xC2,
    0xFF, 0xFE, 0x00, 0x03, 0xF4, 0x2F, 0xFF, 0xE0, 0x00, 0xBF, 0x00, 0x00, 0xF4, 0x00, 0x0F, 0xD0,
    0x00, 0x0F, 0x40, 0x02, 0xFC, 0x00, 0x00, 0x00, 0x00, 0x3E, 0x00, 0x03, 0xFD, 0x00, 0x0F, 0xF8,
    0x00, 0x3F, 0xD0, 0x00, 0x3E, 0x00, 0x00, 0x00, 0x00, 0x03, 0xF0, 0x00, 0x1F, 0xC0, 0x00, 0xFF,
    0x00, 0x0F, 0xF4, 0x00, 0xFF, 0x80, 0x0B, 0xF8, 0x00, 0x3F, 0xC0, 0x01, 0xFE, 0x00, 0x03, 0xFC,
    0x07, 0x0F, 0xFF, 0xFD, 0x1F, 0xFF, 0xF8, 0x0B, 0xFE, 0x40, 0x00, 0x01, 0x80, 0x00, 0x00, 0x00,
    0xBE, 0x00, 0x00, 0x00, 0x0B, 0xF4, 0x00, 0x00, 0x00, 0x2F, 0xD0, 0x00, 0x00, 0x00, 0xBD, 0x00,
    0x00, 0x00, 0x01, 0x40, 0x00, 0x00, 0x00, 0x00, 0x00, 0x00, 0x00, 0x3F, 0xC0, 0x00, 0x00, 0x0B,
    0xFE, 0x00, 0x00, 0x00, 0xFF, 0xF0, 0x00, 0x00, 0x1F, 0xFF, 0x40, 0x00, 0x03, 0xFB, 0xFC, 0x00,
    0x00, 0x7F, 0x1F, 0xD0, 0x00, 0x0F, 0xF0, 0xFF, 0x00, 0x00, 0xFD, 0x0B, 0xF0, 0x00, 0x2F, 0xC0,
    0x3F, 0x80, 0x03, 0xF8, 0x03, 0xFC, 0x00, 0x7F, 0xFF, 0xFF, 0xD0, 0x0B, 0xFF, 0xFF, 0xFF, 0x00,
    0xFF, 0xFF, 0xFF, 0xF0, 0x1F, 0xD0, 0x00, 0xBF, 0x83, 0xFC, 0x00, 0x03, 0xFC, 0x3F, 0xC0, 0x00,
    0x3F, 0xCB, 0xF4, 0x00, 0x02, 0xFE, 0x00, 0x00, 0x24, 0x00, 0x00, 0x00, 0x0B, 0xD0, 0x00, 0x00,
    0x02, 0xFD, 0x00, 0x00, 0x00, 0x7F, 0x40, 0x00, 0x00, 0x0B, 0xD0, 0x00, 0x00, 0x00, 0x24, 0x00,
    0x00, 0x00, 0x00, 0x00, 0x00, 0x00, 0x00, 0x3F, 0xC0, 0x00, 0x00, 0x0B, 0xFE, 0x00, 0x00, 0x00,
    0xFF, 0xF0, 0x00, 0x00, 0x1F, 0xFF, 0x40, 0x00, 0x03, 0xFB, 0xFC, 0x00, 0x00, 0x7F, 0x1F, 0xD0,
    0x00, 0x0F, 0xF0, 0xFF, 0x00, 0x00, 0xFD, 0x0B, 0xF0, 0x00, 0x2F, 0xC0, 0x3F, 0x80, 0x03, 0xF8,
    0x03, 0xFC, 0x00, 0x7F, 0xFF, 0xFF, 0xD0, 0x0B, 0xFF, 0xFF, 0xFF, 0x00, 0xFF, 0xFF, 0xFF, 0xF0,
    0x1F, 0xD0, 0x00, 0xBF, 0x83, 0xFC, 0x00, 0x03, 0xFC, 0x3F, 0xC0, 0x00, 0x3F, 0xCB, 0xF4, 0x00,
    0x02, 0xFE, 0x00, 0x00, 0xA0, 0x00, 0x00, 0x00, 0x2F, 0x80, 0x00, 0x00, 0x0F, 0xFF, 0x00, 0x00,
    0x02, 0xF5, 0xF8, 0x00, 0x00, 0x0C, 0x03, 0x00, 0x00, 0x00, 0x00, 0x00, 0x00, 0x00, 0x03, 0xFC,
    0x00, 0x00, 0x00, 0xBF, 0xE0, 0x00, 0x00, 0x0F, 0xFF, 0x00, 0x00, 0x01, 0xFF, 0xF4, 0x00, 0x00,
    0x3F, 0xBF, 0xC0, 0x00, 0x07, 0xF1, 0xFD, 0x00, 0x00, 0xFF, 0x0F, 0xF0, 0x00, 0x0F, 0xD0, 0xBF,
    0x00, 0x02, 0xFC, 0x03, 0xF8, 0x00, 0x3F, 0x80, 0x3F, 0xC0, 0x07, 0xFF, 0xFF, 0xFD, 0x00, 0xBF,
    0xFF, 0xFF, 0xF0, 0x0F, 0xFF, 0xFF, 0xFF, 0x01, 0xFD, 0x00, 0x0B, 0xF8, 0x3F, 0xC0, 0x00, 0x3F,
    0xC3, 0xFC, 0x00, 0x03, 0xFC, 0xBF, 0x40, 0x00, 0x2F, 0xE0, 0x00, 0x0F, 0x92, 0x80, 0x00, 0x03,
    0xFF, 0xFE, 0x00, 0x00, 0x7F, 0xFF, 0xC0, 0x00, 0x01, 0x82, 0xF0, 0x00, 0x00, 0x00, 0x00, 0x00,
    0x00, 0x00, 0x00, 0x00, 0x00, 0x00, 0x03, 0xFC, 0x00, 0x00, 0x00, 0xBF, 0xE0, 0x00, 0x00, 0x0F,
    0xFF, 0x00, 0x00, 0x01, 0xFF, 0xF4, 0x00, 0x00, 0x3F, 0xBF, 0xC0, 0x00, 0x07, 0xF1, 0xFD, 0x00,
    0x00, 0xFF, 0x0F, 0xF0, 0x00, 0x0F, 0xD0, 0xBF, 0x00, 0x02, 0xFC, 0x03, 0xF8, 0x00, 0x3F, 0x80,
    0x3F, 0xC0, 0x07, 0xFF, 0xFF, 0xFD, 0x00, 0xBF, 0xFF, 0xFF, 0xF0, 0x0F, 0xFF, 0xFF, 0xFF, 0x01,
    0xFD, 0x00, 0x0B, 0xF8, 0x3F, 0xC0, 0x00, 0x3F, 0xC3, 0xFC, 0x00, 0x03, 0xFC, 0xBF, 0x40, 0x00,
    0x2F, 0xE0, 0x00, 0x3D, 0x0B, 0x80, 0x00, 0x0F, 0xF0, 0xFD, 0x00, 0x00, 0xFF, 0x0F, 0xD0, 0x00,
    0x03, 0xD0, 0xB8, 0x00, 0x00, 0x00, 0x00, 0x00, 0x00, 0x00, 0x00, 0x00, 0x00, 0x00, 0x03, 0xFC,
    0x00, 0x00, 0x00, 0xBF, 0xE0, 0x00, 0x00, 0x0F, 0xFF, 0x00, 0x00, 0x01, 0xFF, 0xF4, 0x00, 0x00,
    0x3F, 0xBF, 0xC0, 0x00, 0x07, 0xF1, 0xFD, 0x00, 0x00, 0xFF, 0x0F, 0xF0, 0x00, 0x0F, 0xD0, 0xBF,
    0x00, 0x02, 0xFC, 0x03, 0xF8, 0x00, 0x3F, 0x80, 0x3F, 0xC0, 0x07, 0xFF, 0xFF, 0xFD, 0x00, 0xBF,
    0xFF, 0xFF, 0xF0, 0x0F, 0xFF, 0xFF, 0xFF, 0x01, 0xFD, 0x00, 0x0B, 0xF8, 0x3F, 0xC0, 0x00, 0x3F,
    0xC3, 0xFC, 0x00, 0x03, 0xFC, 0xBF, 0x40, 0x00, 0x2F, 0xE0, 0x00, 0x02, 0xF8, 0x00, 0x00, 0x00,
    0xBF, 0xE0, 0x00, 0x00, 0x0F, 0x0F, 0x00, 0x00, 0x00, 0xF0, 0xF0, 0x00, 0x00, 0x07, 0xFD, 0x00,
    0x00, 0x00, 0x3F, 0xD0, 0x00, 0x00, 0x0B, 0xFE, 0x00, 0x00, 0x00, 0xFF, 0xF0, 0x00, 0x00, 0x2F,
    0xFF, 0x80, 0x00, 0x03, 0xFA, 0xFC, 0x00, 0x00, 0x7F, 0x1F, 0xD0, 0x00, 0x0F, 0xF0, 0xFF, 0x00,
    0x01, 0xFD, 0x0B, 0xF4, 0x00, 0x2F, 0xC0, 0x3F, 0x80, 0x03, 0xF8, 0x03, 0xFC, 0x00, 0x7F, 0xFF,
    0xFF, 0xD0, 0x0F, 0xFF, 0xFF, 0xFF, 0x00, 0xFF, 0xFF, 0xFF, 0xF0, 0x2F, 0xD0, 0x00, 0xBF, 0x83,
    0xFC, 0x00, 0x03, 0xFC, 0x3F, 0xC0, 0x00, 0x3F, 0xCB, 0xF4, 0x00, 0x02, 0xFE, 0x00, 0x00, 0x07,
    0xFF, 0xFF, 0xFD, 0x00, 0x00, 0x0F, 0xFF, 0xFF, 0xFD, 0x00, 0x00, 0x3F, 0xFF, 0xFF, 0xFD, 0x00,
    0x00, 0xBF, 0xFF, 0x00, 0x00, 0x00, 0x00, 0xFD, 0xFF, 0x00, 0x00, 0x00, 0x03, 0xFC, 0xFF, 0x00,
    0x00, 0x00, 0x07, 0xF4, 0xFF, 0x00, 0x00, 0x00, 0x0F, 0xE0, 0xFF, 0xFF, 0xF8, 0x00, 0x2F, 0xC0,
    0xFF, 0xFF, 0xF8, 0x00, 0x7F, 0x80, 0xFF, 0xFF, 0xF8, 0x00, 0xFF, 0xFF, 0xFF, 0x00, 0x00, 0x02,
    0xFF, 0xFF, 0xFF, 0x00, 0x00, 0x03, 0xFF, 0xFF, 0xFF, 0x00, 0x00, 0x0B, 0xF4, 0x00, 0xFF, 0x00,
    0x00, 0x1F, 0xF0, 0x00, 0xFF, 0xFF, 0xFF, 0x3F, 0xD0, 0x00, 0xFF, 0xFF, 0xFF, 0x7F, 0xC0, 0x00,
    0xFF, 0xFF, 0xFF, 0x00, 0x1B, 0xFE, 0x40, 0x07, 0xFF, 0xFF, 0xD0, 0x7F, 0xFF, 0xFF, 0x07, 0xFE,
    0x40, 0x68, 0x3F, 0xE0, 0x00, 0x01, 0xFF, 0x00, 0x00, 0x0B, 0xF8, 0x00, 0x00, 0x2F, 0xD0, 0x00,
    0x00, 0xBF, 0x40, 0x00, 0x02, 0xFD, 0x00, 0x00, 0x0B, 0xF8, 0x00, 0x00, 0x1F, 0xF0, 0x00, 0x00,
    0x3F, 0xE0, 0x00, 0x00, 0x7F, 0xE4, 0x02, 0x80, 0xBF, 0xFF, 0xFF, 0x00, 0x7F, 0xFF, 0xFE, 0x00,
    0x1B, 0xFF, 0x90, 0x00, 0x0F, 0x80, 0x00, 0x00, 0x2F, 0x80, 0x00, 0x00, 0x3F, 0x00, 0x00, 0x1F,
    0xF8, 0x00, 0x00, 0xBF, 0x80, 0x00, 0x00, 0xA0, 0x00, 0x00, 0xBD, 0x00, 0x00, 0x2F, 0xD0, 0x00,
    0x02, 0xFC, 0x00, 0x00, 0x2F, 0x00, 0x00, 0x02, 0x40, 0x00, 0x00, 0x00, 0x03, 0xFF, 0xFF, 0xF8,
    0xFF, 0xFF, 0xFE, 0x3F, 0xFF, 0xFF, 0x8F, 0xF0, 0x00, 0x03, 0xFC, 0x00, 0x00, 0xFF, 0x00, 0x00,
    0x3F, 0xC0, 0x00, 0x0F, 0xFF, 0xFF, 0xC3, 0xFF, 0xFF, 0xF0, 0xFF, 0xFF, 0xFC, 0x3F, 0xC0, 0x00,
    0x0F, 0xF0, 0x00, 0x03, 0xFC, 0x00, 0x00, 0xFF, 0x00, 0x00, 0x3F, 0xFF, 0xFF, 0xDF, 0xFF, 0xFF,
    0xF7, 0xFF, 0xFF, 0xFD, 0x00, 0x09, 0x00, 0x00, 0x0B, 0xD0, 0x00, 0x07, 0xF4, 0x00, 0x07, 0xF4,
    0x00, 0x01, 0xF4, 0x00, 0x00, 0x24, 0x00, 0x00, 0x00, 0x00, 0x03, 0xFF, 0xFF, 0xF8, 0xFF, 0xFF,
    0xFE, 0x3F, 0xFF, 0xFF, 0x8F, 0xF0, 0x00, 0x03, 0xFC, 0x00, 0x00, 0xFF, 0x00, 0x00, 0x3F, 0xC0,
    0x00, 0x0F, 0xFF, 0xFF, 0xC3, 0xFF, 0xFF, 0xF0, 0xFF, 0xFF, 0xFC, 0x3F, 0xC0, 0x00, 0x0F, 0xF0,
    0x00, 0x03, 0xFC, 0x00, 0x00, 0xFF, 0x00, 0x00, 0x3F, 0xFF, 0xFF, 0xDF, 0xFF, 0xFF, 0xF7, 0xFF,
    0xFF, 0xFD, 0x00, 0x24, 0x00, 0x00, 0x3F, 0x80, 0x00, 0x3F, 0xF8, 0x00, 0x3F, 0x5F, 0x80, 0x03,
    0x01, 0x80, 0x00, 0x00, 0x00, 0x0F, 0xFF, 0xFF, 0xE3, 0xFF, 0xFF, 0xF8, 0xFF, 0xFF, 0xFE, 0x3F,
    0xC0, 0x00, 0x0F, 0xF0, 0x00, 0x03, 0xFC, 0x00, 0x00, 0xFF, 0x00, 0x00, 0x3F, 0xFF, 0xFF, 0x0F,
    0xFF, 0xFF, 0xC3, 0xFF, 0xFF, 0xF0, 0xFF, 0x00, 0x00, 0x3F, 0xC0, 0x00, 0x0F, 0xF0, 0x00, 0x03,
    0xFC, 0x00, 0x00, 0xFF, 0xFF, 0xFF, 0x7F, 0xFF, 0xFF, 0xDF, 0xFF, 0xFF, 0xF4, 0x1F, 0x42, 0xE0,
    0x0F, 0xF1, 0xFD, 0x03, 0xFC, 0x7F, 0x40, 0x7D, 0x0B, 0x80, 0x00, 0x00, 0x00, 0x00, 0x00, 0x00,
    0x0F, 0xFF, 0xFF, 0xE3, 0xFF, 0xFF, 0xF8, 0xFF, 0xFF, 0xFE, 0x3F, 0xC0, 0x00, 0x0F, 0xF0, 0x00,
    0x03, 0xFC, 0x00, 0x00, 0xFF, 0x00, 0x00, 0x3F, 0xFF, 0xFF, 0x0F, 0xFF, 0xFF, 0xC3, 0xFF, 0xFF,
    0xF0, 0xFF, 0x00, 0x00, 0x3F, 0xC0, 0x00, 0x0F, 0xF0, 0x00, 0x03, 0xFC, 0x00, 0x00, 0xFF, 0xFF,
    0xFF, 0x7F, 0xFF, 0xFF, 0xDF, 0xFF, 0xFF, 0xF4, 0x06, 0x00, 0xBD, 0x02, 0xFD, 0x02, 0xFD, 0x02,
    0xF4, 0x02, 0x40, 0x00, 0x03, 0xFC, 0x0F, 0xF0, 0x3F, 0xC0, 0xFF, 0x03, 0xFC, 0x0F, 0xF0, 0x3F,
    0xC0, 0xFF, 0x03, 0xFC, 0x0F, 0xF0, 0x3F, 0xC0, 0xFF, 0x03, 0xFC, 0x0F, 0xF0, 0x3F, 0xC0, 0xFF,
    0x03, 0xFC, 0x02, 0x40, 0x2F, 0x41, 0xFE, 0x1F, 0xE0, 0x7D, 0x00, 0x50, 0x00, 0x00, 0x0F, 0xF0,
    0x3F, 0xC0, 0xFF, 0x03, 0xFC, 0x0F, 0xF0, 0x3F, 0xC0, 0xFF, 0x03, 0xFC, 0x0F, 0xF0, 0x3F, 0xC0,
    0xFF, 0x03, 0xFC, 0x0F, 0xF0, 0x3F, 0xC0, 0xFF, 0x03, 0xFC, 0x0F, 0xF0, 0x02, 0x80, 0x0B, 0xE0,
    0x3F, 0xFC, 0xBD, 0x7E, 0x30, 0x0C, 0x00, 0x00, 0x0F, 0xF0, 0x0F, 0xF0, 0x0F, 0xF0, 0x0F, 0xF0,
    0x0F, 0xF0, 0x0F, 0xF0, 0x0F, 0xF0, 0x0F, 0xF0, 0x0F, 0xF0, 0x0F, 0xF0, 0x0F, 0xF0, 0x0F, 0xF0,
    0x0F, 0xF0, 0x0F, 0xF0, 0x0F, 0xF0, 0x0F, 0xF0, 0x0F, 0xF0, 0x3D, 0x07, 0xCB, 0xF0, 0xFE, 0xBF,
    0x0F, 0xE3, 0xD0, 0x7C, 0x00, 0x00, 0x00, 0x00, 0x00, 0x03, 0xFC, 0x00, 0x3F, 0xC0, 0x03, 0xFC,
    0x00, 0x3F, 0xC0, 0x03, 0xFC, 0x00, 0x3F, 0xC0, 0x03, 0xFC, 0x00, 0x3F, 0xC0, 0x03, 0xFC, 0x00,
    0x3F, 0xC0, 0x03, 0xFC, 0x00, 0x3F, 0xC0, 0x03, 0xFC, 0x00, 0x3F, 0xC0, 0x03, 0xFC, 0x00, 0x3F,
    0xC0, 0x03, 0xFC, 0x00, 0x06, 0xFF, 0xFA, 0x00, 0x00, 0xBF, 0xFF, 0xFF, 0x00, 0x0B, 0xFF, 0xFF,
    0xFD, 0x00, 0xBF, 0x00, 0x7F, 0xF0, 0x0B, 0xF0, 0x00, 0xFF, 0x80, 0xBF, 0x00, 0x03, 0xFC, 0x0B,
    0xF0, 0x00, 0x3F, 0xDF, 0xFF, 0xFD, 0x02, 0xFD, 0xFF, 0xFF, 0xD0, 0x2F, 0xDF, 0xFF, 0xFD, 0x02,
    0xFD, 0x0B, 0xF0, 0x00, 0x3F, 0xC0, 0xBF, 0x00, 0x07, 0xFC, 0x0B, 0xF0, 0x00, 0xFF, 0x80, 0xBF,
    0x00, 0xBF, 0xF0, 0x0B, 0xFF, 0xFF, 0xFC, 0x00, 0xBF, 0xFF, 0xFE, 0x00, 0x06, 0xFF, 0xF9, 0x00,
    0x00, 0x00, 0x7D, 0x0C, 0x00, 0x07, 0xFF, 0xFC, 0x00, 0x3F, 0xFF, 0xD0, 0x00, 0x30, 0x7D, 0x00,
    0x00, 0x00, 0x00, 0x00, 0x00, 0x00, 0x00, 0x0F, 0xE0, 0x00, 0x3F, 0xFF, 0xE0, 0x00, 0xFF, 0xFF,
    0xD0, 0x03, 0xFF, 0xFF, 0xD0, 0x0F, 0xFF, 0xFF, 0xC0, 0x3F, 0xFF, 0xFF, 0xC0, 0xFF, 0xFF, 0xBF,
    0x83, 0xFF, 0xFC, 0xFF, 0x4F, 0xFF, 0xF0, 0xFF, 0x3F, 0xFF, 0xC1, 0xFE, 0xFF, 0xFF, 0x02, 0xFF,
    0xFF, 0xFC, 0x03, 0xFF, 0xFF, 0xF0, 0x03, 0xFF, 0xFF, 0xC0, 0x0B, 0xFF, 0xFF, 0x00, 0x0F, 0xFF,
    0xFC, 0x00, 0x1F, 0xFF, 0xF0, 0x00, 0x2F, 0xC0, 0x00, 0x01, 0x80, 0x00, 0x00, 0x00, 0xBD, 0x00,
    0x00, 0x00, 0x0B, 0xF4, 0x00, 0x00, 0x00, 0x2F, 0xC0, 0x00, 0x00, 0x00, 0xBC, 0x00, 0x00, 0x00,
    0x02, 0x40, 0x00, 0x00, 0x00, 0x00, 0x00, 0x00, 0x01, 0xBF, 0xE4, 0x00, 0x01, 0xFF, 0xFF, 0xF0,
    0x00, 0x7F, 0xFF, 0xFF, 0xD0, 0x1F, 0xF8, 0x07, 0xFF, 0x03, 0xFE, 0x00, 0x0F, 0xF8, 0x7F, 0xC0,
    0x00, 0x3F, 0xCB, 0xF8, 0x00, 0x03, 0xFD, 0xBF, 0x40, 0x00, 0x2F, 0xDB, 0xF4, 0x00, 0x02, 0xFD,
    0xBF, 0x40, 0x00, 0x2F, 0xDB, 0xF8, 0x00, 0x03, 0xFD, 0x7F, 0xC0, 0x00, 0x3F, 0xC3, 0xFE, 0x00,
    0x0F, 0xF8, 0x1F, 0xF8, 0x07, 0xFF, 0x00, 0xBF, 0xFF, 0xFF, 0xD0, 0x01, 0xFF, 0xFF, 0xF4, 0x00,
    0x01, 0xBF, 0xE4, 0x00, 0x00, 0x00, 0x20, 0x00, 0x00, 0x00, 0x0F, 0xD0, 0x00, 0x00, 0x02, 0xFD,
    0x00, 0x00, 0x00, 0xBF, 0x40, 0x00, 0x00, 0x0B, 0xD0, 0x00, 0x00, 0x00, 0x20, 0x00, 0x00, 0x00,
    0x00, 0x00, 0x00, 0x00, 0x01, 0xBF, 0xE4, 0x00, 0x01, 0xFF, 0xFF, 0xF0, 0x00, 0x7F, 0xFF, 0xFF,
    0xD0, 0x1F, 0xF8, 0x07, 0xFF, 0x03, 0xFE, 0x00, 0x0F, 0xF8, 0x7F, 0xC0, 0x00, 0x3F, 0xCB, 0xF8,
    0x00, 0x03, 0xFD, 0xBF, 0x40, 0x00, 0x2F, 0xDB, 0xF4, 0x00, 0x02, 0xFD, 0xBF, 0x40, 0x00, 0x2F,
    0xDB, 0xF8, 0x00, 0x03, 0xFD, 0x7F, 0xC0, 0x00, 0x3F, 0xC3, 0xFE, 0x00, 0x0F, 0xF8, 0x1F, 0xF8,
    0x07, 0xFF, 0x00, 0xBF, 0xFF, 0xFF, 0xD0, 0x01, 0xFF, 0xFF, 0xF4, 0x00, 0x01, 0xBF, 0xE4, 0x00,
    0x00, 0x00, 0x90, 0x00, 0x00, 0x00, 0x3F, 0x80, 0x00, 0x00, 0x0F, 0xFE, 0x00, 0x00, 0x03, 0xF5,
    0xF8, 0x00, 0x00, 0x0C, 0x06, 0x00, 0x00, 0x00, 0x00, 0x00, 0x00, 0x00, 0x1B, 0xFE, 0x40, 0x00,
    0x1F, 0xFF, 0xFF, 0x00, 0x07, 0xFF, 0xFF, 0xFD, 0x01, 0xFF, 0x80, 0x7F, 0xF0, 0x3F, 0xE0, 0x00,
    0xFF, 0x87, 0xFC, 0x00, 0x03, 0xFC, 0xBF, 0x80, 0x00, 0x3F, 0xDB, 0xF4, 0x00, 0x02, 0xFD, 0xBF,
    0x40, 0x00, 0x2F, 0xDB, 0xF4, 0x00, 0x02, 0xFD, 0xBF, 0x80, 0x00, 0x3F, 0xD7, 0xFC, 0x00, 0x03,
    0xFC, 0x3F, 0xE0, 0x00, 0xFF, 0x81, 0xFF, 0x80, 0x7F, 0xF0, 0x0B, 0xFF, 0xFF, 0xFD, 0x00, 0x1F,
    0xFF, 0xFF, 0x40, 0x00, 0x1B, 0xFE, 0x40, 0x00, 0x00, 0x0F, 0x82, 0x40, 0x00, 0x03, 0xFF, 0xFD,
    0x00, 0x00, 0xBF, 0xFF, 0xC0, 0x00, 0x02, 0x86, 0xF0, 0x00, 0x00, 0x00, 0x00, 0x00, 0x00, 0x00,
    0x00, 0x00, 0x00, 0x00, 0x1B, 0xFE, 0x40, 0x00, 0x1F, 0xFF, 0xFF, 0x00, 0x07, 0xFF, 0xFF, 0xFD,
    0x01, 0xFF, 0x80, 0x7F, 0xF0, 0x3F, 0xE0, 0x00, 0xFF, 0x87, 0xFC, 0x00, 0x03, 0xFC, 0xBF, 0x80,
    0x00, 0x3F, 0xDB, 0xF4, 0x00, 0x02, 0xFD, 0xBF, 0x40, 0x00, 0x2F, 0xDB, 0xF4, 0x00, 0x02, 0xFD,
    0xBF, 0x80, 0x00, 0x3F, 0xD7, 0xFC, 0x00, 0x03, 0xFC, 0x3F, 0xE0, 0x00, 0xFF, 0x81, 0xFF, 0x80,
    0x7F, 0xF0, 0x0B, 0xFF, 0xFF, 0xFD, 0x00, 0x1F, 0xFF, 0xFF, 0x40, 0x00, 0x1B, 0xFE, 0x40, 0x00,
    0x00, 0x7C, 0x0B, 0x80, 0x00, 0x0F, 0xF1, 0xFD, 0x00, 0x00, 0xFF, 0x1F, 0xD0, 0x00, 0x07, 0xC0,
    0xB8, 0x00, 0x00, 0x00, 0x00, 0x00, 0x00, 0x00, 0x00, 0x00, 0x00, 0x00, 0x1B, 0xFE, 0x40, 0x00,
    0x1F, 0xFF, 0xFF, 0x00, 0x07, 0xFF, 0xFF, 0xFD, 0x01, 0xFF, 0x80, 0x7F, 0xF0, 0x3F, 0xE0, 0x00,
    0xFF, 0x87, 0xFC, 0x00, 0x03, 0xFC, 0xBF, 0x80, 0x00, 0x3F, 0xDB, 0xF4, 0x00, 0x02, 0xFD, 0xBF,
    0x40, 0x00, 0x2F, 0xDB, 0xF4, 0x00, 0x02, 0xFD, 0xBF, 0x80, 0x00, 0x3F, 0xD7, 0xFC, 0x00, 0x03,
    0xFC, 0x3F, 0xE0, 0x00, 0xFF, 0x81, 0xFF, 0x80, 0x7F, 0xF0, 0x0B, 0xFF, 0xFF, 0xFD, 0x00, 0x1F,
    0xFF, 0xFF, 0x40, 0x00, 0x1B, 0xFE, 0x40, 0x00, 0x09, 0x00, 0x20, 0x2F, 0x40, 0xFC, 0x3F, 0xD3,
    0xFD, 0x0F, 0xFF, 0xF4, 0x03, 0xFF, 0xD0, 0x01, 0xFF, 0x80, 0x03, 0xFF, 0xD0, 0x0F, 0xFF, 0xF4,
    0x3F, 0xD3, 0xFD, 0x2F, 0x40, 0xFC, 0x09, 0x00, 0x30, 0x00, 0x00, 0x00, 0x04, 0x00, 0x01, 0xBF,
    0xE5, 0xF4, 0x01, 0xFF, 0xFF, 0xFF, 0x40, 0x7F, 0xFF, 0xFF, 0xE0, 0x1F, 0xF8, 0x07, 0xFF, 0x03,
    0xFE, 0x00, 0xBF, 0xF8, 0x7F, 0xC0, 0x1F, 0xFF, 0xCB, 0xF8, 0x03, 0xF3, 0xFD, 0xBF, 0x40, 0xFD,
    0x2F, 0xDB, 0xF4, 0x3F, 0x82, 0xFD, 0xBF, 0x4B, 0xE0, 0x2F, 0xDB, 0xF9, 0xFC, 0x03, 0xFD, 0x7F,
    0xFF, 0x00, 0x3F, 0xC3, 0xFF, 0xC0, 0x0F, 0xF8, 0x1F, 0xFD, 0x07, 0xFF, 0x00, 0xFF, 0xFF, 0xFF,
    0xD0, 0x2F, 0xFF, 0xFF, 0xF4, 0x02, 0xF1, 0xBF, 0xE4, 0x00, 0x04, 0x00, 0x00, 0x00, 0x00, 0x00,
    0x0C, 0x00, 0x00, 0x00, 0xFC, 0x00, 0x00, 0x07, 0xF8, 0x00, 0x00, 0x07, 0xF8, 0x00, 0x00, 0x03,
    0xE0, 0x00, 0x00, 0x02, 0x00, 0x00, 0x00, 0x00, 0x00, 0x1F, 0xE0, 0x00, 0xFF, 0x7F, 0x80, 0x03,
    0xFD, 0xFE, 0x00, 0x0F, 0xF7, 0xF8, 0x00, 0x3F, 0xDF, 0xE0, 0x00, 0xFF, 0x7F, 0x80, 0x03, 0xFD,
    0xFE, 0x00, 0x0F, 0xF7, 0xF8, 0x00, 0x3F, 0xDF, 0xE0, 0x00, 0xFF, 0x7F, 0x80, 0x03, 0xFC, 0xFE,
    0x00, 0x0F, 0xF3, 0xFC, 0x00, 0x3F, 0xCF, 0xF0, 0x01, 0xFE, 0x2F, 0xF4, 0x1F, 0xF4, 0x3F, 0xFF,
    0xFF, 0x80, 0x3F, 0xFF, 0xF8, 0x00, 0x1B, 0xFE, 0x40, 0x00, 0x00, 0x60, 0x00, 0x00, 0x07, 0xE0,
    0x00, 0x00, 0x7F, 0x80, 0x00, 0x03, 0xF8, 0x00, 0x00, 0x0F, 0x80, 0x00, 0x00, 0x18, 0x00, 0x00,
    0x00, 0x00, 0x00, 0x1F, 0xE0, 0x00, 0xFF, 0x7F, 0x80, 0x03, 0xFD, 0xFE, 0x00, 0x0F, 0xF7, 0xF8,
    0x00, 0x3F, 0xDF, 0xE0, 0x00, 0xFF, 0x7F, 0x80, 0x03, 0xFD, 0xFE, 0x00, 0x0F, 0xF7, 0xF8, 0x00,
    0x3F, 0xDF, 0xE0, 0x00, 0xFF, 0x7F, 0x80, 0x03, 0xFC, 0xFE, 0x00, 0x0F, 0xF3, 0xFC, 0x00, 0x3F,
    0xCF, 0xF0, 0x01, 0xFE, 0x2F, 0xF4, 0x1F, 0xF4, 0x3F, 0xFF, 0xFF, 0x80, 0x3F, 0xFF, 0xF8, 0x00,
    0x1B, 0xFE, 0x40, 0x00, 0x02, 0x40, 0x00, 0x00, 0x3F, 0x80, 0x00, 0x03, 0xFF, 0x80, 0x00, 0x3F,
    0x6F, 0x40, 0x00, 0x30, 0x18, 0x00, 0x00, 0x00, 0x00, 0x07, 0xF8, 0x00, 0x3F, 0xDF, 0xE0, 0x00,
    0xFF, 0x7F, 0x80, 0x03, 0xFD, 0xFE, 0x00, 0x0F, 0xF7, 0xF8, 0x00, 0x3F, 0xDF, 0xE0, 0x00, 0xFF,
    0x7F, 0x80, 0x03, 0xFD, 0xFE, 0x00, 0x0F, 0xF7, 0xF8, 0x00, 0x3F, 0xDF, 0xE0, 0x00, 0xFF, 0x3F,
    0x80, 0x03, 0xFC, 0xFF, 0x00, 0x0F, 0xF3, 0xFC, 0x00, 0x7F, 0x8B, 0xFD, 0x07, 0xFD, 0x0F, 0xFF,
    0xFF, 0xE0, 0x0F, 0xFF, 0xFE, 0x00, 0x06, 0xFF, 0x90, 0x00, 0x00, 0xF4, 0x2E, 0x00, 0x0F, 0xF0,
    0xFD, 0x00, 0x3F, 0xC3, 0xF4, 0x00, 0x3D, 0x0B, 0x80, 0x00, 0x00, 0x00, 0x00, 0x00, 0x00, 0x00,
    0x07, 0xF8, 0x00, 0x3F, 0xDF, 0xE0, 0x00, 0xFF, 0x7F, 0x80, 0x03, 0xFD, 0xFE, 0x00, 0x0F, 0xF7,
    0xF8, 0x00, 0x3F, 0xDF, 0xE0, 0x00, 0xFF, 0x7F, 0x80, 0x03, 0xFD, 0xFE, 0x00, 0x0F, 0xF7, 0xF8,
    0x00, 0x3F, 0xDF, 0xE0, 0x00, 0xFF, 0x3F, 0x80, 0x03, 0xFC, 0xFF, 0x00, 0x0F, 0xF3, 0xFC, 0x00,
    0x7F, 0x8B, 0xFD, 0x07, 0xFD, 0x0F, 0xFF, 0xFF, 0xE0, 0x0F, 0xFF, 0xFE, 0x00, 0x06, 0xFF, 0x90,
    0x00, 0x00, 0x00, 0x20, 0x00, 0x00, 0x00, 0x3F, 0x40, 0x00, 0x00, 0x2F, 0xD0, 0x00, 0x00, 0x2F,
    0xD0, 0x00, 0x00, 0x0B, 0xC0, 0x00, 0x00, 0x00, 0x80, 0x00, 0x00, 0x00, 0x00, 0x00, 0x02, 0xFF,
    0x00, 0x03, 0xFC, 0x3F, 0xD0, 0x02, 0xFE, 0x07, 0xFC, 0x00, 0xFF, 0x00, 0xFF, 0x40, 0xFF, 0x40,
    0x1F, 0xF0, 0x7F, 0xC0, 0x03, 0xFE, 0x3F, 0xD0, 0x00, 0x3F, 0xFF, 0xE0, 0x00, 0x0B, 0xFF, 0xF0,
    0x00, 0x00, 0xFF, 0xF4, 0x00, 0x00, 0x1F, 0xFC, 0x00, 0x00, 0x03, 0xFD, 0x00, 0x00, 0x00, 0xBF,
    0x00, 0x00, 0x00, 0x2F, 0xC0, 0x00, 0x00, 0x0B, 0xF0, 0x00, 0x00, 0x02, 0xFC, 0x00, 0x00, 0x00,
    0xBF, 0x00, 0x00, 0x00, 0x2F, 0xC0, 0x00, 0xFF, 0x00, 0x00, 0x0F, 0xF0, 0x00, 0x00, 0xFF, 0xFF,
    0x90, 0x0F, 0xFF, 0xFF, 0xD0, 0xFF, 0xFF, 0xFF, 0x0F, 0xF0, 0x1F, 0xFC, 0xFF, 0x00, 0x3F, 0xCF,
    0xF0, 0x03, 0xFC, 0xFF, 0x00, 0x3F, 0xCF, 0xF0, 0x03, 0xFC, 0xFF, 0x01, 0xFF, 0x8F, 0xFF, 0xFF,
    0xF0, 0xFF, 0xFF, 0xFD, 0x0F, 0xFF, 0xF9, 0x00, 0xFF, 0x00, 0x00, 0x0F, 0xF0, 0x00, 0x00, 0xFF,
    0x00, 0x00, 0x00, 0x01, 0xBF, 0xE0, 0x00, 0x2F, 0xFF, 0xF0, 0x01, 0xFF, 0xFF, 0xF0, 0x0F, 0xF4,
    0x2F, 0xC0, 0x3F, 0x80, 0x7F, 0x00, 0xFD, 0x02, 0xFC, 0x07, 0xF4, 0x0F, 0xD0, 0x1F, 0xD0, 0xFE,
    0x00, 0x7F, 0x4B, 0xF0, 0x01, 0xFD, 0x2F, 0xC0, 0x07, 0xF4, 0xBF, 0xC0, 0x1F, 0xD0, 0xFF, 0xE0,
    0x7F, 0x40, 0xBF, 0xE1, 0xFD, 0x00, 0x3F, 0xD7, 0xF4, 0x00, 0x3F, 0x5F, 0xD1, 0x42, 0xFD, 0x7F,
    0x4F, 0xFF, 0xF1, 0xFD, 0x3F, 0xFF, 0x87, 0xF4, 0xBF, 0xE4, 0x00, 0x00, 0x24, 0x00, 0x00, 0x3F,
    0x00, 0x00, 0x0F, 0xF0, 0x00, 0x00, 0xFF, 0x00, 0x00, 0x0F, 0xC0, 0x00, 0x00, 0x80, 0x00, 0x00,
    0x00, 0x00, 0x1B, 0xFF, 0x80, 0x0F, 0xFF, 0xFC, 0x02, 0xFF, 0xFF, 0x80, 0x10, 0x1F, 0xF0, 0x00,
    0x01, 0xFC, 0x01, 0xFF, 0xFF, 0x03, 0xFF, 0xFF, 0xC3, 0xFF, 0xFF, 0xF0, 0xFF, 0x01, 0xFC, 0x3F,
    0xC0, 0x7F, 0x0F, 0xFF, 0xFF, 0xC1, 0xFF, 0xFF, 0xF0, 0x0B, 0xFF, 0xE4, 0x00, 0x02, 0x40, 0x00,
    0x02, 0xF4, 0x00, 0x02, 0xFD, 0x00, 0x01, 0xFD, 0x00, 0x00, 0x7D, 0x00, 0x00, 0x09, 0x00, 0x00,
    0x00, 0x00, 0x00, 0x1B, 0xFF, 0x80, 0x0F, 0xFF, 0xFC, 0x02, 0xFF, 0xFF, 0x80, 0x10, 0x1F, 0xF0,
    0x00, 0x01, 0xFC, 0x01, 0xFF, 0xFF, 0x03, 0xFF, 0xFF, 0xC3, 0xFF, 0xFF, 0xF0, 0xFF, 0x01, 0xFC,
    0x3F, 0xC0, 0x7F, 0x0F, 0xFF, 0xFF, 0xC1, 0xFF, 0xFF, 0xF0, 0x0B, 0xFF, 0xE4, 0x00, 0x0C, 0x00,
    0x00, 0x1F, 0xD0, 0x00, 0x1F, 0xFD, 0x00, 0x0F, 0xCF, 0xC0, 0x01, 0x80, 0x90, 0x00, 0x00, 0x00,
    0x00, 0x6F, 0xFE, 0x00, 0x3F, 0xFF, 0xF0, 0x0B, 0xFF, 0xFE, 0x00, 0x40, 0x7F, 0xC0, 0x00, 0x07,
    0xF0, 0x07, 0xFF, 0xFC, 0x0F, 0xFF, 0xFF, 0x0F, 0xFF, 0xFF, 0xC3, 0xFC, 0x07, 0xF0, 0xFF, 0x01,
    0xFC, 0x3F, 0xFF, 0xFF, 0x07, 0xFF, 0xFF, 0xC0, 0x2F, 0xFF, 0x90, 0x01, 0xF8, 0x24, 0x00, 0xFF,
    0xFF, 0x00, 0xBF, 0xFF, 0x80, 0x09, 0x1F, 0x80, 0x00, 0x00, 0x00, 0x00, 0x00, 0x00, 0x00, 0x6F,
    0xFE, 0x00, 0x3F, 0xFF, 0xF0, 0x0B, 0xFF, 0xFE, 0x00, 0x40, 0x7F, 0xC0, 0x00, 0x07, 0xF0, 0x07,
    0xFF, 0xFC, 0x0F, 0xFF, 0xFF, 0x0F, 0xFF, 0xFF, 0xC3, 0xFC, 0x07, 0xF0, 0xFF, 0x01, 0xFC, 0x3F,
    0xFF, 0xFF, 0x07, 0xFF, 0xFF, 0xC0, 0x2F, 0xFF, 0x90, 0x07, 0xC0, 0xB8, 0x03, 0xF8, 0x7F, 0x40,
    0xFE, 0x1F, 0xD0, 0x1F, 0x02, 0xE0, 0x00, 0x00, 0x00, 0x00, 0x00, 0x00, 0x00, 0x6F, 0xFE, 0x00,
    0x3F, 0xFF, 0xF0, 0x0B, 0xFF, 0xFE, 0x00, 0x40, 0x7F, 0xC0, 0x00, 0x07, 0xF0, 0x07, 0xFF, 0xFC,
    0x0F, 0xFF, 0xFF, 0x0F, 0xFF, 0xFF, 0xC3, 0xFC, 0x07, 0xF0, 0xFF, 0x01, 0xFC, 0x3F, 0xFF, 0xFF,
    0x07, 0xFF, 0xFF, 0xC0, 0x2F, 0xFF, 0x90, 0x00, 0x2F, 0x80, 0x00, 0x2F, 0xF4, 0x00, 0x0F, 0x0F,
    0x00, 0x03, 0xC3, 0xC0, 0x00, 0xBF, 0xD0, 0x00, 0x0B, 0xE0, 0x00, 0x00, 0x00, 0x00, 0x1B, 0xFF,
    0x80, 0x0F, 0xFF, 0xFC, 0x02, 0xFF, 0xFF, 0x80, 0x10, 0x1F, 0xF0, 0x00, 0x01, 0xFC, 0x01, 0xFF,
    0xFF, 0x03, 0xFF, 0xFF, 0xC3, 0xFF, 0xFF, 0xF0, 0xFF, 0x01, 0xFC, 0x3F, 0xC0, 0x7F, 0x0F, 0xFF,
    0xFF, 0xC1, 0xFF, 0xFF, 0xF0, 0x0B, 0xFF, 0xE4, 0x06, 0xFF, 0x90, 0xBF, 0xD0, 0x03, 0xFF, 0xFE,
    0xFF, 0xFF, 0x00, 0xBF, 0xFF, 0xFF, 0xFF, 0xE0, 0x04, 0x03, 0xFF, 0x42, 0xFC, 0x00, 0x00, 0x7F,
    0x40, 0x3F, 0x40, 0x7F, 0xFF, 0xFF, 0xFF, 0xE0, 0xFF, 0xFF, 0xFF, 0xFF, 0xF8, 0xFF, 0xFF, 0xFF,
    0xFF, 0xFE, 0x3F, 0xC0, 0x7F, 0x40, 0x00, 0x0F, 0xF0, 0x0F, 0xF4, 0x01, 0x43, 0xFF, 0xFF, 0xFF,
    0xFF, 0xE0, 0x7F, 0xFF, 0xFF, 0xFF, 0xFC, 0x02, 0xFF, 0xE1, 0xBF, 0xF9, 0x00, 0x00, 0xBF, 0xE0,
    0x2F, 0xFF, 0xD2, 0xFF, 0xFF, 0x0F, 0xF4, 0x04, 0xBF, 0x40, 0x03, 0xFC, 0x00, 0x0F, 0xF0, 0x00,
    0x3F, 0xC0, 0x00, 0xBF, 0x40, 0x00, 0xFF, 0x40, 0x42, 0xFF, 0xFF, 0x41, 0xFF, 0xFE, 0x00, 0x7F,
    0xE4, 0x01, 0xFC, 0x00, 0x01, 0xF4, 0x00, 0x07, 0xE0, 0x03, 0xFF, 0x40, 0x0F, 0xF4, 0x00, 0x00,
    0x20, 0x00, 0x00, 0x7F, 0x00, 0x00, 0x1F, 0xE0, 0x00, 0x01, 0xFE, 0x00, 0x00, 0x1F, 0x80, 0x00,
    0x00, 0x80, 0x00, 0x00, 0x00, 0x00, 0x06, 0xFE, 0x40, 0x0B, 0xFF, 0xF8, 0x0B, 0xFF, 0xFF, 0x43,
    0xFC, 0x0F, 0xF2, 0xFC, 0x01, 0xFC, 0xFF, 0xFF, 0xFF, 0x7F, 0xFF, 0xFF, 0xDF, 0xFF, 0xFF, 0xF6,
    0xFC, 0x00, 0x00, 0x7F, 0xD0, 0x04, 0x0B, 0xFF, 0xFF, 0x40, 0xBF, 0xFF, 0xE0, 0x06, 0xFF, 0xE0,
    0x00, 0x06, 0x00, 0x00, 0x03, 0xF0, 0x00, 0x03, 0xFC, 0x00, 0x03, 0xFC, 0x00, 0x00, 0xFC, 0x00,
    0x00, 0x08, 0x00, 0x00, 0x00, 0x00, 0x00, 0x06, 0xFE, 0x40, 0x0B, 0xFF, 0xF8, 0x0B, 0xFF, 0xFF,
    0x43, 0xFC, 0x0F, 0xF2, 0xFC, 0x01, 0xFC, 0xFF, 0xFF, 0xFF, 0x7F, 0xFF, 0xFF, 0xDF, 0xFF, 0xFF,
    0xF6, 0xFC, 0x00, 0x00, 0x7F, 0xD0, 0x04, 0x0B, 0xFF, 0xFF, 0x40, 0xBF, 0xFF, 0xE0, 0x06, 0xFF,
    0xE0, 0x00, 0x18, 0x00, 0x00, 0x1F, 0xC0, 0x00, 0x2F, 0xFC, 0x00, 0x1F, 0x8F, 0xC0, 0x02, 0x40,
    0x80, 0x00, 0x00, 0x00, 0x00, 0x1B, 0xF9, 0x00, 0x2F, 0xFF, 0xE0, 0x2F, 0xFF, 0xFD, 0x0F, 0xF0,
    0x3F, 0xCB, 0xF0, 0x07, 0xF3, 0xFF, 0xFF, 0xFD, 0xFF, 0xFF, 0xFF, 0x7F, 0xFF, 0xFF, 0xDB, 0xF0,
    0x00, 0x01, 0xFF, 0x40, 0x10, 0x2F, 0xFF, 0xFD, 0x02, 0xFF, 0xFF, 0x80, 0x1B, 0xFF, 0x80, 0x0B,
    0x80, 0xF4, 0x03, 0xF4, 0xBF, 0x00, 0xFD, 0x2F, 0xC0, 0x2F, 0x03, 0xD0, 0x00, 0x00, 0x00, 0x00,
    0x00, 0x00, 0x00, 0x1B, 0xF9, 0x00, 0x2F, 0xFF, 0xE0, 0x2F, 0xFF, 0xFD, 0x0F, 0xF0, 0x3F, 0xCB,
    0xF0, 0x07, 0xF3, 0xFF, 0xFF, 0xFD, 0xFF, 0xFF, 0xFF, 0x7F, 0xFF, 0xFF, 0xDB, 0xF0, 0x00, 0x01,
    0xFF, 0x40, 0x10, 0x2F, 0xFF, 0xFD, 0x02, 0xFF, 0xFF, 0x80, 0x1B, 0xFF, 0x80, 0x09, 0x00, 0xFC,
    0x03, 0xFC, 0x03, 0xFC, 0x03, 0xF0, 0x02, 0x00, 0x00, 0x07, 0xF4, 0x1F, 0xD0, 0x7F, 0x41, 0xFD,
    0x07, 0xF4, 0x1F, 0xD0, 0x7F, 0x41, 0xFD, 0x07, 0xF4, 0x1F, 0xD0, 0x7F, 0x41, 0xFD, 0x07, 0xF4,
    0x02, 0x00, 0xBD, 0x2F, 0xDB, 0xF4, 0xBD, 0x02, 0x40, 0x00, 0x07, 0xF4, 0x7F, 0x47, 0xF4, 0x7F,
    0x47, 0xF4, 0x7F, 0x47, 0xF4, 0x7F, 0x47, 0xF4, 0x7F, 0x47, 0xF4, 0x7F, 0x47, 0xF4, 0x00, 0xD0,
    0x00, 0xFD, 0x01, 0xFF, 0xE0, 0xFC, 0xBD, 0x18, 0x06, 0x00, 0x00, 0x00, 0x7F, 0x40, 0x1F, 0xD0,
    0x07, 0xF4, 0x01, 0xFD, 0x00, 0x7F, 0x40, 0x1F, 0xD0, 0x07, 0xF4, 0x01, 0xFD, 0x00, 0x7F, 0x40,
    0x1F, 0xD0, 0x07, 0xF4, 0x01, 0xFD, 0x00, 0x7F, 0x40, 0x1F, 0x03, 0xE0, 0xFE, 0x2F, 0xC3, 0xF8,
    0xBF, 0x07, 0xC0, 0xF8, 0x00, 0x00, 0x00, 0x00, 0x00, 0x00, 0x1F, 0xD0, 0x00, 0x7F, 0x40, 0x01,
    0xFD, 0x00, 0x07, 0xF4, 0x00, 0x1F, 0xD0, 0x00, 0x7F, 0x40, 0x01, 0xFD, 0x00, 0x07, 0xF4, 0x00,
    0x1F, 0xD0, 0x00, 0x7F, 0x40, 0x01, 0xFD, 0x00, 0x07, 0xF4, 0x00, 0x1F, 0xD0, 0x00, 0x00, 0x0D,
    0x00, 0x00, 0x03, 0xFC, 0x68, 0x00, 0x2F, 0xFF, 0xC0, 0x02, 0xFF, 0xF4, 0x00, 0x7F, 0xFD, 0x00,
    0x03, 0x4F, 0xF0, 0x00, 0x00, 0x7F, 0x00, 0x1F, 0xFB, 0xF8, 0x0F, 0xFF, 0xFF, 0xC3, 0xFF, 0xFF,
    0xFC, 0x7F, 0xC0, 0x7F, 0xCB, 0xF0, 0x03, 0xFC, 0xFF, 0x00, 0x3F, 0xCF, 0xF0, 0x03, 0xF8, 0xBF,
    0x00, 0x7F, 0x47, 0xFC, 0x1F, 0xF0, 0x3F, 0xFF, 0xFD, 0x00, 0xFF, 0xFF, 0x80, 0x01, 0xFF, 0x90,
    0x00, 0x02, 0xF4, 0x30, 0x02, 0xFF, 0xFF, 0x00, 0xFF, 0xFF, 0x40, 0x1C, 0x2F, 0x40, 0x00, 0x00,
    0x00, 0x00, 0x00, 0x00, 0x01, 0xBF, 0xF9, 0x01, 0xFF, 0xFF, 0xE0, 0x7F, 0xFF, 0xFD, 0x1F, 0xE0,
    0x7F, 0xC7, 0xF4, 0x0F, 0xF1, 0xFD, 0x02, 0xFC, 0x7F, 0x40, 0xBF, 0x1F, 0xD0, 0x2F, 0xC7, 0xF4,
    0x0B, 0xF1, 0xFD, 0x02, 0xFC, 0x7F, 0x40, 0xBF, 0x1F, 0xD0, 0x2F, 0xC7, 0xF4, 0x0B, 0xF0, 0x00,
    0x20, 0x00, 0x00, 0x0F, 0xC0, 0x00, 0x00, 0xFF, 0x00, 0x00, 0x03, 0xFC, 0x00, 0x00, 0x0F, 0xC0,
    0x00, 0x00, 0x20, 0x00, 0x00, 0x00, 0x00, 0x00, 0x1B, 0xF9, 0x00, 0x0B, 0xFF, 0xFC, 0x02, 0xFF,
    0xFF, 0xF0, 0x3F, 0xD0, 0xFF, 0x4B, 0xF4, 0x03, 0xFC, 0xFF, 0x00, 0x3F, 0xCF, 0xF0, 0x03, 0xFC,
    0xFF, 0x00, 0x3F, 0xCB, 0xF4, 0x03, 0xFC, 0x3F, 0xD0, 0xFF, 0x42, 0xFF, 0xFF, 0xF0, 0x0B, 0xFF,
    0xFC, 0x00, 0x1B, 0xF9, 0x00, 0x00, 0x02, 0x00, 0x00, 0x00, 0xFC, 0x00, 0x00, 0x3F, 0xC0, 0x00,
    0x0B, 0xF0, 0x00, 0x00, 0xBC, 0x00, 0x00, 0x02, 0x00, 0x00, 0x00, 0x00, 0x00, 0x00, 0x1B, 0xF9,
    0x00, 0x0B, 0xFF, 0xFC, 0x02, 0xFF, 0xFF, 0xF0, 0x3F, 0xD0, 0xFF, 0x4B, 0xF4, 0x03, 0xFC, 0xFF,
    0x00, 0x3F, 0xCF, 0xF0, 0x03, 0xFC, 0xFF, 0x00, 0x3F, 0xCB, 0xF4, 0x03, 0xFC, 0x3F, 0xD0, 0xFF,
    0x42, 0xFF, 0xFF, 0xF0, 0x0B, 0xFF, 0xFC, 0x00, 0x1B, 0xF9, 0x00, 0x00, 0x0C, 0x00, 0x00, 0x03,
    0xF4, 0x00, 0x01, 0xFF, 0xD0, 0x00, 0x3F, 0x2F, 0x00, 0x01, 0x80, 0x90, 0x00, 0x00, 0x00, 0x00,
    0x01, 0xBF, 0x90, 0x00, 0xBF, 0xFF, 0xC0, 0x2F, 0xFF, 0xFF, 0x03, 0xFD, 0x0F, 0xF4, 0xBF, 0x40,
    0x3F, 0xCF, 0xF0, 0x03, 0xFC, 0xFF, 0x00, 0x3F, 0xCF, 0xF0, 0x03, 0xFC, 0xBF, 0x40, 0x3F, 0xC3,
    0xFD, 0x0F, 0xF4, 0x2F, 0xFF, 0xFF, 0x00, 0xBF, 0xFF, 0xC0, 0x01, 0xBF, 0x90, 0x00, 0x01, 0xF4,
    0x34, 0x00, 0x7F, 0xFF, 0xC0, 0x0F, 0xFF, 0xF4, 0x00, 0x30, 0x7E, 0x00, 0x00, 0x00, 0x00, 0x00,
    0x00, 0x00, 0x00, 0x01, 0xBF, 0x90, 0x00, 0xBF, 0xFF, 0xC0, 0x2F, 0xFF, 0xFF, 0x03, 0xFD, 0x0F,
    0xF4, 0xBF, 0x40, 0x3F, 0xCF, 0xF0, 0x03, 0xFC, 0xFF, 0x00, 0x3F, 0xCF, 0xF0, 0x03, 0xFC, 0xBF,
    0x40, 0x3F, 0xC3, 0xFD, 0x0F, 0xF4, 0x2F, 0xFF, 0xFF, 0x00, 0xBF, 0xFF, 0xC0, 0x01, 0xBF, 0x90,
    0x00, 0x07, 0xC0, 0xB8, 0x00, 0xFE, 0x1F, 0xC0, 0x0F, 0xE1, 0xFC, 0x00, 0x7C, 0x0B, 0x80, 0x00,
    0x00, 0x00, 0x00, 0x00, 0x00, 0x00, 0x01, 0xBF, 0x90, 0x00, 0xBF, 0xFF, 0xC0, 0x2F, 0xFF, 0xFF,
    0x03, 0xFD, 0x0F, 0xF4, 0xBF, 0x40, 0x3F, 0xCF, 0xF0, 0x03, 0xFC, 0xFF, 0x00, 0x3F, 0xCF, 0xF0,
    0x03, 0xFC, 0xBF, 0x40, 0x3F, 0xC3, 0xFD, 0x0F, 0xF4, 0x2F, 0xFF, 0xFF, 0x00, 0xBF, 0xFF, 0xC0,
    0x01, 0xBF, 0x90, 0x00, 0x00, 0x7D, 0x00, 0x00, 0xFF, 0x00, 0x00, 0xFF, 0x00, 0x00, 0x7D, 0x00,
    0x00, 0x00, 0x00, 0xFF, 0xFF, 0xFF, 0xFF, 0xFF, 0xFF, 0xFF, 0xFF, 0xFF, 0x00, 0x00, 0x00, 0x00,
    0x7D, 0x00, 0x00, 0xFF, 0x00, 0x00, 0xFF, 0x00, 0x00, 0x7D, 0x00, 0x00, 0x00, 0x01, 0x00, 0x1B,
    0xF9, 0xF4, 0x0B, 0xFF, 0xFF, 0x02, 0xFF, 0xFF, 0xF0, 0x3F, 0xD1, 0xFF, 0x4B, 0xF0, 0x3F, 0xFC,
    0xFF, 0x0F, 0xEF, 0xCF, 0xE3, 0xF2, 0xFC, 0xFF, 0xBC, 0x2F, 0xCB, 0xFF, 0x43, 0xFC, 0x3F, 0xE0,
    0xFF, 0x42, 0xFF, 0xFF, 0xF0, 0x3F, 0xFF, 0xFC, 0x07, 0xDB, 0xF9, 0x00, 0x00, 0x00, 0x00, 0x00,
    0x00, 0x90, 0x00, 0x02, 0xF4, 0x00, 0x02, 0xFC, 0x00, 0x00, 0xBF, 0x00, 0x00, 0x2F, 0x00, 0x00,
    0x09, 0x00, 0x00, 0x00, 0x00, 0x7F, 0x40, 0xFF, 0x7F, 0x40, 0xFF, 0x7F, 0x40, 0xFF, 0x7F, 0x40,
    0xFF, 0x7F, 0x40, 0xFF, 0x7F, 0x40, 0xFF, 0x7F, 0x40, 0xFF, 0x7F, 0x40, 0xFF, 0x7F, 0x80, 0xFF,
    0x3F, 0xD0, 0xFF, 0x2F, 0xFF, 0xFF, 0x0F, 0xFF, 0xFF, 0x01, 0xFF, 0xF9, 0x00, 0x02, 0x00, 0x00,
    0x0F, 0xC0, 0x00, 0x3F, 0xC0, 0x00, 0xFF, 0x00, 0x00, 0xFC, 0x00, 0x00, 0x20, 0x00, 0x00, 0x00,
    0x00, 0x7F, 0x40, 0xFF, 0x7F, 0x40, 0xFF, 0x7F, 0x40, 0xFF, 0x7F, 0x40, 0xFF, 0x7F, 0x40, 0xFF,
    0x7F, 0x40, 0xFF, 0x7F, 0x40, 0xFF, 0x7F, 0x40, 0xFF, 0x7F, 0x80, 0xFF, 0x3F, 0xD0, 0xFF, 0x2F,
    0xFF, 0xFF, 0x0F, 0xFF, 0xFF, 0x01, 0xFF, 0xF9, 0x00, 0x1C, 0x00, 0x00, 0x7F, 0x00, 0x02, 0xFF,
    0xD0, 0x07, 0xE3, 0xF0, 0x02, 0x40, 0x90, 0x00, 0x00, 0x00, 0x7F, 0x40, 0xFF, 0x7F, 0x40, 0xFF,
    0x7F, 0x40, 0xFF, 0x7F, 0x40, 0xFF, 0x7F, 0x40, 0xFF, 0x7F, 0x40, 0xFF, 0x7F, 0x40, 0xFF, 0x7F,
    0x40, 0xFF, 0x7F, 0x80, 0xFF, 0x3F, 0xD0, 0xFF, 0x2F, 0xFF, 0xFF, 0x0F, 0xFF, 0xFF, 0x01, 0xFF,
    0xF9, 0x0B, 0x80, 0xF4, 0x1F, 0xD2, 0xFC, 0x1F, 0xD2, 0xFC, 0x0B, 0x80, 0xF4, 0x00, 0x00, 0x00,
    0x00, 0x00, 0x00, 0x7F, 0x40, 0xFF, 0x7F, 0x40, 0xFF, 0x7F, 0x40, 0xFF, 0x7F, 0x40, 0xFF, 0x7F,
    0x40, 0xFF, 0x7F, 0x40, 0xFF, 0x7F, 0x40, 0xFF, 0x7F, 0x40, 0xFF, 0x7F, 0x80, 0xFF, 0x3F, 0xD0,
    0xFF, 0x2F, 0xFF, 0xFF, 0x0F, 0xFF, 0xFF, 0x01, 0xFF, 0xF9, 0x00, 0x00, 0x80, 0x00, 0x00, 0x3F,
    0x00, 0x00, 0x0B, 0xF4, 0x00, 0x02, 0xFC, 0x00, 0x00, 0x2F, 0x00, 0x00, 0x00, 0x80, 0x00, 0x00,
    0x00, 0x00, 0x0B, 0xF4, 0x02, 0xFD, 0x7F, 0x80, 0x3F, 0xC3, 0xFC, 0x03, 0xF8, 0x2F, 0xC0, 0x7F,
    0x41, 0xFE, 0x0B, 0xF0, 0x0F, 0xF0, 0xFE, 0x00, 0xBF, 0x0F, 0xD0, 0x03, 0xFA, 0xFC, 0x00, 0x3F,
    0xFF, 0x80, 0x01, 0xFF, 0xF0, 0x00, 0x0F, 0xFE, 0x00, 0x00, 0x7F, 0xD0, 0x00, 0x03, 0xFC, 0x00,
    0x00, 0x3F, 0x40, 0x00, 0x0F, 0xF0, 0x00, 0x7F, 0xFD, 0x00, 0x0B, 0xFF, 0x80, 0x00, 0xBF, 0xD0,
    0x00, 0x00, 0x2B, 0x40, 0x00, 0x1F, 0xD0, 0x00, 0x07, 0xF4, 0x00, 0x01, 0xFD, 0x00, 0x00, 0x7F,
    0x40, 0x00, 0x1F, 0xD0, 0x00, 0x07, 0xFF, 0xF9, 0x01, 0xFF, 0xFF, 0xE0, 0x7F, 0xFF, 0xFF, 0x1F,
    0xE0, 0x7F, 0xD7, 0xF4, 0x07, 0xF9, 0xFD, 0x00, 0xFF, 0x7F, 0x40, 0x3F, 0xDF, 0xD0, 0x0F, 0xF7,
    0xF4, 0x03, 0xF9, 0xFE, 0x03, 0xFD, 0x7F, 0xFF, 0xFF, 0x1F, 0xFF, 0xFF, 0x07, 0xFB, 0xFE, 0x01,
    0xFD, 0x00, 0x00, 0x7F, 0x40, 0x00, 0x1F, 0xD0, 0x00, 0x07, 0xF4, 0x00, 0x01, 0xFD, 0x00, 0x00,
    0x03, 0xD0, 0xBC, 0x00, 0xBF, 0x0F, 0xE0, 0x0B, 0xF0, 0xFE, 0x00, 0x3D, 0x0B, 0xC0, 0x00, 0x00,
    0x00, 0x00, 0x00, 0x00, 0x00, 0xBF, 0x40, 0x2F, 0xD7, 0xF8, 0x03, 0xFC, 0x3F, 0xC0, 0x3F, 0x82,
    0xFC, 0x07, 0xF4, 0x1F, 0xE0, 0xBF, 0x00, 0xFF, 0x0F, 0xE0, 0x0B, 0xF0, 0xFD, 0x00, 0x3F, 0xAF,
    0xC0, 0x03, 0xFF, 0xF8, 0x00, 0x1F, 0xFF, 0x00, 0x00, 0xFF, 0xE0, 0x00, 0x07, 0xFD, 0x00, 0x00,
    0x3F, 0xC0, 0x00, 0x03, 0xF4, 0x00, 0x00, 0xFF, 0x00, 0x07, 0xFF, 0xD0, 0x00, 0xBF, 0xF8, 0x00,
    0x0B, 0xFD, 0x00, 0x00, 0x00, 0x3F, 0xFF, 0xC0, 0x00, 0x03, 0xFF, 0xFC, 0x00, 0x00, 0x3F, 0xFF,
    0xC0, 0x00, 0x00, 0x00, 0x00, 0x00, 0x00, 0x00, 0x00, 0x00, 0x00, 0x00, 0x00, 0x00, 0x00, 0x00,
    0x03, 0xFC, 0x00, 0x00, 0x00, 0xBF, 0xE0, 0x00, 0x00, 0x0F, 0xFF, 0x00, 0x00, 0x01, 0xFF, 0xF4,
    0x00, 0x00, 0x3F, 0xBF, 0xC0, 0x00, 0x07, 0xF1, 0xFD, 0x00, 0x00, 0xFF, 0x0F, 0xF0, 0x00, 0x0F,
    0xD0, 0xBF, 0x00, 0x02, 0xFC, 0x03, 0xF8, 0x00, 0x3F, 0x80, 0x3F, 0xC0, 0x07, 0xFF, 0xFF, 0xFD,
    0x00, 0xBF, 0xFF, 0xFF, 0xF0, 0x0F, 0xFF, 0xFF, 0xFF, 0x01, 0xFD, 0x00, 0x0B, 0xF8, 0x3F, 0xC0,
    0x00, 0x3F, 0xC3, 0xFC, 0x00, 0x03, 0xFC, 0xBF, 0x40, 0x00, 0x2F, 0xE0, 0x03, 0xFF, 0xFC, 0x00,
    0xFF, 0xFF, 0x00, 0x3F, 0xFF, 0xC0, 0x00, 0x00, 0x00, 0x00, 0x00, 0x00, 0x00, 0x00, 0x00, 0x00,
    0x6F, 0xFE, 0x00, 0x3F, 0xFF, 0xF0, 0x0B, 0xFF, 0xFE, 0x00, 0x40, 0x7F, 0xC0, 0x00, 0x07, 0xF0,
    0x07, 0xFF, 0xFC, 0x0F, 0xFF, 0xFF, 0x0F, 0xFF, 0xFF, 0xC3, 0xFC, 0x07, 0xF0, 0xFF, 0x01, 0xFC,
    0x3F, 0xFF, 0xFF, 0x07, 0xFF, 0xFF, 0xC0, 0x2F, 0xFF, 0x90, 0x00, 0x3F, 0x07, 0xD0, 0x00, 0x02,
    0xF4, 0xBC, 0x00, 0x00, 0x0F, 0xFF, 0x40, 0x00, 0x00, 0x2F, 0xD0, 0x00, 0x00, 0x00, 0x00, 0x00,
    0x00, 0x00, 0x00, 0x00, 0x00, 0x00, 0x03, 0xFC, 0x00, 0x00, 0x00, 0xBF, 0xE0, 0x00, 0x00, 0x0F,
    0xFF, 0x00, 0x00, 0x01, 0xFF, 0xF4, 0x00, 0x00, 0x3F, 0xBF, 0xC0, 0x00, 0x07, 0xF1, 0xFD, 0x00,
    0x00, 0xFF, 0x0F, 0xF0, 0x00, 0x0F, 0xD0, 0xBF, 0x00, 0x02, 0xFC, 0x03, 0xF8, 0x00, 0x3F, 0x80,
    0x3F, 0xC0, 0x07, 0xFF, 0xFF, 0xFD, 0x00, 0xBF, 0xFF, 0xFF, 0xF0, 0x0F, 0xFF, 0xFF, 0xFF, 0x01,
    0xFD, 0x00, 0x0B, 0xF8, 0x3F, 0xC0, 0x00, 0x3F, 0xC3, 0xFC, 0x00, 0x03, 0xFC, 0xBF, 0x40, 0x00,
    0x2F, 0xE0, 0x03, 0xD0, 0xBC, 0x00, 0xFC, 0x3E, 0x00, 0x1F, 0xFF, 0x00, 0x01, 0xFE, 0x00, 0x00,
    0x00, 0x00, 0x00, 0x00, 0x00, 0x00, 0x6F, 0xFE, 0x00, 0x3F, 0xFF, 0xF0, 0x0B, 0xFF, 0xFE, 0x00,
    0x40, 0x7F, 0xC0, 0x00, 0x07, 0xF0, 0x07, 0xFF, 0xFC, 0x0F, 0xFF, 0xFF, 0x0F, 0xFF, 0xFF, 0xC3,
    0xFC, 0x07, 0xF0, 0xFF, 0x01, 0xFC, 0x3F, 0xFF, 0xFF, 0x07, 0xFF, 0xFF, 0xC0, 0x2F, 0xFF, 0x90,
    0x00, 0x03, 0xFC, 0x00, 0x00, 0x00, 0x2F, 0xF8, 0x00, 0x00, 0x00, 0xFF, 0xF0, 0x00, 0x00, 0x07,
    0xFF, 0xD0, 0x00, 0x00, 0x3F, 0xBF, 0xC0, 0x00, 0x01, 0xFC, 0x7F, 0x40, 0x00, 0x0F, 0xF0, 0xFF,
    0x00, 0x00, 0x3F, 0x42, 0xFC, 0x00, 0x02, 0xFC, 0x03, 0xF8, 0x00, 0x0F, 0xE0, 0x0F, 0xF0, 0x00,
    0x7F, 0xFF, 0xFF, 0xD0, 0x02, 0xFF, 0xFF, 0xFF, 0xC0, 0x0F, 0xFF, 0xFF, 0xFF, 0x00, 0x7F, 0x40,
    0x02, 0xFE, 0x03, 0xFC, 0x00, 0x03, 0xFC, 0x0F, 0xF0, 0x00, 0x0F, 0xF0, 0xBF, 0x40, 0x00, 0x2F,
    0xE0, 0x00, 0x00, 0x00, 0x2F, 0x40, 0x00, 0x00, 0x02, 0xF4, 0x00, 0x00, 0x00, 0x0F, 0xC0, 0x00,
    0x00, 0x00, 0x7F, 0xF0, 0x00, 0x00, 0x00, 0xFF, 0xC0, 0x00, 0x00, 0x01, 0xFF, 0x00, 0x06, 0xFF,
    0xE0, 0x03, 0xFF, 0xFF, 0x00, 0xBF, 0xFF, 0xE0, 0x04, 0x07, 0xFC, 0x00, 0x00, 0x7F, 0x00, 0x7F,
    0xFF, 0xC0, 0xFF, 0xFF, 0xF0, 0xFF, 0xFF, 0xFC, 0x3F, 0xC0, 0x7F, 0x0F, 0xF0, 0x1F, 0xC3, 0xFF,
    0xFF, 0xF0, 0x7F, 0xFF, 0xFC, 0x02, 0xFF, 0xFF, 0x00, 0x00, 0x3F, 0x00, 0x00, 0x2F, 0x00, 0x00,
    0x0F, 0xC0, 0x00, 0x07, 0xFF, 0x00, 0x00, 0xFF, 0xC0, 0x00, 0x1F, 0xF0, 0x00, 0x00, 0x24, 0x00,
    0x00, 0x02, 0xF4, 0x00, 0x00, 0x2F, 0xD0, 0x00, 0x01, 0xFD, 0x00, 0x00, 0x07, 0xD0, 0x00, 0x00,
    0x09, 0x00, 0x00, 0x00, 0x00, 0x00, 0x00, 0x06, 0xFF, 0x90, 0x01, 0xFF, 0xFF, 0xF4, 0x1F, 0xFF,
    0xFF, 0xC1, 0xFF, 0x90, 0x1A, 0x0F, 0xF8, 0x00, 0x00, 0x7F, 0xC0, 0x00, 0x02, 0xFE, 0x00, 0x00,
    0x0B, 0xF4, 0x00, 0x00, 0x2F, 0xD0, 0x00, 0x00, 0xBF, 0x40, 0x00, 0x02, 0xFE, 0x00, 0x00, 0x07,
    0xFC, 0x00, 0x00, 0x0F, 0xF8, 0x00, 0x00, 0x2F, 0xF9, 0x00, 0xA0, 0x3F, 0xFF, 0xFF, 0xC0, 0x2F,
    0xFF, 0xFF, 0x80, 0x0B, 0xFF, 0xE0, 0x00, 0x02, 0x00, 0x00, 0x3F, 0x40, 0x02, 0xFD, 0x00, 0x2F,
    0xD0, 0x00, 0xBD, 0x00, 0x00, 0x80, 0x00, 0x00, 0x00, 0x00, 0x2F, 0xF8, 0x0B, 0xFF, 0xF4, 0xBF,
    0xFF, 0xC3, 0xFD, 0x01, 0x2F, 0xD0, 0x00, 0xFF, 0x00, 0x03, 0xFC, 0x00, 0x0F, 0xF0, 0x00, 0x2F,
    0xD0, 0x00, 0x7F, 0xD0, 0x10, 0xBF, 0xFF, 0xD0, 0xBF, 0xFF, 0x80, 0x6F, 0xF9, 0x00, 0x00, 0x90,
    0x00, 0x00, 0x0F, 0xE0, 0x00, 0x00, 0xFF, 0xE0, 0x00, 0x0F, 0xDB, 0xD0, 0x00, 0x0C, 0x06, 0x00,
    0x00, 0x00, 0x00, 0x00, 0x01, 0xBF, 0xE4, 0x00, 0x7F, 0xFF, 0xFD, 0x07, 0xFF, 0xFF, 0xF0, 0x7F,
    0xE4, 0x06, 0x83, 0xFE, 0x00, 0x00, 0x1F, 0xF0, 0x00, 0x00, 0xBF, 0x80, 0x00, 0x02, 0xFD, 0x00,
    0x00, 0x0B, 0xF4, 0x00, 0x00, 0x2F, 0xD0, 0x00, 0x00, 0xBF, 0x80, 0x00, 0x01, 0xFF, 0x00, 0x00,
    0x03, 0xFE, 0x00, 0x00, 0x0B, 0xFE, 0x40, 0x28, 0x0F, 0xFF, 0xFF, 0xF0, 0x0B, 0xFF, 0xFF, 0xE0,
    0x02, 0xFF, 0xF8, 0x00, 0x00, 0x0C, 0x00, 0x01, 0xFD, 0x00, 0x1F, 0xFD, 0x00, 0xFC, 0xFC, 0x01,
    0x80, 0x90, 0x00, 0x00, 0x00, 0x0B, 0xFE, 0x02, 0xFF, 0xFD, 0x2F, 0xFF, 0xF0, 0xFF, 0x40, 0x4B,
    0xF4, 0x00, 0x3F, 0xC0, 0x00, 0xFF, 0x00, 0x03, 0xFC, 0x00, 0x0B, 0xF4, 0x00, 0x1F, 0xF4, 0x04,
    0x2F, 0xFF, 0xF4, 0x2F, 0xFF, 0xE0, 0x1B, 0xFE, 0x40, 0x00, 0x01, 0xF0, 0x00, 0x00, 0x0F, 0xE0,
    0x00, 0x00, 0x3F, 0x80, 0x00, 0x00, 0x7C, 0x00, 0x00, 0x00, 0x00, 0x00, 0x00, 0x00, 0x00, 0x00,
    0x01, 0xBF, 0xE4, 0x00, 0x7F, 0xFF, 0xFD, 0x07, 0xFF, 0xFF, 0xF0, 0x7F, 0xE4, 0x06, 0x83, 0xFE,
    0x00, 0x00, 0x1F, 0xF0, 0x00, 0x00, 0xBF, 0x80, 0x00, 0x02, 0xFD, 0x00, 0x00, 0x0B, 0xF4, 0x00,
    0x00, 0x2F, 0xD0, 0x00, 0x00, 0xBF, 0x80, 0x00, 0x01, 0xFF, 0x00, 0x00, 0x03, 0xFE, 0x00, 0x00,
    0x0B, 0xFE, 0x40, 0x28, 0x0F, 0xFF, 0xFF, 0xF0, 0x0B, 0xFF, 0xFF, 0xE0, 0x02, 0xFF, 0xF8, 0x00,
    0x00, 0x2E, 0x00, 0x01, 0xFD, 0x00, 0x07, 0xF4, 0x00, 0x0B, 0x80, 0x00, 0x00, 0x00, 0x00, 0x00,
    0x00, 0x0B, 0xFE, 0x02, 0xFF, 0xFD, 0x2F, 0xFF, 0xF0, 0xFF, 0x40, 0x4B, 0xF4, 0x00, 0x3F, 0xC0,
    0x00, 0xFF, 0x00, 0x03, 0xFC, 0x00, 0x0B, 0xF4, 0x00, 0x1F, 0xF4, 0x04, 0x2F, 0xFF, 0xF4, 0x2F,
    0xFF, 0xE0, 0x1B, 0xFE, 0x40, 0x00, 0x08, 0x06, 0x00, 0x00, 0xFD, 0xBD, 0x00, 0x00, 0xFF, 0xE0,
    0x00, 0x00, 0xFE, 0x00, 0x00, 0x00, 0x90, 0x00, 0x00, 0x00, 0x00, 0x00, 0x00, 0x00, 0x00, 0x00,
    0x06, 0xFF, 0x90, 0x01, 0xFF, 0xFF, 0xF4, 0x1F, 0xFF, 0xFF, 0xC1, 0xFF, 0x90, 0x1A, 0x0F, 0xF8,
    0x00, 0x00, 0x7F, 0xC0, 0x00, 0x02, 0xFE, 0x00, 0x00, 0x0B, 0xF4, 0x00, 0x00, 0x2F, 0xD0, 0x00,
    0x00, 0xBF, 0x40, 0x00, 0x02, 0xFE, 0x00, 0x00, 0x07, 0xFC, 0x00, 0x00, 0x0F, 0xF8, 0x00, 0x00,
    0x2F, 0xF9, 0x00, 0xA0, 0x3F, 0xFF, 0xFF, 0xC0, 0x2F, 0xFF, 0xFF, 0x80, 0x0B, 0xFF, 0xE0, 0x01,
    0x80, 0x90, 0x0F, 0xCF, 0xC0, 0x1F, 0xFD, 0x00, 0x1F, 0xD0, 0x00, 0x0C, 0x00, 0x00, 0x00, 0x00,
    0x00, 0x00, 0x00, 0x2F, 0xF8, 0x0B, 0xFF, 0xF4, 0xBF, 0xFF, 0xC3, 0xFD, 0x01, 0x2F, 0xD0, 0x00,
    0xFF, 0x00, 0x03, 0xFC, 0x00, 0x0F, 0xF0, 0x00, 0x2F, 0xD0, 0x00, 0x7F, 0xD0, 0x10, 0xBF, 0xFF,
    0xD0, 0xBF, 0xFF, 0x80, 0x6F, 0xF9, 0x00, 0xC0, 0x60, 0x00, 0x03, 0xF6, 0xF4, 0x00, 0x00, 0xFF,
    0xE0, 0x00, 0x00, 0x3F, 0x80, 0x00, 0x00, 0x09, 0x00, 0x00, 0x00, 0x00, 0x00, 0x00, 0x00, 0x00,
    0x00, 0x00, 0xAF, 0xFF, 0x90, 0x00, 0xFF, 0xFF, 0xFE, 0x00, 0xFF, 0xFF, 0xFF, 0xC0, 0xFF, 0x00,
    0xBF, 0xF0, 0xFF, 0x00, 0x0F, 0xF4, 0xFF, 0x00, 0x07, 0xF8, 0xFF, 0x00, 0x03, 0xFC, 0xFF, 0x00,
    0x03, 0xFC, 0xFF, 0x00, 0x03, 0xFC, 0xFF, 0x00, 0x03, 0xFC, 0xFF, 0x00, 0x03, 0xFC, 0xFF, 0x00,
    0x0B, 0xF8, 0xFF, 0x00, 0x1F, 0xF4, 0xFF, 0x01, 0xBF, 0xE0, 0xFF, 0xFF, 0xFF, 0xC0, 0xFF, 0xFF,
    0xFE, 0x00, 0xBF, 0xFF, 0x90, 0x00, 0x00, 0x00, 0x2B, 0x4F, 0xC0, 0x00, 0x07, 0xF4, 0xFC, 0x00,
    0x00, 0x7F, 0x4F, 0xC0, 0x00, 0x07, 0xF4, 0xF8, 0x00, 0x00, 0x7F, 0x4F, 0x80, 0x00, 0x07, 0xF4,
    0xF4, 0x02, 0xFF, 0xBF, 0x40, 0x00, 0xFF, 0xFF, 0xF4, 0x00, 0x3F, 0xFF, 0xFF, 0x40, 0x07, 0xFD,
    0x0B, 0xF4, 0x00, 0xBF, 0x40, 0x7F, 0x40, 0x0F, 0xF0, 0x07, 0xF4, 0x00, 0xFF, 0x00, 0x7F, 0x40,
    0x0F, 0xF0, 0x07, 0xF4, 0x00, 0xBF, 0x40, 0x7F, 0x40, 0x07, 0xFD, 0x07, 0xF4, 0x00, 0x2F, 0xFF,
    0xFF, 0x40, 0x00, 0xBF, 0xFF, 0xF4, 0x00, 0x01, 0xBF, 0xF9, 0x00, 0x00, 0x06, 0xFF, 0xFA, 0x00,
    0x00, 0xBF, 0xFF, 0xFF, 0x00, 0x0B, 0xFF, 0xFF, 0xFD, 0x00, 0xBF, 0x00, 0x7F, 0xF0, 0x0B, 0xF0,
    0x00, 0xFF, 0x80, 0xBF, 0x00, 0x03, 0xFC, 0x0B, 0xF0, 0x00, 0x3F, 0xDF, 0xFF, 0xFD, 0x02, 0xFD,
    0xFF, 0xFF, 0xD0, 0x2F, 0xDF, 0xFF, 0xFD, 0x02, 0xFD, 0x0B, 0xF0, 0x00, 0x3F, 0xC0, 0xBF, 0x00,
    0x07, 0xFC, 0x0B, 0xF0, 0x00, 0xFF, 0x80, 0xBF, 0x00, 0xBF, 0xF0, 0x0B, 0xFF, 0xFF, 0xFC, 0x00,
    0xBF, 0xFF, 0xFE, 0x00, 0x06, 0xFF, 0xF9, 0x00, 0x00, 0x00, 0x00, 0x2B, 0x40, 0x00, 0x07, 0xF4,
    0x00, 0x3F, 0xFF, 0xF0, 0x03, 0xFF, 0xFF, 0x00, 0x00, 0x7F, 0x40, 0x00, 0x07, 0xF4, 0x01, 0xFF,
    0xBF, 0x40, 0xFF, 0xFF, 0xF4, 0x3F, 0xFF, 0xFF, 0x47, 0xFC, 0x0B, 0xF4, 0xBF, 0x40, 0x7F, 0x4F,
    0xF0, 0x07, 0xF4, 0xFF, 0x00, 0x7F, 0x4F, 0xF0, 0x07, 0xF4, 0xBF, 0x40, 0x7F, 0x47, 0xFD, 0x07,
    0xF4, 0x2F, 0xFF, 0xFF, 0x40, 0xBF, 0xFF, 0xF4, 0x01, 0xBF, 0xF9, 0x00, 0x0F, 0xFF, 0xF0, 0x03,
    0xFF, 0xFC, 0x00, 0xFF, 0xFF, 0x00, 0x00, 0x00, 0x00, 0x00, 0x00, 0x00, 0x00, 0x00, 0x00, 0x0F,
    0xFF, 0xFF, 0xE3, 0xFF, 0xFF, 0xF8, 0xFF, 0xFF, 0xFE, 0x3F, 0xC0, 0x00, 0x0F, 0xF0, 0x00, 0x03,
    0xFC, 0x00, 0x00, 0xFF, 0x00, 0x00, 0x3F, 0xFF, 0xFF, 0x0F, 0xFF, 0xFF, 0xC3, 0xFF, 0xFF, 0xF0,
    0xFF, 0x00, 0x00, 0x3F, 0xC0, 0x00, 0x0F, 0xF0, 0x00, 0x03, 0xFC, 0x00, 0x00, 0xFF, 0xFF, 0xFF,
    0x7F, 0xFF, 0xFF, 0xDF, 0xFF, 0xFF, 0xF4, 0x0B, 0xFF, 0xF4, 0x02, 0xFF, 0xFD, 0x00, 0xBF, 0xFF,
    0x40, 0x00, 0x00, 0x00, 0x00, 0x00, 0x00, 0x00, 0x00, 0x00, 0x00, 0x1B, 0xF9, 0x00, 0x2F, 0xFF,
    0xE0, 0x2F, 0xFF, 0xFD, 0x0F, 0xF0, 0x3F, 0xCB, 0xF0, 0x07, 0xF3, 0xFF, 0xFF, 0xFD, 0xFF, 0xFF,
    0xFF, 0x7F, 0xFF, 0xFF, 0xDB, 0xF0, 0x00, 0x01, 0xFF, 0x40, 0x10, 0x2F, 0xFF, 0xFD, 0x02, 0xFF,
    0xFF, 0x80, 0x1B, 0xFF, 0x80, 0x0F, 0x82, 0xF0, 0x03, 0xF0, 0xFC, 0x00, 0x3F, 0xFC, 0x00, 0x02,
    0xF8, 0x00, 0x00, 0x00, 0x00, 0x00, 0x00, 0x00, 0x0F, 0xFF, 0xFF, 0xE3, 0xFF, 0xFF, 0xF8, 0xFF,
    0xFF, 0xFE, 0x3F, 0xC0, 0x00, 0x0F, 0xF0, 0x00, 0x03, 0xFC, 0x00, 0x00, 0xFF, 0x00, 0x00, 0x3F,
    0xFF, 0xFF, 0x0F, 0xFF, 0xFF, 0xC3, 0xFF, 0xFF, 0xF0, 0xFF, 0x00, 0x00, 0x3F, 0xC0, 0x00, 0x0F,
    0xF0, 0x00, 0x03, 0xFC, 0x00, 0x00, 0xFF, 0xFF, 0xFF, 0x7F, 0xFF, 0xFF, 0xDF, 0xFF, 0xFF, 0xF4,
    0x0B, 0xC1, 0xF4, 0x02, 0xF4, 0xBC, 0x00, 0x3F, 0xFE, 0x00, 0x02, 0xFD, 0x00, 0x00, 0x00, 0x00,
    0x00, 0x00, 0x00, 0x00, 0x1B, 0xF9, 0x00, 0x2F, 0xFF, 0xE0, 0x2F, 0xFF, 0xFD, 0x0F, 0xF0, 0x3F,
    0xCB, 0xF0, 0x07, 0xF3, 0xFF, 0xFF, 0xFD, 0xFF, 0xFF, 0xFF, 0x7F, 0xFF, 0xFF, 0xDB, 0xF0, 0x00,
    0x01, 0xFF, 0x40, 0x10, 0x2F, 0xFF, 0xFD, 0x02, 0xFF, 0xFF, 0x80, 0x1B, 0xFF, 0x80, 0x00, 0x7D,
    0x00, 0x00, 0x3F, 0xC0, 0x00, 0x0F, 0xF0, 0x00, 0x01, 0xF4, 0x00, 0x00, 0x00, 0x00, 0x00, 0x00,
    0x00, 0x0F, 0xFF, 0xFF, 0xE3, 0xFF, 0xFF, 0xF8, 0xFF, 0xFF, 0xFE, 0x3F, 0xC0, 0x00, 0x0F, 0xF0,
    0x00, 0x03, 0xFC, 0x00, 0x00, 0xFF, 0x00, 0x00, 0x3F, 0xFF, 0xFF, 0x0F, 0xFF, 0xFF, 0xC3, 0xFF,
    0xFF, 0xF0, 0xFF, 0x00, 0x00, 0x3F, 0xC0, 0x00, 0x0F, 0xF0, 0x00, 0x03, 0xFC, 0x00, 0x00, 0xFF,
    0xFF, 0xFF, 0x7F, 0xFF, 0xFF, 0xDF, 0xFF, 0xFF, 0xF4, 0x00, 0x3E, 0x00, 0x00, 0x2F, 0xC0, 0x00,
    0x0B, 0xF0, 0x00, 0x00, 0xF8, 0x00, 0x00, 0x00, 0x00, 0x00, 0x00, 0x00, 0x00, 0x1B, 0xF9, 0x00,
    0x2F, 0xFF, 0xE0, 0x2F, 0xFF, 0xFD, 0x0F, 0xF0, 0x3F, 0xCB, 0xF0, 0x07, 0xF3, 0xFF, 0xFF, 0xFD,
    0xFF, 0xFF, 0xFF, 0x7F, 0xFF, 0xFF, 0xDB, 0xF0, 0x00, 0x01, 0xFF, 0x40, 0x10, 0x2F, 0xFF, 0xFD,
    0x02, 0xFF, 0xFF, 0x80, 0x1B, 0xFF, 0x80, 0xFF, 0xFF, 0xFE, 0x3F, 0xFF, 0xFF, 0x8F, 0xFF, 0xFF,
    0xE3, 0xFC, 0x00, 0x00, 0xFF, 0x00, 0x00, 0x3F, 0xC0, 0x00, 0x0F, 0xF0, 0x00, 0x03, 0xFF, 0xFF,
    0xF0, 0xFF, 0xFF, 0xFC, 0x3F, 0xFF, 0xFF, 0x0F, 0xF0, 0x00, 0x03, 0xFC, 0x00, 0x00, 0xFF, 0x00,
    0x00, 0x3F, 0xC0, 0x00, 0x0F, 0xFF, 0xFF, 0xF7, 0xFF, 0xFF, 0xFD, 0xFF, 0xFF, 0xFF, 0x40, 0x00,
    0x1F, 0xC0, 0x00, 0x0F, 0xC0, 0x00, 0x0B, 0xE0, 0x00, 0x03, 0xFF, 0x80, 0x00, 0xBF, 0xE0, 0x00,
    0x0B, 0xF8, 0x01, 0xBF, 0x90, 0x02, 0xFF, 0xFE, 0x02, 0xFF, 0xFF, 0xD0, 0xFF, 0x03, 0xFC, 0xBF,
    0x00, 0x7F, 0x3F, 0xFF, 0xFF, 0xDF, 0xFF, 0xFF, 0xF7, 0xFF, 0xFF, 0xFD, 0xBF, 0x00, 0x00, 0x1F,
    0xF4, 0x01, 0x02, 0xFF, 0xFF, 0xD0, 0x2F, 0xFF, 0xF8, 0x01, 0xBF, 0xFD, 0x00, 0x00, 0xFC, 0x00,
    0x00, 0xBD, 0x00, 0x00, 0x3F, 0xF4, 0x00, 0x0F, 0xFD, 0x00, 0x00, 0xFF, 0x40, 0x03, 0x01, 0x80,
    0x02, 0xF5, 0xF8, 0x00, 0x3F, 0xFC, 0x00, 0x02, 0xF8, 0x00, 0x00, 0x28, 0x00, 0x00, 0x00, 0x00,
    0x00, 0x00, 0x00, 0x03, 0xFF, 0xFF, 0xF8, 0xFF, 0xFF, 0xFE, 0x3F, 0xFF, 0xFF, 0x8F, 0xF0, 0x00,
    0x03, 0xFC, 0x00, 0x00, 0xFF, 0x00, 0x00, 0x3F, 0xC0, 0x00, 0x0F, 0xFF, 0xFF, 0xC3, 0xFF, 0xFF,
    0xF0, 0xFF, 0xFF, 0xFC, 0x3F, 0xC0, 0x00, 0x0F, 0xF0, 0x00, 0x03, 0xFC, 0x00, 0x00, 0xFF, 0x00,
    0x00, 0x3F, 0xFF, 0xFF, 0xDF, 0xFF, 0xFF, 0xF7, 0xFF, 0xFF, 0xFD, 0x01, 0x80, 0x90, 0x00, 0xF8,
    0xFC, 0x00, 0x1F, 0xFD, 0x00, 0x01, 0xFD, 0x00, 0x00, 0x0C, 0x00, 0x00, 0x00, 0x00, 0x00, 0x00,
    0x00, 0x00, 0x06, 0xFE, 0x40, 0x0B, 0xFF, 0xF8, 0x0B, 0xFF, 0xFF, 0x43, 0xFC, 0x0F, 0xF2, 0xFC,
    0x01, 0xFC, 0xFF, 0xFF, 0xFF, 0x7F, 0xFF, 0xFF, 0xDF, 0xFF, 0xFF, 0xF6, 0xFC, 0x00, 0x00, 0x7F,
    0xD0, 0x04, 0x0B, 0xFF, 0xFF, 0x40, 0xBF, 0xFF, 0xE0, 0x06, 0xFF, 0xE0, 0x00, 0x00, 0x90, 0x00,
    0x00, 0x0F, 0xE0, 0x00, 0x00, 0xFF, 0xE0, 0x00, 0x0F, 0xDB, 0xD0, 0x00, 0x0C, 0x06, 0x00, 0x00,
    0x00, 0x00, 0x00, 0x01, 0xBF, 0xF8, 0x00, 0x7F, 0xFF, 0xFD, 0x07, 0xFF, 0xFF, 0xF0, 0x7F, 0xE4,
    0x06, 0x83, 0xFE, 0x00, 0x00, 0x1F, 0xF0, 0x00, 0x00, 0xBF, 0x80, 0x00, 0x02, 0xFD, 0x00, 0x00,
    0x0B, 0xF4, 0x00, 0x3F, 0xEF, 0xD0, 0x00, 0xFF, 0xBF, 0x80, 0x03, 0xFD, 0xFF, 0x00, 0x0F, 0xF3,
    0xFE, 0x00, 0x3F, 0xC7, 0xFE, 0x00, 0xFF, 0x0B, 0xFF, 0xFF, 0xFC, 0x07, 0xFF, 0xFF, 0xF0, 0x01,
    0xBF, 0xFA, 0x00, 0x00, 0x09, 0x00, 0x00, 0x0F, 0xE0, 0x00, 0x0F, 0xFE, 0x00, 0x0B, 0xD7, 0xE0,
    0x00, 0xC0, 0x60, 0x00, 0x00, 0x00, 0x00, 0x1B, 0xFF, 0x90, 0x2F, 0xFF, 0xFC, 0x2F, 0xFF, 0xFF,
    0x0F, 0xF4, 0x2F, 0xCB, 0xF4, 0x0B, 0xF3, 0xFC, 0x02, 0xFC, 0xFF, 0x00, 0xBF, 0x3F, 0xC0, 0x2F,
    0xCB, 0xF4, 0x0B, 0xF1, 0xFF, 0x03, 0xFC, 0x3F, 0xFF, 0xFF, 0x07, 0xFF, 0xFF, 0xC0, 0x2F, 0xEF,
    0xF0, 0x00, 0x03, 0xFC, 0x14, 0x02, 0xFE, 0x0F, 0xFF, 0xFF, 0x03, 0xFF, 0xFF, 0x40, 0x6F, 0xFE,
    0x00, 0x00, 0x7D, 0x0F, 0x80, 0x00, 0xF8, 0x7E, 0x00, 0x02, 0xFF, 0xF0, 0x00, 0x01, 0xFE, 0x00,
    0x00, 0x00, 0x00, 0x00, 0x00, 0x00, 0x00, 0x00, 0x01, 0xBF, 0xF8, 0x00, 0x7F, 0xFF, 0xFD, 0x07,
    0xFF, 0xFF, 0xF0, 0x7F, 0xE4, 0x06, 0x83, 0xFE, 0x00, 0x00, 0x1F, 0xF0, 0x00, 0x00, 0xBF, 0x80,
    0x00, 0x02, 0xFD, 0x00, 0x00, 0x0B, 0xF4, 0x00, 0x3F, 0xEF, 0xD0, 0x00, 0xFF, 0xBF, 0x80, 0x03,
    0xFD, 0xFF, 0x00, 0x0F, 0xF3, 0xFE, 0x00, 0x3F, 0xC7, 0xFE, 0x00, 0xFF, 0x0B, 0xFF, 0xFF, 0xFC,
    0x07, 0xFF, 0xFF, 0xF0, 0x01, 0xBF, 0xFA, 0x00, 0x03, 0xD0, 0xBC, 0x00, 0xFC, 0x3E, 0x00, 0x1F,
    0xFF, 0x00, 0x01, 0xFE, 0x00, 0x00, 0x00, 0x00, 0x00, 0x00, 0x00, 0x00, 0x1B, 0xFF, 0x90, 0x2F,
    0xFF, 0xFC, 0x2F, 0xFF, 0xFF, 0x0F, 0xF4, 0x2F, 0xCB, 0xF4, 0x0B, 0xF3, 0xFC, 0x02, 0xFC, 0xFF,
    0x00, 0xBF, 0x3F, 0xC0, 0x2F, 0xCB, 0xF4, 0x0B, 0xF1, 0xFF, 0x03, 0xFC, 0x3F, 0xFF, 0xFF, 0x07,
    0xFF, 0xFF, 0xC0, 0x2F, 0xEF, 0xF0, 0x00, 0x03, 0xFC, 0x14, 0x02, 0xFE, 0x0F, 0xFF, 0xFF, 0x03,
    0xFF, 0xFF, 0x40, 0x6F, 0xFE, 0x00, 0x00, 0x01, 0xF0, 0x00, 0x00, 0x0F, 0xE0, 0x00, 0x00, 0x3F,
    0x80, 0x00, 0x00, 0x7C, 0x00, 0x00, 0x00, 0x00, 0x00, 0x00, 0x00, 0x00, 0x00, 0x01, 0xBF, 0xF8,
    0x00, 0x7F, 0xFF, 0xFD, 0x07, 0xFF, 0xFF, 0xF0, 0x7F, 0xE4, 0x06, 0x83, 0xFE, 0x00, 0x00, 0x1F,
    0xF0, 0x00, 0x00, 0xBF, 0x80, 0x00, 0x02, 0xFD, 0x00, 0x00, 0x0B, 0xF4, 0x00, 0x3F, 0xEF, 0xD0,
    0x00, 0xFF, 0xBF, 0x80, 0x03, 0xFD, 0xFF, 0x00, 0x0F, 0xF3, 0xFE, 0x00, 0x3F, 0xC7, 0xFE, 0x00,
    0xFF, 0x0B, 0xFF, 0xFF, 0xFC, 0x07, 0xFF, 0xFF, 0xF0, 0x01, 0xBF, 0xFA, 0x00, 0x00, 0x2F, 0x00,
    0x00, 0x0F, 0xE0, 0x00, 0x03, 0xF8, 0x00, 0x00, 0xBC, 0x00, 0x00, 0x00, 0x00, 0x00, 0x00, 0x00,
    0x00, 0x1B, 0xFF, 0x90, 0x2F, 0xFF, 0xFC, 0x2F, 0xFF, 0xFF, 0x0F, 0xF4, 0x2F, 0xCB, 0xF4, 0x0B,
    0xF3, 0xFC, 0x02, 0xFC, 0xFF, 0x00, 0xBF, 0x3F, 0xC0, 0x2F, 0xCB, 0xF4, 0x0B, 0xF1, 0xFF, 0x03,
    0xFC, 0x3F, 0xFF, 0xFF, 0x07, 0xFF, 0xFF, 0xC0, 0x2F, 0xEF, 0xF0, 0x00, 0x03, 0xFC, 0x14, 0x02,
    0xFE, 0x0F, 0xFF, 0xFF, 0x03, 0xFF, 0xFF, 0x40, 0x6F, 0xFE, 0x00, 0x00, 0x1B, 0xFF, 0x80, 0x07,
    0xFF, 0xFF, 0xD0, 0x7F, 0xFF, 0xFF, 0x07, 0xFE, 0x40, 0x68, 0x3F, 0xE0, 0x00, 0x01, 0xFF, 0x00,
    0x00, 0x0B, 0xF8, 0x00, 0x00, 0x2F, 0xD0, 0x00, 0x00, 0xBF, 0x40, 0x03, 0xFE, 0xFD, 0x00, 0x0F,
    0xFB, 0xF8, 0x00, 0x3F, 0xDF, 0xF0, 0x00, 0xFF, 0x3F, 0xE0, 0x03, 0xFC, 0x7F, 0xE0, 0x0F, 0xF0,
    0xBF, 0xFF, 0xFF, 0xC0, 0x7F, 0xFF, 0xFF, 0x00, 0x1B, 0xFF, 0xA0, 0x00, 0x00, 0x00, 0x00, 0x00,
    0x1F, 0x80, 0x00, 0x00, 0xBE, 0x00, 0x00, 0x0F, 0xF4, 0x00, 0x00, 0x3F, 0x40, 0x00, 0x00, 0x02,
    0xC0, 0x00, 0x03, 0xF4, 0x00, 0x02, 0xFC, 0x00, 0x00, 0xFD, 0x00, 0x00, 0x3F, 0x00, 0x00, 0x00,
    0x00, 0x00, 0x00, 0x00, 0x00, 0x06, 0xFF, 0xE4, 0x0B, 0xFF, 0xFF, 0x0B, 0xFF, 0xFF, 0xC3, 0xFD,
    0x0B, 0xF2, 0xFD, 0x02, 0xFC, 0xFF, 0x00, 0xBF, 0x3F, 0xC0, 0x2F, 0xCF, 0xF0, 0x0B, 0xF2, 0xFD,
    0x02, 0xFC, 0x7F, 0xC0, 0xFF, 0x0F, 0xFF, 0xFF, 0xC1, 0xFF, 0xFF, 0xF0, 0x0B, 0xFB, 0xFC, 0x00,
    0x00, 0xFF, 0x05, 0x00, 0xBF, 0x83, 0xFF, 0xFF, 0xC0, 0xFF, 0xFF, 0xD0, 0x1B, 0xFF, 0x80, 0x00,
    0x00, 0x06, 0x00, 0x00, 0x00, 0xBF, 0x00, 0x00, 0x0B, 0xFF, 0x00, 0x00, 0x7E, 0x7F, 0x00, 0x00,
    0x90, 0x30, 0x00, 0x00, 0x00, 0x00, 0x0F, 0xF0, 0x00, 0xBF, 0x7F, 0xC0, 0x02, 0xFD, 0xFF, 0x00,
    0x0B, 0xF7, 0xFC, 0x00, 0x2F, 0xDF, 0xF0, 0x00, 0xBF, 0x7F, 0xC0, 0x02, 0xFD, 0xFF, 0x00, 0x0B,
    0xF7, 0xFF, 0xFF, 0xFF, 0xDF, 0xFF, 0xFF, 0xFF, 0x7F, 0xFF, 0xFF, 0xFD, 0xFF, 0x00, 0x0B, 0xF7,
    0xFC, 0x00, 0x2F, 0xDF, 0xF0, 0x00, 0xBF, 0x7F, 0xC0, 0x02, 0xFD, 0xFF, 0x00, 0x0B, 0xF7, 0xFC,
    0x00, 0x2F, 0xDF, 0xF0, 0x00, 0xBF, 0x40, 0x01, 0xC0, 0x00, 0x01, 0xFC, 0x00, 0x02, 0xFF, 0xD0,
    0x00, 0xF8, 0xFC, 0x00, 0x24, 0x09, 0x00, 0x00, 0x00, 0x00, 0x02, 0xB4, 0x00, 0x01, 0xFD, 0x00,
    0x00, 0x7F, 0x40, 0x00, 0x1F, 0xD0, 0x00, 0x07, 0xF4, 0x00, 0x01, 0xFD, 0x00, 0x00, 0x7F, 0xFF,
    0xD0, 0x1F, 0xFF, 0xFE, 0x07, 0xFF, 0xFF, 0xD1, 0xFE, 0x07, 0xFC, 0x7F, 0x40, 0xFF, 0x1F, 0xD0,
    0x2F, 0xC7, 0xF4, 0x0B, 0xF1, 0xFD, 0x02, 0xFC, 0x7F, 0x40, 0xBF, 0x1F, 0xD0, 0x2F, 0xC7, 0xF4,
    0x0B, 0xF1, 0xFD, 0x02, 0xFC, 0x7F, 0x40, 0xBF, 0x00, 0x0B, 0xF0, 0x00, 0x7F, 0x80, 0x2F, 0xC0,
    0x01, 0xFE, 0x0F, 0xFF, 0xFF, 0xFF, 0xFF, 0xBF, 0xFF, 0xFF, 0xFF, 0xFE, 0xFF, 0xFF, 0xFF, 0xFF,
    0xF8, 0x2F, 0xC0, 0x01, 0xFE, 0x00, 0xBF, 0x00, 0x07, 0xF8, 0x02, 0xFF, 0xFF, 0xFF, 0xE0, 0x0B,
    0xFF, 0xFF, 0xFF, 0x80, 0x2F, 0xFF, 0xFF, 0xFE, 0x00, 0xBF, 0x00, 0x07, 0xF8, 0x02, 0xFC, 0x00,
    0x1F, 0xE0, 0x0B, 0xF0, 0x00, 0x7F, 0x80, 0x2F, 0xC0, 0x01, 0xFE, 0x00, 0xBF, 0x00, 0x07, 0xF8,
    0x02, 0xFC, 0x00, 0x1F, 0xE0, 0x0B, 0xF0, 0x00, 0x7F, 0x80, 0x06, 0xE0, 0x00, 0x00, 0xFE, 0x00,
    0x00, 0xBF, 0xFF, 0xD0, 0x0B, 0xFF, 0xFD, 0x00, 0x0F, 0xE0, 0x00, 0x00, 0xFE, 0x00, 0x00, 0x0F,
    0xFF, 0xF8, 0x00, 0xFF, 0xFF, 0xF0, 0x0F, 0xFF, 0xFF, 0x80, 0xFF, 0x07, 0xFC, 0x0F, 0xE0, 0x2F,
    0xC0, 0xFE, 0x01, 0xFD, 0x0F, 0xE0, 0x1F, 0xD0, 0xFE, 0x01, 0xFD, 0x0F, 0xE0, 0x1F, 0xD0, 0xFE,
    0x01, 0xFD, 0x0F, 0xE0, 0x1F, 0xD0, 0xFE, 0x01, 0xFD, 0x0F, 0xE0, 0x1F, 0xD0, 0x0F, 0x92, 0x83,
    0xFF, 0xFD, 0x7F, 0xFF, 0xC2, 0x82, 0xF0, 0x00, 0x00, 0x00, 0x00, 0x00, 0x03, 0xFC, 0x00, 0x3F,
    0xC0, 0x03, 0xFC, 0x00, 0x3F, 0xC0, 0x03, 0xFC, 0x00, 0x3F, 0xC0, 0x03, 0xFC, 0x00, 0x3F, 0xC0,
    0x03, 0xFC, 0x00, 0x3F, 0xC0, 0x03, 0xFC, 0x00, 0x3F, 0xC0, 0x03, 0xFC, 0x00, 0x3F, 0xC0, 0x03,
    0xFC, 0x00, 0x3F, 0xC0, 0x03, 0xFC, 0x00, 0x1F, 0x83, 0x47, 0xFF, 0xFC, 0xFF, 0xFF, 0x82, 0x47,
    0xE0, 0x00, 0x00, 0x00, 0x00, 0x00, 0x07, 0xF4, 0x00, 0x7F, 0x40, 0x07, 0xF4, 0x00, 0x7F, 0x40,
    0x07, 0xF4, 0x00, 0x7F, 0x40, 0x07, 0xF4, 0x00, 0x7F, 0x40, 0x07, 0xF4, 0x00, 0x7F, 0x40, 0x07,
    0xF4, 0x00, 0x7F, 0x40, 0x07, 0xF4, 0x00, 0x3F, 0xFF, 0xC3, 0xFF, 0xFC, 0x3F, 0xFF, 0xC0, 0x00,
    0x00, 0x00, 0x00, 0x00, 0x00, 0x00, 0x03, 0xFC, 0x00, 0x3F, 0xC0, 0x03, 0xFC, 0x00, 0x3F, 0xC0,
    0x03, 0xFC, 0x00, 0x3F, 0xC0, 0x03, 0xFC, 0x00, 0x3F, 0xC0, 0x03, 0xFC, 0x00, 0x3F, 0xC0, 0x03,
    0xFC, 0x00, 0x3F, 0xC0, 0x03, 0xFC, 0x00, 0x3F, 0xC0, 0x03, 0xFC, 0x00, 0x3F, 0xC0, 0x03, 0xFC,
    0x00, 0x7F, 0xFF, 0x9F, 0xFF, 0xE7, 0xFF, 0xF8, 0x00, 0x00, 0x00, 0x00, 0x00, 0x00, 0x00, 0x7F,
    0x40, 0x1F, 0xD0, 0x07, 0xF4, 0x01, 0xFD, 0x00, 0x7F, 0x40, 0x1F, 0xD0, 0x07, 0xF4, 0x01, 0xFD,
    0x00, 0x7F, 0x40, 0x1F, 0xD0, 0x07, 0xF4, 0x01, 0xFD, 0x00, 0x7F, 0x40, 0xFC, 0x1F, 0x6F, 0x4B,
    0xC3, 0xFF, 0xD0, 0x2F, 0xD0, 0x00, 0x00, 0x00, 0x00, 0x00, 0xFF, 0x00, 0x3F, 0xC0, 0x0F, 0xF0,
    0x03, 0xFC, 0x00, 0xFF, 0x00, 0x3F, 0xC0, 0x0F, 0xF0, 0x03, 0xFC, 0x00, 0xFF, 0x00, 0x3F, 0xC0,
    0x0F, 0xF0, 0x03, 0xFC, 0x00, 0xFF, 0x00, 0x3F, 0xC0, 0x0F, 0xF0, 0x03, 0xFC, 0x00, 0xFF, 0x00,
    0x7C, 0x0F, 0x8F, 0x87, 0xD2, 0xFF, 0xF0, 0x1F, 0xE0, 0x00, 0x00, 0x00, 0x00, 0x00, 0x7F, 0x40,
    0x1F, 0xD0, 0x07, 0xF4, 0x01, 0xFD, 0x00, 0x7F, 0x40, 0x1F, 0xD0, 0x07, 0xF4, 0x01, 0xFD, 0x00,
    0x7F, 0x40, 0x1F, 0xD0, 0x07, 0xF4, 0x01, 0xFD, 0x00, 0x7F, 0x40, 0x0F, 0xF0, 0x3F, 0xC0, 0xFF,
    0x03, 0xFC, 0x0F, 0xF0, 0x3F, 0xC0, 0xFF, 0x03, 0xFC, 0x0F, 0xF0, 0x3F, 0xC0, 0xFF, 0x03, 0xFC,
    0x0F, 0xF0, 0x3F, 0xC0, 0xFF, 0x03, 0xFC, 0x0F, 0xF0, 0x2F, 0x41, 0xF4, 0x0F, 0xC0, 0x3F, 0xF0,
    0xFF, 0xD1, 0xFF, 0x00, 0x0B, 0xC2, 0xFE, 0x2F, 0xE0, 0xBC, 0x00, 0x00, 0x00, 0x1F, 0xD1, 0xFD,
    0x1F, 0xD1, 0xFD, 0x1F, 0xD1, 0xFD, 0x1F, 0xD1, 0xFD, 0x1F, 0xD1, 0xFD, 0x1F, 0xD1, 0xFD, 0x1F,
    0xD0, 0xFC, 0x3F, 0x07, 0xF0, 0xBF, 0xE7, 0xFF, 0x2F, 0xE0, 0x1F, 0x0F, 0xF3, 0xFC, 0x7C, 0x00,
    0x00, 0x03, 0xFC, 0xFF, 0x3F, 0xCF, 0xF3, 0xFC, 0xFF, 0x3F, 0xCF, 0xF3, 0xFC, 0xFF, 0x3F, 0xCF,
    0xF3, 0xFC, 0xFF, 0x3F, 0xCF, 0xF3, 0xFC, 0x7F, 0x5F, 0xD7, 0xF5, 0xFD, 0x7F, 0x5F, 0xD7, 0xF5,
    0xFD, 0x7F, 0x5F, 0xD7, 0xF5, 0xFD, 0x7F, 0x40, 0xFF, 0x00, 0x00, 0x2F, 0xDF, 0xF0, 0x00, 0x02,
    0xFD, 0xFF, 0x00, 0x00, 0x2F, 0xDF, 0xF0, 0x00, 0x02, 0xFD, 0xFF, 0x00, 0x00, 0x2F, 0xDF, 0xF0,
    0x00, 0x02, 0xFD, 0xFF, 0x00, 0x00, 0x2F, 0xDF, 0xF0, 0x00, 0x02, 0xFD, 0xFF, 0x00, 0x00, 0x2F,
    0xDF, 0xF0, 0x00, 0x02, 0xFD, 0xFF, 0x00, 0x00, 0x2F, 0xDF, 0xF0, 0x00, 0x02, 0xFC, 0xFF, 0x00,
    0x00, 0x3F, 0xCF, 0xF0, 0x38, 0x0B, 0xFC, 0xFF, 0x07, 0xFF, 0xFF, 0x4F, 0xF0, 0xBF, 0xFF, 0xE0,
    0xFF, 0x01, 0xBF, 0xE4, 0x00, 0x2F, 0x00, 0xBD, 0xBF, 0x81, 0xFF, 0xBF, 0x81, 0xFF, 0x2F, 0x00,
    0xBD, 0x00, 0x00, 0x00, 0x00, 0x00, 0x00, 0x7F, 0x40, 0xFE, 0x7F, 0x40, 0xFE, 0x7F, 0x40, 0xFE,
    0x7F, 0x40, 0xFE, 0x7F, 0x40, 0xFE, 0x7F, 0x40, 0xFE, 0x7F, 0x40, 0xFE, 0x7F, 0x40, 0xFE, 0x7F,
    0x40, 0xFE, 0x7F, 0x40, 0xFE, 0x7F, 0x40, 0xFE, 0x7F, 0x40, 0xFE, 0x7F, 0x40, 0xFE, 0x00, 0x00,
    0xFE, 0x00, 0x02, 0xFD, 0x00, 0x7F, 0xFC, 0x00, 0x7F, 0xF8, 0x00, 0x7F, 0xD0, 0x00, 0x00, 0x30,
    0x00, 0x00, 0x1F, 0xD0, 0x00, 0x07, 0xFF, 0x40, 0x00, 0xFC, 0xFC, 0x00, 0x06, 0x02, 0x40, 0x00,
    0x00, 0x00, 0x00, 0x01, 0xFD, 0x00, 0x00, 0x1F, 0xD0, 0x00, 0x01, 0xFD, 0x00, 0x00, 0x1F, 0xD0,
    0x00, 0x01, 0xFD, 0x00, 0x00, 0x1F, 0xD0, 0x00, 0x01, 0xFD, 0x00, 0x00, 0x1F, 0xD0, 0x00, 0x01,
    0xFD, 0x00, 0x00, 0x1F, 0xD0, 0x00, 0x01, 0xFD, 0x00, 0x00, 0x1F, 0xD0, 0x00, 0x02, 0xFD, 0x02,
    0x80, 0x7F, 0xC0, 0x3F, 0xFF, 0xF8, 0x0B, 0xFF, 0xFF, 0x00, 0x1B, 0xFE, 0x40, 0x00, 0x00, 0x34,
    0x00, 0x0F, 0xD0, 0x07, 0xFF, 0x40, 0xFC, 0xBD, 0x06, 0x02, 0x80, 0x00, 0x00, 0x01, 0xFD, 0x00,
    0x1F, 0xD0, 0x01, 0xFD, 0x00, 0x1F, 0xD0, 0x01, 0xFD, 0x00, 0x1F, 0xD0, 0x01, 0xFD, 0x00, 0x1F,
    0xD0, 0x01, 0xFD, 0x00, 0x1F, 0xD0, 0x01, 0xFD, 0x00, 0x1F, 0xD0, 0x01, 0xFD, 0x00, 0x1F, 0xD0,
    0x02, 0xFD, 0x07, 0xFF, 0xC0, 0xBF, 0xF4, 0x0B, 0xF8, 0x00, 0xFF, 0x00, 0x2F, 0xF3, 0xFC, 0x02,
    0xFF, 0x0F, 0xF0, 0x2F, 0xF0, 0x3F, 0xC2, 0xFF, 0x00, 0xFF, 0x2F, 0xF0, 0x03, 0xFE, 0xFF, 0x00,
    0x0F, 0xFF, 0xF0, 0x00, 0x3F, 0xFF, 0x40, 0x00, 0xFF, 0xFF, 0x00, 0x03, 0xFF, 0xFF, 0x00, 0x0F,
    0xF3, 0xFF, 0x00, 0x3F, 0xC3, 0xFE, 0x00, 0xFF, 0x07, 0xFD, 0x03, 0xFC, 0x07, 0xFC, 0x0F, 0xF0,
    0x0B, 0xFC, 0x3F, 0xC0, 0x0F, 0xF8, 0xFF, 0x00, 0x0F, 0xF4, 0x00, 0x00, 0x00, 0x00, 0x01, 0xF8,
    0x00, 0x00, 0x0B, 0xE0, 0x00, 0x00, 0xFF, 0x40, 0x00, 0x03, 0xF4, 0x00, 0x00, 0x2B, 0x40, 0x00,
    0x07, 0xF4, 0x00, 0x00, 0x7F, 0x40, 0x00, 0x07, 0xF4, 0x00, 0x00, 0x7F, 0x40, 0x00, 0x07, 0xF4,
    0x00, 0x00, 0x7F, 0x40, 0xFF, 0x87, 0xF4, 0x2F, 0xE0, 0x7F, 0x4B, 0xF8, 0x07, 0xFA, 0xFE, 0x00,
    0x7F, 0xFF, 0x80, 0x07, 0xFF, 0xF0, 0x00, 0x7F, 0xFF, 0x80, 0x07, 0xFF, 0xFE, 0x00, 0x7F, 0x5F,
    0xF4, 0x07, 0xF4, 0xBF, 0xC0, 0x7F, 0x43, 0xFE, 0x07, 0xF4, 0x0F, 0xF4, 0x7F, 0x40, 0x7F, 0xC0,
    0x00, 0x00, 0x00, 0x00, 0x3F, 0x00, 0x00, 0x03, 0xF0, 0x00, 0x02, 0xFF, 0x00, 0x00, 0x2F, 0x80,
    0x00, 0x7F, 0x40, 0xFF, 0x87, 0xF4, 0x2F, 0xE0, 0x7F, 0x4B, 0xF8, 0x07, 0xF6, 0xFE, 0x00, 0x7F,
    0xFF, 0xC0, 0x07, 0xFF, 0xF0, 0x00, 0x7F, 0xFF, 0x80, 0x07, 0xFF, 0xFD, 0x00, 0x7F, 0x6F, 0xF0,
    0x07, 0xF4, 0xBF, 0xC0, 0x7F, 0x43, 0xFE, 0x07, 0xF4, 0x0F, 0xF4, 0x7F, 0x40, 0x7F, 0xC0, 0x00,
    0x80, 0x00, 0x00, 0xFC, 0x00, 0x00, 0xFF, 0x00, 0x00, 0xBF, 0x00, 0x00, 0x2F, 0x00, 0x00, 0x02,
    0x00, 0x00, 0x00, 0x00, 0x00, 0x00, 0xFF, 0x00, 0x00, 0x3F, 0xC0, 0x00, 0x0F, 0xF0, 0x00, 0x03,
    0xFC, 0x00, 0x00, 0xFF, 0x00, 0x00, 0x3F, 0xC0, 0x00, 0x0F, 0xF0, 0x00, 0x03, 0xFC, 0x00, 0x00,
    0xFF, 0x00, 0x00, 0x3F, 0xC0, 0x00, 0x0F, 0xF0, 0x00, 0x03, 0xFC, 0x00, 0x00, 0xFF, 0x00, 0x00,
    0x3F, 0xC0, 0x00, 0x0F, 0xFF, 0xFF, 0xE3, 0xFF, 0xFF, 0xF8, 0xFF, 0xFF, 0xFE, 0x00, 0xA0, 0x2F,
    0xCB, 0xFE, 0x0E, 0x40, 0x00, 0x00, 0xAD, 0x07, 0xF4, 0x1F, 0xD0, 0x7F, 0x41, 0xFD, 0x07, 0xF4,
    0x1F, 0xD0, 0x7F, 0x41, 0xFD, 0x07, 0xF4, 0x1F, 0xD0, 0x7F, 0x41, 0xFD, 0x07, 0xF4, 0x0F, 0xE0,
    0x3F, 0xC0, 0xFF, 0xD1, 0xFF, 0x41, 0xBC, 0xFF, 0x00, 0x00, 0xFF, 0x00, 0x00, 0xFF, 0x00, 0x00,
    0xFF, 0x00, 0x00, 0xFF, 0x00, 0x00, 0xFF, 0x00, 0x00, 0xFF, 0x00, 0x00, 0xFF, 0x00, 0x00, 0xFF,
    0x00, 0x00, 0xFF, 0x00, 0x00, 0xFF, 0x00, 0x00, 0xFF, 0x00, 0x00, 0xFF, 0x00, 0x00, 0xFF, 0x00,
    0x00, 0xFF, 0xFF, 0xFE, 0xFF, 0xFF, 0xFE, 0xFF, 0xFF, 0xFE, 0x00, 0x00, 0x00, 0x00, 0x3F, 0x00,
    0x00, 0x7F, 0x00, 0x03, 0xFD, 0x00, 0x03, 0xF4, 0x00, 0x2B, 0x41, 0xFD, 0x07, 0xF4, 0x1F, 0xD0,
    0x7F, 0x41, 0xFD, 0x07, 0xF4, 0x1F, 0xD0, 0x7F, 0x41, 0xFD, 0x07, 0xF4, 0x1F, 0xD0, 0x7F, 0x41,
    0xFD, 0x03, 0xF8, 0x0F, 0xF0, 0x3F, 0xF4, 0x7F, 0xD0, 0x6F, 0x00, 0x00, 0x0F, 0xC0, 0x7F, 0x0F,
    0xF8, 0x3F, 0x80, 0xFF, 0x0B, 0xD0, 0xFF, 0x0B, 0xD0, 0xFF, 0x0B, 0xC0, 0xFF, 0x0B, 0xC0, 0xFF,
    0x0B, 0xC0, 0xFF, 0x0B, 0x80, 0xFF, 0x00, 0x00, 0xFF, 0x00, 0x00, 0xFF, 0x00, 0x00, 0xFF, 0x00,
    0x00, 0xFF, 0x00, 0x00, 0xFF, 0x00, 0x00, 0xFF, 0x00, 0x00, 0xFF, 0x00, 0x00, 0xFF, 0xFF, 0xFE,
    0xFF, 0xFF, 0xFE, 0xFF, 0xFF, 0xFE, 0x2B, 0x4F, 0xC7, 0xF4, 0xFC, 0x7F, 0x4F, 0xC7, 0xF4, 0xFC,
    0x7F, 0x4F, 0x87, 0xF4, 0xF4, 0x7F, 0x40, 0x07, 0xF4, 0x00, 0x7F, 0x40, 0x07, 0xF4, 0x00, 0x7F,
    0x40, 0x07, 0xF4, 0x00, 0x7F, 0x40, 0x07, 0xF4, 0x00, 0x3F, 0x80, 0x03, 0xFC, 0x00, 0x3F, 0xF4,
    0x01, 0xFF, 0x40, 0x06, 0xF0, 0x00, 0xFF, 0x00, 0x00, 0xFF, 0x00, 0x00, 0xFF, 0x00, 0x00, 0xFF,
    0x00, 0x00, 0xFF, 0x01, 0xF4, 0xFF, 0x03, 0xFC, 0xFF, 0x07, 0xFC, 0xFF, 0x03, 0xFC, 0xFF, 0x01,
    0xF4, 0xFF, 0x00, 0x00, 0xFF, 0x00, 0x00, 0xFF, 0x00, 0x00, 0xFF, 0x00, 0x00, 0xFF, 0x00, 0x00,
    0xFF, 0xFF, 0xFE, 0xFF, 0xFF, 0xFE, 0xFF, 0xFF, 0xFE, 0x2B, 0x40, 0x00, 0x7F, 0x40, 0x00, 0x7F,
    0x40, 0x00, 0x7F, 0x40, 0x00, 0x7F, 0x40, 0x00, 0x7F, 0x40, 0x00, 0x7F, 0x41, 0xF4, 0x7F, 0x43,
    0xFC, 0x7F, 0x47, 0xFD, 0x7F, 0x43, 0xFC, 0x7F, 0x41, 0xF4, 0x7F, 0x40, 0x00, 0x7F, 0x40, 0x00,
    0x7F, 0x40, 0x00, 0x3F, 0x80, 0x00, 0x3F, 0xC0, 0x00, 0x3F, 0xF4, 0x00, 0x1F, 0xF4, 0x00, 0x06,
    0xF0, 0x00, 0x03, 0xF8, 0x00, 0x00, 0x0F, 0xE0, 0x00, 0x00, 0x3F, 0x80, 0x00, 0x00, 0xFE, 0x00,
    0x00, 0x03, 0xF8, 0x10, 0x00, 0x0F, 0xEB, 0xD0, 0x00, 0x3F, 0xFF, 0xC0, 0x00, 0xFF, 0xF8, 0x00,
    0x2F, 0xFE, 0x00, 0x03, 0xFF, 0xE0, 0x00, 0x07, 0xFF, 0x80, 0x00, 0x09, 0xFE, 0x00, 0x00, 0x03,
    0xF8, 0x00, 0x00, 0x0F, 0xE0, 0x00, 0x00, 0x3F, 0xFF, 0xFF, 0x40, 0xFF, 0xFF, 0xFD, 0x03, 0xFF,
    0xFF, 0xF4, 0x01, 0xAC, 0x00, 0x0B, 0xF0, 0x00, 0x2F, 0xC0, 0x00, 0xBF, 0x00, 0x02, 0xFC, 0x00,
    0x0B, 0xF1, 0x00, 0x2F, 0xFE, 0x00, 0xBF, 0xF8, 0x0B, 0xFF, 0x40, 0xFF, 0xF0, 0x02, 0xFF, 0xC0,
    0x00, 0xBF, 0x00, 0x02, 0xFC, 0x00, 0x0B, 0xF0, 0x00, 0x2F, 0xC0, 0x00, 0x7F, 0x80, 0x01, 0xFF,
    0xC0, 0x03, 0xFF, 0x00, 0x01, 0xF8, 0x00, 0x00, 0x00, 0x80, 0x00, 0x00, 0x0F, 0xC0, 0x00, 0x00,
    0xFF, 0x00, 0x00, 0x0B, 0xF0, 0x00, 0x00, 0x3F, 0x00, 0x00, 0x00, 0x20, 0x00, 0x00, 0x00, 0x00,
    0x00, 0x3F, 0x80, 0x00, 0xFF, 0xFF, 0x80, 0x03, 0xFF, 0xFF, 0x40, 0x0F, 0xFF, 0xFF, 0x40, 0x3F,
    0xFF, 0xFF, 0x00, 0xFF, 0xFF, 0xFF, 0x03, 0xFF, 0xFE, 0xFE, 0x0F, 0xFF, 0xF3, 0xFD, 0x3F, 0xFF,
    0xC3, 0xFC, 0xFF, 0xFF, 0x07, 0xFB, 0xFF, 0xFC, 0x0B, 0xFF, 0xFF, 0xF0, 0x0F, 0xFF, 0xFF, 0xC0,
    0x0F, 0xFF, 0xFF, 0x00, 0x2F, 0xFF, 0xFC, 0x00, 0x3F, 0xFF, 0xF0, 0x00, 0x7F, 0xFF, 0xC0, 0x00,
    0xBF, 0x00, 0x06, 0x00, 0x00, 0x07, 0xE0, 0x00, 0x03, 0xF8, 0x00, 0x03, 0xF8, 0x00, 0x00, 0xF8,
    0x00, 0x00, 0x18, 0x00, 0x00, 0x00, 0x00, 0x00, 0x6F, 0xFE, 0x40, 0x7F, 0xFF, 0xF8, 0x1F, 0xFF,
    0xFF, 0x47, 0xF8, 0x1F, 0xF1, 0xFD, 0x03, 0xFC, 0x7F, 0x40, 0xBF, 0x1F, 0xD0, 0x2F, 0xC7, 0xF4,
    0x0B, 0xF1, 0xFD, 0x02, 0xFC, 0x7F, 0x40, 0xBF, 0x1F, 0xD0, 0x2F, 0xC7, 0xF4, 0x0B, 0xF1, 0xFD,
    0x02, 0xFC, 0xFE, 0x00, 0x03, 0xFF, 0xFE, 0x00, 0x0F, 0xFF, 0xFD, 0x00, 0x3F, 0xFF, 0xFD, 0x00,
    0xFF, 0xFF, 0xFC, 0x03, 0xFF, 0xFF, 0xFC, 0x0F, 0xFF, 0xFB, 0xF8, 0x3F, 0xFF, 0xCF, 0xF4, 0xFF,
    0xFF, 0x0F, 0xF3, 0xFF, 0xFC, 0x1F, 0xEF, 0xFF, 0xF0, 0x2F, 0xFF, 0xFF, 0xC0, 0x3F, 0xFF, 0xFF,
    0x00, 0x3F, 0xFF, 0xFC, 0x00, 0xBF, 0xFF, 0xF0, 0x00, 0xFF, 0xFF, 0xC0, 0x01, 0xFF, 0xFF, 0x00,
    0x02, 0xFC, 0x00, 0x00, 0x00, 0x00, 0x00, 0xBD, 0x00, 0x00, 0x03, 0xF4, 0x00, 0x00, 0x7F, 0xC0,
    0x00, 0x01, 0xF8, 0x00, 0x00, 0x1B, 0xFF, 0x90, 0x1F, 0xFF, 0xFE, 0x07, 0xFF, 0xFF, 0xD1, 0xFE,
    0x07, 0xFC, 0x7F, 0x40, 0xFF, 0x1F, 0xD0, 0x2F, 0xC7, 0xF4, 0x0B, 0xF1, 0xFD, 0x02, 0xFC, 0x7F,
    0x40, 0xBF, 0x1F, 0xD0, 0x2F, 0xC7, 0xF4, 0x0B, 0xF1, 0xFD, 0x02, 0xFC, 0x7F, 0x40, 0xBF, 0x00,
    0x00, 0x00, 0x00, 0x03, 0xF0, 0x00, 0x01, 0xFC, 0x00, 0x03, 0xFE, 0x00, 0x00, 0xFE, 0x00, 0x00,
    0x00, 0x90, 0x30, 0x00, 0x0B, 0xD7, 0xF0, 0x00, 0x0B, 0xFF, 0x00, 0x00, 0x0B, 0xF0, 0x00, 0x00,
    0x06, 0x00, 0x00, 0x00, 0x00, 0x00, 0x00, 0x00, 0x00, 0x00, 0x3F, 0x80, 0x00, 0xFF, 0xFF, 0x80,
    0x03, 0xFF, 0xFF, 0x40, 0x0F, 0xFF, 0xFF, 0x40, 0x3F, 0xFF, 0xFF, 0x00, 0xFF, 0xFF, 0xFF, 0x03,
    0xFF, 0xFE, 0xFE, 0x0F, 0xFF, 0xF3, 0xFD, 0x3F, 0xFF, 0xC3, 0xFC, 0xFF, 0xFF, 0x07, 0xFB, 0xFF,
    0xFC, 0x0B, 0xFF, 0xFF, 0xF0, 0x0F, 0xFF, 0xFF, 0xC0, 0x0F, 0xFF, 0xFF, 0x00, 0x2F, 0xFF, 0xFC,
    0x00, 0x3F, 0xFF, 0xF0, 0x00, 0x7F, 0xFF, 0xC0, 0x00, 0xBF, 0x02, 0x40, 0x80, 0x01, 0xF8, 0xFC,
    0x00, 0x2F, 0xFD, 0x00, 0x01, 0xFC, 0x00, 0x00, 0x18, 0x00, 0x00, 0x00, 0x00, 0x00, 0x00, 0x00,
    0x00, 0x6F, 0xFE, 0x40, 0x7F, 0xFF, 0xF8, 0x1F, 0xFF, 0xFF, 0x47, 0xF8, 0x1F, 0xF1, 0xFD, 0x03,
    0xFC, 0x7F, 0x40, 0xBF, 0x1F, 0xD0, 0x2F, 0xC7, 0xF4, 0x0B, 0xF1, 0xFD, 0x02, 0xFC, 0x7F, 0x40,
    0xBF, 0x1F, 0xD0, 0x2F, 0xC7, 0xF4, 0x0B, 0xF1, 0xFD, 0x02, 0xFC, 0x2F, 0x80, 0x00, 0x00, 0xBE,
    0x00, 0x00, 0x02, 0xF4, 0x00, 0x00, 0x0F, 0xC0, 0x00, 0x00, 0x3F, 0x00, 0x00, 0x00, 0xB0, 0x00,
    0x00, 0x00, 0x06, 0xFF, 0xE4, 0x00, 0xBF, 0xFF, 0xF4, 0x02, 0xFF, 0xFF, 0xF0, 0x0B, 0xF4, 0x2F,
    0xE0, 0x2F, 0xC0, 0x3F, 0x80, 0xBF, 0x00, 0xFF, 0x02, 0xFC, 0x03, 0xFC, 0x0B, 0xF0, 0x0F, 0xF0,
    0x2F, 0xC0, 0x3F, 0xC0, 0xBF, 0x00, 0xFF, 0x02, 0xFC, 0x03, 0xFC, 0x0B, 0xF0, 0x0F, 0xF0, 0x2F,
    0xC0, 0x3F, 0xC0, 0xFE, 0x00, 0x03, 0xFF, 0xFE, 0x00, 0x0F, 0xFF, 0xFD, 0x00, 0x3F, 0xFF, 0xFD,
    0x00, 0xFF, 0xFF, 0xFC, 0x03, 0xFF, 0xFF, 0xFC, 0x0F, 0xFF, 0xFB, 0xF8, 0x3F, 0xFF, 0xCF, 0xF4,
    0xFF, 0xFF, 0x0F, 0xF3, 0xFF, 0xFC, 0x1F, 0xEF, 0xFF, 0xF0, 0x2F, 0xFF, 0xFF, 0xC0, 0x3F, 0xFF,
    0xFF, 0x00, 0x7F, 0xFF, 0xFC, 0x00, 0xFF, 0xFF, 0xF0, 0x00, 0xFF, 0xFF, 0xC0, 0x02, 0xFF, 0xFF,
    0x00, 0x03, 0xFC, 0x00, 0x00, 0x0F, 0xF0, 0x00, 0x00, 0x7F, 0x80, 0x00, 0x3F, 0xFD, 0x00, 0x00,
    0xFF, 0xF0, 0x00, 0x03, 0xFE, 0x00, 0x1B, 0xFF, 0x90, 0x1F, 0xFF, 0xFE, 0x07, 0xFF, 0xFF, 0xD1,
    0xFE, 0x07, 0xFC, 0x7F, 0x40, 0xFF, 0x1F, 0xD0, 0x2F, 0xC7, 0xF4, 0x0B, 0xF1, 0xFD, 0x02, 0xFC,
    0x7F, 0x40, 0xBF, 0x1F, 0xD0, 0x2F, 0xC7, 0xF4, 0x0B, 0xF1, 0xFD, 0x02, 0xFC, 0x7F, 0x40, 0xBF,
    0x00, 0x00, 0x2F, 0xC0, 0x00, 0x0F, 0xF0, 0x00, 0x3F, 0xFC, 0x00, 0x1F, 0xFD, 0x00, 0x07, 0xF9,
    0x00, 0x00, 0x3F, 0xFF, 0xC0, 0x00, 0x03, 0xFF, 0xFC, 0x00, 0x00, 0x3F, 0xFF, 0xC0, 0x00, 0x00,
    0x00, 0x00, 0x00, 0x00, 0x00, 0x00, 0x00, 0x00, 0x00, 0x00, 0x00, 0x00, 0x00, 0x1B, 0xFE, 0x40,
    0x00, 0x1F, 0xFF, 0xFF, 0x00, 0x07, 0xFF, 0xFF, 0xFD, 0x01, 0xFF, 0x80, 0x7F, 0xF0, 0x3F, 0xE0,
    0x00, 0xFF, 0x87, 0xFC, 0x00, 0x03, 0xFC, 0xBF, 0x80, 0x00, 0x3F, 0xDB, 0xF4, 0x00, 0x02, 0xFD,
    0xBF, 0x40, 0x00, 0x2F, 0xDB, 0xF4, 0x00, 0x02, 0xFD, 0xBF, 0x80, 0x00, 0x3F, 0xD7, 0xFC, 0x00,
    0x03, 0xFC, 0x3F, 0xE0, 0x00, 0xFF, 0x81, 0xFF, 0x80, 0x7F, 0xF0, 0x0B, 0xFF, 0xFF, 0xFD, 0x00,
    0x1F, 0xFF, 0xFF, 0x40, 0x00, 0x1B, 0xFE, 0x40, 0x00, 0x07, 0xFF, 0xF8, 0x00, 0x7F, 0xFF, 0x80,
    0x07, 0xFF, 0xF8, 0x00, 0x00, 0x00, 0x00, 0x00, 0x00, 0x00, 0x00, 0x00, 0x00, 0x00, 0x01, 0xBF,
    0x90, 0x00, 0xBF, 0xFF, 0xC0, 0x2F, 0xFF, 0xFF, 0x03, 0xFD, 0x0F, 0xF4, 0xBF, 0x40, 0x3F, 0xCF,
    0xF0, 0x03, 0xFC, 0xFF, 0x00, 0x3F, 0xCF, 0xF0, 0x03, 0xFC, 0xBF, 0x40, 0x3F, 0xC3, 0xFD, 0x0F,
    0xF4, 0x2F, 0xFF, 0xFF, 0x00, 0xBF, 0xFF, 0xC0, 0x01, 0xBF, 0x90, 0x00, 0x00, 0x3D, 0x0B, 0xC0,
    0x00, 0x03, 0xF0, 0xF8, 0x00, 0x00, 0x1F, 0xFF, 0x00, 0x00, 0x00, 0x7F, 0x80, 0x00, 0x00, 0x00,
    0x00, 0x00, 0x00, 0x00, 0x00, 0x00, 0x00, 0x00, 0x1B, 0xFE, 0x40, 0x00, 0x1F, 0xFF, 0xFF, 0x00,
    0x07, 0xFF, 0xFF, 0xFD, 0x01, 0xFF, 0x80, 0x7F, 0xF0, 0x3F, 0xE0, 0x00, 0xFF, 0x87, 0xFC, 0x00,
    0x03, 0xFC, 0xBF, 0x80, 0x00, 0x3F, 0xDB, 0xF4, 0x00, 0x02, 0xFD, 0xBF, 0x40, 0x00, 0x2F, 0xDB,
    0xF4, 0x00, 0x02, 0xFD, 0xBF, 0x80, 0x00, 0x3F, 0xD7, 0xFC, 0x00, 0x03, 0xFC, 0x3F, 0xE0, 0x00,
    0xFF, 0x81, 0xFF, 0x80, 0x7F, 0xF0, 0x0B, 0xFF, 0xFF, 0xFD, 0x00, 0x1F, 0xFF, 0xFF, 0x40, 0x00,
    0x1B, 0xFE, 0x40, 0x00, 0x07, 0xC0, 0xF8, 0x00, 0x3E, 0x1F, 0x40, 0x02, 0xFF, 0xF0, 0x00, 0x07,
    0xF8, 0x00, 0x00, 0x00, 0x00, 0x00, 0x00, 0x00, 0x00, 0x01, 0xBF, 0x90, 0x00, 0xBF, 0xFF, 0xC0,
    0x2F, 0xFF, 0xFF, 0x03, 0xFD, 0x0F, 0xF4, 0xBF, 0x40, 0x3F, 0xCF, 0xF0, 0x03, 0xFC, 0xFF, 0x00,
    0x3F, 0xCF, 0xF0, 0x03, 0xFC, 0xBF, 0x40, 0x3F, 0xC3, 0xFD, 0x0F, 0xF4, 0x2F, 0xFF, 0xFF, 0x00,
    0xBF, 0xFF, 0xC0, 0x01, 0xBF, 0x90, 0x00, 0x00, 0x01, 0x40, 0x50, 0x00, 0x00, 0x3D, 0x0F, 0x40,
    0x00, 0x0B, 0xE2, 0xF8, 0x00, 0x01, 0xF8, 0x3E, 0x00, 0x00, 0x3F, 0x0F, 0xC0, 0x00, 0x01, 0xC0,
    0x70, 0x00, 0x00, 0x00, 0x00, 0x00, 0x00, 0x01, 0xBF, 0xE4, 0x00, 0x01, 0xFF, 0xFF, 0xF0, 0x00,
    0x7F, 0xFF, 0xFF, 0xD0, 0x1F, 0xF8, 0x07, 0xFF, 0x03, 0xFE, 0x00, 0x0F, 0xF8, 0x7F, 0xC0, 0x00,
    0x3F, 0xCB, 0xF8, 0x00, 0x03, 0xFD, 0xBF, 0x40, 0x00, 0x2F, 0xDB, 0xF4, 0x00, 0x02, 0xFD, 0xBF,
    0x40, 0x00, 0x2F, 0xDB, 0xF8, 0x00, 0x03, 0xFD, 0x7F, 0xC0, 0x00, 0x3F, 0xC3, 0xFE, 0x00, 0x0F,
    0xF8, 0x1F, 0xF8, 0x07, 0xFF, 0x00, 0xBF, 0xFF, 0xFF, 0xD0, 0x01, 0xFF, 0xFF, 0xF4, 0x00, 0x01,
    0xBF, 0xE4, 0x00, 0x00, 0x20, 0x08, 0x00, 0x0B, 0xC2, 0xF0, 0x00, 0xFC, 0x3F, 0x00, 0x3F, 0x0B,
    0xD0, 0x07, 0xD1, 0xF4, 0x00, 0x24, 0x09, 0x00, 0x00, 0x00, 0x00, 0x00, 0x1B, 0xF9, 0x00, 0x0B,
    0xFF, 0xFC, 0x02, 0xFF, 0xFF, 0xF0, 0x3F, 0xD0, 0xFF, 0x4B, 0xF4, 0x03, 0xFC, 0xFF, 0x00, 0x3F,
    0xCF, 0xF0, 0x03, 0xFC, 0xFF, 0x00, 0x3F, 0xCB, 0xF4, 0x03, 0xFC, 0x3F, 0xD0, 0xFF, 0x42, 0xFF,
    0xFF, 0xF0, 0x0B, 0xFF, 0xFC, 0x00, 0x1B, 0xF9, 0x00, 0x00, 0x1B, 0xFF, 0xFF, 0xFF, 0xF4, 0x01,
    0xFF, 0xFF, 0xFF, 0xFF, 0xF4, 0x07, 0xFF, 0xFF, 0xFF, 0xFF, 0xF4, 0x1F, 0xFD, 0x02, 0xFC, 0x00,
    0x00, 0x3F, 0xE0, 0x02, 0xFC, 0x00, 0x00, 0x7F, 0xC0, 0x02, 0xFC, 0x00, 0x00, 0xBF, 0x80, 0x02,
    0xFC, 0x00, 0x00, 0xBF, 0x40, 0x02, 0xFF, 0xFF, 0xE0, 0xBF, 0x40, 0x02, 0xFF, 0xFF, 0xE0, 0xBF,
    0x40, 0x02, 0xFF, 0xFF, 0xE0, 0xBF, 0x80, 0x02, 0xFC, 0x00, 0x00, 0x7F, 0xC0, 0x02, 0xFC, 0x00,
    0x00, 0x3F, 0xE0, 0x02, 0xFC, 0x00, 0x00, 0x1F, 0xFD, 0x02, 0xFC, 0x00, 0x00, 0x07, 0xFF, 0xFF,
    0xFF, 0xFF, 0xFC, 0x01, 0xFF, 0xFF, 0xFF, 0xFF, 0xFC, 0x00, 0x1B, 0xFF, 0xFF, 0xFF, 0xFC, 0x01,
    0xBF, 0x80, 0x2F, 0xE0, 0x00, 0xBF, 0xFF, 0x5F, 0xFF, 0xD0, 0x2F, 0xFF, 0xFF, 0xFF, 0xFF, 0x47,
    0xFD, 0x0F, 0xFE, 0x03, 0xFC, 0xBF, 0x40, 0x3F, 0xC0, 0x1F, 0xCF, 0xF0, 0x03, 0xFF, 0xFF, 0xFC,
    0xFF, 0x00, 0x3F, 0xFF, 0xFF, 0xDF, 0xF0, 0x03, 0xFF, 0xFF, 0xFD, 0xBF, 0x40, 0x3F, 0xC0, 0x00,
    0x03, 0xFD, 0x0F, 0xFF, 0x40, 0x10, 0x2F, 0xFF, 0xFF, 0xFF, 0xFF, 0x00, 0xBF, 0xFF, 0x6F, 0xFF,
    0xF4, 0x01, 0xBF, 0x80, 0x2F, 0xFE, 0x00, 0x00, 0x06, 0x00, 0x00, 0x00, 0x7E, 0x00, 0x00, 0x07,
    0xF8, 0x00, 0x00, 0x3F, 0x80, 0x00, 0x00, 0xF8, 0x00, 0x00, 0x01, 0x80, 0x00, 0x00, 0x00, 0x00,
    0x00, 0x2B, 0xFF, 0xE4, 0x00, 0xFF, 0xFF, 0xFD, 0x03, 0xFF, 0xFF, 0xFC, 0x0F, 0xF0, 0x1F, 0xF8,
    0x3F, 0xC0, 0x0F, 0xF0, 0xFF, 0x00, 0x3F, 0xC3, 0xFC, 0x00, 0xFF, 0x0F, 0xF0, 0x1F, 0xFC, 0x3F,
    0xFF, 0xFF, 0xC0, 0xFF, 0xFF, 0xFD, 0x03, 0xFF, 0xFF, 0xC0, 0x0F, 0xF0, 0xFF, 0xC0, 0x3F, 0xC0,
    0xFF, 0x80, 0xFF, 0x01, 0xFF, 0x03, 0xFC, 0x02, 0xFF, 0x0F, 0xF0, 0x03, 0xFD, 0x3F, 0xC0, 0x0B,
    0xFC, 0x00, 0x24, 0x00, 0x07, 0xE0, 0x01, 0xFE, 0x00, 0x7F, 0x80, 0x07, 0xE0, 0x00, 0x18, 0x00,
    0x00, 0x00, 0x01, 0xBF, 0xF8, 0x7F, 0xFF, 0xC7, 0xFF, 0xFC, 0x7F, 0x80, 0x07, 0xF4, 0x00, 0x7F,
    0x40, 0x07, 0xF4, 0x00, 0x7F, 0x40, 0x07, 0xF4, 0x00, 0x7F, 0x40, 0x07, 0xF4, 0x00, 0x7F, 0x40,
    0x07, 0xF4, 0x00, 0xAF, 0xFF, 0x90, 0x03, 0xFF, 0xFF, 0xF4, 0x0F, 0xFF, 0xFF, 0xF0, 0x3F, 0xC0,
    0x7F, 0xE0, 0xFF, 0x00, 0x3F, 0xC3, 0xFC, 0x00, 0xFF, 0x0F, 0xF0, 0x03, 0xFC, 0x3F, 0xC0, 0x7F,
    0xF0, 0xFF, 0xFF, 0xFF, 0x03, 0xFF, 0xFF, 0xF4, 0x0F, 0xFF, 0xFF, 0x00, 0x3F, 0xC3, 0xFF, 0x00,
    0xFF, 0x03, 0xFE, 0x03, 0xFC, 0x07, 0xFC, 0x0F, 0xF0, 0x0B, 0xFC, 0x3F, 0xC0, 0x0F, 0xF4, 0xFF,
    0x00, 0x2F, 0xF0, 0x00, 0x00, 0x00, 0x00, 0x02, 0xF4, 0x00, 0x00, 0x0F, 0xD0, 0x00, 0x01, 0xFF,
    0x00, 0x00, 0x07, 0xE0, 0x00, 0x00, 0x06, 0xFF, 0xE0, 0x7F, 0xFF, 0xC1, 0xFF, 0xFF, 0x07, 0xF8,
    0x00, 0x1F, 0xD0, 0x00, 0x7F, 0x40, 0x01, 0xFD, 0x00, 0x07, 0xF4, 0x00, 0x1F, 0xD0, 0x00, 0x7F,
    0x40, 0x01, 0xFD, 0x00, 0x07, 0xF4, 0x00, 0x1F, 0xD0, 0x00, 0x00, 0x00, 0x00, 0xFC, 0x00, 0x07,
    0xF0, 0x00, 0xBF, 0x80, 0x02, 0xF8, 0x00, 0x00, 0x03, 0x00, 0x80, 0x00, 0x2F, 0x5F, 0x80, 0x00,
    0x3F, 0xFC, 0x00, 0x00, 0x2F, 0x80, 0x00, 0x00, 0x28, 0x00, 0x00, 0x00, 0x00, 0x00, 0x00, 0x00,
    0x00, 0x00, 0x2B, 0xFF, 0xE4, 0x00, 0xFF, 0xFF, 0xFD, 0x03, 0xFF, 0xFF, 0xFC, 0x0F, 0xF0, 0x1F,
    0xF8, 0x3F, 0xC0, 0x0F, 0xF0, 0xFF, 0x00, 0x3F, 0xC3, 0xFC, 0x00, 0xFF, 0x0F, 0xF0, 0x1F, 0xFC,
    0x3F, 0xFF, 0xFF, 0xC0, 0xFF, 0xFF, 0xFD, 0x03, 0xFF, 0xFF, 0xC0, 0x0F, 0xF0, 0xFF, 0xC0, 0x3F,
    0xC0, 0xFF, 0x80, 0xFF, 0x01, 0xFF, 0x03, 0xFC, 0x02, 0xFF, 0x0F, 0xF0, 0x03, 0xFD, 0x3F, 0xC0,
    0x0B, 0xFC, 0x09, 0x03, 0x01, 0xF9, 0xFC, 0x0B, 0xFF, 0x00, 0x2F, 0xC0, 0x00, 0x60, 0x00, 0x00,
    0x00, 0x00, 0x00, 0x01, 0xBF, 0xF8, 0x7F, 0xFF, 0xC7, 0xFF, 0xFC, 0x7F, 0x80, 0x07, 0xF4, 0x00,
    0x7F, 0x40, 0x07, 0xF4, 0x00, 0x7F, 0x40, 0x07, 0xF4, 0x00, 0x7F, 0x40, 0x07, 0xF4, 0x00, 0x7F,
    0x40, 0x07, 0xF4, 0x00, 0x00, 0x00, 0x80, 0x00, 0x00, 0x2F, 0x40, 0x00, 0x0B, 0xF4, 0x00, 0x02,
    0xFD, 0x00, 0x00, 0x2F, 0x40, 0x00, 0x00, 0x90, 0x00, 0x00, 0x00, 0x00, 0x00, 0x07, 0xFF, 0x90,
    0x07, 0xFF, 0xFF, 0x80, 0xFF, 0xFF, 0xF0, 0x2F, 0xE0, 0x0A, 0x02, 0xFD, 0x00, 0x00, 0x2F, 0xE0,
    0x00, 0x01, 0xFF, 0xE0, 0x00, 0x0F, 0xFF, 0xF4, 0x00, 0x2F, 0xFF, 0xF0, 0x00, 0x2F, 0xFF, 0xC0,
    0x00, 0x1F, 0xFD, 0x00, 0x00, 0x3F, 0xD0, 0x00, 0x02, 0xFE, 0x0D, 0x00, 0x7F, 0xD2, 0xFF, 0xFF,
    0xFC, 0x3F, 0xFF, 0xFF, 0x00, 0x6F, 0xFE, 0x40, 0x00, 0x02, 0x00, 0x00, 0x0F, 0xC0, 0x00, 0x3F,
    0xC0, 0x00, 0xBF, 0x00, 0x00, 0xFC, 0x00, 0x00, 0x20, 0x00, 0x00, 0x00, 0x00, 0x01, 0xBF, 0xE0,
    0x0B, 0xFF, 0xF4, 0x1F, 0xFF, 0xF0, 0x2F, 0xD0, 0x10, 0x2F, 0xD0, 0x00, 0x2F, 0xFF, 0xF0, 0x0F,
    0xFF, 0xF8, 0x07, 0xFF, 0xFC, 0x00, 0x07, 0xFC, 0x18, 0x03, 0xFC, 0x2F, 0xFF, 0xF8, 0x3F, 0xFF,
    0xF0, 0x1B, 0xFF, 0x40, 0x00, 0x03, 0x00, 0x00, 0x00, 0xFD, 0x00, 0x00, 0x7F, 0xF4, 0x00, 0x0F,
    0xCB, 0xC0, 0x00, 0x60, 0x28, 0x00, 0x00, 0x00, 0x00, 0x00, 0x7F, 0xF9, 0x00, 0x7F, 0xFF, 0xF8,
    0x0F, 0xFF, 0xFF, 0x02, 0xFE, 0x00, 0xA0, 0x2F, 0xD0, 0x00, 0x02, 0xFE, 0x00, 0x00, 0x1F, 0xFE,
    0x00, 0x00, 0xFF, 0xFF, 0x40, 0x02, 0xFF, 0xFF, 0x00, 0x02, 0xFF, 0xFC, 0x00, 0x01, 0xFF, 0xD0,
    0x00, 0x03, 0xFD, 0x00, 0x00, 0x2F, 0xE0, 0xD0, 0x07, 0xFD, 0x2F, 0xFF, 0xFF, 0xC3, 0xFF, 0xFF,
    0xF0, 0x06, 0xFF, 0xE4, 0x00, 0x00, 0x0C, 0x00, 0x00, 0x7F, 0x00, 0x01, 0xFF, 0xD0, 0x03, 0xE3,
    0xF0, 0x02, 0x80, 0x90, 0x00, 0x00, 0x00, 0x01, 0xBF, 0xE0, 0x0B, 0xFF, 0xF4, 0x1F, 0xFF, 0xF0,
    0x2F, 0xD0, 0x10, 0x2F, 0xD0, 0x00, 0x2F, 0xFF, 0xF0, 0x0F, 0xFF, 0xF8, 0x07, 0xFF, 0xFC, 0x00,
    0x07, 0xFC, 0x18, 0x03, 0xFC, 0x2F, 0xFF, 0xF8, 0x3F, 0xFF, 0xF0, 0x1B, 0xFF, 0x40, 0x00, 0x7F,
    0xF9, 0x00, 0x7F, 0xFF, 0xF8, 0x0F, 0xFF, 0xFF, 0x02, 0xFE, 0x00, 0xA0, 0x2F, 0xD0, 0x00, 0x02,
    0xFE, 0x00, 0x00, 0x1F, 0xFE, 0x00, 0x00, 0xFF, 0xFF, 0x40, 0x02, 0xFF, 0xFF, 0x00, 0x02, 0xFF,
    0xFC, 0x00, 0x01, 0xFF, 0xD0, 0x00, 0x03, 0xFD, 0x00, 0x00, 0x2F, 0xE0, 0xD0, 0x07, 0xFD, 0x2F,
    0xFF, 0xFF, 0xC3, 0xFF, 0xFF, 0xF0, 0x06, 0xFF, 0xE4, 0x00, 0x01, 0xF4, 0x00, 0x00, 0x1F, 0xC0,
    0x00, 0x00, 0x7D, 0x00, 0x00, 0xFF, 0xD0, 0x00, 0x0F, 0xF4, 0x00, 0x01, 0xBF, 0xE0, 0x0B, 0xFF,
    0xF4, 0x1F, 0xFF, 0xF0, 0x2F, 0xD0, 0x10, 0x2F, 0xD0, 0x00, 0x2F, 0xFF, 0xF0, 0x0F, 0xFF, 0xF8,
    0x07, 0xFF, 0xFC, 0x00, 0x07, 0xFC, 0x18, 0x03, 0xFC, 0x2F, 0xFF, 0xF8, 0x3F, 0xFF, 0xF0, 0x1B,
    0xFF, 0x40, 0x00, 0xBC, 0x00, 0x00, 0x7F, 0x00, 0x00, 0x2F, 0x00, 0x03, 0xFF, 0x00, 0x07, 0xF8,
    0x00, 0x00, 0x60, 0x18, 0x00, 0x0F, 0xCB, 0xD0, 0x00, 0x7F, 0xF8, 0x00, 0x00, 0xFD, 0x00, 0x00,
    0x03, 0x40, 0x00, 0x00, 0x00, 0x00, 0x00, 0x00, 0x00, 0x00, 0x07, 0xFF, 0x90, 0x07, 0xFF, 0xFF,
    0x80, 0xFF, 0xFF, 0xF0, 0x2F, 0xE0, 0x0A, 0x02, 0xFD, 0x00, 0x00, 0x2F, 0xE0, 0x00, 0x01, 0xFF,
    0xE0, 0x00, 0x0F, 0xFF, 0xF4, 0x00, 0x2F, 0xFF, 0xF0, 0x00, 0x2F, 0xFF, 0xC0, 0x00, 0x1F, 0xFD,
    0x00, 0x00, 0x3F, 0xD0, 0x00, 0x02, 0xFE, 0x0D, 0x00, 0x7F, 0xD2, 0xFF, 0xFF, 0xFC, 0x3F, 0xFF,
    0xFF, 0x00, 0x6F, 0xFE, 0x40, 0x01, 0x80, 0x90, 0x03, 0xF3, 0xF0, 0x01, 0xFF, 0xD0, 0x00, 0x7F,
    0x40, 0x00, 0x0C, 0x00, 0x00, 0x00, 0x00, 0x00, 0x00, 0x00, 0x01, 0xBF, 0xE0, 0x0B, 0xFF, 0xF4,
    0x1F, 0xFF, 0xF0, 0x2F, 0xD0, 0x10, 0x2F, 0xD0, 0x00, 0x2F, 0xFF, 0xF0, 0x0F, 0xFF, 0xF8, 0x07,
    0xFF, 0xFC, 0x00, 0x07, 0xFC, 0x18, 0x03, 0xFC, 0x2F, 0xFF, 0xF8, 0x3F, 0xFF, 0xF0, 0x1B, 0xFF,
    0x40, 0xBF, 0xFF, 0xFF, 0xFE, 0xFF, 0xFF, 0xFF, 0xFB, 0xFF, 0xFF, 0xFF, 0xC0, 0x07, 0xF8, 0x00,
    0x00, 0x1F, 0xE0, 0x00, 0x00, 0x7F, 0x80, 0x00, 0x01, 0xFE, 0x00, 0x00, 0x07, 0xF8, 0x00, 0x00,
    0x1F, 0xE0, 0x00, 0x00, 0x7F, 0x80, 0x00, 0x01, 0xFE, 0x00, 0x00, 0x07, 0xF8, 0x00, 0x00, 0x1F,
    0xE0, 0x00, 0x00, 0x7F, 0x80, 0x00, 0x01, 0xFE, 0x00, 0x00, 0x07, 0xF8, 0x00, 0x00, 0x1F, 0xE0,
    0x00, 0x00, 0x3E, 0x00, 0x00, 0x00, 0xFC, 0x00, 0x00, 0x01, 0xF8, 0x00, 0x00, 0x03, 0xE0, 0x00,
    0x02, 0xFF, 0x40, 0x00, 0x0B, 0xF4, 0x00, 0x00, 0x2B, 0x40, 0x07, 0xF4, 0x00, 0x7F, 0x40, 0x07,
    0xF4, 0x00, 0x7F, 0xFF, 0xC7, 0xFF, 0xFC, 0x7F, 0xFF, 0xC7, 0xF4, 0x00, 0x7F, 0x40, 0x07, 0xF4,
    0x00, 0x7F, 0x40, 0x07, 0xF4, 0x00, 0x7F, 0x40, 0x03, 0xFC, 0x04, 0x3F, 0xFF, 0xC1, 0xFF, 0xFC,
    0x06, 0xFF, 0x80, 0x0F, 0xC0, 0x00, 0x3E, 0x00, 0x03, 0xF0, 0x07, 0xFF, 0x00, 0x7F, 0x80, 0x00,
    0x60, 0x18, 0x00, 0x03, 0xF2, 0xF4, 0x00, 0x07, 0xFF, 0x80, 0x00, 0x03, 0xF4, 0x00, 0x00, 0x03,
    0x40, 0x00, 0x00, 0x00, 0x00, 0x00, 0x00, 0x00, 0x00, 0x2F, 0xFF, 0xFF, 0xFF, 0xBF, 0xFF, 0xFF,
    0xFE, 0xFF, 0xFF, 0xFF, 0xF0, 0x01, 0xFE, 0x00, 0x00, 0x07, 0xF8, 0x00, 0x00, 0x1F, 0xE0, 0x00,
    0x00, 0x7F, 0x80, 0x00, 0x01, 0xFE, 0x00, 0x00, 0x07, 0xF8, 0x00, 0x00, 0x1F, 0xE0, 0x00, 0x00,
    0x7F, 0x80, 0x00, 0x01, 0xFE, 0x00, 0x00, 0x07, 0xF8, 0x00, 0x00, 0x1F, 0xE0, 0x00, 0x00, 0x7F,
    0x80, 0x00, 0x01, 0xFE, 0x00, 0x00, 0x07, 0xF8, 0x00, 0x00, 0x0F, 0x80, 0x00, 0xF8, 0x2B, 0x4F,
    0x47, 0xF4, 0xF0, 0x7F, 0x4F, 0x07, 0xF4, 0x00, 0x7F, 0xFF, 0xC7, 0xFF, 0xFC, 0x7F, 0xFF, 0xC7,
    0xF4, 0x00, 0x7F, 0x40, 0x07, 0xF4, 0x00, 0x7F, 0x40, 0x07, 0xF4, 0x00, 0x7F, 0x40, 0x03, 0xFC,
    0x04, 0x3F, 0xFF, 0xC1, 0xFF, 0xFC, 0x02, 0xFF, 0x80, 0xBF, 0xFF, 0xFF, 0xFE, 0xFF, 0xFF, 0xFF,
    0xFB, 0xFF, 0xFF, 0xFF, 0xC0, 0x07, 0xF8, 0x00, 0x00, 0x1F, 0xE0, 0x00, 0x00, 0x7F, 0x80, 0x00,
    0x01, 0xFE, 0x00, 0x03, 0xFF, 0xFF, 0xF0, 0x0F, 0xFF, 0xFF, 0xC0, 0x3F, 0xFF, 0xFF, 0x00, 0x01,
    0xFE, 0x00, 0x00, 0x07, 0xF8, 0x00, 0x00, 0x1F, 0xE0, 0x00, 0x00, 0x7F, 0x80, 0x00, 0x01, 0xFE,
    0x00, 0x00, 0x07, 0xF8, 0x00, 0x00, 0x1F, 0xE0, 0x00, 0x2B, 0x40, 0x07, 0xF4, 0x00, 0x7F, 0x40,
    0x07, 0xF4, 0x00, 0x7F, 0xFF, 0xC7, 0xFF, 0xFC, 0x7F, 0xFF, 0xC7, 0xF4, 0x00, 0x7F, 0x40, 0x07,
    0xFF, 0xFC, 0x7F, 0xFF, 0xC7, 0xF4, 0x00, 0x7F, 0x40, 0x03, 0xFC, 0x04, 0x3F, 0xFF, 0xC1, 0xFF,
    0xFC, 0x02, 0xFF, 0x80, 0x00, 0x3E, 0x09, 0x00, 0x03, 0xFF, 0xFD, 0x00, 0x2F, 0xFF, 0xF0, 0x00,
    0x28, 0x6E, 0x00, 0x00, 0x00, 0x00, 0x00, 0x00, 0x00, 0x00, 0x07, 0xF8, 0x00, 0x3F, 0xDF, 0xE0,
    0x00, 0xFF, 0x7F, 0x80, 0x03, 0xFD, 0xFE, 0x00, 0x0F, 0xF7, 0xF8, 0x00, 0x3F, 0xDF, 0xE0, 0x00,
    0xFF, 0x7F, 0x80, 0x03, 0xFD, 0xFE, 0x00, 0x0F, 0xF7, 0xF8, 0x00, 0x3F, 0xDF, 0xE0, 0x00, 0xFF,
    0x3F, 0x80, 0x03, 0xFC, 0xFF, 0x00, 0x0F, 0xF3, 0xFC, 0x00, 0x7F, 0x8B, 0xFD, 0x07, 0xFD, 0x0F,
    0xFF, 0xFF, 0xE0, 0x0F, 0xFF, 0xFE, 0x00, 0x06, 0xFF, 0x90, 0x00, 0x02, 0xF4, 0x60, 0x0B, 0xFF,
    0xFC, 0x0F, 0xFF, 0xF4, 0x07, 0x0B, 0xD0, 0x00, 0x00, 0x00, 0x00, 0x00, 0x00, 0x7F, 0x40, 0xFF,
    0x7F, 0x40, 0xFF, 0x7F, 0x40, 0xFF, 0x7F, 0x40, 0xFF, 0x7F, 0x40, 0xFF, 0x7F, 0x40, 0xFF, 0x7F,
    0x40, 0xFF, 0x7F, 0x40, 0xFF, 0x7F, 0x80, 0xFF, 0x3F, 0xD0, 0xFF, 0x2F, 0xFF, 0xFF, 0x0F, 0xFF,
    0xFF, 0x01, 0xFF, 0xF9, 0x00, 0xFF, 0xFF, 0x00, 0x03, 0xFF, 0xFC, 0x00, 0x0F, 0xFF, 0xF0, 0x00,
    0x00, 0x00, 0x00, 0x00, 0x00, 0x00, 0x00, 0x00, 0x00, 0x00, 0x07, 0xF8, 0x00, 0x3F, 0xDF, 0xE0,
    0x00, 0xFF, 0x7F, 0x80, 0x03, 0xFD, 0xFE, 0x00, 0x0F, 0xF7, 0xF8, 0x00, 0x3F, 0xDF, 0xE0, 0x00,
    0xFF, 0x7F, 0x80, 0x03, 0xFD, 0xFE, 0x00, 0x0F, 0xF7, 0xF8, 0x00, 0x3F, 0xDF, 0xE0, 0x00, 0xFF,
    0x3F, 0x80, 0x03, 0xFC, 0xFF, 0x00, 0x0F, 0xF3, 0xFC, 0x00, 0x7F, 0x8B, 0xFD, 0x07, 0xFD, 0x0F,
    0xFF, 0xFF, 0xE0, 0x0F, 0xFF, 0xFE, 0x00, 0x06, 0xFF, 0x90, 0x00, 0x0B, 0xFF, 0xF4, 0x0B, 0xFF,
    0xF4, 0x0B, 0xFF, 0xF4, 0x00, 0x00, 0x00, 0x00, 0x00, 0x00, 0x00, 0x00, 0x00, 0x7F, 0x40, 0xFF,
    0x7F, 0x40, 0xFF, 0x7F, 0x40, 0xFF, 0x7F, 0x40, 0xFF, 0x7F, 0x40, 0xFF, 0x7F, 0x40, 0xFF, 0x7F,
    0x40, 0xFF, 0x7F, 0x40, 0xFF, 0x7F, 0x80, 0xFF, 0x3F, 0xD0, 0xFF, 0x2F, 0xFF, 0xFF, 0x0F, 0xFF,
    0xFF, 0x01, 0xFF, 0xF9, 0x00, 0xF4, 0x2F, 0x00, 0x03, 0xF0, 0xF8, 0x00, 0x07, 0xFF, 0xC0, 0x00,
    0x07, 0xF8, 0x00, 0x00, 0x00, 0x00, 0x00, 0x00, 0x00, 0x00, 0x07, 0xF8, 0x00, 0x3F, 0xDF, 0xE0,
    0x00, 0xFF, 0x7F, 0x80, 0x03, 0xFD, 0xFE, 0x00, 0x0F, 0xF7, 0xF8, 0x00, 0x3F, 0xDF, 0xE0, 0x00,
    0xFF, 0x7F, 0x80, 0x03, 0xFD, 0xFE, 0x00, 0x0F, 0xF7, 0xF8, 0x00, 0x3F, 0xDF, 0xE0, 0x00, 0xFF,
    0x3F, 0x80, 0x03, 0xFC, 0xFF, 0x00, 0x0F, 0xF3, 0xFC, 0x00, 0x7F, 0x8B, 0xFD, 0x07, 0xFD, 0x0F,
    0xFF, 0xFF, 0xE0, 0x0F, 0xFF, 0xFE, 0x00, 0x06, 0xFF, 0x90, 0x00, 0x0B, 0xC0, 0xF4, 0x07, 0xD2,
    0xF0, 0x03, 0xFF, 0xE0, 0x00, 0xBF, 0x40, 0x00, 0x00, 0x00, 0x00, 0x00, 0x00, 0x7F, 0x40, 0xFF,
    0x7F, 0x40, 0xFF, 0x7F, 0x40, 0xFF, 0x7F, 0x40, 0xFF, 0x7F, 0x40, 0xFF, 0x7F, 0x40, 0xFF, 0x7F,
    0x40, 0xFF, 0x7F, 0x40, 0xFF, 0x7F, 0x80, 0xFF, 0x3F, 0xD0, 0xFF, 0x2F, 0xFF, 0xFF, 0x0F, 0xFF,
    0xFF, 0x01, 0xFF, 0xF9, 0x00, 0x0B, 0xD0, 0x00, 0x00, 0xBF, 0xD0, 0x00, 0x03, 0xC7, 0x80, 0x00,
    0x0F, 0x1E, 0x00, 0x00, 0x2F, 0xF4, 0x00, 0x00, 0x2F, 0x40, 0x07, 0xF8, 0x00, 0x3F, 0xDF, 0xE0,
    0x00, 0xFF, 0x7F, 0x80, 0x03, 0xFD, 0xFE, 0x00, 0x0F, 0xF7, 0xF8, 0x00, 0x3F, 0xDF, 0xE0, 0x00,
    0xFF, 0x7F, 0x80, 0x03, 0xFD, 0xFE, 0x00, 0x0F, 0xF7, 0xF8, 0x00, 0x3F, 0xDF, 0xE0, 0x00, 0xFF,
    0x3F, 0x80, 0x03, 0xFC, 0xFF, 0x00, 0x0F, 0xF3, 0xFC, 0x00, 0x7F, 0x8B, 0xFD, 0x07, 0xFD, 0x0F,
    0xFF, 0xFF, 0xE0, 0x0F, 0xFF, 0xFE, 0x00, 0x06, 0xFF, 0x90, 0x00, 0x00, 0x7E, 0x00, 0x00, 0xFF,
    0xC0, 0x01, 0xD2, 0xC0, 0x01, 0xD2, 0xC0, 0x00, 0xFF, 0xC0, 0x00, 0x7F, 0x00, 0x00, 0x00, 0x00,
    0x7F, 0x40, 0xFF, 0x7F, 0x40, 0xFF, 0x7F, 0x40, 0xFF, 0x7F, 0x40, 0xFF, 0x7F, 0x40, 0xFF, 0x7F,
    0x40, 0xFF, 0x7F, 0x40, 0xFF, 0x7F, 0x40, 0xFF, 0x7F, 0x80, 0xFF, 0x3F, 0xD0, 0xFF, 0x2F, 0xFF,
    0xFF, 0x0F, 0xFF, 0xFF, 0x01, 0xFF, 0xF9, 0x00, 0x09, 0x01, 0x40, 0x00, 0x3D, 0x0F, 0x40, 0x02,
    0xF4, 0xBE, 0x00, 0x1F, 0x87, 0xE0, 0x00, 0xF8, 0x3F, 0x00, 0x01, 0xC0, 0x70, 0x00, 0x00, 0x00,
    0x00, 0x1F, 0xE0, 0x00, 0xFF, 0x7F, 0x80, 0x03, 0xFD, 0xFE, 0x00, 0x0F, 0xF7, 0xF8, 0x00, 0x3F,
    0xDF, 0xE0, 0x00, 0xFF, 0x7F, 0x80, 0x03, 0xFD, 0xFE, 0x00, 0x0F, 0xF7, 0xF8, 0x00, 0x3F, 0xDF,
    0xE0, 0x00, 0xFF, 0x7F, 0x80, 0x03, 0xFC, 0xFE, 0x00, 0x0F, 0xF3, 0xFC, 0x00, 0x3F, 0xCF, 0xF0,
    0x01, 0xFE, 0x2F, 0xF4, 0x1F, 0xF4, 0x3F, 0xFF, 0xFF, 0x80, 0x3F, 0xFF, 0xF8, 0x00, 0x1B, 0xFE,
    0x40, 0x00, 0x60, 0x08, 0x00, 0x3E, 0x0F, 0x80, 0x1F, 0xC7, 0xF0, 0x0F, 0xC3, 0xF0, 0x0B, 0xC2,
    0xF0, 0x01, 0xC0, 0x30, 0x00, 0x00, 0x00, 0x01, 0xFD, 0x03, 0xFC, 0x7F, 0x40, 0xFF, 0x1F, 0xD0,
    0x3F, 0xC7, 0xF4, 0x0F, 0xF1, 0xFD, 0x03, 0xFC, 0x7F, 0x40, 0xFF, 0x1F, 0xD0, 0x3F, 0xC7, 0xF4,
    0x0F, 0xF1, 0xFE, 0x03, 0xFC, 0x3F, 0xD0, 0xFF, 0x0B, 0xFF, 0xFF, 0xC0, 0xFF, 0xFF, 0xF0, 0x07,
    0xFF, 0xE4, 0x7F, 0x80, 0x03, 0xFD, 0xFE, 0x00, 0x0F, 0xF7, 0xF8, 0x00, 0x3F, 0xDF, 0xE0, 0x00,
    0xFF, 0x7F, 0x80, 0x03, 0xFD, 0xFE, 0x00, 0x0F, 0xF7, 0xF8, 0x00, 0x3F, 0xDF, 0xE0, 0x00, 0xFF,
    0x7F, 0x80, 0x03, 0xFD, 0xFE, 0x00, 0x0F, 0xF3, 0xF8, 0x00, 0x3F, 0xCF, 0xF0, 0x00, 0xFF, 0x3F,
    0xC0, 0x07, 0xF8, 0xBF, 0xD0, 0x7F, 0xD0, 0xFF, 0xFF, 0xFE, 0x00, 0xFF, 0xFF, 0xE0, 0x00, 0x6F,
    0xFD, 0x00, 0x00, 0x0F, 0xC0, 0x00, 0x00, 0xBD, 0x00, 0x00, 0x03, 0xFF, 0x40, 0x00, 0x0F, 0xFD,
    0x00, 0x00, 0x0F, 0xF4, 0x00, 0x7F, 0x40, 0xFF, 0x1F, 0xD0, 0x3F, 0xC7, 0xF4, 0x0F, 0xF1, 0xFD,
    0x03, 0xFC, 0x7F, 0x40, 0xFF, 0x1F, 0xD0, 0x3F, 0xC7, 0xF4, 0x0F, 0xF1, 0xFD, 0x03, 0xFC, 0x7F,
    0x80, 0xFF, 0x0F, 0xF4, 0x3F, 0xC2, 0xFF, 0xFF, 0xF0, 0x3F, 0xFF, 0xFC, 0x01, 0xFF, 0xFE, 0x00,
    0x00, 0x7D, 0x00, 0x00, 0x3F, 0x00, 0x00, 0x2F, 0xFC, 0x00, 0x07, 0xFF, 0x00, 0x00, 0xBF, 0x80,
    0x00, 0x00, 0x02, 0x40, 0x00, 0x00, 0x00, 0x00, 0x0F, 0xE0, 0x00, 0x00, 0x00, 0x00, 0x3F, 0xF8,
    0x00, 0x00, 0x00, 0x00, 0xFD, 0xBE, 0x00, 0x00, 0x00, 0x00, 0x30, 0x18, 0x00, 0x00, 0x00, 0x00,
    0x00, 0x00, 0x00, 0x00, 0x7F, 0xC0, 0x00, 0x00, 0x03, 0xFC, 0x3F, 0xC0, 0x00, 0x00, 0x03, 0xFC,
    0x3F, 0xC0, 0x0F, 0xF0, 0x07, 0xF8, 0x2F, 0xD0, 0x0F, 0xF0, 0x07, 0xF4, 0x1F, 0xE0, 0x1F, 0xF4,
    0x0B, 0xF0, 0x0F, 0xF0, 0x2F, 0xF8, 0x0F, 0xF0, 0x0F, 0xF0, 0x3F, 0xFC, 0x0F, 0xE0, 0x0F, 0xF0,
    0x7F, 0xFD, 0x1F, 0xD0, 0x0B, 0xF4, 0xBD, 0xBE, 0x1F, 0xC0, 0x07, 0xF8, 0xFC, 0x7F, 0x2F, 0xC0,
    0x03, 0xFD, 0xFC, 0x3F, 0x7F, 0x80, 0x02, 0xFF, 0xF4, 0x3F, 0xFF, 0x40, 0x01, 0xFF, 0xF0, 0x1F,
    0xFF, 0x00, 0x00, 0xFF, 0xF0, 0x0F, 0xFF, 0x00, 0x00, 0xFF, 0xD0, 0x0B, 0xFE, 0x00, 0x00, 0xBF,
    0xC0, 0x07, 0xFC, 0x00, 0x00, 0x3F, 0x80, 0x03, 0xFC, 0x00, 0x00, 0x00, 0x24, 0x00, 0x00, 0x00,
    0x00, 0xFE, 0x00, 0x00, 0x00, 0x03, 0xFF, 0x80, 0x00, 0x00, 0x0F, 0xDB, 0xD0, 0x00, 0x00, 0x03,
    0x01, 0x80, 0x00, 0x00, 0x00, 0x00, 0x00, 0x00, 0xBF, 0x40, 0xBD, 0x02, 0xFC, 0x7F, 0x80, 0xFE,
    0x03, 0xFC, 0x3F, 0x80, 0xFF, 0x03, 0xF8, 0x2F, 0xC1, 0xFF, 0x07, 0xF4, 0x1F, 0xC2, 0xFF, 0x4B,
    0xF0, 0x0F, 0xD3, 0xFF, 0x8F, 0xE0, 0x0F, 0xE3, 0xDF, 0xCF, 0xD0, 0x07, 0xF7, 0xCB, 0xDF, 0xC0,
    0x03, 0xFF, 0xC7, 0xFF, 0x80, 0x02, 0xFF, 0x83, 0xFF, 0x40, 0x01, 0xFF, 0x43, 0xFF, 0x00, 0x00,
    0xFF, 0x01, 0xFE, 0x00, 0x00, 0xBE, 0x00, 0xFC, 0x00, 0x00, 0x01, 0x80, 0x00, 0x00, 0x01, 0xFC,
    0x00, 0x00, 0x02, 0xFF, 0xC0, 0x00, 0x01, 0xF8, 0xFC, 0x00, 0x00, 0x24, 0x08, 0x00, 0x00, 0x00,
    0x00, 0x00, 0x0B, 0xFC, 0x00, 0x0F, 0xF0, 0xFF, 0x40, 0x0B, 0xF8, 0x1F, 0xF0, 0x03, 0xFC, 0x03,
    0xFD, 0x03, 0xFD, 0x00, 0x7F, 0xC1, 0xFF, 0x00, 0x0F, 0xF8, 0xFF, 0x40, 0x00, 0xFF, 0xFF, 0x80,
    0x00, 0x2F, 0xFF, 0xC0, 0x00, 0x03, 0xFF, 0xD0, 0x00, 0x00, 0x7F, 0xF0, 0x00, 0x00, 0x0F, 0xF4,
    0x00, 0x00, 0x02, 0xFC, 0x00, 0x00, 0x00, 0xBF, 0x00, 0x00, 0x00, 0x2F, 0xC0, 0x00, 0x00, 0x0B,
    0xF0, 0x00, 0x00, 0x02, 0xFC, 0x00, 0x00, 0x00, 0xBF, 0x00, 0x00, 0x00, 0x09, 0x00, 0x00, 0x03,
    0xF8, 0x00, 0x00, 0xFF, 0xE0, 0x00, 0x3F, 0x6F, 0x40, 0x00, 0xC0, 0x60, 0x00, 0x00, 0x00, 0x00,
    0xBF, 0x40, 0x2F, 0xD7, 0xF8, 0x03, 0xFC, 0x3F, 0xC0, 0x3F, 0x82, 0xFC, 0x07, 0xF4, 0x1F, 0xE0,
    0xBF, 0x00, 0xFF, 0x0F, 0xE0, 0x0B, 0xF0, 0xFD, 0x00, 0x3F, 0xAF, 0xC0, 0x03, 0xFF, 0xF8, 0x00,
    0x1F, 0xFF, 0x00, 0x00, 0xFF, 0xE0, 0x00, 0x07, 0xFD, 0x00, 0x00, 0x3F, 0xC0, 0x00, 0x03, 0xF4,
    0x00, 0x00, 0xFF, 0x00, 0x07, 0xFF, 0xD0, 0x00, 0xBF, 0xF8, 0x00, 0x0B, 0xFD, 0x00, 0x00, 0x00,
    0xB8, 0x0F, 0x40, 0x00, 0x7F, 0x4F, 0xF0, 0x00, 0x1F, 0xD3, 0xFC, 0x00, 0x02, 0xE0, 0x3D, 0x00,
    0x00, 0x00, 0x00, 0x00, 0x00, 0x00, 0x00, 0x00, 0x0B, 0xFC, 0x00, 0x0F, 0xF0, 0xFF, 0x40, 0x0B,
    0xF8, 0x1F, 0xF0, 0x03, 0xFC, 0x03, 0xFD, 0x03, 0xFD, 0x00, 0x7F, 0xC1, 0xFF, 0x00, 0x0F, 0xF8,
    0xFF, 0x40, 0x00, 0xFF, 0xFF, 0x80, 0x00, 0x2F, 0xFF, 0xC0, 0x00, 0x03, 0xFF, 0xD0, 0x00, 0x00,
    0x7F, 0xF0, 0x00, 0x00, 0x0F, 0xF4, 0x00, 0x00, 0x02, 0xFC, 0x00, 0x00, 0x00, 0xBF, 0x00, 0x00,
    0x00, 0x2F, 0xC0, 0x00, 0x00, 0x0B, 0xF0, 0x00, 0x00, 0x02, 0xFC, 0x00, 0x00, 0x00, 0xBF, 0x00,
    0x00, 0x00, 0x00, 0x90, 0x00, 0x00, 0x0B, 0xD0, 0x00, 0x00, 0x7F, 0x80, 0x00, 0x07, 0xF4, 0x00,
    0x00, 0x1F, 0x40, 0x00, 0x00, 0x24, 0x00, 0x00, 0x00, 0x00, 0x00, 0x0B, 0xFF, 0xFF, 0xFC, 0x2F,
    0xFF, 0xFF, 0xF0, 0xBF, 0xFF, 0xFF, 0xC0, 0x00, 0x07, 0xFD, 0x00, 0x00, 0x3F, 0xD0, 0x00, 0x03,
    0xFE, 0x00, 0x00, 0x2F, 0xF0, 0x00, 0x01, 0xFF, 0x00, 0x00, 0x0F, 0xF4, 0x00, 0x00, 0xBF, 0x80,
    0x00, 0x07, 0xFC, 0x00, 0x00, 0x3F, 0xD0, 0x00, 0x02, 0xFE, 0x00, 0x00, 0x1F, 0xF0, 0x00, 0x00,
    0xFF, 0xFF, 0xFF, 0xE3, 0xFF, 0xFF, 0xFF, 0x8F, 0xFF, 0xFF, 0xFE, 0x00, 0x02, 0x00, 0x00, 0x0F,
    0xC0, 0x00, 0x3F, 0xC0, 0x00, 0xBF, 0x00, 0x00, 0xBC, 0x00, 0x00, 0x20, 0x00, 0x00, 0x00, 0x00,
    0x3F, 0xFF, 0xFE, 0x3F, 0xFF, 0xFE, 0x3F, 0xFF, 0xFD, 0x00, 0x0B, 0xF8, 0x00, 0x1F, 0xE0, 0x00,
    0x7F, 0xC0, 0x00, 0xFF, 0x00, 0x03, 0xFD, 0x00, 0x0B, 0xF4, 0x00, 0x0F, 0xF0, 0x00, 0x3F, 0xFF,
    0xFF, 0x3F, 0xFF, 0xFF, 0x3F, 0xFF, 0xFF, 0x00, 0x0B, 0x80, 0x00, 0x00, 0x7F, 0x40, 0x00, 0x01,
    0xFD, 0x00, 0x00, 0x02, 0xF0, 0x00, 0x00, 0x00, 0x00, 0x00, 0x00, 0x00, 0x00, 0x02, 0xFF, 0xFF,
    0xFF, 0x0B, 0xFF, 0xFF, 0xFC, 0x2F, 0xFF, 0xFF, 0xF0, 0x00, 0x01, 0xFF, 0x40, 0x00, 0x0F, 0xF4,
    0x00, 0x00, 0xFF, 0x80, 0x00, 0x0B, 0xFC, 0x00, 0x00, 0x7F, 0xC0, 0x00, 0x03, 0xFD, 0x00, 0x00,
    0x2F, 0xE0, 0x00, 0x01, 0xFF, 0x00, 0x00, 0x0F, 0xF4, 0x00, 0x00, 0xBF, 0x80, 0x00, 0x07, 0xFC,
    0x00, 0x00, 0x3F, 0xFF, 0xFF, 0xF8, 0xFF, 0xFF, 0xFF, 0xE3, 0xFF, 0xFF, 0xFF, 0x80, 0x00, 0x3D,
    0x00, 0x00, 0xBF, 0x00, 0x00, 0xBF, 0x00, 0x00, 0x3D, 0x00, 0x00, 0x00, 0x00, 0x00, 0x00, 0x00,
    0x3F, 0xFF, 0xFE, 0x3F, 0xFF, 0xFE, 0x3F, 0xFF, 0xFD, 0x00, 0x0B, 0xF8, 0x00, 0x1F, 0xE0, 0x00,
    0x7F, 0xC0, 0x00, 0xFF, 0x00, 0x03, 0xFD, 0x00, 0x0B, 0xF4, 0x00, 0x0F, 0xF0, 0x00, 0x3F, 0xFF,
    0xFF, 0x3F, 0xFF, 0xFF, 0x3F, 0xFF, 0xFF, 0x00, 0x20, 0x18, 0x00, 0x03, 0xF6, 0xF4, 0x00, 0x03,
    0xFF, 0x80, 0x00, 0x03, 0xF8, 0x00, 0x00, 0x02, 0x40, 0x00, 0x00, 0x00, 0x00, 0x00, 0x00, 0x00,
    0x00, 0x0B, 0xFF, 0xFF, 0xFC, 0x2F, 0xFF, 0xFF, 0xF0, 0xBF, 0xFF, 0xFF, 0xC0, 0x00, 0x07, 0xFD,
    0x00, 0x00, 0x3F, 0xD0, 0x00, 0x03, 0xFE, 0x00, 0x00, 0x2F, 0xF0, 0x00, 0x01, 0xFF, 0x00, 0x00,
    0x0F, 0xF4, 0x00, 0x00, 0xBF, 0x80, 0x00, 0x07, 0xFC, 0x00, 0x00, 0x3F, 0xD0, 0x00, 0x02, 0xFE,
    0x00, 0x00, 0x1F, 0xF0, 0x00, 0x00, 0xFF, 0xFF, 0xFF, 0xE3, 0xFF, 0xFF, 0xFF, 0x8F, 0xFF, 0xFF,
    0xFE, 0x02, 0x80, 0x90, 0x03, 0xE3, 0xF0, 0x01, 0xFF, 0xD0, 0x00, 0x7F, 0x00, 0x00, 0x0C, 0x00,
    0x00, 0x00, 0x00, 0x00, 0x00, 0x00, 0x3F, 0xFF, 0xFE, 0x3F, 0xFF, 0xFE, 0x3F, 0xFF, 0xFD, 0x00,
    0x0B, 0xF8, 0x00, 0x1F, 0xE0, 0x00, 0x7F, 0xC0, 0x00, 0xFF, 0x00, 0x03, 0xFD, 0x00, 0x0B, 0xF4,
    0x00, 0x0F, 0xF0, 0x00, 0x3F, 0xFF, 0xFF, 0x3F, 0xFF, 0xFF, 0x3F, 0xFF, 0xFF, 0x01, 0xFF, 0xD0,
    0xFF, 0xFD, 0x2F, 0xFF, 0xC3, 0xFD, 0x04, 0x3F, 0x80, 0x03, 0xF4, 0x00, 0x7F, 0x40, 0x07, 0xF4,
    0x00, 0x7F, 0x40, 0x07, 0xF4, 0x00, 0x7F, 0x40, 0x07, 0xF4, 0x00, 0x7F, 0x40, 0x07, 0xF4, 0x00,
    0x7F, 0x40, 0x07, 0xF4, 0x00, 0x7F, 0x40, 0x07, 0xF4, 0x00, 0x7F, 0x40, 0x00, 0x00, 0x00, 0x00,
    0x0F, 0xD0, 0x00, 0x00, 0x00, 0xFD, 0x00, 0x1B, 0xFE, 0x5F, 0xD0, 0x1F, 0xFF, 0xFF, 0xFC, 0x07,
    0xFF, 0xFF, 0xFF, 0x01, 0xFF, 0x80, 0x7F, 0xF0, 0x3F, 0xE0, 0x00, 0xFF, 0x87, 0xFC, 0x00, 0x03,
    0xFC, 0xBF, 0x80, 0x00, 0x3F, 0xDB, 0xF4, 0x00, 0x02, 0xFD, 0xBF, 0x40, 0x00, 0x2F, 0xDB, 0xF4,
    0x00, 0x02, 0xFD, 0xBF, 0x80, 0x00, 0x3F, 0xD7, 0xFC, 0x00, 0x03, 0xFC, 0x3F, 0xE0, 0x00, 0xFF,
    0x81, 0xFF, 0x80, 0x7F, 0xF0, 0x0B, 0xFF, 0xFF, 0xFD, 0x00, 0x1F, 0xFF, 0xFF, 0x00, 0x00, 0x1B,
    0xFE, 0x40, 0x00, 0x00, 0x00, 0x03, 0xF0, 0x00, 0x00, 0x0F, 0xC0, 0x1B, 0xF9, 0x7F, 0x02, 0xFF,
    0xFF, 0xF4, 0x2F, 0xFF, 0xFF, 0x80, 0xFF, 0x43, 0xFD, 0x0B, 0xF4, 0x03, 0xFC, 0x3F, 0xC0, 0x0F,
    0xF0, 0xFF, 0x00, 0x3F, 0xC3, 0xFC, 0x00, 0xFF, 0x0B, 0xF4, 0x03, 0xFC, 0x0F, 0xF4, 0x3F, 0xD0,
    0x2F, 0xFF, 0xFF, 0x00, 0x2F, 0xFF, 0xF0, 0x00, 0x1B, 0xF9, 0x00, 0x00, 0x00, 0x00, 0x00, 0x07,
    0xF0, 0x00, 0x00, 0x00, 0xBF, 0x00, 0x00, 0x00, 0x0F, 0xE7, 0xF8, 0x00, 0x3F, 0xFD, 0x7F, 0x80,
    0x03, 0xFF, 0x47, 0xF8, 0x00, 0x3F, 0xC0, 0x7F, 0x80, 0x03, 0xFC, 0x07, 0xF8, 0x00, 0x3F, 0xC0,
    0x7F, 0x80, 0x03, 0xFC, 0x07, 0xF8, 0x00, 0x3F, 0xC0, 0x7F, 0x80, 0x03, 0xFC, 0x07, 0xF8, 0x00,
    0x3F, 0xC0, 0x7F, 0x80, 0x03, 0xFC, 0x03, 0xF8, 0x00, 0x3F, 0xC0, 0x3F, 0xC0, 0x03, 0xFC, 0x03,
    0xFC, 0x00, 0x7F, 0x80, 0x2F, 0xF4, 0x1F, 0xF4, 0x00, 0xFF, 0xFF, 0xFE, 0x00, 0x03, 0xFF, 0xFF,
    0x80, 0x00, 0x06, 0xFF, 0x90, 0x00, 0x00, 0x00, 0x00, 0xFC, 0x00, 0x00, 0x03, 0xF0, 0x00, 0x00,
    0x2F, 0x9F, 0xD0, 0x3F, 0xFD, 0x7F, 0x40, 0xFF, 0xD1, 0xFD, 0x03, 0xFC, 0x07, 0xF4, 0x0F, 0xF0,
    0x1F, 0xD0, 0x3F, 0xC0, 0x7F, 0x40, 0xFF, 0x01, 0xFD, 0x03, 0xFC, 0x07, 0xF4, 0x0F, 0xF0, 0x1F,
    0xE0, 0x3F, 0xC0, 0x3F, 0xD0, 0xFF, 0x00, 0xBF, 0xFF, 0xFC, 0x00, 0xFF, 0xFF, 0xF0, 0x00, 0x7F,
    0xFE, 0x40, 0x00, 0x00, 0x00, 0x00, 0x00, 0x80, 0x30, 0x00, 0x00, 0x00, 0x00, 0x00, 0x2F, 0x5F,
    0x80, 0x00, 0x00, 0x00, 0x00, 0x00, 0xFF, 0xF0, 0x00, 0x00, 0x00, 0x00, 0x00, 0x02, 0xF8, 0x00,
    0x00, 0x00, 0x00, 0x00, 0x00, 0x0A, 0x00, 0x00, 0x00, 0x00, 0x00, 0x00, 0x00, 0x00, 0x00, 0x00,
    0x00, 0x00, 0x00, 0x00, 0x00, 0x00, 0x0A, 0xFF, 0xF9, 0x00, 0x07, 0xFF, 0xFF, 0xFD, 0xFF, 0xFF,
    0xFE, 0x00, 0x7F, 0xFF, 0xFF, 0xDF, 0xFF, 0xFF, 0xFC, 0x07, 0xFF, 0xFF, 0xFD, 0xFF, 0x00, 0xBF,
    0xF0, 0x00, 0x00, 0xFF, 0x8F, 0xF0, 0x00, 0xFF, 0x40, 0x00, 0x3F, 0xE0, 0xFF, 0x00, 0x07, 0xF8,
    0x00, 0x0B, 0xFC, 0x0F, 0xF0, 0x00, 0x3F, 0xC0, 0x01, 0xFF, 0x00, 0xFF, 0x00, 0x03, 0xFC, 0x00,
    0x3F, 0xD0, 0x0F, 0xF0, 0x00, 0x3F, 0xC0, 0x0F, 0xF8, 0x00, 0xFF, 0x00, 0x03, 0xFC, 0x01, 0xFF,
    0x00, 0x0F, 0xF0, 0x00, 0x3F, 0xC0, 0x3F, 0xC0, 0x00, 0xFF, 0x00, 0x0B, 0xF8, 0x0F, 0xF8, 0x00,
    0x0F, 0xF0, 0x01, 0xFF, 0x41, 0xFF, 0x00, 0x00, 0xFF, 0x01, 0xBF, 0xE0, 0x3F, 0xC0, 0x00, 0x0F,
    0xFF, 0xFF, 0xFC, 0x0B, 0xFF, 0xFF, 0xFF, 0xFF, 0xFF, 0xFE, 0x00, 0xFF, 0xFF, 0xFF, 0xFB, 0xFF,
    0xF9, 0x00, 0x0F, 0xFF, 0xFF, 0xFF, 0x00, 0x00, 0x00, 0x00, 0x02, 0x40, 0x90, 0x00, 0x00, 0x00,
    0x00, 0x07, 0xE3, 0xF0, 0x00, 0x00, 0x00, 0x00, 0x02, 0xFF, 0xD0, 0xAF, 0xFF, 0x90, 0x00, 0x00,
    0x7F, 0x00, 0xFF, 0xFF, 0xFE, 0x00, 0x00, 0x1C, 0x00, 0xFF, 0xFF, 0xFF, 0xC0, 0x00, 0x00, 0x00,
    0xFF, 0x00, 0xBF, 0xF0, 0x00, 0x00, 0x00, 0xFF, 0x00, 0x0F, 0xF4, 0x3F, 0xFF, 0xFE, 0xFF, 0x00,
    0x07, 0xF8, 0x3F, 0xFF, 0xFE, 0xFF, 0x00, 0x03, 0xFC, 0x3F, 0xFF, 0xFD, 0xFF, 0x00, 0x03, 0xFC,
    0x00, 0x0B, 0xF8, 0xFF, 0x00, 0x03, 0xFC, 0x00, 0x2F, 0xE0, 0xFF, 0x00, 0x03, 0xFC, 0x00, 0x7F,
    0xC0, 0xFF, 0x00, 0x03, 0xFC, 0x00, 0xFF, 0x00, 0xFF, 0x00, 0x0B, 0xF8, 0x03, 0xFC, 0x00, 0xFF,
    0x00, 0x1F, 0xF4, 0x0B, 0xF4, 0x00, 0xFF, 0x01, 0xBF, 0xE0, 0x1F, 0xE0, 0x00, 0xFF, 0xFF, 0xFF,
    0xC0, 0x3F, 0xFF, 0xFE, 0xFF, 0xFF, 0xFE, 0x00, 0x7F, 0xFF, 0xFE, 0xBF, 0xFF, 0x90, 0x00, 0x7F,
    0xFF, 0xFE, 0x00, 0x00, 0x00, 0x00, 0x24, 0x0C, 0x00, 0x00, 0x02, 0xB4, 0x0B, 0xD7, 0xF0, 0x00,
    0x00, 0x7F, 0x40, 0x2F, 0xFC, 0x00, 0x00, 0x07, 0xF4, 0x00, 0xBF, 0x00, 0x00, 0x00, 0x7F, 0x40,
    0x01, 0x80, 0x00, 0x00, 0x07, 0xF4, 0x00, 0x00, 0x00, 0x00, 0x00, 0x7F, 0x40, 0x00, 0x00, 0x00,
    0x2F, 0xFB, 0xF4, 0x3F, 0xFF, 0xFE, 0x0F, 0xFF, 0xFF, 0x43, 0xFF, 0xFF, 0xE3, 0xFF, 0xFF, 0xF4,
    0x3F, 0xFF, 0xFD, 0x7F, 0xD0, 0xBF, 0x40, 0x00, 0xBF, 0x8B, 0xF4, 0x07, 0xF4, 0x00, 0x2F, 0xE0,
    0xFF, 0x00, 0x7F, 0x40, 0x07, 0xFC, 0x0F, 0xF0, 0x07, 0xF4, 0x00, 0xFF, 0x00, 0xFF, 0x00, 0x7F,
    0x40, 0x3F, 0xC0, 0x0B, 0xF4, 0x07, 0xF4, 0x0B, 0xF4, 0x00, 0x7F, 0xD0, 0x7F, 0x41, 0xFE, 0x00,
    0x02, 0xFF, 0xFF, 0xF4, 0x3F, 0xFF, 0xFE, 0x0B, 0xFF, 0xFF, 0x47, 0xFF, 0xFF, 0xE0, 0x1B, 0xFF,
    0x90, 0x7F, 0xFF, 0xFE, 0xFF, 0x00, 0x00, 0x00, 0x01, 0xFE, 0xFF, 0x00, 0x00, 0x00, 0x01, 0xFE,
    0xFF, 0x00, 0x00, 0x00, 0x01, 0xFE, 0xFF, 0x00, 0x00, 0x00, 0x01, 0xFE, 0xFF, 0x00, 0x00, 0x00,
    0x01, 0xFE, 0xFF, 0x00, 0x00, 0x00, 0x01, 0xFE, 0xFF, 0x00, 0x00, 0x00, 0x01, 0xFE, 0xFF, 0x00,
    0x00, 0x00, 0x01, 0xFE, 0xFF, 0x00, 0x00, 0x00, 0x01, 0xFE, 0xFF, 0x00, 0x00, 0x00, 0x01, 0xFE,
    0xFF, 0x00, 0x00, 0x00, 0x01, 0xFE, 0xFF, 0x00, 0x00, 0x00, 0x01, 0xFD, 0xFF, 0x00, 0x00, 0x00,
    0x02, 0xFD, 0xFF, 0x00, 0x00, 0x28, 0x07, 0xFC, 0xFF, 0xFF, 0xFE, 0x3F, 0xFF, 0xF8, 0xFF, 0xFF,
    0xFE, 0xBF, 0xFF, 0xF0, 0xFF, 0xFF, 0xFE, 0x1B, 0xFE, 0x40, 0x00, 0x00, 0x00, 0x0B, 0xC0, 0x00,
    0x00, 0x02, 0xFE, 0xFF, 0x00, 0x00, 0x2F, 0xEF, 0xF0, 0x00, 0x00, 0xBC, 0xFF, 0x00, 0x00, 0x00,
    0x0F, 0xF0, 0x00, 0x00, 0x00, 0xFF, 0x00, 0x00, 0x1F, 0xDF, 0xF0, 0x00, 0x01, 0xFD, 0xFF, 0x00,
    0x00, 0x1F, 0xDF, 0xF0, 0x00, 0x01, 0xFD, 0xFF, 0x00, 0x00, 0x1F, 0xDF, 0xF0, 0x00, 0x01, 0xFD,
    0xFF, 0x00, 0x00, 0x1F, 0xDF, 0xF0, 0x00, 0x01, 0xFD, 0xFF, 0x00, 0x00, 0x1F, 0xDF, 0xF0, 0x00,
    0x01, 0xFD, 0xFF, 0xFF, 0xFE, 0x1F, 0xDF, 0xFF, 0xFF, 0xE1, 0xFD, 0xFF, 0xFF, 0xFE, 0x1F, 0xD0,
    0x00, 0x00, 0x01, 0xFD, 0x00, 0x00, 0x00, 0x2F, 0xC0, 0x00, 0x00, 0x7F, 0xFC, 0x00, 0x00, 0x0B,
    0xFF, 0x40, 0x00, 0x00, 0xBF, 0x80, 0x2B, 0x40, 0x3E, 0x1F, 0xD0, 0x2F, 0xE7, 0xF4, 0x0B, 0xF9,
    0xFD, 0x00, 0xF8, 0x7F, 0x40, 0x00, 0x1F, 0xD0, 0x00, 0x07, 0xF4, 0x07, 0xF5, 0xFD, 0x01, 0xFD,
    0x7F, 0x40, 0x7F, 0x5F, 0xD0, 0x1F, 0xD7, 0xF4, 0x07, 0xF5, 0xFD, 0x01, 0xFD, 0x7F, 0x40, 0x7F,
    0x5F, 0xD0, 0x1F, 0xD3, 0xF8, 0x07, 0xF4, 0xFF, 0x01, 0xFD, 0x3F, 0xF4, 0x7F, 0x47, 0xFD, 0x1F,
    0xD0, 0x6F, 0x07, 0xF4, 0x00, 0x01, 0xFD, 0x00, 0x00, 0xFF, 0x00, 0x0B, 0xFF, 0xC0, 0x03, 0xFF,
    0xC0, 0x00, 0xBF, 0x80, 0xFE, 0x00, 0x03, 0xFC, 0x00, 0x00, 0xBF, 0x7F, 0xE0, 0x00, 0xFF, 0x00,
    0x00, 0x2F, 0xDF, 0xFD, 0x00, 0x3F, 0xC0, 0x00, 0x0B, 0xF7, 0xFF, 0xD0, 0x0F, 0xF0, 0x00, 0x02,
    0xFD, 0xFF, 0xFC, 0x03, 0xFC, 0x00, 0x00, 0xBF, 0x7F, 0xFF, 0xC0, 0xFF, 0x00, 0x00, 0x2F, 0xDF,
    0xFB, 0xF8, 0x3F, 0xC0, 0x00, 0x0B, 0xF7, 0xFC, 0xFF, 0x4F, 0xF0, 0x00, 0x02, 0xFD, 0xFF, 0x0F,
    0xF3, 0xFC, 0x00, 0x00, 0xBF, 0x7F, 0xC1, 0xFE, 0xFF, 0x00, 0x00, 0x2F, 0xDF, 0xF0, 0x2F, 0xFF,
    0xC0, 0x00, 0x0B, 0xF7, 0xFC, 0x03, 0xFF, 0xF0, 0x00, 0x02, 0xFC, 0xFF, 0x00, 0x3F, 0xFC, 0x00,
    0x00, 0xFF, 0x3F, 0xC0, 0x0B, 0xFF, 0x03, 0x80, 0xBF, 0xCF, 0xF0, 0x00, 0xFF, 0xC1, 0xFF, 0xFF,
    0xD3, 0xFC, 0x00, 0x1F, 0xF0, 0xBF, 0xFF, 0xE0, 0xFF, 0x00, 0x02, 0xFC, 0x06, 0xFF, 0x90, 0x00,
    0x00, 0x00, 0x00, 0x00, 0x03, 0xE0, 0x00, 0x00, 0x00, 0x00, 0x2F, 0xEF, 0xE0, 0x00, 0x3F, 0xC0,
    0xBF, 0xBF, 0xE0, 0x00, 0xFF, 0x00, 0xF8, 0xFF, 0xD0, 0x03, 0xFC, 0x00, 0x03, 0xFF, 0xD0, 0x0F,
    0xF0, 0x00, 0x0F, 0xFF, 0xC0, 0x3F, 0xC0, 0x7F, 0x7F, 0xFF, 0xC0, 0xFF, 0x01, 0xFD, 0xFF, 0xBF,
    0x83, 0xFC, 0x07, 0xF7, 0xFC, 0xFF, 0x4F, 0xF0, 0x1F, 0xDF, 0xF0, 0xFF, 0x3F, 0xC0, 0x7F, 0x7F,
    0xC1, 0xFE, 0xFF, 0x01, 0xFD, 0xFF, 0x02, 0xFF, 0xFC, 0x07, 0xF7, 0xFC, 0x03, 0xFF, 0xF0, 0x1F,
    0xDF, 0xF0, 0x03, 0xFF, 0xC0, 0x7F, 0x7F, 0xC0, 0x0B, 0xFF, 0x01, 0xFD, 0xFF, 0x00, 0x0F, 0xFC,
    0x07, 0xF7, 0xFC, 0x00, 0x1F, 0xF0, 0x1F, 0xDF, 0xF0, 0x00, 0x2F, 0xC0, 0x7F, 0x40, 0x00, 0x00,
    0x00, 0x02, 0xFC, 0x00, 0x00, 0x00, 0x00, 0x0F, 0xF0, 0x00, 0x00, 0x00, 0x0B, 0xFF, 0xC0, 0x00,
    0x00, 0x00, 0x3F, 0xFC, 0x00, 0x00, 0x00, 0x00, 0xBF, 0x80, 0x00, 0x00, 0x00, 0x00, 0xF8, 0x00,
    0x00, 0x00, 0x03, 0xFD, 0x00, 0x00, 0x00, 0x03, 0xFD, 0x00, 0x00, 0x00, 0x00, 0xF8, 0x00, 0x00,
    0x00, 0x00, 0x00, 0x00, 0x00, 0x00, 0x00, 0x00, 0x1B, 0xFF, 0x90, 0x02, 0xFC, 0x7F, 0xFF, 0xF8,
    0x02, 0xFC, 0x7F, 0xFF, 0xFD, 0x02, 0xFC, 0x7F, 0x81, 0xFF, 0x02, 0xFC, 0x7F, 0x40, 0xFF, 0x02,
    0xFC, 0x7F, 0x40, 0xBF, 0x02, 0xFC, 0x7F, 0x40, 0xBF, 0x02, 0xFC, 0x7F, 0x40, 0xBF, 0x02, 0xFC,
    0x7F, 0x40, 0xBF, 0x02, 0xFC, 0x7F, 0x40, 0xBF, 0x02, 0xFC, 0x7F, 0x40, 0xBF, 0x02, 0xFC, 0x7F,
    0x40, 0xBF, 0x02, 0xFC, 0x7F, 0x40, 0xBF, 0x02, 0xFC, 0x00, 0x00, 0x00, 0x02, 0xFC, 0x00, 0x00,
    0x00, 0x03, 0xFC, 0x00, 0x00, 0x00, 0xBF, 0xF8, 0x00, 0x00, 0x00, 0xFF, 0xF0, 0x00, 0x00, 0x00,
    0xFF, 0x80, 0x00, 0x0C, 0x06, 0x00, 0x00, 0x02, 0xF5, 0xF8, 0x00, 0x00, 0x0F, 0xFE, 0x00, 0x00,
    0x00, 0x2F, 0x80, 0x00, 0x00, 0x00, 0x90, 0x00, 0x00, 0x00, 0x00, 0x00, 0x00, 0x00, 0x00, 0x00,
    0x00, 0x00, 0x00, 0x3F, 0xC0, 0x00, 0x00, 0x0B, 0xFE, 0x00, 0x00, 0x00, 0xFF, 0xF0, 0x00, 0x00,
    0x1F, 0xFF, 0x40, 0x00, 0x03, 0xFB, 0xFC, 0x00, 0x00, 0x7F, 0x1F, 0xD0, 0x00, 0x0F, 0xF0, 0xFF,
    0x00, 0x00, 0xFD, 0x0B, 0xF0, 0x00, 0x2F, 0xC0, 0x3F, 0x80, 0x03, 0xF8, 0x03, 0xFC, 0x00, 0x7F,
    0xFF, 0xFF, 0xD0, 0x0B, 0xFF, 0xFF, 0xFF, 0x00, 0xFF, 0xFF, 0xFF, 0xF0, 0x1F, 0xD0, 0x00, 0xBF,
    0x83, 0xFC, 0x00, 0x03, 0xFC, 0x3F, 0xC0, 0x00, 0x3F, 0xCB, 0xF4, 0x00, 0x02, 0xFE, 0x00, 0x90,
    0x30, 0x00, 0xBD, 0x7E, 0x00, 0x0F, 0xFF, 0x00, 0x00, 0xBE, 0x00, 0x00, 0x0A, 0x00, 0x00, 0x00,
    0x00, 0x00, 0x00, 0x00, 0x00, 0x1B, 0xFF, 0x80, 0x0F, 0xFF, 0xFC, 0x02, 0xFF, 0xFF, 0x80, 0x10,
    0x1F, 0xF0, 0x00, 0x01, 0xFC, 0x01, 0xFF, 0xFF, 0x03, 0xFF, 0xFF, 0xC3, 0xFF, 0xFF, 0xF0, 0xFF,
    0x01, 0xFC, 0x3F, 0xC0, 0x7F, 0x0F, 0xFF, 0xFF, 0xC1, 0xFF, 0xFF, 0xF0, 0x0B, 0xFF, 0xE4, 0x30,
    0x08, 0xBD, 0x7E, 0x3F, 0xFC, 0x0B, 0xE0, 0x02, 0x80, 0x00, 0x00, 0x00, 0x00, 0x0F, 0xF0, 0x0F,
    0xF0, 0x0F, 0xF0, 0x0F, 0xF0, 0x0F, 0xF0, 0x0F, 0xF0, 0x0F, 0xF0, 0x0F, 0xF0, 0x0F, 0xF0, 0x0F,
    0xF0, 0x0F, 0xF0, 0x0F, 0xF0, 0x0F, 0xF0, 0x0F, 0xF0, 0x0F, 0xF0, 0x0F, 0xF0, 0x0F, 0xF0, 0x18,
    0x06, 0x0F, 0xCB, 0xD1, 0xFF, 0xE0, 0x0F, 0xD0, 0x00, 0xD0, 0x00, 0x00, 0x00, 0x00, 0x00, 0x1F,
    0xD0, 0x07, 0xF4, 0x01, 0xFD, 0x00, 0x7F, 0x40, 0x1F, 0xD0, 0x07, 0xF4, 0x01, 0xFD, 0x00, 0x7F,
    0x40, 0x1F, 0xD0, 0x07, 0xF4, 0x01, 0xFD, 0x00, 0x7F, 0x40, 0x1F, 0xD0, 0x00, 0x0C, 0x06, 0x00,
    0x00, 0x03, 0xF5, 0xF8, 0x00, 0x00, 0x0F, 0xFE, 0x00, 0x00, 0x00, 0x3F, 0x80, 0x00, 0x00, 0x00,
    0x90, 0x00, 0x00, 0x00, 0x00, 0x00, 0x00, 0x00, 0x00, 0x00, 0x00, 0x00, 0x01, 0xBF, 0xE4, 0x00,
    0x01, 0xFF, 0xFF, 0xF0, 0x00, 0x7F, 0xFF, 0xFF, 0xD0, 0x1F, 0xF8, 0x07, 0xFF, 0x03, 0xFE, 0x00,
    0x0F, 0xF8, 0x7F, 0xC0, 0x00, 0x3F, 0xCB, 0xF8, 0x00, 0x03, 0xFD, 0xBF, 0x40, 0x00, 0x2F, 0xDB,
    0xF4, 0x00, 0x02, 0xFD, 0xBF, 0x40, 0x00, 0x2F, 0xDB, 0xF8, 0x00, 0x03, 0xFD, 0x7F, 0xC0, 0x00,
    0x3F, 0xC3, 0xFE, 0x00, 0x0F, 0xF8, 0x1F, 0xF8, 0x07, 0xFF, 0x00, 0xBF, 0xFF, 0xFF, 0xD0, 0x01,
    0xFF, 0xFF, 0xF4, 0x00, 0x01, 0xBF, 0xE4, 0x00, 0x01, 0x80, 0x90, 0x00, 0x3F, 0x2F, 0x00, 0x01,
    0xFF, 0xD0, 0x00, 0x03, 0xF4, 0x00, 0x00, 0x0C, 0x00, 0x00, 0x00, 0x00, 0x00, 0x00, 0x00, 0x00,
    0x00, 0x1B, 0xF9, 0x00, 0x0B, 0xFF, 0xFC, 0x02, 0xFF, 0xFF, 0xF0, 0x3F, 0xD0, 0xFF, 0x4B, 0xF4,
    0x03, 0xFC, 0xFF, 0x00, 0x3F, 0xCF, 0xF0, 0x03, 0xFC, 0xFF, 0x00, 0x3F, 0xCB, 0xF4, 0x03, 0xFC,
    0x3F, 0xD0, 0xFF, 0x42, 0xFF, 0xFF, 0xF0, 0x0B, 0xFF, 0xFC, 0x00, 0x1B, 0xF9, 0x00, 0x00, 0x30,
    0x18, 0x00, 0x03, 0xF6, 0xF4, 0x00, 0x03, 0xFF, 0x80, 0x00, 0x03, 0xF8, 0x00, 0x00, 0x02, 0x40,
    0x00, 0x00, 0x00, 0x00, 0x00, 0x00, 0x00, 0x00, 0x1F, 0xE0, 0x00, 0xFF, 0x7F, 0x80, 0x03, 0xFD,
    0xFE, 0x00, 0x0F, 0xF7, 0xF8, 0x00, 0x3F, 0xDF, 0xE0, 0x00, 0xFF, 0x7F, 0x80, 0x03, 0xFD, 0xFE,
    0x00, 0x0F, 0xF7, 0xF8, 0x00, 0x3F, 0xDF, 0xE0, 0x00, 0xFF, 0x7F, 0x80, 0x03, 0xFC, 0xFE, 0x00,
    0x0F, 0xF3, 0xFC, 0x00, 0x3F, 0xCF, 0xF0, 0x01, 0xFE, 0x2F, 0xF4, 0x1F, 0xF4, 0x3F, 0xFF, 0xFF,
    0x80, 0x3F, 0xFF, 0xF8, 0x00, 0x1B, 0xFE, 0x40, 0x02, 0x40, 0x80, 0x07, 0xE3, 0xF0, 0x02, 0xFF,
    0xD0, 0x00, 0x7F, 0x00, 0x00, 0x18, 0x00, 0x00, 0x00, 0x00, 0x00, 0x00, 0x00, 0x7F, 0x40, 0xFF,
    0x7F, 0x40, 0xFF, 0x7F, 0x40, 0xFF, 0x7F, 0x40, 0xFF, 0x7F, 0x40, 0xFF, 0x7F, 0x40, 0xFF, 0x7F,
    0x40, 0xFF, 0x7F, 0x40, 0xFF, 0x7F, 0x80, 0xFF, 0x3F, 0xD0, 0xFF, 0x2F, 0xFF, 0xFF, 0x0F, 0xFF,
    0xFF, 0x01, 0xFF, 0xF9, 0x00, 0x7F, 0xFC, 0x00, 0x01, 0xFF, 0xF0, 0x00, 0x00, 0x00, 0x00, 0x00,
    0x2E, 0x0F, 0x40, 0x00, 0xFC, 0x7E, 0x00, 0x02, 0xE0, 0xF4, 0x00, 0x00, 0x00, 0x00, 0x00, 0x00,
    0x00, 0x00, 0x7F, 0x80, 0x03, 0xFD, 0xFE, 0x00, 0x0F, 0xF7, 0xF8, 0x00, 0x3F, 0xDF, 0xE0, 0x00,
    0xFF, 0x7F, 0x80, 0x03, 0xFD, 0xFE, 0x00, 0x0F, 0xF7, 0xF8, 0x00, 0x3F, 0xDF, 0xE0, 0x00, 0xFF,
    0x7F, 0x80, 0x03, 0xFD, 0xFE, 0x00, 0x0F, 0xF3, 0xF8, 0x00, 0x3F, 0xCF, 0xF0, 0x00, 0xFF, 0x3F,
    0xC0, 0x07, 0xF8, 0xBF, 0xD0, 0x7F, 0xD0, 0xFF, 0xFF, 0xFE, 0x00, 0xFF, 0xFF, 0xE0, 0x00, 0x6F,
    0xF9, 0x00, 0x03, 0xFF, 0xD0, 0x03, 0xFF, 0xD0, 0x00, 0x00, 0x00, 0x07, 0xC2, 0xE0, 0x0B, 0xD3,
    0xF0, 0x07, 0xC2, 0xE0, 0x00, 0x00, 0x00, 0x00, 0x00, 0x00, 0x7F, 0x40, 0xFF, 0x7F, 0x40, 0xFF,
    0x7F, 0x40, 0xFF, 0x7F, 0x40, 0xFF, 0x7F, 0x40, 0xFF, 0x7F, 0x40, 0xFF, 0x7F, 0x40, 0xFF, 0x7F,
    0x40, 0xFF, 0x7F, 0x80, 0xFF, 0x3F, 0xD0, 0xFF, 0x2F, 0xFF, 0xFF, 0x0F, 0xFF, 0xFF, 0x01, 0xFF,
    0xF9, 0x00, 0x00, 0x50, 0x00, 0x00, 0x07, 0xC0, 0x00, 0x00, 0x7E, 0x00, 0x00, 0xB9, 0xC7, 0xC0,
    0x03, 0xF0, 0x2F, 0x40, 0x0B, 0x80, 0x7C, 0x00, 0x00, 0x00, 0x00, 0x1F, 0xE0, 0x00, 0xFF, 0x7F,
    0x80, 0x03, 0xFD, 0xFE, 0x00, 0x0F, 0xF7, 0xF8, 0x00, 0x3F, 0xDF, 0xE0, 0x00, 0xFF, 0x7F, 0x80,
    0x03, 0xFD, 0xFE, 0x00, 0x0F, 0xF7, 0xF8, 0x00, 0x3F, 0xDF, 0xE0, 0x00, 0xFF, 0x7F, 0x80, 0x03,
    0xFC, 0xFE, 0x00, 0x0F, 0xF3, 0xFC, 0x00, 0x3F, 0xCF, 0xF0, 0x01, 0xFE, 0x2F, 0xF4, 0x1F, 0xF4,
    0x3F, 0xFF, 0xFF, 0x80, 0x3F, 0xFF, 0xF8, 0x00, 0x1B, 0xFE, 0x40, 0x00, 0x02, 0x40, 0x00, 0x07,
    0xD0, 0x00, 0x0F, 0xC0, 0x00, 0x3F, 0x00, 0x0F, 0x18, 0xB8, 0x2F, 0x80, 0xFC, 0x0F, 0x00, 0xB8,
    0x00, 0x00, 0x00, 0x00, 0x00, 0x00, 0x7F, 0x40, 0xFF, 0x7F, 0x40, 0xFF, 0x7F, 0x40, 0xFF, 0x7F,
    0x40, 0xFF, 0x7F, 0x40, 0xFF, 0x7F, 0x40, 0xFF, 0x7F, 0x40, 0xFF, 0x7F, 0x40, 0xFF, 0x7F, 0x80,
    0xFF, 0x3F, 0xD0, 0xFF, 0x2F, 0xFF, 0xFF, 0x0F, 0xFF, 0xFF, 0x01, 0xFF, 0xF9, 0x00, 0x24, 0x20,
    0x00, 0x00, 0xF6, 0xE0, 0x00, 0x00, 0xFD, 0x00, 0x00, 0xB8, 0x93, 0xC0, 0x03, 0xF0, 0x2F, 0x80,
    0x0B, 0x80, 0x3C, 0x00, 0x00, 0x00, 0x00, 0x1F, 0xE0, 0x00, 0xFF, 0x7F, 0x80, 0x03, 0xFD, 0xFE,
    0x00, 0x0F, 0xF7, 0xF8, 0x00, 0x3F, 0xDF, 0xE0, 0x00, 0xFF, 0x7F, 0x80, 0x03, 0xFD, 0xFE, 0x00,
    0x0F, 0xF7, 0xF8, 0x00, 0x3F, 0xDF, 0xE0, 0x00, 0xFF, 0x7F, 0x80, 0x03, 0xFC, 0xFE, 0x00, 0x0F,
    0xF3, 0xFC, 0x00, 0x3F, 0xCF, 0xF0, 0x01, 0xFE, 0x2F, 0xF4, 0x1F, 0xF4, 0x3F, 0xFF, 0xFF, 0x80,
    0x3F, 0xFF, 0xF8, 0x00, 0x1B, 0xFE, 0x40, 0x00, 0x00, 0x40, 0x03, 0xD2, 0xE0, 0x02, 0xFF, 0xD0,
    0x00, 0xBF, 0x00, 0x0F, 0x1C, 0x78, 0x2F, 0x80, 0xFC, 0x0F, 0x00, 0x78, 0x00, 0x00, 0x00, 0x00,
    0x00, 0x00, 0x7F, 0x40, 0xFF, 0x7F, 0x40, 0xFF, 0x7F, 0x40, 0xFF, 0x7F, 0x40, 0xFF, 0x7F, 0x40,
    0xFF, 0x7F, 0x40, 0xFF, 0x7F, 0x40, 0xFF, 0x7F, 0x40, 0xFF, 0x7F, 0x80, 0xFF, 0x3F, 0xD0, 0xFF,
    0x2F, 0xFF, 0xFF, 0x0F, 0xFF, 0xFF, 0x01, 0xFF, 0xF9, 0x00, 0x08, 0x00, 0x00, 0x00, 0xBC, 0x00,
    0x00, 0x01, 0xFC, 0x00, 0x00, 0xB8, 0xA7, 0xC0, 0x03, 0xF0, 0x2F, 0x80, 0x0B, 0x80, 0x3C, 0x00,
    0x00, 0x00, 0x00, 0x1F, 0xE0, 0x00, 0xFF, 0x7F, 0x80, 0x03, 0xFD, 0xFE, 0x00, 0x0F, 0xF7, 0xF8,
    0x00, 0x3F, 0xDF, 0xE0, 0x00, 0xFF, 0x7F, 0x80, 0x03, 0xFD, 0xFE, 0x00, 0x0F, 0xF7, 0xF8, 0x00,
    0x3F, 0xDF, 0xE0, 0x00, 0xFF, 0x7F, 0x80, 0x03, 0xFC, 0xFE, 0x00, 0x0F, 0xF3, 0xFC, 0x00, 0x3F,
    0xCF, 0xF0, 0x01, 0xFE, 0x2F, 0xF4, 0x1F, 0xF4, 0x3F, 0xFF, 0xFF, 0x80, 0x3F, 0xFF, 0xF8, 0x00,
    0x1B, 0xFE, 0x40, 0x00, 0x80, 0x00, 0x03, 0xF0, 0x00, 0x01, 0xFC, 0x00, 0x00, 0x7E, 0x00, 0x0F,
    0x1C, 0xB8, 0x2F, 0x80, 0xFC, 0x0F, 0x00, 0xB8, 0x00, 0x00, 0x00, 0x00, 0x00, 0x00, 0x7F, 0x40,
    0xFF, 0x7F, 0x40, 0xFF, 0x7F, 0x40, 0xFF, 0x7F, 0x40, 0xFF, 0x7F, 0x40, 0xFF, 0x7F, 0x40, 0xFF,
    0x7F, 0x40, 0xFF, 0x7F, 0x40, 0xFF, 0x7F, 0x80, 0xFF, 0x3F, 0xD0, 0xFF, 0x2F, 0xFF, 0xFF, 0x0F,
    0xFF, 0xFF, 0x01, 0xFF, 0xF9, 0x1B, 0xFF, 0x80, 0x0F, 0xFF, 0xFD, 0x03, 0xFF, 0xFF, 0xD0, 0x50,
    0x0B, 0xFC, 0x00, 0x00, 0xBF, 0x3F, 0xFF, 0xFF, 0xDF, 0xFF, 0xFF, 0xF7, 0xFF, 0xFF, 0xFD, 0xBF,
    0x00, 0xBF, 0x1F, 0xE0, 0x7F, 0xC3, 0xFF, 0xFF, 0xC0, 0x3F, 0xFF, 0xD0, 0x01, 0xFF, 0x80, 0x00,
    0x00, 0x1F, 0xFF, 0x00, 0x00, 0x01, 0xFF, 0xF0, 0x00, 0x00, 0x00, 0x00, 0x00, 0x00, 0x02, 0xE0,
    0xF4, 0x00, 0x00, 0x3F, 0x1F, 0xC0, 0x00, 0x02, 0xE0, 0xF4, 0x00, 0x00, 0x00, 0x00, 0x00, 0x00,
    0x00, 0x00, 0x00, 0x00, 0x00, 0x03, 0xFC, 0x00, 0x00, 0x00, 0xBF, 0xE0, 0x00, 0x00, 0x0F, 0xFF,
    0x00, 0x00, 0x01, 0xFF, 0xF4, 0x00, 0x00, 0x3F, 0xBF, 0xC0, 0x00, 0x07, 0xF1, 0xFD, 0x00, 0x00,
    0xFF, 0x0F, 0xF0, 0x00, 0x0F, 0xD0, 0xBF, 0x00, 0x02, 0xFC, 0x03, 0xF8, 0x00, 0x3F, 0x80, 0x3F,
    0xC0, 0x07, 0xFF, 0xFF, 0xFD, 0x00, 0xBF, 0xFF, 0xFF, 0xF0, 0x0F, 0xFF, 0xFF, 0xFF, 0x01, 0xFD,
    0x00, 0x0B, 0xF8, 0x3F, 0xC0, 0x00, 0x3F, 0xC3, 0xFC, 0x00, 0x03, 0xFC, 0xBF, 0x40, 0x00, 0x2F,
    0xE0, 0x02, 0xFF, 0xF0, 0x00, 0xBF, 0xFC, 0x00, 0x00, 0x00, 0x00, 0x0F, 0x43, 0xC0, 0x03, 0xF2,
    0xF8, 0x00, 0xF4, 0x3C, 0x00, 0x00, 0x00, 0x00, 0x00, 0x00, 0x00, 0x06, 0xFF, 0xE0, 0x03, 0xFF,
    0xFF, 0x00, 0xBF, 0xFF, 0xE0, 0x04, 0x07, 0xFC, 0x00, 0x00, 0x7F, 0x00, 0x7F, 0xFF, 0xC0, 0xFF,
    0xFF, 0xF0, 0xFF, 0xFF, 0xFC, 0x3F, 0xC0, 0x7F, 0x0F, 0xF0, 0x1F, 0xC3, 0xFF, 0xFF, 0xF0, 0x7F,
    0xFF, 0xFC, 0x02, 0xFF, 0xF9, 0x00, 0x00, 0x1F, 0xFF, 0x00, 0x00, 0x01, 0xFF, 0xF0, 0x00, 0x00,
    0x00, 0x00, 0x00, 0x00, 0x00, 0x0F, 0x00, 0x00, 0x00, 0x02, 0xF8, 0x00, 0x00, 0x00, 0x0F, 0x00,
    0x00, 0x00, 0x00, 0x00, 0x00, 0x00, 0x00, 0x00, 0x00, 0x00, 0x00, 0x03, 0xFC, 0x00, 0x00, 0x00,
    0xBF, 0xE0, 0x00, 0x00, 0x0F, 0xFF, 0x00, 0x00, 0x01, 0xFF, 0xF4, 0x00, 0x00, 0x3F, 0xBF, 0xC0,
    0x00, 0x07, 0xF1, 0xFD, 0x00, 0x00, 0xFF, 0x0F, 0xF0, 0x00, 0x0F, 0xD0, 0xBF, 0x00, 0x02, 0xFC,
    0x03, 0xF8, 0x00, 0x3F, 0x80, 0x3F, 0xC0, 0x07, 0xFF, 0xFF, 0xFD, 0x00, 0xBF, 0xFF, 0xFF, 0xF0,
    0x0F, 0xFF, 0xFF, 0xFF, 0x01, 0xFD, 0x00, 0x0B, 0xF8, 0x3F, 0xC0, 0x00, 0x3F, 0xC3, 0xFC, 0x00,
    0x03, 0xFC, 0xBF, 0x40, 0x00, 0x2F, 0xE0, 0x02, 0xFF, 0xF0, 0x00, 0xBF, 0xFC, 0x00, 0x00, 0x00,
    0x00, 0x00, 0x7C, 0x00, 0x00, 0x3F, 0x40, 0x00, 0x07, 0xC0, 0x00, 0x00, 0x00, 0x00, 0x00, 0x00,
    0x00, 0x06, 0xFF, 0xE0, 0x03, 0xFF, 0xFF, 0x00, 0xBF, 0xFF, 0xE0, 0x04, 0x07, 0xFC, 0x00, 0x00,
    0x7F, 0x00, 0x7F, 0xFF, 0xC0, 0xFF, 0xFF, 0xF0, 0xFF, 0xFF, 0xFC, 0x3F, 0xC0, 0x7F, 0x0F, 0xF0,
    0x1F, 0xC3, 0xFF, 0xFF, 0xF0, 0x7F, 0xFF, 0xFC, 0x02, 0xFF, 0xF9, 0x00, 0x00, 0x00, 0x03, 0xFF,
    0xFC, 0x00, 0x00, 0x00, 0x03, 0xFF, 0xFC, 0x00, 0x00, 0x00, 0x03, 0xFF, 0xFC, 0x00, 0x00, 0x00,
    0x00, 0x00, 0x00, 0x00, 0x00, 0x00, 0x00, 0x00, 0x00, 0x00, 0x00, 0x00, 0x00, 0x00, 0x00, 0x00,
    0x00, 0x00, 0x07, 0xFF, 0xFF, 0xFD, 0x00, 0x00, 0x0F, 0xFF, 0xFF, 0xFD, 0x00, 0x00, 0x3F, 0xFF,
    0xFF, 0xFD, 0x00, 0x00, 0xBF, 0xFF, 0x00, 0x00, 0x00, 0x00, 0xFD, 0xFF, 0x00, 0x00, 0x00, 0x03,
    0xFC, 0xFF, 0x00, 0x00, 0x00, 0x07, 0xF4, 0xFF, 0x00, 0x00, 0x00, 0x0F, 0xE0, 0xFF, 0xFF, 0xF8,
    0x00, 0x2F, 0xC0, 0xFF, 0xFF, 0xF8, 0x00, 0x7F, 0x80, 0xFF, 0xFF, 0xF8, 0x00, 0xFF, 0xFF, 0xFF,
    0x00, 0x00, 0x02, 0xFF, 0xFF, 0xFF, 0x00, 0x00, 0x03, 0xFF, 0xFF, 0xFF, 0x00, 0x00, 0x0B, 0xF4,
    0x00, 0xFF, 0x00, 0x00, 0x1F, 0xF0, 0x00, 0xFF, 0xFF, 0xFF, 0x3F, 0xD0, 0x00, 0xFF, 0xFF, 0xFF,
    0x7F, 0xC0, 0x00, 0xFF, 0xFF, 0xFF, 0x00, 0x0B, 0xFF, 0xF8, 0x00, 0x00, 0x02, 0xFF, 0xFE, 0x00,
    0x00, 0x00, 0xBF, 0xFF, 0x80, 0x00, 0x00, 0x00, 0x00, 0x00, 0x00, 0x00, 0x00, 0x00, 0x00, 0x00,
    0x00, 0x00, 0x00, 0x00, 0x00, 0x00, 0x6F, 0xF9, 0x0B, 0xFD, 0x00, 0x3F, 0xFF, 0xEF, 0xFF, 0xF0,
    0x0B, 0xFF, 0xFF, 0xFF, 0xFE, 0x00, 0x40, 0x3F, 0xF4, 0x2F, 0xC0, 0x00, 0x07, 0xF4, 0x03, 0xF4,
    0x07, 0xFF, 0xFF, 0xFF, 0xFE, 0x0F, 0xFF, 0xFF, 0xFF, 0xFF, 0x8F, 0xFF, 0xFF, 0xFF, 0xFF, 0xE3,
    0xFC, 0x07, 0xF4, 0x00, 0x00, 0xFF, 0x00, 0xFF, 0x40, 0x14, 0x3F, 0xFF, 0xFF, 0xFF, 0xFE, 0x07,
    0xFF, 0xFF, 0xFF, 0xFF, 0xC0, 0x2F, 0xFE, 0x1B, 0xFF, 0x90, 0x00, 0x1B, 0xFF, 0x80, 0x00, 0x7F,
    0xFF, 0xFD, 0x00, 0x7F, 0xFF, 0xFF, 0x00, 0x7F, 0xE4, 0x06, 0x80, 0x3F, 0xE0, 0x00, 0x00, 0x1F,
    0xF0, 0x00, 0x00, 0x0B, 0xF8, 0x00, 0x00, 0x02, 0xFD, 0x00, 0x0A, 0xA0, 0xBF, 0x40, 0x03, 0xFC,
    0x2F, 0xD0, 0x1F, 0xFF, 0xFB, 0xF8, 0x07, 0xFF, 0xFD, 0xFF, 0x01, 0xFF, 0xFF, 0x3F, 0xE0, 0x03,
    0xFC, 0x07, 0xFE, 0x00, 0xFF, 0x00, 0xBF, 0xFF, 0xFF, 0xC0, 0x07, 0xFF, 0xFF, 0xF0, 0x00, 0x1B,
    0xFF, 0xA0, 0x00, 0x01, 0xBF, 0xF9, 0x00, 0xBF, 0xFF, 0xF0, 0x2F, 0xFF, 0xFF, 0x03, 0xFD, 0x0B,
    0xF0, 0xBF, 0x40, 0xBF, 0x0F, 0xF0, 0xBF, 0xFF, 0xFF, 0x0B, 0xFF, 0xFF, 0xF0, 0x0B, 0xF0, 0xBF,
    0x00, 0xBF, 0x07, 0xFC, 0x0F, 0xF0, 0x3F, 0xFF, 0xFF, 0x01, 0xFF, 0xFF, 0xF0, 0x02, 0xFE, 0xFF,
    0x00, 0x00, 0x0F, 0xF0, 0x14, 0x02, 0xFE, 0x03, 0xFF, 0xFF, 0xC0, 0x3F, 0xFF, 0xF4, 0x01, 0xBF,
    0xF8, 0x00, 0x00, 0x0C, 0x03, 0x00, 0x00, 0xBD, 0x7E, 0x00, 0x00, 0xFF, 0xF0, 0x00, 0x00, 0xBE,
    0x00, 0x00, 0x00, 0xA0, 0x00, 0x00, 0x00, 0x00, 0x00, 0x00, 0x00, 0x00, 0x00, 0x06, 0xFF, 0xE0,
    0x01, 0xFF, 0xFF, 0xF4, 0x1F, 0xFF, 0xFF, 0xC1, 0xFF, 0x90, 0x1A, 0x0F, 0xF8, 0x00, 0x00, 0x7F,
    0xC0, 0x00, 0x02, 0xFE, 0x00, 0x00, 0x0B, 0xF4, 0x00, 0x00, 0x2F, 0xD0, 0x00, 0xFF, 0xBF, 0x40,
    0x03, 0xFE, 0xFE, 0x00, 0x0F, 0xF7, 0xFC, 0x00, 0x3F, 0xCF, 0xF8, 0x00, 0xFF, 0x1F, 0xF8, 0x03,
    0xFC, 0x2F, 0xFF, 0xFF, 0xF0, 0x1F, 0xFF, 0xFF, 0xC0, 0x06, 0xFF, 0xE8, 0x00, 0xC0, 0x60, 0x00,
    0xBD, 0x7E, 0x00, 0x0F, 0xFF, 0x00, 0x00, 0xBE, 0x00, 0x00, 0x0A, 0x00, 0x00, 0x00, 0x00, 0x00,
    0x00, 0x00, 0x00, 0x06, 0xFF, 0xE4, 0x0B, 0xFF, 0xFF, 0x0B, 0xFF, 0xFF, 0xC3, 0xFD, 0x0B, 0xF2,
    0xFD, 0x02, 0xFC, 0xFF, 0x00, 0xBF, 0x3F, 0xC0, 0x2F, 0xCF, 0xF0, 0x0B, 0xF2, 0xFD, 0x02, 0xFC,
    0x7F, 0xC0, 0xFF, 0x0F, 0xFF, 0xFF, 0xC1, 0xFF, 0xFF, 0xF0, 0x0B, 0xFB, 0xFC, 0x00, 0x00, 0xFF,
    0x05, 0x00, 0xBF, 0x83, 0xFF, 0xFF, 0xC0, 0xFF, 0xFF, 0xD0, 0x1B, 0xFF, 0x80, 0x00, 0x01, 0x80,
    0x60, 0x00, 0x0F, 0xCB, 0xD0, 0x00, 0x1F, 0xFE, 0x00, 0x00, 0x0F, 0xD0, 0x00, 0x00, 0x0D, 0x00,
    0x00, 0x00, 0x00, 0x00, 0x00, 0x00, 0x00, 0x00, 0x3F, 0xC0, 0x0B, 0xFC, 0xFF, 0x00, 0xBF, 0xC3,
    0xFC, 0x0B, 0xFC, 0x0F, 0xF0, 0xBF, 0xC0, 0x3F, 0xCB, 0xFC, 0x00, 0xFF, 0xBF, 0xC0, 0x03, 0xFF,
    0xFC, 0x00, 0x0F, 0xFF, 0xD0, 0x00, 0x3F, 0xFF, 0xC0, 0x00, 0xFF, 0xFF, 0xC0, 0x03, 0xFC, 0xFF,
    0xC0, 0x0F, 0xF0, 0xFF, 0x80, 0x3F, 0xC1, 0xFF, 0x40, 0xFF, 0x01, 0xFF, 0x03, 0xFC, 0x02, 0xFF,
    0x0F, 0xF0, 0x03, 0xFE, 0x3F, 0xC0, 0x03, 0xFD, 0x08, 0x06, 0x00, 0x03, 0xF2, 0xF0, 0x00, 0x1F,
    0xFE, 0x00, 0x00, 0x3F, 0x40, 0x00, 0x00, 0xD0, 0x00, 0x00, 0x00, 0x00, 0x00, 0x2B, 0x40, 0x00,
    0x07, 0xF4, 0x00, 0x00, 0x7F, 0x40, 0x00, 0x07, 0xF4, 0x00, 0x00, 0x7F, 0x40, 0x00, 0x07, 0xF4,
    0x00, 0x00, 0x7F, 0x40, 0xFF, 0x87, 0xF4, 0x2F, 0xE0, 0x7F, 0x4B, 0xF8, 0x07, 0xFA, 0xFE, 0x00,
    0x7F, 0xFF, 0x80, 0x07, 0xFF, 0xF0, 0x00, 0x7F, 0xFF, 0x80, 0x07, 0xFF, 0xFE, 0x00, 0x7F, 0x5F,
    0xF4, 0x07, 0xF4, 0xBF, 0xC0, 0x7F, 0x43, 0xFE, 0x07, 0xF4, 0x0F, 0xF4, 0x7F, 0x40, 0x7F, 0xC0,
    0x00, 0x1B, 0xFE, 0x40, 0x00, 0x1F, 0xFF, 0xFF, 0x00, 0x07, 0xFF, 0xFF, 0xFD, 0x01, 0xFF, 0x80,
    0x7F, 0xF0, 0x3F, 0xE0, 0x00, 0xFF, 0x87, 0xFC, 0x00, 0x03, 0xFC, 0xBF, 0x80, 0x00, 0x3F, 0xDB,
    0xF4, 0x00, 0x02, 0xFD, 0xBF, 0x40, 0x00, 0x2F, 0xDB, 0xF4, 0x00, 0x02, 0xFD, 0xBF, 0x80, 0x00,
    0x3F, 0xD7, 0xFC, 0x00, 0x03, 0xFC, 0x3F, 0xE0, 0x00, 0xFF, 0x81, 0xFF, 0x80, 0x7F, 0xF0, 0x0B,
    0xFF, 0xFF, 0xFC, 0x00, 0x1F, 0xFF, 0xFF, 0x00, 0x00, 0x1B, 0xFF, 0x40, 0x00, 0x00, 0x0B, 0xC0,
    0x00, 0x00, 0x01, 0xF8, 0x00, 0x00, 0x00, 0x3F, 0xF4, 0x00, 0x00, 0x02, 0xFF, 0x80, 0x00, 0x00,
    0x0B, 0xF4, 0x00, 0x01, 0xBF, 0x90, 0x00, 0xBF, 0xFF, 0xC0, 0x2F, 0xFF, 0xFF, 0x03, 0xFD, 0x0F,
    0xF4, 0xBF, 0x40, 0x3F, 0xCF, 0xF0, 0x03, 0xFC, 0xFF, 0x00, 0x3F, 0xCF, 0xF0, 0x03, 0xFC, 0xBF,
    0x40, 0x3F, 0xC3, 0xFD, 0x0F, 0xF4, 0x2F, 0xFF, 0xFF, 0x00, 0xBF, 0xFF, 0xC0, 0x01, 0xBF, 0xD0,
    0x00, 0x02, 0xF0, 0x00, 0x00, 0x7E, 0x00, 0x00, 0x0B, 0xFE, 0x00, 0x00, 0xBF, 0xE0, 0x00, 0x02,
    0xFE, 0x00, 0x00, 0x3F, 0xFF, 0xC0, 0x00, 0x03, 0xFF, 0xFC, 0x00, 0x00, 0x3F, 0xFF, 0xC0, 0x00,
    0x00, 0x00, 0x00, 0x00, 0x00, 0x00, 0x00, 0x00, 0x00, 0x00, 0x00, 0x00, 0x00, 0x00, 0x1B, 0xFE,
    0x40, 0x00, 0x1F, 0xFF, 0xFF, 0x00, 0x07, 0xFF, 0xFF, 0xFD, 0x01, 0xFF, 0x80, 0x7F, 0xF0, 0x3F,
    0xE0, 0x00, 0xFF, 0x87, 0xFC, 0x00, 0x03, 0xFC, 0xBF, 0x80, 0x00, 0x3F, 0xDB, 0xF4, 0x00, 0x02,
    0xFD, 0xBF, 0x40, 0x00, 0x2F, 0xDB, 0xF4, 0x00, 0x02, 0xFD, 0xBF, 0x80, 0x00, 0x3F, 0xD7, 0xFC,
    0x00, 0x03, 0xFC, 0x3F, 0xE0, 0x00, 0xFF, 0x81, 0xFF, 0x80, 0x7F, 0xF0, 0x0B, 0xFF, 0xFF, 0xFC,
    0x00, 0x1F, 0xFF, 0xFF, 0x00, 0x00, 0x1B, 0xFF, 0x40, 0x00, 0x00, 0x0B, 0xC0, 0x00, 0x00, 0x01,
    0xF8, 0x00, 0x00, 0x00, 0x3F, 0xF4, 0x00, 0x00, 0x02, 0xFF, 0x80, 0x00, 0x00, 0x0B, 0xF4, 0x00,
    0x07, 0xFF, 0xF8, 0x00, 0x7F, 0xFF, 0x80, 0x07, 0xFF, 0xF8, 0x00, 0x00, 0x00, 0x00, 0x00, 0x00,
    0x00, 0x00, 0x00, 0x00, 0x00, 0x01, 0xBF, 0x90, 0x00, 0xBF, 0xFF, 0xC0, 0x2F, 0xFF, 0xFF, 0x03,
    0xFD, 0x0F, 0xF4, 0xBF, 0x40, 0x3F, 0xCF, 0xF0, 0x03, 0xFC, 0xFF, 0x00, 0x3F, 0xCF, 0xF0, 0x03,
    0xFC, 0xBF, 0x40, 0x3F, 0xC3, 0xFD, 0x0F, 0xF4, 0x2F, 0xFF, 0xFF, 0x00, 0xBF, 0xFF, 0xC0, 0x01,
    0xBF, 0xD0, 0x00, 0x02, 0xF0, 0x00, 0x00, 0x7E, 0x00, 0x00, 0x0B, 0xFE, 0x00, 0x00, 0xBF, 0xE0,
    0x00, 0x02, 0xFE, 0x00, 0x00, 0xA0, 0x24, 0x00, 0x0F, 0x8F, 0xC0, 0x00, 0x7F, 0xF4, 0x00, 0x01,
    0xFC, 0x00, 0x00, 0x03, 0x00, 0x00, 0x00, 0x00, 0x00, 0x00, 0x00, 0x00, 0x02, 0xFF, 0xFF, 0xFE,
    0x2F, 0xFF, 0xFF, 0xE2, 0xFF, 0xFF, 0xFC, 0x00, 0x00, 0xFF, 0x00, 0x00, 0x3F, 0xC0, 0x00, 0x0F,
    0xF0, 0x00, 0x03, 0xFE, 0x00, 0x00, 0xBF, 0xFE, 0x00, 0x0B, 0xFF, 0xFC, 0x00, 0x00, 0x7F, 0xE0,
    0x00, 0x01, 0xFF, 0x00, 0x00, 0x0F, 0xF0, 0x00, 0x01, 0xFF, 0x2E, 0x00, 0x7F, 0xE3, 0xFF, 0xFF,
    0xFC, 0x7F, 0xFF, 0xFF, 0x00, 0x6F, 0xFE, 0x40, 0x02, 0x40, 0xC0, 0x0B, 0xD7, 0xF0, 0x02, 0xFF,
    0xC0, 0x00, 0xBF, 0x00, 0x00, 0x18, 0x00, 0x00, 0x00, 0x00, 0x00, 0x00, 0x00, 0x00, 0x00, 0x00,
    0x3F, 0xFF, 0xFD, 0x3F, 0xFF, 0xFD, 0x3F, 0xFF, 0xFC, 0x00, 0x0B, 0xF8, 0x00, 0x1F, 0xF0, 0x00,
    0x3F, 0xD0, 0x00, 0xBF, 0x80, 0x01, 0xFF, 0x00, 0x03, 0xFF, 0x80, 0x01, 0xFF, 0xF4, 0x00, 0x07,
    0xFC, 0x00, 0x00, 0xFE, 0x00, 0x00, 0xFF, 0x00, 0x00, 0xFF, 0x24, 0x07, 0xFE, 0x7F, 0xFF, 0xFC,
    0xBF, 0xFF, 0xF4, 0x1B, 0xFF, 0x80, 0x02, 0x01, 0x80, 0xFC, 0xBD, 0x03, 0xFF, 0x80, 0x0F, 0xD0,
    0x00, 0x24, 0x00, 0x00, 0x00, 0x00, 0x00, 0x00, 0x1F, 0xD0, 0x01, 0xFD, 0x00, 0x1F, 0xD0, 0x01,
    0xFD, 0x00, 0x1F, 0xD0, 0x01, 0xFD, 0x00, 0x1F, 0xD0, 0x01, 0xFD, 0x00, 0x1F, 0xD0, 0x01, 0xFD,
    0x00, 0x1F, 0xD0, 0x01, 0xFD, 0x00, 0x1F, 0xD0, 0x01, 0xFD, 0x00, 0x2F, 0xD0, 0x7F, 0xFC, 0x0B,
    0xFF, 0x40, 0xBF, 0x80, 0x00, 0xAF, 0xFF, 0x90, 0x00, 0x7F, 0xFF, 0xFF, 0xDF, 0xFF, 0xFF, 0xE0,
    0x07, 0xFF, 0xFF, 0xFD, 0xFF, 0xFF, 0xFF, 0xC0, 0x7F, 0xFF, 0xFF, 0xDF, 0xF0, 0x0B, 0xFF, 0x00,
    0x00, 0x0F, 0xF8, 0xFF, 0x00, 0x0F, 0xF4, 0x00, 0x03, 0xFE, 0x0F, 0xF0, 0x00, 0x7F, 0x80, 0x00,
    0xBF, 0xC0, 0xFF, 0x00, 0x03, 0xFC, 0x00, 0x1F, 0xF0, 0x0F, 0xF0, 0x00, 0x3F, 0xC0, 0x03, 0xFD,
    0x00, 0xFF, 0x00, 0x03, 0xFC, 0x00, 0xFF, 0x80, 0x0F, 0xF0, 0x00, 0x3F, 0xC0, 0x1F, 0xF0, 0x00,
    0xFF, 0x00, 0x03, 0xFC, 0x03, 0xFC, 0x00, 0x0F, 0xF0, 0x00, 0xBF, 0x80, 0xFF, 0x80, 0x00, 0xFF,
    0x00, 0x1F, 0xF4, 0x1F, 0xF0, 0x00, 0x0F, 0xF0, 0x1B, 0xFE, 0x03, 0xFC, 0x00, 0x00, 0xFF, 0xFF,
    0xFF, 0xC0, 0xBF, 0xFF, 0xFF, 0xFF, 0xFF, 0xFF, 0xE0, 0x0F, 0xFF, 0xFF, 0xFF, 0xBF, 0xFF, 0x90,
    0x00, 0xFF, 0xFF, 0xFF, 0xF0, 0xAF, 0xFF, 0x90, 0x00, 0x00, 0x00, 0x00, 0xFF, 0xFF, 0xFE, 0x00,
    0x00, 0x00, 0x00, 0xFF, 0xFF, 0xFF, 0xC0, 0x00, 0x00, 0x00, 0xFF, 0x00, 0xBF, 0xF0, 0x00, 0x00,
    0x00, 0xFF, 0x00, 0x0F, 0xF4, 0x3F, 0xFF, 0xFE, 0xFF, 0x00, 0x07, 0xF8, 0x3F, 0xFF, 0xFE, 0xFF,
    0x00, 0x03, 0xFC, 0x3F, 0xFF, 0xFD, 0xFF, 0x00, 0x03, 0xFC, 0x00, 0x0B, 0xF8, 0xFF, 0x00, 0x03,
    0xFC, 0x00, 0x2F, 0xE0, 0xFF, 0x00, 0x03, 0xFC, 0x00, 0x7F, 0xC0, 0xFF, 0x00, 0x03, 0xFC, 0x00,
    0xFF, 0x00, 0xFF, 0x00, 0x0B, 0xF8, 0x03, 0xFC, 0x00, 0xFF, 0x00, 0x1F, 0xF4, 0x0B, 0xF4, 0x00,
    0xFF, 0x01, 0xBF, 0xE0, 0x1F, 0xE0, 0x00, 0xFF, 0xFF, 0xFF, 0xC0, 0x3F, 0xFF, 0xFE, 0xFF, 0xFF,
    0xFE, 0x00, 0x7F, 0xFF, 0xFE, 0xBF, 0xFF, 0x90, 0x00, 0x7F, 0xFF, 0xFE, 0x00, 0x00, 0x2B, 0x40,
    0x00, 0x00, 0x00, 0x00, 0x07, 0xF4, 0x00, 0x00, 0x00, 0x00, 0x00, 0x7F, 0x40, 0x00, 0x00, 0x00,
    0x00, 0x07, 0xF4, 0x00, 0x00, 0x00, 0x00, 0x00, 0x7F, 0x40, 0x00, 0x00, 0x00, 0x00, 0x07, 0xF4,
    0x00, 0x00, 0x00, 0x02, 0xFF, 0xBF, 0x43, 0xFF, 0xFF, 0xE0, 0xFF, 0xFF, 0xF4, 0x3F, 0xFF, 0xFE,
    0x3F, 0xFF, 0xFF, 0x43, 0xFF, 0xFF, 0xD7, 0xFD, 0x0B, 0xF4, 0x00, 0x0B, 0xF8, 0xBF, 0x40, 0x7F,
    0x40, 0x02, 0xFE, 0x0F, 0xF0, 0x07, 0xF4, 0x00, 0x7F, 0xC0, 0xFF, 0x00, 0x7F, 0x40, 0x0F, 0xF0,
    0x0F, 0xF0, 0x07, 0xF4, 0x03, 0xFC, 0x00, 0xBF, 0x40, 0x7F, 0x40, 0xBF, 0x40, 0x07, 0xFD, 0x07,
    0xF4, 0x1F, 0xE0, 0x00, 0x2F, 0xFF, 0xFF, 0x43, 0xFF, 0xFF, 0xE0, 0xBF, 0xFF, 0xF4, 0x7F, 0xFF,
    0xFE, 0x01, 0xBF, 0xF9, 0x07, 0xFF, 0xFF, 0xE0, 0x00, 0x00, 0x18, 0x00, 0x00, 0x00, 0xFC, 0x00,
    0x00, 0x0F, 0xF0, 0x00, 0x00, 0xFF, 0x00, 0x00, 0x03, 0xF0, 0x00, 0x00, 0x02, 0x00, 0x00, 0x00,
    0x00, 0x00, 0x00, 0x06, 0xFF, 0xE0, 0x01, 0xFF, 0xFF, 0xF4, 0x1F, 0xFF, 0xFF, 0xC1, 0xFF, 0x90,
    0x1A, 0x0F, 0xF8, 0x00, 0x00, 0x7F, 0xC0, 0x00, 0x02, 0xFE, 0x00, 0x00, 0x0B, 0xF4, 0x00, 0x00,
    0x2F, 0xD0, 0x00, 0xFF, 0xBF, 0x40, 0x03, 0xFE, 0xFE, 0x00, 0x0F, 0xF7, 0xFC, 0x00, 0x3F, 0xCF,
    0xF8, 0x00, 0xFF, 0x1F, 0xF8, 0x03, 0xFC, 0x2F, 0xFF, 0xFF, 0xF0, 0x1F, 0xFF, 0xFF, 0xC0, 0x06,
    0xFF, 0xE8, 0x00, 0x00, 0x90, 0x00, 0x00, 0xBD, 0x00, 0x00, 0x7F, 0x80, 0x00, 0x7F, 0x80, 0x00,
    0x1F, 0x40, 0x00, 0x01, 0x40, 0x00, 0x00, 0x00, 0x00, 0x06, 0xFF, 0xE4, 0x0B, 0xFF, 0xFF, 0x0B,
    0xFF, 0xFF, 0xC3, 0xFD, 0x0B, 0xF2, 0xFD, 0x02, 0xFC, 0xFF, 0x00, 0xBF, 0x3F, 0xC0, 0x2F, 0xCF,
    0xF0, 0x0B, 0xF2, 0xFD, 0x02, 0xFC, 0x7F, 0xC0, 0xFF, 0x0F, 0xFF, 0xFF, 0xC1, 0xFF, 0xFF, 0xF0,
    0x0B, 0xFB, 0xFC, 0x00, 0x00, 0xFF, 0x05, 0x00, 0xBF, 0x83, 0xFF, 0xFF, 0xC0, 0xFF, 0xFF, 0xD0,
    0x1B, 0xFF, 0x80, 0x00, 0xFF, 0x00, 0x0B, 0xF0, 0x00, 0x00, 0xFF, 0x00, 0x0B, 0xF0, 0x00, 0x00,
    0xFF, 0x00, 0x0B, 0xF0, 0x00, 0x00, 0xFF, 0x00, 0x0B, 0xF0, 0x00, 0x00, 0xFF, 0x00, 0x0B, 0xF0,
    0x03, 0xFC, 0xFF, 0x00, 0x0B, 0xF0, 0x03, 0xFC, 0xFF, 0x00, 0x0B, 0xF0, 0x03, 0xFC, 0xFF, 0xFF,
    0xFF, 0xF0, 0x03, 0xFC, 0xFF, 0xFF, 0xFF, 0xF0, 0x03, 0xFC, 0xFF, 0xFF, 0xFF, 0xF0, 0x03, 0xFC,
    0xFF, 0x00, 0x0B, 0xF0, 0x03, 0xFC, 0xFF, 0x00, 0x0B, 0xF4, 0x03, 0xFC, 0xFF, 0x00, 0x0B, 0xF4,
    0x03, 0xFC, 0xFF, 0x00, 0x07, 0xFD, 0x0F, 0xF8, 0xFF, 0x00, 0x03, 0xFF, 0xFF, 0xF0, 0xFF, 0x00,
    0x00, 0xFF, 0xFF, 0xD0, 0xFF, 0x00, 0x00, 0x2F, 0xFE, 0x00, 0x06, 0xFF, 0xE0, 0x0F, 0xFF, 0xFF,
    0xE0, 0xFF, 0xFF, 0xFF, 0x8F, 0xF0, 0x0B, 0xFC, 0xFF, 0x00, 0x3F, 0xEF, 0xF0, 0x01, 0xFE, 0xFF,
    0x00, 0x1F, 0xFF, 0xF0, 0x01, 0xFE, 0xFF, 0x00, 0x2F, 0xEF, 0xF0, 0x03, 0xFC, 0xFF, 0x00, 0x7F,
    0xCF, 0xF0, 0x1F, 0xF0, 0xFF, 0x0B, 0xFD, 0x0F, 0xF7, 0xFF, 0x40, 0xFF, 0xFF, 0xC0, 0x0F, 0xFF,
    0xD0, 0x00, 0xFF, 0xD0, 0x00, 0x0F, 0xF0, 0x00, 0x00, 0xFF, 0x00, 0x00, 0x0F, 0xF0, 0x00, 0x00,
    0xFF, 0x00, 0x00, 0x0F, 0xF0, 0x00, 0x00, 0x00, 0x20, 0x00, 0x00, 0x03, 0xF0, 0x00, 0x00, 0x0F,
    0xF0, 0x00, 0x00, 0x0F, 0xF0, 0x00, 0x00, 0x0F, 0xC0, 0x00, 0x00, 0x08, 0x00, 0x00, 0x00, 0x00,
    0x00, 0x3F, 0x80, 0x00, 0xFF, 0xFF, 0x80, 0x03, 0xFF, 0xFF, 0x40, 0x0F, 0xFF, 0xFF, 0x40, 0x3F,
    0xFF, 0xFF, 0x00, 0xFF, 0xFF, 0xFF, 0x03, 0xFF, 0xFE, 0xFE, 0x0F, 0xFF, 0xF3, 0xFD, 0x3F, 0xFF,
    0xC3, 0xFC, 0xFF, 0xFF, 0x07, 0xFB, 0xFF, 0xFC, 0x0B, 0xFF, 0xFF, 0xF0, 0x0F, 0xFF, 0xFF, 0xC0,
    0x0F, 0xFF, 0xFF, 0x00, 0x2F, 0xFF, 0xFC, 0x00, 0x3F, 0xFF, 0xF0, 0x00, 0x7F, 0xFF, 0xC0, 0x00,
    0xBF, 0x00, 0x90, 0x00, 0x00, 0xBD, 0x00, 0x00, 0x2F, 0xD0, 0x00, 0x02, 0xFC, 0x00, 0x00, 0x2F,
    0x00, 0x00, 0x02, 0x40, 0x00, 0x00, 0x00, 0x00, 0x6F, 0xFE, 0x40, 0x7F, 0xFF, 0xF8, 0x1F, 0xFF,
    0xFF, 0x47, 0xF8, 0x1F, 0xF1, 0xFD, 0x03, 0xFC, 0x7F, 0x40, 0xBF, 0x1F, 0xD0, 0x2F, 0xC7, 0xF4,
    0x0B, 0xF1, 0xFD, 0x02, 0xFC, 0x7F, 0x40, 0xBF, 0x1F, 0xD0, 0x2F, 0xC7, 0xF4, 0x0B, 0xF1, 0xFD,
    0x02, 0xFC, 0x00, 0x00, 0x18, 0x00, 0x00, 0x00, 0x1F, 0xC0, 0x00, 0x00, 0x07, 0xF8, 0x00, 0x00,
    0x00, 0x34, 0x00, 0x00, 0x00, 0x00, 0x00, 0x00, 0x00, 0x00, 0x2F, 0x40, 0x00, 0x00, 0x07, 0xFD,
    0x00, 0x00, 0x00, 0xB1, 0xD0, 0x00, 0x00, 0x07, 0x1D, 0x00, 0x00, 0x00, 0xBF, 0xD0, 0x00, 0x00,
    0x0F, 0xFF, 0x00, 0x00, 0x01, 0xFF, 0xF4, 0x00, 0x00, 0x3F, 0xFF, 0xC0, 0x00, 0x03, 0xFA, 0xFC,
    0x00, 0x00, 0xBF, 0x1F, 0xE0, 0x00, 0x0F, 0xF0, 0xFF, 0x00, 0x01, 0xFD, 0x0B, 0xF4, 0x00, 0x3F,
    0xC0, 0x3F, 0x80, 0x03, 0xF8, 0x03, 0xFC, 0x00, 0xBF, 0xFF, 0xFF, 0xD0, 0x0F, 0xFF, 0xFF, 0xFF,
    0x00, 0xFF, 0xFF, 0xFF, 0xF0, 0x2F, 0xD0, 0x00, 0xBF, 0x83, 0xFC, 0x00, 0x03, 0xFC, 0x3F, 0xC0,
    0x00, 0x3F, 0xDB, 0xF4, 0x00, 0x02, 0xFE, 0x00, 0x02, 0x80, 0x00, 0x0B, 0xF0, 0x00, 0x0B, 0xF4,
    0x00, 0x00, 0xD0, 0x00, 0x00, 0x00, 0x00, 0x00, 0x0B, 0xD0, 0x00, 0x0B, 0x1D, 0x00, 0x02, 0xC7,
    0x40, 0x00, 0x2F, 0x40, 0x00, 0x00, 0x00, 0x00, 0x00, 0x00, 0x00, 0x1B, 0xFF, 0x80, 0x0F, 0xFF,
    0xFC, 0x02, 0xFF, 0xFF, 0x80, 0x10, 0x1F, 0xF0, 0x00, 0x01, 0xFC, 0x01, 0xFF, 0xFF, 0x03, 0xFF,
    0xFF, 0xC3, 0xFF, 0xFF, 0xF0, 0xFF, 0x01, 0xFC, 0x3F, 0xC0, 0x7F, 0x0F, 0xFF, 0xFF, 0xC1, 0xFF,
    0xFF, 0xF0, 0x0B, 0xFF, 0xE4, 0x00, 0x00, 0x00, 0x00, 0x80, 0x00, 0x00, 0x00, 0x00, 0x03, 0xF0,
    0x00, 0x00, 0x00, 0x00, 0x0F, 0xF0, 0x00, 0x00, 0x00, 0x00, 0x2F, 0xC0, 0x00, 0x00, 0x00, 0x00,
    0x3F, 0x00, 0x00, 0x00, 0x00, 0x00, 0x08, 0x00, 0x00, 0x00, 0x00, 0x00, 0x00, 0x00, 0x00, 0x00,
    0x00, 0x07, 0xFF, 0xFF, 0xFD, 0x00, 0x00, 0x0F, 0xFF, 0xFF, 0xFD, 0x00, 0x00, 0x3F, 0xFF, 0xFF,
    0xFD, 0x00, 0x00, 0xBF, 0xFF, 0x00, 0x00, 0x00, 0x00, 0xFD, 0xFF, 0x00, 0x00, 0x00, 0x03, 0xFC,
    0xFF, 0x00, 0x00, 0x00, 0x07, 0xF4, 0xFF, 0x00, 0x00, 0x00, 0x0F, 0xE0, 0xFF, 0xFF, 0xF8, 0x00,
    0x2F, 0xC0, 0xFF, 0xFF, 0xF8, 0x00, 0x7F, 0x80, 0xFF, 0xFF, 0xF8, 0x00, 0xFF, 0xFF, 0xFF, 0x00,
    0x00, 0x02, 0xFF, 0xFF, 0xFF, 0x00, 0x00, 0x03, 0xFF, 0xFF, 0xFF, 0x00, 0x00, 0x0B, 0xF4, 0x00,
    0xFF, 0x00, 0x00, 0x1F, 0xF0, 0x00, 0xFF, 0xFF, 0xFF, 0x3F, 0xD0, 0x00, 0xFF, 0xFF, 0xFF, 0x7F,
    0xC0, 0x00, 0xFF, 0xFF, 0xFF, 0x00, 0x00, 0x00, 0x90, 0x00, 0x00, 0x00, 0x00, 0xBD, 0x00, 0x00,
    0x00, 0x00, 0xBF, 0x40, 0x00, 0x00, 0x00, 0x7F, 0x40, 0x00, 0x00, 0x00, 0x1F, 0x40, 0x00, 0x00,
    0x00, 0x02, 0x40, 0x00, 0x00, 0x00, 0x00, 0x00, 0x00, 0x00, 0x1B, 0xFE, 0x42, 0xFF, 0x40, 0x0F,
    0xFF, 0xFB, 0xFF, 0xFC, 0x02, 0xFF, 0xFF, 0xFF, 0xFF, 0x80, 0x10, 0x0F, 0xFD, 0x0B, 0xF0, 0x00,
    0x01, 0xFD, 0x00, 0xFD, 0x01, 0xFF, 0xFF, 0xFF, 0xFF, 0x83, 0xFF, 0xFF, 0xFF, 0xFF, 0xE3, 0xFF,
    0xFF, 0xFF, 0xFF, 0xF8, 0xFF, 0x01, 0xFD, 0x00, 0x00, 0x3F, 0xC0, 0x3F, 0xD0, 0x05, 0x0F, 0xFF,
    0xFF, 0xFF, 0xFF, 0x81, 0xFF, 0xFF, 0xFF, 0xFF, 0xF0, 0x0B, 0xFF, 0x86, 0xFF, 0xE4, 0x00, 0x00,
    0x20, 0x00, 0x00, 0x00, 0x0F, 0xD0, 0x00, 0x00, 0x02, 0xFD, 0x00, 0x00, 0x00, 0xBF, 0x40, 0x00,
    0x00, 0x0B, 0xD0, 0x00, 0x00, 0x00, 0x20, 0x00, 0x00, 0x00, 0x00, 0x00, 0x04, 0x00, 0x01, 0xBF,
    0xE5, 0xF4, 0x01, 0xFF, 0xFF, 0xFF, 0x40, 0x7F, 0xFF, 0xFF, 0xE0, 0x1F, 0xF8, 0x07, 0xFF, 0x03,
    0xFE, 0x00, 0xBF, 0xF8, 0x7F, 0xC0, 0x1F, 0xFF, 0xCB, 0xF8, 0x03, 0xF3, 0xFD, 0xBF, 0x40, 0xFD,
    0x2F, 0xDB, 0xF4, 0x3F, 0x82, 0xFD, 0xBF, 0x4B, 0xE0, 0x2F, 0xDB, 0xF9, 0xFC, 0x03, 0xFD, 0x7F,
    0xFF, 0x00, 0x3F, 0xC3, 0xFF, 0xC0, 0x0F, 0xF8, 0x1F, 0xFD, 0x07, 0xFF, 0x00, 0xFF, 0xFF, 0xFF,
    0xD0, 0x2F, 0xFF, 0xFF, 0xF4, 0x02, 0xF1, 0xBF, 0xE4, 0x00, 0x04, 0x00, 0x00, 0x00, 0x00, 0x00,
    0x02, 0x00, 0x00, 0x00, 0xFC, 0x00, 0x00, 0x3F, 0xC0, 0x00, 0x0B, 0xF0, 0x00, 0x00, 0xBC, 0x00,
    0x00, 0x02, 0x00, 0x00, 0x00, 0x00, 0x01, 0x00, 0x1B, 0xF9, 0xF4, 0x0B, 0xFF, 0xFF, 0x02, 0xFF,
    0xFF, 0xF0, 0x3F, 0xD1, 0xFF, 0x4B, 0xF0, 0x3F, 0xFC, 0xFF, 0x0F, 0xEF, 0xCF, 0xE3, 0xF2, 0xFC,
    0xFF, 0xBC, 0x2F, 0xCB, 0xFF, 0x43, 0xFC, 0x3F, 0xE0, 0xFF, 0x42, 0xFF, 0xFF, 0xF0, 0x3F, 0xFF,
    0xFC, 0x07, 0xDB, 0xF9, 0x00, 0x00, 0x00, 0x00, 0x00, 0x00, 0x20, 0x08, 0x00, 0x00, 0x0F, 0x43,
    0xE0, 0x00, 0x00, 0xFC, 0x3F, 0x00, 0x00, 0x07, 0xE0, 0xF8, 0x00, 0x00, 0x1F, 0x47, 0xD0, 0x00,
    0x00, 0xA0, 0x18, 0x00, 0x00, 0x00, 0x00, 0x00, 0x00, 0x00, 0x3F, 0xC0, 0x00, 0x00, 0x0B, 0xFE,
    0x00, 0x00, 0x00, 0xFF, 0xF0, 0x00, 0x00, 0x1F, 0xFF, 0x40, 0x00, 0x03, 0xFB, 0xFC, 0x00, 0x00,
    0x7F, 0x1F, 0xD0, 0x00, 0x0F, 0xF0, 0xFF, 0x00, 0x00, 0xFD, 0x0B, 0xF0, 0x00, 0x2F, 0xC0, 0x3F,
    0x80, 0x03, 0xF8, 0x03, 0xFC, 0x00, 0x7F, 0xFF, 0xFF, 0xD0, 0x0B, 0xFF, 0xFF, 0xFF, 0x00, 0xFF,
    0xFF, 0xFF, 0xF0, 0x1F, 0xD0, 0x00, 0xBF, 0x83, 0xFC, 0x00, 0x03, 0xFC, 0x3F, 0xC0, 0x00, 0x3F,
    0xCB, 0xF4, 0x00, 0x02, 0xFE, 0x05, 0x01, 0x40, 0x0B, 0xC1, 0xF0, 0x02, 0xF8, 0xBE, 0x00, 0x2F,
    0x0B, 0xD0, 0x03, 0xF0, 0xFC, 0x00, 0x34, 0x0D, 0x00, 0x00, 0x00, 0x00, 0x1B, 0xFF, 0x80, 0x0F,
    0xFF, 0xFC, 0x02, 0xFF, 0xFF, 0x80, 0x10, 0x1F, 0xF0, 0x00, 0x01, 0xFC, 0x01, 0xFF, 0xFF, 0x03,
    0xFF, 0xFF, 0xC3, 0xFF, 0xFF, 0xF0, 0xFF, 0x01, 0xFC, 0x3F, 0xC0, 0x7F, 0x0F, 0xFF, 0xFF, 0xC1,
    0xFF, 0xFF, 0xF0, 0x0B, 0xFF, 0xE4, 0x00, 0x02, 0xF8, 0x00, 0x00, 0x01, 0xFF, 0xF0, 0x00, 0x00,
    0x3F, 0x0F, 0xC0, 0x00, 0x03, 0xE0, 0xBC, 0x00, 0x00, 0x00, 0x00, 0x00, 0x00, 0x00, 0x00, 0x00,
    0x00, 0x00, 0x03, 0xFC, 0x00, 0x00, 0x00, 0xBF, 0xE0, 0x00, 0x00, 0x0F, 0xFF, 0x00, 0x00, 0x01,
    0xFF, 0xF4, 0x00, 0x00, 0x3F, 0xBF, 0xC0, 0x00, 0x07, 0xF1, 0xFD, 0x00, 0x00, 0xFF, 0x0F, 0xF0,
    0x00, 0x0F, 0xD0, 0xBF, 0x00, 0x02, 0xFC, 0x03, 0xF8, 0x00, 0x3F, 0x80, 0x3F, 0xC0, 0x07, 0xFF,
    0xFF, 0xFD, 0x00, 0xBF, 0xFF, 0xFF, 0xF0, 0x0F, 0xFF, 0xFF, 0xFF, 0x01, 0xFD, 0x00, 0x0B, 0xF8,
    0x3F, 0xC0, 0x00, 0x3F, 0xC3, 0xFC, 0x00, 0x03, 0xFC, 0xBF, 0x40, 0x00, 0x2F, 0xE0, 0x00, 0x7F,
    0x80, 0x00, 0x7F, 0xFC, 0x00, 0x3F, 0x0F, 0x80, 0x0F, 0x42, 0xF0, 0x00, 0x00, 0x00, 0x00, 0x00,
    0x00, 0x00, 0x6F, 0xFE, 0x00, 0x3F, 0xFF, 0xF0, 0x0B, 0xFF, 0xFE, 0x00, 0x40, 0x7F, 0xC0, 0x00,
    0x07, 0xF0, 0x07, 0xFF, 0xFC, 0x0F, 0xFF, 0xFF, 0x0F, 0xFF, 0xFF, 0xC3, 0xFC, 0x07, 0xF0, 0xFF,
    0x01, 0xFC, 0x3F, 0xFF, 0xFF, 0x07, 0xFF, 0xFF, 0xC0, 0x2F, 0xFF, 0x90, 0x08, 0x02, 0x00, 0x1F,
    0x43, 0xD0, 0x07, 0xF1, 0xFC, 0x00, 0x7E, 0x1F, 0x80, 0x0B, 0xC2, 0xF0, 0x00, 0xA0, 0x28, 0x00,
    0x00, 0x00, 0x03, 0xFF, 0xFF, 0xF8, 0xFF, 0xFF, 0xFE, 0x3F, 0xFF, 0xFF, 0x8F, 0xF0, 0x00, 0x03,
    0xFC, 0x00, 0x00, 0xFF, 0x00, 0x00, 0x3F, 0xC0, 0x00, 0x0F, 0xFF, 0xFF, 0xC3, 0xFF, 0xFF, 0xF0,
    0xFF, 0xFF, 0xFC, 0x3F, 0xC0, 0x00, 0x0F, 0xF0, 0x00, 0x03, 0xFC, 0x00, 0x00, 0xFF, 0x00, 0x00,
    0x3F, 0xFF, 0xFF, 0xDF, 0xFF, 0xFF, 0xF7, 0xFF, 0xFF, 0xFD, 0x05, 0x01, 0x40, 0x07, 0xC1, 0xF0,
    0x02, 0xF8, 0xBE, 0x00, 0x2F, 0x0B, 0xD0, 0x03, 0xF0, 0xFC, 0x00, 0x34, 0x0D, 0x00, 0x00, 0x00,
    0x00, 0x06, 0xFE, 0x40, 0x0B, 0xFF, 0xF8, 0x0B, 0xFF, 0xFF, 0x43, 0xFC, 0x0F, 0xF2, 0xFC, 0x01,
    0xFC, 0xFF, 0xFF, 0xFF, 0x7F, 0xFF, 0xFF, 0xDF, 0xFF, 0xFF, 0xF6, 0xFC, 0x00, 0x00, 0x7F, 0xD0,
    0x04, 0x0B, 0xFF, 0xFF, 0x40, 0xBF, 0xFF, 0xE0, 0x06, 0xFF, 0xE0, 0x01, 0xFE, 0x00, 0x01, 0xFF,
    0xF0, 0x00, 0xFC, 0x3E, 0x00, 0x3D, 0x0B, 0xC0, 0x00, 0x00, 0x00, 0x00, 0x00, 0x00, 0x0F, 0xFF,
    0xFF, 0xE3, 0xFF, 0xFF, 0xF8, 0xFF, 0xFF, 0xFE, 0x3F, 0xC0, 0x00, 0x0F, 0xF0, 0x00, 0x03, 0xFC,
    0x00, 0x00, 0xFF, 0x00, 0x00, 0x3F, 0xFF, 0xFF, 0x0F, 0xFF, 0xFF, 0xC3, 0xFF, 0xFF, 0xF0, 0xFF,
    0x00, 0x00, 0x3F, 0xC0, 0x00, 0x0F, 0xF0, 0x00, 0x03, 0xFC, 0x00, 0x00, 0xFF, 0xFF, 0xFF, 0x7F,
    0xFF, 0xFF, 0xDF, 0xFF, 0xFF, 0xF4, 0x00, 0xBF, 0x40, 0x00, 0xBF, 0xF8, 0x00, 0x7D, 0x1F, 0x40,
    0x2F, 0x03, 0xE0, 0x00, 0x00, 0x00, 0x00, 0x00, 0x00, 0x00, 0x1B, 0xF9, 0x00, 0x2F, 0xFF, 0xE0,
    0x2F, 0xFF, 0xFD, 0x0F, 0xF0, 0x3F, 0xCB, 0xF0, 0x07, 0xF3, 0xFF, 0xFF, 0xFD, 0xFF, 0xFF, 0xFF,
    0x7F, 0xFF, 0xFF, 0xDB, 0xF0, 0x00, 0x01, 0xFF, 0x40, 0x10, 0x2F, 0xFF, 0xFD, 0x02, 0xFF, 0xFF,
    0x80, 0x1B, 0xFF, 0x80, 0x08, 0x02, 0x01, 0xF4, 0x3D, 0x07, 0xF1, 0xFC, 0x07, 0xE1, 0xF8, 0x0B,
    0xC2, 0xF0, 0x0A, 0x02, 0x80, 0x00, 0x00, 0x00, 0x3F, 0xC0, 0x00, 0xFF, 0x00, 0x03, 0xFC, 0x00,
    0x0F, 0xF0, 0x00, 0x3F, 0xC0, 0x00, 0xFF, 0x00, 0x03, 0xFC, 0x00, 0x0F, 0xF0, 0x00, 0x3F, 0xC0,
    0x00, 0xFF, 0x00, 0x03, 0xFC, 0x00, 0x0F, 0xF0, 0x00, 0x3F, 0xC0, 0x00, 0xFF, 0x00, 0x03, 0xFC,
    0x00, 0x0F, 0xF0, 0x00, 0x3F, 0xC0, 0x05, 0x01, 0x40, 0x2F, 0x07, 0xC0, 0x2F, 0x8B, 0xE0, 0x0B,
    0xC2, 0xF0, 0x03, 0xF0, 0xFC, 0x00, 0xD0, 0x34, 0x00, 0x00, 0x00, 0x00, 0x7F, 0x40, 0x00, 0x7F,
    0x40, 0x00, 0x7F, 0x40, 0x00, 0x7F, 0x40, 0x00, 0x7F, 0x40, 0x00, 0x7F, 0x40, 0x00, 0x7F, 0x40,
    0x00, 0x7F, 0x40, 0x00, 0x7F, 0x40, 0x00, 0x7F, 0x40, 0x00, 0x7F, 0x40, 0x00, 0x7F, 0x40, 0x00,
    0x7F, 0x40, 0x02, 0xF8, 0x00, 0xFF, 0xF0, 0x3F, 0x0F, 0xC3, 0xE0, 0xBC, 0x00, 0x00, 0x00, 0x00,
    0x00, 0x03, 0xFC, 0x00, 0x3F, 0xC0, 0x03, 0xFC, 0x00, 0x3F, 0xC0, 0x03, 0xFC, 0x00, 0x3F, 0xC0,
    0x03, 0xFC, 0x00, 0x3F, 0xC0, 0x03, 0xFC, 0x00, 0x3F, 0xC0, 0x03, 0xFC, 0x00, 0x3F, 0xC0, 0x03,
    0xFC, 0x00, 0x3F, 0xC0, 0x03, 0xFC, 0x00, 0x3F, 0xC0, 0x03, 0xFC, 0x00, 0x07, 0xF8, 0x0B, 0xFF,
    0xC3, 0xE1, 0xF5, 0xF0, 0x3E, 0x00, 0x00, 0x00, 0x00, 0x00, 0x7F, 0x40, 0x1F, 0xD0, 0x07, 0xF4,
    0x01, 0xFD, 0x00, 0x7F, 0x40, 0x1F, 0xD0, 0x07, 0xF4, 0x01, 0xFD, 0x00, 0x7F, 0x40, 0x1F, 0xD0,
    0x07, 0xF4, 0x01, 0xFD, 0x00, 0x7F, 0x40, 0x00, 0x50, 0x14, 0x00, 0x00, 0x2F, 0x07, 0xC0, 0x00,
    0x02, 0xF8, 0xBE, 0x00, 0x00, 0x0B, 0xC2, 0xF4, 0x00, 0x00, 0x3F, 0x0F, 0xC0, 0x00, 0x00, 0xD0,
    0x34, 0x00, 0x00, 0x00, 0x00, 0x00, 0x00, 0x01, 0xBF, 0xE4, 0x00, 0x01, 0xFF, 0xFF, 0xF0, 0x00,
    0x7F, 0xFF, 0xFF, 0xD0, 0x1F, 0xF8, 0x07, 0xFF, 0x03, 0xFE, 0x00, 0x0F, 0xF8, 0x7F, 0xC0, 0x00,
    0x3F, 0xCB, 0xF8, 0x00, 0x03, 0xFD, 0xBF, 0x40, 0x00, 0x2F, 0xDB, 0xF4, 0x00, 0x02, 0xFD, 0xBF,
    0x40, 0x00, 0x2F, 0xDB, 0xF8, 0x00, 0x03, 0xFD, 0x7F, 0xC0, 0x00, 0x3F, 0xC3, 0xFE, 0x00, 0x0F,
    0xF8, 0x1F, 0xF8, 0x07, 0xFF, 0x00, 0xBF, 0xFF, 0xFF, 0xD0, 0x01, 0xFF, 0xFF, 0xF4, 0x00, 0x01,
    0xBF, 0xE4, 0x00, 0x05, 0x01, 0x40, 0x01, 0xF0, 0x7C, 0x00, 0x2F, 0x8B, 0xE0, 0x00, 0xBC, 0x2F,
    0x40, 0x03, 0xF0, 0xFC, 0x00, 0x0D, 0x03, 0x40, 0x00, 0x00, 0x00, 0x00, 0x1B, 0xF9, 0x00, 0x0B,
    0xFF, 0xFC, 0x02, 0xFF, 0xFF, 0xF0, 0x3F, 0xD0, 0xFF, 0x4B, 0xF4, 0x03, 0xFC, 0xFF, 0x00, 0x3F,
    0xCF, 0xF0, 0x03, 0xFC, 0xFF, 0x00, 0x3F, 0xCB, 0xF4, 0x03, 0xFC, 0x3F, 0xD0, 0xFF, 0x42, 0xFF,
    0xFF, 0xF0, 0x0B, 0xFF, 0xFC, 0x00, 0x1B, 0xF9, 0x00, 0x00, 0x07, 0xF8, 0x00, 0x00, 0x01, 0xFF,
    0xF0, 0x00, 0x00, 0x3F, 0x0F, 0x80, 0x00, 0x03, 0xD0, 0xBC, 0x00, 0x00, 0x00, 0x00, 0x00, 0x00,
    0x00, 0x00, 0x00, 0x00, 0x00, 0x1B, 0xFE, 0x40, 0x00, 0x1F, 0xFF, 0xFF, 0x00, 0x07, 0xFF, 0xFF,
    0xFD, 0x01, 0xFF, 0x80, 0x7F, 0xF0, 0x3F, 0xE0, 0x00, 0xFF, 0x87, 0xFC, 0x00, 0x03, 0xFC, 0xBF,
    0x80, 0x00, 0x3F, 0xDB, 0xF4, 0x00, 0x02, 0xFD, 0xBF, 0x40, 0x00, 0x2F, 0xDB, 0xF4, 0x00, 0x02,
    0xFD, 0xBF, 0x80, 0x00, 0x3F, 0xD7, 0xFC, 0x00, 0x03, 0xFC, 0x3F, 0xE0, 0x00, 0xFF, 0x81, 0xFF,
    0x80, 0x7F, 0xF0, 0x0B, 0xFF, 0xFF, 0xFD, 0x00, 0x1F, 0xFF, 0xFF, 0x40, 0x00, 0x1B, 0xFE, 0x40,
    0x00, 0x00, 0x7F, 0x80, 0x00, 0x2F, 0xFF, 0x00, 0x03, 0xE1, 0xF4, 0x00, 0x7C, 0x0F, 0x80, 0x00,
    0x00, 0x00, 0x00, 0x00, 0x00, 0x00, 0x01, 0xBF, 0x90, 0x00, 0xBF, 0xFF, 0xC0, 0x2F, 0xFF, 0xFF,
    0x03, 0xFD, 0x0F, 0xF4, 0xBF, 0x40, 0x3F, 0xCF, 0xF0, 0x03, 0xFC, 0xFF, 0x00, 0x3F, 0xCF, 0xF0,
    0x03, 0xFC, 0xBF, 0x40, 0x3F, 0xC3, 0xFD, 0x0F, 0xF4, 0x2F, 0xFF, 0xFF, 0x00, 0xBF, 0xFF, 0xC0,
    0x01, 0xBF, 0x90, 0x00, 0x14, 0x05, 0x00, 0x01, 0xF0, 0x7C, 0x00, 0x0B, 0xE2, 0xF8, 0x00, 0x0B,
    0xD2, 0xF4, 0x00, 0x0F, 0xC2, 0xF0, 0x00, 0x0D, 0x03, 0x40, 0x00, 0x00, 0x00, 0x00, 0x2B, 0xFF,
    0xE4, 0x00, 0xFF, 0xFF, 0xFD, 0x03, 0xFF, 0xFF, 0xFC, 0x0F, 0xF0, 0x1F, 0xF8, 0x3F, 0xC0, 0x0F,
    0xF0, 0xFF, 0x00, 0x3F, 0xC3, 0xFC, 0x00, 0xFF, 0x0F, 0xF0, 0x1F, 0xFC, 0x3F, 0xFF, 0xFF, 0xC0,
    0xFF, 0xFF, 0xFD, 0x03, 0xFF, 0xFF, 0xC0, 0x0F, 0xF0, 0xFF, 0xC0, 0x3F, 0xC0, 0xFF, 0x80, 0xFF,
    0x01, 0xFF, 0x03, 0xFC, 0x02, 0xFF, 0x0F, 0xF0, 0x03, 0xFD, 0x3F, 0xC0, 0x0B, 0xFC, 0x14, 0x06,
    0x01, 0xF0, 0x7C, 0x0B, 0xE1, 0xF8, 0x0B, 0xD2, 0xF4, 0x0F, 0xC2, 0xF0, 0x0D, 0x03, 0x40, 0x00,
    0x00, 0x01, 0xBF, 0xF8, 0x1F, 0xFF, 0xF0, 0x7F, 0xFF, 0xC1, 0xFE, 0x00, 0x07, 0xF4, 0x00, 0x1F,
    0xD0, 0x00, 0x7F, 0x40, 0x01, 0xFD, 0x00, 0x07, 0xF4, 0x00, 0x1F, 0xD0, 0x00, 0x7F, 0x40, 0x01,
    0xFD, 0x00, 0x07, 0xF4, 0x00, 0x00, 0xBE, 0x00, 0x00, 0x0F, 0xFF, 0x40, 0x00, 0xFC, 0x3F, 0x00,
    0x03, 0xE0, 0xBC, 0x00, 0x00, 0x00, 0x00, 0x00, 0x00, 0x00, 0x00, 0x0A, 0xFF, 0xF9, 0x00, 0x3F,
    0xFF, 0xFF, 0x40, 0xFF, 0xFF, 0xFF, 0x03, 0xFC, 0x07, 0xFE, 0x0F, 0xF0, 0x03, 0xFC, 0x3F, 0xC0,
    0x0F, 0xF0, 0xFF, 0x00, 0x3F, 0xC3, 0xFC, 0x07, 0xFF, 0x0F, 0xFF, 0xFF, 0xF0, 0x3F, 0xFF, 0xFF,
    0x40, 0xFF, 0xFF, 0xF0, 0x03, 0xFC, 0x3F, 0xF0, 0x0F, 0xF0, 0x3F, 0xE0, 0x3F, 0xC0, 0x7F, 0xC0,
    0xFF, 0x00, 0xBF, 0xC3, 0xFC, 0x00, 0xFF, 0x4F, 0xF0, 0x02, 0xFF, 0x00, 0x02, 0xFD, 0x00, 0xFF,
    0xF4, 0x2F, 0x0F, 0xC3, 0xE0, 0x7C, 0x00, 0x00, 0x00, 0x00, 0x00, 0x1B, 0xFF, 0x87, 0xFF, 0xFC,
    0x7F, 0xFF, 0xC7, 0xF8, 0x00, 0x7F, 0x40, 0x07, 0xF4, 0x00, 0x7F, 0x40, 0x07, 0xF4, 0x00, 0x7F,
    0x40, 0x07, 0xF4, 0x00, 0x7F, 0x40, 0x07, 0xF4, 0x00, 0x7F, 0x40, 0x00, 0x01, 0x40, 0x50, 0x00,
    0x1F, 0x07, 0xC0, 0x00, 0xBE, 0x2F, 0x80, 0x00, 0xBC, 0x2F, 0x40, 0x00, 0xFC, 0x3F, 0x00, 0x00,
    0xD0, 0x34, 0x00, 0x00, 0x00, 0x00, 0x1F, 0xE0, 0x00, 0xFF, 0x7F, 0x80, 0x03, 0xFD, 0xFE, 0x00,
    0x0F, 0xF7, 0xF8, 0x00, 0x3F, 0xDF, 0xE0, 0x00, 0xFF, 0x7F, 0x80, 0x03, 0xFD, 0xFE, 0x00, 0x0F,
    0xF7, 0xF8, 0x00, 0x3F, 0xDF, 0xE0, 0x00, 0xFF, 0x7F, 0x80, 0x03, 0xFC, 0xFE, 0x00, 0x0F, 0xF3,
    0xFC, 0x00, 0x3F, 0xCF, 0xF0, 0x01, 0xFE, 0x2F, 0xF4, 0x1F, 0xF4, 0x3F, 0xFF, 0xFF, 0x80, 0x3F,
    0xFF, 0xF8, 0x00, 0x1B, 0xFE, 0x40, 0x08, 0x02, 0x00, 0x3D, 0x0F, 0x40, 0x7F, 0x0F, 0xC0, 0x1F,
    0x87, 0xE0, 0x0B, 0xC1, 0xF0, 0x02, 0x80, 0xA0, 0x00, 0x00, 0x00, 0x7F, 0x40, 0xFF, 0x7F, 0x40,
    0xFF, 0x7F, 0x40, 0xFF, 0x7F, 0x40, 0xFF, 0x7F, 0x40, 0xFF, 0x7F, 0x40, 0xFF, 0x7F, 0x40, 0xFF,
    0x7F, 0x40, 0xFF, 0x7F, 0x80, 0xFF, 0x3F, 0xD0, 0xFF, 0x2F, 0xFF, 0xFF, 0x0F, 0xFF, 0xFF, 0x01,
    0xFF, 0xF9, 0x00, 0x1F, 0xE0, 0x00, 0x01, 0xFF, 0xF0, 0x00, 0x0F, 0xC3, 0xE0, 0x00, 0x3D, 0x0B,
    0xC0, 0x00, 0x00, 0x00, 0x00, 0x00, 0x00, 0x00, 0x07, 0xF8, 0x00, 0x3F, 0xDF, 0xE0, 0x00, 0xFF,
    0x7F, 0x80, 0x03, 0xFD, 0xFE, 0x00, 0x0F, 0xF7, 0xF8, 0x00, 0x3F, 0xDF, 0xE0, 0x00, 0xFF, 0x7F,
    0x80, 0x03, 0xFD, 0xFE, 0x00, 0x0F, 0xF7, 0xF8, 0x00, 0x3F, 0xDF, 0xE0, 0x00, 0xFF, 0x3F, 0x80,
    0x03, 0xFC, 0xFF, 0x00, 0x0F, 0xF3, 0xFC, 0x00, 0x7F, 0x8B, 0xFD, 0x07, 0xFD, 0x0F, 0xFF, 0xFF,
    0xE0, 0x0F, 0xFF, 0xFE, 0x00, 0x06, 0xFF, 0x90, 0x00, 0x00, 0xBF, 0x40, 0x03, 0xFF, 0xE0, 0x0B,
    0xD2, 0xF0, 0x0B, 0xC1, 0xF4, 0x00, 0x00, 0x00, 0x00, 0x00, 0x00, 0x7F, 0x40, 0xFF, 0x7F, 0x40,
    0xFF, 0x7F, 0x40, 0xFF, 0x7F, 0x40, 0xFF, 0x7F, 0x40, 0xFF, 0x7F, 0x40, 0xFF, 0x7F, 0x40, 0xFF,
    0x7F, 0x40, 0xFF, 0x7F, 0x80, 0xFF, 0x3F, 0xD0, 0xFF, 0x2F, 0xFF, 0xFF, 0x0F, 0xFF, 0xFF, 0x01,
    0xFF, 0xF9, 0x00, 0x7F, 0xF9, 0x00, 0x7F, 0xFF, 0xF8, 0x0F, 0xFF, 0xFF, 0x02, 0xFE, 0x00, 0xA0,
    0x2F, 0xD0, 0x00, 0x02, 0xFE, 0x00, 0x00, 0x1F, 0xFE, 0x00, 0x00, 0xFF, 0xFF, 0x40, 0x02, 0xFF,
    0xFF, 0x00, 0x02, 0xFF, 0xFC, 0x00, 0x01, 0xFF, 0xD0, 0x00, 0x03, 0xFD, 0x00, 0x00, 0x2F, 0xE0,
    0xD0, 0x07, 0xFD, 0x2F, 0xFF, 0xFF, 0xC3, 0xFF, 0xFF, 0xF0, 0x06, 0xFF, 0xE4, 0x00, 0x00, 0x00,
    0x00, 0x00, 0x0F, 0xC0, 0x00, 0x01, 0xFC, 0x00, 0x00, 0xFF, 0x80, 0x00, 0x0F, 0xD0, 0x00, 0x01,
    0xBF, 0xE0, 0x0B, 0xFF, 0xF4, 0x1F, 0xFF, 0xF0, 0x2F, 0xD0, 0x10, 0x2F, 0xD0, 0x00, 0x2F, 0xFF,
    0xF0, 0x0F, 0xFF, 0xF8, 0x07, 0xFF, 0xFC, 0x00, 0x07, 0xFC, 0x18, 0x03, 0xFC, 0x2F, 0xFF, 0xF8,
    0x3F, 0xFF, 0xF0, 0x1B, 0xFF, 0x40, 0x00, 0x00, 0x00, 0x00, 0x7E, 0x00, 0x00, 0xBE, 0x00, 0x03,
    0xFD, 0x00, 0x03, 0xF4, 0x00, 0xBF, 0xFF, 0xFF, 0xFE, 0xFF, 0xFF, 0xFF, 0xFB, 0xFF, 0xFF, 0xFF,
    0xC0, 0x07, 0xF8, 0x00, 0x00, 0x1F, 0xE0, 0x00, 0x00, 0x7F, 0x80, 0x00, 0x01, 0xFE, 0x00, 0x00,
    0x07, 0xF8, 0x00, 0x00, 0x1F, 0xE0, 0x00, 0x00, 0x7F, 0x80, 0x00, 0x01, 0xFE, 0x00, 0x00, 0x07,
    0xF8, 0x00, 0x00, 0x1F, 0xE0, 0x00, 0x00, 0x7F, 0x80, 0x00, 0x01, 0xFE, 0x00, 0x00, 0x07, 0xF8,
    0x00, 0x00, 0x1F, 0xE0, 0x00, 0x00, 0x00, 0x00, 0x00, 0x00, 0xFC, 0x00, 0x00, 0x07, 0xF0, 0x00,
    0x00, 0xBF, 0x80, 0x00, 0x02, 0xF8, 0x00, 0x00, 0x2B, 0x40, 0x07, 0xF4, 0x00, 0x7F, 0x40, 0x07,
    0xF4, 0x00, 0x7F, 0xFF, 0xC7, 0xFF, 0xFC, 0x7F, 0xFF, 0xC7, 0xF4, 0x00, 0x7F, 0x40, 0x07, 0xF4,
    0x00, 0x7F, 0x40, 0x07, 0xF4, 0x00, 0x7F, 0x40, 0x03, 0xFC, 0x04, 0x3F, 0xFF, 0xC1, 0xFF, 0xFC,
    0x02, 0xFF, 0x80, 0x00, 0x00, 0x00, 0xFC, 0x00, 0x1F, 0xC0, 0x0F, 0xF4, 0x00, 0xFD, 0x00, 0x1B,
    0xFF, 0x80, 0x1F, 0xFF, 0xFD, 0x03, 0xFF, 0xFF, 0xD0, 0x64, 0x0F, 0xFC, 0x00, 0x00, 0xFF, 0x00,
    0x00, 0x3F, 0xC0, 0x00, 0x0F, 0xF0, 0x00, 0x07, 0xFC, 0x00, 0x0B, 0xFD, 0x00, 0xFF, 0xFE, 0x00,
    0x3F, 0xFF, 0x40, 0x0F, 0xFF, 0xF4, 0x00, 0x07, 0xFF, 0x00, 0x00, 0x2F, 0xE0, 0x00, 0x03, 0xFC,
    0x00, 0x00, 0xFF, 0x00, 0x00, 0x7F, 0xC0, 0x00, 0x3F, 0xD0, 0x01, 0xBF, 0xF1, 0xFF, 0xFF, 0xF0,
    0x7F, 0xFF, 0xE0, 0x2F, 0xFE, 0x40, 0x00, 0x2F, 0xFE, 0x01, 0xFF, 0xFF, 0x03, 0xFF, 0xFF, 0x04,
    0x03, 0xFC, 0x00, 0x0B, 0xF4, 0x00, 0x2F, 0xC0, 0x02, 0xFE, 0x00, 0xFF, 0xE0, 0x03, 0xFF, 0x80,
    0x0F, 0xFF, 0xC0, 0x01, 0xFF, 0x40, 0x00, 0xFF, 0x00, 0x03, 0xFC, 0x00, 0x2F, 0xE0, 0x1B, 0xFF,
    0x2F, 0xFF, 0xF4, 0xBF, 0xFF, 0x02, 0xFE, 0x40, 0x00, 0x00, 0x90, 0x30, 0x00, 0x07, 0xE7, 0xF0,
    0x00, 0x0B, 0xFF, 0x00, 0x00, 0x0B, 0xF0, 0x00, 0x00, 0x06, 0x00, 0x00, 0x00, 0x00, 0x00, 0x00,
    0x00, 0x00, 0x00, 0x3F, 0xC0, 0x02, 0xFD, 0xFF, 0x00, 0x0B, 0xF7, 0xFC, 0x00, 0x2F, 0xDF, 0xF0,
    0x00, 0xBF, 0x7F, 0xC0, 0x02, 0xFD, 0xFF, 0x00, 0x0B, 0xF7, 0xFC, 0x00, 0x2F, 0xDF, 0xFF, 0xFF,
    0xFF, 0x7F, 0xFF, 0xFF, 0xFD, 0xFF, 0xFF, 0xFF, 0xF7, 0xFC, 0x00, 0x2F, 0xDF, 0xF0, 0x00, 0xBF,
    0x7F, 0xC0, 0x02, 0xFD, 0xFF, 0x00, 0x0B, 0xF7, 0xFC, 0x00, 0x2F, 0xDF, 0xF0, 0x00, 0xBF, 0x7F,
    0xC0, 0x02, 0xFD, 0x08, 0x06, 0x00, 0x0F, 0xCB, 0xC0, 0x01, 0xFF, 0xE0, 0x00, 0x0F, 0xD0, 0x00,
    0x00, 0xD0, 0x00, 0x00, 0x00, 0x00, 0x02, 0xB4, 0x00, 0x01, 0xFD, 0x00, 0x00, 0x7F, 0x40, 0x00,
    0x1F, 0xD0, 0x00, 0x07, 0xF4, 0x00, 0x01, 0xFD, 0x00, 0x00, 0x7F, 0xFF, 0xD0, 0x1F, 0xFF, 0xFE,
    0x07, 0xFF, 0xFF, 0xD1, 0xFE, 0x07, 0xFC, 0x7F, 0x40, 0xFF, 0x1F, 0xD0, 0x2F, 0xC7, 0xF4, 0x0B,
    0xF1, 0xFD, 0x02, 0xFC, 0x7F, 0x40, 0xBF, 0x1F, 0xD0, 0x2F, 0xC7, 0xF4, 0x0B, 0xF1, 0xFD, 0x02,
    0xFC, 0x7F, 0x40, 0xBF, 0x00, 0x3F, 0xD0, 0x02, 0xFC, 0x00, 0x2F, 0xC0, 0x01, 0xFC, 0x02, 0xFE,
    0x0B, 0xF4, 0x1F, 0xC0, 0x7E, 0x00, 0x01, 0xFF, 0x00, 0x0F, 0xFF, 0x00, 0xFC, 0xBE, 0x0F, 0xC0,
    0x7E, 0x1F, 0x80, 0xF0, 0xFF, 0xEB, 0xCB, 0x9F, 0xFD, 0x2C, 0x07, 0xE0, 0x3F, 0xFF, 0xC3, 0xFF,
    0xFC, 0x3F, 0xFF, 0xC0, 0x7C, 0x03, 0xD3, 0xFF, 0xFC, 0x2F, 0xFF, 0x80, 0x7F, 0xD0, 0x1F, 0x43,
    0xFC, 0x3F, 0xC1, 0xF4, 0x2D, 0x07, 0x87, 0xF0, 0xFD, 0x3D, 0x0B, 0xC0, 0x0B, 0xD0, 0xFF, 0xD3,
    0x83, 0xCE, 0x0E, 0x3F, 0xF4, 0x2F, 0x40, 0x0B, 0xF1, 0xFD, 0x1F, 0xC3, 0xF4, 0x3F, 0x0F, 0xD0,
    0xF8, 0x2F, 0x00, 0x3F, 0x01, 0xF8, 0x3F, 0x1F, 0x80, 0x3F, 0xFC, 0x00, 0x7F, 0xC0, 0x07, 0xF8,
    0x07, 0xFF, 0xC3, 0xF0, 0xF8, 0xF4, 0x2F, 0x07, 0xD0, 0xFC, 0x0F, 0xC2, 0xF8, 0x3F, 0x87, 0xF4,
    0x15, 0x00, 0x7F, 0x2F, 0x8B, 0xC3, 0xE0, 0x1E, 0x03, 0xF8, 0x07, 0xE0, 0x7E, 0xFF, 0xDB, 0xF4,
    0x00, 0x00, 0x74, 0x1F, 0x03, 0xC0, 0x7C, 0x07, 0xFD, 0x3F, 0xD1, 0xFD, 0x00, 0xA0, 0x00, 0x00,
    0xBD, 0x00, 0x00, 0x2F, 0xD0, 0x00, 0x02, 0xFC, 0x00, 0x00, 0x2F, 0x00, 0x00, 0x02, 0x40, 0x00,
    0x00, 0x00, 0x03, 0xFF, 0xFF, 0xF8, 0xFF, 0xFF, 0xFE, 0x3F, 0xFF, 0xFF, 0x8F, 0xF0, 0x00, 0x03,
    0xFC, 0x00, 0x00, 0xFF, 0x00, 0x00, 0x3F, 0xC0, 0x00, 0x0F, 0xFF, 0xFF, 0xC3, 0xFF, 0xFF, 0xF0,
    0xFF, 0xFF, 0xFC, 0x3F, 0xC0, 0x00, 0x0F, 0xF0, 0x00, 0x03, 0xFC, 0x00, 0x00, 0xFF, 0x00, 0x00,
    0x3F, 0xFF, 0xFF, 0xDF, 0xFF, 0xFF, 0xF7, 0xFF, 0xFF, 0xFD, 0x1F, 0x42, 0xE0, 0x0F, 0xF1, 0xFD,
    0x03, 0xFC, 0x7F, 0x40, 0x7D, 0x0B, 0x80, 0x00, 0x00, 0x00, 0x00, 0x00, 0x00, 0x0F, 0xFF, 0xFF,
    0xE3, 0xFF, 0xFF, 0xF8, 0xFF, 0xFF, 0xFE, 0x3F, 0xC0, 0x00, 0x0F, 0xF0, 0x00, 0x03, 0xFC, 0x00,
    0x00, 0xFF, 0x00, 0x00, 0x3F, 0xFF, 0xFF, 0x0F, 0xFF, 0xFF, 0xC3, 0xFF, 0xFF, 0xF0, 0xFF, 0x00,
    0x00, 0x3F, 0xC0, 0x00, 0x0F, 0xF0, 0x00, 0x03, 0xFC, 0x00, 0x00, 0xFF, 0xFF, 0xFF, 0x7F, 0xFF,
    0xFF, 0xDF, 0xFF, 0xFF, 0xF4, 0xBF, 0xFF, 0xFF, 0xFC, 0x00, 0xBF, 0xFF, 0xFF, 0xFC, 0x00, 0xBF,
    0xFF, 0xFF, 0xFC, 0x00, 0x00, 0x3F, 0xC0, 0x00, 0x00, 0x00, 0x3F, 0xC0, 0x00, 0x00, 0x00, 0x3F,
    0xC0, 0x00, 0x00, 0x00, 0x3F, 0xFF, 0xF9, 0x00, 0x00, 0x3F, 0xFF, 0xFF, 0xD0, 0x00, 0x3F, 0xFF,
    0xFF, 0xF4, 0x00, 0x3F, 0xC0, 0x0B, 0xFC, 0x00, 0x3F, 0xC0, 0x02, 0xFC, 0x00, 0x3F, 0xC0, 0x02,
    0xFC, 0x00, 0x3F, 0xC0, 0x02, 0xFC, 0x00, 0x3F, 0xC0, 0x07, 0xFC, 0x00, 0x3F, 0xC1, 0xFF, 0xF8,
    0x00, 0x3F, 0xC1, 0xFF, 0xE0, 0x00, 0x3F, 0xC1, 0xFE, 0x40, 0x00, 0x09, 0x00, 0x00, 0x1F, 0x80,
    0x00, 0x7F, 0x80, 0x00, 0xFE, 0x00, 0x00, 0xF8, 0x00, 0x00, 0x60, 0x00, 0x00, 0x00, 0x00, 0xFF,
    0xFF, 0xFF, 0xFF, 0xFF, 0xFF, 0xFF, 0xFF, 0xFF, 0xFF, 0x00, 0x00, 0xFF, 0x00, 0x00, 0xFF, 0x00,
    0x00, 0xFF, 0x00, 0x00, 0xFF, 0x00, 0x00, 0xFF, 0x00, 0x00, 0xFF, 0x00, 0x00, 0xFF, 0x00, 0x00,
    0xFF, 0x00, 0x00, 0xFF, 0x00, 0x00, 0xFF, 0x00, 0x00, 0xFF, 0x00, 0x00, 0xFF, 0x00, 0x00, 0xFF,
    0x00, 0x00, 0x00, 0x1B, 0xFE, 0x40, 0x01, 0xFF, 0xFF, 0xF8, 0x0B, 0xFF, 0xFF, 0xF4, 0x1F, 0xF8,
    0x01, 0xB0, 0x3F, 0xD0, 0x00, 0x00, 0x7F, 0xC0, 0x00, 0x00, 0xBF, 0x80, 0x00, 0x00, 0xBF, 0xFF,
    0xFE, 0x00, 0xBF, 0xFF, 0xFE, 0x00, 0xBF, 0xFF, 0xFE, 0x00, 0xBF, 0x80, 0x00, 0x00, 0x7F, 0xC0,
    0x00, 0x00, 0x3F, 0xD0, 0x00, 0x00, 0x1F, 0xF8, 0x01, 0xB0, 0x0B, 0xFF, 0xFF, 0xF8, 0x01, 0xFF,
    0xFF, 0xF8, 0x00, 0x1B, 0xFF, 0x80, 0x00, 0x7F, 0xF9, 0x00, 0x7F, 0xFF, 0xF8, 0x0F, 0xFF, 0xFF,
    0x02, 0xFE, 0x00, 0xA0, 0x2F, 0xD0, 0x00, 0x02, 0xFE, 0x00, 0x00, 0x1F, 0xFE, 0x00, 0x00, 0xFF,
    0xFF, 0x40, 0x02, 0xFF, 0xFF, 0x00, 0x02, 0xFF, 0xFC, 0x00, 0x01, 0xFF, 0xD0, 0x00, 0x03, 0xFD,
    0x00, 0x00, 0x2F, 0xE0, 0xD0, 0x07, 0xFD, 0x2F, 0xFF, 0xFF, 0xC3, 0xFF, 0xFF, 0xF0, 0x06, 0xFF,
    0xE4, 0x00, 0xFF, 0xFF, 0xFF, 0xFF, 0xFF, 0xFF, 0xFF, 0xFF, 0xFF, 0xFF, 0xFF, 0xFF, 0xFF, 0xFF,
    0xFF, 0xFF, 0xFF, 0x3D, 0x07, 0xCB, 0xF0, 0xFE, 0xBF, 0x0F, 0xE3, 0xD0, 0x7C, 0x00, 0x00, 0x00,
    0x00, 0x00, 0x03, 0xFC, 0x00, 0x3F, 0xC0, 0x03, 0xFC, 0x00, 0x3F, 0xC0, 0x03, 0xFC, 0x00, 0x3F,
    0xC0, 0x03, 0xFC, 0x00, 0x3F, 0xC0, 0x03, 0xFC, 0x00, 0x3F, 0xC0, 0x03, 0xFC, 0x00, 0x3F, 0xC0,
    0x03, 0xFC, 0x00, 0x3F, 0xC0, 0x03, 0xFC, 0x00, 0x3F, 0xC0, 0x03, 0xFC, 0x00, 0x00, 0x01, 0xFD,
    0x00, 0x01, 0xFD, 0x00, 0x01, 0xFD, 0x00, 0x01, 0xFD, 0x00, 0x01, 0xFD, 0x00, 0x01, 0xFD, 0x00,
    0x01, 0xFD, 0x00, 0x01, 0xFD, 0x00, 0x01, 0xFD, 0x00, 0x01, 0xFD, 0x00, 0x01, 0xFD, 0x00, 0x01,
    0xFD, 0x00, 0x02, 0xFD, 0x28, 0x07, 0xFC, 0x3F, 0xFF, 0xF8, 0xBF, 0xFF, 0xF0, 0x1B, 0xFE, 0x40,
    0x00, 0x0F, 0xFF, 0xFF, 0xE0, 0x00, 0x00, 0x00, 0x0F, 0xFF, 0xFF, 0xE0, 0x00, 0x00, 0x00, 0x0F,
    0xFF, 0xFF, 0xE0, 0x00, 0x00, 0x00, 0x0F, 0xE0, 0x0F, 0xE0, 0x00, 0x00, 0x00, 0x0F, 0xD0, 0x0F,
    0xE0, 0x00, 0x00, 0x00, 0x1F, 0xD0, 0x0F, 0xE0, 0x00, 0x00, 0x00, 0x1F, 0xD0, 0x0F, 0xFF, 0xF9,
    0x00, 0x00, 0x1F, 0xC0, 0x0F, 0xFF, 0xFF, 0xD0, 0x00, 0x2F, 0xC0, 0x0F, 0xFF, 0xFF, 0xF4, 0x00,
    0x3F, 0xC0, 0x0F, 0xE0, 0x1F, 0xFC, 0x00, 0x3F, 0x80, 0x0F, 0xE0, 0x03, 0xFC, 0x00, 0xBF, 0x40,
    0x0F, 0xE0, 0x03, 0xFC, 0x00, 0xFF, 0x00, 0x0F, 0xE0, 0x03, 0xFC, 0x0B, 0xFE, 0x00, 0x0F, 0xE0,
    0x1F, 0xF8, 0x7F, 0xFC, 0x00, 0x0F, 0xFF, 0xFF, 0xF0, 0x7F, 0xE0, 0x00, 0x0F, 0xFF, 0xFF, 0xD0,
    0x3E, 0x00, 0x00, 0x0A, 0xFF, 0xF9, 0x00, 0xFF, 0x00, 0x0B, 0xF4, 0x00, 0x00, 0xFF, 0x00, 0x0B,
    0xF4, 0x00, 0x00, 0xFF, 0x00, 0x0B, 0xF4, 0x00, 0x00, 0xFF, 0x00, 0x0B, 0xF4, 0x00, 0x00, 0xFF,
    0x00, 0x0B, 0xF4, 0x00, 0x00, 0xFF, 0x00, 0x0B, 0xF4, 0x00, 0x00, 0xFF, 0xFF, 0xFF, 0xFF, 0xFE,
    0x40, 0xFF, 0xFF, 0xFF, 0xFF, 0xFF, 0xF0, 0xFF, 0xFF, 0xFF, 0xFF, 0xFF, 0xFC, 0xFF, 0x00, 0x0B,
    0xF4, 0x07, 0xFD, 0xFF, 0x00, 0x0B, 0xF4, 0x01, 0xFE, 0xFF, 0x00, 0x0B, 0xF4, 0x00, 0xFE, 0xFF,
    0x00, 0x0B, 0xF4, 0x01, 0xFE, 0xFF, 0x00, 0x0B, 0xF4, 0x07, 0xFD, 0xFF, 0x00, 0x0B, 0xFF, 0xFF,
    0xFC, 0xFF, 0x00, 0x0B, 0xFF, 0xFF, 0xE0, 0xFF, 0x00, 0x06, 0xFF, 0xFE, 0x00, 0xBF, 0xFF, 0xFF,
    0xFC, 0x02, 0xFF, 0xFF, 0xFF, 0xF0, 0x0B, 0xFF, 0xFF, 0xFF, 0xC0, 0x00, 0x0F, 0xF0, 0x00, 0x00,
    0x00, 0x3F, 0xC0, 0x00, 0x00, 0x00, 0xFF, 0x00, 0x00, 0x00, 0x03, 0xFF, 0xFF, 0x80, 0x00, 0x0F,
    0xFF, 0xFF, 0xE0, 0x00, 0x3F, 0xFF, 0xFF, 0xD0, 0x00, 0xFF, 0x00, 0xBF, 0xC0, 0x03, 0xFC, 0x00,
    0xFF, 0x00, 0x0F, 0xF0, 0x02, 0xFD, 0x00, 0x3F, 0xC0, 0x0B, 0xF4, 0x00, 0xFF, 0x00, 0x2F, 0xD0,
    0x03, 0xFC, 0x00, 0xBF, 0x40, 0x0F, 0xF0, 0x02, 0xFD, 0x00, 0x3F, 0xC0, 0x0B, 0xF4, 0x00, 0x00,
    0x60, 0x00, 0x00, 0x07, 0xE0, 0x00, 0x00, 0x7F, 0x80, 0x00, 0x03, 0xF8, 0x00, 0x00, 0x0F, 0x80,
    0x00, 0x00, 0x18, 0x00, 0x00, 0x00, 0x00, 0x00, 0x3F, 0xC0, 0x0B, 0xFC, 0xFF, 0x00, 0xBF, 0xC3,
    0xFC, 0x0B, 0xFC, 0x0F, 0xF0, 0xBF, 0xC0, 0x3F, 0xCB, 0xFC, 0x00, 0xFF, 0xBF, 0xC0, 0x03, 0xFF,
    0xFC, 0x00, 0x0F, 0xFF, 0xD0, 0x00, 0x3F, 0xFF, 0xC0, 0x00, 0xFF, 0xFF, 0xC0, 0x03, 0xFC, 0xFF,
    0xC0, 0x0F, 0xF0, 0xFF, 0x80, 0x3F, 0xC1, 0xFF, 0x40, 0xFF, 0x01, 0xFF, 0x03, 0xFC, 0x02, 0xFF,
    0x0F, 0xF0, 0x03, 0xFE, 0x3F, 0xC0, 0x03, 0xFD, 0x00, 0x08, 0x00, 0x00, 0x00, 0xFC, 0x00, 0x00,
    0x03, 0xFC, 0x00, 0x00, 0x03, 0xF8, 0x00, 0x00, 0x03, 0xF0, 0x00, 0x00, 0x02, 0x00, 0x00, 0x00,
    0x00, 0x00, 0x3F, 0xC0, 0x00, 0xBF, 0xFF, 0x00, 0x0B, 0xFF, 0xFC, 0x00, 0xBF, 0xFF, 0xF0, 0x07,
    0xFF, 0xFF, 0xC0, 0x3F, 0xFF, 0xFF, 0x03, 0xFF, 0xFF, 0xFC, 0x2F, 0xEF, 0xFF, 0xF1, 0xFF, 0x3F,
    0xFF, 0xCF, 0xF0, 0xFF, 0xFF, 0xFF, 0x03, 0xFF, 0xFF, 0xF4, 0x0F, 0xFF, 0xFF, 0xC0, 0x3F, 0xFF,
    0xFC, 0x00, 0xFF, 0xFF, 0xD0, 0x03, 0xFF, 0xFF, 0x00, 0x0F, 0xFF, 0xF0, 0x00, 0x3F, 0xFF, 0x80,
    0x00, 0xFF, 0x00, 0x18, 0x05, 0x00, 0x00, 0x2F, 0x83, 0xF0, 0x00, 0x03, 0xFF, 0xF8, 0x00, 0x00,
    0xBF, 0xFC, 0x00, 0x00, 0x07, 0xF8, 0x00, 0x00, 0x00, 0x00, 0x00, 0x00, 0x00, 0x00, 0x00, 0x01,
    0xFF, 0x00, 0x07, 0xFC, 0x3F, 0xD0, 0x02, 0xFD, 0x07, 0xFC, 0x00, 0xFF, 0x00, 0xFF, 0x40, 0x7F,
    0x80, 0x1F, 0xF0, 0x2F, 0xD0, 0x03, 0xFD, 0x0F, 0xF0, 0x00, 0x7F, 0xC7, 0xF8, 0x00, 0x0B, 0xF6,
    0xFC, 0x00, 0x00, 0xFF, 0xFE, 0x00, 0x00, 0x2F, 0xFF, 0x00, 0x00, 0x03, 0xFF, 0xC0, 0x00, 0x00,
    0x7F, 0xD0, 0x00, 0x00, 0x1F, 0xF0, 0x00, 0x04, 0x1F, 0xF4, 0x00, 0x07, 0xFF, 0xF8, 0x00, 0x02,
    0xFF, 0xF8, 0x00, 0x00, 0x7F, 0xE4, 0x00, 0x00, 0xFF, 0x00, 0x0B, 0xF7, 0xFC, 0x00, 0x2F, 0xDF,
    0xF0, 0x00, 0xBF, 0x7F, 0xC0, 0x02, 0xFD, 0xFF, 0x00, 0x0B, 0xF7, 0xFC, 0x00, 0x2F, 0xDF, 0xF0,
    0x00, 0xBF, 0x7F, 0xC0, 0x02, 0xFD, 0xFF, 0x00, 0x0B, 0xF7, 0xFC, 0x00, 0x2F, 0xDF, 0xF0, 0x00,
    0xBF, 0x7F, 0xC0, 0x02, 0xFD, 0xFF, 0x00, 0x0B, 0xF7, 0xFC, 0x00, 0x2F, 0xDF, 0xFF, 0xFF, 0xFF,
    0x7F, 0xFF, 0xFF, 0xFD, 0xFF, 0xFF, 0xFF, 0xF4, 0x00, 0xBF, 0x00, 0x00, 0x02, 0xFC, 0x00, 0x00,
    0x0B, 0xF0, 0x00, 0x00, 0x2F, 0xC0, 0x00, 0x00, 0xBF, 0x00, 0x00, 0x00, 0x03, 0xFC, 0x00, 0x00,
    0x00, 0xBF, 0xE0, 0x00, 0x00, 0x0F, 0xFF, 0x00, 0x00, 0x01, 0xFF, 0xF4, 0x00, 0x00, 0x3F, 0xBF,
    0xC0, 0x00, 0x07, 0xF1, 0xFD, 0x00, 0x00, 0xFF, 0x0F, 0xF0, 0x00, 0x0F, 0xD0, 0xBF, 0x00, 0x02,
    0xFC, 0x03, 0xF8, 0x00, 0x3F, 0x80, 0x3F, 0xC0, 0x07, 0xFF, 0xFF, 0xFD, 0x00, 0xBF, 0xFF, 0xFF,
    0xF0, 0x0F, 0xFF, 0xFF, 0xFF, 0x01, 0xFD, 0x00, 0x0B, 0xF8, 0x3F, 0xC0, 0x00, 0x3F, 0xC3, 0xFC,
    0x00, 0x03, 0xFC, 0xBF, 0x40, 0x00, 0x2F, 0xE0, 0xFF, 0xFF, 0xFE, 0x0F, 0xFF, 0xFF, 0xE0, 0xFF,
    0xFF, 0xFE, 0x0F, 0xE0, 0x00, 0x00, 0xFE, 0x00, 0x00, 0x0F, 0xE0, 0x00, 0x00, 0xFF, 0xFF, 0x90,
    0x0F, 0xFF, 0xFF, 0xD0, 0xFF, 0xFF, 0xFF, 0x4F, 0xE0, 0x1F, 0xFC, 0xFE, 0x00, 0x3F, 0xCF, 0xE0,
    0x03, 0xFC, 0xFE, 0x00, 0x3F, 0xCF, 0xE0, 0x1F, 0xF8, 0xFF, 0xFF, 0xFF, 0x0F, 0xFF, 0xFF, 0xD0,
    0xAF, 0xFF, 0x90, 0x00, 0xAF, 0xFF, 0x90, 0x0F, 0xFF, 0xFF, 0xD0, 0xFF, 0xFF, 0xFF, 0x0F, 0xF0,
    0x0B, 0xF8, 0xFF, 0x00, 0x3F, 0xCF, 0xF0, 0x03, 0xF8, 0xFF, 0x00, 0xBF, 0x4F, 0xFF, 0xFF, 0xE0,
    0xFF, 0xFF, 0xFE, 0x0F, 0xFF, 0xFF, 0xFC, 0xFF, 0x00, 0x7F, 0xDF, 0xF0, 0x01, 0xFE, 0xFF, 0x00,
    0x1F, 0xEF, 0xF0, 0x07, 0xFD, 0xFF, 0xFF, 0xFF, 0xCF, 0xFF, 0xFF, 0xF0, 0xAF, 0xFF, 0xE4, 0x00,
    0xFF, 0xFF, 0xFF, 0xFF, 0xFF, 0xFF, 0xFF, 0xFF, 0xFF, 0xFF, 0x00, 0x00, 0xFF, 0x00, 0x00, 0xFF,
    0x00, 0x00, 0xFF, 0x00, 0x00, 0xFF, 0x00, 0x00, 0xFF, 0x00, 0x00, 0xFF, 0x00, 0x00, 0xFF, 0x00,
    0x00, 0xFF, 0x00, 0x00, 0xFF, 0x00, 0x00, 0xFF, 0x00, 0x00, 0xFF, 0x00, 0x00, 0xFF, 0x00, 0x00,
    0xFF, 0x00, 0x00, 0x00, 0x1F, 0xFF, 0xFF, 0xC0, 0x00, 0x07, 0xFF, 0xFF, 0xF0, 0x00, 0x01, 0xFF,
    0xFF, 0xFC, 0x00, 0x00, 0x7F, 0x40, 0xBF, 0x00, 0x00, 0x1F, 0xC0, 0x2F, 0xC0, 0x00, 0x0B, 0xF0,
    0x0B, 0xF0, 0x00, 0x02, 0xFC, 0x02, 0xFC, 0x00, 0x00, 0xFF, 0x00, 0xBF, 0x00, 0x00, 0x3F, 0xC0,
    0x2F, 0xC0, 0x00, 0x0F, 0xE0, 0x0B, 0xF0, 0x00, 0x07, 0xF4, 0x02, 0xFC, 0x00, 0x03, 0xFC, 0x00,
    0xBF, 0x00, 0x00, 0xFE, 0x00, 0x2F, 0xC0, 0x00, 0xBF, 0x40, 0x0B, 0xF0, 0x0B, 0xFF, 0xFF, 0xFF,
    0xFF, 0xF2, 0xFF, 0xFF, 0xFF, 0xFF, 0xFC, 0xBF, 0xFF, 0xFF, 0xFF, 0xFF, 0x2F, 0xD0, 0x00, 0x00,
    0x2F, 0xCB, 0xF4, 0x00, 0x00, 0x0B, 0xF2, 0xFD, 0x00, 0x00, 0x02, 0xFC, 0xBF, 0x40, 0x00, 0x00,
    0xBF, 0x2F, 0xD0, 0x00, 0x00, 0x2F, 0xC0, 0xFF, 0xFF, 0xFE, 0x3F, 0xFF, 0xFF, 0x8F, 0xFF, 0xFF,
    0xE3, 0xFC, 0x00, 0x00, 0xFF, 0x00, 0x00, 0x3F, 0xC0, 0x00, 0x0F, 0xF0, 0x00, 0x03, 0xFF, 0xFF,
    0xF0, 0xFF, 0xFF, 0xFC, 0x3F, 0xFF, 0xFF, 0x0F, 0xF0, 0x00, 0x03, 0xFC, 0x00, 0x00, 0xFF, 0x00,
    0x00, 0x3F, 0xC0, 0x00, 0x0F, 0xFF, 0xFF, 0xF7, 0xFF, 0xFF, 0xFD, 0xFF, 0xFF, 0xFF, 0x40, 0x7F,
    0xD0, 0x0B, 0xF0, 0x03, 0xFF, 0x0B, 0xFC, 0x02, 0xFC, 0x02, 0xFF, 0x00, 0xFF, 0xC0, 0xBF, 0x01,
    0xFF, 0x40, 0x0F, 0xF8, 0x2F, 0xC0, 0xFF, 0x80, 0x01, 0xFF, 0x4B, 0xF0, 0xFF, 0xC0, 0x00, 0x2F,
    0xF6, 0xFC, 0xBF, 0xC0, 0x00, 0x02, 0xFF, 0xFF, 0xBF, 0xC0, 0x00, 0x00, 0x3F, 0xFF, 0xFF, 0xD0,
    0x00, 0x00, 0x03, 0xFF, 0xFF, 0xE0, 0x00, 0x00, 0x03, 0xFF, 0xFF, 0xFE, 0x00, 0x00, 0x03, 0xFE,
    0xBF, 0x7F, 0xE0, 0x00, 0x03, 0xFF, 0x2F, 0xC7, 0xFD, 0x00, 0x02, 0xFF, 0x0B, 0xF0, 0x7F, 0xD0,
    0x01, 0xFF, 0x02, 0xFC, 0x0B, 0xFC, 0x00, 0xFF, 0x40, 0xBF, 0x00, 0xFF, 0x80, 0xFF, 0x80, 0x2F,
    0xC0, 0x0F, 0xF4, 0x7F, 0xC0, 0x0B, 0xF0, 0x01, 0xFF, 0x00, 0x02, 0xFF, 0xE4, 0x00, 0xBF, 0xFF,
    0xFC, 0x01, 0xFF, 0xFF, 0xF8, 0x03, 0x90, 0x1F, 0xF0, 0x00, 0x00, 0x2F, 0xD0, 0x00, 0x00, 0xFF,
    0x40, 0x00, 0x0B, 0xFC, 0x00, 0x7F, 0xFF, 0xC0, 0x01, 0xFF, 0xFE, 0x00, 0x07, 0xFF, 0xFF, 0x00,
    0x00, 0x07, 0xFE, 0x00, 0x00, 0x03, 0xFC, 0x00, 0x00, 0x0F, 0xF0, 0x79, 0x01, 0xBF, 0xC3, 0xFF,
    0xFF, 0xFD, 0x0F, 0xFF, 0xFF, 0xE0, 0x06, 0xFF, 0xF8, 0x00, 0xFF, 0x00, 0x02, 0xFF, 0xFC, 0x00,
    0x2F, 0xFF, 0xF0, 0x02, 0xFF, 0xFF, 0xC0, 0x1F, 0xFF, 0xFF, 0x00, 0xFF, 0xFF, 0xFC, 0x0F, 0xFF,
    0xFF, 0xF0, 0xBF, 0xBF, 0xFF, 0xC7, 0xFC, 0xFF, 0xFF, 0x3F, 0xC3, 0xFF, 0xFF, 0xFC, 0x0F, 0xFF,
    0xFF, 0xD0, 0x3F, 0xFF, 0xFF, 0x00, 0xFF, 0xFF, 0xF0, 0x03, 0xFF, 0xFF, 0x40, 0x0F, 0xFF, 0xFC,
    0x00, 0x3F, 0xFF, 0xC0, 0x00, 0xFF, 0xFE, 0x00, 0x03, 0xFC, 0x00, 0x60, 0x14, 0x00, 0x07, 0xE0,
    0xFC, 0x00, 0x0F, 0xFF, 0xE0, 0x00, 0x1F, 0xFF, 0x00, 0x00, 0x1F, 0xE0, 0x00, 0x00, 0x00, 0x00,
    0x00, 0x00, 0x00, 0x00, 0x3F, 0xC0, 0x00, 0xBF, 0xFF, 0x00, 0x0B, 0xFF, 0xFC, 0x00, 0xBF, 0xFF,
    0xF0, 0x07, 0xFF, 0xFF, 0xC0, 0x3F, 0xFF, 0xFF, 0x03, 0xFF, 0xFF, 0xFC, 0x2F, 0xEF, 0xFF, 0xF1,
    0xFF, 0x3F, 0xFF, 0xCF, 0xF0, 0xFF, 0xFF, 0xFF, 0x03, 0xFF, 0xFF, 0xF4, 0x0F, 0xFF, 0xFF, 0xC0,
    0x3F, 0xFF, 0xFC, 0x00, 0xFF, 0xFF, 0xD0, 0x03, 0xFF, 0xFF, 0x00, 0x0F, 0xFF, 0xF0, 0x00, 0x3F,
    0xFF, 0x80, 0x00, 0xFF, 0xFF, 0x00, 0x2F, 0xF3, 0xFC, 0x02, 0xFF, 0x0F, 0xF0, 0x2F, 0xF0, 0x3F,
    0xC2, 0xFF, 0x00, 0xFF, 0x2F, 0xF0, 0x03, 0xFE, 0xFF, 0x00, 0x0F, 0xFF, 0xF0, 0x00, 0x3F, 0xFF,
    0x40, 0x00, 0xFF, 0xFF, 0x00, 0x03, 0xFF, 0xFF, 0x00, 0x0F, 0xF3, 0xFF, 0x00, 0x3F, 0xC3, 0xFE,
    0x00, 0xFF, 0x07, 0xFD, 0x03, 0xFC, 0x07, 0xFC, 0x0F, 0xF0, 0x0B, 0xFC, 0x3F, 0xC0, 0x0F, 0xF8,
    0xFF, 0x00, 0x0F, 0xF4, 0x00, 0x0F, 0xFF, 0xFF, 0xE0, 0x00, 0xFF, 0xFF, 0xFE, 0x00, 0x0F, 0xFF,
    0xFF, 0xE0, 0x00, 0xFE, 0x00, 0xFE, 0x00, 0x0F, 0xD0, 0x0F, 0xE0, 0x01, 0xFD, 0x00, 0xFE, 0x00,
    0x1F, 0xD0, 0x0F, 0xE0, 0x01, 0xFC, 0x00, 0xFE, 0x00, 0x2F, 0xC0, 0x0F, 0xE0, 0x03, 0xFC, 0x00,
    0xFE, 0x00, 0x3F, 0x80, 0x0F, 0xE0, 0x0B, 0xF4, 0x00, 0xFE, 0x00, 0xFF, 0x00, 0x0F, 0xE0, 0xBF,
    0xE0, 0x00, 0xFE, 0x7F, 0xFC, 0x00, 0x0F, 0xE7, 0xFE, 0x00, 0x00, 0xFE, 0x3E, 0x00, 0x00, 0x0F,
    0xE0, 0x0F, 0xF0, 0x00, 0x07, 0xF8, 0x1F, 0xF4, 0x00, 0x0F, 0xF8, 0x1F, 0xFC, 0x00, 0x1F, 0xFC,
    0x2F, 0xFD, 0x00, 0x3F, 0xFC, 0x2F, 0xFF, 0x00, 0x7F, 0xFC, 0x2F, 0xFF, 0x40, 0xBF, 0xFC, 0x3F,
    0xFF, 0xC0, 0xFE, 0xFC, 0x3F, 0xDF, 0xC2, 0xFD, 0xFD, 0x3F, 0x8F, 0xE3, 0xF5, 0xFD, 0x3F, 0x8B,
    0xFB, 0xF0, 0xFD, 0x3F, 0x83, 0xFF, 0xE0, 0xFE, 0x3F, 0x82, 0xFF, 0xC0, 0xFE, 0x7F, 0x40, 0xFF,
    0x80, 0xFE, 0x7F, 0x40, 0xFF, 0x00, 0xFE, 0x7F, 0x40, 0x7F, 0x00, 0xFF, 0x7F, 0x40, 0x00, 0x00,
    0xFF, 0x7F, 0x40, 0x00, 0x00, 0xFF, 0xFF, 0x00, 0x0B, 0xF7, 0xFC, 0x00, 0x2F, 0xDF, 0xF0, 0x00,
    0xBF, 0x7F, 0xC0, 0x02, 0xFD, 0xFF, 0x00, 0x0B, 0xF7, 0xFC, 0x00, 0x2F, 0xDF, 0xF0, 0x00, 0xBF,
    0x7F, 0xFF, 0xFF, 0xFD, 0xFF, 0xFF, 0xFF, 0xF7, 0xFF, 0xFF, 0xFF, 0xDF, 0xF0, 0x00, 0xBF, 0x7F,
    0xC0, 0x02, 0xFD, 0xFF, 0x00, 0x0B, 0xF7, 0xFC, 0x00, 0x2F, 0xDF, 0xF0, 0x00, 0xBF, 0x7F, 0xC0,
    0x02, 0xFD, 0xFF, 0x00, 0x0B, 0xF4, 0x00, 0x1B, 0xFE, 0x40, 0x00, 0x1F, 0xFF, 0xFF, 0x00, 0x07,
    0xFF, 0xFF, 0xFD, 0x01, 0xFF, 0x80, 0x7F, 0xF0, 0x3F, 0xE0, 0x00, 0xFF, 0x87, 0xFC, 0x00, 0x03,
    0xFC, 0xBF, 0x80, 0x00, 0x3F, 0xDB, 0xF4, 0x00, 0x02, 0xFD, 0xBF, 0x40, 0x00, 0x2F, 0xDB, 0xF4,
    0x00, 0x02, 0xFD, 0xBF, 0x80, 0x00, 0x3F, 0xD7, 0xFC, 0x00, 0x03, 0xFC, 0x3F, 0xE0, 0x00, 0xFF,
    0x81, 0xFF, 0x80, 0x7F, 0xF0, 0x0B, 0xFF, 0xFF, 0xFD, 0x00, 0x1F, 0xFF, 0xFF, 0x40, 0x00, 0x1B,
    0xFE, 0x40, 0x00, 0xFF, 0xFF, 0xFF, 0xF7, 0xFF, 0xFF, 0xFF, 0xDF, 0xFF, 0xFF, 0xFF, 0x7F, 0xC0,
    0x02, 0xFD, 0xFF, 0x00, 0x0B, 0xF7, 0xFC, 0x00, 0x2F, 0xDF, 0xF0, 0x00, 0xBF, 0x7F, 0xC0, 0x02,
    0xFD, 0xFF, 0x00, 0x0B, 0xF7, 0xFC, 0x00, 0x2F, 0xDF, 0xF0, 0x00, 0xBF, 0x7F, 0xC0, 0x02, 0xFD,
    0xFF, 0x00, 0x0B, 0xF7, 0xFC, 0x00, 0x2F, 0xDF, 0xF0, 0x00, 0xBF, 0x7F, 0xC0, 0x02, 0xFD, 0xFF,
    0x00, 0x0B, 0xF4, 0xBF, 0xFF, 0x90, 0x0F, 0xFF, 0xFF, 0xD0, 0xFF, 0xFF, 0xFF, 0x4F, 0xF0, 0x1F,
    0xFC, 0xFF, 0x00, 0x3F, 0xCF, 0xF0, 0x03, 0xFC, 0xFF, 0x00, 0x3F, 0xCF, 0xF0, 0x1F, 0xFC, 0xFF,
    0xFF, 0xFF, 0x4F, 0xFF, 0xFF, 0xD0, 0xFF, 0xFF, 0x90, 0x0F, 0xF0, 0x00, 0x00, 0xFF, 0x00, 0x00,
    0x0F, 0xF0, 0x00, 0x00, 0xFF, 0x00, 0x00, 0x0F, 0xF0, 0x00, 0x00, 0xFF, 0x00, 0x00, 0x00, 0x00,
    0x1B, 0xFE, 0x40, 0x07, 0xFF, 0xFF, 0xD0, 0x7F, 0xFF, 0xFF, 0x07, 0xFE, 0x40, 0x68, 0x3F, 0xE0,
    0x00, 0x01, 0xFF, 0x00, 0x00, 0x0B, 0xF8, 0x00, 0x00, 0x2F, 0xD0, 0x00, 0x00, 0xBF, 0x40, 0x00,
    0x02, 0xFD, 0x00, 0x00, 0x0B, 0xF8, 0x00, 0x00, 0x1F, 0xF0, 0x00, 0x00, 0x3F, 0xE0, 0x00, 0x00,
    0xBF, 0xE4, 0x02, 0x80, 0xFF, 0xFF, 0xFF, 0x00, 0xBF, 0xFF, 0xFE, 0x00, 0x2F, 0xFF, 0x80, 0xBF,
    0xFF, 0xFF, 0xFE, 0xFF, 0xFF, 0xFF, 0xFB, 0xFF, 0xFF, 0xFF, 0xC0, 0x07, 0xF8, 0x00, 0x00, 0x1F,
    0xE0, 0x00, 0x00, 0x7F, 0x80, 0x00, 0x01, 0xFE, 0x00, 0x00, 0x07, 0xF8, 0x00, 0x00, 0x1F, 0xE0,
    0x00, 0x00, 0x7F, 0x80, 0x00, 0x01, 0xFE, 0x00, 0x00, 0x07, 0xF8, 0x00, 0x00, 0x1F, 0xE0, 0x00,
    0x00, 0x7F, 0x80, 0x00, 0x01, 0xFE, 0x00, 0x00, 0x07, 0xF8, 0x00, 0x00, 0x1F, 0xE0, 0x00, 0x7F,
    0xC0, 0x01, 0xFF, 0x0F, 0xF4, 0x00, 0xBF, 0x41, 0xFF, 0x00, 0x3F, 0xC0, 0x3F, 0xD0, 0x1F, 0xE0,
    0x07, 0xFC, 0x0B, 0xF4, 0x00, 0xFF, 0x43, 0xFC, 0x00, 0x1F, 0xF1, 0xFE, 0x00, 0x02, 0xFD, 0xBF,
    0x00, 0x00, 0x3F, 0xFF, 0x80, 0x00, 0x0B, 0xFF, 0xC0, 0x00, 0x00, 0xFF, 0xF0, 0x00, 0x00, 0x1F,
    0xF4, 0x00, 0x00, 0x07, 0xFC, 0x00, 0x01, 0x07, 0xFD, 0x00, 0x01, 0xFF, 0xFE, 0x00, 0x00, 0xBF,
    0xFE, 0x00, 0x00, 0x1F, 0xF9, 0x00, 0x00, 0x00, 0x00, 0x00, 0xFF, 0x00, 0x00, 0x00, 0x00, 0xFF,
    0x00, 0x00, 0x00, 0x2F, 0xFF, 0xE4, 0x00, 0x02, 0xFF, 0xFF, 0xFF, 0x40, 0x0F, 0xFF, 0xFF, 0xFF,
    0xE0, 0x2F, 0xF4, 0xFF, 0x1F, 0xF4, 0x7F, 0xC0, 0xFF, 0x03, 0xFC, 0xBF, 0x40, 0xFF, 0x02, 0xFD,
    0xFF, 0x00, 0xFF, 0x01, 0xFE, 0xFF, 0x00, 0xFF, 0x01, 0xFE, 0xBF, 0x40, 0xFF, 0x02, 0xFD, 0x7F,
    0xC0, 0xFF, 0x03, 0xFC, 0x3F, 0xF4, 0xFF, 0x1F, 0xF8, 0x0F, 0xFF, 0xFF, 0xFF, 0xF0, 0x03, 0xFF,
    0xFF, 0xFF, 0x80, 0x00, 0x6F, 0xFF, 0xF8, 0x00, 0x00, 0x00, 0xFF, 0x00, 0x00, 0x00, 0x00, 0xFF,
    0x00, 0x00, 0x3F, 0xE0, 0x01, 0xFF, 0x07, 0xFC, 0x00, 0xFF, 0x40, 0xFF, 0xC0, 0xFF, 0x80, 0x0F,
    0xF8, 0x7F, 0xC0, 0x01, 0xFF, 0x7F, 0xD0, 0x00, 0x3F, 0xFF, 0xE0, 0x00, 0x03, 0xFF, 0xF0, 0x00,
    0x00, 0x7F, 0xF0, 0x00, 0x00, 0x0F, 0xFC, 0x00, 0x00, 0x0B, 0xFF, 0x80, 0x00, 0x07, 0xFF, 0xF4,
    0x00, 0x03, 0xFF, 0xFF, 0x00, 0x03, 0xFE, 0x3F, 0xF0, 0x02, 0xFF, 0x03, 0xFE, 0x00, 0xFF, 0x00,
    0x7F, 0xC0, 0xFF, 0x80, 0x0F, 0xF8, 0x7F, 0xC0, 0x01, 0xFF, 0x40, 0xFF, 0x00, 0x0B, 0xF4, 0x0F,
    0xF0, 0x00, 0xBF, 0x40, 0xFF, 0x00, 0x0B, 0xF4, 0x0F, 0xF0, 0x00, 0xBF, 0x40, 0xFF, 0x00, 0x0B,
    0xF4, 0x0F, 0xF0, 0x00, 0xBF, 0x40, 0xFF, 0x00, 0x0B, 0xF4, 0x0F, 0xF0, 0x00, 0xBF, 0x40, 0xFF,
    0x00, 0x0B, 0xF4, 0x0F, 0xF0, 0x00, 0xBF, 0x40, 0xFF, 0x00, 0x0B, 0xF4, 0x0F, 0xF0, 0x00, 0xBF,
    0x40, 0xFF, 0x00, 0x0B, 0xF4, 0x0F, 0xF0, 0x00, 0xBF, 0x40, 0xFF, 0xFF, 0xFF, 0xFF, 0xDF, 0xFF,
    0xFF, 0xFF, 0xFD, 0xFF, 0xFF, 0xFF, 0xFF, 0xD0, 0x00, 0x00, 0x02, 0xFD, 0x00, 0x00, 0x00, 0x2F,
    0xD0, 0x00, 0x00, 0x02, 0xFD, 0x00, 0x00, 0x00, 0x2F, 0xD0, 0x00, 0x00, 0x02, 0xFD, 0xFF, 0x00,
    0x0F, 0xFF, 0xF0, 0x00, 0xFF, 0xFF, 0x00, 0x0F, 0xFF, 0xF0, 0x00, 0xFF, 0xFF, 0x00, 0x0F, 0xFF,
    0xF0, 0x00, 0xFF, 0xFF, 0x40, 0x0F, 0xFB, 0xFD, 0x00, 0xFF, 0x3F, 0xFF, 0xFF, 0xF1, 0xFF, 0xFF,
    0xFF, 0x02, 0xFF, 0xFF, 0xF0, 0x00, 0x00, 0xFF, 0x00, 0x00, 0x0F, 0xF0, 0x00, 0x00, 0xFF, 0x00,
    0x00, 0x0F, 0xF0, 0x00, 0x00, 0xFF, 0x00, 0x00, 0x0F, 0xF0, 0xFF, 0x00, 0x3F, 0x80, 0x1F, 0xEF,
    0xF0, 0x03, 0xF8, 0x01, 0xFE, 0xFF, 0x00, 0x3F, 0x80, 0x1F, 0xEF, 0xF0, 0x03, 0xF8, 0x01, 0xFE,
    0xFF, 0x00, 0x3F, 0x80, 0x1F, 0xEF, 0xF0, 0x03, 0xF8, 0x01, 0xFE, 0xFF, 0x00, 0x3F, 0x80, 0x1F,
    0xEF, 0xF0, 0x03, 0xF8, 0x01, 0xFE, 0xFF, 0x00, 0x3F, 0x80, 0x1F, 0xEF, 0xF0, 0x03, 0xF8, 0x01,
    0xFE, 0xFF, 0x00, 0x3F, 0x80, 0x1F, 0xEF, 0xF0, 0x03, 0xF8, 0x01, 0xFE, 0xFF, 0x00, 0x3F, 0x80,
    0x1F, 0xEF, 0xF0, 0x03, 0xF8, 0x01, 0xFE, 0xFF, 0xFF, 0xFF, 0xFF, 0xFF, 0xEF, 0xFF, 0xFF, 0xFF,
    0xFF, 0xFE, 0xFF, 0xFF, 0xFF, 0xFF, 0xFF, 0xE0, 0xFF, 0x00, 0x3F, 0x80, 0x1F, 0xE0, 0x3F, 0xC0,
    0x0F, 0xE0, 0x07, 0xF8, 0x0F, 0xF0, 0x03, 0xF8, 0x01, 0xFE, 0x03, 0xFC, 0x00, 0xFE, 0x00, 0x7F,
    0x80, 0xFF, 0x00, 0x3F, 0x80, 0x1F, 0xE0, 0x3F, 0xC0, 0x0F, 0xE0, 0x07, 0xF8, 0x0F, 0xF0, 0x03,
    0xF8, 0x01, 0xFE, 0x03, 0xFC, 0x00, 0xFE, 0x00, 0x7F, 0x80, 0xFF, 0x00, 0x3F, 0x80, 0x1F, 0xE0,
    0x3F, 0xC0, 0x0F, 0xE0, 0x07, 0xF8, 0x0F, 0xF0, 0x03, 0xF8, 0x01, 0xFE, 0x03, 0xFC, 0x00, 0xFE,
    0x00, 0x7F, 0x80, 0xFF, 0x00, 0x3F, 0x80, 0x1F, 0xE0, 0x3F, 0xC0, 0x0F, 0xE0, 0x07, 0xF8, 0x0F,
    0xFF, 0xFF, 0xFF, 0xFF, 0xFF, 0xFB, 0xFF, 0xFF, 0xFF, 0xFF, 0xFF, 0xFE, 0xFF, 0xFF, 0xFF, 0xFF,
    0xFF, 0xFF, 0x80, 0x00, 0x00, 0x00, 0x00, 0x1F, 0xE0, 0x00, 0x00, 0x00, 0x00, 0x07, 0xF8, 0x00,
    0x00, 0x00, 0x00, 0x01, 0xFE, 0x00, 0x00, 0x00, 0x00, 0x00, 0x7F, 0x80, 0x00, 0x00, 0x00, 0x00,
    0x1F, 0xE0, 0xBF, 0xFF, 0x80, 0x00, 0x02, 0xFF, 0xFE, 0x00, 0x00, 0x0B, 0xFF, 0xF8, 0x00, 0x00,
    0x00, 0x0F, 0xE0, 0x00, 0x00, 0x00, 0x3F, 0x80, 0x00, 0x00, 0x00, 0xFE, 0x00, 0x00, 0x00, 0x03,
    0xFF, 0xFE, 0x40, 0x00, 0x0F, 0xFF, 0xFF, 0xD0, 0x00, 0x3F, 0xFF, 0xFF, 0xD0, 0x00, 0xFE, 0x01,
    0xFF, 0xC0, 0x03, 0xF8, 0x00, 0xFF, 0x00, 0x0F, 0xE0, 0x03, 0xFC, 0x00, 0x3F, 0x80, 0x0F, 0xF0,
    0x00, 0xFE, 0x01, 0xFF, 0xC0, 0x03, 0xFF, 0xFF, 0xFC, 0x00, 0x0F, 0xFF, 0xFF, 0xD0, 0x00, 0x2B,
    0xFF, 0xE4, 0x00, 0xFF, 0x00, 0x00, 0x02, 0xFC, 0xFF, 0x00, 0x00, 0x02, 0xFC, 0xFF, 0x00, 0x00,
    0x02, 0xFC, 0xFF, 0x00, 0x00, 0x02, 0xFC, 0xFF, 0x00, 0x00, 0x02, 0xFC, 0xFF, 0x00, 0x00, 0x02,
    0xFC, 0xFF, 0xFF, 0x90, 0x02, 0xFC, 0xFF, 0xFF, 0xFD, 0x02, 0xFC, 0xFF, 0xFF, 0xFF, 0x02, 0xFC,
    0xFF, 0x01, 0xFF, 0x82, 0xFC, 0xFF, 0x00, 0x3F, 0xC2, 0xFC, 0xFF, 0x00, 0x3F, 0xC2, 0xFC, 0xFF,
    0x00, 0x3F, 0xC2, 0xFC, 0xFF, 0x01, 0xFF, 0x82, 0xFC, 0xFF, 0xFF, 0xFF, 0x02, 0xFC, 0xFF, 0xFF,
    0xFC, 0x02, 0xFC, 0x6F, 0xFF, 0x90, 0x02, 0xFC, 0xFF, 0x00, 0x00, 0x0F, 0xF0, 0x00, 0x00, 0xFF,
    0x00, 0x00, 0x0F, 0xF0, 0x00, 0x00, 0xFF, 0x00, 0x00, 0x0F, 0xF0, 0x00, 0x00, 0xFF, 0xFF, 0x90,
    0x0F, 0xFF, 0xFF, 0xD0, 0xFF, 0xFF, 0xFF, 0x4F, 0xF0, 0x1F, 0xFC, 0xFF, 0x00, 0x3F, 0xCF, 0xF0,
    0x02, 0xFD, 0xFF, 0x00, 0x3F, 0xCF, 0xF0, 0x1F, 0xFC, 0xFF, 0xFF, 0xFF, 0x4F, 0xFF, 0xFF, 0xD0,
    0x6F, 0xFF, 0x90, 0x00, 0x06, 0xFF, 0x90, 0x02, 0xFF, 0xFF, 0xF4, 0x07, 0xFF, 0xFF, 0xF8, 0x0E,
    0x40, 0x2F, 0xF4, 0x00, 0x00, 0x1F, 0xF0, 0x00, 0x00, 0x3F, 0xD0, 0x00, 0x00, 0xBF, 0x80, 0xBF,
    0xFF, 0xFE, 0x02, 0xFF, 0xFF, 0xFC, 0x0B, 0xFF, 0xFF, 0xE0, 0x00, 0x00, 0x7F, 0x80, 0x00, 0x03,
    0xFD, 0x00, 0x00, 0x1F, 0xF0, 0xE4, 0x02, 0xFF, 0x4B, 0xFF, 0xFF, 0xF8, 0x2F, 0xFF, 0xFF, 0x40,
    0x0A, 0xFF, 0x90, 0x00, 0xFF, 0x00, 0x00, 0xBF, 0xE4, 0x00, 0xFF, 0x00, 0x07, 0xFF, 0xFF, 0x40,
    0xFF, 0x00, 0x2F, 0xFF, 0xFF, 0xE0, 0xFF, 0x00, 0x7F, 0xD0, 0x2F, 0xF4, 0xFF, 0x00, 0xFF, 0x00,
    0x07, 0xFC, 0xFF, 0x01, 0xFE, 0x00, 0x03, 0xFD, 0xFF, 0x02, 0xFC, 0x00, 0x01, 0xFE, 0xFF, 0xFF,
    0xFC, 0x00, 0x01, 0xFE, 0xFF, 0xFF, 0xFC, 0x00, 0x01, 0xFF, 0xFF, 0xFF, 0xFC, 0x00, 0x01, 0xFE,
    0xFF, 0x03, 0xFC, 0x00, 0x01, 0xFE, 0xFF, 0x02, 0xFE, 0x00, 0x03, 0xFD, 0xFF, 0x00, 0xFF, 0x00,
    0x07, 0xFC, 0xFF, 0x00, 0xBF, 0xD0, 0x2F, 0xF4, 0xFF, 0x00, 0x3F, 0xFF, 0xFF, 0xE0, 0xFF, 0x00,
    0x0B, 0xFF, 0xFF, 0x40, 0xFF, 0x00, 0x00, 0xBF, 0xF4, 0x00, 0x00, 0x6F, 0xFF, 0xA0, 0x0F, 0xFF,
    0xFF, 0xC0, 0xFF, 0xFF, 0xFF, 0x0B, 0xFD, 0x02, 0xFC, 0x3F, 0xC0, 0x0B, 0xF0, 0xFF, 0x00, 0x2F,
    0xC3, 0xFC, 0x00, 0xBF, 0x0B, 0xFD, 0x02, 0xFC, 0x0F, 0xFF, 0xFF, 0xF0, 0x1F, 0xFF, 0xFF, 0xC0,
    0x1F, 0xFF, 0xFF, 0x00, 0xFF, 0x42, 0xFC, 0x0B, 0xF8, 0x0B, 0xF0, 0x3F, 0xC0, 0x2F, 0xC2, 0xFE,
    0x00, 0xBF, 0x1F, 0xF0, 0x02, 0xFC, 0xFF, 0x40, 0x0B, 0xF0, 0x06, 0xFF, 0xE0, 0x03, 0xFF, 0xFF,
    0x00, 0xBF, 0xFF, 0xE0, 0x04, 0x07, 0xFC, 0x00, 0x00, 0x7F, 0x00, 0x7F, 0xFF, 0xC0, 0xFF, 0xFF,
    0xF0, 0xFF, 0xFF, 0xFC, 0x3F, 0xC0, 0x7F, 0x0F, 0xF0, 0x1F, 0xC3, 0xFF, 0xFF, 0xF0, 0x7F, 0xFF,
    0xFC, 0x02, 0xFF, 0xF9, 0x00, 0x00, 0x00, 0x6F, 0x00, 0x0B, 0xFF, 0xC0, 0x2F, 0xFF, 0xF0, 0x2F,
    0xF9, 0x40, 0x1F, 0xE0, 0x00, 0x0F, 0xE0, 0x00, 0x07, 0xFA, 0xFE, 0x02, 0xFF, 0xFF, 0xF0, 0xBF,
    0xFF, 0xFF, 0x3F, 0xD0, 0x3F, 0xDF, 0xF0, 0x07, 0xFB, 0xFC, 0x00, 0xFF, 0xFF, 0x00, 0x3F, 0xEF,
    0xC0, 0x0F, 0xF7, 0xF4, 0x07, 0xF8, 0xFF, 0x43, 0xFD, 0x2F, 0xFF, 0xFE, 0x03, 0xFF, 0xFF, 0x00,
    0x1B, 0xF9, 0x00, 0x2B, 0xFF, 0xE0, 0x1F, 0xFF, 0xFF, 0x47, 0xFF, 0xFF, 0xF1, 0xFE, 0x02, 0xFC,
    0x7F, 0x40, 0xBF, 0x1F, 0xFF, 0xFF, 0x47, 0xFF, 0xFF, 0xE1, 0xFF, 0xFF, 0xFD, 0x7F, 0x40, 0x7F,
    0x9F, 0xE0, 0x1F, 0xF7, 0xFF, 0xFF, 0xF5, 0xFF, 0xFF, 0xF8, 0x2B, 0xFF, 0xE4, 0x00, 0x7F, 0xFF,
    0xF1, 0xFF, 0xFF, 0xC7, 0xFF, 0xFF, 0x1F, 0xD0, 0x00, 0x7F, 0x40, 0x01, 0xFD, 0x00, 0x07, 0xF4,
    0x00, 0x1F, 0xD0, 0x00, 0x7F, 0x40, 0x01, 0xFD, 0x00, 0x07, 0xF4, 0x00, 0x1F, 0xD0, 0x00, 0x7F,
    0x40, 0x00, 0x00, 0xFF, 0xFF, 0xF0, 0x00, 0x3F, 0xFF, 0xFC, 0x00, 0x0F, 0xFF, 0xFF, 0x00, 0x03,
    0xF4, 0x2F, 0xC0, 0x00, 0xFD, 0x0B, 0xF0, 0x00, 0x7F, 0x42, 0xFC, 0x00, 0x2F, 0xC0, 0xBF, 0x00,
    0x0B, 0xF0, 0x2F, 0xC0, 0x03, 0xF8, 0x0B, 0xF0, 0x02, 0xFC, 0x02, 0xFC, 0x0B, 0xFF, 0xFF, 0xFF,
    0xF6, 0xFF, 0xFF, 0xFF, 0xFD, 0xBF, 0xFF, 0xFF, 0xFF, 0x6F, 0x80, 0x00, 0x0B, 0xDB, 0xE0, 0x00,
    0x02, 0xF6, 0xF8, 0x00, 0x00, 0xBD, 0xBE, 0x00, 0x00, 0x2F, 0x40, 0x01, 0xBF, 0x90, 0x02, 0xFF,
    0xFE, 0x02, 0xFF, 0xFF, 0xD0, 0xFF, 0x03, 0xFC, 0xBF, 0x00, 0x7F, 0x3F, 0xFF, 0xFF, 0xDF, 0xFF,
    0xFF, 0xF7, 0xFF, 0xFF, 0xFD, 0xBF, 0x00, 0x00, 0x1F, 0xF4, 0x01, 0x02, 0xFF, 0xFF, 0xD0, 0x2F,
    0xFF, 0xF8, 0x01, 0xBF, 0xF8, 0x00, 0x3F, 0xC0, 0x3F, 0x40, 0xFF, 0x47, 0xFC, 0x0F, 0xD0, 0xBF,
    0x80, 0xBF, 0xC3, 0xF4, 0x7F, 0xC0, 0x0F, 0xF8, 0xFD, 0x7F, 0xC0, 0x00, 0xFF, 0xBF, 0xBF, 0xD0,
    0x00, 0x1F, 0xFF, 0xFF, 0xE0, 0x00, 0x02, 0xFF, 0xFF, 0xF0, 0x00, 0x01, 0xFF, 0xFF, 0xFE, 0x00,
    0x00, 0xFF, 0x7F, 0x7F, 0xE0, 0x00, 0xFF, 0x4F, 0xD3, 0xFD, 0x00, 0xFF, 0x43, 0xF4, 0x3F, 0xC0,
    0xBF, 0x80, 0xFD, 0x07, 0xFC, 0x7F, 0xC0, 0x3F, 0x40, 0xBF, 0x80, 0x1B, 0xFF, 0x80, 0x2F, 0xFF,
    0xF4, 0x1F, 0xFF, 0xFC, 0x04, 0x03, 0xFC, 0x00, 0x03, 0xFC, 0x03, 0xFF, 0xF4, 0x03, 0xFF, 0xF0,
    0x03, 0xFF, 0xFC, 0x00, 0x02, 0xFD, 0x14, 0x02, 0xFD, 0x3F, 0xFF, 0xFC, 0x3F, 0xFF, 0xF8, 0x1B,
    0xFF, 0x80, 0x7F, 0x40, 0x3F, 0x9F, 0xD0, 0x2F, 0xE7, 0xF4, 0x1F, 0xF9, 0xFD, 0x0F, 0xFE, 0x7F,
    0x4F, 0xFF, 0x9F, 0xDB, 0xFF, 0xE7, 0xFB, 0xF7, 0xF9, 0xFF, 0xF8, 0xFE, 0x7F, 0xFC, 0x3F, 0x9F,
    0xFD, 0x0F, 0xE7, 0xFE, 0x03, 0xF9, 0xFF, 0x00, 0xFE, 0x7F, 0x40, 0x3F, 0x80, 0x01, 0x80, 0x50,
    0x01, 0xF8, 0x3F, 0x00, 0x3F, 0xFF, 0x80, 0x07, 0xFF, 0xC0, 0x00, 0x7F, 0x80, 0x00, 0x00, 0x00,
    0x00, 0x00, 0x00, 0x01, 0xFD, 0x00, 0xFE, 0x7F, 0x40, 0xBF, 0x9F, 0xD0, 0x7F, 0xE7, 0xF4, 0x3F,
    0xF9, 0xFD, 0x3F, 0xFE, 0x7F, 0x6F, 0xFF, 0x9F, 0xEF, 0xDF, 0xE7, 0xFF, 0xE3, 0xF9, 0xFF, 0xF0,
    0xFE, 0x7F, 0xF4, 0x3F, 0x9F, 0xF8, 0x0F, 0xE7, 0xFC, 0x03, 0xF9, 0xFD, 0x00, 0xFE, 0x7F, 0x40,
    0xBF, 0xC7, 0xF4, 0x2F, 0xE0, 0x7F, 0x4B, 0xF8, 0x07, 0xFB, 0xFE, 0x00, 0x7F, 0xFF, 0x80, 0x07,
    0xFF, 0xE0, 0x00, 0x7F, 0xFF, 0x40, 0x07, 0xFF, 0xFC, 0x00, 0x7F, 0xBF, 0xF0, 0x07, 0xF4, 0xFF,
    0x80, 0x7F, 0x43, 0xFE, 0x07, 0xF4, 0x0F, 0xF4, 0x7F, 0x40, 0x7F, 0xC0, 0x00, 0xFF, 0xFF, 0xF0,
    0x0F, 0xFF, 0xFF, 0x00, 0xFF, 0xFF, 0xF0, 0x0F, 0xE0, 0xFF, 0x00, 0xFE, 0x0F, 0xF0, 0x0F, 0xE0,
    0xFF, 0x01, 0xFD, 0x0F, 0xF0, 0x2F, 0xC0, 0xFF, 0x03, 0xFC, 0x0F, 0xF1, 0xFF, 0x80, 0xFF, 0xBF,
    0xF0, 0x0F, 0xFB, 0xFC, 0x00, 0xFF, 0x79, 0x00, 0x0F, 0xF0, 0x2F, 0xC0, 0x00, 0xFE, 0x0B, 0xF4,
    0x00, 0xBF, 0x82, 0xFF, 0x00, 0x3F, 0xF0, 0xFF, 0xE0, 0x2F, 0xFC, 0x3F, 0xFC, 0x0F, 0xFF, 0x0F,
    0xFF, 0x8B, 0xFF, 0xC3, 0xF7, 0xF3, 0xFB, 0xF0, 0xFD, 0xBF, 0xF9, 0xFC, 0x3F, 0x4F, 0xFC, 0x7F,
    0x5F, 0xC2, 0xFE, 0x1F, 0xD7, 0xF0, 0x3F, 0x07, 0xF5, 0xFC, 0x00, 0x00, 0xFD, 0x7F, 0x00, 0x00,
    0x3F, 0x80, 0x7F, 0x40, 0xBF, 0x1F, 0xD0, 0x2F, 0xC7, 0xF4, 0x0B, 0xF1, 0xFD, 0x02, 0xFC, 0x7F,
    0x40, 0xBF, 0x1F, 0xFF, 0xFF, 0xC7, 0xFF, 0xFF, 0xF1, 0xFF, 0xFF, 0xFC, 0x7F, 0x40, 0xBF, 0x1F,
    0xD0, 0x2F, 0xC7, 0xF4, 0x0B, 0xF1, 0xFD, 0x02, 0xFC, 0x7F, 0x40, 0xBF, 0x00, 0x01, 0xBF, 0x90,
    0x00, 0xBF, 0xFF, 0xC0, 0x2F, 0xFF, 0xFF, 0x03, 0xFD, 0x0F, 0xF4, 0xBF, 0x40, 0x3F, 0xCF, 0xF0,
    0x03, 0xFC, 0xFF, 0x00, 0x3F, 0xCF, 0xF0, 0x03, 0xFC, 0xBF, 0x40, 0x3F, 0xC3, 0xFD, 0x0F, 0xF4,
    0x2F, 0xFF, 0xFF, 0x00, 0xBF, 0xFF, 0xC0, 0x01, 0xBF, 0x90, 0x00, 0x7F, 0xFF, 0xFF, 0x1F, 0xFF,
    0xFF, 0xC7, 0xFF, 0xFF, 0xF1, 0xFD, 0x02, 0xFC, 0x7F, 0x40, 0xBF, 0x1F, 0xD0, 0x2F, 0xC7, 0xF4,
    0x0B, 0xF1, 0xFD, 0x02, 0xFC, 0x7F, 0x40, 0xBF, 0x1F, 0xD0, 0x2F, 0xC7, 0xF4, 0x0B, 0xF1, 0xFD,
    0x02, 0xFC, 0x7F, 0x40, 0xBF, 0x00, 0x1B, 0xFF, 0x90, 0x1F, 0xFF, 0xFE, 0x07, 0xFF, 0xFF, 0xF1,
    0xFE, 0x07, 0xFD, 0x7F, 0x40, 0x7F, 0x9F, 0xD0, 0x0F, 0xF7, 0xF4, 0x03, 0xFD, 0xFD, 0x00, 0xFF,
    0x7F, 0x40, 0x3F, 0x9F, 0xE0, 0x3F, 0xD7, 0xFF, 0xFF, 0xF1, 0xFF, 0xFF, 0xF0, 0x7F, 0xBF, 0xE0,
    0x1F, 0xD0, 0x00, 0x07, 0xF4, 0x00, 0x01, 0xFD, 0x00, 0x00, 0x7F, 0x40, 0x00, 0x1F, 0xD0, 0x00,
    0x00, 0x00, 0xBF, 0xE0, 0x2F, 0xFF, 0xD2, 0xFF, 0xFF, 0x0F, 0xF4, 0x04, 0xBF, 0x40, 0x03, 0xFC,
    0x00, 0x0F, 0xF0, 0x00, 0x3F, 0xC0, 0x00, 0xBF, 0x40, 0x01, 0xFF, 0x40, 0x42, 0xFF, 0xFF, 0x42,
    0xFF, 0xFE, 0x01, 0xBF, 0xE4, 0xBF, 0xFF, 0xFF, 0xAF, 0xFF, 0xFF, 0xEB, 0xFF, 0xFF, 0xF8, 0x01,
    0xFD, 0x00, 0x00, 0x7F, 0x40, 0x00, 0x1F, 0xD0, 0x00, 0x07, 0xF4, 0x00, 0x01, 0xFD, 0x00, 0x00,
    0x7F, 0x40, 0x00, 0x1F, 0xD0, 0x00, 0x07, 0xF4, 0x00, 0x01, 0xFD, 0x00, 0x00, 0x7F, 0x40, 0x00,
    0xBF, 0x40, 0x2F, 0xD7, 0xF8, 0x03, 0xFC, 0x3F, 0xC0, 0x3F, 0x82, 0xFC, 0x07, 0xF4, 0x1F, 0xE0,
    0xBF, 0x00, 0xFF, 0x0F, 0xE0, 0x0B, 0xF0, 0xFD, 0x00, 0x3F, 0xAF, 0xC0, 0x03, 0xFF, 0xF8, 0x00,
    0x1F, 0xFF, 0x00, 0x00, 0xFF, 0xE0, 0x00, 0x07, 0xFD, 0x00, 0x00, 0x3F, 0xC0, 0x00, 0x03, 0xF4,
    0x00, 0x00, 0xFF, 0x00, 0x07, 0xFF, 0xD0, 0x00, 0xBF, 0xF8, 0x00, 0x0B, 0xFD, 0x00, 0x00, 0x00,
    0x01, 0xB8, 0x00, 0x00, 0x00, 0x3F, 0x80, 0x00, 0x00, 0x03, 0xF8, 0x00, 0x00, 0x00, 0x3F, 0x80,
    0x00, 0x00, 0x03, 0xF8, 0x00, 0x00, 0x00, 0x3F, 0x80, 0x00, 0x00, 0x6F, 0xFF, 0x90, 0x00, 0x7F,
    0xFF, 0xFF, 0xD0, 0x1F, 0xFF, 0xFF, 0xFF, 0x43, 0xFD, 0x3F, 0x8B, 0xFC, 0xBF, 0x43, 0xF8, 0x2F,
    0xDF, 0xF0, 0x3F, 0x80, 0xFE, 0xFF, 0x03, 0xF8, 0x0F, 0xEF, 0xF0, 0x3F, 0x80, 0xFE, 0xBF, 0x43,
    0xF8, 0x2F, 0xD3, 0xFD, 0x3F, 0x8B, 0xFC, 0x1F, 0xFF, 0xFF, 0xFF, 0x40, 0x7F, 0xFF, 0xFF, 0xD0,
    0x00, 0x7F, 0xFF, 0x90, 0x00, 0x00, 0x3F, 0x80, 0x00, 0x00, 0x03, 0xF8, 0x00, 0x00, 0x00, 0x3F,
    0x80, 0x00, 0x00, 0x03, 0xF8, 0x00, 0x00, 0x00, 0x3F, 0x80, 0x00, 0x7F, 0x80, 0x3F, 0xC2, 0xFD,
    0x07, 0xF4, 0x0F, 0xF0, 0xFE, 0x00, 0x3F, 0xFF, 0xC0, 0x01, 0xFF, 0xF0, 0x00, 0x0B, 0xFD, 0x00,
    0x00, 0x7F, 0xC0, 0x00, 0x0F, 0xFF, 0x00, 0x02, 0xFF, 0xF8, 0x00, 0x7F, 0xBF, 0xD0, 0x0F, 0xE0,
    0xFF, 0x03, 0xFC, 0x07, 0xF8, 0x7F, 0x40, 0x2F, 0xD0, 0x7F, 0x40, 0xBF, 0x01, 0xFD, 0x02, 0xFC,
    0x07, 0xF4, 0x0B, 0xF0, 0x1F, 0xD0, 0x2F, 0xC0, 0x7F, 0x40, 0xBF, 0x01, 0xFD, 0x02, 0xFC, 0x07,
    0xF4, 0x0B, 0xF0, 0x1F, 0xD0, 0x2F, 0xC0, 0x7F, 0x40, 0xBF, 0x01, 0xFD, 0x02, 0xFC, 0x07, 0xFF,
    0xFF, 0xFF, 0x5F, 0xFF, 0xFF, 0xFD, 0x7F, 0xFF, 0xFF, 0xF4, 0x00, 0x00, 0x0F, 0xD0, 0x00, 0x00,
    0x3F, 0x40, 0x00, 0x00, 0xFD, 0x00, 0x00, 0x03, 0xF4, 0xFF, 0x01, 0xFD, 0xFF, 0x01, 0xFD, 0xFF,
    0x01, 0xFD, 0xFF, 0x01, 0xFD, 0xFF, 0x01, 0xFD, 0xFF, 0x41, 0xFD, 0x7F, 0xFF, 0xFD, 0x3F, 0xFF,
    0xFD, 0x07, 0xFF, 0xFD, 0x00, 0x01, 0xFD, 0x00, 0x01, 0xFD, 0x00, 0x01, 0xFD, 0x00, 0x01, 0xFD,
    0x7F, 0x40, 0xFE, 0x03, 0xFD, 0xFD, 0x03, 0xF8, 0x0F, 0xF7, 0xF4, 0x0F, 0xE0, 0x3F, 0xDF, 0xD0,
    0x3F, 0x80, 0xFF, 0x7F, 0x40, 0xFE, 0x03, 0xFD, 0xFD, 0x03, 0xF8, 0x0F, 0xF7, 0xF4, 0x0F, 0xE0,
    0x3F, 0xDF, 0xD0, 0x3F, 0x80, 0xFF, 0x7F, 0x40, 0xFE, 0x03, 0xFD, 0xFD, 0x03, 0xF8, 0x0F, 0xF7,
    0xFF, 0xFF, 0xFF, 0xFF, 0xDF, 0xFF, 0xFF, 0xFF, 0xFF, 0x7F, 0xFF, 0xFF, 0xFF, 0xFC, 0x7F, 0x40,
    0xFE, 0x03, 0xFC, 0x1F, 0xD0, 0x3F, 0x80, 0xFF, 0x07, 0xF4, 0x0F, 0xE0, 0x3F, 0xC1, 0xFD, 0x03,
    0xF8, 0x0F, 0xF0, 0x7F, 0x40, 0xFE, 0x03, 0xFC, 0x1F, 0xD0, 0x3F, 0x80, 0xFF, 0x07, 0xF4, 0x0F,
    0xE0, 0x3F, 0xC1, 0xFD, 0x03, 0xF8, 0x0F, 0xF0, 0x7F, 0x40, 0xFE, 0x03, 0xFC, 0x1F, 0xD0, 0x3F,
    0x80, 0xFF, 0x07, 0xFF, 0xFF, 0xFF, 0xFF, 0xFD, 0xFF, 0xFF, 0xFF, 0xFF, 0xFF, 0x7F, 0xFF, 0xFF,
    0xFF, 0xFF, 0xC0, 0x00, 0x00, 0x00, 0x03, 0xF0, 0x00, 0x00, 0x00, 0x00, 0xFC, 0x00, 0x00, 0x00,
    0x00, 0x3F, 0x00, 0x00, 0x00, 0x00, 0x0F, 0xC0, 0xBF, 0xFD, 0x00, 0x00, 0xBF, 0xFD, 0x00, 0x00,
    0xBF, 0xFD, 0x00, 0x00, 0x01, 0xFD, 0x00, 0x00, 0x01, 0xFF, 0xFF, 0x40, 0x01, 0xFF, 0xFF, 0xF0,
    0x01, 0xFF, 0xFF, 0xF8, 0x01, 0xFD, 0x07, 0xFC, 0x01, 0xFD, 0x02, 0xFC, 0x01, 0xFD, 0x07, 0xFC,
    0x01, 0xFF, 0xFF, 0xF8, 0x01, 0xFF, 0xFF, 0xF0, 0x00, 0xAF, 0xFF, 0x40, 0x7F, 0x40, 0x00, 0x0F,
    0xF7, 0xF4, 0x00, 0x00, 0xFF, 0x7F, 0x40, 0x00, 0x0F, 0xF7, 0xF4, 0x00, 0x00, 0xFF, 0x7F, 0xFF,
    0xD0, 0x0F, 0xF7, 0xFF, 0xFF, 0xC0, 0xFF, 0x7F, 0xFF, 0xFE, 0x0F, 0xF7, 0xF8, 0x1F, 0xF0, 0xFF,
    0x7F, 0x40, 0xBF, 0x0F, 0xF7, 0xF8, 0x0F, 0xF0, 0xFF, 0x7F, 0xFF, 0xFF, 0x0F, 0xF7, 0xFF, 0xFF,
    0xC0, 0xFF, 0x1B, 0xFF, 0xE0, 0x0F, 0xF0, 0x7F, 0x40, 0x00, 0x1F, 0xD0, 0x00, 0x07, 0xF4, 0x00,
    0x01, 0xFD, 0x00, 0x00, 0x7F, 0xFF, 0xD0, 0x1F, 0xFF, 0xFF, 0x07, 0xFF, 0xFF, 0xE1, 0xFE, 0x07,
    0xFC, 0x7F, 0x40, 0xBF, 0x1F, 0xE0, 0x3F, 0xC7, 0xFF, 0xFF, 0xF1, 0xFF, 0xFF, 0xF0, 0x1B, 0xFF,
    0xE0, 0x00, 0x1B, 0xFE, 0x40, 0x0B, 0xFF, 0xFC, 0x01, 0xFF, 0xFF, 0xC0, 0x10, 0x0B, 0xF8, 0x00,
    0x00, 0xFF, 0x00, 0xBF, 0xFF, 0xC0, 0x2F, 0xFF, 0xF0, 0x0B, 0xFF, 0xFC, 0x00, 0x00, 0xFF, 0x05,
    0x00, 0xBF, 0x83, 0xFF, 0xFF, 0xC0, 0xFF, 0xFF, 0xC0, 0x1B, 0xFE, 0x40, 0x00, 0x7F, 0x40, 0x06,
    0xFE, 0x00, 0x7F, 0x40, 0x2F, 0xFF, 0xE0, 0x7F, 0x40, 0xBF, 0xFF, 0xF4, 0x7F, 0x41, 0xFF, 0x07,
    0xFC, 0x7F, 0x42, 0xFD, 0x02, 0xFD, 0x7F, 0xFF, 0xFC, 0x00, 0xFE, 0x7F, 0xFF, 0xFC, 0x00, 0xFE,
    0x7F, 0xFF, 0xFC, 0x00, 0xFE, 0x7F, 0x42, 0xFD, 0x02, 0xFD, 0x7F, 0x41, 0xFF, 0x07, 0xFC, 0x7F,
    0x40, 0xFF, 0xFF, 0xF4, 0x7F, 0x40, 0x3F, 0xFF, 0xE0, 0x7F, 0x40, 0x06, 0xFE, 0x00, 0x00, 0xBF,
    0xFE, 0x42, 0xFF, 0xFF, 0xF1, 0xFF, 0xFF, 0xFC, 0xBF, 0x40, 0xFF, 0x2F, 0xD0, 0x3F, 0xC7, 0xFF,
    0xFF, 0xF0, 0xBF, 0xFF, 0xFC, 0x0B, 0xFF, 0xFF, 0x03, 0xFC, 0x3F, 0xC2, 0xFD, 0x0F, 0xF0, 0xFF,
    0x03, 0xFC, 0xBF, 0x40, 0xFF, 0x3F, 0xC0, 0x3F, 0xC0, 0x00, 0x20, 0x00, 0x00, 0x7F, 0x00, 0x00,
    0x1F, 0xE0, 0x00, 0x01, 0xFE, 0x00, 0x00, 0x1F, 0x80, 0x00, 0x00, 0x80, 0x00, 0x00, 0x00, 0x00,
    0x06, 0xFE, 0x40, 0x0B, 0xFF, 0xF8, 0x0B, 0xFF, 0xFF, 0x43, 0xFC, 0x0F, 0xF2, 0xFC, 0x01, 0xFC,
    0xFF, 0xFF, 0xFF, 0x7F, 0xFF, 0xFF, 0xDF, 0xFF, 0xFF, 0xF6, 0xFC, 0x00, 0x00, 0x7F, 0xD0, 0x04,
    0x0B, 0xFF, 0xFF, 0x40, 0xBF, 0xFF, 0xE0, 0x06, 0xFF, 0xE0, 0x0B, 0x80, 0xF4, 0x03, 0xF4, 0xBF,
    0x00, 0xFD, 0x2F, 0xC0, 0x2F, 0x03, 0xD0, 0x00, 0x00, 0x00, 0x00, 0x00, 0x00, 0x00, 0x1B, 0xF9,
    0x00, 0x2F, 0xFF, 0xE0, 0x2F, 0xFF, 0xFD, 0x0F, 0xF0, 0x3F, 0xCB, 0xF0, 0x07, 0xF3, 0xFF, 0xFF,
    0xFD, 0xFF, 0xFF, 0xFF, 0x7F, 0xFF, 0xFF, 0xDB, 0xF0, 0x00, 0x01, 0xFF, 0x40, 0x10, 0x2F, 0xFF,
    0xFD, 0x02, 0xFF, 0xFF, 0x80, 0x1B, 0xFF, 0x80, 0x06, 0xE0, 0x00, 0x00, 0xFE, 0x00, 0x00, 0xBF,
    0xFF, 0xD0, 0x0B, 0xFF, 0xFD, 0x00, 0x0F, 0xE0, 0x00, 0x00, 0xFE, 0x00, 0x00, 0x0F, 0xFF, 0xF4,
    0x00, 0xFF, 0xFF, 0xF0, 0x0F, 0xFF, 0xFF, 0x80, 0xFF, 0x07, 0xFC, 0x0F, 0xE0, 0x2F, 0xC0, 0xFE,
    0x01, 0xFD, 0x0F, 0xE0, 0x1F, 0xD0, 0xFE, 0x01, 0xFD, 0x0F, 0xE0, 0x1F, 0xD0, 0xFE, 0x01, 0xFD,
    0x0F, 0xE0, 0x1F, 0xD0, 0xFE, 0x01, 0xFD, 0x0F, 0xE0, 0x1F, 0xD0, 0x00, 0x01, 0xFD, 0x00, 0x00,
    0x2F, 0xC0, 0x00, 0x3F, 0xFC, 0x00, 0x07, 0xFF, 0x40, 0x00, 0x7F, 0x90, 0x00, 0x08, 0x00, 0x00,
    0xFC, 0x00, 0x0F, 0xF0, 0x00, 0xFF, 0x00, 0x03, 0xF0, 0x00, 0x02, 0x00, 0x00, 0x00, 0x00, 0x1F,
    0xFF, 0xFC, 0x7F, 0xFF, 0xF1, 0xFF, 0xFF, 0xC7, 0xF4, 0x00, 0x1F, 0xD0, 0x00, 0x7F, 0x40, 0x01,
    0xFD, 0x00, 0x07, 0xF4, 0x00, 0x1F, 0xD0, 0x00, 0x7F, 0x40, 0x01, 0xFD, 0x00, 0x07, 0xF4, 0x00,
    0x1F, 0xD0, 0x00, 0x00, 0x6F, 0xF9, 0x00, 0xFF, 0xFF, 0x80, 0xFF, 0xFF, 0xD0, 0x7F, 0x80, 0x10,
    0x3F, 0xC0, 0x00, 0x0F, 0xFF, 0xF8, 0x03, 0xFF, 0xFE, 0x00, 0xFF, 0xFF, 0x80, 0x3F, 0xC0, 0x00,
    0x07, 0xF8, 0x01, 0x40, 0xFF, 0xFF, 0xF0, 0x0F, 0xFF, 0xFC, 0x00, 0x6F, 0xF9, 0x00, 0x01, 0xBF,
    0xE0, 0x0B, 0xFF, 0xF4, 0x1F, 0xFF, 0xF0, 0x2F, 0xD0, 0x10, 0x2F, 0xD0, 0x00, 0x2F, 0xFF, 0xF0,
    0x0F, 0xFF, 0xF8, 0x07, 0xFF, 0xFC, 0x00, 0x07, 0xFC, 0x18, 0x03, 0xFC, 0x2F, 0xFF, 0xF8, 0x3F,
    0xFF, 0xF0, 0x1B, 0xFF, 0x40, 0x2F, 0x2F, 0xEB, 0xF8, 0xBC, 0x00, 0x00, 0x07, 0xF5, 0xFD, 0x7F,
    0x5F, 0xD7, 0xF5, 0xFD, 0x7F, 0x5F, 0xD7, 0xF5, 0xFD, 0x7F, 0x5F, 0xD7, 0xF4, 0x1F, 0x03, 0xE0,
    0xFE, 0x2F, 0xC3, 0xF8, 0xBF, 0x07, 0xC0, 0xF8, 0x00, 0x00, 0x00, 0x00, 0x00, 0x00, 0x1F, 0xD0,
    0x00, 0x7F, 0x40, 0x01, 0xFD, 0x00, 0x07, 0xF4, 0x00, 0x1F, 0xD0, 0x00, 0x7F, 0x40, 0x01, 0xFD,
    0x00, 0x07, 0xF4, 0x00, 0x1F, 0xD0, 0x00, 0x7F, 0x40, 0x01, 0xFD, 0x00, 0x07, 0xF4, 0x00, 0x1F,
    0xD0, 0x00, 0x00, 0xBC, 0x02, 0xFE, 0x02, 0xFE, 0x00, 0xBC, 0x00, 0x00, 0x00, 0x00, 0x01, 0xFD,
    0x01, 0xFD, 0x01, 0xFD, 0x01, 0xFD, 0x01, 0xFD, 0x01, 0xFD, 0x01, 0xFD, 0x01, 0xFD, 0x01, 0xFD,
    0x01, 0xFD, 0x01, 0xFD, 0x01, 0xFD, 0x01, 0xFD, 0x01, 0xFD, 0x02, 0xFD, 0x7F, 0xFC, 0xBF, 0xF4,
    0xBF, 0x80, 0x00, 0xFF, 0xFF, 0xF0, 0x00, 0x00, 0x0F, 0xFF, 0xFF, 0x00, 0x00, 0x00, 0xFF, 0xFF,
    0xF0, 0x00, 0x00, 0x0F, 0xE0, 0xFF, 0x00, 0x00, 0x00, 0xFE, 0x0F, 0xF0, 0x00, 0x00, 0x0F, 0xE0,
    0xFF, 0xFF, 0x90, 0x01, 0xFD, 0x0F, 0xFF, 0xFF, 0x80, 0x2F, 0xC0, 0xFF, 0xFF, 0xFD, 0x03, 0xFC,
    0x0F, 0xF0, 0x1F, 0xE1, 0xFF, 0x80, 0xFF, 0x01, 0xFE, 0xBF, 0xF0, 0x0F, 0xFF, 0xFF, 0xDB, 0xFC,
    0x00, 0xFF, 0xFF, 0xF8, 0x79, 0x00, 0x06, 0xFF, 0xF9, 0x00, 0x7F, 0x40, 0xBF, 0x00, 0x00, 0x7F,
    0x40, 0xBF, 0x00, 0x00, 0x7F, 0x40, 0xBF, 0x00, 0x00, 0x7F, 0x40, 0xBF, 0x00, 0x00, 0x7F, 0x40,
    0xBF, 0x00, 0x00, 0x7F, 0xFF, 0xFF, 0xFF, 0x90, 0x7F, 0xFF, 0xFF, 0xFF, 0xFC, 0x7F, 0xFF, 0xFF,
    0xFF, 0xFE, 0x7F, 0x40, 0xBF, 0x01, 0xFF, 0x7F, 0x40, 0xBF, 0x01, 0xFF, 0x7F, 0x40, 0xBF, 0xFF,
    0xFE, 0x7F, 0x40, 0xBF, 0xFF, 0xFC, 0x7F, 0x40, 0x2B, 0xFF, 0x90, 0x06, 0xE0, 0x00, 0x00, 0xFE,
    0x00, 0x00, 0xBF, 0xFF, 0xD0, 0x0B, 0xFF, 0xFD, 0x00, 0x0F, 0xE0, 0x00, 0x00, 0xFE, 0x00, 0x00,
    0x0F, 0xFF, 0xF8, 0x00, 0xFF, 0xFF, 0xF0, 0x0F, 0xFF, 0xFF, 0x80, 0xFF, 0x07, 0xFC, 0x0F, 0xE0,
    0x2F, 0xC0, 0xFE, 0x01, 0xFD, 0x0F, 0xE0, 0x1F, 0xD0, 0xFE, 0x01, 0xFD, 0x0F, 0xE0, 0x1F, 0xD0,
    0xFE, 0x01, 0xFD, 0x0F, 0xE0, 0x1F, 0xD0, 0xFE, 0x01, 0xFD, 0x0F, 0xE0, 0x1F, 0xD0, 0x00, 0x02,
    0x40, 0x00, 0x00, 0x7E, 0x00, 0x00, 0x1F, 0xE0, 0x00, 0x03, 0xF8, 0x00, 0x00, 0x3E, 0x00, 0x00,
    0x01, 0x80, 0x00, 0x00, 0x00, 0x00, 0x07, 0xF4, 0x0B, 0xFC, 0x7F, 0x42, 0xFE, 0x07, 0xF4, 0xBF,
    0x80, 0x7F, 0xBF, 0xE0, 0x07, 0xFF, 0xF8, 0x00, 0x7F, 0xFE, 0x00, 0x07, 0xFF, 0xF4, 0x00, 0x7F,
    0xFF, 0xC0, 0x07, 0xFB, 0xFF, 0x00, 0x7F, 0x4F, 0xF8, 0x07, 0xF4, 0x3F, 0xE0, 0x7F, 0x40, 0xFF,
    0x47, 0xF4, 0x07, 0xFC, 0x00, 0x90, 0x00, 0x00, 0xBD, 0x00, 0x00, 0x2F, 0xC0, 0x00, 0x02, 0xFC,
    0x00, 0x00, 0x2F, 0x00, 0x00, 0x02, 0x40, 0x00, 0x00, 0x00, 0x01, 0xFD, 0x00, 0xFE, 0x7F, 0x40,
    0xBF, 0x9F, 0xD0, 0x7F, 0xE7, 0xF4, 0x3F, 0xF9, 0xFD, 0x3F, 0xFE, 0x7F, 0x6F, 0xFF, 0x9F, 0xEF,
    0xDF, 0xE7, 0xFF, 0xE3, 0xF9, 0xFF, 0xF0, 0xFE, 0x7F, 0xF4, 0x3F, 0x9F, 0xF8, 0x0F, 0xE7, 0xFC,
    0x03, 0xF9, 0xFD, 0x00, 0xFE, 0x01, 0x80, 0x50, 0x00, 0x7E, 0x0F, 0xC0, 0x03, 0xFF, 0xF8, 0x00,
    0x1F, 0xFF, 0x00, 0x00, 0x7F, 0x80, 0x00, 0x00, 0x00, 0x00, 0x00, 0x00, 0x00, 0x0B, 0xF4, 0x02,
    0xFD, 0x7F, 0x80, 0x3F, 0xC3, 0xFC, 0x03, 0xF8, 0x2F, 0xC0, 0x7F, 0x41, 0xFE, 0x0B, 0xF0, 0x0F,
    0xF0, 0xFE, 0x00, 0xBF, 0x0F, 0xD0, 0x03, 0xFA, 0xFC, 0x00, 0x3F, 0xFF, 0x80, 0x01, 0xFF, 0xF0,
    0x00, 0x0F, 0xFE, 0x00, 0x00, 0x7F, 0xD0, 0x00, 0x03, 0xFC, 0x00, 0x00, 0x3F, 0x40, 0x00, 0x0F,
    0xF0, 0x00, 0x7F, 0xFD, 0x00, 0x0B, 0xFF, 0x80, 0x00, 0xBF, 0xD0, 0x00, 0x00, 0x7F, 0x40, 0xBF,
    0x1F, 0xD0, 0x2F, 0xC7, 0xF4, 0x0B, 0xF1, 0xFD, 0x02, 0xFC, 0x7F, 0x40, 0xBF, 0x1F, 0xD0, 0x2F,
    0xC7, 0xF4, 0x0B, 0xF1, 0xFD, 0x02, 0xFC, 0x7F, 0x40, 0xBF, 0x1F, 0xD0, 0x2F, 0xC7, 0xFF, 0xFF,
    0xF1, 0xFF, 0xFF, 0xFC, 0x7F, 0xFF, 0xFF, 0x00, 0x0F, 0xC0, 0x00, 0x03, 0xF0, 0x00, 0x00, 0xFC,
    0x00, 0x00, 0x3F, 0x00, 0x00, 0x00, 0xBF, 0x40, 0x00, 0x00, 0x0B, 0xF4, 0x00, 0x00, 0xBF, 0xFF,
    0xFF, 0xC0, 0x0B, 0xFF, 0xFF, 0xFC, 0x00, 0xBF, 0xFF, 0xFF, 0xC0, 0x00, 0x0B, 0xF4, 0x00, 0x00,
    0x00, 0xBF, 0x40, 0x00, 0x00, 0x0B, 0xFF, 0xF9, 0x00, 0x00, 0xBF, 0xFF, 0xFD, 0x00, 0x0B, 0xFF,
    0xFF, 0xF4, 0x00, 0xBF, 0x41, 0xBF, 0xC0, 0x0B, 0xF4, 0x03, 0xFD, 0x00, 0xBF, 0x40, 0x2F, 0xD0,
    0x0B, 0xF4, 0x02, 0xFD, 0x00, 0xBF, 0x40, 0x3F, 0xD0, 0x0B, 0xF4, 0x0B, 0xFC, 0x00, 0xBF, 0xFF,
    0xFF, 0x40, 0x0B, 0xFF, 0xFF, 0xD0, 0x00, 0x2B, 0xFF, 0x90, 0x00, 0x01, 0xAC, 0x00, 0x00, 0x0B,
    0xF0, 0x00, 0x00, 0x2F, 0xC0, 0x00, 0x00, 0xBF, 0x00, 0x00, 0x02, 0xFC, 0x00, 0x00, 0x0B, 0xF0,
    0x00, 0x0F, 0xFF, 0xFF, 0xF0, 0x3F, 0xFF, 0xFF, 0xC0, 0xFF, 0xFF, 0xFF, 0x00, 0x0B, 0xF0, 0x00,
    0x00, 0x2F, 0xC0, 0x00, 0x00, 0xBF, 0xFF, 0x90, 0x02, 0xFF, 0xFF, 0xE0, 0x0B, 0xFF, 0xFF, 0xD0,
    0x2F, 0xC0, 0x7F, 0x80, 0xBF, 0x01, 0xFE, 0x02, 0xFF, 0xFF, 0xF4, 0x0B, 0xFF, 0xFF, 0xC0, 0x1A,
    0xFF, 0xE4, 0x00, 0x00, 0x1B, 0xFE, 0x40, 0x00, 0x1F, 0xFF, 0xFF, 0x00, 0x07, 0xFF, 0xFF, 0xFD,
    0x01, 0xFF, 0x80, 0x7F, 0xF0, 0x3F, 0xE0, 0x00, 0xFF, 0x87, 0xFC, 0x00, 0x07, 0xFC, 0xBF, 0x80,
    0x00, 0x3F, 0xDB, 0xFA, 0xFD, 0x03, 0xFD, 0xBF, 0xFF, 0xFF, 0xFF, 0xDB, 0xFF, 0xFF, 0xFF, 0xFD,
    0xBF, 0xC0, 0x6F, 0xFF, 0xD7, 0xFC, 0x00, 0x03, 0xFC, 0x3F, 0xD0, 0x00, 0xBF, 0x81, 0xFF, 0x80,
    0x7F, 0xF0, 0x0B, 0xFF, 0xFF, 0xFD, 0x00, 0x1F, 0xFF, 0xFF, 0x40, 0x00, 0x1B, 0xFE, 0x40, 0x00,
    0x01, 0xBF, 0x90, 0x00, 0xBF, 0xFF, 0xC0, 0x2F, 0xFF, 0xFF, 0x03, 0xFC, 0x0F, 0xF4, 0xBF, 0x00,
    0x3F, 0xCF, 0xFF, 0x83, 0xFC, 0xFF, 0xFF, 0xFF, 0xCF, 0xF0, 0xBF, 0xFC, 0xBF, 0x00, 0x3F, 0xC3,
    0xFD, 0x0B, 0xF4, 0x2F, 0xFF, 0xFF, 0x00, 0xBF, 0xFF, 0xC0, 0x01, 0xBF, 0x90, 0x00, 0xBF, 0x80,
    0x00, 0x0B, 0xF8, 0x0F, 0xF0, 0x00, 0x0B, 0xFF, 0xC3, 0xFD, 0x00, 0x07, 0xFF, 0xD0, 0x7F, 0x80,
    0x03, 0xFD, 0x10, 0x0F, 0xF0, 0x00, 0xFE, 0x00, 0x02, 0xFD, 0x00, 0x7F, 0x40, 0x00, 0x7F, 0x80,
    0x3F, 0xC0, 0x00, 0x0F, 0xF0, 0x0F, 0xE0, 0x00, 0x02, 0xFD, 0x0B, 0xF0, 0x00, 0x00, 0x3F, 0xC3,
    0xFC, 0x00, 0x00, 0x0F, 0xF1, 0xFD, 0x00, 0x00, 0x01, 0xFE, 0xBF, 0x00, 0x00, 0x00, 0x3F, 0xFF,
    0x80, 0x00, 0x00, 0x07, 0xFF, 0xC0, 0x00, 0x00, 0x00, 0xFF, 0xF0, 0x00, 0x00, 0x00, 0x2F, 0xF4,
    0x00, 0x00, 0x00, 0x03, 0xFC, 0x00, 0x00, 0x00, 0xBF, 0x40, 0x07, 0xF8, 0x7F, 0x80, 0x1F, 0xFC,
    0x3F, 0xC0, 0x3F, 0xF8, 0x2F, 0xC0, 0x7F, 0x40, 0x1F, 0xE0, 0xBF, 0x00, 0x0F, 0xF0, 0xFD, 0x00,
    0x0B, 0xF1, 0xFC, 0x00, 0x03, 0xFA, 0xF8, 0x00, 0x02, 0xFF, 0xF0, 0x00, 0x01, 0xFF, 0xF0, 0x00,
    0x00, 0xFF, 0xD0, 0x00, 0x00, 0x7F, 0xC0, 0x00, 0x00, 0x3F, 0x80, 0x00, 0x00, 0xB0, 0x29, 0x00,
    0x00, 0x1F, 0x83, 0xF0, 0x00, 0x00, 0xFF, 0xFE, 0x00, 0x00, 0x07, 0xFF, 0xC0, 0x00, 0x00, 0x1F,
    0xE0, 0x00, 0x00, 0x00, 0x00, 0x00, 0x00, 0x00, 0x00, 0x00, 0x00, 0x0F, 0xF0, 0x00, 0x2F, 0xC0,
    0xFF, 0x00, 0x0B, 0xFC, 0x0F, 0xF0, 0x02, 0xFF, 0xC0, 0xFF, 0x00, 0x7F, 0xFC, 0x0F, 0xF0, 0x0F,
    0xFF, 0xC0, 0xFF, 0x03, 0xFF, 0xFC, 0x0F, 0xF0, 0xBF, 0xBF, 0xC0, 0xFF, 0x1F, 0xF3, 0xFC, 0x0F,
    0xF3, 0xFC, 0x3F, 0xC0, 0xFF, 0xFF, 0x03, 0xFC, 0x0F, 0xFF, 0xD0, 0x3F, 0xC0, 0xFF, 0xFC, 0x03,
    0xFC, 0x0F, 0xFF, 0x00, 0x3F, 0xC0, 0xFF, 0xD0, 0x03, 0xFC, 0x0F, 0xFC, 0x00, 0x3F, 0xFE, 0xFF,
    0x00, 0x03, 0xFF, 0xEF, 0xE0, 0x00, 0x3F, 0xFD, 0x00, 0x00, 0x00, 0x2F, 0xC0, 0x00, 0x00, 0x03,
    0xF8, 0x00, 0x00, 0x00, 0xBF, 0x00, 0x00, 0x00, 0x0F, 0xE0, 0x00, 0x00, 0x00, 0x18, 0x00, 0x06,
    0x80, 0xE4, 0x00, 0x3F, 0x4B, 0xE0, 0x00, 0x7F, 0xFF, 0x00, 0x00, 0xFF, 0xF4, 0x00, 0x00, 0xBF,
    0x40, 0x00, 0x00, 0x00, 0x00, 0x00, 0x00, 0x00, 0x00, 0x3F, 0xC0, 0x1F, 0xC0, 0xFF, 0x00, 0xFF,
    0x03, 0xFC, 0x0F, 0xFC, 0x0F, 0xF0, 0xBF, 0xF0, 0x3F, 0xC7, 0xFF, 0xC0, 0xFF, 0x3F, 0xFF, 0x03,
    0xFF, 0xFD, 0xFC, 0x0F, 0xFF, 0xC7, 0xF0, 0x3F, 0xFD, 0x1F, 0xC0, 0xFF, 0xF0, 0x7F, 0x03, 0xFF,
    0x01, 0xFF, 0xDF, 0xF4, 0x0B, 0xFF, 0x7F, 0xC0, 0x2F, 0xFC, 0x00, 0x00, 0x0B, 0xF0, 0x00, 0x00,
    0x3F, 0x40, 0x00, 0x02, 0xF8, 0x00, 0x00, 0x01, 0x80, 0x0F, 0xF0, 0x00, 0x00, 0xFF, 0xFF, 0xC0,
    0x00, 0xFF, 0xFF, 0xC0, 0x00, 0xFF, 0xFF, 0xC0, 0x00, 0x0F, 0xF0, 0x00, 0x00, 0x0F, 0xF0, 0x00,
    0x00, 0x0F, 0xFF, 0xF9, 0x00, 0x0F, 0xFF, 0xFF, 0xE0, 0x0F, 0xFF, 0xFF, 0xF8, 0x0F, 0xF0, 0x1B,
    0xFC, 0x0F, 0xF0, 0x03, 0xFD, 0x0F, 0xF0, 0x02, 0xFD, 0x0F, 0xF0, 0x03, 0xFD, 0x0F, 0xF0, 0x0B,
    0xFC, 0x0F, 0xFF, 0xFF, 0xF4, 0x0F, 0xFF, 0xFF, 0xD0, 0x06, 0xFF, 0xF9, 0x00, 0x0F, 0xE0, 0x00,
    0x00, 0xFE, 0x00, 0x00, 0xFF, 0xFF, 0xC0, 0x0F, 0xFF, 0xFC, 0x00, 0x0F, 0xE0, 0x00, 0x00, 0xFF,
    0xFF, 0x80, 0x0F, 0xFF, 0xFF, 0x00, 0xFF, 0xFF, 0xFC, 0x0F, 0xE0, 0x3F, 0xC0, 0xFE, 0x01, 0xFD,
    0x0F, 0xE0, 0x3F, 0xC0, 0xFF, 0xFF, 0xFC, 0x0F, 0xFF, 0xFF, 0x00, 0x6F, 0xFF, 0x80, 0xBF, 0xFF,
    0x90, 0x0F, 0xFF, 0xFF, 0xE0, 0xFF, 0xFF, 0xFF, 0x8F, 0xF0, 0x0B, 0xFC, 0xFF, 0x00, 0x3F, 0xDF,
    0xF0, 0xE2, 0xFD, 0xFF, 0x3F, 0x7F, 0xDF, 0xF1, 0xFF, 0xFC, 0xFF, 0xFF, 0xFF, 0x4F, 0xFF, 0xFF,
    0xD0, 0xFF, 0xFF, 0xFC, 0x0F, 0xF0, 0x0F, 0xD0, 0xFF, 0x00, 0x7E, 0x0F, 0xF0, 0x02, 0x00, 0xFF,
    0x00, 0x00, 0x0F, 0xF0, 0x00, 0x00, 0xFF, 0x00, 0x00, 0x00, 0x1B, 0xFF, 0x90, 0x07, 0xFF, 0xFF,
    0xC0, 0x7F, 0xFF, 0xFF, 0x07, 0xF8, 0x0F, 0xF8, 0x7F, 0x40, 0x3F, 0xC7, 0xF4, 0x02, 0xFC, 0x7F,
    0x40, 0x2F, 0xC7, 0xF4, 0x72, 0xFC, 0x7F, 0x5F, 0xBF, 0xC7, 0xF8, 0xFF, 0xF8, 0x7F, 0xFF, 0xFF,
    0x07, 0xFF, 0xFF, 0xD0, 0x7F, 0xAF, 0xFC, 0x07, 0xF4, 0x0B, 0xE0, 0x7F, 0x40, 0x3F, 0x07, 0xF4,
    0x01, 0xD0, 0x7F, 0x40, 0x00, 0x07, 0xF4, 0x00, 0x00, 0x00, 0x00, 0xFF, 0x00, 0x00, 0xFF, 0x00,
    0x00, 0xFF, 0xFF, 0xFF, 0xFF, 0xFF, 0xFF, 0xFF, 0xFF, 0xFF, 0xFF, 0xFF, 0x00, 0x00, 0xFF, 0x00,
    0x00, 0xFF, 0x00, 0x00, 0xFF, 0x00, 0x00, 0xFF, 0x00, 0x00, 0xFF, 0x00, 0x00, 0xFF, 0x00, 0x00,
    0xFF, 0x00, 0x00, 0xFF, 0x00, 0x00, 0xFF, 0x00, 0x00, 0xFF, 0x00, 0x00, 0xFF, 0x00, 0x00, 0xFF,
    0x00, 0x00, 0xFF, 0x00, 0x00, 0x00, 0x03, 0xF0, 0x00, 0x0F, 0xC0, 0x00, 0x3F, 0x1F, 0xFF, 0xFC,
    0x7F, 0xFF, 0xF1, 0xFF, 0xFF, 0xC7, 0xF4, 0x00, 0x1F, 0xD0, 0x00, 0x7F, 0x40, 0x01, 0xFD, 0x00,
    0x07, 0xF4, 0x00, 0x1F, 0xD0, 0x00, 0x7F, 0x40, 0x01, 0xFD, 0x00, 0x07, 0xF4, 0x00, 0x1F, 0xD0,
    0x00, 0x07, 0xFF, 0xFF, 0xF4, 0x1F, 0xFF, 0xFF, 0xD0, 0x7F, 0xFF, 0xFF, 0x41, 0xFD, 0x00, 0x00,
    0x07, 0xF4, 0x00, 0x00, 0x1F, 0xD0, 0x00, 0x00, 0x7F, 0x40, 0x00, 0x2F, 0xFF, 0xFE, 0x00, 0xBF,
    0xFF, 0xF8, 0x02, 0xFF, 0xFF, 0xE0, 0x00, 0x7F, 0x40, 0x00, 0x01, 0xFD, 0x00, 0x00, 0x07, 0xF4,
    0x00, 0x00, 0x1F, 0xD0, 0x00, 0x00, 0x7F, 0x40, 0x00, 0x01, 0xFD, 0x00, 0x00, 0x07, 0xF4, 0x00,
    0x00, 0x0B, 0xFF, 0xFE, 0x0B, 0xFF, 0xFE, 0x0B, 0xFF, 0xFE, 0x0B, 0xF0, 0x00, 0x0B, 0xF0, 0x00,
    0x0B, 0xF0, 0x00, 0xFF, 0xFF, 0xD0, 0xFF, 0xFF, 0xD0, 0x0B, 0xF0, 0x00, 0x0B, 0xF0, 0x00, 0x0B,
    0xF0, 0x00, 0x0B, 0xF0, 0x00, 0x0B, 0xF0, 0x00, 0xFF, 0xFF, 0xFE, 0x0F, 0xFF, 0xFF, 0xE0, 0xFF,
    0xFF, 0xFE, 0x0F, 0xF0, 0x00, 0x00, 0xFF, 0x00, 0x00, 0x0F, 0xF0, 0x00, 0x00, 0xFF, 0xFF, 0x90,
    0x0F, 0xFF, 0xFF, 0xC0, 0xFF, 0xFF, 0xFF, 0x0F, 0xF0, 0x1F, 0xFC, 0xFF, 0x00, 0x3F, 0xCF, 0xF0,
    0x01, 0xFE, 0xFF, 0x00, 0x0F, 0xEF, 0xF0, 0x00, 0xFF, 0xFF, 0x00, 0x0F, 0xEF, 0xF0, 0x00, 0xFE,
    0xFF, 0x00, 0x1F, 0xD0, 0x00, 0x03, 0xFC, 0x00, 0x00, 0xFF, 0x80, 0x03, 0xFF, 0xF0, 0x00, 0x3F,
    0xFC, 0x00, 0x03, 0xFD, 0x00, 0x7F, 0xFF, 0xF8, 0x1F, 0xFF, 0xFE, 0x07, 0xFF, 0xFF, 0x81, 0xFD,
    0x00, 0x00, 0x7F, 0x40, 0x00, 0x1F, 0xFF, 0xE4, 0x07, 0xFF, 0xFF, 0x81, 0xFF, 0xFF, 0xF4, 0x7F,
    0x81, 0xFF, 0x1F, 0xD0, 0x1F, 0xC7, 0xF4, 0x03, 0xF5, 0xFD, 0x00, 0xFD, 0x7F, 0x40, 0x3F, 0x40,
    0x00, 0x1F, 0xC0, 0x00, 0x1F, 0xF0, 0x00, 0xFF, 0xF4, 0x00, 0x3F, 0xF8, 0x00, 0x0F, 0xE4, 0x00,
    0x7F, 0xD0, 0x0B, 0xF0, 0x03, 0xFF, 0x02, 0xFF, 0x00, 0xBF, 0x00, 0xBF, 0xC0, 0x0F, 0xFC, 0x0B,
    0xF0, 0x1F, 0xF4, 0x00, 0x3F, 0xE0, 0xBF, 0x03, 0xFE, 0x00, 0x01, 0xFF, 0x4B, 0xF0, 0xFF, 0xC0,
    0x00, 0x0B, 0xFD, 0xBF, 0x2F, 0xF0, 0x00, 0x00, 0x2F, 0xFF, 0xFB, 0xFC, 0x00, 0x00, 0x00, 0xFF,
    0xFF, 0xFF, 0x40, 0x00, 0x00, 0x03, 0xFF, 0xFF, 0xE0, 0x00, 0x00, 0x00, 0xFF, 0xFF, 0xFF, 0x40,
    0x00, 0x00, 0x3F, 0xEB, 0xFB, 0xFD, 0x00, 0x00, 0x0F, 0xFC, 0xBF, 0x1F, 0xF4, 0x00, 0x02, 0xFF,
    0x0B, 0xF0, 0xBF, 0xC0, 0x00, 0x7F, 0xC0, 0xBF, 0x02, 0xFE, 0x00, 0x0F, 0xF4, 0x0B, 0xF0, 0x0F,
    0xFF, 0xC3, 0xFE, 0x00, 0xBF, 0x00, 0x3F, 0xFC, 0x7F, 0xC0, 0x0B, 0xF0, 0x01, 0xFF, 0xC0, 0x00,
    0x00, 0x00, 0x00, 0x02, 0xFC, 0x00, 0x00, 0x00, 0x00, 0x00, 0x2F, 0xC0, 0x00, 0x00, 0x00, 0x00,
    0x02, 0xFC, 0x00, 0x00, 0x00, 0x00, 0x00, 0x2F, 0xC0, 0x3F, 0xC0, 0x3F, 0x40, 0xFF, 0x41, 0xFF,
    0x03, 0xF4, 0x2F, 0xE0, 0x0B, 0xFC, 0x3F, 0x47, 0xFC, 0x00, 0x3F, 0xE3, 0xF5, 0xFF, 0x00, 0x00,
    0xFF, 0xBF, 0xBF, 0xD0, 0x00, 0x07, 0xFF, 0xFF, 0xF8, 0x00, 0x00, 0x2F, 0xFF, 0xFF, 0x00, 0x00,
    0x07, 0xFF, 0xFF, 0xF8, 0x00, 0x00, 0xFF, 0x7F, 0xFF, 0xE0, 0x00, 0x3F, 0xD3, 0xF6, 0xFF, 0x80,
    0x0F, 0xF4, 0x3F, 0x47, 0xFF, 0xD2, 0xFE, 0x03, 0xF4, 0x2F, 0xFD, 0x7F, 0xC0, 0x3F, 0x40, 0xBF,
    0xD0, 0x00, 0x00, 0x00, 0x00, 0xFD, 0x00, 0x00, 0x00, 0x00, 0x0F, 0xD0, 0x00, 0x00, 0x00, 0x00,
    0xFD, 0x00, 0x00, 0x00, 0x00, 0x0F, 0xD0, 0x02, 0xFF, 0xE4, 0x00, 0xBF, 0xFF, 0xFC, 0x01, 0xFF,
    0xFF, 0xF8, 0x03, 0x90, 0x1F, 0xF0, 0x00, 0x00, 0x2F, 0xD0, 0x00, 0x00, 0xFF, 0x40, 0x00, 0x0B,
    0xFC, 0x00, 0x7F, 0xFF, 0xC0, 0x01, 0xFF, 0xFE, 0x00, 0x07, 0xFF, 0xFF, 0x00, 0x00, 0x07, 0xFE,
    0x00, 0x00, 0x03, 0xFC, 0x00, 0x00, 0x0F, 0xF0, 0x79, 0x01, 0xBF, 0xC3, 0xFF, 0xFF, 0xFE, 0x0F,
    0xFF, 0xFF, 0xE0, 0x06, 0xFF, 0xF9, 0x00, 0x00, 0x3D, 0x00, 0x00, 0x00, 0xFD, 0x00, 0x00, 0x00,
    0xF8, 0x00, 0x00, 0xBF, 0xD0, 0x00, 0x02, 0xFD, 0x00, 0x00, 0x1B, 0xFF, 0x80, 0x2F, 0xFF, 0xF4,
    0x1F, 0xFF, 0xFC, 0x04, 0x03, 0xFC, 0x00, 0x03, 0xFC, 0x03, 0xFF, 0xF4, 0x03, 0xFF, 0xF0, 0x03,
    0xFF, 0xFC, 0x00, 0x02, 0xFD, 0x14, 0x02, 0xFD, 0x3F, 0xFF, 0xFD, 0x3F, 0xFF, 0xF8, 0x1F, 0xFF,
    0x90, 0x00, 0x7D, 0x00, 0x00, 0x7F, 0x00, 0x00, 0x1F, 0x40, 0x03, 0xFF, 0x40, 0x03, 0xFD, 0x00,
    0xFF, 0x00, 0x2F, 0xF0, 0xFF, 0x00, 0xBF, 0xC0, 0xFF, 0x02, 0xFF, 0x00, 0xFF, 0x0B, 0xFC, 0x00,
    0xFF, 0x2F, 0xF0, 0x00, 0xFF, 0xBF, 0xC0, 0x00, 0xFF, 0xFF, 0x00, 0x00, 0xFF, 0xFD, 0x00, 0x00,
    0xFF, 0xFF, 0x00, 0x00, 0xFF, 0xFF, 0xC0, 0x00, 0xFF, 0x3F, 0xF0, 0x00, 0xFF, 0x0F, 0xFC, 0x00,
    0xFF, 0x03, 0xFE, 0x00, 0xFF, 0x01, 0xFF, 0x40, 0xFF, 0x00, 0xBF, 0xFF, 0xFF, 0x00, 0x3F, 0xFF,
    0xFF, 0x00, 0x0F, 0xFF, 0x00, 0x00, 0x00, 0xFF, 0x00, 0x00, 0x00, 0xFF, 0x00, 0x00, 0x00, 0xFF,
    0x00, 0x00, 0x00, 0xFF, 0x00, 0x00, 0x00, 0xFF, 0x7F, 0x40, 0xBF, 0xC7, 0xF4, 0x2F, 0xF0, 0x7F,
    0x4B, 0xF8, 0x07, 0xFA, 0xFE, 0x00, 0x7F, 0xFF, 0x80, 0x07, 0xFF, 0xE0, 0x00, 0x7F, 0xFF, 0x40,
    0x07, 0xFF, 0xFD, 0x00, 0x7F, 0x5F, 0xF0, 0x07, 0xF4, 0xBF, 0xC0, 0x7F, 0x42, 0xFF, 0xE7, 0xF4,
    0x0F, 0xFE, 0x7F, 0x40, 0x3F, 0xE0, 0x00, 0x00, 0xBE, 0x00, 0x00, 0x0B, 0xE0, 0x00, 0x00, 0xBE,
    0x00, 0x00, 0x0B, 0xE0, 0xFF, 0x00, 0x00, 0xBF, 0xCF, 0xF0, 0x00, 0x1F, 0xF0, 0xFF, 0x00, 0x03,
    0xFD, 0x0F, 0xF3, 0xE0, 0xFF, 0x80, 0xFF, 0x3E, 0x2F, 0xF0, 0x0F, 0xF3, 0xE7, 0xFC, 0x00, 0xFF,
    0x3E, 0xFF, 0x00, 0x0F, 0xFF, 0xFF, 0xC0, 0x00, 0xFF, 0xFF, 0xFC, 0x00, 0x0F, 0xFF, 0xFF, 0xF0,
    0x00, 0xFF, 0x3E, 0xFF, 0xC0, 0x0F, 0xF3, 0xE3, 0xFF, 0x00, 0xFF, 0x3E, 0x1F, 0xF8, 0x0F, 0xF3,
    0xE0, 0xBF, 0xD0, 0xFF, 0x00, 0x03, 0xFF, 0x0F, 0xF0, 0x00, 0x0F, 0xF8, 0xFF, 0x00, 0x00, 0xBF,
    0xC0, 0x7F, 0x40, 0x03, 0xFC, 0x7F, 0x40, 0x0F, 0xF4, 0x7F, 0x6D, 0x2F, 0xD0, 0x7F, 0x6D, 0xBF,
    0x40, 0x7F, 0x6F, 0xFD, 0x00, 0x7F, 0xFF, 0xF4, 0x00, 0x7F, 0xFF, 0xFC, 0x00, 0x7F, 0x6E, 0xFF,
    0x00, 0x7F, 0x6D, 0x7F, 0xC0, 0x7F, 0x6D, 0x2F, 0xE0, 0x7F, 0x40, 0x0F, 0xF4, 0x7F, 0x40, 0x07,
    0xFC, 0x7F, 0x40, 0x03, 0xFE, 0x0F, 0xF0, 0x00, 0x00, 0x00, 0xFF, 0x00, 0x0B, 0xFC, 0xFF, 0xFF,
    0x41, 0xFF, 0x0F, 0xFF, 0xF4, 0x7F, 0xD0, 0xFF, 0xFF, 0x5F, 0xF4, 0x00, 0xFF, 0x07, 0xFE, 0x00,
    0x0F, 0xF1, 0xFF, 0x80, 0x00, 0xFF, 0x7F, 0xE0, 0x00, 0x0F, 0xFF, 0xF4, 0x00, 0x00, 0xFF, 0xFE,
    0x00, 0x00, 0x0F, 0xFF, 0xF8, 0x00, 0x00, 0xFF, 0xFF, 0xE0, 0x00, 0x0F, 0xF2, 0xFF, 0x80, 0x00,
    0xFF, 0x0B, 0xFE, 0x00, 0x0F, 0xF0, 0x1F, 0xF4, 0x00, 0xFF, 0x00, 0xBF, 0xD0, 0x0F, 0xF0, 0x02,
    0xFF, 0x00, 0xFF, 0x00, 0x0F, 0xF8, 0x0F, 0xE0, 0x00, 0x03, 0xFF, 0xF4, 0x3F, 0xDF, 0xFF, 0xD3,
    0xFE, 0x3F, 0xFF, 0x6F, 0xE0, 0x0F, 0xE2, 0xFF, 0x00, 0x3F, 0xAF, 0xF0, 0x00, 0xFF, 0xFE, 0x00,
    0x03, 0xFF, 0xF0, 0x00, 0x0F, 0xFF, 0xF0, 0x00, 0x3F, 0xFF, 0xF0, 0x00, 0xFE, 0x7F, 0xF0, 0x03,
    0xF8, 0x3F, 0xE0, 0x0F, 0xE0, 0x3F, 0xE0, 0x3F, 0x80, 0x3F, 0xD0, 0xBF, 0xFF, 0x80, 0x0F, 0xFC,
    0xBF, 0xFF, 0x80, 0x2F, 0xF0, 0xBF, 0xFF, 0x80, 0xBF, 0xC0, 0x00, 0x3F, 0x82, 0xFF, 0x00, 0x00,
    0x3F, 0x8B, 0xFC, 0x00, 0x00, 0x3F, 0xAF, 0xF0, 0x00, 0x00, 0x3F, 0xFF, 0xC0, 0x00, 0x00, 0x3F,
    0xFF, 0x00, 0x00, 0x00, 0x3F, 0xFF, 0xC0, 0x00, 0x00, 0x3F, 0xFF, 0xF0, 0x00, 0x00, 0x3F, 0x8F,
    0xFC, 0x00, 0x00, 0x3F, 0x83, 0xFF, 0x00, 0x00, 0x3F, 0x81, 0xFF, 0x80, 0x00, 0x3F, 0x80, 0x7F,
    0xD0, 0x00, 0x3F, 0x80, 0x2F, 0xF0, 0x00, 0x3F, 0x80, 0x0F, 0xF8, 0x00, 0x3F, 0x80, 0x07, 0xFD,
    0xBF, 0xFD, 0x03, 0xFE, 0x2F, 0xFF, 0x43, 0xFE, 0x0B, 0xFF, 0xD3, 0xFE, 0x00, 0x07, 0xF7, 0xFE,
    0x00, 0x01, 0xFF, 0xFE, 0x00, 0x00, 0x7F, 0xFF, 0x00, 0x00, 0x1F, 0xFF, 0xE0, 0x00, 0x07, 0xFF,
    0xFD, 0x00, 0x01, 0xFD, 0xBF, 0xC0, 0x00, 0x7F, 0x4B, 0xFC, 0x00, 0x1F, 0xD0, 0xFF, 0x80, 0x07,
    0xF4, 0x0F, 0xF4, 0x01, 0xFD, 0x01, 0xFF, 0x00, 0xFF, 0x00, 0x0B, 0xF4, 0x0F, 0xF0, 0x00, 0xBF,
    0x40, 0xFF, 0x00, 0x0B, 0xF4, 0x0F, 0xF0, 0x00, 0xBF, 0x40, 0xFF, 0x00, 0x0B, 0xF4, 0x0F, 0xF0,
    0x00, 0xBF, 0x40, 0xFF, 0x00, 0x0B, 0xF4, 0x0F, 0xFF, 0xFF, 0xFF, 0x40, 0xFF, 0xFF, 0xFF, 0xF4,
    0x0F, 0xFF, 0xFF, 0xFF, 0x40, 0xFF, 0x00, 0x0B, 0xF4, 0x0F, 0xF0, 0x00, 0xBF, 0x40, 0xFF, 0x00,
    0x0B, 0xF4, 0x0F, 0xF0, 0x00, 0xBF, 0x40, 0xFF, 0x00, 0x0B, 0xFF, 0xEF, 0xF0, 0x00, 0xBF, 0xFE,
    0xFF, 0x00, 0x0B, 0xFF, 0xE0, 0x00, 0x00, 0x00, 0xFE, 0x00, 0x00, 0x00, 0x0F, 0xE0, 0x00, 0x00,
    0x00, 0xFE, 0x00, 0x00, 0x00, 0x0F, 0xE0, 0x00, 0x00, 0x00, 0xFE, 0x7F, 0x40, 0xBF, 0x01, 0xFD,
    0x02, 0xFC, 0x07, 0xF4, 0x0B, 0xF0, 0x1F, 0xD0, 0x2F, 0xC0, 0x7F, 0x40, 0xBF, 0x01, 0xFF, 0xFF,
    0xFC, 0x07, 0xFF, 0xFF, 0xF0, 0x1F, 0xFF, 0xFF, 0xC0, 0x7F, 0x40, 0xBF, 0x01, 0xFD, 0x02, 0xFC,
    0x07, 0xF4, 0x0B, 0xFF, 0x5F, 0xD0, 0x2F, 0xFD, 0x7F, 0x40, 0xBF, 0xF4, 0x00, 0x00, 0x0F, 0xD0,
    0x00, 0x00, 0x3F, 0x40, 0x00, 0x00, 0xFD, 0x00, 0x00, 0x03, 0xF4, 0xFF, 0x00, 0x0B, 0xFF, 0xFB,
    0xFC, 0x00, 0x2F, 0xFF, 0xEF, 0xF0, 0x00, 0xBF, 0xFF, 0xBF, 0xC0, 0x02, 0xFD, 0x00, 0xFF, 0x00,
    0x0B, 0xF4, 0x03, 0xFC, 0x00, 0x2F, 0xD0, 0x0F, 0xF0, 0x00, 0xBF, 0x40, 0x3F, 0xFF, 0xFF, 0xFD,
    0x00, 0xFF, 0xFF, 0xFF, 0xF4, 0x03, 0xFF, 0xFF, 0xFF, 0xD0, 0x0F, 0xF0, 0x00, 0xBF, 0x40, 0x3F,
    0xC0, 0x02, 0xFD, 0x00, 0xFF, 0x00, 0x0B, 0xF4, 0x03, 0xFC, 0x00, 0x2F, 0xD0, 0x0F, 0xF0, 0x00,
    0xBF, 0x40, 0x3F, 0xC0, 0x02, 0xFD, 0x00, 0xFF, 0x00, 0x0B, 0xF4, 0x00, 0x7F, 0x40, 0xBF, 0xFC,
    0x7F, 0x40, 0xBF, 0xFC, 0x7F, 0x40, 0xBF, 0xFC, 0x7F, 0x40, 0xBF, 0x00, 0x7F, 0x40, 0xBF, 0x00,
    0x7F, 0xFF, 0xFF, 0x00, 0x7F, 0xFF, 0xFF, 0x00, 0x7F, 0xFF, 0xFF, 0x00, 0x7F, 0x40, 0xBF, 0x00,
    0x7F, 0x40, 0xBF, 0x00, 0x7F, 0x40, 0xBF, 0x00, 0x7F, 0x40, 0xBF, 0x00, 0x7F, 0x40, 0xBF, 0x00,
    0xFF, 0xFF, 0xFF, 0xF4, 0x00, 0x00, 0x3F, 0xFF, 0xFF, 0xFD, 0x00, 0x00, 0x0F, 0xFF, 0xFF, 0xFF,
    0x40, 0x00, 0x03, 0xFC, 0x00, 0x2F, 0xD0, 0x00, 0x00, 0xFF, 0x00, 0x0B, 0xF4, 0x00, 0x00, 0x3F,
    0xC0, 0x02, 0xFD, 0x00, 0x00, 0x0F, 0xF0, 0x00, 0xBF, 0xFF, 0xE4, 0x03, 0xFC, 0x00, 0x2F, 0xFF,
    0xFF, 0xC0, 0xFF, 0x00, 0x0B, 0xFF, 0xFF, 0xFC, 0x3F, 0xC0, 0x02, 0xFD, 0x01, 0xFF, 0x8F, 0xF0,
    0x00, 0xBF, 0x40, 0x0F, 0xF3, 0xFC, 0x00, 0x2F, 0xD0, 0x01, 0xFD, 0xFF, 0x00, 0x0B, 0xF4, 0x00,
    0x3F, 0x7F, 0xC0, 0x02, 0xFD, 0x00, 0x0F, 0xEF, 0xF0, 0x00, 0xBF, 0x40, 0x03, 0xFB, 0xFC, 0x00,
    0x2F, 0xD0, 0x01, 0xFD, 0xFF, 0x00, 0x0B, 0xF4, 0x00, 0xBF, 0x40, 0x00, 0x00, 0x00, 0x00, 0x3F,
    0xC0, 0x00, 0x00, 0x00, 0x00, 0x7F, 0xE0, 0x00, 0x00, 0x00, 0x03, 0xFF, 0xF0, 0x00, 0x00, 0x00,
    0x00, 0xFF, 0xF0, 0x00, 0x00, 0x00, 0x00, 0x3F, 0x90, 0x00, 0x7F, 0xFF, 0xFF, 0x00, 0x00, 0x7F,
    0xFF, 0xFF, 0x00, 0x00, 0x7F, 0xFF, 0xFF, 0x00, 0x00, 0x7F, 0x40, 0xBF, 0x00, 0x00, 0x7F, 0x40,
    0xBF, 0x00, 0x00, 0x7F, 0x40, 0xBF, 0xFF, 0x80, 0x7F, 0x40, 0xBF, 0xFF, 0xF0, 0x7F, 0x40, 0xBF,
    0xFF, 0xFC, 0x7F, 0x40, 0xBF, 0x02, 0xFD, 0x7F, 0x40, 0xBF, 0x00, 0xFE, 0x7F, 0x40, 0xBF, 0x00,
    0xBF, 0x7F, 0x40, 0xBF, 0x00, 0x7F, 0x7F, 0x40, 0xBF, 0x00, 0xBF, 0x00, 0x00, 0x00, 0x00, 0xFF,
    0x00, 0x00, 0x00, 0x02, 0xFE, 0x00, 0x00, 0x00, 0x3F, 0xFC, 0x00, 0x00, 0x00, 0x7F, 0xF4, 0x00,
    0x00, 0x00, 0x7F, 0x80, 0x00, 0x1B, 0xFF, 0x80, 0x00, 0x07, 0xFF, 0xFF, 0x00, 0x00, 0x7F, 0xFF,
    0xFC, 0x00, 0x03, 0xFF, 0x40, 0x50, 0x00, 0x3F, 0xE0, 0x00, 0x00, 0x00, 0xFF, 0x00, 0x2F, 0xF4,
    0x0B, 0xF8, 0x07, 0xFF, 0xF8, 0x2F, 0xD0, 0x3F, 0xFF, 0xF4, 0xBF, 0x42, 0xFE, 0x1F, 0xF2, 0xFD,
    0x0F, 0xF0, 0x2F, 0xCB, 0xF4, 0x3F, 0x80, 0xBF, 0x1F, 0xE0, 0xFE, 0x03, 0xFC, 0x3F, 0xC3, 0xF8,
    0x0F, 0xE0, 0x7F, 0xDF, 0xF1, 0xFF, 0x40, 0xBF, 0xFF, 0xFF, 0xF8, 0x00, 0xBF, 0xFF, 0xFF, 0x40,
    0x00, 0x1B, 0xFF, 0xD0, 0x00, 0x00, 0x00, 0xFF, 0xD4, 0x00, 0x00, 0x00, 0xFF, 0xFD, 0x00, 0x00,
    0x00, 0xBF, 0xF4, 0x00, 0x00, 0x00, 0x1B, 0xC0, 0x00, 0xBF, 0xE0, 0x00, 0x2F, 0xFF, 0xC0, 0x02,
    0xFF, 0xFF, 0x00, 0x0F, 0xF4, 0x04, 0x00, 0xBF, 0x01, 0xFF, 0x43, 0xF4, 0x2F, 0xFF, 0x4F, 0xD0,
    0xFF, 0xFF, 0x3F, 0x47, 0xF0, 0xFC, 0xBF, 0x1F, 0x83, 0xF1, 0xFE, 0xBD, 0x2F, 0xC3, 0xFF, 0xFF,
    0xFD, 0x03, 0xFF, 0xFF, 0xD0, 0x01, 0xBF, 0xF8, 0x00, 0x00, 0x1F, 0xF8, 0x00, 0x00, 0x1F, 0xFF,
    0x00, 0x00, 0x1F, 0xF8, 0x00, 0x00, 0x06, 0xD0, 0x00, 0x1B, 0xFE, 0x40, 0x07, 0xFF, 0xFF, 0xD0,
    0x7F, 0xFF, 0xFF, 0x07, 0xFE, 0x40, 0x68, 0x3F, 0xE0, 0x00, 0x01, 0xFF, 0x00, 0x00, 0x0B, 0xF8,
    0x00, 0x00, 0x2F, 0xD0, 0x00, 0x00, 0xBF, 0x40, 0x00, 0x02, 0xFD, 0x00, 0x00, 0x0B, 0xF8, 0x00,
    0x00, 0x1F, 0xF0, 0x00, 0x00, 0x3F, 0xE0, 0x00, 0x00, 0x7F, 0xE4, 0x02, 0x80, 0xBF, 0xFF, 0xFF,
    0x00, 0x7F, 0xFF, 0xFE, 0x00, 0x1B, 0xFF, 0x90, 0x00, 0x0F, 0x80, 0x00, 0x00, 0x2F, 0x80, 0x00,
    0x00, 0x3F, 0x00, 0x00, 0x1F, 0xF8, 0x00, 0x00, 0xBF, 0x80, 0x00, 0x00, 0xBF, 0xE0, 0x2F, 0xFF,
    0xD2, 0xFF, 0xFF, 0x0F, 0xF4, 0x04, 0xBF, 0x40, 0x03, 0xFC, 0x00, 0x0F, 0xF0, 0x00, 0x3F, 0xC0,
    0x00, 0xBF, 0x40, 0x00, 0xFF, 0x40, 0x42, 0xFF, 0xFF, 0x41, 0xFF, 0xFE, 0x00, 0x7F, 0xE4, 0x01,
    0xFC, 0x00, 0x01, 0xF4, 0x00, 0x07, 0xE0, 0x03, 0xFF, 0x40, 0x0F, 0xF4, 0x00, 0xBF, 0xFF, 0xFF,
    0xFE, 0xFF, 0xFF, 0xFF, 0xFB, 0xFF, 0xFF, 0xFF, 0xC0, 0x07, 0xF8, 0x00, 0x00, 0x1F, 0xE0, 0x00,
    0x00, 0x7F, 0x80, 0x00, 0x01, 0xFE, 0x00, 0x00, 0x07, 0xF8, 0x00, 0x00, 0x1F, 0xE0, 0x00, 0x00,
    0x7F, 0x80, 0x00, 0x01, 0xFE, 0x00, 0x00, 0x07, 0xF8, 0x00, 0x00, 0x1F, 0xE0, 0x00, 0x00, 0x7F,
    0x80, 0x00, 0x01, 0xFF, 0xF8, 0x00, 0x07, 0xFF, 0xE0, 0x00, 0x1F, 0xFF, 0x80, 0x00, 0x00, 0xFE,
    0x00, 0x00, 0x03, 0xF8, 0x00, 0x00, 0x0F, 0xE0, 0x00, 0x00, 0x3F, 0x80, 0x00, 0x00, 0xFE, 0x00,
    0xFF, 0xFF, 0xFF, 0x7F, 0xFF, 0xFF, 0xDF, 0xFF, 0xFF, 0xF4, 0x02, 0xFC, 0x00, 0x00, 0xBF, 0x00,
    0x00, 0x2F, 0xC0, 0x00, 0x0B, 0xF0, 0x00, 0x02, 0xFC, 0x00, 0x00, 0xBF, 0x00, 0x00, 0x2F, 0xC0,
    0x00, 0x0B, 0xFF, 0x80, 0x02, 0xFF, 0xE0, 0x00, 0xBF, 0xF8, 0x00, 0x00, 0xBE, 0x00, 0x00, 0x2F,
    0x80, 0x00, 0x0B, 0xE0, 0x00, 0x02, 0xF8, 0x00, 0xBF, 0xC0, 0x00, 0xFF, 0x0F, 0xF4, 0x00, 0xBF,
    0x81, 0xFF, 0x00, 0x3F, 0xC0, 0x3F, 0xD0, 0x3F, 0xD0, 0x07, 0xFC, 0x1F, 0xF0, 0x00, 0xFF, 0x8F,
    0xF4, 0x00, 0x0F, 0xFF, 0xF8, 0x00, 0x02, 0xFF, 0xFC, 0x00, 0x00, 0x3F, 0xFD, 0x00, 0x00, 0x07,
    0xFF, 0x00, 0x00, 0x00, 0xFF, 0x40, 0x00, 0x00, 0x2F, 0xC0, 0x00, 0x00, 0x0B, 0xF0, 0x00, 0x00,
    0x02, 0xFC, 0x00, 0x00, 0x00, 0xBF, 0x00, 0x00, 0x00, 0x2F, 0xC0, 0x00, 0x00, 0x0B, 0xF0, 0x00,
    0x00, 0xBF, 0x40, 0x2F, 0xD7, 0xF8, 0x03, 0xFC, 0x3F, 0xC0, 0x3F, 0x82, 0xFD, 0x0B, 0xF4, 0x0F,
    0xE0, 0xFF, 0x00, 0xFF, 0x0F, 0xE0, 0x07, 0xF6, 0xFC, 0x00, 0x3F, 0xFF, 0xC0, 0x02, 0xFF, 0xF4,
    0x00, 0x0F, 0xFF, 0x00, 0x00, 0xFF, 0xE0, 0x00, 0x07, 0xFC, 0x00, 0x00, 0x3F, 0xC0, 0x00, 0x03,
    0xFC, 0x00, 0x00, 0x3F, 0xC0, 0x00, 0x03, 0xFC, 0x00, 0x00, 0x3F, 0xC0, 0x00, 0x03, 0xFC, 0x00,
    0xBF, 0xC0, 0x00, 0xFF, 0x0F, 0xF4, 0x00, 0xBF, 0x82, 0xFF, 0x00, 0x3F, 0xC0, 0x3F, 0xD0, 0x3F,
    0xD0, 0x07, 0xFC, 0x1F, 0xF0, 0x00, 0xFF, 0x8F, 0xF4, 0x00, 0x0F, 0xFB, 0xF8, 0x00, 0x02, 0xFF,
    0xFC, 0x00, 0x00, 0x3F, 0xFD, 0x00, 0x00, 0x07, 0xFF, 0x00, 0x00, 0x3F, 0xFF, 0xFE, 0x00, 0x0F,
    0xFF, 0xFF, 0x80, 0x03, 0xFF, 0xFF, 0xE0, 0x00, 0x02, 0xFC, 0x00, 0x00, 0x00, 0xBF, 0x00, 0x00,
    0x00, 0x2F, 0xC0, 0x00, 0x00, 0x0B, 0xF0, 0x00, 0x00, 0xBF, 0x40, 0x2F, 0xD7, 0xF8, 0x03, 0xFC,
    0x3F, 0xC0, 0x3F, 0x82, 0xFC, 0x07, 0xF4, 0x1F, 0xE0, 0xFF, 0x00, 0xFF, 0x0F, 0xE0, 0x0B, 0xF6,
    0xFC, 0x00, 0x3F, 0xBF, 0xC0, 0x02, 0xFF, 0xF4, 0x00, 0x1F, 0xFF, 0x00, 0x00, 0xFF, 0xE0, 0x00,
    0xFF, 0xFF, 0xE0, 0x0F, 0xFF, 0xFE, 0x00, 0x03, 0xFC, 0x00, 0x00, 0x3F, 0xC0, 0x00, 0x03, 0xFC,
    0x00, 0x00, 0x3F, 0xC0, 0x00, 0x03, 0xFC, 0x00, 0x3F, 0xE0, 0x01, 0xFF, 0x01, 0xFF, 0x00, 0x3F,
    0xD0, 0x0F, 0xFC, 0x0F, 0xF8, 0x00, 0x3F, 0xE1, 0xFF, 0x00, 0x01, 0xFF, 0x7F, 0xD0, 0x00, 0x0F,
    0xFF, 0xF8, 0x00, 0x00, 0x3F, 0xFF, 0x00, 0x00, 0x01, 0xFF, 0xC0, 0x00, 0x00, 0x0F, 0xFC, 0x00,
    0x00, 0x02, 0xFF, 0xF0, 0x00, 0x00, 0x7F, 0xFF, 0x80, 0x00, 0x0F, 0xFF, 0xFC, 0x00, 0x03, 0xFE,
    0x3F, 0xF0, 0x00, 0xBF, 0xC0, 0xFF, 0x40, 0x0F, 0xF0, 0x07, 0xFF, 0xD3, 0xFE, 0x00, 0x3F, 0xFD,
    0x7F, 0xC0, 0x01, 0xFF, 0xD0, 0x00, 0x00, 0x01, 0xFD, 0x00, 0x00, 0x00, 0x1F, 0xD0, 0x00, 0x00,
    0x01, 0xFD, 0x00, 0x00, 0x00, 0x1F, 0xD0, 0x00, 0x00, 0x00, 0xA9, 0x7F, 0xC0, 0x3F, 0xC0, 0xBF,
    0x82, 0xFD, 0x00, 0xFF, 0x1F, 0xE0, 0x00, 0xFF, 0xFF, 0x00, 0x01, 0xFF, 0xF0, 0x00, 0x02, 0xFF,
    0x40, 0x00, 0x07, 0xFC, 0x00, 0x00, 0x3F, 0xFC, 0x00, 0x02, 0xFF, 0xF8, 0x00, 0x1F, 0xEF, 0xF4,
    0x00, 0xFE, 0x0F, 0xFF, 0x0F, 0xF0, 0x1F, 0xFC, 0x7F, 0x40, 0x2F, 0xF0, 0x00, 0x00, 0x0F, 0xC0,
    0x00, 0x00, 0x3F, 0x00, 0x00, 0x00, 0xFC, 0x00, 0x00, 0x03, 0xF0, 0xBF, 0xFF, 0xFF, 0xD0, 0xFE,
    0x02, 0xFF, 0xFF, 0xFF, 0x43, 0xF8, 0x0B, 0xFF, 0xFF, 0xFD, 0x0F, 0xE0, 0x00, 0x0F, 0xF0, 0x00,
    0x3F, 0x80, 0x00, 0x3F, 0xC0, 0x00, 0xFE, 0x00, 0x00, 0xFF, 0x00, 0x03, 0xF8, 0x00, 0x03, 0xFC,
    0x00, 0x0F, 0xE0, 0x00, 0x0F, 0xF0, 0x00, 0x3F, 0x80, 0x00, 0x3F, 0xC0, 0x00, 0xFE, 0x00, 0x00,
    0xFF, 0x00, 0x03, 0xF8, 0x00, 0x03, 0xFC, 0x00, 0x0F, 0xE0, 0x00, 0x0F, 0xF0, 0x00, 0x3F, 0x80,
    0x00, 0x3F, 0xC0, 0x00, 0xFE, 0x00, 0x00, 0xFF, 0x00, 0x03, 0xF8, 0x00, 0x03, 0xFF, 0xFF, 0xFF,
    0xFF, 0x80, 0x0F, 0xFF, 0xFF, 0xFF, 0xFE, 0x00, 0x3F, 0xFF, 0xFF, 0xFF, 0xF8, 0x00, 0x00, 0x00,
    0x00, 0x0F, 0xE0, 0x00, 0x00, 0x00, 0x00, 0x3F, 0x80, 0x00, 0x00, 0x00, 0x00, 0xFE, 0x00, 0x00,
    0x00, 0x00, 0x03, 0xF8, 0x00, 0x00, 0x00, 0x00, 0x0F, 0xE0, 0xFF, 0xFF, 0xC3, 0xF8, 0x3F, 0xFF,
    0xF0, 0xFE, 0x0F, 0xFF, 0xFC, 0x3F, 0x80, 0x0F, 0xE0, 0x0F, 0xE0, 0x03, 0xF8, 0x03, 0xF8, 0x00,
    0xFE, 0x00, 0xFE, 0x00, 0x3F, 0x80, 0x3F, 0x80, 0x0F, 0xE0, 0x0F, 0xE0, 0x03, 0xF8, 0x03, 0xF8,
    0x00, 0xFE, 0x00, 0xFE, 0x00, 0x3F, 0xFF, 0xFF, 0xFC, 0x0F, 0xFF, 0xFF, 0xFF, 0x03, 0xFF, 0xFF,
    0xFF, 0xC0, 0x00, 0x00, 0x07, 0xF0, 0x00, 0x00, 0x01, 0xFC, 0x00, 0x00, 0x00, 0x7F, 0x00, 0x00,
    0x00, 0x1F, 0xC0, 0xFF, 0x00, 0x0B, 0xF4, 0x3F, 0xC0, 0x02, 0xFD, 0x0F, 0xF0, 0x00, 0xBF, 0x43,
    0xFC, 0x00, 0x2F, 0xD0, 0xFF, 0x00, 0x0B, 0xF4, 0x2F, 0xC0, 0x02, 0xFD, 0x0B, 0xF8, 0x00, 0xBF,
    0x41, 0xFF, 0x40, 0x2F, 0xD0, 0x3F, 0xFF, 0xFF, 0xF4, 0x03, 0xFF, 0xFF, 0xFD, 0x00, 0x1F, 0xFF,
    0xFF, 0x40, 0x00, 0x00, 0x2F, 0xD0, 0x00, 0x00, 0x0B, 0xF4, 0x00, 0x00, 0x02, 0xFD, 0x00, 0x00,
    0x00, 0xBF, 0xF4, 0x00, 0x00, 0x2F, 0xFD, 0x00, 0x00, 0x0B, 0xFF, 0x40, 0x00, 0x00, 0x1F, 0xD0,
    0x00, 0x00, 0x07, 0xF4, 0x00, 0x00, 0x01, 0xFD, 0x00, 0x00, 0x00, 0x7F, 0x40, 0x00, 0x00, 0x1F,
    0xD0, 0x7F, 0x40, 0xBF, 0x01, 0xFD, 0x02, 0xFC, 0x07, 0xF4, 0x0B, 0xF0, 0x1F, 0xD0, 0x2F, 0xC0,
    0x3F, 0x80, 0xBF, 0x00, 0xFF, 0x02, 0xFC, 0x03, 0xFF, 0xFF, 0xF0, 0x03, 0xFF, 0xFF, 0xC0, 0x02,
    0xFF, 0xFF, 0x00, 0x00, 0x02, 0xFC, 0x00, 0x00, 0x0B, 0xFF, 0x40, 0x00, 0x2F, 0xFD, 0x00, 0x00,
    0xBF, 0xF4, 0x00, 0x00, 0x0B, 0xD0, 0x00, 0x00, 0x2F, 0x40, 0x00, 0x00, 0xBD, 0x00, 0x00, 0x02,
    0xF4, 0xFF, 0x00, 0x0F, 0xFF, 0xF0, 0x00, 0xFF, 0xFF, 0x00, 0x0F, 0xFF, 0xF0, 0x00, 0xFF, 0xFF,
    0x00, 0x0F, 0xFB, 0xF0, 0xF8, 0xFF, 0xBF, 0x4F, 0x8F, 0xF7, 0xFC, 0xF8, 0xFF, 0x3F, 0xFF, 0xFF,
    0xF1, 0xFF, 0xFF, 0xFF, 0x01, 0xFF, 0xFF, 0xF0, 0x00, 0xF8, 0xFF, 0x00, 0x0F, 0x8F, 0xF0, 0x00,
    0xF8, 0xFF, 0x00, 0x00, 0x0F, 0xF0, 0x00, 0x00, 0xFF, 0x00, 0x00, 0x0F, 0xF0, 0x7F, 0x40, 0x3F,
    0xDF, 0xD0, 0x0F, 0xF7, 0xF4, 0x03, 0xFD, 0xFD, 0x00, 0xFF, 0x3F, 0x4F, 0x3F, 0xCF, 0xF3, 0xCF,
    0xF3, 0xFF, 0xFF, 0xFC, 0x3F, 0xFF, 0xFF, 0x02, 0xFF, 0xFF, 0xC0, 0x03, 0xCF, 0xF0, 0x00, 0xF3,
    0xFC, 0x00, 0x00, 0xFF, 0x00, 0x00, 0x3F, 0xC0, 0xFF, 0x00, 0x00, 0x0F, 0xF0, 0x00, 0x00, 0xFF,
    0x00, 0x00, 0x0F, 0xF0, 0x00, 0x00, 0xFF, 0x00, 0x00, 0x0F, 0xFF, 0xFE, 0x40, 0xFF, 0xFF, 0xFF,
    0x4F, 0xFF, 0xFF, 0xFC, 0xFF, 0x00, 0x7F, 0xEF, 0xF0, 0x01, 0xFF, 0xFF, 0x00, 0x0F, 0xFF, 0xF0,
    0x00, 0xFF, 0xFF, 0x00, 0x0F, 0xFF, 0xF0, 0x00, 0xFF, 0xFF, 0x00, 0x0F, 0xFF, 0xF0, 0x00, 0xFF,
    0xFF, 0x00, 0x0F, 0xF0, 0x2B, 0x40, 0x00, 0x1F, 0xD0, 0x00, 0x07, 0xF4, 0x00, 0x01, 0xFD, 0x00,
    0x00, 0x7F, 0x40, 0x00, 0x1F, 0xD0, 0x00, 0x07, 0xFF, 0xFD, 0x01, 0xFF, 0xFF, 0xE0, 0x7F, 0xFF,
    0xFD, 0x1F, 0xE0, 0x7F, 0xC7, 0xF4, 0x0F, 0xF1, 0xFD, 0x02, 0xFC, 0x7F, 0x40, 0xBF, 0x1F, 0xD0,
    0x2F, 0xC7, 0xF4, 0x0B, 0xF1, 0xFD, 0x02, 0xFC, 0x7F, 0x40, 0xBF, 0x1F, 0xD0, 0x2F, 0xC7, 0xF4,
    0x0B, 0xF0, 0x00, 0x00, 0x1B, 0xFE, 0x40, 0x00, 0x00, 0x2F, 0xFF, 0xFC, 0x00, 0x00, 0x3F, 0xFF,
    0xFF, 0xC0, 0x00, 0x2F, 0xF4, 0x1F, 0xF8, 0xB9, 0x0F, 0xF0, 0x00, 0xFF, 0x2F, 0x4B, 0xF8, 0x00,
    0x2F, 0xDB, 0xF7, 0xFD, 0x00, 0x07, 0xF9, 0xFF, 0xFF, 0xFF, 0xFF, 0xFE, 0x1F, 0xFF, 0xFF, 0xFF,
    0xFF, 0x80, 0x6F, 0xFF, 0xFF, 0xFF, 0xE0, 0x03, 0xFC, 0x00, 0x00, 0x00, 0x00, 0xBF, 0x40, 0x00,
    0x00, 0x00, 0x1F, 0xF0, 0x00, 0x00, 0x00, 0x03, 0xFF, 0x40, 0x1B, 0x00, 0x00, 0x3F, 0xFF, 0xFF,
    0xD0, 0x00, 0x02, 0xFF, 0xFF, 0xF4, 0x00, 0x00, 0x0B, 0xFF, 0x90, 0x00, 0x00, 0x01, 0xBF, 0x90,
    0x04, 0x02, 0xFF, 0xFE, 0x0B, 0xC2, 0xFF, 0xFF, 0xE2, 0xF4, 0xFF, 0x03, 0xFC, 0xBF, 0xBF, 0x00,
    0x3F, 0x5F, 0xFF, 0xFF, 0xFF, 0xE2, 0xFF, 0xFF, 0xFF, 0xF8, 0x0B, 0xFF, 0xFF, 0xFE, 0x00, 0xBF,
    0x40, 0x00, 0x00, 0x1F, 0xF4, 0x01, 0x00, 0x02, 0xFF, 0xFF, 0xD0, 0x00, 0x2F, 0xFF, 0xF8, 0x00,
    0x01, 0xBF, 0xF9, 0x00, 0x00, 0x00, 0x1B, 0xFE, 0x40, 0x00, 0x00, 0x2F, 0xFF, 0xFC, 0x00, 0x00,
    0x3F, 0xFF, 0xFF, 0xC0, 0x00, 0x2F, 0xF4, 0x1F, 0xF8, 0xB9, 0x0F, 0xF0, 0x00, 0xFF, 0x2F, 0x4B,
    0xF8, 0x00, 0x2F, 0xDB, 0xF7, 0xFD, 0x00, 0x07, 0xF9, 0xFF, 0xFF, 0xFF, 0xFF, 0xFE, 0x1F, 0xFF,
    0xFF, 0xFF, 0xFF, 0x80, 0x6F, 0xFF, 0xFF, 0xFF, 0xE0, 0x03, 0xFC, 0x00, 0x00, 0x00, 0x00, 0xBF,
    0x40, 0x00, 0x00, 0x00, 0x1F, 0xF0, 0x00, 0x00, 0x00, 0x03, 0xFF, 0x40, 0x1B, 0x00, 0x00, 0x3F,
    0xFF, 0xFF, 0xD0, 0x00, 0x02, 0xFF, 0xFF, 0xF4, 0x00, 0x00, 0x0B, 0xFF, 0xD0, 0x00, 0x00, 0x00,
    0xFF, 0x00, 0x00, 0x00, 0x00, 0x3F, 0xC0, 0x00, 0x00, 0x00, 0x0F, 0xF0, 0x00, 0x00, 0x00, 0x03,
    0xFC, 0x00, 0x00, 0x00, 0x01, 0xBF, 0x90, 0x04, 0x02, 0xFF, 0xFE, 0x0B, 0xC2, 0xFF, 0xFF, 0xE2,
    0xF4, 0xFF, 0x03, 0xFC, 0xBF, 0xBF, 0x00, 0x3F, 0x5F, 0xFF, 0xFF, 0xFF, 0xE2, 0xFF, 0xFF, 0xFF,
    0xF8, 0x0B, 0xFF, 0xFF, 0xFE, 0x00, 0xBF, 0x40, 0x00, 0x00, 0x1F, 0xF4, 0x01, 0x00, 0x02, 0xFF,
    0xFF, 0xD0, 0x00, 0x3F, 0xFF, 0xF8, 0x00, 0x01, 0xBF, 0xF9, 0x00, 0x00, 0x0F, 0xD0, 0x00, 0x00,
    0x03, 0xF4, 0x00, 0x00, 0x00, 0xFD, 0x00, 0xFF, 0xFF, 0xFF, 0xFF, 0xFF, 0xFF, 0xFF, 0xFF, 0xFF,
    0xFF, 0xFF, 0xFF, 0xFF, 0xFF, 0xFF, 0xFF, 0xFF, 0x00, 0x00, 0x14, 0x09, 0x00, 0x00, 0x00, 0x00,
    0x3F, 0x0B, 0xD0, 0x00, 0x00, 0x00, 0x0B, 0xFF, 0xF0, 0x00, 0x00, 0x00, 0x00, 0xFF, 0xF4, 0x00,
    0x00, 0x00, 0x00, 0x0B, 0xF4, 0x00, 0x00, 0x00, 0x00, 0x00, 0x00, 0x00, 0x00, 0x00, 0x00, 0x00,
    0x00, 0x00, 0x00, 0x01, 0xFF, 0x40, 0x2F, 0xC0, 0x0F, 0xFC, 0x2F, 0xF0, 0x0B, 0xF0, 0x0B, 0xFC,
    0x03, 0xFF, 0x02, 0xFC, 0x07, 0xFD, 0x00, 0x3F, 0xE0, 0xBF, 0x03, 0xFE, 0x00, 0x07, 0xFD, 0x2F,
    0xC3, 0xFF, 0x00, 0x00, 0xBF, 0xDB, 0xF2, 0xFF, 0x00, 0x00, 0x0B, 0xFF, 0xFE, 0xFF, 0x00, 0x00,
    0x00, 0xFF, 0xFF, 0xFF, 0x40, 0x00, 0x00, 0x0F, 0xFF, 0xFF, 0x80, 0x00, 0x00, 0x0F, 0xFF, 0xFF,
    0xF8, 0x00, 0x00, 0x0F, 0xFA, 0xFD, 0xFF, 0x80, 0x00, 0x0F, 0xFC, 0xBF, 0x1F, 0xF4, 0x00, 0x0B,
    0xFC, 0x2F, 0xC1, 0xFF, 0x40, 0x07, 0xFC, 0x0B, 0xF0, 0x2F, 0xF0, 0x03, 0xFD, 0x02, 0xFC, 0x03,
    0xFE, 0x03, 0xFE, 0x00, 0xBF, 0x00, 0x3F, 0xD1, 0xFF, 0x00, 0x2F, 0xC0, 0x07, 0xFC, 0x00, 0x01,
    0x80, 0x50, 0x00, 0x00, 0x02, 0xF4, 0x7F, 0x00, 0x00, 0x00, 0x7F, 0xFF, 0x40, 0x00, 0x00, 0x0B,
    0xFF, 0xC0, 0x00, 0x00, 0x00, 0x7F, 0x80, 0x00, 0x00, 0x00, 0x00, 0x00, 0x00, 0x00, 0x00, 0x00,
    0x00, 0x00, 0x00, 0xFF, 0x00, 0xFD, 0x03, 0xFD, 0x1F, 0xF0, 0x3F, 0x42, 0xFE, 0x02, 0xFF, 0x0F,
    0xD1, 0xFF, 0x00, 0x3F, 0xE3, 0xF5, 0xFF, 0x00, 0x03, 0xFE, 0xFE, 0xFF, 0x40, 0x00, 0x7F, 0xFF,
    0xFF, 0x80, 0x00, 0x0B, 0xFF, 0xFF, 0xC0, 0x00, 0x07, 0xFF, 0xFF, 0xF8, 0x00, 0x03, 0xFD, 0xFD,
    0xFF, 0x80, 0x03, 0xFD, 0x3F, 0x4F, 0xF4, 0x03, 0xFD, 0x0F, 0xD0, 0xFF, 0x02, 0xFE, 0x03, 0xF4,
    0x1F, 0xF1, 0xFF, 0x00, 0xFD, 0x02, 0xFE, 0xFF, 0x00, 0x2F, 0xF3, 0xFC, 0x02, 0xFF, 0x0F, 0xF0,
    0x1F, 0xF0, 0x3F, 0xC1, 0xFF, 0x40, 0xFF, 0x0F, 0xF4, 0x03, 0xFC, 0xFF, 0x40, 0x0F, 0xFF, 0xF8,
    0x00, 0x3F, 0xFF, 0xF8, 0x00, 0xFF, 0xFF, 0xFD, 0x03, 0xFF, 0xFF, 0xFD, 0x0F, 0xF0, 0x1F, 0xFC,
    0x3F, 0xC0, 0x0B, 0xF8, 0xFF, 0x00, 0x0F, 0xF3, 0xFC, 0x00, 0x2F, 0xCF, 0xF0, 0x00, 0xBF, 0x3F,
    0xC0, 0x02, 0xFC, 0xFF, 0x00, 0x0F, 0xF0, 0x00, 0x00, 0xBF, 0x80, 0x00, 0x0B, 0xFC, 0x00, 0x0B,
    0xFF, 0xE0, 0x00, 0x2F, 0xFE, 0x00, 0x00, 0xBF, 0x80, 0x00, 0x7F, 0x40, 0xFF, 0x1F, 0xD0, 0xBF,
    0x47, 0xF4, 0xBF, 0x41, 0xFD, 0x7F, 0x40, 0x7F, 0xBF, 0x80, 0x1F, 0xFF, 0xF8, 0x07, 0xFF, 0xFF,
    0xC1, 0xFF, 0xFF, 0xF8, 0x7F, 0x41, 0xFF, 0x1F, 0xD0, 0x1F, 0xD7, 0xF4, 0x03, 0xF5, 0xFD, 0x00,
    0xFD, 0x7F, 0x40, 0x3F, 0x40, 0x00, 0x1F, 0xD0, 0x00, 0x0F, 0xF0, 0x00, 0xBF, 0xF8, 0x00, 0x3F,
    0xF8, 0x00, 0x0F, 0xE4, 0x00, 0x00, 0x1F, 0xFF, 0xFF, 0xD0, 0x00, 0x07, 0xFF, 0xFF, 0xF4, 0x00,
    0x01, 0xFF, 0xFF, 0xFD, 0x00, 0x00, 0x7F, 0x40, 0x7F, 0x40, 0x00, 0x1F, 0xC0, 0x1F, 0xD0, 0x00,
    0x0B, 0xF0, 0x07, 0xF4, 0x00, 0x02, 0xFC, 0x01, 0xFD, 0x00, 0x00, 0xBF, 0x00, 0x7F, 0x40, 0x00,
    0x3F, 0xC0, 0x1F, 0xD0, 0x00, 0x0F, 0xE0, 0x07, 0xF4, 0x00, 0x07, 0xF4, 0x01, 0xFD, 0x00, 0x03,
    0xFC, 0x00, 0x7F, 0x40, 0x01, 0xFF, 0x00, 0x1F, 0xD0, 0x06, 0xFF, 0x40, 0x07, 0xF4, 0x0B, 0xFF,
    0x80, 0x01, 0xFF, 0xF2, 0xFF, 0x40, 0x00, 0x7F, 0xFC, 0x7D, 0x00, 0x00, 0x1F, 0xFF, 0x00, 0x00,
    0x00, 0x00, 0x3F, 0x80, 0x00, 0x00, 0x00, 0x1F, 0xD0, 0x00, 0x00, 0x00, 0x0F, 0xE0, 0x00, 0x00,
    0x00, 0x07, 0xF0, 0x00, 0x00, 0x00, 0x00, 0x24, 0x00, 0x00, 0xFF, 0xFF, 0xF0, 0x00, 0x3F, 0xFF,
    0xFC, 0x00, 0x0F, 0xFF, 0xFF, 0x00, 0x03, 0xF8, 0x3F, 0xC0, 0x00, 0xFE, 0x0F, 0xF0, 0x00, 0x3F,
    0x83, 0xFC, 0x00, 0x1F, 0xD0, 0xFF, 0x00, 0x0B, 0xF0, 0x3F, 0xC0, 0x03, 0xFC, 0x0F, 0xF0, 0x07,
    0xFE, 0x03, 0xFC, 0x0B, 0xFF, 0x00, 0xFF, 0xF6, 0xFF, 0x00, 0x3F, 0xFC, 0x79, 0x00, 0x0F, 0xFF,
    0x00, 0x00, 0x00, 0x2F, 0x80, 0x00, 0x00, 0x1F, 0xC0, 0x00, 0x00, 0x0F, 0xE0, 0x00, 0x00, 0x00,
    0xA0, 0x00, 0xFF, 0x00, 0x0B, 0xF7, 0xFC, 0x00, 0x2F, 0xDF, 0xF0, 0x00, 0xBF, 0x7F, 0xC0, 0x02,
    0xFD, 0xFF, 0x00, 0x0B, 0xF7, 0xFC, 0x00, 0x2F, 0xDF, 0xF0, 0x00, 0xBF, 0x7F, 0xFF, 0xFF, 0xFD,
    0xFF, 0xFF, 0xFF, 0xF7, 0xFF, 0xFF, 0xFF, 0xDF, 0xF0, 0x00, 0xBF, 0x7F, 0xC0, 0x02, 0xFD, 0xFF,
    0x00, 0x0B, 0xF7, 0xFC, 0x00, 0x2F, 0xDF, 0xF0, 0x00, 0xBF, 0x7F, 0xC0, 0x02, 0xFD, 0xFF, 0x00,
    0x0B, 0xF4, 0x00, 0x00, 0x2F, 0xD0, 0x00, 0x00, 0xFF, 0x00, 0x00, 0x7F, 0xFC, 0x00, 0x02, 0xFF,
    0xD0, 0x00, 0x07, 0xF9, 0x00, 0x7F, 0x40, 0x7F, 0x5F, 0xD0, 0x1F, 0xD7, 0xF4, 0x07, 0xF5, 0xFD,
    0x01, 0xFD, 0x7F, 0x40, 0x7F, 0x5F, 0xFF, 0xFF, 0xD7, 0xFF, 0xFF, 0xF5, 0xFF, 0xFF, 0xFD, 0x7F,
    0x40, 0x7F, 0x5F, 0xD0, 0x1F, 0xD7, 0xF4, 0x07, 0xF5, 0xFD, 0x01, 0xFD, 0x7F, 0x40, 0x7F, 0x00,
    0x00, 0x2F, 0xC0, 0x00, 0x0F, 0xF0, 0x00, 0x7F, 0xFC, 0x00, 0x1F, 0xFD, 0x00, 0x07, 0xF8, 0x00,
    0xFF, 0x00, 0x0B, 0xF4, 0x0F, 0xF0, 0x00, 0xBF, 0x40, 0xFF, 0x00, 0x0B, 0xF4, 0x0F, 0xF0, 0x00,
    0xBF, 0x40, 0xFF, 0x00, 0x0B, 0xF4, 0x0F, 0xF0, 0x00, 0xBF, 0x40, 0xFF, 0x00, 0x0B, 0xF4, 0x0F,
    0xFF, 0xFF, 0xFF, 0x40, 0xFF, 0xFF, 0xFF, 0xF4, 0x0F, 0xFF, 0xFF, 0xFF, 0x40, 0xFF, 0x00, 0x0B,
    0xF4, 0x0F, 0xF0, 0x00, 0xBF, 0x40, 0xFF, 0x00, 0x0B, 0xF4, 0x0F, 0xF0, 0x00, 0xBF, 0x40, 0xFF,
    0x00, 0x0B, 0xFF, 0xCF, 0xF0, 0x00, 0xBF, 0xFC, 0xFF, 0x00, 0x0B, 0xFF, 0xC0, 0x00, 0x00, 0x03,
    0xF8, 0x00, 0x00, 0x00, 0xBF, 0x00, 0x00, 0x00, 0x0F, 0xE0, 0x00, 0x00, 0x01, 0xFC, 0x00, 0x00,
    0x00, 0x03, 0x00, 0x7F, 0x40, 0xBF, 0x01, 0xFD, 0x02, 0xFC, 0x07, 0xF4, 0x0B, 0xF0, 0x1F, 0xD0,
    0x2F, 0xC0, 0x7F, 0x40, 0xBF, 0x01, 0xFF, 0xFF, 0xFC, 0x07, 0xFF, 0xFF, 0xF0, 0x1F, 0xFF, 0xFF,
    0xC0, 0x7F, 0x40, 0xBF, 0x01, 0xFD, 0x02, 0xFC, 0x07, 0xF4, 0x0B, 0xFF, 0x1F, 0xD0, 0x2F, 0xFC,
    0x7F, 0x40, 0xBF, 0xF0, 0x00, 0x00, 0x3F, 0x40, 0x00, 0x01, 0xFC, 0x00, 0x00, 0x0F, 0xD0, 0x00,
    0x00, 0x09, 0x00, 0xFF, 0x00, 0x0F, 0xFF, 0xF0, 0x00, 0xFF, 0xFF, 0x00, 0x0F, 0xFF, 0xF0, 0x00,
    0xFF, 0xFF, 0x00, 0x0F, 0xFF, 0xF0, 0x00, 0xFF, 0xFF, 0x40, 0x0F, 0xFB, 0xFD, 0x00, 0xFF, 0x3F,
    0xFF, 0xFF, 0xF1, 0xFF, 0xFF, 0xFF, 0x02, 0xFF, 0xFF, 0xF0, 0x00, 0x00, 0xFF, 0x00, 0x00, 0x0F,
    0xF0, 0x00, 0x00, 0xFF, 0x00, 0x03, 0xFF, 0xF0, 0x00, 0x3F, 0xFF, 0x00, 0x03, 0xFF, 0xF0, 0x00,
    0x3F, 0xC0, 0x00, 0x03, 0xFC, 0x00, 0x00, 0x3F, 0xC0, 0x00, 0x03, 0xFC, 0x00, 0x00, 0x3F, 0xC0,
    0xFF, 0x01, 0xFD, 0xFF, 0x01, 0xFD, 0xFF, 0x01, 0xFD, 0xFF, 0x01, 0xFD, 0xFF, 0x41, 0xFD, 0xBF,
    0xFF, 0xFD, 0x3F, 0xFF, 0xFD, 0x07, 0xFF, 0xFD, 0x00, 0x01, 0xFD, 0x00, 0x01, 0xFD, 0x00, 0x2F,
    0xFD, 0x00, 0x2F, 0xFD, 0x00, 0x2F, 0xFD, 0x00, 0x2F, 0x40, 0x00, 0x2F, 0x40, 0x00, 0x2F, 0x40,
    0x00, 0x2F, 0x40, 0x0F, 0xF0, 0x00, 0x07, 0xF8, 0x00, 0x7F, 0xD0, 0x00, 0x3F, 0xE0, 0x01, 0xFF,
    0xC0, 0x01, 0xFF, 0xC0, 0x0B, 0xFF, 0x40, 0x0F, 0xFF, 0x00, 0x2F, 0xFF, 0x00, 0x7F, 0xFC, 0x00,
    0xBF, 0xFD, 0x02, 0xFF, 0xF0, 0x03, 0xFF, 0xFC, 0x0F, 0xEF, 0xC0, 0x0F, 0xF7, 0xF0, 0xBF, 0x7F,
    0x40, 0x3F, 0x8F, 0xE3, 0xF5, 0xFD, 0x00, 0xFE, 0x2F, 0xEF, 0xC3, 0xF4, 0x03, 0xF8, 0x3F, 0xFE,
    0x0F, 0xE0, 0x0F, 0xE0, 0xBF, 0xF0, 0x3F, 0x80, 0x7F, 0x40, 0xFF, 0x80, 0xFE, 0x01, 0xFD, 0x03,
    0xFC, 0x03, 0xF8, 0x07, 0xF4, 0x07, 0xF0, 0x0F, 0xFF, 0x5F, 0xD0, 0x00, 0x00, 0x3F, 0xFD, 0x7F,
    0x40, 0x00, 0x00, 0xFF, 0xF0, 0x00, 0x00, 0x00, 0x00, 0x3F, 0xC0, 0x00, 0x00, 0x00, 0x00, 0xFE,
    0x00, 0x00, 0x00, 0x00, 0x0B, 0xF0, 0x00, 0x00, 0x00, 0x00, 0x3F, 0x40, 0x00, 0x00, 0x00, 0x00,
    0x28, 0x00, 0x3F, 0x80, 0x00, 0xFD, 0x00, 0xFF, 0x00, 0x0F, 0xF4, 0x03, 0xFF, 0x00, 0x7F, 0xE0,
    0x0F, 0xFD, 0x03, 0xFF, 0x80, 0x3F, 0xFC, 0x1F, 0xFE, 0x01, 0xFF, 0xF4, 0xFF, 0xFC, 0x07, 0xF7,
    0xF7, 0xFB, 0xF0, 0x1F, 0xCF, 0xFF, 0x6F, 0xC0, 0x7F, 0x1F, 0xFC, 0xBF, 0x02, 0xFC, 0x3F, 0xD2,
    0xFC, 0x0B, 0xF0, 0x7F, 0x0B, 0xFF, 0xAF, 0xC0, 0x00, 0x1F, 0xFD, 0xBF, 0x00, 0x00, 0x7F, 0xF0,
    0x00, 0x00, 0x00, 0x2F, 0xC0, 0x00, 0x00, 0x00, 0xFD, 0x00, 0x00, 0x00, 0x0B, 0xF0, 0x00, 0x00,
    0x00, 0x07, 0x00, 0x7F, 0x5F, 0xD7, 0xF5, 0xFD, 0x7F, 0x5F, 0xD7, 0xF5, 0xFD, 0x7F, 0x5F, 0xD7,
    0xF5, 0xFD, 0x7F, 0x5F, 0xD7, 0xF5, 0xFD, 0x7F, 0x40, 0x00, 0x18, 0x05, 0x00, 0x00, 0x07, 0xE0,
    0xFC, 0x00, 0x00, 0x3F, 0xFF, 0xC0, 0x00, 0x01, 0xFF, 0xF0, 0x00, 0x00, 0x07, 0xF8, 0x00, 0x00,
    0x00, 0x00, 0x00, 0x00, 0x00, 0x00, 0x00, 0x00, 0x00, 0x00, 0x3F, 0xC0, 0x00, 0x00, 0x0B, 0xFE,
    0x00, 0x00, 0x00, 0xFF, 0xF0, 0x00, 0x00, 0x1F, 0xFF, 0x40, 0x00, 0x03, 0xFB, 0xFC, 0x00, 0x00,
    0x7F, 0x1F, 0xD0, 0x00, 0x0F, 0xF0, 0xFF, 0x00, 0x00, 0xFD, 0x0B, 0xF0, 0x00, 0x2F, 0xC0, 0x3F,
    0x80, 0x03, 0xF8, 0x03, 0xFC, 0x00, 0x7F, 0xFF, 0xFF, 0xD0, 0x0B, 0xFF, 0xFF, 0xFF, 0x00, 0xFF,
    0xFF, 0xFF, 0xF0, 0x1F, 0xD0, 0x00, 0xBF, 0x83, 0xFC, 0x00, 0x03, 0xFC, 0x3F, 0xC0, 0x00, 0x3F,
    0xCB, 0xF4, 0x00, 0x02, 0xFE, 0x01, 0x80, 0x50, 0x01, 0xF8, 0x3F, 0x00, 0x3F, 0xFF, 0xC0, 0x07,
    0xFF, 0xC0, 0x00, 0x2F, 0x80, 0x00, 0x00, 0x00, 0x00, 0x00, 0x00, 0x00, 0x1B, 0xFF, 0x80, 0x0F,
    0xFF, 0xFC, 0x02, 0xFF, 0xFF, 0x80, 0x10, 0x1F, 0xF0, 0x00, 0x01, 0xFC, 0x01, 0xFF, 0xFF, 0x03,
    0xFF, 0xFF, 0xC3, 0xFF, 0xFF, 0xF0, 0xFF, 0x01, 0xFC, 0x3F, 0xC0, 0x7F, 0x0F, 0xFF, 0xFF, 0xC1,
    0xFF, 0xFF, 0xF0, 0x0B, 0xFF, 0xE4, 0x00, 0x3D, 0x0B, 0x80, 0x00, 0x0F, 0xF0, 0xFD, 0x00, 0x00,
    0xFF, 0x0F, 0xD0, 0x00, 0x03, 0xD0, 0xB8, 0x00, 0x00, 0x00, 0x00, 0x00, 0x00, 0x00, 0x00, 0x00,
    0x00, 0x00, 0x03, 0xFC, 0x00, 0x00, 0x00, 0xBF, 0xE0, 0x00, 0x00, 0x0F, 0xFF, 0x00, 0x00, 0x01,
    0xFF, 0xF4, 0x00, 0x00, 0x3F, 0xBF, 0xC0, 0x00, 0x07, 0xF1, 0xFD, 0x00, 0x00, 0xFF, 0x0F, 0xF0,
    0x00, 0x0F, 0xD0, 0xBF, 0x00, 0x02, 0xFC, 0x03, 0xF8, 0x00, 0x3F, 0x80, 0x3F, 0xC0, 0x07, 0xFF,
    0xFF, 0xFD, 0x00, 0xBF, 0xFF, 0xFF, 0xF0, 0x0F, 0xFF, 0xFF, 0xFF, 0x01, 0xFD, 0x00, 0x0B, 0xF8,
    0x3F, 0xC0, 0x00, 0x3F, 0xC3, 0xFC, 0x00, 0x03, 0xFC, 0xBF, 0x40, 0x00, 0x2F, 0xE0, 0x07, 0xC0,
    0xB8, 0x03, 0xF8, 0x7F, 0x40, 0xFE, 0x1F, 0xD0, 0x1F, 0x02, 0xE0, 0x00, 0x00, 0x00, 0x00, 0x00,
    0x00, 0x00, 0x6F, 0xFE, 0x00, 0x3F, 0xFF, 0xF0, 0x0B, 0xFF, 0xFE, 0x00, 0x40, 0x7F, 0xC0, 0x00,
    0x07, 0xF0, 0x07, 0xFF, 0xFC, 0x0F, 0xFF, 0xFF, 0x0F, 0xFF, 0xFF, 0xC3, 0xFC, 0x07, 0xF0, 0xFF,
    0x01, 0xFC, 0x3F, 0xFF, 0xFF, 0x07, 0xFF, 0xFF, 0xC0, 0x2F, 0xFF, 0x90, 0x00, 0x00, 0x07, 0xFF,
    0xFF, 0xFD, 0x00, 0x00, 0x0F, 0xFF, 0xFF, 0xFD, 0x00, 0x00, 0x3F, 0xFF, 0xFF, 0xFD, 0x00, 0x00,
    0xBF, 0xFF, 0x00, 0x00, 0x00, 0x00, 0xFD, 0xFF, 0x00, 0x00, 0x00, 0x03, 0xFC, 0xFF, 0x00, 0x00,
    0x00, 0x07, 0xF4, 0xFF, 0x00, 0x00, 0x00, 0x0F, 0xE0, 0xFF, 0xFF, 0xF8, 0x00, 0x2F, 0xC0, 0xFF,
    0xFF, 0xF8, 0x00, 0x7F, 0x80, 0xFF, 0xFF, 0xF8, 0x00, 0xFF, 0xFF, 0xFF, 0x00, 0x00, 0x02, 0xFF,
    0xFF, 0xFF, 0x00, 0x00, 0x03, 0xFF, 0xFF, 0xFF, 0x00, 0x00, 0x0B, 0xF4, 0x00, 0xFF, 0x00, 0x00,
    0x1F, 0xF0, 0x00, 0xFF, 0xFF, 0xFF, 0x3F, 0xD0, 0x00, 0xFF, 0xFF, 0xFF, 0x7F, 0xC0, 0x00, 0xFF,
    0xFF, 0xFF, 0x06, 0xFF, 0x90, 0xBF, 0xD0, 0x03, 0xFF, 0xFE, 0xFF, 0xFF, 0x00, 0xBF, 0xFF, 0xFF,
    0xFF, 0xE0, 0x04, 0x03, 0xFF, 0x42, 0xFC, 0x00, 0x00, 0x7F, 0x40, 0x3F, 0x40, 0x7F, 0xFF, 0xFF,
    0xFF, 0xE0, 0xFF, 0xFF, 0xFF, 0xFF, 0xF8, 0xFF, 0xFF, 0xFF, 0xFF, 0xFE, 0x3F, 0xC0, 0x7F, 0x40,
    0x00, 0x0F, 0xF0, 0x0F, 0xF4, 0x01, 0x43, 0xFF, 0xFF, 0xFF, 0xFF, 0xE0, 0x7F, 0xFF, 0xFF, 0xFF,
    0xFC, 0x02, 0xFF, 0xE1, 0xBF, 0xF9, 0x00, 0x06, 0x00, 0x40, 0x07, 0xF0, 0xFC, 0x00, 0xFF, 0xFF,
    0x00, 0x1F, 0xFF, 0x00, 0x00, 0xBE, 0x00, 0x00, 0x00, 0x00, 0x00, 0x00, 0x00, 0x03, 0xFF, 0xFF,
    0xF8, 0xFF, 0xFF, 0xFE, 0x3F, 0xFF, 0xFF, 0x8F, 0xF0, 0x00, 0x03, 0xFC, 0x00, 0x00, 0xFF, 0x00,
    0x00, 0x3F, 0xC0, 0x00, 0x0F, 0xFF, 0xFF, 0xC3, 0xFF, 0xFF, 0xF0, 0xFF, 0xFF, 0xFC, 0x3F, 0xC0,
    0x00, 0x0F, 0xF0, 0x00, 0x03, 0xFC, 0x00, 0x00, 0xFF, 0x00, 0x00, 0x3F, 0xFF, 0xFF, 0xDF, 0xFF,
    0xFF, 0xF7, 0xFF, 0xFF, 0xFD, 0x01, 0x80, 0x50, 0x02, 0xF4, 0x7F, 0x00, 0x7F, 0xFF, 0x80, 0x0B,
    0xFF, 0xC0, 0x00, 0x7F, 0x80, 0x00, 0x00, 0x00, 0x00, 0x00, 0x00, 0x00, 0x06, 0xFE, 0x40, 0x0B,
    0xFF, 0xF8, 0x0B, 0xFF, 0xFF, 0x43, 0xFC, 0x0F, 0xF2, 0xFC, 0x01, 0xFC, 0xFF, 0xFF, 0xFF, 0x7F,
    0xFF, 0xFF, 0xDF, 0xFF, 0xFF, 0xF6, 0xFC, 0x00, 0x00, 0x7F, 0xD0, 0x04, 0x0B, 0xFF, 0xFF, 0x40,
    0xBF, 0xFF, 0xE0, 0x06, 0xFF, 0xE0, 0x01, 0xBF, 0xF8, 0x00, 0x1F, 0xFF, 0xFF, 0x80, 0x1F, 0xFF,
    0xFF, 0xF0, 0x0E, 0x40, 0x1F, 0xF8, 0x00, 0x00, 0x03, 0xFC, 0x00, 0x00, 0x01, 0xFE, 0x00, 0x00,
    0x00, 0xFF, 0xBF, 0xFF, 0xFF, 0xFF, 0xBF, 0xFF, 0xFF, 0xFF, 0xBF, 0xFF, 0xFF, 0xFF, 0xBF, 0x40,
    0x01, 0xFF, 0x7F, 0x80, 0x02, 0xFE, 0x3F, 0xC0, 0x03, 0xFC, 0x2F, 0xF4, 0x1F, 0xF8, 0x0F, 0xFF,
    0xFF, 0xF0, 0x03, 0xFF, 0xFF, 0xC0, 0x00, 0x6F, 0xF9, 0x00, 0x1B, 0xFF, 0x80, 0x0F, 0xFF, 0xFD,
    0x03, 0xFF, 0xFF, 0xD0, 0x50, 0x0B, 0xFC, 0x00, 0x00, 0xBF, 0x3F, 0xFF, 0xFF, 0xDF, 0xFF, 0xFF,
    0xF7, 0xFF, 0xFF, 0xFD, 0xBF, 0x00, 0xBF, 0x1F, 0xE0, 0x7F, 0xC3, 0xFF, 0xFF, 0xC0, 0x3F, 0xFF,
    0xD0, 0x01, 0xFF, 0x80, 0x00, 0x01, 0xF0, 0x2E, 0x00, 0x03, 0xFC, 0x7F, 0x40, 0x03, 0xFC, 0x7F,
    0x40, 0x01, 0xF0, 0x2E, 0x00, 0x00, 0x00, 0x00, 0x00, 0x00, 0x00, 0x00, 0x00, 0x01, 0xBF, 0xF8,
    0x00, 0x1F, 0xFF, 0xFF, 0x80, 0x1F, 0xFF, 0xFF, 0xF0, 0x0E, 0x40, 0x1F, 0xF8, 0x00, 0x00, 0x03,
    0xFC, 0x00, 0x00, 0x01, 0xFE, 0x00, 0x00, 0x00, 0xFF, 0xBF, 0xFF, 0xFF, 0xFF, 0xBF, 0xFF, 0xFF,
    0xFF, 0xBF, 0xFF, 0xFF, 0xFF, 0xBF, 0x40, 0x01, 0xFF, 0x7F, 0x80, 0x02, 0xFE, 0x3F, 0xC0, 0x03,
    0xFC, 0x2F, 0xF4, 0x1F, 0xF8, 0x0F, 0xFF, 0xFF, 0xF0, 0x03, 0xFF, 0xFF, 0xC0, 0x00, 0x6F, 0xF9,
    0x00, 0x0B, 0x81, 0xF4, 0x07, 0xF0, 0xFF, 0x01, 0xFC, 0x3F, 0xC0, 0x2E, 0x07, 0xD0, 0x00, 0x00,
    0x00, 0x00, 0x00, 0x00, 0x01, 0xBF, 0xF8, 0x00, 0xFF, 0xFF, 0xD0, 0x3F, 0xFF, 0xFD, 0x05, 0x00,
    0xBF, 0xC0, 0x00, 0x0B, 0xF3, 0xFF, 0xFF, 0xFD, 0xFF, 0xFF, 0xFF, 0x7F, 0xFF, 0xFF, 0xDB, 0xF0,
    0x0B, 0xF1, 0xFE, 0x07, 0xFC, 0x3F, 0xFF, 0xFC, 0x03, 0xFF, 0xFD, 0x00, 0x1F, 0xF8, 0x00, 0x00,
    0x00, 0xB8, 0x0F, 0x40, 0x00, 0x00, 0x00, 0x7F, 0x4F, 0xF0, 0x00, 0x00, 0x00, 0x1F, 0xD3, 0xFC,
    0x00, 0x00, 0x00, 0x02, 0xE0, 0x3D, 0x00, 0x00, 0x00, 0x00, 0x00, 0x00, 0x00, 0x00, 0x00, 0x00,
    0x00, 0x00, 0x00, 0x00, 0x07, 0xFD, 0x00, 0xBF, 0x00, 0x3F, 0xF0, 0xBF, 0xC0, 0x2F, 0xC0, 0x2F,
    0xF0, 0x0F, 0xFC, 0x0B, 0xF0, 0x1F, 0xF4, 0x00, 0xFF, 0x82, 0xFC, 0x0F, 0xF8, 0x00, 0x1F, 0xF4,
    0xBF, 0x0F, 0xFC, 0x00, 0x02, 0xFF, 0x6F, 0xCB, 0xFC, 0x00, 0x00, 0x2F, 0xFF, 0xFB, 0xFC, 0x00,
    0x00, 0x03, 0xFF, 0xFF, 0xFD, 0x00, 0x00, 0x00, 0x3F, 0xFF, 0xFE, 0x00, 0x00, 0x00, 0x3F, 0xFF,
    0xFF, 0xE0, 0x00, 0x00, 0x3F, 0xEB, 0xF7, 0xFE, 0x00, 0x00, 0x3F, 0xF2, 0xFC, 0x7F, 0xD0, 0x00,
    0x2F, 0xF0, 0xBF, 0x07, 0xFD, 0x00, 0x1F, 0xF0, 0x2F, 0xC0, 0xBF, 0xC0, 0x0F, 0xF4, 0x0B, 0xF0,
    0x0F, 0xF8, 0x0F, 0xF8, 0x02, 0xFC, 0x00, 0xFF, 0x47, 0xFC, 0x00, 0xBF, 0x00, 0x1F, 0xF0, 0x00,
    0x07, 0xC0, 0xB8, 0x00, 0x00, 0x03, 0xF8, 0x7F, 0x00, 0x00, 0x00, 0xFE, 0x1F, 0xC0, 0x00, 0x00,
    0x1F, 0x02, 0xE0, 0x00, 0x00, 0x00, 0x00, 0x00, 0x00, 0x00, 0x00, 0x00, 0x00, 0x00, 0x03, 0xFC,
    0x03, 0xF4, 0x0F, 0xF4, 0x7F, 0xC0, 0xFD, 0x0B, 0xF8, 0x0B, 0xFC, 0x3F, 0x47, 0xFC, 0x00, 0xFF,
    0x8F, 0xD7, 0xFC, 0x00, 0x0F, 0xFB, 0xFB, 0xFD, 0x00, 0x01, 0xFF, 0xFF, 0xFE, 0x00, 0x00, 0x2F,
    0xFF, 0xFF, 0x00, 0x00, 0x1F, 0xFF, 0xFF, 0xE0, 0x00, 0x0F, 0xF7, 0xF7, 0xFE, 0x00, 0x0F, 0xF4,
    0xFD, 0x3F, 0xD0, 0x0F, 0xF4, 0x3F, 0x43, 0xFC, 0x0B, 0xF8, 0x0F, 0xD0, 0x7F, 0xC7, 0xFC, 0x03,
    0xF4, 0x0B, 0xF8, 0x03, 0xD0, 0x7C, 0x00, 0x2F, 0xC3, 0xF8, 0x00, 0xBF, 0x0F, 0xE0, 0x00, 0xF4,
    0x1F, 0x00, 0x00, 0x00, 0x00, 0x00, 0x00, 0x00, 0x00, 0x00, 0x2F, 0xFE, 0x40, 0x0B, 0xFF, 0xFF,
    0xC0, 0x1F, 0xFF, 0xFF, 0x80, 0x39, 0x01, 0xFF, 0x00, 0x00, 0x02, 0xFD, 0x00, 0x00, 0x0F, 0xF4,
    0x00, 0x00, 0xBF, 0xC0, 0x07, 0xFF, 0xFC, 0x00, 0x1F, 0xFF, 0xE0, 0x00, 0x7F, 0xFF, 0xF0, 0x00,
    0x00, 0x7F, 0xE0, 0x00, 0x00, 0x3F, 0xC0, 0x00, 0x00, 0xFF, 0x07, 0x90, 0x1B, 0xFC, 0x3F, 0xFF,
    0xFF, 0xD0, 0xFF, 0xFF, 0xFE, 0x00, 0x6F, 0xFF, 0x80, 0x00, 0x1F, 0x02, 0xE0, 0x3F, 0xC7, 0xF4,
    0x3F, 0xC7, 0xF4, 0x1F, 0x02, 0xE0, 0x00, 0x00, 0x00, 0x00, 0x00, 0x00, 0x1B, 0xFF, 0x80, 0x2F,
    0xFF, 0xF4, 0x1F, 0xFF, 0xFC, 0x04, 0x03, 0xFC, 0x00, 0x03, 0xFC, 0x03, 0xFF, 0xF4, 0x03, 0xFF,
    0xF0, 0x03, 0xFF, 0xFC, 0x00, 0x02, 0xFD, 0x14, 0x02, 0xFD, 0x3F, 0xFF, 0xFC, 0x3F, 0xFF, 0xF8,
    0x1B, 0xFF, 0x80, 0x2F, 0xFF, 0xFF, 0xE2, 0xFF, 0xFF, 0xFE, 0x2F, 0xFF, 0xFF, 0xC0, 0x00, 0x0F,
    0xF0, 0x00, 0x03, 0xFC, 0x00, 0x00, 0xFF, 0x00, 0x00, 0x3F, 0xE0, 0x00, 0x0B, 0xFF, 0xE0, 0x00,
    0xBF, 0xFF, 0xC0, 0x00, 0x07, 0xFE, 0x00, 0x00, 0x1F, 0xF0, 0x00, 0x00, 0xFF, 0x00, 0x00, 0x1F,
    0xF2, 0xE0, 0x07, 0xFE, 0x3F, 0xFF, 0xFF, 0xC7, 0xFF, 0xFF, 0xF0, 0x06, 0xFF, 0xE4, 0x00, 0x3F,
    0xFF, 0xFD, 0x3F, 0xFF, 0xFD, 0x3F, 0xFF, 0xFC, 0x00, 0x0B, 0xF8, 0x00, 0x1F, 0xF0, 0x00, 0x3F,
    0xD0, 0x00, 0xBF, 0x80, 0x01, 0xFF, 0x00, 0x03, 0xFF, 0x80, 0x03, 0xFF, 0xF4, 0x00, 0x07, 0xFC,
    0x00, 0x00, 0xFE, 0x00, 0x00, 0xFF, 0x00, 0x00, 0xFF, 0x24, 0x07, 0xFE, 0x7F, 0xFF, 0xFC, 0xBF,
    0xFF, 0xF4, 0x1B, 0xFF, 0x80, 0x00, 0xFF, 0xFF, 0x00, 0x03, 0xFF, 0xFC, 0x00, 0x0F, 0xFF, 0xF0,
    0x00, 0x00, 0x00, 0x00, 0x00, 0x00, 0x00, 0x00, 0x00, 0x00, 0x00, 0x0F, 0xF0, 0x00, 0x2F, 0xFF,
    0xC0, 0x02, 0xFF, 0xFF, 0x00, 0x2F, 0xFF, 0xFC, 0x01, 0xFF, 0xFF, 0xF0, 0x0F, 0xFF, 0xFF, 0xC0,
    0xFF, 0xFF, 0xFF, 0x0B, 0xFB, 0xFF, 0xFC, 0x7F, 0xCF, 0xFF, 0xF3, 0xFC, 0x3F, 0xFF, 0xFF, 0xC0,
    0xFF, 0xFF, 0xFD, 0x03, 0xFF, 0xFF, 0xF0, 0x0F, 0xFF, 0xFF, 0x00, 0x3F, 0xFF, 0xF4, 0x00, 0xFF,
    0xFF, 0xC0, 0x03, 0xFF, 0xFC, 0x00, 0x0F, 0xFF, 0xE0, 0x00, 0x3F, 0xC0, 0x07, 0xFF, 0xFC, 0x01,
    0xFF, 0xFF, 0x00, 0x7F, 0xFF, 0xC0, 0x00, 0x00, 0x00, 0x00, 0x00, 0x00, 0x00, 0x00, 0x00, 0x07,
    0xF4, 0x03, 0xF9, 0xFD, 0x02, 0xFE, 0x7F, 0x41, 0xFF, 0x9F, 0xD0, 0xFF, 0xE7, 0xF4, 0xFF, 0xF9,
    0xFD, 0xBF, 0xFE, 0x7F, 0xBF, 0x7F, 0x9F, 0xFF, 0x8F, 0xE7, 0xFF, 0xC3, 0xF9, 0xFF, 0xD0, 0xFE,
    0x7F, 0xE0, 0x3F, 0x9F, 0xF0, 0x0F, 0xE7, 0xF4, 0x03, 0xF8, 0x01, 0xF0, 0x2E, 0x00, 0x0F, 0xF1,
    0xFD, 0x00, 0x3F, 0xC7, 0xF4, 0x00, 0x7C, 0x0B, 0x80, 0x00, 0x00, 0x00, 0x00, 0x00, 0x00, 0x00,
    0x0F, 0xF0, 0x00, 0x2F, 0xFF, 0xC0, 0x02, 0xFF, 0xFF, 0x00, 0x2F, 0xFF, 0xFC, 0x01, 0xFF, 0xFF,
    0xF0, 0x0F, 0xFF, 0xFF, 0xC0, 0xFF, 0xFF, 0xFF, 0x0B, 0xFB, 0xFF, 0xFC, 0x7F, 0xCF, 0xFF, 0xF3,
    0xFC, 0x3F, 0xFF, 0xFF, 0xC0, 0xFF, 0xFF, 0xFD, 0x03, 0xFF, 0xFF, 0xF0, 0x0F, 0xFF, 0xFF, 0x00,
    0x3F, 0xFF, 0xF4, 0x00, 0xFF, 0xFF, 0xC0, 0x03, 0xFF, 0xFC, 0x00, 0x0F, 0xFF, 0xE0, 0x00, 0x3F,
    0xC0, 0x03, 0xD0, 0x7C, 0x02, 0xFC, 0x3F, 0x80, 0xBF, 0x0F, 0xE0, 0x0F, 0x41, 0xF0, 0x00, 0x00,
    0x00, 0x00, 0x00, 0x00, 0x07, 0xF4, 0x03, 0xF9, 0xFD, 0x02, 0xFE, 0x7F, 0x41, 0xFF, 0x9F, 0xD0,
    0xFF, 0xE7, 0xF4, 0xFF, 0xF9, 0xFD, 0xBF, 0xFE, 0x7F, 0xBF, 0x7F, 0x9F, 0xFF, 0x8F, 0xE7, 0xFF,
    0xC3, 0xF9, 0xFF, 0xD0, 0xFE, 0x7F, 0xE0, 0x3F, 0x9F, 0xF0, 0x0F, 0xE7, 0xF4, 0x03, 0xF8, 0x00,
    0x3D, 0x07, 0xC0, 0x00, 0x0B, 0xF0, 0xFE, 0x00, 0x00, 0xBF, 0x0F, 0xE0, 0x00, 0x03, 0xD0, 0x7C,
    0x00, 0x00, 0x00, 0x00, 0x00, 0x00, 0x00, 0x00, 0x00, 0x00, 0x00, 0x1B, 0xFE, 0x40, 0x00, 0x1F,
    0xFF, 0xFF, 0x00, 0x07, 0xFF, 0xFF, 0xFD, 0x01, 0xFF, 0x80, 0x7F, 0xF0, 0x3F, 0xE0, 0x00, 0xFF,
    0x87, 0xFC, 0x00, 0x03, 0xFC, 0xBF, 0x80, 0x00, 0x3F, 0xDB, 0xF4, 0x00, 0x02, 0xFD, 0xBF, 0x40,
    0x00, 0x2F, 0xDB, 0xF4, 0x00, 0x02, 0xFD, 0xBF, 0x80, 0x00, 0x3F, 0xD7, 0xFC, 0x00, 0x03, 0xFC,
    0x3F, 0xE0, 0x00, 0xFF, 0x81, 0xFF, 0x80, 0x7F, 0xF0, 0x0B, 0xFF, 0xFF, 0xFD, 0x00, 0x1F, 0xFF,
    0xFF, 0x40, 0x00, 0x1B, 0xFE, 0x40, 0x00, 0x07, 0xC0, 0xB8, 0x00, 0xFE, 0x1F, 0xD0, 0x0F, 0xE1,
    0xFD, 0x00, 0x7C, 0x0B, 0x80, 0x00, 0x00, 0x00, 0x00, 0x00, 0x00, 0x00, 0x01, 0xBF, 0x90, 0x00,
    0xBF, 0xFF, 0xC0, 0x2F, 0xFF, 0xFF, 0x03, 0xFD, 0x0F, 0xF4, 0xBF, 0x40, 0x3F, 0xCF, 0xF0, 0x03,
    0xFC, 0xFF, 0x00, 0x3F, 0xCF, 0xF0, 0x03, 0xFC, 0xBF, 0x40, 0x3F, 0xC3, 0xFD, 0x0F, 0xF4, 0x2F,
    0xFF, 0xFF, 0x00, 0xBF, 0xFF, 0xC0, 0x01, 0xBF, 0x90, 0x00, 0x00, 0x1B, 0xFE, 0x40, 0x00, 0x1F,
    0xFF, 0xFF, 0x00, 0x07, 0xFF, 0xFF, 0xFD, 0x01, 0xFF, 0x80, 0x7F, 0xF0, 0x3F, 0xE0, 0x00, 0xFF,
    0x87, 0xFC, 0x00, 0x03, 0xFC, 0xBF, 0x80, 0x00, 0x3F, 0xDB, 0xFF, 0xFF, 0xFF, 0xFD, 0xBF, 0xFF,
    0xFF, 0xFF, 0xDB, 0xFF, 0xFF, 0xFF, 0xFD, 0xBF, 0x80, 0x00, 0x3F, 0xD7, 0xFC, 0x00, 0x03, 0xFC,
    0x3F, 0xE0, 0x00, 0xFF, 0x81, 0xFF, 0x80, 0x7F, 0xF0, 0x0B, 0xFF, 0xFF, 0xFD, 0x00, 0x1F, 0xFF,
    0xFF, 0x40, 0x00, 0x1B, 0xFE, 0x40, 0x00, 0x01, 0xBF, 0x90, 0x00, 0xBF, 0xFF, 0xC0, 0x2F, 0xFF,
    0xFF, 0x03, 0xF8, 0x0B, 0xF4, 0xBF, 0x00, 0x3F, 0xCF, 0xFF, 0xFF, 0xFC, 0xFF, 0xFF, 0xFF, 0xCF,
    0xF0, 0x03, 0xFC, 0xBF, 0x40, 0x3F, 0xC3, 0xFD, 0x0F, 0xF4, 0x2F, 0xFF, 0xFF, 0x00, 0xBF, 0xFF,
    0xC0, 0x01, 0xBF, 0x90, 0x00, 0x00, 0x3D, 0x07, 0xC0, 0x00, 0x0B, 0xF0, 0xFE, 0x00, 0x00, 0xBF,
    0x0F, 0xE0, 0x00, 0x03, 0xD0, 0x7C, 0x00, 0x00, 0x00, 0x00, 0x00, 0x00, 0x00, 0x00, 0x00, 0x00,
    0x00, 0x1B, 0xFE, 0x40, 0x00, 0x1F, 0xFF, 0xFF, 0x00, 0x07, 0xFF, 0xFF, 0xFD, 0x01, 0xFF, 0x80,
    0x7F, 0xF0, 0x3F, 0xE0, 0x00, 0xFF, 0x87, 0xFC, 0x00, 0x03, 0xFC, 0xBF, 0x80, 0x00, 0x3F, 0xDB,
    0xFF, 0xFF, 0xFF, 0xFD, 0xBF, 0xFF, 0xFF, 0xFF, 0xDB, 0xFF, 0xFF, 0xFF, 0xFD, 0xBF, 0x80, 0x00,
    0x3F, 0xD7, 0xFC, 0x00, 0x03, 0xFC, 0x3F, 0xE0, 0x00, 0xFF, 0x81, 0xFF, 0x80, 0x7F, 0xF0, 0x0B,
    0xFF, 0xFF, 0xFD, 0x00, 0x1F, 0xFF, 0xFF, 0x40, 0x00, 0x1B, 0xFE, 0x40, 0x00, 0x0B, 0x80, 0xF4,
    0x00, 0xFD, 0x2F, 0xC0, 0x0F, 0xD2, 0xFC, 0x00, 0xB8, 0x0F, 0x40, 0x00, 0x00, 0x00, 0x00, 0x00,
    0x00, 0x00, 0x01, 0xBF, 0x90, 0x00, 0xBF, 0xFF, 0xC0, 0x2F, 0xFF, 0xFF, 0x03, 0xF8, 0x0B, 0xF4,
    0xBF, 0x00, 0x3F, 0xCF, 0xFF, 0xFF, 0xFC, 0xFF, 0xFF, 0xFF, 0xCF, 0xF0, 0x03, 0xFC, 0xBF, 0x40,
    0x3F, 0xC3, 0xFD, 0x0F, 0xF4, 0x2F, 0xFF, 0xFF, 0x00, 0xBF, 0xFF, 0xC0, 0x01, 0xBF, 0x90, 0x00,
    0x07, 0xC0, 0xB8, 0x00, 0x3F, 0xC7, 0xF4, 0x00, 0xFF, 0x1F, 0xD0, 0x01, 0xF0, 0x2E, 0x00, 0x00,
    0x00, 0x00, 0x00, 0x00, 0x00, 0x00, 0x00, 0x6F, 0xF9, 0x00, 0x2F, 0xFF, 0xFF, 0x40, 0x7F, 0xFF,
    0xFF, 0x80, 0xE4, 0x02, 0xFF, 0x40, 0x00, 0x01, 0xFF, 0x00, 0x00, 0x03, 0xFD, 0x00, 0x00, 0x0B,
    0xF8, 0x0B, 0xFF, 0xFF, 0xE0, 0x2F, 0xFF, 0xFF, 0xC0, 0xBF, 0xFF, 0xFE, 0x00, 0x00, 0x07, 0xF8,
    0x00, 0x00, 0x3F, 0xD0, 0x00, 0x01, 0xFF, 0x0E, 0x40, 0x2F, 0xF4, 0xBF, 0xFF, 0xFF, 0x82, 0xFF,
    0xFF, 0xF4, 0x00, 0xAF, 0xF9, 0x00, 0x00, 0x0B, 0x81, 0xF0, 0x07, 0xF0, 0xFF, 0x01, 0xFC, 0x3F,
    0xC0, 0x2E, 0x07, 0xC0, 0x00, 0x00, 0x00, 0x00, 0x00, 0x00, 0x01, 0xBF, 0xE4, 0x00, 0xBF, 0xFF,
    0xC0, 0x1F, 0xFF, 0xFC, 0x01, 0x00, 0xBF, 0x80, 0x00, 0x0F, 0xF0, 0x0B, 0xFF, 0xFC, 0x02, 0xFF,
    0xFF, 0x00, 0xBF, 0xFF, 0xC0, 0x00, 0x0F, 0xF0, 0x50, 0x0B, 0xF8, 0x3F, 0xFF, 0xFC, 0x0F, 0xFF,
    0xFC, 0x01, 0xBF, 0xE4, 0x00, 0x00, 0xBF, 0xFF, 0x40, 0x00, 0x2F, 0xFF, 0xD0, 0x00, 0x0B, 0xFF,
    0xF4, 0x00, 0x00, 0x00, 0x00, 0x00, 0x00, 0x00, 0x00, 0x00, 0x00, 0x00, 0x00, 0x00, 0x07, 0xFC,
    0x00, 0x1F, 0xF0, 0xFF, 0x40, 0x0B, 0xF4, 0x1F, 0xF0, 0x03, 0xFC, 0x03, 0xFD, 0x01, 0xFE, 0x00,
    0x7F, 0xC0, 0xBF, 0x40, 0x0F, 0xF4, 0x3F, 0xC0, 0x01, 0xFF, 0x1F, 0xE0, 0x00, 0x2F, 0xDB, 0xF0,
    0x00, 0x03, 0xFF, 0xF8, 0x00, 0x00, 0xBF, 0xFC, 0x00, 0x00, 0x0F, 0xFF, 0x00, 0x00, 0x01, 0xFF,
    0x40, 0x00, 0x00, 0x7F, 0xC0, 0x00, 0x10, 0x7F, 0xD0, 0x00, 0x1F, 0xFF, 0xE0, 0x00, 0x0B, 0xFF,
    0xE0, 0x00, 0x01, 0xFF, 0x90, 0x00, 0x00, 0x03, 0xFF, 0xFC, 0x00, 0x3F, 0xFF, 0xC0, 0x03, 0xFF,
    0xFC, 0x00, 0x00, 0x00, 0x00, 0x00, 0x00, 0x00, 0x00, 0x00, 0x00, 0x00, 0xBF, 0x40, 0x2F, 0xD7,
    0xF8, 0x03, 0xFC, 0x3F, 0xC0, 0x3F, 0x82, 0xFC, 0x07, 0xF4, 0x1F, 0xE0, 0xBF, 0x00, 0xFF, 0x0F,
    0xE0, 0x0B, 0xF0, 0xFD, 0x00, 0x3F, 0xAF, 0xC0, 0x03, 0xFF, 0xF8, 0x00, 0x1F, 0xFF, 0x00, 0x00,
    0xFF, 0xE0, 0x00, 0x07, 0xFD, 0x00, 0x00, 0x3F, 0xC0, 0x00, 0x03, 0xF4, 0x00, 0x00, 0xFF, 0x00,
    0x07, 0xFF, 0xD0, 0x00, 0xBF, 0xF8, 0x00, 0x0B, 0xFD, 0x00, 0x00, 0x00, 0x7C, 0x0F, 0x80, 0x00,
    0x3F, 0x8B, 0xF0, 0x00, 0x0F, 0xE2, 0xFC, 0x00, 0x01, 0xF0, 0x3E, 0x00, 0x00, 0x00, 0x00, 0x00,
    0x00, 0x00, 0x00, 0x00, 0x07, 0xFC, 0x00, 0x1F, 0xF0, 0xFF, 0x40, 0x0B, 0xF4, 0x1F, 0xF0, 0x03,
    0xFC, 0x03, 0xFD, 0x01, 0xFE, 0x00, 0x7F, 0xC0, 0xBF, 0x40, 0x0F, 0xF4, 0x3F, 0xC0, 0x01, 0xFF,
    0x1F, 0xE0, 0x00, 0x2F, 0xDB, 0xF0, 0x00, 0x03, 0xFF, 0xF8, 0x00, 0x00, 0xBF, 0xFC, 0x00, 0x00,
    0x0F, 0xFF, 0x00, 0x00, 0x01, 0xFF, 0x40, 0x00, 0x00, 0x7F, 0xC0, 0x00, 0x10, 0x7F, 0xD0, 0x00,
    0x1F, 0xFF, 0xE0, 0x00, 0x0B, 0xFF, 0xE0, 0x00, 0x01, 0xFF, 0x90, 0x00, 0x00, 0x07, 0xD0, 0xB8,
    0x00, 0xFF, 0x1F, 0xD0, 0x0F, 0xF1, 0xFD, 0x00, 0x7D, 0x0B, 0x80, 0x00, 0x00, 0x00, 0x00, 0x00,
    0x00, 0x00, 0xBF, 0x40, 0x2F, 0xD7, 0xF8, 0x03, 0xFC, 0x3F, 0xC0, 0x3F, 0x82, 0xFC, 0x07, 0xF4,
    0x1F, 0xE0, 0xBF, 0x00, 0xFF, 0x0F, 0xE0, 0x0B, 0xF0, 0xFD, 0x00, 0x3F, 0xAF, 0xC0, 0x03, 0xFF,
    0xF8, 0x00, 0x1F, 0xFF, 0x00, 0x00, 0xFF, 0xE0, 0x00, 0x07, 0xFD, 0x00, 0x00, 0x3F, 0xC0, 0x00,
    0x03, 0xF4, 0x00, 0x00, 0xFF, 0x00, 0x07, 0xFF, 0xD0, 0x00, 0xBF, 0xF8, 0x00, 0x0B, 0xFD, 0x00,
    0x00, 0x00, 0x02, 0x00, 0x80, 0x00, 0x03, 0xE0, 0xBC, 0x00, 0x01, 0xFC, 0x7F, 0x00, 0x00, 0xFC,
    0x3F, 0x00, 0x00, 0xBC, 0x2F, 0x00, 0x00, 0x0D, 0x03, 0x40, 0x00, 0x00, 0x00, 0x00, 0x01, 0xFF,
    0x00, 0x07, 0xFC, 0x3F, 0xD0, 0x02, 0xFD, 0x07, 0xFC, 0x00, 0xFF, 0x00, 0xFF, 0x40, 0x7F, 0x80,
    0x1F, 0xF0, 0x2F, 0xD0, 0x03, 0xFD, 0x0F, 0xF0, 0x00, 0x7F, 0xC7, 0xF8, 0x00, 0x0B, 0xF6, 0xFC,
    0x00, 0x00, 0xFF, 0xFE, 0x00, 0x00, 0x2F, 0xFF, 0x00, 0x00, 0x03, 0xFF, 0xC0, 0x00, 0x00, 0x7F,
    0xD0, 0x00, 0x00, 0x1F, 0xF0, 0x00, 0x04, 0x1F, 0xF4, 0x00, 0x07, 0xFF, 0xF8, 0x00, 0x02, 0xFF,
    0xF8, 0x00, 0x00, 0x7F, 0xE4, 0x00, 0x00, 0x00, 0x20, 0x08, 0x00, 0x07, 0xC1, 0xF0, 0x00, 0xFC,
    0x3F, 0x40, 0x2F, 0x4B, 0xD0, 0x07, 0xD0, 0xF4, 0x00, 0x28, 0x0A, 0x00, 0x00, 0x00, 0x00, 0x0B,
    0xF4, 0x02, 0xFD, 0x7F, 0x80, 0x3F, 0xC3, 0xFC, 0x03, 0xF8, 0x2F, 0xC0, 0x7F, 0x41, 0xFE, 0x0B,
    0xF0, 0x0F, 0xF0, 0xFE, 0x00, 0xBF, 0x0F, 0xD0, 0x03, 0xFA, 0xFC, 0x00, 0x3F, 0xFF, 0x80, 0x01,
    0xFF, 0xF0, 0x00, 0x0F, 0xFE, 0x00, 0x00, 0x7F, 0xD0, 0x00, 0x03, 0xFC, 0x00, 0x00, 0x3F, 0x40,
    0x00, 0x0F, 0xF0, 0x00, 0x7F, 0xFD, 0x00, 0x0B, 0xFF, 0x80, 0x00, 0xBF, 0xD0, 0x00, 0x00, 0x03,
    0xD0, 0x7C, 0x00, 0xBF, 0x0F, 0xE0, 0x0B, 0xF0, 0xFE, 0x00, 0x3D, 0x07, 0xC0, 0x00, 0x00, 0x00,
    0x00, 0x00, 0x00, 0x00, 0xFF, 0x00, 0x0F, 0xFF, 0xF0, 0x00, 0xFF, 0xFF, 0x00, 0x0F, 0xFF, 0xF0,
    0x00, 0xFF, 0xFF, 0x00, 0x0F, 0xFF, 0xF0, 0x00, 0xFF, 0xFF, 0x40, 0x0F, 0xFB, 0xFD, 0x00, 0xFF,
    0x3F, 0xFF, 0xFF, 0xF1, 0xFF, 0xFF, 0xFF, 0x02, 0xFF, 0xFF, 0xF0, 0x00, 0x00, 0xFF, 0x00, 0x00,
    0x0F, 0xF0, 0x00, 0x00, 0xFF, 0x00, 0x00, 0x0F, 0xF0, 0x00, 0x00, 0xFF, 0x00, 0x00, 0x0F, 0xF0,
    0x1F, 0x42, 0xE0, 0x3F, 0xC3, 0xF4, 0x3F, 0xC3, 0xF4, 0x1F, 0x42, 0xE0, 0x00, 0x00, 0x00, 0x00,
    0x00, 0x00, 0xFF, 0x01, 0xFD, 0xFF, 0x01, 0xFD, 0xFF, 0x01, 0xFD, 0xFF, 0x01, 0xFD, 0xFF, 0x01,
    0xFD, 0xFF, 0x41, 0xFD, 0x7F, 0xFF, 0xFD, 0x3F, 0xFF, 0xFD, 0x07, 0xFF, 0xFD, 0x00, 0x01, 0xFD,
    0x00, 0x01, 0xFD, 0x00, 0x01, 0xFD, 0x00, 0x01, 0xFD, 0xFF, 0xFF, 0xFF, 0xFF, 0xFF, 0xFF, 0xFF,
    0xFF, 0xFF, 0xFF, 0x00, 0x00, 0xFF, 0x00, 0x00, 0xFF, 0x00, 0x00, 0xFF, 0x00, 0x00, 0xFF, 0x00,
    0x00, 0xFF, 0x00, 0x00, 0xFF, 0x00, 0x00, 0xFF, 0x00, 0x00, 0xFF, 0x00, 0x00, 0xFF, 0x00, 0x00,
    0xFF, 0x00, 0x00, 0xFF, 0xFC, 0x00, 0xFF, 0xFC, 0x00, 0xFF, 0xFC, 0x00, 0x02, 0xFC, 0x00, 0x02,
    0xFC, 0x00, 0x02, 0xFC, 0x00, 0x02, 0xFC, 0x00, 0x02, 0xFC, 0x00, 0x7F, 0xFF, 0xF1, 0xFF, 0xFF,
    0xC7, 0xFF, 0xFF, 0x1F, 0xD0, 0x00, 0x7F, 0x40, 0x01, 0xFD, 0x00, 0x07, 0xF4, 0x00, 0x1F, 0xD0,
    0x00, 0x7F, 0x40, 0x01, 0xFD, 0x00, 0x07, 0xFF, 0xC0, 0x1F, 0xFF, 0x00, 0x7F, 0xFC, 0x00, 0x07,
    0xF0, 0x00, 0x1F, 0xC0, 0x00, 0x7F, 0x00, 0x01, 0xFC, 0x00, 0x00, 0x1F, 0x42, 0xE0, 0x00, 0x00,
    0x3F, 0xC7, 0xF4, 0x00, 0x00, 0x3F, 0xC7, 0xF4, 0x00, 0x00, 0x1F, 0x42, 0xE0, 0x00, 0x00, 0x00,
    0x00, 0x00, 0x00, 0x00, 0x00, 0x00, 0x00, 0x00, 0xFF, 0x00, 0x00, 0x02, 0xFC, 0xFF, 0x00, 0x00,
    0x02, 0xFC, 0xFF, 0x00, 0x00, 0x02, 0xFC, 0xFF, 0x00, 0x00, 0x02, 0xFC, 0xFF, 0x00, 0x00, 0x02,
    0xFC, 0xFF, 0x00, 0x00, 0x02, 0xFC, 0xFF, 0xFF, 0x90, 0x02, 0xFC, 0xFF, 0xFF, 0xFD, 0x02, 0xFC,
    0xFF, 0xFF, 0xFF, 0x02, 0xFC, 0xFF, 0x01, 0xFF, 0x82, 0xFC, 0xFF, 0x00, 0x3F, 0xC2, 0xFC, 0xFF,
    0x00, 0x3F, 0xC2, 0xFC, 0xFF, 0x00, 0x3F, 0xC2, 0xFC, 0xFF, 0x01, 0xFF, 0x82, 0xFC, 0xFF, 0xFF,
    0xFF, 0x02, 0xFC, 0xFF, 0xFF, 0xFC, 0x02, 0xFC, 0x6F, 0xFF, 0x90, 0x02, 0xFC, 0x00, 0x2E, 0x03,
    0xD0, 0x00, 0x03, 0xF4, 0xBF, 0x00, 0x00, 0x3F, 0x4B, 0xF0, 0x00, 0x02, 0xF0, 0x3D, 0x00, 0x00,
    0x00, 0x00, 0x00, 0x00, 0x00, 0x00, 0x00, 0x00, 0x7F, 0x40, 0x00, 0x0F, 0xF7, 0xF4, 0x00, 0x00,
    0xFF, 0x7F, 0x40, 0x00, 0x0F, 0xF7, 0xF4, 0x00, 0x00, 0xFF, 0x7F, 0xFF, 0xD0, 0x0F, 0xF7, 0xFF,
    0xFF, 0xC0, 0xFF, 0x7F, 0xFF, 0xFE, 0x0F, 0xF7, 0xF8, 0x1F, 0xF0, 0xFF, 0x7F, 0x40, 0xBF, 0x0F,
    0xF7, 0xF8, 0x0F, 0xF0, 0xFF, 0x7F, 0xFF, 0xFF, 0x0F, 0xF7, 0xFF, 0xFF, 0xC0, 0xFF, 0x1B, 0xFF,
    0xE0, 0x0F, 0xF0, 0x2F, 0xF0, 0x00, 0xBF, 0x02, 0xFF, 0x00, 0x3F, 0xC0, 0x3F, 0xE0, 0x0F, 0xF0,
    0x03, 0xFD, 0x03, 0xF8, 0x00, 0x7F, 0xC1, 0xFD, 0x00, 0x1F, 0xF8, 0xFF, 0x00, 0x2F, 0xFF, 0xFF,
    0x80, 0x2F, 0xEF, 0xFF, 0x80, 0x0F, 0xF1, 0xFF, 0x40, 0x07, 0xF4, 0x2F, 0xD0, 0x02, 0xFC, 0x03,
    0xFC, 0x00, 0xFF, 0x00, 0x7F, 0xC0, 0x3F, 0xC0, 0x0B, 0xF8, 0x0F, 0xE0, 0x00, 0xFF, 0x07, 0xF8,
    0x00, 0x1F, 0xF0, 0x0F, 0xFF, 0xE0, 0x00, 0x7F, 0xFF, 0xF0, 0x01, 0xFF, 0xFF, 0xF0, 0x00, 0x00,
    0x7F, 0xC0, 0x00, 0x00, 0xBF, 0x40, 0x00, 0x01, 0xFD, 0x00, 0x00, 0x07, 0xF4, 0x00, 0x00, 0x1F,
    0xD0, 0x00, 0x00, 0x7F, 0x40, 0x00, 0x01, 0xFD, 0x00, 0x00, 0x07, 0xF4, 0x00, 0x00, 0x1F, 0xD0,
    0x3F, 0xFF, 0xFF, 0xF0, 0xFF, 0xFF, 0xFF, 0xC3, 0xFF, 0xFF, 0xFF, 0x00, 0x0F, 0xF8, 0x00, 0xFF,
    0xF0, 0x0F, 0xFF, 0x80, 0x07, 0xFC, 0x00, 0x3F, 0xC0, 0x03, 0xFC, 0x00, 0x3F, 0xC0, 0x03, 0xFC,
    0x00, 0x3F, 0xC0, 0x03, 0xFC, 0x00, 0xBF, 0xC0, 0x7F, 0xFC, 0x7F, 0xDF, 0xD7, 0xF4, 0xFD, 0x7D,
    0x0F, 0xD0, 0x00, 0x00, 0x3F, 0xFF, 0xFF, 0xE3, 0xFF, 0xFF, 0xFE, 0x3F, 0xFF, 0xFF, 0xD0, 0x00,
    0x0F, 0xE0, 0x00, 0x01, 0xFD, 0x00, 0x00, 0x2F, 0xD0, 0x00, 0x02, 0xFD, 0x00, 0x00, 0x2F, 0xD0,
    0x00, 0x02, 0xFD, 0x00, 0x00, 0x2F, 0xD0, 0x00, 0x02, 0xFD, 0x00, 0x00, 0x2F, 0xD0, 0x00, 0x02,
    0xFD, 0x00, 0x00, 0x2F, 0xD0, 0x00, 0x02, 0xFD, 0x00, 0x7F, 0xFF, 0xF9, 0x0B, 0xFF, 0xFF, 0xF8,
    0xBF, 0xFF, 0xFF, 0xD0, 0x00, 0x02, 0xFF, 0x00, 0x00, 0x0F, 0xF0, 0x00, 0x00, 0xFF, 0x00, 0x00,
    0x0F, 0xF7, 0xF4, 0x00, 0xFF, 0x7F, 0x40, 0x0F, 0xF7, 0xF4, 0x00, 0xFF, 0x7F, 0x40, 0x0F, 0xF7,
    0xF4, 0x00, 0xFF, 0x7F, 0x40, 0x0F, 0xF7, 0xF4, 0x00, 0xFF, 0x7F, 0x40, 0x0F, 0xF0, 0x2F, 0xFC,
    0xFF, 0xF3, 0xFF, 0xC0, 0xFF, 0x03, 0xFC, 0x0F, 0xF0, 0x3F, 0xC0, 0xFF, 0x03, 0xFC, 0x0F, 0xF0,
    0x3F, 0xC0, 0xFF, 0x03, 0xFC, 0x0F, 0xF0, 0x3F, 0xC0, 0x3F, 0xFF, 0x8F, 0xFF, 0xE3, 0xFF, 0xF4,
    0x07, 0xF4, 0x03, 0xF0, 0x02, 0xF8, 0x00, 0xFE, 0x00, 0x3F, 0x80, 0x0F, 0xE0, 0x03, 0xFC, 0x00,
    0xFF, 0x00, 0x3F, 0xC0, 0x0B, 0xF4, 0x02, 0xFD, 0x00, 0x7F, 0x80, 0x3F, 0xFF, 0xFF, 0x80, 0x3F,
    0xFF, 0xFF, 0xF4, 0x3F, 0xFF, 0xFF, 0xFC, 0x07, 0xF0, 0x07, 0xFD, 0x0B, 0xF0, 0x01, 0xFE, 0x0F,
    0xF0, 0x00, 0xFE, 0x0F, 0xF0, 0x00, 0xFE, 0x0F, 0xF0, 0x00, 0xFE, 0x0F, 0xF0, 0x00, 0xFE, 0x0F,
    0xF0, 0x00, 0xFE, 0x0F, 0xF0, 0x00, 0xFE, 0x0F, 0xF0, 0x00, 0xFE, 0x0F, 0xF0, 0x00, 0xFE, 0x0F,
    0xF0, 0x00, 0xFE, 0x0F, 0xF0, 0x00, 0xFE, 0xFF, 0x07, 0xFE, 0x03, 0xFC, 0x1F, 0xFF, 0x0F, 0xF0,
    0x7F, 0xFE, 0x3F, 0xC0, 0x47, 0xFC, 0xFF, 0x00, 0x0B, 0xF7, 0xFC, 0x00, 0x1F, 0xDF, 0xF0, 0x00,
    0x7F, 0x7F, 0xC0, 0x01, 0xFD, 0xFF, 0x00, 0x07, 0xF6, 0xFD, 0x00, 0x2F, 0xC7, 0xFC, 0x00, 0xFF,
    0x0F, 0xF8, 0x1F, 0xF8, 0x1F, 0xFF, 0xFF, 0xC0, 0x1F, 0xFF, 0xFC, 0x00, 0x0B, 0xFE, 0x40, 0x00,
    0x2F, 0xFC, 0xFF, 0xF3, 0xFF, 0xC0, 0xFF, 0x03, 0xFC, 0x0F, 0xF0, 0x3F, 0xC0, 0xFF, 0x02, 0xA4,
    0x2F, 0xFF, 0xE0, 0x0F, 0xFF, 0xFF, 0x43, 0xFF, 0xFF, 0xF0, 0x00, 0x07, 0xFE, 0x00, 0x00, 0x3F,
    0xC0, 0x00, 0x0F, 0xF0, 0x00, 0x03, 0xFC, 0x00, 0x00, 0xFF, 0x00, 0x00, 0x3F, 0xC0, 0x00, 0x0F,
    0xF0, 0x00, 0x03, 0xFC, 0x00, 0x00, 0xFF, 0x00, 0x00, 0x3F, 0xC0, 0x00, 0x0F, 0xF0, 0x00, 0x03,
    0xFC, 0x00, 0x00, 0xFF, 0x00, 0x00, 0x3F, 0xC0, 0x00, 0x0F, 0xF0, 0x00, 0x03, 0xFC, 0x00, 0x00,
    0xFF, 0x3F, 0xFE, 0x40, 0x0F, 0xFF, 0xFC, 0x03, 0xFF, 0xFF, 0xC0, 0x00, 0x1F, 0xF8, 0x00, 0x00,
    0xFF, 0x00, 0x00, 0x3F, 0xC0, 0x00, 0x0B, 0xF4, 0x00, 0x02, 0xFD, 0x00, 0x00, 0xBF, 0x40, 0x00,
    0x3F, 0xC0, 0x00, 0x0F, 0xF0, 0x00, 0x1F, 0xF8, 0x3F, 0xFF, 0xFC, 0x0F, 0xFF, 0xFC, 0x03, 0xFF,
    0xE4, 0x00, 0x2B, 0x40, 0x00, 0x07, 0xF4, 0x00, 0x00, 0x7F, 0x40, 0x00, 0x07, 0xF4, 0x00, 0x00,
    0x7F, 0xFF, 0xFF, 0xC7, 0xFF, 0xFF, 0xFC, 0x7F, 0xFF, 0xFF, 0xC0, 0x00, 0x0B, 0xF4, 0x00, 0x00,
    0xFF, 0x00, 0x00, 0x0F, 0xF0, 0x00, 0x01, 0xFD, 0x00, 0x00, 0x3F, 0xC0, 0x00, 0x03, 0xF8, 0x00,
    0x00, 0xBF, 0x40, 0x00, 0x0F, 0xF0, 0x00, 0x01, 0xFE, 0x00, 0x00, 0x2F, 0xD0, 0x00, 0x03, 0xFC,
    0x00, 0x00, 0x7F, 0x80, 0x00, 0xBF, 0xFF, 0xFE, 0x43, 0xFF, 0xFF, 0xFF, 0x8F, 0xFF, 0xFF, 0xFF,
    0x43, 0xF4, 0x02, 0xFF, 0x1F, 0xC0, 0x03, 0xFC, 0xBF, 0x00, 0x0F, 0xF2, 0xFC, 0x00, 0x3F, 0xCB,
    0xF0, 0x00, 0xFF, 0x2F, 0xC0, 0x03, 0xFC, 0xBF, 0x00, 0x0F, 0xF2, 0xFC, 0x00, 0x3F, 0xCB, 0xF4,
    0x00, 0xFF, 0x2F, 0xFF, 0xFF, 0xFC, 0xBF, 0xFF, 0xFF, 0xF2, 0xFF, 0xFF, 0xFF, 0xC0, 0x3F, 0xC0,
    0xBF, 0xD0, 0x0B, 0xF0, 0xFF, 0xFE, 0x01, 0xFD, 0xBF, 0xFF, 0xE0, 0x3F, 0xFD, 0x0B, 0xFC, 0x0B,
    0xFD, 0x00, 0xBF, 0x41, 0xFF, 0x00, 0x0F, 0xE0, 0x3F, 0x80, 0x03, 0xFC, 0x1F, 0xE0, 0x00, 0xFF,
    0x07, 0xF4, 0x00, 0x3F, 0xC2, 0xFC, 0x00, 0x1F, 0xE0, 0xFF, 0x00, 0x0B, 0xF4, 0x3F, 0xC0, 0x0B,
    0xFC, 0x0F, 0xE0, 0xFF, 0xFD, 0x07, 0xF4, 0x3F, 0xFD, 0x02, 0xFD, 0x1F, 0xF8, 0x00, 0x2F, 0xFC,
    0xFF, 0xF3, 0xFF, 0xC0, 0xFF, 0x03, 0xFC, 0x0F, 0xF0, 0x3F, 0xC0, 0xFF, 0x03, 0xFC, 0x0F, 0xF0,
    0x3F, 0xC0, 0xFF, 0x03, 0xFC, 0x0F, 0xF0, 0x3F, 0xC0, 0xFF, 0x03, 0xFC, 0x0F, 0xF0, 0x3F, 0xC0,
    0xFF, 0x3F, 0xE0, 0x3F, 0xF8, 0x7F, 0xFC, 0x02, 0xFD, 0x01, 0xFE, 0x01, 0xFE, 0x01, 0xFE, 0x01,
    0xFE, 0x01, 0xFE, 0x01, 0xFE, 0x01, 0xFE, 0x01, 0xFE, 0xFF, 0xFE, 0xFF, 0xFE, 0xFF, 0xFE, 0x2F,
    0xFF, 0xFE, 0x40, 0x3F, 0xFF, 0xFF, 0xF0, 0x3F, 0xFF, 0xFF, 0xFC, 0x03, 0xF4, 0x07, 0xFD, 0x0B,
    0xF0, 0x01, 0xFE, 0x0F, 0xE0, 0x00, 0xFF, 0x1F, 0xD0, 0x00, 0xFF, 0x1F, 0xD0, 0x00, 0xFF, 0x1F,
    0xD0, 0x00, 0xFF, 0x1F, 0xE0, 0x00, 0xFE, 0x0F, 0xF0, 0x02, 0xFD, 0x0F, 0xFD, 0x0B, 0xFC, 0x03,
    0xFF, 0xFF, 0xF4, 0x01, 0xFF, 0xFF, 0xD0, 0x00, 0x1F, 0xFE, 0x00, 0x00, 0x00, 0x00, 0x00, 0x7F,
    0x40, 0x0F, 0xF0, 0xFE, 0x00, 0x3F, 0xC3, 0xFC, 0x00, 0xFE, 0x0F, 0xF0, 0x03, 0xF8, 0x2F, 0xC0,
    0x0F, 0xE0, 0x7F, 0x40, 0x7F, 0x40, 0xFE, 0x01, 0xFD, 0x03, 0xFC, 0x0B, 0xF0, 0x0F, 0xF0, 0x3F,
    0xC0, 0x2F, 0xC1, 0xFE, 0x00, 0x7F, 0x0F, 0xF0, 0x00, 0xFE, 0xFF, 0x80, 0x1B, 0xFF, 0xF8, 0x07,
    0xFF, 0xFF, 0x40, 0x1F, 0xFF, 0x90, 0x00, 0x39, 0x40, 0x00, 0x00, 0x00, 0x00, 0x00, 0x00, 0x02,
    0xFF, 0xD0, 0x01, 0xFF, 0xFF, 0xD0, 0x3F, 0xFF, 0xFF, 0x0B, 0xF9, 0x1B, 0xFC, 0xFF, 0x00, 0x3F,
    0xDF, 0xE0, 0x01, 0xFE, 0xFF, 0x00, 0x0F, 0xEB, 0xFD, 0x00, 0xFF, 0x3F, 0xE0, 0x0F, 0xF0, 0xBE,
    0x00, 0xFF, 0x00, 0x00, 0x0F, 0xF0, 0x00, 0x00, 0xFF, 0x00, 0x00, 0x0F, 0xF0, 0x00, 0x00, 0xFF,
    0x00, 0x00, 0x0F, 0xF0, 0x00, 0x00, 0xFF, 0x00, 0x00, 0x0F, 0xF0, 0x00, 0x00, 0xFF, 0x00, 0x00,
    0x0F, 0xF0, 0x00, 0x00, 0xFF, 0x00, 0xBF, 0xF4, 0x00, 0x1F, 0xFF, 0xFD, 0x01, 0xFF, 0xFF, 0xFC,
    0x0F, 0xF8, 0x1B, 0xFC, 0x3F, 0xC0, 0x0F, 0xF4, 0xFE, 0x00, 0x1F, 0xE3, 0xFC, 0x00, 0x3F, 0x87,
    0xFE, 0x00, 0xFF, 0x0F, 0xF8, 0x03, 0xF8, 0x07, 0xE0, 0x1F, 0xE0, 0x00, 0x00, 0xFF, 0x00, 0x00,
    0x1F, 0xFC, 0x2F, 0xFF, 0xFF, 0xC0, 0xBF, 0xFF, 0xFC, 0x02, 0xFF, 0xFE, 0x00, 0x00, 0x7F, 0xC0,
    0x0F, 0xF3, 0xFD, 0x00, 0xFE, 0x1F, 0xE0, 0x0F, 0xE0, 0xFF, 0x01, 0xFD, 0x0B, 0xF4, 0x1F, 0xC0,
    0x3F, 0x82, 0xFC, 0x03, 0xFC, 0x3F, 0x80, 0x2F, 0xEF, 0xF0, 0x00, 0xFF, 0xFD, 0x00, 0x0F, 0xFF,
    0x40, 0x00, 0x7F, 0x80, 0x00, 0x03, 0xF8, 0x00, 0x00, 0x3F, 0xC0, 0x00, 0x02, 0xFD, 0x00, 0x00,
    0x1F, 0xE0, 0x00, 0x00, 0xFF, 0x00, 0x00, 0x0B, 0xF0, 0x00, 0x00, 0x7F, 0x40, 0x00, 0x03, 0xF8,
    0x00, 0x00, 0x3F, 0xC0, 0x3F, 0xD0, 0x0F, 0xF1, 0xFF, 0x00, 0xFF, 0x0B, 0xF8, 0x0F, 0xE0, 0x3F,
    0xC1, 0xFE, 0x01, 0xFF, 0x2F, 0xD0, 0x0F, 0xF7, 0xFC, 0x00, 0x3F, 0xFF, 0x40, 0x02, 0xFF, 0xE0,
    0x00, 0x0F, 0xF4, 0x00, 0x00, 0x3F, 0xC0, 0x00, 0x02, 0xFE, 0x00, 0x00, 0x0F, 0xF0, 0x3F, 0xFF,
    0xFF, 0xC3, 0xFF, 0xFF, 0xFC, 0x3F, 0xFF, 0xFF, 0xC0, 0x7F, 0xFF, 0xFF, 0xFA, 0xFF, 0xFF, 0xFF,
    0xEB, 0xFF, 0xFF, 0xFF, 0x40, 0x00, 0x02, 0xFC, 0x00, 0x00, 0x0F, 0xF0, 0x00, 0x00, 0x7F, 0x80,
    0x00, 0x02, 0xFC, 0x0F, 0xE0, 0x0F, 0xF0, 0x3F, 0x80, 0x3F, 0x80, 0xFE, 0x01, 0xFD, 0x03, 0xF8,
    0x0B, 0xF0, 0x0F, 0xE0, 0x3F, 0xC0, 0x3F, 0x81, 0xFD, 0x00, 0xFE, 0x0B, 0xF0, 0x03, 0xF8, 0x3F,
    0xC0, 0x0F, 0xE0, 0x00, 0x00, 0x3F, 0x80, 0x00, 0x00, 0xFE, 0x00, 0x00, 0x03, 0xF8, 0x00, 0x00,
    0x0F, 0xE0, 0x00, 0x00, 0x2F, 0xFF, 0x90, 0x3F, 0xFF, 0xF8, 0x3F, 0xFF, 0xFD, 0x00, 0x02, 0xFE,
    0x00, 0x00, 0xFF, 0x00, 0x00, 0xFF, 0x00, 0x00, 0xFF, 0x00, 0x00, 0xFF, 0x00, 0x00, 0xFF, 0x00,
    0x00, 0xFF, 0x00, 0x00, 0xFF, 0x00, 0x00, 0xFF, 0x00, 0x00, 0xFF, 0x00, 0x00, 0xFF, 0x00, 0x00,
    0xFF, 0xBF, 0x43, 0xFC, 0x2F, 0xCB, 0xF4, 0x3F, 0x82, 0xFC, 0xBF, 0x43, 0xF8, 0x2F, 0xCB, 0xF4,
    0x3F, 0x82, 0xFC, 0xBF, 0x47, 0xF4, 0x2F, 0xCB, 0xF4, 0xFF, 0x02, 0xFC, 0xBF, 0xFF, 0xE0, 0x2F,
    0xC7, 0xFF, 0xF8, 0x02, 0xFC, 0x7F, 0xE8, 0x00, 0x3F, 0xC3, 0xFC, 0x00, 0x03, 0xFC, 0x2F, 0xD0,
    0x00, 0xFF, 0x40, 0xFF, 0x90, 0x7F, 0xF0, 0x07, 0xFF, 0xFF, 0xFC, 0x00, 0x1F, 0xFF, 0xFF, 0x00,
    0x00, 0x1B, 0xFE, 0x40, 0x00, 0x1F, 0xFF, 0xFF, 0xE0, 0x0B, 0xFF, 0xFF, 0xFF, 0x02, 0xFF, 0xFF,
    0xFF, 0xF0, 0x0B, 0xF4, 0x07, 0xFC, 0x01, 0xFD, 0x00, 0x7F, 0x40, 0x7F, 0x40, 0x1F, 0xD0, 0x1F,
    0xD0, 0x07, 0xF4, 0x07, 0xF4, 0x01, 0xFD, 0x01, 0xFD, 0x00, 0x7F, 0x40, 0x7F, 0x40, 0x1F, 0xD0,
    0x1F, 0xD0, 0x07, 0xF4, 0x0F, 0xF0, 0x01, 0xFD, 0x3F, 0xFC, 0x00, 0x7F, 0x4F, 0xFD, 0x00, 0x1F,
    0xD3, 0xFD, 0x00, 0x07, 0xF4, 0x00, 0x07, 0xC3, 0xF0, 0xF8, 0x7F, 0x5F, 0xF2, 0xF4, 0x00, 0x00,
    0x00, 0x1F, 0xC0, 0xBF, 0x03, 0xFC, 0x1F, 0xE0, 0xBF, 0x43, 0xFD, 0x0F, 0xF0, 0x00, 0x00, 0x00,
    0x00, 0x00, 0x00, 0x00, 0x00, 0x00, 0x00, 0x02, 0xFD, 0x0F, 0xFC, 0x3F, 0xF0, 0xFF, 0x40, 0x50,
    0x00, 0x00, 0x00, 0x00, 0x01, 0xBF, 0xF9, 0x01, 0xFF, 0xFF, 0xF4, 0xFF, 0xFF, 0xFC, 0xBF, 0xFA,
    0xFE, 0x2F, 0xF0, 0x06, 0x07, 0xFC, 0x00, 0x00, 0xFF, 0xC0, 0x00, 0x1F, 0xFD, 0x00, 0x01, 0xFF,
    0xD0, 0x00, 0x0F, 0xFC, 0x00, 0x00, 0xFF, 0x00, 0x00, 0x2A, 0x80, 0x00, 0x00, 0x00, 0x00, 0x00,
    0x50, 0x00, 0x00, 0xFF, 0x00, 0x00, 0xBF, 0xD0, 0x00, 0x2F, 0xF4, 0x00, 0x03, 0xFC, 0x00, 0x00,
    0x10, 0x00, 0x00, 0xBF, 0x40, 0x1F, 0xFE, 0x00, 0xFF, 0xF4, 0x07, 0xFD, 0x80, 0x2F, 0xC0, 0x00,
    0xBF, 0x00, 0x00, 0xFD, 0x0B, 0x02, 0xFF, 0xFD, 0x0B, 0xFF, 0xFA, 0xFF, 0xFF, 0xD7, 0xFF, 0xE0,
    0x0F, 0xE0, 0x00, 0x10, 0x00, 0x00, 0x55, 0x55, 0x0F, 0xFF, 0xFC, 0xFF, 0xFF, 0xCF, 0xFF, 0xF8,
    0x00, 0x00, 0x00, 0x00, 0x00, 0xF0, 0x3F, 0xC7, 0xFE, 0x1F, 0xC0, 0x70, 0x00, 0x00, 0x00, 0x01,
    0xB0, 0xBF, 0x47, 0xF4, 0x3F, 0x83, 0xFC, 0x2F, 0xC2, 0xFC, 0x1F, 0xD1, 0xFD, 0x0F, 0xE0, 0xFE,
    0x0F, 0xE0, 0xFF, 0x0B, 0xF0, 0xBF, 0x0B, 0xF0, 0x7F, 0x00, 0x00, 0x00, 0x00, 0x00, 0x0B, 0xC0,
    0x0E, 0x4B, 0xF0, 0x03, 0xF1, 0xFD, 0x02, 0xFC, 0x3F, 0xFF, 0xFD, 0x0F, 0xFF, 0xFF, 0x03, 0xFF,
    0xFF, 0x00, 0xBF, 0x54, 0x00, 0x1F, 0xC0, 0x00, 0x07, 0xF4, 0x00, 0x00, 0xFD, 0x00, 0x00, 0x3F,
    0x40, 0x00, 0x0F, 0xE0, 0x00, 0x03, 0xF8, 0x00, 0x00, 0xFE, 0x00, 0x00, 0x2F, 0xC0, 0x00, 0x0B,
    0xF0, 0x00, 0x02, 0xFC, 0x00, 0x00, 0x00, 0x00, 0x00, 0x00, 0x00, 0x00, 0x01, 0xB0, 0x00, 0x2D,
    0xBF, 0x47, 0xD7, 0xE7, 0xF8, 0xBC, 0x3F, 0x3F, 0xDF, 0xEB, 0xF3, 0xFF, 0xFF, 0xFF, 0x2F, 0xFF,
    0xFF, 0xD2, 0xFF, 0xD7, 0xE4, 0x1F, 0xD0, 0x00, 0x00, 0xFD, 0x00, 0x00, 0x0F, 0xE0, 0x00, 0x00,
    0xFE, 0x00, 0x00, 0x0F, 0xE0, 0x00, 0x00, 0xBF, 0x00, 0x00, 0x0B, 0xF0, 0x00, 0x00, 0xBF, 0x00,
    0x00, 0x07, 0xF0, 0x00, 0x00, 0x7F, 0x00, 0x00, 0x00, 0x00, 0x00, 0x00, 0x00, 0x00, 0x00, 0x00,
    0x2D, 0x00, 0x01, 0xFE, 0x00, 0x0B, 0xFF, 0x00, 0x1F, 0xF8, 0x00, 0x3F, 0xC0, 0x00, 0x3F, 0x40,
    0x00, 0x3F, 0x94, 0x00, 0x2F, 0xFD, 0x00, 0x0B, 0xFE, 0x00, 0x0B, 0xFD, 0x00, 0x1F, 0xF0, 0x00,
    0x3F, 0xC0, 0x00, 0x3F, 0x40, 0x00, 0x3F, 0xD0, 0x68, 0x3F, 0xFF, 0xFC, 0x1F, 0xFF, 0xFD, 0x06,
    0xFF, 0xF8, 0x00, 0x00, 0x00, 0x00, 0x14, 0x00, 0x01, 0xFF, 0xC0, 0x07, 0xFF, 0xF0, 0x0F, 0xFF,
    0xF8, 0x2F, 0xD3, 0xFC, 0x3F, 0x40, 0xFD, 0x7F, 0x00, 0xFE, 0x7F, 0x00, 0xFF, 0x7F, 0x00, 0xFE,
    0x7F, 0x00, 0xFE, 0x3F, 0xE7, 0xFD, 0x2F, 0xFF, 0xFC, 0x0F, 0xFF, 0xF4, 0x02, 0xFF, 0x80, 0x00,
    0x00, 0x00, 0x1F, 0xAA, 0xAD, 0x0B, 0xFF, 0xFF, 0x43, 0xFF, 0xFF, 0xD0, 0x2F, 0xFF, 0xF8, 0x00,
    0x00, 0xFE, 0x00, 0x00, 0x2F, 0x80, 0x00, 0x0B, 0xF0, 0x00, 0x02, 0xFC, 0x00, 0x00, 0x7F, 0x00,
    0x00, 0x1F, 0xC0, 0x00, 0x03, 0xF4, 0x00, 0x00, 0xFD, 0x00, 0x00, 0x3F, 0x80, 0x00, 0x0F, 0xE0,
    0x00, 0x02, 0xFC, 0x00, 0x00, 0x7F, 0x00, 0x00, 0x1F, 0xC0, 0x00, 0x00, 0x00, 0x00, 0x00, 0x00,
    0x01, 0xBC, 0x00, 0x2E, 0x4B, 0xF4, 0x00, 0xFF, 0x0F, 0xE0, 0x07, 0xF8, 0x3F, 0xC0, 0x2F, 0xC0,
    0x7F, 0x40, 0xFE, 0x00, 0xFE, 0x07, 0xF4, 0x03, 0xFC, 0x2F, 0xC0, 0x07, 0xF0, 0xFE, 0x00, 0x0F,
    0xD3, 0xF0, 0x00, 0x3F, 0x9F, 0xC0, 0x00, 0xBF, 0xBE, 0x00, 0x00, 0xFF, 0xF4, 0x00, 0x03, 0xFF,
    0xC0, 0x00, 0x0B, 0xFE, 0x00, 0x00, 0x1F, 0xF4, 0x00, 0x00, 0x3F, 0xC0, 0x00, 0x00, 0xFE, 0x00,
    0x00, 0x00, 0x00, 0x00, 0x00, 0x00, 0x00, 0x00, 0x00, 0x00, 0x7F, 0x00, 0x00, 0x03, 0xFD, 0x00,
    0x00, 0x0F, 0xF8, 0x00, 0x00, 0x7F, 0xF0, 0x00, 0x02, 0xFF, 0xC0, 0x00, 0x0F, 0xFF, 0x40, 0x00,
    0x7F, 0xFF, 0x00, 0x02, 0xFD, 0xFC, 0x00, 0x0F, 0xE3, 0xF4, 0x00, 0x3F, 0x0F, 0xE0, 0x02, 0xFC,
    0x2F, 0xC0, 0x0F, 0xE0, 0x7F, 0x40, 0x7F, 0x40, 0xFE, 0x03, 0xFC, 0x02, 0xFC, 0x0F, 0xE0, 0x07,
    0xF4, 0xBF, 0x40, 0x0F, 0xF1, 0xBC, 0x00, 0x2F, 0x80, 0x10, 0x00, 0x10, 0x00, 0x00, 0x00, 0x00,
    0x02, 0xFF, 0x40, 0x0F, 0xFF, 0xD0, 0x3F, 0xFF, 0xF0, 0x7F, 0x9F, 0xF4, 0xBF, 0x03, 0xF8, 0xBF,
    0x03, 0xF8, 0xBF, 0x83, 0xFC, 0x7F, 0xFF, 0xFC, 0x3F, 0xFF, 0xFC, 0x0B, 0xFF, 0xFC, 0x00, 0x11,
    0xFC, 0x00, 0x00, 0xFC, 0x00, 0x00, 0xFD, 0x00, 0x00, 0xFD, 0x00, 0x00, 0xFE, 0x00, 0x00, 0xBE,
    0x00, 0x00, 0x7A, 0x00, 0x00, 0x00, 0x00, 0x00, 0x00, 0x00, 0x01, 0xF0, 0x00, 0x00, 0x00, 0xBF,
    0x00, 0x00, 0x00, 0x03, 0xF8, 0x1D, 0x00, 0x00, 0x3F, 0xC2, 0xFC, 0x00, 0x02, 0xFC, 0x3F, 0x80,
    0x00, 0x1F, 0xC3, 0xF4, 0x00, 0x00, 0xFD, 0x7F, 0x00, 0x00, 0x1F, 0xC7, 0xF0, 0x00, 0x02, 0xFC,
    0x3F, 0x80, 0x00, 0x3F, 0xC3, 0xFE, 0x00, 0x1F, 0xF4, 0x2F, 0xFF, 0xBF, 0xFF, 0x00, 0xFF, 0xFF,
    0xFF, 0xC0, 0x02, 0xFF, 0xFF, 0xE0, 0x00, 0x01, 0xAE, 0x90, 0x00, 0x00, 0x03, 0xFF, 0xEF, 0xFF,
    0x40, 0x00, 0x00, 0xF0, 0x3F, 0xC7, 0xFE, 0x1F, 0xC0, 0x70, 0x00, 0x00, 0x00, 0x01, 0xB0, 0xBF,
    0x47, 0xF4, 0x3F, 0x83, 0xFC, 0x2F, 0xC2, 0xFC, 0x1F, 0xD1, 0xFD, 0x0F, 0xE0, 0xFE, 0x0F, 0xE0,
    0xFF, 0x0B, 0xF0, 0xBF, 0x0B, 0xF0, 0x7F, 0x00, 0x00, 0x00, 0x00, 0x00, 0x0B, 0xC0, 0x0E, 0x4B,
    0xF0, 0x03, 0xF1, 0xFD, 0x02, 0xFC, 0x3F, 0xFF, 0xFD, 0x0F, 0xFF, 0xFF, 0x03, 0xFF, 0xFF, 0x00,
    0xBF, 0x54, 0x00, 0x1F, 0xC0, 0x00, 0x07, 0xF4, 0x00, 0x00, 0xFD, 0x00, 0x00, 0x3F, 0x40, 0x00,
    0x0F, 0xE0, 0x00, 0x03, 0xF8, 0x00, 0x00, 0xFE, 0x00, 0x00, 0x2F, 0xC0, 0x00, 0x0B, 0xF0, 0x00,
    0x02, 0xFC, 0x00, 0x00, 0x00, 0x00, 0x00, 0x00, 0x00, 0x00, 0x01, 0xB0, 0x00, 0x2D, 0xBF, 0x47,
    0xD7, 0xE7, 0xF8, 0xBC, 0x3F, 0x3F, 0xDF, 0xEB, 0xF3, 0xFF, 0xFF, 0xFF, 0x2F, 0xFF, 0xFF, 0xD2,
    0xFF, 0xD7, 0xE4, 0x1F, 0xD0, 0x00, 0x00, 0xFD, 0x00, 0x00, 0x0F, 0xE0, 0x00, 0x00, 0xFE, 0x00,
    0x00, 0x0F, 0xE0, 0x00, 0x00, 0xBF, 0x00, 0x00, 0x0B, 0xF0, 0x00, 0x00, 0xBF, 0x00, 0x00, 0x07,
    0xF0, 0x00, 0x00, 0x7F, 0x00, 0x00, 0x00, 0x00, 0x00, 0x00, 0x00, 0x00, 0x00, 0x1B, 0x81, 0xFF,
    0x0F, 0xF0, 0xFF, 0xC2, 0xFC, 0xBF, 0xF0, 0x7F, 0x5F, 0x80, 0x0F, 0xD3, 0xF1, 0x83, 0xFF, 0xFF,
    0xF0, 0xFF, 0xFF, 0xFC, 0x2F, 0xFF, 0xFD, 0x0B, 0xF5, 0x40, 0x01, 0xFC, 0x00, 0x00, 0x7F, 0x40,
    0x00, 0x0F, 0xD0, 0x00, 0x03, 0xF4, 0x00, 0x00, 0xFE, 0x00, 0x00, 0x3F, 0x80, 0x00, 0x0F, 0xE0,
    0x00, 0x03, 0xF8, 0x00, 0x00, 0x00, 0x00, 0x00, 0x00, 0x08, 0x00, 0x00, 0x02, 0xF0, 0x00, 0x00,
    0x7F, 0xC0, 0x00, 0x03, 0xFF, 0x00, 0x00, 0xBF, 0xF8, 0x00, 0x1F, 0xFF, 0xC0, 0x03, 0xFD, 0xFF,
    0x00, 0xBF, 0x0B, 0xF4, 0x0F, 0xD0, 0x3F, 0xC2, 0xFC, 0x02, 0xFC, 0x3F, 0x80, 0x1F, 0xD3, 0xF4,
    0x10, 0xFE, 0x3F, 0x4F, 0x4F, 0xE3, 0xFE, 0xFA, 0xFD, 0x3F, 0xFF, 0xFF, 0xC2, 0xFF, 0xFF, 0xF8,
    0x07, 0xF4, 0xFE, 0x00, 0x00, 0xBF, 0xD0, 0x07, 0xFF, 0xD0, 0x0F, 0xFF, 0xC0, 0x1F, 0xF5, 0x40,
    0x2F, 0xC0, 0x00, 0x2F, 0xC0, 0x00, 0x1F, 0xE0, 0x20, 0x0F, 0xFE, 0xFC, 0x03, 0xFF, 0xFD, 0x00,
    0xBF, 0xFC, 0x00, 0xBF, 0xE0, 0x02, 0xFF, 0x40, 0x07, 0xFE, 0x00, 0x0F, 0xF8, 0x00, 0x2F, 0xF0,
    0x00, 0x3F, 0xD0, 0x00, 0x1F, 0x80, 0x00, 0x01, 0x00, 0x00, 0x00, 0x00, 0x00, 0x01, 0xBC, 0x00,
    0x2E, 0x4B, 0xF4, 0x00, 0xFF, 0x0F, 0xE0, 0x07, 0xF8, 0x3F, 0xC0, 0x2F, 0xC0, 0x7F, 0x40, 0xFE,
    0x00, 0xFE, 0x07, 0xF4, 0x03, 0xFC, 0x2F, 0xC0, 0x07, 0xF0, 0xFE, 0x00, 0x0F, 0xD3, 0xF0, 0x00,
    0x3F, 0x9F, 0xC0, 0x00, 0xBF, 0xBE, 0x00, 0x00, 0xFF, 0xF4, 0x00, 0x03, 0xFF, 0xC0, 0x00, 0x0B,
    0xFE, 0x00, 0x00, 0x1F, 0xF4, 0x00, 0x00, 0x3F, 0xC0, 0x00, 0x00, 0xFE, 0x00, 0x00, 0x00, 0x00,
    0x00, 0x00, 0x00, 0x00, 0x00, 0x00, 0x00, 0x7F, 0x00, 0x00, 0x03, 0xFD, 0x00, 0x00, 0x0F, 0xF8,
    0x00, 0x00, 0x7F, 0xF0, 0x00, 0x02, 0xFF, 0xC0, 0x00, 0x0F, 0xFF, 0x40, 0x00, 0x7F, 0xFF, 0x00,
    0x02, 0xFD, 0xFC, 0x00, 0x0F, 0xE3, 0xF4, 0x00, 0x3F, 0x0F, 0xE0, 0x02, 0xFC, 0x2F, 0xC0, 0x0F,
    0xE0, 0x7F, 0x40, 0x7F, 0x40, 0xFE, 0x03, 0xFC, 0x02, 0xFC, 0x0F, 0xE0, 0x07, 0xF4, 0xBF, 0x40,
    0x0F, 0xF1, 0xBC, 0x00, 0x2F, 0x80, 0x10, 0x00, 0x10, 0x00, 0x00, 0x00, 0x00, 0x02, 0xFF, 0x40,
    0x0F, 0xFF, 0xD0, 0x3F, 0xFF, 0xF0, 0x7F, 0x9F, 0xF4, 0xBF, 0x03, 0xF8, 0xBF, 0x03, 0xF8, 0xBF,
    0x83, 0xFC, 0x7F, 0xFF, 0xFC, 0x3F, 0xFF, 0xFC, 0x0B, 0xFF, 0xFC, 0x00, 0x11, 0xFC, 0x00, 0x00,
    0xFC, 0x00, 0x00, 0xFD, 0x00, 0x00, 0xFD, 0x00, 0x00, 0xFE, 0x00, 0x00, 0xBE, 0x00, 0x00, 0x7A,
    0x00, 0x01, 0x54, 0x00, 0x00, 0x00, 0x3F, 0xD0, 0x00, 0x00, 0x0B, 0xFE, 0x00, 0x00, 0x00, 0xFF,
    0xF0, 0x00, 0x00, 0x2F, 0xFF, 0x80, 0x00, 0x03, 0xFA, 0xFC, 0x00, 0x00, 0x7F, 0x1F, 0xD0, 0x00,
    0x0F, 0xF0, 0xFF, 0x00, 0x00, 0xFD, 0x0B, 0xF4, 0x00, 0x2F, 0xC0, 0x3F, 0x80, 0x03, 0xF8, 0x03,
    0xFC, 0x00, 0x7F, 0xFF, 0xFF, 0xD0, 0x0F, 0xFF, 0xFF, 0xFF, 0x00, 0xFF, 0xFF, 0xFF, 0xF0, 0x2F,
    0xE5, 0x55, 0xBF, 0x83, 0xFC, 0x00, 0x03, 0xFC, 0x3F, 0xC0, 0x00, 0x3F, 0xCB, 0xF4, 0x00, 0x02,
    0xFE, 0x00, 0x00, 0x00, 0x00, 0x00, 0x00, 0x0A, 0x00, 0x00, 0x00, 0x03, 0xFC, 0x00, 0x00, 0x00,
    0x3F, 0xC0, 0x00, 0x00, 0x01, 0xF4, 0x00, 0x00, 0x00, 0x00, 0x00, 0x00, 0x00, 0x55, 0x40, 0x03,
    0xFF, 0xFD, 0x00, 0xBF, 0xFF, 0xD0, 0x2E, 0xAF, 0xFC, 0x00, 0x00, 0xBF, 0x00, 0x00, 0x1F, 0xC0,
    0x2F, 0xFF, 0xF0, 0x7F, 0xFF, 0xFC, 0x3F, 0xE5, 0xBF, 0x0F, 0xE0, 0x1F, 0xC3, 0xFC, 0x07, 0xF0,
    0xFF, 0xEB, 0xFC, 0x1F, 0xFF, 0xFF, 0x01, 0xFF, 0xFF, 0xC0, 0x00, 0x50, 0x00, 0x00, 0x28, 0x00,
    0x00, 0x3F, 0x80, 0x00, 0x0F, 0xF0, 0x00, 0x02, 0xF4, 0x00, 0x00, 0x00, 0x00, 0x00, 0x06, 0xE4,
    0x00, 0x00, 0x00, 0xBF, 0xD0, 0x00, 0x00, 0x05, 0xBF, 0x00, 0x00, 0x00, 0x03, 0xE0, 0x00, 0x00,
    0x01, 0xF8, 0x00, 0x00, 0x00, 0x0A, 0x00, 0x00, 0x00, 0x01, 0x54, 0x00, 0x00, 0x00, 0x3F, 0xD0,
    0x00, 0x00, 0x0B, 0xFE, 0x00, 0x00, 0x00, 0xFF, 0xF0, 0x00, 0x00, 0x2F, 0xFF, 0x80, 0x00, 0x03,
    0xFA, 0xFC, 0x00, 0x00, 0x7F, 0x1F, 0xD0, 0x00, 0x0F, 0xF0, 0xFF, 0x00, 0x00, 0xFD, 0x0B, 0xF4,
    0x00, 0x2F, 0xC0, 0x3F, 0x80, 0x03, 0xF8, 0x03, 0xFC, 0x00, 0x7F, 0xFF, 0xFF, 0xD0, 0x0F, 0xFF,
    0xFF, 0xFF, 0x00, 0xFF, 0xFF, 0xFF, 0xF0, 0x2F, 0xE5, 0x55, 0xBF, 0x83, 0xFC, 0x00, 0x03, 0xFC,
    0x3F, 0xC0, 0x00, 0x3F, 0xCB, 0xF4, 0x00, 0x02, 0xFE, 0x00, 0x6A, 0x00, 0x00, 0x2F, 0xF4, 0x00,
    0x06, 0xBE, 0x00, 0x00, 0x0F, 0x80, 0x00, 0x1F, 0x80, 0x00, 0x07, 0xC0, 0x00, 0x05, 0x54, 0x00,
    0x3F, 0xFF, 0xD0, 0x0B, 0xFF, 0xFD, 0x02, 0xEA, 0xFF, 0xC0, 0x00, 0x0B, 0xF0, 0x00, 0x01, 0xFC,
    0x02, 0xFF, 0xFF, 0x07, 0xFF, 0xFF, 0xC3, 0xFE, 0x5B, 0xF0, 0xFE, 0x01, 0xFC, 0x3F, 0xC0, 0x7F,
    0x0F, 0xFE, 0xBF, 0xC1, 0xFF, 0xFF, 0xF0, 0x1F, 0xFF, 0xFC, 0x00, 0x05, 0x00, 0x00, 0x00, 0x00,
    0x00, 0x09, 0x00, 0x00, 0x00, 0x02, 0xF4, 0x00, 0x00, 0x00, 0x7F, 0x80, 0x00, 0x05, 0x1F, 0xD0,
    0x00, 0x01, 0xF5, 0xF4, 0x00, 0x00, 0xBF, 0xD4, 0x00, 0x00, 0x2F, 0xFF, 0x80, 0x00, 0x01, 0xE0,
    0xB0, 0x00, 0x00, 0x00, 0x00, 0x00, 0x00, 0x00, 0x15, 0x40, 0x00, 0x00, 0x03, 0xFD, 0x00, 0x00,
    0x00, 0xBF, 0xE0, 0x00, 0x00, 0x0F, 0xFF, 0x00, 0x00, 0x02, 0xFF, 0xF8, 0x00, 0x00, 0x3F, 0xAF,
    0xC0, 0x00, 0x07, 0xF1, 0xFD, 0x00, 0x00, 0xFF, 0x0F, 0xF0, 0x00, 0x0F, 0xD0, 0xBF, 0x40, 0x02,
    0xFC, 0x03, 0xF8, 0x00, 0x3F, 0x80, 0x3F, 0xC0, 0x07, 0xFF, 0xFF, 0xFD, 0x00, 0xFF, 0xFF, 0xFF,
    0xF0, 0x0F, 0xFF, 0xFF, 0xFF, 0x02, 0xFE, 0x55, 0x5B, 0xF8, 0x3F, 0xC0, 0x00, 0x3F, 0xC3, 0xFC,
    0x00, 0x03, 0xFC, 0xBF, 0x40, 0x00, 0x2F, 0xE0, 0x00, 0x00, 0x00, 0x80, 0x00, 0x00, 0x0B, 0xC0,
    0x00, 0x00, 0xBF, 0x40, 0x01, 0x07, 0xF4, 0x00, 0x2E, 0x2F, 0x00, 0x03, 0xFF, 0x10, 0x00, 0x3F,
    0xFF, 0x00, 0x00, 0xF4, 0x7C, 0x00, 0x00, 0x00, 0x00, 0x00, 0x01, 0x55, 0x00, 0x00, 0xFF, 0xFF,
    0x40, 0x02, 0xFF, 0xFF, 0x40, 0x0B, 0xAB, 0xFF, 0x00, 0x00, 0x02, 0xFC, 0x00, 0x00, 0x07, 0xF0,
    0x00, 0xBF, 0xFF, 0xC0, 0x1F, 0xFF, 0xFF, 0x00, 0xFF, 0x96, 0xFC, 0x03, 0xF8, 0x07, 0xF0, 0x0F,
    0xF0, 0x1F, 0xC0, 0x3F, 0xFA, 0xFF, 0x00, 0x7F, 0xFF, 0xFC, 0x00, 0x7F, 0xFF, 0xF0, 0x00, 0x01,
    0x40, 0x00, 0x00, 0x00, 0x00, 0x00, 0x00, 0x00, 0x00, 0xA0, 0x00, 0x00, 0x00, 0x3F, 0x80, 0x00,
    0x00, 0x02, 0xFD, 0x00, 0x00, 0x00, 0x57, 0xF4, 0x00, 0x00, 0x1F, 0x4F, 0x00, 0x00, 0x0B, 0xFD,
    0x00, 0x00, 0x02, 0xFF, 0xF8, 0x00, 0x00, 0x1E, 0x0B, 0x00, 0x00, 0x00, 0x00, 0x00, 0x00, 0x00,
    0x01, 0x54, 0x00, 0x00, 0x00, 0x3F, 0xD0, 0x00, 0x00, 0x0B, 0xFE, 0x00, 0x00, 0x00, 0xFF, 0xF0,
    0x00, 0x00, 0x2F, 0xFF, 0x80, 0x00, 0x03, 0xFA, 0xFC, 0x00, 0x00, 0x7F, 0x1F, 0xD0, 0x00, 0x0F,
    0xF0, 0xFF, 0x00, 0x00, 0xFD, 0x0B, 0xF4, 0x00, 0x2F, 0xC0, 0x3F, 0x80, 0x03, 0xF8, 0x03, 0xFC,
    0x00, 0x7F, 0xFF, 0xFF, 0xD0, 0x0F, 0xFF, 0xFF, 0xFF, 0x00, 0xFF, 0xFF, 0xFF, 0xF0, 0x2F, 0xE5,
    0x55, 0xBF, 0x83, 0xFC, 0x00, 0x03, 0xFC, 0x3F, 0xC0, 0x00, 0x3F, 0xCB, 0xF4, 0x00, 0x02, 0xFE,
    0x00, 0x00, 0x00, 0x00, 0x00, 0x18, 0x00, 0x00, 0x2F, 0x80, 0x00, 0x0B, 0xF4, 0x00, 0x04, 0x7F,
    0x40, 0x0B, 0x83, 0xC0, 0x0F, 0xFC, 0x00, 0x0F, 0xFF, 0xC0, 0x03, 0xD1, 0xF0, 0x00, 0x00, 0x00,
    0x00, 0x05, 0x54, 0x00, 0x3F, 0xFF, 0xD0, 0x0B, 0xFF, 0xFD, 0x02, 0xEA, 0xFF, 0xC0, 0x00, 0x0B,
    0xF0, 0x00, 0x01, 0xFC, 0x02, 0xFF, 0xFF, 0x07, 0xFF, 0xFF, 0xC3, 0xFE, 0x5B, 0xF0, 0xFE, 0x01,
    0xFC, 0x3F, 0xC0, 0x7F, 0x0F, 0xFE, 0xBF, 0xC1, 0xFF, 0xFF, 0xF0, 0x1F, 0xFF, 0xFC, 0x00, 0x05,
    0x00, 0x00, 0x00, 0x00, 0x07, 0xE4, 0x00, 0x00, 0x00, 0xBF, 0xE0, 0x00, 0x00, 0x01, 0x7F, 0x00,
    0x00, 0x00, 0x03, 0xE0, 0x00, 0x00, 0x51, 0xF8, 0x00, 0x00, 0x1F, 0x4A, 0x00, 0x00, 0x0B, 0xFD,
    0x00, 0x00, 0x02, 0xFF, 0xF8, 0x00, 0x00, 0x1E, 0x0B, 0x00, 0x00, 0x00, 0x00, 0x00, 0x00, 0x00,
    0x01, 0x54, 0x00, 0x00, 0x00, 0x3F, 0xD0, 0x00, 0x00, 0x0B, 0xFE, 0x00, 0x00, 0x00, 0xFF, 0xF0,
    0x00, 0x00, 0x2F, 0xFF, 0x80, 0x00, 0x03, 0xFA, 0xFC, 0x00, 0x00, 0x7F, 0x1F, 0xD0, 0x00, 0x0F,
    0xF0, 0xFF, 0x00, 0x00, 0xFD, 0x0B, 0xF4, 0x00, 0x2F, 0xC0, 0x3F, 0x80, 0x03, 0xF8, 0x03, 0xFC,
    0x00, 0x7F, 0xFF, 0xFF, 0xD0, 0x0F, 0xFF, 0xFF, 0xFF, 0x00, 0xFF, 0xFF, 0xFF, 0xF0, 0x2F, 0xE5,
    0x55, 0xBF, 0x83, 0xFC, 0x00, 0x03, 0xFC, 0x3F, 0xC0, 0x00, 0x3F, 0xCB, 0xF4, 0x00, 0x02, 0xFE,
    0x00, 0x00, 0x00, 0x00, 0x00, 0x0B, 0xFC, 0x00, 0x00, 0x7F, 0xE0, 0x00, 0x00, 0x3F, 0x00, 0x04,
    0x0B, 0xD0, 0x02, 0xE1, 0xF4, 0x00, 0xFF, 0xC0, 0x00, 0x3F, 0xFF, 0x00, 0x03, 0xD1, 0xF0, 0x00,
    0x00, 0x00, 0x00, 0x00, 0x55, 0x40, 0x00, 0xFF, 0xFF, 0x40, 0x0B, 0xFF, 0xFD, 0x00, 0xBA, 0xBF,
    0xF0, 0x00, 0x00, 0xBF, 0x00, 0x00, 0x07, 0xF0, 0x02, 0xFF, 0xFF, 0x01, 0xFF, 0xFF, 0xF0, 0x3F,
    0xE5, 0xBF, 0x03, 0xF8, 0x07, 0xF0, 0x3F, 0xC0, 0x7F, 0x03, 0xFF, 0xAF, 0xF0, 0x1F, 0xFF, 0xFF,
    0x00, 0x7F, 0xFF, 0xF0, 0x00, 0x05, 0x00, 0x00, 0x00, 0x00, 0x00, 0x00, 0x00, 0x00, 0xB9, 0x28,
    0x00, 0x00, 0x3F, 0xFF, 0xD0, 0x00, 0x07, 0xFF, 0xF8, 0x00, 0x00, 0x14, 0x19, 0x00, 0x00, 0x00,
    0x05, 0x00, 0x00, 0x00, 0x01, 0xF4, 0x00, 0x00, 0x00, 0xBF, 0xD0, 0x00, 0x00, 0x2F, 0xFF, 0x80,
    0x00, 0x01, 0xE0, 0xB0, 0x00, 0x00, 0x00, 0x00, 0x00, 0x00, 0x00, 0x15, 0x40, 0x00, 0x00, 0x03,
    0xFD, 0x00, 0x00, 0x00, 0xBF, 0xE0, 0x00, 0x00, 0x0F, 0xFF, 0x00, 0x00, 0x02, 0xFF, 0xF8, 0x00,
    0x00, 0x3F, 0xAF, 0xC0, 0x00, 0x07, 0xF1, 0xFD, 0x00, 0x00, 0xFF, 0x0F, 0xF0, 0x00, 0x0F, 0xD0,
    0xBF, 0x40, 0x02, 0xFC, 0x03, 0xF8, 0x00, 0x3F, 0x80, 0x3F, 0xC0, 0x07, 0xFF, 0xFF, 0xFD, 0x00,
    0xFF, 0xFF, 0xFF, 0xF0, 0x0F, 0xFF, 0xFF, 0xFF, 0x02, 0xFE, 0x55, 0x5B, 0xF8, 0x3F, 0xC0, 0x00,
    0x3F, 0xC3, 0xFC, 0x00, 0x03, 0xFC, 0xBF, 0x40, 0x00, 0x2F, 0xE0, 0x01, 0xA4, 0x20, 0x01, 0xFF,
    0xFF, 0x00, 0xFF, 0xFF, 0x40, 0x0C, 0x1A, 0x40, 0x00, 0x04, 0x00, 0x00, 0x0B, 0x80, 0x00, 0x0F,
    0xFC, 0x00, 0x0F, 0xFF, 0xC0, 0x03, 0xD1, 0xF0, 0x00, 0x00, 0x00, 0x00, 0x05, 0x54, 0x00, 0x3F,
    0xFF, 0xD0, 0x0B, 0xFF, 0xFD, 0x02, 0xEA, 0xFF, 0xC0, 0x00, 0x0B, 0xF0, 0x00, 0x01, 0xFC, 0x02,
    0xFF, 0xFF, 0x07, 0xFF, 0xFF, 0xC3, 0xFE, 0x5B, 0xF0, 0xFE, 0x01, 0xFC, 0x3F, 0xC0, 0x7F, 0x0F,
    0xFE, 0xBF, 0xC1, 0xFF, 0xFF, 0xF0, 0x1F, 0xFF, 0xFC, 0x00, 0x05, 0x00, 0x00, 0x00, 0x00, 0x50,
    0x00, 0x00, 0x00, 0x1F, 0x40, 0x00, 0x00, 0x0B, 0xFD, 0x00, 0x00, 0x02, 0xFF, 0xF8, 0x00, 0x00,
    0x1E, 0x0B, 0x00, 0x00, 0x00, 0x00, 0x00, 0x00, 0x00, 0x01, 0x54, 0x00, 0x00, 0x00, 0x3F, 0xD0,
    0x00, 0x00, 0x0B, 0xFE, 0x00, 0x00, 0x00, 0xFF, 0xF0, 0x00, 0x00, 0x2F, 0xFF, 0x80, 0x00, 0x03,
    0xFA, 0xFC, 0x00, 0x00, 0x7F, 0x1F, 0xD0, 0x00, 0x0F, 0xF0, 0xFF, 0x00, 0x00, 0xFD, 0x0B, 0xF4,
    0x00, 0x2F, 0xC0, 0x3F, 0x80, 0x03, 0xF8, 0x03, 0xFC, 0x00, 0x7F, 0xFF, 0xFF, 0xD0, 0x0F, 0xFF,
    0xFF, 0xFF, 0x00, 0xFF, 0xFF, 0xFF, 0xF0, 0x2F, 0xE5, 0x55, 0xBF, 0x83, 0xFC, 0x00, 0x03, 0xFC,
    0x3F, 0xC0, 0x00, 0x3F, 0xCB, 0xF4, 0x00, 0x02, 0xFE, 0x00, 0x00, 0x00, 0x00, 0x00, 0x00, 0x0A,
    0x00, 0x00, 0x00, 0x03, 0xFC, 0x00, 0x00, 0x00, 0x3F, 0xC0, 0x00, 0x00, 0x01, 0xF4, 0x00, 0x00,
    0x00, 0x00, 0x00, 0x00, 0x00, 0x04, 0x00, 0x00, 0x0B, 0x80, 0x00, 0x0F, 0xFC, 0x00, 0x0F, 0xFF,
    0xC0, 0x03, 0xD1, 0xF0, 0x00, 0x00, 0x00, 0x00, 0x05, 0x54, 0x00, 0x3F, 0xFF, 0xD0, 0x0B, 0xFF,
    0xFD, 0x02, 0xEA, 0xFF, 0xC0, 0x00, 0x0B, 0xF0, 0x00, 0x01, 0xFC, 0x02, 0xFF, 0xFF, 0x07, 0xFF,
    0xFF, 0xC3, 0xFE, 0x5B, 0xF0, 0xFE, 0x01, 0xFC, 0x3F, 0xC0, 0x7F, 0x0F, 0xFE, 0xBF, 0xC1, 0xFF,
    0xFF, 0xF0, 0x1F, 0xFF, 0xFC, 0x00, 0x05, 0x00, 0x00, 0x02, 0x80, 0x00, 0x03, 0xF8, 0x00, 0x00,
    0xFF, 0x00, 0x00, 0x2F, 0x40, 0x00, 0x00, 0x00, 0x00, 0x00, 0x00, 0x00, 0x00, 0x00, 0x00, 0x00,
    0x60, 0x00, 0x00, 0x00, 0x1F, 0xC0, 0x00, 0x00, 0x03, 0xF8, 0x00, 0x00, 0x00, 0xFE, 0x00, 0x00,
    0x00, 0x0B, 0x40, 0x00, 0x00, 0x2E, 0x07, 0xC0, 0x00, 0x02, 0xF4, 0xFC, 0x00, 0x00, 0x0F, 0xFF,
    0x80, 0x00, 0x00, 0x3F, 0xE0, 0x00, 0x00, 0x00, 0x00, 0x00, 0x00, 0x00, 0x15, 0x40, 0x00, 0x00,
    0x03, 0xFD, 0x00, 0x00, 0x00, 0xBF, 0xE0, 0x00, 0x00, 0x0F, 0xFF, 0x00, 0x00, 0x02, 0xFF, 0xF8,
    0x00, 0x00, 0x3F, 0xAF, 0xC0, 0x00, 0x07, 0xF1, 0xFD, 0x00, 0x00, 0xFF, 0x0F, 0xF0, 0x00, 0x0F,
    0xD0, 0xBF, 0x40, 0x02, 0xFC, 0x03, 0xF8, 0x00, 0x3F, 0x80, 0x3F, 0xC0, 0x07, 0xFF, 0xFF, 0xFD,
    0x00, 0xFF, 0xFF, 0xFF, 0xF0, 0x0F, 0xFF, 0xFF, 0xFF, 0x02, 0xFE, 0x55, 0x5B, 0xF8, 0x3F, 0xC0,
    0x00, 0x3F, 0xC3, 0xFC, 0x00, 0x03, 0xFC, 0xBF, 0x40, 0x00, 0x2F, 0xE0, 0x00, 0x00, 0x40, 0x00,
    0x00, 0x3C, 0x00, 0x00, 0x3F, 0xC0, 0x00, 0x3F, 0xC0, 0x00, 0x1F, 0x80, 0x00, 0x01, 0x80, 0x00,
    0x3E, 0x0B, 0xC0, 0x0F, 0xD7, 0xE0, 0x01, 0xFF, 0xF0, 0x00, 0x1F, 0xF0, 0x00, 0x00, 0x00, 0x00,
    0x01, 0x55, 0x00, 0x0F, 0xFF, 0xF4, 0x02, 0xFF, 0xFF, 0x40, 0xBA, 0xBF, 0xF0, 0x00, 0x02, 0xFC,
    0x00, 0x00, 0x7F, 0x00, 0xBF, 0xFF, 0xC1, 0xFF, 0xFF, 0xF0, 0xFF, 0x96, 0xFC, 0x3F, 0x80, 0x7F,
    0x0F, 0xF0, 0x1F, 0xC3, 0xFF, 0xAF, 0xF0, 0x7F, 0xFF, 0xFC, 0x07, 0xFF, 0xFF, 0x00, 0x01, 0x40,
    0x00, 0x00, 0x00, 0x00, 0x00, 0x00, 0x00, 0x70, 0x00, 0x00, 0x00, 0x1F, 0xC0, 0x00, 0x00, 0x00,
    0xFE, 0x00, 0x00, 0x00, 0x03, 0xF8, 0x00, 0x00, 0x00, 0x0B, 0x40, 0x00, 0x00, 0x2E, 0x07, 0xC0,
    0x00, 0x02, 0xF4, 0xFC, 0x00, 0x00, 0x0F, 0xFF, 0x80, 0x00, 0x00, 0x3F, 0xE0, 0x00, 0x00, 0x00,
    0x00, 0x00, 0x00, 0x00, 0x15, 0x40, 0x00, 0x00, 0x03, 0xFD, 0x00, 0x00, 0x00, 0xBF, 0xE0, 0x00,
    0x00, 0x0F, 0xFF, 0x00, 0x00, 0x02, 0xFF, 0xF8, 0x00, 0x00, 0x3F, 0xAF, 0xC0, 0x00, 0x07, 0xF1,
    0xFD, 0x00, 0x00, 0xFF, 0x0F, 0xF0, 0x00, 0x0F, 0xD0, 0xBF, 0x40, 0x02, 0xFC, 0x03, 0xF8, 0x00,
    0x3F, 0x80, 0x3F, 0xC0, 0x07, 0xFF, 0xFF, 0xFD, 0x00, 0xFF, 0xFF, 0xFF, 0xF0, 0x0F, 0xFF, 0xFF,
    0xFF, 0x02, 0xFE, 0x55, 0x5B, 0xF8, 0x3F, 0xC0, 0x00, 0x3F, 0xC3, 0xFC, 0x00, 0x03, 0xFC, 0xBF,
    0x40, 0x00, 0x2F, 0xE0, 0x00, 0x00, 0x00, 0x00, 0x2C, 0x00, 0x00, 0x2F, 0x80, 0x00, 0x07, 0xF8,
    0x00, 0x00, 0x3F, 0x40, 0x00, 0x03, 0xC0, 0x00, 0x3E, 0x0B, 0xC0, 0x0F, 0xD7, 0xE0, 0x01, 0xFF,
    0xF0, 0x00, 0x1F, 0xF0, 0x00, 0x00, 0x00, 0x00, 0x01, 0x55, 0x00, 0x0F, 0xFF, 0xF4, 0x02, 0xFF,
    0xFF, 0x40, 0xBA, 0xBF, 0xF0, 0x00, 0x02, 0xFC, 0x00, 0x00, 0x7F, 0x00, 0xBF, 0xFF, 0xC1, 0xFF,
    0xFF, 0xF0, 0xFF, 0x96, 0xFC, 0x3F, 0x80, 0x7F, 0x0F, 0xF0, 0x1F, 0xC3, 0xFF, 0xAF, 0xF0, 0x7F,
    0xFF, 0xFC, 0x07, 0xFF, 0xFF, 0x00, 0x01, 0x40, 0x00, 0x00, 0x00, 0x00, 0x00, 0x00, 0x00, 0x7F,
    0xD0, 0x00, 0x00, 0x07, 0xFF, 0x00, 0x00, 0x00, 0x03, 0xF0, 0x00, 0x00, 0x00, 0xBE, 0x00, 0x00,
    0x00, 0x0F, 0x40, 0x00, 0x00, 0x00, 0x00, 0x00, 0x00, 0x02, 0xE0, 0x7C, 0x00, 0x00, 0x2F, 0x4F,
    0xC0, 0x00, 0x00, 0xFF, 0xF8, 0x00, 0x00, 0x03, 0xFE, 0x00, 0x00, 0x00, 0x00, 0x00, 0x00, 0x00,
    0x01, 0x54, 0x00, 0x00, 0x00, 0x3F, 0xD0, 0x00, 0x00, 0x0B, 0xFE, 0x00, 0x00, 0x00, 0xFF, 0xF0,
    0x00, 0x00, 0x2F, 0xFF, 0x80, 0x00, 0x03, 0xFA, 0xFC, 0x00, 0x00, 0x7F, 0x1F, 0xD0, 0x00, 0x0F,
    0xF0, 0xFF, 0x00, 0x00, 0xFD, 0x0B, 0xF4, 0x00, 0x2F, 0xC0, 0x3F, 0x80, 0x03, 0xF8, 0x03, 0xFC,
    0x00, 0x7F, 0xFF, 0xFF, 0xD0, 0x0F, 0xFF, 0xFF, 0xFF, 0x00, 0xFF, 0xFF, 0xFF, 0xF0, 0x2F, 0xE5,
    0x55, 0xBF, 0x83, 0xFC, 0x00, 0x03, 0xFC, 0x3F, 0xC0, 0x00, 0x3F, 0xCB, 0xF4, 0x00, 0x02, 0xFE,
    0x00, 0x00, 0x00, 0x00, 0x3F, 0xE0, 0x00, 0x0B, 0xFE, 0x00, 0x00, 0x0F, 0x80, 0x00, 0x0B, 0xD0,
    0x00, 0x07, 0xC0, 0x00, 0x00, 0x50, 0x00, 0x0F, 0x82, 0xF0, 0x03, 0xF5, 0xF8, 0x00, 0x7F, 0xFC,
    0x00, 0x07, 0xFC, 0x00, 0x00, 0x00, 0x00, 0x00, 0x55, 0x40, 0x03, 0xFF, 0xFD, 0x00, 0xBF, 0xFF,
    0xD0, 0x2E, 0xAF, 0xFC, 0x00, 0x00, 0xBF, 0x00, 0x00, 0x1F, 0xC0, 0x2F, 0xFF, 0xF0, 0x7F, 0xFF,
    0xFC, 0x3F, 0xE5, 0xBF, 0x0F, 0xE0, 0x1F, 0xC3, 0xFC, 0x07, 0xF0, 0xFF, 0xEB, 0xFC, 0x1F, 0xFF,
    0xFF, 0x01, 0xFF, 0xFF, 0xC0, 0x00, 0x50, 0x00, 0x00, 0x06, 0x40, 0x80, 0x00, 0x01, 0xFF, 0xFE,
    0x00, 0x00, 0x3F, 0xFF, 0xC0, 0x00, 0x02, 0xC2, 0xF4, 0x00, 0x00, 0x00, 0x00, 0x00, 0x00, 0x02,
    0xE0, 0x7C, 0x00, 0x00, 0x2F, 0x4F, 0xC0, 0x00, 0x00, 0xFF, 0xF8, 0x00, 0x00, 0x03, 0xFE, 0x00,
    0x00, 0x00, 0x00, 0x00, 0x00, 0x00, 0x01, 0x54, 0x00, 0x00, 0x00, 0x3F, 0xD0, 0x00, 0x00, 0x0B,
    0xFE, 0x00, 0x00, 0x00, 0xFF, 0xF0, 0x00, 0x00, 0x2F, 0xFF, 0x80, 0x00, 0x03, 0xFA, 0xFC, 0x00,
    0x00, 0x7F, 0x1F, 0xD0, 0x00, 0x0F, 0xF0, 0xFF, 0x00, 0x00, 0xFD, 0x0B, 0xF4, 0x00, 0x2F, 0xC0,
    0x3F, 0x80, 0x03, 0xF8, 0x03, 0xFC, 0x00, 0x7F, 0xFF, 0xFF, 0xD0, 0x0F, 0xFF, 0xFF, 0xFF, 0x00,
    0xFF, 0xFF, 0xFF, 0xF0, 0x2F, 0xE5, 0x55, 0xBF, 0x83, 0xFC, 0x00, 0x03, 0xFC, 0x3F, 0xC0, 0x00,
    0x3F, 0xCB, 0xF4, 0x00, 0x02, 0xFE, 0x00, 0x64, 0x14, 0x00, 0xFF, 0xFF, 0x40, 0x7F, 0xFF, 0xC0,
    0x0A, 0x1B, 0x80, 0x00, 0x00, 0x00, 0x00, 0xF8, 0x2F, 0x00, 0x3F, 0x5F, 0x80, 0x07, 0xFF, 0xC0,
    0x00, 0x7F, 0xC0, 0x00, 0x00, 0x00, 0x00, 0x05, 0x54, 0x00, 0x3F, 0xFF, 0xD0, 0x0B, 0xFF, 0xFD,
    0x02, 0xEA, 0xFF, 0xC0, 0x00, 0x0B, 0xF0, 0x00, 0x01, 0xFC, 0x02, 0xFF, 0xFF, 0x07, 0xFF, 0xFF,
    0xC3, 0xFE, 0x5B, 0xF0, 0xFE, 0x01, 0xFC, 0x3F, 0xC0, 0x7F, 0x0F, 0xFE, 0xBF, 0xC1, 0xFF, 0xFF,
    0xF0, 0x1F, 0xFF, 0xFC, 0x00, 0x05, 0x00, 0x00, 0x00, 0x2E, 0x07, 0xC0, 0x00, 0x02, 0xF4, 0xFC,
    0x00, 0x00, 0x0F, 0xFF, 0x80, 0x00, 0x00, 0x3F, 0xE0, 0x00, 0x00, 0x00, 0x00, 0x00, 0x00, 0x00,
    0x15, 0x40, 0x00, 0x00, 0x03, 0xFD, 0x00, 0x00, 0x00, 0xBF, 0xE0, 0x00, 0x00, 0x0F, 0xFF, 0x00,
    0x00, 0x02, 0xFF, 0xF8, 0x00, 0x00, 0x3F, 0xAF, 0xC0, 0x00, 0x07, 0xF1, 0xFD, 0x00, 0x00, 0xFF,
    0x0F, 0xF0, 0x00, 0x0F, 0xD0, 0xBF, 0x40, 0x02, 0xFC, 0x03, 0xF8, 0x00, 0x3F, 0x80, 0x3F, 0xC0,
    0x07, 0xFF, 0xFF, 0xFD, 0x00, 0xFF, 0xFF, 0xFF, 0xF0, 0x0F, 0xFF, 0xFF, 0xFF, 0x02, 0xFE, 0x55,
    0x5B, 0xF8, 0x3F, 0xC0, 0x00, 0x3F, 0xC3, 0xFC, 0x00, 0x03, 0xFC, 0xBF, 0x40, 0x00, 0x2F, 0xE0,
    0x00, 0x00, 0x00, 0x00, 0x00, 0x00, 0xA0, 0x00, 0x00, 0x00, 0x3F, 0xC0, 0x00, 0x00, 0x03, 0xFC,
    0x00, 0x00, 0x00, 0x1F, 0x40, 0x00, 0x00, 0x00, 0x00, 0x00, 0x00, 0x00, 0x00, 0x00, 0x00, 0xF8,
    0x2F, 0x00, 0x3F, 0x5F, 0x80, 0x07, 0xFF, 0xC0, 0x00, 0x7F, 0xC0, 0x00, 0x00, 0x00, 0x00, 0x05,
    0x54, 0x00, 0x3F, 0xFF, 0xD0, 0x0B, 0xFF, 0xFD, 0x02, 0xEA, 0xFF, 0xC0, 0x00, 0x0B, 0xF0, 0x00,
    0x01, 0xFC, 0x02, 0xFF, 0xFF, 0x07, 0xFF, 0xFF, 0xC3, 0xFE, 0x5B, 0xF0, 0xFE, 0x01, 0xFC, 0x3F,
    0xC0, 0x7F, 0x0F, 0xFE, 0xBF, 0xC1, 0xFF, 0xFF, 0xF0, 0x1F, 0xFF, 0xFC, 0x00, 0x05, 0x00, 0x00,
    0x02, 0x80, 0x00, 0x03, 0xF8, 0x00, 0x00, 0xFF, 0x00, 0x00, 0x2F, 0x40, 0x00, 0x00, 0x00, 0x00,
    0x55, 0x55, 0x54, 0x3F, 0xFF, 0xFF, 0x8F, 0xFF, 0xFF, 0xE3, 0xFF, 0xFF, 0xF8, 0xFF, 0x00, 0x00,
    0x3F, 0xC0, 0x00, 0x0F, 0xF0, 0x00, 0x03, 0xFE, 0xAA, 0xA0, 0xFF, 0xFF, 0xFC, 0x3F, 0xFF, 0xFF,
    0x0F, 0xFA, 0xAA, 0x43, 0xFC, 0x00, 0x00, 0xFF, 0x00, 0x00, 0x3F, 0xC0, 0x00, 0x0F, 0xF5, 0x55,
    0x53, 0xFF, 0xFF, 0xFD, 0xFF, 0xFF, 0xFF, 0x7F, 0xFF, 0xFF, 0xD0, 0x00, 0x00, 0x00, 0x01, 0x90,
    0x00, 0x00, 0xFD, 0x00, 0x00, 0x7F, 0x40, 0x00, 0x0F, 0xC0, 0x00, 0x00, 0x00, 0x00, 0x00, 0x15,
    0x00, 0x00, 0xBF, 0xFC, 0x00, 0xFF, 0xFF, 0xC0, 0xFF, 0xEF, 0xF8, 0x7F, 0x80, 0xBF, 0x2F, 0xC0,
    0x0F, 0xDF, 0xFF, 0xFF, 0xF7, 0xFF, 0xFF, 0xFD, 0xFF, 0xAA, 0xAA, 0x6F, 0xD0, 0x00, 0x07, 0xFD,
    0x00, 0x40, 0xFF, 0xFF, 0xF4, 0x0F, 0xFF, 0xFE, 0x00, 0xBF, 0xFF, 0x40, 0x00, 0x54, 0x00, 0x00,
    0x64, 0x00, 0x00, 0x7F, 0x00, 0x00, 0x2F, 0xC0, 0x00, 0x03, 0xF0, 0x00, 0x00, 0x00, 0x00, 0x02,
    0xF8, 0x00, 0x00, 0xFF, 0xC0, 0x00, 0x27, 0xF4, 0x00, 0x00, 0xBC, 0x00, 0x00, 0xFD, 0x00, 0x00,
    0x19, 0x00, 0x05, 0x55, 0x55, 0x43, 0xFF, 0xFF, 0xF8, 0xFF, 0xFF, 0xFE, 0x3F, 0xFF, 0xFF, 0x8F,
    0xF0, 0x00, 0x03, 0xFC, 0x00, 0x00, 0xFF, 0x00, 0x00, 0x3F, 0xEA, 0xAA, 0x0F, 0xFF, 0xFF, 0xC3,
    0xFF, 0xFF, 0xF0, 0xFF, 0xAA, 0xA4, 0x3F, 0xC0, 0x00, 0x0F, 0xF0, 0x00, 0x03, 0xFC, 0x00, 0x00,
    0xFF, 0x55, 0x55, 0x3F, 0xFF, 0xFF, 0xDF, 0xFF, 0xFF, 0xF7, 0xFF, 0xFF, 0xFD, 0x00, 0xA9, 0x00,
    0x00, 0x7F, 0xE0, 0x00, 0x0A, 0xFC, 0x00, 0x00, 0x3F, 0x00, 0x00, 0x3F, 0x00, 0x00, 0x0F, 0x40,
    0x00, 0x01, 0x50, 0x00, 0x0B, 0xFF, 0xC0, 0x0F, 0xFF, 0xFC, 0x0F, 0xFE, 0xFF, 0x87, 0xF8, 0x0B,
    0xF2, 0xFC, 0x00, 0xFD, 0xFF, 0xFF, 0xFF, 0x7F, 0xFF, 0xFF, 0xDF, 0xFA, 0xAA, 0xA6, 0xFD, 0x00,
    0x00, 0x7F, 0xD0, 0x04, 0x0F, 0xFF, 0xFF, 0x40, 0xFF, 0xFF, 0xE0, 0x0B, 0xFF, 0xF4, 0x00, 0x05,
    0x40, 0x00, 0x00, 0x00, 0x00, 0x01, 0xF4, 0x34, 0x01, 0xFF, 0xFF, 0x00, 0xFF, 0xFF, 0x40, 0x08,
    0x0A, 0x00, 0x00, 0x00, 0x00, 0x05, 0x55, 0x55, 0x43, 0xFF, 0xFF, 0xF8, 0xFF, 0xFF, 0xFE, 0x3F,
    0xFF, 0xFF, 0x8F, 0xF0, 0x00, 0x03, 0xFC, 0x00, 0x00, 0xFF, 0x00, 0x00, 0x3F, 0xEA, 0xAA, 0x0F,
    0xFF, 0xFF, 0xC3, 0xFF, 0xFF, 0xF0, 0xFF, 0xAA, 0xA4, 0x3F, 0xC0, 0x00, 0x0F, 0xF0, 0x00, 0x03,
    0xFC, 0x00, 0x00, 0xFF, 0x55, 0x55, 0x3F, 0xFF, 0xFF, 0xDF, 0xFF, 0xFF, 0xF7, 0xFF, 0xFF, 0xFD,
    0x01, 0xA0, 0x20, 0x02, 0xFF, 0xFE, 0x00, 0xFF, 0xFF, 0x00, 0x1C, 0x1A, 0x00, 0x00, 0x00, 0x00,
    0x00, 0x05, 0x40, 0x00, 0x2F, 0xFF, 0x00, 0x3F, 0xFF, 0xF0, 0x3F, 0xFB, 0xFE, 0x1F, 0xE0, 0x2F,
    0xCB, 0xF0, 0x03, 0xF7, 0xFF, 0xFF, 0xFD, 0xFF, 0xFF, 0xFF, 0x7F, 0xEA, 0xAA, 0x9B, 0xF4, 0x00,
    0x01, 0xFF, 0x40, 0x10, 0x3F, 0xFF, 0xFD, 0x03, 0xFF, 0xFF, 0x80, 0x2F, 0xFF, 0xD0, 0x00, 0x15,
    0x00, 0x00, 0x00, 0x00, 0x00, 0x00, 0x00, 0x34, 0x00, 0x00, 0x0B, 0xD0, 0x00, 0x02, 0xFD, 0x00,
    0x10, 0x7F, 0x40, 0x07, 0xD7, 0xC0, 0x02, 0xFF, 0x50, 0x00, 0xBF, 0xFD, 0x00, 0x07, 0x82, 0xC0,
    0x00, 0x00, 0x00, 0x00, 0x55, 0x55, 0x54, 0x0F, 0xFF, 0xFF, 0xE0, 0xFF, 0xFF, 0xFE, 0x0F, 0xFF,
    0xFF, 0xE0, 0xFF, 0x00, 0x00, 0x0F, 0xF0, 0x00, 0x00, 0xFF, 0x00, 0x00, 0x0F, 0xFA, 0xAA, 0x80,
    0xFF, 0xFF, 0xFC, 0x0F, 0xFF, 0xFF, 0xC0, 0xFF, 0xAA, 0xA4, 0x0F, 0xF0, 0x00, 0x00, 0xFF, 0x00,
    0x00, 0x0F, 0xF0, 0x00, 0x00, 0xFF, 0x55, 0x55, 0x0F, 0xFF, 0xFF, 0xF4, 0xFF, 0xFF, 0xFF, 0x4F,
    0xFF, 0xFF, 0xF4, 0x00, 0x00, 0x00, 0x40, 0x00, 0x00, 0x0F, 0x40, 0x00, 0x00, 0xFF, 0x00, 0x01,
    0x0B, 0xF0, 0x00, 0x3D, 0x7F, 0x00, 0x03, 0xFE, 0x60, 0x00, 0x3F, 0xFE, 0x00, 0x00, 0xF0, 0xB8,
    0x00, 0x00, 0x00, 0x40, 0x00, 0x00, 0x54, 0x00, 0x00, 0x2F, 0xFF, 0x00, 0x03, 0xFF, 0xFF, 0x00,
    0x3F, 0xFB, 0xFE, 0x01, 0xFE, 0x02, 0xFC, 0x0B, 0xF0, 0x03, 0xF4, 0x3F, 0xFF, 0xFF, 0xD0, 0xFF,
    0xFF, 0xFF, 0x43, 0xFE, 0xAA, 0xA9, 0x0B, 0xF4, 0x00, 0x00, 0x1F, 0xF4, 0x01, 0x00, 0x3F, 0xFF,
    0xFD, 0x00, 0x3F, 0xFF, 0xF8, 0x00, 0x2F, 0xFF, 0xD0, 0x00, 0x01, 0x50, 0x00, 0x00, 0x00, 0x00,
    0x00, 0x00, 0x90, 0x00, 0x00, 0xBD, 0x00, 0x00, 0x2F, 0xC0, 0x00, 0x12, 0xFC, 0x00, 0x1F, 0x5F,
    0x00, 0x2F, 0xF4, 0x00, 0x2F, 0xFF, 0x40, 0x07, 0x82, 0xC0, 0x00, 0x00, 0x00, 0x05, 0x55, 0x55,
    0x43, 0xFF, 0xFF, 0xF8, 0xFF, 0xFF, 0xFE, 0x3F, 0xFF, 0xFF, 0x8F, 0xF0, 0x00, 0x03, 0xFC, 0x00,
    0x00, 0xFF, 0x00, 0x00, 0x3F, 0xEA, 0xAA, 0x0F, 0xFF, 0xFF, 0xC3, 0xFF, 0xFF, 0xF0, 0xFF, 0xAA,
    0xA4, 0x3F, 0xC0, 0x00, 0x0F, 0xF0, 0x00, 0x03, 0xFC, 0x00, 0x00, 0xFF, 0x55, 0x55, 0x3F, 0xFF,
    0xFF, 0xDF, 0xFF, 0xFF, 0xF7, 0xFF, 0xFF, 0xFD, 0x00, 0x00, 0x50, 0x00, 0x00, 0x7D, 0x00, 0x00,
    0x2F, 0xD0, 0x00, 0x12, 0xFC, 0x00, 0x3D, 0x1F, 0x40, 0x3F, 0xE1, 0x00, 0x3F, 0xFE, 0x00, 0x0F,
    0x0B, 0x80, 0x00, 0x00, 0x40, 0x00, 0x05, 0x40, 0x00, 0x2F, 0xFF, 0x00, 0x3F, 0xFF, 0xF0, 0x3F,
    0xFB, 0xFE, 0x1F, 0xE0, 0x2F, 0xCB, 0xF0, 0x03, 0xF7, 0xFF, 0xFF, 0xFD, 0xFF, 0xFF, 0xFF, 0x7F,
    0xEA, 0xAA, 0x9B, 0xF4, 0x00, 0x01, 0xFF, 0x40, 0x10, 0x3F, 0xFF, 0xFD, 0x03, 0xFF, 0xFF, 0x80,
    0x2F, 0xFF, 0xD0, 0x00, 0x15, 0x00, 0x00, 0x00, 0x54, 0x00, 0x00, 0x0F, 0xF8, 0x00, 0x00, 0xFF,
    0xC0, 0x00, 0x00, 0xBC, 0x00, 0x10, 0x2F, 0x80, 0x07, 0xD3, 0xE0, 0x02, 0xFF, 0x40, 0x00, 0xBF,
    0xFD, 0x00, 0x07, 0x82, 0xC0, 0x00, 0x00, 0x00, 0x00, 0x55, 0x55, 0x54, 0x0F, 0xFF, 0xFF, 0xE0,
    0xFF, 0xFF, 0xFE, 0x0F, 0xFF, 0xFF, 0xE0, 0xFF, 0x00, 0x00, 0x0F, 0xF0, 0x00, 0x00, 0xFF, 0x00,
    0x00, 0x0F, 0xFA, 0xAA, 0x80, 0xFF, 0xFF, 0xFC, 0x0F, 0xFF, 0xFF, 0xC0, 0xFF, 0xAA, 0xA4, 0x0F,
    0xF0, 0x00, 0x00, 0xFF, 0x00, 0x00, 0x0F, 0xF0, 0x00, 0x00, 0xFF, 0x55, 0x55, 0x0F, 0xFF, 0xFF,
    0xF4, 0xFF, 0xFF, 0xFF, 0x4F, 0xFF, 0xFF, 0xF4, 0x00, 0x00, 0xBE, 0x40, 0x00, 0x0F, 0xFD, 0x00,
    0x00, 0x5B, 0xE0, 0x00, 0x40, 0x7D, 0x00, 0x3D, 0x2F, 0x40, 0x0F, 0xF9, 0xA0, 0x03, 0xFF, 0xE0,
    0x00, 0x3C, 0x2E, 0x00, 0x00, 0x00, 0x40, 0x00, 0x01, 0x50, 0x00, 0x02, 0xFF, 0xF0, 0x00, 0xFF,
    0xFF, 0xC0, 0x3F, 0xFB, 0xFE, 0x07, 0xF8, 0x0B, 0xF0, 0xBF, 0x00, 0x3F, 0x4F, 0xFF, 0xFF, 0xF4,
    0xFF, 0xFF, 0xFF, 0x4F, 0xFA, 0xAA, 0xA4, 0xBF, 0x40, 0x00, 0x07, 0xFD, 0x00, 0x40, 0x3F, 0xFF,
    0xFD, 0x00, 0xFF, 0xFF, 0xE0, 0x02, 0xFF, 0xFD, 0x00, 0x00, 0x54, 0x00, 0x00, 0x00, 0x00, 0x00,
    0xBD, 0x2C, 0x00, 0xFF, 0xFF, 0x40, 0x7E, 0xFF, 0xC0, 0x01, 0x01, 0x40, 0x00, 0x04, 0x00, 0x00,
    0x07, 0xD0, 0x00, 0x0B, 0xFD, 0x00, 0x0B, 0xFF, 0xD0, 0x01, 0xE0, 0xB0, 0x00, 0x00, 0x00, 0x01,
    0x55, 0x55, 0x50, 0xFF, 0xFF, 0xFE, 0x3F, 0xFF, 0xFF, 0x8F, 0xFF, 0xFF, 0xE3, 0xFC, 0x00, 0x00,
    0xFF, 0x00, 0x00, 0x3F, 0xC0, 0x00, 0x0F, 0xFA, 0xAA, 0x83, 0xFF, 0xFF, 0xF0, 0xFF, 0xFF, 0xFC,
    0x3F, 0xEA, 0xA9, 0x0F, 0xF0, 0x00, 0x03, 0xFC, 0x00, 0x00, 0xFF, 0x00, 0x00, 0x3F, 0xD5, 0x55,
    0x4F, 0xFF, 0xFF, 0xF7, 0xFF, 0xFF, 0xFD, 0xFF, 0xFF, 0xFF, 0x40, 0x01, 0x90, 0x20, 0x01, 0xFF,
    0xFF, 0x00, 0xFF, 0xFF, 0x40, 0x1C, 0x1F, 0x40, 0x00, 0x04, 0x00, 0x00, 0x0F, 0x40, 0x00, 0x0F,
    0xF8, 0x00, 0x0F, 0xFF, 0x80, 0x03, 0xC2, 0xE0, 0x00, 0x00, 0x10, 0x00, 0x01, 0x50, 0x00, 0x0B,
    0xFF, 0xC0, 0x0F, 0xFF, 0xFC, 0x0F, 0xFE, 0xFF, 0x87, 0xF8, 0x0B, 0xF2, 0xFC, 0x00, 0xFD, 0xFF,
    0xFF, 0xFF, 0x7F, 0xFF, 0xFF, 0xDF, 0xFA, 0xAA, 0xA6, 0xFD, 0x00, 0x00, 0x7F, 0xD0, 0x04, 0x0F,
    0xFF, 0xFF, 0x40, 0xFF, 0xFF, 0xE0, 0x0B, 0xFF, 0xF4, 0x00, 0x05, 0x40, 0x00, 0x00, 0x10, 0x00,
    0x00, 0x1F, 0x40, 0x00, 0x2F, 0xF4, 0x00, 0x2F, 0xFF, 0x40, 0x07, 0x82, 0xC0, 0x00, 0x00, 0x00,
    0x05, 0x55, 0x55, 0x43, 0xFF, 0xFF, 0xF8, 0xFF, 0xFF, 0xFE, 0x3F, 0xFF, 0xFF, 0x8F, 0xF0, 0x00,
    0x03, 0xFC, 0x00, 0x00, 0xFF, 0x00, 0x00, 0x3F, 0xEA, 0xAA, 0x0F, 0xFF, 0xFF, 0xC3, 0xFF, 0xFF,
    0xF0, 0xFF, 0xAA, 0xA4, 0x3F, 0xC0, 0x00, 0x0F, 0xF0, 0x00, 0x03, 0xFC, 0x00, 0x00, 0xFF, 0x55,
    0x55, 0x3F, 0xFF, 0xFF, 0xDF, 0xFF, 0xFF, 0xF7, 0xFF, 0xFF, 0xFD, 0x00, 0x00, 0x00, 0x00, 0x19,
    0x00, 0x00, 0x0F, 0xD0, 0x00, 0x07, 0xF4, 0x00, 0x00, 0xFC, 0x00, 0x00, 0x00, 0x00, 0x00, 0x00,
    0x04, 0x00, 0x00, 0x0F, 0x40, 0x00, 0x0F, 0xF8, 0x00, 0x0F, 0xFF, 0x80, 0x03, 0xC2, 0xE0, 0x00,
    0x00, 0x10, 0x00, 0x01, 0x50, 0x00, 0x0B, 0xFF, 0xC0, 0x0F, 0xFF, 0xFC, 0x0F, 0xFE, 0xFF, 0x87,
    0xF8, 0x0B, 0xF2, 0xFC, 0x00, 0xFD, 0xFF, 0xFF, 0xFF, 0x7F, 0xFF, 0xFF, 0xDF, 0xFA, 0xAA, 0xA6,
    0xFD, 0x00, 0x00, 0x7F, 0xD0, 0x04, 0x0F, 0xFF, 0xFF, 0x40, 0xFF, 0xFF, 0xE0, 0x0B, 0xFF, 0xF4,
    0x00, 0x05, 0x40, 0x00, 0x06, 0x40, 0x00, 0x07, 0xF0, 0x00, 0x02, 0xFC, 0x00, 0x00, 0x3F, 0x00,
    0x00, 0x00, 0x00, 0x00, 0x7E, 0x4B, 0xFD, 0x5B, 0xE0, 0x7E, 0x1F, 0x41, 0xA0, 0x15, 0x43, 0xFC,
    0x3F, 0xC3, 0xFC, 0x3F, 0xC3, 0xFC, 0x3F, 0xC3, 0xFC, 0x3F, 0xC3, 0xFC, 0x3F, 0xC3, 0xFC, 0x3F,
    0xC3, 0xFC, 0x3F, 0xC3, 0xFC, 0x3F, 0xC3, 0xFC, 0x1A, 0x40, 0xFF, 0xC2, 0xBF, 0x40, 0x7D, 0x0B,
    0xD0, 0x2E, 0x00, 0x00, 0x07, 0xF4, 0x1F, 0xD0, 0x7F, 0x41, 0xFD, 0x07, 0xF4, 0x1F, 0xD0, 0x7F,
    0x41, 0xFD, 0x07, 0xF4, 0x1F, 0xD0, 0x7F, 0x41, 0xFD, 0x07, 0xF4, 0x15, 0x4F, 0xF3, 0xFC, 0xFF,
    0x3F, 0xCF, 0xF3, 0xFC, 0xFF, 0x3F, 0xCF, 0xF3, 0xFC, 0xFF, 0x3F, 0xCF, 0xF3, 0xFC, 0xFF, 0x3F,
    0xCF, 0xF0, 0x00, 0x28, 0x3F, 0x8F, 0xF2, 0xF4, 0x00, 0x00, 0x0F, 0xCB, 0xFA, 0xFE, 0x3F, 0x40,
    0x00, 0x01, 0xFD, 0x7F, 0x5F, 0xD7, 0xF5, 0xFD, 0x7F, 0x5F, 0xD7, 0xF5, 0xFD, 0x7F, 0x5F, 0xD7,
    0xF5, 0xFD, 0x00, 0x06, 0x43, 0xF5, 0xFE, 0x3F, 0x00, 0x00, 0x00, 0x06, 0xA9, 0x00, 0x00, 0x0B,
    0xFF, 0xFE, 0x00, 0x03, 0xFF, 0xFF, 0xFC, 0x00, 0xFF, 0xFB, 0xFF, 0xE0, 0x2F, 0xF4, 0x02, 0xFF,
    0x43, 0xFD, 0x00, 0x0B, 0xFC, 0x7F, 0xC0, 0x00, 0x3F, 0xCB, 0xF4, 0x00, 0x02, 0xFD, 0xBF, 0x40,
    0x00, 0x2F, 0xDB, 0xF4, 0x00, 0x02, 0xFD, 0xBF, 0x40, 0x00, 0x2F, 0xDB, 0xF8, 0x00, 0x03, 0xFD,
    0x7F, 0xC0, 0x00, 0x3F, 0xC3, 0xFE, 0x00, 0x0F, 0xF8, 0x1F, 0xF9, 0x07, 0xFF, 0x00, 0xBF, 0xFF,
    0xFF, 0xD0, 0x02, 0xFF, 0xFF, 0xF4, 0x00, 0x06, 0xFF, 0xF8, 0x00, 0x00, 0x00, 0x50, 0x00, 0x00,
    0x00, 0x0A, 0x00, 0x00, 0x00, 0x03, 0xF8, 0x00, 0x00, 0x00, 0x3F, 0xC0, 0x00, 0x00, 0x02, 0xF4,
    0x00, 0x00, 0x00, 0x00, 0x00, 0x00, 0x00, 0x15, 0x00, 0x00, 0x2F, 0xFF, 0x00, 0x0F, 0xFF, 0xFD,
    0x03, 0xFF, 0xFF, 0xF0, 0x7F, 0xC0, 0xBF, 0x8B, 0xF4, 0x03, 0xFC, 0xFF, 0x00, 0x3F, 0xCF, 0xF0,
    0x03, 0xFC, 0xFF, 0x00, 0x3F, 0xCB, 0xF4, 0x03, 0xFC, 0x7F, 0xC0, 0xBF, 0x43, 0xFF, 0xFF, 0xF0,
    0x0F, 0xFF, 0xFC, 0x00, 0x2F, 0xFE, 0x00, 0x00, 0x05, 0x00, 0x00, 0x01, 0x90, 0x00, 0x00, 0x3F,
    0x40, 0x00, 0x07, 0xF8, 0x00, 0x00, 0x3F, 0x00, 0x00, 0x00, 0x00, 0x00, 0x00, 0x0B, 0xE4, 0x00,
    0x00, 0x00, 0xBF, 0xD0, 0x00, 0x00, 0x05, 0xBE, 0x00, 0x00, 0x00, 0x07, 0xD0, 0x00, 0x00, 0x01,
    0xF4, 0x00, 0x00, 0x00, 0x1A, 0x00, 0x00, 0x00, 0x06, 0xA9, 0x00, 0x00, 0x0B, 0xFF, 0xFE, 0x00,
    0x03, 0xFF, 0xFF, 0xFC, 0x00, 0xFF, 0xFB, 0xFF, 0xE0, 0x2F, 0xF4, 0x02, 0xFF, 0x43, 0xFD, 0x00,
    0x0B, 0xFC, 0x7F, 0xC0, 0x00, 0x3F, 0xCB, 0xF4, 0x00, 0x02, 0xFD, 0xBF, 0x40, 0x00, 0x2F, 0xDB,
    0xF4, 0x00, 0x02, 0xFD, 0xBF, 0x40, 0x00, 0x2F, 0xDB, 0xF8, 0x00, 0x03, 0xFD, 0x7F, 0xC0, 0x00,
    0x3F, 0xC3, 0xFE, 0x00, 0x0F, 0xF8, 0x1F, 0xF9, 0x07, 0xFF, 0x00, 0xBF, 0xFF, 0xFF, 0xD0, 0x02,
    0xFF, 0xFF, 0xF4, 0x00, 0x06, 0xFF, 0xF8, 0x00, 0x00, 0x00, 0x50, 0x00, 0x00, 0x00, 0x69, 0x00,
    0x00, 0x0F, 0xFC, 0x00, 0x00, 0xAF, 0xD0, 0x00, 0x00, 0x7D, 0x00, 0x00, 0x2F, 0x40, 0x00, 0x02,
    0xE0, 0x00, 0x00, 0x15, 0x00, 0x00, 0x2F, 0xFF, 0x00, 0x0F, 0xFF, 0xFD, 0x03, 0xFF, 0xFF, 0xF0,
    0x7F, 0xC0, 0xBF, 0x8B, 0xF4, 0x03, 0xFC, 0xFF, 0x00, 0x3F, 0xCF, 0xF0, 0x03, 0xFC, 0xFF, 0x00,
    0x3F, 0xCB, 0xF4, 0x03, 0xFC, 0x7F, 0xC0, 0xBF, 0x43, 0xFF, 0xFF, 0xF0, 0x0F, 0xFF, 0xFC, 0x00,
    0x2F, 0xFE, 0x00, 0x00, 0x05, 0x00, 0x00, 0x00, 0x00, 0x00, 0x00, 0x00, 0x00, 0x00, 0x00, 0xE0,
    0x00, 0x00, 0x00, 0x3F, 0x80, 0x00, 0x00, 0x0B, 0xF4, 0x00, 0x00, 0x42, 0xFC, 0x00, 0x00, 0x1F,
    0x4F, 0x00, 0x00, 0x0B, 0xFD, 0x00, 0x00, 0x02, 0xFF, 0xF4, 0x00, 0x00, 0x1E, 0x0B, 0x00, 0x00,
    0x00, 0x00, 0x00, 0x00, 0x00, 0x06, 0xA9, 0x00, 0x00, 0x0B, 0xFF, 0xFE, 0x00, 0x03, 0xFF, 0xFF,
    0xFC, 0x00, 0xFF, 0xFB, 0xFF, 0xE0, 0x2F, 0xF4, 0x02, 0xFF, 0x43, 0xFD, 0x00, 0x0B, 0xFC, 0x7F,
    0xC0, 0x00, 0x3F, 0xCB, 0xF4, 0x00, 0x02, 0xFD, 0xBF, 0x40, 0x00, 0x2F, 0xDB, 0xF4, 0x00, 0x02,
    0xFD, 0xBF, 0x40, 0x00, 0x2F, 0xDB, 0xF8, 0x00, 0x03, 0xFD, 0x7F, 0xC0, 0x00, 0x3F, 0xC3, 0xFE,
    0x00, 0x0F, 0xF8, 0x1F, 0xF9, 0x07, 0xFF, 0x00, 0xBF, 0xFF, 0xFF, 0xD0, 0x02, 0xFF, 0xFF, 0xF4,
    0x00, 0x06, 0xFF, 0xF8, 0x00, 0x00, 0x00, 0x50, 0x00, 0x00, 0x00, 0x00, 0x00, 0x80, 0x00, 0x00,
    0x0F, 0xC0, 0x00, 0x00, 0xFF, 0x00, 0x01, 0x0B, 0xF0, 0x00, 0x2E, 0x2E, 0x00, 0x02, 0xFF, 0x10,
    0x00, 0x3F, 0xFF, 0x00, 0x00, 0xF4, 0x7C, 0x00, 0x00, 0x00, 0x00, 0x00, 0x00, 0x54, 0x00, 0x00,
    0x2F, 0xFF, 0x00, 0x03, 0xFF, 0xFF, 0x40, 0x3F, 0xFF, 0xFF, 0x01, 0xFF, 0x02, 0xFE, 0x0B, 0xF4,
    0x03, 0xFC, 0x3F, 0xC0, 0x0F, 0xF0, 0xFF, 0x00, 0x3F, 0xC3, 0xFC, 0x00, 0xFF, 0x0B, 0xF4, 0x03,
    0xFC, 0x1F, 0xF0, 0x2F, 0xD0, 0x3F, 0xFF, 0xFF, 0x00, 0x3F, 0xFF, 0xF0, 0x00, 0x2F, 0xFE, 0x00,
    0x00, 0x01, 0x40, 0x00, 0x00, 0x00, 0x00, 0x00, 0x00, 0x00, 0x00, 0xF0, 0x00, 0x00, 0x00, 0x3F,
    0x80, 0x00, 0x00, 0x01, 0xFE, 0x00, 0x00, 0x00, 0x43, 0xF4, 0x00, 0x00, 0x1F, 0x4E, 0x00, 0x00,
    0x0B, 0xFD, 0x00, 0x00, 0x02, 0xFF, 0xF4, 0x00, 0x00, 0x1E, 0x0B, 0x00, 0x00, 0x00, 0x00, 0x00,
    0x00, 0x00, 0x06, 0xA9, 0x00, 0x00, 0x0B, 0xFF, 0xFE, 0x00, 0x03, 0xFF, 0xFF, 0xFC, 0x00, 0xFF,
    0xFB, 0xFF, 0xE0, 0x2F, 0xF4, 0x02, 0xFF, 0x43, 0xFD, 0x00, 0x0B, 0xFC, 0x7F, 0xC0, 0x00, 0x3F,
    0xCB, 0xF4, 0x00, 0x02, 0xFD, 0xBF, 0x40, 0x00, 0x2F, 0xDB, 0xF4, 0x00, 0x02, 0xFD, 0xBF, 0x40,
    0x00, 0x2F, 0xDB, 0xF8, 0x00, 0x03, 0xFD, 0x7F, 0xC0, 0x00, 0x3F, 0xC3, 0xFE, 0x00, 0x0F, 0xF8,
    0x1F, 0xF9, 0x07, 0xFF, 0x00, 0xBF, 0xFF, 0xFF, 0xD0, 0x02, 0xFF, 0xFF, 0xF4, 0x00, 0x06, 0xFF,
    0xF8, 0x00, 0x00, 0x00, 0x50, 0x00, 0x00, 0x00, 0x00, 0x40, 0x00, 0x00, 0x2D, 0x00, 0x00, 0x07,
    0xF4, 0x00, 0x00, 0x2F, 0xC0, 0x00, 0x04, 0x7F, 0x00, 0x02, 0xE1, 0xC0, 0x00, 0xBF, 0xC0, 0x00,
    0x3F, 0xFF, 0x00, 0x03, 0xD1, 0xF0, 0x00, 0x00, 0x00, 0x00, 0x00, 0x15, 0x00, 0x00, 0x2F, 0xFF,
    0x00, 0x0F, 0xFF, 0xFD, 0x03, 0xFF, 0xFF, 0xF0, 0x7F, 0xC0, 0xBF, 0x8B, 0xF4, 0x03, 0xFC, 0xFF,
    0x00, 0x3F, 0xCF, 0xF0, 0x03, 0xFC, 0xFF, 0x00, 0x3F, 0xCB, 0xF4, 0x03, 0xFC, 0x7F, 0xC0, 0xBF,
    0x43, 0xFF, 0xFF, 0xF0, 0x0F, 0xFF, 0xFC, 0x00, 0x2F, 0xFE, 0x00, 0x00, 0x05, 0x00, 0x00, 0x00,
    0x00, 0x06, 0xE4, 0x00, 0x00, 0x00, 0x7F, 0xE0, 0x00, 0x00, 0x02, 0x7F, 0x00, 0x00, 0x00, 0x03,
    0xF0, 0x00, 0x00, 0x40, 0xF8, 0x00, 0x00, 0x1F, 0x4A, 0x00, 0x00, 0x0B, 0xFD, 0x00, 0x00, 0x02,
    0xFF, 0xF4, 0x00, 0x00, 0x1E, 0x0B, 0x00, 0x00, 0x00, 0x00, 0x00, 0x00, 0x00, 0x06, 0xA9, 0x00,
    0x00, 0x0B, 0xFF, 0xFE, 0x00, 0x03, 0xFF, 0xFF, 0xFC, 0x00, 0xFF, 0xFB, 0xFF, 0xE0, 0x2F, 0xF4,
    0x02, 0xFF, 0x43, 0xFD, 0x00, 0x0B, 0xFC, 0x7F, 0xC0, 0x00, 0x3F, 0xCB, 0xF4, 0x00, 0x02, 0xFD,
    0xBF, 0x40, 0x00, 0x2F, 0xDB, 0xF4, 0x00, 0x02, 0xFD, 0xBF, 0x40, 0x00, 0x2F, 0xDB, 0xF8, 0x00,
    0x03, 0xFD, 0x7F, 0xC0, 0x00, 0x3F, 0xC3, 0xFE, 0x00, 0x0F, 0xF8, 0x1F, 0xF9, 0x07, 0xFF, 0x00,
    0xBF, 0xFF, 0xFF, 0xD0, 0x02, 0xFF, 0xFF, 0xF4, 0x00, 0x06, 0xFF, 0xF8, 0x00, 0x00, 0x00, 0x50,
    0x00, 0x00, 0x00, 0x00, 0x00, 0x00, 0x00, 0x0B, 0xFC, 0x00, 0x00, 0xBF, 0xE0, 0x00, 0x00, 0x3F,
    0x00, 0x04, 0x0B, 0xD0, 0x02, 0xE1, 0xF0, 0x00, 0xBF, 0xC0, 0x00, 0x3F, 0xFF, 0x00, 0x03, 0xD1,
    0xF0, 0x00, 0x00, 0x00, 0x00, 0x00, 0x15, 0x00, 0x00, 0x2F, 0xFF, 0x00, 0x0F, 0xFF, 0xFD, 0x03,
    0xFF, 0xFF, 0xF0, 0x7F, 0xC0, 0xBF, 0x8B, 0xF4, 0x03, 0xFC, 0xFF, 0x00, 0x3F, 0xCF, 0xF0, 0x03,
    0xFC, 0xFF, 0x00, 0x3F, 0xCB, 0xF4, 0x03, 0xFC, 0x7F, 0xC0, 0xBF, 0x43, 0xFF, 0xFF, 0xF0, 0x0F,
    0xFF, 0xFC, 0x00, 0x2F, 0xFE, 0x00, 0x00, 0x05, 0x00, 0x00, 0x00, 0x00, 0x00, 0x00, 0x00, 0x01,
    0xFD, 0x7C, 0x00, 0x00, 0x7F, 0xFF, 0xC0, 0x00, 0x07, 0xEF, 0xF4, 0x00, 0x00, 0x00, 0x04, 0x00,
    0x00, 0x00, 0x04, 0x00, 0x00, 0x00, 0x01, 0xF4, 0x00, 0x00, 0x00, 0xBF, 0xD0, 0x00, 0x00, 0x2F,
    0xFF, 0x40, 0x00, 0x01, 0xE0, 0xB0, 0x00, 0x00, 0x00, 0x00, 0x00, 0x00, 0x00, 0x6A, 0x90, 0x00,
    0x00, 0xBF, 0xFF, 0xE0, 0x00, 0x3F, 0xFF, 0xFF, 0xC0, 0x0F, 0xFF, 0xBF, 0xFE, 0x02, 0xFF, 0x40,
    0x2F, 0xF4, 0x3F, 0xD0, 0x00, 0xBF, 0xC7, 0xFC, 0x00, 0x03, 0xFC, 0xBF, 0x40, 0x00, 0x2F, 0xDB,
    0xF4, 0x00, 0x02, 0xFD, 0xBF, 0x40, 0x00, 0x2F, 0xDB, 0xF4, 0x00, 0x02, 0xFD, 0xBF, 0x80, 0x00,
    0x3F, 0xD7, 0xFC, 0x00, 0x03, 0xFC, 0x3F, 0xE0, 0x00, 0xFF, 0x81, 0xFF, 0x90, 0x7F, 0xF0, 0x0B,
    0xFF, 0xFF, 0xFD, 0x00, 0x2F, 0xFF, 0xFF, 0x40, 0x00, 0x6F, 0xFF, 0x80, 0x00, 0x00, 0x05, 0x00,
    0x00, 0x01, 0xA4, 0x34, 0x00, 0x7F, 0xFF, 0xC0, 0x0F, 0xFF, 0xF4, 0x00, 0x20, 0x29, 0x00, 0x00,
    0x04, 0x00, 0x00, 0x02, 0xE0, 0x00, 0x00, 0xBF, 0xC0, 0x00, 0x3F, 0xFF, 0x00, 0x03, 0xD1, 0xF0,
    0x00, 0x00, 0x00, 0x00, 0x00, 0x15, 0x00, 0x00, 0x2F, 0xFF, 0x00, 0x0F, 0xFF, 0xFD, 0x03, 0xFF,
    0xFF, 0xF0, 0x7F, 0xC0, 0xBF, 0x8B, 0xF4, 0x03, 0xFC, 0xFF, 0x00, 0x3F, 0xCF, 0xF0, 0x03, 0xFC,
    0xFF, 0x00, 0x3F, 0xCB, 0xF4, 0x03, 0xFC, 0x7F, 0xC0, 0xBF, 0x43, 0xFF, 0xFF, 0xF0, 0x0F, 0xFF,
    0xFC, 0x00, 0x2F, 0xFE, 0x00, 0x00, 0x05, 0x00, 0x00, 0x00, 0x00, 0x40, 0x00, 0x00, 0x00, 0x1F,
    0x40, 0x00, 0x00, 0x0B, 0xFD, 0x00, 0x00, 0x02, 0xFF, 0xF4, 0x00, 0x00, 0x1E, 0x0B, 0x00, 0x00,
    0x00, 0x00, 0x00, 0x00, 0x00, 0x06, 0xA9, 0x00, 0x00, 0x0B, 0xFF, 0xFE, 0x00, 0x03, 0xFF, 0xFF,
    0xFC, 0x00, 0xFF, 0xFB, 0xFF, 0xE0, 0x2F, 0xF4, 0x02, 0xFF, 0x43, 0xFD, 0x00, 0x0B, 0xFC, 0x7F,
    0xC0, 0x00, 0x3F, 0xCB, 0xF4, 0x00, 0x02, 0xFD, 0xBF, 0x40, 0x00, 0x2F, 0xDB, 0xF4, 0x00, 0x02,
    0xFD, 0xBF, 0x40, 0x00, 0x2F, 0xDB, 0xF8, 0x00, 0x03, 0xFD, 0x7F, 0xC0, 0x00, 0x3F, 0xC3, 0xFE,
    0x00, 0x0F, 0xF8, 0x1F, 0xF9, 0x07, 0xFF, 0x00, 0xBF, 0xFF, 0xFF, 0xD0, 0x02, 0xFF, 0xFF, 0xF4,
    0x00, 0x06, 0xFF, 0xF8, 0x00, 0x00, 0x00, 0x50, 0x00, 0x00, 0x00, 0x0A, 0x00, 0x00, 0x00, 0x03,
    0xF8, 0x00, 0x00, 0x00, 0x3F, 0xC0, 0x00, 0x00, 0x02, 0xF4, 0x00, 0x00, 0x00, 0x00, 0x00, 0x00,
    0x00, 0x04, 0x00, 0x00, 0x02, 0xE0, 0x00, 0x00, 0xBF, 0xC0, 0x00, 0x3F, 0xFF, 0x00, 0x03, 0xD1,
    0xF0, 0x00, 0x00, 0x00, 0x00, 0x00, 0x15, 0x00, 0x00, 0x2F, 0xFF, 0x00, 0x0F, 0xFF, 0xFD, 0x03,
    0xFF, 0xFF, 0xF0, 0x7F, 0xC0, 0xBF, 0x8B, 0xF4, 0x03, 0xFC, 0xFF, 0x00, 0x3F, 0xCF, 0xF0, 0x03,
    0xFC, 0xFF, 0x00, 0x3F, 0xCB, 0xF4, 0x03, 0xFC, 0x7F, 0xC0, 0xBF, 0x43, 0xFF, 0xFF, 0xF0, 0x0F,
    0xFF, 0xFC, 0x00, 0x2F, 0xFE, 0x00, 0x00, 0x05, 0x00, 0x00, 0x01, 0x90, 0x00, 0x00, 0x3F, 0x40,
    0x00, 0x07, 0xF8, 0x00, 0x00, 0x3F, 0x00, 0x00, 0x00, 0x00, 0x00, 0x00, 0x00, 0x20, 0x00, 0x00,
    0x00, 0x0B, 0xC0, 0x00, 0x00, 0x02, 0xFD, 0x00, 0x00, 0x00, 0x7F, 0x40, 0x00, 0x00, 0x0B, 0xC0,
    0x0F, 0xD0, 0x00, 0x10, 0x00, 0xFD, 0x00, 0x06, 0xA9, 0x0F, 0xD0, 0x0B, 0xFF, 0xFE, 0xFC, 0x03,
    0xFF, 0xFF, 0xFF, 0x80, 0xFF, 0xFB, 0xFF, 0xF0, 0x2F, 0xF4, 0x02, 0xFF, 0x43, 0xFD, 0x00, 0x0B,
    0xFC, 0x7F, 0xC0, 0x00, 0x3F, 0xCB, 0xF4, 0x00, 0x02, 0xFD, 0xBF, 0x40, 0x00, 0x2F, 0xDB, 0xF4,
    0x00, 0x02, 0xFD, 0xBF, 0x40, 0x00, 0x2F, 0xDB, 0xF8, 0x00, 0x03, 0xFD, 0x7F, 0xC0, 0x00, 0x3F,
    0xC3, 0xFE, 0x00, 0x0F, 0xF8, 0x1F, 0xF9, 0x07, 0xFF, 0x00, 0xBF, 0xFF, 0xFF, 0xD0, 0x02, 0xFF,
    0xFF, 0xF4, 0x00, 0x06, 0xFF, 0xF8, 0x00, 0x00, 0x00, 0x50, 0x00, 0x00, 0x00, 0x02, 0x00, 0x00,
    0x00, 0x3F, 0x00, 0x00, 0x02, 0xFD, 0x00, 0x00, 0x2F, 0xC0, 0x00, 0x00, 0xBC, 0x03, 0xF0, 0x00,
    0x40, 0x0F, 0xC0, 0x01, 0x50, 0x7F, 0x00, 0xBF, 0xFF, 0xF8, 0x0F, 0xFF, 0xFF, 0xC0, 0xFF, 0xFF,
    0xFD, 0x07, 0xFC, 0x0B, 0xF4, 0x2F, 0xD0, 0x0F, 0xF0, 0xFF, 0x00, 0x3F, 0xC3, 0xFC, 0x00, 0xFF,
    0x0F, 0xF0, 0x03, 0xFC, 0x2F, 0xD0, 0x0F, 0xF0, 0x7F, 0xC0, 0xBF, 0x40, 0xFF, 0xFF, 0xFC, 0x00,
    0xFF, 0xFF, 0xC0, 0x00, 0xBF, 0xF8, 0x00, 0x00, 0x05, 0x00, 0x00, 0x00, 0x01, 0x40, 0x00, 0x00,
    0x00, 0xBD, 0x00, 0x00, 0x00, 0x0B, 0xF4, 0x00, 0x00, 0x00, 0x2F, 0xC0, 0x00, 0x00, 0x00, 0x7C,
    0x0F, 0xD0, 0x00, 0x01, 0x00, 0xFD, 0x00, 0x06, 0xA9, 0x0F, 0xD0, 0x0B, 0xFF, 0xFE, 0xFC, 0x03,
    0xFF, 0xFF, 0xFF, 0x80, 0xFF, 0xFB, 0xFF, 0xF0, 0x2F, 0xF4, 0x02, 0xFF, 0x43, 0xFD, 0x00, 0x0B,
    0xFC, 0x7F, 0xC0, 0x00, 0x3F, 0xCB, 0xF4, 0x00, 0x02, 0xFD, 0xBF, 0x40, 0x00, 0x2F, 0xDB, 0xF4,
    0x00, 0x02, 0xFD, 0xBF, 0x40, 0x00, 0x2F, 0xDB, 0xF8, 0x00, 0x03, 0xFD, 0x7F, 0xC0, 0x00, 0x3F,
    0xC3, 0xFE, 0x00, 0x0F, 0xF8, 0x1F, 0xF9, 0x07, 0xFF, 0x00, 0xBF, 0xFF, 0xFF, 0xD0, 0x02, 0xFF,
    0xFF, 0xF4, 0x00, 0x06, 0xFF, 0xF8, 0x00, 0x00, 0x00, 0x50, 0x00, 0x00, 0x00, 0x20, 0x00, 0x00,
    0x03, 0xF0, 0x00, 0x00, 0x0F, 0xF0, 0x00, 0x00, 0x0F, 0xF0, 0x00, 0x00, 0x0B, 0xC3, 0xF0, 0x00,
    0x04, 0x0F, 0xC0, 0x01, 0x50, 0x7F, 0x00, 0xBF, 0xFF, 0xF8, 0x0F, 0xFF, 0xFF, 0xC0, 0xFF, 0xFF,
    0xFD, 0x07, 0xFC, 0x0B, 0xF4, 0x2F, 0xD0, 0x0F, 0xF0, 0xFF, 0x00, 0x3F, 0xC3, 0xFC, 0x00, 0xFF,
    0x0F, 0xF0, 0x03, 0xFC, 0x2F, 0xD0, 0x0F, 0xF0, 0x7F, 0xC0, 0xBF, 0x40, 0xFF, 0xFF, 0xFC, 0x00,
    0xFF, 0xFF, 0xC0, 0x00, 0xBF, 0xF8, 0x00, 0x00, 0x05, 0x00, 0x00, 0x00, 0x0B, 0xE4, 0x00, 0x00,
    0x00, 0xBF, 0xD0, 0x00, 0x00, 0x05, 0xBE, 0x00, 0x00, 0x00, 0x07, 0xD0, 0x00, 0x00, 0x01, 0xF4,
    0x0F, 0xD0, 0x00, 0x1A, 0x00, 0xFD, 0x00, 0x06, 0xA9, 0x0F, 0xD0, 0x0B, 0xFF, 0xFE, 0xFC, 0x03,
    0xFF, 0xFF, 0xFF, 0x80, 0xFF, 0xFB, 0xFF, 0xF0, 0x2F, 0xF4, 0x02, 0xFF, 0x43, 0xFD, 0x00, 0x0B,
    0xFC, 0x7F, 0xC0, 0x00, 0x3F, 0xCB, 0xF4, 0x00, 0x02, 0xFD, 0xBF, 0x40, 0x00, 0x2F, 0xDB, 0xF4,
    0x00, 0x02, 0xFD, 0xBF, 0x40, 0x00, 0x2F, 0xDB, 0xF8, 0x00, 0x03, 0xFD, 0x7F, 0xC0, 0x00, 0x3F,
    0xC3, 0xFE, 0x00, 0x0F, 0xF8, 0x1F, 0xF9, 0x07, 0xFF, 0x00, 0xBF, 0xFF, 0xFF, 0xD0, 0x02, 0xFF,
    0xFF, 0xF4, 0x00, 0x06, 0xFF, 0xF8, 0x00, 0x00, 0x00, 0x50, 0x00, 0x00, 0x00, 0x69, 0x00, 0x00,
    0x03, 0xFF, 0x00, 0x00, 0x0A, 0xFD, 0x00, 0x00, 0x01, 0xF4, 0x00, 0x00, 0x2F, 0x43, 0xF0, 0x00,
    0xB8, 0x0F, 0xC0, 0x01, 0x50, 0x7F, 0x00, 0xBF, 0xFF, 0xF8, 0x0F, 0xFF, 0xFF, 0xC0, 0xFF, 0xFF,
    0xFD, 0x07, 0xFC, 0x0B, 0xF4, 0x2F, 0xD0, 0x0F, 0xF0, 0xFF, 0x00, 0x3F, 0xC3, 0xFC, 0x00, 0xFF,
    0x0F, 0xF0, 0x03, 0xFC, 0x2F, 0xD0, 0x0F, 0xF0, 0x7F, 0xC0, 0xBF, 0x40, 0xFF, 0xFF, 0xFC, 0x00,
    0xFF, 0xFF, 0xC0, 0x00, 0xBF, 0xF8, 0x00, 0x00, 0x05, 0x00, 0x00, 0x00, 0x0A, 0x42, 0x40, 0x00,
    0x03, 0xFF, 0xFD, 0x00, 0x00, 0xBF, 0xFF, 0xC0, 0x00, 0x02, 0x42, 0xA0, 0xFD, 0x00, 0x00, 0x00,
    0x0F, 0xD0, 0x00, 0x6A, 0x90, 0xFD, 0x00, 0xBF, 0xFF, 0xEF, 0xC0, 0x3F, 0xFF, 0xFF, 0xF8, 0x0F,
    0xFF, 0xBF, 0xFF, 0x02, 0xFF, 0x40, 0x2F, 0xF4, 0x3F, 0xD0, 0x00, 0xBF, 0xC7, 0xFC, 0x00, 0x03,
    0xFC, 0xBF, 0x40, 0x00, 0x2F, 0xDB, 0xF4, 0x00, 0x02, 0xFD, 0xBF, 0x40, 0x00, 0x2F, 0xDB, 0xF4,
    0x00, 0x02, 0xFD, 0xBF, 0x80, 0x00, 0x3F, 0xD7, 0xFC, 0x00, 0x03, 0xFC, 0x3F, 0xE0, 0x00, 0xFF,
    0x81, 0xFF, 0x90, 0x7F, 0xF0, 0x0B, 0xFF, 0xFF, 0xFD, 0x00, 0x2F, 0xFF, 0xFF, 0x40, 0x00, 0x6F,
    0xFF, 0x80, 0x00, 0x00, 0x05, 0x00, 0x00, 0x00, 0xA4, 0x20, 0x00, 0x1F, 0xFF, 0xF0, 0x00, 0xFF,
    0xFF, 0x40, 0x00, 0xC1, 0xB4, 0xFC, 0x00, 0x00, 0x03, 0xF0, 0x00, 0x54, 0x1F, 0xC0, 0x2F, 0xFF,
    0xFE, 0x03, 0xFF, 0xFF, 0xF0, 0x3F, 0xFF, 0xFF, 0x41, 0xFF, 0x02, 0xFD, 0x0B, 0xF4, 0x03, 0xFC,
    0x3F, 0xC0, 0x0F, 0xF0, 0xFF, 0x00, 0x3F, 0xC3, 0xFC, 0x00, 0xFF, 0x0B, 0xF4, 0x03, 0xFC, 0x1F,
    0xF0, 0x2F, 0xD0, 0x3F, 0xFF, 0xFF, 0x00, 0x3F, 0xFF, 0xF0, 0x00, 0x2F, 0xFE, 0x00, 0x00, 0x01,
    0x40, 0x00, 0x00, 0x00, 0x00, 0x00, 0x00, 0x00, 0x00, 0x00, 0xFD, 0x00, 0x00, 0x00, 0x0F, 0xD0,
    0x00, 0x6A, 0x90, 0xFD, 0x00, 0xBF, 0xFF, 0xEF, 0xC0, 0x3F, 0xFF, 0xFF, 0xF8, 0x0F, 0xFF, 0xBF,
    0xFF, 0x02, 0xFF, 0x40, 0x2F, 0xF4, 0x3F, 0xD0, 0x00, 0xBF, 0xC7, 0xFC, 0x00, 0x03, 0xFC, 0xBF,
    0x40, 0x00, 0x2F, 0xDB, 0xF4, 0x00, 0x02, 0xFD, 0xBF, 0x40, 0x00, 0x2F, 0xDB, 0xF4, 0x00, 0x02,
    0xFD, 0xBF, 0x80, 0x00, 0x3F, 0xD7, 0xFC, 0x00, 0x03, 0xFC, 0x3F, 0xE0, 0x00, 0xFF, 0x81, 0xFF,
    0x90, 0x7F, 0xF0, 0x0B, 0xFF, 0xFF, 0xFD, 0x00, 0x2F, 0xFF, 0xFF, 0x40, 0x00, 0x6F, 0xFF, 0x80,
    0x00, 0x00, 0x05, 0x00, 0x00, 0x00, 0x00, 0xA0, 0x00, 0x00, 0x00, 0x3F, 0x80, 0x00, 0x00, 0x03,
    0xFC, 0x00, 0x00, 0x00, 0x2F, 0x40, 0x00, 0x00, 0x00, 0x00, 0x00, 0x00, 0x00, 0x00, 0x03, 0xF0,
    0x00, 0x00, 0x0F, 0xC0, 0x01, 0x50, 0x7F, 0x00, 0xBF, 0xFF, 0xF8, 0x0F, 0xFF, 0xFF, 0xC0, 0xFF,
    0xFF, 0xFD, 0x07, 0xFC, 0x0B, 0xF4, 0x2F, 0xD0, 0x0F, 0xF0, 0xFF, 0x00, 0x3F, 0xC3, 0xFC, 0x00,
    0xFF, 0x0F, 0xF0, 0x03, 0xFC, 0x2F, 0xD0, 0x0F, 0xF0, 0x7F, 0xC0, 0xBF, 0x40, 0xFF, 0xFF, 0xFC,
    0x00, 0xFF, 0xFF, 0xC0, 0x00, 0xBF, 0xF8, 0x00, 0x00, 0x05, 0x00, 0x00, 0x00, 0x64, 0x00, 0x00,
    0x03, 0xF4, 0x00, 0x00, 0x1F, 0xE0, 0x00, 0x00, 0x3F, 0x00, 0x00, 0x00, 0x00, 0x00, 0x00, 0x15,
    0x00, 0x01, 0x55, 0xFE, 0x00, 0x0F, 0xF7, 0xF8, 0x00, 0x3F, 0xDF, 0xE0, 0x00, 0xFF, 0x7F, 0x80,
    0x03, 0xFD, 0xFE, 0x00, 0x0F, 0xF7, 0xF8, 0x00, 0x3F, 0xDF, 0xE0, 0x00, 0xFF, 0x7F, 0x80, 0x03,
    0xFD, 0xFE, 0x00, 0x0F, 0xF7, 0xF8, 0x00, 0x3F, 0xCF, 0xE0, 0x00, 0xFF, 0x3F, 0xC0, 0x03, 0xFC,
    0xFF, 0x00, 0x1F, 0xE2, 0xFF, 0x41, 0xFF, 0x43, 0xFF, 0xFF, 0xFC, 0x07, 0xFF, 0xFF, 0xC0, 0x07,
    0xFF, 0xF8, 0x00, 0x00, 0x54, 0x00, 0x00, 0x00, 0xA0, 0x00, 0x00, 0x0F, 0xE0, 0x00, 0x00, 0x3F,
    0xC0, 0x00, 0x00, 0xBD, 0x00, 0x00, 0x00, 0x00, 0x00, 0x00, 0x00, 0x00, 0x7F, 0x40, 0xFF, 0x7F,
    0x40, 0xFF, 0x7F, 0x40, 0xFF, 0x7F, 0x40, 0xFF, 0x7F, 0x40, 0xFF, 0x7F, 0x40, 0xFF, 0x7F, 0x40,
    0xFF, 0x7F, 0x40, 0xFF, 0x7F, 0x80, 0xFF, 0x3F, 0xC0, 0xFF, 0x3F, 0xFF, 0xFF, 0x0F, 0xFF, 0xFF,
    0x03, 0xFF, 0xFE, 0x00, 0x04, 0x00, 0x00, 0x19, 0x00, 0x00, 0x7F, 0x00, 0x00, 0xBF, 0x40, 0x00,
    0x3F, 0x00, 0x00, 0x00, 0x00, 0x00, 0x2F, 0x90, 0x00, 0x00, 0xFF, 0xD0, 0x00, 0x01, 0x6F, 0x80,
    0x00, 0x00, 0x7D, 0x00, 0x00, 0x07, 0xD0, 0x00, 0x00, 0x1A, 0x00, 0x01, 0x50, 0x00, 0x15, 0x5F,
    0xE0, 0x00, 0xFF, 0x7F, 0x80, 0x03, 0xFD, 0xFE, 0x00, 0x0F, 0xF7, 0xF8, 0x00, 0x3F, 0xDF, 0xE0,
    0x00, 0xFF, 0x7F, 0x80, 0x03, 0xFD, 0xFE, 0x00, 0x0F, 0xF7, 0xF8, 0x00, 0x3F, 0xDF, 0xE0, 0x00,
    0xFF, 0x7F, 0x80, 0x03, 0xFC, 0xFE, 0x00, 0x0F, 0xF3, 0xFC, 0x00, 0x3F, 0xCF, 0xF0, 0x01, 0xFE,
    0x2F, 0xF4, 0x1F, 0xF4, 0x3F, 0xFF, 0xFF, 0xC0, 0x7F, 0xFF, 0xFC, 0x00, 0x7F, 0xFF, 0x80, 0x00,
    0x05, 0x40, 0x00, 0x00, 0xA9, 0x00, 0x01, 0xFF, 0x80, 0x00, 0xAF, 0xC0, 0x00, 0x0B, 0xC0, 0x00,
    0x3F, 0x40, 0x00, 0x3D, 0x00, 0x00, 0x00, 0x00, 0x7F, 0x40, 0xFF, 0x7F, 0x40, 0xFF, 0x7F, 0x40,
    0xFF, 0x7F, 0x40, 0xFF, 0x7F, 0x40, 0xFF, 0x7F, 0x40, 0xFF, 0x7F, 0x40, 0xFF, 0x7F, 0x40, 0xFF,
    0x7F, 0x80, 0xFF, 0x3F, 0xC0, 0xFF, 0x3F, 0xFF, 0xFF, 0x0F, 0xFF, 0xFF, 0x03, 0xFF, 0xFE, 0x00,
    0x04, 0x00, 0x00, 0x00, 0x50, 0x00, 0x00, 0x00, 0x1F, 0x80, 0x00, 0x00, 0x03, 0xF8, 0x00, 0x00,
    0x00, 0xFE, 0x00, 0x00, 0x00, 0x0F, 0x40, 0x07, 0xF0, 0x00, 0x10, 0x00, 0xBF, 0x15, 0x00, 0x01,
    0x6F, 0xF7, 0xF8, 0x00, 0x3F, 0xFD, 0x7F, 0x80, 0x03, 0xFF, 0x47, 0xF8, 0x00, 0x3F, 0xC0, 0x7F,
    0x80, 0x03, 0xFC, 0x07, 0xF8, 0x00, 0x3F, 0xC0, 0x7F, 0x80, 0x03, 0xFC, 0x07, 0xF8, 0x00, 0x3F,
    0xC0, 0x7F, 0x80, 0x03, 0xFC, 0x07, 0xF8, 0x00, 0x3F, 0xC0, 0x7F, 0x80, 0x03, 0xFC, 0x03, 0xF8,
    0x00, 0x3F, 0xC0, 0x3F, 0xC0, 0x03, 0xFC, 0x03, 0xFC, 0x00, 0x7F, 0x80, 0x2F, 0xF4, 0x1F, 0xF4,
    0x00, 0xFF, 0xFF, 0xFF, 0x00, 0x07, 0xFF, 0xFF, 0xC0, 0x00, 0x1F, 0xFF, 0xE0, 0x00, 0x00, 0x05,
    0x40, 0x00, 0x00, 0x00, 0x02, 0x00, 0x00, 0x00, 0x3F, 0x00, 0x00, 0x03, 0xFC, 0x00, 0x00, 0x3F,
    0xC0, 0x00, 0x00, 0xF8, 0x00, 0xF8, 0x00, 0x40, 0x03, 0xF0, 0x00, 0x00, 0x2F, 0xDF, 0xD0, 0x3F,
    0xFD, 0x7F, 0x40, 0xFF, 0xD1, 0xFD, 0x03, 0xFC, 0x07, 0xF4, 0x0F, 0xF0, 0x1F, 0xD0, 0x3F, 0xC0,
    0x7F, 0x40, 0xFF, 0x01, 0xFD, 0x03, 0xFC, 0x07, 0xF4, 0x0F, 0xF0, 0x1F, 0xE0, 0x3F, 0xC0, 0x3F,
    0xC0, 0xFF, 0x00, 0xFF, 0xFF, 0xFC, 0x00, 0xFF, 0xFF, 0xF0, 0x00, 0xFF, 0xFF, 0x80, 0x00, 0x04,
    0x00, 0x00, 0x00, 0x08, 0x00, 0x00, 0x00, 0x03, 0xF0, 0x00, 0x00, 0x00, 0x7F, 0x80, 0x00, 0x00,
    0x00, 0xFE, 0x00, 0x00, 0x00, 0x03, 0xE0, 0x07, 0xF0, 0x00, 0x04, 0x00, 0xBF, 0x15, 0x00, 0x01,
    0x6F, 0xF7, 0xF8, 0x00, 0x3F, 0xFD, 0x7F, 0x80, 0x03, 0xFF, 0x47, 0xF8, 0x00, 0x3F, 0xC0, 0x7F,
    0x80, 0x03, 0xFC, 0x07, 0xF8, 0x00, 0x3F, 0xC0, 0x7F, 0x80, 0x03, 0xFC, 0x07, 0xF8, 0x00, 0x3F,
    0xC0, 0x7F, 0x80, 0x03, 0xFC, 0x07, 0xF8, 0x00, 0x3F, 0xC0, 0x7F, 0x80, 0x03, 0xFC, 0x03, 0xF8,
    0x00, 0x3F, 0xC0, 0x3F, 0xC0, 0x03, 0xFC, 0x03, 0xFC, 0x00, 0x7F, 0x80, 0x2F, 0xF4, 0x1F, 0xF4,
    0x00, 0xFF, 0xFF, 0xFF, 0x00, 0x07, 0xFF, 0xFF, 0xC0, 0x00, 0x1F, 0xFF, 0xE0, 0x00, 0x00, 0x05,
    0x40, 0x00, 0x00, 0x00, 0x90, 0x00, 0x00, 0x0B, 0xD0, 0x00, 0x00, 0x3F, 0xC0, 0x00, 0x00, 0x2F,
    0xC0, 0x00, 0x00, 0x1F, 0x00, 0xF8, 0x00, 0x10, 0x03, 0xF0, 0x00, 0x00, 0x2F, 0xDF, 0xD0, 0x3F,
    0xFD, 0x7F, 0x40, 0xFF, 0xD1, 0xFD, 0x03, 0xFC, 0x07, 0xF4, 0x0F, 0xF0, 0x1F, 0xD0, 0x3F, 0xC0,
    0x7F, 0x40, 0xFF, 0x01, 0xFD, 0x03, 0xFC, 0x07, 0xF4, 0x0F, 0xF0, 0x1F, 0xE0, 0x3F, 0xC0, 0x3F,
    0xC0, 0xFF, 0x00, 0xFF, 0xFF, 0xFC, 0x00, 0xFF, 0xFF, 0xF0, 0x00, 0xFF, 0xFF, 0x80, 0x00, 0x04,
    0x00, 0x00, 0x00, 0x2F, 0x90, 0x00, 0x00, 0x03, 0xFF, 0x40, 0x00, 0x00, 0x16, 0xF8, 0x00, 0x00,
    0x00, 0x1F, 0x40, 0x00, 0x00, 0x07, 0xD0, 0x07, 0xF0, 0x00, 0x68, 0x00, 0xBF, 0x15, 0x00, 0x01,
    0x6F, 0xF7, 0xF8, 0x00, 0x3F, 0xFD, 0x7F, 0x80, 0x03, 0xFF, 0x47, 0xF8, 0x00, 0x3F, 0xC0, 0x7F,
    0x80, 0x03, 0xFC, 0x07, 0xF8, 0x00, 0x3F, 0xC0, 0x7F, 0x80, 0x03, 0xFC, 0x07, 0xF8, 0x00, 0x3F,
    0xC0, 0x7F, 0x80, 0x03, 0xFC, 0x07, 0xF8, 0x00, 0x3F, 0xC0, 0x7F, 0x80, 0x03, 0xFC, 0x03, 0xF8,
    0x00, 0x3F, 0xC0, 0x3F, 0xC0, 0x03, 0xFC, 0x03, 0xFC, 0x00, 0x7F, 0x80, 0x2F, 0xF4, 0x1F, 0xF4,
    0x00, 0xFF, 0xFF, 0xFF, 0x00, 0x07, 0xFF, 0xFF, 0xC0, 0x00, 0x1F, 0xFF, 0xE0, 0x00, 0x00, 0x05,
    0x40, 0x00, 0x00, 0x00, 0xA9, 0x00, 0x00, 0x07, 0xFE, 0x00, 0x00, 0x0A, 0xFC, 0x00, 0x00, 0x02,
    0xF0, 0x00, 0x00, 0x3F, 0x40, 0xF8, 0x00, 0xF4, 0x03, 0xF0, 0x00, 0x00, 0x2F, 0xDF, 0xD0, 0x3F,
    0xFD, 0x7F, 0x40, 0xFF, 0xD1, 0xFD, 0x03, 0xFC, 0x07, 0xF4, 0x0F, 0xF0, 0x1F, 0xD0, 0x3F, 0xC0,
    0x7F, 0x40, 0xFF, 0x01, 0xFD, 0x03, 0xFC, 0x07, 0xF4, 0x0F, 0xF0, 0x1F, 0xE0, 0x3F, 0xC0, 0x3F,
    0xC0, 0xFF, 0x00, 0xFF, 0xFF, 0xFC, 0x00, 0xFF, 0xFF, 0xF0, 0x00, 0xFF, 0xFF, 0x80, 0x00, 0x04,
    0x00, 0x00, 0x00, 0x29, 0x09, 0x00, 0x00, 0x0F, 0xFF, 0xF4, 0x00, 0x02, 0xFF, 0xFE, 0x00, 0x00,
    0x09, 0x0A, 0x40, 0x7F, 0x00, 0x00, 0x00, 0x0B, 0xF1, 0x50, 0x00, 0x16, 0xFF, 0x7F, 0x80, 0x03,
    0xFF, 0xD7, 0xF8, 0x00, 0x3F, 0xF4, 0x7F, 0x80, 0x03, 0xFC, 0x07, 0xF8, 0x00, 0x3F, 0xC0, 0x7F,
    0x80, 0x03, 0xFC, 0x07, 0xF8, 0x00, 0x3F, 0xC0, 0x7F, 0x80, 0x03, 0xFC, 0x07, 0xF8, 0x00, 0x3F,
    0xC0, 0x7F, 0x80, 0x03, 0xFC, 0x07, 0xF8, 0x00, 0x3F, 0xC0, 0x3F, 0x80, 0x03, 0xFC, 0x03, 0xFC,
    0x00, 0x3F, 0xC0, 0x3F, 0xC0, 0x07, 0xF8, 0x02, 0xFF, 0x41, 0xFF, 0x40, 0x0F, 0xFF, 0xFF, 0xF0,
    0x00, 0x7F, 0xFF, 0xFC, 0x00, 0x01, 0xFF, 0xFE, 0x00, 0x00, 0x00, 0x54, 0x00, 0x00, 0x01, 0xA0,
    0x20, 0x00, 0x1F, 0xFF, 0xF0, 0x00, 0xFF, 0xFF, 0x00, 0x01, 0xC1, 0xA4, 0x3E, 0x00, 0x00, 0x00,
    0xFC, 0x00, 0x00, 0x0B, 0xF7, 0xF4, 0x0F, 0xFF, 0x5F, 0xD0, 0x3F, 0xF4, 0x7F, 0x40, 0xFF, 0x01,
    0xFD, 0x03, 0xFC, 0x07, 0xF4, 0x0F, 0xF0, 0x1F, 0xD0, 0x3F, 0xC0, 0x7F, 0x40, 0xFF, 0x01, 0xFD,
    0x03, 0xFC, 0x07, 0xF8, 0x0F, 0xF0, 0x0F, 0xF0, 0x3F, 0xC0, 0x3F, 0xFF, 0xFF, 0x00, 0x3F, 0xFF,
    0xFC, 0x00, 0x3F, 0xFF, 0xE0, 0x00, 0x01, 0x00, 0x00, 0x00, 0x00, 0x00, 0x00, 0x00, 0x00, 0x00,
    0x00, 0x7F, 0x00, 0x00, 0x00, 0x0B, 0xF1, 0x50, 0x00, 0x16, 0xFF, 0x7F, 0x80, 0x03, 0xFF, 0xD7,
    0xF8, 0x00, 0x3F, 0xF4, 0x7F, 0x80, 0x03, 0xFC, 0x07, 0xF8, 0x00, 0x3F, 0xC0, 0x7F, 0x80, 0x03,
    0xFC, 0x07, 0xF8, 0x00, 0x3F, 0xC0, 0x7F, 0x80, 0x03, 0xFC, 0x07, 0xF8, 0x00, 0x3F, 0xC0, 0x7F,
    0x80, 0x03, 0xFC, 0x07, 0xF8, 0x00, 0x3F, 0xC0, 0x3F, 0x80, 0x03, 0xFC, 0x03, 0xFC, 0x00, 0x3F,
    0xC0, 0x3F, 0xC0, 0x07, 0xF8, 0x02, 0xFF, 0x41, 0xFF, 0x40, 0x0F, 0xFF, 0xFF, 0xF0, 0x00, 0x7F,
    0xFF, 0xFC, 0x00, 0x01, 0xFF, 0xFE, 0x00, 0x00, 0x00, 0x54, 0x00, 0x00, 0x00, 0x02, 0x80, 0x00,
    0x00, 0x00, 0xFE, 0x00, 0x00, 0x00, 0x0F, 0xF0, 0x00, 0x00, 0x00, 0xBD, 0x00, 0x00, 0x00, 0x00,
    0x00, 0x00, 0x00, 0x00, 0x00, 0x00, 0xF8, 0x00, 0x00, 0x03, 0xF0, 0x00, 0x00, 0x2F, 0xDF, 0xD0,
    0x3F, 0xFD, 0x7F, 0x40, 0xFF, 0xD1, 0xFD, 0x03, 0xFC, 0x07, 0xF4, 0x0F, 0xF0, 0x1F, 0xD0, 0x3F,
    0xC0, 0x7F, 0x40, 0xFF, 0x01, 0xFD, 0x03, 0xFC, 0x07, 0xF4, 0x0F, 0xF0, 0x1F, 0xE0, 0x3F, 0xC0,
    0x3F, 0xC0, 0xFF, 0x00, 0xFF, 0xFF, 0xFC, 0x00, 0xFF, 0xFF, 0xF0, 0x00, 0xFF, 0xFF, 0x80, 0x00,
    0x04, 0x00, 0x00, 0x00, 0x64, 0x00, 0x00, 0x07, 0xF0, 0x00, 0x00, 0x2F, 0xD0, 0x00, 0x00, 0x3F,
    0x00, 0x00, 0x00, 0x00, 0x00, 0x00, 0x00, 0x09, 0x00, 0x00, 0x00, 0x0B, 0xD0, 0x00, 0x00, 0x03,
    0xFC, 0x00, 0x00, 0x00, 0x2F, 0xC0, 0x00, 0x00, 0x02, 0xF0, 0x00, 0x00, 0x00, 0x20, 0x00, 0x00,
    0x00, 0x00, 0x00, 0x02, 0xFF, 0x00, 0x03, 0xFC, 0x3F, 0xD0, 0x02, 0xFE, 0x07, 0xFC, 0x00, 0xFF,
    0x00, 0xFF, 0x40, 0xFF, 0x40, 0x1F, 0xF0, 0x7F, 0xC0, 0x03, 0xFE, 0x3F, 0xD0, 0x00, 0x3F, 0xFF,
    0xE0, 0x00, 0x0B, 0xFF, 0xF0, 0x00, 0x00, 0xFF, 0xF4, 0x00, 0x00, 0x1F, 0xFC, 0x00, 0x00, 0x03,
    0xFD, 0x00, 0x00, 0x00, 0xBF, 0x00, 0x00, 0x00, 0x2F, 0xC0, 0x00, 0x00, 0x0B, 0xF0, 0x00, 0x00,
    0x02, 0xFC, 0x00, 0x00, 0x00, 0xBF, 0x00, 0x00, 0x00, 0x2F, 0xC0, 0x00, 0x00, 0x60, 0x00, 0x00,
    0x2F, 0x40, 0x00, 0x02, 0xFD, 0x00, 0x00, 0x0B, 0xF0, 0x00, 0x00, 0x2F, 0x40, 0x00, 0x00, 0x90,
    0x00, 0x00, 0x00, 0x00, 0x0B, 0xF4, 0x02, 0xFD, 0x7F, 0x80, 0x3F, 0xC3, 0xFC, 0x03, 0xF8, 0x2F,
    0xC0, 0x7F, 0x41, 0xFE, 0x0B, 0xF0, 0x0F, 0xF0, 0xFE, 0x00, 0xBF, 0x0F, 0xD0, 0x03, 0xFA, 0xFC,
    0x00, 0x3F, 0xFF, 0x80, 0x01, 0xFF, 0xF0, 0x00, 0x0F, 0xFE, 0x00, 0x00, 0x7F, 0xD0, 0x00, 0x03,
    0xFC, 0x00, 0x00, 0x3F, 0x40, 0x00, 0x0F, 0xF0, 0x00, 0x7F, 0xFD, 0x00, 0x0B, 0xFF, 0x80, 0x00,
    0xBF, 0xD0, 0x00, 0x00, 0x55, 0x00, 0x00, 0x55, 0x1F, 0xF0, 0x00, 0x7F, 0xC3, 0xFE, 0x00, 0x3F,
    0xD0, 0x7F, 0xC0, 0x1F, 0xF0, 0x0F, 0xF8, 0x0F, 0xF4, 0x01, 0xFF, 0x07, 0xFC, 0x00, 0x2F, 0xE3,
    0xFC, 0x00, 0x03, 0xFE, 0xFE, 0x00, 0x00, 0x7F, 0xFF, 0x00, 0x00, 0x0F, 0xFF, 0x40, 0x00, 0x00,
    0xFF, 0x80, 0x00, 0x00, 0x2F, 0xD0, 0x00, 0x00, 0x0B, 0xF0, 0x00, 0x00, 0x02, 0xFC, 0x00, 0x00,
    0x00, 0xBF, 0x00, 0x00, 0x00, 0x2F, 0xC0, 0x00, 0x00, 0x0B, 0xF0, 0x00, 0x00, 0x02, 0xFC, 0x00,
    0x00, 0x00, 0x00, 0x00, 0x00, 0x00, 0x0A, 0x40, 0x00, 0x00, 0x0B, 0xF0, 0x00, 0x00, 0x02, 0xFC,
    0x00, 0x00, 0x00, 0x7E, 0x00, 0x00, 0x00, 0x00, 0x00, 0x00, 0x00, 0x00, 0x00, 0x02, 0xFD, 0x00,
    0xBF, 0x03, 0xF8, 0x03, 0xFC, 0x0F, 0xF0, 0x0F, 0xE0, 0x2F, 0xD0, 0x7F, 0x40, 0x3F, 0x82, 0xFC,
    0x00, 0xFF, 0x0F, 0xE0, 0x01, 0xFD, 0x7F, 0x00, 0x03, 0xFA, 0xFC, 0x00, 0x0B, 0xFF, 0xD0, 0x00,
    0x0F, 0xFF, 0x00, 0x00, 0x2F, 0xF8, 0x00, 0x00, 0x7F, 0xC0, 0x00, 0x00, 0xFF, 0x00, 0x00, 0x07,
    0xF4, 0x00, 0x1A, 0xBF, 0xC1, 0xF8, 0xBF, 0xFC, 0x0F, 0xF2, 0xFF, 0xD0, 0x2F, 0xC1, 0xA4, 0x00,
    0x28, 0x00, 0x00, 0x1B, 0x90, 0x00, 0x00, 0x07, 0xFE, 0x00, 0x00, 0x00, 0x9F, 0xC0, 0x00, 0x00,
    0x03, 0xF0, 0x00, 0x00, 0x03, 0xE0, 0x00, 0x00, 0x00, 0xA4, 0x00, 0x05, 0x50, 0x00, 0x05, 0x51,
    0xFF, 0x00, 0x07, 0xFC, 0x3F, 0xE0, 0x03, 0xFD, 0x07, 0xFC, 0x01, 0xFF, 0x00, 0xFF, 0x80, 0xFF,
    0x40, 0x1F, 0xF0, 0x7F, 0xC0, 0x02, 0xFE, 0x3F, 0xC0, 0x00, 0x3F, 0xEF, 0xE0, 0x00, 0x07, 0xFF,
    0xF0, 0x00, 0x00, 0xFF, 0xF4, 0x00, 0x00, 0x0F, 0xF8, 0x00, 0x00, 0x02, 0xFD, 0x00, 0x00, 0x00,
    0xBF, 0x00, 0x00, 0x00, 0x2F, 0xC0, 0x00, 0x00, 0x0B, 0xF0, 0x00, 0x00, 0x02, 0xFC, 0x00, 0x00,
    0x00, 0xBF, 0x00, 0x00, 0x00, 0x2F, 0xC0, 0x00, 0x00, 0x69, 0x00, 0x00, 0x0F, 0xFC, 0x00, 0x00,
    0x6F, 0xE0, 0x00, 0x00, 0x3E, 0x00, 0x00, 0x1F, 0x80, 0x00, 0x01, 0xF0, 0x00, 0x00, 0x00, 0x00,
    0x0B, 0xF4, 0x02, 0xFC, 0x3F, 0x80, 0x3F, 0xC3, 0xFC, 0x03, 0xF8, 0x2F, 0xD0, 0x7F, 0x40, 0xFE,
    0x0B, 0xF0, 0x0F, 0xF0, 0xFE, 0x00, 0x7F, 0x5F, 0xC0, 0x03, 0xFA, 0xFC, 0x00, 0x2F, 0xFF, 0x40,
    0x00, 0xFF, 0xF0, 0x00, 0x0B, 0xFE, 0x00, 0x00, 0x7F, 0xC0, 0x00, 0x03, 0xFC, 0x00, 0x00, 0x7F,
    0x40, 0x06, 0xAF, 0xF0, 0x00, 0xBF, 0xFC, 0x00, 0x0B, 0xFF, 0x40, 0x00, 0x1A, 0x40, 0x00, 0x00,
    0x00, 0x00, 0x00, 0x00, 0x00, 0x0B, 0x91, 0xC0, 0x00, 0x0B, 0xFF, 0xF8, 0x00, 0x03, 0xFF, 0xFC,
    0x00, 0x00, 0x20, 0x68, 0x00, 0x00, 0x00, 0x00, 0x00, 0x05, 0x50, 0x00, 0x05, 0x51, 0xFF, 0x00,
    0x07, 0xFC, 0x3F, 0xE0, 0x03, 0xFD, 0x07, 0xFC, 0x01, 0xFF, 0x00, 0xFF, 0x80, 0xFF, 0x40, 0x1F,
    0xF0, 0x7F, 0xC0, 0x02, 0xFE, 0x3F, 0xC0, 0x00, 0x3F, 0xEF, 0xE0, 0x00, 0x07, 0xFF, 0xF0, 0x00,
    0x00, 0xFF, 0xF4, 0x00, 0x00, 0x0F, 0xF8, 0x00, 0x00, 0x02, 0xFD, 0x00, 0x00, 0x00, 0xBF, 0x00,
    0x00, 0x00, 0x2F, 0xC0, 0x00, 0x00, 0x0B, 0xF0, 0x00, 0x00, 0x02, 0xFC, 0x00, 0x00, 0x00, 0xBF,
    0x00, 0x00, 0x00, 0x2F, 0xC0, 0x00, 0x00, 0xA4, 0x24, 0x00, 0x3F, 0xFF, 0xD0, 0x0B, 0xFF, 0xF8,
    0x00, 0x24, 0x2E, 0x00, 0x00, 0x00, 0x00, 0x00, 0x00, 0x00, 0x00, 0xBF, 0x40, 0x2F, 0xC3, 0xF8,
    0x03, 0xFC, 0x3F, 0xC0, 0x3F, 0x82, 0xFD, 0x07, 0xF4, 0x0F, 0xE0, 0xBF, 0x00, 0xFF, 0x0F, 0xE0,
    0x07, 0xF5, 0xFC, 0x00, 0x3F, 0xAF, 0xC0, 0x02, 0xFF, 0xF4, 0x00, 0x0F, 0xFF, 0x00, 0x00, 0xBF,
    0xE0, 0x00, 0x07, 0xFC, 0x00, 0x00, 0x3F, 0xC0, 0x00, 0x07, 0xF4, 0x00, 0x6A, 0xFF, 0x00, 0x0B,
    0xFF, 0xC0, 0x00, 0xBF, 0xF4, 0x00, 0x01, 0xA4, 0x00, 0x00, 0x55, 0x55, 0x55, 0x55, 0x55, 0x55,
    0x55, 0x55, 0x55, 0x00, 0x06, 0x09, 0x2A, 0x80, 0xF0, 0x2F, 0x86, 0x59, 0x05, 0x00, 0x50, 0x05,
    0x00, 0x50, 0x05, 0x00, 0x50, 0x05, 0x00, 0x50, 0x05, 0x00, 0x50, 0x05, 0x00, 0x50, 0x05, 0x00,
    0x00, 0x00, 0x09, 0x00, 0x0D, 0x1F, 0xFC, 0x50, 0xD1, 0x49, 0x05, 0x00, 0x14, 0x00, 0x50, 0x01,
    0x40, 0x05, 0x00, 0x14, 0x00, 0x50, 0x01, 0x40, 0x05, 0x00, 0x14, 0x00, 0x50, 0x01, 0x40, 0x05,
    0x00, 0x00, 0x00, 0x00, 0x18, 0x01, 0xC0, 0x0F, 0xFD, 0x1C, 0x14, 0x18, 0x50, 0x01, 0x40, 0x05,
    0x00, 0x14, 0x00, 0x50, 0x01, 0x40, 0x05, 0x00, 0x14, 0x00, 0x50, 0x01, 0x40, 0x05, 0x00, 0x14,
    0x00, 0x50, 0x01, 0x40, 0x7F, 0xFD, 0x7F, 0xFD, 0x7F, 0xFD, 0x00, 0x00, 0x7F, 0xFD, 0x7F, 0xFD,
    0x3F, 0xFC, 0xFF, 0xFF, 0xFF, 0xBF, 0xFF, 0xFF, 0xEF, 0xFF, 0xFF, 0xF8, 0xFF, 0xFF, 0xFF, 0xFF,
    0xFF, 0xFF, 0xFF, 0xFF, 0xFF, 0xFF, 0xFF, 0xFF, 0xFF, 0xFF, 0xFF, 0xFF, 0xFF, 0xFF, 0xFC, 0xFF,
    0xFF, 0xFF, 0xFF, 0xFF, 0xFF, 0xFF, 0xFF, 0xFF, 0xFF, 0xFF, 0xFF, 0xFF, 0xFF, 0xFF, 0xFF, 0xFF,
    0xFF, 0xFC, 0x1E, 0x4F, 0xD7, 0xF2, 0xFC, 0xFE, 0x3F, 0x8F, 0xE0, 0x2F, 0xC2, 0xFC, 0x2F, 0xC3,
    0xF8, 0x3F, 0x47, 0xF0, 0x6D, 0x00, 0x2F, 0xC2, 0xFC, 0x2F, 0xC3, 0xF8, 0x3F, 0x47, 0xF0, 0x6D,
    0x00, 0x1E, 0x43, 0xD3, 0xF4, 0xBE, 0x7F, 0x0F, 0xDB, 0xE1, 0xFC, 0xFE, 0x2F, 0xCF, 0xE2, 0xFC,
    0xFE, 0x2F, 0xC0, 0x2F, 0xC3, 0xF4, 0xBF, 0x0F, 0xD2, 0xFC, 0x7F, 0x0F, 0xE1, 0xFC, 0x3F, 0x4B,
    0xE1, 0xFC, 0x3F, 0x06, 0xD0, 0xB8, 0x00, 0x2F, 0xC3, 0xF4, 0xBF, 0x0F, 0xD2, 0xFC, 0x7F, 0x0F,
    0xE1, 0xFC, 0x3F, 0x4B, 0xE1, 0xFC, 0x3F, 0x06, 0xD0, 0xB8, 0x00, 0x00, 0x7E, 0x00, 0x00, 0x7E,
    0x00, 0x00, 0x7E, 0x00, 0x00, 0x7E, 0x00, 0x00, 0x7E, 0x00, 0x3F, 0xFF, 0xFD, 0x3F, 0xFF, 0xFD,
    0x3F, 0xFF, 0xFD, 0x00, 0x7E, 0x00, 0x00, 0x7E, 0x00, 0x00, 0x7E, 0x00, 0x00, 0x7E, 0x00, 0x00,
    0x7E, 0x00, 0x00, 0x7E, 0x00, 0x00, 0x7E, 0x00, 0x00, 0x7E, 0x00, 0x00, 0x7E, 0x00, 0x00, 0x3E,
    0x00, 0x00, 0x3D, 0x00, 0x00, 0x3D, 0x00, 0x00, 0x3D, 0x00, 0x00, 0x7E, 0x00, 0x00, 0x7E, 0x00,
    0x00, 0x7E, 0x00, 0x00, 0x7E, 0x00, 0x00, 0x7E, 0x00, 0x3F, 0xFF, 0xFD, 0x3F, 0xFF, 0xFD, 0x3F,
    0xFF, 0xFD, 0x00, 0x7E, 0x00, 0x00, 0x7E, 0x00, 0x00, 0x7E, 0x00, 0x00, 0x7E, 0x00, 0x3F, 0xFF,
    0xFD, 0x3F, 0xFF, 0xFD, 0x3F, 0xFF, 0xFD, 0x00, 0x7E, 0x00, 0x00, 0x7E, 0x00, 0x00, 0x3E, 0x00,
    0x00, 0x3D, 0x00, 0x00, 0x3D, 0x00, 0x00, 0x3D, 0x00, 0x07, 0xF4, 0x07, 0xFF, 0x43, 0xFF, 0xF0,
    0xFF, 0xFC, 0x3F, 0xFF, 0x07, 0xFF, 0x40, 0x7F, 0x40, 0x2F, 0x40, 0x0B, 0x80, 0x07, 0xE1, 0xFF,
    0x00, 0xBF, 0x80, 0x3F, 0xD7, 0xFC, 0x03, 0xFF, 0x00, 0xFF, 0x5F, 0xF0, 0x0B, 0xF8, 0x03, 0xFD,
    0x2F, 0x40, 0x0B, 0x80, 0x07, 0xE0, 0x02, 0xFE, 0x00, 0x0B, 0xF0, 0x00, 0x00, 0x00, 0x03, 0xFF,
    0xF0, 0x07, 0xF0, 0x00, 0x00, 0x00, 0x03, 0xF4, 0xBD, 0x03, 0xF8, 0x00, 0x00, 0x00, 0x00, 0xFC,
    0x0F, 0x81, 0xFC, 0x00, 0x00, 0x00, 0x00, 0x3E, 0x03, 0xE0, 0xFD, 0x00, 0x00, 0x00, 0x00, 0x0F,
    0xC0, 0xF8, 0xBF, 0x00, 0x00, 0x00, 0x00, 0x03, 0xF4, 0xBD, 0x3F, 0x40, 0x00, 0x00, 0x00, 0x00,
    0x3F, 0xFF, 0x2F, 0xC0, 0x00, 0x00, 0x00, 0x00, 0x02, 0xFE, 0x1F, 0xC2, 0xFE, 0x00, 0x2F, 0xE0,
    0x00, 0x00, 0x0F, 0xE3, 0xFF, 0xF0, 0x3F, 0xFF, 0x00, 0x00, 0x07, 0xF1, 0xF8, 0x7E, 0x1F, 0x87,
    0xF0, 0x00, 0x03, 0xF4, 0xBC, 0x0F, 0xCB, 0xC0, 0xFC, 0x00, 0x02, 0xFC, 0x3F, 0x03, 0xF2, 0xF0,
    0x2F, 0x00, 0x00, 0xFD, 0x0B, 0xC0, 0xFC, 0xBC, 0x0F, 0xC0, 0x00, 0xBE, 0x01, 0xF8, 0x7E, 0x1F,
    0x87, 0xF0, 0x00, 0x7F, 0x00, 0x3F, 0xFF, 0x03, 0xFF, 0xF0, 0x00, 0x3F, 0x80, 0x02, 0xFE, 0x00,
    0x2F, 0xE0, 0x00, 0x00, 0x00, 0x00, 0xF4, 0x02, 0xFC, 0x07, 0xF8, 0x0F, 0xF0, 0x3F, 0xD0, 0x7F,
    0xC0, 0x3F, 0xD0, 0x0F, 0xF0, 0x07, 0xF8, 0x02, 0xFC, 0x00, 0xF4, 0x00, 0x00, 0x00, 0x00, 0x1F,
    0x00, 0x3F, 0xC0, 0x1F, 0xE0, 0x0F, 0xF4, 0x07, 0xFC, 0x03, 0xFD, 0x07, 0xFC, 0x0F, 0xF4, 0x1F,
    0xE0, 0x3F, 0xC0, 0x1F, 0x00, 0x00, 0x00, 0x00, 0x00, 0x05, 0x40, 0x00, 0x03, 0xF8, 0x00, 0x00,
    0x7F, 0x00, 0x00, 0x0F, 0xE0, 0x00, 0x01, 0xFC, 0x00, 0x00, 0x3F, 0x80, 0x00, 0x07, 0xF0, 0x00,
    0x00, 0xFE, 0x00, 0x00, 0x1F, 0xC0, 0x00, 0x03, 0xF8, 0x00, 0x00, 0x7F, 0x00, 0x00, 0x0F, 0xE0,
    0x00, 0x01, 0xFC, 0x00, 0x00, 0x3F, 0x80, 0x00, 0x07, 0xF0, 0x00, 0x00, 0xFD, 0x00, 0x00, 0x1F,
    0xC0, 0x00, 0x03, 0xF4, 0x00, 0x00, 0x00, 0x00, 0xBF, 0x43, 0xFF, 0x0F, 0xFC, 0x3F, 0xD0, 0x14,
    0x00, 0x00, 0x00, 0x00, 0x00, 0x00, 0x00, 0x00, 0x00, 0x0F, 0xF0, 0x3F, 0xC0, 0xBF, 0x41, 0xFE,
    0x03, 0xF8, 0x0F, 0xF0, 0x1F, 0xC0, 0x15, 0x00, 0x0B, 0xF8, 0x0B, 0xFF, 0x83, 0xE2, 0xF5, 0xF0,
    0x3E, 0xBC, 0x0F, 0xAF, 0x03, 0xE7, 0xC0, 0xF8, 0xF8, 0xBD, 0x2F, 0xFE, 0x02, 0xFE, 0x00, 0x00,
    0x7E, 0x00, 0x3F, 0x80, 0x3F, 0xE0, 0x2E, 0xF8, 0x1F, 0x3E, 0x0F, 0x4F, 0x87, 0xFF, 0xFA, 0xFF,
    0xFE, 0x00, 0x3E, 0x00, 0x0F, 0x80, 0x0F, 0xFF, 0x07, 0xFF, 0xC1, 0xF0, 0x00, 0x7C, 0x00, 0x2F,
    0xF8, 0x0B, 0xFF, 0xC0, 0x03, 0xF0, 0x40, 0xFC, 0x3F, 0xFE, 0x0B, 0xFE, 0x00, 0x00, 0x7E, 0x01,
    0xFF, 0x80, 0xFD, 0x00, 0xFC, 0x00, 0x3F, 0xFC, 0x0F, 0xFF, 0xC3, 0xD1, 0xF4, 0xF8, 0x7D, 0x1F,
    0xFF, 0x01, 0xFE, 0x00, 0x7F, 0xFF, 0x5F, 0xFF, 0xD0, 0x03, 0xF0, 0x02, 0xF4, 0x00, 0xFC, 0x00,
    0xBD, 0x00, 0x3F, 0x00, 0x0F, 0x80, 0x07, 0xD0, 0x02, 0xF4, 0x00, 0x0B, 0xF8, 0x0F, 0xFF, 0xC3,
    0xE1, 0xF4, 0xF8, 0x7C, 0x1F, 0xFD, 0x0B, 0xFF, 0xC7, 0xD1, 0xF5, 0xF4, 0x7E, 0x3F, 0xFF, 0x02,
    0xFE, 0x40, 0x0B, 0xF8, 0x0B, 0xFF, 0x83, 0xD1, 0xF0, 0xF4, 0x7D, 0x3F, 0xFF, 0x42, 0xFF, 0xC0,
    0x03, 0xF0, 0x07, 0xF4, 0x2F, 0xF8, 0x07, 0xE0, 0x00, 0x0B, 0xF8, 0x0B, 0xFF, 0x83, 0xE2, 0xF5,
    0xF0, 0x3E, 0xBC, 0x0F, 0xAF, 0x03, 0xE7, 0xC0, 0xF8, 0xF8, 0xBD, 0x2F, 0xFE, 0x02, 0xFE, 0x00,
    0x00, 0xFC, 0x2F, 0xF3, 0xFF, 0xC6, 0x3F, 0x00, 0xFC, 0x03, 0xF0, 0x0F, 0xC0, 0x3F, 0x00, 0xFC,
    0x03, 0xF0, 0x0B, 0xF4, 0x1F, 0xFF, 0x42, 0x47, 0xE0, 0x01, 0xF8, 0x01, 0xFD, 0x01, 0xFE, 0x00,
    0xFE, 0x00, 0xBE, 0x00, 0x3F, 0xFF, 0x0F, 0xFF, 0xC0, 0x1F, 0xF4, 0x3F, 0xFC, 0x14, 0x7D, 0x00,
    0x7D, 0x07, 0xFC, 0x07, 0xFE, 0x00, 0x3F, 0x10, 0x3F, 0x7F, 0xFE, 0x2F, 0xF4, 0x00, 0x7E, 0x00,
    0x3F, 0x80, 0x3F, 0xE0, 0x2E, 0xF8, 0x1F, 0x3E, 0x0F, 0x4F, 0x87, 0xFF, 0xFA, 0xFF, 0xFE, 0x00,
    0x3E, 0x00, 0x0F, 0x80, 0x0F, 0xFF, 0x07, 0xFF, 0xC1, 0xF0, 0x00, 0x7C, 0x00, 0x2F, 0xF8, 0x0B,
    0xFF, 0xC0, 0x03, 0xF0, 0x40, 0xFC, 0x3F, 0xFE, 0x0B, 0xFE, 0x00, 0x00, 0x7E, 0x01, 0xFF, 0x80,
    0xFD, 0x00, 0xFC, 0x00, 0x3F, 0xFC, 0x0F, 0xFF, 0xC3, 0xD1, 0xF4, 0xF8, 0x7D, 0x1F, 0xFF, 0x01,
    0xFE, 0x00, 0x7F, 0xFF, 0x5F, 0xFF, 0xD0, 0x03, 0xF0, 0x02, 0xF4, 0x00, 0xFC, 0x00, 0xBD, 0x00,
    0x3F, 0x00, 0x0F, 0x80, 0x07, 0xD0, 0x02, 0xF4, 0x00, 0x0B, 0xF8, 0x0F, 0xFF, 0xC3, 0xE1, 0xF4,
    0xF8, 0x7C, 0x1F, 0xFD, 0x0B, 0xFF, 0xC7, 0xD1, 0xF5, 0xF4, 0x7E, 0x3F, 0xFF, 0x02, 0xFE, 0x40,
    0x0B, 0xF8, 0x0B, 0xFF, 0x83, 0xD1, 0xF0, 0xF4, 0x7D, 0x3F, 0xFF, 0x42, 0xFF, 0xC0, 0x03, 0xF0,
    0x07, 0xF4, 0x2F, 0xF8, 0x07, 0xE0, 0x00, 0x3F, 0xFF, 0xF9, 0x03, 0xFC, 0xFF, 0xFF, 0xFD, 0x0F,
    0xF3, 0xFF, 0xFF, 0xFC, 0x3F, 0xCF, 0xE0, 0x02, 0xF0, 0xFF, 0x3F, 0x80, 0x07, 0xC3, 0xFC, 0xFE,
    0x1F, 0x1F, 0x0F, 0xF3, 0xF8, 0x7C, 0x7C, 0x3F, 0xCF, 0xE1, 0xF1, 0xF0, 0xFF, 0x3F, 0x87, 0xC7,
    0xC3, 0xF8, 0xFE, 0x1F, 0x1F, 0x0F, 0xE3, 0xF8, 0x7C, 0x00, 0x7F, 0x8F, 0xE1, 0xF0, 0x03, 0xFD,
    0x3F, 0x87, 0xFF, 0xFF, 0xF0, 0xFE, 0x1F, 0xFF, 0xFF, 0x03, 0xF8, 0x7F, 0xFF, 0xD0, 0x00, 0x00,
    0x0B, 0xFE, 0x40, 0x07, 0xFF, 0xF4, 0x01, 0xFF, 0xFF, 0x00, 0x3F, 0xD0, 0x10, 0x07, 0xF4, 0x00,
    0x00, 0xFF, 0x00, 0x00, 0xFF, 0xFF, 0xFC, 0x0F, 0xFF, 0xFF, 0xC0, 0x1F, 0xD0, 0x00, 0x01, 0xFD,
    0x00, 0x00, 0xFF, 0xFF, 0xF4, 0x0F, 0xFF, 0xFF, 0x00, 0x0F, 0xF0, 0x00, 0x00, 0xBF, 0x80, 0x14,
    0x03, 0xFF, 0xFF, 0x80, 0x0F, 0xFF, 0xFC, 0x00, 0x1B, 0xFE, 0x40, 0xBF, 0xFF, 0xFF, 0xFB, 0xFF,
    0xFF, 0xFF, 0xBF, 0xFF, 0xFF, 0xF0, 0x03, 0xFC, 0x00, 0x00, 0x3F, 0xC4, 0x00, 0x03, 0xFF, 0xE0,
    0x00, 0x3F, 0xFF, 0x00, 0x0B, 0xFF, 0x40, 0x07, 0xFF, 0xC0, 0x00, 0x7F, 0xFD, 0xD0, 0x01, 0x3F,
    0xFF, 0x00, 0x03, 0xFF, 0xE0, 0x02, 0xFF, 0xD0, 0x00, 0xBF, 0xFC, 0x00, 0x03, 0xBF, 0xC0, 0x00,
    0x03, 0xFC, 0x00, 0x00, 0x3F, 0xC0, 0x00, 0x01, 0xBF, 0xE0, 0x00, 0xFF, 0xFF, 0xD0, 0x07, 0xFF,
    0xFF, 0x00, 0x24, 0x0B, 0xF4, 0x7F, 0xFF, 0xFF, 0xE7, 0xFF, 0xFF, 0xFE, 0x7F, 0xFF, 0xFF, 0xE0,
    0x07, 0xFF, 0x00, 0x02, 0xFF, 0x40, 0x07, 0xFF, 0xFF, 0xFE, 0x7F, 0xFF, 0xFF, 0xE7, 0xFF, 0xFF,
    0xFE, 0x1F, 0xC0, 0x00, 0x01, 0xFF, 0x00, 0x70, 0x0F, 0xFF, 0xFF, 0x40, 0x3F, 0xFF, 0xFC, 0x00,
    0xBF, 0xF9, 0x00, 0xFF, 0xFF, 0xFF, 0xFF, 0xFF, 0xFF, 0xFE, 0xFF, 0xFF, 0xFF, 0xD0, 0x00, 0xBF,
    0x80, 0x00, 0x03, 0xFC, 0x0F, 0xFF, 0xFF, 0xFC, 0xFF, 0xFF, 0xFF, 0xC0, 0x00, 0x3F, 0xC0, 0x00,
    0x2F, 0xF4, 0x0F, 0xFF, 0xFE, 0x00, 0xFF, 0xFF, 0x80, 0x0F, 0xFF, 0x80, 0x00, 0x7F, 0xD0, 0x00,
    0x00, 0xFF, 0x80, 0x00, 0x03, 0xFE, 0x00, 0x00, 0x0B, 0xFC, 0x00, 0x00, 0x2F, 0xE0, 0x00, 0x02,
    0xFF, 0xE0, 0x00, 0x0F, 0xFF, 0xF4, 0x00, 0x3F, 0xFF, 0xF4, 0x00, 0x40, 0x2F, 0xF0, 0x00, 0x00,
    0x1F, 0xD0, 0x00, 0x00, 0x3F, 0x80, 0x06, 0xFE, 0xFF, 0x00, 0xFF, 0xFF, 0xFC, 0x0F, 0xFF, 0xFF,
    0xF0, 0x7F, 0xC0, 0x7F, 0xC3, 0xFC, 0x00, 0xBF, 0x0F, 0xE0, 0x03, 0xFC, 0x3F, 0x40, 0x0F, 0xE0,
    0xFE, 0x00, 0xBF, 0x03, 0xFD, 0x0B, 0xFC, 0x07, 0xFF, 0xFF, 0xC0, 0x07, 0xFF, 0xFC, 0x00, 0x02,
    0xFF, 0x40, 0x00, 0x00, 0x03, 0xF8, 0x00, 0x00, 0x00, 0xBF, 0xC0, 0x00, 0x00, 0x0F, 0xFD, 0x00,
    0x00, 0x02, 0xFF, 0xF0, 0x00, 0x00, 0x3F, 0xFF, 0x40, 0x00, 0x07, 0xF3, 0xFC, 0x00, 0x00, 0xFF,
    0x2F, 0xC0, 0x00, 0x1F, 0xD0, 0xFE, 0x00, 0x02, 0xFC, 0x0F, 0xF0, 0x00, 0x3F, 0x80, 0x7F, 0x40,
    0x07, 0xF4, 0x03, 0xFC, 0x00, 0xFF, 0x00, 0x3F, 0xC0, 0x0F, 0xE0, 0x01, 0xFE, 0x02, 0xFD, 0x00,
    0x0F, 0xF0, 0x3F, 0xFF, 0xFF, 0xFF, 0x07, 0xFF, 0xFF, 0xFF, 0xF8, 0xBF, 0xFF, 0xFF, 0xFF, 0xC0,
    0xFF, 0xFF, 0xFF, 0xF7, 0xFF, 0xFF, 0xFF, 0xDF, 0xFF, 0xFF, 0xFF, 0x7F, 0xC0, 0x02, 0xFD, 0xFF,
    0x00, 0x0B, 0xF7, 0xFC, 0x00, 0x2F, 0xDF, 0xF0, 0x00, 0xBF, 0x7F, 0xC0, 0x02, 0xFD, 0xFF, 0x00,
    0x0B, 0xF7, 0xFC, 0x00, 0x2F, 0xDF, 0xF0, 0x00, 0xBF, 0x7F, 0xC0, 0x02, 0xFD, 0xFF, 0x00, 0x0B,
    0xF7, 0xFC, 0x00, 0x2F, 0xDF, 0xF0, 0x00, 0xBF, 0x7F, 0xC0, 0x02, 0xFD, 0xFF, 0x00, 0x0B, 0xF7,
    0xFC, 0x00, 0x2F, 0xDF, 0xF0, 0x00, 0xBF, 0x7F, 0xC0, 0x02, 0xFD, 0xFF, 0x00, 0x0B, 0xF4, 0xBF,
    0xFF, 0xFF, 0xCB, 0xFF, 0xFF, 0xFC, 0x7F, 0xFF, 0xFF, 0xC2, 0xFE, 0x00, 0x00, 0x0F, 0xF4, 0x00,
    0x00, 0x7F, 0xC0, 0x00, 0x02, 0xFE, 0x00, 0x00, 0x0F, 0xF4, 0x00, 0x00, 0x3F, 0xC0, 0x00, 0x02,
    0xFE, 0x00, 0x00, 0x3F, 0xC0, 0x00, 0x0F, 0xF4, 0x00, 0x02, 0xFF, 0x00, 0x00, 0x3F, 0xC0, 0x00,
    0x0F, 0xF4, 0x00, 0x01, 0xFF, 0x00, 0x00, 0x3F, 0xD0, 0x00, 0x0B, 0xFF, 0xFF, 0xFC, 0xBF, 0xFF,
    0xFF, 0xCB, 0xFF, 0xFF, 0xFC, 0xFF, 0xFF, 0xFF, 0xFF, 0xFF, 0xFF, 0xFF, 0xFF, 0xFF, 0x00, 0x00,
    0x05, 0x40, 0x00, 0x03, 0xF8, 0x00, 0x00, 0x7F, 0x00, 0x00, 0x0F, 0xE0, 0x00, 0x01, 0xFC, 0x00,
    0x00, 0x3F, 0x80, 0x00, 0x07, 0xF0, 0x00, 0x00, 0xFE, 0x00, 0x00, 0x1F, 0xC0, 0x00, 0x03, 0xF8,
    0x00, 0x00, 0x7F, 0x00, 0x00, 0x0F, 0xE0, 0x00, 0x01, 0xFC, 0x00, 0x00, 0x3F, 0x80, 0x00, 0x07,
    0xF0, 0x00, 0x00, 0xFD, 0x00, 0x00, 0x1F, 0xC0, 0x00, 0x03, 0xF4, 0x00, 0x00, 0x1F, 0x43, 0xFC,
    0x3F, 0xD3, 0xFC, 0x1F, 0x40, 0x00, 0x00, 0x00, 0xFF, 0x00, 0x00, 0x00, 0xFD, 0x00, 0x00, 0x01,
    0xFC, 0x00, 0x00, 0x02, 0xF8, 0x00, 0x00, 0x03, 0xF4, 0x00, 0x00, 0x07, 0xF0, 0x00, 0x00, 0x0B,
    0xE0, 0x00, 0x00, 0x0F, 0xD0, 0x01, 0xB0, 0x1F, 0xC0, 0x2F, 0xF4, 0x2F, 0x80, 0x3F, 0xFC, 0x3F,
    0x40, 0x3F, 0xFD, 0x3F, 0x00, 0x14, 0xFE, 0xBE, 0x00, 0x00, 0xBF, 0xFD, 0x00, 0x00, 0x3F, 0xFC,
    0x00, 0x00, 0x1F, 0xF8, 0x00, 0x00, 0x0F, 0xF4, 0x00, 0x00, 0x0B, 0xF0, 0x00, 0x07, 0xF4, 0x2F,
    0xD0, 0x2F, 0xFE, 0xBF, 0xF4, 0x3F, 0xFF, 0xFF, 0xFC, 0x3F, 0x0F, 0xE0, 0xFC, 0x3F, 0x0F, 0xF0,
    0xFC, 0x3F, 0xFF, 0xFF, 0xFC, 0x2F, 0xFE, 0xBF, 0xF4, 0x07, 0xF4, 0x2F, 0xD0, 0x00, 0x00, 0x00,
    0x01, 0xFF, 0x00, 0xBF, 0xF0, 0x1F, 0xFF, 0x02, 0xFE, 0x00, 0x3F, 0xC0, 0x03, 0xFC, 0x00, 0x3F,
    0xC0, 0x03, 0xFC, 0x00, 0x3F, 0xC0, 0x03, 0xFC, 0x00, 0x3F, 0xC0, 0x03, 0xFC, 0x00, 0x3F, 0xC0,
    0x03, 0xFC, 0x00, 0x3F, 0xC0, 0x03, 0xFC, 0x00, 0x3F, 0xC0, 0x03, 0xFC, 0x00, 0x3F, 0xC0, 0x07,
    0xF8, 0x0F, 0xFF, 0x40, 0xFF, 0xE0, 0x0F, 0xF4, 0x00, 0x00, 0x00, 0x00, 0x07, 0xF4, 0x03, 0x81,
    0xFF, 0xF4, 0xBD, 0x3F, 0xFF, 0xFF, 0xC3, 0xE0, 0xBF, 0xF4, 0x2C, 0x01, 0xFD, 0x00, 0x00, 0x00,
    0x00, 0x07, 0xF4, 0x03, 0x81, 0xFF, 0xF4, 0xBD, 0x3F, 0xFF, 0xFF, 0xC3, 0xF0, 0xBF, 0xF4, 0x2D,
    0x01, 0xFD, 0x00, 0x00, 0x00, 0xA0, 0x00, 0x00, 0xF8, 0x00, 0x02, 0xF0, 0xFF, 0xFF, 0xFF, 0xFF,
    0xFF, 0xFF, 0xFF, 0xFF, 0xFF, 0x00, 0x3F, 0x00, 0x00, 0xBC, 0x00, 0xFF, 0xFF, 0xFF, 0xFF, 0xFF,
    0xFF, 0xFF, 0xFF, 0xFF, 0x0F, 0xC0, 0x00, 0x1F, 0x40, 0x00, 0x06, 0x00, 0x00, 0x00, 0x00, 0x6C,
    0x01, 0xBF, 0xFD, 0xBF, 0xFF, 0xFE, 0xFF, 0xFF, 0xFF, 0xFF, 0xFF, 0x90, 0xFF, 0xD0, 0x00, 0xFF,
    0xFF, 0x90, 0xFF, 0xFF, 0xFF, 0xBF, 0xFF, 0xFE, 0x01, 0xBF, 0xFD, 0x00, 0x00, 0x6C, 0x00, 0x00,
    0x00, 0xFF, 0xFF, 0xFF, 0xFF, 0xFF, 0xFF, 0xFF, 0xFF, 0xFF, 0x39, 0x40, 0x00, 0x3F, 0xFE, 0x40,
    0x7F, 0xFF, 0xFE, 0xBF, 0xFF, 0xFF, 0x06, 0xFF, 0xFF, 0x00, 0x07, 0xFF, 0x06, 0xFF, 0xFF, 0xBF,
    0xFF, 0xFF, 0x7F, 0xFF, 0xFF, 0x3F, 0xFE, 0x40, 0x3A, 0x40, 0x00, 0x00, 0x00, 0x00, 0xFF, 0xFF,
    0xFF, 0xFF, 0xFF, 0xFF, 0xFF, 0xFF, 0xFF, 0x01, 0xFF, 0x90, 0x0B, 0xFE, 0x03, 0xFF, 0xF4, 0x1F,
    0xFF, 0xC2, 0xFF, 0xFC, 0x0F, 0xFF, 0xE0, 0xFF, 0x41, 0x07, 0xF8, 0x00, 0x3F, 0x80, 0x02, 0xFC,
    0x00, 0x0F, 0xD0, 0x00, 0xFF, 0x00, 0x07, 0xFF, 0xFC, 0x3F, 0xFF, 0xE1, 0xFF, 0xFF, 0x0F, 0xFF,
    0xF8, 0x7F, 0xFF, 0xC3, 0xFF, 0xFE, 0x1F, 0xD0, 0x00, 0xFF, 0x00, 0x07, 0xF4, 0x00, 0x3F, 0xC0,
    0x01, 0xFD, 0x00, 0x0F, 0xF0, 0x00, 0x7F, 0x40, 0x03, 0xFC, 0x00, 0x1F, 0xD0, 0x00, 0xFF, 0x00,
    0x07, 0xF4, 0x00, 0x3F, 0xC0, 0x01, 0xFD, 0x00, 0x0F, 0xF0, 0x00, 0x7F, 0x40, 0x03, 0xFC, 0x00,
    0x1F, 0xD0, 0x00, 0xFF, 0x00, 0x07, 0xF4, 0x00, 0x3F, 0xC0, 0x00, 0x01, 0xFF, 0x81, 0xF4, 0x0F,
    0xFF, 0xC3, 0xFC, 0x2F, 0xFF, 0xC3, 0xFC, 0x3F, 0xD0, 0x01, 0xF4, 0x3F, 0x80, 0x00, 0x00, 0x3F,
    0x40, 0x00, 0x00, 0x7F, 0xFF, 0xC3, 0xFC, 0x7F, 0xFF, 0xC3, 0xFC, 0x7F, 0xFF, 0xC3, 0xFC, 0x7F,
    0x40, 0x03, 0xFC, 0x7F, 0x40, 0x03, 0xFC, 0x7F, 0x40, 0x03, 0xFC, 0x7F, 0x40, 0x03, 0xFC, 0x7F,
    0x40, 0x03, 0xFC, 0x7F, 0x40, 0x03, 0xFC, 0x7F, 0x40, 0x03, 0xFC, 0x7F, 0x40, 0x03, 0xFC, 0x7F,
    0x40, 0x03, 0xFC, 0x7F, 0x40, 0x03, 0xFC, 0x01, 0xFF, 0x81, 0xBC, 0x00, 0xFF, 0xFC, 0x3F, 0xC0,
    0x2F, 0xFF, 0xC3, 0xFC, 0x03, 0xFD, 0x00, 0x3F, 0xC0, 0x3F, 0x80, 0x03, 0xFC, 0x03, 0xF4, 0x00,
    0x3F, 0xC0, 0x7F, 0xFF, 0xC3, 0xFC, 0x07, 0xFF, 0xFC, 0x3F, 0xC0, 0x7F, 0xFF, 0xC3, 0xFC, 0x07,
    0xF4, 0x00, 0x3F, 0xC0, 0x7F, 0x40, 0x03, 0xFC, 0x07, 0xF4, 0x00, 0x3F, 0xC0, 0x7F, 0x40, 0x03,
    0xFC, 0x07, 0xF4, 0x00, 0x3F, 0xC0, 0x7F, 0x40, 0x02, 0xFC, 0x07, 0xF4, 0x00, 0x2F, 0xE0, 0x7F,
    0x40, 0x01, 0xFF, 0xC7, 0xF4, 0x00, 0x0F, 0xFC, 0x7F, 0x40, 0x00, 0x2F, 0x80, 0x01, 0xFF, 0x90,
    0x0B, 0xFD, 0x0B, 0xC0, 0xFF, 0xFD, 0x07, 0xFF, 0xE2, 0xFE, 0x2F, 0xFF, 0xC0, 0xFF, 0xFD, 0x2F,
    0xE3, 0xFD, 0x04, 0x1F, 0xE0, 0x00, 0xBC, 0x3F, 0x80, 0x02, 0xFC, 0x00, 0x00, 0x03, 0xF4, 0x00,
    0x3F, 0xC0, 0x00, 0x00, 0x7F, 0xFF, 0xC3, 0xFF, 0xFE, 0x1F, 0xD7, 0xFF, 0xFC, 0x3F, 0xFF, 0xE1,
    0xFD, 0x7F, 0xFF, 0xC3, 0xFF, 0xFE, 0x1F, 0xD7, 0xF4, 0x00, 0x3F, 0xC0, 0x01, 0xFD, 0x7F, 0x40,
    0x03, 0xFC, 0x00, 0x1F, 0xD7, 0xF4, 0x00, 0x3F, 0xC0, 0x01, 0xFD, 0x7F, 0x40, 0x03, 0xFC, 0x00,
    0x1F, 0xD7, 0xF4, 0x00, 0x3F, 0xC0, 0x01, 0xFD, 0x7F, 0x40, 0x03, 0xFC, 0x00, 0x1F, 0xD7, 0xF4,
    0x00, 0x3F, 0xC0, 0x01, 0xFD, 0x7F, 0x40, 0x03, 0xFC, 0x00, 0x1F, 0xD7, 0xF4, 0x00, 0x3F, 0xC0,
    0x01, 0xFD, 0x7F, 0x40, 0x03, 0xFC, 0x00, 0x1F, 0xD0, 0x01, 0xFF, 0x90, 0x0B, 0xFD, 0x0A, 0xD0,
    0x0F, 0xFF, 0xD0, 0x7F, 0xFE, 0x1F, 0xD0, 0x2F, 0xFF, 0xC0, 0xFF, 0xFD, 0x1F, 0xD0, 0x3F, 0xD0,
    0x41, 0xFE, 0x00, 0x1F, 0xD0, 0x3F, 0x80, 0x02, 0xFC, 0x00, 0x1F, 0xD0, 0x3F, 0x40, 0x03, 0xFC,
    0x00, 0x1F, 0xD0, 0x7F, 0xFF, 0xC3, 0xFF, 0xFE, 0x1F, 0xD0, 0x7F, 0xFF, 0xC3, 0xFF, 0xFE, 0x1F,
    0xD0, 0x7F, 0xFF, 0xC3, 0xFF, 0xFE, 0x1F, 0xD0, 0x7F, 0x40, 0x03, 0xFC, 0x00, 0x1F, 0xD0, 0x7F,
    0x40, 0x03, 0xFC, 0x00, 0x1F, 0xD0, 0x7F, 0x40, 0x03, 0xFC, 0x00, 0x1F, 0xD0, 0x7F, 0x40, 0x03,
    0xFC, 0x00, 0x1F, 0xD0, 0x7F, 0x40, 0x03, 0xFC, 0x00, 0x1F, 0xD0, 0x7F, 0x40, 0x03, 0xFC, 0x00,
    0x1F, 0xE0, 0x7F, 0x40, 0x03, 0xFC, 0x00, 0x0F, 0xF0, 0x7F, 0x40, 0x03, 0xFC, 0x00, 0x0F, 0xFD,
    0x7F, 0x40, 0x03, 0xFC, 0x00, 0x07, 0xFC, 0x7F, 0x40, 0x03, 0xFC, 0x00, 0x01, 0xBC, 0x00, 0x00,
    0x00, 0x00, 0x00, 0x00, 0x00, 0x00, 0x00, 0x00, 0x00, 0x1B, 0x41, 0x90, 0x00, 0x00, 0x00, 0x0F,
    0xE0, 0xBE, 0x00, 0x00, 0x00, 0x02, 0xFC, 0x3F, 0x40, 0x00, 0x00, 0x00, 0x7F, 0x0F, 0xD0, 0x00,
    0x00, 0x00, 0x0F, 0xD3, 0xF4, 0x00, 0x00, 0x00, 0x03, 0xF4, 0xFF, 0x00, 0x00, 0x00, 0x02, 0xFD,
    0x3F, 0xF9, 0x00, 0x00, 0x1B, 0xFF, 0x07, 0xFF, 0xFF, 0xFF, 0xFF, 0xFF, 0x80, 0xBF, 0xFF, 0xFF,
    0xFF, 0xFF, 0x80, 0x02, 0xFF, 0xFF, 0xFF, 0xFD, 0x00, 0x00, 0x01, 0x6A, 0x95, 0x40, 0x00, 0x00,
    0x00, 0x00, 0x00, 0x00, 0x00, 0x00, 0x00, 0x00, 0x91, 0x80, 0x00, 0x00, 0x00, 0x00, 0xFC, 0xF8,
    0x00, 0x00, 0x00, 0x00, 0x2F, 0x3E, 0x00, 0x00, 0x00, 0x00, 0x00, 0x10, 0x00, 0x00, 0x00, 0x00,
    0x00, 0x3E, 0x00, 0x00, 0x00, 0x00, 0x00, 0x0F, 0xC0, 0x00, 0x00, 0x00, 0x00, 0x00, 0x40, 0x00,
    0x00, 0x00, 0x19, 0x00, 0x00, 0x00, 0x00, 0x00, 0x00, 0x00, 0xBE, 0x00, 0x00, 0x00, 0x00, 0x00,
    0x00, 0x03, 0xF4, 0x00, 0x00, 0x00, 0x00, 0x78, 0x00, 0x0F, 0xD0, 0x00, 0x00, 0x00, 0x03, 0xFC,
    0x00, 0x3F, 0x40, 0x00, 0x00, 0x00, 0x3F, 0xE0, 0x00, 0xFF, 0x00, 0x00, 0x00, 0x0B, 0xFF, 0xC0,
    0x03, 0xFF, 0x90, 0x00, 0x16, 0xFF, 0xFF, 0xD5, 0x07, 0xFF, 0xFF, 0xFF, 0xFF, 0xFE, 0xFF, 0xFD,
    0x0B, 0xFF, 0xFF, 0xFF, 0xFF, 0xD1, 0xFF, 0xF8, 0x02, 0xFF, 0xFF, 0xFF, 0xE0, 0x00, 0xBF, 0xC0,
    0x00, 0x16, 0xA5, 0x40, 0x00, 0x00, 0x00, 0x00, 0x00, 0x00, 0x00, 0x00, 0x00, 0x00, 0x00, 0x00,
    0x00, 0x19, 0x18, 0x00, 0x00, 0x00, 0x00, 0x00, 0x00, 0xFC, 0xF8, 0x00, 0x00, 0x00, 0x00, 0x00,
    0x03, 0xE3, 0xD0, 0x00, 0x00, 0x00, 0x00, 0x00, 0x00, 0x50, 0x00, 0x00, 0x00, 0x00, 0x00, 0x00,
    0x03, 0xE0, 0x00, 0x00, 0x00, 0x00, 0x00, 0x00, 0x0F, 0x80, 0x00, 0x00, 0x00, 0x00, 0x00, 0x00,
    0x04, 0x00, 0x00, 0x00, 0x00, 0x00, 0x00, 0x64, 0x03, 0xF8, 0x03, 0xFC, 0x02, 0xFC, 0x01, 0xFD,
    0x00, 0xFD, 0x00, 0xFD, 0x00, 0xFD, 0x5B, 0xFD, 0xFF, 0xFC, 0xFF, 0xF0, 0xFF, 0x80, 0x00, 0x00,
    0x00, 0x00, 0x28, 0x24, 0x7D, 0xBC, 0x7C, 0xBC, 0x01, 0x40, 0x0B, 0xC0, 0x0B, 0xC0, 0x01, 0x00,
    0x00, 0x54, 0x00, 0x00, 0x3F, 0x40, 0x00, 0x0F, 0xD0, 0x00, 0x07, 0xF0, 0x00, 0x03, 0xFD, 0x00,
    0x17, 0xFF, 0xE5, 0x0F, 0xFF, 0xFF, 0xF3, 0xFF, 0x7F, 0xFC, 0xFE, 0x07, 0xFE, 0x00, 0x00, 0x00,
    0x00, 0x00, 0x00, 0x00, 0x24, 0x64, 0x00, 0x2F, 0x3F, 0x00, 0x07, 0xCB, 0x80, 0x00, 0x04, 0x00,
    0x00, 0x0F, 0xC0, 0x00, 0x03, 0xF0, 0x00, 0x00, 0x10, 0x00, 0x00, 0x00, 0x00, 0x0A, 0x00, 0x00,
    0x00, 0x00, 0x00, 0x02, 0xC0, 0x00, 0x00, 0x00, 0x00, 0x00, 0xBB, 0xD0, 0x00, 0x00, 0x00, 0x00,
    0x2F, 0xBC, 0x00, 0x00, 0x00, 0x00, 0x0B, 0x4B, 0x00, 0x00, 0x00, 0x00, 0x0B, 0xFF, 0x80, 0x00,
    0x00, 0x00, 0x02, 0xBE, 0x40, 0x00, 0x00, 0x00, 0x00, 0x00, 0x00, 0x01, 0xB4, 0x19, 0x00, 0x00,
    0x00, 0x00, 0xFE, 0x0B, 0xE0, 0x00, 0x00, 0x00, 0x2F, 0xC3, 0xF4, 0x00, 0x00, 0x00, 0x07, 0xF0,
    0xFD, 0x00, 0x00, 0x00, 0x00, 0xFD, 0x3F, 0x40, 0x00, 0x00, 0x00, 0x3F, 0x4F, 0xF0, 0x00, 0x00,
    0x00, 0x2F, 0xD3, 0xFF, 0x90, 0x00, 0x01, 0xBF, 0xF0, 0x7F, 0xFF, 0xFF, 0xFF, 0xFF, 0xF8, 0x0B,
    0xFF, 0xFF, 0xFF, 0xFF, 0xF8, 0x00, 0x2F, 0xFF, 0xFF, 0xFF, 0xD0, 0x00, 0x00, 0x16, 0xA9, 0x54,
    0x00, 0x00, 0x00, 0x00, 0x03, 0x40, 0x00, 0x00, 0x00, 0x00, 0x00, 0x00, 0x0D, 0x00, 0x00, 0x00,
    0x00, 0x00, 0x00, 0x00, 0x3B, 0xF0, 0x00, 0x00, 0x00, 0x00, 0x00, 0x00, 0xFE, 0xE0, 0x00, 0x00,
    0x00, 0x00, 0x00, 0x03, 0xC3, 0x80, 0x00, 0x00, 0x00, 0x00, 0x00, 0x3F, 0xFD, 0x00, 0x00, 0x00,
    0x00, 0x00, 0x00, 0xBF, 0x80, 0x00, 0x00, 0x00, 0x00, 0x00, 0x00, 0x00, 0x00, 0x00, 0x00, 0x00,
    0x19, 0x00, 0x00, 0x00, 0x00, 0x00, 0x00, 0x00, 0xBE, 0x00, 0x00, 0x00, 0x00, 0x00, 0x00, 0x03,
    0xF4, 0x00, 0x00, 0x00, 0x00, 0x78, 0x00, 0x0F, 0xD0, 0x00, 0x00, 0x00, 0x03, 0xFC, 0x00, 0x3F,
    0x40, 0x00, 0x00, 0x00, 0x3F, 0xE0, 0x00, 0xFF, 0x00, 0x00, 0x00, 0x0B, 0xFF, 0xC0, 0x03, 0xFF,
    0x90, 0x00, 0x16, 0xFF, 0xFF, 0xD5, 0x07, 0xFF, 0xFF, 0xFF, 0xFF, 0xFE, 0xFF, 0xFD, 0x0B, 0xFF,
    0xFF, 0xFF, 0xFF, 0xD1, 0xFF, 0xF8, 0x02, 0xFF, 0xFF, 0xFF, 0xE0, 0x00, 0xBF, 0xC0, 0x00, 0x16,
    0xA5, 0x40, 0x00, 0x00, 0x00, 0x00, 0x28, 0x00, 0x2C, 0x00, 0x2E, 0xF4, 0x2F, 0xBC, 0x2D, 0x2C,
    0xBF, 0xFC, 0xAF, 0x90, 0x00, 0x00, 0x00, 0x00, 0x01, 0x90, 0x0F, 0xF0, 0x0B, 0xF0, 0x07, 0xF4,
    0x03, 0xF4, 0x03, 0xF8, 0x03, 0xF8, 0x03, 0xF8, 0x5F, 0xF4, 0xFF, 0xF0, 0xFF, 0xD0, 0xFE, 0x00,
    0x00, 0x00, 0x01, 0xC0, 0x00, 0x00, 0x70, 0x00, 0x00, 0x1E, 0xF8, 0x00, 0x07, 0xFF, 0x40, 0x01,
    0xE1, 0xD0, 0x01, 0xFF, 0xF0, 0x00, 0x6F, 0xE0, 0x00, 0x00, 0x00, 0x00, 0x00, 0x00, 0x00, 0x00,
    0x15, 0x00, 0x00, 0x0F, 0xD0, 0x00, 0x03, 0xF4, 0x00, 0x01, 0xFC, 0x00, 0x00, 0xFF, 0x40, 0x05,
    0xFF, 0xF9, 0x43, 0xFF, 0xFF, 0xFC, 0xFF, 0xDF, 0xFF, 0x3F, 0x81, 0xFF, 0x80, 0x00, 0x00, 0x00,
    0x05, 0x54, 0x00, 0x00, 0x0F, 0xFF, 0xF8, 0x00, 0x03, 0xFF, 0xFF, 0xF9, 0x00, 0xFF, 0xFF, 0xFF,
    0xFC, 0x10, 0x01, 0xBF, 0xFF, 0x00, 0x00, 0x0B, 0xFF, 0xC0, 0x00, 0x7F, 0xFF, 0xE0, 0x00, 0xFF,
    0xF8, 0x00, 0x01, 0xFF, 0xD0, 0x00, 0x01, 0xFF, 0x40, 0x00, 0x00, 0xFF, 0x00, 0x00, 0x00, 0xBF,
    0x00, 0x00, 0x00, 0x3F, 0x80, 0xF7, 0x80, 0x1F, 0xC0, 0x38, 0xD0, 0x0B, 0xF0, 0x01, 0xC0, 0x02,
    0xFC, 0x00, 0xB0, 0x00, 0xBF, 0x00, 0x00, 0x00, 0x1F, 0xF0, 0x00, 0x00, 0x03, 0xFF, 0x40, 0x00,
    0x60, 0x7F, 0xFF, 0xAB, 0xFD, 0x07, 0xFF, 0xFF, 0xFF, 0x80, 0x2F, 0xFF, 0xFF, 0xD0, 0x00, 0x6F,
    0xE9, 0x00, 0x05, 0x54, 0x00, 0x00, 0x00, 0x0F, 0xFF, 0xF8, 0x00, 0x00, 0x03, 0xFF, 0xFF, 0xF9,
    0x00, 0x00, 0xFF, 0xFF, 0xFF, 0xFC, 0x00, 0x10, 0x01, 0xBF, 0xFF, 0x00, 0x00, 0x00, 0x0B, 0xFF,
    0xC0, 0x00, 0x00, 0x7F, 0xFF, 0xE0, 0x00, 0x00, 0xFF, 0xFB, 0xE0, 0x00, 0x01, 0xFF, 0xD0, 0xFD,
    0x00, 0x01, 0xFF, 0x40, 0x2F, 0xE5, 0x40, 0xFF, 0x00, 0x03, 0xFF, 0xFC, 0xBF, 0x00, 0x00, 0x7F,
    0xFF, 0x3F, 0x80, 0xF7, 0x86, 0xFF, 0x5F, 0xC0, 0x38, 0xD0, 0x00, 0x0B, 0xF0, 0x01, 0xC0, 0x00,
    0x02, 0xFC, 0x00, 0xB0, 0x00, 0x00, 0xBF, 0x00, 0x00, 0x00, 0x00, 0x1F, 0xF0, 0x00, 0x00, 0x00,
    0x03, 0xFF, 0x40, 0x00, 0x60, 0x00, 0x7F, 0xFF, 0xAB, 0xFD, 0x00, 0x07, 0xFF, 0xFF, 0xFF, 0x80,
    0x00, 0x2F, 0xFF, 0xFF, 0xD0, 0x00, 0x00, 0x6F, 0xE9, 0x00, 0x00, 0x1B, 0xF9, 0x00, 0x00, 0x2F,
    0xFF, 0xD0, 0x00, 0x1F, 0xFF, 0xFE, 0x00, 0x0E, 0xAF, 0xFF, 0xF8, 0x00, 0x00, 0x7F, 0xFC, 0x00,
    0x00, 0x2F, 0xFC, 0x00, 0x06, 0xFF, 0xF8, 0x56, 0xFF, 0xFE, 0x00, 0xFF, 0xFF, 0xF0, 0x00, 0xFF,
    0xFF, 0x40, 0x00, 0xFF, 0x90, 0x00, 0x00, 0x00, 0x00, 0x00, 0x00, 0x00, 0x00, 0x00, 0x00, 0x00,
    0x64, 0x60, 0x00, 0x00, 0xFC, 0xF8, 0x00, 0x00, 0xBC, 0xF8, 0x00, 0x00, 0x01, 0x00, 0x00, 0x00,
    0x0F, 0x80, 0x00, 0x00, 0x0F, 0x80, 0x00, 0x00, 0x01, 0x00, 0x00, 0x1B, 0xF9, 0x00, 0x00, 0x00,
    0xBF, 0xFF, 0x40, 0x00, 0x01, 0xFF, 0xFF, 0xE0, 0x00, 0x03, 0xAB, 0xFF, 0xFE, 0x00, 0x00, 0x00,
    0x7F, 0xFC, 0x00, 0x00, 0x00, 0xBF, 0xF0, 0x00, 0x00, 0x6F, 0xFF, 0x80, 0x15, 0xBF, 0xFF, 0xFE,
    0x50, 0xFF, 0xFF, 0xFB, 0xFF, 0xF3, 0xFF, 0xFD, 0x0B, 0xFF, 0xDF, 0xF9, 0x00, 0x07, 0xFF, 0x00,
    0x00, 0x00, 0x00, 0x00, 0x00, 0x00, 0x00, 0x00, 0x00, 0x02, 0x82, 0x80, 0x00, 0x00, 0x1F, 0x9F,
    0x40, 0x00, 0x00, 0x3D, 0x7C, 0x00, 0x00, 0x00, 0x05, 0x00, 0x00, 0x00, 0x00, 0x7D, 0x00, 0x00,
    0x00, 0x01, 0xF4, 0x00, 0x00, 0x00, 0x01, 0x40, 0x00, 0x00, 0x02, 0x80, 0x00, 0x02, 0xC0, 0x00,
    0x02, 0xEF, 0x40, 0x02, 0xFB, 0xC0, 0x02, 0xD2, 0xC0, 0x0B, 0xFF, 0xC0, 0x0A, 0xF9, 0x00, 0x00,
    0x00, 0x00, 0x00, 0x00, 0x00, 0x00, 0x02, 0x40, 0x00, 0x1F, 0xC0, 0x00, 0x2F, 0xE0, 0x00, 0x0F,
    0xF0, 0x00, 0x07, 0xF8, 0x00, 0x02, 0xFC, 0x00, 0x01, 0xFD, 0x00, 0x00, 0xFF, 0x00, 0x00, 0xFF,
    0x0E, 0x56, 0xFF, 0x2F, 0xFF, 0xFE, 0x3F, 0xFF, 0xFC, 0x1B, 0xFF, 0xD0, 0x00, 0x00, 0x00, 0x02,
    0x80, 0x00, 0x00, 0x00, 0xB0, 0x00, 0x00, 0x00, 0x2E, 0xF4, 0x00, 0x00, 0x0B, 0xEF, 0x00, 0x00,
    0x02, 0xD2, 0xC0, 0x00, 0x02, 0xFF, 0xF0, 0x00, 0x00, 0xAF, 0x90, 0x00, 0x00, 0x00, 0x00, 0x00,
    0x00, 0x00, 0x00, 0x00, 0x00, 0x00, 0x00, 0x90, 0x00, 0x00, 0x01, 0xFC, 0x00, 0x00, 0x00, 0xBF,
    0x80, 0x00, 0x00, 0x0F, 0xF0, 0x00, 0x00, 0x01, 0xFE, 0x00, 0x00, 0x00, 0x3F, 0xC0, 0x00, 0x00,
    0x07, 0xF4, 0x00, 0x00, 0x00, 0xFF, 0x00, 0x00, 0x00, 0x3F, 0xC0, 0x00, 0xE5, 0x6F, 0xFE, 0x40,
    0xBF, 0xFF, 0xFF, 0xFC, 0x3F, 0xFF, 0xFF, 0xFF, 0x46, 0xFF, 0xF4, 0x7F, 0xC0, 0x00, 0x00, 0x00,
    0x00, 0x00, 0x00, 0x00, 0x00, 0x3C, 0x00, 0x01, 0xF8, 0x00, 0x03, 0xC0, 0x00, 0xA0, 0xA0, 0x07,
    0xEB, 0xD0, 0x1F, 0x5F, 0x40, 0x14, 0x14, 0x00, 0x00, 0x00, 0x00, 0x00, 0x00, 0x00, 0x10, 0x00,
    0x07, 0xD0, 0x00, 0x3F, 0xC0, 0x00, 0xBF, 0x00, 0x01, 0xFD, 0x00, 0x03, 0xF8, 0x00, 0x0F, 0xE0,
    0x00, 0x3F, 0x80, 0x00, 0xFD, 0x00, 0x0F, 0xF0, 0x00, 0xFF, 0x80, 0x1F, 0xFC, 0x0B, 0xFF, 0xC0,
    0x1F, 0xFC, 0x00, 0x3F, 0x40, 0x00, 0x50, 0x00, 0x00, 0x00, 0x00, 0x00, 0x00, 0x00, 0x7C, 0x00,
    0x00, 0x03, 0xF0, 0x00, 0x00, 0x07, 0xC0, 0x00, 0x00, 0x91, 0x90, 0x00, 0x0F, 0xCF, 0xC0, 0x00,
    0x2F, 0x3F, 0x00, 0x00, 0x10, 0x10, 0x00, 0x00, 0x00, 0x00, 0x00, 0x00, 0x00, 0x00, 0x00, 0x00,
    0x10, 0x00, 0x00, 0x07, 0xD0, 0x00, 0x00, 0x3F, 0xC0, 0x00, 0x00, 0xBF, 0x00, 0x00, 0x01, 0xFD,
    0x00, 0x00, 0x03, 0xFC, 0x00, 0x00, 0x0F, 0xFD, 0x40, 0x00, 0x3F, 0xFF, 0xC0, 0x00, 0xFF, 0xFF,
    0x00, 0x0B, 0xF7, 0xF8, 0x00, 0xBF, 0x80, 0x00, 0x1F, 0xFC, 0x00, 0x07, 0xFF, 0xC0, 0x00, 0x2F,
    0xFC, 0x00, 0x00, 0x3F, 0x40, 0x00, 0x00, 0x90, 0x00, 0x00, 0x00, 0x00, 0x70, 0x00, 0x01, 0xD0,
    0x00, 0x07, 0xBE, 0x00, 0x1F, 0xFD, 0x00, 0x78, 0x74, 0x07, 0xFF, 0xC0, 0x1B, 0xF8, 0x00, 0x00,
    0x00, 0x00, 0x00, 0x00, 0x00, 0x00, 0x00, 0x00, 0x10, 0x00, 0x07, 0xD0, 0x00, 0x3F, 0xC0, 0x00,
    0xBF, 0x00, 0x01, 0xFD, 0x00, 0x03, 0xF8, 0x00, 0x0F, 0xE0, 0x00, 0x3F, 0x80, 0x00, 0xFD, 0x00,
    0x0F, 0xF0, 0x00, 0xFF, 0x80, 0x1F, 0xFC, 0x0B, 0xFF, 0xC0, 0x1F, 0xFC, 0x00, 0x3F, 0x40, 0x00,
    0x50, 0x00, 0x00, 0x00, 0xA0, 0x00, 0x00, 0x02, 0xC0, 0x00, 0x00, 0x0B, 0xBD, 0x00, 0x00, 0x2F,
    0xBC, 0x00, 0x00, 0xF4, 0xB0, 0x00, 0x0F, 0xFF, 0x80, 0x00, 0x2B, 0xE4, 0x00, 0x00, 0x00, 0x00,
    0x00, 0x00, 0x00, 0x00, 0x00, 0x00, 0x00, 0x00, 0x00, 0x00, 0x10, 0x00, 0x00, 0x07, 0xD0, 0x00,
    0x00, 0x3F, 0xC0, 0x00, 0x00, 0xBF, 0x00, 0x00, 0x01, 0xFD, 0x00, 0x00, 0x03, 0xFC, 0x00, 0x00,
    0x0F, 0xFD, 0x40, 0x00, 0x3F, 0xFF, 0xC0, 0x00, 0xFF, 0xFF, 0x00, 0x0B, 0xF7, 0xF8, 0x00, 0xBF,
    0x80, 0x00, 0x1F, 0xFC, 0x00, 0x07, 0xFF, 0xC0, 0x00, 0x2F, 0xFC, 0x00, 0x00, 0x3F, 0x40, 0x00,
    0x00, 0x90, 0x00, 0x00, 0x00, 0x00, 0x00, 0x00, 0x00, 0x00, 0x60, 0x00, 0x00, 0x00, 0x00, 0x1F,
    0xC0, 0x00, 0x00, 0x00, 0x07, 0xFF, 0x80, 0x00, 0x00, 0x01, 0xFF, 0xFD, 0x00, 0x00, 0x00, 0x2F,
    0xFE, 0x40, 0x00, 0x00, 0x03, 0xFF, 0x80, 0x00, 0x00, 0x00, 0x0F, 0xF4, 0x00, 0x00, 0x00, 0x00,
    0x3F, 0xF0, 0x00, 0x19, 0x00, 0x00, 0x3F, 0xF0, 0x00, 0xBE, 0x00, 0x00, 0x3F, 0xF0, 0x03, 0xF4,
    0x00, 0x00, 0x2F, 0xF0, 0x0F, 0xD0, 0x00, 0x00, 0x2F, 0xD0, 0x3F, 0x40, 0x00, 0x00, 0x3F, 0xC0,
    0xFF, 0x00, 0x00, 0x00, 0xBF, 0x03, 0xFF, 0x90, 0x00, 0x07, 0xFC, 0x07, 0xFF, 0xFF, 0xFF, 0xFF,
    0xF0, 0x0B, 0xFF, 0xFF, 0xFF, 0xFF, 0x00, 0x02, 0xFF, 0xFF, 0xFF, 0xD0, 0x00, 0x00, 0x16, 0xA5,
    0x40, 0x00, 0x00, 0x00, 0x00, 0x00, 0x00, 0x00, 0x50, 0x00, 0x00, 0x00, 0x00, 0x00, 0xBF, 0x00,
    0x00, 0x00, 0x00, 0x00, 0xBF, 0xF4, 0x00, 0x00, 0x00, 0x00, 0x7F, 0xFF, 0x40, 0x00, 0x00, 0x00,
    0x3F, 0xFE, 0x40, 0x00, 0x00, 0x00, 0x0F, 0xFE, 0x00, 0x00, 0x00, 0x00, 0x01, 0xFF, 0x00, 0x00,
    0x00, 0x00, 0x00, 0x0F, 0xF4, 0x00, 0x00, 0x19, 0x00, 0x00, 0x7F, 0xD0, 0x00, 0x02, 0xF8, 0x00,
    0x01, 0xFF, 0x40, 0x00, 0x3F, 0x40, 0x00, 0x07, 0xFC, 0x00, 0x03, 0xF4, 0x00, 0x00, 0x1F, 0xF0,
    0x00, 0x3F, 0x40, 0x00, 0x00, 0xBF, 0x80, 0x03, 0xFC, 0x00, 0x00, 0x03, 0xFD, 0x00, 0x3F, 0xF9,
    0x00, 0x00, 0x7F, 0xF9, 0x41, 0xFF, 0xFF, 0xFF, 0xFF, 0xFF, 0xFE, 0x0B, 0xFF, 0xFF, 0xFF, 0xFE,
    0xFF, 0xF0, 0x0B, 0xFF, 0xFF, 0xFF, 0x42, 0xFD, 0x00, 0x01, 0x6A, 0x95, 0x00, 0x00, 0x00, 0x00,
    0x00, 0x24, 0x00, 0x02, 0xFC, 0x00, 0x2F, 0xFC, 0x02, 0xFF, 0xF8, 0x1F, 0xFF, 0x80, 0x3F, 0xF8,
    0x00, 0x7F, 0xC0, 0x00, 0x7F, 0xE0, 0x00, 0x1F, 0xF8, 0x00, 0x07, 0xFE, 0x00, 0x00, 0xFF, 0x40,
    0x00, 0x3F, 0xC0, 0x00, 0x1F, 0xE0, 0x00, 0x0F, 0xE0, 0x55, 0x7F, 0xE0, 0xFF, 0xFF, 0xD0, 0xFF,
    0xFF, 0x80, 0xFF, 0xF9, 0x00, 0x00, 0x00, 0x00, 0x00, 0x00, 0x24, 0x00, 0x00, 0x0B, 0xF0, 0x00,
    0x02, 0xFF, 0xC0, 0x00, 0xBF, 0xFE, 0x00, 0x1F, 0xFF, 0x80, 0x00, 0xFF, 0xE0, 0x00, 0x07, 0xFC,
    0x00, 0x00, 0x1F, 0xF4, 0x00, 0x00, 0x1F, 0xF4, 0x00, 0x00, 0x1F, 0xF4, 0x00, 0x00, 0x1F, 0xF0,
    0x00, 0x00, 0x1F, 0xF0, 0x00, 0x00, 0x2F, 0xE0, 0x00, 0x00, 0x3F, 0xD0, 0x05, 0x56, 0xFF, 0xE5,
    0x3F, 0xFF, 0xFF, 0xFD, 0xFF, 0xFF, 0xBF, 0xFB, 0xFF, 0xE4, 0x2F, 0xD0, 0x00, 0x00, 0x00, 0x00,
    0x00, 0x00, 0x00, 0x00, 0x01, 0x00, 0x00, 0x00, 0x00, 0x00, 0xBC, 0x00, 0x00, 0x00, 0x00, 0x2F,
    0xF4, 0x00, 0x00, 0x00, 0x07, 0xFE, 0x00, 0x00, 0x00, 0x01, 0xFF, 0x80, 0x60, 0x00, 0x00, 0x0B,
    0xE0, 0x1F, 0xC0, 0x00, 0x00, 0x0D, 0x07, 0xFF, 0x80, 0x00, 0x00, 0x01, 0xFF, 0xFD, 0x00, 0x00,
    0x00, 0x2F, 0xFE, 0x40, 0x00, 0x00, 0x03, 0xFF, 0x80, 0x00, 0x00, 0x00, 0x0F, 0xF4, 0x00, 0x00,
    0x00, 0x00, 0x3F, 0xF0, 0x00, 0x19, 0x00, 0x00, 0x3F, 0xF0, 0x00, 0xBE, 0x00, 0x00, 0x3F, 0xF0,
    0x03, 0xF4, 0x00, 0x00, 0x2F, 0xF0, 0x0F, 0xD0, 0x00, 0x00, 0x2F, 0xD0, 0x3F, 0x40, 0x00, 0x00,
    0x3F, 0xC0, 0xFF, 0x00, 0x00, 0x00, 0xBF, 0x03, 0xFF, 0x90, 0x00, 0x07, 0xFC, 0x07, 0xFF, 0xFF,
    0xFF, 0xFF, 0xF0, 0x0B, 0xFF, 0xFF, 0xFF, 0xFF, 0x00, 0x02, 0xFF, 0xFF, 0xFF, 0xD0, 0x00, 0x00,
    0x16, 0xA5, 0x40, 0x00, 0x00, 0x00, 0x00, 0x00, 0x00, 0x05, 0x00, 0x00, 0x00, 0x00, 0x00, 0x03,
    0xF0, 0x00, 0x00, 0x00, 0x00, 0x02, 0xFF, 0x00, 0x00, 0x00, 0x00, 0x02, 0xFF, 0x40, 0x00, 0x00,
    0x00, 0x01, 0xFF, 0x80, 0x50, 0x00, 0x00, 0x00, 0x3F, 0x80, 0xBF, 0x00, 0x00, 0x00, 0x01, 0x80,
    0xBF, 0xF4, 0x00, 0x00, 0x00, 0x00, 0x7F, 0xFF, 0x40, 0x00, 0x00, 0x00, 0x3F, 0xFE, 0x40, 0x00,
    0x00, 0x00, 0x0F, 0xFE, 0x00, 0x00, 0x00, 0x00, 0x01, 0xFF, 0x00, 0x00, 0x00, 0x00, 0x00, 0x0F,
    0xF4, 0x00, 0x00, 0x19, 0x00, 0x00, 0x7F, 0xD0, 0x00, 0x02, 0xF8, 0x00, 0x01, 0xFF, 0x40, 0x00,
    0x3F, 0x40, 0x00, 0x07, 0xFC, 0x00, 0x03, 0xF4, 0x00, 0x00, 0x1F, 0xF0, 0x00, 0x3F, 0x40, 0x00,
    0x00, 0xBF, 0x80, 0x03, 0xFC, 0x00, 0x00, 0x03, 0xFD, 0x00, 0x3F, 0xF9, 0x00, 0x00, 0x7F, 0xF9,
    0x41, 0xFF, 0xFF, 0xFF, 0xFF, 0xFF, 0xFE, 0x0B, 0xFF, 0xFF, 0xFF, 0xFE, 0xFF, 0xF0, 0x0B, 0xFF,
    0xFF, 0xFF, 0x42, 0xFD, 0x00, 0x01, 0x6A, 0x95, 0x00, 0x00, 0x00, 0x00, 0x00, 0x50, 0x00, 0x01,
    0xFC, 0x00, 0x03, 0xFF, 0x00, 0x0B, 0xFD, 0x00, 0x2F, 0xF4, 0x09, 0x0F, 0xE0, 0x2F, 0xC1, 0x80,
    0xBF, 0xF0, 0x02, 0xFF, 0xF8, 0x07, 0xFF, 0xE0, 0x03, 0xFF, 0x80, 0x01, 0xFF, 0x00, 0x00, 0x7F,
    0xE0, 0x00, 0x07, 0xFE, 0x00, 0x00, 0x7F, 0xE0, 0x00, 0x03, 0xFD, 0x00, 0x00, 0x3F, 0xC0, 0x00,
    0x07, 0xF8, 0x00, 0x00, 0xFE, 0x01, 0x55, 0xFF, 0x80, 0xFF, 0xFF, 0xD0, 0x3F, 0xFF, 0xE0, 0x0F,
    0xFF, 0x90, 0x00, 0x00, 0x00, 0x00, 0x00, 0x00, 0x50, 0x00, 0x00, 0x07, 0xF0, 0x00, 0x00, 0x3F,
    0xF0, 0x00, 0x02, 0xFF, 0x40, 0x00, 0x2F, 0xF4, 0x09, 0x00, 0x3F, 0x80, 0xBF, 0x00, 0x18, 0x0B,
    0xFF, 0x00, 0x00, 0xBF, 0xFE, 0x00, 0x07, 0xFF, 0xE0, 0x00, 0x0F, 0xFE, 0x00, 0x00, 0x1F, 0xF0,
    0x00, 0x00, 0x1F, 0xF4, 0x00, 0x00, 0x07, 0xFD, 0x00, 0x00, 0x01, 0xFF, 0x40, 0x00, 0x00, 0x7F,
    0xC0, 0x00, 0x00, 0x1F, 0xF0, 0x00, 0x00, 0x0B, 0xF8, 0x00, 0x00, 0x03, 0xFD, 0x00, 0x15, 0x5B,
    0xFF, 0x94, 0x3F, 0xFF, 0xFF, 0xFD, 0x3F, 0xFF, 0xEF, 0xFE, 0x3F, 0xFE, 0x42, 0xFD, 0x00, 0x00,
    0x00, 0x00, 0x00, 0x00, 0x00, 0x00, 0x00, 0x00, 0x00, 0x01, 0xF0, 0x00, 0x00, 0x00, 0xBF, 0x00,
    0x00, 0x00, 0x03, 0xF8, 0x1D, 0x00, 0x00, 0x3F, 0xC2, 0xFC, 0x00, 0x02, 0xFC, 0x3F, 0x80, 0x00,
    0x1F, 0xC3, 0xF4, 0x00, 0x00, 0xFD, 0x7F, 0x00, 0x00, 0x1F, 0xC7, 0xF0, 0x00, 0x02, 0xFC, 0x3F,
    0x80, 0x00, 0x3F, 0xC3, 0xFE, 0x00, 0x1F, 0xF4, 0x2F, 0xFF, 0xBF, 0xFF, 0x00, 0xFF, 0xFF, 0xFF,
    0xC0, 0x02, 0xFF, 0xFF, 0xE0, 0x00, 0x01, 0xAE, 0x90, 0x00, 0x00, 0x00, 0x00, 0x01, 0x00, 0x00,
    0x00, 0x00, 0x01, 0xFD, 0x00, 0x00, 0x00, 0x00, 0x03, 0xF8, 0x00, 0x07, 0x40, 0x00, 0x0F, 0xF0,
    0x00, 0x2F, 0xC0, 0x00, 0x2F, 0xC0, 0x00, 0xFE, 0x00, 0x00, 0x7F, 0xE5, 0x03, 0xF4, 0x00, 0x00,
    0xFF, 0xFF, 0x1F, 0xC0, 0x00, 0x03, 0xFF, 0xFC, 0x7F, 0x40, 0x00, 0x1F, 0xEF, 0xE1, 0xFE, 0x00,
    0x00, 0xFF, 0x00, 0x03, 0xFE, 0x00, 0x0B, 0xF8, 0x00, 0x0B, 0xFF, 0xEF, 0xFF, 0xC0, 0x00, 0x0F,
    0xFF, 0xFF, 0xFC, 0x00, 0x00, 0x0B, 0xFF, 0xFF, 0x80, 0x00, 0x00, 0x01, 0xAE, 0x90, 0x00, 0x00,
    0x00, 0x00, 0x00, 0x00, 0x03, 0xD0, 0x00, 0x3F, 0xD0, 0x00, 0xFF, 0xD0, 0x03, 0xFF, 0xD0, 0x3F,
    0xFF, 0xC1, 0xFC, 0xBF, 0x4F, 0xD0, 0xFF, 0x3F, 0x01, 0xFD, 0xFC, 0x07, 0xF7, 0xFD, 0xBF, 0x8F,
    0xFF, 0xFD, 0x1F, 0xFF, 0xE0, 0x1B, 0xFD, 0x00, 0x00, 0x00, 0x00, 0x00, 0x6F, 0x90, 0x00, 0x00,
    0xFF, 0xFE, 0x00, 0x00, 0xFF, 0xFF, 0xC0, 0x00, 0xFF, 0xEF, 0xF4, 0x00, 0x7F, 0x80, 0xFF, 0x00,
    0x2F, 0xC0, 0x2F, 0xD0, 0x0B, 0xF0, 0x03, 0xFE, 0x51, 0xFC, 0x00, 0xBF, 0xFD, 0x3F, 0x40, 0x0F,
    0xFF, 0x8A, 0x00, 0x00, 0xBF, 0xC0, 0x00, 0x00, 0x00, 0x00, 0x01, 0x90, 0x3F, 0xC0, 0xBF, 0x01,
    0xFD, 0x03, 0xF4, 0x0F, 0xE0, 0x3F, 0x80, 0xFE, 0x5F, 0xF7, 0xFF, 0xCF, 0xFD, 0x3F, 0x80, 0x01,
    0x00, 0x2D, 0x00, 0xF4, 0x03, 0xF0, 0x07, 0x40, 0x01, 0x00, 0x00, 0x00, 0x1F, 0xC0, 0x00, 0x06,
    0xFF, 0x00, 0x15, 0x3F, 0xF8, 0x0B, 0xFE, 0xFF, 0xF0, 0xBF, 0xFF, 0xEF, 0xC7, 0xFF, 0xD0, 0x3F,
    0x2F, 0xD0, 0x00, 0xFE, 0xBC, 0x00, 0x01, 0xFF, 0xF0, 0x00, 0x03, 0xFF, 0x80, 0x00, 0x07, 0xFE,
    0x00, 0x00, 0x0F, 0xF0, 0x00, 0x00, 0x08, 0x00, 0x00, 0x00, 0x00, 0x80, 0x00, 0x00, 0x00, 0x0B,
    0xD0, 0x00, 0x00, 0x00, 0x7F, 0xE0, 0x00, 0x00, 0x00, 0xFF, 0xF0, 0x00, 0x00, 0x0F, 0xFF, 0xF0,
    0x00, 0x00, 0xBF, 0xBF, 0xF4, 0x00, 0x03, 0xF0, 0xBF, 0xF4, 0x00, 0x0F, 0xC2, 0xFF, 0xF0, 0x00,
    0x3F, 0x4F, 0xDF, 0xF0, 0x00, 0xBF, 0xFF, 0x1F, 0xC2, 0x41, 0xFF, 0xF4, 0x7F, 0x4F, 0xFF, 0xFF,
    0xFF, 0xFC, 0x7F, 0xFF, 0xFF, 0xFF, 0xE1, 0xFF, 0xF9, 0x7F, 0xFE, 0x00, 0x00, 0x00, 0x00, 0x00,
    0x00, 0x00, 0x00, 0x2F, 0x80, 0x00, 0x00, 0x00, 0xFF, 0xF0, 0x00, 0x00, 0x03, 0xFF, 0xF4, 0x00,
    0x00, 0x0B, 0xFB, 0xFC, 0x00, 0x00, 0x0F, 0xE2, 0xFC, 0x00, 0x00, 0x2F, 0xC2, 0xFC, 0x00, 0x00,
    0x3F, 0x83, 0xF8, 0x00, 0x00, 0x3F, 0x47, 0xF0, 0x00, 0x29, 0x7F, 0xBF, 0xF9, 0x50, 0x3F, 0xFF,
    0xFF, 0xFF, 0xFC, 0xBF, 0xFF, 0xFF, 0xFF, 0xFC, 0x7F, 0xFF, 0x81, 0xFF, 0xF8, 0x00, 0x3F, 0x80,
    0x7F, 0x00, 0x00, 0x3F, 0xE0, 0xBF, 0x00, 0x00, 0x1F, 0xFF, 0xFF, 0x00, 0x00, 0x0B, 0xFF, 0xFD,
    0x00, 0x00, 0x01, 0xFF, 0xF8, 0x00, 0x00, 0x00, 0x15, 0x40, 0x00, 0x00, 0x60, 0x00, 0x00, 0x00,
    0xFC, 0x00, 0x00, 0x02, 0xFF, 0x40, 0x00, 0x01, 0xFF, 0xE0, 0x00, 0x07, 0xFF, 0xFC, 0x00, 0x0F,
    0xFF, 0xFF, 0x00, 0x0F, 0xC3, 0xFF, 0xC0, 0x1F, 0xC3, 0xFF, 0xF0, 0x0F, 0xC7, 0xF3, 0xF8, 0x0F,
    0xFF, 0xE2, 0xFC, 0x5B, 0xFF, 0xC2, 0xFC, 0xFF, 0xFF, 0xFF, 0xFC, 0xFF, 0xFF, 0xFF, 0xF4, 0xFE,
    0x4B, 0xFF, 0xD0, 0x00, 0x00, 0x00, 0x00, 0x00, 0x0B, 0xE0, 0x00, 0x00, 0x0F, 0xFF, 0x00, 0x00,
    0x0F, 0xFF, 0xE0, 0x00, 0x0B, 0xFB, 0xFC, 0x00, 0x03, 0xF8, 0x7F, 0x00, 0x01, 0xFC, 0x1F, 0xC0,
    0x00, 0xBF, 0x0B, 0xE0, 0x00, 0x3F, 0x87, 0xF0, 0x00, 0x5F, 0xFF, 0xFE, 0x54, 0x3F, 0xFF, 0xFF,
    0xFF, 0xCF, 0xFF, 0xFF, 0xFF, 0xF3, 0xFF, 0x81, 0xFF, 0xFC, 0x0F, 0xF0, 0x1F, 0xC0, 0x02, 0xFE,
    0x0B, 0xF0, 0x00, 0x3F, 0xFF, 0xFC, 0x00, 0x07, 0xFF, 0xFE, 0x00, 0x00, 0x7F, 0xFE, 0x00, 0x00,
    0x00, 0x54, 0x00, 0x00, 0x00, 0x01, 0xA0, 0x00, 0x00, 0x00, 0x00, 0x3F, 0xF4, 0x00, 0x00, 0x00,
    0x02, 0xFF, 0xF0, 0x00, 0x00, 0x00, 0x2F, 0xEF, 0xE0, 0x00, 0x00, 0x01, 0xFE, 0x2F, 0xC0, 0x00,
    0x00, 0x1F, 0xF0, 0x3F, 0x40, 0x00, 0x01, 0xFF, 0x00, 0xB4, 0x00, 0x00, 0x0F, 0xF0, 0x00, 0x00,
    0x00, 0x00, 0x7F, 0x40, 0x00, 0x00, 0x00, 0x01, 0xFF, 0x90, 0x00, 0x00, 0x16, 0xA3, 0xFF, 0xFF,
    0xFF, 0xFF, 0xFF, 0x83, 0xFF, 0xFF, 0xFF, 0xFF, 0xFE, 0x01, 0xFF, 0xFF, 0xFF, 0xFF, 0xF4, 0x00,
    0x05, 0x6A, 0x95, 0x40, 0x00, 0x00, 0x00, 0x01, 0x54, 0x00, 0x06, 0xFF, 0xFF, 0xC0, 0x2F, 0xFF,
    0xFF, 0xF0, 0x7F, 0xFF, 0xFF, 0xF8, 0x7F, 0xFE, 0x50, 0x00, 0x3F, 0xD0, 0x00, 0x00, 0x0F, 0xE0,
    0x00, 0x00, 0x03, 0xFE, 0x40, 0x00, 0x50, 0xBF, 0xFF, 0xFF, 0xFC, 0x0F, 0xFF, 0xFF, 0xFF, 0x00,
    0x7F, 0xFF, 0xFF, 0xC0, 0x00, 0x15, 0x55, 0x00, 0x00, 0xB4, 0x00, 0x00, 0x00, 0x00, 0x0F, 0xE0,
    0x00, 0x00, 0x00, 0x00, 0x78, 0x00, 0x00, 0x00, 0x00, 0x00, 0xF0, 0x00, 0x00, 0x00, 0x00, 0x02,
    0xFE, 0x00, 0x00, 0x00, 0x00, 0x1F, 0xF4, 0x00, 0x00, 0x00, 0x00, 0x24, 0x00, 0x00, 0x00, 0x00,
    0x00, 0x00, 0x68, 0x00, 0x00, 0x00, 0x00, 0x0F, 0xFD, 0x00, 0x00, 0x00, 0x00, 0xBF, 0xFC, 0x00,
    0x00, 0x00, 0x0B, 0xFB, 0xF8, 0x00, 0x00, 0x00, 0x7F, 0x8B, 0xF0, 0x00, 0x00, 0x07, 0xFC, 0x0F,
    0xD0, 0x00, 0x00, 0x7F, 0xC0, 0x2D, 0x00, 0x00, 0x03, 0xFC, 0x00, 0x00, 0x00, 0x00, 0x1F, 0xD0,
    0x00, 0x00, 0x00, 0x00, 0x7F, 0xE4, 0x00, 0x00, 0x05, 0xA8, 0xFF, 0xFF, 0xFF, 0xFF, 0xFF, 0xE0,
    0xFF, 0xFF, 0xFF, 0xFF, 0xFF, 0x80, 0x7F, 0xFF, 0xFF, 0xFF, 0xFD, 0x00, 0x01, 0x5A, 0xA5, 0x50,
    0x00, 0x02, 0xE0, 0x00, 0x00, 0x03, 0xFC, 0x00, 0x00, 0x00, 0xF0, 0x00, 0x00, 0x00, 0x3C, 0x00,
    0x00, 0x00, 0x07, 0xFC, 0x00, 0x00, 0x03, 0xFE, 0x00, 0x00, 0x00, 0x90, 0x00, 0x00, 0x00, 0x00,
    0x00, 0x05, 0x50, 0x00, 0x1B, 0xFF, 0xFF, 0x00, 0xBF, 0xFF, 0xFF, 0xC1, 0xFF, 0xFF, 0xFF, 0xE1,
    0xFF, 0xF9, 0x40, 0x00, 0xFF, 0x40, 0x00, 0x00, 0x3F, 0x80, 0x00, 0x00, 0x0F, 0xF9, 0x00, 0x01,
    0x42, 0xFF, 0xFF, 0xFF, 0xF0, 0x3F, 0xFF, 0xFF, 0xFC, 0x01, 0xFF, 0xFF, 0xFF, 0x00, 0x00, 0x55,
    0x54, 0x00, 0x00, 0x00, 0x00, 0x0B, 0xF8, 0x00, 0x00, 0x00, 0x2F, 0xFF, 0xC0, 0x00, 0x00, 0x2F,
    0xFF, 0xD0, 0x00, 0x00, 0x1F, 0xF9, 0xB0, 0x00, 0x00, 0x0F, 0xF0, 0x00, 0x00, 0x00, 0x07, 0xF0,
    0x00, 0x01, 0xD0, 0x01, 0xFC, 0x00, 0x00, 0xBF, 0x00, 0x7F, 0xD0, 0x00, 0x3F, 0x80, 0x0F, 0xFF,
    0x80, 0x0F, 0xD0, 0x00, 0xBF, 0xFD, 0x07, 0xF0, 0x00, 0x02, 0xFF, 0xC1, 0xFD, 0x00, 0x00, 0x0F,
    0xF0, 0x3F, 0x80, 0x00, 0x03, 0xFC, 0x0F, 0xF8, 0x00, 0x0B, 0xFD, 0x02, 0xFF, 0xFE, 0xFF, 0xFE,
    0x00, 0x2F, 0xFF, 0xFF, 0xFD, 0x00, 0x01, 0xFF, 0xFF, 0xF8, 0x00, 0x00, 0x06, 0xBE, 0x90, 0x00,
    0x00, 0x00, 0x00, 0x00, 0x00, 0x00, 0x01, 0xD0, 0x00, 0x00, 0x00, 0x00, 0x2F, 0xC0, 0x00, 0x39,
    0x00, 0x03, 0xF8, 0x00, 0x03, 0xFE, 0x94, 0x3F, 0x40, 0x00, 0x7F, 0xFF, 0xF7, 0xF0, 0x00, 0x03,
    0xFF, 0xFF, 0x7F, 0x40, 0x00, 0x03, 0xFF, 0xE7, 0xF8, 0x00, 0x00, 0x2F, 0xC0, 0x3F, 0xF0, 0x00,
    0x07, 0xFC, 0x02, 0xFF, 0xFE, 0xBF, 0xFF, 0x40, 0x0F, 0xFF, 0xFF, 0xFF, 0xE0, 0x00, 0x2F, 0xFF,
    0xFF, 0xE0, 0x00, 0x00, 0x1A, 0xFE, 0x90, 0x00, 0x00, 0x00, 0x64, 0x03, 0xF8, 0x03, 0xFC, 0x02,
    0xFC, 0x01, 0xFD, 0x00, 0xFD, 0x00, 0xFD, 0x00, 0xFD, 0x5B, 0xFD, 0xFF, 0xFC, 0xFF, 0xF0, 0xFF,
    0x80, 0x00, 0x00, 0x00, 0x00, 0x28, 0x28, 0xFD, 0x7F, 0xFD, 0x7F, 0x28, 0x28, 0x00, 0x54, 0x00,
    0x00, 0x3F, 0x40, 0x00, 0x0F, 0xD0, 0x00, 0x07, 0xF0, 0x00, 0x03, 0xFD, 0x00, 0x17, 0xFF, 0xE5,
    0x0F, 0xFF, 0xFF, 0xF3, 0xFF, 0x7F, 0xFC, 0xFE, 0x07, 0xFE, 0x00, 0x00, 0x00, 0x00, 0x00, 0x00,
    0x00, 0x64, 0x28, 0x00, 0x3F, 0x2F, 0x80, 0x0F, 0xDB, 0xE0, 0x01, 0xE0, 0xA0, 0x00, 0x00, 0xBF,
    0x40, 0x1F, 0xFE, 0x00, 0xFF, 0xF4, 0x07, 0xFD, 0x80, 0x2F, 0xC0, 0x00, 0xBF, 0x00, 0x00, 0xFD,
    0x0B, 0x02, 0xFF, 0xFD, 0x0B, 0xFF, 0xFA, 0xFF, 0xFF, 0xD7, 0xFF, 0xE0, 0x0F, 0xE0, 0x00, 0x10,
    0x00, 0x00, 0x00, 0x00, 0x01, 0xFD, 0x04, 0x3F, 0xFF, 0xC1, 0x02, 0xF4, 0x00, 0x00, 0x00, 0x00,
    0x00, 0x01, 0xA8, 0x00, 0x2F, 0xC0, 0x01, 0xFC, 0x00, 0x1F, 0xC0, 0x01, 0xFC, 0x00, 0x1F, 0xC0,
    0x01, 0xFC, 0x00, 0x1F, 0xC0, 0x01, 0xFC, 0x00, 0x1F, 0xC0, 0x00, 0xFD, 0x00, 0x0F, 0xD0, 0x00,
    0xFD, 0x00, 0x0F, 0xD0, 0x00, 0xFD, 0x00, 0x0F, 0xD0, 0x00, 0xFD, 0x00, 0x00, 0x00, 0x00, 0x0F,
    0xD0, 0x40, 0x3F, 0xFF, 0xC0, 0x14, 0x2F, 0x40, 0x00, 0x00, 0x00, 0x00, 0x54, 0x00, 0x02, 0xFC,
    0x00, 0x01, 0xFC, 0x00, 0x01, 0xFC, 0x00, 0x01, 0xFC, 0x00, 0x01, 0xFC, 0x00, 0x01, 0xFC, 0x00,
    0x01, 0xFD, 0x00, 0x00, 0xFD, 0x00, 0x00, 0xFD, 0x00, 0x00, 0xFD, 0x00, 0x00, 0xFD, 0x00, 0x00,
    0xFD, 0x00, 0x00, 0xFE, 0x00, 0x00, 0xFE, 0x00, 0x00, 0xFF, 0x94, 0x00, 0xBF, 0xFE, 0x00, 0x3F,
    0xFF, 0x00, 0x0B, 0xFD, 0x00, 0x00, 0x00, 0x1B, 0x07, 0xF4, 0xB4, 0x0B, 0x80, 0x3F, 0xDB, 0xF8,
    0x50, 0x00, 0x00, 0x1A, 0x82, 0xFC, 0x1F, 0xC1, 0xFC, 0x1F, 0xC1, 0xFC, 0x1F, 0xC1, 0xFC, 0x1F,
    0xC1, 0xFC, 0x0F, 0xD0, 0xFD, 0x0F, 0xD0, 0xFD, 0x0F, 0xD0, 0xFD, 0x0F, 0xD0, 0x1B, 0x40, 0x03,
    0xF4, 0x00, 0x78, 0x00, 0x07, 0xC0, 0x00, 0x3F, 0xD0, 0x0B, 0xF9, 0x00, 0x24, 0x00, 0x00, 0x54,
    0x00, 0x2F, 0xC0, 0x01, 0xFC, 0x00, 0x1F, 0xC0, 0x01, 0xFC, 0x00, 0x1F, 0xC0, 0x01, 0xFC, 0x00,
    0x1F, 0xD0, 0x00, 0xFD, 0x00, 0x0F, 0xD0, 0x00, 0xFD, 0x00, 0x0F, 0xD0, 0x00, 0xFD, 0x00, 0x0F,
    0xE0, 0x00, 0xFE, 0x00, 0x0F, 0xF9, 0x40, 0xBF, 0xFE, 0x03, 0xFF, 0xF0, 0x0B, 0xFD, 0x00, 0x00,
    0x00, 0x00, 0x6D, 0x00, 0x00, 0xFD, 0x00, 0x02, 0xE0, 0x00, 0x01, 0xE0, 0x00, 0x00, 0xFF, 0x40,
    0x02, 0xFE, 0x40, 0x01, 0x90, 0x00, 0x00, 0x00, 0x00, 0x00, 0xBF, 0x40, 0x03, 0xFF, 0xE0, 0x0B,
    0xFF, 0xF4, 0x0F, 0xFB, 0xF8, 0x2F, 0xC2, 0xFC, 0x3F, 0x81, 0xFD, 0x3F, 0xD6, 0xFD, 0x2F, 0xFF,
    0xFD, 0x0F, 0xFF, 0xFC, 0x07, 0xFF, 0xFC, 0x00, 0x0B, 0xF8, 0x00, 0x7F, 0xF0, 0x3F, 0xFF, 0xD0,
    0x3F, 0xFF, 0x40, 0x3F, 0xF8, 0x00, 0x19, 0x40, 0x00, 0x00, 0x6D, 0x00, 0x00, 0x00, 0xFD, 0x00,
    0x00, 0x02, 0xE0, 0x00, 0x00, 0x01, 0xE0, 0x00, 0x00, 0x00, 0xFF, 0x40, 0x00, 0x02, 0xFE, 0x40,
    0x00, 0x01, 0x90, 0x00, 0x00, 0x00, 0x00, 0x00, 0x00, 0x00, 0xBF, 0x40, 0x00, 0x03, 0xFF, 0xE0,
    0x00, 0x0B, 0xFF, 0xF4, 0x00, 0x0F, 0xFB, 0xFC, 0x00, 0x2F, 0xC2, 0xFC, 0x00, 0x3F, 0x81, 0xFD,
    0x00, 0x3F, 0xD1, 0xFE, 0x50, 0x2F, 0xFF, 0xFF, 0xFC, 0x0F, 0xFF, 0xFF, 0xFC, 0x02, 0xFF, 0xFF,
    0xF8, 0x00, 0x0B, 0xF8, 0x00, 0x00, 0x7F, 0xF0, 0x00, 0x3F, 0xFF, 0xD0, 0x00, 0x3F, 0xFF, 0x40,
    0x00, 0x3F, 0xF8, 0x00, 0x00, 0x19, 0x40, 0x00, 0x00, 0x15, 0x0B, 0xF0, 0x7F, 0x07, 0xF0, 0x7F,
    0x07, 0xF0, 0x7F, 0x07, 0xF0, 0x7F, 0x07, 0xF0, 0x7F, 0x43, 0xF4, 0x3F, 0x43, 0xF4, 0x3F, 0x43,
    0xF4, 0x3F, 0x43, 0xF4, 0x3F, 0x40, 0x00, 0x0B, 0x43, 0xF8, 0x78, 0x03, 0xC0, 0x2F, 0xE7, 0xFD,
    0x24, 0x00, 0x15, 0x00, 0x2F, 0xC0, 0x07, 0xF0, 0x01, 0xFC, 0x00, 0x7F, 0x00, 0x1F, 0xC0, 0x07,
    0xF0, 0x01, 0xFD, 0x00, 0x3F, 0x40, 0x0F, 0xD0, 0x03, 0xF4, 0x00, 0xFD, 0x00, 0x3F, 0x40, 0x0F,
    0xE0, 0x03, 0xF8, 0x00, 0xFF, 0x94, 0x2F, 0xFF, 0x83, 0xFF, 0xF0, 0x2F, 0xF4, 0x00, 0x00, 0x0B,
    0x80, 0x0B, 0xF0, 0x03, 0xC0, 0x00, 0xF4, 0x00, 0x1F, 0xF0, 0x0F, 0xF8, 0x02, 0x40, 0x00, 0x00,
    0xB8, 0x00, 0x00, 0x00, 0x00, 0xFF, 0x00, 0x02, 0xFE, 0x00, 0x3C, 0x00, 0x0B, 0xFF, 0xF0, 0x0F,
    0x00, 0x0B, 0xFF, 0xF4, 0x01, 0xFF, 0x07, 0xFE, 0x6C, 0x00, 0xFF, 0x43, 0xFC, 0x00, 0x00, 0x24,
    0x01, 0xFC, 0x00, 0x00, 0x74, 0x00, 0x7F, 0x00, 0x00, 0x2F, 0xC0, 0x1F, 0xF4, 0x00, 0x0F, 0xE0,
    0x03, 0xFF, 0xE0, 0x03, 0xF4, 0x00, 0x2F, 0xFF, 0x41, 0xFC, 0x00, 0x00, 0xBF, 0xF0, 0x7F, 0x40,
    0x00, 0x03, 0xFC, 0x0F, 0xE0, 0x00, 0x00, 0xFF, 0x03, 0xFE, 0x00, 0x02, 0xFF, 0x40, 0xBF, 0xFF,
    0xBF, 0xFF, 0x80, 0x0B, 0xFF, 0xFF, 0xFF, 0x40, 0x00, 0x7F, 0xFF, 0xFE, 0x00, 0x00, 0x01, 0xAF,
    0xA4, 0x00, 0x00, 0x00, 0xB8, 0x00, 0x00, 0x00, 0x00, 0x3F, 0xC0, 0x00, 0x00, 0x00, 0x03, 0xC0,
    0x00, 0x00, 0x00, 0x00, 0x3C, 0x00, 0x00, 0x00, 0x00, 0x01, 0xFF, 0x00, 0x00, 0x00, 0x00, 0x3F,
    0xD0, 0x00, 0x00, 0x00, 0x02, 0x40, 0x00, 0x00, 0x00, 0x01, 0xD0, 0x00, 0x00, 0x00, 0x00, 0x2F,
    0xC0, 0x00, 0x39, 0x00, 0x03, 0xF8, 0x00, 0x03, 0xFE, 0x94, 0x3F, 0x40, 0x00, 0x7F, 0xFF, 0xF7,
    0xF0, 0x00, 0x03, 0xFF, 0xFF, 0x7F, 0x40, 0x00, 0x03, 0xFF, 0xE7, 0xF8, 0x00, 0x00, 0x2F, 0xC0,
    0x3F, 0xF0, 0x00, 0x07, 0xFC, 0x02, 0xFF, 0xFE, 0xBF, 0xFF, 0x40, 0x0F, 0xFF, 0xFF, 0xFF, 0xE0,
    0x00, 0x2F, 0xFF, 0xFF, 0xE0, 0x00, 0x00, 0x1A, 0xFE, 0x90, 0x00, 0x00, 0x0B, 0x80, 0xFE, 0x07,
    0xC0, 0x0F, 0x00, 0x2F, 0xE1, 0xFF, 0x42, 0x40, 0x00, 0x00, 0x01, 0x90, 0x3F, 0xC0, 0xBF, 0x01,
    0xFD, 0x03, 0xF4, 0x0F, 0xE0, 0x3F, 0x80, 0xFE, 0x5F, 0xF7, 0xFF, 0xCF, 0xFD, 0x3F, 0x80, 0x00,
    0x00, 0x01, 0xB0, 0x00, 0x07, 0xF0, 0x00, 0x0F, 0x40, 0x00, 0x0B, 0x80, 0x00, 0x03, 0xFC, 0x00,
    0x0F, 0xF8, 0x00, 0x05, 0x00, 0x00, 0x00, 0x00, 0x00, 0x00, 0x90, 0x00, 0x01, 0xFC, 0x00, 0x02,
    0xFC, 0x00, 0x03, 0xF8, 0x00, 0x03, 0xFC, 0x00, 0x5F, 0xFF, 0x54, 0xFF, 0xFF, 0xFD, 0xFF, 0xBF,
    0xFE, 0xFD, 0x0B, 0xFC, 0x00, 0x00, 0x00, 0x15, 0x2F, 0xC7, 0xF1, 0xFC, 0x7F, 0x1F, 0xC7, 0xF1,
    0xFC, 0x7F, 0x1F, 0xC7, 0xF4, 0xFD, 0x3F, 0x4F, 0xD3, 0xF4, 0xFD, 0x3F, 0x4F, 0xD3, 0xF4, 0x15,
    0x00, 0x2F, 0xC0, 0x07, 0xF0, 0x01, 0xFC, 0x00, 0x7F, 0x00, 0x1F, 0xC0, 0x07, 0xF0, 0x01, 0xFD,
    0x00, 0x3F, 0x40, 0x0F, 0xD0, 0x03, 0xF4, 0x00, 0xFD, 0x00, 0x3F, 0x40, 0x0F, 0xE0, 0x03, 0xF8,
    0x00, 0xFF, 0x94, 0x2F, 0xFF, 0x83, 0xFF, 0xF0, 0x2F, 0xF4, 0x00, 0x00, 0x00, 0x00, 0x00, 0x00,
    0x00, 0x00, 0x00, 0x00, 0x00, 0x00, 0x00, 0x1B, 0x41, 0x90, 0x00, 0x00, 0x00, 0x0F, 0xE0, 0xBE,
    0x00, 0x00, 0x00, 0x02, 0xFC, 0x3F, 0x40, 0x00, 0x00, 0x00, 0x7F, 0x0F, 0xD0, 0x00, 0x00, 0x00,
    0x0F, 0xD3, 0xF4, 0x00, 0x00, 0x00, 0x03, 0xF4, 0xFF, 0x00, 0x00, 0x00, 0x02, 0xFD, 0x3F, 0xF9,
    0x00, 0x00, 0x1B, 0xFF, 0x07, 0xFF, 0xFF, 0xFF, 0xFF, 0xFF, 0x80, 0xBF, 0xFF, 0xFF, 0xFF, 0xFF,
    0x80, 0x02, 0xFF, 0xFF, 0xFF, 0xFD, 0x00, 0x00, 0x01, 0x6A, 0x95, 0x40, 0x00, 0x00, 0x00, 0x00,
    0x00, 0x00, 0x00, 0x00, 0x00, 0x00, 0x00, 0x00, 0x00, 0x00, 0x00, 0x00, 0x06, 0x40, 0x00, 0x00,
    0x00, 0x00, 0x03, 0xF0, 0x00, 0x00, 0x00, 0x00, 0x00, 0xFC, 0x00, 0x00, 0x00, 0x00, 0x00, 0x1D,
    0x00, 0x00, 0x00, 0x19, 0x00, 0x00, 0x00, 0x00, 0x00, 0x00, 0x00, 0xBE, 0x00, 0x00, 0x00, 0x00,
    0x00, 0x00, 0x03, 0xF4, 0x00, 0x00, 0x00, 0x00, 0x78, 0x00, 0x0F, 0xD0, 0x00, 0x00, 0x00, 0x03,
    0xFC, 0x00, 0x3F, 0x40, 0x00, 0x00, 0x00, 0x3F, 0xE0, 0x00, 0xFF, 0x00, 0x00, 0x00, 0x0B, 0xFF,
    0xC0, 0x03, 0xFF, 0x90, 0x00, 0x16, 0xFF, 0xFF, 0xD5, 0x07, 0xFF, 0xFF, 0xFF, 0xFF, 0xFE, 0xFF,
    0xFD, 0x0B, 0xFF, 0xFF, 0xFF, 0xFF, 0xD1, 0xFF, 0xF8, 0x02, 0xFF, 0xFF, 0xFF, 0xE0, 0x00, 0xBF,
    0xC0, 0x00, 0x16, 0xA5, 0x40, 0x00, 0x00, 0x00, 0x00, 0x00, 0x00, 0x00, 0x00, 0x00, 0x00, 0x00,
    0x00, 0x00, 0x00, 0x00, 0x00, 0x00, 0x00, 0x00, 0x00, 0x00, 0x06, 0x40, 0x00, 0x00, 0x00, 0x00,
    0x00, 0x00, 0x3F, 0x00, 0x00, 0x00, 0x00, 0x00, 0x00, 0x01, 0xFC, 0x00, 0x00, 0x00, 0x00, 0x00,
    0x00, 0x02, 0xD0, 0x00, 0x00, 0x00, 0x00, 0x01, 0x90, 0x3F, 0xC0, 0xBF, 0x01, 0xFD, 0x03, 0xF4,
    0x0F, 0xE0, 0x3F, 0x80, 0xFE, 0x5F, 0xF7, 0xFF, 0xCF, 0xFD, 0x3F, 0x80, 0x00, 0x00, 0x00, 0x00,
    0xA0, 0x0B, 0xE0, 0x2F, 0xC0, 0x2C, 0x00, 0x00, 0x90, 0x00, 0x01, 0xFC, 0x00, 0x02, 0xFC, 0x00,
    0x03, 0xF8, 0x00, 0x03, 0xFC, 0x00, 0x5F, 0xFF, 0x54, 0xFF, 0xFF, 0xFD, 0xFF, 0xBF, 0xFE, 0xFD,
    0x0B, 0xFC, 0x00, 0x00, 0x00, 0x00, 0x00, 0x00, 0x01, 0x90, 0x00, 0x03, 0xF0, 0x00, 0x03, 0xF0,
    0x00, 0x02, 0xD0, 0x00, 0x00, 0x00, 0x00, 0x2E, 0x1F, 0x00, 0xFC, 0xFE, 0x03, 0xF2, 0xF4, 0x01,
    0x01, 0x40, 0x00, 0x00, 0x00, 0x00, 0x00, 0x00, 0x3D, 0x00, 0x03, 0xFD, 0x00, 0x0F, 0xFD, 0x00,
    0x3F, 0xFD, 0x03, 0xFF, 0xFC, 0x1F, 0xCB, 0xF4, 0xFD, 0x0F, 0xF3, 0xF0, 0x1F, 0xDF, 0xC0, 0x7F,
    0x7F, 0xDB, 0xF8, 0xFF, 0xFF, 0xD1, 0xFF, 0xFE, 0x01, 0xBF, 0xD0, 0x00, 0x00, 0x00, 0x00, 0x00,
    0x00, 0x00, 0x00, 0xF4, 0xB8, 0x00, 0x02, 0xF9, 0xFC, 0x00, 0x01, 0xF8, 0xFC, 0x00, 0x00, 0x50,
    0x10, 0x00, 0x00, 0x00, 0x00, 0x00, 0x00, 0x00, 0x00, 0x00, 0x00, 0x01, 0xA8, 0x00, 0x00, 0x01,
    0xFC, 0x00, 0x00, 0x07, 0xFC, 0x00, 0x00, 0xBF, 0xFD, 0x00, 0x07, 0xFF, 0xFD, 0x00, 0x1F, 0xFF,
    0xFD, 0x00, 0x3F, 0xD0, 0xFD, 0x00, 0x3F, 0x40, 0xFD, 0x00, 0x7F, 0x00, 0xFE, 0x00, 0x3F, 0xE5,
    0xFE, 0x00, 0x3F, 0xFF, 0xFF, 0x00, 0x1F, 0xFF, 0xFF, 0x94, 0x02, 0xFF, 0xFF, 0xFE, 0x00, 0x00,
    0x3F, 0xFF, 0x00, 0x00, 0x0B, 0xFD, 0x00, 0x00, 0x00, 0x00, 0x00, 0x00, 0x00, 0x00, 0x00, 0x00,
    0x00, 0x00, 0x0F, 0x87, 0xC0, 0x00, 0x00, 0x00, 0x07, 0xF3, 0xF4, 0x00, 0x00, 0x00, 0x00, 0xFC,
    0xFC, 0x00, 0x00, 0x00, 0x00, 0x04, 0x04, 0x00, 0x6D, 0x06, 0x40, 0x00, 0x00, 0x00, 0x3F, 0x82,
    0xF8, 0x00, 0x00, 0x00, 0x0B, 0xF0, 0xFD, 0x00, 0x00, 0x00, 0x01, 0xFC, 0x3F, 0x40, 0x00, 0x00,
    0x00, 0x3F, 0x4F, 0xD0, 0x00, 0x00, 0x00, 0x0F, 0xD3, 0xFC, 0x00, 0x00, 0x00, 0x0B, 0xF4, 0xFF,
    0xE4, 0x00, 0x00, 0x6F, 0xFC, 0x1F, 0xFF, 0xFF, 0xFF, 0xFF, 0xFE, 0x02, 0xFF, 0xFF, 0xFF, 0xFF,
    0xFE, 0x00, 0x0B, 0xFF, 0xFF, 0xFF, 0xF4, 0x00, 0x00, 0x05, 0xAA, 0x55, 0x00, 0x00, 0x00, 0x00,
    0x00, 0x00, 0x00, 0x00, 0x00, 0x00, 0x00, 0x00, 0x7C, 0x3D, 0x00, 0x00, 0x00, 0x00, 0x00, 0x03,
    0xF9, 0xFC, 0x00, 0x00, 0x00, 0x00, 0x00, 0x0B, 0xD7, 0xE0, 0x00, 0x00, 0x00, 0x00, 0x00, 0x05,
    0x05, 0x00, 0x00, 0x00, 0x00, 0x64, 0x00, 0x00, 0x00, 0x00, 0x00, 0x00, 0x02, 0xF8, 0x00, 0x00,
    0x00, 0x00, 0x00, 0x00, 0x0F, 0xD0, 0x00, 0x00, 0x00, 0x01, 0xE0, 0x00, 0x3F, 0x40, 0x00, 0x00,
    0x00, 0x0F, 0xF0, 0x00, 0xFD, 0x00, 0x00, 0x00, 0x00, 0xFF, 0x80, 0x03, 0xFC, 0x00, 0x00, 0x00,
    0x2F, 0xFF, 0x00, 0x0F, 0xFE, 0x40, 0x00, 0x5B, 0xFF, 0xFF, 0x54, 0x1F, 0xFF, 0xFF, 0xFF, 0xFF,
    0xFB, 0xFF, 0xF4, 0x2F, 0xFF, 0xFF, 0xFF, 0xFF, 0x47, 0xFF, 0xE0, 0x0B, 0xFF, 0xFF, 0xFF, 0x80,
    0x02, 0xFF, 0x00, 0x00, 0x5A, 0x95, 0x00, 0x00, 0x00, 0x00, 0x00, 0x00, 0x0B, 0x87, 0xC7, 0xF3,
    0xF4, 0xFC, 0xBD, 0x04, 0x04, 0x00, 0x00, 0x00, 0x06, 0x40, 0x0F, 0xF0, 0x02, 0xFC, 0x00, 0x7F,
    0x40, 0x0F, 0xD0, 0x03, 0xF8, 0x00, 0xFE, 0x00, 0x3F, 0x81, 0x7F, 0xD0, 0xFF, 0xF0, 0x3F, 0xF4,
    0x0F, 0xE0, 0x00, 0x00, 0x00, 0x00, 0x00, 0x00, 0x02, 0xF0, 0xF0, 0x00, 0xFD, 0xBE, 0x00, 0x3F,
    0x1F, 0x40, 0x01, 0x01, 0x40, 0x00, 0x00, 0x00, 0x00, 0x05, 0x40, 0x00, 0x03, 0xF4, 0x00, 0x00,
    0xFD, 0x00, 0x00, 0x7F, 0x00, 0x00, 0x3F, 0xD0, 0x01, 0x7F, 0xFE, 0x50, 0xFF, 0xFF, 0xFF, 0x3F,
    0xF7, 0xFF, 0xCF, 0xE0, 0x7F, 0xE0, 0x00, 0x00, 0x00, 0x00, 0x00, 0x00, 0x00, 0x00, 0x00, 0x00,
    0x00, 0x00, 0x7C, 0x00, 0x00, 0x00, 0x00, 0x00, 0x3F, 0x00, 0x00, 0x00, 0x00, 0x00, 0x07, 0xC0,
    0x00, 0x00, 0x00, 0x00, 0x09, 0x19, 0x00, 0x00, 0x00, 0x00, 0x0F, 0xCF, 0xC0, 0x00, 0x00, 0x00,
    0x02, 0xF3, 0xF0, 0x00, 0x00, 0x00, 0x00, 0x10, 0x10, 0x01, 0xB4, 0x19, 0x00, 0x00, 0x00, 0x00,
    0xFE, 0x0B, 0xE0, 0x00, 0x00, 0x00, 0x2F, 0xC3, 0xF4, 0x00, 0x00, 0x00, 0x07, 0xF0, 0xFD, 0x00,
    0x00, 0x00, 0x00, 0xFD, 0x3F, 0x40, 0x00, 0x00, 0x00, 0x3F, 0x4F, 0xF0, 0x00, 0x00, 0x00, 0x2F,
    0xD3, 0xFF, 0x90, 0x00, 0x01, 0xBF, 0xF0, 0x7F, 0xFF, 0xFF, 0xFF, 0xFF, 0xF8, 0x0B, 0xFF, 0xFF,
    0xFF, 0xFF, 0xF8, 0x00, 0x2F, 0xFF, 0xFF, 0xFF, 0xD0, 0x00, 0x00, 0x16, 0xA9, 0x54, 0x00, 0x00,
    0x00, 0x00, 0x00, 0x00, 0x00, 0x00, 0x00, 0x00, 0x00, 0x00, 0x03, 0xD0, 0x00, 0x00, 0x00, 0x00,
    0x00, 0x00, 0x1F, 0xC0, 0x00, 0x00, 0x00, 0x00, 0x00, 0x00, 0x3D, 0x00, 0x00, 0x00, 0x00, 0x00,
    0x00, 0x0A, 0x0A, 0x00, 0x00, 0x00, 0x00, 0x00, 0x00, 0x3E, 0x7E, 0x00, 0x00, 0x00, 0x00, 0x00,
    0x00, 0xF8, 0xF4, 0x00, 0x00, 0x00, 0x00, 0x00, 0x00, 0x40, 0x40, 0x00, 0x00, 0x00, 0x19, 0x00,
    0x00, 0x00, 0x00, 0x00, 0x00, 0x00, 0xBE, 0x00, 0x00, 0x00, 0x00, 0x00, 0x00, 0x03, 0xF4, 0x00,
    0x00, 0x00, 0x00, 0x78, 0x00, 0x0F, 0xD0, 0x00, 0x00, 0x00, 0x03, 0xFC, 0x00, 0x3F, 0x40, 0x00,
    0x00, 0x00, 0x3F, 0xE0, 0x00, 0xFF, 0x00, 0x00, 0x00, 0x0B, 0xFF, 0xC0, 0x03, 0xFF, 0x90, 0x00,
    0x16, 0xFF, 0xFF, 0xD5, 0x07, 0xFF, 0xFF, 0xFF, 0xFF, 0xFE, 0xFF, 0xFD, 0x0B, 0xFF, 0xFF, 0xFF,
    0xFF, 0xD1, 0xFF, 0xF8, 0x02, 0xFF, 0xFF, 0xFF, 0xE0, 0x00, 0xBF, 0xC0, 0x00, 0x16, 0xA5, 0x40,
    0x00, 0x00, 0x00, 0x00, 0x00, 0x00, 0x07, 0xC0, 0x0B, 0xD0, 0x07, 0xC0, 0x28, 0x64, 0xBD, 0xFC,
    0xBC, 0xBC, 0x10, 0x10, 0x00, 0x00, 0x01, 0x90, 0x0F, 0xF0, 0x0B, 0xF0, 0x07, 0xF4, 0x03, 0xF4,
    0x03, 0xF8, 0x03, 0xF8, 0x03, 0xF8, 0x5F, 0xF4, 0xFF, 0xF0, 0xFF, 0xD0, 0xFE, 0x00, 0x00, 0x00,
    0x00, 0x00, 0x00, 0x00, 0x0F, 0x00, 0x00, 0x07, 0xE0, 0x00, 0x00, 0xF0, 0x00, 0x02, 0x82, 0x80,
    0x01, 0xFA, 0xF4, 0x00, 0x7D, 0x7D, 0x00, 0x05, 0x05, 0x00, 0x00, 0x00, 0x00, 0x00, 0x15, 0x00,
    0x00, 0x0F, 0xD0, 0x00, 0x03, 0xF4, 0x00, 0x01, 0xFC, 0x00, 0x00, 0xFF, 0x40, 0x05, 0xFF, 0xF9,
    0x43, 0xFF, 0xFF, 0xFC, 0xFF, 0xDF, 0xFF, 0x3F, 0x81, 0xFF, 0x80, 0x00, 0x00, 0x00, 0x05, 0x54,
    0x00, 0x00, 0x0F, 0xFF, 0xF4, 0x00, 0x03, 0xFF, 0xFF, 0xE4, 0x00, 0xFF, 0xFF, 0xFF, 0xF4, 0x10,
    0x01, 0xBF, 0xFE, 0x00, 0x00, 0x1B, 0xFF, 0x80, 0x00, 0xBF, 0xFF, 0x90, 0x01, 0xFF, 0xF4, 0x00,
    0x02, 0xFF, 0x80, 0x00, 0x01, 0xFF, 0x40, 0x00, 0x00, 0xFF, 0x00, 0x00, 0x00, 0xBF, 0x00, 0x00,
    0x00, 0x3F, 0x40, 0x2D, 0x00, 0x1F, 0xC0, 0x2F, 0xC0, 0x0B, 0xF0, 0x0B, 0xF0, 0x02, 0xFC, 0x00,
    0xB4, 0x00, 0xBF, 0x00, 0x00, 0x00, 0x1F, 0xE0, 0x00, 0x00, 0x03, 0xFF, 0x00, 0x00, 0x90, 0x7F,
    0xFE, 0xAF, 0xFC, 0x07, 0xFF, 0xFF, 0xFF, 0x00, 0x7F, 0xFF, 0xFF, 0x80, 0x01, 0xAF, 0xE9, 0x00,
    0x05, 0x54, 0x00, 0x00, 0x00, 0x0F, 0xFF, 0xF4, 0x00, 0x00, 0x03, 0xFF, 0xFF, 0xE4, 0x00, 0x00,
    0xFF, 0xFF, 0xFF, 0xF4, 0x00, 0x10, 0x01, 0xBF, 0xFE, 0x00, 0x00, 0x00, 0x1B, 0xFF, 0x80, 0x00,
    0x00, 0xBF, 0xFF, 0x90, 0x00, 0x01, 0xFF, 0xFF, 0xC0, 0x00, 0x02, 0xFF, 0x81, 0xF8, 0x00, 0x01,
    0xFF, 0x40, 0x3F, 0xE5, 0x00, 0xFF, 0x00, 0x0B, 0xFF, 0xF4, 0xBF, 0x00, 0x00, 0xFF, 0xFD, 0x3F,
    0x40, 0x2D, 0x0B, 0xFF, 0x1F, 0xC0, 0x2F, 0xC0, 0x00, 0x0B, 0xF0, 0x0B, 0xF0, 0x00, 0x02, 0xFC,
    0x00, 0xB4, 0x00, 0x00, 0xBF, 0x00, 0x00, 0x00, 0x00, 0x1F, 0xE0, 0x00, 0x00, 0x00, 0x03, 0xFF,
    0x00, 0x00, 0x90, 0x00, 0x7F, 0xFE, 0xAF, 0xFC, 0x00, 0x07, 0xFF, 0xFF, 0xFF, 0x00, 0x00, 0x7F,
    0xFF, 0xFF, 0x80, 0x00, 0x01, 0xAF, 0xE9, 0x00, 0x00, 0x1B, 0xF9, 0x00, 0x00, 0x2F, 0xFF, 0xD0,
    0x00, 0x1F, 0xFF, 0xFE, 0x00, 0x0E, 0xAF, 0xFF, 0xF8, 0x00, 0x00, 0x7F, 0xFC, 0x00, 0x00, 0x2F,
    0xFC, 0x00, 0x06, 0xFF, 0xF8, 0x56, 0xFF, 0xFE, 0x00, 0xFF, 0xFF, 0xF0, 0x00, 0xFF, 0xFF, 0x40,
    0x00, 0xFF, 0x90, 0x00, 0x00, 0x00, 0x00, 0x00, 0x00, 0x00, 0x00, 0x00, 0x00, 0x00, 0x06, 0x40,
    0x00, 0x00, 0x0F, 0xC0, 0x00, 0x00, 0x0F, 0xC0, 0x00, 0x00, 0x07, 0x40, 0x00, 0x1B, 0xF9, 0x00,
    0x00, 0x00, 0xBF, 0xFF, 0x40, 0x00, 0x01, 0xFF, 0xFF, 0xE0, 0x00, 0x03, 0xAB, 0xFF, 0xFE, 0x00,
    0x00, 0x00, 0x7F, 0xFC, 0x00, 0x00, 0x00, 0xBF, 0xF0, 0x00, 0x00, 0x6F, 0xFF, 0x80, 0x15, 0xBF,
    0xFF, 0xFE, 0x50, 0xFF, 0xFF, 0xFB, 0xFF, 0xF3, 0xFF, 0xFD, 0x0B, 0xFF, 0xDF, 0xF9, 0x00, 0x07,
    0xFF, 0x00, 0x00, 0x00, 0x00, 0x00, 0x00, 0x00, 0x00, 0x00, 0x00, 0x00, 0x28, 0x00, 0x00, 0x00,
    0x02, 0xF8, 0x00, 0x00, 0x00, 0x0B, 0xF0, 0x00, 0x00, 0x00, 0x0B, 0x00, 0x00, 0x00, 0x05, 0x54,
    0x00, 0x00, 0x0F, 0xFF, 0xF4, 0x00, 0x03, 0xFF, 0xFF, 0xE4, 0x00, 0xFF, 0xFF, 0xFF, 0xF4, 0x10,
    0x01, 0xBF, 0xFE, 0x00, 0x00, 0x1B, 0xFF, 0x80, 0x00, 0xBF, 0xFF, 0x90, 0x01, 0xFF, 0xF4, 0x00,
    0x02, 0xFF, 0x80, 0x00, 0x01, 0xFF, 0x40, 0x00, 0x00, 0xFF, 0x00, 0x00, 0x00, 0xBF, 0x00, 0x00,
    0x00, 0x3F, 0x40, 0x00, 0x00, 0x1F, 0xC0, 0x00, 0x00, 0x0B, 0xF0, 0x00, 0x00, 0x02, 0xFC, 0x00,
    0x00, 0x00, 0xBF, 0x00, 0x00, 0x00, 0x1F, 0xE0, 0x00, 0x00, 0x03, 0xFF, 0x00, 0x00, 0x90, 0x7F,
    0xFE, 0xAF, 0xFC, 0x07, 0xFF, 0xFF, 0xFF, 0x00, 0x7F, 0xFF, 0xFF, 0x80, 0x01, 0xAF, 0xE9, 0x00,
    0x05, 0x54, 0x00, 0x00, 0x00, 0x0F, 0xFF, 0xF4, 0x00, 0x00, 0x03, 0xFF, 0xFF, 0xE4, 0x00, 0x00,
    0xFF, 0xFF, 0xFF, 0xF4, 0x00, 0x10, 0x01, 0xBF, 0xFE, 0x00, 0x00, 0x00, 0x1B, 0xFF, 0x80, 0x00,
    0x00, 0xBF, 0xFF, 0x90, 0x00, 0x01, 0xFF, 0xFF, 0xC0, 0x00, 0x02, 0xFF, 0x81, 0xF8, 0x00, 0x01,
    0xFF, 0x40, 0x3F, 0xE5, 0x00, 0xFF, 0x00, 0x0B, 0xFF, 0xF4, 0xBF, 0x00, 0x00, 0xFF, 0xFD, 0x3F,
    0x40, 0x00, 0x0B, 0xFF, 0x1F, 0xC0, 0x00, 0x00, 0x00, 0x0B, 0xF0, 0x00, 0x00, 0x00, 0x02, 0xFC,
    0x00, 0x00, 0x00, 0x00, 0xBF, 0x00, 0x00, 0x00, 0x00, 0x1F, 0xE0, 0x00, 0x00, 0x00, 0x03, 0xFF,
    0x00, 0x00, 0x90, 0x00, 0x7F, 0xFE, 0xAF, 0xFC, 0x00, 0x07, 0xFF, 0xFF, 0xFF, 0x00, 0x00, 0x7F,
    0xFF, 0xFF, 0x80, 0x00, 0x01, 0xAF, 0xE9, 0x00, 0x00, 0x1B, 0xF9, 0x00, 0x00, 0x2F, 0xFF, 0xD0,
    0x00, 0x1F, 0xFF, 0xFE, 0x00, 0x0E, 0xAF, 0xFF, 0xF8, 0x00, 0x00, 0x7F, 0xFC, 0x00, 0x00, 0x2F,
    0xFC, 0x00, 0x06, 0xFF, 0xF8, 0x56, 0xFF, 0xFE, 0x00, 0xFF, 0xFF, 0xF0, 0x00, 0xFF, 0xFF, 0x40,
    0x00, 0xFF, 0x90, 0x00, 0x00, 0x00, 0x00, 0x00, 0x00, 0x1B, 0xF9, 0x00, 0x00, 0x00, 0xBF, 0xFF,
    0x40, 0x00, 0x01, 0xFF, 0xFF, 0xE0, 0x00, 0x03, 0xAB, 0xFF, 0xFE, 0x00, 0x00, 0x00, 0x7F, 0xFC,
    0x00, 0x00, 0x00, 0xBF, 0xF0, 0x00, 0x00, 0x6F, 0xFF, 0x80, 0x15, 0xBF, 0xFF, 0xFE, 0x50, 0xFF,
    0xFF, 0xFB, 0xFF, 0xF3, 0xFF, 0xFD, 0x0B, 0xFF, 0xDF, 0xF9, 0x00, 0x07, 0xFF, 0x00, 0x00, 0x00,
    0x00, 0x00, 0x00, 0x00, 0x40, 0x00, 0x00, 0x00, 0xF8, 0x00, 0x00, 0x00, 0xBF, 0x00, 0x00, 0x00,
    0x1F, 0xC0, 0x00, 0x00, 0x00, 0x40, 0x00, 0x00, 0x00, 0x00, 0x00, 0x00, 0x55, 0x40, 0x00, 0x00,
    0xFF, 0xFF, 0x40, 0x00, 0x3F, 0xFF, 0xFE, 0x40, 0x0F, 0xFF, 0xFF, 0xFF, 0x41, 0x00, 0x1B, 0xFF,
    0xE0, 0x00, 0x01, 0xBF, 0xF8, 0x00, 0x0B, 0xFF, 0xF9, 0x00, 0x1F, 0xFF, 0x40, 0x00, 0x2F, 0xF8,
    0x00, 0x00, 0x1F, 0xF4, 0x00, 0x00, 0x0F, 0xF0, 0x00, 0x00, 0x0B, 0xF0, 0x00, 0x00, 0x03, 0xF4,
    0x00, 0x00, 0x01, 0xFC, 0x00, 0x00, 0x00, 0xBF, 0x00, 0x00, 0x00, 0x2F, 0xC0, 0x00, 0x00, 0x0B,
    0xF0, 0x00, 0x00, 0x01, 0xFE, 0x00, 0x00, 0x00, 0x3F, 0xF0, 0x00, 0x09, 0x07, 0xFF, 0xEA, 0xFF,
    0xC0, 0x7F, 0xFF, 0xFF, 0xF0, 0x07, 0xFF, 0xFF, 0xF8, 0x00, 0x1A, 0xFE, 0x90, 0x00, 0x00, 0x00,
    0x40, 0x00, 0x00, 0x00, 0x00, 0xF8, 0x00, 0x00, 0x00, 0x00, 0xBF, 0x00, 0x00, 0x00, 0x00, 0x1F,
    0xC0, 0x00, 0x00, 0x00, 0x00, 0x40, 0x00, 0x00, 0x00, 0x00, 0x00, 0x00, 0x00, 0x00, 0x55, 0x40,
    0x00, 0x00, 0x00, 0xFF, 0xFF, 0x40, 0x00, 0x00, 0x3F, 0xFF, 0xFE, 0x40, 0x00, 0x0F, 0xFF, 0xFF,
    0xFF, 0x40, 0x01, 0x00, 0x1B, 0xFF, 0xE0, 0x00, 0x00, 0x01, 0xBF, 0xF8, 0x00, 0x00, 0x0B, 0xFF,
    0xF9, 0x00, 0x00, 0x1F, 0xFF, 0xFC, 0x00, 0x00, 0x2F, 0xF8, 0x1F, 0x80, 0x00, 0x1F, 0xF4, 0x03,
    0xFE, 0x50, 0x0F, 0xF0, 0x00, 0xBF, 0xFF, 0x4B, 0xF0, 0x00, 0x0F, 0xFF, 0xD3, 0xF4, 0x00, 0x00,
    0xBF, 0xF1, 0xFC, 0x00, 0x00, 0x00, 0x00, 0xBF, 0x00, 0x00, 0x00, 0x00, 0x2F, 0xC0, 0x00, 0x00,
    0x00, 0x0B, 0xF0, 0x00, 0x00, 0x00, 0x01, 0xFE, 0x00, 0x00, 0x00, 0x00, 0x3F, 0xF0, 0x00, 0x09,
    0x00, 0x07, 0xFF, 0xEA, 0xFF, 0xC0, 0x00, 0x7F, 0xFF, 0xFF, 0xF0, 0x00, 0x07, 0xFF, 0xFF, 0xF8,
    0x00, 0x00, 0x1A, 0xFE, 0x90, 0x00, 0x00, 0x00, 0x40, 0x00, 0x00, 0x03, 0xF0, 0x00, 0x00, 0x07,
    0xF0, 0x00, 0x00, 0x03, 0xF0, 0x00, 0x00, 0x00, 0x40, 0x00, 0x00, 0x00, 0x00, 0x00, 0x00, 0x00,
    0x00, 0x00, 0x00, 0x1B, 0xF9, 0x00, 0x00, 0x2F, 0xFF, 0xD0, 0x00, 0x1F, 0xFF, 0xFE, 0x00, 0x0E,
    0xAF, 0xFF, 0xF8, 0x00, 0x00, 0x7F, 0xFC, 0x00, 0x00, 0x2F, 0xFC, 0x00, 0x06, 0xFF, 0xF8, 0x56,
    0xFF, 0xFE, 0x00, 0xFF, 0xFF, 0xF0, 0x00, 0xFF, 0xFF, 0x40, 0x00, 0xFF, 0x90, 0x00, 0x00, 0x00,
    0x00, 0x00, 0x00, 0x00, 0x40, 0x00, 0x00, 0x00, 0x0F, 0x80, 0x00, 0x00, 0x00, 0xBF, 0x00, 0x00,
    0x00, 0x01, 0xFC, 0x00, 0x00, 0x00, 0x00, 0x40, 0x00, 0x00, 0x00, 0x00, 0x00, 0x00, 0x00, 0x00,
    0x00, 0x00, 0x00, 0x00, 0x06, 0xFE, 0x40, 0x00, 0x00, 0x2F, 0xFF, 0xD0, 0x00, 0x00, 0x7F, 0xFF,
    0xF8, 0x00, 0x00, 0xEA, 0xFF, 0xFF, 0x80, 0x00, 0x00, 0x1F, 0xFF, 0x00, 0x00, 0x00, 0x2F, 0xFC,
    0x00, 0x00, 0x1B, 0xFF, 0xE0, 0x05, 0x6F, 0xFF, 0xFF, 0x94, 0x3F, 0xFF, 0xFE, 0xFF, 0xFC, 0xFF,
    0xFF, 0x42, 0xFF, 0xF7, 0xFE, 0x40, 0x01, 0xFF, 0xC0, 0x00, 0x00, 0x00, 0x00, 0x00, 0x00, 0x02,
    0x40, 0x00, 0x1F, 0xC0, 0x00, 0x2F, 0xE0, 0x00, 0x0F, 0xF0, 0x00, 0x07, 0xF8, 0x00, 0x02, 0xFC,
    0x00, 0x01, 0xFD, 0x00, 0x00, 0xFF, 0x00, 0x00, 0xFF, 0x0E, 0x56, 0xFF, 0x2F, 0xFF, 0xFE, 0x3F,
    0xFF, 0xFC, 0x1B, 0xFF, 0xD0, 0x00, 0x00, 0x00, 0x00, 0x02, 0x40, 0x00, 0x00, 0x07, 0xF0, 0x00,
    0x00, 0x02, 0xFE, 0x00, 0x00, 0x00, 0x3F, 0xC0, 0x00, 0x00, 0x07, 0xF8, 0x00, 0x00, 0x00, 0xFF,
    0x00, 0x00, 0x00, 0x1F, 0xD0, 0x00, 0x00, 0x03, 0xFC, 0x00, 0x00, 0x00, 0xFF, 0x00, 0x03, 0x95,
    0xBF, 0xF9, 0x02, 0xFF, 0xFF, 0xFF, 0xF0, 0xFF, 0xFF, 0xFF, 0xFD, 0x1B, 0xFF, 0xD1, 0xFF, 0x00,
    0x00, 0x00, 0x00, 0x00, 0x00, 0x10, 0x00, 0x00, 0xFC, 0x00, 0x00, 0xFD, 0x00, 0x00, 0xFC, 0x00,
    0x00, 0x10, 0x00, 0x00, 0x00, 0x00, 0x00, 0x02, 0x40, 0x00, 0x1F, 0xC0, 0x00, 0x2F, 0xE0, 0x00,
    0x0F, 0xF0, 0x00, 0x07, 0xF8, 0x00, 0x02, 0xFC, 0x00, 0x01, 0xFD, 0x00, 0x00, 0xFF, 0x00, 0x00,
    0xFF, 0x0E, 0x56, 0xFF, 0x2F, 0xFF, 0xFE, 0x3F, 0xFF, 0xFC, 0x1B, 0xFF, 0xD0, 0x00, 0x00, 0x00,
    0x00, 0x10, 0x00, 0x00, 0x00, 0x3F, 0x00, 0x00, 0x00, 0x0F, 0xD0, 0x00, 0x00, 0x03, 0xF0, 0x00,
    0x00, 0x00, 0x10, 0x00, 0x00, 0x00, 0x00, 0x00, 0x00, 0x00, 0x00, 0x24, 0x00, 0x00, 0x00, 0x7F,
    0x00, 0x00, 0x00, 0x2F, 0xE0, 0x00, 0x00, 0x03, 0xFC, 0x00, 0x00, 0x00, 0x7F, 0x80, 0x00, 0x00,
    0x0F, 0xF0, 0x00, 0x00, 0x01, 0xFD, 0x00, 0x00, 0x00, 0x3F, 0xC0, 0x00, 0x00, 0x0F, 0xF0, 0x00,
    0x39, 0x5B, 0xFF, 0x90, 0x2F, 0xFF, 0xFF, 0xFF, 0x0F, 0xFF, 0xFF, 0xFF, 0xD1, 0xBF, 0xFD, 0x1F,
    0xF0, 0x00, 0x00, 0x00, 0x00, 0x00, 0x01, 0x00, 0x01, 0xF4, 0x00, 0x3F, 0xC0, 0x02, 0xFC, 0x00,
    0x1F, 0xD0, 0x00, 0xFE, 0x00, 0x0F, 0xE0, 0x00, 0xFE, 0x00, 0x0F, 0xD0, 0x03, 0xFC, 0x00, 0xFF,
    0x80, 0x7F, 0xF0, 0xBF, 0xFC, 0x07, 0xFF, 0x00, 0x3F, 0x40, 0x01, 0x40, 0x00, 0x00, 0x01, 0x00,
    0x00, 0x00, 0x7D, 0x00, 0x00, 0x03, 0xFC, 0x00, 0x00, 0x0B, 0xF0, 0x00, 0x00, 0x1F, 0xD0, 0x00,
    0x00, 0x3F, 0xC0, 0x00, 0x00, 0xFF, 0xD4, 0x00, 0x03, 0xFF, 0xFC, 0x00, 0x0F, 0xFF, 0xF0, 0x00,
    0xBF, 0x7F, 0x80, 0x0B, 0xF8, 0x00, 0x01, 0xFF, 0xC0, 0x00, 0x7F, 0xFC, 0x00, 0x02, 0xFF, 0xC0,
    0x00, 0x03, 0xF4, 0x00, 0x00, 0x09, 0x00, 0x00, 0x00, 0x00, 0x00, 0x00, 0x02, 0xF4, 0x00, 0x3F,
    0x80, 0x02, 0xF4, 0x00, 0x05, 0x00, 0x00, 0x00, 0x00, 0x00, 0x00, 0x00, 0x10, 0x00, 0x1F, 0x40,
    0x03, 0xFC, 0x00, 0x2F, 0xC0, 0x01, 0xFD, 0x00, 0x0F, 0xE0, 0x00, 0xFE, 0x00, 0x0F, 0xE0, 0x00,
    0xFD, 0x00, 0x3F, 0xC0, 0x0F, 0xF8, 0x07, 0xFF, 0x0B, 0xFF, 0xC0, 0x7F, 0xF0, 0x03, 0xF4, 0x00,
    0x14, 0x00, 0x00, 0x00, 0x04, 0x00, 0x00, 0x00, 0xFC, 0x00, 0x00, 0x07, 0xF4, 0x00, 0x00, 0x0F,
    0xC0, 0x00, 0x00, 0x04, 0x00, 0x00, 0x00, 0x00, 0x00, 0x00, 0x00, 0x00, 0x00, 0x00, 0x00, 0x40,
    0x00, 0x00, 0x1F, 0x40, 0x00, 0x00, 0xFF, 0x00, 0x00, 0x02, 0xFC, 0x00, 0x00, 0x07, 0xF4, 0x00,
    0x00, 0x0F, 0xF0, 0x00, 0x00, 0x3F, 0xF5, 0x00, 0x00, 0xFF, 0xFF, 0x00, 0x03, 0xFF, 0xFC, 0x00,
    0x2F, 0xDF, 0xE0, 0x02, 0xFE, 0x00, 0x00, 0x7F, 0xF0, 0x00, 0x1F, 0xFF, 0x00, 0x00, 0xBF, 0xF0,
    0x00, 0x00, 0xFD, 0x00, 0x00, 0x02, 0x40, 0x00, 0x00, 0x00, 0x00, 0x00, 0x00, 0x00, 0x00, 0x00,
    0x00, 0x06, 0x00, 0x00, 0x00, 0x00, 0x00, 0x00, 0x00, 0x2F, 0xC0, 0x00, 0x00, 0x00, 0x00, 0x00,
    0x00, 0x0B, 0xF4, 0x00, 0x00, 0x00, 0x04, 0x00, 0x14, 0x00, 0xFE, 0x00, 0x00, 0x00, 0x7F, 0x40,
    0x0F, 0xD0, 0x3F, 0x80, 0x00, 0x00, 0x0F, 0xE0, 0x03, 0xF0, 0x0B, 0xF1, 0xD0, 0x00, 0x03, 0xFC,
    0x01, 0xFC, 0x02, 0xFC, 0xBF, 0x00, 0x00, 0xBF, 0x00, 0xFF, 0x00, 0xBF, 0x3F, 0x80, 0x00, 0x1F,
    0xF5, 0xBF, 0xE5, 0xBF, 0xCF, 0xD0, 0x00, 0x03, 0xFF, 0xFF, 0xFF, 0xFF, 0xD7, 0xF0, 0x00, 0x00,
    0xFF, 0xFF, 0xEF, 0xFF, 0xE1, 0xFD, 0x00, 0x00, 0x7F, 0xBF, 0xD1, 0xFF, 0xD0, 0x3F, 0x80, 0x00,
    0x3F, 0xC0, 0x00, 0x00, 0x00, 0x0F, 0xF8, 0x00, 0x2F, 0xE0, 0x00, 0x00, 0x00, 0x02, 0xFF, 0xFA,
    0xFF, 0xF0, 0x00, 0x00, 0x00, 0x00, 0x3F, 0xFF, 0xFF, 0xF0, 0x00, 0x00, 0x00, 0x00, 0x02, 0xFF,
    0xFF, 0xE0, 0x00, 0x00, 0x00, 0x00, 0x00, 0x06, 0xFE, 0x40, 0x00, 0x00, 0x00, 0x00, 0x00, 0x00,
    0x00, 0x00, 0x00, 0x00, 0x00, 0x00, 0x00, 0x00, 0x00, 0x00, 0x00, 0x00, 0x00, 0x00, 0x00, 0x03,
    0xF4, 0x00, 0x00, 0x00, 0x00, 0x01, 0x00, 0x05, 0x00, 0x2F, 0x80, 0x00, 0x00, 0x00, 0x07, 0xF4,
    0x00, 0xFD, 0x02, 0xF8, 0x00, 0x00, 0x00, 0x00, 0x3F, 0x80, 0x0F, 0xC0, 0x2F, 0xC0, 0x01, 0xD0,
    0x00, 0x03, 0xFC, 0x01, 0xFC, 0x02, 0xFC, 0x00, 0x2F, 0xC0, 0x00, 0x2F, 0xC0, 0x3F, 0xC0, 0x2F,
    0xE0, 0x03, 0xF8, 0x00, 0x01, 0xFF, 0x5B, 0xFE, 0x5B, 0xFF, 0x94, 0x3F, 0x40, 0x00, 0x0F, 0xFF,
    0xFF, 0xFF, 0xFF, 0xFF, 0xF7, 0xF0, 0x00, 0x00, 0xFF, 0xFF, 0xEF, 0xFF, 0xEF, 0xFF, 0x7F, 0x40,
    0x00, 0x1F, 0xEF, 0xF4, 0x7F, 0xF4, 0x2F, 0xD3, 0xF8, 0x00, 0x03, 0xFC, 0x00, 0x00, 0x00, 0x00,
    0x00, 0x3F, 0xE0, 0x00, 0xBF, 0x80, 0x00, 0x00, 0x00, 0x00, 0x02, 0xFF, 0xFA, 0xFF, 0xF0, 0x00,
    0x00, 0x00, 0x00, 0x00, 0x0F, 0xFF, 0xFF, 0xFC, 0x00, 0x00, 0x00, 0x00, 0x00, 0x00, 0x2F, 0xFF,
    0xFE, 0x00, 0x00, 0x00, 0x00, 0x00, 0x00, 0x00, 0x1B, 0xF9, 0x00, 0x00, 0x00, 0x00, 0x00, 0x00,
    0x00, 0x00, 0x00, 0x00, 0x00, 0x01, 0x80, 0x00, 0x00, 0x00, 0x00, 0x7F, 0x80, 0x00, 0x00, 0x00,
    0x00, 0xFF, 0x00, 0x00, 0x00, 0x10, 0x02, 0xFC, 0x02, 0xF8, 0x02, 0xFC, 0x07, 0xF0, 0x0B, 0xE0,
    0x0B, 0xE0, 0x0F, 0xD0, 0x3F, 0x80, 0x3F, 0x80, 0x3F, 0x41, 0xFE, 0x01, 0xFE, 0x00, 0xFD, 0x6F,
    0xFE, 0x5F, 0xFE, 0x5F, 0xF7, 0xFF, 0xFF, 0xFF, 0xFF, 0xFF, 0xCF, 0xFF, 0xFF, 0xFF, 0xFF, 0xFC,
    0x3F, 0x83, 0xFF, 0x83, 0xFF, 0x80, 0x00, 0x00, 0x00, 0x00, 0x00, 0x00, 0x00, 0x00, 0x00, 0x00,
    0x00, 0x00, 0x00, 0x00, 0x00, 0x00, 0x00, 0x07, 0xF0, 0x00, 0x00, 0x00, 0x00, 0x40, 0x03, 0xF0,
    0x00, 0x02, 0xF8, 0x02, 0xFC, 0x03, 0xF0, 0x00, 0x02, 0xF8, 0x02, 0xF8, 0x03, 0xF4, 0x00, 0x03,
    0xF8, 0x03, 0xF8, 0x03, 0xF8, 0x00, 0x07, 0xF8, 0x07, 0xF8, 0x03, 0xFC, 0x00, 0x6F, 0xFE, 0x5F,
    0xFE, 0x5F, 0xFF, 0x90, 0xFF, 0xFF, 0xFF, 0xFF, 0xFF, 0xFF, 0xFD, 0xFF, 0xFF, 0xFF, 0xFF, 0xFF,
    0x6F, 0xFD, 0xFE, 0x1F, 0xFE, 0x0F, 0xFD, 0x07, 0xFC, 0x00, 0x00, 0x00, 0x00, 0x00, 0x00, 0x00,
    0x00, 0x00, 0x00, 0x00, 0x00, 0x00, 0x00, 0x00, 0x00, 0x00, 0x00, 0x00, 0x00, 0x0F, 0x40, 0x00,
    0x00, 0x00, 0x00, 0x00, 0x00, 0x07, 0xE0, 0x00, 0x00, 0x00, 0x00, 0x00, 0x00, 0x00, 0xF4, 0x00,
    0x00, 0x00, 0x00, 0x00, 0x00, 0x02, 0x82, 0x80, 0x00, 0x00, 0x00, 0x00, 0x00, 0x01, 0xF9, 0xF8,
    0x00, 0x00, 0x00, 0x00, 0x00, 0x00, 0x3E, 0x7D, 0x00, 0x00, 0x00, 0x00, 0x00, 0x00, 0x01, 0x01,
    0x00, 0x18, 0x00, 0x00, 0x00, 0x00, 0x00, 0x00, 0x00, 0xBF, 0x00, 0x00, 0x00, 0x00, 0x00, 0x00,
    0x00, 0x2F, 0xD0, 0x00, 0x00, 0x00, 0x10, 0x00, 0x50, 0x03, 0xF8, 0x00, 0x00, 0x01, 0xFD, 0x00,
    0x3F, 0x40, 0xFE, 0x00, 0x00, 0x00, 0x3F, 0x80, 0x0F, 0xC0, 0x2F, 0xC7, 0x40, 0x00, 0x0F, 0xF0,
    0x07, 0xF0, 0x0B, 0xF2, 0xFC, 0x00, 0x02, 0xFC, 0x03, 0xFC, 0x02, 0xFC, 0xFE, 0x00, 0x00, 0x7F,
    0xD6, 0xFF, 0x96, 0xFF, 0x3F, 0x40, 0x00, 0x0F, 0xFF, 0xFF, 0xFF, 0xFF, 0x5F, 0xC0, 0x00, 0x03,
    0xFF, 0xFF, 0xBF, 0xFF, 0x87, 0xF4, 0x00, 0x01, 0xFE, 0xFF, 0x47, 0xFF, 0x40, 0xFE, 0x00, 0x00,
    0xFF, 0x00, 0x00, 0x00, 0x00, 0x3F, 0xE0, 0x00, 0xBF, 0x80, 0x00, 0x00, 0x00, 0x0B, 0xFF, 0xEB,
    0xFF, 0xC0, 0x00, 0x00, 0x00, 0x00, 0xFF, 0xFF, 0xFF, 0xC0, 0x00, 0x00, 0x00, 0x00, 0x0B, 0xFF,
    0xFF, 0x80, 0x00, 0x00, 0x00, 0x00, 0x00, 0x1B, 0xF9, 0x00, 0x00, 0x00, 0x00, 0x00, 0x00, 0x00,
    0x00, 0x00, 0x00, 0x00, 0x00, 0x00, 0x00, 0x00, 0x00, 0x00, 0x00, 0x00, 0x00, 0x03, 0xD0, 0x00,
    0x00, 0x00, 0x00, 0x00, 0x00, 0x00, 0x00, 0x7E, 0x00, 0x00, 0x00, 0x00, 0x00, 0x00, 0x00, 0x00,
    0x03, 0xD0, 0x00, 0x00, 0x00, 0x00, 0x00, 0x00, 0x00, 0x02, 0x82, 0x80, 0x00, 0x00, 0x00, 0x00,
    0x00, 0x00, 0x00, 0x7E, 0x7E, 0x00, 0x00, 0x00, 0x00, 0x00, 0x00, 0x00, 0x03, 0xE7, 0xD0, 0x00,
    0x00, 0x00, 0x00, 0x00, 0x00, 0x00, 0x04, 0x04, 0x00, 0x00, 0x00, 0x00, 0x00, 0x00, 0x00, 0x00,
    0x00, 0x00, 0x00, 0x00, 0x00, 0x00, 0x00, 0x00, 0x00, 0x00, 0x00, 0x03, 0xF4, 0x00, 0x00, 0x00,
    0x00, 0x01, 0x00, 0x05, 0x00, 0x2F, 0x80, 0x00, 0x00, 0x00, 0x07, 0xF4, 0x00, 0xFD, 0x02, 0xF8,
    0x00, 0x00, 0x00, 0x00, 0x3F, 0x80, 0x0F, 0xC0, 0x2F, 0xC0, 0x01, 0xD0, 0x00, 0x03, 0xFC, 0x01,
    0xFC, 0x02, 0xFC, 0x00, 0x2F, 0xC0, 0x00, 0x2F, 0xC0, 0x3F, 0xC0, 0x2F, 0xE0, 0x03, 0xF8, 0x00,
    0x01, 0xFF, 0x5B, 0xFE, 0x5B, 0xFF, 0x94, 0x3F, 0x40, 0x00, 0x0F, 0xFF, 0xFF, 0xFF, 0xFF, 0xFF,
    0xF7, 0xF0, 0x00, 0x00, 0xFF, 0xFF, 0xEF, 0xFF, 0xEF, 0xFF, 0x7F, 0x40, 0x00, 0x1F, 0xEF, 0xF4,
    0x7F, 0xF4, 0x2F, 0xD3, 0xF8, 0x00, 0x03, 0xFC, 0x00, 0x00, 0x00, 0x00, 0x00, 0x3F, 0xE0, 0x00,
    0xBF, 0x80, 0x00, 0x00, 0x00, 0x00, 0x02, 0xFF, 0xFA, 0xFF, 0xF0, 0x00, 0x00, 0x00, 0x00, 0x00,
    0x0F, 0xFF, 0xFF, 0xFC, 0x00, 0x00, 0x00, 0x00, 0x00, 0x00, 0x2F, 0xFF, 0xFE, 0x00, 0x00, 0x00,
    0x00, 0x00, 0x00, 0x00, 0x1B, 0xF9, 0x00, 0x00, 0x00, 0x00, 0x00, 0x00, 0x00, 0x00, 0x00, 0x00,
    0x00, 0x00, 0x00, 0x00, 0x00, 0x03, 0xD0, 0x00, 0x00, 0x00, 0x00, 0x1F, 0x80, 0x00, 0x00, 0x00,
    0x00, 0x3D, 0x00, 0x00, 0x00, 0x00, 0x0A, 0x0A, 0x00, 0x00, 0x00, 0x00, 0x7E, 0xBD, 0x00, 0x00,
    0x00, 0x01, 0xF5, 0xF4, 0x00, 0x00, 0x00, 0x00, 0x41, 0x40, 0x60, 0x00, 0x00, 0x00, 0x00, 0x1F,
    0xE0, 0x00, 0x00, 0x00, 0x00, 0x3F, 0xC0, 0x00, 0x00, 0x04, 0x00, 0xBF, 0x00, 0xBE, 0x00, 0xBF,
    0x01, 0xFC, 0x02, 0xF8, 0x02, 0xF8, 0x03, 0xF4, 0x0F, 0xE0, 0x0F, 0xE0, 0x0F, 0xD0, 0x7F, 0x80,
    0x7F, 0x80, 0x3F, 0x5B, 0xFF, 0x97, 0xFF, 0x97, 0xFD, 0xFF, 0xFF, 0xFF, 0xFF, 0xFF, 0xF3, 0xFF,
    0xFF, 0xFF, 0xFF, 0xFF, 0x0F, 0xE0, 0xFF, 0xE0, 0xFF, 0xE0, 0x00, 0x00, 0x00, 0x00, 0x00, 0x00,
    0x00, 0x00, 0x00, 0x00, 0x00, 0x00, 0x00, 0x00, 0x00, 0x01, 0xF0, 0x00, 0x00, 0x00, 0x00, 0x00,
    0x02, 0xF4, 0x00, 0x00, 0x00, 0x00, 0x00, 0x01, 0xF0, 0x00, 0x00, 0x00, 0x00, 0x00, 0x0A, 0x09,
    0x00, 0x00, 0x00, 0x00, 0x00, 0x2F, 0x7F, 0x00, 0x00, 0x00, 0x00, 0x00, 0x2F, 0x2F, 0x00, 0x00,
    0x00, 0x00, 0x00, 0x04, 0x04, 0x00, 0x00, 0x00, 0x00, 0x00, 0x00, 0x00, 0x00, 0x00, 0x00, 0x00,
    0x00, 0x00, 0x00, 0x07, 0xF0, 0x00, 0x00, 0x00, 0x00, 0x40, 0x03, 0xF0, 0x00, 0x02, 0xF8, 0x02,
    0xFC, 0x03, 0xF0, 0x00, 0x02, 0xF8, 0x02, 0xF8, 0x03, 0xF4, 0x00, 0x03, 0xF8, 0x03, 0xF8, 0x03,
    0xF8, 0x00, 0x07, 0xF8, 0x07, 0xF8, 0x03, 0xFC, 0x00, 0x6F, 0xFE, 0x5F, 0xFE, 0x5F, 0xFF, 0x90,
    0xFF, 0xFF, 0xFF, 0xFF, 0xFF, 0xFF, 0xFD, 0xFF, 0xFF, 0xFF, 0xFF, 0xFF, 0x6F, 0xFD, 0xFE, 0x1F,
    0xFE, 0x0F, 0xFD, 0x07, 0xFC, 0x00, 0x00, 0x00, 0x00, 0x00, 0x00, 0x00, 0x00, 0x00, 0x00, 0x00,
    0x00, 0x00, 0x07, 0xFE, 0x00, 0x00, 0x00, 0x00, 0x00, 0x00, 0x01, 0xFF, 0xFF, 0x00, 0x00, 0x00,
    0x00, 0x10, 0x00, 0x2F, 0xFF, 0xFF, 0x00, 0x00, 0x00, 0x1F, 0xD0, 0x03, 0xFF, 0xEB, 0xFD, 0x00,
    0x00, 0x00, 0x3F, 0x80, 0x3F, 0xF4, 0x03, 0xF8, 0x74, 0x00, 0x00, 0xFF, 0x02, 0xFE, 0x00, 0x0F,
    0xE2, 0xFC, 0x00, 0x02, 0xFD, 0x1F, 0xE0, 0x00, 0x7F, 0x4F, 0xE0, 0x00, 0x07, 0xFE, 0xFF, 0x01,
    0x6F, 0xFC, 0x3F, 0x40, 0x00, 0x0F, 0xFF, 0xFF, 0xFF, 0xFF, 0xD1, 0xFC, 0x00, 0x00, 0x3F, 0xFF,
    0xFF, 0xFF, 0xFD, 0x07, 0xF4, 0x00, 0x01, 0xFD, 0xBF, 0xFF, 0xFE, 0x40, 0x0F, 0xE0, 0x00, 0x0F,
    0xF0, 0x01, 0x54, 0x00, 0x00, 0x3F, 0xE0, 0x00, 0xFF, 0x80, 0x00, 0x00, 0x00, 0x00, 0xBF, 0xFE,
    0xFF, 0xFC, 0x00, 0x00, 0x00, 0x00, 0x00, 0xBF, 0xFF, 0xFF, 0xC0, 0x00, 0x00, 0x00, 0x00, 0x00,
    0xBF, 0xFF, 0xF8, 0x00, 0x00, 0x00, 0x00, 0x00, 0x00, 0x1A, 0xE9, 0x00, 0x00, 0x00, 0x00, 0x00,
    0x00, 0x00, 0x00, 0x00, 0x00, 0x00, 0x00, 0x07, 0xFE, 0x00, 0x00, 0x00, 0x00, 0x00, 0x00, 0x00,
    0x01, 0xFF, 0xFF, 0x00, 0x00, 0x00, 0x00, 0x00, 0x10, 0x00, 0x2F, 0xFF, 0xFF, 0x00, 0x00, 0x00,
    0x00, 0x1F, 0xD0, 0x03, 0xFF, 0xEB, 0xFD, 0x00, 0x00, 0x00, 0x00, 0x3F, 0x80, 0x3F, 0xF4, 0x03,
    0xF8, 0x00, 0x74, 0x00, 0x00, 0xFF, 0x02, 0xFE, 0x00, 0x0F, 0xE0, 0x02, 0xFC, 0x00, 0x02, 0xFD,
    0x1F, 0xE0, 0x00, 0x7F, 0x40, 0x0F, 0xE0, 0x00, 0x07, 0xFE, 0xFF, 0x01, 0x6F, 0xFE, 0x50, 0x3F,
    0x40, 0x00, 0x0F, 0xFF, 0xFF, 0xFF, 0xFF, 0xFF, 0xF1, 0xFC, 0x00, 0x00, 0x3F, 0xFF, 0xFF, 0xFF,
    0xFF, 0xFF, 0xC7, 0xF4, 0x00, 0x01, 0xFD, 0xBF, 0xFF, 0xFE, 0x5B, 0xFE, 0x0F, 0xE0, 0x00, 0x0F,
    0xF0, 0x01, 0x54, 0x00, 0x00, 0x00, 0x3F, 0xE0, 0x00, 0xFF, 0x80, 0x00, 0x00, 0x00, 0x00, 0x00,
    0xBF, 0xFE, 0xFF, 0xFC, 0x00, 0x00, 0x00, 0x00, 0x00, 0x00, 0xBF, 0xFF, 0xFF, 0xC0, 0x00, 0x00,
    0x00, 0x00, 0x00, 0x00, 0xBF, 0xFF, 0xF8, 0x00, 0x00, 0x00, 0x00, 0x00, 0x00, 0x00, 0x1A, 0xE9,
    0x00, 0x00, 0x00, 0x00, 0x00, 0x00, 0x00, 0x00, 0x00, 0x00, 0x01, 0xBE, 0x40, 0x00, 0x00, 0x00,
    0x1F, 0xFF, 0xF0, 0x00, 0x00, 0x00, 0xBF, 0xFF, 0xF8, 0x03, 0xF4, 0x03, 0xFF, 0xEB, 0xFC, 0x03,
    0xF4, 0x0F, 0xFD, 0x01, 0xFD, 0x07, 0xF0, 0x3F, 0xF0, 0x00, 0xFD, 0x0F, 0xF0, 0xBF, 0x80, 0x02,
    0xFC, 0x6F, 0xFE, 0xFF, 0x00, 0x5F, 0xFC, 0xFF, 0xFF, 0xFF, 0xFF, 0xFF, 0xF4, 0xFF, 0x7F, 0xFF,
    0xFF, 0xFF, 0xD0, 0xF8, 0x0B, 0xFF, 0xFF, 0xFD, 0x00, 0x00, 0x00, 0x15, 0x55, 0x00, 0x00, 0x00,
    0x00, 0x00, 0x01, 0xBE, 0x40, 0x00, 0x00, 0x00, 0x00, 0x1F, 0xFF, 0xF0, 0x00, 0x00, 0x00, 0x00,
    0xBF, 0xFF, 0xF8, 0x00, 0x03, 0xF4, 0x03, 0xFF, 0xEB, 0xFC, 0x00, 0x03, 0xF4, 0x0F, 0xFD, 0x01,
    0xFD, 0x00, 0x07, 0xF0, 0x3F, 0xF0, 0x00, 0xFD, 0x00, 0x0F, 0xF0, 0xBF, 0x80, 0x02, 0xFC, 0x00,
    0x6F, 0xFE, 0xFF, 0x00, 0x5F, 0xFD, 0x50, 0xFF, 0xFF, 0xFF, 0xFF, 0xFF, 0xFF, 0xFC, 0xFF, 0x7F,
    0xFF, 0xFF, 0xFF, 0xFF, 0xFC, 0xF8, 0x0B, 0xFF, 0xFF, 0xFD, 0x6F, 0xF8, 0x00, 0x00, 0x15, 0x55,
    0x00, 0x00, 0x00, 0x00, 0x00, 0x00, 0x00, 0x00, 0x00, 0x00, 0x40, 0x00, 0x00, 0x00, 0x00, 0x00,
    0x00, 0x00, 0x0F, 0xC0, 0x00, 0x00, 0x00, 0x00, 0x00, 0x00, 0x00, 0x7F, 0x00, 0x00, 0x00, 0x00,
    0x00, 0x00, 0x00, 0x00, 0xFC, 0x00, 0x00, 0x00, 0x00, 0x00, 0x00, 0x00, 0x00, 0x40, 0x00, 0x00,
    0x00, 0x00, 0x00, 0x00, 0x00, 0x00, 0x00, 0x00, 0x00, 0x00, 0x00, 0x00, 0x00, 0x00, 0x00, 0x00,
    0x00, 0x00, 0x00, 0x00, 0x00, 0x00, 0x01, 0xFF, 0x80, 0x00, 0x00, 0x00, 0x00, 0x00, 0x00, 0x7F,
    0xFF, 0xC0, 0x00, 0x00, 0x00, 0x04, 0x00, 0x0B, 0xFF, 0xFF, 0xC0, 0x00, 0x00, 0x07, 0xF4, 0x00,
    0xFF, 0xFA, 0xFF, 0x40, 0x00, 0x00, 0x0F, 0xE0, 0x0F, 0xFD, 0x00, 0xFE, 0x1D, 0x00, 0x00, 0x3F,
    0xC0, 0xBF, 0x80, 0x03, 0xF8, 0xBF, 0x00, 0x00, 0xBF, 0x47, 0xF8, 0x00, 0x1F, 0xD3, 0xF8, 0x00,
    0x01, 0xFF, 0xBF, 0xC0, 0x5B, 0xFF, 0x0F, 0xD0, 0x00, 0x03, 0xFF, 0xFF, 0xFF, 0xFF, 0xF4, 0x7F,
    0x00, 0x00, 0x0F, 0xFF, 0xFF, 0xFF, 0xFF, 0x41, 0xFD, 0x00, 0x00, 0x7F, 0x6F, 0xFF, 0xFF, 0x90,
    0x03, 0xF8, 0x00, 0x03, 0xFC, 0x00, 0x55, 0x00, 0x00, 0x0F, 0xF8, 0x00, 0x3F, 0xE0, 0x00, 0x00,
    0x00, 0x00, 0x2F, 0xFF, 0xBF, 0xFF, 0x00, 0x00, 0x00, 0x00, 0x00, 0x2F, 0xFF, 0xFF, 0xF0, 0x00,
    0x00, 0x00, 0x00, 0x00, 0x2F, 0xFF, 0xFE, 0x00, 0x00, 0x00, 0x00, 0x00, 0x00, 0x06, 0xBA, 0x40,
    0x00, 0x00, 0x00, 0x00, 0x00, 0x00, 0x00, 0x00, 0x00, 0x00, 0x00, 0x00, 0x40, 0x00, 0x00, 0x00,
    0x00, 0x00, 0x00, 0x00, 0x00, 0x0F, 0xC0, 0x00, 0x00, 0x00, 0x00, 0x00, 0x00, 0x00, 0x00, 0x7F,
    0x00, 0x00, 0x00, 0x00, 0x00, 0x00, 0x00, 0x00, 0x00, 0xFC, 0x00, 0x00, 0x00, 0x00, 0x00, 0x00,
    0x00, 0x00, 0x00, 0x40, 0x00, 0x00, 0x00, 0x00, 0x00, 0x00, 0x00, 0x00, 0x00, 0x00, 0x00, 0x00,
    0x00, 0x00, 0x00, 0x00, 0x00, 0x00, 0x00, 0x00, 0x00, 0x00, 0x00, 0x00, 0x00, 0x00, 0x00, 0x01,
    0xFF, 0x80, 0x00, 0x00, 0x00, 0x00, 0x00, 0x00, 0x00, 0x7F, 0xFF, 0xC0, 0x00, 0x00, 0x00, 0x00,
    0x04, 0x00, 0x0B, 0xFF, 0xFF, 0xC0, 0x00, 0x00, 0x00, 0x07, 0xF4, 0x00, 0xFF, 0xFA, 0xFF, 0x40,
    0x00, 0x00, 0x00, 0x0F, 0xE0, 0x0F, 0xFD, 0x00, 0xFE, 0x00, 0x1D, 0x00, 0x00, 0x3F, 0xC0, 0xBF,
    0x80, 0x03, 0xF8, 0x00, 0xBF, 0x00, 0x00, 0xBF, 0x47, 0xF8, 0x00, 0x1F, 0xD0, 0x03, 0xF8, 0x00,
    0x01, 0xFF, 0xBF, 0xC0, 0x5B, 0xFF, 0x94, 0x0F, 0xD0, 0x00, 0x03, 0xFF, 0xFF, 0xFF, 0xFF, 0xFF,
    0xFC, 0x7F, 0x00, 0x00, 0x0F, 0xFF, 0xFF, 0xFF, 0xFF, 0xFF, 0xF1, 0xFD, 0x00, 0x00, 0x7F, 0x6F,
    0xFF, 0xFF, 0x96, 0xFF, 0x83, 0xF8, 0x00, 0x03, 0xFC, 0x00, 0x55, 0x00, 0x00, 0x00, 0x0F, 0xF8,
    0x00, 0x3F, 0xE0, 0x00, 0x00, 0x00, 0x00, 0x00, 0x2F, 0xFF, 0xBF, 0xFF, 0x00, 0x00, 0x00, 0x00,
    0x00, 0x00, 0x2F, 0xFF, 0xFF, 0xF0, 0x00, 0x00, 0x00, 0x00, 0x00, 0x00, 0x2F, 0xFF, 0xFE, 0x00,
    0x00, 0x00, 0x00, 0x00, 0x00, 0x00, 0x06, 0xBA, 0x40, 0x00, 0x00, 0x00, 0x00, 0x00, 0x00, 0x00,
    0x00, 0x00, 0x00, 0x10, 0x00, 0x00, 0x00, 0x00, 0x00, 0xFC, 0x00, 0x00, 0x00, 0x00, 0x01, 0xFC,
    0x00, 0x00, 0x00, 0x00, 0x00, 0xFC, 0x00, 0x00, 0x00, 0x00, 0x00, 0x10, 0x00, 0x00, 0x00, 0x00,
    0x00, 0x00, 0x00, 0x00, 0x00, 0x00, 0x00, 0x00, 0x00, 0x00, 0x00, 0x00, 0x01, 0xBE, 0x40, 0x00,
    0x00, 0x00, 0x1F, 0xFF, 0xF0, 0x00, 0x00, 0x00, 0xBF, 0xFF, 0xF8, 0x03, 0xF4, 0x03, 0xFF, 0xEB,
    0xFC, 0x03, 0xF4, 0x0F, 0xFD, 0x01, 0xFD, 0x07, 0xF0, 0x3F, 0xF0, 0x00, 0xFD, 0x0F, 0xF0, 0xBF,
    0x80, 0x02, 0xFC, 0x6F, 0xFE, 0xFF, 0x00, 0x5F, 0xFC, 0xFF, 0xFF, 0xFF, 0xFF, 0xFF, 0xF4, 0xFF,
    0x7F, 0xFF, 0xFF, 0xFF, 0xD0, 0xF8, 0x0B, 0xFF, 0xFF, 0xFD, 0x00, 0x00, 0x00, 0x15, 0x55, 0x00,
    0x00, 0x00, 0x00, 0x00, 0x00, 0x10, 0x00, 0x00, 0x00, 0x00, 0x00, 0x00, 0xFC, 0x00, 0x00, 0x00,
    0x00, 0x00, 0x01, 0xFC, 0x00, 0x00, 0x00, 0x00, 0x00, 0x00, 0xFC, 0x00, 0x00, 0x00, 0x00, 0x00,
    0x00, 0x10, 0x00, 0x00, 0x00, 0x00, 0x00, 0x00, 0x00, 0x00, 0x00, 0x00, 0x00, 0x00, 0x00, 0x00,
    0x00, 0x00, 0x00, 0x00, 0x00, 0x01, 0xBE, 0x40, 0x00, 0x00, 0x00, 0x00, 0x1F, 0xFF, 0xF0, 0x00,
    0x00, 0x00, 0x00, 0xBF, 0xFF, 0xF8, 0x00, 0x03, 0xF4, 0x03, 0xFF, 0xEB, 0xFC, 0x00, 0x03, 0xF4,
    0x0F, 0xFD, 0x01, 0xFD, 0x00, 0x07, 0xF0, 0x3F, 0xF0, 0x00, 0xFD, 0x00, 0x0F, 0xF0, 0xBF, 0x80,
    0x02, 0xFC, 0x00, 0x6F, 0xFE, 0xFF, 0x00, 0x5F, 0xFD, 0x50, 0xFF, 0xFF, 0xFF, 0xFF, 0xFF, 0xFF,
    0xFC, 0xFF, 0x7F, 0xFF, 0xFF, 0xFF, 0xFF, 0xFC, 0xF8, 0x0B, 0xFF, 0xFF, 0xFD, 0x6F, 0xF8, 0x00,
    0x00, 0x15, 0x55, 0x00, 0x00, 0x00, 0x00, 0x15, 0x00, 0x00, 0x00, 0x00, 0x0F, 0xD0, 0x00, 0x00,
    0x00, 0x03, 0xF4, 0x00, 0x00, 0x00, 0x00, 0xFD, 0x00, 0x00, 0x00, 0x00, 0x3F, 0x40, 0x00, 0x00,
    0x00, 0x0F, 0xD0, 0x00, 0x00, 0x00, 0x03, 0xF8, 0x00, 0x00, 0x00, 0x00, 0xFE, 0x00, 0x00, 0x00,
    0x00, 0x3F, 0x80, 0xBF, 0xD0, 0x00, 0x0F, 0xE2, 0xFF, 0xFE, 0x00, 0x03, 0xFF, 0xFF, 0xFF, 0xD0,
    0x00, 0xFF, 0xFF, 0xAB, 0xFC, 0x00, 0x3F, 0xFE, 0x00, 0xBF, 0x00, 0x0F, 0xFD, 0x00, 0x1F, 0xC0,
    0x03, 0xFD, 0x00, 0x0F, 0xF0, 0x96, 0xFF, 0x01, 0x6F, 0xF8, 0x3F, 0xFF, 0xFF, 0xFF, 0xFC, 0x1F,
    0xFF, 0xFF, 0xFF, 0xF8, 0x07, 0xFF, 0xFF, 0xFF, 0xE0, 0x00, 0x00, 0x15, 0x54, 0x00, 0x00, 0x00,
    0x15, 0x00, 0x00, 0x00, 0x00, 0x00, 0x3F, 0x40, 0x00, 0x00, 0x00, 0x00, 0x3F, 0x40, 0x00, 0x00,
    0x00, 0x00, 0x3F, 0x40, 0x00, 0x00, 0x00, 0x00, 0x3F, 0x40, 0x00, 0x00, 0x00, 0x00, 0x3F, 0x40,
    0x00, 0x00, 0x00, 0x00, 0x3F, 0x80, 0x00, 0x00, 0x00, 0x00, 0x3F, 0x80, 0x00, 0x00, 0x00, 0x00,
    0x3F, 0x80, 0xBF, 0xD0, 0x00, 0x00, 0x3F, 0x8B, 0xFF, 0xF8, 0x00, 0x00, 0x3F, 0xFF, 0xFF, 0xFD,
    0x00, 0x00, 0x3F, 0xFF, 0xEA, 0xFF, 0x00, 0x00, 0x3F, 0xFE, 0x00, 0xBF, 0x00, 0x00, 0x3F, 0xF4,
    0x00, 0x7F, 0x00, 0x00, 0x3F, 0xD0, 0x00, 0xFF, 0x00, 0x25, 0xBF, 0xC0, 0x5B, 0xFF, 0x50, 0x3F,
    0xFF, 0xFF, 0xFF, 0xFF, 0xFD, 0x7F, 0xFF, 0xFF, 0xFF, 0xFF, 0xFD, 0x7F, 0xFF, 0xFF, 0xFE, 0x5F,
    0xFC, 0x00, 0x05, 0x55, 0x00, 0x00, 0x00, 0x05, 0x40, 0x00, 0x00, 0x00, 0xFE, 0x00, 0x00, 0x00,
    0x0F, 0xE0, 0x00, 0x00, 0x00, 0xFE, 0x00, 0x00, 0x00, 0x0F, 0xE0, 0x00, 0x00, 0x00, 0xFF, 0x00,
    0x00, 0x00, 0x0B, 0xF0, 0x00, 0x00, 0x00, 0xBF, 0x00, 0x00, 0x00, 0x0B, 0xF0, 0x6F, 0xFC, 0x00,
    0xBF, 0x2F, 0xFF, 0xF4, 0x0B, 0xFF, 0xFF, 0xFF, 0xC0, 0xBF, 0xFF, 0x97, 0xFD, 0x0B, 0xFF, 0x80,
    0x0F, 0xD0, 0xBF, 0xE0, 0x00, 0xFD, 0x0B, 0xF8, 0x00, 0x3F, 0xC6, 0xFF, 0x56, 0xBF, 0xFC, 0xFF,
    0xFF, 0xFF, 0xFF, 0x0F, 0xFF, 0xFF, 0xFF, 0x80, 0xFF, 0xFF, 0xFE, 0x40, 0x00, 0x00, 0x00, 0x00,
    0x00, 0x05, 0x40, 0x00, 0x00, 0x00, 0x00, 0xFE, 0x00, 0x00, 0x00, 0x00, 0x0F, 0xE0, 0x00, 0x00,
    0x00, 0x00, 0xFE, 0x00, 0x00, 0x00, 0x00, 0x0F, 0xE0, 0x00, 0x00, 0x00, 0x00, 0xFF, 0x00, 0x00,
    0x00, 0x00, 0x0B, 0xF0, 0x00, 0x00, 0x00, 0x00, 0xBF, 0x00, 0x00, 0x00, 0x00, 0x0B, 0xF0, 0x6F,
    0xFC, 0x00, 0x00, 0xBF, 0x2F, 0xFF, 0xF4, 0x00, 0x0B, 0xFF, 0xFF, 0xFF, 0xC0, 0x00, 0xBF, 0xFF,
    0x97, 0xFD, 0x00, 0x0B, 0xFF, 0x80, 0x0F, 0xD0, 0x00, 0xBF, 0xE0, 0x00, 0xFD, 0x00, 0x0B, 0xF8,
    0x00, 0x3F, 0xC0, 0x06, 0xFF, 0x56, 0xBF, 0xFD, 0x50, 0xFF, 0xFF, 0xFF, 0xFF, 0xFF, 0xCF, 0xFF,
    0xFF, 0xFF, 0xFF, 0xFC, 0xFF, 0xFF, 0xFE, 0x46, 0xFF, 0x80, 0x00, 0x00, 0x00, 0x00, 0x00, 0x00,
    0x15, 0x00, 0x00, 0x00, 0x00, 0x0F, 0xD0, 0x00, 0x00, 0x00, 0x03, 0xF4, 0x02, 0xF4, 0x00, 0x00,
    0xFD, 0x00, 0xFE, 0x00, 0x00, 0x3F, 0x40, 0x2F, 0x40, 0x00, 0x0F, 0xD0, 0x01, 0x40, 0x00, 0x03,
    0xF8, 0x00, 0x00, 0x00, 0x00, 0xFE, 0x00, 0x00, 0x00, 0x00, 0x3F, 0x80, 0xBF, 0xD0, 0x00, 0x0F,
    0xE2, 0xFF, 0xFE, 0x00, 0x03, 0xFF, 0xFF, 0xFF, 0xD0, 0x00, 0xFF, 0xFF, 0xAB, 0xFC, 0x00, 0x3F,
    0xFE, 0x00, 0xBF, 0x00, 0x0F, 0xFD, 0x00, 0x1F, 0xC0, 0x03, 0xFD, 0x00, 0x0F, 0xF0, 0x96, 0xFF,
    0x01, 0x6F, 0xF8, 0x3F, 0xFF, 0xFF, 0xFF, 0xFC, 0x1F, 0xFF, 0xFF, 0xFF, 0xF8, 0x07, 0xFF, 0xFF,
    0xFF, 0xE0, 0x00, 0x00, 0x15, 0x54, 0x00, 0x00, 0x00, 0x15, 0x00, 0x00, 0x00, 0x00, 0x00, 0x3F,
    0x40, 0x04, 0x00, 0x00, 0x00, 0x3F, 0x40, 0x3F, 0x00, 0x00, 0x00, 0x3F, 0x40, 0x7F, 0x00, 0x00,
    0x00, 0x3F, 0x40, 0x3F, 0x00, 0x00, 0x00, 0x3F, 0x40, 0x04, 0x00, 0x00, 0x00, 0x3F, 0x80, 0x00,
    0x00, 0x00, 0x00, 0x3F, 0x80, 0x00, 0x00, 0x00, 0x00, 0x3F, 0x80, 0xBF, 0xD0, 0x00, 0x00, 0x3F,
    0x8B, 0xFF, 0xF8, 0x00, 0x00, 0x3F, 0xFF, 0xFF, 0xFD, 0x00, 0x00, 0x3F, 0xFF, 0xEA, 0xFF, 0x00,
    0x00, 0x3F, 0xFE, 0x00, 0xBF, 0x00, 0x00, 0x3F, 0xF4, 0x00, 0x7F, 0x00, 0x00, 0x3F, 0xD0, 0x00,
    0xFF, 0x00, 0x25, 0xBF, 0xC0, 0x5B, 0xFF, 0x50, 0x3F, 0xFF, 0xFF, 0xFF, 0xFF, 0xFD, 0x7F, 0xFF,
    0xFF, 0xFF, 0xFF, 0xFD, 0x7F, 0xFF, 0xFF, 0xFE, 0x5F, 0xFC, 0x00, 0x05, 0x55, 0x00, 0x00, 0x00,
    0x05, 0x40, 0x00, 0x00, 0x00, 0xFE, 0x00, 0x10, 0x00, 0x0F, 0xE0, 0x0F, 0xC0, 0x00, 0xFE, 0x01,
    0xFD, 0x00, 0x0F, 0xE0, 0x0F, 0xC0, 0x00, 0xFF, 0x00, 0x10, 0x00, 0x0B, 0xF0, 0x00, 0x00, 0x00,
    0xBF, 0x00, 0x00, 0x00, 0x0B, 0xF0, 0x6F, 0xFC, 0x00, 0xBF, 0x2F, 0xFF, 0xF4, 0x0B, 0xFF, 0xFF,
    0xFF, 0xC0, 0xBF, 0xFF, 0x97, 0xFD, 0x0B, 0xFF, 0x80, 0x0F, 0xD0, 0xBF, 0xE0, 0x00, 0xFD, 0x0B,
    0xF8, 0x00, 0x3F, 0xC6, 0xFF, 0x56, 0xBF, 0xFC, 0xFF, 0xFF, 0xFF, 0xFF, 0x0F, 0xFF, 0xFF, 0xFF,
    0x80, 0xFF, 0xFF, 0xFE, 0x40, 0x00, 0x00, 0x00, 0x00, 0x00, 0x05, 0x40, 0x00, 0x00, 0x00, 0x00,
    0xFE, 0x00, 0x10, 0x00, 0x00, 0x0F, 0xE0, 0x0F, 0xC0, 0x00, 0x00, 0xFE, 0x01, 0xFD, 0x00, 0x00,
    0x0F, 0xE0, 0x0F, 0xC0, 0x00, 0x00, 0xFF, 0x00, 0x10, 0x00, 0x00, 0x0B, 0xF0, 0x00, 0x00, 0x00,
    0x00, 0xBF, 0x00, 0x00, 0x00, 0x00, 0x0B, 0xF0, 0x6F, 0xFC, 0x00, 0x00, 0xBF, 0x2F, 0xFF, 0xF4,
    0x00, 0x0B, 0xFF, 0xFF, 0xFF, 0xC0, 0x00, 0xBF, 0xFF, 0x97, 0xFD, 0x00, 0x0B, 0xFF, 0x80, 0x0F,
    0xD0, 0x00, 0xBF, 0xE0, 0x00, 0xFD, 0x00, 0x0B, 0xF8, 0x00, 0x3F, 0xC0, 0x06, 0xFF, 0x56, 0xBF,
    0xFD, 0x50, 0xFF, 0xFF, 0xFF, 0xFF, 0xFF, 0xCF, 0xFF, 0xFF, 0xFF, 0xFF, 0xFC, 0xFF, 0xFF, 0xFE,
    0x46, 0xFF, 0x80, 0x00, 0x00, 0x00, 0x00, 0x00, 0x00, 0x7F, 0xE0, 0x00, 0x00, 0xFF, 0xFC, 0x00,
    0x00, 0xFF, 0xFE, 0x00, 0x00, 0xBF, 0xEA, 0x40, 0x00, 0x3F, 0xC0, 0x00, 0x00, 0x0F, 0xE0, 0x00,
    0x00, 0x02, 0xFC, 0x00, 0x50, 0x00, 0x7F, 0xD7, 0xFC, 0x00, 0x0B, 0xFF, 0xFF, 0x00, 0x00, 0xBF,
    0xFF, 0xD0, 0x00, 0x3F, 0xFD, 0x00, 0x00, 0x3F, 0xF4, 0x00, 0x00, 0x2F, 0xE0, 0x00, 0x00, 0x0F,
    0xF0, 0x00, 0x00, 0x07, 0xF4, 0x00, 0x00, 0x02, 0xFC, 0x00, 0x00, 0x00, 0xBF, 0x00, 0x00, 0x00,
    0x2F, 0xC0, 0x00, 0x00, 0x07, 0xF8, 0x00, 0x00, 0x00, 0xFF, 0x80, 0x00, 0x20, 0x2F, 0xFF, 0xAB,
    0xFE, 0x02, 0xFF, 0xFF, 0xFF, 0xC0, 0x1F, 0xFF, 0xFF, 0xE0, 0x00, 0x6B, 0xFA, 0x40, 0x00, 0x0A,
    0xA4, 0x00, 0x00, 0x3F, 0xFF, 0xC0, 0x00, 0x7F, 0xFF, 0xF8, 0x00, 0x3F, 0xD5, 0xFF, 0x00, 0x0F,
    0xF0, 0x2F, 0xC0, 0x02, 0xFF, 0x0F, 0xE0, 0x00, 0x3F, 0xFB, 0xF4, 0x00, 0x03, 0xFF, 0xF8, 0x00,
    0x00, 0x3F, 0xFE, 0x94, 0x00, 0x2F, 0xFF, 0xFF, 0xC0, 0x3F, 0xFF, 0xFF, 0xF0, 0x3F, 0xF0, 0xBF,
    0xF8, 0x3F, 0xE0, 0x00, 0x00, 0x1F, 0xE0, 0x00, 0x00, 0x0B, 0xF0, 0x00, 0x00, 0x03, 0xFC, 0x00,
    0x00, 0x00, 0xFF, 0x00, 0x00, 0x00, 0x2F, 0xF0, 0x00, 0x14, 0x03, 0xFF, 0xEB, 0xFF, 0x00, 0xBF,
    0xFF, 0xFF, 0xD0, 0x07, 0xFF, 0xFF, 0xE0, 0x00, 0x1A, 0xFE, 0x40, 0x00, 0x00, 0x05, 0x50, 0x00,
    0x2F, 0xFE, 0x00, 0x3F, 0xFF, 0x40, 0x2F, 0xFF, 0xD0, 0x0F, 0xF4, 0x00, 0x03, 0xF8, 0x00, 0x00,
    0xFD, 0x00, 0x00, 0x3F, 0xC0, 0x08, 0x07, 0xFD, 0xBF, 0x55, 0xFF, 0xFF, 0xEF, 0xFF, 0xFF, 0xFB,
    0xFF, 0xFF, 0xE0, 0xFF, 0xF9, 0x00, 0x00, 0x00, 0x00, 0x00, 0x00, 0x06, 0xA8, 0x00, 0x00, 0x1F,
    0xFF, 0xD0, 0x00, 0x2F, 0xFF, 0xFC, 0x00, 0x1F, 0xE5, 0xBF, 0x40, 0x07, 0xF4, 0x0F, 0xD0, 0x00,
    0xFF, 0x47, 0xF0, 0x00, 0x1F, 0xFB, 0xFC, 0x00, 0x01, 0xFF, 0xFC, 0x00, 0x16, 0xBF, 0xFF, 0x95,
    0x0F, 0xFF, 0xFF, 0xFF, 0xE3, 0xFF, 0xFF, 0xFF, 0xFC, 0xFF, 0x90, 0x6F, 0xFD, 0x00, 0x00, 0x00,
    0x00, 0x00, 0x00, 0x00, 0x00, 0x00, 0x00, 0x07, 0xE0, 0x00, 0x00, 0x02, 0xFC, 0x00, 0x00, 0x00,
    0x7E, 0x00, 0x00, 0x00, 0x05, 0x00, 0x00, 0x00, 0x00, 0x00, 0x00, 0x00, 0x00, 0x00, 0x00, 0x00,
    0x01, 0xFF, 0x80, 0x00, 0x03, 0xFF, 0xF0, 0x00, 0x03, 0xFF, 0xF8, 0x00, 0x02, 0xFF, 0xA9, 0x00,
    0x00, 0xFF, 0x00, 0x00, 0x00, 0x3F, 0x80, 0x00, 0x00, 0x0B, 0xF0, 0x01, 0x40, 0x01, 0xFF, 0x5F,
    0xF0, 0x00, 0x2F, 0xFF, 0xFC, 0x00, 0x02, 0xFF, 0xFF, 0x40, 0x00, 0xFF, 0xF4, 0x00, 0x00, 0xFF,
    0xD0, 0x00, 0x00, 0xBF, 0x80, 0x00, 0x00, 0x3F, 0xC0, 0x00, 0x00, 0x1F, 0xD0, 0x00, 0x00, 0x0B,
    0xF0, 0x00, 0x00, 0x02, 0xFC, 0x00, 0x00, 0x00, 0xBF, 0x00, 0x00, 0x00, 0x1F, 0xE0, 0x00, 0x00,
    0x03, 0xFE, 0x00, 0x00, 0x80, 0xBF, 0xFE, 0xAF, 0xF8, 0x0B, 0xFF, 0xFF, 0xFF, 0x00, 0x7F, 0xFF,
    0xFF, 0x80, 0x01, 0xAF, 0xE9, 0x00, 0x00, 0x00, 0x00, 0x00, 0x00, 0x01, 0xF4, 0x00, 0x00, 0x00,
    0xFF, 0x00, 0x00, 0x00, 0x2F, 0x80, 0x00, 0x00, 0x01, 0x40, 0x00, 0x00, 0x00, 0x00, 0x00, 0x00,
    0x00, 0xAA, 0x40, 0x00, 0x03, 0xFF, 0xFC, 0x00, 0x07, 0xFF, 0xFF, 0x80, 0x03, 0xFD, 0x5F, 0xF0,
    0x00, 0xFF, 0x02, 0xFC, 0x00, 0x2F, 0xF0, 0xFE, 0x00, 0x03, 0xFF, 0xBF, 0x40, 0x00, 0x3F, 0xFF,
    0x80, 0x00, 0x03, 0xFF, 0xE9, 0x40, 0x02, 0xFF, 0xFF, 0xFC, 0x03, 0xFF, 0xFF, 0xFF, 0x03, 0xFF,
    0x0B, 0xFF, 0x83, 0xFE, 0x00, 0x00, 0x01, 0xFE, 0x00, 0x00, 0x00, 0xBF, 0x00, 0x00, 0x00, 0x3F,
    0xC0, 0x00, 0x00, 0x0F, 0xF0, 0x00, 0x00, 0x02, 0xFF, 0x00, 0x01, 0x40, 0x3F, 0xFE, 0xBF, 0xF0,
    0x0B, 0xFF, 0xFF, 0xFD, 0x00, 0x7F, 0xFF, 0xFE, 0x00, 0x01, 0xAF, 0xE4, 0x00, 0x00, 0x00, 0x00,
    0x00, 0x0B, 0xD0, 0x00, 0x03, 0xF8, 0x00, 0x00, 0xBD, 0x00, 0x00, 0x05, 0x00, 0x00, 0x00, 0x00,
    0x00, 0x00, 0x55, 0x00, 0x02, 0xFF, 0xE0, 0x03, 0xFF, 0xF4, 0x02, 0xFF, 0xFD, 0x00, 0xFF, 0x40,
    0x00, 0x3F, 0x80, 0x00, 0x0F, 0xD0, 0x00, 0x03, 0xFC, 0x00, 0x80, 0x7F, 0xDB, 0xF5, 0x5F, 0xFF,
    0xFE, 0xFF, 0xFF, 0xFF, 0xBF, 0xFF, 0xFE, 0x0F, 0xFF, 0x90, 0x00, 0x00, 0x00, 0x00, 0x00, 0x00,
    0x40, 0x00, 0x00, 0x00, 0xFC, 0x00, 0x00, 0x00, 0x7F, 0x40, 0x00, 0x00, 0x0F, 0xC0, 0x00, 0x00,
    0x00, 0x40, 0x00, 0x00, 0x00, 0x00, 0x00, 0x00, 0x00, 0x6A, 0x80, 0x00, 0x01, 0xFF, 0xFD, 0x00,
    0x02, 0xFF, 0xFF, 0xC0, 0x01, 0xFE, 0x5B, 0xF4, 0x00, 0x7F, 0x40, 0xFD, 0x00, 0x0F, 0xF4, 0x7F,
    0x00, 0x01, 0xFF, 0xBF, 0xC0, 0x00, 0x1F, 0xFF, 0xC0, 0x01, 0x6B, 0xFF, 0xF9, 0x50, 0xFF, 0xFF,
    0xFF, 0xFE, 0x3F, 0xFF, 0xFF, 0xFF, 0xCF, 0xF9, 0x06, 0xFF, 0xD0, 0x00, 0x00, 0x00, 0x00, 0x00,
    0x00, 0x00, 0x00, 0x01, 0x00, 0x00, 0x00, 0x00, 0x00, 0x03, 0xF0, 0x00, 0x00, 0x00, 0x00, 0x01,
    0xFD, 0x00, 0x00, 0x00, 0x00, 0x00, 0x3F, 0x00, 0x00, 0x00, 0x00, 0x00, 0x01, 0x00, 0x00, 0x00,
    0x00, 0x00, 0x00, 0x00, 0x00, 0x00, 0x00, 0x00, 0x00, 0x54, 0x00, 0x00, 0x00, 0x00, 0x00, 0xFF,
    0xD0, 0x00, 0x00, 0x00, 0x00, 0xFF, 0xFD, 0x00, 0x00, 0x00, 0x00, 0xFF, 0xFF, 0xC0, 0x00, 0x00,
    0x00, 0x3F, 0x4B, 0xF0, 0x64, 0x00, 0x00, 0x1F, 0xC0, 0xFD, 0x2F, 0x80, 0x00, 0x0B, 0xF0, 0x3F,
    0x8F, 0xD0, 0x00, 0x02, 0xFF, 0xFF, 0xE3, 0xF4, 0x00, 0x00, 0x3F, 0xFF, 0xF8, 0xFD, 0x00, 0x00,
    0x07, 0xFF, 0xFE, 0x3F, 0xC0, 0x00, 0x00, 0x15, 0x7F, 0x4F, 0xFE, 0x40, 0x00, 0x01, 0x7F, 0xC1,
    0xFF, 0xFF, 0xFF, 0xFF, 0xFF, 0xE0, 0x2F, 0xFF, 0xFF, 0xFF, 0xFF, 0xF0, 0x00, 0xBF, 0xFF, 0xFF,
    0xFF, 0xD0, 0x00, 0x00, 0x5A, 0xA5, 0x50, 0x00, 0x00, 0x00, 0x00, 0x00, 0x00, 0x00, 0x10, 0x00,
    0x00, 0x00, 0x00, 0x00, 0x00, 0x0F, 0xC0, 0x00, 0x00, 0x00, 0x00, 0x00, 0x01, 0xFD, 0x00, 0x00,
    0x00, 0x00, 0x00, 0x00, 0x0F, 0xC0, 0x00, 0x00, 0x00, 0x00, 0x00, 0x00, 0x10, 0x00, 0x00, 0x00,
    0x00, 0x00, 0x00, 0x00, 0x00, 0x00, 0x00, 0x00, 0x00, 0x00, 0x00, 0x00, 0x00, 0x00, 0x00, 0x00,
    0x00, 0x00, 0x1F, 0xD0, 0x00, 0x00, 0x00, 0x00, 0x00, 0x0F, 0xFF, 0x80, 0x01, 0x90, 0x00, 0x00,
    0x02, 0xFF, 0xFE, 0x00, 0x2F, 0x80, 0x00, 0x00, 0x7F, 0xDF, 0xF0, 0x03, 0xF4, 0x00, 0x00, 0x0B,
    0xF0, 0x7F, 0x40, 0x3F, 0x40, 0x00, 0x00, 0xBF, 0x03, 0xF4, 0x03, 0xF4, 0x00, 0x00, 0x0B, 0xF0,
    0x7F, 0x00, 0x3F, 0xC0, 0x00, 0x00, 0x3F, 0xEF, 0xF0, 0x03, 0xFF, 0x90, 0x00, 0x07, 0xFF, 0xFE,
    0x54, 0x1F, 0xFF, 0xFF, 0xFF, 0xFF, 0xFF, 0xFF, 0xE0, 0xBF, 0xFF, 0xFF, 0xFF, 0xFF, 0xFF, 0xFF,
    0x00, 0xBF, 0xFF, 0xFF, 0xFE, 0x5B, 0xFF, 0xD0, 0x00, 0x16, 0xA5, 0x50, 0x00, 0x00, 0x00, 0x00,
    0x04, 0x00, 0x00, 0x3F, 0x00, 0x00, 0x3F, 0x40, 0x00, 0x3F, 0x00, 0x00, 0x04, 0x00, 0x00, 0x00,
    0x00, 0x00, 0x15, 0x00, 0x00, 0xFF, 0xD0, 0x03, 0xFF, 0xF4, 0x0F, 0xFF, 0xFC, 0x0F, 0xD2, 0xFC,
    0x1F, 0xC0, 0xFD, 0x2F, 0xC0, 0xFE, 0x1F, 0xFF, 0xFE, 0x0F, 0xFF, 0xFE, 0x07, 0xFF, 0xFE, 0x00,
    0x56, 0xFD, 0x55, 0x5B, 0xFC, 0xFF, 0xFF, 0xF4, 0xFF, 0xFF, 0xD0, 0xFF, 0xF9, 0x00, 0x00, 0x00,
    0x00, 0x00, 0x00, 0x00, 0x00, 0x00, 0x2F, 0x40, 0x00, 0x00, 0x3F, 0x80, 0x00, 0x00, 0x2F, 0x40,
    0x00, 0x00, 0x04, 0x00, 0x00, 0x00, 0x00, 0x00, 0x00, 0x00, 0x00, 0x00, 0x00, 0x00, 0x6F, 0x80,
    0x00, 0x02, 0xFF, 0xF4, 0x00, 0x0B, 0xFF, 0xFC, 0x00, 0x0F, 0xF6, 0xFD, 0x00, 0x1F, 0xD0, 0xFE,
    0x00, 0x1F, 0xC0, 0xBE, 0x00, 0x0F, 0xD0, 0xFE, 0x00, 0x0F, 0xF7, 0xFC, 0x00, 0x5B, 0xFF, 0xFD,
    0x50, 0xFF, 0xFF, 0xFF, 0xFC, 0xFF, 0xFF, 0xFF, 0xFC, 0xFF, 0x95, 0xBF, 0xF8, 0x00, 0x00, 0x00,
    0x00, 0x00, 0x00, 0x00, 0x00, 0x00, 0x00, 0x00, 0x02, 0xF0, 0xF0, 0x00, 0x00, 0x03, 0xF6, 0xF8,
    0x00, 0x00, 0x03, 0xF1, 0xF4, 0x00, 0x00, 0x00, 0x40, 0x50, 0x00, 0x00, 0x00, 0x00, 0x00, 0x00,
    0x00, 0x00, 0x05, 0x00, 0x00, 0x00, 0x00, 0xBF, 0xD0, 0x00, 0x00, 0x03, 0xFF, 0xF4, 0x00, 0x00,
    0x07, 0xFF, 0xFC, 0x00, 0x00, 0x0F, 0xE2, 0xFD, 0x0E, 0x00, 0x0F, 0xC0, 0xFE, 0x2F, 0xC0, 0x1F,
    0xC0, 0xFF, 0x3F, 0x80, 0x1F, 0xFF, 0xFF, 0x3F, 0x40, 0x0F, 0xFF, 0xFF, 0x7F, 0x00, 0x07, 0xFF,
    0xFE, 0x7F, 0x40, 0x00, 0x69, 0xFD, 0x3F, 0x80, 0x00, 0x02, 0xFC, 0x3F, 0xE0, 0x00, 0x1F, 0xF8,
    0x2F, 0xFF, 0xFF, 0xFF, 0xF0, 0x0F, 0xFF, 0xFF, 0xFF, 0xC0, 0x02, 0xFF, 0xFF, 0xFD, 0x00, 0x00,
    0x1A, 0xAA, 0x40, 0x00, 0x00, 0x00, 0x00, 0x00, 0x00, 0x00, 0x00, 0x00, 0x02, 0xE1, 0xF0, 0x00,
    0x00, 0x00, 0x03, 0xF3, 0xF8, 0x00, 0x00, 0x00, 0x03, 0xF2, 0xF4, 0x00, 0x00, 0x00, 0x00, 0x40,
    0x50, 0x00, 0x00, 0x00, 0x00, 0x00, 0x00, 0x00, 0x00, 0x00, 0x00, 0x2A, 0x40, 0x00, 0x00, 0x00,
    0x01, 0xFF, 0xF0, 0x00, 0x00, 0x00, 0x03, 0xFF, 0xF8, 0x00, 0x00, 0x00, 0x0B, 0xFF, 0xFC, 0x00,
    0x00, 0x00, 0x0F, 0xD0, 0xFD, 0x00, 0x0D, 0x00, 0x1F, 0xC0, 0xFE, 0x00, 0x2F, 0xC0, 0x1F, 0xE5,
    0xFF, 0x50, 0x3F, 0x80, 0x0F, 0xFF, 0xFF, 0xFC, 0x3F, 0x40, 0x0B, 0xFF, 0xFF, 0xFD, 0x7F, 0x00,
    0x01, 0xFF, 0xFF, 0xFC, 0x7F, 0x00, 0x00, 0x01, 0xFD, 0x00, 0x7F, 0x80, 0x00, 0x03, 0xFC, 0x00,
    0x3F, 0xE0, 0x00, 0x2F, 0xF4, 0x00, 0x2F, 0xFF, 0xAF, 0xFF, 0xE0, 0x00, 0x0F, 0xFF, 0xFF, 0xFF,
    0x80, 0x00, 0x02, 0xFF, 0xFF, 0xFD, 0x00, 0x00, 0x00, 0x1A, 0xFA, 0x40, 0x00, 0x00, 0x00, 0x00,
    0x00, 0x02, 0xE1, 0xF0, 0x07, 0xF3, 0xF4, 0x03, 0xF2, 0xF4, 0x00, 0x40, 0x40, 0x00, 0x00, 0x00,
    0x00, 0x15, 0x00, 0x00, 0xFF, 0xD0, 0x03, 0xFF, 0xF4, 0x0F, 0xFF, 0xFC, 0x0F, 0xD2, 0xFC, 0x1F,
    0xC0, 0xFD, 0x2F, 0xC0, 0xFE, 0x1F, 0xFF, 0xFE, 0x0F, 0xFF, 0xFE, 0x07, 0xFF, 0xFE, 0x00, 0x56,
    0xFD, 0x55, 0x5B, 0xFC, 0xFF, 0xFF, 0xF4, 0xFF, 0xFF, 0xD0, 0xFF, 0xF9, 0x00, 0x00, 0x00, 0x00,
    0x00, 0x00, 0x00, 0x00, 0x02, 0xF1, 0xF0, 0x00, 0x03, 0xF6, 0xF8, 0x00, 0x03, 0xF2, 0xF4, 0x00,
    0x00, 0x40, 0x50, 0x00, 0x00, 0x00, 0x00, 0x00, 0x00, 0x00, 0x00, 0x00, 0x00, 0x6F, 0x80, 0x00,
    0x02, 0xFF, 0xF4, 0x00, 0x0B, 0xFF, 0xFC, 0x00, 0x0F, 0xF6, 0xFD, 0x00, 0x1F, 0xD0, 0xFE, 0x00,
    0x1F, 0xC0, 0xBE, 0x00, 0x0F, 0xD0, 0xFE, 0x00, 0x0F, 0xF7, 0xFC, 0x00, 0x5B, 0xFF, 0xFD, 0x50,
    0xFF, 0xFF, 0xFF, 0xFC, 0xFF, 0xFF, 0xFF, 0xFC, 0xFF, 0x95, 0xBF, 0xF8, 0x00, 0x00, 0x00, 0x00,
    0x00, 0x00, 0x00, 0x00, 0x05, 0x40, 0x00, 0x00, 0x00, 0x00, 0x3F, 0x40, 0x00, 0x00, 0x00, 0x00,
    0xFE, 0x00, 0x00, 0x00, 0x00, 0x03, 0xF8, 0x00, 0x00, 0x00, 0xA0, 0x0F, 0xE0, 0x00, 0x00, 0x1F,
    0xC0, 0x3F, 0x80, 0x00, 0x00, 0xFE, 0x00, 0xFE, 0x00, 0x00, 0x03, 0xF0, 0x02, 0xFC, 0x00, 0x00,
    0x0F, 0xD0, 0x0B, 0xF0, 0x64, 0x00, 0x0F, 0xC0, 0x2F, 0xC2, 0xF8, 0x00, 0x7F, 0x00, 0xBF, 0x0F,
    0xD0, 0x0F, 0xFC, 0x02, 0xFC, 0x3F, 0x40, 0x3F, 0x80, 0x0B, 0xF0, 0xFD, 0x00, 0x50, 0x00, 0x2F,
    0xC3, 0xFC, 0x00, 0x00, 0x00, 0xFF, 0x0F, 0xFE, 0x40, 0x00, 0x1F, 0xF8, 0x1F, 0xFF, 0xFF, 0xFF,
    0xFF, 0xD0, 0x2F, 0xFF, 0xFF, 0xFF, 0xFE, 0x00, 0x0B, 0xFF, 0xFF, 0xFF, 0x90, 0x00, 0x00, 0x5A,
    0xA5, 0x40, 0x00, 0x00, 0x00, 0x00, 0x00, 0x05, 0x40, 0x00, 0x00, 0x00, 0x00, 0x00, 0x3F, 0x40,
    0x00, 0x00, 0x00, 0x00, 0x00, 0xFE, 0x00, 0x00, 0x00, 0x00, 0x00, 0x03, 0xF8, 0x00, 0x00, 0x00,
    0x00, 0xA0, 0x0F, 0xE0, 0x00, 0x00, 0x00, 0x1F, 0xC0, 0x3F, 0x80, 0x00, 0x00, 0x00, 0xFE, 0x00,
    0xFE, 0x00, 0x00, 0x00, 0x03, 0xF0, 0x02, 0xFC, 0x00, 0x00, 0x00, 0x0F, 0xD0, 0x0B, 0xF0, 0x00,
    0x64, 0x00, 0x0F, 0xC0, 0x2F, 0xC0, 0x02, 0xF8, 0x00, 0x7F, 0x00, 0xBF, 0x00, 0x0F, 0xD0, 0x0F,
    0xFC, 0x02, 0xFC, 0x00, 0x3F, 0x40, 0x3F, 0x80, 0x0B, 0xF0, 0x00, 0xFD, 0x00, 0x50, 0x00, 0x2F,
    0xC0, 0x03, 0xFC, 0x00, 0x00, 0x00, 0xFF, 0x40, 0x0F, 0xFE, 0x40, 0x00, 0x1F, 0xFF, 0x90, 0x1F,
    0xFF, 0xFF, 0xFF, 0xFF, 0xFF, 0xF0, 0x2F, 0xFF, 0xFF, 0xFF, 0xFE, 0xFF, 0xD0, 0x0B, 0xFF, 0xFF,
    0xFF, 0x81, 0xFF, 0x00, 0x00, 0x5A, 0xA5, 0x40, 0x00, 0x00, 0x00, 0x00, 0x24, 0x00, 0x02, 0xFC,
    0x00, 0x2F, 0xFC, 0x02, 0xFF, 0xF8, 0x1F, 0xFF, 0x80, 0x3F, 0xF8, 0x00, 0x7F, 0xC0, 0x00, 0x7F,
    0xE0, 0x00, 0x1F, 0xF8, 0x00, 0x07, 0xFE, 0x00, 0x00, 0xFF, 0x40, 0x00, 0x3F, 0xC0, 0x00, 0x1F,
    0xE0, 0x00, 0x0F, 0xE0, 0x55, 0x7F, 0xE0, 0xFF, 0xFF, 0xD0, 0xFF, 0xFF, 0x80, 0xFF, 0xF9, 0x00,
    0x00, 0x00, 0x00, 0x00, 0x00, 0x24, 0x00, 0x00, 0x0B, 0xF0, 0x00, 0x02, 0xFF, 0xC0, 0x00, 0xBF,
    0xFE, 0x00, 0x1F, 0xFF, 0x80, 0x00, 0xFF, 0xE0, 0x00, 0x07, 0xFC, 0x00, 0x00, 0x1F, 0xF4, 0x00,
    0x00, 0x1F, 0xF4, 0x00, 0x00, 0x1F, 0xF4, 0x00, 0x00, 0x1F, 0xF0, 0x00, 0x00, 0x1F, 0xF0, 0x00,
    0x00, 0x2F, 0xE0, 0x00, 0x00, 0x3F, 0xD0, 0x05, 0x56, 0xFF, 0xE5, 0x3F, 0xFF, 0xFF, 0xFD, 0xFF,
    0xFF, 0xBF, 0xFB, 0xFF, 0xE4, 0x2F, 0xD0, 0x00, 0x00, 0x00, 0x00, 0x00, 0x00, 0x00, 0x05, 0x00,
    0x00, 0x00, 0x03, 0xFC, 0x00, 0x00, 0x00, 0x2F, 0xC0, 0x00, 0x00, 0x02, 0xFC, 0x00, 0x00, 0x00,
    0x2F, 0xC0, 0x00, 0x00, 0x02, 0xFC, 0x00, 0x00, 0x00, 0x2F, 0xC0, 0x00, 0x00, 0x02, 0xFC, 0x00,
    0x00, 0x00, 0x1F, 0xC0, 0x00, 0x00, 0x01, 0xFC, 0x00, 0x00, 0x00, 0x1F, 0xC0, 0x00, 0x00, 0x01,
    0xFC, 0x00, 0x00, 0x00, 0x1F, 0xC1, 0xD0, 0x00, 0x01, 0xFC, 0x2F, 0xC0, 0x00, 0x1F, 0xC3, 0xF8,
    0x00, 0x01, 0xFC, 0x3F, 0x40, 0x00, 0x1F, 0xC7, 0xF0, 0x00, 0x01, 0xFC, 0x7F, 0x00, 0x00, 0x2F,
    0xC3, 0xF8, 0x00, 0x03, 0xF4, 0x3F, 0xD0, 0x00, 0xFF, 0x02, 0xFF, 0xEA, 0xFF, 0xE0, 0x0F, 0xFF,
    0xFF, 0xF8, 0x00, 0x2F, 0xFF, 0xFE, 0x00, 0x00, 0x1A, 0xE9, 0x00, 0x00, 0x00, 0x00, 0x00, 0x05,
    0x00, 0x00, 0x00, 0x00, 0x03, 0xF8, 0x00, 0x00, 0x00, 0x00, 0x3F, 0xC0, 0x00, 0x00, 0x00, 0x02,
    0xFC, 0x00, 0x00, 0x00, 0x00, 0x2F, 0xC0, 0x00, 0x00, 0x00, 0x02, 0xFC, 0x00, 0x00, 0x00, 0x00,
    0x2F, 0xC0, 0x00, 0x00, 0x00, 0x02, 0xFC, 0x00, 0x00, 0x00, 0x00, 0x2F, 0xC0, 0x00, 0x00, 0x00,
    0x02, 0xFC, 0x00, 0x00, 0x00, 0x00, 0x1F, 0xC0, 0x00, 0x00, 0x00, 0x01, 0xFC, 0x00, 0x00, 0x00,
    0x00, 0x1F, 0xC0, 0x01, 0xD0, 0x00, 0x01, 0xFC, 0x00, 0x2F, 0xC0, 0x00, 0x1F, 0xD0, 0x03, 0xF8,
    0x00, 0x01, 0xFF, 0x94, 0x3F, 0x40, 0x00, 0x1F, 0xFF, 0xE7, 0xF0, 0x00, 0x01, 0xFF, 0xFE, 0x7F,
    0x40, 0x00, 0x2F, 0xEF, 0xD3, 0xF8, 0x00, 0x03, 0xF8, 0x00, 0x3F, 0xE0, 0x00, 0xFF, 0x40, 0x02,
    0xFF, 0xEA, 0xFF, 0xF0, 0x00, 0x0B, 0xFF, 0xFF, 0xFC, 0x00, 0x00, 0x2F, 0xFF, 0xFE, 0x00, 0x00,
    0x00, 0x1A, 0xE9, 0x00, 0x00, 0x00, 0x05, 0x40, 0x3F, 0x80, 0xFE, 0x03, 0xF8, 0x0F, 0xF0, 0x2F,
    0xC0, 0xBF, 0x02, 0xFC, 0x0B, 0xF0, 0x2F, 0xC0, 0xBF, 0x01, 0xFC, 0x07, 0xF0, 0x1F, 0xC0, 0xBF,
    0x1B, 0xFC, 0xFF, 0xE3, 0xFF, 0x0F, 0xE0, 0x00, 0x00, 0x05, 0x40, 0x00, 0x3F, 0x80, 0x00, 0xFF,
    0x00, 0x03, 0xFC, 0x00, 0x0B, 0xF0, 0x00, 0x2F, 0xC0, 0x00, 0xBF, 0x00, 0x02, 0xFC, 0x00, 0x0B,
    0xF0, 0x00, 0x2F, 0xC0, 0x00, 0xBF, 0x00, 0x01, 0xFC, 0x00, 0x07, 0xF0, 0x00, 0x1F, 0xC0, 0x00,
    0xBF, 0x40, 0x17, 0xFF, 0x94, 0xFF, 0xFF, 0xF7, 0xFE, 0xFF, 0xEF, 0xD1, 0xFF, 0x00, 0x00, 0x00,
    0x00, 0x00, 0x00, 0x00, 0x1F, 0xF8, 0x00, 0x2F, 0xFF, 0xC0, 0x2F, 0xFF, 0xF8, 0x0F, 0xFA, 0xFF,
    0x01, 0xF0, 0x1F, 0xE0, 0x00, 0x03, 0xF8, 0x00, 0x15, 0xFF, 0x02, 0xFF, 0xFF, 0xC3, 0xFF, 0xFF,
    0xE3, 0xFF, 0xFF, 0xF5, 0xFF, 0x00, 0x04, 0xBF, 0x00, 0x00, 0x2F, 0xC0, 0x00, 0x0B, 0xF0, 0x00,
    0x02, 0xFC, 0x00, 0x00, 0x7F, 0x00, 0x00, 0x0F, 0xD0, 0x00, 0x03, 0xF4, 0x00, 0x00, 0xFE, 0x00,
    0x00, 0x2F, 0xC0, 0x00, 0x06, 0x40, 0x00, 0x00, 0x00, 0x00, 0x54, 0x00, 0x00, 0x00, 0x2F, 0xFC,
    0x00, 0x00, 0x07, 0xFF, 0xF8, 0x00, 0x00, 0x7F, 0xFF, 0xF0, 0x00, 0x07, 0xFF, 0x4F, 0xE0, 0x00,
    0x3F, 0xF0, 0x1F, 0xC0, 0x02, 0xFF, 0xD0, 0x3F, 0x80, 0x0F, 0xFF, 0xE0, 0xFF, 0x90, 0x7F, 0xBF,
    0xFF, 0xFF, 0xF6, 0xFC, 0x7F, 0xFF, 0xFF, 0xDB, 0xF0, 0x3F, 0xF4, 0xFF, 0x2F, 0xC0, 0x05, 0x00,
    0x00, 0xBF, 0x00, 0x00, 0x00, 0x01, 0xFC, 0x00, 0x00, 0x00, 0x07, 0xF0, 0x00, 0x00, 0x00, 0x0F,
    0xD0, 0x00, 0x00, 0x00, 0x3F, 0x80, 0x00, 0x00, 0x00, 0xFF, 0x00, 0x00, 0x00, 0x02, 0xFC, 0x00,
    0x00, 0x00, 0x07, 0xF4, 0x00, 0x00, 0x00, 0x09, 0x00, 0x00, 0x00, 0x00, 0x00, 0x01, 0x40, 0x00,
    0x02, 0xFF, 0xC0, 0x00, 0xBF, 0xFF, 0x00, 0x1F, 0xFF, 0xF8, 0x03, 0xFD, 0x3F, 0xC0, 0x7F, 0x41,
    0xFC, 0x0F, 0xF0, 0x0F, 0xD7, 0xFF, 0xEB, 0xFC, 0xFF, 0xFF, 0xFF, 0xCF, 0xFF, 0xFF, 0xF0, 0xFC,
    0x1B, 0xF8, 0x00, 0x00, 0x00, 0x00, 0x00, 0x01, 0x40, 0x00, 0x00, 0x02, 0xFF, 0x80, 0x00, 0x00,
    0xBF, 0xFE, 0x00, 0x00, 0x1F, 0xFF, 0xF0, 0x00, 0x03, 0xF8, 0x7F, 0x80, 0x00, 0xBF, 0x02, 0xFC,
    0x00, 0x0F, 0xF0, 0x0F, 0xF0, 0x07, 0xFF, 0xD1, 0xFF, 0xD4, 0xFF, 0xFF, 0xFF, 0xFF, 0xDF, 0xF7,
    0xFF, 0xFF, 0xFE, 0xF8, 0x0B, 0xFD, 0x3F, 0xC0, 0x00, 0x05, 0x00, 0x00, 0x00, 0x00, 0x00, 0x00,
    0x00, 0x00, 0x2F, 0x40, 0x00, 0x00, 0x03, 0xF8, 0x00, 0x00, 0x00, 0x3F, 0x40, 0x00, 0x00, 0x00,
    0x40, 0x00, 0x00, 0x00, 0x00, 0x00, 0x00, 0x00, 0x00, 0x00, 0x1F, 0x00, 0x00, 0x00, 0x0B, 0xF0,
    0x00, 0x00, 0x00, 0x3F, 0x81, 0xD0, 0x00, 0x03, 0xFC, 0x2F, 0xC0, 0x00, 0x2F, 0xC3, 0xF8, 0x00,
    0x01, 0xFC, 0x3F, 0x40, 0x00, 0x0F, 0xD7, 0xF0, 0x00, 0x01, 0xFC, 0x7F, 0x00, 0x00, 0x2F, 0xC3,
    0xF8, 0x00, 0x03, 0xFC, 0x3F, 0xE0, 0x01, 0xFF, 0x42, 0xFF, 0xFB, 0xFF, 0xF0, 0x0F, 0xFF, 0xFF,
    0xFC, 0x00, 0x2F, 0xFF, 0xFE, 0x00, 0x00, 0x1A, 0xE9, 0x00, 0x00, 0x00, 0x00, 0x00, 0x00, 0x00,
    0x00, 0x00, 0x0B, 0xD0, 0x00, 0x00, 0x00, 0x00, 0x3F, 0x80, 0x00, 0x00, 0x00, 0x00, 0xFD, 0x00,
    0x00, 0x00, 0x00, 0x00, 0x40, 0x00, 0x00, 0x00, 0x00, 0x00, 0x00, 0x00, 0x00, 0x00, 0x00, 0x00,
    0x00, 0x10, 0x00, 0x00, 0x00, 0x00, 0x1F, 0xD0, 0x00, 0x00, 0x00, 0x00, 0x3F, 0x80, 0x00, 0x74,
    0x00, 0x00, 0xFF, 0x00, 0x02, 0xFC, 0x00, 0x02, 0xFC, 0x00, 0x0F, 0xE0, 0x00, 0x07, 0xFE, 0x50,
    0x3F, 0x40, 0x00, 0x0F, 0xFF, 0xF1, 0xFC, 0x00, 0x00, 0x3F, 0xFF, 0xC7, 0xF4, 0x00, 0x01, 0xFE,
    0xFE, 0x1F, 0xE0, 0x00, 0x0F, 0xF0, 0x00, 0x3F, 0xE0, 0x00, 0xBF, 0x80, 0x00, 0xBF, 0xFE, 0xFF,
    0xFC, 0x00, 0x00, 0xFF, 0xFF, 0xFF, 0xC0, 0x00, 0x00, 0xBF, 0xFF, 0xF8, 0x00, 0x00, 0x00, 0x1A,
    0xE9, 0x00, 0x00, 0x00, 0x01, 0x00, 0x3F, 0x00, 0xFD, 0x03, 0xF0, 0x01, 0x00, 0x00, 0x00, 0x19,
    0x03, 0xFC, 0x0B, 0xF0, 0x1F, 0xD0, 0x3F, 0x40, 0xFE, 0x03, 0xF8, 0x0F, 0xE5, 0xFF, 0x7F, 0xFC,
    0xFF, 0xD3, 0xF8, 0x00, 0x00, 0x00, 0x00, 0x00, 0x00, 0x01, 0xF8, 0x00, 0x02, 0xFC, 0x00, 0x01,
    0xF8, 0x00, 0x00, 0x50, 0x00, 0x00, 0x00, 0x00, 0x00, 0x00, 0x00, 0x00, 0x90, 0x00, 0x01, 0xFC,
    0x00, 0x02, 0xFC, 0x00, 0x03, 0xF8, 0x00, 0x03, 0xFC, 0x00, 0x5F, 0xFF, 0x54, 0xFF, 0xFF, 0xFD,
    0xFF, 0xBF, 0xFE, 0xFD, 0x0B, 0xFC, 0x00, 0x00, 0x00, 0x00, 0x00, 0x00, 0x03, 0xD0, 0x00, 0x3F,
    0xD0, 0x00, 0xFF, 0xD0, 0x03, 0xFF, 0xD0, 0x3F, 0xFF, 0xC1, 0xFC, 0xBF, 0x4F, 0xD0, 0xFF, 0x3F,
    0x01, 0xFD, 0xFC, 0x07, 0xF7, 0xFD, 0xBF, 0x8F, 0xFF, 0xFD, 0x1F, 0xFF, 0xE0, 0x1B, 0xFD, 0x00,
    0x00, 0x00, 0x00, 0x00, 0x01, 0xA8, 0x00, 0x00, 0x01, 0xFC, 0x00, 0x00, 0x07, 0xFC, 0x00, 0x00,
    0xBF, 0xFD, 0x00, 0x07, 0xFF, 0xFD, 0x00, 0x1F, 0xFF, 0xFD, 0x00, 0x3F, 0xD0, 0xFD, 0x00, 0x3F,
    0x40, 0xFD, 0x00, 0x7F, 0x00, 0xFE, 0x00, 0x3F, 0xE5, 0xFE, 0x00, 0x3F, 0xFF, 0xFF, 0x00, 0x1F,
    0xFF, 0xFF, 0x94, 0x02, 0xFF, 0xFF, 0xFE, 0x00, 0x00, 0x3F, 0xFF, 0x00, 0x00, 0x0B, 0xFD, 0x00,
    0x00, 0x00, 0x00, 0x00, 0x60, 0x00, 0x00, 0x00, 0xFC, 0x00, 0x00, 0x02, 0xFF, 0x40, 0x00, 0x01,
    0xFF, 0xE0, 0x00, 0x07, 0xFF, 0xFC, 0x00, 0x0F, 0xFF, 0xFF, 0x00, 0x0F, 0xC3, 0xFF, 0xC0, 0x1F,
    0xC3, 0xFF, 0xF0, 0x0F, 0xC7, 0xF3, 0xF8, 0x0F, 0xFF, 0xE2, 0xFC, 0x5B, 0xFF, 0xC2, 0xFC, 0xFF,
    0xFF, 0xFF, 0xFC, 0xFF, 0xFF, 0xFF, 0xF4, 0xFE, 0x4B, 0xFF, 0xD0, 0x00, 0x00, 0x00, 0x00, 0x00,
    0x0B, 0xE0, 0x00, 0x00, 0x0F, 0xFF, 0x00, 0x00, 0x0F, 0xFF, 0xE0, 0x00, 0x0B, 0xFB, 0xFC, 0x00,
    0x03, 0xF8, 0x7F, 0x00, 0x01, 0xFC, 0x1F, 0xC0, 0x00, 0xBF, 0x0B, 0xE0, 0x00, 0x3F, 0x87, 0xF0,
    0x00, 0x5F, 0xFF, 0xFE, 0x54, 0x3F, 0xFF, 0xFF, 0xFF, 0xCF, 0xFF, 0xFF, 0xFF, 0xF3, 0xFF, 0x81,
    0xFF, 0xFC, 0x0F, 0xF0, 0x1F, 0xC0, 0x02, 0xFE, 0x0B, 0xF0, 0x00, 0x3F, 0xFF, 0xFC, 0x00, 0x07,
    0xFF, 0xFE, 0x00, 0x00, 0x7F, 0xFE, 0x00, 0x00, 0x00, 0x54, 0x00, 0x00, 0x00, 0x00, 0x00, 0x00,
    0xBF, 0x40, 0x03, 0xFF, 0xE0, 0x0B, 0xFF, 0xF4, 0x0F, 0xFB, 0xF8, 0x2F, 0xC2, 0xFC, 0x3F, 0x81,
    0xFD, 0x3F, 0xD6, 0xFD, 0x2F, 0xFF, 0xFD, 0x0F, 0xFF, 0xFC, 0x07, 0xFF, 0xFC, 0x00, 0x0B, 0xF8,
    0x00, 0x7F, 0xF0, 0x3F, 0xFF, 0xD0, 0x3F, 0xFF, 0x40, 0x3F, 0xF8, 0x00, 0x19, 0x40, 0x00, 0x00,
    0x00, 0x00, 0x00, 0x00, 0xBF, 0x40, 0x00, 0x03, 0xFF, 0xE0, 0x00, 0x0B, 0xFF, 0xF4, 0x00, 0x0F,
    0xFB, 0xFC, 0x00, 0x2F, 0xC2, 0xFC, 0x00, 0x3F, 0x81, 0xFD, 0x00, 0x3F, 0xD1, 0xFE, 0x50, 0x2F,
    0xFF, 0xFF, 0xFC, 0x0F, 0xFF, 0xFF, 0xFC, 0x02, 0xFF, 0xFF, 0xF8, 0x00, 0x0B, 0xF8, 0x00, 0x00,
    0x7F, 0xF0, 0x00, 0x3F, 0xFF, 0xD0, 0x00, 0x3F, 0xFF, 0x40, 0x00, 0x3F, 0xF8, 0x00, 0x00, 0x19,
    0x40, 0x00, 0x00, 0x00, 0x00, 0x00, 0x0B, 0xF8, 0x00, 0x00, 0x00, 0x2F, 0xFF, 0xC0, 0x00, 0x00,
    0x2F, 0xFF, 0xD0, 0x00, 0x00, 0x1F, 0xF9, 0xB0, 0x00, 0x00, 0x0F, 0xF0, 0x00, 0x00, 0x00, 0x07,
    0xF0, 0x00, 0x01, 0xD0, 0x01, 0xFC, 0x00, 0x00, 0xBF, 0x00, 0x7F, 0xD0, 0x00, 0x3F, 0x80, 0x0F,
    0xFF, 0x80, 0x0F, 0xD0, 0x00, 0xBF, 0xFD, 0x07, 0xF0, 0x00, 0x02, 0xFF, 0xC1, 0xFD, 0x00, 0x00,
    0x0F, 0xF0, 0x3F, 0x80, 0x00, 0x03, 0xFC, 0x0F, 0xF8, 0x00, 0x0B, 0xFD, 0x02, 0xFF, 0xFE, 0xFF,
    0xFE, 0x00, 0x2F, 0xFF, 0xFF, 0xFD, 0x00, 0x01, 0xFF, 0xFF, 0xF8, 0x00, 0x00, 0x06, 0xBE, 0x90,
    0x00, 0x00, 0x00, 0x00, 0x00, 0x00, 0x00, 0x01, 0xD0, 0x00, 0x00, 0x00, 0x00, 0x2F, 0xC0, 0x00,
    0x39, 0x00, 0x03, 0xF8, 0x00, 0x03, 0xFE, 0x94, 0x3F, 0x40, 0x00, 0x7F, 0xFF, 0xF7, 0xF0, 0x00,
    0x03, 0xFF, 0xFF, 0x7F, 0x40, 0x00, 0x03, 0xFF, 0xE7, 0xF8, 0x00, 0x00, 0x2F, 0xC0, 0x3F, 0xF0,
    0x00, 0x07, 0xFC, 0x02, 0xFF, 0xFE, 0xBF, 0xFF, 0x40, 0x0F, 0xFF, 0xFF, 0xFF, 0xE0, 0x00, 0x2F,
    0xFF, 0xFF, 0xE0, 0x00, 0x00, 0x1A, 0xFE, 0x90, 0x00, 0x00, 0x00, 0x00, 0x00, 0x0B, 0xF8, 0x00,
    0x00, 0x00, 0x2F, 0xFF, 0xC0, 0x00, 0x00, 0x2F, 0xFF, 0xD0, 0x00, 0x00, 0x1F, 0xF9, 0xB0, 0x00,
    0x00, 0x0F, 0xF0, 0x00, 0x00, 0x00, 0x07, 0xF0, 0x00, 0x01, 0xD0, 0x01, 0xFC, 0x00, 0x00, 0xBF,
    0x00, 0x7F, 0xD0, 0x00, 0x3F, 0x80, 0x0F, 0xFF, 0x80, 0x0F, 0xD0, 0x00, 0xBF, 0xFD, 0x07, 0xF0,
    0x00, 0x02, 0xFF, 0xC1, 0xFD, 0x00, 0x00, 0x0F, 0xF0, 0x3F, 0x80, 0x00, 0x03, 0xFC, 0x0F, 0xF8,
    0x00, 0x0B, 0xFD, 0x02, 0xFF, 0xFE, 0xFF, 0xFE, 0x00, 0x2F, 0xFF, 0xFF, 0xFD, 0x00, 0x01, 0xFF,
    0xFF, 0xF8, 0x00, 0x00, 0x06, 0xBE, 0x90, 0x00, 0x00, 0x00, 0x00, 0x00, 0x00, 0x00, 0x00, 0x00,
    0x00, 0x00, 0x00, 0x00, 0x0A, 0x0A, 0x00, 0x00, 0x00, 0x0F, 0xD7, 0xF0, 0x00, 0x00, 0x03, 0xF5,
    0xFC, 0x00, 0x00, 0x00, 0x28, 0x28, 0x00, 0x00, 0x00, 0x00, 0x00, 0x00, 0x00, 0x01, 0xD0, 0x00,
    0x00, 0x00, 0x00, 0x2F, 0xC0, 0x00, 0x39, 0x00, 0x03, 0xF8, 0x00, 0x03, 0xFE, 0x94, 0x3F, 0x40,
    0x00, 0x7F, 0xFF, 0xF7, 0xF0, 0x00, 0x03, 0xFF, 0xFF, 0x7F, 0x40, 0x00, 0x03, 0xFF, 0xE7, 0xF8,
    0x00, 0x00, 0x2F, 0xC0, 0x3F, 0xF0, 0x00, 0x07, 0xFC, 0x02, 0xFF, 0xFE, 0xBF, 0xFF, 0x40, 0x0F,
    0xFF, 0xFF, 0xFF, 0xE0, 0x00, 0x2F, 0xFF, 0xFF, 0xE0, 0x00, 0x00, 0x1A, 0xFE, 0x90, 0x00, 0x00,
    0x00, 0x00, 0x00, 0x00, 0x00, 0x00, 0x00, 0x00, 0x00, 0x00, 0x00, 0x00, 0x64, 0x24, 0x00, 0x00,
    0x00, 0x0F, 0xCF, 0xD0, 0x00, 0x00, 0x00, 0xFC, 0xFD, 0x00, 0x00, 0x00, 0x07, 0x47, 0x80, 0x00,
    0x00, 0x00, 0x64, 0x03, 0xF8, 0x03, 0xFC, 0x02, 0xFC, 0x01, 0xFD, 0x00, 0xFD, 0x00, 0xFD, 0x00,
    0xFD, 0x5B, 0xFD, 0xFF, 0xFC, 0xFF, 0xF0, 0xFF, 0x80, 0x00, 0x00, 0x00, 0x00, 0x28, 0x28, 0xFD,
    0x7F, 0xFD, 0x7F, 0x28, 0x28, 0x00, 0x54, 0x00, 0x00, 0x3F, 0x40, 0x00, 0x0F, 0xD0, 0x00, 0x07,
    0xF0, 0x00, 0x03, 0xFD, 0x00, 0x17, 0xFF, 0xE5, 0x0F, 0xFF, 0xFF, 0xF3, 0xFF, 0x7F, 0xFC, 0xFE,
    0x07, 0xFE, 0x00, 0x00, 0x00, 0x00, 0x00, 0x00, 0x00, 0x64, 0x28, 0x00, 0x3F, 0x2F, 0x80, 0x0F,
    0xDB, 0xE0, 0x01, 0xE0, 0xA0, 0x00, 0x00, 0x00, 0x00, 0x00, 0x07, 0xF4, 0x50, 0x00, 0x03, 0xFF,
    0xFC, 0x00, 0x40, 0x40, 0xB8, 0x0B, 0xF0, 0x00, 0x00, 0x01, 0xFC, 0x00, 0x00, 0x00, 0x7F, 0x00,
    0x0F, 0x40, 0x0F, 0xD0, 0x07, 0xF8, 0x03, 0xF4, 0x02, 0xFF, 0xD0, 0xFC, 0x00, 0x1F, 0xFD, 0x7F,
    0x00, 0x00, 0xBF, 0xFF, 0xC0, 0x00, 0x07, 0xFF, 0xE0, 0x00, 0x00, 0x3F, 0xF0, 0x00, 0x00, 0x07,
    0xFF, 0x00, 0x00, 0x07, 0xFF, 0xE0, 0x00, 0x07, 0xFE, 0xFC, 0x00, 0x0B, 0xFC, 0x3F, 0x40, 0x0F,
    0xFD, 0x6F, 0xD0, 0x03, 0xFF, 0xFF, 0xF4, 0x00, 0xFF, 0xFF, 0xFC, 0x00, 0x3F, 0xFF, 0xF8, 0x00,
    0x00, 0x00, 0x00, 0x00, 0x00, 0x0F, 0xD0, 0x40, 0x00, 0x00, 0x3F, 0xFF, 0xC1, 0x50, 0x00, 0x14,
    0x2F, 0x47, 0xF0, 0x00, 0x00, 0x00, 0x07, 0xF0, 0x00, 0x00, 0x00, 0x07, 0xF0, 0x00, 0x06, 0x00,
    0x07, 0xF0, 0x00, 0x0F, 0x80, 0x07, 0xF4, 0x00, 0x2F, 0xE0, 0x03, 0xF4, 0x00, 0x0F, 0xF8, 0x03,
    0xF4, 0x00, 0x03, 0xFE, 0x03, 0xF4, 0x00, 0x00, 0xFF, 0x83, 0xF4, 0x00, 0x00, 0x3F, 0xD7, 0xF4,
    0x00, 0x00, 0x0F, 0xFB, 0xF8, 0x00, 0x00, 0x03, 0xFF, 0xF8, 0x00, 0x00, 0x01, 0xFF, 0xF8, 0x00,
    0x00, 0x01, 0xFF, 0xFC, 0x00, 0x1A, 0xBF, 0xFF, 0xFE, 0x50, 0x1F, 0xFF, 0xFE, 0xFF, 0xFC, 0x2F,
    0xFF, 0xE0, 0xFF, 0xFC, 0x2F, 0xFE, 0x40, 0x2F, 0xF8, 0x00, 0x00, 0x00, 0x00, 0x00, 0x1B, 0x00,
    0x00, 0x01, 0xFC, 0x00, 0x00, 0x0B, 0x40, 0x00, 0x00, 0x2E, 0x00, 0x00, 0x00, 0x3F, 0xC0, 0x00,
    0x43, 0xFE, 0x00, 0xBF, 0x05, 0x00, 0x01, 0xFC, 0x00, 0x00, 0x07, 0xF0, 0x0F, 0x40, 0x0F, 0xD0,
    0x7F, 0x80, 0x3F, 0x42, 0xFF, 0xD0, 0xFC, 0x01, 0xFF, 0xD7, 0xF0, 0x00, 0xBF, 0xFF, 0xC0, 0x00,
    0x7F, 0xFE, 0x00, 0x00, 0x3F, 0xF0, 0x00, 0x00, 0x7F, 0xF0, 0x00, 0x07, 0xFF, 0xE0, 0x00, 0x7F,
    0xEF, 0xC0, 0x0B, 0xFC, 0x3F, 0x40, 0xFF, 0xD6, 0xFD, 0x03, 0xFF, 0xFF, 0xF4, 0x0F, 0xFF, 0xFF,
    0xC0, 0x3F, 0xFF, 0xF8, 0x00, 0x06, 0xD0, 0x00, 0x00, 0x00, 0x7F, 0x40, 0x00, 0x00, 0x02, 0xE0,
    0x00, 0x00, 0x00, 0x07, 0x80, 0x00, 0x00, 0x00, 0x0F, 0xF4, 0x05, 0x40, 0x00, 0xBF, 0x80, 0x7F,
    0x00, 0x01, 0x90, 0x01, 0xFC, 0x00, 0x00, 0x00, 0x07, 0xF0, 0x00, 0x18, 0x00, 0x1F, 0xC0, 0x00,
    0xF8, 0x00, 0x7F, 0x40, 0x0B, 0xF8, 0x00, 0xFD, 0x00, 0x0F, 0xF8, 0x03, 0xF4, 0x00, 0x0F, 0xF8,
    0x0F, 0xD0, 0x00, 0x0F, 0xF8, 0x3F, 0x40, 0x00, 0x0F, 0xF5, 0xFD, 0x00, 0x00, 0x0F, 0xFB, 0xF8,
    0x00, 0x00, 0x0F, 0xFF, 0xE0, 0x00, 0x00, 0x1F, 0xFF, 0x80, 0x00, 0x00, 0x7F, 0xFF, 0x00, 0x1A,
    0xBF, 0xFF, 0xFE, 0x50, 0x7F, 0xFF, 0xFB, 0xFF, 0xF2, 0xFF, 0xFE, 0x0F, 0xFF, 0xCB, 0xFF, 0x90,
    0x0B, 0xFE, 0x00, 0x00, 0x00, 0x00, 0x00, 0x00, 0x00, 0x01, 0x00, 0x00, 0x0B, 0xF0, 0x00, 0x00,
    0x7F, 0x00, 0x00, 0x07, 0xF0, 0x3D, 0x00, 0x3F, 0x47, 0xF8, 0x03, 0xF4, 0xBF, 0xF4, 0x3F, 0x01,
    0xFF, 0xD7, 0xF0, 0x02, 0xFF, 0xFF, 0x00, 0x07, 0xFF, 0xE0, 0x00, 0x0F, 0xFC, 0x00, 0x00, 0x7F,
    0xF0, 0x00, 0x1F, 0xFF, 0x80, 0x07, 0xFE, 0xFC, 0x02, 0xFF, 0x0F, 0xD0, 0xFF, 0xD6, 0xFD, 0x0F,
    0xFF, 0xFF, 0xD0, 0xFF, 0xFF, 0xFC, 0x0F, 0xFF, 0xFE, 0x00, 0x00, 0x00, 0x00, 0x02, 0xE0, 0x00,
    0x00, 0xBF, 0x00, 0x00, 0x0F, 0x00, 0x00, 0x00, 0xB4, 0x00, 0x00, 0x07, 0xFC, 0x00, 0x00, 0xFF,
    0x80, 0x00, 0x05, 0x00, 0x00, 0x00, 0x00, 0x00, 0x05, 0x40, 0x00, 0x00, 0x00, 0x7F, 0x00, 0x00,
    0x00, 0x01, 0xFC, 0x00, 0x00, 0x00, 0x07, 0xF0, 0x00, 0x18, 0x00, 0x1F, 0xC0, 0x00, 0xF8, 0x00,
    0x7F, 0x40, 0x0B, 0xF8, 0x00, 0xFD, 0x00, 0x0F, 0xF8, 0x03, 0xF4, 0x00, 0x0F, 0xF8, 0x0F, 0xD0,
    0x00, 0x0F, 0xF8, 0x3F, 0x40, 0x00, 0x0F, 0xF5, 0xFD, 0x00, 0x00, 0x0F, 0xFB, 0xF8, 0x00, 0x00,
    0x0F, 0xFF, 0xE0, 0x00, 0x00, 0x1F, 0xFF, 0x80, 0x00, 0x00, 0x7F, 0xFF, 0x00, 0x1A, 0xBF, 0xFF,
    0xFE, 0x50, 0x7F, 0xFF, 0xFB, 0xFF, 0xF2, 0xFF, 0xFE, 0x0F, 0xFF, 0xCB, 0xFF, 0x90, 0x0B, 0xFE,
    0x00, 0x00, 0x00, 0x00, 0x00, 0x02, 0xE0, 0x00, 0x00, 0x00, 0x2F, 0xC0, 0x00, 0x00, 0x00, 0xF0,
    0x00, 0x00, 0x00, 0x03, 0xD0, 0x00, 0x00, 0x00, 0x07, 0xFC, 0x00, 0x00, 0x00, 0x3F, 0xE0, 0x00,
    0x00, 0x00, 0x50, 0x00, 0x00, 0x00, 0x00, 0x00, 0x00, 0x01, 0x00, 0x00, 0x0B, 0xF0, 0x00, 0x00,
    0x7F, 0x00, 0x00, 0x07, 0xF0, 0x3D, 0x00, 0x3F, 0x47, 0xF8, 0x03, 0xF4, 0xBF, 0xF4, 0x3F, 0x01,
    0xFF, 0xD7, 0xF0, 0x02, 0xFF, 0xFF, 0x00, 0x07, 0xFF, 0xE0, 0x00, 0x0F, 0xFC, 0x00, 0x00, 0x7F,
    0xF0, 0x00, 0x1F, 0xFF, 0x80, 0x07, 0xFE, 0xFC, 0x02, 0xFF, 0x0F, 0xD0, 0xFF, 0xD6, 0xFD, 0x0F,
    0xFF, 0xFF, 0xD0, 0xFF, 0xFF, 0xFC, 0x0F, 0xFF, 0xFE, 0x00, 0x00, 0x00, 0x05, 0x40, 0x00, 0x00,
    0x00, 0x7F, 0x00, 0x00, 0x00, 0x01, 0xFC, 0x00, 0x00, 0x00, 0x07, 0xF0, 0x00, 0x18, 0x00, 0x1F,
    0xC0, 0x00, 0xF8, 0x00, 0x7F, 0x40, 0x0B, 0xF8, 0x00, 0xFD, 0x00, 0x0F, 0xF8, 0x03, 0xF4, 0x00,
    0x0F, 0xF8, 0x0F, 0xD0, 0x00, 0x0F, 0xF8, 0x3F, 0x40, 0x00, 0x0F, 0xF5, 0xFD, 0x00, 0x00, 0x0F,
    0xFB, 0xF8, 0x00, 0x00, 0x0F, 0xFF, 0xE0, 0x00, 0x00, 0x1F, 0xFF, 0x80, 0x00, 0x00, 0x7F, 0xFF,
    0x00, 0x1A, 0xBF, 0xFF, 0xFE, 0x50, 0x7F, 0xFF, 0xFB, 0xFF, 0xF2, 0xFF, 0xFE, 0x0F, 0xFF, 0xCB,
    0xFF, 0x90, 0x0B, 0xFE, 0x00, 0x00, 0x00, 0x00, 0x00,
};

static const EpdGlyph ubuntu_12_boldGlyphs[] = {
    { 0, 0, 0, 0, 0, 0, 0 }, // U+0000
    { 0, 0, 0, 0, 0, 0, 0 }, // U+0008
    { 0, 0, 96, 0, 0, 0, 0 }, // U+0009
    { 0, 0, 96, 0, 0, 0, 0 }, // U+000D
    { 0, 0, 0, 0, 0, 0, 0 }, // U+001D
    { 0, 0, 96, 0, 0, 0, 0 }, // U+0020
    { 5, 17, 114, 1, 17, 22, 0 }, // !
    { 10, 7, 186, 1, 19, 18, 22 }, // "
    { 16, 17, 280, 1, 17, 68, 40 }, // #
    { 14, 23, 227, 0, 20, 81, 108 }, // $
    { 23, 17, 367, 0, 17, 98, 189 }, // %
    { 18, 17, 282, 0, 17, 77, 287 }, // &
    { 4, 7, 99, 1, 19, 7, 364 }, // '
    { 8, 25, 142, 1, 20, 50, 371 }, // (
    { 8, 25, 142, 0, 20, 50, 421 }, // )
    { 11, 10, 201, 1, 17, 28, 471 }, // *
    { 12, 11, 227, 1, 13, 33, 499 }, // +
    { 6, 8, 98, 0, 4, 12, 532 }, // ,
    { 8, 3, 136, 0, 9, 6, 544 }, // -
    { 6, 5, 98, 0, 5, 8, 550 }, // .
    { 13, 25, 175, -1, 20, 82, 558 }, // /
    { 14, 17, 227, 0, 17, 60, 640 }, // 0
    { 10, 17, 227, 1, 17, 43, 700 }, // 1
    { 13, 17, 227, 0, 17, 56, 743 }, // 2
    { 13, 17, 227, 0, 17, 56, 799 }, // 3
    { 14, 17, 227, 0, 17, 60, 855 }, // 4
    { 13, 17, 227, 0, 17, 56, 915 }, // 5
    { 14, 17, 227, 0, 17, 60, 971 }, // 6
    { 13, 17, 227, 1, 17, 56, 1031 }, // 7
    { 14, 17, 227, 0, 17, 60, 1087 }, // 8
    { 14, 17, 227, 0, 17, 60, 1147 }, // 9
    { 6, 14, 98, 0, 14, 21, 1207 }, // :
    { 6, 18, 98, 0, 14, 27, 1228 }, // ;
    { 12, 13, 227, 1, 14, 39, 1255 }, // <
    { 12, 8, 227, 1, 12, 24, 1294 }, // =
    { 12, 13, 227, 1, 14, 39, 1318 }, // >
    { 11, 19, 182, 0, 19, 53, 1357 }, // ?
    { 23, 22, 390, 1, 18, 127, 1410 }, // @
    { 18, 17, 288, 0, 17, 77, 1537 }, // A
    { 14, 17, 269, 2, 17, 60, 1614 }, // B
    { 15, 17, 259, 1, 17, 64, 1674 }, // C
    { 16, 17, 295, 2, 17, 68, 1738 }, // D
    { 13, 17, 242, 2, 17, 56, 1806 }, // E
    { 12, 17, 230, 2, 17, 51, 1862 }, // F
    { 15, 17, 281, 1, 17, 64, 1913 }, // G
    { 15, 17, 294, 2, 17, 64, 1977 }, // H
    { 4, 17, 126, 2, 17, 17, 2041 }, // I
    { 12, 17, 212, 0, 17, 51, 2058 }, // J
    { 15, 17, 274, 2, 17, 64, 2109 }, // K
    { 12, 17, 225, 2, 17, 51, 2173 }, // L
    { 20, 17, 359, 1, 17, 85, 2224 }, // M
    { 15, 17, 302, 2, 17, 64, 2309 }, // N
    { 18, 17, 316, 1, 17, 77, 2373 }, // O
    { 14, 17, 258, 2, 17, 60, 2450 }, // P
    { 18, 22, 316, 1, 17, 99, 2510 }, // Q
    { 15, 17, 267, 2, 17, 64, 2609 }, // R
    { 14, 17, 233, 0, 17, 60, 2673 }, // S
    { 15, 17, 246, 0, 17, 64, 2733 }, // T
    { 15, 17, 283, 1, 17, 64, 2797 }, // U
    { 18, 17, 289, 0, 17, 77, 2861 }, // V
    { 24, 17, 379, 0, 17, 102, 2938 }, // W
    { 17, 17, 270, 0, 17, 73, 3040 }, // X
    { 17, 17, 264, 0, 17, 73, 3113 }, // Y
    { 15, 17, 244, 0, 17, 64, 3186 }, // Z
    { 8, 25, 148, 2, 20, 50, 3250 }, // [
    { 13, 25, 175, -1, 20, 82, 3300 }, // <backslash>
    { 8, 25, 148, 0, 20, 50, 3382 }, // ]
    { 14, 10, 227, 0, 17, 35, 3432 }, // ^
    { 13, 3, 200, 0, -2, 10, 3467 }, // _
    { 7, 6, 114, 0, 20, 11, 3477 }, // `
    { 13, 13, 221, 0, 13, 43, 3488 }, // a
    { 13, 19, 242, 1, 19, 62, 3531 }, // b
    { 11, 13, 200, 1, 13, 36, 3593 }, // c
    { 13, 19, 242, 1, 19, 62, 3629 }, // d
    { 13, 13, 234, 1, 13, 43, 3691 }, // e
    { 10, 19, 169, 1, 19, 48, 3734 }, // f
    { 13, 18, 238, 1, 13, 59, 3782 }, // g
    { 13, 19, 236, 1, 19, 62, 3841 }, // h
    { 5, 19, 116, 1, 19, 24, 3903 }, // i
    { 8, 24, 116, -2, 19, 48, 3927 }, // j
    { 14, 19, 232, 1, 19, 67, 3975 }, // k
    { 7, 19, 126, 1, 19, 34, 4042 }, // l
    { 19, 13, 345, 1, 13, 62, 4076 }, // m
    { 13, 13, 236, 1, 13, 43, 4138 }, // n
    { 14, 13, 243, 1, 13, 46, 4181 }, // o
    { 13, 18, 242, 1, 13, 59, 4227 }, // p
    { 13, 18, 242, 1, 13, 59, 4286 }, // q
    { 10, 13, 169, 1, 13, 33, 4345 }, // r
    { 12, 13, 194, 0, 13, 39, 4378 }, // s
    { 10, 17, 178, 1, 17, 43, 4417 }, // t
    { 12, 13, 236, 1, 13, 39, 4460 }, // u
    { 14, 13, 220, 0, 13, 46, 4499 }, // v
    { 20, 13, 314, 0, 13, 65, 4545 }, // w
    { 14, 13, 222, 0, 13, 46, 4610 }, // x
    { 14, 18, 219, 0, 13, 63, 4656 }, // y
    { 12, 13, 200, 0, 13, 39, 4719 }, // z
    { 10, 25, 148, 0, 20, 63, 4758 }, // {
    { 4, 25, 129, 2, 20, 25, 4821 }, // |
    { 9, 25, 148, 0, 20, 57, 4846 }, // }
    { 14, 5, 227, 0, 10, 18, 4903 }, // ~
    { 0, 0, 96, 0, 0, 0, 4921 }, // U+00A0
    { 5, 18, 114, 1, 13, 23, 4921 }, // U+00A1
    { 11, 18, 227, 1, 16, 50, 4944 }, // U+00A2
    { 13, 17, 227, 0, 17, 56, 4994 }, // U+00A3
    { 14, 13, 227, 0, 16, 46, 5050 }, // U+00A4
    { 16, 17, 227, -1, 17, 68, 5096 }, // U+00A5
    { 4, 25, 121, 2, 20, 25, 5164 }, // U+00A6
    { 13, 22, 206, 0, 17, 72, 5189 }, // U+00A7
    { 11, 4, 214, 1, 19, 11, 5261 }, // U+00A8
    { 18, 18, 318, 1, 18, 81, 5272 }, // U+00A9
    { 10, 10, 160, 0, 18, 25, 5353 }, // U+00AA
    { 15, 13, 239, 0, 14, 49, 5378 }, // U+00AB
    { 12, 9, 227, 1, 10, 27, 5427 }, // U+00AC
    { 8, 3, 136, 0, 9, 6, 5454 }, // U+00AD
    { 18, 18, 318, 1, 18, 81, 5460 }, // U+00AE
    { 9, 3, 150, 0, 19, 7, 5541 }, // U+00AF
    { 9, 7, 145, 0, 19, 16, 5548 }, // U+00B0
    { 12, 15, 227, 1, 15, 45, 5564 }, // U+00B1
    { 9, 10, 145, 0, 18, 23, 5609 }, // U+00B2
    { 8, 10, 145, 0, 18, 20, 5632 }, // U+00B3
    { 7, 6, 114, 0, 20, 11, 5652 }, // U+00B4
    { 13, 18, 238, 1, 13, 59, 5663 }, // U+00B5
    { 15, 23, 284, 1, 18, 87, 5722 }, // U+00B6
    { 6, 5, 98, 0, 10, 8, 5809 }, // U+00B7
    { 6, 7, 130, 1, 1, 11, 5817 }, // U+00B8
    { 7, 10, 145, 0, 18, 18, 5828 }, // U+00B9
    { 11, 10, 183, 0, 18, 28, 5846 }, // U+00BA
    { 15, 13, 239, 0, 14, 49, 5874 }, // U+00BB
    { 22, 18, 351, 0, 18, 99, 5923 }, // U+00BC
    { 21, 18, 351, 0, 18, 95, 6022 }, // U+00BD
    { 22, 18, 351, 0, 18, 99, 6117 }, // U+00BE
    { 11, 18, 182, 0, 13, 50, 6216 }, // U+00BF
    { 18, 24, 288, 0, 24, 108, 6266 }, // U+00C0
    { 18, 24, 288, 0, 24, 108, 6374 }, // U+00C1
    { 18, 23, 288, 0, 23, 104, 6482 }, // U+00C2
    { 18, 23, 288, 0, 23, 104, 6586 }, // U+00C3
    { 18, 23, 288, 0, 23, 104, 6690 }, // U+00C4
    { 18, 22, 288, 0, 22, 99, 6794 }, // U+00C5
    { 24, 17, 398, 0, 17, 102, 6893 }, // U+00C6
    { 15, 22, 259, 1, 17, 83, 6995 }, // U+00C7
    { 13, 24, 242, 2, 24, 78, 7078 }, // U+00C8
    { 13, 24, 242, 2, 24, 78, 7156 }, // U+00C9
    { 13, 23, 242, 2, 23, 75, 7234 }, // U+00CA
    { 13, 23, 242, 2, 23, 75, 7309 }, // U+00CB
    { 7, 24, 126, 0, 24, 42, 7384 }, // U+00CC
    { 7, 24, 126, 1, 24, 42, 7426 }, // U+00CD
    { 8, 23, 126, 0, 23, 46, 7468 }, // U+00CE
    { 10, 23, 126, -1, 23, 58, 7514 }, // U+00CF
    { 18, 17, 299, 0, 17, 77, 7572 }, // U+00D0
    { 15, 23, 302, 2, 23, 87, 7649 }, // U+00D1
    { 18, 24, 316, 1, 24, 108, 7736 }, // U+00D2
    { 18, 24, 316, 1, 24, 108, 7844 }, // U+00D3
    { 18, 23, 316, 1, 23, 104, 7952 }, // U+00D4
    { 18, 23, 316, 1, 23, 104, 8056 }, // U+00D5
    { 18, 23, 316, 1, 23, 104, 8160 }, // U+00D6
    { 12, 11, 227, 1, 13, 33, 8264 }, // U+00D7
    { 18, 19, 316, 1, 18, 86, 8297 }, // U+00D8
    { 15, 24, 283, 1, 24, 90, 8383 }, // U+00D9
    { 15, 24, 283, 1, 24, 90, 8473 }, // U+00DA
    { 15, 23, 283, 1, 23, 87, 8563 }, // U+00DB
    { 15, 23, 283, 1, 23, 87, 8650 }, // U+00DC
    { 17, 24, 264, 0, 24, 102, 8737 }, // U+00DD
    { 14, 17, 258, 2, 17, 60, 8839 }, // U+00DE
    { 15, 19, 264, 1, 19, 72, 8899 }, // U+00DF
    { 13, 20, 221, 0, 20, 65, 8971 }, // U+00E0
    { 13, 20, 221, 0, 20, 65, 9036 }, // U+00E1
    { 13, 19, 221, 0, 19, 62, 9101 }, // U+00E2
    { 13, 19, 221, 0, 19, 62, 9163 }, // U+00E3
    { 13, 19, 221, 0, 19, 62, 9225 }, // U+00E4
    { 13, 20, 221, 0, 20, 65, 9287 }, // U+00E5
    { 21, 13, 350, 0, 13, 69, 9352 }, // U+00E6
    { 11, 18, 200, 1, 13, 50, 9421 }, // U+00E7
    { 13, 20, 234, 1, 20, 65, 9471 }, // U+00E8
    { 13, 20, 234, 1, 20, 65, 9536 }, // U+00E9
    { 13, 19, 234, 1, 19, 62, 9601 }, // U+00EA
    { 13, 19, 234, 1, 19, 62, 9663 }, // U+00EB
    { 7, 20, 116, 0, 20, 35, 9725 }, // U+00EC
    { 6, 20, 116, 1, 20, 30, 9760 }, // U+00ED
    { 9, 19, 116, -1, 19, 43, 9790 }, // U+00EE
    { 11, 19, 116, -2, 19, 53, 9833 }, // U+00EF
    { 14, 19, 240, 1, 19, 67, 9886 }, // U+00F0
    { 13, 19, 236, 1, 19, 62, 9953 }, // U+00F1
    { 14, 20, 243, 1, 20, 70, 10015 }, // U+00F2
    { 14, 20, 243, 1, 20, 70, 10085 }, // U+00F3
    { 14, 19, 243, 1, 19, 67, 10155 }, // U+00F4
    { 14, 19, 243, 1, 19, 67, 10222 }, // U+00F5
    { 14, 19, 243, 1, 19, 67, 10289 }, // U+00F6
    { 12, 13, 227, 1, 13, 39, 10356 }, // U+00F7
    { 14, 15, 243, 1, 14, 53, 10395 }, // U+00F8
    { 12, 20, 236, 1, 20, 60, 10448 }, // U+00F9
    { 12, 20, 236, 1, 20, 60, 10508 }, // U+00FA
    { 12, 19, 236, 1, 19, 57, 10568 }, // U+00FB
    { 12, 19, 236, 1, 19, 57, 10625 }, // U+00FC
    { 14, 25, 219, 0, 20, 88, 10682 }, // U+00FD
    { 13, 24, 242, 1, 19, 78, 10770 }, // U+00FE
    { 14, 24, 219, 0, 19, 84, 10848 }, // U+00FF
    { 18, 23, 288, 0, 23, 104, 10932 }, // U+0100
    { 13, 19, 221, 0, 19, 62, 11036 }, // U+0101
    { 18, 23, 288, 0, 23, 104, 11098 }, // U+0102
    { 13, 19, 221, 0, 19, 62, 11202 }, // U+0103
    { 19, 23, 288, 0, 17, 110, 11264 }, // U+0104
    { 13, 19, 221, 0, 13, 62, 11374 }, // U+0105
    { 15, 24, 259, 1, 24, 90, 11436 }, // U+0106
    { 11, 20, 200, 1, 20, 55, 11526 }, // U+0107
    { 15, 23, 259, 1, 23, 87, 11581 }, // U+0108
    { 11, 19, 200, 1, 19, 53, 11668 }, // U+0109
    { 15, 23, 259, 1, 23, 87, 11721 }, // U+010A
    { 11, 19, 200, 1, 19, 53, 11808 }, // U+010B
    { 15, 24, 259, 1, 24, 90, 11861 }, // U+010C
    { 11, 20, 200, 1, 20, 55, 11951 }, // U+010D
    { 16, 24, 295, 2, 24, 96, 12006 }, // U+010E
    { 18, 19, 274, 1, 19, 86, 12102 }, // U+010F
    { 18, 17, 299, 0, 17, 77, 12188 }, // U+0110
    { 14, 19, 242, 1, 19, 67, 12265 }, // U+0111
    { 13, 23, 242, 2, 23, 75, 12332 }, // U+0112
    { 13, 19, 234, 1, 19, 62, 12407 }, // U+0113
    { 13, 23, 242, 2, 23, 75, 12469 }, // U+0114
    { 13, 19, 234, 1, 19, 62, 12544 }, // U+0115
    { 13, 23, 242, 2, 23, 75, 12606 }, // U+0116
    { 13, 19, 234, 1, 19, 62, 12681 }, // U+0117
    { 13, 23, 242, 2, 17, 75, 12743 }, // U+0118
    { 13, 18, 234, 1, 13, 59, 12818 }, // U+0119
    { 13, 24, 242, 2, 24, 78, 12877 }, // U+011A
    { 13, 20, 234, 1, 20, 65, 12955 }, // U+011B
    { 15, 23, 281, 1, 23, 87, 13020 }, // U+011C
    { 13, 24, 238, 1, 19, 78, 13107 }, // U+011D
    { 15, 23, 281, 1, 23, 87, 13185 }, // U+011E
    { 13, 24, 238, 1, 19, 78, 13272 }, // U+011F
    { 15, 23, 281, 1, 23, 87, 13350 }, // U+0120
    { 13, 24, 238, 1, 19, 78, 13437 }, // U+0121
    { 15, 22, 281, 1, 17, 83, 13515 }, // U+0122
    { 13, 25, 238, 1, 20, 82, 13598 }, // U+0123
    { 15, 23, 294, 2, 23, 87, 13680 }, // U+0124
    { 13, 25, 236, 1, 25, 82, 13767 }, // U+0125
    { 19, 17, 302, 0, 17, 81, 13849 }, // U+0126
    { 14, 19, 240, 0, 19, 67, 13930 }, // U+0127
    { 10, 23, 126, -1, 23, 58, 13997 }, // U+0128
    { 10, 19, 116, -1, 19, 48, 14055 }, // U+0129
    { 10, 23, 126, -1, 23, 58, 14103 }, // U+012A
    { 9, 19, 116, -1, 19, 43, 14161 }, // U+012B
    { 9, 23, 126, 0, 23, 52, 14204 }, // U+012C
    { 9, 19, 116, -1, 19, 43, 14256 }, // U+012D
    { 7, 23, 126, 0, 17, 41, 14299 }, // U+012E
    { 6, 25, 116, 0, 19, 38, 14340 }, // U+012F
    { 5, 23, 126, 1, 23, 29, 14378 }, // U+0130
    { 5, 13, 116, 1, 13, 17, 14407 }, // U+0131
    { 18, 17, 336, 2, 17, 77, 14424 }, // U+0132
    { 12, 24, 230, 1, 19, 72, 14501 }, // U+0133
    { 14, 23, 212, 0, 23, 81, 14573 }, // U+0134
    { 10, 24, 116, -2, 19, 60, 14654 }, // U+0135
    { 15, 22, 274, 2, 17, 83, 14714 }, // U+0136
    { 14, 24, 232, 1, 19, 84, 14797 }, // U+0137
    { 14, 13, 233, 1, 13, 46, 14881 }, // U+0138
    { 13, 24, 225, 1, 24, 78, 14927 }, // U+0139
    { 7, 24, 126, 1, 24, 42, 15005 }, // U+013A
    { 12, 22, 225, 2, 17, 66, 15047 }, // U+013B
    { 7, 24, 126, 1, 19, 42, 15113 }, // U+013C
    { 12, 17, 225, 2, 17, 51, 15155 }, // U+013D
    { 10, 19, 148, 1, 19, 48, 15206 }, // U+013E
    { 12, 17, 225, 2, 17, 51, 15254 }, // U+013F
    { 12, 19, 207, 1, 19, 57, 15305 }, // U+0140
    { 15, 17, 238, 0, 17, 64, 15362 }, // U+0141
    { 11, 19, 146, -1, 19, 53, 15426 }, // U+0142
    { 15, 24, 302, 2, 24, 90, 15479 }, // U+0143
    { 13, 20, 236, 1, 20, 65, 15569 }, // U+0144
    { 15, 22, 302, 2, 17, 83, 15634 }, // U+0145
    { 13, 18, 236, 1, 13, 59, 15717 }, // U+0146
    { 15, 24, 302, 2, 24, 90, 15776 }, // U+0147
    { 13, 20, 236, 1, 20, 65, 15866 }, // U+0148
    { 15, 19, 248, -1, 19, 72, 15931 }, // U+0149
    { 15, 22, 302, 2, 17, 83, 16003 }, // U+014A
    { 13, 18, 236, 1, 13, 59, 16086 }, // U+014B
    { 18, 23, 316, 1, 23, 104, 16145 }, // U+014C
    { 14, 19, 243, 1, 19, 67, 16249 }, // U+014D
    { 18, 23, 316, 1, 23, 104, 16316 }, // U+014E
    { 14, 19, 243, 1, 19, 67, 16420 }, // U+014F
    { 18, 24, 316, 1, 24, 108, 16487 }, // U+0150
    { 14, 20, 243, 1, 20, 70, 16595 }, // U+0151
    { 24, 17, 399, 1, 17, 102, 16665 }, // U+0152
    { 22, 13, 375, 1, 13, 72, 16767 }, // U+0153
    { 15, 24, 267, 2, 24, 90, 16839 }, // U+0154
    { 10, 20, 169, 1, 20, 50, 16929 }, // U+0155
    { 15, 22, 267, 2, 17, 83, 16979 }, // U+0156
    { 11, 18, 169, 0, 13, 50, 17062 }, // U+0157
    { 15, 24, 267, 2, 24, 90, 17112 }, // U+0158
    { 10, 20, 169, 1, 20, 50, 17202 }, // U+0159
    { 14, 24, 233, 0, 24, 84, 17252 }, // U+015A
    { 12, 20, 194, 0, 20, 60, 17336 }, // U+015B
    { 14, 23, 233, 0, 23, 81, 17396 }, // U+015C
    { 12, 19, 194, 0, 19, 57, 17477 }, // U+015D
    { 14, 22, 233, 0, 17, 77, 17534 }, // U+015E
    { 12, 18, 194, 0, 13, 54, 17611 }, // U+015F
    { 14, 24, 233, 0, 24, 84, 17665 }, // U+0160
    { 12, 20, 194, 0, 20, 60, 17749 }, // U+0161
    { 15, 23, 246, 0, 17, 87, 17809 }, // U+0162
    { 10, 22, 178, 1, 17, 55, 17896 }, // U+0163
    { 15, 24, 246, 0, 24, 90, 17951 }, // U+0164
    { 10, 19, 178, 1, 19, 48, 18041 }, // U+0165
    { 15, 17, 246, 0, 17, 64, 18089 }, // U+0166
    { 10, 17, 178, 1, 17, 43, 18153 }, // U+0167
    { 15, 23, 283, 1, 23, 87, 18196 }, // U+0168
    { 12, 19, 236, 1, 19, 57, 18283 }, // U+0169
    { 15, 23, 283, 1, 23, 87, 18340 }, // U+016A
    { 12, 19, 236, 1, 19, 57, 18427 }, // U+016B
    { 15, 23, 283, 1, 23, 87, 18484 }, // U+016C
    { 12, 19, 236, 1, 19, 57, 18571 }, // U+016D
    { 15, 23, 283, 1, 23, 87, 18628 }, // U+016E
    { 12, 20, 236, 1, 20, 60, 18715 }, // U+016F
    { 15, 24, 283, 1, 24, 90, 18775 }, // U+0170
    { 13, 20, 236, 1, 20, 65, 18865 }, // U+0171
    { 15, 22, 283, 1, 17, 83, 18930 }, // U+0172
    { 13, 18, 236, 1, 13, 59, 19013 }, // U+0173
    { 24, 23, 379, 0, 23, 138, 19072 }, // U+0174
    { 20, 19, 314, 0, 19, 95, 19210 }, // U+0175
    { 17, 23, 264, 0, 23, 98, 19305 }, // U+0176
    { 14, 24, 219, 0, 19, 84, 19403 }, // U+0177
    { 17, 23, 264, 0, 23, 98, 19487 }, // U+0178
    { 15, 24, 244, 0, 24, 90, 19585 }, // U+0179
    { 12, 20, 200, 0, 20, 60, 19675 }, // U+017A
    { 15, 23, 244, 0, 23, 87, 19735 }, // U+017B
    { 12, 19, 200, 0, 19, 57, 19822 }, // U+017C
    { 15, 24, 244, 0, 24, 90, 19879 }, // U+017D
    { 12, 20, 200, 0, 20, 60, 19969 }, // U+017E
    { 10, 19, 132, 1, 19, 48, 20029 }, // U+017F
    { 18, 19, 316, 1, 19, 86, 20077 }, // U+01A0
    { 15, 15, 243, 1, 15, 57, 20163 }, // U+01A1
    { 18, 20, 299, 1, 20, 90, 20220 }, // U+01AF
    { 15, 16, 250, 1, 16, 60, 20310 }, // U+01B0
    { 30, 24, 520, 2, 24, 180, 20370 }, // U+01C4
    { 28, 20, 486, 2, 20, 140, 20550 }, // U+01C5
    { 26, 20, 438, 1, 20, 130, 20690 }, // U+01C6
    { 24, 17, 436, 2, 17, 102, 20820 }, // U+01C7
    { 18, 24, 339, 2, 19, 108, 20922 }, // U+01C8
    { 13, 24, 241, 1, 19, 78, 21030 }, // U+01C9
    { 29, 17, 512, 2, 17, 124, 21108 }, // U+01CA
    { 23, 24, 417, 2, 19, 138, 21232 }, // U+01CB
    { 20, 24, 351, 1, 19, 120, 21370 }, // U+01CC
    { 18, 24, 288, 0, 24, 108, 21490 }, // U+01CD
    { 13, 20, 221, 0, 20, 65, 21598 }, // U+01CE
    { 8, 24, 126, 0, 24, 48, 21663 }, // U+01CF
    { 9, 20, 116, -1, 20, 45, 21711 }, // U+01D0
    { 18, 24, 316, 1, 24, 108, 21756 }, // U+01D1
    { 14, 20, 243, 1, 20, 70, 21864 }, // U+01D2
    { 15, 24, 283, 1, 24, 90, 21934 }, // U+01D3
    { 12, 20, 236, 1, 20, 60, 22024 }, // U+01D4
    { 15, 25, 283, 1, 25, 94, 22084 }, // U+01D5
    { 12, 21, 236, 1, 21, 63, 22178 }, // U+01D6
    { 15, 24, 283, 1, 24, 90, 22241 }, // U+01D7
    { 12, 22, 236, 1, 22, 66, 22331 }, // U+01D8
    { 15, 24, 283, 1, 24, 90, 22397 }, // U+01D9
    { 12, 22, 236, 1, 22, 66, 22487 }, // U+01DA
    { 15, 24, 283, 1, 24, 90, 22553 }, // U+01DB
    { 12, 22, 236, 1, 22, 66, 22643 }, // U+01DC
    { 13, 13, 234, 1, 13, 43, 22709 }, // U+01DD
    { 18, 25, 288, 0, 25, 113, 22752 }, // U+01DE
    { 13, 21, 221, 0, 21, 69, 22865 }, // U+01DF
    { 18, 25, 288, 0, 25, 113, 22934 }, // U+01E0
    { 13, 21, 221, 0, 21, 69, 23047 }, // U+01E1
    { 24, 23, 398, 0, 23, 138, 23116 }, // U+01E2
    { 21, 19, 350, 0, 19, 100, 23254 }, // U+01E3
    { 17, 17, 291, 1, 17, 73, 23354 }, // U+01E4
    { 14, 18, 241, 1, 13, 63, 23427 }, // U+01E5
    { 15, 24, 281, 1, 24, 90, 23490 }, // U+01E6
    { 13, 25, 238, 1, 20, 82, 23580 }, // U+01E7
    { 15, 24, 274, 2, 24, 90, 23662 }, // U+01E8
    { 14, 25, 232, 1, 25, 88, 23752 }, // U+01E9
    { 18, 22, 316, 1, 17, 99, 23840 }, // U+01EA
    { 14, 18, 243, 1, 13, 63, 23939 }, // U+01EB
    { 18, 28, 316, 1, 23, 126, 24002 }, // U+01EC
    { 14, 24, 243, 1, 19, 84, 24128 }, // U+01ED
    { 14, 24, 246, 0, 24, 84, 24212 }, // U+01EE
    { 12, 26, 206, 0, 21, 78, 24296 }, // U+01EF
    { 10, 25, 116, -2, 20, 63, 24374 }, // U+01F0
    { 30, 17, 520, 2, 17, 128, 24437 }, // U+01F1
    { 28, 17, 486, 2, 17, 119, 24565 }, // U+01F2
    { 26, 19, 438, 1, 19, 124, 24684 }, // U+01F3
    { 15, 24, 281, 1, 24, 90, 24808 }, // U+01F4
    { 13, 25, 238, 1, 20, 82, 24898 }, // U+01F5
    { 24, 17, 424, 2, 17, 102, 24980 }, // U+01F6
    { 14, 22, 268, 2, 17, 77, 25082 }, // U+01F7
    { 15, 24, 302, 2, 24, 90, 25159 }, // U+01F8
    { 13, 20, 236, 1, 20, 65, 25249 }, // U+01F9
    { 18, 26, 288, 0, 26, 117, 25314 }, // U+01FA
    { 13, 24, 221, 0, 24, 78, 25431 }, // U+01FB
    { 24, 24, 398, 0, 24, 144, 25509 }, // U+01FC
    { 21, 20, 350, 0, 20, 105, 25653 }, // U+01FD
    { 18, 25, 316, 1, 24, 113, 25758 }, // U+01FE
    { 14, 21, 243, 1, 20, 74, 25871 }, // U+01FF
    { 18, 24, 288, 0, 24, 108, 25945 }, // U+0200
    { 13, 20, 221, 0, 20, 65, 26053 }, // U+0201
    { 18, 23, 288, 0, 23, 104, 26118 }, // U+0202
    { 13, 19, 221, 0, 19, 62, 26222 }, // U+0203
    { 13, 24, 242, 2, 24, 78, 26284 }, // U+0204
    { 13, 20, 234, 1, 20, 65, 26362 }, // U+0205
    { 13, 23, 242, 2, 23, 75, 26427 }, // U+0206
    { 13, 19, 234, 1, 19, 62, 26502 }, // U+0207
    { 11, 24, 126, -2, 24, 66, 26564 }, // U+0208
    { 12, 20, 116, -3, 20, 60, 26630 }, // U+0209
    { 10, 23, 126, -1, 23, 58, 26690 }, // U+020A
    { 9, 19, 116, -1, 19, 43, 26748 }, // U+020B
    { 18, 24, 316, 1, 24, 108, 26791 }, // U+020C
    { 14, 20, 243, 1, 20, 70, 26899 }, // U+020D
    { 18, 23, 316, 1, 23, 104, 26969 }, // U+020E
    { 14, 19, 243, 1, 19, 67, 27073 }, // U+020F
    { 15, 24, 267, 2, 24, 90, 27140 }, // U+0210
    { 11, 20, 169, 0, 20, 55, 27230 }, // U+0211
    { 15, 23, 267, 2, 23, 87, 27285 }, // U+0212
    { 10, 19, 169, 1, 19, 48, 27372 }, // U+0213
    { 15, 24, 283, 1, 24, 90, 27420 }, // U+0214
    { 12, 20, 236, 1, 20, 60, 27510 }, // U+0215
    { 15, 23, 283, 1, 23, 87, 27570 }, // U+0216
    { 12, 19, 236, 1, 19, 57, 27657 }, // U+0217
    { 14, 22, 233, 0, 17, 77, 27714 }, // U+0218
    { 12, 18, 194, 0, 13, 54, 27791 }, // U+0219
    { 15, 22, 246, 0, 17, 83, 27845 }, // U+021A
    { 10, 22, 178, 1, 17, 55, 27928 }, // U+021B
    { 13, 22, 227, 0, 17, 72, 27983 }, // U+021C
    { 11, 18, 191, 0, 13, 50, 28055 }, // U+021D
    { 15, 24, 294, 2, 24, 90, 28105 }, // U+021E
    { 13, 25, 236, 1, 25, 82, 28195 }, // U+021F
    { 9, 4, 0, -14, 19, 9, 28277 }, // U+0300
    { 8, 4, 0, -9, 19, 8, 28286 }, // U+0301
    { 11, 4, 0, -6, 19, 11, 28294 }, // U+0302
    { 11, 4, 0, -14, 19, 11, 28305 }, // U+0303
    { 10, 3, 0, -5, 18, 8, 28316 }, // U+0304
    { 10, 4, 0, -5, 19, 10, 28324 }, // U+0306
    { 6, 4, 0, -3, 20, 6, 28334 }, // U+0307
    { 10, 3, 0, -5, 19, 8, 28340 }, // U+0308
    { 7, 6, 0, -4, 21, 11, 28348 }, // U+030A
    { 12, 4, 0, -4, 19, 12, 28359 }, // U+030B
    { 11, 4, 0, -6, 19, 11, 28371 }, // U+030C
    { 9, 4, 156, 0, 19, 9, 28382 }, // U+0311
    { 6, 7, 0, -3, 18, 11, 28391 }, // U+0312
    { 5, 4, 0, -2, -2, 5, 28402 }, // U+0326
    { 6, 6, 0, -3, 0, 9, 28407 }, // U+0327
    { 6, 8, 0, -3, 2, 12, 28416 }, // U+0328
    { 0, 0, 0, 0, 0, 0, 28428 }, // U+034F
    { 13, 24, 242, 2, 24, 78, 28428 }, // U+0400
    { 13, 23, 242, 2, 23, 75, 28506 }, // U+0401
    { 20, 17, 326, 0, 17, 85, 28581 }, // U+0402
    { 12, 24, 237, 2, 24, 72, 28666 }, // U+0403
    { 16, 17, 274, 1, 17, 68, 28738 }, // U+0404
    { 14, 17, 233, 0, 17, 60, 28806 }, // U+0405
    { 4, 17, 126, 2, 17, 17, 28866 }, // U+0406
    { 10, 23, 126, -1, 23, 58, 28883 }, // U+0407
    { 12, 17, 212, 0, 17, 51, 28941 }, // U+0408
    { 28, 17, 452, 0, 17, 119, 28992 }, // U+0409
    { 24, 17, 430, 2, 17, 102, 29111 }, // U+040A
    { 19, 17, 308, 0, 17, 81, 29213 }, // U+040B
    { 15, 24, 274, 2, 24, 90, 29294 }, // U+040C
    { 15, 24, 302, 2, 24, 90, 29384 }, // U+040D
    { 17, 24, 261, 0, 24, 102, 29474 }, // U+040E
    { 15, 22, 292, 2, 17, 83, 29576 }, // U+040F
    { 18, 17, 288, 0, 17, 77, 29659 }, // U+0410
    { 14, 17, 260, 2, 17, 60, 29736 }, // U+0411
    { 14, 17, 269, 2, 17, 60, 29796 }, // U+0412
    { 12, 17, 237, 2, 17, 51, 29856 }, // U+0413
    { 21, 22, 329, 0, 17, 116, 29907 }, // U+0414
    { 13, 17, 242, 2, 17, 56, 30023 }, // U+0415
    { 25, 17, 393, 0, 17, 107, 30079 }, // U+0416
    { 15, 17, 244, 0, 17, 64, 30186 }, // U+0417
    { 15, 17, 302, 2, 17, 64, 30250 }, // U+0418
    { 15, 24, 302, 2, 24, 90, 30314 }, // U+0419
    { 15, 17, 274, 2, 17, 64, 30404 }, // U+041A
    { 18, 17, 316, 0, 17, 77, 30468 }, // U+041B
    { 20, 17, 359, 1, 17, 85, 30545 }, // U+041C
    { 15, 17, 294, 2, 17, 64, 30630 }, // U+041D
    { 18, 17, 316, 1, 17, 77, 30694 }, // U+041E
    { 15, 17, 292, 2, 17, 64, 30771 }, // U+041F
    { 14, 17, 258, 2, 17, 60, 30835 }, // U+0420
    { 15, 17, 259, 1, 17, 64, 30895 }, // U+0421
    { 15, 17, 246, 0, 17, 64, 30959 }, // U+0422
    { 17, 17, 261, 0, 17, 73, 31023 }, // U+0423
    { 20, 18, 348, 1, 18, 90, 31096 }, // U+0424
    { 17, 17, 270, 0, 17, 73, 31186 }, // U+0425
    { 18, 22, 316, 2, 17, 99, 31259 }, // U+0426
    { 14, 17, 272, 1, 17, 60, 31358 }, // U+0427
    { 22, 17, 408, 2, 17, 94, 31418 }, // U+0428
    { 25, 22, 432, 2, 17, 138, 31512 }, // U+0429
    { 19, 17, 309, 0, 17, 81, 31650 }, // U+042A
    { 20, 17, 371, 2, 17, 85, 31731 }, // U+042B
    { 14, 17, 264, 2, 17, 60, 31816 }, // U+042C
    { 15, 17, 272, 1, 17, 64, 31876 }, // U+042D
    { 24, 17, 432, 2, 17, 102, 31940 }, // U+042E
    { 15, 17, 276, 1, 17, 64, 32042 }, // U+042F
    { 13, 13, 221, 0, 13, 43, 32106 }, // U+0430
    { 13, 19, 240, 1, 19, 62, 32149 }, // U+0431
    { 13, 13, 239, 1, 13, 43, 32211 }, // U+0432
    { 11, 13, 181, 1, 13, 36, 32254 }, // U+0433
    { 17, 17, 271, 0, 13, 73, 32290 }, // U+0434
    { 13, 13, 234, 1, 13, 43, 32363 }, // U+0435
    { 21, 13, 340, 0, 13, 69, 32406 }, // U+0436
    { 12, 13, 198, 0, 13, 39, 32475 }, // U+0437
    { 13, 13, 248, 1, 13, 43, 32514 }, // U+0438
    { 13, 20, 248, 1, 20, 65, 32557 }, // U+0439
    { 14, 13, 234, 1, 13, 46, 32622 }, // U+043A
    { 14, 13, 251, 0, 13, 46, 32668 }, // U+043B
    { 17, 13, 304, 1, 13, 56, 32714 }, // U+043C
    { 13, 13, 237, 1, 13, 43, 32770 }, // U+043D
    { 14, 13, 243, 1, 13, 46, 32813 }, // U+043E
    { 13, 13, 237, 1, 13, 43, 32859 }, // U+043F
    { 13, 18, 242, 1, 13, 59, 32902 }, // U+0440
    { 11, 13, 200, 1, 13, 36, 32961 }, // U+0441
    { 13, 13, 210, 0, 13, 43, 32997 }, // U+0442
    { 14, 18, 219, 0, 13, 63, 33040 }, // U+0443
    { 18, 24, 318, 1, 19, 108, 33103 }, // U+0444
    { 14, 13, 222, 0, 13, 46, 33211 }, // U+0445
    { 15, 17, 253, 1, 13, 64, 33257 }, // U+0446
    { 12, 13, 227, 1, 13, 39, 33321 }, // U+0447
    { 19, 13, 344, 1, 13, 62, 33360 }, // U+0448
    { 21, 17, 360, 1, 13, 90, 33422 }, // U+0449
    { 16, 13, 256, 0, 13, 52, 33512 }, // U+044A
    { 18, 13, 330, 1, 13, 59, 33564 }, // U+044B
    { 13, 13, 226, 1, 13, 43, 33623 }, // U+044C
    { 13, 13, 208, 0, 13, 43, 33666 }, // U+044D
    { 20, 13, 349, 1, 13, 65, 33709 }, // U+044E
    { 13, 13, 234, 0, 13, 43, 33774 }, // U+044F
    { 13, 20, 234, 1, 20, 65, 33817 }, // U+0450
    { 13, 19, 234, 1, 19, 62, 33882 }, // U+0451
    { 14, 24, 240, 0, 19, 84, 33944 }, // U+0452
    { 11, 20, 181, 1, 20, 55, 34028 }, // U+0453
    { 13, 13, 208, 0, 13, 43, 34083 }, // U+0454
    { 12, 13, 194, 0, 13, 39, 34126 }, // U+0455
    { 5, 19, 116, 1, 19, 24, 34165 }, // U+0456
    { 11, 19, 116, -2, 19, 53, 34189 }, // U+0457
    { 8, 24, 116, -2, 19, 48, 34242 }, // U+0458
    { 22, 13, 361, 0, 13, 72, 34290 }, // U+0459
    { 20, 13, 347, 1, 13, 65, 34362 }, // U+045A
    { 14, 19, 240, 0, 19, 67, 34427 }, // U+045B
    { 14, 20, 234, 1, 20, 70, 34494 }, // U+045C
    { 13, 20, 248, 1, 20, 65, 34564 }, // U+045D
    { 14, 25, 219, 0, 20, 88, 34629 }, // U+045E
    { 13, 17, 237, 1, 13, 56, 34717 }, // U+045F
    { 18, 19, 299, 0, 19, 86, 34773 }, // U+0462
    { 15, 19, 254, 0, 19, 72, 34859 }, // U+0463
    { 18, 17, 316, 1, 17, 77, 34931 }, // U+0472
    { 14, 13, 243, 1, 13, 46, 35008 }, // U+0473
    { 21, 17, 316, 0, 17, 90, 35054 }, // U+0474
    { 16, 13, 239, 0, 13, 52, 35144 }, // U+0475
    { 18, 29, 331, 2, 24, 131, 35196 }, // U+048A
    { 15, 24, 252, 1, 20, 90, 35327 }, // U+048B
    { 16, 17, 264, 0, 17, 68, 35417 }, // U+048C
    { 14, 14, 226, 0, 14, 49, 35485 }, // U+048D
    { 14, 17, 262, 2, 17, 60, 35534 }, // U+048E
    { 14, 18, 246, 1, 13, 63, 35594 }, // U+048F
    { 12, 20, 229, 2, 20, 60, 35657 }, // U+0490
    { 11, 16, 185, 1, 16, 44, 35717 }, // U+0491
    { 15, 17, 254, 1, 17, 64, 35761 }, // U+0492
    { 12, 13, 210, 1, 13, 39, 35825 }, // U+0493
    { 14, 22, 270, 2, 17, 77, 35864 }, // U+0494
    { 13, 18, 228, 1, 13, 59, 35941 }, // U+0495
    { 26, 21, 409, 0, 17, 137, 36000 }, // U+0496
    { 22, 17, 349, 0, 13, 94, 36137 }, // U+0497
    { 15, 22, 244, 0, 17, 83, 36231 }, // U+0498
    { 12, 18, 198, 0, 13, 54, 36314 }, // U+0499
    { 16, 22, 295, 2, 17, 88, 36368 }, // U+049A
    { 14, 17, 242, 1, 13, 60, 36456 }, // U+049B
    { 18, 17, 314, 2, 17, 77, 36516 }, // U+049C
    { 16, 13, 273, 1, 13, 52, 36593 }, // U+049D
    { 18, 18, 283, 0, 18, 81, 36645 }, // U+049E
    { 15, 14, 242, 0, 14, 53, 36726 }, // U+049F
    { 20, 17, 319, 0, 17, 85, 36779 }, // U+04A0
    { 17, 13, 263, 0, 13, 56, 36864 }, // U+04A1
    { 18, 22, 323, 2, 17, 99, 36920 }, // U+04A2
    { 15, 17, 254, 1, 13, 64, 37019 }, // U+04A3
    { 19, 17, 335, 2, 17, 81, 37083 }, // U+04A4
    { 16, 13, 261, 1, 13, 52, 37164 }, // U+04A5
    { 25, 22, 444, 2, 17, 138, 37216 }, // U+04A6
    { 20, 18, 349, 1, 13, 90, 37354 }, // U+04A7
    { 19, 21, 320, 1, 17, 100, 37444 }, // U+04A8
    { 15, 17, 253, 1, 13, 64, 37544 }, // U+04A9
    { 15, 22, 259, 1, 17, 83, 37608 }, // U+04AA
    { 11, 18, 200, 1, 13, 50, 37691 }, // U+04AB
    { 15, 22, 246, 0, 17, 83, 37741 }, // U+04AC
    { 13, 17, 202, 0, 13, 56, 37824 }, // U+04AD
    { 17, 17, 264, 0, 17, 73, 37880 }, // U+04AE
    { 14, 18, 220, 0, 13, 63, 37953 }, // U+04AF
    { 17, 17, 264, 0, 17, 73, 38016 }, // U+04B0
    { 14, 18, 220, 0, 13, 63, 38089 }, // U+04B1
    { 18, 22, 286, 0, 17, 99, 38152 }, // U+04B2
    { 15, 17, 235, 0, 13, 64, 38251 }, // U+04B3
    { 23, 22, 376, 0, 17, 127, 38315 }, // U+04B4
    { 17, 17, 279, 0, 13, 73, 38442 }, // U+04B5
    { 17, 22, 290, 1, 17, 94, 38515 }, // U+04B6
    { 15, 17, 236, 0, 13, 64, 38609 }, // U+04B7
    { 14, 17, 272, 1, 17, 60, 38673 }, // U+04B8
    { 13, 13, 225, 0, 13, 43, 38733 }, // U+04B9
    { 14, 17, 280, 2, 17, 60, 38776 }, // U+04BA
    { 13, 19, 236, 1, 19, 62, 38836 }, // U+04BB
    { 21, 17, 352, 0, 17, 90, 38898 }, // U+04BC
    { 17, 13, 283, 0, 13, 56, 38988 }, // U+04BD
    { 21, 21, 352, 0, 17, 111, 39044 }, // U+04BE
    { 17, 16, 283, 0, 13, 68, 39155 }, // U+04BF
    { 4, 17, 126, 2, 17, 17, 39223 }, // U+04C0
    { 25, 24, 393, 0, 24, 150, 39240 }, // U+04C1
    { 21, 20, 340, 0, 20, 105, 39390 }, // U+04C2
    { 15, 22, 281, 2, 17, 83, 39495 }, // U+04C3
    { 13, 18, 230, 1, 13, 59, 39578 }, // U+04C4
    { 21, 22, 332, 0, 17, 116, 39637 }, // U+04C5
    { 17, 17, 270, 0, 13, 73, 39753 }, // U+04C6
    { 15, 22, 294, 2, 17, 83, 39826 }, // U+04C7
    { 13, 18, 240, 1, 13, 59, 39909 }, // U+04C8
    { 18, 22, 314, 2, 17, 99, 39968 }, // U+04C9
    { 15, 17, 251, 1, 13, 64, 40067 }, // U+04CA
    { 14, 22, 272, 1, 17, 77, 40131 }, // U+04CB
    { 12, 17, 227, 1, 13, 51, 40208 }, // U+04CC
    { 23, 22, 381, 1, 17, 127, 40259 }, // U+04CD
    { 19, 17, 318, 1, 13, 81, 40386 }, // U+04CE
    { 5, 17, 116, 1, 17, 22, 40467 }, // U+04CF
    { 18, 24, 288, 0, 24, 108, 40489 }, // U+04D0
    { 13, 20, 221, 0, 20, 65, 40597 }, // U+04D1
    { 18, 23, 288, 0, 23, 104, 40662 }, // U+04D2
    { 13, 19, 221, 0, 19, 62, 40766 }, // U+04D3
    { 24, 17, 398, 0, 17, 102, 40828 }, // U+04D4
    { 21, 13, 350, 0, 13, 69, 40930 }, // U+04D5
    { 13, 24, 242, 2, 24, 78, 40999 }, // U+04D6
    { 13, 20, 234, 1, 20, 65, 41077 }, // U+04D7
    { 16, 17, 292, 1, 17, 68, 41142 }, // U+04D8
    { 13, 13, 234, 1, 13, 43, 41210 }, // U+04D9
    { 16, 23, 292, 1, 23, 92, 41253 }, // U+04DA
    { 13, 19, 234, 1, 19, 62, 41345 }, // U+04DB
    { 25, 23, 393, 0, 23, 144, 41407 }, // U+04DC
    { 21, 19, 340, 0, 19, 100, 41551 }, // U+04DD
    { 15, 23, 244, 0, 23, 87, 41651 }, // U+04DE
    { 12, 19, 198, 0, 19, 57, 41738 }, // U+04DF
    { 14, 17, 246, 0, 17, 60, 41795 }, // U+04E0
    { 12, 18, 206, 0, 13, 54, 41855 }, // U+04E1
    { 15, 23, 302, 2, 23, 87, 41909 }, // U+04E2
    { 13, 19, 248, 1, 19, 62, 41996 }, // U+04E3
    { 15, 23, 302, 2, 23, 87, 42058 }, // U+04E4
    { 13, 19, 248, 1, 19, 62, 42145 }, // U+04E5
    { 18, 23, 316, 1, 23, 104, 42207 }, // U+04E6
    { 14, 19, 243, 1, 19, 67, 42311 }, // U+04E7
    { 18, 17, 316, 1, 17, 77, 42378 }, // U+04E8
    { 14, 13, 243, 1, 13, 46, 42455 }, // U+04E9
    { 18, 23, 316, 1, 23, 104, 42501 }, // U+04EA
    { 14, 19, 243, 1, 19, 67, 42605 }, // U+04EB
    { 15, 23, 272, 1, 23, 87, 42672 }, // U+04EC
    { 13, 19, 208, 0, 19, 62, 42759 }, // U+04ED
    { 17, 23, 261, 0, 23, 98, 42821 }, // U+04EE
    { 14, 24, 219, 0, 19, 84, 42919 }, // U+04EF
    { 17, 23, 261, 0, 23, 98, 43003 }, // U+04F0
    { 14, 24, 219, 0, 19, 84, 43101 }, // U+04F1
    { 17, 24, 261, 0, 24, 102, 43185 }, // U+04F2
    { 14, 25, 219, 0, 20, 88, 43287 }, // U+04F3
    { 14, 23, 272, 1, 23, 81, 43375 }, // U+04F4
    { 12, 19, 227, 1, 19, 57, 43456 }, // U+04F5
    { 12, 22, 237, 2, 17, 66, 43513 }, // U+04F6
    { 11, 17, 181, 1, 13, 47, 43579 }, // U+04F7
    { 20, 23, 371, 2, 23, 115, 43626 }, // U+04F8
    { 18, 19, 330, 1, 19, 86, 43741 }, // U+04F9
    { 17, 15, 270, 0, 15, 64, 43827 }, // U+05D0
    { 15, 15, 238, 0, 15, 57, 43891 }, // U+05D1
    { 10, 16, 165, 0, 15, 40, 43948 }, // U+05D2
    { 14, 15, 228, 0, 15, 53, 43988 }, // U+05D3
    { 14, 15, 263, 1, 15, 53, 44041 }, // U+05D4
    { 7, 15, 135, 0, 15, 27, 44094 }, // U+05D5
    { 9, 15, 148, 0, 15, 34, 44121 }, // U+05D6
    { 16, 15, 275, 0, 15, 60, 44155 }, // U+05D7
    { 15, 15, 264, 1, 15, 57, 44215 }, // U+05D8
    { 7, 9, 133, 0, 15, 16, 44272 }, // U+05D9
    { 13, 20, 228, 0, 15, 65, 44288 }, // U+05DA
    { 13, 15, 211, 0, 15, 49, 44353 }, // U+05DB
    { 14, 19, 222, 0, 19, 67, 44402 }, // U+05DC
    { 15, 15, 281, 1, 15, 57, 44469 }, // U+05DD
    { 17, 15, 281, 0, 15, 64, 44526 }, // U+05DE
    { 7, 20, 142, 0, 15, 35, 44590 }, // U+05DF
    { 8, 15, 162, 1, 15, 30, 44625 }, // U+05E0
    { 16, 15, 272, 0, 15, 60, 44655 }, // U+05E1
    { 15, 18, 252, 0, 16, 68, 44715 }, // U+05E2
    { 14, 20, 262, 1, 15, 70, 44783 }, // U+05E3
    { 15, 15, 251, 0, 15, 57, 44853 }, // U+05E4
    { 14, 20, 235, 0, 15, 70, 44910 }, // U+05E5
    { 14, 15, 237, 0, 15, 53, 44980 }, // U+05E6
    { 15, 20, 262, 1, 15, 75, 45033 }, // U+05E7
    { 12, 15, 217, 0, 15, 45, 45108 }, // U+05E8
    { 18, 15, 315, 1, 15, 68, 45153 }, // U+05E9
    { 17, 15, 289, 0, 15, 64, 45221 }, // U+05EA
    { 5, 8, 129, 1, 7, 10, 45285 }, // U+060C
    { 7, 19, 136, 0, 18, 34, 45295 }, // U+061B
    { 13, 20, 205, 0, 19, 65, 45329 }, // U+061F
    { 11, 13, 188, 0, 11, 36, 45394 }, // U+0621
    { 10, 5, 116, 0, 4, 13, 45430 }, // U+0640
    { 6, 7, 229, 4, 11, 11, 45443 }, // U+0660
    { 6, 19, 229, 4, 18, 29, 45454 }, // U+0661
    { 13, 19, 229, 1, 18, 62, 45483 }, // U+0662
    { 14, 19, 229, 0, 18, 67, 45545 }, // U+0663
    { 12, 19, 229, 1, 18, 57, 45612 }, // U+0664
    { 12, 14, 229, 1, 14, 42, 45669 }, // U+0665
    { 13, 19, 229, 1, 18, 62, 45711 }, // U+0666
    { 15, 19, 229, 0, 18, 72, 45773 }, // U+0667
    { 15, 19, 229, 0, 18, 72, 45845 }, // U+0668
    { 12, 18, 229, 1, 18, 54, 45917 }, // U+0669
    { 18, 16, 296, 0, 10, 72, 45971 }, // U+06BA
    { 7, 3, 130, 1, 3, 6, 46043 }, // U+06D4
    { 6, 7, 229, 4, 11, 11, 46049 }, // U+06F0
    { 6, 19, 229, 4, 18, 29, 46060 }, // U+06F1
    { 13, 19, 229, 1, 18, 62, 46089 }, // U+06F2
    { 14, 19, 229, 0, 18, 67, 46151 }, // U+06F3
    { 13, 19, 229, 1, 18, 62, 46218 }, // U+06F4
    { 14, 17, 229, 0, 17, 60, 46280 }, // U+06F5
    { 12, 18, 229, 1, 17, 54, 46340 }, // U+06F6
    { 15, 19, 229, 0, 18, 72, 46394 }, // U+06F7
    { 15, 19, 229, 0, 18, 72, 46466 }, // U+06F8
    { 12, 18, 229, 1, 18, 54, 46538 }, // U+06F9
    { 18, 24, 288, 0, 18, 108, 46592 }, // U+1EA0
    { 13, 20, 221, 0, 14, 65, 46700 }, // U+1EA1
    { 18, 24, 288, 0, 24, 108, 46765 }, // U+1EA2
    { 13, 21, 221, 0, 20, 69, 46873 }, // U+1EA3
    { 18, 27, 288, 0, 27, 122, 46942 }, // U+1EA4
    { 15, 24, 221, 0, 23, 90, 47064 }, // U+1EA5
    { 18, 28, 288, 0, 28, 126, 47154 }, // U+1EA6
    { 13, 25, 221, 0, 24, 82, 47280 }, // U+1EA7
    { 18, 28, 288, 0, 28, 126, 47362 }, // U+1EA8
    { 14, 25, 221, 0, 24, 88, 47488 }, // U+1EA9
    { 18, 29, 288, 0, 29, 131, 47576 }, // U+1EAA
    { 13, 25, 221, 0, 24, 82, 47707 }, // U+1EAB
    { 18, 30, 288, 0, 24, 135, 47789 }, // U+1EAC
    { 13, 26, 221, 0, 20, 85, 47924 }, // U+1EAD
    { 18, 29, 288, 0, 29, 131, 48009 }, // U+1EAE
    { 13, 26, 221, 0, 25, 85, 48140 }, // U+1EAF
    { 18, 29, 288, 0, 29, 131, 48225 }, // U+1EB0
    { 13, 26, 221, 0, 25, 85, 48356 }, // U+1EB1
    { 18, 30, 288, 0, 30, 135, 48441 }, // U+1EB2
    { 13, 27, 221, 0, 26, 88, 48576 }, // U+1EB3
    { 18, 28, 288, 0, 28, 126, 48664 }, // U+1EB4
    { 13, 25, 221, 0, 24, 82, 48790 }, // U+1EB5
    { 18, 29, 288, 0, 23, 131, 48872 }, // U+1EB6
    { 13, 26, 221, 0, 20, 85, 49003 }, // U+1EB7
    { 13, 24, 242, 2, 18, 78, 49088 }, // U+1EB8
    { 13, 20, 234, 1, 14, 65, 49166 }, // U+1EB9
    { 13, 24, 242, 2, 24, 78, 49231 }, // U+1EBA
    { 13, 21, 234, 1, 20, 69, 49309 }, // U+1EBB
    { 13, 24, 242, 2, 24, 78, 49378 }, // U+1EBC
    { 13, 20, 234, 1, 19, 65, 49456 }, // U+1EBD
    { 14, 28, 242, 2, 28, 98, 49521 }, // U+1EBE
    { 15, 24, 234, 1, 23, 90, 49619 }, // U+1EBF
    { 13, 28, 242, 2, 28, 91, 49709 }, // U+1EC0
    { 13, 24, 234, 1, 23, 78, 49800 }, // U+1EC1
    { 14, 28, 242, 2, 28, 98, 49878 }, // U+1EC2
    { 14, 24, 234, 1, 23, 84, 49976 }, // U+1EC3
    { 13, 29, 242, 2, 29, 95, 50060 }, // U+1EC4
    { 13, 25, 234, 1, 24, 82, 50155 }, // U+1EC5
    { 13, 30, 242, 2, 24, 98, 50237 }, // U+1EC6
    { 13, 26, 234, 1, 20, 85, 50335 }, // U+1EC7
    { 6, 24, 126, 1, 24, 36, 50420 }, // U+1EC8
    { 7, 20, 116, 0, 20, 35, 50456 }, // U+1EC9
    { 5, 24, 126, 1, 18, 30, 50491 }, // U+1ECA
    { 5, 26, 116, 1, 20, 33, 50521 }, // U+1ECB
    { 18, 24, 316, 1, 18, 108, 50554 }, // U+1ECC
    { 14, 20, 243, 1, 14, 70, 50662 }, // U+1ECD
    { 18, 25, 316, 1, 24, 113, 50732 }, // U+1ECE
    { 14, 21, 243, 1, 20, 74, 50845 }, // U+1ECF
    { 18, 29, 316, 1, 28, 131, 50919 }, // U+1ED0
    { 15, 24, 243, 1, 23, 90, 51050 }, // U+1ED1
    { 18, 29, 316, 1, 28, 131, 51140 }, // U+1ED2
    { 14, 25, 243, 1, 24, 88, 51271 }, // U+1ED3
    { 18, 29, 316, 1, 28, 131, 51359 }, // U+1ED4
    { 14, 25, 243, 1, 24, 88, 51490 }, // U+1ED5
    { 18, 30, 316, 1, 29, 135, 51578 }, // U+1ED6
    { 14, 25, 243, 1, 24, 88, 51713 }, // U+1ED7
    { 18, 30, 316, 1, 24, 135, 51801 }, // U+1ED8
    { 14, 26, 243, 1, 20, 91, 51936 }, // U+1ED9
    { 18, 25, 316, 1, 24, 113, 52027 }, // U+1EDA
    { 15, 21, 243, 1, 20, 79, 52140 }, // U+1EDB
    { 18, 25, 316, 1, 24, 113, 52219 }, // U+1EDC
    { 15, 21, 243, 1, 20, 79, 52332 }, // U+1EDD
    { 18, 25, 316, 1, 24, 113, 52411 }, // U+1EDE
    { 15, 21, 243, 1, 20, 79, 52524 }, // U+1EDF
    { 18, 24, 316, 1, 23, 108, 52603 }, // U+1EE0
    { 15, 20, 243, 1, 19, 75, 52711 }, // U+1EE1
    { 18, 27, 316, 1, 21, 122, 52786 }, // U+1EE2
    { 15, 22, 243, 1, 16, 83, 52908 }, // U+1EE3
    { 15, 24, 283, 1, 18, 90, 52991 }, // U+1EE4
    { 12, 20, 236, 1, 14, 60, 53081 }, // U+1EE5
    { 15, 25, 283, 1, 24, 94, 53141 }, // U+1EE6
    { 12, 21, 236, 1, 20, 63, 53235 }, // U+1EE7
    { 18, 25, 299, 1, 24, 113, 53298 }, // U+1EE8
    { 15, 21, 250, 1, 20, 79, 53411 }, // U+1EE9
    { 18, 25, 299, 1, 24, 113, 53490 }, // U+1EEA
    { 15, 21, 250, 1, 20, 79, 53603 }, // U+1EEB
    { 18, 25, 299, 1, 24, 113, 53682 }, // U+1EEC
    { 15, 21, 250, 1, 20, 79, 53795 }, // U+1EED
    { 18, 24, 299, 1, 23, 108, 53874 }, // U+1EEE
    { 15, 20, 250, 1, 19, 75, 53982 }, // U+1EEF
    { 18, 27, 299, 1, 21, 122, 54057 }, // U+1EF0
    { 15, 22, 250, 1, 16, 83, 54179 }, // U+1EF1
    { 17, 24, 264, 0, 24, 102, 54262 }, // U+1EF2
    { 14, 25, 219, 0, 20, 88, 54364 }, // U+1EF3
    { 17, 24, 264, 0, 18, 102, 54452 }, // U+1EF4
    { 15, 19, 219, 0, 14, 72, 54554 }, // U+1EF5
    { 17, 24, 264, 0, 24, 102, 54626 }, // U+1EF6
    { 14, 25, 219, 0, 20, 88, 54728 }, // U+1EF7
    { 17, 24, 264, 0, 24, 102, 54816 }, // U+1EF8
    { 14, 24, 219, 0, 19, 84, 54918 }, // U+1EF9
    { 0, 0, 52, 0, 0, 0, 55002 }, // U+2009
    { 0, 0, 0, 0, 0, 0, 55002 }, // U+200B
    { 2, 18, 0, -1, 17, 9, 55002 }, // U+200C
    { 6, 19, 0, -3, 18, 29, 55011 }, // U+200D
    { 7, 19, 0, -1, 18, 34, 55040 }, // U+200E
    { 7, 19, 0, -6, 18, 34, 55074 }, // U+200F
    { 8, 3, 128, 0, 8, 6, 55108 }, // U+2010
    { 8, 4, 129, 0, 9, 8, 55114 }, // U+2011
    { 13, 3, 200, 0, 9, 10, 55122 }, // U+2013
    { 25, 3, 400, 0, 9, 19, 55132 }, // U+2014
    { 25, 3, 400, 0, 9, 19, 55151 }, // U+2015
    { 5, 7, 97, 1, 19, 9, 55170 }, // U+2018
    { 6, 7, 97, 0, 19, 11, 55179 }, // U+2019
    { 6, 7, 97, 0, 4, 11, 55190 }, // U+201A
    { 10, 7, 182, 1, 19, 18, 55201 }, // U+201C
    { 11, 7, 182, 0, 19, 20, 55219 }, // U+201D
    { 11, 7, 182, 0, 4, 20, 55239 }, // U+201E
    { 12, 21, 198, 0, 17, 63, 55259 }, // U+2020
    { 12, 21, 198, 0, 17, 63, 55322 }, // U+2021
    { 9, 7, 146, 0, 12, 16, 55385 }, // U+2022
    { 23, 5, 400, 1, 5, 29, 55401 }, // U+2026
    { 0, 0, 52, 0, 0, 0, 55430 }, // U+202F
    { 33, 17, 528, 0, 17, 141, 55430 }, // U+2030
    { 8, 13, 131, 0, 14, 26, 55571 }, // U+2039
    { 8, 13, 131, 0, 14, 26, 55597 }, // U+203A
    { 14, 18, 61, -5, 18, 63, 55623 }, // U+2044
    { 7, 19, 136, 0, 18, 34, 55686 }, // U+204F
    { 9, 10, 145, 0, 18, 23, 55720 }, // U+2070
    { 9, 10, 145, 0, 18, 23, 55743 }, // U+2074
    { 9, 10, 145, 0, 18, 23, 55766 }, // U+2075
    { 9, 10, 145, 0, 18, 23, 55789 }, // U+2076
    { 9, 10, 145, 0, 18, 23, 55812 }, // U+2077
    { 9, 10, 145, 0, 18, 23, 55835 }, // U+2078
    { 9, 10, 145, 0, 18, 23, 55858 }, // U+2079
    { 9, 10, 145, 0, 11, 23, 55881 }, // U+2080
    { 7, 10, 145, 0, 11, 18, 55904 }, // U+2081
    { 9, 10, 145, 0, 11, 23, 55922 }, // U+2082
    { 8, 10, 145, 0, 11, 20, 55945 }, // U+2083
    { 9, 10, 145, 0, 11, 23, 55965 }, // U+2084
    { 9, 10, 145, 0, 11, 23, 55988 }, // U+2085
    { 9, 10, 145, 0, 11, 23, 56011 }, // U+2086
    { 9, 10, 145, 0, 11, 23, 56034 }, // U+2087
    { 9, 10, 145, 0, 11, 23, 56057 }, // U+2088
    { 9, 10, 145, 0, 11, 23, 56080 }, // U+2089
    { 19, 15, 346, 1, 15, 72, 56103 }, // U+20AA
    { 14, 17, 227, 1, 17, 60, 56175 }, // U+20AC
    { 14, 17, 227, 0, 17, 60, 56235 }, // U+20AE
    { 14, 17, 227, 0, 17, 60, 56295 }, // U+20B4
    { 14, 17, 227, 1, 17, 60, 56355 }, // U+20B9
    { 15, 18, 245, 0, 18, 68, 56415 }, // U+2202
    { 18, 17, 277, 0, 17, 77, 56483 }, // U+2206
    { 15, 21, 292, 2, 18, 79, 56560 }, // U+220F
    { 14, 20, 217, 0, 17, 70, 56639 }, // U+2211
    { 12, 3, 227, 1, 9, 9, 56709 }, // U+2212
    { 14, 18, 61, -5, 18, 63, 56718 }, // U+2215
    { 6, 5, 98, 0, 10, 8, 56781 }, // U+2219
    { 16, 18, 241, 0, 18, 72, 56789 }, // U+221A
    { 16, 8, 254, 0, 11, 32, 56861 }, // U+221E
    { 10, 25, 160, 0, 19, 63, 56893 }, // U+222B
    { 14, 11, 227, 0, 13, 39, 56956 }, // U+2248
    { 12, 14, 227, 1, 14, 42, 56995 }, // U+2260
    { 12, 15, 227, 1, 15, 45, 57037 }, // U+2264
    { 12, 15, 227, 1, 15, 45, 57082 }, // U+2265
    { 21, 19, 336, 1, 19, 100, 57127 }, // U+FB00
    { 16, 19, 283, 1, 19, 76, 57227 }, // U+FB01
    { 18, 19, 294, 1, 19, 86, 57303 }, // U+FB02
    { 26, 19, 451, 1, 19, 124, 57389 }, // U+FB03
    { 28, 19, 462, 1, 19, 133, 57513 }, // U+FB04
    { 25, 21, 410, 0, 12, 132, 57646 }, // U+FB56
    { 31, 19, 457, 0, 10, 148, 57778 }, // U+FB57
    { 8, 21, 144, 0, 12, 42, 57926 }, // U+FB58
    { 13, 18, 164, 0, 9, 59, 57968 }, // U+FB59
    { 25, 19, 410, 0, 18, 119, 58027 }, // U+FB66
    { 31, 19, 457, 0, 18, 148, 58146 }, // U+FB67
    { 8, 22, 127, 0, 21, 44, 58294 }, // U+FB68
    { 13, 19, 164, 0, 18, 62, 58338 }, // U+FB69
    { 17, 23, 275, 0, 13, 98, 58400 }, // U+FB7A
    { 21, 23, 304, 0, 13, 121, 58498 }, // U+FB7B
    { 16, 20, 252, 0, 11, 80, 58619 }, // U+FB7C
    { 19, 20, 262, 0, 11, 95, 58699 }, // U+FB7D
    { 12, 23, 207, 0, 22, 69, 58794 }, // U+FB88
    { 17, 23, 228, 0, 22, 98, 58863 }, // U+FB89
    { 11, 26, 164, -1, 20, 72, 58961 }, // U+FB8A
    { 15, 26, 180, -1, 20, 98, 59033 }, // U+FB8B
    { 11, 26, 164, -1, 20, 72, 59131 }, // U+FB8C
    { 15, 26, 180, -1, 20, 98, 59203 }, // U+FB8D
    { 23, 19, 364, 0, 18, 110, 59301 }, // U+FB8E
    { 26, 19, 381, 0, 18, 124, 59411 }, // U+FB8F
    { 12, 19, 182, 0, 18, 57, 59535 }, // U+FB90
    { 15, 19, 203, 0, 18, 72, 59592 }, // U+FB91
    { 23, 23, 364, 0, 22, 133, 59664 }, // U+FB92
    { 26, 23, 381, 0, 22, 150, 59797 }, // U+FB93
    { 13, 23, 182, -1, 22, 75, 59947 }, // U+FB94
    { 16, 23, 203, -1, 22, 92, 60022 }, // U+FB95
    { 18, 16, 296, 0, 10, 72, 60114 }, // U+FB9E
    { 23, 15, 322, 0, 9, 87, 60186 }, // U+FB9F
    { 11, 15, 188, 0, 14, 42, 60273 }, // U+FBA6
    { 17, 11, 234, 0, 10, 47, 60315 }, // U+FBA7
    { 7, 17, 127, 0, 12, 30, 60362 }, // U+FBA8
    { 15, 13, 206, 0, 6, 49, 60392 }, // U+FBA9
    { 19, 15, 308, 0, 14, 72, 60441 }, // U+FBAA
    { 20, 18, 274, 0, 12, 90, 60513 }, // U+FBAB
    { 16, 15, 256, 0, 14, 60, 60603 }, // U+FBAC
    { 17, 18, 228, 0, 12, 77, 60663 }, // U+FBAD
    { 23, 14, 377, 0, 13, 81, 60740 }, // U+FBAE
    { 17, 12, 224, 0, 4, 51, 60821 }, // U+FBAF
    { 23, 21, 377, 0, 20, 121, 60872 }, // U+FBB0
    { 17, 19, 224, 0, 11, 81, 60993 }, // U+FBB1
    { 21, 18, 328, 0, 12, 95, 61074 }, // U+FBFC
    { 22, 13, 320, 0, 7, 72, 61169 }, // U+FBFD
    { 8, 18, 144, 0, 12, 36, 61241 }, // U+FBFE
    { 13, 15, 164, 0, 9, 49, 61277 }, // U+FBFF
    { 11, 13, 188, 0, 11, 36, 61326 }, // U+FE80
    { 10, 23, 108, -2, 23, 58, 61362 }, // U+FE81
    { 12, 25, 127, -2, 24, 75, 61420 }, // U+FE82
    { 6, 25, 108, 0, 25, 38, 61495 }, // U+FE83
    { 10, 27, 127, 0, 26, 68, 61533 }, // U+FE84
    { 12, 24, 199, 0, 18, 72, 61601 }, // U+FE85
    { 16, 24, 210, 0, 18, 96, 61673 }, // U+FE86
    { 6, 27, 109, 1, 19, 41, 61769 }, // U+FE87
    { 9, 27, 127, 1, 19, 61, 61810 }, // U+FE88
    { 21, 19, 328, 0, 13, 100, 61871 }, // U+FE89
    { 22, 19, 320, 0, 13, 105, 61971 }, // U+FE8A
    { 7, 21, 127, 0, 20, 37, 62076 }, // U+FE8B
    { 12, 18, 154, 0, 17, 54, 62113 }, // U+FE8C
    { 5, 19, 109, 1, 19, 24, 62167 }, // U+FE8D
    { 9, 20, 127, 1, 19, 45, 62191 }, // U+FE8E
    { 25, 19, 410, 0, 12, 119, 62236 }, // U+FE8F
    { 31, 17, 457, 0, 10, 132, 62355 }, // U+FE90
    { 7, 18, 127, 0, 12, 32, 62487 }, // U+FE91
    { 12, 15, 154, 0, 9, 45, 62519 }, // U+FE92
    { 11, 21, 188, 0, 20, 58, 62564 }, // U+FE93
    { 16, 23, 222, 0, 22, 92, 62622 }, // U+FE94
    { 25, 16, 410, 0, 15, 100, 62714 }, // U+FE95
    { 31, 16, 457, 0, 15, 124, 62814 }, // U+FE96
    { 9, 19, 127, -1, 18, 43, 62938 }, // U+FE97
    { 13, 16, 164, 0, 15, 52, 62981 }, // U+FE98
    { 25, 19, 410, 0, 18, 119, 63033 }, // U+FE99
    { 31, 19, 457, 0, 18, 148, 63152 }, // U+FE9A
    { 8, 22, 127, 0, 21, 44, 63300 }, // U+FE9B
    { 13, 19, 164, 0, 18, 62, 63344 }, // U+FE9C
    { 17, 23, 275, 0, 13, 98, 63406 }, // U+FE9D
    { 21, 23, 296, 0, 13, 121, 63504 }, // U+FE9E
    { 16, 17, 252, 0, 11, 68, 63625 }, // U+FE9F
    { 19, 17, 262, 0, 11, 81, 63693 }, // U+FEA0
    { 17, 23, 275, 0, 13, 98, 63774 }, // U+FEA1
    { 21, 23, 296, 0, 13, 121, 63872 }, // U+FEA2
    { 16, 12, 252, 0, 11, 48, 63993 }, // U+FEA3
    { 19, 12, 262, 0, 11, 57, 64041 }, // U+FEA4
    { 17, 29, 275, 0, 19, 124, 64098 }, // U+FEA5
    { 21, 29, 296, 0, 19, 153, 64222 }, // U+FEA6
    { 16, 19, 252, 0, 18, 76, 64375 }, // U+FEA7
    { 19, 19, 262, 0, 18, 91, 64451 }, // U+FEA8
    { 12, 14, 207, 0, 13, 42, 64542 }, // U+FEA9
    { 17, 14, 228, 0, 13, 60, 64584 }, // U+FEAA
    { 12, 20, 207, 0, 19, 60, 64644 }, // U+FEAB
    { 17, 20, 228, 0, 19, 85, 64704 }, // U+FEAC
    { 10, 16, 164, -1, 10, 40, 64789 }, // U+FEAD
    { 15, 16, 180, -1, 10, 60, 64829 }, // U+FEAE
    { 10, 23, 164, -1, 17, 58, 64889 }, // U+FEAF
    { 15, 23, 180, -1, 17, 87, 64947 }, // U+FEB0
    { 33, 18, 548, 0, 12, 149, 65034 }, // U+FEB1
    { 38, 17, 576, 0, 11, 162, 65183 }, // U+FEB2
    { 23, 13, 380, 0, 12, 75, 65345 }, // U+FEB3
    { 28, 12, 408, 0, 11, 84, 65420 }, // U+FEB4
    { 33, 25, 548, 0, 19, 207, 65504 }, // U+FEB5
    { 38, 25, 576, 0, 19, 238, 65711 }, // U+FEB6
    { 23, 20, 380, 0, 19, 115, 65949 }, // U+FEB7
    { 28, 20, 408, 0, 19, 140, 66064 }, // U+FEB8
    { 35, 17, 569, 0, 11, 149, 66204 }, // U+FEB9
    { 39, 17, 577, 0, 11, 166, 66353 }, // U+FEBA
    { 24, 12, 390, 0, 11, 72, 66519 }, // U+FEBB
    { 28, 12, 402, 0, 11, 84, 66591 }, // U+FEBC
    { 35, 24, 569, 0, 18, 210, 66675 }, // U+FEBD
    { 39, 24, 577, 0, 18, 234, 66885 }, // U+FEBE
    { 24, 19, 390, 0, 18, 114, 67119 }, // U+FEBF
    { 28, 19, 402, 0, 18, 133, 67233 }, // U+FEC0
    { 21, 20, 338, 0, 19, 105, 67366 }, // U+FEC1
    { 24, 20, 344, 0, 19, 120, 67471 }, // U+FEC2
    { 18, 20, 295, 0, 19, 90, 67591 }, // U+FEC3
    { 22, 20, 305, 0, 19, 110, 67681 }, // U+FEC4
    { 21, 20, 338, 0, 19, 105, 67791 }, // U+FEC5
    { 24, 20, 344, 0, 19, 120, 67896 }, // U+FEC6
    { 18, 20, 295, 0, 19, 90, 68016 }, // U+FEC7
    { 22, 20, 305, 0, 19, 110, 68106 }, // U+FEC8
    { 17, 24, 228, 0, 14, 102, 68216 }, // U+FEC9
    { 17, 22, 228, 0, 12, 94, 68318 }, // U+FECA
    { 13, 14, 223, 0, 13, 46, 68412 }, // U+FECB
    { 17, 13, 221, -1, 12, 56, 68458 }, // U+FECC
    { 17, 31, 228, 0, 21, 132, 68514 }, // U+FECD
    { 17, 28, 228, 0, 18, 119, 68646 }, // U+FECE
    { 13, 20, 223, 0, 19, 65, 68765 }, // U+FECF
    { 17, 19, 221, -1, 18, 81, 68830 }, // U+FED0
    { 25, 22, 410, 0, 21, 138, 68911 }, // U+FED1
    { 30, 20, 446, 0, 19, 150, 69049 }, // U+FED2
    { 12, 22, 202, 0, 21, 66, 69199 }, // U+FED3
    { 16, 20, 212, 0, 19, 80, 69265 }, // U+FED4
    { 20, 23, 333, 0, 18, 115, 69345 }, // U+FED5
    { 24, 23, 342, 0, 16, 138, 69460 }, // U+FED6
    { 12, 22, 202, 0, 21, 66, 69598 }, // U+FED7
    { 16, 20, 212, 0, 19, 80, 69664 }, // U+FED8
    { 23, 20, 372, 0, 19, 115, 69744 }, // U+FED9
    { 27, 20, 390, 0, 19, 135, 69859 }, // U+FEDA
    { 12, 19, 182, 0, 18, 57, 69994 }, // U+FEDB
    { 15, 19, 203, 0, 18, 72, 70051 }, // U+FEDC
    { 18, 25, 296, 0, 19, 113, 70123 }, // U+FEDD
    { 22, 25, 316, 0, 19, 138, 70236 }, // U+FEDE
    { 7, 20, 119, 0, 19, 35, 70374 }, // U+FEDF
    { 11, 20, 138, 0, 19, 55, 70409 }, // U+FEE0
    { 13, 22, 219, 0, 12, 72, 70464 }, // U+FEE1
    { 19, 21, 264, 0, 11, 100, 70536 }, // U+FEE2
    { 14, 12, 233, 0, 11, 42, 70636 }, // U+FEE3
    { 18, 12, 250, 0, 11, 54, 70678 }, // U+FEE4
    { 18, 21, 296, 0, 15, 95, 70732 }, // U+FEE5
    { 23, 21, 322, 0, 15, 121, 70827 }, // U+FEE6
    { 7, 19, 127, 0, 18, 34, 70948 }, // U+FEE7
    { 12, 17, 154, 0, 16, 51, 70982 }, // U+FEE8
    { 11, 15, 188, 0, 14, 42, 71033 }, // U+FEE9
    { 16, 16, 222, 0, 15, 64, 71075 }, // U+FEEA
    { 16, 15, 256, 0, 14, 60, 71139 }, // U+FEEB
    { 17, 18, 228, 0, 12, 77, 71199 }, // U+FEEC
    { 12, 17, 199, 0, 11, 51, 71276 }, // U+FEED
    { 16, 17, 210, 0, 11, 68, 71327 }, // U+FEEE
    { 21, 18, 328, 0, 12, 95, 71395 }, // U+FEEF
    { 22, 13, 320, 0, 7, 72, 71490 }, // U+FEF0
    { 21, 24, 328, 0, 12, 126, 71562 }, // U+FEF1
    { 22, 19, 320, 0, 7, 105, 71688 }, // U+FEF2
    { 8, 18, 144, 0, 12, 36, 71793 }, // U+FEF3
    { 13, 15, 164, 0, 9, 49, 71829 }, // U+FEF4
    { 17, 21, 253, -2, 21, 90, 71878 }, // U+FEF5
    { 20, 22, 272, 0, 21, 110, 71968 }, // U+FEF6
    { 15, 23, 253, 0, 23, 87, 72078 }, // U+FEF7
    { 19, 24, 272, 1, 23, 114, 72165 }, // U+FEF8
    { 14, 27, 253, 1, 19, 95, 72279 }, // U+FEF9
    { 19, 27, 272, 1, 19, 129, 72374 }, // U+FEFA
    { 14, 19, 253, 1, 19, 67, 72503 }, // U+FEFB
    { 19, 20, 272, 1, 19, 95, 72570 }, // U+FEFC
};

static const EpdUnicodeInterval ubuntu_12_boldIntervals[] = {
    { 0x0, 0x0, 0x0 },
    { 0x8, 0x9, 0x1 },
    { 0xD, 0xD, 0x3 },
    { 0x1D, 0x1D, 0x4 },
    { 0x20, 0x7E, 0x5 },
    { 0xA0, 0x17F, 0x64 },
    { 0x1A0, 0x1A1, 0x144 },
    { 0x1AF, 0x1B0, 0x146 },
    { 0x1C4, 0x21F, 0x148 },
    { 0x300, 0x304, 0x1A4 },
    { 0x306, 0x308, 0x1A9 },
    { 0x30A, 0x30C, 0x1AC },
    { 0x311, 0x312, 0x1AF },
    { 0x326, 0x328, 0x1B1 },
    { 0x34F, 0x34F, 0x1B4 },
    { 0x400, 0x45F, 0x1B5 },
    { 0x462, 0x463, 0x215 },
    { 0x472, 0x475, 0x217 },
    { 0x48A, 0x4F9, 0x21B },
    { 0x5D0, 0x5EA, 0x28B },
    { 0x60C, 0x60C, 0x2A6 },
    { 0x61B, 0x61B, 0x2A7 },
    { 0x61F, 0x61F, 0x2A8 },
    { 0x621, 0x621, 0x2A9 },
    { 0x640, 0x640, 0x2AA },
    { 0x660, 0x669, 0x2AB },
    { 0x6BA, 0x6BA, 0x2B5 },
    { 0x6D4, 0x6D4, 0x2B6 },
    { 0x6F0, 0x6F9, 0x2B7 },
    { 0x1EA0, 0x1EF9, 0x2C1 },
    { 0x2009, 0x2009, 0x31B },
    { 0x200B, 0x2011, 0x31C },
    { 0x2013, 0x2015, 0x323 },
    { 0x2018, 0x201A, 0x326 },
    { 0x201C, 0x201E, 0x329 },
    { 0x2020, 0x2022, 0x32C },
    { 0x2026, 0x2026, 0x32F },
    { 0x202F, 0x2030, 0x330 },
    { 0x2039, 0x203A, 0x332 },
    { 0x2044, 0x2044, 0x334 },
    { 0x204F, 0x204F, 0x335 },
    { 0x2070, 0x2070, 0x336 },
    { 0x2074, 0x2079, 0x337 },
    { 0x2080, 0x2089, 0x33D },
    { 0x20AA, 0x20AA, 0x347 },
    { 0x20AC, 0x20AC, 0x348 },
    { 0x20AE, 0x20AE, 0x349 },
    { 0x20B4, 0x20B4, 0x34A },
    { 0x20B9, 0x20B9, 0x34B },
    { 0x2202, 0x2202, 0x34C },
    { 0x2206, 0x2206, 0x34D },
    { 0x220F, 0x220F, 0x34E },
    { 0x2211, 0x2212, 0x34F },
    { 0x2215, 0x2215, 0x351 },
    { 0x2219, 0x221A, 0x352 },
    { 0x221E, 0x221E, 0x354 },
    { 0x222B, 0x222B, 0x355 },
    { 0x2248, 0x2248, 0x356 },
    { 0x2260, 0x2260, 0x357 },
    { 0x2264, 0x2265, 0x358 },
    { 0xFB00, 0xFB04, 0x35A },
    { 0xFB56, 0xFB59, 0x35F },
    { 0xFB66, 0xFB69, 0x363 },
    { 0xFB7A, 0xFB7D, 0x367 },
    { 0xFB88, 0xFB95, 0x36B },
    { 0xFB9E, 0xFB9F, 0x379 },
    { 0xFBA6, 0xFBB1, 0x37B },
    { 0xFBFC, 0xFBFF, 0x387 },
    { 0xFE80, 0xFEFC, 0x38B },
};

static const EpdKernClassEntry ubuntu_12_boldKernLeftClasses[] = {
    { 0x0022, 1 }, // "
    { 0x0026, 2 }, // &
    { 0x0027, 1 }, // '
    { 0x0028, 3 }, // (
    { 0x0029, 4 }, // )
    { 0x002A, 5 }, // *
    { 0x002C, 6 }, // ,
    { 0x002D, 7 }, // -
    { 0x002E, 6 }, // .
    { 0x002F, 8 }, // /
    { 0x003A, 9 }, // :
    { 0x003B, 9 }, // ;
    { 0x0040, 10 }, // @
    { 0x0041, 11 }, // A
    { 0x0042, 12 }, // B
    { 0x0043, 13 }, // C
    { 0x0044, 14 }, // D
    { 0x0045, 15 }, // E
    { 0x0046, 16 }, // F
    { 0x0047, 17 }, // G
    { 0x0048, 18 }, // H
    { 0x0049, 18 }, // I
    { 0x004A, 19 }, // J
    { 0x004B, 20 }, // K
    { 0x004C, 21 }, // L
    { 0x004D, 22 }, // M
    { 0x004E, 18 }, // N
    { 0x004F, 23 }, // O
    { 0x0050, 24 }, // P
    { 0x0051, 25 }, // Q
    { 0x0052, 26 }, // R
    { 0x0053, 27 }, // S
    { 0x0054, 28 }, // T
    { 0x0055, 29 }, // U
    { 0x0056, 30 }, // V
    { 0x0057, 31 }, // W
    { 0x0058, 32 }, // X
    { 0x0059, 33 }, // Y
    { 0x005A, 34 }, // Z
    { 0x005B, 35 }, // [
    { 0x005C, 36 }, // <backslash>
    { 0x005D, 37 }, // ]
    { 0x0061, 38 }, // a
    { 0x0062, 39 }, // b
    { 0x0063, 40 }, // c
    { 0x0064, 41 }, // d
    { 0x0066, 42 }, // f
    { 0x0067, 43 }, // g
    { 0x0068, 44 }, // h
    { 0x0069, 45 }, // i
    { 0x006A, 46 }, // j
    { 0x006B, 47 }, // k
    { 0x006C, 48 }, // l
    { 0x006D, 49 }, // m
    { 0x006E, 49 }, // n
    { 0x006F, 50 }, // o
    { 0x0070, 39 }, // p
    { 0x0071, 51 }, // q
    { 0x0072, 52 }, // r
    { 0x0073, 53 }, // s
    { 0x0074, 54 }, // t
    { 0x0075, 55 }, // u
    { 0x0076, 56 }, // v
    { 0x0077, 57 }, // w
    { 0x0078, 58 }, // x
    { 0x0079, 59 }, // y
    { 0x007A, 60 }, // z
    { 0x007B, 61 }, // {
    { 0x007D, 62 }, // }
    { 0x00A1, 63 }, // U+00A1
    { 0x00AB, 64 }, // U+00AB
    { 0x00BB, 65 }, // U+00BB
    { 0x00BF, 66 }, // U+00BF
    { 0x00C0, 11 }, // U+00C0
    { 0x00C1, 11 }, // U+00C1
    { 0x00C2, 11 }, // U+00C2
    { 0x00C3, 11 }, // U+00C3
    { 0x00C4, 11 }, // U+00C4
    { 0x00C5, 11 }, // U+00C5
    { 0x00C6, 15 }, // U+00C6
    { 0x00C7, 13 }, // U+00C7
    { 0x00C8, 15 }, // U+00C8
    { 0x00C9, 15 }, // U+00C9
    { 0x00CA, 15 }, // U+00CA
    { 0x00CB, 15 }, // U+00CB
    { 0x00CC, 18 }, // U+00CC
    { 0x00CD, 18 }, // U+00CD
    { 0x00CE, 18 }, // U+00CE
    { 0x00CF, 18 }, // U+00CF
    { 0x00D0, 14 }, // U+00D0
    { 0x00D1, 18 }, // U+00D1
    { 0x00D2, 23 }, // U+00D2
    { 0x00D3, 23 }, // U+00D3
    { 0x00D4, 23 }, // U+00D4
    { 0x00D5, 23 }, // U+00D5
    { 0x00D6, 23 }, // U+00D6
    { 0x00D8, 23 }, // U+00D8
    { 0x00D9, 29 }, // U+00D9
    { 0x00DA, 29 }, // U+00DA
    { 0x00DB, 29 }, // U+00DB
    { 0x00DC, 29 }, // U+00DC
    { 0x00DD, 33 }, // U+00DD
    { 0x00DE, 67 }, // U+00DE
    { 0x00DF, 68 }, // U+00DF
    { 0x00E0, 38 }, // U+00E0
    { 0x00E1, 38 }, // U+00E1
    { 0x00E2, 38 }, // U+00E2
    { 0x00E3, 38 }, // U+00E3
    { 0x00E4, 38 }, // U+00E4
    { 0x00E5, 38 }, // U+00E5
    { 0x00E7, 40 }, // U+00E7
    { 0x00EC, 45 }, // U+00EC
    { 0x00ED, 45 }, // U+00ED
    { 0x00EE, 45 }, // U+00EE
    { 0x00EF, 45 }, // U+00EF
    { 0x00F0, 69 }, // U+00F0
    { 0x00F1, 49 }, // U+00F1
    { 0x00F2, 50 }, // U+00F2
    { 0x00F3, 50 }, // U+00F3
    { 0x00F4, 50 }, // U+00F4
    { 0x00F5, 50 }, // U+00F5
    { 0x00F6, 50 }, // U+00F6
    { 0x00F8, 50 }, // U+00F8
    { 0x00F9, 55 }, // U+00F9
    { 0x00FA, 55 }, // U+00FA
    { 0x00FB, 55 }, // U+00FB
    { 0x00FC, 55 }, // U+00FC
    { 0x00FD, 59 }, // U+00FD
    { 0x00FE, 70 }, // U+00FE
    { 0x00FF, 59 }, // U+00FF
    { 0x0100, 11 }, // U+0100
    { 0x0101, 38 }, // U+0101
    { 0x0102, 11 }, // U+0102
    { 0x0103, 38 }, // U+0103
    { 0x0104, 11 }, // U+0104
    { 0x0105, 38 }, // U+0105
    { 0x0106, 13 }, // U+0106
    { 0x0107, 40 }, // U+0107
    { 0x0108, 13 }, // U+0108
    { 0x0109, 40 }, // U+0109
    { 0x010A, 13 }, // U+010A
    { 0x010B, 40 }, // U+010B
    { 0x010C, 13 }, // U+010C
    { 0x010D, 40 }, // U+010D
    { 0x010E, 14 }, // U+010E
    { 0x010F, 71 }, // U+010F
    { 0x0110, 14 }, // U+0110
    { 0x0111, 41 }, // U+0111
    { 0x0112, 15 }, // U+0112
    { 0x0114, 15 }, // U+0114
    { 0x0116, 15 }, // U+0116
    { 0x0118, 15 }, // U+0118
    { 0x011A, 15 }, // U+011A
    { 0x011C, 17 }, // U+011C
    { 0x011D, 43 }, // U+011D
    { 0x011E, 17 }, // U+011E
    { 0x011F, 43 }, // U+011F
    { 0x0120, 17 }, // U+0120
    { 0x0121, 43 }, // U+0121
    { 0x0122, 17 }, // U+0122
    { 0x0123, 43 }, // U+0123
    { 0x0124, 18 }, // U+0124
    { 0x0125, 44 }, // U+0125
    { 0x0126, 18 }, // U+0126
    { 0x0127, 44 }, // U+0127
    { 0x0128, 18 }, // U+0128
    { 0x0129, 45 }, // U+0129
    { 0x012A, 18 }, // U+012A
    { 0x012B, 45 }, // U+012B
    { 0x012C, 18 }, // U+012C
    { 0x012D, 45 }, // U+012D
    { 0x012E, 18 }, // U+012E
    { 0x012F, 45 }, // U+012F
    { 0x0130, 18 }, // U+0130
    { 0x0131, 45 }, // U+0131
    { 0x0132, 19 }, // U+0132
    { 0x0133, 46 }, // U+0133
    { 0x0134, 19 }, // U+0134
    { 0x0135, 46 }, // U+0135
    { 0x0136, 20 }, // U+0136
    { 0x0137, 47 }, // U+0137
    { 0x0138, 47 }, // U+0138
    { 0x0139, 21 }, // U+0139
    { 0x013A, 48 }, // U+013A
    { 0x013B, 21 }, // U+013B
    { 0x013C, 48 }, // U+013C
    { 0x013D, 21 }, // U+013D
    { 0x013E, 71 }, // U+013E
    { 0x013F, 21 }, // U+013F
    { 0x0140, 48 }, // U+0140
    { 0x0141, 21 }, // U+0141
    { 0x0142, 48 }, // U+0142
    { 0x0143, 18 }, // U+0143
    { 0x0144, 49 }, // U+0144
    { 0x0145, 18 }, // U+0145
    { 0x0146, 49 }, // U+0146
    { 0x0147, 18 }, // U+0147
    { 0x0148, 49 }, // U+0148
    { 0x0149, 49 }, // U+0149
    { 0x014A, 72 }, // U+014A
    { 0x014B, 73 }, // U+014B
    { 0x014C, 23 }, // U+014C
    { 0x014D, 50 }, // U+014D
    { 0x014E, 23 }, // U+014E
    { 0x014F, 50 }, // U+014F
    { 0x0150, 23 }, // U+0150
    { 0x0151, 50 }, // U+0151
    { 0x0152, 15 }, // U+0152
    { 0x0154, 26 }, // U+0154
    { 0x0155, 52 }, // U+0155
    { 0x0156, 26 }, // U+0156
    { 0x0157, 52 }, // U+0157
    { 0x0158, 26 }, // U+0158
    { 0x0159, 52 }, // U+0159
    { 0x015A, 27 }, // U+015A
    { 0x015B, 53 }, // U+015B
    { 0x015C, 27 }, // U+015C
    { 0x015D, 53 }, // U+015D
    { 0x015E, 27 }, // U+015E
    { 0x015F, 53 }, // U+015F
    { 0x0160, 27 }, // U+0160
    { 0x0161, 53 }, // U+0161
    { 0x0162, 28 }, // U+0162
    { 0x0163, 54 }, // U+0163
    { 0x0164, 28 }, // U+0164
    { 0x0165, 54 }, // U+0165
    { 0x0166, 28 }, // U+0166
    { 0x0167, 54 }, // U+0167
    { 0x0168, 29 }, // U+0168
    { 0x0169, 55 }, // U+0169
    { 0x016A, 29 }, // U+016A
    { 0x016B, 55 }, // U+016B
    { 0x016C, 29 }, // U+016C
    { 0x016D, 55 }, // U+016D
    { 0x016E, 29 }, // U+016E
    { 0x016F, 55 }, // U+016F
    { 0x0170, 29 }, // U+0170
    { 0x0171, 55 }, // U+0171
    { 0x0172, 29 }, // U+0172
    { 0x0173, 55 }, // U+0173
    { 0x0174, 31 }, // U+0174
    { 0x0175, 57 }, // U+0175
    { 0x0176, 33 }, // U+0176
    { 0x0177, 59 }, // U+0177
    { 0x0178, 33 }, // U+0178
    { 0x0179, 34 }, // U+0179
    { 0x017A, 60 }, // U+017A
    { 0x017B, 34 }, // U+017B
    { 0x017C, 60 }, // U+017C
    { 0x017D, 34 }, // U+017D
    { 0x017E, 60 }, // U+017E
    { 0x017F, 42 }, // U+017F
    { 0x01A0, 74 }, // U+01A0
    { 0x01C4, 34 }, // U+01C4
    { 0x01C5, 60 }, // U+01C5
    { 0x01C6, 60 }, // U+01C6
    { 0x01C7, 19 }, // U+01C7
    { 0x01C8, 46 }, // U+01C8
    { 0x01C9, 46 }, // U+01C9
    { 0x01CA, 19 }, // U+01CA
    { 0x01CB, 46 }, // U+01CB
    { 0x01CC, 46 }, // U+01CC
    { 0x01CD, 11 }, // U+01CD
    { 0x01CE, 38 }, // U+01CE
    { 0x01CF, 18 }, // U+01CF
    { 0x01D0, 45 }, // U+01D0
    { 0x01D1, 23 }, // U+01D1
    { 0x01D2, 50 }, // U+01D2
    { 0x01D3, 29 }, // U+01D3
    { 0x01D4, 55 }, // U+01D4
    { 0x01D5, 29 }, // U+01D5
    { 0x01D6, 55 }, // U+01D6
    { 0x01D7, 29 }, // U+01D7
    { 0x01D8, 55 }, // U+01D8
    { 0x01D9, 29 }, // U+01D9
    { 0x01DA, 55 }, // U+01DA
    { 0x01DB, 29 }, // U+01DB
    { 0x01DC, 55 }, // U+01DC
    { 0x01DD, 50 }, // U+01DD
    { 0x01DE, 11 }, // U+01DE
    { 0x01DF, 38 }, // U+01DF
    { 0x01E0, 11 }, // U+01E0
    { 0x01E1, 38 }, // U+01E1
    { 0x01E2, 15 }, // U+01E2
    { 0x01E4, 17 }, // U+01E4
    { 0x01E5, 43 }, // U+01E5
    { 0x01E6, 17 }, // U+01E6
    { 0x01E7, 43 }, // U+01E7
    { 0x01E8, 20 }, // U+01E8
    { 0x01E9, 47 }, // U+01E9
    { 0x01EA, 23 }, // U+01EA
    { 0x01EB, 50 }, // U+01EB
    { 0x01EC, 23 }, // U+01EC
    { 0x01ED, 50 }, // U+01ED
    { 0x01EE, 75 }, // U+01EE
    { 0x01EF, 76 }, // U+01EF
    { 0x01F0, 46 }, // U+01F0
    { 0x01F1, 34 }, // U+01F1
    { 0x01F2, 60 }, // U+01F2
    { 0x01F3, 60 }, // U+01F3
    { 0x01F4, 17 }, // U+01F4
    { 0x01F5, 43 }, // U+01F5
    { 0x01F6, 55 }, // U+01F6
    { 0x01F7, 77 }, // U+01F7
    { 0x01F8, 18 }, // U+01F8
    { 0x01F9, 49 }, // U+01F9
    { 0x01FA, 11 }, // U+01FA
    { 0x01FB, 38 }, // U+01FB
    { 0x01FC, 15 }, // U+01FC
    { 0x01FE, 23 }, // U+01FE
    { 0x01FF, 50 }, // U+01FF
    { 0x0200, 11 }, // U+0200
    { 0x0201, 38 }, // U+0201
    { 0x0202, 11 }, // U+0202
    { 0x0203, 38 }, // U+0203
    { 0x0204, 15 }, // U+0204
    { 0x0206, 15 }, // U+0206
    { 0x0208, 18 }, // U+0208
    { 0x0209, 45 }, // U+0209
    { 0x020A, 18 }, // U+020A
    { 0x020B, 45 }, // U+020B
    { 0x020C, 23 }, // U+020C
    { 0x020D, 50 }, // U+020D
    { 0x020E, 23 }, // U+020E
    { 0x020F, 50 }, // U+020F
    { 0x0210, 26 }, // U+0210
    { 0x0211, 52 }, // U+0211
    { 0x0212, 26 }, // U+0212
    { 0x0213, 52 }, // U+0213
    { 0x0214, 29 }, // U+0214
    { 0x0215, 55 }, // U+0215
    { 0x0216, 29 }, // U+0216
    { 0x0217, 55 }, // U+0217
    { 0x0218, 27 }, // U+0218
    { 0x0219, 53 }, // U+0219
    { 0x021A, 28 }, // U+021A
    { 0x021B, 54 }, // U+021B
    { 0x021C, 78 }, // U+021C
    { 0x021E, 18 }, // U+021E
    { 0x021F, 44 }, // U+021F
    { 0x0400, 79 }, // U+0400
    { 0x0401, 79 }, // U+0401
    { 0x0402, 80 }, // U+0402
    { 0x0403, 81 }, // U+0403
    { 0x0404, 82 }, // U+0404
    { 0x0405, 83 }, // U+0405
    { 0x0406, 18 }, // U+0406
    { 0x0407, 18 }, // U+0407
    { 0x0408, 84 }, // U+0408
    { 0x0409, 85 }, // U+0409
    { 0x040A, 85 }, // U+040A
    { 0x040B, 86 }, // U+040B
    { 0x040C, 87 }, // U+040C
    { 0x040D, 18 }, // U+040D
    { 0x040E, 88 }, // U+040E
    { 0x040F, 18 }, // U+040F
    { 0x0410, 89 }, // U+0410
    { 0x0411, 80 }, // U+0411
    { 0x0412, 90 }, // U+0412
    { 0x0413, 81 }, // U+0413
    { 0x0414, 91 }, // U+0414
    { 0x0415, 79 }, // U+0415
    { 0x0416, 92 }, // U+0416
    { 0x0417, 93 }, // U+0417
    { 0x0418, 18 }, // U+0418
    { 0x0419, 18 }, // U+0419
    { 0x041A, 87 }, // U+041A
    { 0x041C, 94 }, // U+041C
    { 0x041D, 18 }, // U+041D
    { 0x041E, 95 }, // U+041E
    { 0x041F, 18 }, // U+041F
    { 0x0420, 96 }, // U+0420
    { 0x0421, 82 }, // U+0421
    { 0x0422, 97 }, // U+0422
    { 0x0423, 88 }, // U+0423
    { 0x0424, 98 }, // U+0424
    { 0x0425, 99 }, // U+0425
    { 0x0426, 91 }, // U+0426
    { 0x0428, 18 }, // U+0428
    { 0x0429, 91 }, // U+0429
    { 0x042A, 85 }, // U+042A
    { 0x042B, 18 }, // U+042B
    { 0x042C, 85 }, // U+042C
    { 0x042D, 100 }, // U+042D
    { 0x042E, 95 }, // U+042E
    { 0x0430, 101 }, // U+0430
    { 0x0431, 102 }, // U+0431
    { 0x0432, 103 }, // U+0432
    { 0x0433, 104 }, // U+0433
    { 0x0434, 105 }, // U+0434
    { 0x0435, 106 }, // U+0435
    { 0x0436, 107 }, // U+0436
    { 0x0437, 108 }, // U+0437
    { 0x043A, 109 }, // U+043A
    { 0x043B, 110 }, // U+043B
    { 0x043C, 111 }, // U+043C
    { 0x043D, 112 }, // U+043D
    { 0x043E, 113 }, // U+043E
    { 0x043F, 112 }, // U+043F
    { 0x0440, 114 }, // U+0440
    { 0x0441, 115 }, // U+0441
    { 0x0442, 116 }, // U+0442
    { 0x0443, 117 }, // U+0443
    { 0x0444, 118 }, // U+0444
    { 0x0445, 119 }, // U+0445
    { 0x0446, 105 }, // U+0446
    { 0x0447, 112 }, // U+0447
    { 0x0448, 112 }, // U+0448
    { 0x0449, 105 }, // U+0449
    { 0x044A, 120 }, // U+044A
    { 0x044B, 112 }, // U+044B
    { 0x044C, 120 }, // U+044C
    { 0x044D, 121 }, // U+044D
    { 0x044E, 122 }, // U+044E
    { 0x044F, 123 }, // U+044F
    { 0x0450, 106 }, // U+0450
    { 0x0451, 106 }, // U+0451
    { 0x0452, 124 }, // U+0452
    { 0x0453, 104 }, // U+0453
    { 0x0454, 125 }, // U+0454
    { 0x0455, 126 }, // U+0455
    { 0x0456, 127 }, // U+0456
    { 0x0457, 127 }, // U+0457
    { 0x0458, 128 }, // U+0458
    { 0x0459, 120 }, // U+0459
    { 0x045A, 120 }, // U+045A
    { 0x045B, 129 }, // U+045B
    { 0x045C, 109 }, // U+045C
    { 0x045E, 117 }, // U+045E
    { 0x045F, 130 }, // U+045F
    { 0x0462, 80 }, // U+0462
    { 0x0463, 131 }, // U+0463
    { 0x0472, 95 }, // U+0472
    { 0x0473, 113 }, // U+0473
    { 0x0474, 132 }, // U+0474
    { 0x0475, 133 }, // U+0475
    { 0x048A, 91 }, // U+048A
    { 0x048B, 105 }, // U+048B
    { 0x048C, 85 }, // U+048C
    { 0x048D, 120 }, // U+048D
    { 0x048F, 114 }, // U+048F
    { 0x0490, 81 }, // U+0490
    { 0x0491, 104 }, // U+0491
    { 0x0492, 81 }, // U+0492
    { 0x0493, 104 }, // U+0493
    { 0x0494, 80 }, // U+0494
    { 0x0495, 134 }, // U+0495
    { 0x0496, 92 }, // U+0496
    { 0x0497, 107 }, // U+0497
    { 0x0498, 93 }, // U+0498
    { 0x0499, 108 }, // U+0499
    { 0x049A, 87 }, // U+049A
    { 0x049B, 109 }, // U+049B
    { 0x049C, 87 }, // U+049C
    { 0x049D, 109 }, // U+049D
    { 0x049E, 87 }, // U+049E
    { 0x049F, 109 }, // U+049F
    { 0x04A0, 87 }, // U+04A0
    { 0x04A1, 109 }, // U+04A1
    { 0x04A2, 91 }, // U+04A2
    { 0x04A3, 105 }, // U+04A3
    { 0x04A4, 97 }, // U+04A4
    { 0x04A5, 104 }, // U+04A5
    { 0x04A6, 85 }, // U+04A6
    { 0x04A7, 135 }, // U+04A7
    { 0x04A8, 136 }, // U+04A8
    { 0x04A9, 137 }, // U+04A9
    { 0x04AA, 82 }, // U+04AA
    { 0x04AB, 115 }, // U+04AB
    { 0x04AC, 97 }, // U+04AC
    { 0x04AD, 116 }, // U+04AD
    { 0x04AE, 138 }, // U+04AE
    { 0x04AF, 139 }, // U+04AF
    { 0x04B0, 138 }, // U+04B0
    { 0x04B1, 139 }, // U+04B1
    { 0x04B2, 99 }, // U+04B2
    { 0x04B3, 119 }, // U+04B3
    { 0x04B4, 91 }, // U+04B4
    { 0x04B5, 105 }, // U+04B5
    { 0x04B6, 91 }, // U+04B6
    { 0x04B7, 105 }, // U+04B7
    { 0x04BA, 140 }, // U+04BA
    { 0x04BB, 141 }, // U+04BB
    { 0x04BC, 142 }, // U+04BC
    { 0x04BE, 142 }, // U+04BE
    { 0x04C0, 18 }, // U+04C0
    { 0x04C1, 92 }, // U+04C1
    { 0x04C2, 107 }, // U+04C2
    { 0x04C3, 143 }, // U+04C3
    { 0x04C4, 144 }, // U+04C4
    { 0x04C6, 105 }, // U+04C6
    { 0x04C7, 84 }, // U+04C7
    { 0x04C8, 145 }, // U+04C8
    { 0x04C9, 91 }, // U+04C9
    { 0x04CA, 105 }, // U+04CA
    { 0x04CC, 112 }, // U+04CC
    { 0x04CD, 91 }, // U+04CD
    { 0x04CE, 105 }, // U+04CE
    { 0x04CF, 18 }, // U+04CF
    { 0x04D0, 89 }, // U+04D0
    { 0x04D1, 101 }, // U+04D1
    { 0x04D2, 89 }, // U+04D2
    { 0x04D3, 101 }, // U+04D3
    { 0x04D4, 146 }, // U+04D4
    { 0x04D5, 147 }, // U+04D5
    { 0x04D6, 79 }, // U+04D6
    { 0x04D7, 106 }, // U+04D7
    { 0x04D8, 148 }, // U+04D8
    { 0x04DA, 148 }, // U+04DA
    { 0x04DC, 92 }, // U+04DC
    { 0x04DD, 107 }, // U+04DD
    { 0x04DE, 93 }, // U+04DE
    { 0x04DF, 108 }, // U+04DF
    { 0x04E0, 149 }, // U+04E0
    { 0x04E1, 150 }, // U+04E1
    { 0x04E2, 18 }, // U+04E2
    { 0x04E4, 18 }, // U+04E4
    { 0x04E6, 95 }, // U+04E6
    { 0x04E7, 113 }, // U+04E7
    { 0x04E8, 95 }, // U+04E8
    { 0x04E9, 113 }, // U+04E9
    { 0x04EA, 95 }, // U+04EA
    { 0x04EB, 113 }, // U+04EB
    { 0x04EC, 100 }, // U+04EC
    { 0x04ED, 108 }, // U+04ED
    { 0x04EE, 88 }, // U+04EE
    { 0x04EF, 117 }, // U+04EF
    { 0x04F0, 88 }, // U+04F0
    { 0x04F1, 117 }, // U+04F1
    { 0x04F2, 88 }, // U+04F2
    { 0x04F3, 117 }, // U+04F3
    { 0x04F6, 81 }, // U+04F6
    { 0x04F7, 104 }, // U+04F7
    { 0x04F8, 18 }, // U+04F8
    { 0x04F9, 112 }, // U+04F9
    { 0x05D0, 151 }, // U+05D0
    { 0x05D1, 152 }, // U+05D1
    { 0x05D2, 153 }, // U+05D2
    { 0x05D3, 154 }, // U+05D3
    { 0x05D5, 155 }, // U+05D5
    { 0x05D6, 156 }, // U+05D6
    { 0x05D8, 157 }, // U+05D8
    { 0x05D9, 158 }, // U+05D9
    { 0x05DB, 159 }, // U+05DB
    { 0x05DC, 160 }, // U+05DC
    { 0x05DE, 161 }, // U+05DE
    { 0x05E0, 162 }, // U+05E0
    { 0x05E1, 163 }, // U+05E1
    { 0x05E2, 164 }, // U+05E2
    { 0x05E4, 165 }, // U+05E4
    { 0x05E6, 166 }, // U+05E6
    { 0x05E8, 167 }, // U+05E8
    { 0x05E9, 168 }, // U+05E9
    { 0x05EA, 169 }, // U+05EA
    { 0x1EF2, 33 }, // U+1EF2
    { 0x1EF3, 59 }, // U+1EF3
    { 0x2013, 7 }, // U+2013
    { 0x2014, 7 }, // U+2014
    { 0x2018, 170 }, // U+2018
    { 0x2019, 171 }, // U+2019
    { 0x201A, 172 }, // U+201A
    { 0x201C, 170 }, // U+201C
    { 0x201D, 171 }, // U+201D
    { 0x201E, 172 }, // U+201E
    { 0x2026, 6 }, // U+2026
    { 0x2039, 64 }, // U+2039
    { 0x203A, 65 }, // U+203A
    { 0xFB00, 42 }, // U+FB00
    { 0xFB01, 45 }, // U+FB01
    { 0xFB02, 48 }, // U+FB02
    { 0xFB03, 45 }, // U+FB03
    { 0xFB04, 48 }, // U+FB04
    { 0xFB8C, 173 }, // U+FB8C
    { 0xFEAD, 173 }, // U+FEAD
    { 0xFEAE, 173 }, // U+FEAE
    { 0xFEAF, 173 }, // U+FEAF
};

static const EpdKernClassEntry ubuntu_12_boldKernRightClasses[] = {
    { 0x0021, 1 }, // !
    { 0x0022, 2 }, // "
    { 0x0026, 3 }, // &
    { 0x0027, 2 }, // '
    { 0x0028, 4 }, // (
    { 0x0029, 5 }, // )
    { 0x002A, 6 }, // *
    { 0x002C, 7 }, // ,
    { 0x002D, 8 }, // -
    { 0x002E, 7 }, // .
    { 0x002F, 9 }, // /
    { 0x003A, 10 }, // :
    { 0x003B, 10 }, // ;
    { 0x003F, 11 }, // ?
    { 0x0040, 12 }, // @
    { 0x0041, 13 }, // A
    { 0x0042, 14 }, // B
    { 0x0043, 15 }, // C
    { 0x0044, 14 }, // D
    { 0x0045, 14 }, // E
    { 0x0046, 14 }, // F
    { 0x0047, 16 }, // G
    { 0x0048, 14 }, // H
    { 0x0049, 14 }, // I
    { 0x004A, 17 }, // J
    { 0x004B, 14 }, // K
    { 0x004C, 14 }, // L
    { 0x004D, 18 }, // M
    { 0x004E, 14 }, // N
    { 0x004F, 19 }, // O
    { 0x0050, 14 }, // P
    { 0x0051, 19 }, // Q
    { 0x0052, 14 }, // R
    { 0x0053, 20 }, // S
    { 0x0054, 21 }, // T
    { 0x0055, 22 }, // U
    { 0x0056, 23 }, // V
    { 0x0057, 24 }, // W
    { 0x0058, 25 }, // X
    { 0x0059, 26 }, // Y
    { 0x005A, 27 }, // Z
    { 0x005B, 28 }, // [
    { 0x005C, 29 }, // <backslash>
    { 0x005D, 30 }, // ]
    { 0x0061, 31 }, // a
    { 0x0062, 32 }, // b
    { 0x0063, 33 }, // c
    { 0x0064, 34 }, // d
    { 0x0065, 33 }, // e
    { 0x0066, 35 }, // f
    { 0x0067, 33 }, // g
    { 0x0068, 36 }, // h
    { 0x0069, 37 }, // i
    { 0x006A, 38 }, // j
    { 0x006B, 36 }, // k
    { 0x006C, 36 }, // l
    { 0x006D, 39 }, // m
    { 0x006E, 39 }, // n
    { 0x006F, 34 }, // o
    { 0x0070, 39 }, // p
    { 0x0071, 33 }, // q
    { 0x0072, 39 }, // r
    { 0x0073, 40 }, // s
    { 0x0074, 41 }, // t
    { 0x0075, 42 }, // u
    { 0x0076, 43 }, // v
    { 0x0077, 44 }, // w
    { 0x0078, 45 }, // x
    { 0x0079, 46 }, // y
    { 0x007A, 47 }, // z
    { 0x007B, 48 }, // {
    { 0x007D, 49 }, // }
    { 0x00AB, 50 }, // U+00AB
    { 0x00BB, 51 }, // U+00BB
    { 0x00C0, 13 }, // U+00C0
    { 0x00C1, 13 }, // U+00C1
    { 0x00C2, 13 }, // U+00C2
    { 0x00C3, 13 }, // U+00C3
    { 0x00C4, 13 }, // U+00C4
    { 0x00C5, 13 }, // U+00C5
    { 0x00C6, 52 }, // U+00C6
    { 0x00C7, 15 }, // U+00C7
    { 0x00C8, 14 }, // U+00C8
    { 0x00C9, 14 }, // U+00C9
    { 0x00CA, 14 }, // U+00CA
    { 0x00CB, 14 }, // U+00CB
    { 0x00CC, 14 }, // U+00CC
    { 0x00CD, 14 }, // U+00CD
    { 0x00CE, 14 }, // U+00CE
    { 0x00CF, 14 }, // U+00CF
    { 0x00D0, 14 }, // U+00D0
    { 0x00D1, 14 }, // U+00D1
    { 0x00D2, 19 }, // U+00D2
    { 0x00D3, 19 }, // U+00D3
    { 0x00D4, 19 }, // U+00D4
    { 0x00D5, 19 }, // U+00D5
    { 0x00D6, 19 }, // U+00D6
    { 0x00D8, 19 }, // U+00D8
    { 0x00D9, 22 }, // U+00D9
    { 0x00DA, 22 }, // U+00DA
    { 0x00DB, 22 }, // U+00DB
    { 0x00DC, 22 }, // U+00DC
    { 0x00DD, 26 }, // U+00DD
    { 0x00DF, 53 }, // U+00DF
    { 0x00E0, 31 }, // U+00E0
    { 0x00E1, 31 }, // U+00E1
    { 0x00E2, 31 }, // U+00E2
    { 0x00E3, 31 }, // U+00E3
    { 0x00E4, 54 }, // U+00E4
    { 0x00E5, 31 }, // U+00E5
    { 0x00E6, 31 }, // U+00E6
    { 0x00E7, 33 }, // U+00E7
    { 0x00E8, 33 }, // U+00E8
    { 0x00E9, 33 }, // U+00E9
    { 0x00EA, 33 }, // U+00EA
    { 0x00EB, 33 }, // U+00EB
    { 0x00EC, 55 }, // U+00EC
    { 0x00ED, 37 }, // U+00ED
    { 0x00EE, 56 }, // U+00EE
    { 0x00EF, 57 }, // U+00EF
    { 0x00F0, 58 }, // U+00F0
    { 0x00F1, 39 }, // U+00F1
    { 0x00F2, 34 }, // U+00F2
    { 0x00F3, 34 }, // U+00F3
    { 0x00F4, 34 }, // U+00F4
    { 0x00F5, 34 }, // U+00F5
    { 0x00F6, 34 }, // U+00F6
    { 0x00F8, 34 }, // U+00F8
    { 0x00F9, 42 }, // U+00F9
    { 0x00FA, 42 }, // U+00FA
    { 0x00FB, 42 }, // U+00FB
    { 0x00FC, 42 }, // U+00FC
    { 0x00FD, 46 }, // U+00FD
    { 0x00FF, 46 }, // U+00FF
    { 0x0100, 13 }, // U+0100
    { 0x0101, 31 }, // U+0101
    { 0x0102, 13 }, // U+0102
    { 0x0103, 31 }, // U+0103
    { 0x0104, 13 }, // U+0104
    { 0x0105, 31 }, // U+0105
    { 0x0106, 15 }, // U+0106
    { 0x0107, 33 }, // U+0107
    { 0x0108, 15 }, // U+0108
    { 0x0109, 33 }, // U+0109
    { 0x010A, 15 }, // U+010A
    { 0x010B, 33 }, // U+010B
    { 0x010C, 15 }, // U+010C
    { 0x010D, 33 }, // U+010D
    { 0x010E, 14 }, // U+010E
    { 0x010F, 34 }, // U+010F
    { 0x0111, 34 }, // U+0111
    { 0x0112, 14 }, // U+0112
    { 0x0113, 33 }, // U+0113
    { 0x0114, 14 }, // U+0114
    { 0x0115, 33 }, // U+0115
    { 0x0116, 14 }, // U+0116
    { 0x0117, 33 }, // U+0117
    { 0x0118, 14 }, // U+0118
    { 0x0119, 33 }, // U+0119
    { 0x011A, 14 }, // U+011A
    { 0x011B, 33 }, // U+011B
    { 0x011C, 16 }, // U+011C
    { 0x011D, 33 }, // U+011D
    { 0x011E, 16 }, // U+011E
    { 0x011F, 33 }, // U+011F
    { 0x0120, 16 }, // U+0120
    { 0x0121, 33 }, // U+0121
    { 0x0122, 16 }, // U+0122
    { 0x0123, 33 }, // U+0123
    { 0x0124, 14 }, // U+0124
    { 0x0125, 36 }, // U+0125
    { 0x0126, 14 }, // U+0126
    { 0x0127, 36 }, // U+0127
    { 0x0128, 14 }, // U+0128
    { 0x0129, 59 }, // U+0129
    { 0x012A, 14 }, // U+012A
    { 0x012B, 60 }, // U+012B
    { 0x012C, 14 }, // U+012C
    { 0x012D, 61 }, // U+012D
    { 0x012E, 14 }, // U+012E
    { 0x012F, 37 }, // U+012F
    { 0x0130, 14 }, // U+0130
    { 0x0131, 37 }, // U+0131
    { 0x0132, 14 }, // U+0132
    { 0x0133, 37 }, // U+0133
    { 0x0134, 17 }, // U+0134
    { 0x0135, 38 }, // U+0135
    { 0x0136, 14 }, // U+0136
    { 0x0137, 36 }, // U+0137
    { 0x0139, 14 }, // U+0139
    { 0x013A, 36 }, // U+013A
    { 0x013B, 14 }, // U+013B
    { 0x013C, 36 }, // U+013C
    { 0x013D, 14 }, // U+013D
    { 0x013E, 36 }, // U+013E
    { 0x013F, 14 }, // U+013F
    { 0x0140, 36 }, // U+0140
    { 0x0141, 14 }, // U+0141
    { 0x0142, 36 }, // U+0142
    { 0x0143, 14 }, // U+0143
    { 0x0144, 39 }, // U+0144
    { 0x0145, 14 }, // U+0145
    { 0x0146, 39 }, // U+0146
    { 0x0147, 14 }, // U+0147
    { 0x0148, 39 }, // U+0148
    { 0x0149, 39 }, // U+0149
    { 0x014A, 62 }, // U+014A
    { 0x014B, 63 }, // U+014B
    { 0x014C, 19 }, // U+014C
    { 0x014D, 34 }, // U+014D
    { 0x014E, 19 }, // U+014E
    { 0x014F, 34 }, // U+014F
    { 0x0150, 19 }, // U+0150
    { 0x0151, 34 }, // U+0151
    { 0x0152, 19 }, // U+0152
    { 0x0153, 34 }, // U+0153
    { 0x0154, 14 }, // U+0154
    { 0x0155, 39 }, // U+0155
    { 0x0156, 14 }, // U+0156
    { 0x0157, 39 }, // U+0157
    { 0x0158, 14 }, // U+0158
    { 0x0159, 39 }, // U+0159
    { 0x015A, 20 }, // U+015A
    { 0x015B, 40 }, // U+015B
    { 0x015C, 20 }, // U+015C
    { 0x015D, 40 }, // U+015D
    { 0x015E, 20 }, // U+015E
    { 0x015F, 40 }, // U+015F
    { 0x0160, 20 }, // U+0160
    { 0x0161, 40 }, // U+0161
    { 0x0162, 21 }, // U+0162
    { 0x0163, 41 }, // U+0163
    { 0x0164, 21 }, // U+0164
    { 0x0165, 41 }, // U+0165
    { 0x0166, 21 }, // U+0166
    { 0x0167, 41 }, // U+0167
    { 0x0168, 22 }, // U+0168
    { 0x0169, 42 }, // U+0169
    { 0x016A, 22 }, // U+016A
    { 0x016B, 42 }, // U+016B
    { 0x016C, 22 }, // U+016C
    { 0x016D, 42 }, // U+016D
    { 0x016E, 22 }, // U+016E
    { 0x016F, 42 }, // U+016F
    { 0x0170, 22 }, // U+0170
    { 0x0171, 42 }, // U+0171
    { 0x0172, 22 }, // U+0172
    { 0x0173, 42 }, // U+0173
    { 0x0174, 24 }, // U+0174
    { 0x0175, 44 }, // U+0175
    { 0x0176, 26 }, // U+0176
    { 0x0177, 46 }, // U+0177
    { 0x0178, 26 }, // U+0178
    { 0x0179, 27 }, // U+0179
    { 0x017A, 47 }, // U+017A
    { 0x017B, 27 }, // U+017B
    { 0x017C, 47 }, // U+017C
    { 0x017D, 27 }, // U+017D
    { 0x017E, 47 }, // U+017E
    { 0x017F, 35 }, // U+017F
    { 0x01A0, 19 }, // U+01A0
    { 0x01A1, 34 }, // U+01A1
    { 0x01AF, 22 }, // U+01AF
    { 0x01B0, 42 }, // U+01B0
    { 0x01C4, 14 }, // U+01C4
    { 0x01C5, 14 }, // U+01C5
    { 0x01C6, 34 }, // U+01C6
    { 0x01C7, 14 }, // U+01C7
    { 0x01C8, 14 }, // U+01C8
    { 0x01C9, 36 }, // U+01C9
    { 0x01CA, 14 }, // U+01CA
    { 0x01CB, 14 }, // U+01CB
    { 0x01CC, 39 }, // U+01CC
    { 0x01CD, 13 }, // U+01CD
    { 0x01CE, 31 }, // U+01CE
    { 0x01CF, 14 }, // U+01CF
    { 0x01D0, 37 }, // U+01D0
    { 0x01D1, 19 }, // U+01D1
    { 0x01D2, 34 }, // U+01D2
    { 0x01D3, 22 }, // U+01D3
    { 0x01D4, 42 }, // U+01D4
    { 0x01D5, 22 }, // U+01D5
    { 0x01D6, 42 }, // U+01D6
    { 0x01D7, 22 }, // U+01D7
    { 0x01D8, 42 }, // U+01D8
    { 0x01D9, 22 }, // U+01D9
    { 0x01DA, 42 }, // U+01DA
    { 0x01DB, 22 }, // U+01DB
    { 0x01DC, 42 }, // U+01DC
    { 0x01DD, 64 }, // U+01DD
    { 0x01DE, 13 }, // U+01DE
    { 0x01DF, 31 }, // U+01DF
    { 0x01E0, 13 }, // U+01E0
    { 0x01E1, 31 }, // U+01E1
    { 0x01E2, 52 }, // U+01E2
    { 0x01E3, 31 }, // U+01E3
    { 0x01E4, 16 }, // U+01E4
    { 0x01E5, 33 }, // U+01E5
    { 0x01E6, 16 }, // U+01E6
    { 0x01E7, 33 }, // U+01E7
    { 0x01E8, 14 }, // U+01E8
    { 0x01E9, 36 }, // U+01E9
    { 0x01EA, 19 }, // U+01EA
    { 0x01EB, 34 }, // U+01EB
    { 0x01EC, 19 }, // U+01EC
    { 0x01ED, 34 }, // U+01ED
    { 0x01EE, 65 }, // U+01EE
    { 0x01F0, 38 }, // U+01F0
    { 0x01F1, 14 }, // U+01F1
    { 0x01F2, 14 }, // U+01F2
    { 0x01F3, 34 }, // U+01F3
    { 0x01F4, 16 }, // U+01F4
    { 0x01F5, 33 }, // U+01F5
    { 0x01F8, 14 }, // U+01F8
    { 0x01F9, 39 }, // U+01F9
    { 0x01FA, 13 }, // U+01FA
    { 0x01FB, 31 }, // U+01FB
    { 0x01FC, 52 }, // U+01FC
    { 0x01FD, 31 }, // U+01FD
    { 0x01FE, 19 }, // U+01FE
    { 0x01FF, 34 }, // U+01FF
    { 0x0200, 13 }, // U+0200
    { 0x0201, 31 }, // U+0201
    { 0x0202, 13 }, // U+0202
    { 0x0203, 31 }, // U+0203
    { 0x0204, 14 }, // U+0204
    { 0x0205, 33 }, // U+0205
    { 0x0206, 14 }, // U+0206
    { 0x0207, 33 }, // U+0207
    { 0x0208, 14 }, // U+0208
    { 0x0209, 37 }, // U+0209
    { 0x020A, 14 }, // U+020A
    { 0x020B, 37 }, // U+020B
    { 0x020C, 19 }, // U+020C
    { 0x020D, 34 }, // U+020D
    { 0x020E, 19 }, // U+020E
    { 0x020F, 34 }, // U+020F
    { 0x0210, 14 }, // U+0210
    { 0x0211, 39 }, // U+0211
    { 0x0212, 14 }, // U+0212
    { 0x0213, 39 }, // U+0213
    { 0x0214, 22 }, // U+0214
    { 0x0215, 42 }, // U+0215
    { 0x0216, 22 }, // U+0216
    { 0x0217, 42 }, // U+0217
    { 0x0218, 20 }, // U+0218
    { 0x0219, 40 }, // U+0219
    { 0x021A, 21 }, // U+021A
    { 0x021B, 41 }, // U+021B
    { 0x021C, 66 }, // U+021C
    { 0x021D, 67 }, // U+021D
    { 0x021E, 14 }, // U+021E
    { 0x021F, 36 }, // U+021F
    { 0x0402, 68 }, // U+0402
    { 0x0404, 69 }, // U+0404
    { 0x0405, 70 }, // U+0405
    { 0x0408, 71 }, // U+0408
    { 0x0409, 72 }, // U+0409
    { 0x040B, 68 }, // U+040B
    { 0x040E, 73 }, // U+040E
    { 0x0410, 74 }, // U+0410
    { 0x0414, 75 }, // U+0414
    { 0x0416, 76 }, // U+0416
    { 0x0417, 77 }, // U+0417
    { 0x041B, 72 }, // U+041B
    { 0x041C, 78 }, // U+041C
    { 0x041E, 79 }, // U+041E
    { 0x0421, 69 }, // U+0421
    { 0x0422, 68 }, // U+0422
    { 0x0423, 73 }, // U+0423
    { 0x0424, 80 }, // U+0424
    { 0x0425, 81 }, // U+0425
    { 0x0427, 82 }, // U+0427
    { 0x042D, 83 }, // U+042D
    { 0x042F, 84 }, // U+042F
    { 0x0430, 85 }, // U+0430
    { 0x0431, 86 }, // U+0431
    { 0x0432, 87 }, // U+0432
    { 0x0433, 88 }, // U+0433
    { 0x0434, 89 }, // U+0434
    { 0x0435, 90 }, // U+0435
    { 0x0436, 91 }, // U+0436
    { 0x0437, 92 }, // U+0437
    { 0x0438, 88 }, // U+0438
    { 0x0439, 88 }, // U+0439
    { 0x043A, 88 }, // U+043A
    { 0x043B, 93 }, // U+043B
    { 0x043C, 94 }, // U+043C
    { 0x043D, 88 }, // U+043D
    { 0x043E, 95 }, // U+043E
    { 0x043F, 88 }, // U+043F
    { 0x0440, 96 }, // U+0440
    { 0x0441, 97 }, // U+0441
    { 0x0442, 98 }, // U+0442
    { 0x0443, 99 }, // U+0443
    { 0x0444, 100 }, // U+0444
    { 0x0445, 101 }, // U+0445
    { 0x0446, 88 }, // U+0446
    { 0x0447, 102 }, // U+0447
    { 0x0448, 88 }, // U+0448
    { 0x0449, 103 }, // U+0449
    { 0x044A, 104 }, // U+044A
    { 0x044B, 88 }, // U+044B
    { 0x044C, 88 }, // U+044C
    { 0x044D, 105 }, // U+044D
    { 0x044E, 106 }, // U+044E
    { 0x044F, 107 }, // U+044F
    { 0x0450, 90 }, // U+0450
    { 0x0451, 90 }, // U+0451
    { 0x0452, 108 }, // U+0452
    { 0x0453, 88 }, // U+0453
    { 0x0454, 109 }, // U+0454
    { 0x0455, 110 }, // U+0455
    { 0x0456, 111 }, // U+0456
    { 0x0457, 112 }, // U+0457
    { 0x0458, 113 }, // U+0458
    { 0x0459, 93 }, // U+0459
    { 0x045A, 88 }, // U+045A
    { 0x045B, 114 }, // U+045B
    { 0x045C, 88 }, // U+045C
    { 0x045D, 88 }, // U+045D
    { 0x045E, 99 }, // U+045E
    { 0x045F, 103 }, // U+045F
    { 0x0462, 68 }, // U+0462
    { 0x0463, 115 }, // U+0463
    { 0x0472, 79 }, // U+0472
    { 0x0473, 95 }, // U+0473
    { 0x0475, 99 }, // U+0475
    { 0x048B, 88 }, // U+048B
    { 0x048D, 116 }, // U+048D
    { 0x048F, 96 }, // U+048F
    { 0x0491, 88 }, // U+0491
    { 0x0493, 88 }, // U+0493
    { 0x0495, 88 }, // U+0495
    { 0x0496, 76 }, // U+0496
    { 0x0497, 91 }, // U+0497
    { 0x0498, 77 }, // U+0498
    { 0x0499, 92 }, // U+0499
    { 0x049B, 88 }, // U+049B
    { 0x049D, 88 }, // U+049D
    { 0x049F, 88 }, // U+049F
    { 0x04A1, 88 }, // U+04A1
    { 0x04A3, 88 }, // U+04A3
    { 0x04A5, 88 }, // U+04A5
    { 0x04A7, 88 }, // U+04A7
    { 0x04A8, 117 }, // U+04A8
    { 0x04A9, 118 }, // U+04A9
    { 0x04AA, 69 }, // U+04AA
    { 0x04AB, 97 }, // U+04AB
    { 0x04AC, 68 }, // U+04AC
    { 0x04AD, 98 }, // U+04AD
    { 0x04AE, 119 }, // U+04AE
    { 0x04AF, 120 }, // U+04AF
    { 0x04B0, 119 }, // U+04B0
    { 0x04B1, 120 }, // U+04B1
    { 0x04B2, 81 }, // U+04B2
    { 0x04B3, 101 }, // U+04B3
    { 0x04B4, 68 }, // U+04B4
    { 0x04B5, 98 }, // U+04B5
    { 0x04B6, 82 }, // U+04B6
    { 0x04B7, 102 }, // U+04B7
    { 0x04B8, 82 }, // U+04B8
    { 0x04B9, 102 }, // U+04B9
    { 0x04BB, 121 }, // U+04BB
    { 0x04BC, 122 }, // U+04BC
    { 0x04BD, 123 }, // U+04BD
    { 0x04BE, 122 }, // U+04BE
    { 0x04BF, 123 }, // U+04BF
    { 0x04C1, 76 }, // U+04C1
    { 0x04C2, 91 }, // U+04C2
    { 0x04C4, 88 }, // U+04C4
    { 0x04C5, 72 }, // U+04C5
    { 0x04C6, 93 }, // U+04C6
    { 0x04C8, 88 }, // U+04C8
    { 0x04CA, 88 }, // U+04CA
    { 0x04CB, 82 }, // U+04CB
    { 0x04CC, 102 }, // U+04CC
    { 0x04CE, 94 }, // U+04CE
    { 0x04D0, 74 }, // U+04D0
    { 0x04D1, 85 }, // U+04D1
    { 0x04D2, 74 }, // U+04D2
    { 0x04D3, 85 }, // U+04D3
    { 0x04D4, 124 }, // U+04D4
    { 0x04D5, 125 }, // U+04D5
    { 0x04D7, 90 }, // U+04D7
    { 0x04D8, 126 }, // U+04D8
    { 0x04D9, 127 }, // U+04D9
    { 0x04DA, 126 }, // U+04DA
    { 0x04DB, 127 }, // U+04DB
    { 0x04DC, 76 }, // U+04DC
    { 0x04DD, 91 }, // U+04DD
    { 0x04DE, 77 }, // U+04DE
    { 0x04DF, 92 }, // U+04DF
    { 0x04E0, 128 }, // U+04E0
    { 0x04E1, 129 }, // U+04E1
    { 0x04E3, 88 }, // U+04E3
    { 0x04E5, 88 }, // U+04E5
    { 0x04E6, 79 }, // U+04E6
    { 0x04E7, 95 }, // U+04E7
    { 0x04E8, 79 }, // U+04E8
    { 0x04E9, 95 }, // U+04E9
    { 0x04EA, 79 }, // U+04EA
    { 0x04EB, 95 }, // U+04EB
    { 0x04EC, 83 }, // U+04EC
    { 0x04ED, 92 }, // U+04ED
    { 0x04EE, 73 }, // U+04EE
    { 0x04EF, 99 }, // U+04EF
    { 0x04F0, 73 }, // U+04F0
    { 0x04F1, 99 }, // U+04F1
    { 0x04F2, 73 }, // U+04F2
    { 0x04F3, 99 }, // U+04F3
    { 0x04F4, 82 }, // U+04F4
    { 0x04F5, 102 }, // U+04F5
    { 0x04F7, 88 }, // U+04F7
    { 0x04F9, 88 }, // U+04F9
    { 0x05D0, 130 }, // U+05D0
    { 0x05D1, 131 }, // U+05D1
    { 0x05D2, 132 }, // U+05D2
    { 0x05D3, 133 }, // U+05D3
    { 0x05D4, 134 }, // U+05D4
    { 0x05D6, 135 }, // U+05D6
    { 0x05D7, 136 }, // U+05D7
    { 0x05D8, 137 }, // U+05D8
    { 0x05D9, 138 }, // U+05D9
    { 0x05DA, 139 }, // U+05DA
    { 0x05DB, 140 }, // U+05DB
    { 0x05DC, 141 }, // U+05DC
    { 0x05DD, 142 }, // U+05DD
    { 0x05DE, 143 }, // U+05DE
    { 0x05E1, 144 }, // U+05E1
    { 0x05E2, 145 }, // U+05E2
    { 0x05E3, 146 }, // U+05E3
    { 0x05E4, 147 }, // U+05E4
    { 0x05E5, 148 }, // U+05E5
    { 0x05E7, 149 }, // U+05E7
    { 0x05E8, 150 }, // U+05E8
    { 0x05E9, 151 }, // U+05E9
    { 0x05EA, 152 }, // U+05EA
    { 0x1EF2, 26 }, // U+1EF2
    { 0x1EF3, 46 }, // U+1EF3
    { 0x2013, 8 }, // U+2013
    { 0x2014, 8 }, // U+2014
    { 0x2018, 153 }, // U+2018
    { 0x2019, 154 }, // U+2019
    { 0x201A, 155 }, // U+201A
    { 0x201C, 153 }, // U+201C
    { 0x201D, 154 }, // U+201D
    { 0x201E, 155 }, // U+201E
    { 0x2026, 7 }, // U+2026
    { 0x2039, 50 }, // U+2039
    { 0x203A, 51 }, // U+203A
    { 0xFB00, 35 }, // U+FB00
    { 0xFB01, 35 }, // U+FB01
    { 0xFB02, 35 }, // U+FB02
    { 0xFB03, 35 }, // U+FB03
    { 0xFB04, 35 }, // U+FB04
    { 0xFB8E, 156 }, // U+FB8E
    { 0xFBA6, 156 }, // U+FBA6
    { 0xFBAA, 156 }, // U+FBAA
    { 0xFE8D, 157 }, // U+FE8D
    { 0xFEA3, 156 }, // U+FEA3
    { 0xFEA9, 158 }, // U+FEA9
    { 0xFEB1, 158 }, // U+FEB1
    { 0xFEB3, 158 }, // U+FEB3
    { 0xFEB9, 158 }, // U+FEB9
    { 0xFEBB, 158 }, // U+FEBB
    { 0xFEC1, 158 }, // U+FEC1
    { 0xFEC3, 158 }, // U+FEC3
    { 0xFEC9, 159 }, // U+FEC9
    { 0xFECB, 157 }, // U+FECB
    { 0xFECD, 159 }, // U+FECD
    { 0xFEDB, 156 }, // U+FEDB
    { 0xFEDF, 157 }, // U+FEDF
    { 0xFEE1, 156 }, // U+FEE1
    { 0xFEE3, 156 }, // U+FEE3
    { 0xFEE9, 156 }, // U+FEE9
    { 0xFEEB, 156 }, // U+FEEB
};

static const int8_t ubuntu_12_boldKernMatrix[] = {
       0,    0,    0,    0,    0,    0,    0,    0,    0,    0,    0,    0,  -20,    0,    0,    0,  -35,    0,    0,    0,    0,    0,    7,    8,    0,    0,    0,    0,    0,    0,    0,    0,    0,    0,    0,    0,    0,    0,    0,    0,    0,    0,    0,    0,    0,    0,    0,    0,    0,    0,    0,  -43,    0,    0,    0,    0,    0,    0,    0,    0,    0,    0,    0,    0,    0,    0,    0,    7,    0,    0,  -38,  -25,    0,  -23,  -23,    0,    0,    0,    0,   -6,    0,    5,    0,    0,   -6,    0,    0,    0,  -17,  -12,    0,    0,  -18,   -6,  -12,    0,  -13,    0,    0,  -19,    0,    0,    0,    0,    0,    0,   -8,    4,  -10,   -6,    0,    0,    0,    4,    0,    0,    0,  -12,    0,    0,    0,    0,    0,  -40,   -6,    0,   -5,    0,    0,    0,    0,    0,    0,    0,    0,    0,    0,    0,    0,    0,    0,    0,    0,    0,    0,    0,    0,    0,    0,    0,    0,    0,    0,    0,    0,    0,    0,    0,    0,
       0,    0,    0,    0,    0,    0,    0,    0,    0,    0,    0,    0,   12,    0,   -8,   -8,    8,    0,   -8,    0,  -32,    0,  -28,  -16,    4,  -40,    0,    0,    0,    0,   -8,    0,   -8,   -8,    0,    0,    0,    0,    0,    0,    0,    0,  -15,  -12,    4,  -15,    0,    0,    0,    0,    0,    0,    0,   -8,    0,    0,    0,    0,    0,    0,    0,    0,    0,    0,    0,    0,    0,    0,    0,    0,    0,    0,    0,    0,    0,    0,    0,    0,    0,    0,    0,    0,    0,    0,    0,    0,    0,    0,    0,    0,    0,    0,    0,    0,    0,    0,    0,    0,    0,    0,    0,    0,    0,    0,    0,    0,    0,    0,    0,    0,    0,    0,    0,    0,    0,    0,    0,    0,    0,    0,    0,    0,    0,    0,    0,    0,    0,    0,    0,    0,    0,    0,    0,    0,    0,    0,    0,    0,    0,    0,    0,    0,    0,    0,    0,    0,    0,    0,    0,    0,    0,    0,    0,    0,    0,    0,    0,    0,    0,
       0,    0,    0,  -12,   32,   -8,    0,   -4,    0,    0,    0,  -12,    0,    0,   -8,   -8,    0,    0,   -8,    0,   10,    0,   12,   10,   10,   13,    4,    0,    0,    0,  -10,    0,  -12,  -12,   -5,    0,    5,   34,   -8,   -7,    0,  -10,   -4,   -4,    0,   12,    0,    0,    0,    0,    0,    0,   -6,  -10,    5,    5,    5,  -12,    5,    5,    5,    0,    0,    0,    0,    0,    0,   10,   -8,   -5,    0,    0,    7,    0,    8,    8,    0,    0,   -8,  -12,   10,    0,    0,    0,  -10,   -5,   -6,   -6,    8,   -9,    0,    0,    0,   -4,  -12,    0,   -9,    0,   12,  -14,    0,   -8,   -6,    0,    0,   -6,    0,    7,   -7,   -7,    5,    5,   34,    7,    0,    0,  -13,  -12,   10,    0,    0,    0,   -6,    5,   -7,   -5,   -8,    0,    5,    0,    0,    0,    0,    0,    0,    0,    0,    0,    0,    0,    0,    0,    0,    0,    0,    0,    0,    0,    0,    0,    0,    0,    0,    0,    0,    0,    0,    0,    0,
       0,    0,    0,   -9,    0,   -8,    0,    9,    0,    0,    0,   -5,   -8,    0,    0,    0,   -5,    0,    0,    0,   -8,    0,  -13,   -5,   -8,  -16,   -4,    0,    0,    0,    0,    0,    0,    0,    0,    0,    0,    0,    0,    0,    0,    0,    0,    0,   -6,    0,    0,    0,    0,    0,    0,   -8,    0,    0,    0,    0,    0,    0,    0,    0,    0,   -9,    0,    0,    0,    0,    0,   -8,    0,   -6,   -5,    0,   -8,   -8,    0,   -6,   -6,    0,    0,    0,   -8,    0,   -8,   -9,    0,    0,    0,    0,    0,    0,    0,    0,    0,    0,    0,    0,    0,    0,    0,    0,   -6,    0,    0,    0,    0,    0,    0,   -7,    0,    0,    0,    0,    0,    0,    0,    0,    0,    0,  -13,    0,    0,    0,    0,    0,    0,    0,    0,   -7,   -7,    0,    0,    0,    0,    0,    0,    0,    0,    0,    0,    0,    0,    0,    0,    0,    0,    0,    0,    0,    0,    0,    0,    0,    0,    0,    0,    0,    0,    0,    0,
       0,    0,    0,    0,    0,    0,    0,    0,    0,    0,    0,   -8,  -32,    0,    0,    0,  -42,   -4,    0,    0,    0,    0,    0,    0,   -9,   -4,    0,    0,    0,    0,   -7,    0,  -12,  -12,    0,    0,    0,   -4,    0,   -4,    0,    0,    6,    6,    5,    6,    0,    0,    0,    0,    0,  -56,    0,   -7,    0,    0,    0,  -19,    0,    0,    0,   -5,    0,    0,    0,    0,    0,    0,    0,    0,  -42,  -30,   -5,  -32,  -29,   -7,   -6,   -4,    0,    0,   -9,    0,   -6,    0,   -7,    0,    0,    0,  -18,   -6,    0,    0,  -18,   -6,  -12,    0,   -6,    0,    0,   -7,    5,    0,    0,    0,    0,    0,   -5,    0,   -4,   -4,    0,    0,   -4,    0,    0,    0,    0,   -6,    0,    0,    0,    0,    0,  -29,   -4,   -5,    0,   -4,    0,    0,    0,    0,    0,    0,    0,    0,    0,    0,    0,    0,    0,    0,    0,    0,    0,    0,    0,    0,    0,    0,    0,    0,    0,    0,    0,    0,    0,    0,    0,
       0,    0,    0,    0,    0,    0,    0,    0,    0,    0,    0,    0,   12,    0,  -16,  -16,   16,    0,  -16,    5,  -32,  -12,  -33,  -17,   10,  -38,    9,    0,    0,    0,  -12,    0,  -12,  -12,    0,    0,    0,    0,    0,    0,    0,    0,  -23,  -22,    8,  -23,    7,    0,    0,    0,    0,   10,    0,  -12,    0,    0,    0,   -8,    0,    0,    0,    0,    0,    0,    0,    0,    0,  -32,   -6,    5,   16,    9,    0,   12,   11,    5,    6,    0,  -16,  -16,   10,  -30,    0,    0,    0,    0,    0,    0,   11,    0,    0,    6,   11,    0,  -12,    0,    0,  -15,  -12,    0,    8,  -18,    0,   -8,    6,    0,    0,    0,    0,    0,    0,    0,    0,    0,   -6,    0,   -7,    0,  -26,  -13,    0,  -33,  -19,   12,    0,   -4,    0,    5,  -16,    0,    0,    0,    0,    0,    0,    0,    0,    0,    0,    0,    0,    0,    0,    0,    0,    0,    0,    0,    0,    0,    0,    0,    0,    0,    0,    0,    0,    0,    0,
       0,    0,    0,    0,    0,    0,    0,    0,    0,    0,    0,    0,    0,    0,    8,    8,   -6,    0,    8,    0,  -22,    0,  -12,    0,  -13,  -27,   -4,    0,    0,    0,    6,    0,    5,    5,    8,    0,    0,    0,    0,    0,    0,    0,    0,    3,   -8,    0,    0,    0,    0,    0,    0,  -18,    0,    6,    0,    0,    0,    5,    0,    0,    0,    7,    0,    0,    0,    0,    0,  -22,    9,   -4,   -6,    0,  -10,    0,    0,  -12,    0,    0,    8,    8,  -13,    0,   -6,    0,    6,   10,    5,    5,    0,   10,   -9,    0,    0,    0,    5,    5,   10,    0,    0,   10,   -8,    8,    5,    0,    0,    5,    4,    0,   12,    0,    5,    5,    5,    0,    0,    6,    8,   10,  -18,    0,    5,    0,   11,    0,    0,    9,   10,   -6,    0,    0,    0,    0,    0,    0,    0,    0,    0,    0,    0,    0,    0,    0,    0,    0,    0,    0,    0,    0,    0,    0,    0,    0,    0,    0,    0,    0,    0,    0,    0,
       0,    0,    0,    0,    0,    0,    0,    0,    0,    0,    0,  -14,  -26,    0,  -10,  -10,  -28,    0,  -10,    0,   17,    0,   19,   17,   13,   20,    7,    0,    0,    0,  -16,    7,  -23,  -23,    0,    7,    6,    6,  -13,  -12,    0,   -8,    0,    0,    0,    0,   -4,    0,    0,    0,    0,  -48,    0,  -16,    6,    6,    6,  -19,    6,    6,    6,    0,    0,    0,    0,    0,    0,   17,   -7,    0,  -28,  -21,    9,  -26,  -21,   11,    0,    0,  -10,   -7,   13,    5,    0,   -7,  -16,   -5,   -6,   -6,  -18,  -13,    0,    0,  -18,  -11,  -23,   -6,  -13,    0,    0,  -14,    0,    0,   -6,    0,    0,   -5,  -11,   10,  -11,  -12,    6,    6,    6,   10,    0,    0,   -7,  -13,   12,    0,    0,    0,    0,  -22,   -8,    0,   -7,    0,   -4,    0,    0,    0,    0,    0,    0,    0,    0,    0,    0,    0,    0,    0,    0,    0,    0,    0,    0,    0,    0,    0,    0,    0,    0,    0,    0,    0,    0,    0,    0,
       0,    0,    0,    0,    0,    0,    0,    0,    0,    0,    0,    0,    7,    0,    0,    0,   10,    0,    0,    0,  -25,    0,   -5,    0,    6,  -15,    5,    0,    0,    0,    0,    0,    0,    0,    0,    0,    0,    0,    0,    0,    0,    0,    6,    6,    5,    6,    4,    0,    0,    0,    0,    6,    0,    0,    0,    0,    0,    0,    0,    0,    0,    0,    0,    0,    0,    0,    0,  -25,    0,    0,   10,    0,    0,    7,    0,    0,    0,    0,    0,    0,    6,    0,    0,    0,    0,    0,    0,    0,    0,    0,    0,    0,    6,    0,    0,    0,    0,    0,    0,    0,    5,    0,    0,    0,    0,    0,    0,    0,    0,    0,    0,    0,    0,    0,    6,    6,    0,    0,   -9,    0,    0,    6,    6,    8,    0,    0,    0,    0,    0,    0,    0,    0,    0,    0,    0,    0,    0,    0,    0,    0,    0,    0,    0,    0,    0,    0,    0,    0,    0,    0,    0,    0,    0,    0,    0,    0,    0,    0,    0,
       0,    0,    0,    0,    0,    0,    0,    0,    0,    0,    0,    0,   -8,    0,    0,    0,   -7,    0,    0,    0,  -14,    0,  -12,   -4,  -10,  -17,   -5,    0,    0,    0,    0,    0,    0,    0,    0,    0,    0,    0,    0,    0,    0,    0,    0,    0,   -4,    0,    0,    0,    0,    0,    0,  -22,    0,    0,    0,    0,    0,    0,    0,    0,    0,   -6,    0,    0,    0,    0,    0,  -14,    0,   -4,   -7,    0,  -10,   -8,    0,  -13,   -7,    0,    0,    0,  -10,    0,  -10,   -7,    0,    0,    0,    0,    0,    0,    0,    0,    0,    0,    0,    0,    0,    0,    0,    0,   -4,    0,    0,    0,    0,    0,    0,   -6,    0,    0,    0,    0,    0,    0,    0,    0,    0,    0,  -14,    0,    0,    0,    0,   -7,    0,    0,    0,   -8,    0,    0,    0,    0,    0,    0,    0,    0,    0,    0,    0,    0,    0,    0,    0,    0,    0,    0,    0,    0,    0,    0,    0,    0,    0,    0,    0,    0,    0,    0,    0,
       0,  -20,    0,   -7,    0,  -32,   12,    0,   10,    8,  -13,    0,   15,    0,  -10,  -10,   13,    0,  -10,    8,  -33,   -8,  -26,  -16,   15,  -40,   10,    0,  -32,  -10,   -4,    0,   -4,   -4,    0,    0,    0,    0,    0,    4,    0,    0,  -14,  -10,   10,  -14,    6,   -4,    0,   -6,    5,    8,    0,   -4,    0,    0,    0,   -6,    0,    0,    0,    0,    0,    0,    0,  -18,    0,    0,    0,    0,    0,    0,    0,    0,    0,    0,    0,    0,    0,    0,    0,    0,    0,    0,    0,    0,    0,    0,    0,    0,    0,    0,    0,    0,    0,    0,    0,    0,    0,    0,    0,    0,    0,    0,    0,    0,    0,    0,    0,    0,    0,    0,    0,    0,    0,    0,    0,    0,    0,    0,    0,    0,    0,    0,    0,    0,    0,    0,    0,    0,    0,    0,    0,    0,    0,    0,    0,    0,    0,    0,    0,    0,    0,    0,    0,    0,    0,    0,    0,    0,    0,    0,  -30,  -26,   17,    0,    0,    0,    0,
       0,    0,    0,    0,   -5,   -5,    0,    4,  -12,    4,   -8,    0,   -4,    0,    0,    0,    0,    0,    0,    0,   -7,    0,  -12,   -4,   -9,  -14,    0,    0,   -8,   -9,    0,    0,    0,    0,    0,    0,    0,    0,    0,    0,    0,    0,   -4,    0,   -3,   -4,   -4,    0,   -4,    4,    4,  -10,    0,    0,    0,    0,    0,    0,    0,    0,    0,    0,    0,    0,    0,   -6,    0,    0,    0,    0,    0,    0,    0,    0,    0,    0,    0,    0,    0,    0,    0,    0,    0,    0,    0,    0,    0,    0,    0,    0,    0,    0,    0,    0,    0,    0,    0,    0,    0,    0,    0,    0,    0,    0,    0,    0,    0,    0,    0,    0,    0,    0,    0,    0,    0,    0,    0,    0,    0,    0,    0,    0,    0,    0,    0,    0,    0,    0,    0,    0,    0,    0,    0,    0,    0,    0,    0,    0,    0,    0,    0,    0,    0,    0,    0,    0,    0,    0,    0,    0,    0,    0,    0,    0,    4,    0,    0,    0,    0,
       0,    0,    3,   -5,    6,   -4,    9,   -4,    5,    8,    6,    0,   11,    0,  -10,  -10,   12,    0,  -10,    7,    8,    0,    8,    8,   10,   10,    7,    0,    8,   10,    4,    0,   -5,   -5,    0,    0,    0,    0,    0,    2,    0,   -5,    0,    0,   10,    0,    6,    0,    0,  -10,    6,   10,    0,    4,    0,    0,    0,   -4,    0,    0,    0,    0,    0,    0,    0,    0,    0,    0,    0,    0,    0,    0,    0,    0,    0,    0,    0,    0,    0,    0,    0,    0,    0,    0,    0,    0,    0,    0,    0,    0,    0,    0,    0,    0,    0,    0,    0,    0,    0,    0,    0,    0,    0,    0,    0,    0,    0,    0,    0,    0,    0,    0,    0,    0,    0,    0,    0,    0,    0,    0,    0,    0,    0,    0,    0,    0,    0,    0,    0,    0,    0,    0,    0,    0,    0,    0,    0,    0,    0,    0,    0,    0,    0,    0,    0,    0,    0,    0,    0,    0,    0,    0,    8,   14,   16,    0,    0,    0,    0,
       0,    0,    0,    0,   -8,    0,  -16,    8,  -21,    0,   -8,    0,  -10,    0,    0,    0,   -9,    0,    0,    0,   -9,    0,  -10,   -4,  -15,  -18,   -4,    0,    0,   -8,    0,    0,    0,    0,    0,    0,    0,    0,    0,    0,    0,    0,    0,    0,    0,    0,    0,    0,   -6,    4,    0,  -24,    0,    0,    0,    0,    0,    0,    0,    0,    0,    0,    0,    0,   -6,   -8,    0,    0,    0,    0,    0,    0,    0,    0,    0,    0,    0,    0,    0,    0,    0,    0,    0,    0,    0,    0,    0,    0,    0,    0,    0,    0,    0,    0,    0,    0,    0,    0,    0,    0,    0,    0,    0,    0,    0,    0,    0,    0,    0,    0,    0,    0,    0,    0,    0,    0,    0,    0,    0,    0,    0,    0,    0,    0,    0,    0,    0,    0,    0,    0,    0,    0,    0,    0,    0,    0,    0,    0,    0,    0,    0,    0,    0,    0,    0,    0,    0,    0,    0,    0,    0,    0,    0,    4,   -5,    0,    0,    0,    0,
       0,    0,    0,    0,    0,    0,    0,    0,    0,    0,    0,    0,    0,    0,    0,    0,   10,    0,   -7,    0,    0,    0,    4,    0,    8,    4,    4,    0,    0,    0,   -5,    0,   -5,   -5,    0,    0,    0,    0,    0,    0,    0,    0,    0,    0,    8,    0,    0,    0,    0,    0,    5,    7,    0,   -5,    0,    0,    0,   -4,    0,    0,    0,    4,    0,    0,    0,    0,    0,    0,    0,    0,    0,    0,    0,    0,    0,    0,    0,    0,    0,    0,    0,    0,    0,    0,    0,    0,    0,    0,    0,    0,    0,    0,    0,    0,    0,    0,    0,    0,    0,    0,    0,    0,    0,    0,    0,    0,    0,    0,    0,    0,    0,    0,    0,    0,    0,    0,    0,    0,    0,    0,    0,    0,    0,    0,    0,    0,    0,    0,    0,    0,    0,    0,    0,    0,    0,    0,    0,    0,    0,    0,    0,    0,    0,    0,    0,    0,    0,    0,    0,    0,    0,    0,    5,    7,   16,    0,    0,    0,    0,
       0,    0,   -8,   -6,    8,    0,  -25,    6,  -31,    0,    8,   -4,  -19,    0,   -3,   -3,  -30,   -4,   -3,    0,    8,    0,   10,    8,    5,   11,    0,    0,   12,   10,  -10,    0,   -4,   -4,    0,    0,    0,    0,   -8,   -5,    0,   -8,    0,    0,   -4,    0,   -8,    0,    0,    0,   -4,  -47,    0,  -10,    0,    0,    0,   -4,    0,    0,    0,    0,    0,    0,    0,    0,    0,    0,    0,    0,    0,    0,    0,    0,    0,    0,    0,    0,    0,    0,    0,    0,    0,    0,    0,    0,    0,    0,    0,    0,    0,    0,    0,    0,    0,    0,    0,    0,    0,    0,    0,    0,    0,    0,    0,    0,    0,    0,    0,    0,    0,    0,    0,    0,    0,    0,    0,    0,    0,    0,    0,    0,    0,    0,    0,    0,    0,    0,    0,    0,    0,    0,    0,    0,    0,    0,    0,    0,    0,    0,    0,    0,    0,    0,    0,    0,    0,    0,    0,    0,    0,    0,   16,   15,  -25,    0,    0,    0,    0,
       0,    0,    0,    0,    0,  -10,    8,    7,    0,    4,    0,    0,    0,    0,    0,    0,    0,    0,    0,    0,   -4,    0,   -8,   -8,    0,   -8,    0,    0,    0,    0,    0,    0,    0,    0,    0,    0,    0,    0,    0,    0,    0,    0,   -4,    0,    0,   -4,    0,    0,    0,    0,    0,    0,    0,    0,    0,    0,    0,    0,    0,    0,    0,    0,    0,    0,    0,    0,    0,    0,    0,    0,    0,    0,    0,    0,    0,    0,    0,    0,    0,    0,    0,    0,    0,    0,    0,    0,    0,    0,    0,    0,    0,    0,    0,    0,    0,    0,    0,    0,    0,    0,    0,    0,    0,    0,    0,    0,    0,    0,    0,    0,    0,    0,    0,    0,    0,    0,    0,    0,    0,    0,    0,    0,    0,    0,    0,    0,    0,    0,    0,    0,    0,    0,    0,    0,    0,    0,    0,    0,    0,    0,    0,    0,    0,    0,    0,    0,    0,    0,    0,    0,    0,    0,   -4,    0,    9,    0,    0,    0,    0,
       0,    0,    0,    0,    0,    0,    0,    0,   -4,    0,    0,    0,    0,    0,    0,    0,    0,    0,    0,    0,    0,    0,    0,    0,    0,    0,    0,    0,    0,    0,    0,    0,    0,    0,    0,    0,    0,    0,    0,    0,    0,    0,    0,    0,    0,    0,    0,    0,    0,    0,    0,    0,    0,    0,    0,    0,    0,    0,    0,    0,    0,    0,    0,    0,    0,    0,    0,    0,    0,    0,    0,    0,    0,    0,    0,    0,    0,    0,    0,    0,    0,    0,    0,    0,    0,    0,    0,    0,    0,    0,    0,    0,    0,    0,    0,    0,    0,    0,    0,    0,    0,    0,    0,    0,    0,    0,    0,    0,    0,    0,    0,    0,    0,    0,    0,    0,    0,    0,    0,    0,    0,    0,    0,    0,    0,    0,    0,    0,    0,    0,    0,    0,    0,    0,    0,    0,    0,    0,    0,    0,    0,    0,    0,    0,    0,    0,    0,    0,    0,    0,    0,    0,    0,    0,    0,    0,    0,    0,    0,
       0,    0,    0,    0,    0,    0,    0,    0,  -12,    0,    0,    0,   -8,    0,    0,    0,   -5,    0,    0,    0,    0,    0,    0,    0,    0,    0,    0,    0,    4,    0,    0,    0,    0,    0,    0,    0,    0,    0,    0,    0,    0,    0,    0,    0,    0,    0,    0,    0,    0,    0,    4,  -16,    0,    0,    0,    0,    0,    0,    0,    0,    0,    0,    0,    0,    0,    0,    0,    0,    0,    0,    0,    0,    0,    0,    0,    0,    0,    0,    0,    0,    0,    0,    0,    0,    0,    0,    0,    0,    0,    0,    0,    0,    0,    0,    0,    0,    0,    0,    0,    0,    0,    0,    0,    0,    0,    0,    0,    0,    0,    0,    0,    0,    0,    0,    0,    0,    0,    0,    0,    0,    0,    0,    0,    0,    0,    0,    0,    0,    0,    0,    0,    0,    0,    0,    0,    0,    0,    0,    0,    0,    0,    0,    0,    0,    0,    0,    0,    0,    0,    0,    0,    0,    6,    6,    0,    0,    0,    0,    0,
       0,    0,   -8,   -8,   10,  -16,   12,  -20,    9,    4,    0,   -6,   10,    0,  -22,  -22,    8,    0,  -22,    0,    9,    0,    7,    5,   14,    7,   10,    0,    8,   11,   -4,    0,  -16,  -16,    0,    0,    0,    0,    0,    4,   -4,  -14,  -18,  -18,   14,  -18,    8,   -5,    0,  -20,    0,   10,    0,   -4,    0,    0,   17,  -14,   14,   12,    4,    0,    0,   -7,    0,    0,    0,    0,    0,    0,    0,    0,    0,    0,    0,    0,    0,    0,    0,    0,    0,    0,    0,    0,    0,    0,    0,    0,    0,    0,    0,    0,    0,    0,    0,    0,    0,    0,    0,    0,    0,    0,    0,    0,    0,    0,    0,    0,    0,    0,    0,    0,    0,    0,    0,    0,    0,    0,    0,    0,    0,    0,    0,    0,    0,    0,    0,    0,    0,    0,    0,    0,    0,    0,    0,    0,    0,    0,    0,    0,    0,    0,    0,    0,    0,    0,    0,    0,    0,    0,    0,    0,    0,    0,   12,    0,    0,    0,    0,
       4,  -39,    4,    0,    0,  -41,   16,   -8,    7,   10,  -14,    0,   12,    0,   -8,   -8,   12,    4,   -8,    7,  -31,   -4,  -34,  -20,   12,  -40,    7,    0,  -32,  -13,    5,    0,    0,    0,    0,    0,    0,    0,    0,    3,    0,    0,  -19,  -12,   12,  -19,    6,   -6,   -5,   -8,    8,   12,    0,    5,    0,    0,    0,    0,    0,    0,    0,    0,    0,    0,    0,  -20,    0,    0,    0,    0,    0,    0,    0,    0,    0,    0,    0,    0,    0,    0,    0,    0,    0,    0,    0,    0,    0,    0,    0,    0,    0,    0,    0,    0,    0,    0,    0,    0,    0,    0,    0,    0,    0,    0,    0,    0,    0,    0,    0,    0,    0,    0,    0,    0,    0,    0,    0,    0,    0,    0,    0,    0,    0,    0,    0,    0,    0,    0,    0,    0,    0,    0,    0,    0,    0,    0,    0,    0,    0,    0,    0,    0,    0,    0,    0,    0,    0,    0,    0,    0,    0,    0,  -26,  -22,   19,    0,    0,    0,    0,
       0,    0,    0,    0,    0,   -4,    0,    0,   -4,    0,   -6,    0,    0,    0,    0,    0,    0,    0,    0,    0,   -4,    0,   -4,    0,    0,   -6,    0,    0,   -8,    0,    0,    0,    0,    0,    0,    0,    0,    0,    0,    0,    0,    0,    0,    0,    0,    0,    0,    0,    0,    0,    0,    0,    0,    0,    0,    0,    0,    0,    0,    0,    0,    0,    0,    0,    0,    0,    0,    0,    0,    0,    0,    0,    0,    0,    0,    0,    0,    0,    0,    0,    0,    0,    0,    0,    0,    0,    0,    0,    0,    0,    0,    0,    0,    0,    0,    0,    0,    0,    0,    0,    0,    0,    0,    0,    0,    0,    0,    0,    0,    0,    0,    0,    0,    0,    0,    0,    0,    0,    0,    0,    0,    0,    0,    0,    0,    0,    0,    0,    0,    0,    0,    0,    0,    0,    0,    0,    0,    0,    0,    0,    0,    0,    0,    0,    0,    0,    0,    0,    0,    0,    0,    0,   -8,   -6,    0,    0,    0,    0,    0,
       0,    0,    0,    0,   -8,    0,  -16,    8,  -21,    0,   -8,    0,  -10,    0,    0,    0,   -9,    0,    0,    0,   -9,    0,  -10,   -4,  -15,  -18,   -4,    0,    0,   -8,    0,    0,    0,    0,    0,    0,    0,    0,    0,    0,    0,    0,    0,    0,    0,    0,    0,    0,   -5,    4,    0,  -24,    0,    0,    0,    0,    0,    0,    0,    0,    0,    0,    0,    0,   -4,   -9,    0,    0,    0,    0,    0,    0,    0,    0,    0,    0,    0,    0,    0,    0,    0,    0,    0,    0,    0,    0,    0,    0,    0,    0,    0,    0,    0,    0,    0,    0,    0,    0,    0,    0,    0,    0,    0,    0,    0,    0,    0,    0,    0,    0,    0,    0,    0,    0,    0,    0,    0,    0,    0,    0,    0,    0,    0,    0,    0,    0,    0,    0,    0,    0,    0,    0,    0,    0,    0,    0,    0,    0,    0,    0,    0,    0,    0,    0,    0,    0,    0,    0,    0,    0,    0,    0,    0,    4,   -5,    0,    0,    0,    0,
       0,    0,   -8,    0,   -3,    0,  -42,    0,  -32,    5,    0,    0,  -27,    0,    0,    0,  -36,    0,    0,    0,    5,    0,    0,    0,   -9,   -4,    0,   -6,    0,   -5,   -8,    0,   -6,   -6,    0,    0,    0,    0,    0,    0,    0,    0,    8,    8,    5,    8,    0,    0,   -4,   -4,    5,  -50,    0,   -8,    0,    0,    0,   -9,    0,    0,    0,    0,    0,    0,    0,    0,    0,    0,    0,    0,    0,    0,    0,    0,    0,    0,    0,    0,    0,    0,    0,    0,    0,    0,    0,    0,    0,    0,    0,    0,    0,    0,    0,    0,    0,    0,    0,    0,    0,    0,    0,    0,    0,    0,    0,    0,    0,    0,    0,    0,    0,    0,    0,    0,    0,    0,    0,    0,    0,    0,    0,    0,    0,    0,    0,    0,    0,    0,    0,    0,    0,    0,    0,    0,    0,    0,    0,    0,    0,    0,    0,    0,    0,    0,    0,    0,    0,    0,    0,    0,    0,    0,   12,   12,  -37,    0,    0,    0,    0,
       0,    0,    0,    0,   -8,    0,  -16,    8,  -21,    0,   -8,    0,  -10,    0,    0,    0,   -9,    0,    0,    0,   -9,    0,  -10,   -4,  -15,  -18,   -4,    0,    0,   -8,    0,    0,    0,    0,    0,    0,    0,    6,    0,    0,    0,    0,    0,    0,    0,    0,    0,    0,    0,    4,    0,  -24,    0,    0,    0,    0,    0,    0,    0,    0,    0,    0,    0,    0,   -4,    0,    0,    0,    0,    0,    0,    0,    0,    0,    0,    0,    0,    0,    0,    0,    0,    0,    0,    0,    0,    0,    0,    0,    0,    0,    0,    0,    0,    0,    0,    0,    0,    0,    0,    0,    0,    0,    0,    0,    0,    0,    0,    0,    0,    0,    0,    0,    0,    0,    0,    0,    0,    0,    0,    0,    0,    0,    0,    0,    0,    0,    0,    0,    0,    0,    0,    0,    0,    0,    0,    0,    0,    0,    0,    0,    0,    0,    0,    0,    0,    0,    0,    0,    0,    0,    0,    0,    0,    4,   -5,    0,    0,    0,    0,
       0,    0,    0,    0,    0,   -4,   10,   -8,    7,    5,   -6,   -4,   12,    0,   -7,   -7,   10,    0,   -7,    0,   -4,   -3,   -6,    0,    8,  -13,    7,    0,   -4,   -9,  -10,    0,  -10,  -10,    0,    0,    0,    0,    0,    0,   -4,   -4,    0,    0,    7,    0,    4,    0,    0,   -9,    0,    8,    0,  -10,    0,    0,    0,  -11,    0,    0,    0,    0,    0,    0,    0,    0,    0,    0,    0,    0,    0,    0,    0,    0,    0,    0,    0,    0,    0,    0,    0,    0,    0,    0,    0,    0,    0,    0,    0,    0,    0,    0,    0,    0,    0,    0,    0,    0,    0,    0,    0,    0,    0,    0,    0,    0,    0,    0,    0,    0,    0,    0,    0,    0,    0,    0,    0,    0,    0,    0,    0,    0,    0,    0,    0,    0,    0,    0,    0,    0,    0,    0,    0,    0,    0,    0,    0,    0,    0,    0,    0,    0,    0,    0,    0,    0,    0,    0,    0,    0,    0,    0,    5,    4,   13,    0,    0,    0,    0,
       0,    0,    0,    0,   -3,  -14,    4,   11,   -6,    0,   -4,    0,    0,    0,    0,    0,    0,    0,    0,    0,   -8,    0,   -4,   -4,    0,   -4,    0,    0,    0,    0,    5,    0,    0,    0,    0,    0,    0,    0,    0,    0,    0,    0,   -6,   -5,   -4,   -6,    0,    0,    0,    6,    0,   -8,    0,    5,    0,    0,    0,    0,    0,    0,    0,    0,    0,    0,    0,    0,    0,    0,    0,    0,    0,    0,    0,    0,    0,    0,    0,    0,    0,    0,    0,    0,    0,    0,    0,    0,    0,    0,    0,    0,    0,    0,    0,    0,    0,    0,    0,    0,    0,    0,    0,    0,    0,    0,    0,    0,    0,    0,    0,    0,    0,    0,    0,    0,    0,    0,    0,    0,    0,    0,    0,    0,    0,    0,    0,    0,    0,    0,    0,    0,    0,    0,    0,    0,    0,    0,    0,    0,    0,    0,    0,    0,    0,    0,    0,    0,    0,    0,    0,    0,    0,    0,   -8,    0,    7,    0,    0,    0,    0,
       0,    0,   -8,   -7,   10,    0,  -32,  -22,  -39,  -24,   10,  -14,  -33,    0,   -9,   -9,  -33,   -4,   -9,    0,   10,    0,   12,   10,   10,   14,    4,    0,   16,   12,  -30,    0,  -30,  -30,    0,    0,    0,    0,  -28,  -29,    0,  -28,  -30,  -30,  -30,  -30,  -28,   -7,    0,  -30,  -26,  -46,    0,  -30,   -4,   11,   18,  -37,   18,   13,   12,    0,  -22,  -24,    0,    0,    0,    0,    0,    0,    0,    0,    0,    0,    0,    0,    0,    0,    0,    0,    0,    0,    0,    0,    0,    0,    0,    0,    0,    0,    0,    0,    0,    0,    0,    0,    0,    0,    0,    0,    0,    0,    0,    0,    0,    0,    0,    0,    0,    0,    0,    0,    0,    0,    0,    0,    0,    0,    0,    0,    0,    0,    0,    0,    0,    0,    0,    0,    0,    0,    0,    0,    0,    0,    0,    0,    0,    0,    0,    0,    0,    0,    0,    0,    0,    0,    0,    0,    0,    0,    0,    0,   11,    8,  -21,    0,    0,    0,    0,
       0,    0,    0,    0,    0,    0,  -12,    0,  -22,    4,    0,    0,   -8,    0,    0,    0,   -8,    0,    0,    0,    0,    0,    0,    0,    0,    0,    0,    0,    4,    0,    0,    0,    0,    0,    0,    0,    0,    0,    0,    0,    0,    0,    0,    0,    0,    0,    0,    0,    0,    0,    0,  -22,    0,    0,    0,    0,    0,    0,    0,    0,    0,    0,    0,    0,    0,    0,    0,    0,    0,    0,    0,    0,    0,    0,    0,    0,    0,    0,    0,    0,    0,    0,    0,    0,    0,    0,    0,    0,    0,    0,    0,    0,    0,    0,    0,    0,    0,    0,    0,    0,    0,    0,    0,    0,    0,    0,    0,    0,    0,    0,    0,    0,    0,    0,    0,    0,    0,    0,    0,    0,    0,    0,    0,    0,    0,    0,    0,    0,    0,    0,    0,    0,    0,    0,    0,    0,    0,    0,    0,    0,    0,    0,    0,    0,    0,    0,    0,    0,    0,    0,    0,    0,    2,    9,    0,    0,    0,    0,    0,
       0,    7,  -12,  -12,   13,    0,  -32,  -12,  -38,   -5,   11,  -12,  -26,    0,  -10,  -10,  -35,   -4,  -10,    0,   13,    0,   15,   13,   13,   16,    6,    0,   16,   15,  -16,    0,  -22,  -22,    0,    0,    0,    0,   -9,  -15,    0,   -8,    0,    0,    0,    0,   -5,   -7,    0,  -16,    0,  -59,    0,  -16,    8,    0,   20,  -24,   18,   14,   13,    0,   -7,   -8,    0,    0,    0,    0,    0,    0,    0,    0,    0,    0,    0,    0,    0,    0,    0,    0,    0,    0,    0,    0,    0,    0,    0,    0,    0,    0,    0,    0,    0,    0,    0,    0,    0,    0,    0,    0,    0,    0,    0,    0,    0,    0,    0,    0,    0,    0,    0,    0,    0,    0,    0,    0,    0,    0,    0,    0,    0,    0,    0,    0,    0,    0,    0,    0,    0,    0,    0,    0,    0,    0,    0,    0,    0,    0,    0,    0,    0,    0,    0,    0,    0,    0,    0,    0,    0,    0,    0,    0,   11,   15,  -25,    0,    0,    0,    0,
       0,    8,   -8,   -4,   11,    0,  -18,    0,  -25,    0,   10,   -4,  -16,    0,   -4,   -4,  -19,    0,   -4,    0,   11,    0,   13,   11,   11,   14,    4,    0,   16,   13,  -11,    0,  -13,  -13,    0,    0,    0,    0,   -6,   -6,    0,   -6,    5,    5,    4,    5,    0,   -4,    0,   -6,    0,  -21,    0,  -11,    0,    0,   18,  -14,   16,    0,    0,    0,    0,    0,    0,    0,    0,    0,    0,    0,    0,    0,    0,    0,    0,    0,    0,    0,    0,    0,    0,    0,    0,    0,    0,    0,    0,    0,    0,    0,    0,    0,    0,    0,    0,    0,    0,    0,    0,    0,    0,    0,    0,    0,    0,    0,    0,    0,    0,    0,    0,    0,    0,    0,    0,    0,    0,    0,    0,    0,    0,    0,    0,    0,    0,    0,    0,    0,    0,    0,    0,    0,    0,    0,    0,    0,    0,    0,    0,    0,    0,    0,    0,    0,    0,    0,    0,    0,    0,    0,    0,    0,   11,   16,  -10,    0,    0,    0,    0,
       0,    0,   -8,   -8,   10,  -10,   10,  -13,    9,    7,    8,   -6,   14,    0,  -15,  -15,   10,    0,  -15,    7,   10,    0,   12,   10,   14,   13,   10,    0,   12,   12,  -12,    0,  -12,  -12,    0,    0,    0,    0,    0,    4,    0,  -10,  -10,  -10,   10,  -10,    6,   -5,    0,  -15,    0,   14,    0,  -12,    0,    0,   16,   -8,   16,    8,    4,    0,    0,   -6,    0,    0,    0,    0,    0,    0,    0,    0,    0,    0,    0,    0,    0,    0,    0,    0,    0,    0,    0,    0,    0,    0,    0,    0,    0,    0,    0,    0,    0,    0,    0,    0,    0,    0,    0,    0,    0,    0,    0,    0,    0,    0,    0,    0,    0,    0,    0,    0,    0,    0,    0,    0,    0,    0,    0,    0,    0,    0,    0,    0,    0,    0,    0,    0,    0,    0,    0,    0,    0,    0,    0,    0,    0,    0,    0,    0,    0,    0,    0,    0,    0,    0,    0,    0,    0,    0,    0,    0,    4,    6,   14,    0,    0,    0,    0,
       4,    0,  -20,  -16,   14,   -4,  -38,  -27,  -40,  -15,   12,  -24,  -40,    0,  -18,  -18,  -34,   -6,  -18,   -4,   14,    0,   16,   14,   14,   16,    7,    0,   16,   16,  -29,    0,  -35,  -35,    0,    0,    0,    0,  -15,  -28,    0,  -14,   -4,    0,   -8,   -4,  -14,   -6,    0,  -32,  -10,  -58,    0,  -50,    0,    0,   21,  -36,   18,   16,    7,    0,  -12,  -13,    0,    0,    0,    0,    0,    0,    0,    0,    0,    0,    0,    0,    0,    0,    0,    0,    0,    0,    0,    0,    0,    0,    0,    0,    0,    0,    0,    0,    0,    0,    0,    0,    0,    0,    0,    0,    0,    0,    0,    0,    0,    0,    0,    0,    0,    0,    0,    0,    0,    0,    0,    0,    0,    0,    0,    0,    0,    0,    0,    0,    0,    0,    0,    0,    0,    0,    0,    0,    0,    0,    0,    0,    0,    0,    0,    0,    0,    0,    0,    0,    0,    0,    0,    0,    0,    0,    0,    0,   10,   12,  -26,    0,    0,    0,    0,
       0,    0,   -4,    0,    6,    0,   11,   -8,    0,    6,    6,   -4,   10,    0,   -5,   -5,   10,    0,   -5,    5,    6,    0,    8,    6,   10,    9,    5,    0,    8,    8,    4,    0,   -4,   -4,    0,    0,    0,    0,    0,    0,    0,    0,    0,    0,   10,    0,    4,    0,    0,  -12,    6,   10,    0,    4,    0,    4,   14,    0,   13,    4,    0,    0,    0,    0,    0,    0,    0,    0,    0,    0,    0,    0,    0,    0,    0,    0,    0,    0,    0,    0,    0,    0,    0,    0,    0,    0,    0,    0,    0,    0,    0,    0,    0,    0,    0,    0,    0,    0,    0,    0,    0,    0,    0,    0,    0,    0,    0,    0,    0,    0,    0,    0,    0,    0,    0,    0,    0,    0,    0,    0,    0,    0,    0,    0,    0,    0,    0,    0,    0,    0,    0,    0,    0,    0,    0,    0,    0,    0,    0,    0,    0,    0,    0,    0,    0,    0,    0,    0,    0,    0,    0,    0,    8,   12,   17,    0,    0,    0,    0,
       0,    0,    0,    0,    0,    0,    0,    0,    0,    0,    0,    0,  -11,    0,   -8,   -8,  -11,    0,   -8,    0,   12,    0,   14,   12,   12,   15,    6,    0,    0,   36,  -14,    0,  -14,  -14,    0,    0,    4,   38,  -14,  -13,    0,  -14,  -12,  -12,  -12,   12,  -12,    0,    0,    0,    0,  -11,    0,  -14,    4,    4,    4,  -16,    4,    4,    4,    0,    0,    0,    0,    0,    0,   12,  -12,   -6,  -11,  -11,    8,  -11,    8,   10,    0,    0,   -8,  -15,   12,    0,    0,  -13,  -14,   -8,  -10,   -9,    8,  -13,   -9,  -10,   -9,  -11,  -14,    0,  -13,  -10,   12,  -15,  -12,  -14,   -4,  -10,  -10,   -9,  -11,    8,  -11,  -13,    4,    4,   38,    8,   -7,   -6,  -15,  -14,   11,   -9,    0,    0,   -9,    0,  -11,    0,  -11,    0,    5,    0,    0,    0,    0,    0,    0,    0,    0,    0,    0,    0,    0,    0,    0,    0,    0,    0,    0,    0,    0,    0,    0,    0,    0,    0,    0,    0,    0,    0,    0,
       0,    0,    0,    0,    0,    0,    0,    0,    0,    0,    0,    0,    8,  -12,  -16,  -16,    4,  -12,  -16,    0,  -36,  -16,  -44,  -28,    8,  -44,    4,    0,    0,    0,  -10,    0,  -10,  -10,    0,    0,    0,   56,    0,    0,   -4,   -8,  -12,   -8,    0,   24,    0,    0,    0,    0,    0,    8,    0,  -10,    0,    0,    0,   -8,    0,    0,    0,    0,    0,    0,    0,    0,    0,    0,    0,    0,    0,    0,    0,    0,    0,    0,    0,    0,    0,    0,    0,    0,    0,    0,    0,    0,    0,    0,    0,    0,    0,    0,    0,    0,    0,    0,    0,    0,    0,    0,    0,    0,    0,    0,    0,    0,    0,    0,    0,    0,    0,    0,    0,    0,    0,    0,    0,    0,    0,    0,    0,    0,    0,    0,    0,    0,    0,    0,    0,    0,    0,    0,    0,    0,    0,    0,    0,    0,    0,    0,    0,    0,    0,    0,    0,    0,    0,    0,    0,    0,    0,    0,    0,    0,    0,    0,    0,    0,    0,
       0,    0,    0,    0,    0,    0,    0,    0,    0,    0,    0,    0,    0,    0,    0,    0,    0,    0,    0,    0,    0,    0,    0,    0,    0,    0,    0,    0,    0,    0,    0,    0,    0,    0,    0,    0,    0,   13,    0,    0,    0,    0,    0,    0,    0,    0,    0,    0,    0,    0,    0,    0,    0,    0,    0,    0,    0,    0,    0,    0,    0,    0,    0,    0,    0,    0,    0,    0,   -4,   -4,    0,    0,    0,    0,    0,    0,    0,    0,   -4,   -6,    0,    0,   -5,   -5,    0,    0,    0,    0,    0,    0,    0,    0,    0,    0,    0,    0,    0,    0,    0,   -6,    0,    0,    0,    0,    0,    0,    0,    0,    0,    0,    0,    0,   13,    0,    0,    0,   -7,   -6,    0,    0,    0,    0,    0,    0,    0,   -4,    0,    0,   -4,    0,    0,    0,    0,    0,    0,    0,    0,    0,    0,    0,    0,    0,    0,    0,    0,    0,    0,    0,    0,    0,    0,    0,    0,    0,    0,    0,    0,    0,    0,
       0,   -6,    0,    0,   -8,  -12,    0,    0,    0,    0,  -13,    0,    0,    0,    0,    0,    0,    0,    0,    0,    0,    0,    0,    0,    0,    0,    0,    0,  -16,  -14,    0,    0,    0,    0,    0,    0,    0,    0,    0,    0,    0,    0,   -5,   -4,    0,   -5,    0,    0,   -7,    0,    0,    0,    0,    0,    0,    0,    0,    0,    0,    0,    0,    0,    0,    0,    0,    0,    0,    0,    0,    0,    0,    0,    0,    0,    0,    0,    0,    0,    0,    0,    0,    0,    0,    0,    0,    0,    0,    0,    0,    0,    0,    0,    0,    0,    0,    0,    0,    0,    0,    0,    0,    0,    0,    0,    0,    0,    0,    0,    0,    0,    0,    0,    0,    0,    0,    0,    0,    0,    0,    0,    0,    0,    0,    0,    0,    0,    0,    0,    0,    0,    0,    0,    0,    0,    0,    0,    0,    0,    0,    0,    0,    0,    0,    0,    0,    0,    0,    0,    0,    0,    0,    0,   -9,   -9,    5,    0,    0,    0,    0,
       0,   -8,    0,    0,  -10,  -12,  -12,    5,  -11,    0,  -11,    0,    0,    0,    0,    0,    0,    0,    0,    0,    0,    0,    0,    0,    0,    0,    0,    0,  -20,  -14,    0,    0,    0,    0,    0,    0,    0,    0,    0,    0,    0,    0,   -6,   -5,   -7,   -6,   -4,    0,   -8,    4,    0,    0,    0,    0,    0,    0,    0,    0,    0,    0,    0,    0,    0,    0,    0,    0,    0,    0,    0,    0,    0,    0,    0,    0,    0,    0,    0,    0,    0,    0,    0,    0,    0,    0,    0,    0,    0,    0,    0,    0,    0,    0,    0,    0,    0,    0,    0,    0,    0,    0,    0,    0,    0,    0,    0,    0,    0,    0,    0,    0,    0,    0,    0,    0,    0,    0,    0,    0,    0,    0,    0,    0,    0,    0,    0,    0,    0,    0,    0,    0,    0,    0,    0,    0,    0,    0,    0,    0,    0,    0,    0,    0,    0,    0,    0,    0,    0,    0,    0,    0,    0,    0,  -10,  -10,    0,    0,    0,    0,    0,
       0,    0,    0,    0,    0,    0,    7,   -4,    0,    4,   -5,   -4,    0,    0,    0,    0,    0,    0,    0,    0,    0,    0,    0,    0,    0,    0,    0,    0,    0,  -14,  -10,    0,  -10,  -10,    0,    0,    0,    0,    0,    0,    0,    0,    3,    4,    5,    3,    0,    0,    0,   -6,    0,    0,    0,  -10,    0,    0,    0,  -12,    0,    0,    0,    0,    0,    0,    0,    0,    0,    0,    0,    0,    0,    0,    0,    0,    0,    0,    0,    0,    0,    0,    0,    0,    0,    0,    0,    0,    0,    0,    0,    0,    0,    0,    0,    0,    0,    0,    0,    0,    0,    0,    0,    0,    0,    0,    0,    0,    0,    0,    0,    0,    0,    0,    0,    0,    0,    0,    0,    0,    0,    0,    0,    0,    0,    0,    0,    0,    0,    0,    0,    0,    0,    0,    0,    0,    0,    0,    0,    0,    0,    0,    0,    0,    0,    0,    0,    0,    0,    0,    0,    0,    0,    0,    4,   10,   10,    0,    0,    0,    0,
       0,    0,    0,    0,   -8,  -10,    0,    9,    0,    0,  -15,    0,    0,    0,    0,    0,    0,    0,    0,    0,    0,    0,    0,    0,    0,    0,    0,    0,  -24,  -14,    0,    0,    0,    0,    0,    0,    0,    0,    0,    0,    0,    0,   -6,   -4,    0,   -6,    0,    0,    0,    0,    0,    0,    0,    0,    0,    0,    0,    0,    0,    0,    0,    0,    0,    0,    0,    0,    0,    0,    0,    0,    0,    0,    0,    0,    0,    0,    0,    0,    0,    0,    0,    0,    0,    0,    0,    0,    0,    0,    0,    0,    0,    0,    0,    0,    0,    0,    0,    0,    0,    0,    0,    0,    0,    0,    0,    0,    0,    0,    0,    0,    0,    0,    0,    0,    0,    0,    0,    0,    0,    0,    0,    0,    0,    0,    0,    0,    0,    0,    0,    0,    0,    0,    0,    0,    0,    0,    0,    0,    0,    0,    0,    0,    0,    0,    0,    0,    0,    0,    0,    0,    0,    0,    5,    6,    4,    0,    0,    0,    0,
       0,    0,    0,    0,   21,    9,  -24,    0,  -25,    7,   11,    0,    0,    0,    0,    0,    0,    0,    0,    0,    0,    0,    0,    0,    0,    0,    0,    0,   32,   21,   -3,    0,   -3,   -3,    0,    0,    5,    4,    0,    0,    0,    0,   11,   11,    8,   11,    0,    0,   12,   -4,    7,    0,    0,   -3,   13,    5,   26,   -8,   23,   21,   22,    0,    0,    0,    0,    0,    0,    0,    0,    0,    0,    0,    0,    0,    0,    0,    0,    0,    0,    0,    0,    0,    0,    0,    0,    0,    0,    0,    0,    0,    0,    0,    0,    0,    0,    0,    0,    0,    0,    0,    0,    0,    0,    0,    0,    0,    0,    0,    0,    0,    0,    0,    0,    0,    0,    0,    0,    0,    0,    0,    0,    0,    0,    0,    0,    0,    0,    0,    0,    0,    0,    0,    0,    0,    0,    0,    0,    0,    0,    0,    0,    0,    0,    0,    0,    0,    0,    0,    0,    0,    0,    0,   15,   22,  -23,    0,    0,    0,    0,
       0,    0,    0,    0,   -5,  -10,    0,    0,    0,    0,   -9,    0,    0,    0,    0,    0,    0,    0,    0,    0,    0,    0,    0,    0,    0,    0,    0,    0,  -12,  -14,    0,    0,    0,    0,    0,    0,    0,   10,    0,    0,    0,    0,   -6,   -4,    0,   -6,    0,    0,    0,    0,    0,    0,    0,    0,    0,    0,    0,    0,    0,    0,    0,    0,    0,    0,    0,    0,    0,    0,    0,    0,    0,    0,    0,    0,    0,    0,    0,    0,    0,    0,    0,    0,    0,    0,    0,    0,    0,    0,    0,    0,    0,    0,    0,    0,    0,    0,    0,    0,    0,    0,    0,    0,    0,    0,    0,    0,    0,    0,    0,    0,    0,    0,    0,    0,    0,    0,    0,    0,    0,    0,    0,    0,    0,    0,    0,    0,    0,    0,    0,    0,    0,    0,    0,    0,    0,    0,    0,    0,    0,    0,    0,    0,    0,    0,    0,    0,    0,    0,    0,    0,    0,    0,  -10,   -6,    4,    0,    0,    0,    0,
       0,   -8,    0,    0,   -8,  -10,    0,    0,    0,    0,  -15,    0,    0,    0,    0,    0,    0,    0,    0,    0,    0,    0,    0,    0,    0,    0,    0,    0,  -24,  -14,    0,    0,    0,    0,    0,    0,    0,    0,    0,    0,    0,    0,   -6,   -4,    0,   -6,    0,    0,   -7,    0,    0,    0,    0,    0,    0,    0,    0,    0,    0,    0,    0,    0,    0,    0,    0,    0,    0,    0,    0,    0,    0,    0,    0,    0,    0,    0,    0,    0,    0,    0,    0,    0,    0,    0,    0,    0,    0,    0,    0,    0,    0,    0,    0,    0,    0,    0,    0,    0,    0,    0,    0,    0,    0,    0,    0,    0,    0,    0,    0,    0,    0,    0,    0,    0,    0,    0,    0,    0,    0,    0,    0,    0,    0,    0,    0,    0,    0,    0,    0,    0,    0,    0,    0,    0,    0,    0,    0,    0,    0,    0,    0,    0,    0,    0,    0,    0,    0,    0,    0,    0,    0,    0,  -10,   -6,    5,    0,    0,    0,    0,
       0,    0,    0,    0,    4,  -10,    0,    0,    0,    0,  -15,    0,    0,    0,    0,    0,    0,    0,    0,    0,    0,    0,    0,    0,    0,    0,    0,    0,  -24,  -14,    0,    0,    0,    0,    0,    0,    0,    0,    0,    0,    0,    0,   -6,   -4,    0,   -6,    0,    0,    0,    0,    0,    0,    0,    0,    0,    0,    0,    0,    0,    0,    0,    0,    0,    0,    0,    0,    0,    0,    0,    0,    0,    0,    0,    0,    0,    0,    0,    0,    0,    0,    0,    0,    0,    0,    0,    0,    0,    0,    0,    0,    0,    0,    0,    0,    0,    0,    0,    0,    0,    0,    0,    0,    0,    0,    0,    0,    0,    0,    0,    0,    0,    0,    0,    0,    0,    0,    0,    0,    0,    0,    0,    0,    0,    0,    0,    0,    0,    0,    0,    0,    0,    0,    0,    0,    0,    0,    0,    0,    0,    0,    0,    0,    0,    0,    0,    0,    0,    0,    0,    0,    0,    0,  -10,   -6,    4,    0,    0,    0,    0,
       0,    0,    0,    0,    5,  -10,    0,    0,    0,    0,  -15,    0,    0,    0,    0,    0,    0,    0,    0,    0,    0,    0,    0,    0,    0,    0,    0,    0,  -24,    4,    0,    0,    0,    0,    0,    0,    0,   12,    0,    0,    0,    0,   -6,   -4,    0,   -6,    0,    0,    0,    0,    0,    0,    0,    0,    0,    0,    0,    0,    0,    0,    0,    0,    0,    0,    0,    0,    0,    0,    0,    0,    0,    0,    0,    0,    0,    0,    0,    0,    0,    0,    0,    0,    0,    0,    0,    0,    0,    0,    0,    0,    0,    0,    0,    0,    0,    0,    0,    0,    0,    0,    0,    0,    0,    0,    0,    0,    0,    0,    0,    0,    0,    0,    0,    0,    0,    0,    0,    0,    0,    0,    0,    0,    0,    0,    0,    0,    0,    0,    0,    0,    0,    0,    0,    0,    0,    0,    0,    0,    0,    0,    0,    0,    0,    0,    0,    0,    0,    0,    0,    0,    0,    0,  -10,   -6,    4,    0,    0,    0,    0,
       0,    0,   -8,   -5,    0,    5,    5,  -18,    8,    4,    0,   -9,    0,    0,    0,    0,    0,    0,    0,    0,    0,    0,    0,    0,    0,    0,    0,    0,    0,  -10,   -4,    0,  -14,  -14,    0,    0,    0,    0,    0,    0,   -3,   -4,    8,    8,    8,    8,    6,   -6,    0,  -14,    0,    0,    0,   -4,    0,    0,    0,  -13,    0,    0,    0,    0,    0,    0,    0,    0,    0,    0,    0,    0,    0,    0,    0,    0,    0,    0,    0,    0,    0,    0,    0,    0,    0,    0,    0,    0,    0,    0,    0,    0,    0,    0,    0,    0,    0,    0,    0,    0,    0,    0,    0,    0,    0,    0,    0,    0,    0,    0,    0,    0,    0,    0,    0,    0,    0,    0,    0,    0,    0,    0,    0,    0,    0,    0,    0,    0,    0,    0,    0,    0,    0,    0,    0,    0,    0,    0,    0,    0,    0,    0,    0,    0,    0,    0,    0,    0,    0,    0,    0,    0,    0,    0,    5,   10,    9,    0,    0,    0,    0,
       0,    0,    0,    0,   -8,  -10,   10,    0,    0,    8,   -6,    0,    0,    0,    0,    0,    0,    0,    0,    0,    0,    0,    0,    0,    0,    0,    0,    0,  -24,  -14,    6,    0,    0,    0,    0,    0,    0,    0,    0,    0,    0,    0,   -4,   -4,    8,   -4,    6,    0,    0,   -6,    8,    0,    0,    6,    0,    0,    0,    0,    0,    0,    0,    0,    0,    0,    0,    0,    0,    0,    0,    0,    0,    0,    0,    0,    0,    0,    0,    0,    0,    0,    0,    0,    0,    0,    0,    0,    0,    0,    0,    0,    0,    0,    0,    0,    0,    0,    0,    0,    0,    0,    0,    0,    0,    0,    0,    0,    0,    0,    0,    0,    0,    0,    0,    0,    0,    0,    0,    0,    0,    0,    0,    0,    0,    0,    0,    0,    0,    0,    0,    0,    0,    0,    0,    0,    0,    0,    0,    0,    0,    0,    0,    0,    0,    0,    0,    0,    0,    0,    0,    0,    0,    0,  -10,  -10,   12,    0,    0,    0,    0,
       0,   -7,    0,    0,   -8,  -10,    0,    0,    0,    0,  -15,    0,    0,    0,    0,    0,    0,    0,    0,    0,    0,    0,    0,    0,    0,    0,    0,    0,  -24,  -14,    0,    0,    0,    0,    0,    0,    0,    0,    0,    0,    0,    0,   -6,   -4,    0,   -6,    0,    0,   -7,    0,    0,    0,    0,    0,    0,    0,    0,    0,    0,    0,    0,    0,    0,    0,    0,    0,    0,    0,    0,    0,    0,    0,    0,    0,    0,    0,    0,    0,    0,    0,    0,    0,    0,    0,    0,    0,    0,    0,    0,    0,    0,    0,    0,    0,    0,    0,    0,    0,    0,    0,    0,    0,    0,    0,    0,    0,    0,    0,    0,    0,    0,    0,    0,    0,    0,    0,    0,    0,    0,    0,    0,    0,    0,    0,    0,    0,    0,    0,    0,    0,    0,    0,    0,    0,    0,    0,    0,    0,    0,    0,    0,    0,    0,    0,    0,    0,    0,    0,    0,    0,    0,    0,  -10,   -6,    5,    0,    0,    0,    0,
       0,   -7,    0,    0,  -10,  -12,  -12,    5,  -11,    0,  -11,    0,    0,    0,    0,    0,    0,    0,    0,    0,    0,    0,    0,    0,    0,    0,    0,    0,  -20,  -14,    0,    0,    0,    0,    0,    0,    0,    0,    0,    0,    0,    0,   -6,   -5,   -7,   -6,   -4,    0,   -9,    4,    0,    0,    0,    0,    0,    0,    0,    0,    0,    0,    0,    0,    0,    0,    0,    0,    0,    0,    0,    0,    0,    0,    0,    0,    0,    0,    0,    0,    0,    0,    0,    0,    0,    0,    0,    0,    0,    0,    0,    0,    0,    0,    0,    0,    0,    0,    0,    0,    0,    0,    0,    0,    0,    0,    0,    0,    0,    0,    0,    0,    0,    0,    0,    0,    0,    0,    0,    0,    0,    0,    0,    0,    0,    0,    0,    0,    0,    0,    0,    0,    0,    0,    0,    0,    0,    0,    0,    0,    0,    0,    0,    0,    0,    0,    0,    0,    0,    0,    0,    0,    0,    0,  -10,  -10,    0,    0,    0,    0,    0,
       0,    0,    0,    0,   -8,  -10,    0,    0,    8,    0,   -9,    0,    0,    0,    0,    0,    0,    0,    0,    0,    0,    0,    0,    0,    0,    0,    0,    0,  -12,  -14,    0,    0,    0,    0,    0,    0,    0,   17,    0,    0,    0,    0,   -6,   -4,    0,   -6,    0,    0,    0,    0,    0,    0,    0,    0,    0,    0,    0,    0,    0,    0,    0,    0,    0,    0,    0,    0,    0,    0,    0,    0,    0,    0,    0,    0,    0,    0,    0,    0,    0,    0,    0,    0,    0,    0,    0,    0,    0,    0,    0,    0,    0,    0,    0,    0,    0,    0,    0,    0,    0,    0,    0,    0,    0,    0,    0,    0,    0,    0,    0,    0,    0,    0,    0,    0,    0,    0,    0,    0,    0,    0,    0,    0,    0,    0,    0,    0,    0,    0,    0,    0,    0,    0,    0,    0,    0,    0,    0,    0,    0,    0,    0,    0,    0,    0,    0,    0,    0,    0,    0,    0,    0,    0,  -10,   -6,    4,    0,    0,    0,    0,
       0,    0,   -8,    0,    0,    7,  -24,    0,  -22,    7,    4,    0,    0,    0,    0,    0,    0,    0,    0,    0,    0,    0,    0,    0,    0,    0,    0,    0,    4,   -4,   -4,    0,   -4,   -4,    0,    0,    0,    0,    0,    0,    0,    0,   12,   12,    8,   12,    4,    0,    0,   -6,    8,    0,    0,   -4,    0,    0,    0,   -6,    0,    0,    0,    0,    0,    0,    0,    0,    0,    0,    0,    0,    0,    0,    0,    0,    0,    0,    0,    0,    0,    0,    0,    0,    0,    0,    0,    0,    0,    0,    0,    0,    0,    0,    0,    0,    0,    0,    0,    0,    0,    0,    0,    0,    0,    0,    0,    0,    0,    0,    0,    0,    0,    0,    0,    0,    0,    0,    0,    0,    0,    0,    0,    0,    0,    0,    0,    0,    0,    0,    0,    0,    0,    0,    0,    0,    0,    0,    0,    0,    0,    0,    0,    0,    0,    0,    0,    0,    0,    0,    0,    0,    0,    0,   11,   19,  -22,    0,    0,    0,    0,
       0,    0,    0,    0,   -5,   -4,    0,    0,   -4,    0,  -14,    0,    0,    0,    0,    0,    0,    0,    0,    0,    0,    0,    0,    0,    0,    0,    0,    0,  -12,  -14,    0,    0,    0,    0,    0,    0,    0,    0,    0,    0,    0,    0,    0,    0,    0,    0,   -3,    0,   -7,    0,    0,    0,    0,    0,    0,    0,    0,    0,    0,    0,    0,    0,    0,    0,    0,    0,    0,    0,    0,    0,    0,    0,    0,    0,    0,    0,    0,    0,    0,    0,    0,    0,    0,    0,    0,    0,    0,    0,    0,    0,    0,    0,    0,    0,    0,    0,    0,    0,    0,    0,    0,    0,    0,    0,    0,    0,    0,    0,    0,    0,    0,    0,    0,    0,    0,    0,    0,    0,    0,    0,    0,    0,    0,    0,    0,    0,    0,    0,    0,    0,    0,    0,    0,    0,    0,    0,    0,    0,    0,    0,    0,    0,    0,    0,    0,    0,    0,    0,    0,    0,    0,    0,    0,    0,    6,    0,    0,    0,    0,
       0,    0,    0,    0,    0,    0,    7,   -4,    0,    4,   -6,    0,    0,    0,    0,    0,    0,    0,    0,    0,    0,    0,    0,    0,    0,    0,    0,    0,   -8,  -13,   -8,    0,   -8,   -8,    0,    0,    0,    0,    0,    0,    0,    0,    4,    4,    7,    4,    0,    0,    0,   -8,    0,    0,    0,   -8,    0,    0,    0,   -4,    0,    0,    0,    0,    0,    0,    0,    0,    0,    0,    0,    0,    0,    0,    0,    0,    0,    0,    0,    0,    0,    0,    0,    0,    0,    0,    0,    0,    0,    0,    0,    0,    0,    0,    0,    0,    0,    0,    0,    0,    0,    0,    0,    0,    0,    0,    0,    0,    0,    0,    0,    0,    0,    0,    0,    0,    0,    0,    0,    0,    0,    0,    0,    0,    0,    0,    0,    0,    0,    0,    0,    0,    0,    0,    0,    0,    0,    0,    0,    0,    0,    0,    0,    0,    0,    0,    0,    0,    0,    0,    0,    0,    0,    0,    6,    0,    9,    0,    0,    0,    0,
       0,    0,    0,    0,   -8,  -10,    0,    0,    0,    0,   -9,    0,    0,    0,    0,    0,    0,    0,    0,    0,    0,    0,    0,    0,    0,    0,    0,    0,  -24,  -12,    0,    0,    0,    0,    0,    0,    0,    0,    0,    0,    0,    0,   -6,   -4,    0,   -6,    0,    0,    0,    0,    0,    0,    0,    0,    0,    0,    0,    0,    0,    0,    0,    0,    0,    0,    0,    0,    0,    0,    0,    0,    0,    0,    0,    0,    0,    0,    0,    0,    0,    0,    0,    0,    0,    0,    0,    0,    0,    0,    0,    0,    0,    0,    0,    0,    0,    0,    0,    0,    0,    0,    0,    0,    0,    0,    0,    0,    0,    0,    0,    0,    0,    0,    0,    0,    0,    0,    0,    0,    0,    0,    0,    0,    0,    0,    0,    0,    0,    0,    0,    0,    0,    0,    0,    0,    0,    0,    0,    0,    0,    0,    0,    0,    0,    0,    0,    0,    0,    0,    0,    0,    0,    0,  -10,   -6,    4,    0,    0,    0,    0,
       0,    0,   -4,    0,    0,    6,  -22,    0,  -16,    6,    0,    0,    0,    0,    0,    0,    0,    0,    0,    0,    0,    0,    0,    0,    0,    0,    0,    0,    0,  -12,   -4,    0,   -6,   -6,    0,    0,    0,    0,    0,    0,    0,    0,    8,    8,   10,    8,    5,    0,    0,    0,    7,    0,    0,   -4,    0,    0,    0,   -8,    0,    0,    0,    0,    0,    0,    0,    0,    0,    0,    0,    0,    0,    0,    0,    0,    0,    0,    0,    0,    0,    0,    0,    0,    0,    0,    0,    0,    0,    0,    0,    0,    0,    0,    0,    0,    0,    0,    0,    0,    0,    0,    0,    0,    0,    0,    0,    0,    0,    0,    0,    0,    0,    0,    0,    0,    0,    0,    0,    0,    0,    0,    0,    0,    0,    0,    0,    0,    0,    0,    0,    0,    0,    0,    0,    0,    0,    0,    0,    0,    0,    0,    0,    0,    0,    0,    0,    0,    0,    0,    0,    0,    0,    0,    8,   16,  -16,    0,    0,    0,    0,
       0,    0,   -4,    0,    0,    7,  -21,    3,  -14,    6,    0,    0,    0,    0,    0,    0,    0,    0,    0,    0,    0,    0,    0,    0,    0,    0,    0,    0,    0,  -11,   -4,    0,   -5,   -5,    0,    0,    0,    0,    0,    0,    0,    0,    8,    8,    8,    8,    6,    0,    0,    0,    8,    0,    0,   -4,    0,    0,    0,   -6,    0,    0,    0,    0,    0,    0,    0,    0,    0,    0,    0,    0,    0,    0,    0,    0,    0,    0,    0,    0,    0,    0,    0,    0,    0,    0,    0,    0,    0,    0,    0,    0,    0,    0,    0,    0,    0,    0,    0,    0,    0,    0,    0,    0,    0,    0,    0,    0,    0,    0,    0,    0,    0,    0,    0,    0,    0,    0,    0,    0,    0,    0,    0,    0,    0,    0,    0,    0,    0,    0,    0,    0,    0,    0,    0,    0,    0,    0,    0,    0,    0,    0,    0,    0,    0,    0,    0,    0,    0,    0,    0,    0,    0,    0,   10,   16,  -11,    0,    0,    0,    0,
       0,    0,   -8,   -5,    0,    5,    8,   -8,    8,    6,    0,   -4,    0,    0,    0,    0,    0,    0,    0,    0,    0,    0,    0,    0,    0,    0,    0,    0,    0,  -12,  -10,    0,  -10,  -10,    0,    0,    0,    0,    0,    0,    0,    0,   10,    8,   13,   10,    8,   -5,    0,  -11,    0,    0,    0,  -10,    0,    0,    0,   -9,    0,    0,    0,    0,    0,    0,    0,    0,    0,    0,    0,    0,    0,    0,    0,    0,    0,    0,    0,    0,    0,    0,    0,    0,    0,    0,    0,    0,    0,    0,    0,    0,    0,    0,    0,    0,    0,    0,    0,    0,    0,    0,    0,    0,    0,    0,    0,    0,    0,    0,    0,    0,    0,    0,    0,    0,    0,    0,    0,    0,    0,    0,    0,    0,    0,    0,    0,    0,    0,    0,    0,    0,    0,    0,    0,    0,    0,    0,    0,    0,    0,    0,    0,    0,    0,    0,    0,    0,    0,    0,    0,    0,    0,    0,    6,   11,    8,    0,    0,    0,    0,
       0,    0,   -4,    0,    0,    6,  -22,    0,  -16,    6,    0,    0,    0,    0,    0,    0,    0,    0,    0,    0,    0,    0,    0,    0,    0,    0,    0,    0,    0,  -12,   -4,    0,   -6,   -6,    0,    0,    0,    0,    0,    0,    0,    0,    8,    8,   10,    8,    5,    0,    0,    0,    7,    0,    0,   -4,    0,    0,    0,   -8,    0,    0,    0,    0,    0,    0,    0,    0,    0,    0,    0,    0,    0,    0,    0,    0,    0,    0,    0,    0,    0,    0,    0,    0,    0,    0,    0,    0,    0,    0,    0,    0,    0,    0,    0,    0,    0,    0,    0,    0,    0,    0,    0,    0,    0,    0,    0,    0,    0,    0,    0,    0,    0,    0,    0,    0,    0,    0,    0,    0,    0,    0,    0,    0,    0,    0,    0,    0,    0,    0,    0,    0,    0,    0,    0,    0,    0,    0,    0,    0,    0,    0,    0,    0,    0,    0,    0,    0,    0,    0,    0,    0,    0,    0,    8,   13,  -16,    0,    0,    0,    0,
       0,    0,    0,    0,    0,    0,   10,    0,    4,    4,   -4,    0,    0,    0,    0,    0,    0,    0,    0,    0,    0,    0,    0,    0,    0,    0,    0,    0,    0,  -11,   -6,    0,   -6,   -6,    0,    0,    0,    0,    0,    0,    0,    0,    8,    8,    9,    8,    0,    0,   -5,   -6,    4,    0,    0,   -6,    0,    0,    0,    0,    0,    0,    0,    0,    0,    0,    0,    0,    0,    0,    0,    0,    0,    0,    0,    0,    0,    0,    0,    0,    0,    0,    0,    0,    0,    0,    0,    0,    0,    0,    0,    0,    0,    0,    0,    0,    0,    0,    0,    0,    0,    0,    0,    0,    0,    0,    0,    0,    0,    0,    0,    0,    0,    0,    0,    0,    0,    0,    0,    0,    0,    0,    0,    0,    0,    0,    0,    0,    0,    0,    0,    0,    0,    0,    0,    0,    0,    0,    0,    0,    0,    0,    0,    0,    0,    0,    0,    0,    0,    0,    0,    0,    0,    0,    6,   10,   11,    0,    0,    0,    0,
       0,    0,    0,    0,    0,    0,    0,    0,    0,    0,    0,    0,    0,    0,   -5,   -6,    0,    0,   -6,    0,    0,    0,    0,    0,    0,    0,    0,    0,    0,    0,    0,    0,    0,    0,    0,    0,    0,    0,    0,    0,    0,    0,    0,    0,    0,    0,    0,    0,   36,    0,    0,    0,    0,    0,    0,    0,    0,    0,    0,    0,    0,    0,    0,    0,    0,    0,    0,    8,   -9,   -6,    0,   -6,    8,    0,    8,   10,    0,    0,   -9,  -11,    8,    0,    0,   -8,   -7,   -6,   -6,   -6,    8,   -8,    0,   -6,    0,   -7,   -8,    0,   -8,   -6,   11,  -11,    0,  -10,   -4,   -6,   -7,   -6,   -7,    8,   -7,   -6,    0,    0,   26,    8,    0,    0,  -12,  -11,   11,    0,    0,    0,    0,    0,   -7,    0,   -7,    0,    5,    0,    0,    0,    0,    0,    0,    0,    0,    0,    0,    0,    0,    0,    0,    0,    0,    0,    0,    0,    0,    0,    0,    0,    0,    0,    0,    0,    0,    0,    0,
       0,    0,    0,    0,    0,    0,    0,    0,    0,    0,    0,    0,    0,    0,    0,    0,   -5,    0,    0,    0,   -7,    0,   -7,    0,   -5,   -6,    0,    0,    0,    0,    0,    0,    0,    0,    0,    0,    0,    0,    0,    0,    0,    0,    0,    0,    0,    0,    0,    0,    0,    0,    0,   -5,    0,    0,    0,    0,    0,    0,    0,    0,    0,    0,    0,    0,    0,    0,    0,   -7,    0,   -6,   -5,   -7,   -8,   -4,   -6,   -5,   -7,    0,    0,    0,   -5,    0,   -8,   -6,    0,    0,    0,    0,   -4,    0,   -5,    0,   -5,    0,    0,    0,    0,    0,    0,    0,    0,    0,    0,    0,    0,    0,    0,    0,    0,    0,    0,    0,    0,    0,    0,    0,    0,    0,   -6,    0,    0,    0,    5,    0,    0,    0,    0,   -9,   -6,    0,    0,    0,    0,    0,    0,    0,    0,    0,    0,    0,    0,    0,    0,    0,    0,    0,    0,    0,    0,    0,    0,    0,    0,    0,    0,    0,    0,    0,    0,
       0,    0,    0,    0,    0,    0,    0,    0,    0,    0,    0,    0,    0,    0,    0,    0,    0,    0,    0,    0,  -25,    0,  -13,   -4,    0,  -20,    0,    0,    0,    0,    0,    0,    0,    0,    0,    0,    0,    0,    0,    0,    0,    0,    0,    0,    0,    0,    0,    0,    0,    0,    0,    0,    0,    0,    0,    0,    0,    0,    0,    0,    0,    0,    0,    0,    0,    0,    0,    0,    0,    0,    0,    0,    0,    0,    0,    0,    0,    0,    0,    0,    0,    0,    0,    0,    0,    0,    0,    0,    0,    0,    0,    0,    0,    0,    0,    0,    0,    0,    0,    0,    0,    0,    0,    0,    0,    0,    0,    0,    0,    0,    0,    0,    0,    0,    0,    0,    0,    0,    0,    0,    0,    0,    0,    0,    0,    0,    0,    0,    0,    0,    0,    0,    0,    0,    0,    0,    0,    0,    0,    0,    0,    0,    0,    0,    0,    0,    0,    0,    0,    0,    0,    0,    0,    0,    0,    0,    0,    0,    0,
       0,    0,    0,    0,    0,    0,    0,    0,    0,    0,    0,    0,    4,    0,    0,    0,    7,    0,    0,    0,  -27,    0,   -4,    0,    0,  -11,    5,    0,    0,    0,    0,    0,    0,    0,    0,    0,    0,    0,    0,    0,    0,    0,    7,    7,    0,    7,    3,    0,    0,    0,    0,    0,    0,    0,    0,    0,    0,    0,    0,    0,    0,    0,    0,    0,    0,    0,    0,  -27,    0,    0,    7,    0,    0,    4,    0,    0,    0,    0,    0,    0,    0,    0,    0,    0,    0,    0,    0,    0,    0,    0,    0,    0,    6,    0,    0,    0,    0,    0,    0,    0,    0,    0,    0,    0,    0,    0,    0,    0,    0,    0,    0,    0,    0,    0,    6,    6,    0,    0,   -8,    4,    0,    6,    4,    0,    0,    0,    0,    0,    0,    0,    0,    0,    0,    0,    0,    0,    0,    0,    0,    0,    0,    0,    0,    0,    0,    0,    0,    0,    0,    0,    0,    0,    0,    0,    0,    0,    0,    0,    0,
       0,    0,    0,    0,    0,    0,    0,    0,    0,    0,    0,    0,   -6,    0,    4,    4,  -12,    0,    4,   -8,  -30,    0,  -16,   -8,  -15,  -32,  -10,    0,    0,    0,    4,    0,    4,    4,    0,    0,    0,    0,    0,    0,    0,    0,    0,    0,  -11,    0,   -7,    0,    0,    0,    0,  -18,    0,    4,    0,    0,    0,    4,    0,    0,    0,    0,    0,    0,    0,    0,    0,  -30,    0,   -8,  -12,   -7,  -13,   -6,   -6,  -18,  -10,    0,    4,    0,  -15,    0,  -12,  -10,    0,    0,    0,    0,   -7,    0,  -11,    0,   -6,    0,    4,    0,    0,    0,    0,    0,  -11,    0,    0,    0,   -5,    0,    0,    0,    0,    0,    0,    0,    0,    0,    0,    0,    0,    0,  -26,    0,    0,    0,    0,   -9,    0,    0,    0,  -12,  -10,    0,    0,    0,    0,    0,    0,    0,    0,    0,    0,    0,    0,    0,    0,    0,    0,    0,    0,    0,    0,    0,    0,    0,    0,    0,    0,    0,    0,    0,    0,
       0,    0,    0,    0,    0,    0,    0,    0,    0,    0,    0,    0,  -17,  -12,  -16,  -16,  -22,   -8,  -16,  -14,  -42,  -13,  -25,  -17,  -25,  -31,  -20,    0,    0,    0,  -16,  -13,  -16,  -16,  -13,  -13,  -13,   28,  -13,  -15,  -14,  -15,   -9,   -9,  -12,    6,  -13,    0,    0,    0,    0,  -29,  -13,  -16,  -13,  -13,  -13,  -17,  -13,  -13,  -13,  -12,    0,    0,    0,    0,    0,    0,    0,    0,    0,    0,    0,    0,    0,    0,    0,    0,    0,    0,    0,    0,    0,    0,    0,    0,    0,    0,    0,    0,    0,    0,    0,    0,    0,    0,    0,    0,    0,    0,    0,    0,    0,    0,    0,    0,    0,    0,    0,    0,    0,    0,    0,    0,    0,    0,    0,    0,    0,    0,    0,    0,    0,    0,    0,    0,    0,    0,    0,    0,    0,    0,    0,    0,    0,    0,    0,    0,    0,    0,    0,    0,    0,    0,    0,    0,    0,    0,    0,    0,    0,    0,    0,    0,    0,    0,    0,    0,    0,
       0,    0,    0,    0,  -10,    0,  -22,    6,  -24,    5,  -11,    0,  -11,    0,    0,    0,  -16,    0,    0,    0,   -8,    0,   -9,   -4,  -14,  -15,   -9,    0,   -8,  -14,   -3,    0,    0,    0,    0,    0,    0,    0,    0,    0,    0,    0,    0,    0,    0,    0,    0,    0,   -8,    6,    0,  -21,    0,   -3,    0,    0,    0,    0,    0,    0,    0,    0,    0,    0,   -8,   -8,    0,    0,    0,    0,    0,    0,    0,    0,    0,    0,    0,    0,    0,    0,    0,    0,    0,    0,    0,    0,    0,    0,    0,    0,    0,    0,    0,    0,    0,    0,    0,    0,    0,    0,    0,    0,    0,    0,    0,    0,    0,    0,    0,    0,    0,    0,    0,    0,    0,    0,    0,    0,    0,    0,    0,    0,    0,    0,    0,    0,    0,    0,    0,    0,    0,    0,    0,    0,    0,    0,    0,    0,    0,    0,    0,    0,    0,    0,    0,    0,    0,    0,    0,    0,    0,    0,    0,    0,    0,    0,    0,    0,    0,
       0,  -15,    0,    0,  -10,  -30,    0,    3,    0,    0,  -18,    0,    0,    0,    0,    0,    0,    0,    0,    0,    0,    0,    0,    0,    0,    0,    0,   -4,  -20,   -9,    0,    0,    0,    0,    0,    0,    0,    0,    0,    0,    0,    0,  -14,  -12,   -4,  -14,    0,    0,   -9,    0,    0,    0,    0,    0,    0,    0,    0,    0,    0,    0,    0,    0,    0,    0,    0,    0,  -10,    0,    0,    0,    0,    0,    0,    0,    0,    0,    0,    0,    0,    0,    0,    0,    0,    0,    0,    0,    0,    0,    0,    0,    0,    0,    0,    0,    0,    0,    0,    0,    0,    0,    0,    0,    0,    0,    0,    0,    0,    0,    0,    0,    0,    0,    0,    0,    0,    0,    0,    0,    0,    0,    0,    0,    0,    0,    0,    0,    0,    0,    0,    0,    0,    0,    0,    0,    0,    0,    0,    0,    0,    0,    0,    0,    0,    0,    0,    0,    0,    0,    0,    0,    0,    0,  -25,  -23,    0,    0,    0,    0,    0,
       0,    0,    0,    0,    6,    0,  -12,    5,  -10,    0,    8,    0,    0,    0,    0,    0,    0,    0,    0,    0,    0,    0,    0,    0,    0,    0,    0,    0,    8,    9,    0,    0,    0,    0,    0,    0,    0,    0,    0,    0,    0,    0,    0,    0,    0,    0,    0,    0,    4,    5,    0,    0,    0,    0,    0,    0,    0,    0,    0,    0,    0,    0,    0,    0,    0,    0,    0,    0,    0,    0,    0,    0,    0,    0,    0,    0,    0,    0,    0,    0,    0,    0,    0,    0,    0,    0,    0,    0,    0,    0,    0,    0,    0,    0,    0,    0,    0,    0,    0,    0,    0,    0,    0,    0,    0,    0,    0,    0,    0,    0,    0,    0,    0,    0,    0,    0,    0,    0,    0,    0,    0,    0,    0,    0,    0,    0,    0,    0,    0,    0,    0,    0,    0,    0,    0,    0,    0,    0,    0,    0,    0,    0,    0,    0,    0,    0,    0,    0,    0,    0,    0,    0,    5,    8,    0,    0,    0,    0,    0,
       0,  -10,    0,    0,   -8,   -6,    0,    0,   -8,    0,  -10,    0,    0,    0,    0,    0,    0,    0,    0,    0,    0,    0,    0,    0,    0,    0,    0,    0,    0,  -12,    0,    0,    0,    0,    0,    0,    0,    0,    0,    0,    0,    0,   -4,    0,   -5,   -4,    0,    0,   -8,    0,    0,    0,    0,    0,    0,    0,    0,    0,    0,    0,    0,    0,    0,    0,    0,    0,    0,    0,    0,    0,    0,    0,    0,    0,    0,    0,    0,    0,    0,    0,    0,    0,    0,    0,    0,    0,    0,    0,    0,    0,    0,    0,    0,    0,    0,    0,    0,    0,    0,    0,    0,    0,    0,    0,    0,    0,    0,    0,    0,    0,    0,    0,    0,    0,    0,    0,    0,    0,    0,    0,    0,    0,    0,    0,    0,    0,    0,    0,    0,    0,    0,    0,    0,    0,    0,    0,    0,    0,    0,    0,    0,    0,    0,    0,    0,    0,    0,    0,    0,    0,    0,    0,   -8,   -6,    0,    0,    0,    0,    0,
       0,   10,    0,    0,   24,    0,  -10,   -8,    0,    0,   14,    0,    0,    0,    0,    0,    0,    0,    0,    0,    0,    0,    0,    0,    0,    0,    0,    0,   36,   28,   -8,    7,  -16,  -16,    0,   11,    7,    7,   -8,  -12,    3,   -6,   13,   13,   12,   16,   10,    0,   28,    0,    0,    0,    0,   -4,   26,   36,   54,    0,   48,   42,   45,    0,    0,    0,    0,    0,    0,    0,    0,    0,    0,    0,    0,    0,    0,    0,    0,    0,    0,    0,    0,    0,    0,    0,    0,    0,    0,    0,    0,    0,    0,    0,    0,    0,    0,    0,    0,    0,    0,    0,    0,    0,    0,    0,    0,    0,    0,    0,    0,    0,    0,    0,    0,    0,    0,    0,    0,    0,    0,    0,    0,    0,    0,    0,    0,    0,    0,    0,    0,    0,    0,    0,    0,    0,    0,    0,    0,    0,    0,    0,    0,    0,    0,    0,    0,    0,    0,    0,    0,    0,    0,    0,    8,   10,    0,    0,    0,    0,    0,
       0,    0,    0,    0,    0,    0,    0,    0,    0,    0,    0,    0,    0,    0,    0,    0,    0,    0,    0,    0,    0,    0,    0,    0,    0,    0,    0,    0,    0,    0,    0,    0,    0,    0,    0,    0,    0,    7,    0,    0,    0,    0,    0,    0,    0,    0,    0,    0,    0,    0,    0,    0,    0,    0,    0,    0,    0,    0,    0,    0,    0,    0,    0,    0,    0,    0,    0,    0,    0,    0,    0,    0,    0,    0,    0,    0,    0,    0,    0,    0,    0,    0,    0,    0,    0,    0,    0,    0,    0,    0,    0,    0,    0,    0,    0,    0,    0,    0,    0,    0,    0,    0,    0,    0,    0,    0,    0,    0,    0,    0,    0,    0,    0,    0,    0,    0,    0,    0,    0,    0,    0,    0,    0,    0,    0,    0,    0,    0,    0,    0,    0,    0,    0,    0,    0,    0,    0,    0,    0,    0,    0,    0,    0,    0,    0,    0,    0,    0,    0,    0,    0,    0,    0,    0,    0,    0,    0,    0,    0,
       0,  -10,    0,    0,    0,   -6,    0,    0,    0,    0,   -7,    0,    0,    0,    0,    0,    0,    0,    0,    0,    0,    0,    0,    0,    0,    0,    0,    0,    0,    0,    0,    0,    0,    0,    0,    0,    0,    0,    0,    0,    0,    0,    0,    0,    0,    0,    0,    0,    0,    0,    0,    0,    0,    0,    0,    0,    0,    0,    0,    0,    0,    0,    0,    0,    0,    0,    0,    0,    0,    0,    0,    0,    0,    0,    0,    0,    0,    0,    0,    0,    0,    0,    0,    0,    0,    0,    0,    0,    0,    0,    0,    0,    0,    0,    0,    0,    0,    0,    0,    0,    0,    0,    0,    0,    0,    0,    0,    0,    0,    0,    0,    0,    0,    0,    0,    0,    0,    0,    0,    0,    0,    0,    0,    0,    0,    0,    0,    0,    0,    0,    0,    0,    0,    0,    0,    0,    0,    0,    0,    0,    0,    0,    0,    0,    0,    0,    0,    0,    0,    0,    0,    0,   -8,   -8,    0,    0,    0,    0,    0,
       0,    0,    0,    0,    0,    0,    0,    0,    0,    0,    0,    0,   -8,    0,    0,    0,   -7,    0,    0,    0,    0,    0,    0,    0,    0,    0,    0,    0,    0,    0,    0,    0,    0,    0,    0,    0,    0,    0,    0,    0,    0,    0,    0,    0,    0,    0,    0,    0,    0,    0,    0,  -14,    0,    0,    0,    0,    0,    0,    0,    0,    0,    0,    0,    0,    0,    0,    0,    0,    0,    0,    0,    0,    0,    0,    0,    0,    0,    0,    0,    0,    0,    0,    0,    0,    0,    0,    0,    0,    0,    0,    0,    0,    0,    0,    0,    0,    0,    0,    0,    0,    0,    0,    0,    0,    0,    0,    0,    0,    0,    0,    0,    0,    0,    0,    0,    0,    0,    0,    0,    0,    0,    0,    0,    0,    0,    0,    0,    0,    0,    0,    0,    0,    0,    0,    0,    0,    0,    0,    0,    0,    0,    0,    0,    0,    0,    0,    0,    0,    0,    0,    0,    0,    0,    0,    0,    0,    0,    0,    0,
       0,    0,    0,    0,    0,    0,    0,    0,    0,    0,    0,    0,    0,    0,    0,    0,    0,    0,    0,    0,    0,    0,    0,    0,    0,    0,    0,    0,    0,    0,    0,    0,    0,    0,    0,    0,    0,    0,    0,    0,    0,    0,   -8,   -7,   -7,   -8,    0,    0,    0,    0,    0,    0,    0,    0,    0,    0,    0,    0,    0,    0,    0,    0,    0,    0,    0,    0,   -9,    0,    0,    0,    0,    0,    0,    0,    0,    0,    0,    0,    0,    0,    0,    0,    0,    0,    0,    0,    0,    0,    0,    0,    0,    0,    0,    0,    0,    0,    0,    0,    0,    0,    0,    0,    0,    0,    0,    0,    0,    0,    0,    0,    0,    0,    0,    0,    0,    0,    0,    0,    0,    0,    0,    0,    0,    0,    0,    0,    0,    0,    0,    0,    0,    0,    0,    0,    0,    0,    0,    0,    0,    0,    0,    0,    0,    0,    0,    0,    0,    0,    0,    0,    0,    0,    0,    0,    0,    0,    0,    0,    0,
       0,    0,    0,    0,    0,    0,    0,    0,    0,    0,    0,    0,    0,    0,    0,    0,    0,    0,    0,    0,    0,    0,    0,    0,    0,    0,    0,    0,    0,    0,    0,    0,    0,    0,    0,    0,    0,   13,    0,    0,    0,    0,    0,    0,    0,    0,    0,    0,    0,    0,    0,    0,    0,    0,    0,    0,    0,    0,    0,    0,    0,    0,    0,    0,    0,    0,    0,    0,    0,    0,    0,    0,    0,    0,    0,    0,    0,    0,    0,    0,    0,    0,    0,    0,    0,    0,    0,    0,    0,    0,    0,    0,    0,    0,    0,    0,    0,    0,    0,    0,    0,    0,    0,    0,    0,    0,    0,    0,    0,    0,    0,    0,    0,    0,    0,    0,    0,    0,    0,    0,    0,    0,    0,    0,    0,    0,    0,    0,    0,    0,    0,    0,    0,    0,    0,    0,    0,    0,    0,    0,    0,    0,    0,    0,    0,    0,    0,    0,    0,    0,    0,    0,    0,    0,    0,    0,    0,    0,    0,
       0,    0,    0,    0,    0,    0,    0,    0,    0,    0,    0,    0,  -13,    0,    0,    0,  -18,    0,    0,    0,    0,    0,    0,    0,  -10,   -5,    0,    0,    0,    0,   -6,    0,    0,    0,    0,    0,    0,    0,    0,    0,    0,    0,    0,    0,    0,    0,    0,    0,    0,    0,    0,  -23,    0,   -6,    0,    0,    0,    0,    0,    0,    0,    0,    0,    0,    0,    0,    0,    0,    0,    0,    0,    0,    0,    0,    0,    0,    0,    0,    0,    0,    0,    0,    0,    0,    0,    0,    0,    0,    0,    0,    0,    0,    0,    0,    0,    0,    0,    0,    0,    0,    0,    0,    0,    0,    0,    0,    0,    0,    0,    0,    0,    0,    0,    0,    0,    0,    0,    0,    0,    0,    0,    0,    0,    0,    0,    0,    0,    0,    0,    0,    0,    0,    0,    0,    0,    0,    0,    0,    0,    0,    0,    0,    0,    0,    0,    0,    0,    0,    0,    0,    0,    0,    0,    0,    0,    0,    0,    0,    0,
       0,    0,    0,    0,    0,    0,    0,    0,    0,    0,    0,    0,    0,    0,    0,    0,    0,    0,    0,    0,    0,    0,   -7,    0,    0,   -9,    0,    0,    0,    0,    0,    0,    0,    0,    0,    0,    0,    0,    0,    0,    0,    0,    0,    0,    0,    0,    0,    0,    0,    0,    0,    0,    0,    0,    0,    0,    0,    0,    0,    0,    0,   -4,    0,    0,    0,    0,    0,    0,    0,    0,    0,    0,    0,    0,    0,    0,    0,    0,    0,    0,    0,    0,    0,    0,    0,    0,    0,    0,    0,    0,    0,    0,    0,    0,    0,    0,    0,    0,    0,    0,    0,    0,    0,    0,    0,    0,    0,    0,    0,    0,    0,    0,    0,    0,    0,    0,    0,    0,    0,    0,    0,    0,    0,    0,    0,    0,    0,    0,    0,    0,    0,    0,    0,    0,    0,    0,    0,    0,    0,    0,    0,    0,    0,    0,    0,    0,    0,    0,    0,    0,    0,    0,    0,    0,    0,    0,    0,    0,    0,
       0,    0,    0,    0,    0,    0,    0,    0,    0,    0,    0,    0,    0,    0,    0,    0,    0,    0,    0,    0,    0,    0,    0,    0,    0,    0,    0,    0,    0,    0,    0,    0,    0,    0,    0,    0,    0,    0,    0,    0,    0,    0,    0,    0,    0,    0,    0,    0,    0,    0,    0,    0,    0,    0,    0,    0,    0,    0,    0,    0,    0,    0,    0,    0,    0,    0,    0,    0,    0,    0,   10,    0,    0,    0,    0,    5,    0,    0,   -7,   -7,    8,    0,    0,    0,    0,    0,    0,    0,    0,    0,    0,    0,    0,    0,   -5,    0,    0,    0,    0,    0,    8,   -5,    0,    0,    0,    0,    0,    0,    0,    0,    0,    0,    0,    0,    0,    0,    0,    0,    0,    0,    0,    0,    0,   11,    0,    0,    0,    0,  -10,    0,    0,    0,    0,    0,    0,    0,    0,    0,    0,    0,    0,    0,    0,    0,    0,    0,    0,    0,    0,    0,    0,    0,    0,    0,    0,    0,    0,    0,    0,
       0,   -6,    0,    0,   -4,  -11,    0,    9,   -7,    0,   -6,    0,    0,    0,    0,    0,    0,    0,    0,    0,    0,    0,    0,    0,    0,    0,    0,   -4,    0,    0,    0,    0,    0,    0,    0,    0,    0,    0,    0,    0,    0,    0,    0,    0,    0,    0,    0,    0,    0,    0,    0,    0,    0,    0,    0,    0,    0,    0,    0,    0,    0,    0,    0,    0,    0,    0,    0,   -6,    0,   -6,    0,    0,   -4,    0,    0,    0,    0,    0,    0,    0,   -6,   -6,   -5,   -9,    0,    0,    0,    0,    0,    0,   -7,    0,    0,    0,    0,    0,    0,   -6,   -6,    0,   -6,    0,    0,   -6,    0,    0,    0,    0,    0,    0,    0,    0,    0,    0,   -6,    0,    0,    0,    0,   -6,    0,   -5,    0,    0,    0,    0,    0,    0,  -14,    0,    0,    0,    0,    0,    0,    0,    0,    0,    0,    0,    0,    0,    0,    0,    0,    0,    0,    0,    0,    0,    0,    0,    0,    0,    0,    0,    0,    0,    0,
       0,    0,    0,   -7,   10,    0,  -32,  -22,  -39,  -24,   10,  -14,    0,    0,    0,    0,    0,    0,    0,    0,    0,    0,    0,    0,    0,    0,    0,   -5,    0,   12,    0,    0,    0,    0,    0,    0,    0,    0,    0,    0,    0,    0,    0,    0,    0,    0,    0,  -11,    0,  -30,  -26,    0,    0,    0,    0,    0,    0,    0,    0,    0,    0,    0,    0,    0,    0,    0,    0,   10,   -7,    0,  -33,  -31,    0,  -33,  -29,    0,    0,   -4,   -9,  -10,   10,    0,    0,   -6,  -30,   -4,  -20,  -20,  -25,  -24,    0,   -4,  -26,  -26,  -30,  -20,  -25,    0,    0,  -28,  -30,  -20,  -20,    0,  -26,  -20,  -21,    0,  -22,  -29,    0,   15,    0,    0,    0,    0,   -7,  -25,    5,    0,    0,    0,  -34,  -43,  -30,   -6,  -24,    0,  -19,    0,    0,    0,    0,    0,    0,    0,    0,    0,    0,    0,    0,    0,    0,    0,    0,    0,    0,    0,    0,    0,    0,    0,   11,    8,    0,    0,    0,    0,    0,
       0,    0,    0,   -5,    6,   -4,    9,   -4,    5,    8,    6,    0,    0,    0,    0,    0,    0,    0,    0,    0,    0,    0,    0,    0,    0,    0,    0,    0,    0,   10,    0,    0,    0,    0,    0,    0,    0,    0,    0,    0,    0,    0,    0,    0,    0,    0,    0,   -6,    6,  -10,    6,    0,    0,    0,    0,    0,    0,    0,    0,    0,    0,    0,    0,    0,    0,    0,    0,    8,   -7,    7,   12,    4,    0,   11,    6,    6,    5,    0,  -10,  -11,   10,    0,    0,    0,    4,    0,    0,    0,    6,    0,    5,    0,    6,    0,   -5,    0,    0,    0,    0,    0,   10,    0,    0,    0,    0,    0,    0,    4,    0,    2,    0,    0,    0,    4,    0,    0,   -7,    0,    4,    0,    0,    0,   -8,   11,    0,   -4,    0,    0,   -6,    0,    0,    0,    0,    0,    0,    0,    0,    0,    0,    0,    0,    0,    0,    0,    0,    0,    0,    0,    0,    0,    0,    0,    8,   14,    0,    0,    0,    0,    0,
       0,   -5,    0,   -4,   -3,  -14,    4,   11,   -6,    0,   -4,    0,    0,    0,    0,    0,    0,    0,    0,    0,    0,    0,    0,    0,    0,    0,    0,   -6,    0,    0,    0,    0,    0,    0,    0,    0,    0,    0,    0,    0,    0,    0,    0,    0,    0,    0,    0,    0,    0,    6,    0,    0,    0,    0,    0,    0,    0,    0,    0,    0,    0,    0,    0,    0,    0,    0,    0,   -8,    0,    0,    0,    0,    0,    0,    0,    0,    0,    0,    0,    0,    0,   -4,   -4,   -9,    5,    0,    0,    0,    0,    0,    0,    0,    0,    0,    0,    0,    0,  -11,   -9,    0,   -4,    0,    0,  -10,    0,    0,    0,    0,    0,    0,    0,    0,    0,    0,   -7,    0,    0,    0,    0,   -9,    0,   -7,    0,    0,    0,    0,    0,    0,  -17,    0,    0,    0,    0,    0,    0,    0,    0,    0,    0,    0,    0,    0,    0,    0,    0,    0,    0,    0,    0,    0,    0,    0,   -8,    0,    0,    0,    0,    0,    0,
       0,    0,    0,    0,    0,    0,    0,    0,  -12,    0,    0,    0,    0,    0,    0,    0,    0,    0,    0,    0,    0,    0,    0,    0,    0,    0,    0,    0,    0,    0,    0,    0,    0,    0,    0,    0,    0,    0,    0,    0,    0,    0,    0,    0,    0,    0,    0,    0,    0,    0,    4,    0,    0,    0,    0,    0,    0,    0,    0,    0,    0,    0,    0,    0,    0,    0,    0,    0,    0,    0,   -5,    0,    0,   -8,    0,    0,    0,    0,    0,    0,    0,    0,    0,    0,    0,    0,    0,    0,    0,    0,    0,    0,    0,    0,    0,    0,    0,    0,    0,    0,    0,    0,    0,    0,    0,    0,    0,    0,    0,    0,    0,    0,    0,    0,    0,    0,    0,    0,    0,    0,    0,    0,    0,    0,    0,    0,    0,    0,    0,    0,    0,    0,    0,    0,    0,    0,    0,    0,    0,    0,    0,    0,    0,    0,    0,    0,    0,    0,    0,    0,    0,    0,    6,    6,    0,    0,    0,    0,    0,
       0,  -24,    0,    0,  -13,  -10,    0,    9,   -7,    0,  -14,    0,    0,    0,    0,    0,    0,    0,    0,    0,    0,    0,    0,    0,    0,    0,    0,   -6,    0,  -15,    0,    0,    0,    0,    0,    0,    0,    0,    0,    0,    0,    0,    0,    0,    0,    0,    0,    0,  -11,    0,    0,    0,    0,    0,    0,    0,    0,    0,    0,    0,    0,    0,    0,    0,    0,    0,    0,  -26,    0,   -6,    0,    0,   -4,    0,    0,   -7,    0,    0,    0,    0,   -6,   -4,   -5,  -10,    0,    0,    0,    0,    0,    0,   -8,    0,    0,    0,    0,    0,    0,   -4,   -5,    0,   -6,    0,    0,   -4,    0,    0,    0,    0,    0,    0,    0,    0,    0,    0,   -6,    0,    0,    0,  -29,   -5,    0,    0,    0,    0,    0,    0,    0,    0,  -12,    0,    0,    0,    0,    0,    0,    0,    0,    0,    0,    0,    0,    0,    0,    0,    0,    0,    0,    0,    0,    0,    0,    0,  -24,  -20,    0,    0,    0,    0,    0,
       0,  -16,    0,    0,    0,  -10,    8,    9,    0,    0,   -7,    0,    0,    0,    0,    0,    0,    0,    0,    0,    0,    0,    0,    0,    0,    0,    0,    0,    0,  -12,    0,    0,    0,    0,    0,    0,    0,    0,    0,    0,    0,    0,    0,    0,    0,    0,    0,    0,   -9,    0,    0,    0,    0,    0,    0,    0,    0,    0,    0,    0,    0,    0,    0,    0,    0,    0,    0,  -18,    0,    0,    0,    0,    0,    0,    0,    0,    0,    0,    0,    0,    0,   -5,    0,    0,    0,    0,    0,    0,    0,    0,    0,    0,    0,    0,    0,    0,    0,   -6,    0,    0,    0,    0,    0,    0,    0,    0,    0,    0,    0,    0,    0,    0,    0,    0,   -6,    0,    0,    0,  -14,   -5,    0,   -5,    0,   10,    0,    0,    0,    0,  -12,    0,    0,    0,    0,    0,    0,    0,    0,    0,    0,    0,    0,    0,    0,    0,    0,    0,    0,    0,    0,    0,    0,    0,  -13,  -13,    0,    0,    0,    0,    0,
       0,    0,    0,   -8,   10,  -16,   12,  -20,    9,    4,    0,   -6,    0,    0,    0,    0,    0,    0,    0,    0,    0,    0,    0,    0,    0,    0,    0,    0,    0,   11,    0,    0,    0,    0,    0,    0,    0,    0,    0,    0,    0,    0,    0,    0,    0,    0,    0,   -6,    7,  -20,    0,    0,    0,    0,    0,    0,    0,    0,    0,    0,    0,    0,    0,    0,    0,    0,    0,    9,  -14,    0,    8,    5,    5,   10,    8,   10,    0,    0,  -22,  -21,   14,    0,    0,    0,   -4,   -8,    0,    0,    8,   -8,   10,    0,    7,    0,  -16,    0,   -8,  -16,  -14,  -11,   14,  -20,    0,  -10,    6,    0,    6,    5,   -7,    4,    0,    0,    0,    5,   -7,    0,  -16,   -8,    8,  -16,    0,  -10,  -21,   15,    0,   -7,   -6,    0,  -23,    0,    0,    0,    0,    0,    0,    0,    0,    0,    0,    0,    0,    0,    0,    0,    0,    0,    0,    0,    0,    0,    0,    0,    0,    0,    0,    0,    0,    0,    0,
       0,    4,    0,  -12,   13,    0,  -32,  -12,  -38,   -5,   11,  -12,    0,    0,    0,    0,    0,    0,    0,    0,    0,    0,    0,    0,    0,    0,    0,    0,    0,   15,    0,    0,    0,    0,    0,    0,    0,    0,    0,    0,    0,    0,    0,    0,    0,    0,    0,   -7,   10,  -16,    0,    0,    0,    0,    0,    0,    0,    0,    0,    0,    0,    0,    0,    0,    0,    0,    0,   13,   -8,    0,  -35,  -26,    8,  -26,  -24,   10,    0,   -4,  -10,   -9,   13,    0,    0,   -8,  -16,   -6,   -7,   -7,  -22,  -15,    0,    0,  -23,  -12,  -22,   -7,  -15,    0,    0,  -16,    0,    0,   -7,    0,    0,   -6,  -12,    8,  -13,  -15,    0,   21,    0,    8,    0,    0,   -8,  -15,   11,    0,    0,    0,    0,  -32,   -9,    0,   -8,    0,    0,    0,    0,    0,    0,    0,    0,    0,    0,    0,    0,    0,    0,    0,    0,    0,    0,    0,    0,    0,    0,    0,    0,    0,   11,   15,    0,    0,    0,    0,    0,
       0,  -23,    0,   -7,    0,  -32,   12,    0,   10,    8,  -13,    0,    0,    0,    0,    0,    0,    0,    0,    0,    0,    0,    0,    0,    0,    0,    0,    0,    0,  -10,    0,    0,    0,    0,    0,    0,    0,    0,    0,    0,    0,    0,    0,    0,    0,    0,    0,   -4,    0,   -6,    5,    0,    0,    0,    0,    0,    0,    0,    0,    0,    0,    0,    0,    0,    0,    0,    0,  -33,   -8,    8,   13,    5,    0,   15,    8,   10,    5,    0,  -10,  -11,   15,  -17,    0,    0,    0,    0,    0,    0,    8,    0,   10,    0,    7,    0,   -4,    0,    0,  -11,   -8,    0,   10,  -10,    0,   -8,    6,    0,    6,    0,    0,    4,    0,    0,    0,    0,   -7,    0,   -8,    0,  -28,   -9,    0,  -14,   -7,   15,    0,   -7,    0,    0,  -17,    0,    0,    0,    0,    0,    0,    0,    0,    0,    0,    0,    0,    0,    0,    0,    0,    0,    0,    0,    0,    0,    0,    0,  -30,  -26,    0,    0,    0,    0,    0,
       0,    0,    0,    0,   -5,   -5,    0,    4,  -12,    4,   -8,    0,    0,    0,    0,    0,    0,    0,    0,    0,    0,    0,    0,    0,    0,    0,    0,    0,    0,   -9,    0,    0,    0,    0,    0,    0,    0,    0,    0,    0,    0,    0,    0,    0,    0,    0,    0,    0,   -7,    4,    4,    0,    0,    0,    0,    0,    0,    0,    0,    0,    0,    0,    0,    0,    0,    0,    0,   -7,    0,   -4,    0,    0,    0,   -4,    0,   -5,    0,    0,    0,    0,   -9,    0,   -4,   -7,    0,    0,    0,    0,    0,    0,    0,    0,    0,    0,    0,    0,    0,    0,    0,    0,   -3,    0,    0,    0,    0,    0,    0,    0,    0,    0,    0,    0,    0,    0,    0,    0,    0,    0,   -8,    0,    0,    0,    0,    0,    0,    0,    0,    0,    0,    0,    0,    0,    0,    0,    0,    0,    0,    0,    0,    0,    0,    0,    0,    0,    0,    0,    0,    0,    0,    0,    0,    0,    0,    0,    0,    0,    0,    0,    0,
       0,   -7,    0,    0,    9,  -14,   11,    0,   14,    0,   -5,    0,    0,    0,    0,    0,    0,    0,    0,    0,    0,    0,    0,    0,    0,    0,    0,    0,    0,    8,    0,    0,    0,    0,    0,    0,    0,    0,    0,    0,    0,    0,    0,    0,    0,    0,    0,   -6,    8,   -6,    0,    0,    0,    0,    0,    0,    0,    0,    0,    0,    0,    0,    0,    0,    0,    0,    0,  -11,    0,    0,    8,    6,    0,    8,    6,    8,    5,    0,    0,  -12,    8,  -12,    0,    0,    0,    0,    0,    0,    6,    0,    8,    0,    8,    0,    0,    0,    0,    0,    9,    0,    8,   -8,    0,    0,    0,    0,    0,    0,    0,    0,    0,    0,   24,    0,    0,    0,    0,    0,   -8,    0,    0,   -9,    0,   14,    0,    0,    0,    0,    0,    0,    0,    0,    0,    0,    0,    0,    0,    0,    0,    0,    0,    0,    0,    0,    0,    0,    0,    0,    0,    0,    0,    0,   -5,   -5,    0,    0,    0,    0,    0,
       0,    0,    0,   -8,   10,  -16,   12,  -20,    9,    4,    4,   -6,    0,    0,    0,    0,    0,    0,    0,    0,    0,    0,    0,    0,    0,    0,    0,    0,    0,   11,    0,    0,    0,    0,    0,    0,    0,    0,    0,    0,    0,    0,    0,    0,    0,    0,    0,   -5,    9,  -20,    0,    0,    0,    0,    0,    0,    0,    0,    0,    0,    0,    0,    0,    0,    0,    0,    0,    9,  -14,    0,    8,    5,    7,   10,    8,   10,    0,    0,  -22,  -18,   14,    0,    0,    0,   -4,   -8,    0,    0,    8,   -7,   10,    0,    7,    0,  -16,    0,   -7,  -11,   -9,  -10,   14,  -15,    0,  -10,    0,    0,    0,    7,   -6,    4,    0,    0,    0,    7,   -7,    0,  -14,   -7,   10,  -10,    0,   -5,  -17,   15,    0,   -4,   -6,    0,  -18,    0,    0,    0,    0,    0,    0,    0,    0,    0,    0,    0,    0,    0,    0,    0,    0,    0,    0,    0,    0,    0,    0,    0,    0,    0,    0,    0,    0,    0,    0,
       0,    0,    0,    0,   -5,   -5,    0,    4,  -12,    4,   -8,    0,    0,    0,    0,    0,    0,    0,    0,    0,    0,    0,    0,    0,    0,    0,    0,    0,    0,   -9,    0,    0,    0,    0,    0,    0,    0,    0,    0,    0,    0,    0,    0,    0,    0,    0,    0,    0,   -7,    4,    4,    0,    0,    0,    0,    0,    0,    0,    0,    0,    0,    0,    0,    0,    0,    0,    0,   -7,    0,   -4,    0,    0,    0,   -4,    0,   -4,    0,    0,    0,    0,   -9,    0,    0,   -6,    0,    0,    0,    0,    0,    0,    0,    0,    0,    0,    0,    0,    0,    0,    0,    0,   -3,    0,    0,    0,    0,    0,    0,    0,    0,    0,    0,    0,    0,    0,    0,    0,    0,    0,   -7,    0,    0,    0,    0,    0,    0,    0,    0,    0,    0,    0,    0,    0,    0,    0,    0,    0,    0,    0,    0,    0,    0,    0,    0,    0,    0,    0,    0,    0,    0,    0,    0,    0,    0,    0,    0,    0,    0,    0,    0,
       0,    0,    0,   -4,   -6,   -4,    0,    0,    0,    0,   -6,    0,    0,    0,    0,    0,    0,    0,    0,    0,    0,    0,    0,    0,    0,    0,    0,   -4,    0,   -5,    0,    0,    0,    0,    0,    0,    0,    0,    0,    0,    0,    0,    0,    0,    0,    0,    0,    0,   -5,    0,    0,    0,    0,    0,    0,    0,    0,    0,    0,    0,    0,    0,    0,    0,    0,    0,    0,   -4,    0,    0,    0,    0,    0,    0,    0,    0,    0,    0,    0,    0,    0,    0,    0,    0,    0,    0,    0,    0,    0,    0,    0,    0,    0,    0,    0,    0,    0,    0,    0,   -5,    0,   -5,    0,    0,    0,    0,    0,    0,    0,    0,    0,    0,    0,    0,    0,    0,    0,    0,   -5,    0,    0,    0,    0,    0,    0,    0,    0,    0,    0,    0,    0,    0,    0,    0,    0,    0,    0,    0,    0,    0,    0,    0,    0,    0,    0,    0,    0,    0,    0,    0,    0,    0,   -8,   -6,    0,    0,    0,    0,    0,
       0,    0,    0,    0,   -8,    0,  -16,    8,  -21,    0,   -8,    0,    0,    0,    0,    0,    0,    0,    0,    0,    0,    0,    0,    0,    0,    0,    0,   -4,    0,   -8,    0,    0,    0,    0,    0,    0,    0,    0,    0,    0,    0,    0,    0,    0,    0,    0,    0,    0,  -10,    4,    0,    0,    0,    0,    0,    0,    0,    0,    0,    0,    0,    0,    0,    0,    0,    0,    0,   -9,    0,    0,   -9,    0,  -10,  -10,    0,  -14,   -8,    0,    0,    0,  -15,    0,  -11,   -6,    0,    0,    0,    0,    0,    0,    0,    0,    0,    0,    0,    0,    0,    0,    0,    0,    0,    0,    0,    0,    0,    0,    0,    0,    0,    0,    0,    0,    0,    0,    0,    0,    0,    0,  -12,    0,    0,    0,    0,   -9,    0,    0,    0,  -10,    0,    0,    0,    0,    0,    0,    0,    0,    0,    0,    0,    0,    0,    0,    0,    0,    0,    0,    0,    0,    0,    0,    0,    0,    0,    4,    0,    0,    0,    0,    0,
       0,    0,    0,    0,   -3,    0,  -42,    0,  -32,    5,    0,    0,    0,    0,    0,    0,    0,    0,    0,    0,    0,    0,    0,    0,    0,    0,    0,   -6,    0,   -5,    0,    0,    0,    0,    0,    0,    0,    0,    0,    0,    0,    0,    0,    0,    0,    0,    0,    0,   -4,   -4,    5,    0,    0,    0,    0,    0,    0,    0,    0,    0,    0,    0,    0,    0,    0,    0,    0,    5,    0,    0,  -36,  -24,    0,  -27,  -22,   -6,   -5,    0,    0,    0,   -9,    0,   -4,    0,   -8,    0,    0,    0,  -17,    0,    0,    0,  -17,   -4,   -6,    0,    0,    0,    4,    0,    5,    0,    0,    0,    0,    0,    0,    0,    0,    0,    0,    0,    0,    0,    0,    5,    0,    0,    0,    4,    0,    5,    0,  -24,    0,    0,    0,    0,    0,    0,    0,    0,    0,    0,    0,    0,    0,    0,    0,    0,    0,    0,    0,    0,    0,    0,    0,    0,    0,    0,    0,    0,   12,   12,    0,    0,    0,    0,    0,
       0,    7,    0,   -7,   10,    0,  -32,  -22,  -39,  -24,   10,  -14,    0,    0,    0,    0,    0,    0,    0,    0,    0,    0,    0,    0,    0,    0,    0,    0,    0,   12,    0,    0,    0,    0,    0,    0,    0,    0,    0,    0,    0,    0,    0,    0,    0,    0,    0,   -7,    8,  -30,  -26,    0,    0,    0,    0,    0,    0,    0,    0,    0,    0,    0,    0,    0,    0,    0,    0,   10,    0,    0,  -33,  -26,    6,  -33,  -25,    8,    0,   -4,   -9,   -4,   10,    0,    0,    0,  -30,    0,    0,    0,  -18,  -19,    0,    0,  -19,   -8,  -30,    0,  -20,    0,    0,  -22,  -30,    0,    0,    0,    0,    0,  -14,    6,  -17,  -29,    0,   19,    0,    6,    0,    0,    0,  -19,    9,    0,    0,    7,    0,  -20,   -5,    0,   -6,    0,    0,    0,    0,    0,    0,    0,    0,    0,    0,    0,    0,    0,    0,    0,    0,    0,    0,    0,    0,    0,    0,    0,    0,    0,   11,    8,    0,    0,    0,    0,    0,
       0,   -5,    0,    0,  -13,    0,  -16,    7,  -16,    0,  -10,    0,    0,    0,    0,    0,    0,    0,    0,    0,    0,    0,    0,    0,    0,    0,    0,   -6,    0,  -15,    0,    0,    0,    0,    0,    0,    0,    0,    0,    0,    0,    0,    0,    0,    0,    0,    0,    0,  -10,    0,    0,    0,    0,    0,    0,    0,    0,    0,    0,    0,    0,    0,    0,    0,    0,    0,    0,   -4,    0,    0,  -14,  -13,  -13,  -11,  -12,  -17,  -11,    0,    0,    0,  -16,    0,  -14,   -5,    0,    0,    0,    0,  -10,    0,    0,    0,  -11,   -4,    0,    0,    0,    0,    0,    0,    0,    0,    0,    0,    0,    0,    0,   -4,    0,    0,    0,    0,    0,   -4,    0,    0,    0,    0,  -14,    0,    0,    0,    0,  -14,    0,    0,    0,  -13,    0,    0,    0,    0,    0,    0,    0,    0,    0,    0,    0,    0,    0,    0,    0,    0,    0,    0,    0,    0,    0,    0,    0,    0,    0,    0,    0,    0,    0,    0,    0,
       0,    0,    0,   -8,   10,  -10,   10,  -13,    9,    7,    8,   -6,    0,    0,    0,    0,    0,    0,    0,    0,    0,    0,    0,    0,    0,    0,    0,    0,    0,   12,    0,    0,    0,    0,    0,    0,    0,    0,    0,    0,    0,    0,    0,    0,    0,    0,    0,   -6,    8,  -15,    0,    0,    0,    0,    0,    0,    0,    0,    0,    0,    0,    0,    0,    0,    0,    0,    0,   10,  -11,    7,   10,    5,    6,   14,    8,   10,    4,    0,  -15,  -16,   14,    0,    0,    0,    0,   -7,    0,    0,    8,   -7,   10,    0,    7,    0,  -12,    0,   -7,   -8,   -7,   -9,   10,  -13,    0,   -8,    0,    0,    0,    6,   -6,    4,    0,    0,    0,    6,   -5,    0,  -12,   -7,    8,   -8,    0,    0,  -14,   15,    0,   -5,   -5,    0,  -16,    0,    0,    0,    0,    0,    0,    0,    0,    0,    0,    0,    0,    0,    0,    0,    0,    0,    0,    0,    0,    0,    0,    0,    4,    6,    0,    0,    0,    0,    0,
       0,    0,    0,    0,   -8,    0,  -16,    8,  -21,    0,   -8,    0,    0,    0,    0,    0,    0,    0,    0,    0,    0,    0,    0,    0,    0,    0,    0,   -4,    0,   -8,    0,    0,    0,    0,    0,    0,    0,    0,    0,    0,    0,    0,    0,    0,    0,    0,    0,    0,   -9,    4,    0,    0,    0,    0,    0,    0,    0,    0,    0,    0,    0,    0,    0,    0,    0,    0,    0,   -9,    0,    0,   -9,    0,  -10,  -10,    0,  -14,   -8,    0,    0,    0,  -15,    0,  -10,   -6,    0,    0,    0,    0,    0,    0,    0,    0,    0,    0,    0,    0,    0,    0,    0,    0,    0,    0,    0,    0,    0,    0,    0,    0,    0,    0,    0,    0,    0,    0,    0,    0,    0,    0,  -12,    0,    0,    0,    0,   -8,    0,    0,    0,   -9,    0,    0,    0,    0,    0,    0,    0,    0,    0,    0,    0,    0,    0,    0,    0,    0,    0,    0,    0,    0,    0,    0,    0,    0,    0,    4,    0,    0,    0,    0,    0,
       0,  -10,    0,    0,   -8,  -12,    0,    6,    0,    0,  -13,    0,    0,    0,    0,    0,    0,    0,    0,    0,    0,    0,    0,    0,    0,    0,    0,    0,    0,  -14,    0,    0,    0,    0,    0,    0,    0,    0,    0,    0,    0,    0,    0,    0,    0,    0,    0,    0,   -7,    0,    0,    0,    0,    0,    0,    0,    0,    0,    0,    0,    0,    0,    0,    0,    0,    0,    0,    0,    0,    0,    0,    0,    0,    0,    0,    0,    0,    0,    0,    0,    0,    0,    0,    0,    0,    0,    0,    0,    0,    0,    0,    0,    0,    0,    0,    0,    0,    0,    0,    0,    0,    0,    0,    0,    0,    0,    0,    0,    0,    0,    0,    0,    0,    0,    0,    0,    0,    0,    0,    0,    0,    0,    0,    0,    0,    0,    0,    0,   -6,    0,    0,    0,    0,    0,    0,    0,    0,    0,    0,    0,    0,    0,    0,    0,    0,    0,    0,    0,    0,    0,    0,    0,   -9,   -9,    0,    0,    0,    0,    0,
       0,    0,    0,    0,    0,   -7,    0,   10,   -8,    0,    0,    0,    0,    0,    0,    0,    0,    0,    0,    0,    0,    0,    0,    0,    0,    0,    0,   -4,    0,    0,    0,    0,    0,    0,    0,    0,    0,    0,    0,    0,    0,    0,    0,    0,    0,    0,    0,    0,    0,    0,    0,    0,    0,    0,    0,    0,    0,    0,    0,    0,    0,    0,    0,    0,    0,    0,    0,    0,    0,    0,    0,    0,    0,    0,    0,    0,    0,    0,    0,    0,    0,    0,    0,    0,    0,    0,    0,    0,    0,    0,   -6,    0,    0,    0,    0,    0,    0,    0,    0,    0,   -4,    0,    0,    0,    0,    0,    0,    0,    0,    0,    0,    0,    0,    0,    0,    0,    0,    0,    0,    0,    0,    0,    0,    0,    0,    0,    0,    0,   -6,    0,    0,    0,    0,    0,    0,    0,    0,    0,    0,    0,    0,    0,    0,    0,    0,    0,    0,    0,    0,    0,    0,    0,    0,    0,    0,    0,    0,    0,    0,
       0,   -8,    0,    0,   -7,   -6,    0,    0,    0,    0,   -7,    0,    0,    0,    0,    0,    0,    0,    0,    0,    0,    0,    0,    0,    0,    0,    0,    0,    0,  -11,    0,    0,    0,    0,    0,    0,    0,    0,    0,    0,    0,    0,    0,    0,    0,    0,    0,    0,   -7,    0,    0,    0,    0,    0,    0,    0,    0,    0,    0,    0,    0,    0,    0,    0,    0,    0,    0,    0,    0,    0,    0,    0,    0,    0,    0,    0,    0,    0,    0,    0,    0,    0,    0,    0,    0,    0,    0,    0,    0,    0,    0,    0,    0,    0,    0,    0,    0,    0,    0,    0,    0,    0,    0,    0,    0,    0,    0,    0,    0,    0,    0,    0,    0,    0,    0,    0,    0,    0,    0,    0,    0,    0,    0,    0,    0,    0,    0,    0,   -5,    0,    0,    0,    0,    0,    0,    0,    0,    0,    0,    0,    0,    0,    0,    0,    0,    0,    0,    0,    0,    0,    0,    0,   -6,   -5,    0,    0,    0,    0,    0,
       0,    0,    0,    0,    0,    0,  -23,    0,  -15,    6,    0,    0,    0,    0,    0,    0,    0,    0,    0,    0,    0,    0,    0,    0,    0,    0,    0,    0,    0,   -8,    0,    0,    0,    0,    0,    0,    0,    0,    0,    0,    0,    0,    0,    0,    0,    0,    0,    0,    0,    0,    6,    0,    0,    0,    0,    0,    0,    0,    0,    0,    0,    0,    0,    0,    0,    0,    0,    0,    0,    0,    0,    0,    0,    0,    0,    0,    0,    0,    0,    0,    0,    0,    0,    0,    0,    0,    0,    0,  -12,    0,    8,    0,  -13,    0,    0,    0,    0,    8,   10,    0,    9,    0,    0,    8,    0,    0,    0,    0,    0,    0,    0,    0,    0,    0,   10,   10,    0,    0,    0,   10,    0,    0,   10,    0,    0,    0,    0,    0,    0,    0,    0,    0,    0,    0,    0,    0,    0,    0,    0,    0,    0,    0,    0,    0,    0,    0,    0,    0,    0,    0,    0,    0,    7,    9,    0,    0,    0,    0,    0,
       0,   -8,    0,    0,    9,   -9,   11,    0,   13,    0,   -5,    0,    0,    0,    0,    0,    0,    0,    0,    0,    0,    0,    0,    0,    0,    0,    0,    0,    0,    8,    0,    0,    0,    0,    0,    0,    0,    0,    0,    0,    0,    0,    0,    0,    0,    0,    0,    0,    8,   -4,    0,    0,    0,    0,    0,    0,    0,    0,    0,    0,    0,    0,    0,    0,    0,    0,    0,    0,    0,    0,    0,    0,    0,    0,    0,    0,    0,    0,    0,    0,    0,    0,    0,    0,    0,    0,    0,    0,    6,    0,    8,    0,    8,    0,    0,    0,    0,   -5,    9,    0,    8,   -5,    0,   -4,    4,    0,    0,    0,    0,    0,    0,    0,   24,    0,    0,    0,    0,    0,    0,    0,    0,    0,    0,    0,    0,    0,    0,    0,    0,    0,    0,    0,    0,    0,    0,    0,    0,    0,    0,    0,    0,    0,    0,    0,    0,    0,    0,    0,    0,    0,    0,    0,   -7,   -4,    0,    0,    0,    0,    0,
       0,   -9,    0,    0,   -9,  -12,   -8,    5,   -5,    0,  -10,    0,    0,    0,    0,    0,    0,    0,    0,    0,    0,    0,    0,    0,    0,    0,    0,    0,    0,  -13,    0,    0,    0,    0,    0,    0,    0,    0,    0,    0,    0,    0,    0,    0,    0,    0,    0,    0,   -7,    4,    0,    0,    0,    0,    0,    0,    0,    0,    0,    0,    0,    0,    0,    0,    0,    0,    0,    0,    0,    0,    0,    0,    0,    0,    0,    0,    0,    0,    0,    0,    0,    0,    0,    0,    0,    0,    0,    0,    0,    0,    0,    0,    0,    0,    0,    0,    0,    0,    0,    0,   -6,    0,    0,    0,    0,    0,    0,    0,    0,    0,    0,    0,    0,    0,    0,    0,    0,    0,    0,    0,    0,    0,    0,    0,    0,    0,    0,    0,   -4,    0,    0,    0,    0,    0,    0,    0,    0,    0,    0,    0,    0,    0,    0,    0,    0,    0,    0,    0,    0,    0,    0,    0,   -4,   -7,    0,    0,    0,    0,    0,
       0,    0,    0,   -5,    0,    5,    5,  -18,    8,    4,    0,   -9,    0,    0,    0,    0,    0,    0,    0,    0,    0,    0,    0,    0,    0,    0,    0,    0,    0,  -10,    0,    0,    0,    0,    0,    0,    0,    0,    0,    0,    0,    0,    0,    0,    0,    0,    0,   -5,    0,  -14,    0,    0,    0,    0,    0,    0,    0,    0,    0,    0,    0,    0,    0,    0,    0,    0,    0,    0,    0,    0,    0,    0,    0,    0,    0,    0,    0,    0,    0,    0,    0,    0,    0,    0,   -4,    0,    0,    0,    8,   -6,   10,    5,    7,    0,  -14,    0,   -6,    6,    8,   -7,    8,    0,    0,    6,    6,    0,    6,    0,    0,    0,    0,    0,    0,    0,    8,    4,    0,   -6,    0,    7,    0,    0,    0,    0,    0,    0,    0,    0,    0,    0,    0,    0,    0,    0,    0,    0,    0,    0,    0,    0,    0,    0,    0,    0,    0,    0,    0,    0,    0,    0,    0,    0,    5,   10,    0,    0,    0,    0,    0,
       0,   -5,    0,    0,   -4,    0,    4,    6,    0,    0,   -4,    0,    0,    0,    0,    0,    0,    0,    0,    0,    0,    0,    0,    0,    0,    0,    0,    0,    0,  -10,    0,    0,    0,    0,    0,    0,    0,    0,    0,    0,    0,    0,    0,    0,    0,    0,    0,    0,   -5,    0,    0,    0,    0,    0,    0,    0,    0,    0,    0,    0,    0,    0,    0,    0,    0,    0,    0,    0,    0,    0,    0,    0,    0,    0,    0,    0,    0,    0,    0,    0,    0,    0,    0,    0,    0,    0,    0,    0,    0,    0,    0,    0,    5,    0,    0,    0,    0,    0,    0,    0,    0,    0,    0,    0,    0,    0,    0,    0,    0,    0,    0,    0,    0,    0,    0,    0,    0,    0,    0,    0,    0,    0,    0,    0,    0,    0,    0,    0,    0,    0,    0,    0,    0,    0,    0,    0,    0,    0,    0,    0,    0,    0,    0,    0,    0,    0,    0,    0,    0,    0,    0,    0,    0,    0,    0,    0,    0,    0,    0,
       0,    0,    0,   -5,    0,    5,    5,  -18,    8,    4,    0,   -9,    0,    0,    0,    0,    0,    0,    0,    0,    0,    0,    0,    0,    0,    0,    0,    0,    0,  -10,    0,    0,    0,    0,    0,    0,    0,    0,    0,    0,    0,    0,    0,    0,    0,    0,    0,   -5,    0,  -14,    0,    0,    0,    0,    0,    0,    0,    0,    0,    0,    0,    0,    0,    0,    0,    0,    0,    0,    0,    0,    0,    0,    0,    0,    0,    0,    0,    0,    0,    0,    0,    0,    0,    0,   -4,    0,    0,    0,    8,   -7,   10,    5,    7,    0,  -14,    0,   -7,    8,   10,   -8,    8,    0,    0,    8,    6,    0,    6,    0,   -5,    0,    0,    0,    0,    0,   10,    5,    0,   -7,    0,    8,    0,    0,    0,    0,    0,    0,    0,    0,    0,    0,    0,    0,    0,    0,    0,    0,    0,    0,    0,    0,    0,    0,    0,    0,    0,    0,    0,    0,    0,    0,    0,    0,    5,   10,    0,    0,    0,    0,    0,
       0,    0,    0,    0,   -6,    0,    0,    5,    0,    0,   -6,    0,    0,    0,    0,    0,    0,    0,    0,    0,    0,    0,    0,    0,    0,    0,    0,    0,    0,   -9,    0,    0,    0,    0,    0,    0,    0,    0,    0,    0,    0,    0,    0,    0,    0,    0,    0,    0,   -5,    0,    0,    0,    0,    0,    0,    0,    0,    0,    0,    0,    0,    0,    0,    0,    0,    0,    0,    0,    0,    0,    0,    0,    0,    0,    0,    0,    0,    0,    0,    0,    0,    0,    0,    0,    0,    0,    0,    0,    0,    0,    0,    0,    0,    0,    0,    0,    0,    0,    0,    0,    0,    0,    0,    0,    0,    0,    0,    0,    0,    0,    0,    0,    0,    0,    0,    0,    0,    0,    0,    0,    0,    0,    0,    0,    0,    0,    0,    0,   -6,    0,    0,    0,    0,    0,    0,    0,    0,    0,    0,    0,    0,    0,    0,    0,    0,    0,    0,    0,    0,    0,    0,    0,    0,    0,    0,    0,    0,    0,    0,
       0,   -5,    0,    0,   -5,   -6,    0,    0,    0,    0,   -6,    0,    0,    0,    0,    0,    0,    0,    0,    0,    0,    0,    0,    0,    0,    0,    0,    0,    0,  -11,    0,    0,    0,    0,    0,    0,    0,    0,    0,    0,    0,    0,    0,    0,    0,    0,    0,    0,   -7,    0,    0,    0,    0,    0,    0,    0,    0,    0,    0,    0,    0,    0,    0,    0,    0,    0,    0,    0,    0,    0,    0,    0,    0,    0,    0,    0,    0,    0,    0,    0,    0,    0,    0,    0,    0,    0,    0,    0,    0,    0,    0,    0,    0,    0,    0,    0,    0,    0,    0,    0,    0,    0,    0,    0,    0,    0,    0,    0,    0,    0,    0,    0,    0,    0,    0,    0,    0,    0,    0,    0,    0,    0,    0,    0,    0,    0,    0,    0,   -8,    0,    0,    0,    0,    0,    0,    0,    0,    0,    0,    0,    0,    0,    0,    0,    0,    0,    0,    0,    0,    0,    0,    0,    0,    0,    0,    0,    0,    0,    0,
       0,    0,    0,    0,   -6,    0,    0,    5,    0,    0,   -6,    0,    0,    0,    0,    0,    0,    0,    0,    0,    0,    0,    0,    0,    0,    0,    0,    0,    0,   -9,    0,    0,    0,    0,    0,    0,    0,    0,    0,    0,    0,    0,    0,    0,    0,    0,    0,    0,   -6,    0,    0,    0,    0,    0,    0,    0,    0,    0,    0,    0,    0,    0,    0,    0,    0,    0,    0,    0,    0,    0,    0,    0,    0,    0,    0,    0,    0,    0,    0,    0,    0,    0,    0,    0,    0,    0,    0,    0,    0,    0,    0,    0,    0,    0,    0,    0,    0,    0,    0,    0,    0,    0,    0,    0,    0,    0,    0,    0,    0,    0,    0,    0,    0,    0,    0,    0,    0,    0,    0,    0,    0,    0,    0,    0,    0,    0,    0,    0,   -6,    0,    0,    0,    0,    0,    0,    0,    0,    0,    0,    0,    0,    0,    0,    0,    0,    0,    0,    0,    0,    0,    0,    0,    0,    0,    0,    0,    0,    0,    0,
       0,  -12,    0,    0,  -10,  -12,  -12,    5,  -11,    0,  -11,    0,    0,    0,    0,    0,    0,    0,    0,    0,    0,    0,    0,    0,    0,    0,    0,    0,    0,  -14,    0,    0,    0,    0,    0,    0,    0,    0,    0,    0,    0,    0,    0,    0,    0,    0,    0,    0,   -8,    4,    0,    0,    0,    0,    0,    0,    0,    0,    0,    0,    0,    0,    0,    0,    0,    0,    0,    0,    0,    0,    0,    0,    0,    0,    0,    0,    0,    0,    0,    0,    0,    0,    0,    0,    0,    0,    0,    0,    0,    0,   -6,    0,    0,    0,    0,    0,    0,    0,    0,    0,   -7,    0,    0,    0,    0,    0,    0,    0,    0,    0,    0,    0,    0,    0,    0,    0,    0,    0,    0,    0,    0,    0,    0,    0,    0,    0,    0,    0,   -6,    0,    0,    0,    0,    0,    0,    0,    0,    0,    0,    0,    0,    0,    0,    0,    0,    0,    0,    0,    0,    0,    0,    0,  -10,  -10,    0,    0,    0,    0,    0,
       0,  -12,    0,    0,  -12,   -6,    0,   10,   -8,    0,   -8,    0,    0,    0,    0,    0,    0,    0,    0,    0,    0,    0,    0,    0,    0,    0,    0,   -6,    0,  -14,    0,    0,    0,    0,    0,    0,    0,    0,    0,    0,    0,    0,    0,    0,    0,    0,    0,    0,  -11,    0,    0,    0,    0,    0,    0,    0,    0,    0,    0,    0,    0,    0,    0,    0,    0,    0,    0,    0,    0,    0,    0,    0,    0,    0,    0,    0,    0,    0,    0,    0,    0,    0,    0,    0,    0,    0,    0,    0,    0,    0,   -6,    0,    0,    0,    0,    0,    0,    0,    0,    0,    0,    0,    0,    0,    0,    0,    0,   -4,    0,    0,    0,    0,    0,    0,    0,    0,    0,    0,    0,    0,    0,    0,    0,    0,    0,    0,    0,    0,   -5,    0,    0,    0,    0,    0,    0,    0,    0,    0,    0,    0,    0,    0,    0,    0,    0,    0,    0,    0,    0,    0,    0,    0,   -9,  -10,    0,    0,    0,    0,    0,
       0,    0,    0,    0,    0,    0,    7,   -4,    0,    4,   -5,   -4,    0,    0,    0,    0,    0,    0,    0,    0,    0,    0,    0,    0,    0,    0,    0,    0,    0,  -14,    0,    0,    0,    0,    0,    0,    0,    0,    0,    0,    0,    0,    0,    0,    0,    0,    0,    0,   -7,   -6,    0,    0,    0,    0,    0,    0,    0,    0,    0,    0,    0,    0,    0,    0,    0,    0,    0,    0,    0,    0,    0,    0,    0,    0,    0,    0,    0,    0,    0,    0,    0,    0,    0,    0,    0,    0,    0,    0,    0,    0,    6,    0,    0,    0,  -10,    0,    0,    0,    0,    0,    5,    0,    0,    0,    0,    0,    0,    0,    0,    0,    0,    0,    0,    0,    4,    0,    0,    0,    0,    4,    0,    0,    0,    0,    0,    0,    0,    0,    0,    0,    0,    0,    0,    0,    0,    0,    0,    0,    0,    0,    0,    0,    0,    0,    0,    0,    0,    0,    0,    0,    0,    0,    4,   10,    0,    0,    0,    0,    0,
       0,    0,    0,    0,    0,    0,  -15,    0,  -17,    0,    0,    0,    0,    0,    0,    0,    0,    0,    0,    0,    0,    0,    0,    0,    0,    0,    0,    0,    0,  -10,    0,    0,    0,    0,    0,    0,    0,    0,    0,    0,    0,    0,    0,    0,    0,    0,    0,    0,   -6,    0,    0,    0,    0,    0,    0,    0,    0,    0,    0,    0,    0,    0,    0,    0,    0,    0,    0,    0,    0,    0,    0,    0,    0,    0,    0,    0,    0,    0,    0,    0,    0,    0,    0,    0,    0,    0,    0,    0,  -12,    0,    6,    0,  -11,    0,    0,    0,    0,    6,    8,   -4,    7,    0,    0,    6,    0,    0,    0,    0,    0,    0,    0,    0,    0,    0,    8,    8,    0,    0,    0,    8,    0,    0,    8,    0,    0,    0,    0,    0,    0,    0,    0,    0,    0,    0,    0,    0,    0,    0,    0,    0,    0,    0,    0,    0,    0,    0,    0,    0,    0,    0,    0,    0,    5,    7,    0,    0,    0,    0,    0,
       0,    0,    0,    0,    0,    0,  -12,    0,  -13,    0,    0,    0,    0,    0,    0,    0,    0,    0,    0,    0,    0,    0,    0,    0,    0,    0,    0,    0,    0,   -8,    0,    0,    0,    0,    0,    0,    0,    0,    0,    0,    0,    0,    0,    0,    0,    0,    0,    0,    0,    0,    0,    0,    0,    0,    0,    0,    0,    0,    0,    0,    0,    0,    0,    0,    0,    0,    0,    0,    0,    0,    0,    0,    0,    0,    0,    0,    0,    0,    0,    0,    0,    0,    0,    0,    0,    0,    0,    0,  -10,    0,    8,    0,   -8,    0,    0,    0,    0,    8,   10,   -4,    9,    0,    0,    8,    0,    0,    0,    0,    0,    0,    0,    0,    0,    0,   10,    8,    0,    0,    0,   10,    0,    0,    5,    0,    0,    0,    0,    0,    0,    0,    0,    0,    0,    0,    0,    0,    0,    0,    0,    0,    0,    0,    0,    0,    0,    0,    0,    0,    0,    0,    0,    0,    4,    8,    0,    0,    0,    0,    0,
       0,  -18,    0,    0,  -14,   -7,    0,   10,   -9,    0,  -12,    0,    0,    0,    0,    0,    0,    0,    0,    0,    0,    0,    0,    0,    0,    0,    0,   -6,    0,  -15,    0,    0,    0,    0,    0,    0,    0,    0,    0,    0,    0,    0,    0,    0,    0,    0,    0,    0,  -11,    0,    0,    0,    0,    0,    0,    0,    0,    0,    0,    0,    0,    0,    0,    0,    0,    0,    0,    0,    0,    0,    0,    0,    0,    0,    0,    0,    0,    0,    0,    0,    0,    0,    0,    0,    0,    0,    0,    0,    0,    0,   -8,   -4,    0,    0,    0,    0,    0,   -4,   -4,    0,   -6,   -2,    0,    0,    0,    0,   -3,   -4,    0,    0,    0,    0,    0,   -4,    0,    0,    0,    0,    0,    0,    0,    0,    0,    0,    0,    0,    0,    0,   -7,    0,    0,    0,    0,    0,    0,    0,    0,    0,    0,    0,    0,    0,    0,    0,    0,    0,    0,    0,    0,    0,    0,    0,  -18,  -14,    0,    0,    0,    0,    0,
       0,    0,    0,   -5,    0,    5,    8,   -8,    8,    6,    0,   -4,    0,    0,    0,    0,    0,    0,    0,    0,    0,    0,    0,    0,    0,    0,    0,    0,    0,  -12,    0,    0,    0,    0,    0,    0,    0,    0,    0,    0,    0,    0,    0,    0,    0,    0,    0,   -4,    0,  -11,    0,    0,    0,    0,    0,    0,    0,    0,    0,    0,    0,    0,    0,    0,    0,    0,    0,    0,    0,    0,    0,    0,    0,    0,    0,    0,    0,    0,    0,    0,    0,    0,    0,    0,    0,    0,    0,    0,    8,   -4,   10,    5,    7,    0,  -10,    0,   -4,    6,    8,   -6,   13,    0,    0,    6,    6,    0,    6,    0,    0,    0,    0,    0,    0,    0,    8,    5,    0,   -4,    0,    7,    0,    0,    0,    0,    0,    0,    0,    0,    0,    0,    0,    0,    0,    0,    0,    0,    0,    0,    0,    0,    0,    0,    0,    0,    0,    0,    0,    0,    0,    0,    0,    0,    6,   11,    0,    0,    0,    0,    0,
       0,  -29,    0,    0,   -9,  -21,    0,    4,    0,    0,   -9,    0,    0,    0,    0,    0,    0,    0,    0,    0,    0,    0,    0,    0,    0,    0,    0,   -4,    0,  -13,    0,    0,    0,    0,    0,    0,    0,    0,    0,    0,    0,    0,    0,    0,    0,    0,    0,    0,   -8,    0,    0,    0,    0,    0,    0,    0,    0,    0,    0,    0,    0,    0,    0,    0,    0,    0,    0,    0,    0,    0,    0,    0,    0,    0,    0,    0,    0,    0,    0,    0,    0,    0,    0,    0,    0,    0,    0,    0,    0,    0,    0,    0,    4,    0,    0,    0,    0,  -14,   -9,    0,    0,    0,    0,  -11,    0,    0,    0,    0,    0,    0,    0,    0,    0,    0,  -10,    0,    0,    0,    0,   -9,    0,    0,    0,    0,    0,    0,    0,    0,  -16,    0,    0,    0,    0,    0,    0,    0,    0,    0,    0,    0,    0,    0,    0,    0,    0,    0,    0,    0,    0,    0,    0,    0,  -25,  -28,    0,    0,    0,    0,    0,
       0,  -10,    0,    0,  -10,  -12,  -12,    5,  -11,    0,  -11,    0,    0,    0,    0,    0,    0,    0,    0,    0,    0,    0,    0,    0,    0,    0,    0,    0,    0,  -14,    0,    0,    0,    0,    0,    0,    0,    0,    0,    0,    0,    0,    0,    0,    0,    0,    0,    0,   -7,    4,    0,    0,    0,    0,    0,    0,    0,    0,    0,    0,    0,    0,    0,    0,    0,    0,    0,    0,    0,    0,    0,    0,    0,    0,    0,    0,    0,    0,    0,    0,    0,    0,    0,    0,    0,    0,    0,    0,    0,    0,    0,    0,    0,    0,    0,    0,    0,    0,    0,    0,   -7,    0,    0,    0,    0,    0,    0,    0,    0,    0,    0,    0,    0,    0,    0,    0,    0,    0,    0,    0,    0,    0,    0,    0,    0,    0,    0,    0,    0,    0,    0,    0,    0,    0,    0,    0,    0,    0,    0,    0,    0,    0,    0,    0,    0,    0,    0,    0,    0,    0,    0,    0,  -10,  -10,    0,    0,    0,    0,    0,
       0,  -12,    0,    0,  -10,  -12,  -12,    5,  -11,    0,  -11,    0,    0,    0,    0,    0,    0,    0,    0,    0,    0,    0,    0,    0,    0,    0,    0,    0,    0,  -14,    0,    0,    0,    0,    0,    0,    0,    0,    0,    0,    0,    0,    0,    0,    0,    0,    0,    0,   -8,    4,    0,    0,    0,    0,    0,    0,    0,    0,    0,    0,    0,    0,    0,    0,    0,    0,    0,    0,    0,    0,    0,    0,    0,    0,    0,    0,    0,    0,    0,    0,    0,    0,    0,    0,    0,    0,    0,    0,    0,    0,   -6,    0,    0,    0,    0,    0,    0,    0,    0,    0,   -7,    0,    0,    0,    0,    0,    0,    0,    0,    0,    0,    0,    0,    0,    0,    0,    0,    0,    0,    0,    0,    0,    0,    0,    0,    0,    0,    0,   -5,    0,    0,    0,    0,    0,    0,    0,    0,    0,    0,    0,    0,    0,    0,    0,    0,    0,    0,    0,    0,    0,    0,    0,  -10,  -10,    0,    0,    0,    0,    0,
       0,    0,    0,    0,   -6,    0,    0,    5,    0,    0,   -6,    0,    0,    0,    0,    0,    0,    0,    0,    0,    0,    0,    0,    0,    0,    0,    0,    0,    0,  -10,    0,    0,    0,    0,    0,    0,    0,    0,    0,    0,    0,    0,    0,    0,    0,    0,    0,    0,   -7,    0,    0,    0,    0,    0,    0,    0,    0,    0,    0,    0,    0,    0,    0,    0,    0,    0,    0,    0,    0,    0,    0,    0,    0,    0,    0,    0,    0,    0,    0,    0,    0,    0,    0,    0,    0,    0,    0,    0,    0,    0,    0,    0,    0,    0,    0,    0,    0,    0,    0,    0,    0,    0,    0,    0,    0,    0,    0,    0,    0,    0,    0,    0,    0,    0,    0,    0,    0,    0,    0,    0,    0,    0,    0,    0,    0,    0,    0,    0,   -6,    0,    0,    0,    0,    0,    0,    0,    0,    0,    0,    0,    0,    0,    0,    0,    0,    0,    0,    0,    0,    0,    0,    0,    0,    0,    0,    0,    0,    0,    0,
       0,  -14,    0,   -6,    0,   -9,    0,    6,    0,    0,   -8,    0,    0,    0,    0,    0,    0,    0,    0,    0,    0,    0,    0,    0,    0,    0,    0,    0,    0,    0,    0,    0,    0,    0,    0,    0,    0,    0,    0,    0,    0,    0,    0,    0,    0,    0,    0,    0,    0,    0,    0,    0,    0,    0,    0,    0,    0,    0,    0,    0,    0,    0,    0,    0,    0,    0,    0,    0,    0,    0,    0,    0,    0,    0,    0,    0,    0,    0,    0,    0,    0,    0,    0,    0,    0,    0,    0,    0,    0,    0,    0,    0,    0,    0,    0,    0,    0,    0,    0,    0,    0,    0,    0,    0,    0,    0,    0,   -6,    0,    0,    0,    0,   11,    0,    0,    0,    0,    0,    0,    0,    0,    0,    0,    0,    0,    0,    0,    0,   -4,    0,    0,    0,    0,    0,    0,    0,    0,    0,    0,    0,    0,    0,    0,    0,    0,    0,    0,    0,    0,    0,    0,    0,  -14,  -10,    0,    0,    0,    0,    0,
       0,    0,    0,    0,    0,    0,    6,    0,    0,    0,   -4,    0,    0,    0,    0,    0,    0,    0,    0,    0,    0,    0,    0,    0,    0,    0,    0,    0,    0,  -10,    0,    0,    0,    0,    0,    0,    0,    0,    0,    0,    0,    0,    0,    0,    0,    0,    0,    0,   -7,   -5,    0,    0,    0,    0,    0,    0,    0,    0,    0,    0,    0,    0,    0,    0,    0,    0,    0,    0,    0,    0,    0,    0,    0,    0,    0,    0,    0,    0,    0,    0,    0,    0,    0,    0,    0,    0,    0,    0,    0,    0,    6,    0,    0,    0,    0,    0,    0,    0,    0,   -4,    6,    0,    0,    0,    0,    0,    0,    0,    0,    0,    0,    0,    0,    0,    0,    0,    0,    0,    0,    0,    0,    0,    0,    0,    0,    0,    0,    0,    0,    0,    0,    0,    0,    0,    0,    0,    0,    0,    0,    0,    0,    0,    0,    0,    0,    0,    0,    0,    0,    0,    0,    0,    0,    0,    0,    0,    0,    0,    0,
       0,    0,    0,    0,   -5,   -4,    0,    0,   -4,    0,  -14,    0,    0,    0,    0,    0,    0,    0,    0,    0,    0,    0,    0,    0,    0,    0,    0,    0,    0,  -14,    0,    0,    0,    0,    0,    0,    0,    0,    0,    0,    0,    0,    0,    0,    0,    0,    0,    0,   -7,    0,    0,    0,    0,    0,    0,    0,    0,    0,    0,    0,    0,    0,    0,    0,    0,    0,    0,    0,    0,    0,    0,    0,    0,    0,    0,    0,    0,    0,    0,    0,    0,    0,    0,    0,    0,    0,    0,    0,    0,    0,    0,    0,    0,    0,    0,    0,    0,    0,    0,    0,    0,    0,    0,    0,    0,    0,    0,    0,    0,    0,    0,    0,    0,    0,    0,    0,    0,    0,    0,    0,    0,    0,    0,    0,    0,    0,    0,    0,   -4,    0,    0,    0,    0,    0,    0,    0,    0,    0,    0,    0,    0,    0,    0,    0,    0,    0,    0,    0,    0,    0,    0,    0,    0,    0,    0,    0,    0,    0,    0,
       0,    0,    0,    0,    4,    0,    0,    5,    0,    0,    0,    0,    0,    0,    0,    0,    0,    0,    0,    0,    0,    0,    0,    0,    0,    0,    0,    0,    0,    0,    0,    0,    0,    0,    0,    0,    0,    0,    0,    0,    0,    0,    0,    0,    0,    0,    0,    0,    0,    0,    0,    0,    0,    0,    0,    0,    0,    0,    0,    0,    0,    0,    0,    0,    0,    0,    0,    0,    0,    0,    0,    0,    0,    0,    0,    0,    0,    0,    0,    0,    0,    0,    0,    0,    0,    0,    0,    0,    0,    0,    0,    0,    0,    0,    0,    0,    0,    0,    0,    0,    0,    0,    0,    0,    0,    0,    0,    0,    0,    0,    0,    0,    0,    0,    0,    0,    0,    0,    0,    0,    0,    0,    0,    0,    0,    0,    0,    0,   -6,    0,    0,    0,    0,    0,    0,    0,    0,    0,    0,    0,    0,    0,    0,    0,    0,    0,    0,    0,    0,    0,    0,    0,    0,    0,    0,    0,    0,    0,    0,
       0,    0,    0,   -4,    5,    0,    0,    5,    0,    0,    0,    0,    0,    0,    0,    0,    0,    0,    0,    0,    0,    0,    0,    0,    0,    0,    0,    0,    0,    4,    0,    0,    0,    0,    0,    0,    0,    0,    0,    0,    0,    0,    0,    0,    0,    0,    0,    0,    0,    0,    0,    0,    0,    0,    0,    0,    0,    0,    0,    0,    0,    0,    0,    0,    0,    0,    0,    0,    0,    0,    0,    0,    0,    0,    0,    0,    0,    0,    0,    0,    0,    0,    0,    0,    0,    0,    0,    0,    0,    0,    0,    0,    0,    0,    0,    0,    0,    0,    0,    0,    0,    0,    0,    0,    0,    0,    0,    0,    0,    0,    0,    0,   12,    0,    0,    0,    0,    0,    0,    0,    0,    0,    0,    0,    0,    0,    0,    0,   -6,    0,    0,    0,    0,    0,    0,    0,    0,    0,    0,    0,    0,    0,    0,    0,    0,    0,    0,    0,    0,    0,    0,    0,    0,    0,    0,    0,    0,    0,    0,
       0,  -14,    0,   -4,   -6,   -9,    0,    6,    0,    0,   -8,    0,    0,    0,    0,    0,    0,    0,    0,    0,    0,    0,    0,    0,    0,    0,    0,    0,    0,  -14,    0,    0,    0,    0,    0,    0,    0,    0,    0,    0,    0,    0,    0,    0,    0,    0,    0,    0,  -11,    0,    0,    0,    0,    0,    0,    0,    0,    0,    0,    0,    0,    0,    0,    0,    0,    0,    0,    0,    0,    0,    0,    0,    0,    0,    0,    0,    0,    0,    0,    0,    0,    0,    0,    0,    0,    0,    0,    0,    0,    0,    0,    0,    0,    0,    0,    0,    0,    0,    0,    0,    0,    0,    0,    0,    0,    0,    0,    0,    0,    0,    0,    0,   -4,    0,    0,    0,    0,    0,    0,    0,    0,    0,    0,    0,    0,    0,    0,    0,   -7,    0,    0,    0,    0,    0,    0,    0,    0,    0,    0,    0,    0,    0,    0,    0,    0,    0,    0,    0,    0,    0,    0,    0,  -14,  -10,    0,    0,    0,    0,    0,
       0,    0,    0,    0,   -6,    0,    0,    5,    0,    0,   -6,    0,    0,    0,    0,    0,    0,    0,    0,    0,    0,    0,    0,    0,    0,    0,    0,    0,    0,   -4,    0,    0,    0,    0,    0,    0,    0,    0,    0,    0,    0,    0,    0,    0,    0,    0,    0,    0,   -4,    0,    0,    0,    0,    0,    0,    0,    0,    0,    0,    0,    0,    0,    0,    0,    0,    0,    0,    0,    0,    0,    0,    0,    0,    0,    0,    0,    0,    0,    0,    0,    0,    0,    0,    0,    0,    0,    0,    0,    0,    0,    0,    0,    0,    0,    0,    0,    0,    0,    0,    0,    0,    0,    0,    0,    0,    0,    0,    0,    0,    0,    0,    0,    0,    0,    0,    0,    0,    0,    0,    0,    0,    0,    0,    0,    0,    0,    0,    0,   -6,    0,    0,    0,    0,    0,    0,    0,    0,    0,    0,    0,    0,    0,    0,    0,    0,    0,    0,    0,    0,    0,    0,    0,    0,    0,    0,    0,    0,    0,    0,
       0,  -20,    0,    0,  -11,  -18,    0,    0,    0,    0,  -11,    0,    0,    0,    0,    0,    0,    0,    0,    0,    0,    0,    0,    0,    0,    0,    0,   -6,    0,  -15,    0,    0,    0,    0,    0,    0,    0,    0,    0,    0,    0,    0,    0,    0,    0,    0,    0,    0,  -10,    0,    0,    0,    0,    0,    0,    0,    0,    0,    0,    0,    0,    0,    0,    0,    0,    0,    0,    0,    0,    0,    0,    0,    0,    0,    0,    0,    0,    0,    0,    0,    0,    0,    0,    0,    0,    0,    0,    0,    0,    0,    0,    0,    0,    0,    0,    0,    0,  -13,   -9,    0,    0,   -4,    0,   -9,    0,    0,   -4,   -4,    0,    0,    0,    0,    0,   -4,  -13,    0,    0,    0,    0,  -10,    0,    0,    0,    0,    0,    0,    0,    0,  -18,    0,    0,    0,    0,    0,    0,    0,    0,    0,    0,    0,    0,    0,    0,    0,    0,    0,    0,    0,    0,    0,    0,    0,  -18,  -14,    0,    0,    0,    0,    0,
       5,    9,    0,   -4,   11,    0,  -39,  -20,  -25,    0,   14,  -11,    0,    0,    0,    0,    0,    0,    0,    0,    0,    0,    0,    0,    0,    0,    0,    0,    0,   15,    0,    0,    0,    0,    0,    0,    0,    0,    0,    0,    0,    0,    0,    0,    0,    0,    0,    0,   15,  -24,    0,    0,    0,    0,    0,    0,    0,    0,    0,    0,    0,    0,    0,    0,    0,    0,    0,   14,   -5,    0,  -33,  -21,   12,  -25,  -19,   12,    8,    0,   -5,   -6,   11,   10,    8,    0,   -7,    0,   -4,   -4,  -20,  -20,    0,    0,  -21,  -10,  -20,   -6,  -21,    0,    0,  -24,    0,    0,   -4,    0,    0,    0,  -16,   14,  -18,  -13,    0,    0,    0,   14,    0,    0,   -5,  -21,   14,    0,    0,    5,   -4,  -37,   -7,    0,   -7,    5,    0,    0,    0,    0,    0,    0,    0,    0,    0,    0,    0,    0,    0,    0,    0,    0,    0,    0,    0,    0,    0,    0,    0,    0,   12,   12,    0,    0,    0,    0,    0,
       0,    6,    0,    0,    0,    7,  -21,    0,  -17,    7,    0,    0,    0,    0,    0,    0,    0,    0,    0,    0,    0,    0,    0,    0,    0,    0,    0,    0,    0,   -4,    0,    0,    0,    0,    0,    0,    0,    0,    0,    0,    0,    0,    0,    0,    0,    0,    0,    0,    0,    0,    8,    0,    0,    0,    0,    0,    0,    0,    0,    0,    0,    0,    0,    0,    0,    0,    0,    0,    0,    0,    0,    0,    0,    0,    0,    0,    0,    0,    0,    0,    0,    0,    0,    0,    0,    0,    0,    0,   -8,    0,   11,    7,   -9,    0,    0,    0,    0,   12,   14,    0,   12,    7,    0,   12,    7,    0,    0,    0,    0,    0,    0,    0,    0,    0,   14,   13,    0,    0,    0,   14,    0,    0,   10,    0,    0,    0,    0,    0,    0,    0,    0,    0,    0,    0,    0,    0,    0,    0,    0,    0,    0,    0,    0,    0,    0,    0,    0,    0,    0,    0,    0,    0,    9,   13,    0,    0,    0,    0,    0,
       0,   -7,    0,   -4,    0,   -7,    8,    0,    0,    0,   -7,    0,    0,    0,    0,    0,    0,    0,    0,    0,    0,    0,    0,    0,    0,    0,    0,    0,    0,    0,    0,    0,    0,    0,    0,    0,    0,    0,    0,    0,    0,    0,    0,    0,    0,    0,    0,    0,    0,    0,    0,    0,    0,    0,    0,    0,    0,    0,    0,    0,    0,    0,    0,    0,    0,    0,    0,    0,    0,    0,    0,    0,    0,    0,    0,    0,    0,    0,    0,    0,    0,    0,    0,    0,    0,    0,    0,    0,    0,    0,    4,    0,    5,    0,    0,    0,    0,    0,    0,    0,    4,   -6,    0,    0,    0,    0,    0,    0,    0,    0,    0,    0,   14,    0,    0,    0,    0,    0,    0,    0,    0,    0,    0,    0,    0,    0,    0,    0,    0,    0,    0,    0,    0,    0,    0,    0,    0,    0,    0,    0,    0,    0,    0,    0,    0,    0,    0,    0,    0,    0,    0,    0,   -6,    0,    0,    0,    0,    0,    0,
       0,  -37,    0,   -4,    0,  -29,    8,    0,    0,    0,   -8,    0,    0,    0,    0,    0,    0,    0,    0,    0,    0,    0,    0,    0,    0,    0,    0,   -4,    0,    0,    0,    0,    0,    0,    0,    0,    0,    0,    0,    0,    0,    0,    0,    0,    0,    0,    0,    0,    0,    0,    0,    0,    0,    0,    0,    0,    0,    0,    0,    0,    0,    0,    0,    0,    0,    0,    0,    0,    0,    0,    0,    0,    0,    0,    0,    0,    0,    0,    0,    0,    0,    0,    0,    0,    0,    0,    0,    0,    0,    0,    4,    0,    5,    0,    0,    0,    0,  -17,    0,    0,    4,   -8,    0,  -13,    0,    0,    0,    0,    0,    0,    0,    0,   14,    0,  -12,    0,    0,    0,    0,  -14,    0,    0,   -8,    0,    0,    0,    0,    0,    0,    0,    0,    0,    0,    0,    0,    0,    0,    0,    0,    0,    0,    0,    0,    0,    0,    0,    0,    0,    0,    0,    0,    0,  -33,  -36,    0,    0,    0,    0,    0,
       0,  -13,    0,    0,    0,   -4,    0,   12,    0,    0,   -8,    0,    0,    0,    0,    0,    0,    0,    0,    0,    0,    0,    0,    0,    0,    0,    0,   -4,    0,    0,    0,    0,    0,    0,    0,    0,    0,    0,    0,    0,    0,    0,    0,    0,    0,    0,    0,    0,    0,    0,    0,    0,    0,    0,    0,    0,    0,    0,    0,    0,    0,    0,    0,    0,    0,    0,    0,  -18,    0,   -7,    0,    0,   -6,    0,    0,   -9,    0,    0,    0,    0,   -8,    0,   -6,   -7,    0,    0,    0,    0,    0,    0,   -5,    0,    0,    0,    0,    0,    0,    0,    0,    0,    0,    0,    0,    0,    0,    0,    0,    0,    0,    0,    0,    0,   14,    0,    0,    0,    0,    0,  -22,    0,    0,    0,    0,    0,    0,    0,    0,    0,    0,    0,    0,    0,    0,    0,    0,    0,    0,    0,    0,    0,    0,    0,    0,    0,    0,    0,    0,    0,    0,    0,    0,    0,  -13,   -9,    0,    0,    0,    0,    0,
       0,  -20,    0,    0,    0,  -13,    0,   10,    6,    0,   -9,    0,    0,    0,    0,    0,    0,    0,    0,    0,    0,    0,    0,    0,    0,    0,    0,    0,    0,    0,    0,    0,    0,    0,    0,    0,    0,    0,    0,    0,    0,    0,    0,    0,    0,    0,    0,    0,    0,    0,    0,    0,    0,    0,    0,    0,    0,    0,    0,    0,    0,    0,    0,    0,    0,    0,    0,    0,    0,    0,    0,    0,    0,    0,    0,    0,    0,    0,    0,    0,    0,    0,    0,    0,    0,    0,    0,    0,    0,    0,    0,    0,    0,    0,    0,    0,    0,   -9,    0,    0,    0,    0,    0,   -6,    0,    0,    0,    0,    0,    0,    0,    0,   17,    0,   -6,    0,    0,    0,    0,   -5,    0,    0,    0,    0,    0,    0,    0,    0,    0,    0,    0,    0,    0,    0,    0,    0,    0,    0,    0,    0,    0,    0,    0,    0,    0,    0,    0,    0,    0,    0,    0,    0,  -18,  -18,    0,    0,    0,    0,    0,
       0,    0,    0,  -13,   10,    0,  -26,  -18,  -30,   -9,    7,  -18,    0,    0,    0,    0,    0,    0,    0,    0,    0,    0,    0,    0,    0,    0,    0,    0,    0,   11,    0,    0,    0,    0,    0,    0,    0,    0,    0,    0,    0,    0,    0,    0,    0,    0,    0,   -6,   11,  -26,   -8,    0,    0,    0,    0,    0,    0,    0,    0,    0,    0,    0,    0,    0,    0,    0,    0,    8,  -13,   -4,  -29,  -25,    8,  -28,  -24,   10,    0,   -5,  -13,  -14,    8,    5,    0,  -11,  -14,   -9,  -11,  -11,  -27,  -23,    0,   -7,  -28,  -16,  -23,  -12,  -24,    0,    0,  -25,    0,   -7,  -11,    0,   -7,  -10,  -20,    9,  -21,  -17,    0,    0,    0,    9,    0,    0,  -13,  -23,   12,    0,    0,    0,   -8,  -24,  -14,    0,  -13,    0,    0,    0,    0,    0,    0,    0,    0,    0,    0,    0,    0,    0,    0,    0,    0,    0,    0,    0,    0,    0,    0,    0,    0,    0,    0,    4,    0,    0,    0,    0,    0,
       0,    0,    0,    0,    0,    0,  -13,    0,  -11,    0,    0,    0,    0,    0,    0,    0,    0,    0,    0,    0,    0,    0,    0,    0,    0,    0,    0,    0,    0,   -9,    0,    0,    0,    0,    0,    0,    0,    0,    0,    0,    0,    0,    0,    0,    0,    0,    0,    0,    0,    0,    4,    0,    0,    0,    0,    0,    0,    0,    0,    0,    0,    0,    0,    0,    0,    0,    0,    0,    0,    0,    0,    0,    0,    0,    0,    0,    0,    0,    0,    0,    0,    0,    0,    0,    0,    0,    0,    0,  -10,    0,    7,    0,   -9,    0,    0,    0,    0,    8,   10,    0,    8,    0,    0,    8,    0,    0,    0,    0,    0,    0,    0,    0,    0,    0,   10,    9,    0,    0,    0,   10,    0,    0,    5,    0,    0,    0,    0,    0,    0,    0,    0,    0,    0,    0,    0,    0,    0,    0,    0,    0,    0,    0,    0,    0,    0,    0,    0,    0,    0,    0,    0,    0,    0,    9,    0,    0,    0,    0,    0,
       0,  -24,    0,   -6,   -5,  -11,    4,    6,    0,    0,  -12,    0,    0,    0,    0,    0,    0,    0,    0,    0,    0,    0,    0,    0,    0,    0,    0,   -6,    0,  -17,    0,    0,    0,    0,    0,    0,    0,    0,    0,    0,    0,    0,    0,    0,    0,    0,    0,    0,  -12,    0,    0,    0,    0,    0,    0,    0,    0,    0,    0,    0,    0,    0,    0,    0,    0,    0,    0,  -25,    0,    0,    0,    0,    0,    0,    0,    0,    0,    0,    0,    0,    0,   -7,    0,    0,    0,    0,    0,    0,    0,    0,    0,    0,    0,    0,    0,    0,    0,    0,    0,    0,    0,    0,    0,    0,    0,    0,    0,    0,    0,    0,    0,    0,    0,    0,    0,    0,    0,    0,  -28,    0,    0,   -4,    0,    6,    0,    0,    0,    0,    0,    0,    0,    0,    0,    0,    0,    0,    0,    0,    0,    0,    0,    0,    0,    0,    0,    0,    0,    0,    0,    0,    0,    0,  -24,  -20,    0,    0,    0,    0,    0,
       0,  -13,    0,   -4,   -6,   -8,    0,    6,    0,    0,   -8,    0,    0,    0,    0,    0,    0,    0,    0,    0,    0,    0,    0,    0,    0,    0,    0,    0,    0,  -14,    0,    0,    0,    0,    0,    0,    0,    0,    0,    0,    0,    0,    0,    0,    0,    0,    0,    0,  -11,    0,    0,    0,    0,    0,    0,    0,    0,    0,    0,    0,    0,    0,    0,    0,    0,    0,    0,    0,    0,    0,    0,    0,    0,    0,    0,    0,    0,    0,    0,    0,    0,    0,    0,    0,    0,    0,    0,    0,    0,    0,    0,    0,    0,    0,    0,    0,    0,    0,    0,    0,    0,    0,    0,    0,    0,    0,    0,    0,    0,    0,    0,    0,   -4,    0,    0,    0,    0,    0,    0,    0,    0,    0,    0,    0,    0,    0,    0,    0,   -7,    0,    0,    0,    0,    0,    0,    0,    0,    0,    0,    0,    0,    0,    0,    0,    0,    0,    0,    0,    0,    0,    0,    0,  -11,   -8,    0,    0,    0,    0,    0,
       0,    0,    0,    0,   -8,    0,    0,    5,   -7,    0,   -6,    0,    0,    0,    0,    0,    0,    0,    0,    0,    0,    0,    0,    0,    0,    0,    0,   -4,    0,  -11,    0,    0,    0,    0,    0,    0,    0,    0,    0,    0,    0,    0,    0,    0,    0,    0,    0,    0,   -8,    0,    0,    0,    0,    0,    0,    0,    0,    0,    0,    0,    0,    0,    0,    0,    0,    0,    0,    0,    0,    0,    0,    0,   -7,    0,    0,    0,    0,    0,    0,    0,    0,    0,   -6,   -6,    0,    0,    0,    0,    0,    0,    0,    0,    0,    0,    0,    0,    0,    0,    0,    0,    0,    0,    0,    0,    0,    0,    0,    0,    0,    0,    0,    0,    0,    0,    0,    0,    0,    0,  -10,    0,    0,    0,    0,    0,    0,    0,    0,    0,    0,    0,    0,    0,    0,    0,    0,    0,    0,    0,    0,    0,    0,    0,    0,    0,    0,    0,    0,    0,    0,    0,    0,    0,    0,    0,    0,    0,    0,    0,    0,
       0,    0,    0,   -7,    0,  -14,    0,    0,    0,    0,    0,    0,    0,    0,    0,    0,    0,    0,    0,    0,    0,    0,    0,    0,    0,    0,    0,   -7,    0,    0,    0,    0,    0,    0,    0,    0,    0,    0,    0,    0,    0,    0,    0,    0,    0,    0,    0,    0,    0,    0,    0,    0,    0,    0,    0,    0,    0,    0,    0,    0,    0,    0,    0,    0,    0,    0,    0,    0,   -6,    0,    0,    0,    0,    0,    0,    0,    0,    0,   -7,   -9,    0,    0,    0,    0,    0,    0,    0,    0,    0,    0,    0,    0,    0,    0,    0,    0,    0,  -15,    0,    0,    0,   -8,    0,  -12,    0,    0,    0,    0,    0,    0,    0,    0,    6,    0,  -10,    0,   -7,    0,    0,  -15,    0,  -13,   -6,    0,    0,   -6,    0,    0,    0,    0,    0,    0,    0,    0,    0,    0,    0,    0,    0,    0,    0,    0,    0,    0,    0,    0,    0,    0,    0,    0,    0,    0,    0,    0,    0,    0,    0,    0,    0,
       0,    0,    0,   -4,    0,    0,    7,    0,    0,    0,    0,    0,    0,    0,    0,    0,    0,    0,    0,    0,    0,    0,    0,    0,    0,    0,    0,    0,    0,    0,    0,    0,    0,    0,    0,    0,    0,    0,    0,    0,    0,    0,    0,    0,    0,    0,    0,    0,    0,   -4,    0,    0,    0,    0,    0,    0,    0,    0,    0,    0,    0,    0,    0,    0,    0,    0,    0,    0,    0,    0,    0,    0,    0,    0,    0,    0,    0,    0,    0,    0,    0,    0,    0,    0,    0,    0,    0,    0,    0,    0,    4,    0,    5,    0,    0,    0,    0,    4,    6,    0,    5,    0,    0,    4,    0,    0,    0,    0,    0,    0,    0,    0,   14,    0,    6,    0,    0,    0,    0,    5,    0,    0,    0,    0,    0,    0,    0,    0,    0,    0,    0,    0,    0,    0,    0,    0,    0,    0,    0,    0,    0,    0,    0,    0,    0,    0,    0,    0,    0,    0,    0,    0,    0,    5,    0,    0,    0,    0,    0,
       0,    0,    0,    0,    0,    0,    0,    5,    0,    0,   -6,    0,    0,    0,    0,    0,    0,    0,    0,    0,    0,    0,    0,    0,    0,    0,    0,    0,    0,    0,    0,    0,    0,    0,    0,    0,    0,    0,    0,    0,    0,    0,    0,    0,    0,    0,    0,    0,    0,    0,    0,    0,    0,    0,    0,    0,    0,    0,    0,    0,    0,    0,    0,    0,    0,    0,    0,    0,    0,    0,    0,    0,    0,    0,    0,    0,    0,    0,    0,    0,    0,    0,    0,    0,    0,    0,    0,    0,    0,    0,    0,    0,    0,    0,    0,    0,    0,    0,    0,    0,    0,    0,    0,    0,    0,    0,    0,    0,    0,    0,    0,    0,   10,    0,    0,    0,    0,    0,    0,    0,    0,    0,    0,    0,    0,    0,    0,    0,   -6,    0,    0,    0,    0,    0,    0,    0,    0,    0,    0,    0,    0,    0,    0,    0,    0,    0,    0,    0,    0,    0,    0,    0,    0,    0,    0,    0,    0,    0,    0,
       0,    0,    0,    0,    0,    0,    9,    0,    0,    0,    0,    0,    0,    0,    0,    0,    0,    0,    0,    0,    0,    0,    0,    0,    0,    0,    0,    0,    0,    0,    0,    0,    0,    0,    0,    0,    0,    0,    0,    0,    0,    0,    0,    0,    0,    0,    0,    0,    0,    0,    0,    0,    0,    0,    0,    0,    0,    0,    0,    0,    0,    0,    0,    0,    0,    0,    0,    0,    0,    0,    5,    0,    0,    5,    0,    5,    0,    0,    0,   -7,    5,    0,    0,    0,    0,    0,    0,    0,    0,    0,    0,    0,    0,    0,    0,    0,    0,    0,    0,    0,    0,    0,    0,    0,    0,    0,    0,    0,    0,    0,    0,    0,    0,    0,    0,    0,    0,    0,    0,    0,    0,    0,    0,   11,    0,    0,    0,    0,    0,    0,    0,    0,    0,    0,    0,    0,    0,    0,    0,    0,    0,    0,    0,    0,    0,    0,    0,    0,    0,    0,    0,    0,    0,    0,    0,    0,    0,    0,    0,
       0,   -9,    0,    0,   -7,   -5,    0,   10,    0,    0,   -7,    0,    0,    0,    0,    0,    0,    0,    0,    0,    0,    0,    0,    0,    0,    0,    0,    0,    0,  -11,    0,    0,    0,    0,    0,    0,    0,    0,    0,    0,    0,    0,    0,    0,    0,    0,    0,    0,   -7,    0,    0,    0,    0,    0,    0,    0,    0,    0,    0,    0,    0,    0,    0,    0,    0,    0,    0,    0,    0,    0,    0,    0,    0,    0,    0,    0,    0,    0,    0,    0,    0,    0,    0,    0,    0,    0,    0,    0,    0,    0,    0,    0,    0,    0,    0,    0,    0,    0,    0,    0,    0,    0,    0,    0,    0,    0,    0,    0,    0,    0,    0,    0,    0,    0,    0,    0,    0,    0,    0,    0,    0,    0,    0,    0,    0,    0,    0,    0,   -4,    0,    0,    0,    0,    0,    0,    0,    0,    0,    0,    0,    0,    0,    0,    0,    0,    0,    0,    0,    0,    0,    0,    0,   -7,   -7,    0,    0,    0,    0,    0,
       0,    0,    0,    0,   -8,    0,   -6,    8,  -13,    0,   -6,    0,    0,    0,    0,    0,    0,    0,    0,    0,    0,    0,    0,    0,    0,    0,    0,    0,    0,  -11,    0,    0,    0,    0,    0,    0,    0,    0,    0,    0,    0,    0,    0,    0,    0,    0,    0,    0,   -8,    0,    0,    0,    0,    0,    0,    0,    0,    0,    0,    0,    0,    0,    0,    0,    0,    0,    0,    0,    0,    0,   -7,    0,   -8,   -8,    0,  -12,   -7,    0,    0,    0,  -11,    0,  -10,   -6,    0,    0,    0,    0,    0,    0,    0,    0,    0,    0,    0,    0,    0,    0,    0,    0,    0,    0,    0,    0,    0,    0,    0,    0,    0,    0,    0,    0,    0,    0,    0,    0,    0,    0,  -12,    0,    0,    0,    0,   -8,    0,    0,    0,   -9,    0,    0,    0,    0,    0,    0,    0,    0,    0,    0,    0,    0,    0,    0,    0,    0,    0,    0,    0,    0,    0,    0,    0,    0,    0,    0,    0,    0,    0,    0,    0,
       0,    0,    0,    0,    0,   -6,    0,    8,   -6,    0,    0,    0,    0,    0,    0,    0,    0,    0,    0,    0,    0,    0,    0,    0,    0,    0,    0,    0,    0,    0,    0,    0,    0,    0,    0,    0,    0,    0,    0,    0,    0,    0,    0,    0,    0,    0,    0,    0,    0,    0,    0,    0,    0,    0,    0,    0,    0,    0,    0,    0,    0,    0,    0,    0,    0,    0,    0,    0,    0,   -5,    0,    0,    0,    0,    0,    0,    0,    0,    0,    0,    0,    0,    0,   -7,    0,    0,    0,    0,    0,    0,   -6,    0,    0,    0,    0,    0,    0,   -8,   -6,    0,   -4,    0,    0,   -7,    0,    0,    0,    0,    0,    0,    0,    0,    0,    0,   -4,    0,    0,    0,    0,   -7,    0,    0,    0,    0,    0,    0,    0,    0,  -15,    0,    0,    0,    0,    0,    0,    0,    0,    0,    0,    0,    0,    0,    0,    0,    0,    0,    0,    0,    0,    0,    0,    0,    0,    0,    0,    0,    0,    0,    0,
       0,    0,    0,   -4,    0,    0,    7,    0,    0,    0,   -6,    0,    0,    0,    0,    0,    0,    0,    0,    0,    0,    0,    0,    0,    0,    0,    0,    0,    0,    0,    0,    0,    0,    0,    0,    0,    0,    0,    0,    0,    0,    0,    0,    0,    0,    0,    0,   -5,    0,   -6,    0,    0,    0,    0,    0,    0,    0,    0,    0,    0,    0,    0,    0,    0,    0,    0,    0,    0,    0,    0,    0,    0,    0,    0,    0,    0,    0,    0,    0,    0,    0,    0,    0,    0,    0,    0,    0,    0,    0,    0,    5,    0,    0,    0,    0,    0,    0,    0,    0,   -4,    5,    0,    0,    0,    0,    0,    0,    0,    0,    0,    0,    0,   15,    0,    0,    0,    0,    0,    0,    0,    0,    0,    0,    0,    0,    0,    0,    0,    0,    0,    0,    0,    0,    0,    0,    0,    0,    0,    0,    0,    0,    0,    0,    0,    0,    0,    0,    0,    0,    0,    0,    0,    0,    0,    0,    0,    0,    0,    0,
       0,    0,    0,    0,    0,    0,    0,    0,    0,    0,    0,    0,    0,    0,    0,    0,    0,    0,    0,    0,    0,    0,    0,    0,    0,    0,    0,    0,    0,    0,    0,    0,    0,    0,    0,    0,    0,    0,    0,    0,    0,    0,    0,    0,    0,    0,    0,    0,    0,    0,    0,    0,    0,    0,    0,    0,    0,    0,    0,    0,    0,    0,    0,    0,    0,    0,    0,    0,    0,    0,    0,    0,    0,    0,    0,    0,    0,    0,    0,    0,    0,    0,    0,    0,    0,    0,    0,    0,    0,    0,    0,    0,    0,    0,    0,    0,    0,    0,    0,    0,    0,    0,    0,    0,    0,    0,    0,    0,    0,    0,    0,    0,    0,    0,    0,    0,    0,    0,    0,    0,    0,    0,    0,    0,    0,    0,    0,    0,    0,    0,    0,    0,    0,    0,    0,    0,    0,   -8,    0,   -4,   -1,    0,    0,    0,    0,    0,   -8,    0,   -4,    0,   -8,    0,    0,    0,    0,    0,    0,    0,    0,
       0,    0,    0,    0,    0,    0,    0,    0,    0,    0,    0,    0,    0,    0,    0,    0,    0,    0,    0,    0,    0,    0,    0,    0,    0,    0,    0,    0,    0,    0,    0,    0,    0,    0,    0,    0,    0,    0,    0,    0,    0,    0,    0,    0,    0,    0,    0,    0,    0,    0,    0,    0,    0,    0,    0,    0,    0,    0,    0,    0,    0,    0,    0,    0,    0,    0,    0,    0,    0,    0,    0,    0,    0,    0,    0,    0,    0,    0,    0,    0,    0,    0,    0,    0,    0,    0,    0,    0,    0,    0,    0,    0,    0,    0,    0,    0,    0,    0,    0,    0,    0,    0,    0,    0,    0,    0,    0,    0,    0,    0,    0,    0,    0,    0,    0,    0,    0,    0,    0,    0,    0,    0,    0,    0,    0,    0,    0,    0,    0,    0,    0,    0,   -2,    0,    0,    0,    0,    0,   -3,    0,    0,    0,    0,  -10,    0,    0,  -10,    0,    0,   -4,    0,    0,    0,    0,    0,    0,    0,    0,    0,
       0,    0,    0,    0,    0,    0,    0,    0,    0,    0,    0,    0,    0,    0,    0,    0,    0,    0,    0,    0,    0,    0,    0,    0,    0,    0,    0,    0,    0,    0,    0,    0,    0,    0,    0,    0,    0,    0,    0,    0,    0,    0,    0,    0,    0,    0,    0,    0,    0,    0,    0,    0,    0,    0,    0,    0,    0,    0,    0,    0,    0,    0,    0,    0,    0,    0,    0,    0,    0,    0,    0,    0,    0,    0,    0,    0,    0,    0,    0,    0,    0,    0,    0,    0,    0,    0,    0,    0,    0,    0,    0,    0,    0,    0,    0,    0,    0,    0,    0,    0,    0,    0,    0,    0,    0,    0,    0,    0,    0,    0,    0,    0,    0,    0,    0,    0,    0,    0,    0,    0,    0,    0,    0,    0,    0,    0,    0,    0,    0,    0,    3,    0,    0,    0,    0,    0,   -3,  -10,    0,   -2,   -5,    0,   -6,    0,    0,    0,   -4,    0,    0,    0,    0,    0,    0,    0,    0,    0,    0,    0,    0,
       0,    0,    0,    0,    0,    0,    0,    0,    0,    0,    0,    0,    0,    0,    0,    0,    0,    0,    0,    0,    0,    0,    0,    0,    0,    0,    0,    0,    0,    0,    0,    0,    0,    0,    0,    0,    0,    0,    0,    0,    0,    0,    0,    0,    0,    0,    0,    0,    0,    0,    0,    0,    0,    0,    0,    0,    0,    0,    0,    0,    0,    0,    0,    0,    0,    0,    0,    0,    0,    0,    0,    0,    0,    0,    0,    0,    0,    0,    0,    0,    0,    0,    0,    0,    0,    0,    0,    0,    0,    0,    0,    0,    0,    0,    0,    0,    0,    0,    0,    0,    0,    0,    0,    0,    0,    0,    0,    0,    0,    0,    0,    0,    0,    0,    0,    0,    0,    0,    0,    0,    0,    0,    0,    0,    0,    0,    0,    0,    0,    0,  -16,    0,    0,   -8,    0,    0,   -3,    0,  -20,  -13,    0,   -4,   -2,  -10,    0,  -20,  -13,    0,    0,  -13,    0,    0,    0,    0,    0,    0,    0,    0,    0,
       0,    0,    0,    0,    0,    0,    0,    0,    0,    0,    0,    0,    0,    0,    0,    0,    0,    0,    0,    0,    0,    0,    0,    0,    0,    0,    0,    0,    0,    0,    0,    0,    0,    0,    0,    0,    0,    0,    0,    0,    0,    0,    0,    0,    0,    0,    0,    0,    0,    0,    0,    0,    0,    0,    0,    0,    0,    0,    0,    0,    0,    0,    0,    0,    0,    0,    0,    0,    0,    0,    0,    0,    0,    0,    0,    0,    0,    0,    0,    0,    0,    0,    0,    0,    0,    0,    0,    0,    0,    0,    0,    0,    0,    0,    0,    0,    0,    0,    0,    0,    0,    0,    0,    0,    0,    0,    0,    0,    0,    0,    0,    0,    0,    0,    0,    0,    0,    0,    0,    0,    0,    0,    0,    0,    0,    0,    0,    0,    0,    0,   -4,    0,    0,    0,    0,    0,   -5,    0,    0,    0,    0,   -4,    0,   -6,    0,    0,   -8,    0,    0,   -9,    0,    0,    0,    0,    0,    0,    0,    0,    0,
       0,    0,    0,    0,    0,    0,    0,    0,    0,    0,    0,    0,    0,    0,    0,    0,    0,    0,    0,    0,    0,    0,    0,    0,    0,    0,    0,    0,    0,    0,    0,    0,    0,    0,    0,    0,    0,    0,    0,    0,    0,    0,    0,    0,    0,    0,    0,    0,    0,    0,    0,    0,    0,    0,    0,    0,    0,    0,    0,    0,    0,    0,    0,    0,    0,    0,    0,    0,    0,    0,    0,    0,    0,    0,    0,    0,    0,    0,    0,    0,    0,    0,    0,    0,    0,    0,    0,    0,    0,    0,    0,    0,    0,    0,    0,    0,    0,    0,    0,    0,    0,    0,    0,    0,    0,    0,    0,    0,    0,    0,    0,    0,    0,    0,    0,    0,    0,    0,    0,    0,    0,    0,    0,    0,    0,    0,    0,    0,    0,    0,   -3,    0,    0,    0,    0,    0,    0,    0,    0,    0,    0,    0,    0,    0,    0,    0,    0,    0,    0,    0,    0,    0,    0,    0,    0,    0,    0,    0,    0,
       0,    0,    0,    0,    0,    0,    0,    0,    0,    0,    0,    0,    0,    0,    0,    0,    0,    0,    0,    0,    0,    0,    0,    0,    0,    0,    0,    0,    0,    0,    0,    0,    0,    0,    0,    0,    0,    0,    0,    0,    0,    0,    0,    0,    0,    0,    0,    0,    0,    0,    0,    0,    0,    0,    0,    0,    0,    0,    0,    0,    0,    0,    0,    0,    0,    0,    0,    0,    0,    0,    0,    0,    0,    0,    0,    0,    0,    0,    0,    0,    0,    0,    0,    0,    0,    0,    0,    0,    0,    0,    0,    0,    0,    0,    0,    0,    0,    0,    0,    0,    0,    0,    0,    0,    0,    0,    0,    0,    0,    0,    0,    0,    0,    0,    0,    0,    0,    0,    0,    0,    0,    0,    0,    0,    0,    0,    0,    0,    0,    0,    0,    0,   -2,    0,    0,    0,   -8,    0,  -15,   -1,    0,    0,    0,    0,    0,   -9,   -6,   -3,   -3,   -2,    0,    0,    0,    0,    0,    0,    0,    0,    0,
       0,    0,    0,    0,    0,    0,    0,    0,    0,    0,    0,    0,    0,    0,    0,    0,    0,    0,    0,    0,    0,    0,    0,    0,    0,    0,    0,    0,    0,    0,    0,    0,    0,    0,    0,    0,    0,    0,    0,    0,    0,    0,    0,    0,    0,    0,    0,    0,    0,    0,    0,    0,    0,    0,    0,    0,    0,    0,    0,    0,    0,    0,    0,    0,    0,    0,    0,    0,    0,    0,    0,    0,    0,    0,    0,    0,    0,    0,    0,    0,    0,    0,    0,    0,    0,    0,    0,    0,    0,    0,    0,    0,    0,    0,    0,    0,    0,    0,    0,    0,    0,    0,    0,    0,    0,    0,    0,    0,    0,    0,    0,    0,    0,    0,    0,    0,    0,    0,    0,    0,    0,    0,    0,    0,    0,    0,    0,    0,    0,    0,  -24,    0,    0,   -8,    0,   -6,   -6,    0,    0,   -6,    0,  -12,   -6,   -6,    0,    0,   -8,    0,    0,   -8,    0,   -8,    0,    0,    0,    0,    0,    0,    0,
       0,    0,    0,    0,    0,    0,    0,    0,    0,    0,    0,    0,    0,    0,    0,    0,    0,    0,    0,    0,    0,    0,    0,    0,    0,    0,    0,    0,    0,    0,    0,    0,    0,    0,    0,    0,    0,    0,    0,    0,    0,    0,    0,    0,    0,    0,    0,    0,    0,    0,    0,    0,    0,    0,    0,    0,    0,    0,    0,    0,    0,    0,    0,    0,    0,    0,    0,    0,    0,    0,    0,    0,    0,    0,    0,    0,    0,    0,    0,    0,    0,    0,    0,    0,    0,    0,    0,    0,    0,    0,    0,    0,    0,    0,    0,    0,    0,    0,    0,    0,    0,    0,    0,    0,    0,    0,    0,    0,    0,    0,    0,    0,    0,    0,    0,    0,    0,    0,    0,    0,    0,    0,    0,    0,    0,    0,    0,    0,    0,    0,    0,    0,    0,    0,    0,    0,   -3,    0,    0,   -2,    0,    0,   -5,   -5,    0,   -9,   -9,    0,    0,    0,    0,    0,    0,    0,    0,    0,    0,    0,    0,
       0,    0,    0,    0,    0,    0,    0,    0,    0,    0,    0,    0,    0,    0,    0,    0,    0,    0,    0,    0,    0,    0,    0,    0,    0,    0,    0,    0,    0,    0,    0,    0,    0,    0,    0,    0,    0,    0,    0,    0,    0,    0,    0,    0,    0,    0,    0,    0,    0,    0,    0,    0,    0,    0,    0,    0,    0,    0,    0,    0,    0,    0,    0,    0,    0,    0,    0,    0,    0,    0,    0,    0,    0,    0,    0,    0,    0,    0,    0,    0,    0,    0,    0,    0,    0,    0,    0,    0,    0,    0,    0,    0,    0,    0,    0,    0,    0,    0,    0,    0,    0,    0,    0,    0,    0,    0,    0,    0,    0,    0,    0,    0,    0,    0,    0,    0,    0,    0,    0,    0,    0,    0,    0,    0,    0,    0,    0,    0,    0,    0,  -16,   -3,    0,    0,    0,    0,   -3,    0,  -12,   -9,    0,    0,    0,   -3,    0,  -18,   -5,    0,    0,    0,    3,   -1,    0,    0,    0,    0,    0,    0,    0,
       0,    0,    0,    0,    0,    0,    0,    0,    0,    0,    0,    0,    0,    0,    0,    0,    0,    0,    0,    0,    0,    0,    0,    0,    0,    0,    0,    0,    0,    0,    0,    0,    0,    0,    0,    0,    0,    0,    0,    0,    0,    0,    0,    0,    0,    0,    0,    0,    0,    0,    0,    0,    0,    0,    0,    0,    0,    0,    0,    0,    0,    0,    0,    0,    0,    0,    0,    0,    0,    0,    0,    0,    0,    0,    0,    0,    0,    0,    0,    0,    0,    0,    0,    0,    0,    0,    0,    0,    0,    0,    0,    0,    0,    0,    0,    0,    0,    0,    0,    0,    0,    0,    0,    0,    0,    0,    0,    0,    0,    0,    0,    0,    0,    0,    0,    0,    0,    0,    0,    0,    0,    0,    0,    0,    0,    0,    0,    0,    0,    0,    0,    0,    0,    0,    0,    0,    0,    0,    0,   -8,    0,   -2,   -8,  -10,    0,    0,  -10,    0,    0,    0,    0,    0,    0,    0,    0,    0,    0,    0,    0,
       0,    0,    0,    0,    0,    0,    0,    0,    0,    0,    0,    0,    0,    0,    0,    0,    0,    0,    0,    0,    0,    0,    0,    0,    0,    0,    0,    0,    0,    0,    0,    0,    0,    0,    0,    0,    0,    0,    0,    0,    0,    0,    0,    0,    0,    0,    0,    0,    0,    0,    0,    0,    0,    0,    0,    0,    0,    0,    0,    0,    0,    0,    0,    0,    0,    0,    0,    0,    0,    0,    0,    0,    0,    0,    0,    0,    0,    0,    0,    0,    0,    0,    0,    0,    0,    0,    0,    0,    0,    0,    0,    0,    0,    0,    0,    0,    0,    0,    0,    0,    0,    0,    0,    0,    0,    0,    0,    0,    0,    0,    0,    0,    0,    0,    0,    0,    0,    0,    0,    0,    0,    0,    0,    0,    0,    0,    0,    0,    0,    0,    0,    0,    0,    0,    0,    0,   -5,   -7,    0,   -4,    0,    0,    0,    0,    0,    0,    0,    0,    0,    0,    0,    0,    0,    0,    0,    0,    0,    0,    0,
       0,    0,    0,    0,    0,    0,    0,    0,    0,    0,    0,    0,    0,    0,    0,    0,    0,    0,    0,    0,    0,    0,    0,    0,    0,    0,    0,    0,    0,    0,    0,    0,    0,    0,    0,    0,    0,    0,    0,    0,    0,    0,    0,    0,    0,    0,    0,    0,    0,    0,    0,    0,    0,    0,    0,    0,    0,    0,    0,    0,    0,    0,    0,    0,    0,    0,    0,    0,    0,    0,    0,    0,    0,    0,    0,    0,    0,    0,    0,    0,    0,    0,    0,    0,    0,    0,    0,    0,    0,    0,    0,    0,    0,    0,    0,    0,    0,    0,    0,    0,    0,    0,    0,    0,    0,    0,    0,    0,    0,    0,    0,    0,    0,    0,    0,    0,    0,    0,    0,    0,    0,    0,    0,    0,    0,    0,    0,    0,    0,    0,    0,    0,    0,    0,    0,    0,   -3,    0,  -12,    0,   -3,    0,    0,   -3,    0,   -5,   -2,    0,    0,   -9,    0,    0,    0,    0,    0,    0,    0,    0,    0,
       0,    0,    0,    0,    0,    0,    0,    0,    0,    0,    0,    0,    0,    0,    0,    0,    0,    0,    0,    0,    0,    0,    0,    0,    0,    0,    0,    0,    0,    0,    0,    0,    0,    0,    0,    0,    0,    0,    0,    0,    0,    0,    0,    0,    0,    0,    0,    0,    0,    0,    0,    0,    0,    0,    0,    0,    0,    0,    0,    0,    0,    0,    0,    0,    0,    0,    0,    0,    0,    0,    0,    0,    0,    0,    0,    0,    0,    0,    0,    0,    0,    0,    0,    0,    0,    0,    0,    0,    0,    0,    0,    0,    0,    0,    0,    0,    0,    0,    0,    0,    0,    0,    0,    0,    0,    0,    0,    0,    0,    0,    0,    0,    0,    0,    0,    0,    0,    0,    0,    0,    0,    0,    0,    0,    0,    0,    0,    0,    0,    0,    0,    0,    0,    0,    0,    0,   -6,    0,    0,    0,    0,    0,    0,   -4,    0,    0,    0,    0,    0,    0,    0,    0,    0,    0,    0,    0,    0,    0,    0,
       0,    0,    0,    0,    0,    0,    0,    0,    0,    0,    0,    0,    0,    0,    0,    0,    0,    0,    0,    0,    0,    0,    0,    0,    0,    0,    0,    0,    0,    0,    0,    0,    0,    0,    0,    0,    0,    0,    0,    0,    0,    0,    0,    0,    0,    0,    0,    0,    0,    0,    0,    0,    0,    0,    0,    0,    0,    0,    0,    0,    0,    0,    0,    0,    0,    0,    0,    0,    0,    0,    0,    0,    0,    0,    0,    0,    0,    0,    0,    0,    0,    0,    0,    0,    0,    0,    0,    0,    0,    0,    0,    0,    0,    0,    0,    0,    0,    0,    0,    0,    0,    0,    0,    0,    0,    0,    0,    0,    0,    0,    0,    0,    0,    0,    0,    0,    0,    0,    0,    0,    0,    0,    0,    0,    0,    0,    0,    0,    0,    0,    0,    0,    0,    0,    0,    0,    0,    0,   -6,   -8,   -6,    0,    0,   -6,    0,  -14,   -3,    0,    0,    0,   -6,    0,    0,    0,    0,    0,    0,    0,    0,
       0,    0,    0,    0,    0,    0,    0,    0,    0,    0,    0,    0,    0,    0,    0,    0,    0,    0,    0,    0,    0,    0,    0,    0,    0,    0,    0,    0,    0,    0,    0,    0,    0,    0,    0,    0,    0,    0,    0,    0,    0,    0,    0,    0,    0,    0,    0,    0,    0,    0,    0,    0,    0,    0,    0,    0,    0,    0,    0,    0,    0,    0,    0,    0,    0,    0,    0,    0,    0,    0,    0,    0,    0,    0,    0,    0,    0,    0,    0,    0,    0,    0,    0,    0,    0,    0,    0,    0,    0,    0,    0,    0,    0,    0,    0,    0,    0,    0,    0,    0,    0,    0,    0,    0,    0,    0,    0,    0,    0,    0,    0,    0,    0,    0,    0,    0,    0,    0,    0,    0,    0,    0,    0,    0,    0,    0,    0,    0,    0,   -2,   -4,    0,   -3,    0,    0,    0,    0,   -8,    0,    0,    0,   -4,    0,  -10,    0,    0,   -9,    0,    0,    0,    0,    0,    0,    0,    0,    0,    0,    0,    0,
       0,    0,    0,    0,    0,    0,    0,    0,    0,    0,    0,    0,    0,    0,    0,    0,    0,    0,    0,    0,    0,    0,    0,    0,    0,    0,    0,    0,    0,    0,    0,    0,    0,    0,    0,    0,    0,    0,    0,    0,    0,    0,    0,    0,    0,    0,    0,    0,    0,    0,    0,    0,    0,    0,    0,    0,    0,    0,    0,    0,    0,    0,    0,    0,    0,    0,    0,    0,    0,    0,    0,    0,    0,    0,    0,    0,    0,    0,    0,    0,    0,    0,    0,    0,    0,    0,    0,    0,    0,    0,    0,    0,    0,    0,    0,    0,    0,    0,    0,    0,    0,    0,    0,    0,    0,    0,    0,    0,    0,    0,    0,    0,    0,    0,    0,    0,    0,    0,    0,    0,    0,    0,    0,    0,    0,    0,    0,    0,    0,    0,  -16,    0,    0,    0,    0,    0,   -8,    0,  -12,   -3,    0,    0,   -6,   -9,    0,  -12,   -9,    0,    0,   -8,    0,  -10,    0,    0,    0,    0,    0,    0,    0,
       0,    0,    0,    0,    0,    0,    0,    0,    0,    0,    0,    0,    0,    0,    0,    0,    0,    0,    0,    0,    0,    0,    0,    0,    0,    0,    0,    0,    0,    0,    0,    0,    0,    0,    0,    0,    0,    0,    0,    0,    0,    0,    0,    0,    0,    0,    0,    0,    0,    0,    0,    0,    0,    0,    0,    0,    0,    0,    0,    0,    0,    0,    0,    0,    0,    0,    0,    0,    0,    0,    0,    0,    0,    0,    0,    0,    0,    0,    0,    0,    0,    0,    0,    0,    0,    0,    0,    0,    0,    0,    0,    0,    0,    0,    0,    0,    0,    0,    0,    0,    0,    0,    0,    0,    0,    0,    0,    0,    0,    0,    0,    0,    0,    0,    0,    0,    0,    0,    0,    0,    0,    0,    0,    0,    0,    0,    0,    0,    0,    0,  -11,    0,    0,    0,    0,    0,   -3,    0,    0,  -11,    0,   -6,    0,   -9,    0,    0,   -6,    0,    0,   -6,    0,    0,    0,    0,    0,    0,    0,    0,    0,
       0,    0,    0,    0,    0,    0,    0,    0,    0,    0,    0,    0,    0,    0,    0,    0,    0,    0,    0,    0,    0,    0,    0,    0,    0,    0,    0,    0,    0,    0,    0,    0,    0,    0,    0,    0,    0,    0,    0,    0,    0,    0,    0,    0,    0,    0,    0,    0,    0,    0,    0,    0,    0,    0,    0,    0,    0,    0,    0,    0,    0,    0,    0,    0,    0,    0,    0,    0,    0,    0,    0,    0,    0,    0,    0,    0,    0,    0,    0,    0,    0,    0,    0,    0,    0,    0,    0,    0,    0,    0,    0,    0,    0,    0,    0,    0,    0,    0,    0,    0,    0,    0,    0,    0,    0,    0,    0,    0,    0,    0,    0,    0,    0,    0,    0,    0,    0,    0,    0,    0,    0,    0,    0,    0,    0,    0,    0,    0,    0,    0,    0,    0,  -19,    0,  -20,    0,    0,   -7,    0,   -3,   -3,    0,  -15,  -16,  -16,    0,   -4,    0,    0,    0,   -8,    0,    0,    0,    0,    0,    0,    0,    0,
       0,    0,    0,    0,    0,    0,    0,    0,    0,    0,    0,    0,  -33,    0,  -12,  -12,  -38,   -8,  -12,    6,    8,    7,   11,   13,    6,   10,    9,    0,    0,    0,  -11,    0,  -13,  -17,    0,    0,    0,    0,    0,   -8,    0,    0,    5,    5,    0,    5,    0,    0,    0,    0,    0,  -78,    0,  -11,    0,    0,    0,  -28,    0,    0,    0,    0,    0,    0,    0,    0,    0,    8,    0,    6,  -38,  -24,    0,  -33,  -22,    5,    0,   -8,  -12,   -5,    6,    6,    0,    0,  -11,    0,    0,    0,  -17,  -13,    0,    0,  -18,   -6,  -17,    0,  -12,    0,    0,  -21,    0,    0,    0,    0,    0,    0,   -8,    6,   -9,   -8,    0,    0,    0,    6,    0,    0,    0,  -11,    6,    0,    0,    0,    0,  -40,   -6,    0,   -4,    0,    0,    0,    0,    0,    0,    0,    0,    0,    0,    0,    0,    0,    0,    0,    0,    0,    0,    0,    0,    0,    0,    0,    0,    0,    0,    0,    0,    0,    0,    0,    0,
       0,    0,    0,    0,    0,    0,    0,    0,    0,    0,    0,    0,  -39,    0,  -15,  -15,  -42,    0,  -15,   -8,    7,    5,   11,   12,    6,    9,    7,    0,    0,    0,  -25,   -4,  -29,  -29,   -8,   -4,   -4,    0,  -17,  -31,    0,  -13,   -4,   -4,    0,   -4,  -13,    0,    0,    0,    0,  -52,   -8,  -25,   -4,   -4,   -4,  -29,   -4,   -4,   -4,    0,    0,    0,    0,    0,    0,    7,   -7,   -8,  -42,  -26,    0,  -39,  -25,    0,    0,    0,  -15,  -10,    6,    0,    0,   -5,  -25,    0,   -8,   -8,  -23,  -20,    0,   -6,  -25,  -12,  -29,  -10,  -20,    0,    0,  -28,    0,    0,   -8,    0,   -6,   -7,  -15,    0,  -18,  -31,    0,    0,    0,    0,    0,    0,   -7,  -20,    5,    0,    0,    0,   -5,  -43,  -12,   -5,  -11,    0,   -7,    0,    0,    0,    0,    0,    0,    0,    0,    0,    0,    0,    0,    0,    0,    0,    0,    0,    0,    0,    0,    0,    0,    0,    0,    0,    0,    0,    0,    0,    0,
       0,    0,    0,    0,    0,    0,    0,    0,    0,    0,    0,    0,    8,    0,  -13,  -13,    9,    0,  -13,    4,  -30,   -8,  -50,  -30,    9,  -43,    8,    0,    0,    0,    4,    4,    0,    0,    4,    4,    4,   12,    4,    4,    0,    4,  -16,  -12,    8,  -16,   10,    0,    0,    0,    0,    9,    0,    4,    4,    4,    4,    0,    4,    4,    4,    0,    0,    0,    0,    0,    0,    0,    0,    0,    0,    0,    0,    0,    0,    0,    0,    0,    0,    0,    0,    0,    0,    0,    0,    0,    0,    0,    0,    0,    0,    0,    0,    0,    0,    0,    0,    0,    0,    0,    0,    0,    0,    0,    0,    0,    0,    0,    0,    0,    0,    0,    0,    0,    0,    0,    0,    0,    0,    0,    0,    0,    0,    0,    0,    0,    0,    0,    0,    0,    0,    0,    0,    0,    0,    0,    0,    0,    0,    0,    0,    0,    0,    0,    0,    0,    0,    0,    0,    0,    0,    0,    0,    0,    0,    0,    0,    0,    0,
       0,    0,    0,    0,    0,    0,    0,    0,    0,    0,    0,    0,    0,    0,    0,    0,    0,    0,    0,    0,    0,    0,    0,    0,    0,    0,    0,    0,    0,    0,    0,    0,    0,    0,    0,    0,    0,    0,    0,    0,    0,    0,    0,    0,    0,    0,    0,    0,    0,    0,    0,    0,    0,    0,    0,    0,    0,    0,    0,    0,    0,    0,    0,    0,    0,    0,    0,    0,    0,    0,    0,    0,    0,    0,    0,    0,    0,    0,    0,    0,    0,    0,    0,    0,    0,    0,    0,    0,    0,    0,    0,    0,    0,    0,    0,    0,    0,    0,    0,    0,    0,    0,    0,    0,    0,    0,    0,    0,    0,    0,    0,    0,    0,    0,    0,    0,    0,    0,    0,    0,    0,    0,    0,    0,    0,    0,    0,    0,    0,    0,    0,    0,    0,    0,    0,    0,    0,    0,    0,    0,    0,    0,    0,    0,    0,    0,    0,    0,    0,    0,    0,    0,    0,    0,    0,  -16,  -10,  -12,   20,
};

static const EpdLigaturePair ubuntu_12_boldLigaturePairs[] = {
    { 0x00660066, 0xFB00 }, // f f -> U+FB00
    { 0x00660069, 0xFB01 }, // f i -> U+FB01
    { 0x0066006C, 0xFB02 }, // f l -> U+FB02
    { 0xFB000069, 0xFB03 }, // U+FB00 i -> U+FB03
    { 0xFB00006C, 0xFB04 }, // U+FB00 l -> U+FB04
};

static const EpdFontData ubuntu_12_bold = {
    ubuntu_12_boldBitmaps,
    ubuntu_12_boldGlyphs,
    ubuntu_12_boldIntervals,
    69,
    29,
    24,
    -5,
    true,
    nullptr,
    0,
    nullptr,
    ubuntu_12_boldKernLeftClasses,
    ubuntu_12_boldKernRightClasses,
    ubuntu_12_boldKernMatrix,
    576,
    577,
    173,
    159,
    ubuntu_12_boldLigaturePairs,
    5,
};
