/**
 * generated by fontconvert.py
 * name: ubuntu_10_bold
 * size: 10
 * mode: 2-bit
 * Command used: fontconvert.py ubuntu_10_bold 10 ../builtinFonts/source/Ubuntu/Ubuntu-Bold.ttf ../builtinFonts/source/NotoSansHebrew/NotoSansHebrew-Bold.ttf ../builtinFonts/source/NotoSansArabic/NotoSansArabic-Bold.ttf ../builtinFonts/source/Ubuntu/Ubuntu-Vietnamese-Bold.ttf --2bit --additional-intervals 0x05D0,0x05EA --additional-intervals 0x060C,0x060C --additional-intervals 0x061B,0x061B --additional-intervals 0x061F,0x061F --additional-intervals 0x0621,0x0621 --additional-intervals 0x0640,0x0640 --additional-intervals 0x0660,0x0669 --additional-intervals 0x06BA,0x06BA --additional-intervals 0x06D4,0x06D4 --additional-intervals 0x06F0,0x06F9 --additional-intervals 0xFB56,0xFB59 --additional-intervals 0xFB66,0xFB69 --additional-intervals 0xFB7A,0xFB7D --additional-intervals 0xFB88,0xFB95 --additional-intervals 0xFB9E,0xFB9F --additional-intervals 0xFBA6,0xFBB1 --additional-intervals 0xFBFC,0xFBFF --additional-intervals 0xFE80,0xFEFC
 */
#pragma once
#include "EpdFontData.h"

static const uint8_t ubuntu_10_boldBitmaps[52898] = {
    0xBE, 0xBE, 0xBE, 0xBE, 0xBE, 0xBE, 0xBE, 0x7E, 0x7D, 0x3D, 0x00, 0x7D, 0xFF, 0xFF, 0x7D, 0xFC,
    0x7E, 0xFC, 0x7E, 0xFC, 0x7E, 0xFC, 0x7E, 0xBC, 0x3D, 0xB8, 0x3D, 0x01, 0xF4, 0x3E, 0x00, 0x7C,
    0x1F, 0x40, 0x2F, 0x0B, 0xC0, 0x0F, 0xC2, 0xF0, 0xFF, 0xFF, 0xFF, 0xBF, 0xFF, 0xFF, 0xE0, 0x7D,
    0x1F, 0x40, 0x2F, 0x07, 0xD0, 0x0F, 0xC2, 0xF0, 0x3F, 0xFF, 0xFF, 0xEF, 0xFF, 0xFF, 0xF8, 0x7D,
    0x0F, 0x80, 0x2F, 0x07, 0xD0, 0x0B, 0xC2, 0xF0, 0x03, 0xF0, 0xFC, 0x00, 0x00, 0x7D, 0x00, 0x01,
    0xF4, 0x00, 0x2F, 0xFE, 0x03, 0xFF, 0xFD, 0x2F, 0xFF, 0xF0, 0xFE, 0x01, 0x83, 0xF8, 0x00, 0x0B,
    0xFE, 0x00, 0x0F, 0xFF, 0xC0, 0x07, 0xFF, 0xC0, 0x01, 0xBF, 0x80, 0x00, 0x7F, 0x19, 0x02, 0xFC,
    0xFF, 0xFF, 0xE3, 0xFF, 0xFF, 0x06, 0xFF, 0xE0, 0x00, 0x7D, 0x00, 0x01, 0xF4, 0x00, 0x07, 0xD0,
    0x00, 0x0B, 0xF4, 0x00, 0xFC, 0x00, 0xBF, 0xF4, 0x0B, 0xD0, 0x03, 0xE2, 0xF0, 0x3F, 0x00, 0x0F,
    0x07, 0xC2, 0xF4, 0x00, 0x3C, 0x1F, 0x0F, 0x80, 0x00, 0xF8, 0xBC, 0xBC, 0x00, 0x02, 0xFF, 0xD7,
    0xE0, 0x00, 0x02, 0xFD, 0x3F, 0x1F, 0xE0, 0x00, 0x01, 0xF8, 0xFF, 0xF0, 0x00, 0x0F, 0xCB, 0xC7,
    0xD0, 0x00, 0x7D, 0x3E, 0x0F, 0x80, 0x03, 0xF0, 0xF8, 0x3E, 0x00, 0x2F, 0x42, 0xF1, 0xF4, 0x00,
    0xFC, 0x03, 0xFF, 0xC0, 0x0B, 0xC0, 0x07, 0xF8, 0x00, 0x00, 0xBF, 0x80, 0x00, 0x0F, 0xFF, 0x80,
    0x00, 0xBF, 0xFF, 0x00, 0x02, 0xF0, 0xBD, 0x00, 0x0B, 0xC1, 0xF0, 0x00, 0x0F, 0xEF, 0x80, 0x00,
    0x2F, 0xFC, 0x00, 0x02, 0xFF, 0xC1, 0xF0, 0x2F, 0xEF, 0xC7, 0xC0, 0xFC, 0x2F, 0xEF, 0x03, 0xE0,
    0x2F, 0xF8, 0x0F, 0xD0, 0x3F, 0xD0, 0x3F, 0xFF, 0xFF, 0x80, 0x7F, 0xFF, 0xFF, 0x80, 0x2F, 0xF8,
    0x3F, 0x40, 0xFC, 0xFC, 0xFC, 0xFC, 0xBC, 0xB8, 0x00, 0xC0, 0x0F, 0xC0, 0xBE, 0x03, 0xF0, 0x2F,
    0x80, 0xFD, 0x03, 0xF0, 0x1F, 0xC0, 0x7E, 0x01, 0xF8, 0x07, 0xE0, 0x1F, 0x80, 0x7F, 0x00, 0xFC,
    0x03, 0xF4, 0x0B, 0xE0, 0x0F, 0xC0, 0x2F, 0x80, 0x3F, 0x00, 0x30, 0x18, 0x0B, 0xD0, 0x3F, 0x02,
    0xF8, 0x0F, 0xC0, 0xFD, 0x0B, 0xE0, 0x7F, 0x03, 0xF0, 0x3F, 0x03, 0xF0, 0x3F, 0x07, 0xF0, 0xBE,
    0x0F, 0xD0, 0xFC, 0x2F, 0x83, 0xF0, 0xBD, 0x01, 0x80, 0x00, 0xF8, 0x00, 0x0F, 0x40, 0x18, 0xB5,
    0xC3, 0xFF, 0xFD, 0x2F, 0xFF, 0x90, 0x7F, 0xE0, 0x0F, 0xDF, 0x80, 0x24, 0x90, 0x01, 0xF4, 0x00,
    0x1F, 0x40, 0x01, 0xF4, 0x00, 0x1F, 0x40, 0xFF, 0xFF, 0xFF, 0xFF, 0xFF, 0xFF, 0xFF, 0xF0, 0x1F,
    0x40, 0x01, 0xF4, 0x00, 0x1F, 0x40, 0x01, 0xF4, 0x00, 0x3F, 0x4F, 0xD3, 0xF4, 0xFC, 0x7E, 0x1B,
    0x00, 0x7F, 0xF9, 0xFF, 0xE7, 0xFF, 0x80, 0x2E, 0x1F, 0xD7, 0xF4, 0xB8, 0x00, 0x02, 0xF8, 0x00,
    0x0F, 0xC0, 0x00, 0x7F, 0x00, 0x02, 0xF4, 0x00, 0x0F, 0xC0, 0x00, 0x7F, 0x00, 0x03, 0xF4, 0x00,
    0x0F, 0xC0, 0x00, 0x7E, 0x00, 0x03, 0xF4, 0x00, 0x0F, 0xC0, 0x00, 0xBE, 0x00, 0x03, 0xF4, 0x00,
    0x0F, 0xC0, 0x00, 0xBE, 0x00, 0x03, 0xF4, 0x00, 0x1F, 0xC0, 0x00, 0xBE, 0x00, 0x03, 0xF0, 0x00,
    0x1F, 0xC0, 0x00, 0x01, 0xFE, 0x40, 0x07, 0xFF, 0xD0, 0x0F, 0xFF, 0xF0, 0x2F, 0xC3, 0xF8, 0x3F,
    0x41, 0xFC, 0x3F, 0x00, 0xFC, 0x3F, 0x00, 0xFC, 0x7F, 0x00, 0xFC, 0x3F, 0x00, 0xFC, 0x3F, 0x00,
    0xFC, 0x3F, 0x41, 0xFC, 0x2F, 0xC3, 0xF8, 0x0F, 0xFF, 0xF0, 0x07, 0xFF, 0xD0, 0x01, 0xFE, 0x40,
    0x00, 0x3D, 0x00, 0xFD, 0x07, 0xFD, 0x2F, 0xFD, 0x7F, 0xFD, 0x39, 0xBD, 0x00, 0xBD, 0x00, 0xBD,
    0x00, 0xBD, 0x00, 0xBD, 0x00, 0xBD, 0x00, 0xBD, 0x00, 0xBD, 0x00, 0xBD, 0x00, 0xBD, 0x02, 0xFE,
    0x40, 0xBF, 0xFF, 0x83, 0xFF, 0xFF, 0x07, 0x81, 0xFD, 0x00, 0x03, 0xF4, 0x00, 0x0F, 0xC0, 0x00,
    0xBE, 0x00, 0x0B, 0xF0, 0x00, 0xBF, 0x00, 0x0B, 0xF0, 0x00, 0xBF, 0x00, 0x03, 0xF0, 0x00, 0x2F,
    0xFF, 0xFC, 0xFF, 0xFF, 0xF3, 0xFF, 0xFF, 0xC0, 0x07, 0xFE, 0x00, 0xFF, 0xFF, 0x02, 0xFF, 0xFF,
    0x06, 0x02, 0xFC, 0x00, 0x03, 0xF0, 0x00, 0x2F, 0x40, 0x3F, 0xF8, 0x00, 0xFF, 0xF8, 0x00, 0x07,
    0xF0, 0x00, 0x0B, 0xE0, 0x00, 0x2F, 0x89, 0x01, 0xFD, 0x3F, 0xFF, 0xF1, 0xFF, 0xFF, 0x41, 0xBF,
    0xE0, 0x00, 0x00, 0x0B, 0xF0, 0x00, 0x2F, 0xF0, 0x00, 0x7F, 0xF0, 0x00, 0xFF, 0xF0, 0x03, 0xFB,
    0xF0, 0x07, 0xE7, 0xF0, 0x0F, 0xC7, 0xF0, 0x2F, 0x07, 0xF0, 0x3E, 0x07, 0xF0, 0xBF, 0xFF, 0xFD,
    0xBF, 0xFF, 0xFD, 0xBF, 0xFF, 0xFD, 0x00, 0x07, 0xF0, 0x00, 0x07, 0xF0, 0x00, 0x07, 0xF0, 0x0F,
    0xFF, 0xF0, 0x3F, 0xFF, 0xC0, 0xFF, 0xFF, 0x03, 0xF0, 0x00, 0x0F, 0xC0, 0x00, 0x3F, 0xE4, 0x00,
    0xFF, 0xFC, 0x07, 0xFF, 0xFC, 0x00, 0x1B, 0xF4, 0x00, 0x0B, 0xE0, 0x00, 0x2F, 0x85, 0x01, 0xFD,
    0x3F, 0xFF, 0xF0, 0xFF, 0xFF, 0x41, 0xBF, 0xE0, 0x00, 0x00, 0x06, 0xF0, 0x00, 0xBF, 0xF0, 0x03,
    0xFF, 0xF0, 0x0B, 0xF9, 0x00, 0x1F, 0xC0, 0x00, 0x2F, 0xFF, 0x80, 0x3F, 0xFF, 0xF0, 0x3F, 0xFF,
    0xF8, 0x3F, 0x02, 0xFC, 0x3F, 0x00, 0xFC, 0x3F, 0x00, 0xFC, 0x3F, 0xC2, 0xFC, 0x1F, 0xFF, 0xF4,
    0x0B, 0xFF, 0xE0, 0x01, 0xFF, 0x40, 0x3F, 0xFF, 0xFC, 0x3F, 0xFF, 0xFC, 0x3F, 0xFF, 0xFC, 0x00,
    0x03, 0xF0, 0x00, 0x0B, 0xE0, 0x00, 0x0F, 0xC0, 0x00, 0x2F, 0x80, 0x00, 0x3F, 0x00, 0x00, 0xBE,
    0x00, 0x00, 0xFD, 0x00, 0x00, 0xFC, 0x00, 0x01, 0xF8, 0x00, 0x02, 0xF8, 0x00, 0x03, 0xF4, 0x00,
    0x03, 0xF0, 0x00, 0x01, 0xFF, 0x40, 0x0B, 0xFF, 0xE0, 0x1F, 0xFF, 0xF4, 0x2F, 0x82, 0xF8, 0x3F,
    0x01, 0xF8, 0x2F, 0x82, 0xF4, 0x1F, 0xEB, 0xF0, 0x07, 0xFF, 0xC0, 0x0F, 0xFF, 0xF0, 0x2F, 0x42,
    0xFC, 0x3F, 0x00, 0xFC, 0x3F, 0x41, 0xFC, 0x3F, 0xFF, 0xFC, 0x0F, 0xFF, 0xF0, 0x02, 0xFF, 0x80,
    0x02, 0xFE, 0x40, 0x0F, 0xFF, 0xD0, 0x2F, 0xFF, 0xF0, 0x3F, 0x43, 0xF8, 0x7F, 0x01, 0xFC, 0x7F,
    0x00, 0xFC, 0x7F, 0x41, 0xFC, 0x3F, 0xFF, 0xFC, 0x1F, 0xFF, 0xFC, 0x02, 0xFF, 0xF8, 0x00, 0x03,
    0xF4, 0x00, 0x6F, 0xF0, 0x1F, 0xFF, 0xC0, 0x0F, 0xFE, 0x00, 0x0F, 0xE0, 0x00, 0x2E, 0x1F, 0xD7,
    0xF4, 0xB8, 0x00, 0x00, 0x00, 0x00, 0xB8, 0x7F, 0x5F, 0xD2, 0xE0, 0x2E, 0x1F, 0xD7, 0xF4, 0xB8,
    0x00, 0x00, 0x00, 0x00, 0x00, 0x3F, 0x4F, 0xD3, 0xF4, 0xFC, 0x7E, 0x1B, 0x00, 0x00, 0x01, 0xC0,
    0x02, 0xFE, 0x07, 0xFF, 0xFB, 0xFF, 0xF4, 0xFF, 0xE0, 0x0F, 0xF0, 0x00, 0xFF, 0xE0, 0x0B, 0xFF,
    0xF4, 0x07, 0xFF, 0xF0, 0x02, 0xFE, 0x00, 0x01, 0xC0, 0xFF, 0xFF, 0xFF, 0xFF, 0xFF, 0xFF, 0xFF,
    0xF0, 0x00, 0x00, 0x00, 0x00, 0x0F, 0xFF, 0xFF, 0xFF, 0xFF, 0xFF, 0xFF, 0xFF, 0x64, 0x00, 0x0B,
    0xF8, 0x00, 0xFF, 0xF9, 0x01, 0xFF, 0xFD, 0x01, 0xBF, 0xF0, 0x00, 0xFF, 0x00, 0xBF, 0xF1, 0xFF,
    0xFD, 0xFF, 0xF9, 0x0B, 0xF8, 0x00, 0x64, 0x00, 0x00, 0x1B, 0xF8, 0x07, 0xFF, 0xF0, 0x3F, 0xFF,
    0xC2, 0x42, 0xFC, 0x00, 0x1F, 0xC0, 0x02, 0xF8, 0x00, 0xBF, 0x00, 0x1F, 0xD0, 0x03, 0xF4, 0x00,
    0x3F, 0x00, 0x07, 0xE0, 0x00, 0x00, 0x00, 0x03, 0xD0, 0x00, 0xBF, 0x00, 0x0B, 0xF0, 0x00, 0x3D,
    0x00, 0x00, 0x0B, 0xFF, 0x90, 0x00, 0x03, 0xFF, 0xFF, 0xF0, 0x00, 0x7F, 0x80, 0x1B, 0xF4, 0x03,
    0xF0, 0x00, 0x03, 0xF0, 0x3F, 0x02, 0xFF, 0x83, 0xE1, 0xF4, 0x3F, 0xFF, 0x47, 0xCB, 0xC3, 0xF4,
    0x7D, 0x0F, 0x7E, 0x1F, 0x81, 0xF4, 0x3D, 0xF8, 0xBD, 0x07, 0xD0, 0xF7, 0xE2, 0xF4, 0x1F, 0x43,
    0xDF, 0x87, 0xE0, 0x7D, 0x1F, 0x2F, 0x0F, 0xD1, 0xF4, 0xB8, 0x7C, 0x1F, 0xFF, 0xFF, 0xC0, 0xFC,
    0x1B, 0xF7, 0xF8, 0x01, 0xF8, 0x00, 0x00, 0x00, 0x02, 0xFE, 0x40, 0x10, 0x00, 0x01, 0xFF, 0xFF,
    0xD0, 0x00, 0x00, 0x6F, 0xFE, 0x40, 0x00, 0x00, 0x0F, 0xD0, 0x00, 0x00, 0xBF, 0xC0, 0x00, 0x03,
    0xFF, 0x00, 0x00, 0x2F, 0xFE, 0x00, 0x00, 0xFD, 0xFC, 0x00, 0x07, 0xF3, 0xF4, 0x00, 0x2F, 0x47,
    0xF0, 0x00, 0xFC, 0x0F, 0xC0, 0x07, 0xE0, 0x2F, 0x80, 0x3F, 0xFF, 0xFF, 0x00, 0xFF, 0xFF, 0xFD,
    0x0B, 0xFF, 0xFF, 0xF8, 0x3F, 0x40, 0x07, 0xF1, 0xFC, 0x00, 0x0F, 0xDB, 0xF0, 0x00, 0x2F, 0xC0,
    0x2F, 0xFF, 0x90, 0x1F, 0xFF, 0xFE, 0x07, 0xFF, 0xFF, 0xC1, 0xFC, 0x03, 0xF4, 0x7F, 0x00, 0xFD,
    0x1F, 0xFF, 0xFE, 0x07, 0xFF, 0xFF, 0x41, 0xFF, 0xFF, 0xF4, 0x7F, 0x00, 0xFF, 0x1F, 0xC0, 0x1F,
    0xC7, 0xF0, 0x07, 0xF1, 0xFC, 0x07, 0xFC, 0x7F, 0xFF, 0xFE, 0x1F, 0xFF, 0xFE, 0x02, 0xFF, 0xF9,
    0x00, 0x00, 0x7F, 0xF8, 0x01, 0xFF, 0xFF, 0xC1, 0xFF, 0xFF, 0xE0, 0xFF, 0x40, 0x60, 0x7F, 0x40,
    0x00, 0x2F, 0xC0, 0x00, 0x0F, 0xE0, 0x00, 0x03, 0xF4, 0x00, 0x00, 0xFE, 0x00, 0x00, 0x3F, 0xC0,
    0x00, 0x0B, 0xF4, 0x00, 0x00, 0xFF, 0x40, 0x14, 0x2F, 0xFF, 0xFE, 0x02, 0xFF, 0xFF, 0xC0, 0x0B,
    0xFF, 0x80, 0x2F, 0xFF, 0x80, 0x07, 0xFF, 0xFF, 0x80, 0x7F, 0xFF, 0xFF, 0x07, 0xF0, 0x1F, 0xF8,
    0x7F, 0x00, 0x3F, 0xC7, 0xF0, 0x01, 0xFC, 0x7F, 0x00, 0x0F, 0xD7, 0xF0, 0x00, 0xFD, 0x7F, 0x00,
    0x0F, 0xD7, 0xF0, 0x01, 0xFC, 0x7F, 0x00, 0x3F, 0xC7, 0xF0, 0x1F, 0xF4, 0x7F, 0xFF, 0xFE, 0x07,
    0xFF, 0xFF, 0x80, 0x2F, 0xFF, 0x80, 0x00, 0x7F, 0xFF, 0xF9, 0xFF, 0xFF, 0xE7, 0xFF, 0xFF, 0x9F,
    0xC0, 0x00, 0x7F, 0x00, 0x01, 0xFC, 0x00, 0x07, 0xFF, 0xFF, 0x1F, 0xFF, 0xFC, 0x7F, 0xFF, 0xF1,
    0xFC, 0x00, 0x07, 0xF0, 0x00, 0x1F, 0xC0, 0x00, 0x7F, 0xFF, 0xFD, 0xFF, 0xFF, 0xF7, 0xFF, 0xFF,
    0xC0, 0x7F, 0xFF, 0xF5, 0xFF, 0xFF, 0xD7, 0xFF, 0xFF, 0x5F, 0xC0, 0x00, 0x7F, 0x00, 0x01, 0xFC,
    0x00, 0x07, 0xFF, 0xFE, 0x1F, 0xFF, 0xF8, 0x7F, 0xFF, 0xE1, 0xFC, 0x00, 0x07, 0xF0, 0x00, 0x1F,
    0xC0, 0x00, 0x7F, 0x00, 0x01, 0xFC, 0x00, 0x07, 0xF0, 0x00, 0x00, 0x00, 0x7F, 0xF8, 0x01, 0xFF,
    0xFF, 0xC1, 0xFF, 0xFF, 0xE0, 0xFF, 0x40, 0x24, 0x7F, 0x40, 0x00, 0x2F, 0xC0, 0x00, 0x0F, 0xE0,
    0x00, 0x03, 0xF4, 0x00, 0xFD, 0xFE, 0x00, 0x3F, 0x6F, 0xC0, 0x0F, 0xD7, 0xF4, 0x03, 0xF4, 0xFF,
    0x40, 0xFD, 0x1F, 0xFF, 0xFF, 0x41, 0xFF, 0xFF, 0xD0, 0x0B, 0xFF, 0xA0, 0x7F, 0x00, 0x2F, 0x9F,
    0xC0, 0x0B, 0xE7, 0xF0, 0x02, 0xF9, 0xFC, 0x00, 0xBE, 0x7F, 0x00, 0x2F, 0x9F, 0xC0, 0x0B, 0xE7,
    0xFF, 0xFF, 0xF9, 0xFF, 0xFF, 0xFE, 0x7F, 0xFF, 0xFF, 0x9F, 0xC0, 0x0B, 0xE7, 0xF0, 0x02, 0xF9,
    0xFC, 0x00, 0xBE, 0x7F, 0x00, 0x2F, 0x9F, 0xC0, 0x0B, 0xE7, 0xF0, 0x02, 0xF8, 0x7F, 0x7F, 0x7F,
    0x7F, 0x7F, 0x7F, 0x7F, 0x7F, 0x7F, 0x7F, 0x7F, 0x7F, 0x7F, 0x7F, 0x7F, 0x00, 0x0B, 0xE0, 0x00,
    0xBE, 0x00, 0x0B, 0xE0, 0x00, 0xBE, 0x00, 0x0B, 0xE0, 0x00, 0xBE, 0x00, 0x0B, 0xE0, 0x00, 0xBE,
    0x00, 0x0B, 0xE0, 0x00, 0xBE, 0x00, 0x0F, 0xE2, 0x41, 0xFD, 0x7F, 0xFF, 0xCB, 0xFF, 0xF4, 0x1F,
    0xF9, 0x00, 0x7F, 0x00, 0x7F, 0x47, 0xF0, 0x1F, 0xE0, 0x7F, 0x03, 0xF8, 0x07, 0xF0, 0xFE, 0x00,
    0x7F, 0x3F, 0x80, 0x07, 0xFF, 0xE0, 0x00, 0x7F, 0xFC, 0x00, 0x07, 0xFF, 0xD0, 0x00, 0x7F, 0x7F,
    0x40, 0x07, 0xF2, 0xFC, 0x00, 0x7F, 0x0F, 0xF0, 0x07, 0xF0, 0x7F, 0x80, 0x7F, 0x02, 0xFD, 0x07,
    0xF0, 0x0F, 0xF0, 0x7F, 0x00, 0x3F, 0xC0, 0x7F, 0x00, 0x01, 0xFC, 0x00, 0x07, 0xF0, 0x00, 0x1F,
    0xC0, 0x00, 0x7F, 0x00, 0x01, 0xFC, 0x00, 0x07, 0xF0, 0x00, 0x1F, 0xC0, 0x00, 0x7F, 0x00, 0x01,
    0xFC, 0x00, 0x07, 0xF0, 0x00, 0x1F, 0xC0, 0x00, 0x7F, 0xFF, 0xF5, 0xFF, 0xFF, 0xD7, 0xFF, 0xFF,
    0x40, 0x2F, 0xC0, 0x00, 0xFD, 0x0F, 0xF4, 0x00, 0x7F, 0x83, 0xFE, 0x00, 0x3F, 0xE0, 0xFF, 0xC0,
    0x0F, 0xFC, 0x3F, 0xF8, 0x0B, 0xFF, 0x0F, 0xFF, 0x03, 0xEF, 0xC3, 0xF7, 0xD1, 0xF3, 0xF1, 0xFC,
    0xFC, 0xFC, 0xFC, 0x7E, 0x2F, 0xBD, 0x3F, 0x1F, 0x83, 0xFF, 0x0F, 0xDB, 0xE0, 0xFF, 0x83, 0xF6,
    0xF8, 0x1F, 0xC0, 0xBD, 0xBE, 0x03, 0xF0, 0x2F, 0x6F, 0x80, 0x00, 0x0B, 0xDB, 0xD0, 0x00, 0x02,
    0xF8, 0x7F, 0x00, 0x0F, 0xC7, 0xF8, 0x00, 0xFC, 0x7F, 0xD0, 0x0F, 0xC7, 0xFF, 0x00, 0xFC, 0x7F,
    0xFC, 0x0F, 0xC7, 0xFB, 0xE0, 0xFC, 0x7F, 0x3F, 0x4F, 0xC7, 0xF0, 0xFC, 0xFC, 0x7F, 0x0B, 0xEF,
    0xC7, 0xF0, 0x3F, 0xFC, 0x7F, 0x00, 0xFF, 0xC7, 0xF0, 0x0B, 0xFC, 0x7F, 0x00, 0x3F, 0xC7, 0xF0,
    0x01, 0xFC, 0x7F, 0x00, 0x0F, 0xC0, 0x00, 0x7F, 0xE4, 0x00, 0x1F, 0xFF, 0xFC, 0x01, 0xFF, 0xFF,
    0xFC, 0x0F, 0xF4, 0x0B, 0xF8, 0x7F, 0x40, 0x0B, 0xF2, 0xFC, 0x00, 0x0F, 0xDF, 0xE0, 0x00, 0x3F,
    0x7F, 0x40, 0x00, 0xFE, 0xFE, 0x00, 0x03, 0xF6, 0xFC, 0x00, 0x0F, 0xD7, 0xF4, 0x00, 0xBF, 0x0F,
    0xF4, 0x0B, 0xF8, 0x1F, 0xFF, 0xFF, 0xC0, 0x1F, 0xFF, 0xFC, 0x00, 0x0B, 0xFE, 0x40, 0x00, 0x2F,
    0xFF, 0x80, 0x7F, 0xFF, 0xF4, 0x7F, 0xFF, 0xFC, 0x7F, 0x01, 0xFE, 0x7F, 0x00, 0xBE, 0x7F, 0x00,
    0xBE, 0x7F, 0x01, 0xFE, 0x7F, 0xFF, 0xFC, 0x7F, 0xFF, 0xF4, 0x7F, 0xFF, 0x80, 0x7F, 0x00, 0x00,
    0x7F, 0x00, 0x00, 0x7F, 0x00, 0x00, 0x7F, 0x00, 0x00, 0x7F, 0x00, 0x00, 0x00, 0x7F, 0xE4, 0x00,
    0x1F, 0xFF, 0xFC, 0x01, 0xFF, 0xFF, 0xFC, 0x0F, 0xF4, 0x0B, 0xF8, 0x7F, 0x40, 0x0B, 0xF2, 0xFC,
    0x00, 0x0F, 0xDF, 0xE0, 0x00, 0x3F, 0x7F, 0x40, 0x00, 0xFE, 0xFE, 0x00, 0x03, 0xF6, 0xFC, 0x00,
    0x0F, 0xD7, 0xF4, 0x00, 0xBF, 0x0F, 0xF4, 0x0B, 0xF8, 0x1F, 0xFF, 0xFF, 0xC0, 0x1F, 0xFF, 0xFC,
    0x00, 0x0B, 0xFF, 0x40, 0x00, 0x02, 0xFD, 0x00, 0x00, 0x03, 0xFF, 0xD0, 0x00, 0x01, 0xBF, 0x00,
    0x2F, 0xFE, 0x40, 0x1F, 0xFF, 0xFD, 0x07, 0xFF, 0xFF, 0xC1, 0xFC, 0x0B, 0xF4, 0x7F, 0x00, 0xFE,
    0x1F, 0xC0, 0x3F, 0x87, 0xF0, 0x2F, 0xE1, 0xFF, 0xFF, 0xF0, 0x7F, 0xFF, 0xF4, 0x1F, 0xFF, 0xF0,
    0x07, 0xF0, 0xFF, 0x01, 0xFC, 0x1F, 0xE0, 0x7F, 0x02, 0xFC, 0x1F, 0xC0, 0x3F, 0xC7, 0xF0, 0x07,
    0xF4, 0x01, 0xFF, 0xD0, 0x0F, 0xFF, 0xF8, 0x2F, 0xFF, 0xF0, 0x3F, 0x80, 0x60, 0x3F, 0x40, 0x00,
    0x3F, 0xD0, 0x00, 0x0F, 0xFE, 0x40, 0x03, 0xFF, 0xE0, 0x00, 0x6F, 0xFC, 0x00, 0x02, 0xFC, 0x00,
    0x00, 0xFD, 0x19, 0x01, 0xFD, 0x3F, 0xFF, 0xFC, 0x3F, 0xFF, 0xF4, 0x0B, 0xFF, 0x80, 0xBF, 0xFF,
    0xFF, 0x6F, 0xFF, 0xFF, 0xDB, 0xFF, 0xFF, 0xF4, 0x00, 0xFC, 0x00, 0x00, 0x3F, 0x00, 0x00, 0x0F,
    0xC0, 0x00, 0x03, 0xF0, 0x00, 0x00, 0xFC, 0x00, 0x00, 0x3F, 0x00, 0x00, 0x0F, 0xC0, 0x00, 0x03,
    0xF0, 0x00, 0x00, 0xFC, 0x00, 0x00, 0x3F, 0x00, 0x00, 0x0F, 0xC0, 0x00, 0x03, 0xF0, 0x00, 0xBF,
    0x00, 0x3F, 0x6F, 0xC0, 0x0F, 0xDB, 0xF0, 0x03, 0xF6, 0xFC, 0x00, 0xFD, 0xBF, 0x00, 0x3F, 0x6F,
    0xC0, 0x0F, 0xDB, 0xF0, 0x03, 0xF6, 0xFC, 0x00, 0xFD, 0xBF, 0x00, 0x3F, 0x6F, 0xC0, 0x0F, 0xD7,
    0xF0, 0x03, 0xF0, 0xFE, 0x03, 0xFC, 0x2F, 0xFF, 0xFE, 0x03, 0xFF, 0xFE, 0x00, 0x1F, 0xF9, 0x00,
    0xBF, 0x00, 0x02, 0xFD, 0xFD, 0x00, 0x0F, 0xD3, 0xF8, 0x00, 0x7F, 0x0B, 0xF0, 0x02, 0xFC, 0x1F,
    0xC0, 0x0F, 0xD0, 0x3F, 0x80, 0x7F, 0x00, 0xBF, 0x02, 0xF8, 0x00, 0xFD, 0x0F, 0xD0, 0x03, 0xF8,
    0x7F, 0x00, 0x07, 0xF2, 0xF8, 0x00, 0x0F, 0xDF, 0xC0, 0x00, 0x2F, 0xFE, 0x00, 0x00, 0x3F, 0xF0,
    0x00, 0x00, 0xBF, 0xC0, 0x00, 0x00, 0xFD, 0x00, 0x00, 0x7F, 0x00, 0x00, 0x00, 0xFD, 0x3F, 0x00,
    0x00, 0x00, 0xFC, 0x3F, 0x40, 0x7E, 0x01, 0xFC, 0x3F, 0x80, 0xBF, 0x02, 0xF8, 0x2F, 0xC0, 0xFF,
    0x02, 0xF4, 0x1F, 0xC1, 0xFF, 0x43, 0xF4, 0x0F, 0xC2, 0xFF, 0x83, 0xF0, 0x0F, 0xD3, 0xEB, 0xC7,
    0xF0, 0x0B, 0xE3, 0xD7, 0xD7, 0xE0, 0x07, 0xFB, 0xC3, 0xEB, 0xD0, 0x03, 0xFF, 0x83, 0xFF, 0xC0,
    0x03, 0xFF, 0x41, 0xFF, 0xC0, 0x02, 0xFF, 0x00, 0xFF, 0x40, 0x01, 0xFE, 0x00, 0xFF, 0x00, 0x00,
    0xFD, 0x00, 0x7F, 0x00, 0x7F, 0x80, 0x1F, 0xD2, 0xFD, 0x03, 0xFC, 0x0F, 0xF0, 0xBF, 0x00, 0x7F,
    0x9F, 0xD0, 0x02, 0xFF, 0xFC, 0x00, 0x0F, 0xFF, 0x00, 0x00, 0x7F, 0xD0, 0x00, 0x03, 0xFC, 0x00,
    0x00, 0xBF, 0xF0, 0x00, 0x1F, 0xFF, 0x80, 0x03, 0xFF, 0xFC, 0x00, 0xBF, 0x0F, 0xF0, 0x1F, 0xD0,
    0x7F, 0x43, 0xFC, 0x03, 0xFC, 0x7F, 0x00, 0x1F, 0xE0, 0xBF, 0x00, 0x0F, 0xE3, 0xF8, 0x02, 0xFC,
    0x2F, 0xC0, 0x3F, 0x40, 0xFE, 0x0B, 0xF0, 0x0B, 0xF0, 0xFD, 0x00, 0x3F, 0xEF, 0xC0, 0x01, 0xFF,
    0xF0, 0x00, 0x0F, 0xFE, 0x00, 0x00, 0x3F, 0xC0, 0x00, 0x02, 0xF8, 0x00, 0x00, 0x2F, 0x80, 0x00,
    0x02, 0xF8, 0x00, 0x00, 0x2F, 0x80, 0x00, 0x02, 0xF8, 0x00, 0x00, 0x2F, 0x80, 0x00, 0x3F, 0xFF,
    0xFF, 0x0F, 0xFF, 0xFF, 0xC3, 0xFF, 0xFF, 0xF0, 0x00, 0x0F, 0xF0, 0x00, 0x0B, 0xF0, 0x00, 0x07,
    0xF4, 0x00, 0x03, 0xF8, 0x00, 0x03, 0xFC, 0x00, 0x02, 0xFC, 0x00, 0x00, 0xFD, 0x00, 0x00, 0xFE,
    0x00, 0x00, 0x7F, 0x00, 0x00, 0x3F, 0xFF, 0xFF, 0x1F, 0xFF, 0xFF, 0xC7, 0xFF, 0xFF, 0xF0, 0x3F,
    0xF8, 0xFF, 0xE3, 0xFF, 0x8F, 0xC0, 0x3F, 0x00, 0xFC, 0x03, 0xF0, 0x0F, 0xC0, 0x3F, 0x00, 0xFC,
    0x03, 0xF0, 0x0F, 0xC0, 0x3F, 0x00, 0xFC, 0x03, 0xF0, 0x0F, 0xC0, 0x3F, 0x00, 0xFF, 0xE3, 0xFF,
    0x8F, 0xFE, 0x7F, 0x00, 0x00, 0xFC, 0x00, 0x02, 0xF8, 0x00, 0x07, 0xF0, 0x00, 0x0F, 0xC0, 0x00,
    0x2F, 0x80, 0x00, 0x7F, 0x00, 0x00, 0xFD, 0x00, 0x02, 0xF8, 0x00, 0x03, 0xF0, 0x00, 0x0F, 0xD0,
    0x00, 0x2F, 0x80, 0x00, 0x3F, 0x00, 0x00, 0xFD, 0x00, 0x01, 0xFC, 0x00, 0x03, 0xF0, 0x00, 0x0B,
    0xD0, 0x00, 0x1F, 0xC0, 0x00, 0x3F, 0x00, 0x00, 0xBE, 0xFF, 0xFF, 0xFF, 0xFF, 0xF0, 0x3F, 0x03,
    0xF0, 0x3F, 0x03, 0xF0, 0x3F, 0x03, 0xF0, 0x3F, 0x03, 0xF0, 0x3F, 0x03, 0xF0, 0x3F, 0x03, 0xF0,
    0x3F, 0x03, 0xFF, 0xFF, 0xFF, 0xFF, 0xFF, 0x00, 0xBD, 0x00, 0x00, 0xFF, 0x00, 0x02, 0xFF, 0x80,
    0x07, 0xEF, 0xC0, 0x0F, 0xC7, 0xE0, 0x1F, 0x83, 0xF4, 0x3F, 0x01, 0xFC, 0x7E, 0x00, 0xFD, 0x1C,
    0x00, 0x60, 0xFF, 0xFF, 0xFB, 0xFF, 0xFF, 0xEF, 0xFF, 0xFF, 0x80, 0x08, 0x03, 0xD0, 0x3F, 0x00,
    0xFC, 0x02, 0x80, 0x0B, 0xFE, 0x40, 0x3F, 0xFF, 0x40, 0xFF, 0xFF, 0x01, 0x00, 0xFC, 0x06, 0xFF,
    0xF0, 0xBF, 0xFF, 0xD3, 0xF0, 0x3F, 0x4F, 0xC0, 0xFD, 0x3F, 0xFF, 0xF4, 0xBF, 0xFF, 0xD0, 0x7F,
    0xFE, 0x00, 0x6E, 0x00, 0x02, 0xF8, 0x00, 0x0B, 0xE0, 0x00, 0x2F, 0x80, 0x00, 0xBE, 0x00, 0x02,
    0xFF, 0xFD, 0x0B, 0xFF, 0xFD, 0x2F, 0xFF, 0xFC, 0xBE, 0x07, 0xF6, 0xF8, 0x0B, 0xEB, 0xE0, 0x1F,
    0xAF, 0x80, 0xBE, 0xBE, 0x07, 0xF6, 0xFF, 0xFF, 0xCB, 0xFF, 0xFC, 0x0B, 0xFF, 0x80, 0x00, 0xBF,
    0xD0, 0x7F, 0xFD, 0x0F, 0xFF, 0xC2, 0xFD, 0x04, 0x3F, 0x40, 0x03, 0xF0, 0x00, 0x3F, 0x40, 0x03,
    0xFD, 0x00, 0x1F, 0xFF, 0xE0, 0xBF, 0xFE, 0x01, 0xBF, 0xD0, 0x00, 0x00, 0xAC, 0x00, 0x00, 0xFC,
    0x00, 0x00, 0xFC, 0x00, 0x00, 0xFC, 0x00, 0x00, 0xFC, 0x01, 0xFE, 0xFC, 0x0B, 0xFF, 0xFC, 0x1F,
    0xFF, 0xFC, 0x3F, 0xC0, 0xFC, 0x3F, 0x40, 0xFC, 0x3F, 0x00, 0xFC, 0x3F, 0x40, 0xFC, 0x3F, 0xD0,
    0xFC, 0x1F, 0xFF, 0xFC, 0x0B, 0xFF, 0xFC, 0x01, 0xBF, 0xE8, 0x00, 0xBF, 0x80, 0x07, 0xFF, 0xF0,
    0x0F, 0xFF, 0xFC, 0x2F, 0x80, 0xFC, 0x3F, 0xFF, 0xFD, 0x3F, 0xFF, 0xFD, 0x3F, 0x40, 0x00, 0x3F,
    0xD0, 0x10, 0x1F, 0xFF, 0xF4, 0x0B, 0xFF, 0xF8, 0x01, 0xBF, 0xE4, 0x07, 0xFE, 0x0B, 0xFF, 0xC3,
    0xFF, 0xE1, 0xFC, 0x00, 0xBE, 0x00, 0x2F, 0xFF, 0x4B, 0xFF, 0xD2, 0xFF, 0xF4, 0xBE, 0x00, 0x2F,
    0x80, 0x0B, 0xE0, 0x02, 0xF8, 0x00, 0xBE, 0x00, 0x2F, 0x80, 0x0B, 0xE0, 0x02, 0xF8, 0x00, 0x01,
    0xBF, 0xE4, 0x2F, 0xFF, 0xF1, 0xFF, 0xFF, 0xCF, 0xF0, 0x3F, 0x3F, 0x40, 0xFC, 0xFC, 0x03, 0xF3,
    0xF8, 0x1F, 0xCB, 0xFF, 0xFF, 0x0F, 0xFF, 0xFC, 0x0B, 0xFB, 0xF0, 0x00, 0x0F, 0xC1, 0x00, 0xFF,
    0x0F, 0xFF, 0xF4, 0x7F, 0xFF, 0xC0, 0xBF, 0xF4, 0x00, 0x6E, 0x00, 0x0B, 0xE0, 0x00, 0xBE, 0x00,
    0x0B, 0xE0, 0x00, 0xBE, 0x00, 0x0B, 0xFF, 0xE0, 0xBF, 0xFF, 0xCB, 0xFF, 0xFE, 0xBE, 0x0B, 0xFB,
    0xE0, 0x3F, 0xBE, 0x03, 0xFB, 0xE0, 0x3F, 0xBE, 0x03, 0xFB, 0xE0, 0x3F, 0xBE, 0x03, 0xFB, 0xE0,
    0x3F, 0x3D, 0xFF, 0xFF, 0x3D, 0x00, 0xBE, 0xBE, 0xBE, 0xBE, 0xBE, 0xBE, 0xBE, 0xBE, 0xBE, 0xBE,
    0xBE, 0x00, 0xF4, 0x0F, 0xF0, 0x3F, 0xC0, 0x3D, 0x00, 0x00, 0x0B, 0xE0, 0x2F, 0x80, 0xBE, 0x02,
    0xF8, 0x0B, 0xE0, 0x2F, 0x80, 0xBE, 0x02, 0xF8, 0x0B, 0xE0, 0x2F, 0x80, 0xBE, 0x03, 0xF8, 0xFF,
    0xD7, 0xFF, 0x1F, 0xE0, 0x6E, 0x00, 0x02, 0xF8, 0x00, 0x0B, 0xE0, 0x00, 0x2F, 0x80, 0x00, 0xBE,
    0x00, 0x02, 0xF8, 0x1F, 0xDB, 0xE1, 0xFD, 0x2F, 0x9F, 0xD0, 0xBF, 0xFD, 0x02, 0xFF, 0xE0, 0x0B,
    0xFF, 0xD0, 0x2F, 0xAF, 0xC0, 0xBE, 0x3F, 0xC2, 0xF8, 0x3F, 0x4B, 0xE0, 0xBF, 0x2F, 0x80, 0xFE,
    0x6E, 0x0B, 0xE0, 0xBE, 0x0B, 0xE0, 0xBE, 0x0B, 0xE0, 0xBE, 0x0B, 0xE0, 0xBE, 0x0B, 0xE0, 0xBE,
    0x0B, 0xE0, 0xBF, 0x07, 0xFD, 0x3F, 0xC0, 0xBC, 0x2F, 0xFD, 0x2F, 0xE0, 0xBF, 0xFF, 0xFF, 0xFC,
    0xBF, 0xFF, 0xFF, 0xFD, 0xBE, 0x0F, 0xE0, 0xFE, 0xBE, 0x0B, 0xE0, 0x7E, 0xBE, 0x07, 0xE0, 0x7E,
    0xBE, 0x07, 0xE0, 0x7E, 0xBE, 0x07, 0xE0, 0x7E, 0xBE, 0x07, 0xE0, 0x7E, 0xBE, 0x07, 0xE0, 0x7E,
    0xBE, 0x07, 0xE0, 0x7E, 0x2F, 0xFE, 0x0B, 0xFF, 0xFC, 0xBF, 0xFF, 0xEB, 0xE0, 0xBF, 0xBE, 0x03,
    0xFB, 0xE0, 0x3F, 0xBE, 0x03, 0xFB, 0xE0, 0x3F, 0xBE, 0x03, 0xFB, 0xE0, 0x3F, 0xBE, 0x03, 0xF0,
    0x00, 0xBF, 0x80, 0x07, 0xFF, 0xF4, 0x1F, 0xFF, 0xFC, 0x2F, 0xC1, 0xFD, 0x3F, 0x40, 0xBE, 0x3F,
    0x00, 0x7F, 0x3F, 0x40, 0xBE, 0x2F, 0xC1, 0xFD, 0x1F, 0xFF, 0xFC, 0x07, 0xFF, 0xF4, 0x01, 0xBF,
    0x80, 0x2F, 0xFE, 0x02, 0xFF, 0xFF, 0x0B, 0xFF, 0xFF, 0x2F, 0x81, 0xFD, 0xBE, 0x02, 0xFA, 0xF8,
    0x07, 0xEB, 0xE0, 0x2F, 0xAF, 0x81, 0xFD, 0xBF, 0xFF, 0xF2, 0xFF, 0xFF, 0x4B, 0xFF, 0xF4, 0x2F,
    0x80, 0x00, 0xBE, 0x00, 0x02, 0xF8, 0x00, 0x0B, 0xE0, 0x00, 0x00, 0x00, 0xBF, 0xE8, 0x07, 0xFF,
    0xFC, 0x1F, 0xFF, 0xFC, 0x2F, 0xD0, 0xFC, 0x3F, 0x40, 0xFC, 0x3F, 0x00, 0xFC, 0x3F, 0x40, 0xFC,
    0x3F, 0xC0, 0xFC, 0x1F, 0xFF, 0xFC, 0x0F, 0xFF, 0xFC, 0x02, 0xFE, 0xFC, 0x00, 0x00, 0xFC, 0x00,
    0x00, 0xFC, 0x00, 0x00, 0xFC, 0x00, 0x00, 0xFC, 0x1B, 0xFD, 0xBF, 0xFD, 0xBF, 0xFD, 0xBE, 0x00,
    0xBE, 0x00, 0xBE, 0x00, 0xBE, 0x00, 0xBE, 0x00, 0xBE, 0x00, 0xBE, 0x00, 0xBE, 0x00, 0x02, 0xFF,
    0x40, 0xFF, 0xF8, 0x2F, 0xFF, 0x43, 0xF4, 0x10, 0x3F, 0xFE, 0x41, 0xFF, 0xFC, 0x06, 0xBF, 0xC1,
    0x40, 0xFD, 0x3F, 0xFF, 0xC3, 0xFF, 0xF8, 0x2F, 0xFD, 0x00, 0x6D, 0x00, 0xBE, 0x00, 0xBE, 0x00,
    0xBF, 0xFD, 0xBF, 0xFD, 0xBF, 0xFD, 0xBE, 0x00, 0xBE, 0x00, 0xBE, 0x00, 0xBE, 0x00, 0xBF, 0x00,
    0x7F, 0xFD, 0x3F, 0xFE, 0x0B, 0xFD, 0xBE, 0x03, 0xFB, 0xE0, 0x3F, 0xBE, 0x03, 0xFB, 0xE0, 0x3F,
    0xBE, 0x03, 0xFB, 0xE0, 0x3F, 0xBE, 0x03, 0xF7, 0xF0, 0x7F, 0x3F, 0xFF, 0xF2, 0xFF, 0xFF, 0x07,
    0xFF, 0x90, 0xBE, 0x00, 0xFC, 0x7F, 0x01, 0xFC, 0x3F, 0x42, 0xF8, 0x2F, 0x83, 0xF0, 0x1F, 0xC7,
    0xF0, 0x0F, 0xCB, 0xD0, 0x0B, 0xEF, 0xC0, 0x03, 0xFF, 0x80, 0x02, 0xFF, 0x40, 0x01, 0xFF, 0x00,
    0x00, 0xFD, 0x00, 0xBE, 0x03, 0xE0, 0x3F, 0x1F, 0xC0, 0xFC, 0x1F, 0xC3, 0xF0, 0x7F, 0x0B, 0xD0,
    0xFD, 0x2F, 0xC3, 0xF0, 0x1F, 0x8F, 0xF4, 0xFC, 0x03, 0xF7, 0xEF, 0x7E, 0x00, 0xFE, 0xE7, 0xEF,
    0x00, 0x1F, 0xF4, 0xFF, 0xC0, 0x03, 0xFC, 0x2F, 0xE0, 0x00, 0xBF, 0x07, 0xF0, 0x00, 0x1F, 0x40,
    0xFC, 0x00, 0x7F, 0x01, 0xFC, 0x2F, 0x83, 0xF0, 0x0F, 0xDB, 0xD0, 0x03, 0xFF, 0xC0, 0x02, 0xFF,
    0x00, 0x00, 0xFE, 0x00, 0x02, 0xFF, 0x40, 0x07, 0xFF, 0xC0, 0x0F, 0xCB, 0xF0, 0x3F, 0x43, 0xF4,
    0x7E, 0x00, 0xFC, 0xBE, 0x00, 0xFC, 0x7F, 0x01, 0xFC, 0x3F, 0x02, 0xF8, 0x2F, 0x83, 0xF0, 0x1F,
    0xC3, 0xF0, 0x0F, 0xCB, 0xD0, 0x0B, 0xEF, 0xC0, 0x03, 0xFF, 0x80, 0x02, 0xFF, 0x40, 0x00, 0xFF,
    0x00, 0x00, 0xFD, 0x00, 0x01, 0xFC, 0x00, 0x7F, 0xF8, 0x00, 0xBF, 0xF0, 0x00, 0xBF, 0x80, 0x00,
    0x3F, 0xFF, 0xF3, 0xFF, 0xFF, 0x3F, 0xFF, 0xE0, 0x03, 0xF8, 0x00, 0xBE, 0x00, 0x2F, 0x80, 0x07,
    0xF0, 0x01, 0xFC, 0x00, 0x3F, 0xFF, 0xF7, 0xFF, 0xFF, 0x7F, 0xFF, 0xF0, 0x00, 0xBE, 0x03, 0xFE,
    0x07, 0xFE, 0x07, 0xF0, 0x07, 0xD0, 0x07, 0xD0, 0x07, 0xD0, 0x0B, 0xD0, 0x0F, 0xC0, 0x7F, 0x80,
    0x7F, 0x80, 0x7F, 0xC0, 0x0F, 0xD0, 0x0B, 0xD0, 0x07, 0xD0, 0x07, 0xD0, 0x07, 0xF0, 0x07, 0xFE,
    0x03, 0xFE, 0x00, 0xBE, 0x3F, 0x3F, 0x3F, 0x3F, 0x3F, 0x3F, 0x3F, 0x3F, 0x3F, 0x3F, 0x3F, 0x3F,
    0x3F, 0x3F, 0x3F, 0x3F, 0x3F, 0x3F, 0x3F, 0x3F, 0xFD, 0x00, 0xFF, 0x80, 0xFF, 0xC0, 0x0F, 0xC0,
    0x0B, 0xD0, 0x0B, 0xD0, 0x0B, 0xD0, 0x0B, 0xD0, 0x07, 0xF0, 0x03, 0xFC, 0x03, 0xFC, 0x07, 0xFC,
    0x0B, 0xE0, 0x0B, 0xD0, 0x0B, 0xD0, 0x0B, 0xD0, 0x0F, 0xD0, 0xFF, 0xC0, 0xFF, 0xC0, 0xFE, 0x00,
    0x0B, 0xD0, 0x28, 0x2F, 0xF8, 0x7C, 0x3F, 0xFF, 0xFC, 0x7C, 0x3F, 0xF4, 0x28, 0x07, 0xE0, 0x7D,
    0xFF, 0xFF, 0x7D, 0x00, 0x3D, 0x7D, 0x7E, 0xBE, 0xBE, 0xBE, 0xBE, 0xBE, 0xBE, 0xBE, 0x00, 0x7E,
    0x00, 0x07, 0xE0, 0x00, 0x7E, 0x00, 0x0B, 0xFD, 0x07, 0xFF, 0xD1, 0xFF, 0xFC, 0x3F, 0xD0, 0x43,
    0xF4, 0x00, 0x3F, 0x00, 0x03, 0xFC, 0x00, 0x1F, 0xFF, 0xE0, 0xBF, 0xFE, 0x01, 0xFF, 0xE0, 0x07,
    0xE0, 0x00, 0x7E, 0x00, 0x07, 0xE0, 0x00, 0x7F, 0xE0, 0x0B, 0xFF, 0xC0, 0x3F, 0xFF, 0x02, 0xFC,
    0x00, 0x0B, 0xD0, 0x00, 0x2F, 0x40, 0x0B, 0xFF, 0xFC, 0x2F, 0xFF, 0xF0, 0xBF, 0xFF, 0xC0, 0x2F,
    0x40, 0x00, 0xFD, 0x00, 0x03, 0xF0, 0x00, 0x0F, 0xFF, 0xF8, 0x3F, 0xFF, 0xE1, 0xFF, 0xFF, 0x80,
    0x00, 0x00, 0x00, 0x0C, 0x00, 0x30, 0x3F, 0xFF, 0xFC, 0x2F, 0xFF, 0xF8, 0x0F, 0xC3, 0xF0, 0x1F,
    0x41, 0xF4, 0x1F, 0x41, 0xF4, 0x0F, 0xC3, 0xF0, 0x2F, 0xFF, 0xF8, 0x3F, 0xFF, 0xFC, 0x0C, 0x00,
    0x30, 0x3F, 0x80, 0x2F, 0xC1, 0xFC, 0x03, 0xF4, 0x0F, 0xE0, 0xBF, 0x00, 0x7F, 0x0F, 0xD0, 0x03,
    0xFA, 0xFC, 0x00, 0x1F, 0xFF, 0x40, 0x00, 0xFF, 0xF0, 0x00, 0xBF, 0xFF, 0xE0, 0x0B, 0xFF, 0xFE,
    0x00, 0x02, 0xF8, 0x00, 0x00, 0x2F, 0x80, 0x00, 0xBF, 0xFF, 0xE0, 0x0B, 0xFF, 0xFE, 0x00, 0x02,
    0xF8, 0x00, 0x00, 0x2F, 0x80, 0x00, 0x7E, 0x7E, 0x7E, 0x7E, 0x7E, 0x7E, 0x7E, 0x7E, 0x00, 0x00,
    0x00, 0x00, 0x7E, 0x7E, 0x7E, 0x7E, 0x7E, 0x7E, 0x7E, 0x7E, 0x02, 0xFF, 0x90, 0x3F, 0xFF, 0x81,
    0xFF, 0xFD, 0x0B, 0xE0, 0x10, 0x1F, 0xC0, 0x00, 0x3F, 0xE0, 0x00, 0xFF, 0xF8, 0x0B, 0xEF, 0xF8,
    0x3F, 0x0B, 0xF0, 0xF8, 0x0F, 0xC3, 0xF8, 0x3F, 0x0B, 0xFF, 0xF4, 0x0B, 0xFF, 0xC0, 0x02, 0xFF,
    0x40, 0x00, 0xBE, 0x09, 0x02, 0xF8, 0x3F, 0xFF, 0xE1, 0xFF, 0xFF, 0x01, 0xBF, 0xE0, 0x00, 0x3D,
    0x0F, 0x1F, 0xCB, 0xE3, 0xD0, 0xF0, 0x00, 0x6F, 0xE4, 0x00, 0x0F, 0xFF, 0xF8, 0x00, 0xFD, 0x01,
    0xFC, 0x0F, 0x80, 0x00, 0xF8, 0x7C, 0x1F, 0xE0, 0xF2, 0xE2, 0xFF, 0xC3, 0xDF, 0x4F, 0x80, 0x0B,
    0xBC, 0x3D, 0x00, 0x1E, 0xF4, 0xF8, 0x00, 0xBA, 0xE2, 0xFF, 0xC3, 0xD7, 0xC1, 0xFE, 0x0F, 0x0F,
    0x80, 0x00, 0xF8, 0x0F, 0xD0, 0x1F, 0xC0, 0x0F, 0xFF, 0xFC, 0x00, 0x07, 0xFE, 0x40, 0x00, 0x1F,
    0xF4, 0x2F, 0xFC, 0x00, 0x3D, 0x0A, 0xBE, 0x3F, 0xFE, 0x7D, 0x3E, 0x7F, 0xFE, 0x1F, 0xFD, 0x00,
    0x00, 0x00, 0x02, 0xD0, 0x38, 0x07, 0xF0, 0xBE, 0x0F, 0xD1, 0xFC, 0x3F, 0x83, 0xF4, 0x7F, 0x4B,
    0xF0, 0x3F, 0x83, 0xF4, 0x0F, 0xD1, 0xFC, 0x07, 0xF0, 0xBE, 0x02, 0xD0, 0x38, 0x00, 0x00, 0x00,
    0xFF, 0xFF, 0xFF, 0xFF, 0xFF, 0xFF, 0xFF, 0xF0, 0x00, 0x3F, 0x00, 0x03, 0xF0, 0x00, 0x3F, 0x00,
    0x03, 0xF0, 0x00, 0x3F, 0x7F, 0xF9, 0xFF, 0xE7, 0xFF, 0x80, 0x00, 0x6F, 0xE4, 0x00, 0x0F, 0xFF,
    0xF8, 0x00, 0xFD, 0x01, 0xFC, 0x0F, 0x80, 0x00, 0xF8, 0x7C, 0x7F, 0xD0, 0xF2, 0xE1, 0xFF, 0xC3,
    0xDF, 0x47, 0x8F, 0x4B, 0xBC, 0x1F, 0xFC, 0x1E, 0xF4, 0x7F, 0xE0, 0xBA, 0xE1, 0xE3, 0xC3, 0xD7,
    0xC7, 0x8B, 0x8F, 0x0F, 0x80, 0x00, 0xF8, 0x0F, 0xD0, 0x1F, 0xC0, 0x0F, 0xFF, 0xFC, 0x00, 0x07,
    0xFE, 0x40, 0x00, 0x7F, 0xFD, 0x7F, 0xFD, 0x0B, 0xE0, 0x3F, 0xF8, 0xBC, 0x7C, 0xBC, 0x7C, 0x3F,
    0xF8, 0x0B, 0xE0, 0x01, 0xF4, 0x00, 0x1F, 0x40, 0x01, 0xF4, 0x00, 0x1F, 0x40, 0xFF, 0xFF, 0xFF,
    0xFF, 0xFF, 0xFF, 0xFF, 0xF0, 0x1F, 0x40, 0x01, 0xF4, 0x00, 0x1F, 0x40, 0x01, 0xF4, 0x00, 0x00,
    0x00, 0xFF, 0xFF, 0xFF, 0xFF, 0xFF, 0xFF, 0xFF, 0xF0, 0x1F, 0xD1, 0xFF, 0xD2, 0x0F, 0x40, 0x3D,
    0x03, 0xF0, 0x3F, 0x03, 0xF0, 0x0F, 0xFF, 0x7F, 0xFC, 0x2F, 0xD0, 0xFF, 0xC1, 0x0F, 0x43, 0xFC,
    0x0F, 0xF0, 0x03, 0xE1, 0x0B, 0x9F, 0xFD, 0x7F, 0xD0, 0x02, 0x00, 0xBC, 0x1F, 0xC3, 0xE0, 0x28,
    0x00, 0xBE, 0x03, 0xFB, 0xE0, 0x3F, 0xBE, 0x03, 0xFB, 0xE0, 0x3F, 0xBE, 0x03, 0xFB, 0xE0, 0x3F,
    0xBE, 0x03, 0xFB, 0xF4, 0x3F, 0xBF, 0xFF, 0xFB, 0xFF, 0xFF, 0xBF, 0xFF, 0xAB, 0xE0, 0x00, 0xBE,
    0x00, 0x0B, 0xE0, 0x00, 0xBE, 0x00, 0x00, 0x00, 0x6A, 0xA9, 0x40, 0x7F, 0xFF, 0xFC, 0x1F, 0xFF,
    0xFF, 0xC3, 0xFF, 0xF4, 0xBC, 0x3F, 0xFF, 0x4B, 0xC3, 0xFF, 0xF4, 0xBC, 0x3F, 0xFF, 0x4B, 0xC2,
    0xFF, 0xF4, 0xBC, 0x0B, 0xFF, 0x4B, 0xC0, 0x07, 0xF4, 0xBC, 0x00, 0x2F, 0x4B, 0xC0, 0x02, 0xF4,
    0xBC, 0x00, 0x2F, 0x4B, 0xC0, 0x02, 0xF4, 0xBC, 0x00, 0x2F, 0x4B, 0xC0, 0x02, 0xF4, 0xBC, 0x00,
    0x2F, 0x4B, 0xC0, 0x02, 0xF4, 0xBC, 0x00, 0x2F, 0x4B, 0xC0, 0x2E, 0x1F, 0xD7, 0xF4, 0xB8, 0x01,
    0x40, 0x78, 0x07, 0xD1, 0x7E, 0x3F, 0xD1, 0xA4, 0x02, 0xF1, 0xFF, 0x3F, 0xF2, 0xAF, 0x02, 0xF0,
    0x2F, 0x02, 0xF0, 0x2F, 0x02, 0xF0, 0x07, 0xF8, 0x07, 0xFF, 0xC3, 0xE0, 0xF9, 0xF0, 0x2F, 0x7C,
    0x0B, 0xCF, 0x83, 0xE1, 0xFF, 0xF0, 0x1F, 0xE0, 0x00, 0x00, 0x00, 0x07, 0x40, 0xB0, 0x03, 0xF0,
    0x7F, 0x00, 0x7F, 0x0F, 0xE0, 0x0F, 0xE0, 0xFD, 0x01, 0xFD, 0x2F, 0xC0, 0xFE, 0x0F, 0xD0, 0x7F,
    0x0F, 0xE0, 0x3F, 0x07, 0xF0, 0x07, 0x40, 0xB0, 0x00, 0x00, 0x00, 0x00, 0x03, 0xD0, 0x01, 0xA0,
    0x00, 0xBF, 0x40, 0x0F, 0x80, 0x07, 0xFD, 0x00, 0xBC, 0x00, 0x0D, 0xF4, 0x03, 0xE0, 0x00, 0x03,
    0xD0, 0x2F, 0x00, 0x00, 0x0F, 0x40, 0xF8, 0x00, 0x00, 0x3D, 0x0B, 0xC0, 0x7C, 0x00, 0xF4, 0x7E,
    0x07, 0xF0, 0x03, 0xD3, 0xF0, 0x7B, 0xC0, 0x00, 0x1F, 0x83, 0xCF, 0x00, 0x00, 0xFC, 0x2F, 0xFF,
    0x00, 0x07, 0xE0, 0xFF, 0xFC, 0x00, 0x3F, 0x00, 0x03, 0xC0, 0x01, 0xF8, 0x00, 0x0F, 0x00, 0x0F,
    0xC0, 0x00, 0x00, 0x00, 0x03, 0xD0, 0x02, 0x90, 0x02, 0xFD, 0x00, 0xFC, 0x00, 0x7F, 0xD0, 0x1F,
    0x80, 0x03, 0x7D, 0x03, 0xF0, 0x00, 0x03, 0xD0, 0x7E, 0x00, 0x00, 0x3D, 0x0F, 0xC0, 0x00, 0x03,
    0xD1, 0xF8, 0xBF, 0x40, 0x3D, 0x3F, 0x2F, 0xFC, 0x03, 0xD7, 0xE0, 0x83, 0xD0, 0x00, 0xFC, 0x00,
    0x7C, 0x00, 0x1F, 0x40, 0x1F, 0x80, 0x03, 0xF0, 0x07, 0xE0, 0x00, 0x7D, 0x00, 0xF8, 0x00, 0x0F,
    0xC0, 0x1F, 0xFE, 0x01, 0xF4, 0x01, 0xFF, 0xE0, 0x2F, 0xD0, 0x00, 0xA4, 0x00, 0xFF, 0xD0, 0x0B,
    0xC0, 0x01, 0x0F, 0x40, 0x3E, 0x00, 0x03, 0xFC, 0x03, 0xF0, 0x00, 0x0F, 0xF4, 0x1F, 0x80, 0x00,
    0x02, 0xF0, 0xFC, 0x00, 0x01, 0x0B, 0xC7, 0xE0, 0x7C, 0x1F, 0xFD, 0x3F, 0x07, 0xF0, 0x7F, 0xE1,
    0xF8, 0x7B, 0xC0, 0x00, 0x0F, 0xC3, 0xCF, 0x00, 0x00, 0x7E, 0x2F, 0xFF, 0x00, 0x03, 0xF0, 0xFF,
    0xFC, 0x00, 0x1F, 0x40, 0x03, 0xC0, 0x00, 0xFC, 0x00, 0x0F, 0x00, 0x07, 0xD0, 0x00, 0x00, 0x00,
    0x00, 0xF8, 0x00, 0x2F, 0xC0, 0x02, 0xFC, 0x00, 0x0F, 0x80, 0x00, 0x00, 0x00, 0x0F, 0xC0, 0x01,
    0xF8, 0x00, 0x3F, 0x40, 0x0F, 0xE0, 0x03, 0xF8, 0x00, 0x7F, 0x00, 0x07, 0xF0, 0x14, 0x7F, 0xFF,
    0x82, 0xFF, 0xFC, 0x07, 0xFE, 0x00, 0x00, 0x09, 0x00, 0x00, 0x00, 0xBC, 0x00, 0x00, 0x01, 0xF8,
    0x00, 0x00, 0x01, 0xF8, 0x00, 0x00, 0x00, 0xD0, 0x00, 0x00, 0x00, 0x00, 0x00, 0x00, 0xFD, 0x00,
    0x00, 0x0B, 0xFC, 0x00, 0x00, 0x3F, 0xF0, 0x00, 0x02, 0xFF, 0xE0, 0x00, 0x0F, 0xDF, 0xC0, 0x00,
    0x7F, 0x3F, 0x40, 0x02, 0xF4, 0x7F, 0x00, 0x0F, 0xC0, 0xFC, 0x00, 0x7E, 0x02, 0xF8, 0x03, 0xFF,
    0xFF, 0xF0, 0x0F, 0xFF, 0xFF, 0xD0, 0xBF, 0xFF, 0xFF, 0x83, 0xF4, 0x00, 0x7F, 0x1F, 0xC0, 0x00,
    0xFD, 0xBF, 0x00, 0x02, 0xFC, 0x00, 0x01, 0x80, 0x00, 0x00, 0x0F, 0x80, 0x00, 0x00, 0xFD, 0x00,
    0x00, 0x0B, 0xD0, 0x00, 0x00, 0x1C, 0x00, 0x00, 0x00, 0x00, 0x00, 0x00, 0x00, 0xFD, 0x00, 0x00,
    0x0B, 0xFC, 0x00, 0x00, 0x3F, 0xF0, 0x00, 0x02, 0xFF, 0xE0, 0x00, 0x0F, 0xDF, 0xC0, 0x00, 0x7F,
    0x3F, 0x40, 0x02, 0xF4, 0x7F, 0x00, 0x0F, 0xC0, 0xFC, 0x00, 0x7E, 0x02, 0xF8, 0x03, 0xFF, 0xFF,
    0xF0, 0x0F, 0xFF, 0xFF, 0xD0, 0xBF, 0xFF, 0xFF, 0x83, 0xF4, 0x00, 0x7F, 0x1F, 0xC0, 0x00, 0xFD,
    0xBF, 0x00, 0x02, 0xFC, 0x00, 0x02, 0x00, 0x00, 0x00, 0x3F, 0x00, 0x00, 0x03, 0xFF, 0x00, 0x00,
    0x2F, 0x3E, 0x00, 0x00, 0x20, 0x20, 0x00, 0x00, 0x00, 0x00, 0x00, 0x00, 0xFD, 0x00, 0x00, 0x0B,
    0xFC, 0x00, 0x00, 0x3F, 0xF0, 0x00, 0x02, 0xFF, 0xE0, 0x00, 0x0F, 0xDF, 0xC0, 0x00, 0x7F, 0x3F,
    0x40, 0x02, 0xF4, 0x7F, 0x00, 0x0F, 0xC0, 0xFC, 0x00, 0x7E, 0x02, 0xF8, 0x03, 0xFF, 0xFF, 0xF0,
    0x0F, 0xFF, 0xFF, 0xD0, 0xBF, 0xFF, 0xFF, 0x83, 0xF4, 0x00, 0x7F, 0x1F, 0xC0, 0x00, 0xFD, 0xBF,
    0x00, 0x02, 0xFC, 0x00, 0x3E, 0x18, 0x00, 0x03, 0xFF, 0xF0, 0x00, 0x06, 0x1F, 0x40, 0x00, 0x00,
    0x00, 0x00, 0x00, 0x0F, 0xD0, 0x00, 0x00, 0xBF, 0xC0, 0x00, 0x03, 0xFF, 0x00, 0x00, 0x2F, 0xFE,
    0x00, 0x00, 0xFD, 0xFC, 0x00, 0x07, 0xF3, 0xF4, 0x00, 0x2F, 0x47, 0xF0, 0x00, 0xFC, 0x0F, 0xC0,
    0x07, 0xE0, 0x2F, 0x80, 0x3F, 0xFF, 0xFF, 0x00, 0xFF, 0xFF, 0xFD, 0x0B, 0xFF, 0xFF, 0xF8, 0x3F,
    0x40, 0x07, 0xF1, 0xFC, 0x00, 0x0F, 0xDB, 0xF0, 0x00, 0x2F, 0xC0, 0x00, 0xF4, 0x7C, 0x00, 0x07,
    0xE3, 0xF4, 0x00, 0x0F, 0x47, 0xC0, 0x00, 0x00, 0x00, 0x00, 0x00, 0x0F, 0xD0, 0x00, 0x00, 0xBF,
    0xC0, 0x00, 0x03, 0xFF, 0x00, 0x00, 0x2F, 0xFE, 0x00, 0x00, 0xFD, 0xFC, 0x00, 0x07, 0xF3, 0xF4,
    0x00, 0x2F, 0x47, 0xF0, 0x00, 0xFC, 0x0F, 0xC0, 0x07, 0xE0, 0x2F, 0x80, 0x3F, 0xFF, 0xFF, 0x00,
    0xFF, 0xFF, 0xFD, 0x0B, 0xFF, 0xFF, 0xF8, 0x3F, 0x40, 0x07, 0xF1, 0xFC, 0x00, 0x0F, 0xDB, 0xF0,
    0x00, 0x2F, 0xC0, 0x00, 0x0B, 0xC0, 0x00, 0x00, 0xB2, 0xC0, 0x00, 0x03, 0xCB, 0x00, 0x00, 0x07,
    0xF8, 0x00, 0x00, 0x1F, 0xD0, 0x00, 0x00, 0xFF, 0xC0, 0x00, 0x03, 0xFF, 0x40, 0x00, 0x2F, 0xFF,
    0x00, 0x00, 0xFD, 0xFC, 0x00, 0x07, 0xF3, 0xF8, 0x00, 0x3F, 0x47, 0xF0, 0x00, 0xFC, 0x0F, 0xD0,
    0x0B, 0xE0, 0x2F, 0x80, 0x3F, 0xFF, 0xFF, 0x01, 0xFF, 0xFF, 0xFD, 0x0B, 0xFF, 0xFF, 0xF8, 0x3F,
    0x40, 0x07, 0xF1, 0xFC, 0x00, 0x0F, 0xDB, 0xF0, 0x00, 0x2F, 0xC0, 0x00, 0x00, 0x3F, 0xFF, 0xFE,
    0x00, 0x00, 0x3F, 0xFF, 0xFF, 0x80, 0x00, 0x1F, 0xFF, 0xFF, 0xE0, 0x00, 0x0F, 0xFF, 0x40, 0x00,
    0x00, 0x0B, 0xDB, 0xD0, 0x00, 0x00, 0x03, 0xF2, 0xF4, 0x00, 0x00, 0x03, 0xF4, 0xBF, 0xFF, 0xC0,
    0x01, 0xFC, 0x2F, 0xFF, 0xF0, 0x00, 0xFD, 0x0B, 0xFF, 0xFC, 0x00, 0xBF, 0xFF, 0xF4, 0x00, 0x00,
    0x3F, 0xFF, 0xFD, 0x00, 0x00, 0x3F, 0xFF, 0xFF, 0x40, 0x00, 0x1F, 0xD0, 0x0B, 0xFF, 0xFF, 0x0F,
    0xE0, 0x02, 0xFF, 0xFF, 0xCB, 0xF0, 0x00, 0xBF, 0xFF, 0xF0, 0x00, 0x7F, 0xF8, 0x01, 0xFF, 0xFF,
    0xC1, 0xFF, 0xFF, 0xE0, 0xFF, 0x40, 0x60, 0x7F, 0x40, 0x00, 0x2F, 0xC0, 0x00, 0x0F, 0xE0, 0x00,
    0x03, 0xF4, 0x00, 0x00, 0xFE, 0x00, 0x00, 0x3F, 0xC0, 0x00, 0x07, 0xF4, 0x00, 0x00, 0xFF, 0x40,
    0x14, 0x1F, 0xFF, 0xFE, 0x01, 0xFF, 0xFF, 0xC0, 0x06, 0xFF, 0x90, 0x00, 0x3C, 0x00, 0x00, 0x0F,
    0x80, 0x00, 0x01, 0xF0, 0x00, 0x0B, 0xFC, 0x00, 0x02, 0xF8, 0x00, 0x00, 0x90, 0x00, 0x0B, 0xC0,
    0x00, 0x1F, 0xC0, 0x00, 0x1F, 0x80, 0x00, 0x0D, 0x00, 0x00, 0x00, 0x07, 0xFF, 0xFF, 0x9F, 0xFF,
    0xFE, 0x7F, 0xFF, 0xF9, 0xFC, 0x00, 0x07, 0xF0, 0x00, 0x1F, 0xC0, 0x00, 0x7F, 0xFF, 0xF1, 0xFF,
    0xFF, 0xC7, 0xFF, 0xFF, 0x1F, 0xC0, 0x00, 0x7F, 0x00, 0x01, 0xFC, 0x00, 0x07, 0xFF, 0xFF, 0xDF,
    0xFF, 0xFF, 0x7F, 0xFF, 0xFC, 0x00, 0x08, 0x00, 0x00, 0xF8, 0x00, 0x0B, 0xE0, 0x00, 0x7E, 0x00,
    0x00, 0xD0, 0x00, 0x00, 0x00, 0x07, 0xFF, 0xFF, 0x9F, 0xFF, 0xFE, 0x7F, 0xFF, 0xF9, 0xFC, 0x00,
    0x07, 0xF0, 0x00, 0x1F, 0xC0, 0x00, 0x7F, 0xFF, 0xF1, 0xFF, 0xFF, 0xC7, 0xFF, 0xFF, 0x1F, 0xC0,
    0x00, 0x7F, 0x00, 0x01, 0xFC, 0x00, 0x07, 0xFF, 0xFF, 0xDF, 0xFF, 0xFF, 0x7F, 0xFF, 0xFC, 0x00,
    0x20, 0x00, 0x03, 0xF0, 0x00, 0x3F, 0xF0, 0x01, 0xF7, 0xE0, 0x02, 0x02, 0x00, 0x00, 0x00, 0x07,
    0xFF, 0xFF, 0x9F, 0xFF, 0xFE, 0x7F, 0xFF, 0xF9, 0xFC, 0x00, 0x07, 0xF0, 0x00, 0x1F, 0xC0, 0x00,
    0x7F, 0xFF, 0xF1, 0xFF, 0xFF, 0xC7, 0xFF, 0xFF, 0x1F, 0xC0, 0x00, 0x7F, 0x00, 0x01, 0xFC, 0x00,
    0x07, 0xFF, 0xFF, 0xDF, 0xFF, 0xFF, 0x7F, 0xFF, 0xFC, 0x0F, 0x47, 0xC0, 0x7F, 0x2F, 0x40, 0xF4,
    0x7C, 0x00, 0x00, 0x00, 0x7F, 0xFF, 0xF9, 0xFF, 0xFF, 0xE7, 0xFF, 0xFF, 0x9F, 0xC0, 0x00, 0x7F,
    0x00, 0x01, 0xFC, 0x00, 0x07, 0xFF, 0xFF, 0x1F, 0xFF, 0xFC, 0x7F, 0xFF, 0xF1, 0xFC, 0x00, 0x07,
    0xF0, 0x00, 0x1F, 0xC0, 0x00, 0x7F, 0xFF, 0xFD, 0xFF, 0xFF, 0xF7, 0xFF, 0xFF, 0xC0, 0x08, 0x03,
    0xE0, 0x2F, 0x80, 0xBD, 0x01, 0xC0, 0x00, 0x1F, 0xC1, 0xFC, 0x1F, 0xC1, 0xFC, 0x1F, 0xC1, 0xFC,
    0x1F, 0xC1, 0xFC, 0x1F, 0xC1, 0xFC, 0x1F, 0xC1, 0xFC, 0x1F, 0xC1, 0xFC, 0x1F, 0xC0, 0x06, 0x03,
    0xD3, 0xF6, 0xF4, 0x70, 0x00, 0x07, 0xF1, 0xFC, 0x7F, 0x1F, 0xC7, 0xF1, 0xFC, 0x7F, 0x1F, 0xC7,
    0xF1, 0xFC, 0x7F, 0x1F, 0xC7, 0xF1, 0xFC, 0x7F, 0x00, 0x02, 0x00, 0x3F, 0x03, 0xFF, 0x2F, 0x7D,
    0x20, 0x20, 0x00, 0x01, 0xFC, 0x07, 0xF0, 0x1F, 0xC0, 0x7F, 0x01, 0xFC, 0x07, 0xF0, 0x1F, 0xC0,
    0x7F, 0x01, 0xFC, 0x07, 0xF0, 0x1F, 0xC0, 0x7F, 0x01, 0xFC, 0x07, 0xF0, 0x1F, 0xC0, 0x3C, 0x1F,
    0x2F, 0x8F, 0xD3, 0xC1, 0xF0, 0x00, 0x00, 0x07, 0xF0, 0x01, 0xFC, 0x00, 0x7F, 0x00, 0x1F, 0xC0,
    0x07, 0xF0, 0x01, 0xFC, 0x00, 0x7F, 0x00, 0x1F, 0xC0, 0x07, 0xF0, 0x01, 0xFC, 0x00, 0x7F, 0x00,
    0x1F, 0xC0, 0x07, 0xF0, 0x01, 0xFC, 0x00, 0x7F, 0x00, 0x0B, 0xFF, 0xE4, 0x00, 0x3F, 0xFF, 0xFC,
    0x00, 0xFF, 0xFF, 0xFC, 0x03, 0xF0, 0x1B, 0xF8, 0x0F, 0xC0, 0x0B, 0xF0, 0x3F, 0x00, 0x0F, 0xDF,
    0xFF, 0xF0, 0x3F, 0xBF, 0xFF, 0xC0, 0xBE, 0x0F, 0xC0, 0x03, 0xF8, 0x3F, 0x00, 0x0F, 0xD0, 0xFC,
    0x00, 0xBF, 0x03, 0xF0, 0x1F, 0xF8, 0x0F, 0xFF, 0xFF, 0xC0, 0x3F, 0xFF, 0xFC, 0x00, 0xBF, 0xFE,
    0x00, 0x00, 0x00, 0xB8, 0x30, 0x00, 0x2F, 0xFF, 0x80, 0x01, 0xC2, 0xE0, 0x00, 0x00, 0x00, 0x00,
    0x7F, 0x00, 0x0F, 0xC7, 0xF8, 0x00, 0xFC, 0x7F, 0xD0, 0x0F, 0xC7, 0xFF, 0x00, 0xFC, 0x7F, 0xFC,
    0x0F, 0xC7, 0xFB, 0xE0, 0xFC, 0x7F, 0x3F, 0x4F, 0xC7, 0xF0, 0xFC, 0xFC, 0x7F, 0x0B, 0xEF, 0xC7,
    0xF0, 0x3F, 0xFC, 0x7F, 0x00, 0xFF, 0xC7, 0xF0, 0x0B, 0xFC, 0x7F, 0x00, 0x3F, 0xC7, 0xF0, 0x01,
    0xFC, 0x7F, 0x00, 0x0F, 0xC0, 0x00, 0x08, 0x00, 0x00, 0x00, 0xF8, 0x00, 0x00, 0x02, 0xF4, 0x00,
    0x00, 0x02, 0xF0, 0x00, 0x00, 0x01, 0xC0, 0x00, 0x00, 0x00, 0x00, 0x00, 0x07, 0xFE, 0x40, 0x01,
    0xFF, 0xFF, 0xC0, 0x1F, 0xFF, 0xFF, 0xC0, 0xFF, 0x40, 0xBF, 0x87, 0xF4, 0x00, 0xBF, 0x2F, 0xC0,
    0x00, 0xFD, 0xFE, 0x00, 0x03, 0xF7, 0xF4, 0x00, 0x0F, 0xEF, 0xE0, 0x00, 0x3F, 0x6F, 0xC0, 0x00,
    0xFD, 0x7F, 0x40, 0x0B, 0xF0, 0xFF, 0x40, 0xBF, 0x81, 0xFF, 0xFF, 0xFC, 0x01, 0xFF, 0xFF, 0xC0,
    0x00, 0xBF, 0xE4, 0x00, 0x00, 0x02, 0x40, 0x00, 0x00, 0x1F, 0x40, 0x00, 0x00, 0xFD, 0x00, 0x00,
    0x0B, 0xC0, 0x00, 0x00, 0x1C, 0x00, 0x00, 0x00, 0x00, 0x00, 0x00, 0x07, 0xFE, 0x40, 0x01, 0xFF,
    0xFF, 0xC0, 0x1F, 0xFF, 0xFF, 0xC0, 0xFF, 0x40, 0xBF, 0x87, 0xF4, 0x00, 0xBF, 0x2F, 0xC0, 0x00,
    0xFD, 0xFE, 0x00, 0x03, 0xF7, 0xF4, 0x00, 0x0F, 0xEF, 0xE0, 0x00, 0x3F, 0x6F, 0xC0, 0x00, 0xFD,
    0x7F, 0x40, 0x0B, 0xF0, 0xFF, 0x40, 0xBF, 0x81, 0xFF, 0xFF, 0xFC, 0x01, 0xFF, 0xFF, 0xC0, 0x00,
    0xBF, 0xE4, 0x00, 0x00, 0x02, 0x00, 0x00, 0x00, 0x3E, 0x00, 0x00, 0x03, 0xFE, 0x00, 0x00, 0x3E,
    0x7D, 0x00, 0x00, 0x20, 0x20, 0x00, 0x00, 0x00, 0x00, 0x00, 0x07, 0xFE, 0x40, 0x01, 0xFF, 0xFF,
    0xC0, 0x1F, 0xFF, 0xFF, 0xC0, 0xFF, 0x40, 0xBF, 0x87, 0xF4, 0x00, 0xBF, 0x2F, 0xC0, 0x00, 0xFD,
    0xFE, 0x00, 0x03, 0xF7, 0xF4, 0x00, 0x0F, 0xEF, 0xE0, 0x00, 0x3F, 0x6F, 0xC0, 0x00, 0xFD, 0x7F,
    0x40, 0x0B, 0xF0, 0xFF, 0x40, 0xBF, 0x81, 0xFF, 0xFF, 0xFC, 0x01, 0xFF, 0xFF, 0xC0, 0x00, 0xBF,
    0xE4, 0x00, 0x00, 0x7D, 0x24, 0x00, 0x07, 0xFF, 0xF0, 0x00, 0x09, 0x2F, 0x00, 0x00, 0x00, 0x00,
    0x00, 0x00, 0x7F, 0xE4, 0x00, 0x1F, 0xFF, 0xFC, 0x01, 0xFF, 0xFF, 0xFC, 0x0F, 0xF4, 0x0B, 0xF8,
    0x7F, 0x40, 0x0B, 0xF2, 0xFC, 0x00, 0x0F, 0xDF, 0xE0, 0x00, 0x3F, 0x7F, 0x40, 0x00, 0xFE, 0xFE,
    0x00, 0x03, 0xF6, 0xFC, 0x00, 0x0F, 0xD7, 0xF4, 0x00, 0xBF, 0x0F, 0xF4, 0x0B, 0xF8, 0x1F, 0xFF,
    0xFF, 0xC0, 0x1F, 0xFF, 0xFC, 0x00, 0x0B, 0xFE, 0x40, 0x00, 0x01, 0xF0, 0xB8, 0x00, 0x0B, 0xD3,
    0xF0, 0x00, 0x1F, 0x0B, 0x80, 0x00, 0x00, 0x00, 0x00, 0x00, 0x7F, 0xE4, 0x00, 0x1F, 0xFF, 0xFC,
    0x01, 0xFF, 0xFF, 0xFC, 0x0F, 0xF4, 0x0B, 0xF8, 0x7F, 0x40, 0x0B, 0xF2, 0xFC, 0x00, 0x0F, 0xDF,
    0xE0, 0x00, 0x3F, 0x7F, 0x40, 0x00, 0xFE, 0xFE, 0x00, 0x03, 0xF6, 0xFC, 0x00, 0x0F, 0xD7, 0xF4,
    0x00, 0xBF, 0x0F, 0xF4, 0x0B, 0xF8, 0x1F, 0xFF, 0xFF, 0xC0, 0x1F, 0xFF, 0xFC, 0x00, 0x0B, 0xFE,
    0x40, 0x00, 0x18, 0x02, 0x47, 0xE0, 0xBD, 0x3F, 0xAF, 0xC0, 0xFF, 0xF0, 0x03, 0xFC, 0x00, 0xFF,
    0xF0, 0x3F, 0xAF, 0xC7, 0xE0, 0xBD, 0x18, 0x02, 0x40, 0x00, 0x00, 0x00, 0x40, 0x01, 0xFF, 0x9B,
    0x80, 0x7F, 0xFF, 0xFD, 0x07, 0xFF, 0xFF, 0xF0, 0x3F, 0xD0, 0x3F, 0xE1, 0xFD, 0x03, 0xFF, 0xCB,
    0xF0, 0x2F, 0x7F, 0x7F, 0x81, 0xF4, 0xFD, 0xFD, 0x0F, 0x83, 0xFB, 0xF8, 0xFC, 0x0F, 0xDB, 0xFB,
    0xC0, 0x3F, 0x5F, 0xFD, 0x02, 0xFC, 0x3F, 0xE0, 0x2F, 0xE0, 0x7F, 0xFF, 0xFF, 0x03, 0xFF, 0xFF,
    0xF0, 0x0F, 0x5F, 0xF9, 0x00, 0x04, 0x00, 0x00, 0x00, 0x00, 0x20, 0x00, 0x00, 0x3D, 0x00, 0x00,
    0x0F, 0xC0, 0x00, 0x00, 0xFC, 0x00, 0x00, 0x0A, 0x00, 0x00, 0x00, 0x00, 0x0B, 0xF0, 0x03, 0xF6,
    0xFC, 0x00, 0xFD, 0xBF, 0x00, 0x3F, 0x6F, 0xC0, 0x0F, 0xDB, 0xF0, 0x03, 0xF6, 0xFC, 0x00, 0xFD,
    0xBF, 0x00, 0x3F, 0x6F, 0xC0, 0x0F, 0xDB, 0xF0, 0x03, 0xF6, 0xFC, 0x00, 0xFD, 0x7F, 0x00, 0x3F,
    0x0F, 0xE0, 0x3F, 0xC2, 0xFF, 0xFF, 0xE0, 0x3F, 0xFF, 0xE0, 0x01, 0xFF, 0x90, 0x00, 0x00, 0x02,
    0x00, 0x00, 0x02, 0xF0, 0x00, 0x02, 0xF8, 0x00, 0x01, 0xF8, 0x00, 0x00, 0x34, 0x00, 0x00, 0x00,
    0x00, 0x0B, 0xF0, 0x03, 0xF6, 0xFC, 0x00, 0xFD, 0xBF, 0x00, 0x3F, 0x6F, 0xC0, 0x0F, 0xDB, 0xF0,
    0x03, 0xF6, 0xFC, 0x00, 0xFD, 0xBF, 0x00, 0x3F, 0x6F, 0xC0, 0x0F, 0xDB, 0xF0, 0x03, 0xF6, 0xFC,
    0x00, 0xFD, 0x7F, 0x00, 0x3F, 0x0F, 0xE0, 0x3F, 0xC2, 0xFF, 0xFF, 0xE0, 0x3F, 0xFF, 0xE0, 0x01,
    0xFF, 0x90, 0x00, 0x00, 0x08, 0x00, 0x00, 0x0F, 0xC0, 0x00, 0x0F, 0xFC, 0x00, 0x0B, 0xCF, 0x40,
    0x00, 0x80, 0x80, 0x00, 0x00, 0x00, 0x0B, 0xF0, 0x03, 0xF6, 0xFC, 0x00, 0xFD, 0xBF, 0x00, 0x3F,
    0x6F, 0xC0, 0x0F, 0xDB, 0xF0, 0x03, 0xF6, 0xFC, 0x00, 0xFD, 0xBF, 0x00, 0x3F, 0x6F, 0xC0, 0x0F,
    0xDB, 0xF0, 0x03, 0xF6, 0xFC, 0x00, 0xFD, 0x7F, 0x00, 0x3F, 0x0F, 0xE0, 0x3F, 0xC2, 0xFF, 0xFF,
    0xE0, 0x3F, 0xFF, 0xE0, 0x01, 0xFF, 0x90, 0x00, 0x03, 0xD1, 0xF0, 0x01, 0xF8, 0xFD, 0x00, 0x3D,
    0x1F, 0x00, 0x00, 0x00, 0x00, 0xBF, 0x00, 0x3F, 0x6F, 0xC0, 0x0F, 0xDB, 0xF0, 0x03, 0xF6, 0xFC,
    0x00, 0xFD, 0xBF, 0x00, 0x3F, 0x6F, 0xC0, 0x0F, 0xDB, 0xF0, 0x03, 0xF6, 0xFC, 0x00, 0xFD, 0xBF,
    0x00, 0x3F, 0x6F, 0xC0, 0x0F, 0xD7, 0xF0, 0x03, 0xF0, 0xFE, 0x03, 0xFC, 0x2F, 0xFF, 0xFE, 0x03,
    0xFF, 0xFE, 0x00, 0x1F, 0xF9, 0x00, 0x00, 0x01, 0x40, 0x00, 0x00, 0x3D, 0x00, 0x00, 0x0F, 0xD0,
    0x00, 0x02, 0xF0, 0x00, 0x00, 0x1C, 0x00, 0x00, 0x00, 0x00, 0x00, 0xBF, 0x00, 0x0F, 0xE3, 0xF8,
    0x02, 0xFC, 0x2F, 0xC0, 0x3F, 0x40, 0xFE, 0x0B, 0xF0, 0x0B, 0xF0, 0xFD, 0x00, 0x3F, 0xEF, 0xC0,
    0x01, 0xFF, 0xF0, 0x00, 0x0F, 0xFE, 0x00, 0x00, 0x3F, 0xC0, 0x00, 0x02, 0xF8, 0x00, 0x00, 0x2F,
    0x80, 0x00, 0x02, 0xF8, 0x00, 0x00, 0x2F, 0x80, 0x00, 0x02, 0xF8, 0x00, 0x00, 0x2F, 0x80, 0x00,
    0x7F, 0x00, 0x00, 0x7F, 0x00, 0x00, 0x7F, 0xFF, 0x80, 0x7F, 0xFF, 0xF4, 0x7F, 0xFF, 0xFC, 0x7F,
    0x01, 0xFE, 0x7F, 0x00, 0xBE, 0x7F, 0x00, 0xBE, 0x7F, 0x01, 0xFE, 0x7F, 0xFF, 0xFC, 0x7F, 0xFF,
    0xF4, 0x7F, 0xFF, 0x80, 0x7F, 0x00, 0x00, 0x7F, 0x00, 0x00, 0x7F, 0x00, 0x00, 0x02, 0xFE, 0x40,
    0x07, 0xFF, 0xF4, 0x03, 0xFF, 0xFF, 0x01, 0xFD, 0x0F, 0xC0, 0x7E, 0x03, 0xF0, 0x2F, 0x81, 0xF8,
    0x0B, 0xE1, 0xF8, 0x02, 0xF8, 0xFC, 0x00, 0xBE, 0x3F, 0x80, 0x2F, 0x87, 0xFD, 0x0B, 0xE0, 0x2F,
    0xD2, 0xF8, 0x01, 0xFC, 0xBE, 0x10, 0x7F, 0x2F, 0x8F, 0xFF, 0xCB, 0xE3, 0xFF, 0xD2, 0xF8, 0xBF,
    0xD0, 0x00, 0x90, 0x00, 0x0B, 0xC0, 0x00, 0x1F, 0xC0, 0x00, 0x1F, 0x80, 0x00, 0x0D, 0x00, 0x00,
    0x00, 0x00, 0xBF, 0xE4, 0x03, 0xFF, 0xF4, 0x0F, 0xFF, 0xF0, 0x10, 0x0F, 0xC0, 0x6F, 0xFF, 0x0B,
    0xFF, 0xFD, 0x3F, 0x03, 0xF4, 0xFC, 0x0F, 0xD3, 0xFF, 0xFF, 0x4B, 0xFF, 0xFD, 0x07, 0xFF, 0xE0,
    0x00, 0x08, 0x00, 0x00, 0xBC, 0x00, 0x07, 0xE0, 0x00, 0x3E, 0x00, 0x00, 0x90, 0x00, 0x00, 0x00,
    0x00, 0xBF, 0xE4, 0x03, 0xFF, 0xF4, 0x0F, 0xFF, 0xF0, 0x10, 0x0F, 0xC0, 0x6F, 0xFF, 0x0B, 0xFF,
    0xFD, 0x3F, 0x03, 0xF4, 0xFC, 0x0F, 0xD3, 0xFF, 0xFF, 0x4B, 0xFF, 0xFD, 0x07, 0xFF, 0xE0, 0x00,
    0x20, 0x00, 0x03, 0xF0, 0x00, 0x3F, 0xF0, 0x02, 0xF3, 0xE0, 0x02, 0x02, 0x00, 0x00, 0x00, 0x00,
    0xBF, 0xE4, 0x03, 0xFF, 0xF4, 0x0F, 0xFF, 0xF0, 0x10, 0x0F, 0xC0, 0x6F, 0xFF, 0x0B, 0xFF, 0xFD,
    0x3F, 0x03, 0xF4, 0xFC, 0x0F, 0xD3, 0xFF, 0xFF, 0x4B, 0xFF, 0xFD, 0x07, 0xFF, 0xE0, 0x03, 0xE1,
    0x80, 0x3F, 0xFF, 0x40, 0x61, 0xF4, 0x00, 0x00, 0x00, 0x00, 0x00, 0x00, 0x2F, 0xF9, 0x00, 0xFF,
    0xFD, 0x03, 0xFF, 0xFC, 0x04, 0x03, 0xF0, 0x1B, 0xFF, 0xC2, 0xFF, 0xFF, 0x4F, 0xC0, 0xFD, 0x3F,
    0x03, 0xF4, 0xFF, 0xFF, 0xD2, 0xFF, 0xFF, 0x41, 0xFF, 0xF8, 0x0F, 0x47, 0xC0, 0x7F, 0x2F, 0x40,
    0xF4, 0x7C, 0x00, 0x00, 0x00, 0x00, 0x00, 0x00, 0x2F, 0xF9, 0x00, 0xFF, 0xFD, 0x03, 0xFF, 0xFC,
    0x04, 0x03, 0xF0, 0x1B, 0xFF, 0xC2, 0xFF, 0xFF, 0x4F, 0xC0, 0xFD, 0x3F, 0x03, 0xF4, 0xFF, 0xFF,
    0xD2, 0xFF, 0xFF, 0x41, 0xFF, 0xF8, 0x00, 0xBC, 0x00, 0x07, 0xFC, 0x00, 0x2C, 0x70, 0x00, 0xB1,
    0xC0, 0x01, 0xFF, 0x00, 0x02, 0xF4, 0x00, 0x00, 0x00, 0x02, 0xFF, 0x90, 0x0F, 0xFF, 0xD0, 0x3F,
    0xFF, 0xC0, 0x40, 0x3F, 0x01, 0xBF, 0xFC, 0x2F, 0xFF, 0xF4, 0xFC, 0x0F, 0xD3, 0xF0, 0x3F, 0x4F,
    0xFF, 0xFD, 0x2F, 0xFF, 0xF4, 0x1F, 0xFF, 0x80, 0x0B, 0xFE, 0x0B, 0xF8, 0x00, 0xFF, 0xFF, 0xFF,
    0xF4, 0x0F, 0xFF, 0xFF, 0xFF, 0xC0, 0x40, 0x3F, 0x80, 0xFC, 0x06, 0xFF, 0xFF, 0xFF, 0xD2, 0xFF,
    0xFF, 0xFF, 0xFD, 0x3F, 0x02, 0xF4, 0x00, 0x03, 0xF0, 0x1F, 0xD0, 0x10, 0x3F, 0xFF, 0xFF, 0xFF,
    0x82, 0xFF, 0xFF, 0xFF, 0xF8, 0x07, 0xFE, 0x5B, 0xFE, 0x40, 0x00, 0xBF, 0x90, 0x7F, 0xFD, 0x1F,
    0xFF, 0xC2, 0xFD, 0x04, 0x3F, 0x40, 0x03, 0xF0, 0x00, 0x3F, 0x40, 0x02, 0xFD, 0x00, 0x0F, 0xFF,
    0xE0, 0x7F, 0xFE, 0x00, 0x7F, 0xE0, 0x03, 0xD0, 0x00, 0x1F, 0x00, 0x1F, 0xF0, 0x01, 0xFC, 0x00,
    0x00, 0x20, 0x00, 0x00, 0xF8, 0x00, 0x00, 0xFD, 0x00, 0x00, 0x2F, 0x00, 0x00, 0x0A, 0x00, 0x00,
    0x00, 0x00, 0x00, 0xBF, 0x80, 0x07, 0xFF, 0xF0, 0x0F, 0xFF, 0xFC, 0x2F, 0x80, 0xFC, 0x3F, 0xFF,
    0xFD, 0x3F, 0xFF, 0xFD, 0x3F, 0x40, 0x00, 0x3F, 0xD0, 0x10, 0x1F, 0xFF, 0xF4, 0x0B, 0xFF, 0xF8,
    0x01, 0xBF, 0xE4, 0x00, 0x05, 0x00, 0x00, 0x1F, 0x40, 0x00, 0x3F, 0x40, 0x00, 0xBC, 0x00, 0x00,
    0x70, 0x00, 0x00, 0x00, 0x00, 0x00, 0xBF, 0x80, 0x07, 0xFF, 0xF0, 0x0F, 0xFF, 0xFC, 0x2F, 0x80,
    0xFC, 0x3F, 0xFF, 0xFD, 0x3F, 0xFF, 0xFD, 0x3F, 0x40, 0x00, 0x3F, 0xD0, 0x10, 0x1F, 0xFF, 0xF4,
    0x0B, 0xFF, 0xF8, 0x01, 0xBF, 0xE4, 0x00, 0x18, 0x00, 0x00, 0x7E, 0x00, 0x01, 0xFF, 0x80, 0x03,
    0xE7, 0xC0, 0x01, 0x81, 0x80, 0x00, 0x00, 0x00, 0x00, 0xBF, 0x80, 0x07, 0xFF, 0xF0, 0x0F, 0xFF,
    0xFC, 0x2F, 0x80, 0xFC, 0x3F, 0xFF, 0xFD, 0x3F, 0xFF, 0xFD, 0x3F, 0x40, 0x00, 0x3F, 0xD0, 0x10,
    0x1F, 0xFF, 0xF4, 0x0B, 0xFF, 0xF8, 0x01, 0xBF, 0xE4, 0x07, 0xC2, 0xE0, 0x0B, 0xD3, 0xF0, 0x07,
    0xC2, 0xE0, 0x00, 0x00, 0x00, 0x00, 0x00, 0x00, 0x00, 0xBF, 0x80, 0x07, 0xFF, 0xF0, 0x0F, 0xFF,
    0xFC, 0x2F, 0x80, 0xFC, 0x3F, 0xFF, 0xFD, 0x3F, 0xFF, 0xFD, 0x3F, 0x40, 0x00, 0x3F, 0xD0, 0x10,
    0x1F, 0xFF, 0xF4, 0x0B, 0xFF, 0xF8, 0x01, 0xBF, 0xE4, 0x08, 0x03, 0xD0, 0x3F, 0x00, 0xBC, 0x02,
    0x80, 0x00, 0x2F, 0x82, 0xF8, 0x2F, 0x82, 0xF8, 0x2F, 0x82, 0xF8, 0x2F, 0x82, 0xF8, 0x2F, 0x82,
    0xF8, 0x2F, 0x80, 0x02, 0x40, 0x7D, 0x0F, 0xC3, 0xF0, 0x18, 0x00, 0x00, 0x2F, 0x82, 0xF8, 0x2F,
    0x82, 0xF8, 0x2F, 0x82, 0xF8, 0x2F, 0x82, 0xF8, 0x2F, 0x82, 0xF8, 0x2F, 0x80, 0x01, 0x80, 0x07,
    0xE0, 0x1F, 0xF4, 0x3E, 0x7C, 0x18, 0x18, 0x00, 0x00, 0x0B, 0xE0, 0x0B, 0xE0, 0x0B, 0xE0, 0x0B,
    0xE0, 0x0B, 0xE0, 0x0B, 0xE0, 0x0B, 0xE0, 0x0B, 0xE0, 0x0B, 0xE0, 0x0B, 0xE0, 0x0B, 0xE0, 0x2E,
    0x0F, 0x4F, 0xC7, 0xF2, 0xE0, 0xF4, 0x00, 0x00, 0x00, 0x00, 0x00, 0xBE, 0x00, 0x2F, 0x80, 0x0B,
    0xE0, 0x02, 0xF8, 0x00, 0xBE, 0x00, 0x2F, 0x80, 0x0B, 0xE0, 0x02, 0xF8, 0x00, 0xBE, 0x00, 0x2F,
    0x80, 0x0B, 0xE0, 0x00, 0x1D, 0x00, 0x00, 0x0F, 0xFB, 0x80, 0x01, 0xFF, 0xE0, 0x01, 0xFF, 0xD0,
    0x00, 0x25, 0xFC, 0x00, 0x00, 0x3F, 0x00, 0x1F, 0xFF, 0xD0, 0x3F, 0xFF, 0xF8, 0x2F, 0xFF, 0xFE,
    0x0F, 0xE0, 0x2F, 0x83, 0xF0, 0x0B, 0xE0, 0xFC, 0x02, 0xF4, 0x3F, 0x81, 0xFC, 0x07, 0xFF, 0xFE,
    0x00, 0xBF, 0xFF, 0x00, 0x07, 0xFE, 0x00, 0x07, 0xD2, 0x41, 0xFF, 0xFC, 0x09, 0x2F, 0x00, 0x00,
    0x00, 0x00, 0x00, 0x02, 0xFF, 0xE0, 0xBF, 0xFF, 0xCB, 0xFF, 0xFE, 0xBE, 0x0B, 0xFB, 0xE0, 0x3F,
    0xBE, 0x03, 0xFB, 0xE0, 0x3F, 0xBE, 0x03, 0xFB, 0xE0, 0x3F, 0xBE, 0x03, 0xFB, 0xE0, 0x3F, 0x00,
    0x20, 0x00, 0x00, 0xBC, 0x00, 0x00, 0xBE, 0x00, 0x00, 0x1F, 0x40, 0x00, 0x07, 0x00, 0x00, 0x00,
    0x00, 0x00, 0xBF, 0x80, 0x07, 0xFF, 0xF4, 0x1F, 0xFF, 0xFC, 0x2F, 0xC1, 0xFD, 0x3F, 0x40, 0xBE,
    0x3F, 0x00, 0x7F, 0x3F, 0x40, 0xBE, 0x2F, 0xC1, 0xFD, 0x1F, 0xFF, 0xFC, 0x07, 0xFF, 0xF4, 0x01,
    0xBF, 0x80, 0x00, 0x06, 0x00, 0x00, 0x0F, 0x40, 0x00, 0x3F, 0x40, 0x00, 0xBD, 0x00, 0x00, 0x70,
    0x00, 0x00, 0x00, 0x00, 0x00, 0xBF, 0x80, 0x07, 0xFF, 0xF4, 0x1F, 0xFF, 0xFC, 0x2F, 0xC1, 0xFD,
    0x3F, 0x40, 0xBE, 0x3F, 0x00, 0x7F, 0x3F, 0x40, 0xBE, 0x2F, 0xC1, 0xFD, 0x1F, 0xFF, 0xFC, 0x07,
    0xFF, 0xF4, 0x01, 0xBF, 0x80, 0x00, 0x08, 0x00, 0x00, 0x3F, 0x00, 0x00, 0xFF, 0x80, 0x02, 0xF7,
    0xD0, 0x00, 0x80, 0x80, 0x00, 0x00, 0x00, 0x00, 0xBF, 0x80, 0x07, 0xFF, 0xF4, 0x1F, 0xFF, 0xFC,
    0x2F, 0xC1, 0xFD, 0x3F, 0x40, 0xBE, 0x3F, 0x00, 0x7F, 0x3F, 0x40, 0xBE, 0x2F, 0xC1, 0xFD, 0x1F,
    0xFF, 0xFC, 0x07, 0xFF, 0xF4, 0x01, 0xBF, 0x80, 0x01, 0xF4, 0x90, 0x07, 0xFF, 0xF0, 0x02, 0x4B,
    0xC0, 0x00, 0x00, 0x00, 0x00, 0x00, 0x00, 0x00, 0xBF, 0x80, 0x07, 0xFF, 0xF4, 0x1F, 0xFF, 0xFC,
    0x2F, 0xC1, 0xFD, 0x3F, 0x40, 0xBE, 0x3F, 0x00, 0x7F, 0x3F, 0x40, 0xBE, 0x2F, 0xC1, 0xFD, 0x1F,
    0xFF, 0xFC, 0x07, 0xFF, 0xF4, 0x01, 0xBF, 0x80, 0x03, 0xC1, 0xF0, 0x0B, 0xE3, 0xF4, 0x03, 0xC1,
    0xF0, 0x00, 0x00, 0x00, 0x00, 0x00, 0x00, 0x00, 0xBF, 0x80, 0x07, 0xFF, 0xF4, 0x1F, 0xFF, 0xFC,
    0x2F, 0xC1, 0xFD, 0x3F, 0x40, 0xBE, 0x3F, 0x00, 0x7F, 0x3F, 0x40, 0xBE, 0x2F, 0xC1, 0xFD, 0x1F,
    0xFF, 0xFC, 0x07, 0xFF, 0xF4, 0x01, 0xBF, 0x80, 0x00, 0xF0, 0x00, 0x2F, 0x80, 0x02, 0xF8, 0x00,
    0x0F, 0x00, 0x00, 0x00, 0x0F, 0xFF, 0xFF, 0xFF, 0xFF, 0xFF, 0xFF, 0xFF, 0x00, 0x00, 0x00, 0x0F,
    0x00, 0x02, 0xF8, 0x00, 0x2F, 0x80, 0x00, 0xF0, 0x00, 0x00, 0x00, 0x00, 0x00, 0xBF, 0xAD, 0x07,
    0xFF, 0xFC, 0x1F, 0xFF, 0xFC, 0x2F, 0xC3, 0xFD, 0x3F, 0x0F, 0xBE, 0x3F, 0x3E, 0x7F, 0x3F, 0xB8,
    0x7E, 0x2F, 0xF1, 0xFD, 0x1F, 0xFF, 0xFC, 0x0F, 0xFF, 0xF4, 0x2E, 0xBF, 0x80, 0x04, 0x00, 0x00,
    0x01, 0x40, 0x00, 0x7C, 0x00, 0x07, 0xF0, 0x00, 0x0F, 0x80, 0x00, 0x34, 0x00, 0x00, 0x00, 0xBE,
    0x03, 0xFB, 0xE0, 0x3F, 0xBE, 0x03, 0xFB, 0xE0, 0x3F, 0xBE, 0x03, 0xFB, 0xE0, 0x3F, 0xBE, 0x03,
    0xF7, 0xF0, 0x7F, 0x3F, 0xFF, 0xF2, 0xFF, 0xFF, 0x07, 0xFF, 0x90, 0x00, 0x14, 0x00, 0x03, 0xD0,
    0x00, 0xFD, 0x00, 0x2F, 0x00, 0x01, 0xC0, 0x00, 0x00, 0x00, 0xBE, 0x03, 0xFB, 0xE0, 0x3F, 0xBE,
    0x03, 0xFB, 0xE0, 0x3F, 0xBE, 0x03, 0xFB, 0xE0, 0x3F, 0xBE, 0x03, 0xF7, 0xF0, 0x7F, 0x3F, 0xFF,
    0xF2, 0xFF, 0xFF, 0x07, 0xFF, 0x90, 0x00, 0x60, 0x00, 0x1F, 0x80, 0x07, 0xFE, 0x00, 0xF9, 0xF0,
    0x06, 0x06, 0x00, 0x00, 0x00, 0xBE, 0x03, 0xFB, 0xE0, 0x3F, 0xBE, 0x03, 0xFB, 0xE0, 0x3F, 0xBE,
    0x03, 0xFB, 0xE0, 0x3F, 0xBE, 0x03, 0xF7, 0xF0, 0x7F, 0x3F, 0xFF, 0xF2, 0xFF, 0xFF, 0x07, 0xFF,
    0x90, 0x1F, 0x0B, 0x83, 0xF4, 0xFC, 0x1F, 0x0B, 0x80, 0x00, 0x00, 0x00, 0x00, 0x0B, 0xE0, 0x3F,
    0xBE, 0x03, 0xFB, 0xE0, 0x3F, 0xBE, 0x03, 0xFB, 0xE0, 0x3F, 0xBE, 0x03, 0xFB, 0xE0, 0x3F, 0x7F,
    0x07, 0xF3, 0xFF, 0xFF, 0x2F, 0xFF, 0xF0, 0x7F, 0xF9, 0x00, 0x06, 0x00, 0x00, 0x0F, 0x80, 0x00,
    0x2F, 0x40, 0x00, 0x7D, 0x00, 0x00, 0x70, 0x00, 0x00, 0x00, 0x00, 0xBE, 0x00, 0xFC, 0x7F, 0x01,
    0xFC, 0x3F, 0x02, 0xF8, 0x2F, 0x83, 0xF0, 0x1F, 0xC3, 0xF0, 0x0F, 0xCB, 0xD0, 0x0B, 0xEF, 0xC0,
    0x03, 0xFF, 0x80, 0x02, 0xFF, 0x40, 0x00, 0xFF, 0x00, 0x00, 0xFD, 0x00, 0x01, 0xFC, 0x00, 0x7F,
    0xF8, 0x00, 0xBF, 0xF0, 0x00, 0xBF, 0x80, 0x00, 0x6E, 0x00, 0x02, 0xF8, 0x00, 0x0B, 0xE0, 0x00,
    0x2F, 0x80, 0x00, 0xBE, 0x00, 0x02, 0xFF, 0xF8, 0x0B, 0xFF, 0xFC, 0x2F, 0xFF, 0xFC, 0xBE, 0x07,
    0xF6, 0xF8, 0x0B, 0xEB, 0xE0, 0x1F, 0xAF, 0x80, 0xBE, 0xBE, 0x07, 0xF6, 0xFF, 0xFF, 0xCB, 0xFF,
    0xFD, 0x2F, 0xFF, 0xD0, 0xBE, 0x00, 0x02, 0xF8, 0x00, 0x0B, 0xE0, 0x00, 0x2F, 0x80, 0x00, 0x0B,
    0x83, 0xD0, 0x0F, 0xC7, 0xE0, 0x0B, 0x83, 0xD0, 0x00, 0x00, 0x00, 0x00, 0x00, 0x00, 0xBE, 0x00,
    0xFC, 0x7F, 0x01, 0xFC, 0x3F, 0x02, 0xF8, 0x2F, 0x83, 0xF0, 0x1F, 0xC3, 0xF0, 0x0F, 0xCB, 0xD0,
    0x0B, 0xEF, 0xC0, 0x03, 0xFF, 0x80, 0x02, 0xFF, 0x40, 0x00, 0xFF, 0x00, 0x00, 0xFD, 0x00, 0x01,
    0xFC, 0x00, 0x7F, 0xF8, 0x00, 0xBF, 0xF0, 0x00, 0xBF, 0x80, 0x00, 0x00, 0xFF, 0xFC, 0x00, 0x03,
    0xFF, 0xF0, 0x00, 0x00, 0x00, 0x00, 0x00, 0x03, 0xF4, 0x00, 0x00, 0x2F, 0xF0, 0x00, 0x00, 0xFF,
    0xC0, 0x00, 0x0B, 0xFF, 0x80, 0x00, 0x3F, 0x7F, 0x00, 0x01, 0xFC, 0xFD, 0x00, 0x0B, 0xD1, 0xFC,
    0x00, 0x3F, 0x03, 0xF0, 0x01, 0xF8, 0x0B, 0xE0, 0x0F, 0xFF, 0xFF, 0xC0, 0x3F, 0xFF, 0xFF, 0x42,
    0xFF, 0xFF, 0xFE, 0x0F, 0xD0, 0x01, 0xFC, 0x7F, 0x00, 0x03, 0xF6, 0xFC, 0x00, 0x0B, 0xF0, 0x0B,
    0xFF, 0xC0, 0x2F, 0xFF, 0x00, 0x00, 0x00, 0x00, 0x00, 0x00, 0x0B, 0xFE, 0x40, 0x3F, 0xFF, 0x40,
    0xFF, 0xFF, 0x01, 0x00, 0xFC, 0x06, 0xFF, 0xF0, 0xBF, 0xFF, 0xD3, 0xF0, 0x3F, 0x4F, 0xC0, 0xFD,
    0x3F, 0xFF, 0xF4, 0xBF, 0xFF, 0xD0, 0x7F, 0xFE, 0x00, 0x00, 0xB8, 0x3C, 0x00, 0x00, 0xFF, 0xF0,
    0x00, 0x01, 0xFE, 0x00, 0x00, 0x00, 0x00, 0x00, 0x00, 0x0F, 0xD0, 0x00, 0x00, 0xBF, 0xC0, 0x00,
    0x03, 0xFF, 0x00, 0x00, 0x2F, 0xFE, 0x00, 0x00, 0xFD, 0xFC, 0x00, 0x07, 0xF3, 0xF4, 0x00, 0x2F,
    0x47, 0xF0, 0x00, 0xFC, 0x0F, 0xC0, 0x07, 0xE0, 0x2F, 0x80, 0x3F, 0xFF, 0xFF, 0x00, 0xFF, 0xFF,
    0xFD, 0x0B, 0xFF, 0xFF, 0xF8, 0x3F, 0x40, 0x07, 0xF1, 0xFC, 0x00, 0x0F, 0xDB, 0xF0, 0x00, 0x2F,
    0xC0, 0x0B, 0xC3, 0xC0, 0x0F, 0xFF, 0x00, 0x1F, 0xE0, 0x00, 0x00, 0x00, 0x00, 0x00, 0x00, 0x2F,
    0xF9, 0x00, 0xFF, 0xFD, 0x03, 0xFF, 0xFC, 0x04, 0x03, 0xF0, 0x1B, 0xFF, 0xC2, 0xFF, 0xFF, 0x4F,
    0xC0, 0xFD, 0x3F, 0x03, 0xF4, 0xFF, 0xFF, 0xD2, 0xFF, 0xFF, 0x41, 0xFF, 0xF8, 0x00, 0x0F, 0xD0,
    0x00, 0x00, 0x2F, 0xF0, 0x00, 0x00, 0x3F, 0xF0, 0x00, 0x00, 0xBE, 0xF8, 0x00, 0x00, 0xFC, 0xFC,
    0x00, 0x01, 0xFC, 0xBD, 0x00, 0x02, 0xF4, 0x7F, 0x00, 0x03, 0xF0, 0x3F, 0x40, 0x07, 0xE0, 0x2F,
    0x80, 0x0F, 0xFF, 0xFF, 0xC0, 0x0F, 0xFF, 0xFF, 0xD0, 0x2F, 0xFF, 0xFF, 0xE0, 0x3F, 0x40, 0x07,
    0xF0, 0x7F, 0x00, 0x03, 0xF4, 0xBF, 0x00, 0x02, 0xFC, 0x00, 0x00, 0x00, 0xF4, 0x00, 0x00, 0x03,
    0xE0, 0x00, 0x00, 0x07, 0xE0, 0x00, 0x00, 0x03, 0xFC, 0x00, 0x00, 0x02, 0xFC, 0x0B, 0xFE, 0x40,
    0x3F, 0xFF, 0x40, 0xFF, 0xFF, 0x01, 0x00, 0xFC, 0x06, 0xFF, 0xF0, 0xBF, 0xFF, 0xD3, 0xF0, 0x3F,
    0x4F, 0xC0, 0xFD, 0x3F, 0xFF, 0xF4, 0xBF, 0xFF, 0xD0, 0x7F, 0xFF, 0x00, 0x01, 0xF0, 0x00, 0x0F,
    0x40, 0x00, 0x7F, 0xC0, 0x00, 0xBF, 0x00, 0x00, 0x01, 0x40, 0x00, 0x00, 0xF4, 0x00, 0x00, 0xFD,
    0x00, 0x00, 0xBC, 0x00, 0x00, 0x1C, 0x00, 0x00, 0x00, 0x00, 0x00, 0x07, 0xFF, 0x80, 0x1F, 0xFF,
    0xFC, 0x1F, 0xFF, 0xFE, 0x0F, 0xF4, 0x06, 0x07, 0xF4, 0x00, 0x02, 0xFC, 0x00, 0x00, 0xFE, 0x00,
    0x00, 0x3F, 0x40, 0x00, 0x0F, 0xE0, 0x00, 0x03, 0xFC, 0x00, 0x00, 0xBF, 0x40, 0x00, 0x0F, 0xF4,
    0x01, 0x42, 0xFF, 0xFF, 0xE0, 0x2F, 0xFF, 0xFC, 0x00, 0xBF, 0xF8, 0x00, 0x00, 0x02, 0x00, 0x00,
    0xF8, 0x00, 0x2F, 0x80, 0x07, 0xD0, 0x00, 0x34, 0x00, 0x00, 0x00, 0x00, 0xBF, 0xD0, 0x7F, 0xFD,
    0x0F, 0xFF, 0xC2, 0xFD, 0x04, 0x3F, 0x40, 0x03, 0xF0, 0x00, 0x3F, 0x40, 0x03, 0xFD, 0x00, 0x1F,
    0xFF, 0xE0, 0xBF, 0xFE, 0x01, 0xBF, 0xD0, 0x00, 0x06, 0x00, 0x00, 0x03, 0xE0, 0x00, 0x03, 0xFE,
    0x00, 0x03, 0xE7, 0xD0, 0x00, 0x20, 0x20, 0x00, 0x00, 0x00, 0x00, 0x07, 0xFF, 0x80, 0x1F, 0xFF,
    0xFC, 0x1F, 0xFF, 0xFE, 0x0F, 0xF4, 0x06, 0x07, 0xF4, 0x00, 0x02, 0xFC, 0x00, 0x00, 0xFE, 0x00,
    0x00, 0x3F, 0x40, 0x00, 0x0F, 0xE0, 0x00, 0x03, 0xFC, 0x00, 0x00, 0xBF, 0x40, 0x00, 0x0F, 0xF4,
    0x01, 0x42, 0xFF, 0xFF, 0xE0, 0x2F, 0xFF, 0xFC, 0x00, 0xBF, 0xF8, 0x00, 0x00, 0x18, 0x00, 0x03,
    0xE0, 0x00, 0xFF, 0x80, 0x3E, 0x7D, 0x00, 0x80, 0x80, 0x00, 0x00, 0x00, 0xBF, 0xD0, 0x7F, 0xFD,
    0x0F, 0xFF, 0xC2, 0xFD, 0x04, 0x3F, 0x40, 0x03, 0xF0, 0x00, 0x3F, 0x40, 0x03, 0xFD, 0x00, 0x1F,
    0xFF, 0xE0, 0xBF, 0xFE, 0x01, 0xBF, 0xD0, 0x00, 0x0F, 0x40, 0x00, 0x07, 0xF0, 0x00, 0x00, 0xF4,
    0x00, 0x00, 0x00, 0x00, 0x00, 0x7F, 0xF8, 0x01, 0xFF, 0xFF, 0xC1, 0xFF, 0xFF, 0xE0, 0xFF, 0x40,
    0x60, 0x7F, 0x40, 0x00, 0x2F, 0xC0, 0x00, 0x0F, 0xE0, 0x00, 0x03, 0xF4, 0x00, 0x00, 0xFE, 0x00,
    0x00, 0x3F, 0xC0, 0x00, 0x0B, 0xF4, 0x00, 0x00, 0xFF, 0x40, 0x14, 0x2F, 0xFF, 0xFE, 0x02, 0xFF,
    0xFF, 0xC0, 0x0B, 0xFF, 0x80, 0x00, 0x3D, 0x00, 0x07, 0xF0, 0x00, 0x3D, 0x00, 0x00, 0x00, 0x00,
    0x00, 0x00, 0x0B, 0xFD, 0x07, 0xFF, 0xD0, 0xFF, 0xFC, 0x2F, 0xD0, 0x43, 0xF4, 0x00, 0x3F, 0x00,
    0x03, 0xF4, 0x00, 0x3F, 0xD0, 0x01, 0xFF, 0xFE, 0x0B, 0xFF, 0xE0, 0x1B, 0xFD, 0x00, 0x60, 0x60,
    0x00, 0x3E, 0x7D, 0x00, 0x03, 0xFE, 0x00, 0x00, 0x7E, 0x00, 0x00, 0x06, 0x00, 0x00, 0x00, 0x00,
    0x00, 0x07, 0xFF, 0x80, 0x1F, 0xFF, 0xFC, 0x1F, 0xFF, 0xFE, 0x0F, 0xF4, 0x06, 0x07, 0xF4, 0x00,
    0x02, 0xFC, 0x00, 0x00, 0xFE, 0x00, 0x00, 0x3F, 0x40, 0x00, 0x0F, 0xE0, 0x00, 0x03, 0xFC, 0x00,
    0x00, 0xBF, 0x40, 0x00, 0x0F, 0xF4, 0x01, 0x42, 0xFF, 0xFF, 0xE0, 0x2F, 0xFF, 0xFC, 0x00, 0xBF,
    0xF8, 0x00, 0x00, 0x80, 0x80, 0x3E, 0x7D, 0x00, 0xFF, 0x80, 0x03, 0xE0, 0x00, 0x08, 0x00, 0x00,
    0x00, 0x00, 0xBF, 0xD0, 0x7F, 0xFD, 0x0F, 0xFF, 0xC2, 0xFD, 0x04, 0x3F, 0x40, 0x03, 0xF0, 0x00,
    0x3F, 0x40, 0x03, 0xFD, 0x00, 0x1F, 0xFF, 0xE0, 0xBF, 0xFE, 0x01, 0xBF, 0xD0, 0x00, 0x80, 0x80,
    0x00, 0x2F, 0x3E, 0x00, 0x00, 0xFF, 0xC0, 0x00, 0x03, 0xF0, 0x00, 0x00, 0x08, 0x00, 0x00, 0x00,
    0x00, 0x00, 0x2F, 0xFF, 0x80, 0x07, 0xFF, 0xFF, 0x80, 0x7F, 0xFF, 0xFF, 0x07, 0xF0, 0x1F, 0xF8,
    0x7F, 0x00, 0x3F, 0xC7, 0xF0, 0x01, 0xFC, 0x7F, 0x00, 0x0F, 0xD7, 0xF0, 0x00, 0xFD, 0x7F, 0x00,
    0x0F, 0xD7, 0xF0, 0x01, 0xFC, 0x7F, 0x00, 0x3F, 0xC7, 0xF0, 0x1F, 0xF4, 0x7F, 0xFF, 0xFE, 0x07,
    0xFF, 0xFF, 0x80, 0x2F, 0xFF, 0x80, 0x00, 0x00, 0x00, 0xAC, 0x7C, 0x00, 0x00, 0xFC, 0x7C, 0x00,
    0x00, 0xFC, 0x7C, 0x00, 0x00, 0xFC, 0x78, 0x00, 0x00, 0xFC, 0x78, 0x01, 0xFE, 0xFC, 0x00, 0x0B,
    0xFF, 0xFC, 0x00, 0x1F, 0xFF, 0xFC, 0x00, 0x3F, 0xC0, 0xFC, 0x00, 0x3F, 0x40, 0xFC, 0x00, 0x3F,
    0x00, 0xFC, 0x00, 0x3F, 0x40, 0xFC, 0x00, 0x3F, 0xD0, 0xFC, 0x00, 0x1F, 0xFF, 0xFC, 0x00, 0x0B,
    0xFF, 0xFC, 0x00, 0x01, 0xBF, 0xE8, 0x00, 0x0B, 0xFF, 0xE4, 0x00, 0x3F, 0xFF, 0xFC, 0x00, 0xFF,
    0xFF, 0xFC, 0x03, 0xF0, 0x1B, 0xF8, 0x0F, 0xC0, 0x0B, 0xF0, 0x3F, 0x00, 0x0F, 0xDF, 0xFF, 0xF0,
    0x3F, 0xBF, 0xFF, 0xC0, 0xBE, 0x0F, 0xC0, 0x03, 0xF8, 0x3F, 0x00, 0x0F, 0xD0, 0xFC, 0x00, 0xBF,
    0x03, 0xF0, 0x1F, 0xF8, 0x0F, 0xFF, 0xFF, 0xC0, 0x3F, 0xFF, 0xFC, 0x00, 0xBF, 0xFE, 0x00, 0x00,
    0x00, 0x00, 0xAC, 0x00, 0x0F, 0xFF, 0xE0, 0x03, 0xFF, 0xF8, 0x00, 0x03, 0xF0, 0x00, 0x00, 0xFC,
    0x00, 0x7F, 0xBF, 0x00, 0xBF, 0xFF, 0xC0, 0x7F, 0xFF, 0xF0, 0x3F, 0xC0, 0xFC, 0x0F, 0xD0, 0x3F,
    0x03, 0xF0, 0x0F, 0xC0, 0xFD, 0x03, 0xF0, 0x2F, 0xD0, 0xFC, 0x07, 0xFF, 0xFF, 0x00, 0x7F, 0xFF,
    0xC0, 0x02, 0xFF, 0xA0, 0x0F, 0xFF, 0xC0, 0x3F, 0xFF, 0x00, 0x00, 0x00, 0x1F, 0xFF, 0xFE, 0x7F,
    0xFF, 0xF9, 0xFF, 0xFF, 0xE7, 0xF0, 0x00, 0x1F, 0xC0, 0x00, 0x7F, 0x00, 0x01, 0xFF, 0xFF, 0xC7,
    0xFF, 0xFF, 0x1F, 0xFF, 0xFC, 0x7F, 0x00, 0x01, 0xFC, 0x00, 0x07, 0xF0, 0x00, 0x1F, 0xFF, 0xFF,
    0x7F, 0xFF, 0xFD, 0xFF, 0xFF, 0xF0, 0x07, 0xFF, 0xE0, 0x07, 0xFF, 0xE0, 0x00, 0x00, 0x00, 0x00,
    0x00, 0x00, 0x00, 0xBF, 0x80, 0x07, 0xFF, 0xF0, 0x0F, 0xFF, 0xFC, 0x2F, 0x80, 0xFC, 0x3F, 0xFF,
    0xFD, 0x3F, 0xFF, 0xFD, 0x3F, 0x40, 0x00, 0x3F, 0xD0, 0x10, 0x1F, 0xFF, 0xF4, 0x0B, 0xFF, 0xF8,
    0x01, 0xBF, 0xE4, 0x0B, 0x87, 0xC0, 0x1F, 0xFE, 0x00, 0x1F, 0xE0, 0x00, 0x00, 0x00, 0x7F, 0xFF,
    0xF9, 0xFF, 0xFF, 0xE7, 0xFF, 0xFF, 0x9F, 0xC0, 0x00, 0x7F, 0x00, 0x01, 0xFC, 0x00, 0x07, 0xFF,
    0xFF, 0x1F, 0xFF, 0xFC, 0x7F, 0xFF, 0xF1, 0xFC, 0x00, 0x07, 0xF0, 0x00, 0x1F, 0xC0, 0x00, 0x7F,
    0xFF, 0xFD, 0xFF, 0xFF, 0xF7, 0xFF, 0xFF, 0xC0, 0x03, 0xC3, 0xD0, 0x03, 0xFF, 0xC0, 0x00, 0xBF,
    0x00, 0x00, 0x00, 0x00, 0x00, 0x00, 0x00, 0x00, 0xBF, 0x80, 0x07, 0xFF, 0xF0, 0x0F, 0xFF, 0xFC,
    0x2F, 0x80, 0xFC, 0x3F, 0xFF, 0xFD, 0x3F, 0xFF, 0xFD, 0x3F, 0x40, 0x00, 0x3F, 0xD0, 0x10, 0x1F,
    0xFF, 0xF4, 0x0B, 0xFF, 0xF8, 0x01, 0xBF, 0xE4, 0x00, 0x7C, 0x00, 0x03, 0xF4, 0x00, 0x07, 0xC0,
    0x00, 0x00, 0x00, 0x7F, 0xFF, 0xF9, 0xFF, 0xFF, 0xE7, 0xFF, 0xFF, 0x9F, 0xC0, 0x00, 0x7F, 0x00,
    0x01, 0xFC, 0x00, 0x07, 0xFF, 0xFF, 0x1F, 0xFF, 0xFC, 0x7F, 0xFF, 0xF1, 0xFC, 0x00, 0x07, 0xF0,
    0x00, 0x1F, 0xC0, 0x00, 0x7F, 0xFF, 0xFD, 0xFF, 0xFF, 0xF7, 0xFF, 0xFF, 0xC0, 0x00, 0x3D, 0x00,
    0x00, 0x7E, 0x00, 0x00, 0x3D, 0x00, 0x00, 0x00, 0x00, 0x00, 0x00, 0x00, 0x00, 0xBF, 0x80, 0x07,
    0xFF, 0xF0, 0x0F, 0xFF, 0xFC, 0x2F, 0x80, 0xFC, 0x3F, 0xFF, 0xFD, 0x3F, 0xFF, 0xFD, 0x3F, 0x40,
    0x00, 0x3F, 0xD0, 0x10, 0x1F, 0xFF, 0xF4, 0x0B, 0xFF, 0xF8, 0x01, 0xBF, 0xE4, 0x7F, 0xFF, 0xF8,
    0x7F, 0xFF, 0xF8, 0x7F, 0xFF, 0xF8, 0x7F, 0x00, 0x00, 0x7F, 0x00, 0x00, 0x7F, 0x00, 0x00, 0x7F,
    0xFF, 0xF0, 0x7F, 0xFF, 0xF0, 0x7F, 0xFF, 0xF0, 0x7F, 0x00, 0x00, 0x7F, 0x00, 0x00, 0x7F, 0x00,
    0x00, 0x7F, 0xFF, 0xFC, 0x7F, 0xFF, 0xFC, 0x7F, 0xFF, 0xFC, 0x00, 0x00, 0xF8, 0x00, 0x03, 0xF0,
    0x00, 0x03, 0xE0, 0x00, 0x03, 0xFC, 0x00, 0x01, 0xFD, 0x00, 0xBF, 0x80, 0x07, 0xFF, 0xF0, 0x0F,
    0xFF, 0xFC, 0x2F, 0x80, 0xFC, 0x3F, 0xFF, 0xFD, 0x3F, 0xFF, 0xFD, 0x3F, 0x40, 0x00, 0x3F, 0xD0,
    0x10, 0x1F, 0xFF, 0xF4, 0x0B, 0xFF, 0xF8, 0x01, 0xBF, 0xF4, 0x00, 0x07, 0xD0, 0x00, 0x0F, 0x80,
    0x00, 0x0F, 0xF4, 0x00, 0x07, 0xF4, 0x02, 0x02, 0x00, 0x1F, 0x7E, 0x00, 0x2F, 0xF0, 0x00, 0x3F,
    0x00, 0x00, 0x20, 0x00, 0x00, 0x00, 0x07, 0xFF, 0xFF, 0x9F, 0xFF, 0xFE, 0x7F, 0xFF, 0xF9, 0xFC,
    0x00, 0x07, 0xF0, 0x00, 0x1F, 0xC0, 0x00, 0x7F, 0xFF, 0xF1, 0xFF, 0xFF, 0xC7, 0xFF, 0xFF, 0x1F,
    0xC0, 0x00, 0x7F, 0x00, 0x01, 0xFC, 0x00, 0x07, 0xFF, 0xFF, 0xDF, 0xFF, 0xFF, 0x7F, 0xFF, 0xFC,
    0x00, 0x80, 0x80, 0x03, 0xE7, 0xD0, 0x00, 0xFF, 0x80, 0x00, 0x3E, 0x00, 0x00, 0x18, 0x00, 0x00,
    0x00, 0x00, 0x00, 0xBF, 0x80, 0x07, 0xFF, 0xF0, 0x0F, 0xFF, 0xFC, 0x2F, 0x80, 0xFC, 0x3F, 0xFF,
    0xFD, 0x3F, 0xFF, 0xFD, 0x3F, 0x40, 0x00, 0x3F, 0xD0, 0x10, 0x1F, 0xFF, 0xF4, 0x0B, 0xFF, 0xF8,
    0x01, 0xBF, 0xE4, 0x00, 0x06, 0x00, 0x00, 0x07, 0xE0, 0x00, 0x03, 0xFE, 0x00, 0x03, 0xE7, 0xD0,
    0x00, 0x20, 0x20, 0x00, 0x00, 0x00, 0x00, 0x07, 0xFF, 0x80, 0x1F, 0xFF, 0xFC, 0x1F, 0xFF, 0xFE,
    0x0F, 0xF4, 0x02, 0x47, 0xF4, 0x00, 0x02, 0xFC, 0x00, 0x00, 0xFE, 0x00, 0x00, 0x3F, 0x40, 0x0F,
    0xDF, 0xE0, 0x03, 0xF6, 0xFC, 0x00, 0xFD, 0x7F, 0x40, 0x3F, 0x4F, 0xF4, 0x0F, 0xD1, 0xFF, 0xFF,
    0xF4, 0x1F, 0xFF, 0xFD, 0x00, 0xBF, 0xFA, 0x00, 0x00, 0x08, 0x00, 0x00, 0xFC, 0x00, 0x0B, 0xFC,
    0x00, 0x7D, 0xF8, 0x00, 0x80, 0x80, 0x00, 0x00, 0x00, 0x1B, 0xFE, 0x42, 0xFF, 0xFF, 0x1F, 0xFF,
    0xFC, 0xFF, 0x03, 0xF3, 0xF4, 0x0F, 0xCF, 0xC0, 0x3F, 0x3F, 0x81, 0xFC, 0xBF, 0xFF, 0xF0, 0xFF,
    0xFF, 0xC0, 0xBF, 0xBF, 0x00, 0x00, 0xFC, 0x10, 0x0F, 0xF0, 0xFF, 0xFF, 0x47, 0xFF, 0xFC, 0x0B,
    0xFF, 0x40, 0x00, 0xF0, 0xF8, 0x00, 0x3F, 0xFC, 0x00, 0x02, 0xFD, 0x00, 0x00, 0x00, 0x00, 0x00,
    0x7F, 0xF8, 0x01, 0xFF, 0xFF, 0xC1, 0xFF, 0xFF, 0xE0, 0xFF, 0x40, 0x24, 0x7F, 0x40, 0x00, 0x2F,
    0xC0, 0x00, 0x0F, 0xE0, 0x00, 0x03, 0xF4, 0x00, 0xFD, 0xFE, 0x00, 0x3F, 0x6F, 0xC0, 0x0F, 0xD7,
    0xF4, 0x03, 0xF4, 0xFF, 0x40, 0xFD, 0x1F, 0xFF, 0xFF, 0x41, 0xFF, 0xFF, 0xD0, 0x0B, 0xFF, 0xA0,
    0x02, 0xE1, 0xF0, 0x07, 0xFF, 0x80, 0x07, 0xF8, 0x00, 0x00, 0x00, 0x00, 0x00, 0x00, 0x06, 0xFF,
    0x90, 0xBF, 0xFF, 0xC7, 0xFF, 0xFF, 0x3F, 0xC0, 0xFC, 0xFD, 0x03, 0xF3, 0xF0, 0x0F, 0xCF, 0xE0,
    0x7F, 0x2F, 0xFF, 0xFC, 0x3F, 0xFF, 0xF0, 0x2F, 0xEF, 0xC0, 0x00, 0x3F, 0x04, 0x03, 0xFC, 0x3F,
    0xFF, 0xD1, 0xFF, 0xFF, 0x02, 0xFF, 0xD0, 0x00, 0x0F, 0x40, 0x00, 0x07, 0xF0, 0x00, 0x00, 0xF4,
    0x00, 0x00, 0x00, 0x00, 0x00, 0x7F, 0xF8, 0x01, 0xFF, 0xFF, 0xC1, 0xFF, 0xFF, 0xE0, 0xFF, 0x40,
    0x24, 0x7F, 0x40, 0x00, 0x2F, 0xC0, 0x00, 0x0F, 0xE0, 0x00, 0x03, 0xF4, 0x00, 0xFD, 0xFE, 0x00,
    0x3F, 0x6F, 0xC0, 0x0F, 0xD7, 0xF4, 0x03, 0xF4, 0xFF, 0x40, 0xFD, 0x1F, 0xFF, 0xFF, 0x41, 0xFF,
    0xFF, 0xD0, 0x0B, 0xFF, 0xA0, 0x00, 0x2E, 0x00, 0x00, 0xFC, 0x00, 0x02, 0xE0, 0x00, 0x00, 0x00,
    0x00, 0x00, 0x00, 0x06, 0xFF, 0x90, 0xBF, 0xFF, 0xC7, 0xFF, 0xFF, 0x3F, 0xC0, 0xFC, 0xFD, 0x03,
    0xF3, 0xF0, 0x0F, 0xCF, 0xE0, 0x7F, 0x2F, 0xFF, 0xFC, 0x3F, 0xFF, 0xF0, 0x2F, 0xEF, 0xC0, 0x00,
    0x3F, 0x04, 0x03, 0xFC, 0x3F, 0xFF, 0xD1, 0xFF, 0xFF, 0x02, 0xFF, 0xD0, 0x00, 0x7F, 0xF8, 0x01,
    0xFF, 0xFF, 0xC1, 0xFF, 0xFF, 0xE0, 0xFF, 0x40, 0x24, 0x7F, 0x40, 0x00, 0x2F, 0xC0, 0x00, 0x0F,
    0xE0, 0x00, 0x03, 0xF4, 0x00, 0xFD, 0xFE, 0x00, 0x3F, 0x6F, 0xC0, 0x0F, 0xD7, 0xF4, 0x03, 0xF4,
    0xFF, 0x40, 0xFD, 0x1F, 0xFF, 0xFF, 0x41, 0xFF, 0xFF, 0xD0, 0x0B, 0xFF, 0xA0, 0x00, 0x00, 0x00,
    0x00, 0x0B, 0xC0, 0x00, 0x03, 0xF0, 0x00, 0x03, 0xF4, 0x00, 0x00, 0xF8, 0x00, 0x00, 0x07, 0x40,
    0x00, 0x7E, 0x00, 0x02, 0xF0, 0x00, 0x0F, 0x80, 0x00, 0x00, 0x00, 0x00, 0x00, 0x00, 0x1B, 0xFE,
    0x42, 0xFF, 0xFF, 0x1F, 0xFF, 0xFC, 0xFF, 0x03, 0xF3, 0xF4, 0x0F, 0xCF, 0xC0, 0x3F, 0x3F, 0x81,
    0xFC, 0xBF, 0xFF, 0xF0, 0xFF, 0xFF, 0xC0, 0xBF, 0xBF, 0x00, 0x00, 0xFC, 0x10, 0x0F, 0xF0, 0xFF,
    0xFF, 0x47, 0xFF, 0xFC, 0x0B, 0xFF, 0x40, 0x00, 0x08, 0x00, 0x00, 0x0B, 0xC0, 0x00, 0x0B, 0xFC,
    0x00, 0x07, 0xDB, 0xC0, 0x00, 0x80, 0x80, 0x00, 0x00, 0x00, 0x07, 0xF0, 0x02, 0xF9, 0xFC, 0x00,
    0xBE, 0x7F, 0x00, 0x2F, 0x9F, 0xC0, 0x0B, 0xE7, 0xF0, 0x02, 0xF9, 0xFC, 0x00, 0xBE, 0x7F, 0xFF,
    0xFF, 0x9F, 0xFF, 0xFF, 0xE7, 0xFF, 0xFF, 0xF9, 0xFC, 0x00, 0xBE, 0x7F, 0x00, 0x2F, 0x9F, 0xC0,
    0x0B, 0xE7, 0xF0, 0x02, 0xF9, 0xFC, 0x00, 0xBE, 0x7F, 0x00, 0x2F, 0x80, 0x07, 0x40, 0x03, 0xFF,
    0x00, 0x34, 0x70, 0x00, 0x00, 0x00, 0x6E, 0x00, 0x0B, 0xE0, 0x00, 0xBE, 0x00, 0x0B, 0xE0, 0x00,
    0xBE, 0x00, 0x0B, 0xFF, 0xE0, 0xBF, 0xFF, 0xCB, 0xFF, 0xFE, 0xBE, 0x0B, 0xFB, 0xE0, 0x3F, 0xBE,
    0x03, 0xFB, 0xE0, 0x3F, 0xBE, 0x03, 0xFB, 0xE0, 0x3F, 0xBE, 0x03, 0xFB, 0xE0, 0x3F, 0x0F, 0xC0,
    0x07, 0xF0, 0x0F, 0xC0, 0x07, 0xF0, 0xFF, 0xFF, 0xFF, 0xFE, 0xFF, 0xFF, 0xFF, 0xFE, 0x0F, 0xC0,
    0x07, 0xF0, 0x0F, 0xC0, 0x07, 0xF0, 0x0F, 0xFF, 0xFF, 0xF0, 0x0F, 0xFF, 0xFF, 0xF0, 0x0F, 0xFF,
    0xFF, 0xF0, 0x0F, 0xC0, 0x07, 0xF0, 0x0F, 0xC0, 0x07, 0xF0, 0x0F, 0xC0, 0x07, 0xF0, 0x0F, 0xC0,
    0x07, 0xF0, 0x0F, 0xC0, 0x07, 0xF0, 0x0F, 0xC0, 0x07, 0xF0, 0x0B, 0xC0, 0x00, 0x1F, 0xC0, 0x00,
    0xBF, 0xFF, 0x00, 0xBF, 0xFF, 0x00, 0x1F, 0xC0, 0x00, 0x1F, 0xFF, 0x80, 0x1F, 0xFF, 0xF4, 0x1F,
    0xFF, 0xFC, 0x1F, 0xC2, 0xFC, 0x1F, 0xC0, 0xFC, 0x1F, 0xC0, 0xFC, 0x1F, 0xC0, 0xFC, 0x1F, 0xC0,
    0xFC, 0x1F, 0xC0, 0xFC, 0x1F, 0xC0, 0xFC, 0x1F, 0xC0, 0xFC, 0x1F, 0x49, 0x1F, 0xFF, 0xC2, 0x4B,
    0xC0, 0x00, 0x00, 0x07, 0xF0, 0x01, 0xFC, 0x00, 0x7F, 0x00, 0x1F, 0xC0, 0x07, 0xF0, 0x01, 0xFC,
    0x00, 0x7F, 0x00, 0x1F, 0xC0, 0x07, 0xF0, 0x01, 0xFC, 0x00, 0x7F, 0x00, 0x1F, 0xC0, 0x07, 0xF0,
    0x01, 0xFC, 0x00, 0x7F, 0x00, 0x2E, 0x0D, 0xBF, 0xFE, 0x30, 0xB8, 0x00, 0x00, 0x00, 0x00, 0x0B,
    0xE0, 0x0B, 0xE0, 0x0B, 0xE0, 0x0B, 0xE0, 0x0B, 0xE0, 0x0B, 0xE0, 0x0B, 0xE0, 0x0B, 0xE0, 0x0B,
    0xE0, 0x0B, 0xE0, 0x0B, 0xE0, 0x3F, 0xFE, 0x3F, 0xFE, 0x00, 0x00, 0x07, 0xF0, 0x07, 0xF0, 0x07,
    0xF0, 0x07, 0xF0, 0x07, 0xF0, 0x07, 0xF0, 0x07, 0xF0, 0x07, 0xF0, 0x07, 0xF0, 0x07, 0xF0, 0x07,
    0xF0, 0x07, 0xF0, 0x07, 0xF0, 0x07, 0xF0, 0x07, 0xF0, 0x7F, 0xFD, 0x7F, 0xFD, 0x00, 0x00, 0x00,
    0x00, 0x0B, 0xE0, 0x0B, 0xE0, 0x0B, 0xE0, 0x0B, 0xE0, 0x0B, 0xE0, 0x0B, 0xE0, 0x0B, 0xE0, 0x0B,
    0xE0, 0x0B, 0xE0, 0x0B, 0xE0, 0x0B, 0xE0, 0xF8, 0x7D, 0xFF, 0xE1, 0xFE, 0x00, 0x00, 0x1F, 0xC0,
    0x7F, 0x01, 0xFC, 0x07, 0xF0, 0x1F, 0xC0, 0x7F, 0x01, 0xFC, 0x07, 0xF0, 0x1F, 0xC0, 0x7F, 0x01,
    0xFC, 0x07, 0xF0, 0x1F, 0xC0, 0x7F, 0x01, 0xFC, 0x00, 0x7C, 0x3D, 0x3F, 0xFC, 0x0B, 0xE0, 0x00,
    0x00, 0x00, 0x00, 0x0B, 0xE0, 0x0B, 0xE0, 0x0B, 0xE0, 0x0B, 0xE0, 0x0B, 0xE0, 0x0B, 0xE0, 0x0B,
    0xE0, 0x0B, 0xE0, 0x0B, 0xE0, 0x0B, 0xE0, 0x0B, 0xE0, 0x1F, 0xC1, 0xFC, 0x1F, 0xC1, 0xFC, 0x1F,
    0xC1, 0xFC, 0x1F, 0xC1, 0xFC, 0x1F, 0xC1, 0xFC, 0x1F, 0xC1, 0xFC, 0x1F, 0xC1, 0xFC, 0x1F, 0xC0,
    0xF8, 0x3F, 0x03, 0xE0, 0x3F, 0xC2, 0xFC, 0x0F, 0x43, 0xFC, 0x3F, 0xC0, 0xF4, 0x00, 0x02, 0xF8,
    0x2F, 0x82, 0xF8, 0x2F, 0x82, 0xF8, 0x2F, 0x82, 0xF8, 0x2F, 0x82, 0xF8, 0x2F, 0x82, 0xF8, 0x1F,
    0x03, 0xD0, 0xBC, 0x0B, 0xFC, 0x2F, 0xC0, 0x3D, 0x7F, 0x3D, 0x00, 0x7F, 0x7F, 0x7F, 0x7F, 0x7F,
    0x7F, 0x7F, 0x7F, 0x7F, 0x7F, 0x7F, 0x7F, 0x7F, 0x7F, 0x7F, 0xBE, 0xBE, 0xBE, 0xBE, 0xBE, 0xBE,
    0xBE, 0xBE, 0xBE, 0xBE, 0xBE, 0x7F, 0x00, 0x00, 0xFC, 0x7F, 0x00, 0x00, 0xFC, 0x7F, 0x00, 0x00,
    0xFC, 0x7F, 0x00, 0x00, 0xFC, 0x7F, 0x00, 0x00, 0xFC, 0x7F, 0x00, 0x00, 0xFC, 0x7F, 0x00, 0x00,
    0xFC, 0x7F, 0x00, 0x00, 0xFC, 0x7F, 0x00, 0x00, 0xFC, 0x7F, 0x00, 0x00, 0xFC, 0x7F, 0x00, 0x00,
    0xFC, 0x7F, 0x06, 0x03, 0xFC, 0x7F, 0x0B, 0xFF, 0xF8, 0x7F, 0x0F, 0xFF, 0xF0, 0x7F, 0x06, 0xFF,
    0x80, 0x3D, 0x03, 0xDF, 0xF0, 0xBF, 0xFF, 0x0B, 0xF3, 0xD0, 0x3D, 0x00, 0x00, 0x0B, 0xE0, 0xBE,
    0xBE, 0x0B, 0xEB, 0xE0, 0xBE, 0xBE, 0x0B, 0xEB, 0xE0, 0xBE, 0xBE, 0x0B, 0xEB, 0xE0, 0xBE, 0xBE,
    0x0B, 0xEB, 0xE0, 0xBE, 0xBE, 0x0B, 0xEB, 0xE0, 0xBE, 0x00, 0x0F, 0xE0, 0x0F, 0xFD, 0x01, 0xFF,
    0xC0, 0x1F, 0xE0, 0x00, 0x02, 0x40, 0x00, 0x0B, 0xD0, 0x00, 0x1F, 0xF4, 0x00, 0x3D, 0xBC, 0x00,
    0x24, 0x14, 0x00, 0x00, 0x00, 0x00, 0x0B, 0xE0, 0x00, 0x0B, 0xE0, 0x00, 0x0B, 0xE0, 0x00, 0x0B,
    0xE0, 0x00, 0x0B, 0xE0, 0x00, 0x0B, 0xE0, 0x00, 0x0B, 0xE0, 0x00, 0x0B, 0xE0, 0x00, 0x0B, 0xE0,
    0x00, 0x0B, 0xE0, 0x00, 0x0F, 0xE0, 0x24, 0x1F, 0xD0, 0x7F, 0xFF, 0xC0, 0xBF, 0xFF, 0x40, 0x1F,
    0xF9, 0x00, 0x00, 0x60, 0x00, 0x7D, 0x00, 0x7F, 0xD0, 0x3E, 0x7C, 0x05, 0x05, 0x00, 0x00, 0x00,
    0x2F, 0x80, 0x0B, 0xE0, 0x02, 0xF8, 0x00, 0xBE, 0x00, 0x2F, 0x80, 0x0B, 0xE0, 0x02, 0xF8, 0x00,
    0xBE, 0x00, 0x2F, 0x80, 0x0B, 0xE0, 0x02, 0xF8, 0x00, 0xFE, 0x03, 0xFF, 0x41, 0xFF, 0xC0, 0x7F,
    0x80, 0x00, 0x7F, 0x00, 0x7F, 0x47, 0xF0, 0x1F, 0xE0, 0x7F, 0x03, 0xF8, 0x07, 0xF0, 0xFE, 0x00,
    0x7F, 0x3F, 0x80, 0x07, 0xFF, 0xE0, 0x00, 0x7F, 0xFC, 0x00, 0x07, 0xFF, 0xD0, 0x00, 0x7F, 0x7F,
    0x40, 0x07, 0xF2, 0xFC, 0x00, 0x7F, 0x0F, 0xF0, 0x07, 0xF0, 0x7F, 0x80, 0x7F, 0x02, 0xFD, 0x07,
    0xF0, 0x0F, 0xF0, 0x7F, 0x00, 0x3F, 0xC0, 0x00, 0x00, 0x00, 0x00, 0x2F, 0x00, 0x00, 0x03, 0xF0,
    0x00, 0x00, 0xFE, 0x00, 0x00, 0x0F, 0x80, 0x00, 0x6E, 0x00, 0x02, 0xF8, 0x00, 0x0B, 0xE0, 0x00,
    0x2F, 0x80, 0x00, 0xBE, 0x00, 0x02, 0xF8, 0x1F, 0xDB, 0xE1, 0xFD, 0x2F, 0x9F, 0xD0, 0xBF, 0xFD,
    0x02, 0xFF, 0xE0, 0x0B, 0xFF, 0xD0, 0x2F, 0xAF, 0xC0, 0xBE, 0x3F, 0xC2, 0xF8, 0x3F, 0x4B, 0xE0,
    0xBF, 0x2F, 0x80, 0xFE, 0x00, 0x00, 0x00, 0x03, 0xE0, 0x00, 0x0F, 0x80, 0x01, 0xFD, 0x00, 0x07,
    0xE0, 0x00, 0xBE, 0x07, 0xF4, 0xBE, 0x1F, 0xD0, 0xBE, 0x3F, 0x40, 0xBF, 0xFD, 0x00, 0xBF, 0xF8,
    0x00, 0xBF, 0xFC, 0x00, 0xBE, 0xBF, 0x00, 0xBE, 0x3F, 0x80, 0xBE, 0x1F, 0xD0, 0xBE, 0x0B, 0xF0,
    0xBE, 0x03, 0xF8, 0x02, 0x00, 0x00, 0x2F, 0x00, 0x01, 0xFC, 0x00, 0x0F, 0x80, 0x00, 0x28, 0x00,
    0x00, 0x00, 0x00, 0x07, 0xF0, 0x00, 0x1F, 0xC0, 0x00, 0x7F, 0x00, 0x01, 0xFC, 0x00, 0x07, 0xF0,
    0x00, 0x1F, 0xC0, 0x00, 0x7F, 0x00, 0x01, 0xFC, 0x00, 0x07, 0xF0, 0x00, 0x1F, 0xC0, 0x00, 0x7F,
    0x00, 0x01, 0xFC, 0x00, 0x07, 0xFF, 0xFF, 0x5F, 0xFF, 0xFD, 0x7F, 0xFF, 0xF4, 0x01, 0x81, 0xFC,
    0xBF, 0x8A, 0x40, 0x00, 0x06, 0xE0, 0xBE, 0x0B, 0xE0, 0xBE, 0x0B, 0xE0, 0xBE, 0x0B, 0xE0, 0xBE,
    0x0B, 0xE0, 0xBE, 0x0B, 0xE0, 0xBE, 0x0B, 0xF0, 0x7F, 0xD3, 0xFC, 0x0B, 0xC0, 0x7F, 0x00, 0x01,
    0xFC, 0x00, 0x07, 0xF0, 0x00, 0x1F, 0xC0, 0x00, 0x7F, 0x00, 0x01, 0xFC, 0x00, 0x07, 0xF0, 0x00,
    0x1F, 0xC0, 0x00, 0x7F, 0x00, 0x01, 0xFC, 0x00, 0x07, 0xF0, 0x00, 0x1F, 0xC0, 0x00, 0x7F, 0xFF,
    0xF5, 0xFF, 0xFF, 0xD7, 0xFF, 0xFF, 0x40, 0x00, 0x00, 0x00, 0x3D, 0x00, 0x02, 0xF4, 0x00, 0x2F,
    0xC0, 0x00, 0xBC, 0x00, 0x6E, 0x0B, 0xE0, 0xBE, 0x0B, 0xE0, 0xBE, 0x0B, 0xE0, 0xBE, 0x0B, 0xE0,
    0xBE, 0x0B, 0xE0, 0xBE, 0x0B, 0xE0, 0xBF, 0x07, 0xFD, 0x3F, 0xC0, 0xBC, 0x00, 0x01, 0xF0, 0x3F,
    0x0F, 0xE0, 0xF8, 0x00, 0x7F, 0x00, 0x01, 0xFC, 0x3E, 0x07, 0xF0, 0xF4, 0x1F, 0xC3, 0xD0, 0x7F,
    0x0F, 0x01, 0xFC, 0x3C, 0x07, 0xF0, 0x00, 0x1F, 0xC0, 0x00, 0x7F, 0x00, 0x01, 0xFC, 0x00, 0x07,
    0xF0, 0x00, 0x1F, 0xC0, 0x00, 0x7F, 0xFF, 0xF5, 0xFF, 0xFF, 0xD7, 0xFF, 0xFF, 0x40, 0x6E, 0x3E,
    0xBE, 0x3D, 0xBE, 0x3D, 0xBE, 0x3C, 0xBE, 0x3C, 0xBE, 0x00, 0xBE, 0x00, 0xBE, 0x00, 0xBE, 0x00,
    0xBE, 0x00, 0xBE, 0x00, 0xBE, 0x00, 0xBF, 0x00, 0x7F, 0xD0, 0x3F, 0xC0, 0x0B, 0xC0, 0x7F, 0x00,
    0x01, 0xFC, 0x00, 0x07, 0xF0, 0x00, 0x1F, 0xC0, 0x00, 0x7F, 0x03, 0xD1, 0xFC, 0x2F, 0xC7, 0xF0,
    0xBF, 0x1F, 0xC0, 0xF4, 0x7F, 0x00, 0x01, 0xFC, 0x00, 0x07, 0xF0, 0x00, 0x1F, 0xC0, 0x00, 0x7F,
    0xFF, 0xF5, 0xFF, 0xFF, 0xD7, 0xFF, 0xFF, 0x40, 0x6E, 0x00, 0x0B, 0xE0, 0x00, 0xBE, 0x00, 0x0B,
    0xE0, 0x00, 0xBE, 0x00, 0x0B, 0xE0, 0xB8, 0xBE, 0x1F, 0xDB, 0xE1, 0xFC, 0xBE, 0x0F, 0x8B, 0xE0,
    0x00, 0xBE, 0x00, 0x0B, 0xE0, 0x00, 0xBF, 0x00, 0x07, 0xFD, 0x00, 0x3F, 0xC0, 0x00, 0xBC, 0x00,
    0x0B, 0xE0, 0x00, 0x02, 0xF8, 0x00, 0x00, 0xBE, 0x00, 0x00, 0x2F, 0x80, 0x00, 0x0B, 0xE7, 0x80,
    0x02, 0xFF, 0xF0, 0x00, 0xBF, 0xF0, 0x01, 0xFF, 0xD0, 0x00, 0xBF, 0xE0, 0x00, 0x1F, 0xF8, 0x00,
    0x00, 0xBE, 0x00, 0x00, 0x2F, 0x80, 0x00, 0x0B, 0xFF, 0xFF, 0x02, 0xFF, 0xFF, 0xC0, 0xBF, 0xFF,
    0xF0, 0x02, 0xB0, 0x00, 0xFC, 0x00, 0x3F, 0x00, 0x0F, 0xC0, 0x03, 0xF5, 0x00, 0xFF, 0xD0, 0x7F,
    0xE0, 0xFF, 0xC0, 0x2F, 0xF0, 0x00, 0xFC, 0x00, 0x3F, 0x00, 0x0F, 0xC0, 0x03, 0xF8, 0x00, 0xFF,
    0xC0, 0x1F, 0xE0, 0x01, 0xF8, 0x00, 0x02, 0x00, 0x00, 0x00, 0x7C, 0x00, 0x00, 0x0F, 0xC0, 0x00,
    0x03, 0xF0, 0x00, 0x00, 0x28, 0x00, 0x00, 0x00, 0x00, 0x00, 0x7F, 0x00, 0x0F, 0xC7, 0xF8, 0x00,
    0xFC, 0x7F, 0xD0, 0x0F, 0xC7, 0xFF, 0x00, 0xFC, 0x7F, 0xFC, 0x0F, 0xC7, 0xFB, 0xE0, 0xFC, 0x7F,
    0x3F, 0x4F, 0xC7, 0xF0, 0xFC, 0xFC, 0x7F, 0x0B, 0xEF, 0xC7, 0xF0, 0x3F, 0xFC, 0x7F, 0x00, 0xFF,
    0xC7, 0xF0, 0x0B, 0xFC, 0x7F, 0x00, 0x3F, 0xC7, 0xF0, 0x01, 0xFC, 0x7F, 0x00, 0x0F, 0xC0, 0x00,
    0x20, 0x00, 0x07, 0xC0, 0x00, 0xFC, 0x00, 0x3F, 0x00, 0x02, 0x80, 0x00, 0x00, 0x00, 0x2F, 0xFE,
    0x0B, 0xFF, 0xFC, 0xBF, 0xFF, 0xEB, 0xE0, 0xBF, 0xBE, 0x03, 0xFB, 0xE0, 0x3F, 0xBE, 0x03, 0xFB,
    0xE0, 0x3F, 0xBE, 0x03, 0xFB, 0xE0, 0x3F, 0xBE, 0x03, 0xF0, 0x7F, 0x00, 0x0F, 0xC7, 0xF8, 0x00,
    0xFC, 0x7F, 0xD0, 0x0F, 0xC7, 0xFF, 0x00, 0xFC, 0x7F, 0xFC, 0x0F, 0xC7, 0xFB, 0xE0, 0xFC, 0x7F,
    0x3F, 0x4F, 0xC7, 0xF0, 0xFC, 0xFC, 0x7F, 0x0B, 0xEF, 0xC7, 0xF0, 0x3F, 0xFC, 0x7F, 0x00, 0xFF,
    0xC7, 0xF0, 0x0B, 0xFC, 0x7F, 0x00, 0x3F, 0xC7, 0xF0, 0x01, 0xFC, 0x7F, 0x00, 0x0F, 0xC0, 0x00,
    0x00, 0x00, 0x00, 0x0F, 0x80, 0x00, 0x01, 0xF4, 0x00, 0x00, 0xBF, 0x00, 0x00, 0x07, 0xD0, 0x00,
    0x2F, 0xFE, 0x0B, 0xFF, 0xFC, 0xBF, 0xFF, 0xEB, 0xE0, 0xBF, 0xBE, 0x03, 0xFB, 0xE0, 0x3F, 0xBE,
    0x03, 0xFB, 0xE0, 0x3F, 0xBE, 0x03, 0xFB, 0xE0, 0x3F, 0xBE, 0x03, 0xF0, 0x00, 0x00, 0x00, 0xF8,
    0x00, 0x1F, 0x80, 0x07, 0xF0, 0x00, 0x7D, 0x00, 0x00, 0x80, 0x80, 0x00, 0x1F, 0x7F, 0x00, 0x00,
    0xBF, 0xC0, 0x00, 0x02, 0xF0, 0x00, 0x00, 0x08, 0x00, 0x00, 0x00, 0x00, 0x00, 0x7F, 0x00, 0x0F,
    0xC7, 0xF8, 0x00, 0xFC, 0x7F, 0xD0, 0x0F, 0xC7, 0xFF, 0x00, 0xFC, 0x7F, 0xFC, 0x0F, 0xC7, 0xFB,
    0xE0, 0xFC, 0x7F, 0x3F, 0x4F, 0xC7, 0xF0, 0xFC, 0xFC, 0x7F, 0x0B, 0xEF, 0xC7, 0xF0, 0x3F, 0xFC,
    0x7F, 0x00, 0xFF, 0xC7, 0xF0, 0x0B, 0xFC, 0x7F, 0x00, 0x3F, 0xC7, 0xF0, 0x01, 0xFC, 0x7F, 0x00,
    0x0F, 0xC0, 0x06, 0x06, 0x00, 0xF9, 0xF0, 0x07, 0xFE, 0x00, 0x1F, 0x80, 0x00, 0x60, 0x00, 0x00,
    0x00, 0x2F, 0xFE, 0x0B, 0xFF, 0xFC, 0xBF, 0xFF, 0xEB, 0xE0, 0xBF, 0xBE, 0x03, 0xFB, 0xE0, 0x3F,
    0xBE, 0x03, 0xFB, 0xE0, 0x3F, 0xBE, 0x03, 0xFB, 0xE0, 0x3F, 0xBE, 0x03, 0xF0, 0x2F, 0x00, 0x00,
    0x0B, 0xC0, 0x00, 0x03, 0xF0, 0x00, 0x00, 0xF4, 0x00, 0x00, 0x2C, 0x00, 0x00, 0x00, 0x6F, 0xFD,
    0x00, 0x3F, 0xFF, 0xE0, 0x0F, 0xFF, 0xFC, 0x03, 0xF4, 0x3F, 0x40, 0xFC, 0x0B, 0xE0, 0x3F, 0x02,
    0xF8, 0x0F, 0xC0, 0xBE, 0x03, 0xF0, 0x2F, 0x80, 0xFC, 0x0B, 0xE0, 0x3F, 0x02, 0xF8, 0x0F, 0xC0,
    0xBE, 0x7F, 0x00, 0x0F, 0xC7, 0xF8, 0x00, 0xFC, 0x7F, 0xD0, 0x0F, 0xC7, 0xFF, 0x00, 0xFC, 0x7F,
    0xFC, 0x0F, 0xC7, 0xFB, 0xE0, 0xFC, 0x7F, 0x3F, 0x4F, 0xC7, 0xF0, 0xFC, 0xFC, 0x7F, 0x07, 0xEF,
    0xC7, 0xF0, 0x3F, 0xFC, 0x7F, 0x00, 0xFF, 0xC7, 0xF0, 0x0B, 0xFC, 0x7F, 0x00, 0x3F, 0xC7, 0xF0,
    0x01, 0xFC, 0x7F, 0x00, 0x0F, 0xC0, 0x00, 0x01, 0xFC, 0x00, 0x01, 0xFF, 0xC0, 0x00, 0x2F, 0xF4,
    0x00, 0x02, 0xFD, 0x00, 0x2F, 0xFE, 0x0B, 0xFF, 0xFC, 0xBF, 0xFF, 0xEB, 0xE0, 0xBF, 0xBE, 0x07,
    0xFB, 0xE0, 0x3F, 0xBE, 0x03, 0xFB, 0xE0, 0x3F, 0xBE, 0x03, 0xFB, 0xE0, 0x3F, 0xBE, 0x03, 0xF0,
    0x00, 0x3F, 0x00, 0x07, 0xF0, 0x07, 0xFD, 0x00, 0x7F, 0x40, 0x00, 0xFF, 0xF8, 0x00, 0x03, 0xFF,
    0xE0, 0x00, 0x00, 0x00, 0x00, 0x00, 0x1F, 0xF9, 0x00, 0x07, 0xFF, 0xFF, 0x00, 0x7F, 0xFF, 0xFF,
    0x03, 0xFD, 0x02, 0xFE, 0x1F, 0xD0, 0x02, 0xFC, 0xBF, 0x00, 0x03, 0xF7, 0xF8, 0x00, 0x0F, 0xDF,
    0xD0, 0x00, 0x3F, 0xBF, 0x80, 0x00, 0xFD, 0xBF, 0x00, 0x03, 0xF5, 0xFD, 0x00, 0x2F, 0xC3, 0xFD,
    0x02, 0xFE, 0x07, 0xFF, 0xFF, 0xF0, 0x07, 0xFF, 0xFF, 0x00, 0x02, 0xFF, 0x90, 0x00, 0x03, 0xFF,
    0xF0, 0x03, 0xFF, 0xF0, 0x00, 0x00, 0x00, 0x00, 0x00, 0x00, 0x00, 0xBF, 0x80, 0x07, 0xFF, 0xF4,
    0x1F, 0xFF, 0xFC, 0x2F, 0xC1, 0xFD, 0x3F, 0x40, 0xBE, 0x3F, 0x00, 0x7F, 0x3F, 0x40, 0xBE, 0x2F,
    0xC1, 0xFD, 0x1F, 0xFF, 0xFC, 0x07, 0xFF, 0xF4, 0x01, 0xBF, 0x80, 0x00, 0xF4, 0xB8, 0x00, 0x02,
    0xFF, 0xD0, 0x00, 0x02, 0xFD, 0x00, 0x00, 0x00, 0x00, 0x00, 0x00, 0x7F, 0xE4, 0x00, 0x1F, 0xFF,
    0xFC, 0x01, 0xFF, 0xFF, 0xFC, 0x0F, 0xF4, 0x0B, 0xF8, 0x7F, 0x40, 0x0B, 0xF2, 0xFC, 0x00, 0x0F,
    0xDF, 0xE0, 0x00, 0x3F, 0x7F, 0x40, 0x00, 0xFE, 0xFE, 0x00, 0x03, 0xF6, 0xFC, 0x00, 0x0F, 0xD7,
    0xF4, 0x00, 0xBF, 0x0F, 0xF4, 0x0B, 0xF8, 0x1F, 0xFF, 0xFF, 0xC0, 0x1F, 0xFF, 0xFC, 0x00, 0x0B,
    0xFE, 0x40, 0x00, 0x03, 0xD2, 0xE0, 0x02, 0xFF, 0xD0, 0x00, 0xBF, 0x40, 0x00, 0x00, 0x00, 0x00,
    0x00, 0x00, 0x00, 0xBF, 0x80, 0x07, 0xFF, 0xF4, 0x1F, 0xFF, 0xFC, 0x2F, 0xC1, 0xFD, 0x3F, 0x40,
    0xBE, 0x3F, 0x00, 0x7F, 0x3F, 0x40, 0xBE, 0x2F, 0xC1, 0xFD, 0x1F, 0xFF, 0xFC, 0x07, 0xFF, 0xF4,
    0x01, 0xBF, 0x80, 0x00, 0x0D, 0x0A, 0x00, 0x00, 0xBC, 0x7C, 0x00, 0x03, 0xC3, 0xD0, 0x00, 0x3D,
    0x2E, 0x00, 0x00, 0x60, 0x60, 0x00, 0x00, 0x00, 0x00, 0x00, 0x07, 0xFE, 0x40, 0x01, 0xFF, 0xFF,
    0xC0, 0x1F, 0xFF, 0xFF, 0xC0, 0xFF, 0x40, 0xBF, 0x87, 0xF4, 0x00, 0xBF, 0x2F, 0xC0, 0x00, 0xFD,
    0xFE, 0x00, 0x03, 0xF7, 0xF4, 0x00, 0x0F, 0xEF, 0xE0, 0x00, 0x3F, 0x6F, 0xC0, 0x00, 0xFD, 0x7F,
    0x40, 0x0B, 0xF0, 0xFF, 0x40, 0xBF, 0x81, 0xFF, 0xFF, 0xFC, 0x01, 0xFF, 0xFF, 0xC0, 0x00, 0xBF,
    0xE4, 0x00, 0x00, 0x34, 0x24, 0x00, 0xBC, 0x7C, 0x01, 0xF0, 0xF4, 0x03, 0xD2, 0xE0, 0x02, 0x81,
    0x80, 0x00, 0x00, 0x00, 0x00, 0xBF, 0x80, 0x07, 0xFF, 0xF4, 0x1F, 0xFF, 0xFC, 0x2F, 0xC1, 0xFD,
    0x3F, 0x40, 0xBE, 0x3F, 0x00, 0x7F, 0x3F, 0x40, 0xBE, 0x2F, 0xC1, 0xFD, 0x1F, 0xFF, 0xFC, 0x07,
    0xFF, 0xF4, 0x01, 0xBF, 0x80, 0x00, 0x6F, 0xFF, 0xFF, 0xF8, 0x07, 0xFF, 0xFF, 0xFF, 0xF8, 0x1F,
    0xFF, 0xFF, 0xFF, 0xF8, 0x3F, 0xE0, 0x2F, 0x80, 0x00, 0x7F, 0x40, 0x2F, 0x80, 0x00, 0xBF, 0x00,
    0x2F, 0x80, 0x00, 0xFD, 0x00, 0x2F, 0xFF, 0xF0, 0xFD, 0x00, 0x2F, 0xFF, 0xF0, 0xFD, 0x00, 0x2F,
    0xFF, 0xF0, 0xBF, 0x00, 0x2F, 0x80, 0x00, 0x7F, 0x40, 0x2F, 0x80, 0x00, 0x3F, 0xE0, 0x2F, 0x80,
    0x00, 0x1F, 0xFF, 0xFF, 0xFF, 0xFC, 0x07, 0xFF, 0xFF, 0xFF, 0xFC, 0x00, 0x6F, 0xFF, 0xFF, 0xFC,
    0x01, 0xBF, 0x41, 0xFE, 0x40, 0x2F, 0xFF, 0xEF, 0xFF, 0x81, 0xFF, 0xFF, 0xFF, 0xFF, 0x0B, 0xF0,
    0x7F, 0xC0, 0xBE, 0x3F, 0x40, 0xBF, 0xFF, 0xF8, 0xFC, 0x01, 0xFF, 0xFF, 0xE3, 0xF4, 0x0B, 0xF0,
    0x00, 0x0B, 0xF0, 0x7F, 0xE0, 0x04, 0x1F, 0xFF, 0xFF, 0xFF, 0xF0, 0x2F, 0xFF, 0xAF, 0xFF, 0xC0,
    0x1B, 0xF4, 0x1F, 0xFE, 0x00, 0x00, 0x08, 0x00, 0x00, 0x0B, 0xC0, 0x00, 0x07, 0xF0, 0x00, 0x03,
    0xE0, 0x00, 0x00, 0xA0, 0x00, 0x00, 0x00, 0x00, 0x02, 0xFF, 0xE4, 0x01, 0xFF, 0xFF, 0xD0, 0x7F,
    0xFF, 0xFC, 0x1F, 0xC0, 0xBF, 0x47, 0xF0, 0x0F, 0xE1, 0xFC, 0x03, 0xF8, 0x7F, 0x02, 0xFE, 0x1F,
    0xFF, 0xFF, 0x07, 0xFF, 0xFF, 0x41, 0xFF, 0xFF, 0x00, 0x7F, 0x0F, 0xF0, 0x1F, 0xC1, 0xFE, 0x07,
    0xF0, 0x2F, 0xC1, 0xFC, 0x03, 0xFC, 0x7F, 0x00, 0x7F, 0x40, 0x00, 0x90, 0x01, 0xF0, 0x03, 0xF0,
    0x0F, 0xC0, 0x06, 0x00, 0x00, 0x00, 0x1B, 0xFD, 0xBF, 0xFD, 0xBF, 0xFD, 0xBE, 0x00, 0xBE, 0x00,
    0xBE, 0x00, 0xBE, 0x00, 0xBE, 0x00, 0xBE, 0x00, 0xBE, 0x00, 0xBE, 0x00, 0x2F, 0xFE, 0x40, 0x1F,
    0xFF, 0xFD, 0x07, 0xFF, 0xFF, 0xC1, 0xFC, 0x0B, 0xF4, 0x7F, 0x00, 0xFE, 0x1F, 0xC0, 0x3F, 0x87,
    0xF0, 0x2F, 0xE1, 0xFF, 0xFF, 0xF0, 0x7F, 0xFF, 0xF4, 0x1F, 0xFF, 0xF0, 0x07, 0xF0, 0xFF, 0x01,
    0xFC, 0x1F, 0xE0, 0x7F, 0x02, 0xFC, 0x1F, 0xC0, 0x3F, 0xC7, 0xF0, 0x07, 0xF4, 0x00, 0x00, 0x00,
    0x00, 0x3F, 0x00, 0x00, 0x0F, 0x80, 0x00, 0x1F, 0xD0, 0x00, 0x03, 0xE0, 0x00, 0x06, 0xFF, 0x4B,
    0xFF, 0xD2, 0xFF, 0xF4, 0xBE, 0x00, 0x2F, 0x80, 0x0B, 0xE0, 0x02, 0xF8, 0x00, 0xBE, 0x00, 0x2F,
    0x80, 0x0B, 0xE0, 0x02, 0xF8, 0x00, 0x00, 0x00, 0x0F, 0x40, 0x0B, 0xD0, 0x0B, 0xF0, 0x02, 0xF0,
    0x00, 0x02, 0x02, 0x00, 0x01, 0xF6, 0xF0, 0x00, 0x2F, 0xF0, 0x00, 0x02, 0xF0, 0x00, 0x00, 0x20,
    0x00, 0x0B, 0xFF, 0x90, 0x07, 0xFF, 0xFF, 0x41, 0xFF, 0xFF, 0xF0, 0x7F, 0x02, 0xFD, 0x1F, 0xC0,
    0x3F, 0x87, 0xF0, 0x0F, 0xE1, 0xFC, 0x0B, 0xF8, 0x7F, 0xFF, 0xFC, 0x1F, 0xFF, 0xFD, 0x07, 0xFF,
    0xFC, 0x01, 0xFC, 0x3F, 0xC0, 0x7F, 0x07, 0xF8, 0x1F, 0xC0, 0xBF, 0x07, 0xF0, 0x0F, 0xF1, 0xFC,
    0x01, 0xFD, 0x18, 0x18, 0x3E, 0x7D, 0x1F, 0xF8, 0x07, 0xE0, 0x01, 0x80, 0x00, 0x00, 0x1B, 0xFD,
    0xBF, 0xFD, 0xBF, 0xFD, 0xBE, 0x00, 0xBE, 0x00, 0xBE, 0x00, 0xBE, 0x00, 0xBE, 0x00, 0xBE, 0x00,
    0xBE, 0x00, 0xBE, 0x00, 0x00, 0x02, 0x00, 0x00, 0x0F, 0x80, 0x00, 0x2F, 0x80, 0x00, 0x7D, 0x00,
    0x00, 0x34, 0x00, 0x00, 0x00, 0x00, 0x01, 0xFF, 0xD0, 0x0F, 0xFF, 0xF8, 0x2F, 0xFF, 0xF0, 0x3F,
    0x80, 0x60, 0x3F, 0x40, 0x00, 0x3F, 0xD0, 0x00, 0x0F, 0xFE, 0x40, 0x03, 0xFF, 0xE0, 0x00, 0x6F,
    0xFC, 0x00, 0x02, 0xFC, 0x00, 0x00, 0xFD, 0x19, 0x01, 0xFD, 0x3F, 0xFF, 0xFC, 0x3F, 0xFF, 0xF4,
    0x0B, 0xFF, 0x80, 0x00, 0x08, 0x00, 0x03, 0xE0, 0x00, 0xBD, 0x00, 0x1F, 0x40, 0x00, 0xC0, 0x00,
    0x00, 0x00, 0x02, 0xFF, 0x40, 0xFF, 0xF8, 0x2F, 0xFF, 0x43, 0xF4, 0x10, 0x3F, 0xFE, 0x41, 0xFF,
    0xFC, 0x06, 0xBF, 0xC1, 0x40, 0xFD, 0x3F, 0xFF, 0xC3, 0xFF, 0xF8, 0x2F, 0xFD, 0x00, 0x00, 0x08,
    0x00, 0x00, 0x3F, 0x00, 0x00, 0xFF, 0xC0, 0x02, 0xF7, 0xD0, 0x00, 0x80, 0x80, 0x00, 0x00, 0x00,
    0x01, 0xFF, 0xD0, 0x0F, 0xFF, 0xF8, 0x2F, 0xFF, 0xF0, 0x3F, 0x80, 0x60, 0x3F, 0x40, 0x00, 0x3F,
    0xD0, 0x00, 0x0F, 0xFE, 0x40, 0x03, 0xFF, 0xE0, 0x00, 0x6F, 0xFC, 0x00, 0x02, 0xFC, 0x00, 0x00,
    0xFD, 0x19, 0x01, 0xFD, 0x3F, 0xFF, 0xFC, 0x3F, 0xFF, 0xF4, 0x0B, 0xFF, 0x80, 0x00, 0x20, 0x00,
    0x0F, 0xC0, 0x03, 0xFF, 0x00, 0xBC, 0xF4, 0x02, 0x02, 0x00, 0x00, 0x00, 0x02, 0xFF, 0x40, 0xFF,
    0xF8, 0x2F, 0xFF, 0x43, 0xF4, 0x10, 0x3F, 0xFE, 0x41, 0xFF, 0xFC, 0x06, 0xBF, 0xC1, 0x40, 0xFD,
    0x3F, 0xFF, 0xC3, 0xFF, 0xF8, 0x2F, 0xFD, 0x00, 0x01, 0xFF, 0xD0, 0x0F, 0xFF, 0xF8, 0x2F, 0xFF,
    0xF0, 0x3F, 0x80, 0x60, 0x3F, 0x40, 0x00, 0x3F, 0xD0, 0x00, 0x0F, 0xFE, 0x40, 0x03, 0xFF, 0xE0,
    0x00, 0x6F, 0xFC, 0x00, 0x02, 0xFC, 0x00, 0x00, 0xFD, 0x19, 0x01, 0xFD, 0x3F, 0xFF, 0xFC, 0x3F,
    0xFF, 0xF4, 0x1B, 0xFF, 0x80, 0x00, 0x3C, 0x00, 0x00, 0x3E, 0x00, 0x00, 0x1F, 0x00, 0x02, 0xFF,
    0x00, 0x02, 0xF8, 0x00, 0x02, 0xFF, 0x40, 0xFF, 0xF8, 0x2F, 0xFF, 0x43, 0xF4, 0x10, 0x3F, 0xFE,
    0x41, 0xFF, 0xFC, 0x06, 0xBF, 0xC1, 0x40, 0xFD, 0x3F, 0xFF, 0xC3, 0xFF, 0xF8, 0x2F, 0xFD, 0x00,
    0x1F, 0x00, 0x00, 0xF8, 0x00, 0x0B, 0xC0, 0x0B, 0xF8, 0x00, 0xBE, 0x00, 0x00, 0x80, 0x80, 0x02,
    0xF3, 0xD0, 0x00, 0xFF, 0xC0, 0x00, 0x3F, 0x00, 0x00, 0x08, 0x00, 0x00, 0x00, 0x00, 0x01, 0xFF,
    0xD0, 0x0F, 0xFF, 0xF8, 0x2F, 0xFF, 0xF0, 0x3F, 0x80, 0x60, 0x3F, 0x40, 0x00, 0x3F, 0xD0, 0x00,
    0x0F, 0xFE, 0x40, 0x03, 0xFF, 0xE0, 0x00, 0x6F, 0xFC, 0x00, 0x02, 0xFC, 0x00, 0x00, 0xFD, 0x19,
    0x01, 0xFD, 0x3F, 0xFF, 0xFC, 0x3F, 0xFF, 0xF4, 0x0B, 0xFF, 0x80, 0x02, 0x02, 0x00, 0xBC, 0xF8,
    0x03, 0xFF, 0x00, 0x0F, 0xC0, 0x00, 0x20, 0x00, 0x00, 0x00, 0x02, 0xFF, 0x40, 0xFF, 0xF8, 0x2F,
    0xFF, 0x43, 0xF4, 0x10, 0x3F, 0xFE, 0x41, 0xFF, 0xFC, 0x06, 0xBF, 0xC1, 0x40, 0xFD, 0x3F, 0xFF,
    0xC3, 0xFF, 0xF8, 0x2F, 0xFD, 0x00, 0xBF, 0xFF, 0xFF, 0x6F, 0xFF, 0xFF, 0xDB, 0xFF, 0xFF, 0xF4,
    0x00, 0xFC, 0x00, 0x00, 0x3F, 0x00, 0x00, 0x0F, 0xC0, 0x00, 0x03, 0xF0, 0x00, 0x00, 0xFC, 0x00,
    0x00, 0x3F, 0x00, 0x00, 0x0F, 0xC0, 0x00, 0x03, 0xF0, 0x00, 0x00, 0xFC, 0x00, 0x00, 0x3F, 0x00,
    0x00, 0x0F, 0xC0, 0x00, 0x03, 0xF0, 0x00, 0x00, 0xF0, 0x00, 0x00, 0x1F, 0x00, 0x00, 0x7F, 0xC0,
    0x00, 0x1F, 0xD0, 0x00, 0x6D, 0x00, 0xBE, 0x00, 0xBE, 0x00, 0xBF, 0xFD, 0xBF, 0xFD, 0xBF, 0xFD,
    0xBE, 0x00, 0xBE, 0x00, 0xBE, 0x00, 0xBE, 0x00, 0xBF, 0x00, 0x7F, 0xFD, 0x3F, 0xFE, 0x0B, 0xFD,
    0x02, 0xE0, 0x00, 0xF4, 0x0F, 0xF4, 0x0F, 0xE0, 0x00, 0x80, 0x80, 0x00, 0xBC, 0xF8, 0x00, 0x0F,
    0xFC, 0x00, 0x00, 0xFC, 0x00, 0x00, 0x08, 0x00, 0x00, 0x00, 0x00, 0x0B, 0xFF, 0xFF, 0xF6, 0xFF,
    0xFF, 0xFD, 0xBF, 0xFF, 0xFF, 0x40, 0x0F, 0xC0, 0x00, 0x03, 0xF0, 0x00, 0x00, 0xFC, 0x00, 0x00,
    0x3F, 0x00, 0x00, 0x0F, 0xC0, 0x00, 0x03, 0xF0, 0x00, 0x00, 0xFC, 0x00, 0x00, 0x3F, 0x00, 0x00,
    0x0F, 0xC0, 0x00, 0x03, 0xF0, 0x00, 0x00, 0xFC, 0x00, 0x00, 0x3F, 0x00, 0x00, 0x00, 0x7C, 0x00,
    0x7C, 0x6D, 0x7C, 0xBE, 0x78, 0xBE, 0x00, 0xBF, 0xFD, 0xBF, 0xFD, 0xBF, 0xFD, 0xBE, 0x00, 0xBE,
    0x00, 0xBE, 0x00, 0xBE, 0x00, 0xBF, 0x00, 0x7F, 0xFD, 0x3F, 0xFE, 0x0B, 0xFD, 0xBF, 0xFF, 0xFF,
    0x6F, 0xFF, 0xFF, 0xDB, 0xFF, 0xFF, 0xF4, 0x00, 0xFC, 0x00, 0x00, 0x3F, 0x00, 0x00, 0x0F, 0xC0,
    0x00, 0x03, 0xF0, 0x00, 0x3F, 0xFF, 0xF0, 0x0F, 0xFF, 0xFC, 0x00, 0x0F, 0xC0, 0x00, 0x03, 0xF0,
    0x00, 0x00, 0xFC, 0x00, 0x00, 0x3F, 0x00, 0x00, 0x0F, 0xC0, 0x00, 0x03, 0xF0, 0x00, 0x6D, 0x00,
    0xBE, 0x00, 0xBE, 0x00, 0xBF, 0xFD, 0xBF, 0xFD, 0xBF, 0xFD, 0xBE, 0x00, 0xBF, 0xFC, 0xBF, 0xFC,
    0xBE, 0x00, 0xBF, 0x00, 0x7F, 0xFD, 0x3F, 0xFE, 0x0B, 0xFD, 0x01, 0xF4, 0xA0, 0x00, 0xFF, 0xFC,
    0x00, 0x24, 0x7D, 0x00, 0x00, 0x00, 0x00, 0xBF, 0x00, 0x3F, 0x6F, 0xC0, 0x0F, 0xDB, 0xF0, 0x03,
    0xF6, 0xFC, 0x00, 0xFD, 0xBF, 0x00, 0x3F, 0x6F, 0xC0, 0x0F, 0xDB, 0xF0, 0x03, 0xF6, 0xFC, 0x00,
    0xFD, 0xBF, 0x00, 0x3F, 0x6F, 0xC0, 0x0F, 0xD7, 0xF0, 0x03, 0xF0, 0xFE, 0x03, 0xFC, 0x2F, 0xFF,
    0xFE, 0x03, 0xFF, 0xFE, 0x00, 0x1F, 0xF9, 0x00, 0x0B, 0xD2, 0x41, 0xFF, 0xFC, 0x0C, 0x2E, 0x00,
    0x00, 0x00, 0x00, 0x00, 0x0B, 0xE0, 0x3F, 0xBE, 0x03, 0xFB, 0xE0, 0x3F, 0xBE, 0x03, 0xFB, 0xE0,
    0x3F, 0xBE, 0x03, 0xFB, 0xE0, 0x3F, 0x7F, 0x07, 0xF3, 0xFF, 0xFF, 0x2F, 0xFF, 0xF0, 0x7F, 0xF9,
    0x03, 0xFF, 0xF0, 0x00, 0xFF, 0xFC, 0x00, 0x00, 0x00, 0x02, 0xFC, 0x00, 0xFD, 0xBF, 0x00, 0x3F,
    0x6F, 0xC0, 0x0F, 0xDB, 0xF0, 0x03, 0xF6, 0xFC, 0x00, 0xFD, 0xBF, 0x00, 0x3F, 0x6F, 0xC0, 0x0F,
    0xDB, 0xF0, 0x03, 0xF6, 0xFC, 0x00, 0xFD, 0xBF, 0x00, 0x3F, 0x5F, 0xC0, 0x0F, 0xC3, 0xF8, 0x0F,
    0xF0, 0xBF, 0xFF, 0xF8, 0x0F, 0xFF, 0xF8, 0x00, 0x7F, 0xE4, 0x00, 0x0F, 0xFF, 0x80, 0xFF, 0xF8,
    0x00, 0x00, 0x00, 0x00, 0x00, 0xBE, 0x03, 0xFB, 0xE0, 0x3F, 0xBE, 0x03, 0xFB, 0xE0, 0x3F, 0xBE,
    0x03, 0xFB, 0xE0, 0x3F, 0xBE, 0x03, 0xF7, 0xF0, 0x7F, 0x3F, 0xFF, 0xF2, 0xFF, 0xFF, 0x07, 0xFF,
    0x90, 0x03, 0xD2, 0xF0, 0x00, 0xBF, 0xF4, 0x00, 0x0B, 0xF4, 0x00, 0x00, 0x00, 0x00, 0xBF, 0x00,
    0x3F, 0x6F, 0xC0, 0x0F, 0xDB, 0xF0, 0x03, 0xF6, 0xFC, 0x00, 0xFD, 0xBF, 0x00, 0x3F, 0x6F, 0xC0,
    0x0F, 0xDB, 0xF0, 0x03, 0xF6, 0xFC, 0x00, 0xFD, 0xBF, 0x00, 0x3F, 0x6F, 0xC0, 0x0F, 0xD7, 0xF0,
    0x03, 0xF0, 0xFE, 0x03, 0xFC, 0x2F, 0xFF, 0xFE, 0x03, 0xFF, 0xFE, 0x00, 0x1F, 0xF9, 0x00, 0x0F,
    0x0B, 0x80, 0xFF, 0xF0, 0x02, 0xFD, 0x00, 0x00, 0x00, 0x00, 0x00, 0x0B, 0xE0, 0x3F, 0xBE, 0x03,
    0xFB, 0xE0, 0x3F, 0xBE, 0x03, 0xFB, 0xE0, 0x3F, 0xBE, 0x03, 0xFB, 0xE0, 0x3F, 0x7F, 0x07, 0xF3,
    0xFF, 0xFF, 0x2F, 0xFF, 0xF0, 0x7F, 0xF9, 0x00, 0x2E, 0x00, 0x00, 0x2F, 0xE0, 0x00, 0x0E, 0x3C,
    0x00, 0x03, 0x8F, 0x00, 0x00, 0xBF, 0x80, 0x00, 0x0F, 0x80, 0x0B, 0xF0, 0x03, 0xF6, 0xFC, 0x00,
    0xFD, 0xBF, 0x00, 0x3F, 0x6F, 0xC0, 0x0F, 0xDB, 0xF0, 0x03, 0xF6, 0xFC, 0x00, 0xFD, 0xBF, 0x00,
    0x3F, 0x6F, 0xC0, 0x0F, 0xDB, 0xF0, 0x03, 0xF6, 0xFC, 0x00, 0xFD, 0x7F, 0x00, 0x3F, 0x0F, 0xE0,
    0x3F, 0xC2, 0xFF, 0xFF, 0xE0, 0x3F, 0xFF, 0xE0, 0x01, 0xFF, 0x90, 0x00, 0x00, 0xF8, 0x00, 0x3F,
    0xD0, 0x03, 0x4E, 0x00, 0x34, 0xE0, 0x03, 0xFD, 0x00, 0x0F, 0x80, 0x00, 0x00, 0x0B, 0xE0, 0x3F,
    0xBE, 0x03, 0xFB, 0xE0, 0x3F, 0xBE, 0x03, 0xFB, 0xE0, 0x3F, 0xBE, 0x03, 0xFB, 0xE0, 0x3F, 0x7F,
    0x07, 0xF3, 0xFF, 0xFF, 0x2F, 0xFF, 0xF0, 0x7F, 0xF9, 0x00, 0x24, 0x28, 0x00, 0x1F, 0x0F, 0x00,
    0x0F, 0x0F, 0x40, 0x0B, 0x47, 0x80, 0x01, 0x80, 0xC0, 0x00, 0x00, 0x00, 0x0B, 0xF0, 0x03, 0xF6,
    0xFC, 0x00, 0xFD, 0xBF, 0x00, 0x3F, 0x6F, 0xC0, 0x0F, 0xDB, 0xF0, 0x03, 0xF6, 0xFC, 0x00, 0xFD,
    0xBF, 0x00, 0x3F, 0x6F, 0xC0, 0x0F, 0xDB, 0xF0, 0x03, 0xF6, 0xFC, 0x00, 0xFD, 0x7F, 0x00, 0x3F,
    0x0F, 0xE0, 0x3F, 0xC2, 0xFF, 0xFF, 0xE0, 0x3F, 0xFF, 0xE0, 0x01, 0xFF, 0x90, 0x00, 0x00, 0xC0,
    0xD0, 0x0F, 0x8B, 0xC0, 0x7C, 0x3C, 0x03, 0xC3, 0xD0, 0x09, 0x06, 0x00, 0x00, 0x00, 0x0B, 0xE0,
    0x3F, 0x2F, 0x80, 0xFC, 0xBE, 0x03, 0xF2, 0xF8, 0x0F, 0xCB, 0xE0, 0x3F, 0x2F, 0x80, 0xFC, 0xBE,
    0x03, 0xF1, 0xFC, 0x1F, 0xC3, 0xFF, 0xFF, 0x0B, 0xFF, 0xFC, 0x07, 0xFF, 0x90, 0xBF, 0x00, 0x3F,
    0x6F, 0xC0, 0x0F, 0xDB, 0xF0, 0x03, 0xF6, 0xFC, 0x00, 0xFD, 0xBF, 0x00, 0x3F, 0x6F, 0xC0, 0x0F,
    0xDB, 0xF0, 0x03, 0xF6, 0xFC, 0x00, 0xFD, 0xBF, 0x00, 0x3F, 0x6F, 0xC0, 0x0F, 0xD7, 0xF0, 0x03,
    0xF0, 0xFE, 0x03, 0xFC, 0x2F, 0xFF, 0xFE, 0x03, 0xFF, 0xFE, 0x00, 0x1F, 0xFD, 0x00, 0x00, 0x7D,
    0x00, 0x00, 0x3E, 0x00, 0x00, 0x0F, 0xF4, 0x00, 0x01, 0xFD, 0x00, 0xBE, 0x03, 0xFB, 0xE0, 0x3F,
    0xBE, 0x03, 0xFB, 0xE0, 0x3F, 0xBE, 0x03, 0xFB, 0xE0, 0x3F, 0xBE, 0x03, 0xF7, 0xF0, 0x7F, 0x3F,
    0xFF, 0xF2, 0xFF, 0xFF, 0x07, 0xFF, 0xE0, 0x00, 0xF8, 0x00, 0x2F, 0x00, 0x02, 0xFF, 0x00, 0x0F,
    0xE0, 0x00, 0x00, 0x24, 0x00, 0x00, 0x00, 0x00, 0xBD, 0x00, 0x00, 0x00, 0x01, 0xFF, 0x40, 0x00,
    0x00, 0x03, 0xDB, 0xC0, 0x00, 0x00, 0x01, 0x41, 0x40, 0x00, 0x00, 0x00, 0x00, 0x00, 0x00, 0x7F,
    0x00, 0x00, 0x00, 0xFD, 0x3F, 0x00, 0x00, 0x00, 0xFC, 0x3F, 0x40, 0x7E, 0x01, 0xFC, 0x3F, 0x80,
    0xBF, 0x02, 0xF8, 0x2F, 0xC0, 0xFF, 0x02, 0xF4, 0x1F, 0xC1, 0xFF, 0x43, 0xF4, 0x0F, 0xC2, 0xFF,
    0x83, 0xF0, 0x0F, 0xD3, 0xEB, 0xC7, 0xF0, 0x0B, 0xE3, 0xD7, 0xD7, 0xE0, 0x07, 0xFB, 0xC3, 0xEB,
    0xD0, 0x03, 0xFF, 0x83, 0xFF, 0xC0, 0x03, 0xFF, 0x41, 0xFF, 0xC0, 0x02, 0xFF, 0x00, 0xFF, 0x40,
    0x01, 0xFE, 0x00, 0xFF, 0x00, 0x00, 0xFD, 0x00, 0x7F, 0x00, 0x00, 0x01, 0x80, 0x00, 0x00, 0x01,
    0xF8, 0x00, 0x00, 0x01, 0xFF, 0x80, 0x00, 0x00, 0xF9, 0xF4, 0x00, 0x00, 0x18, 0x18, 0x00, 0x00,
    0x00, 0x00, 0x00, 0x0B, 0xE0, 0x3E, 0x03, 0xF1, 0xFC, 0x0F, 0xC1, 0xFC, 0x3F, 0x07, 0xF0, 0xBD,
    0x0F, 0xD2, 0xFC, 0x3F, 0x01, 0xF8, 0xFF, 0x4F, 0xC0, 0x3F, 0x7E, 0xF7, 0xE0, 0x0F, 0xEE, 0x7E,
    0xF0, 0x01, 0xFF, 0x4F, 0xFC, 0x00, 0x3F, 0xC2, 0xFE, 0x00, 0x0B, 0xF0, 0x7F, 0x00, 0x01, 0xF4,
    0x0F, 0xC0, 0x00, 0x00, 0x09, 0x00, 0x00, 0x02, 0xF4, 0x00, 0x00, 0x7F, 0xD0, 0x00, 0x0F, 0x6F,
    0x00, 0x00, 0x50, 0x50, 0x00, 0x00, 0x00, 0x00, 0xBF, 0x00, 0x0F, 0xE3, 0xF8, 0x02, 0xFC, 0x2F,
    0xC0, 0x3F, 0x40, 0xFE, 0x0B, 0xF0, 0x0B, 0xF0, 0xFD, 0x00, 0x3F, 0xEF, 0xC0, 0x01, 0xFF, 0xF0,
    0x00, 0x0F, 0xFE, 0x00, 0x00, 0x3F, 0xC0, 0x00, 0x02, 0xF8, 0x00, 0x00, 0x2F, 0x80, 0x00, 0x02,
    0xF8, 0x00, 0x00, 0x2F, 0x80, 0x00, 0x02, 0xF8, 0x00, 0x00, 0x2F, 0x80, 0x00, 0x00, 0x24, 0x00,
    0x00, 0xBC, 0x00, 0x02, 0xFF, 0x00, 0x07, 0xDB, 0xC0, 0x02, 0x02, 0x00, 0x00, 0x00, 0x00, 0xBE,
    0x00, 0xFC, 0x7F, 0x01, 0xFC, 0x3F, 0x02, 0xF8, 0x2F, 0x83, 0xF0, 0x1F, 0xC3, 0xF0, 0x0F, 0xCB,
    0xD0, 0x0B, 0xEF, 0xC0, 0x03, 0xFF, 0x80, 0x02, 0xFF, 0x40, 0x00, 0xFF, 0x00, 0x00, 0xFD, 0x00,
    0x01, 0xFC, 0x00, 0x7F, 0xF8, 0x00, 0xBF, 0xF0, 0x00, 0xBF, 0x80, 0x00, 0x02, 0xE0, 0xF4, 0x00,
    0x3F, 0x1F, 0xC0, 0x02, 0xE0, 0xF4, 0x00, 0x00, 0x00, 0x00, 0xBF, 0x00, 0x0F, 0xE3, 0xF8, 0x02,
    0xFC, 0x2F, 0xC0, 0x3F, 0x40, 0xFE, 0x0B, 0xF0, 0x0B, 0xF0, 0xFD, 0x00, 0x3F, 0xEF, 0xC0, 0x01,
    0xFF, 0xF0, 0x00, 0x0F, 0xFE, 0x00, 0x00, 0x3F, 0xC0, 0x00, 0x02, 0xF8, 0x00, 0x00, 0x2F, 0x80,
    0x00, 0x02, 0xF8, 0x00, 0x00, 0x2F, 0x80, 0x00, 0x02, 0xF8, 0x00, 0x00, 0x2F, 0x80, 0x00, 0x00,
    0x02, 0x00, 0x00, 0x02, 0xF0, 0x00, 0x02, 0xF8, 0x00, 0x01, 0xF8, 0x00, 0x00, 0x34, 0x00, 0x00,
    0x00, 0x00, 0x03, 0xFF, 0xFF, 0xF0, 0xFF, 0xFF, 0xFC, 0x3F, 0xFF, 0xFF, 0x00, 0x00, 0xFF, 0x00,
    0x00, 0xBF, 0x00, 0x00, 0x7F, 0x40, 0x00, 0x3F, 0x80, 0x00, 0x3F, 0xC0, 0x00, 0x2F, 0xC0, 0x00,
    0x0F, 0xD0, 0x00, 0x0F, 0xE0, 0x00, 0x07, 0xF0, 0x00, 0x03, 0xFF, 0xFF, 0xF1, 0xFF, 0xFF, 0xFC,
    0x7F, 0xFF, 0xFF, 0x00, 0x00, 0x08, 0x00, 0x03, 0xE0, 0x00, 0xBE, 0x00, 0x1F, 0x40, 0x00, 0xD0,
    0x00, 0x00, 0x00, 0x3F, 0xFF, 0xF3, 0xFF, 0xFF, 0x3F, 0xFF, 0xE0, 0x03, 0xF8, 0x00, 0xBE, 0x00,
    0x2F, 0x80, 0x07, 0xF0, 0x01, 0xFC, 0x00, 0x3F, 0xFF, 0xF7, 0xFF, 0xFF, 0x7F, 0xFF, 0xF0, 0x00,
    0x2E, 0x00, 0x00, 0x0F, 0xC0, 0x00, 0x02, 0xE0, 0x00, 0x00, 0x00, 0x00, 0x3F, 0xFF, 0xFF, 0x0F,
    0xFF, 0xFF, 0xC3, 0xFF, 0xFF, 0xF0, 0x00, 0x0F, 0xF0, 0x00, 0x0B, 0xF0, 0x00, 0x07, 0xF4, 0x00,
    0x03, 0xF8, 0x00, 0x03, 0xFC, 0x00, 0x02, 0xFC, 0x00, 0x00, 0xFD, 0x00, 0x00, 0xFE, 0x00, 0x00,
    0x7F, 0x00, 0x00, 0x3F, 0xFF, 0xFF, 0x1F, 0xFF, 0xFF, 0xC7, 0xFF, 0xFF, 0xF0, 0x00, 0xF4, 0x00,
    0x1F, 0xC0, 0x00, 0xF4, 0x00, 0x00, 0x00, 0x00, 0x00, 0x03, 0xFF, 0xFF, 0x3F, 0xFF, 0xF3, 0xFF,
    0xFE, 0x00, 0x3F, 0x80, 0x0B, 0xE0, 0x02, 0xF8, 0x00, 0x7F, 0x00, 0x1F, 0xC0, 0x03, 0xFF, 0xFF,
    0x7F, 0xFF, 0xF7, 0xFF, 0xFF, 0x00, 0x80, 0x80, 0x00, 0xBC, 0xF8, 0x00, 0x0F, 0xFC, 0x00, 0x00,
    0xFC, 0x00, 0x00, 0x08, 0x00, 0x00, 0x00, 0x00, 0x03, 0xFF, 0xFF, 0xF0, 0xFF, 0xFF, 0xFC, 0x3F,
    0xFF, 0xFF, 0x00, 0x00, 0xFF, 0x00, 0x00, 0xBF, 0x00, 0x00, 0x7F, 0x40, 0x00, 0x3F, 0x80, 0x00,
    0x3F, 0xC0, 0x00, 0x2F, 0xC0, 0x00, 0x0F, 0xD0, 0x00, 0x0F, 0xE0, 0x00, 0x07, 0xF0, 0x00, 0x03,
    0xFF, 0xFF, 0xF1, 0xFF, 0xFF, 0xFC, 0x7F, 0xFF, 0xFF, 0x00, 0x02, 0x02, 0x00, 0xBC, 0xF4, 0x03,
    0xFF, 0x00, 0x0F, 0xC0, 0x00, 0x20, 0x00, 0x00, 0x00, 0x3F, 0xFF, 0xF3, 0xFF, 0xFF, 0x3F, 0xFF,
    0xE0, 0x03, 0xF8, 0x00, 0xBE, 0x00, 0x2F, 0x80, 0x07, 0xF0, 0x01, 0xFC, 0x00, 0x3F, 0xFF, 0xF7,
    0xFF, 0xFF, 0x7F, 0xFF, 0xF0, 0x07, 0xFE, 0x0B, 0xFF, 0xC3, 0xFF, 0xE1, 0xFD, 0x00, 0xBE, 0x00,
    0x2F, 0x80, 0x0B, 0xE0, 0x02, 0xF8, 0x00, 0xBE, 0x00, 0x2F, 0x80, 0x0B, 0xE0, 0x02, 0xF8, 0x00,
    0xBE, 0x00, 0x2F, 0x80, 0x0B, 0xE0, 0x02, 0xF8, 0x00, 0x00, 0x00, 0x01, 0xF4, 0x00, 0x00, 0x07,
    0xE0, 0x07, 0xFE, 0x6F, 0x41, 0xFF, 0xFF, 0xFC, 0x1F, 0xFF, 0xFF, 0xD0, 0xFF, 0x40, 0xBF, 0x87,
    0xF4, 0x00, 0xBF, 0x2F, 0xC0, 0x00, 0xFD, 0xFE, 0x00, 0x03, 0xF7, 0xF4, 0x00, 0x0F, 0xEF, 0xE0,
    0x00, 0x3F, 0x6F, 0xC0, 0x00, 0xFD, 0x7F, 0x40, 0x0B, 0xF0, 0xFF, 0x40, 0xBF, 0x81, 0xFF, 0xFF,
    0xFC, 0x01, 0xFF, 0xFF, 0xC0, 0x00, 0xBF, 0xE4, 0x00, 0x00, 0x00, 0x0F, 0x80, 0x00, 0x03, 0xE0,
    0x0B, 0xF9, 0xF4, 0x1F, 0xFF, 0xFC, 0x1F, 0xFF, 0xFD, 0x0B, 0xF0, 0x7F, 0x43, 0xF4, 0x0B, 0xE0,
    0xFC, 0x01, 0xFC, 0x3F, 0x40, 0xBE, 0x0B, 0xF0, 0x7F, 0x81, 0xFF, 0xFF, 0xC0, 0x1F, 0xFF, 0xD0,
    0x01, 0xBF, 0x80, 0x00, 0x00, 0x00, 0x00, 0xFC, 0x00, 0x00, 0x07, 0xFB, 0xF0, 0x03, 0xFF, 0xAF,
    0xC0, 0x0F, 0xF8, 0xBF, 0x00, 0x3F, 0x42, 0xFC, 0x00, 0xFD, 0x0B, 0xF0, 0x03, 0xF4, 0x2F, 0xC0,
    0x0F, 0xD0, 0xBF, 0x00, 0x3F, 0x42, 0xFC, 0x00, 0xFD, 0x0B, 0xF0, 0x03, 0xF4, 0x2F, 0xC0, 0x0F,
    0xD0, 0x7F, 0x00, 0x3F, 0x00, 0xFE, 0x03, 0xFC, 0x02, 0xFF, 0xFF, 0xE0, 0x03, 0xFF, 0xFE, 0x00,
    0x01, 0xFF, 0x90, 0x00, 0x00, 0x00, 0x0F, 0x40, 0x00, 0x07, 0xDB, 0xE0, 0x3F, 0xF2, 0xF8, 0x0F,
    0xF0, 0xBE, 0x03, 0xF0, 0x2F, 0x80, 0xFC, 0x0B, 0xE0, 0x3F, 0x02, 0xF8, 0x0F, 0xC0, 0xBE, 0x03,
    0xF0, 0x1F, 0xC1, 0xFC, 0x03, 0xFF, 0xFF, 0x00, 0xBF, 0xFF, 0xC0, 0x07, 0xFF, 0x90, 0x00, 0x00,
    0x00, 0x00, 0x00, 0x14, 0x14, 0x00, 0x00, 0x00, 0x00, 0x03, 0xE7, 0xC0, 0x00, 0x00, 0x00, 0x00,
    0x1F, 0xF4, 0x00, 0x00, 0x00, 0x00, 0x00, 0x7D, 0x00, 0x00, 0x00, 0x00, 0x00, 0x01, 0x80, 0x02,
    0xFF, 0xF8, 0x00, 0x7F, 0xFF, 0xFD, 0x7F, 0xFF, 0xF8, 0x07, 0xFF, 0xFF, 0xD7, 0xFF, 0xFF, 0xF0,
    0x7F, 0xFF, 0xFD, 0x7F, 0x01, 0xFF, 0x80, 0x00, 0x7F, 0x87, 0xF0, 0x03, 0xFC, 0x00, 0x0F, 0xE0,
    0x7F, 0x00, 0x1F, 0xC0, 0x03, 0xFC, 0x07, 0xF0, 0x00, 0xFD, 0x00, 0xBF, 0x00, 0x7F, 0x00, 0x0F,
    0xD0, 0x1F, 0xD0, 0x07, 0xF0, 0x00, 0xFD, 0x03, 0xF8, 0x00, 0x7F, 0x00, 0x1F, 0xC0, 0xBF, 0x00,
    0x07, 0xF0, 0x03, 0xFC, 0x1F, 0xC0, 0x00, 0x7F, 0x01, 0xFF, 0x43, 0xF8, 0x00, 0x07, 0xFF, 0xFF,
    0xE0, 0xBF, 0xFF, 0xFE, 0x7F, 0xFF, 0xF8, 0x0F, 0xFF, 0xFF, 0xE2, 0xFF, 0xF8, 0x00, 0xFF, 0xFF,
    0xFE, 0x00, 0x00, 0x00, 0x00, 0x20, 0x20, 0x00, 0x00, 0x00, 0x00, 0xBC, 0xF8, 0x2F, 0xFF, 0x80,
    0x00, 0x3F, 0xF0, 0x7F, 0xFF, 0xF8, 0x00, 0x0F, 0xC0, 0x7F, 0xFF, 0xFF, 0x00, 0x02, 0x00, 0x7F,
    0x01, 0xFF, 0x80, 0x00, 0x00, 0x7F, 0x00, 0x3F, 0xC3, 0xFF, 0xFF, 0x7F, 0x00, 0x1F, 0xC3, 0xFF,
    0xFF, 0x7F, 0x00, 0x0F, 0xD3, 0xFF, 0xFE, 0x7F, 0x00, 0x0F, 0xD0, 0x02, 0xF8, 0x7F, 0x00, 0x0F,
    0xD0, 0x0B, 0xE0, 0x7F, 0x00, 0x1F, 0xC0, 0x2F, 0x80, 0x7F, 0x00, 0x3F, 0xC0, 0x7F, 0x00, 0x7F,
    0x01, 0xFF, 0x41, 0xFC, 0x00, 0x7F, 0xFF, 0xFE, 0x03, 0xFF, 0xFF, 0x7F, 0xFF, 0xF8, 0x07, 0xFF,
    0xFF, 0x2F, 0xFF, 0x80, 0x07, 0xFF, 0xFF, 0x00, 0x00, 0x00, 0x02, 0x02, 0x00, 0x00, 0x02, 0xB0,
    0x1F, 0x6F, 0x00, 0x00, 0x0F, 0xC0, 0x2F, 0xF0, 0x00, 0x00, 0x3F, 0x00, 0x2F, 0x00, 0x00, 0x00,
    0xFC, 0x00, 0x24, 0x00, 0x00, 0x03, 0xF0, 0x00, 0x00, 0x00, 0x1F, 0xEF, 0xC2, 0xFF, 0xFF, 0x42,
    0xFF, 0xFF, 0x0B, 0xFF, 0xFD, 0x1F, 0xFF, 0xFC, 0x2F, 0xFF, 0xF0, 0xFF, 0x03, 0xF0, 0x00, 0x7F,
    0x43, 0xF4, 0x0F, 0xC0, 0x03, 0xF4, 0x0F, 0xC0, 0x3F, 0x00, 0x3F, 0x40, 0x3F, 0x40, 0xFC, 0x03,
    0xF4, 0x00, 0xFF, 0x43, 0xF0, 0x3F, 0x40, 0x01, 0xFF, 0xFF, 0xC2, 0xFF, 0xFF, 0x42, 0xFF, 0xFF,
    0x0F, 0xFF, 0xFD, 0x01, 0xBF, 0xE8, 0x3F, 0xFF, 0xF4, 0x7F, 0x00, 0x00, 0x00, 0x3F, 0x5F, 0xC0,
    0x00, 0x00, 0x0F, 0xD7, 0xF0, 0x00, 0x00, 0x03, 0xF5, 0xFC, 0x00, 0x00, 0x00, 0xFD, 0x7F, 0x00,
    0x00, 0x00, 0x3F, 0x5F, 0xC0, 0x00, 0x00, 0x0F, 0xD7, 0xF0, 0x00, 0x00, 0x03, 0xF5, 0xFC, 0x00,
    0x00, 0x00, 0xFD, 0x7F, 0x00, 0x00, 0x00, 0x3F, 0x5F, 0xC0, 0x00, 0x00, 0x0F, 0xD7, 0xF0, 0x00,
    0x00, 0x03, 0xF5, 0xFC, 0x00, 0x02, 0x02, 0xFC, 0x7F, 0xFF, 0xF5, 0xFF, 0xFF, 0x1F, 0xFF, 0xFD,
    0xFF, 0xFF, 0x47, 0xFF, 0xFF, 0x4B, 0xFE, 0x00, 0x00, 0x00, 0x00, 0x7C, 0x7F, 0x00, 0x00, 0xFE,
    0x7F, 0x00, 0x00, 0xFE, 0x7F, 0x00, 0x00, 0x7C, 0x7F, 0x00, 0x00, 0x00, 0x7F, 0x00, 0x00, 0xFD,
    0x7F, 0x00, 0x00, 0xFD, 0x7F, 0x00, 0x00, 0xFD, 0x7F, 0x00, 0x00, 0xFD, 0x7F, 0x00, 0x00, 0xFD,
    0x7F, 0x00, 0x00, 0xFD, 0x7F, 0x00, 0x00, 0xFD, 0x7F, 0x00, 0x00, 0xFD, 0x7F, 0xFF, 0xF4, 0xFD,
    0x7F, 0xFF, 0xF4, 0xFD, 0x7F, 0xFF, 0xF4, 0xFD, 0x00, 0x00, 0x00, 0xFD, 0x00, 0x00, 0x1F, 0xFC,
    0x00, 0x00, 0x2F, 0xF8, 0x00, 0x00, 0x2F, 0xD0, 0x6E, 0x02, 0xE2, 0xF8, 0x0F, 0xDB, 0xE0, 0x3F,
    0x6F, 0x80, 0xB8, 0xBE, 0x00, 0x02, 0xF8, 0x0F, 0xCB, 0xE0, 0x3F, 0x2F, 0x80, 0xFC, 0xBE, 0x03,
    0xF2, 0xF8, 0x0F, 0xCB, 0xE0, 0x3F, 0x2F, 0x80, 0xFC, 0xBF, 0x03, 0xF1, 0xFF, 0x4F, 0xC3, 0xFC,
    0x3F, 0x02, 0xF0, 0xFC, 0x00, 0x07, 0xF0, 0x02, 0xFF, 0xC0, 0x0F, 0xFD, 0x00, 0x2F, 0xD0, 0x7F,
    0x00, 0x0F, 0xC0, 0x00, 0x3F, 0x5F, 0xE0, 0x03, 0xF0, 0x00, 0x0F, 0xD7, 0xFD, 0x00, 0xFC, 0x00,
    0x03, 0xF5, 0xFF, 0xC0, 0x3F, 0x00, 0x00, 0xFD, 0x7F, 0xFC, 0x0F, 0xC0, 0x00, 0x3F, 0x5F, 0xEF,
    0x83, 0xF0, 0x00, 0x0F, 0xD7, 0xF3, 0xF4, 0xFC, 0x00, 0x03, 0xF5, 0xFC, 0x3F, 0x3F, 0x00, 0x00,
    0xFD, 0x7F, 0x0B, 0xEF, 0xC0, 0x00, 0x3F, 0x5F, 0xC0, 0xFF, 0xF0, 0x00, 0x0F, 0xD7, 0xF0, 0x0F,
    0xFC, 0x00, 0x03, 0xF5, 0xFC, 0x02, 0xFF, 0x02, 0x42, 0xFC, 0x7F, 0x00, 0x3F, 0xC1, 0xFF, 0xFF,
    0x1F, 0xC0, 0x07, 0xF0, 0xFF, 0xFF, 0x47, 0xF0, 0x00, 0xFC, 0x0B, 0xFE, 0x00, 0x00, 0x00, 0x00,
    0x00, 0x7C, 0x7F, 0x00, 0x0F, 0xC0, 0xFE, 0x7F, 0x80, 0x0F, 0xC0, 0xFE, 0x7F, 0xD0, 0x0F, 0xC0,
    0x7C, 0x7F, 0xF0, 0x0F, 0xC0, 0x00, 0x7F, 0xFC, 0x0F, 0xC0, 0xBD, 0x7F, 0xBE, 0x0F, 0xC0, 0xBD,
    0x7F, 0x3F, 0x4F, 0xC0, 0xBD, 0x7F, 0x0F, 0xCF, 0xC0, 0xBD, 0x7F, 0x0B, 0xEF, 0xC0, 0xBD, 0x7F,
    0x03, 0xFF, 0xC0, 0xBD, 0x7F, 0x00, 0xFF, 0xC0, 0xBD, 0x7F, 0x00, 0xBF, 0xC0, 0xBD, 0x7F, 0x00,
    0x3F, 0xC0, 0xBD, 0x7F, 0x00, 0x1F, 0xC0, 0xBD, 0x7F, 0x00, 0x0F, 0xC0, 0xFD, 0x00, 0x00, 0x00,
    0x00, 0xFD, 0x00, 0x00, 0x00, 0x1F, 0xFC, 0x00, 0x00, 0x00, 0x2F, 0xF8, 0x00, 0x00, 0x00, 0x2F,
    0xE0, 0x00, 0x00, 0x00, 0x2E, 0x00, 0x00, 0x00, 0x1F, 0xC0, 0x00, 0x00, 0x07, 0xF0, 0x00, 0x00,
    0x00, 0xB8, 0x00, 0x00, 0x00, 0x00, 0x0B, 0xFF, 0x80, 0x0F, 0xCB, 0xFF, 0xFC, 0x03, 0xF2, 0xFF,
    0xFF, 0x80, 0xFC, 0xBE, 0x0B, 0xF0, 0x3F, 0x2F, 0x80, 0xFC, 0x0F, 0xCB, 0xE0, 0x3F, 0x03, 0xF2,
    0xF8, 0x0F, 0xC0, 0xFC, 0xBE, 0x03, 0xF0, 0x3F, 0x2F, 0x80, 0xFC, 0x0F, 0xCB, 0xE0, 0x3F, 0x03,
    0xF2, 0xF8, 0x0F, 0xC0, 0xFC, 0x00, 0x00, 0x00, 0xBF, 0x00, 0x00, 0x03, 0xFF, 0x80, 0x00, 0x00,
    0xFF, 0xC0, 0x00, 0x00, 0x3F, 0x80, 0x00, 0x20, 0x20, 0x00, 0x02, 0xF3, 0xE0, 0x00, 0x03, 0xFF,
    0x00, 0x00, 0x03, 0xF0, 0x00, 0x00, 0x02, 0x00, 0x00, 0x00, 0x00, 0x00, 0x00, 0x00, 0xFD, 0x00,
    0x00, 0x0B, 0xFC, 0x00, 0x00, 0x3F, 0xF0, 0x00, 0x02, 0xFF, 0xE0, 0x00, 0x0F, 0xDF, 0xC0, 0x00,
    0x7F, 0x3F, 0x40, 0x02, 0xF4, 0x7F, 0x00, 0x0F, 0xC0, 0xFC, 0x00, 0x7E, 0x02, 0xF8, 0x03, 0xFF,
    0xFF, 0xF0, 0x0F, 0xFF, 0xFF, 0xD0, 0xBF, 0xFF, 0xFF, 0x83, 0xF4, 0x00, 0x7F, 0x1F, 0xC0, 0x00,
    0xFD, 0xBF, 0x00, 0x02, 0xFC, 0x02, 0x42, 0x40, 0x0F, 0x6F, 0x00, 0x2F, 0xF4, 0x00, 0x2F, 0x40,
    0x00, 0x24, 0x00, 0x00, 0x00, 0x00, 0xBF, 0xE4, 0x03, 0xFF, 0xF4, 0x0F, 0xFF, 0xF0, 0x10, 0x0F,
    0xC0, 0x6F, 0xFF, 0x0B, 0xFF, 0xFD, 0x3F, 0x03, 0xF4, 0xFC, 0x0F, 0xD3, 0xFF, 0xFF, 0x4B, 0xFF,
    0xFD, 0x07, 0xFF, 0xE0, 0x20, 0x22, 0xF7, 0xD3, 0xFE, 0x03, 0xF0, 0x02, 0x00, 0x00, 0x01, 0xFC,
    0x07, 0xF0, 0x1F, 0xC0, 0x7F, 0x01, 0xFC, 0x07, 0xF0, 0x1F, 0xC0, 0x7F, 0x01, 0xFC, 0x07, 0xF0,
    0x1F, 0xC0, 0x7F, 0x01, 0xFC, 0x07, 0xF0, 0x1F, 0xC0, 0x14, 0x14, 0x3E, 0x7C, 0x1F, 0xF4, 0x07,
    0xE0, 0x01, 0x80, 0x00, 0x00, 0x0B, 0xE0, 0x0B, 0xE0, 0x0B, 0xE0, 0x0B, 0xE0, 0x0B, 0xE0, 0x0B,
    0xE0, 0x0B, 0xE0, 0x0B, 0xE0, 0x0B, 0xE0, 0x0B, 0xE0, 0x0B, 0xE0, 0x00, 0x20, 0x20, 0x00, 0x03,
    0xE7, 0xD0, 0x00, 0x03, 0xFE, 0x00, 0x00, 0x03, 0xE0, 0x00, 0x00, 0x02, 0x00, 0x00, 0x00, 0x00,
    0x00, 0x00, 0x07, 0xFE, 0x40, 0x01, 0xFF, 0xFF, 0xC0, 0x1F, 0xFF, 0xFF, 0xC0, 0xFF, 0x40, 0xBF,
    0x87, 0xF4, 0x00, 0xBF, 0x2F, 0xC0, 0x00, 0xFD, 0xFE, 0x00, 0x03, 0xF7, 0xF4, 0x00, 0x0F, 0xEF,
    0xE0, 0x00, 0x3F, 0x6F, 0xC0, 0x00, 0xFD, 0x7F, 0x40, 0x0B, 0xF0, 0xFF, 0x40, 0xBF, 0x81, 0xFF,
    0xFF, 0xFC, 0x01, 0xFF, 0xFF, 0xC0, 0x00, 0xBF, 0xE4, 0x00, 0x00, 0x80, 0x80, 0x02, 0xF7, 0xD0,
    0x00, 0xFF, 0x80, 0x00, 0x3F, 0x00, 0x00, 0x08, 0x00, 0x00, 0x00, 0x00, 0x00, 0xBF, 0x80, 0x07,
    0xFF, 0xF4, 0x1F, 0xFF, 0xFC, 0x2F, 0xC1, 0xFD, 0x3F, 0x40, 0xBE, 0x3F, 0x00, 0x7F, 0x3F, 0x40,
    0xBE, 0x2F, 0xC1, 0xFD, 0x1F, 0xFF, 0xFC, 0x07, 0xFF, 0xF4, 0x01, 0xBF, 0x80, 0x00, 0x80, 0x80,
    0x00, 0xBC, 0xF8, 0x00, 0x0F, 0xFC, 0x00, 0x00, 0xFC, 0x00, 0x00, 0x08, 0x00, 0x00, 0x00, 0x00,
    0x0B, 0xF0, 0x03, 0xF6, 0xFC, 0x00, 0xFD, 0xBF, 0x00, 0x3F, 0x6F, 0xC0, 0x0F, 0xDB, 0xF0, 0x03,
    0xF6, 0xFC, 0x00, 0xFD, 0xBF, 0x00, 0x3F, 0x6F, 0xC0, 0x0F, 0xDB, 0xF0, 0x03, 0xF6, 0xFC, 0x00,
    0xFD, 0x7F, 0x00, 0x3F, 0x0F, 0xE0, 0x3F, 0xC2, 0xFF, 0xFF, 0xE0, 0x3F, 0xFF, 0xE0, 0x01, 0xFF,
    0x90, 0x00, 0x06, 0x06, 0x00, 0xF9, 0xF0, 0x07, 0xFE, 0x00, 0x1F, 0x80, 0x00, 0x60, 0x00, 0x00,
    0x00, 0xBE, 0x03, 0xFB, 0xE0, 0x3F, 0xBE, 0x03, 0xFB, 0xE0, 0x3F, 0xBE, 0x03, 0xFB, 0xE0, 0x3F,
    0xBE, 0x03, 0xF7, 0xF0, 0x7F, 0x3F, 0xFF, 0xF2, 0xFF, 0xFF, 0x07, 0xFF, 0x90, 0x01, 0xFF, 0xC0,
    0x00, 0x7F, 0xF0, 0x00, 0x00, 0x00, 0x00, 0x0B, 0x4B, 0x40, 0x03, 0xE3, 0xE0, 0x00, 0xB4, 0xB4,
    0x00, 0x00, 0x00, 0x02, 0xFC, 0x00, 0xFD, 0xBF, 0x00, 0x3F, 0x6F, 0xC0, 0x0F, 0xDB, 0xF0, 0x03,
    0xF6, 0xFC, 0x00, 0xFD, 0xBF, 0x00, 0x3F, 0x6F, 0xC0, 0x0F, 0xDB, 0xF0, 0x03, 0xF6, 0xFC, 0x00,
    0xFD, 0xBF, 0x00, 0x3F, 0x5F, 0xC0, 0x0F, 0xC3, 0xF8, 0x0F, 0xF0, 0xBF, 0xFF, 0xF8, 0x0F, 0xFF,
    0xF8, 0x00, 0x7F, 0xE4, 0x00, 0x0B, 0xFF, 0x00, 0xBF, 0xF0, 0x00, 0x00, 0x00, 0xF0, 0xF0, 0x0F,
    0x4F, 0x40, 0xF0, 0xF0, 0x00, 0x00, 0x0B, 0xE0, 0x3F, 0xBE, 0x03, 0xFB, 0xE0, 0x3F, 0xBE, 0x03,
    0xFB, 0xE0, 0x3F, 0xBE, 0x03, 0xFB, 0xE0, 0x3F, 0x7F, 0x07, 0xF3, 0xFF, 0xFF, 0x2F, 0xFF, 0xF0,
    0x7F, 0xF9, 0x00, 0x02, 0x00, 0x00, 0x03, 0xD0, 0x00, 0x02, 0xF0, 0x00, 0x1D, 0xA3, 0xC0, 0x0F,
    0xC1, 0xF4, 0x01, 0xD0, 0x3C, 0x00, 0x00, 0x00, 0x02, 0xFC, 0x00, 0xFD, 0xBF, 0x00, 0x3F, 0x6F,
    0xC0, 0x0F, 0xDB, 0xF0, 0x03, 0xF6, 0xFC, 0x00, 0xFD, 0xBF, 0x00, 0x3F, 0x6F, 0xC0, 0x0F, 0xDB,
    0xF0, 0x03, 0xF6, 0xFC, 0x00, 0xFD, 0xBF, 0x00, 0x3F, 0x5F, 0xC0, 0x0F, 0xC3, 0xF8, 0x0F, 0xF0,
    0xBF, 0xFF, 0xF8, 0x0F, 0xFF, 0xF8, 0x00, 0x7F, 0xE4, 0x00, 0x00, 0x08, 0x00, 0x02, 0xF0, 0x00,
    0x3C, 0x00, 0x0F, 0x40, 0x2D, 0xA3, 0xC3, 0xE0, 0x7C, 0x2D, 0x03, 0xC0, 0x00, 0x00, 0xBE, 0x03,
    0xFB, 0xE0, 0x3F, 0xBE, 0x03, 0xFB, 0xE0, 0x3F, 0xBE, 0x03, 0xFB, 0xE0, 0x3F, 0xBE, 0x03, 0xF7,
    0xF0, 0x7F, 0x3F, 0xFF, 0xF2, 0xFF, 0xFF, 0x07, 0xFF, 0x90, 0x00, 0xA2, 0x40, 0x00, 0x2F, 0xD0,
    0x00, 0x79, 0xCF, 0x00, 0x2F, 0x03, 0xD0, 0x07, 0x80, 0xF0, 0x00, 0x00, 0x00, 0x0B, 0xF0, 0x03,
    0xF6, 0xFC, 0x00, 0xFD, 0xBF, 0x00, 0x3F, 0x6F, 0xC0, 0x0F, 0xDB, 0xF0, 0x03, 0xF6, 0xFC, 0x00,
    0xFD, 0xBF, 0x00, 0x3F, 0x6F, 0xC0, 0x0F, 0xDB, 0xF0, 0x03, 0xF6, 0xFC, 0x00, 0xFD, 0x7F, 0x00,
    0x3F, 0x0F, 0xE0, 0x3F, 0xC2, 0xFF, 0xFF, 0xE0, 0x3F, 0xFF, 0xE0, 0x01, 0xFF, 0x90, 0x00, 0x00,
    0x00, 0x00, 0xA0, 0xA0, 0x07, 0x9E, 0x00, 0x1F, 0x80, 0x2D, 0x63, 0xC3, 0xE0, 0x7C, 0x2D, 0x03,
    0xC0, 0x00, 0x00, 0xBE, 0x03, 0xFB, 0xE0, 0x3F, 0xBE, 0x03, 0xFB, 0xE0, 0x3F, 0xBE, 0x03, 0xFB,
    0xE0, 0x3F, 0xBE, 0x03, 0xF7, 0xF0, 0x7F, 0x3F, 0xFF, 0xF2, 0xFF, 0xFF, 0x07, 0xFF, 0x90, 0x00,
    0x20, 0x00, 0x00, 0x2D, 0x00, 0x00, 0x07, 0xD0, 0x00, 0x1E, 0x37, 0xC0, 0x0B, 0xC0, 0xF4, 0x01,
    0xE0, 0x3C, 0x00, 0x00, 0x00, 0x02, 0xFC, 0x00, 0xFD, 0xBF, 0x00, 0x3F, 0x6F, 0xC0, 0x0F, 0xDB,
    0xF0, 0x03, 0xF6, 0xFC, 0x00, 0xFD, 0xBF, 0x00, 0x3F, 0x6F, 0xC0, 0x0F, 0xDB, 0xF0, 0x03, 0xF6,
    0xFC, 0x00, 0xFD, 0xBF, 0x00, 0x3F, 0x5F, 0xC0, 0x0F, 0xC3, 0xF8, 0x0F, 0xF0, 0xBF, 0xFF, 0xF8,
    0x0F, 0xFF, 0xF8, 0x00, 0x7F, 0xE4, 0x00, 0x02, 0x00, 0x00, 0xBC, 0x00, 0x03, 0xD0, 0x00, 0x0F,
    0x00, 0x2D, 0x63, 0xC3, 0xE0, 0x7C, 0x2D, 0x03, 0xC0, 0x00, 0x00, 0xBE, 0x03, 0xFB, 0xE0, 0x3F,
    0xBE, 0x03, 0xFB, 0xE0, 0x3F, 0xBE, 0x03, 0xFB, 0xE0, 0x3F, 0xBE, 0x03, 0xF7, 0xF0, 0x7F, 0x3F,
    0xFF, 0xF2, 0xFF, 0xFF, 0x07, 0xFF, 0x90, 0x0B, 0xFE, 0x40, 0x1F, 0xFF, 0xE0, 0x0F, 0xFF, 0xF8,
    0x04, 0x07, 0xFC, 0x00, 0x00, 0xFC, 0x3F, 0xFF, 0xFD, 0x3F, 0xFF, 0xFC, 0x3F, 0x41, 0xFC, 0x2F,
    0xFF, 0xF8, 0x0F, 0xFF, 0xE0, 0x02, 0xFF, 0x40, 0x00, 0x3F, 0xF0, 0x00, 0x00, 0xFF, 0xC0, 0x00,
    0x00, 0x00, 0x00, 0x00, 0x1D, 0x1D, 0x00, 0x00, 0xFC, 0xFC, 0x00, 0x01, 0xD1, 0xD0, 0x00, 0x00,
    0x00, 0x00, 0x00, 0x03, 0xF4, 0x00, 0x00, 0x2F, 0xF0, 0x00, 0x00, 0xFF, 0xC0, 0x00, 0x0B, 0xFF,
    0x80, 0x00, 0x3F, 0x7F, 0x00, 0x01, 0xFC, 0xFD, 0x00, 0x0B, 0xD1, 0xFC, 0x00, 0x3F, 0x03, 0xF0,
    0x01, 0xF8, 0x0B, 0xE0, 0x0F, 0xFF, 0xFF, 0xC0, 0x3F, 0xFF, 0xFF, 0x42, 0xFF, 0xFF, 0xFE, 0x0F,
    0xD0, 0x01, 0xFC, 0x7F, 0x00, 0x03, 0xF6, 0xFC, 0x00, 0x0B, 0xF0, 0x03, 0xFF, 0x40, 0x0F, 0xFD,
    0x00, 0x00, 0x00, 0x01, 0xE1, 0xE0, 0x0B, 0xCB, 0xC0, 0x1E, 0x1E, 0x00, 0x00, 0x00, 0x02, 0xFF,
    0x90, 0x0F, 0xFF, 0xD0, 0x3F, 0xFF, 0xC0, 0x40, 0x3F, 0x01, 0xBF, 0xFC, 0x2F, 0xFF, 0xF4, 0xFC,
    0x0F, 0xD3, 0xF0, 0x3F, 0x4F, 0xFF, 0xFD, 0x2F, 0xFF, 0xF4, 0x1F, 0xFF, 0x80, 0x00, 0x3F, 0xF4,
    0x00, 0x00, 0xFF, 0xD0, 0x00, 0x00, 0x00, 0x00, 0x00, 0x01, 0xD0, 0x00, 0x00, 0x0F, 0xC0, 0x00,
    0x00, 0x1D, 0x00, 0x00, 0x00, 0x00, 0x00, 0x00, 0x03, 0xF4, 0x00, 0x00, 0x2F, 0xF0, 0x00, 0x00,
    0xFF, 0xC0, 0x00, 0x0B, 0xFF, 0x80, 0x00, 0x3F, 0x7F, 0x00, 0x01, 0xFC, 0xFD, 0x00, 0x0B, 0xD1,
    0xFC, 0x00, 0x3F, 0x03, 0xF0, 0x01, 0xF8, 0x0B, 0xE0, 0x0F, 0xFF, 0xFF, 0xC0, 0x3F, 0xFF, 0xFF,
    0x42, 0xFF, 0xFF, 0xFE, 0x0F, 0xD0, 0x01, 0xFC, 0x7F, 0x00, 0x03, 0xF6, 0xFC, 0x00, 0x0B, 0xF0,
    0x03, 0xFF, 0x40, 0x0F, 0xFD, 0x00, 0x00, 0x00, 0x00, 0x1E, 0x00, 0x00, 0xBC, 0x00, 0x01, 0xE0,
    0x00, 0x00, 0x00, 0x02, 0xFF, 0x90, 0x0F, 0xFF, 0xD0, 0x3F, 0xFF, 0xC0, 0x40, 0x3F, 0x01, 0xBF,
    0xFC, 0x2F, 0xFF, 0xF4, 0xFC, 0x0F, 0xD3, 0xF0, 0x3F, 0x4F, 0xFF, 0xFD, 0x2F, 0xFF, 0xF4, 0x1F,
    0xFF, 0x80, 0x00, 0x00, 0x3F, 0xFF, 0x00, 0x00, 0x00, 0x0F, 0xFF, 0xC0, 0x00, 0x00, 0x00, 0x00,
    0x00, 0x00, 0x00, 0x00, 0xFF, 0xFF, 0xF8, 0x00, 0x00, 0xFF, 0xFF, 0xFE, 0x00, 0x00, 0x7F, 0xFF,
    0xFF, 0x80, 0x00, 0x3F, 0xFD, 0x00, 0x00, 0x00, 0x2F, 0x6F, 0x40, 0x00, 0x00, 0x0F, 0xCB, 0xD0,
    0x00, 0x00, 0x0F, 0xD2, 0xFF, 0xFF, 0x00, 0x07, 0xF0, 0xBF, 0xFF, 0xC0, 0x03, 0xF4, 0x2F, 0xFF,
    0xF0, 0x02, 0xFF, 0xFF, 0xD0, 0x00, 0x00, 0xFF, 0xFF, 0xF4, 0x00, 0x00, 0xFF, 0xFF, 0xFD, 0x00,
    0x00, 0x7F, 0x40, 0x2F, 0xFF, 0xFC, 0x3F, 0x80, 0x0B, 0xFF, 0xFF, 0x2F, 0xC0, 0x02, 0xFF, 0xFF,
    0xC0, 0x00, 0x2F, 0xFF, 0x00, 0x00, 0x02, 0xFF, 0xF0, 0x00, 0x00, 0x00, 0x00, 0x00, 0x00, 0x00,
    0x00, 0x00, 0x00, 0x0B, 0xFE, 0x0B, 0xF8, 0x00, 0xFF, 0xFF, 0xFF, 0xF4, 0x0F, 0xFF, 0xFF, 0xFF,
    0xC0, 0x40, 0x3F, 0x80, 0xFC, 0x06, 0xFF, 0xFF, 0xFF, 0xD2, 0xFF, 0xFF, 0xFF, 0xFD, 0x3F, 0x02,
    0xF4, 0x00, 0x03, 0xF0, 0x1F, 0xD0, 0x10, 0x3F, 0xFF, 0xFF, 0xFF, 0x82, 0xFF, 0xFF, 0xFF, 0xF8,
    0x07, 0xFE, 0x5B, 0xFE, 0x40, 0x00, 0x7F, 0xF8, 0x00, 0x1F, 0xFF, 0xFC, 0x01, 0xFF, 0xFF, 0xE0,
    0x0F, 0xF4, 0x02, 0x40, 0x7F, 0x40, 0x00, 0x02, 0xFC, 0x00, 0x00, 0x0F, 0xE0, 0x01, 0x50, 0x3F,
    0x40, 0x0F, 0xD0, 0xFE, 0x03, 0xFF, 0xF2, 0xFC, 0x0F, 0xFF, 0xC7, 0xF4, 0x03, 0xF4, 0x0F, 0xF4,
    0x0F, 0xD0, 0x1F, 0xFF, 0xFF, 0x40, 0x1F, 0xFF, 0xFD, 0x00, 0x0B, 0xFF, 0xA0, 0x00, 0x01, 0xBF,
    0xE4, 0x02, 0xFF, 0xFF, 0x01, 0xFF, 0xFF, 0xC0, 0xFF, 0x03, 0xF0, 0x3F, 0x0B, 0xFF, 0x4F, 0xC2,
    0xFF, 0xD3, 0xF8, 0x1F, 0xC0, 0xBF, 0xFF, 0xF0, 0x0F, 0xFF, 0xFC, 0x00, 0xBF, 0xBF, 0x00, 0x00,
    0x0F, 0xC0, 0x10, 0x0F, 0xF0, 0x0F, 0xFF, 0xF4, 0x07, 0xFF, 0xF8, 0x00, 0xBF, 0xF4, 0x00, 0x00,
    0x20, 0x20, 0x00, 0x2F, 0x3D, 0x00, 0x03, 0xFF, 0x00, 0x00, 0x3F, 0x00, 0x00, 0x02, 0x00, 0x00,
    0x00, 0x00, 0x00, 0x07, 0xFF, 0x80, 0x1F, 0xFF, 0xFC, 0x1F, 0xFF, 0xFE, 0x0F, 0xF4, 0x02, 0x47,
    0xF4, 0x00, 0x02, 0xFC, 0x00, 0x00, 0xFE, 0x00, 0x00, 0x3F, 0x40, 0x0F, 0xDF, 0xE0, 0x03, 0xF6,
    0xFC, 0x00, 0xFD, 0x7F, 0x40, 0x3F, 0x4F, 0xF4, 0x0F, 0xD1, 0xFF, 0xFF, 0xF4, 0x1F, 0xFF, 0xFD,
    0x00, 0xBF, 0xFA, 0x00, 0x00, 0x80, 0x80, 0x07, 0xDF, 0x80, 0x0B, 0xFC, 0x00, 0x0F, 0xC0, 0x00,
    0x08, 0x00, 0x00, 0x00, 0x00, 0x1B, 0xFE, 0x42, 0xFF, 0xFF, 0x1F, 0xFF, 0xFC, 0xFF, 0x03, 0xF3,
    0xF4, 0x0F, 0xCF, 0xC0, 0x3F, 0x3F, 0x81, 0xFC, 0xBF, 0xFF, 0xF0, 0xFF, 0xFF, 0xC0, 0xBF, 0xBF,
    0x00, 0x00, 0xFC, 0x10, 0x0F, 0xF0, 0xFF, 0xFF, 0x47, 0xFF, 0xFC, 0x0B, 0xFF, 0x40, 0x00, 0x80,
    0x80, 0x00, 0x3E, 0x7D, 0x00, 0x00, 0xFF, 0x80, 0x00, 0x03, 0xE0, 0x00, 0x00, 0x18, 0x00, 0x00,
    0x00, 0x00, 0x00, 0x7F, 0x00, 0x7F, 0x47, 0xF0, 0x1F, 0xE0, 0x7F, 0x03, 0xF8, 0x07, 0xF0, 0xFE,
    0x00, 0x7F, 0x3F, 0x80, 0x07, 0xFF, 0xE0, 0x00, 0x7F, 0xFC, 0x00, 0x07, 0xFF, 0xD0, 0x00, 0x7F,
    0x7F, 0x40, 0x07, 0xF2, 0xFC, 0x00, 0x7F, 0x0F, 0xF0, 0x07, 0xF0, 0x7F, 0x80, 0x7F, 0x02, 0xFD,
    0x07, 0xF0, 0x0F, 0xF0, 0x7F, 0x00, 0x3F, 0xC0, 0x38, 0x74, 0x00, 0xBF, 0xD0, 0x00, 0x38, 0x00,
    0x00, 0x00, 0x00, 0x6E, 0x00, 0x02, 0xF8, 0x00, 0x0B, 0xE0, 0x00, 0x2F, 0x80, 0x00, 0xBE, 0x00,
    0x02, 0xF8, 0x1F, 0xDB, 0xE1, 0xFD, 0x2F, 0x9F, 0xD0, 0xBF, 0xFD, 0x02, 0xFF, 0xE0, 0x0B, 0xFF,
    0xD0, 0x2F, 0xAF, 0xC0, 0xBE, 0x3F, 0xC2, 0xF8, 0x3F, 0x4B, 0xE0, 0xBF, 0x2F, 0x80, 0xFE, 0x00,
    0x7F, 0xE4, 0x00, 0x1F, 0xFF, 0xFC, 0x01, 0xFF, 0xFF, 0xFC, 0x0F, 0xF4, 0x0B, 0xF8, 0x7F, 0x40,
    0x0B, 0xF2, 0xFC, 0x00, 0x0F, 0xDF, 0xE0, 0x00, 0x3F, 0x7F, 0x40, 0x00, 0xFE, 0xFE, 0x00, 0x03,
    0xF6, 0xFC, 0x00, 0x0F, 0xD7, 0xF4, 0x00, 0xBF, 0x0F, 0xF4, 0x0B, 0xF8, 0x1F, 0xFF, 0xFF, 0xC0,
    0x1F, 0xFF, 0xFC, 0x00, 0x0B, 0xFF, 0x40, 0x00, 0x01, 0xF0, 0x00, 0x00, 0x0F, 0x80, 0x00, 0x00,
    0x3F, 0xD0, 0x00, 0x00, 0x7F, 0x40, 0x00, 0x00, 0xBF, 0x80, 0x07, 0xFF, 0xF4, 0x1F, 0xFF, 0xFC,
    0x2F, 0xC1, 0xFD, 0x3F, 0x40, 0xBE, 0x3F, 0x00, 0x7F, 0x3F, 0x40, 0xBE, 0x2F, 0xC1, 0xFD, 0x1F,
    0xFF, 0xFC, 0x0B, 0xFF, 0xF4, 0x01, 0xBF, 0xC0, 0x00, 0x2F, 0x00, 0x00, 0x7C, 0x00, 0x00, 0xBF,
    0xC0, 0x00, 0x2F, 0xC0, 0x00, 0xFF, 0xF8, 0x00, 0x03, 0xFF, 0xE0, 0x00, 0x00, 0x00, 0x00, 0x00,
    0x1F, 0xF9, 0x00, 0x07, 0xFF, 0xFF, 0x00, 0x7F, 0xFF, 0xFF, 0x03, 0xFD, 0x02, 0xFE, 0x1F, 0xD0,
    0x02, 0xFC, 0xBF, 0x00, 0x03, 0xF7, 0xF8, 0x00, 0x0F, 0xDF, 0xD0, 0x00, 0x3F, 0xBF, 0x80, 0x00,
    0xFD, 0xBF, 0x00, 0x03, 0xF5, 0xFD, 0x00, 0x2F, 0xC3, 0xFD, 0x02, 0xFE, 0x07, 0xFF, 0xFF, 0xF0,
    0x07, 0xFF, 0xFF, 0x00, 0x02, 0xFF, 0xD0, 0x00, 0x00, 0x7C, 0x00, 0x00, 0x03, 0xE0, 0x00, 0x00,
    0x0F, 0xF4, 0x00, 0x00, 0x1F, 0xD0, 0x00, 0x03, 0xFF, 0xF0, 0x03, 0xFF, 0xF0, 0x00, 0x00, 0x00,
    0x00, 0x00, 0x00, 0x00, 0xBF, 0x80, 0x07, 0xFF, 0xF4, 0x1F, 0xFF, 0xFC, 0x2F, 0xC1, 0xFD, 0x3F,
    0x40, 0xBE, 0x3F, 0x00, 0x7F, 0x3F, 0x40, 0xBE, 0x2F, 0xC1, 0xFD, 0x1F, 0xFF, 0xFC, 0x0B, 0xFF,
    0xF4, 0x01, 0xBF, 0xC0, 0x00, 0x2F, 0x00, 0x00, 0x7C, 0x00, 0x00, 0xBF, 0xC0, 0x00, 0x2F, 0xC0,
    0x01, 0x81, 0x80, 0x03, 0xE7, 0xD0, 0x00, 0xFF, 0x80, 0x00, 0x7E, 0x00, 0x00, 0x18, 0x00, 0x00,
    0x00, 0x00, 0x3F, 0xFF, 0xFD, 0x3F, 0xFF, 0xFD, 0x3F, 0xFF, 0xFC, 0x00, 0x07, 0xF0, 0x00, 0x1F,
    0xC0, 0x00, 0x7F, 0x00, 0x00, 0xFF, 0xD0, 0x01, 0xFF, 0xFC, 0x00, 0x02, 0xFD, 0x00, 0x00, 0xFE,
    0x00, 0x00, 0xBE, 0x39, 0x01, 0xFE, 0x3F, 0xFF, 0xFC, 0x7F, 0xFF, 0xF4, 0x0B, 0xFF, 0x80, 0x06,
    0x06, 0x00, 0xF9, 0xF0, 0x07, 0xFE, 0x00, 0x1F, 0x80, 0x00, 0x60, 0x00, 0x00, 0x00, 0x00, 0x00,
    0x07, 0xFF, 0xFE, 0x7F, 0xFF, 0xE7, 0xFF, 0xFD, 0x00, 0x3F, 0x80, 0x0B, 0xE0, 0x02, 0xFC, 0x00,
    0x7F, 0xE0, 0x03, 0xFF, 0xC0, 0x01, 0xFE, 0x00, 0x07, 0xF0, 0x00, 0x7F, 0x10, 0x0F, 0xF7, 0xFF,
    0xFE, 0xBF, 0xFF, 0xC6, 0xFF, 0xD0, 0x06, 0x06, 0x03, 0xE7, 0xC0, 0x7F, 0xE0, 0x07, 0xE0, 0x00,
    0x60, 0x00, 0x00, 0x00, 0x2F, 0x80, 0x0B, 0xE0, 0x02, 0xF8, 0x00, 0xBE, 0x00, 0x2F, 0x80, 0x0B,
    0xE0, 0x02, 0xF8, 0x00, 0xBE, 0x00, 0x2F, 0x80, 0x0B, 0xE0, 0x02, 0xF8, 0x00, 0xFE, 0x03, 0xFF,
    0x41, 0xFF, 0xC0, 0x7F, 0x80, 0x00, 0x2F, 0xFF, 0x80, 0x07, 0xFF, 0xFF, 0xD7, 0xFF, 0xFF, 0x80,
    0x7F, 0xFF, 0xFD, 0x7F, 0xFF, 0xFF, 0x07, 0xFF, 0xFF, 0xD7, 0xF0, 0x1F, 0xF8, 0x00, 0x07, 0xF8,
    0x7F, 0x00, 0x3F, 0xC0, 0x00, 0xFE, 0x07, 0xF0, 0x01, 0xFC, 0x00, 0x3F, 0xC0, 0x7F, 0x00, 0x0F,
    0xD0, 0x0B, 0xF0, 0x07, 0xF0, 0x00, 0xFD, 0x01, 0xFD, 0x00, 0x7F, 0x00, 0x0F, 0xD0, 0x3F, 0x80,
    0x07, 0xF0, 0x01, 0xFC, 0x0B, 0xF0, 0x00, 0x7F, 0x00, 0x3F, 0xC1, 0xFC, 0x00, 0x07, 0xF0, 0x1F,
    0xF4, 0x3F, 0x80, 0x00, 0x7F, 0xFF, 0xFE, 0x0B, 0xFF, 0xFF, 0xE7, 0xFF, 0xFF, 0x80, 0xFF, 0xFF,
    0xFE, 0x2F, 0xFF, 0x80, 0x0F, 0xFF, 0xFF, 0xE0, 0x2F, 0xFF, 0x80, 0x00, 0x00, 0x00, 0x7F, 0xFF,
    0xF8, 0x00, 0x00, 0x00, 0x7F, 0xFF, 0xFF, 0x00, 0x00, 0x00, 0x7F, 0x01, 0xFF, 0x80, 0x00, 0x00,
    0x7F, 0x00, 0x3F, 0xC3, 0xFF, 0xFF, 0x7F, 0x00, 0x1F, 0xC3, 0xFF, 0xFF, 0x7F, 0x00, 0x0F, 0xD3,
    0xFF, 0xFE, 0x7F, 0x00, 0x0F, 0xD0, 0x02, 0xF8, 0x7F, 0x00, 0x0F, 0xD0, 0x0B, 0xE0, 0x7F, 0x00,
    0x1F, 0xC0, 0x2F, 0x80, 0x7F, 0x00, 0x3F, 0xC0, 0x7F, 0x00, 0x7F, 0x01, 0xFF, 0x41, 0xFC, 0x00,
    0x7F, 0xFF, 0xFE, 0x03, 0xFF, 0xFF, 0x7F, 0xFF, 0xF8, 0x07, 0xFF, 0xFF, 0x2F, 0xFF, 0x80, 0x07,
    0xFF, 0xFF, 0x00, 0x00, 0xAC, 0x00, 0x00, 0x00, 0x00, 0x03, 0xF0, 0x00, 0x00, 0x00, 0x00, 0x0F,
    0xC0, 0x00, 0x00, 0x00, 0x00, 0x3F, 0x00, 0x00, 0x00, 0x00, 0x00, 0xFC, 0x00, 0x00, 0x00, 0x07,
    0xFB, 0xF0, 0xBF, 0xFF, 0xD0, 0xBF, 0xFF, 0xC2, 0xFF, 0xFF, 0x47, 0xFF, 0xFF, 0x0B, 0xFF, 0xFC,
    0x3F, 0xC0, 0xFC, 0x00, 0x1F, 0xD0, 0xFD, 0x03, 0xF0, 0x00, 0xFD, 0x03, 0xF0, 0x0F, 0xC0, 0x0F,
    0xD0, 0x0F, 0xD0, 0x3F, 0x00, 0xFD, 0x00, 0x3F, 0xD0, 0xFC, 0x0F, 0xD0, 0x00, 0x7F, 0xFF, 0xF0,
    0xBF, 0xFF, 0xD0, 0xBF, 0xFF, 0xC3, 0xFF, 0xFF, 0x40, 0x6F, 0xFA, 0x0F, 0xFF, 0xFD, 0x00, 0x00,
    0x80, 0x00, 0x00, 0xF8, 0x00, 0x00, 0xBE, 0x00, 0x00, 0x7E, 0x00, 0x00, 0x0D, 0x00, 0x00, 0x00,
    0x00, 0x00, 0x07, 0xFF, 0x80, 0x1F, 0xFF, 0xFC, 0x1F, 0xFF, 0xFE, 0x0F, 0xF4, 0x02, 0x47, 0xF4,
    0x00, 0x02, 0xFC, 0x00, 0x00, 0xFE, 0x00, 0x00, 0x3F, 0x40, 0x0F, 0xDF, 0xE0, 0x03, 0xF6, 0xFC,
    0x00, 0xFD, 0x7F, 0x40, 0x3F, 0x4F, 0xF4, 0x0F, 0xD1, 0xFF, 0xFF, 0xF4, 0x1F, 0xFF, 0xFD, 0x00,
    0xBF, 0xFA, 0x00, 0x00, 0x00, 0x80, 0x00, 0x0F, 0x80, 0x00, 0xBE, 0x00, 0x07, 0xD0, 0x00, 0x0D,
    0x00, 0x00, 0x00, 0x00, 0x1B, 0xFE, 0x42, 0xFF, 0xFF, 0x1F, 0xFF, 0xFC, 0xFF, 0x03, 0xF3, 0xF4,
    0x0F, 0xCF, 0xC0, 0x3F, 0x3F, 0x81, 0xFC, 0xBF, 0xFF, 0xF0, 0xFF, 0xFF, 0xC0, 0xBF, 0xBF, 0x00,
    0x00, 0xFC, 0x10, 0x0F, 0xF0, 0xFF, 0xFF, 0x47, 0xFF, 0xFC, 0x0B, 0xFF, 0x40, 0x7F, 0x00, 0x2F,
    0x80, 0x00, 0x1F, 0xC0, 0x0B, 0xE0, 0x00, 0x07, 0xF0, 0x02, 0xF8, 0x00, 0x01, 0xFC, 0x00, 0xBE,
    0x00, 0xFC, 0x7F, 0x00, 0x2F, 0x80, 0x3F, 0x1F, 0xC0, 0x0B, 0xE0, 0x0F, 0xC7, 0xFF, 0xFF, 0xF8,
    0x03, 0xF1, 0xFF, 0xFF, 0xFE, 0x00, 0xFC, 0x7F, 0xFF, 0xFF, 0x80, 0x3F, 0x1F, 0xC0, 0x0B, 0xE0,
    0x1F, 0xC7, 0xF0, 0x02, 0xFC, 0x07, 0xF1, 0xFC, 0x00, 0x7F, 0x43, 0xFC, 0x7F, 0x00, 0x0F, 0xFF,
    0xFD, 0x1F, 0xC0, 0x02, 0xFF, 0xFF, 0x07, 0xF0, 0x00, 0x1B, 0xFD, 0x00, 0x06, 0xFF, 0x80, 0x1F,
    0xFF, 0xFE, 0x07, 0xFF, 0xFF, 0xD1, 0xFC, 0x07, 0xFC, 0x7F, 0x00, 0x7F, 0x1F, 0xC0, 0x0F, 0xC7,
    0xF0, 0x03, 0xF1, 0xFC, 0x01, 0xFC, 0x7F, 0x00, 0xFE, 0x1F, 0xC0, 0x7F, 0x47, 0xF0, 0xBF, 0x81,
    0xFD, 0xFF, 0x80, 0x7F, 0xFF, 0x80, 0x1F, 0xFF, 0x40, 0x07, 0xF9, 0x00, 0x01, 0xFC, 0x00, 0x00,
    0x7F, 0x00, 0x00, 0x1F, 0xC0, 0x00, 0x07, 0xF0, 0x00, 0x00, 0x00, 0x20, 0x00, 0x00, 0x0F, 0x80,
    0x00, 0x00, 0xFD, 0x00, 0x00, 0x02, 0xF0, 0x00, 0x00, 0x0A, 0x00, 0x00, 0x00, 0x00, 0x00, 0x7F,
    0x00, 0x0F, 0xC7, 0xF8, 0x00, 0xFC, 0x7F, 0xD0, 0x0F, 0xC7, 0xFF, 0x00, 0xFC, 0x7F, 0xFC, 0x0F,
    0xC7, 0xFB, 0xE0, 0xFC, 0x7F, 0x3F, 0x4F, 0xC7, 0xF0, 0xFC, 0xFC, 0x7F, 0x0B, 0xEF, 0xC7, 0xF0,
    0x3F, 0xFC, 0x7F, 0x00, 0xFF, 0xC7, 0xF0, 0x0B, 0xFC, 0x7F, 0x00, 0x3F, 0xC7, 0xF0, 0x01, 0xFC,
    0x7F, 0x00, 0x0F, 0xC0, 0x01, 0x40, 0x00, 0x7C, 0x00, 0x07, 0xF0, 0x00, 0x0F, 0x80, 0x00, 0x34,
    0x00, 0x00, 0x00, 0x2F, 0xFE, 0x0B, 0xFF, 0xFC, 0xBF, 0xFF, 0xEB, 0xE0, 0xBF, 0xBE, 0x03, 0xFB,
    0xE0, 0x3F, 0xBE, 0x03, 0xFB, 0xE0, 0x3F, 0xBE, 0x03, 0xFB, 0xE0, 0x3F, 0xBE, 0x03, 0xF0, 0x00,
    0x01, 0xC0, 0x00, 0x00, 0x3F, 0x40, 0x00, 0x00, 0xD0, 0x00, 0x00, 0x00, 0x00, 0x00, 0x00, 0x0F,
    0xC0, 0x00, 0x00, 0xB3, 0x80, 0x00, 0x02, 0xCE, 0x00, 0x00, 0x0B, 0xF8, 0x00, 0x00, 0x3F, 0xF0,
    0x00, 0x01, 0xFF, 0xD0, 0x00, 0x0F, 0xFF, 0xC0, 0x00, 0x3F, 0x7F, 0x40, 0x02, 0xFC, 0xFE, 0x00,
    0x0F, 0xD1, 0xFC, 0x00, 0x7F, 0x03, 0xF4, 0x02, 0xF8, 0x0B, 0xE0, 0x0F, 0xFF, 0xFF, 0xC0, 0x7F,
    0xFF, 0xFF, 0x42, 0xFF, 0xFF, 0xFF, 0x0F, 0xD0, 0x01, 0xFC, 0x7F, 0x00, 0x03, 0xF6, 0xFC, 0x00,
    0x0B, 0xF0, 0x00, 0x09, 0x00, 0x02, 0xE0, 0x00, 0x0D, 0x00, 0x00, 0x00, 0x00, 0x00, 0xBC, 0x00,
    0x07, 0x2C, 0x00, 0x1C, 0xB0, 0x00, 0x2F, 0x00, 0x00, 0x00, 0x00, 0x2F, 0xF9, 0x00, 0xFF, 0xFD,
    0x03, 0xFF, 0xFC, 0x04, 0x03, 0xF0, 0x1B, 0xFF, 0xC2, 0xFF, 0xFF, 0x4F, 0xC0, 0xFD, 0x3F, 0x03,
    0xF4, 0xFF, 0xFF, 0xD2, 0xFF, 0xFF, 0x41, 0xFF, 0xF8, 0x00, 0x00, 0x00, 0x20, 0x00, 0x00, 0x00,
    0x00, 0x1F, 0x00, 0x00, 0x00, 0x00, 0x0F, 0xC0, 0x00, 0x00, 0x00, 0x0F, 0xC0, 0x00, 0x00, 0x00,
    0x02, 0x80, 0x00, 0x00, 0x00, 0x00, 0x00, 0x00, 0x00, 0x00, 0x03, 0xFF, 0xFF, 0xE0, 0x00, 0x03,
    0xFF, 0xFF, 0xF8, 0x00, 0x01, 0xFF, 0xFF, 0xFE, 0x00, 0x00, 0xFF, 0xF4, 0x00, 0x00, 0x00, 0xBD,
    0xBD, 0x00, 0x00, 0x00, 0x3F, 0x2F, 0x40, 0x00, 0x00, 0x3F, 0x4B, 0xFF, 0xFC, 0x00, 0x1F, 0xC2,
    0xFF, 0xFF, 0x00, 0x0F, 0xD0, 0xBF, 0xFF, 0xC0, 0x0B, 0xFF, 0xFF, 0x40, 0x00, 0x03, 0xFF, 0xFF,
    0xD0, 0x00, 0x03, 0xFF, 0xFF, 0xF4, 0x00, 0x01, 0xFD, 0x00, 0xBF, 0xFF, 0xF0, 0xFE, 0x00, 0x2F,
    0xFF, 0xFC, 0xBF, 0x00, 0x0B, 0xFF, 0xFF, 0x00, 0x00, 0x00, 0x08, 0x00, 0x00, 0x00, 0x01, 0xF0,
    0x00, 0x00, 0x00, 0x7F, 0x00, 0x00, 0x00, 0x0F, 0x80, 0x00, 0x00, 0x00, 0xA0, 0x00, 0x00, 0x00,
    0x00, 0x00, 0x00, 0x0B, 0xFE, 0x0B, 0xF8, 0x00, 0xFF, 0xFF, 0xFF, 0xF4, 0x0F, 0xFF, 0xFF, 0xFF,
    0xC0, 0x40, 0x3F, 0x80, 0xFC, 0x06, 0xFF, 0xFF, 0xFF, 0xD2, 0xFF, 0xFF, 0xFF, 0xFD, 0x3F, 0x02,
    0xF4, 0x00, 0x03, 0xF0, 0x1F, 0xD0, 0x10, 0x3F, 0xFF, 0xFF, 0xFF, 0x82, 0xFF, 0xFF, 0xFF, 0xF8,
    0x07, 0xFE, 0x5B, 0xFE, 0x40, 0x00, 0x02, 0x40, 0x00, 0x00, 0x1F, 0x40, 0x00, 0x00, 0xFD, 0x00,
    0x00, 0x0B, 0xC0, 0x00, 0x00, 0x1C, 0x00, 0x40, 0x01, 0xFF, 0x9B, 0x80, 0x7F, 0xFF, 0xFD, 0x07,
    0xFF, 0xFF, 0xF0, 0x3F, 0xD0, 0x3F, 0xE1, 0xFD, 0x03, 0xFF, 0xCB, 0xF0, 0x2F, 0x7F, 0x7F, 0x81,
    0xF4, 0xFD, 0xFD, 0x0F, 0x83, 0xFB, 0xF8, 0xFC, 0x0F, 0xDB, 0xFB, 0xC0, 0x3F, 0x5F, 0xFD, 0x02,
    0xFC, 0x3F, 0xE0, 0x2F, 0xE0, 0x7F, 0xFF, 0xFF, 0x03, 0xFF, 0xFF, 0xF0, 0x0F, 0x5F, 0xF9, 0x00,
    0x04, 0x00, 0x00, 0x00, 0x00, 0x06, 0x00, 0x00, 0x0F, 0x40, 0x00, 0x3F, 0x40, 0x00, 0xBD, 0x00,
    0x00, 0x70, 0x00, 0x00, 0x00, 0x00, 0x00, 0xBF, 0xAD, 0x07, 0xFF, 0xFC, 0x1F, 0xFF, 0xFC, 0x2F,
    0xC3, 0xFD, 0x3F, 0x0F, 0xBE, 0x3F, 0x3E, 0x7F, 0x3F, 0xB8, 0x7E, 0x2F, 0xF1, 0xFD, 0x1F, 0xFF,
    0xFC, 0x0F, 0xFF, 0xF4, 0x2E, 0xBF, 0x80, 0x04, 0x00, 0x00, 0x01, 0xC0, 0xD0, 0x00, 0x0B, 0x8B,
    0xC0, 0x00, 0x0F, 0x4F, 0x80, 0x00, 0x1F, 0x0F, 0x00, 0x00, 0x28, 0x18, 0x00, 0x00, 0x00, 0x00,
    0x00, 0x00, 0xFD, 0x00, 0x00, 0x0B, 0xFC, 0x00, 0x00, 0x3F, 0xF0, 0x00, 0x02, 0xFF, 0xE0, 0x00,
    0x0F, 0xDF, 0xC0, 0x00, 0x7F, 0x3F, 0x40, 0x02, 0xF4, 0x7F, 0x00, 0x0F, 0xC0, 0xFC, 0x00, 0x7E,
    0x02, 0xF8, 0x03, 0xFF, 0xFF, 0xF0, 0x0F, 0xFF, 0xFF, 0xD0, 0xBF, 0xFF, 0xFF, 0x83, 0xF4, 0x00,
    0x7F, 0x1F, 0xC0, 0x00, 0xFD, 0xBF, 0x00, 0x02, 0xFC, 0x1C, 0x1C, 0x00, 0xF8, 0xBC, 0x00, 0xF0,
    0xF4, 0x01, 0xF0, 0xF0, 0x02, 0x41, 0x80, 0x00, 0x00, 0x00, 0xBF, 0xE4, 0x03, 0xFF, 0xF4, 0x0F,
    0xFF, 0xF0, 0x10, 0x0F, 0xC0, 0x6F, 0xFF, 0x0B, 0xFF, 0xFD, 0x3F, 0x03, 0xF4, 0xFC, 0x0F, 0xD3,
    0xFF, 0xFF, 0x4B, 0xFF, 0xFD, 0x07, 0xFF, 0xE0, 0x00, 0x1F, 0xD0, 0x00, 0x01, 0xFF, 0xE0, 0x00,
    0x0F, 0x87, 0xC0, 0x00, 0x00, 0x00, 0x00, 0x00, 0x0F, 0xD0, 0x00, 0x00, 0xBF, 0xC0, 0x00, 0x03,
    0xFF, 0x00, 0x00, 0x2F, 0xFE, 0x00, 0x00, 0xFD, 0xFC, 0x00, 0x07, 0xF3, 0xF4, 0x00, 0x2F, 0x47,
    0xF0, 0x00, 0xFC, 0x0F, 0xC0, 0x07, 0xE0, 0x2F, 0x80, 0x3F, 0xFF, 0xFF, 0x00, 0xFF, 0xFF, 0xFD,
    0x0B, 0xFF, 0xFF, 0xF8, 0x3F, 0x40, 0x07, 0xF1, 0xFC, 0x00, 0x0F, 0xDB, 0xF0, 0x00, 0x2F, 0xC0,
    0x01, 0xFE, 0x00, 0x0F, 0xFE, 0x00, 0xB8, 0x7C, 0x00, 0x00, 0x00, 0x0B, 0xFE, 0x40, 0x3F, 0xFF,
    0x40, 0xFF, 0xFF, 0x01, 0x00, 0xFC, 0x06, 0xFF, 0xF0, 0xBF, 0xFF, 0xD3, 0xF0, 0x3F, 0x4F, 0xC0,
    0xFD, 0x3F, 0xFF, 0xF4, 0xBF, 0xFF, 0xD0, 0x7F, 0xFE, 0x00, 0x1C, 0x09, 0x00, 0xB8, 0xBC, 0x00,
    0xF4, 0xF8, 0x01, 0xF0, 0xF0, 0x02, 0x81, 0x80, 0x00, 0x00, 0x07, 0xFF, 0xFF, 0x9F, 0xFF, 0xFE,
    0x7F, 0xFF, 0xF9, 0xFC, 0x00, 0x07, 0xF0, 0x00, 0x1F, 0xC0, 0x00, 0x7F, 0xFF, 0xF1, 0xFF, 0xFF,
    0xC7, 0xFF, 0xFF, 0x1F, 0xC0, 0x00, 0x7F, 0x00, 0x01, 0xFC, 0x00, 0x07, 0xFF, 0xFF, 0xDF, 0xFF,
    0xFF, 0x7F, 0xFF, 0xFC, 0x06, 0x07, 0x00, 0x0F, 0x4B, 0x80, 0x07, 0xC3, 0xD0, 0x02, 0xE1, 0xF0,
    0x00, 0x90, 0xA0, 0x00, 0x00, 0x00, 0x00, 0xBF, 0x80, 0x07, 0xFF, 0xF0, 0x0F, 0xFF, 0xFC, 0x2F,
    0x80, 0xFC, 0x3F, 0xFF, 0xFD, 0x3F, 0xFF, 0xFD, 0x3F, 0x40, 0x00, 0x3F, 0xD0, 0x10, 0x1F, 0xFF,
    0xF4, 0x0B, 0xFF, 0xF8, 0x01, 0xBF, 0xE4, 0x01, 0xFE, 0x00, 0x1F, 0xFE, 0x00, 0xB8, 0x7C, 0x00,
    0x00, 0x00, 0x7F, 0xFF, 0xF9, 0xFF, 0xFF, 0xE7, 0xFF, 0xFF, 0x9F, 0xC0, 0x00, 0x7F, 0x00, 0x01,
    0xFC, 0x00, 0x07, 0xFF, 0xFF, 0x1F, 0xFF, 0xFC, 0x7F, 0xFF, 0xF1, 0xFC, 0x00, 0x07, 0xF0, 0x00,
    0x1F, 0xC0, 0x00, 0x7F, 0xFF, 0xFD, 0xFF, 0xFF, 0xF7, 0xFF, 0xFF, 0xC0, 0x00, 0xBF, 0x40, 0x02,
    0xFF, 0xD0, 0x03, 0xD2, 0xE0, 0x00, 0x00, 0x00, 0x00, 0xBF, 0x80, 0x07, 0xFF, 0xF0, 0x0F, 0xFF,
    0xFC, 0x2F, 0x80, 0xFC, 0x3F, 0xFF, 0xFD, 0x3F, 0xFF, 0xFD, 0x3F, 0x40, 0x00, 0x3F, 0xD0, 0x10,
    0x1F, 0xFF, 0xF4, 0x0B, 0xFF, 0xF8, 0x01, 0xBF, 0xE4, 0x28, 0x1C, 0x03, 0xD3, 0xE0, 0x1F, 0x0F,
    0x00, 0xB8, 0x7C, 0x03, 0x42, 0x40, 0x00, 0x00, 0x01, 0xFC, 0x00, 0x1F, 0xC0, 0x01, 0xFC, 0x00,
    0x1F, 0xC0, 0x01, 0xFC, 0x00, 0x1F, 0xC0, 0x01, 0xFC, 0x00, 0x1F, 0xC0, 0x01, 0xFC, 0x00, 0x1F,
    0xC0, 0x01, 0xFC, 0x00, 0x1F, 0xC0, 0x01, 0xFC, 0x00, 0x1F, 0xC0, 0x01, 0xFC, 0x00, 0x24, 0x28,
    0x1F, 0x0F, 0x42, 0xE1, 0xF0, 0x3D, 0x2E, 0x02, 0x03, 0x40, 0x00, 0x00, 0x2F, 0x80, 0x0B, 0xE0,
    0x02, 0xF8, 0x00, 0xBE, 0x00, 0x2F, 0x80, 0x0B, 0xE0, 0x02, 0xF8, 0x00, 0xBE, 0x00, 0x2F, 0x80,
    0x0B, 0xE0, 0x02, 0xF8, 0x00, 0x0B, 0xF4, 0x2F, 0xFD, 0x3D, 0x2E, 0x00, 0x00, 0x07, 0xF0, 0x07,
    0xF0, 0x07, 0xF0, 0x07, 0xF0, 0x07, 0xF0, 0x07, 0xF0, 0x07, 0xF0, 0x07, 0xF0, 0x07, 0xF0, 0x07,
    0xF0, 0x07, 0xF0, 0x07, 0xF0, 0x07, 0xF0, 0x07, 0xF0, 0x07, 0xF0, 0x0B, 0xE0, 0x3F, 0xFC, 0x7C,
    0x3D, 0x00, 0x00, 0x0B, 0xE0, 0x0B, 0xE0, 0x0B, 0xE0, 0x0B, 0xE0, 0x0B, 0xE0, 0x0B, 0xE0, 0x0B,
    0xE0, 0x0B, 0xE0, 0x0B, 0xE0, 0x0B, 0xE0, 0x0B, 0xE0, 0x02, 0x42, 0x80, 0x00, 0x1F, 0x0F, 0x40,
    0x00, 0x2E, 0x1F, 0x00, 0x00, 0x3D, 0x2E, 0x00, 0x00, 0x30, 0x24, 0x00, 0x00, 0x00, 0x00, 0x00,
    0x07, 0xFE, 0x40, 0x01, 0xFF, 0xFF, 0xC0, 0x1F, 0xFF, 0xFF, 0xC0, 0xFF, 0x40, 0xBF, 0x87, 0xF4,
    0x00, 0xBF, 0x2F, 0xC0, 0x00, 0xFD, 0xFE, 0x00, 0x03, 0xF7, 0xF4, 0x00, 0x0F, 0xEF, 0xE0, 0x00,
    0x3F, 0x6F, 0xC0, 0x00, 0xFD, 0x7F, 0x40, 0x0B, 0xF0, 0xFF, 0x40, 0xBF, 0x81, 0xFF, 0xFF, 0xFC,
    0x01, 0xFF, 0xFF, 0xC0, 0x00, 0xBF, 0xE4, 0x00, 0x06, 0x07, 0x00, 0x0F, 0x4B, 0x80, 0x07, 0xC3,
    0xD0, 0x02, 0xE1, 0xF0, 0x00, 0x90, 0xA0, 0x00, 0x00, 0x00, 0x00, 0xBF, 0x80, 0x07, 0xFF, 0xF4,
    0x1F, 0xFF, 0xFC, 0x2F, 0xC1, 0xFD, 0x3F, 0x40, 0xBE, 0x3F, 0x00, 0x7F, 0x3F, 0x40, 0xBE, 0x2F,
    0xC1, 0xFD, 0x1F, 0xFF, 0xFC, 0x07, 0xFF, 0xF4, 0x01, 0xBF, 0x80, 0x00, 0x2F, 0xD0, 0x00, 0x02,
    0xFF, 0xD0, 0x00, 0x0F, 0x4B, 0x80, 0x00, 0x00, 0x00, 0x00, 0x00, 0x7F, 0xE4, 0x00, 0x1F, 0xFF,
    0xFC, 0x01, 0xFF, 0xFF, 0xFC, 0x0F, 0xF4, 0x0B, 0xF8, 0x7F, 0x40, 0x0B, 0xF2, 0xFC, 0x00, 0x0F,
    0xDF, 0xE0, 0x00, 0x3F, 0x7F, 0x40, 0x00, 0xFE, 0xFE, 0x00, 0x03, 0xF6, 0xFC, 0x00, 0x0F, 0xD7,
    0xF4, 0x00, 0xBF, 0x0F, 0xF4, 0x0B, 0xF8, 0x1F, 0xFF, 0xFF, 0xC0, 0x1F, 0xFF, 0xFC, 0x00, 0x0B,
    0xFE, 0x40, 0x00, 0x00, 0xBF, 0x40, 0x02, 0xFF, 0xD0, 0x03, 0xD2, 0xE0, 0x00, 0x00, 0x00, 0x00,
    0xBF, 0x80, 0x07, 0xFF, 0xF4, 0x1F, 0xFF, 0xFC, 0x2F, 0xC1, 0xFD, 0x3F, 0x40, 0xBE, 0x3F, 0x00,
    0x7F, 0x3F, 0x40, 0xBE, 0x2F, 0xC1, 0xFD, 0x1F, 0xFF, 0xFC, 0x07, 0xFF, 0xF4, 0x01, 0xBF, 0x80,
    0x18, 0x1C, 0x00, 0x0F, 0x4B, 0x80, 0x00, 0xF0, 0xF4, 0x00, 0x1E, 0x0F, 0x00, 0x02, 0x41, 0x80,
    0x0B, 0xFF, 0x90, 0x07, 0xFF, 0xFF, 0x41, 0xFF, 0xFF, 0xF0, 0x7F, 0x02, 0xFD, 0x1F, 0xC0, 0x3F,
    0x87, 0xF0, 0x0F, 0xE1, 0xFC, 0x0B, 0xF8, 0x7F, 0xFF, 0xFC, 0x1F, 0xFF, 0xFD, 0x07, 0xFF, 0xFC,
    0x01, 0xFC, 0x3F, 0xC0, 0x7F, 0x07, 0xF8, 0x1F, 0xC0, 0xBF, 0x07, 0xF0, 0x0F, 0xF1, 0xFC, 0x01,
    0xFD, 0x70, 0x24, 0x2F, 0x1F, 0x03, 0xD2, 0xE0, 0x3C, 0x3D, 0x06, 0x02, 0x00, 0x00, 0x00, 0x6F,
    0xF4, 0xBF, 0xFD, 0x2F, 0xFF, 0x4B, 0xE0, 0x02, 0xF8, 0x00, 0xBE, 0x00, 0x2F, 0x80, 0x0B, 0xE0,
    0x02, 0xF8, 0x00, 0xBE, 0x00, 0x2F, 0x80, 0x00, 0x01, 0xFE, 0x00, 0x00, 0xFF, 0xF0, 0x00, 0xB8,
    0x3C, 0x00, 0x00, 0x00, 0x00, 0x2F, 0xFE, 0x40, 0x1F, 0xFF, 0xFD, 0x07, 0xFF, 0xFF, 0xC1, 0xFC,
    0x0B, 0xF4, 0x7F, 0x00, 0xFE, 0x1F, 0xC0, 0x3F, 0x87, 0xF0, 0x2F, 0xE1, 0xFF, 0xFF, 0xF0, 0x7F,
    0xFF, 0xF4, 0x1F, 0xFF, 0xF0, 0x07, 0xF0, 0xFF, 0x01, 0xFC, 0x1F, 0xE0, 0x7F, 0x02, 0xFC, 0x1F,
    0xC0, 0x3F, 0xC7, 0xF0, 0x07, 0xF4, 0x0B, 0xE0, 0x3F, 0xFC, 0x3C, 0x3E, 0x00, 0x00, 0x1B, 0xFD,
    0xBF, 0xFD, 0xBF, 0xFD, 0xBE, 0x00, 0xBE, 0x00, 0xBE, 0x00, 0xBE, 0x00, 0xBE, 0x00, 0xBE, 0x00,
    0xBE, 0x00, 0xBE, 0x00, 0x0A, 0x07, 0x00, 0x03, 0xD3, 0xE0, 0x00, 0x7C, 0x3C, 0x00, 0x0B, 0x87,
    0xC0, 0x00, 0xD0, 0x90, 0x00, 0x00, 0x00, 0x0B, 0xF0, 0x03, 0xF6, 0xFC, 0x00, 0xFD, 0xBF, 0x00,
    0x3F, 0x6F, 0xC0, 0x0F, 0xDB, 0xF0, 0x03, 0xF6, 0xFC, 0x00, 0xFD, 0xBF, 0x00, 0x3F, 0x6F, 0xC0,
    0x0F, 0xDB, 0xF0, 0x03, 0xF6, 0xFC, 0x00, 0xFD, 0x7F, 0x00, 0x3F, 0x0F, 0xE0, 0x3F, 0xC2, 0xFF,
    0xFF, 0xE0, 0x3F, 0xFF, 0xE0, 0x01, 0xFF, 0x90, 0x00, 0x30, 0x24, 0x0B, 0xC7, 0xC0, 0x3D, 0x2E,
    0x00, 0xF0, 0xF4, 0x06, 0x03, 0x00, 0x00, 0x00, 0xBE, 0x03, 0xFB, 0xE0, 0x3F, 0xBE, 0x03, 0xFB,
    0xE0, 0x3F, 0xBE, 0x03, 0xFB, 0xE0, 0x3F, 0xBE, 0x03, 0xF7, 0xF0, 0x7F, 0x3F, 0xFF, 0xF2, 0xFF,
    0xFF, 0x07, 0xFF, 0x90, 0x00, 0x7F, 0x40, 0x00, 0xBF, 0xF4, 0x00, 0x3D, 0x2F, 0x00, 0x00, 0x00,
    0x00, 0xBF, 0x00, 0x3F, 0x6F, 0xC0, 0x0F, 0xDB, 0xF0, 0x03, 0xF6, 0xFC, 0x00, 0xFD, 0xBF, 0x00,
    0x3F, 0x6F, 0xC0, 0x0F, 0xDB, 0xF0, 0x03, 0xF6, 0xFC, 0x00, 0xFD, 0xBF, 0x00, 0x3F, 0x6F, 0xC0,
    0x0F, 0xD7, 0xF0, 0x03, 0xF0, 0xFE, 0x03, 0xFC, 0x2F, 0xFF, 0xFE, 0x03, 0xFF, 0xFE, 0x00, 0x1F,
    0xF9, 0x00, 0x02, 0xF8, 0x00, 0xFF, 0xF0, 0x0F, 0x0F, 0x40, 0x00, 0x00, 0xBE, 0x03, 0xFB, 0xE0,
    0x3F, 0xBE, 0x03, 0xFB, 0xE0, 0x3F, 0xBE, 0x03, 0xFB, 0xE0, 0x3F, 0xBE, 0x03, 0xF7, 0xF0, 0x7F,
    0x3F, 0xFF, 0xF2, 0xFF, 0xFF, 0x07, 0xFF, 0x90, 0x01, 0xFF, 0xD0, 0x0F, 0xFF, 0xF8, 0x2F, 0xFF,
    0xF0, 0x3F, 0x80, 0x60, 0x3F, 0x40, 0x00, 0x3F, 0xD0, 0x00, 0x0F, 0xFE, 0x40, 0x03, 0xFF, 0xE0,
    0x00, 0x6F, 0xFC, 0x00, 0x02, 0xFC, 0x00, 0x00, 0xFD, 0x19, 0x01, 0xFD, 0x3F, 0xFF, 0xFC, 0x3F,
    0xFF, 0xF4, 0x0B, 0xFF, 0x80, 0x00, 0x00, 0x00, 0x00, 0x3D, 0x00, 0x00, 0x7D, 0x00, 0x02, 0xFC,
    0x00, 0x01, 0xF4, 0x00, 0x02, 0xFF, 0x40, 0xFF, 0xF8, 0x2F, 0xFF, 0x43, 0xF4, 0x10, 0x3F, 0xFE,
    0x41, 0xFF, 0xFC, 0x06, 0xBF, 0xC1, 0x40, 0xFD, 0x3F, 0xFF, 0xC3, 0xFF, 0xF8, 0x2F, 0xFD, 0x00,
    0x00, 0x00, 0x00, 0xF4, 0x00, 0x1F, 0x40, 0x0B, 0xF0, 0x00, 0xBD, 0x00, 0xBF, 0xFF, 0xFF, 0x6F,
    0xFF, 0xFF, 0xDB, 0xFF, 0xFF, 0xF4, 0x00, 0xFC, 0x00, 0x00, 0x3F, 0x00, 0x00, 0x0F, 0xC0, 0x00,
    0x03, 0xF0, 0x00, 0x00, 0xFC, 0x00, 0x00, 0x3F, 0x00, 0x00, 0x0F, 0xC0, 0x00, 0x03, 0xF0, 0x00,
    0x00, 0xFC, 0x00, 0x00, 0x3F, 0x00, 0x00, 0x0F, 0xC0, 0x00, 0x03, 0xF0, 0x00, 0x00, 0x00, 0x00,
    0x00, 0x3E, 0x00, 0x00, 0x0F, 0x80, 0x00, 0x1F, 0xD0, 0x00, 0x07, 0xD0, 0x00, 0x6D, 0x00, 0xBE,
    0x00, 0xBE, 0x00, 0xBF, 0xFD, 0xBF, 0xFD, 0xBF, 0xFD, 0xBE, 0x00, 0xBE, 0x00, 0xBE, 0x00, 0xBE,
    0x00, 0xBF, 0x00, 0x7F, 0xFD, 0x3F, 0xFE, 0x0B, 0xFD, 0x00, 0x00, 0x03, 0xE0, 0x03, 0xE0, 0x1F,
    0xD0, 0x1F, 0x40, 0x1F, 0xFE, 0x01, 0xFF, 0xFF, 0x03, 0xFF, 0xFF, 0x05, 0x03, 0xFC, 0x00, 0x03,
    0xF0, 0x00, 0x1F, 0xC0, 0x01, 0xFF, 0x02, 0xFF, 0xF0, 0x0B, 0xFF, 0x80, 0x2F, 0xFF, 0x80, 0x01,
    0xFF, 0x40, 0x00, 0xFE, 0x00, 0x02, 0xFC, 0x00, 0x0B, 0xF0, 0x00, 0x3F, 0x80, 0x0B, 0xFC, 0x7F,
    0xFF, 0xE2, 0xFF, 0xFD, 0x0B, 0xFE, 0x40, 0x00, 0x6F, 0xF8, 0x07, 0xFF, 0xF0, 0x3F, 0xFF, 0x81,
    0x02, 0xF8, 0x00, 0x3F, 0x40, 0xBF, 0xE0, 0x0B, 0xFD, 0x00, 0xBF, 0xF4, 0x00, 0x2F, 0xC0, 0x00,
    0xFC, 0x00, 0x1F, 0xC0, 0x1B, 0xF8, 0xFF, 0xFF, 0x0B, 0xFF, 0xC0, 0xBE, 0x80, 0x00, 0x00, 0x80,
    0x80, 0x00, 0x7D, 0xBC, 0x00, 0x0B, 0xFC, 0x00, 0x00, 0xBC, 0x00, 0x00, 0x08, 0x00, 0x00, 0x00,
    0x00, 0x07, 0xF0, 0x02, 0xF9, 0xFC, 0x00, 0xBE, 0x7F, 0x00, 0x2F, 0x9F, 0xC0, 0x0B, 0xE7, 0xF0,
    0x02, 0xF9, 0xFC, 0x00, 0xBE, 0x7F, 0xFF, 0xFF, 0x9F, 0xFF, 0xFF, 0xE7, 0xFF, 0xFF, 0xF9, 0xFC,
    0x00, 0xBE, 0x7F, 0x00, 0x2F, 0x9F, 0xC0, 0x0B, 0xE7, 0xF0, 0x02, 0xF9, 0xFC, 0x00, 0xBE, 0x7F,
    0x00, 0x2F, 0x80, 0x38, 0x74, 0x02, 0xFF, 0x40, 0x03, 0x80, 0x00, 0x00, 0x00, 0x6E, 0x00, 0x0B,
    0xE0, 0x00, 0xBE, 0x00, 0x0B, 0xE0, 0x00, 0xBE, 0x00, 0x0B, 0xFF, 0xE0, 0xBF, 0xFF, 0xCB, 0xFF,
    0xFE, 0xBE, 0x0B, 0xFB, 0xE0, 0x3F, 0xBE, 0x03, 0xFB, 0xE0, 0x3F, 0xBE, 0x03, 0xFB, 0xE0, 0x3F,
    0xBE, 0x03, 0xFB, 0xE0, 0x3F, 0x1A, 0x40, 0x0F, 0xC0, 0x03, 0xF0, 0x00, 0xBC, 0x01, 0xA4, 0x0F,
    0xC0, 0xFC, 0x0F, 0x80, 0x01, 0xA4, 0x01, 0xFF, 0x00, 0xF6, 0xF0, 0xF4, 0x2E, 0x00, 0x00, 0x07,
    0xE0, 0xE3, 0xFF, 0xF5, 0xD1, 0xF8, 0x15, 0x54, 0x7F, 0xFD, 0x7F, 0xFD, 0x60, 0x09, 0xBD, 0xBE,
    0x3F, 0xFC, 0x0B, 0xE0, 0x7D, 0xBE, 0x7D, 0x10, 0x04, 0xBC, 0x3E, 0x78, 0x3D, 0x2F, 0x4B, 0x6C,
    0xB0, 0xDB, 0x2C, 0x3F, 0x40, 0x00, 0x0B, 0xE3, 0xF0, 0x7D, 0x3E, 0x03, 0xC2, 0xD0, 0x00, 0x24,
    0x02, 0x42, 0xF0, 0xF4, 0x0B, 0xFE, 0x00, 0x3F, 0xC0, 0x0B, 0xE0, 0x3F, 0xFC, 0x7C, 0x3D, 0x1F,
    0x0F, 0x83, 0xE2, 0xF4, 0xFC, 0x00, 0x00, 0x3E, 0x7C, 0xB8, 0x0E, 0x01, 0xF8, 0x03, 0xC7, 0xFC,
    0x7F, 0x40, 0x07, 0x01, 0xE0, 0x3C, 0x03, 0xE8, 0x3F, 0xC0, 0xFC, 0x00, 0x90, 0x00, 0x0B, 0xC0,
    0x00, 0x1F, 0xC0, 0x00, 0x1F, 0x80, 0x00, 0x0D, 0x00, 0x00, 0x00, 0x07, 0xFF, 0xFF, 0x9F, 0xFF,
    0xFE, 0x7F, 0xFF, 0xF9, 0xFC, 0x00, 0x07, 0xF0, 0x00, 0x1F, 0xC0, 0x00, 0x7F, 0xFF, 0xF1, 0xFF,
    0xFF, 0xC7, 0xFF, 0xFF, 0x1F, 0xC0, 0x00, 0x7F, 0x00, 0x01, 0xFC, 0x00, 0x07, 0xFF, 0xFF, 0xDF,
    0xFF, 0xFF, 0x7F, 0xFF, 0xFC, 0x0F, 0x47, 0xC0, 0x7F, 0x2F, 0x40, 0xF4, 0x7C, 0x00, 0x00, 0x00,
    0x00, 0x00, 0x01, 0xFF, 0xFF, 0xE7, 0xFF, 0xFF, 0x9F, 0xFF, 0xFE, 0x7F, 0x00, 0x01, 0xFC, 0x00,
    0x07, 0xF0, 0x00, 0x1F, 0xFF, 0xFC, 0x7F, 0xFF, 0xF1, 0xFF, 0xFF, 0xC7, 0xF0, 0x00, 0x1F, 0xC0,
    0x00, 0x7F, 0x00, 0x01, 0xFF, 0xFF, 0xF7, 0xFF, 0xFF, 0xDF, 0xFF, 0xFF, 0xBF, 0xFF, 0xFF, 0x40,
    0x2F, 0xFF, 0xFF, 0xD0, 0x0B, 0xFF, 0xFF, 0xF4, 0x00, 0x02, 0xF8, 0x00, 0x00, 0x00, 0xBE, 0x00,
    0x00, 0x00, 0x2F, 0xFF, 0xE4, 0x00, 0x0B, 0xFF, 0xFF, 0x80, 0x02, 0xFF, 0xFF, 0xF8, 0x00, 0xBE,
    0x00, 0xBF, 0x00, 0x2F, 0x80, 0x0F, 0xC0, 0x0B, 0xE0, 0x03, 0xF0, 0x02, 0xF8, 0x02, 0xFC, 0x00,
    0xBE, 0x1F, 0xFE, 0x00, 0x2F, 0x87, 0xFF, 0x00, 0x0B, 0xE1, 0xFE, 0x00, 0x00, 0x08, 0x00, 0x00,
    0xBC, 0x00, 0x07, 0xE0, 0x00, 0x3E, 0x00, 0x00, 0xA0, 0x00, 0x00, 0x00, 0x07, 0xFF, 0xFF, 0x9F,
    0xFF, 0xFE, 0x7F, 0xFF, 0xF9, 0xFC, 0x00, 0x07, 0xF0, 0x00, 0x1F, 0xC0, 0x00, 0x7F, 0x00, 0x01,
    0xFC, 0x00, 0x07, 0xF0, 0x00, 0x1F, 0xC0, 0x00, 0x7F, 0x00, 0x01, 0xFC, 0x00, 0x07, 0xF0, 0x00,
    0x1F, 0xC0, 0x00, 0x7F, 0x00, 0x00, 0x00, 0xBF, 0xF8, 0x01, 0xFF, 0xFF, 0xC1, 0xFF, 0xFF, 0xF0,
    0xFF, 0x40, 0x64, 0x7F, 0x00, 0x00, 0x2F, 0x80, 0x00, 0x0F, 0xFF, 0xFE, 0x03, 0xFF, 0xFF, 0x80,
    0xFF, 0xFF, 0xE0, 0x3F, 0x80, 0x00, 0x07, 0xF0, 0x00, 0x00, 0xFF, 0x40, 0x68, 0x1F, 0xFF, 0xFF,
    0x01, 0xFF, 0xFF, 0xD0, 0x0B, 0xFF, 0x80, 0x01, 0xFF, 0xD0, 0x0F, 0xFF, 0xF8, 0x2F, 0xFF, 0xF0,
    0x3F, 0x80, 0x60, 0x3F, 0x40, 0x00, 0x3F, 0xD0, 0x00, 0x0F, 0xFE, 0x40, 0x03, 0xFF, 0xE0, 0x00,
    0x6F, 0xFC, 0x00, 0x02, 0xFC, 0x00, 0x00, 0xFD, 0x19, 0x01, 0xFD, 0x3F, 0xFF, 0xFC, 0x3F, 0xFF,
    0xF4, 0x0B, 0xFF, 0x80, 0x7F, 0x7F, 0x7F, 0x7F, 0x7F, 0x7F, 0x7F, 0x7F, 0x7F, 0x7F, 0x7F, 0x7F,
    0x7F, 0x7F, 0x7F, 0x3C, 0x1F, 0x2F, 0x8F, 0xD3, 0xC1, 0xF0, 0x00, 0x00, 0x07, 0xF0, 0x01, 0xFC,
    0x00, 0x7F, 0x00, 0x1F, 0xC0, 0x07, 0xF0, 0x01, 0xFC, 0x00, 0x7F, 0x00, 0x1F, 0xC0, 0x07, 0xF0,
    0x01, 0xFC, 0x00, 0x7F, 0x00, 0x1F, 0xC0, 0x07, 0xF0, 0x01, 0xFC, 0x00, 0x7F, 0x00, 0x00, 0x0B,
    0xE0, 0x00, 0xBE, 0x00, 0x0B, 0xE0, 0x00, 0xBE, 0x00, 0x0B, 0xE0, 0x00, 0xBE, 0x00, 0x0B, 0xE0,
    0x00, 0xBE, 0x00, 0x0B, 0xE0, 0x00, 0xBE, 0x00, 0x0F, 0xE2, 0x41, 0xFD, 0x7F, 0xFF, 0xCB, 0xFF,
    0xF4, 0x1F, 0xF9, 0x00, 0x00, 0x3F, 0xFF, 0xFC, 0x00, 0x00, 0x00, 0xFF, 0xFF, 0xF0, 0x00, 0x00,
    0x03, 0xFF, 0xFF, 0xC0, 0x00, 0x00, 0x0F, 0xC0, 0x7F, 0x00, 0x00, 0x00, 0x3F, 0x01, 0xFC, 0x00,
    0x00, 0x01, 0xFC, 0x07, 0xFF, 0xF8, 0x00, 0x07, 0xF0, 0x1F, 0xFF, 0xFD, 0x00, 0x2F, 0x80, 0x7F,
    0xFF, 0xFC, 0x00, 0xFE, 0x01, 0xFC, 0x07, 0xF8, 0x03, 0xF4, 0x07, 0xF0, 0x0B, 0xE0, 0x2F, 0xC0,
    0x1F, 0xC0, 0x2F, 0x82, 0xFE, 0x00, 0x7F, 0x01, 0xFE, 0xBF, 0xF0, 0x01, 0xFF, 0xFF, 0xF1, 0xFF,
    0x00, 0x07, 0xFF, 0xFF, 0x47, 0xD0, 0x00, 0x0B, 0xFF, 0xD0, 0x00, 0x7F, 0x00, 0x2F, 0x80, 0x00,
    0x1F, 0xC0, 0x0B, 0xE0, 0x00, 0x07, 0xF0, 0x02, 0xF8, 0x00, 0x01, 0xFC, 0x00, 0xBE, 0x00, 0x00,
    0x7F, 0x00, 0x2F, 0x80, 0x00, 0x1F, 0xFF, 0xFF, 0xFF, 0xF4, 0x07, 0xFF, 0xFF, 0xFF, 0xFF, 0xD1,
    0xFF, 0xFF, 0xFF, 0xFF, 0xFC, 0x7F, 0x00, 0x2F, 0x80, 0xBF, 0x5F, 0xC0, 0x0B, 0xE0, 0x0F, 0xE7,
    0xF0, 0x02, 0xF8, 0x03, 0xF9, 0xFC, 0x00, 0xBE, 0x02, 0xFD, 0x7F, 0x00, 0x2F, 0xFF, 0xFF, 0x1F,
    0xC0, 0x0B, 0xFF, 0xFF, 0x07, 0xF0, 0x01, 0xBF, 0xF9, 0x00, 0xBF, 0xFF, 0xFF, 0x40, 0xBF, 0xFF,
    0xFF, 0x40, 0xBF, 0xFF, 0xFF, 0x40, 0x00, 0xBE, 0x00, 0x00, 0x00, 0xBE, 0x00, 0x00, 0x00, 0xBE,
    0x00, 0x00, 0x00, 0xBF, 0xFF, 0x80, 0x00, 0xBF, 0xFF, 0xF4, 0x00, 0xBF, 0xFF, 0xFC, 0x00, 0xBE,
    0x02, 0xFC, 0x00, 0xBE, 0x00, 0xFD, 0x00, 0xBE, 0x00, 0xFD, 0x00, 0xBE, 0x00, 0xFD, 0x00, 0xBE,
    0x00, 0xFD, 0x00, 0xBE, 0x00, 0xFD, 0x00, 0x00, 0x80, 0x00, 0x00, 0x3E, 0x00, 0x00, 0x0B, 0xE0,
    0x00, 0x01, 0xF4, 0x00, 0x00, 0x0D, 0x00, 0x00, 0x00, 0x00, 0x00, 0x7F, 0x00, 0x7F, 0x47, 0xF0,
    0x1F, 0xE0, 0x7F, 0x03, 0xF8, 0x07, 0xF0, 0xFE, 0x00, 0x7F, 0x3F, 0x80, 0x07, 0xFF, 0xE0, 0x00,
    0x7F, 0xFC, 0x00, 0x07, 0xFF, 0xD0, 0x00, 0x7F, 0x7F, 0x40, 0x07, 0xF2, 0xFC, 0x00, 0x7F, 0x0F,
    0xF0, 0x07, 0xF0, 0x7F, 0x80, 0x7F, 0x02, 0xFD, 0x07, 0xF0, 0x0F, 0xF0, 0x7F, 0x00, 0x3F, 0xC0,
    0x00, 0x08, 0x00, 0x00, 0x03, 0xD0, 0x00, 0x00, 0x3F, 0x00, 0x00, 0x00, 0xFC, 0x00, 0x00, 0x02,
    0x80, 0x00, 0x00, 0x00, 0x00, 0x7F, 0x00, 0x0F, 0xC7, 0xF0, 0x02, 0xFC, 0x7F, 0x00, 0xBF, 0xC7,
    0xF0, 0x1F, 0xFC, 0x7F, 0x03, 0xFF, 0xC7, 0xF0, 0xBE, 0xFC, 0x7F, 0x1F, 0xCF, 0xC7, 0xF3, 0xF0,
    0xFC, 0x7F, 0xBD, 0x0F, 0xC7, 0xFF, 0x80, 0xFC, 0x7F, 0xF0, 0x0F, 0xC7, 0xFE, 0x00, 0xFC, 0x7F,
    0xC0, 0x0F, 0xC7, 0xF4, 0x00, 0xFC, 0x7E, 0x00, 0x0F, 0xC0, 0x00, 0x10, 0x10, 0x00, 0x0F, 0x4B,
    0xC0, 0x00, 0xBF, 0xF4, 0x00, 0x02, 0xFD, 0x00, 0x00, 0x00, 0x00, 0x07, 0xF4, 0x00, 0xFD, 0x3F,
    0x80, 0x1F, 0xC1, 0xFC, 0x03, 0xF8, 0x0F, 0xE0, 0x3F, 0x00, 0x7F, 0x07, 0xF0, 0x03, 0xF4, 0xBD,
    0x00, 0x1F, 0xCF, 0xC0, 0x00, 0xFF, 0xF8, 0x00, 0x07, 0xFF, 0x00, 0x00, 0x2F, 0xF0, 0x00, 0x01,
    0xFD, 0x00, 0x00, 0x3F, 0xC0, 0x02, 0xFF, 0xF4, 0x00, 0x3F, 0xFD, 0x00, 0x02, 0xFE, 0x40, 0x00,
    0x7F, 0x00, 0x2F, 0x9F, 0xC0, 0x0B, 0xE7, 0xF0, 0x02, 0xF9, 0xFC, 0x00, 0xBE, 0x7F, 0x00, 0x2F,
    0x9F, 0xC0, 0x0B, 0xE7, 0xF0, 0x02, 0xF9, 0xFC, 0x00, 0xBE, 0x7F, 0x00, 0x2F, 0x9F, 0xC0, 0x0B,
    0xE7, 0xF0, 0x02, 0xF9, 0xFC, 0x00, 0xBE, 0x7F, 0xFF, 0xFF, 0x9F, 0xFF, 0xFF, 0xE7, 0xFF, 0xFF,
    0xF8, 0x00, 0xFD, 0x00, 0x00, 0x3F, 0x40, 0x00, 0x0F, 0xD0, 0x00, 0x03, 0xF4, 0x00, 0x00, 0x0F,
    0xD0, 0x00, 0x00, 0xBF, 0xC0, 0x00, 0x03, 0xFF, 0x00, 0x00, 0x2F, 0xFE, 0x00, 0x00, 0xFD, 0xFC,
    0x00, 0x07, 0xF3, 0xF4, 0x00, 0x2F, 0x47, 0xF0, 0x00, 0xFC, 0x0F, 0xC0, 0x07, 0xE0, 0x2F, 0x80,
    0x3F, 0xFF, 0xFF, 0x00, 0xFF, 0xFF, 0xFD, 0x0B, 0xFF, 0xFF, 0xF8, 0x3F, 0x40, 0x07, 0xF1, 0xFC,
    0x00, 0x0F, 0xDB, 0xF0, 0x00, 0x2F, 0xC0, 0x7F, 0xFF, 0xF4, 0x7F, 0xFF, 0xF4, 0x7F, 0xFF, 0xF4,
    0x7F, 0x00, 0x00, 0x7F, 0x00, 0x00, 0x7F, 0xFF, 0x80, 0x7F, 0xFF, 0xF4, 0x7F, 0xFF, 0xFC, 0x7F,
    0x02, 0xFE, 0x7F, 0x00, 0xBE, 0x7F, 0x00, 0xBE, 0x7F, 0x02, 0xFD, 0x7F, 0xFF, 0xFC, 0x7F, 0xFF,
    0xF4, 0x2F, 0xFE, 0x40, 0x2F, 0xFF, 0x90, 0x1F, 0xFF, 0xFE, 0x07, 0xFF, 0xFF, 0xC1, 0xFC, 0x03,
    0xF4, 0x7F, 0x00, 0xFD, 0x1F, 0xFF, 0xFE, 0x07, 0xFF, 0xFF, 0x41, 0xFF, 0xFF, 0xF4, 0x7F, 0x00,
    0xFF, 0x1F, 0xC0, 0x1F, 0xC7, 0xF0, 0x07, 0xF1, 0xFC, 0x07, 0xFC, 0x7F, 0xFF, 0xFE, 0x1F, 0xFF,
    0xFE, 0x02, 0xFF, 0xF9, 0x00, 0x7F, 0xFF, 0xF9, 0xFF, 0xFF, 0xE7, 0xFF, 0xFF, 0x9F, 0xC0, 0x00,
    0x7F, 0x00, 0x01, 0xFC, 0x00, 0x07, 0xF0, 0x00, 0x1F, 0xC0, 0x00, 0x7F, 0x00, 0x01, 0xFC, 0x00,
    0x07, 0xF0, 0x00, 0x1F, 0xC0, 0x00, 0x7F, 0x00, 0x01, 0xFC, 0x00, 0x07, 0xF0, 0x00, 0x00, 0x00,
    0x7F, 0xFF, 0xF4, 0x00, 0x1F, 0xFF, 0xFD, 0x00, 0x07, 0xFF, 0xFF, 0x40, 0x01, 0xFC, 0x0F, 0xD0,
    0x00, 0x7E, 0x03, 0xF4, 0x00, 0x2F, 0x80, 0xFD, 0x00, 0x0B, 0xE0, 0x3F, 0x40, 0x03, 0xF4, 0x0F,
    0xD0, 0x00, 0xFC, 0x03, 0xF4, 0x00, 0x7F, 0x00, 0xFD, 0x00, 0x2F, 0x80, 0x3F, 0x40, 0x0F, 0xC0,
    0x0F, 0xD0, 0xBF, 0xFF, 0xFF, 0xFF, 0xEF, 0xFF, 0xFF, 0xFF, 0xFB, 0xFF, 0xFF, 0xFF, 0xFE, 0xF8,
    0x00, 0x00, 0x7F, 0xBE, 0x00, 0x00, 0x1F, 0xEF, 0x80, 0x00, 0x07, 0xFB, 0xE0, 0x00, 0x01, 0xFC,
    0x7F, 0xFF, 0xF9, 0xFF, 0xFF, 0xE7, 0xFF, 0xFF, 0x9F, 0xC0, 0x00, 0x7F, 0x00, 0x01, 0xFC, 0x00,
    0x07, 0xFF, 0xFF, 0x1F, 0xFF, 0xFC, 0x7F, 0xFF, 0xF1, 0xFC, 0x00, 0x07, 0xF0, 0x00, 0x1F, 0xC0,
    0x00, 0x7F, 0xFF, 0xFD, 0xFF, 0xFF, 0xF7, 0xFF, 0xFF, 0xC0, 0x7F, 0x80, 0x7F, 0x00, 0xFF, 0x0B,
    0xF4, 0x1F, 0xC0, 0xBF, 0x40, 0xFF, 0x07, 0xF0, 0x7F, 0x80, 0x1F, 0xE1, 0xFC, 0x3F, 0xC0, 0x02,
    0xFE, 0x7F, 0x3F, 0xC0, 0x00, 0x2F, 0xEF, 0xEF, 0xD0, 0x00, 0x03, 0xFF, 0xFF, 0xE0, 0x00, 0x00,
    0x7F, 0xFF, 0xF0, 0x00, 0x00, 0x3F, 0xFF, 0xFE, 0x00, 0x00, 0x3F, 0xDF, 0xDF, 0xE0, 0x00, 0x3F,
    0xC7, 0xF1, 0xFD, 0x00, 0x2F, 0xD1, 0xFC, 0x2F, 0xC0, 0x0F, 0xE0, 0x7F, 0x03, 0xFC, 0x0F, 0xF0,
    0x1F, 0xC0, 0x3F, 0x47, 0xF0, 0x07, 0xF0, 0x0B, 0xF0, 0x07, 0xFF, 0x80, 0x3F, 0xFF, 0xF0, 0x1F,
    0xFF, 0xFC, 0x0D, 0x02, 0xFC, 0x00, 0x00, 0xFC, 0x00, 0x02, 0xFC, 0x03, 0xFF, 0xF4, 0x03, 0xFF,
    0xF0, 0x03, 0xFF, 0xFC, 0x00, 0x01, 0xFE, 0x00, 0x00, 0xBF, 0x29, 0x01, 0xFF, 0x3F, 0xFF, 0xFD,
    0x7F, 0xFF, 0xF8, 0x0B, 0xFF, 0x90, 0x7F, 0x00, 0x0F, 0xC7, 0xF0, 0x02, 0xFC, 0x7F, 0x00, 0xBF,
    0xC7, 0xF0, 0x1F, 0xFC, 0x7F, 0x03, 0xFF, 0xC7, 0xF0, 0xBE, 0xFC, 0x7F, 0x1F, 0xCF, 0xC7, 0xF3,
    0xF0, 0xFC, 0x7F, 0xBD, 0x0F, 0xC7, 0xFF, 0x80, 0xFC, 0x7F, 0xF0, 0x0F, 0xC7, 0xFE, 0x00, 0xFC,
    0x7F, 0xC0, 0x0F, 0xC7, 0xF4, 0x00, 0xFC, 0x7E, 0x00, 0x0F, 0xC0, 0x00, 0x50, 0x10, 0x00, 0x1F,
    0x4F, 0x80, 0x00, 0xFF, 0xF0, 0x00, 0x02, 0xFD, 0x00, 0x00, 0x00, 0x00, 0x07, 0xF0, 0x00, 0xFC,
    0x7F, 0x00, 0x2F, 0xC7, 0xF0, 0x0B, 0xFC, 0x7F, 0x01, 0xFF, 0xC7, 0xF0, 0x3F, 0xFC, 0x7F, 0x0B,
    0xEF, 0xC7, 0xF1, 0xFC, 0xFC, 0x7F, 0x3F, 0x0F, 0xC7, 0xFB, 0xD0, 0xFC, 0x7F, 0xF8, 0x0F, 0xC7,
    0xFF, 0x00, 0xFC, 0x7F, 0xE0, 0x0F, 0xC7, 0xFC, 0x00, 0xFC, 0x7F, 0x40, 0x0F, 0xC7, 0xE0, 0x00,
    0xFC, 0x7F, 0x00, 0x7F, 0x47, 0xF0, 0x1F, 0xE0, 0x7F, 0x03, 0xF8, 0x07, 0xF0, 0xFE, 0x00, 0x7F,
    0x3F, 0x80, 0x07, 0xFF, 0xE0, 0x00, 0x7F, 0xFC, 0x00, 0x07, 0xFF, 0xD0, 0x00, 0x7F, 0x7F, 0x40,
    0x07, 0xF2, 0xFC, 0x00, 0x7F, 0x0F, 0xF0, 0x07, 0xF0, 0x7F, 0x80, 0x7F, 0x02, 0xFD, 0x07, 0xF0,
    0x0F, 0xF0, 0x7F, 0x00, 0x3F, 0xC0, 0x00, 0x3F, 0xFF, 0xFC, 0x00, 0xFF, 0xFF, 0xF0, 0x03, 0xFF,
    0xFF, 0xC0, 0x0F, 0xC0, 0x7F, 0x00, 0x3F, 0x01, 0xFC, 0x01, 0xFC, 0x07, 0xF0, 0x07, 0xF0, 0x1F,
    0xC0, 0x2F, 0x80, 0x7F, 0x00, 0xFE, 0x01, 0xFC, 0x03, 0xF4, 0x07, 0xF0, 0x2F, 0xC0, 0x1F, 0xC2,
    0xFE, 0x00, 0x7F, 0xBF, 0xF0, 0x01, 0xFD, 0xFF, 0x00, 0x07, 0xF7, 0xD0, 0x00, 0x1F, 0xC0, 0x2F,
    0xC0, 0x00, 0xFD, 0x0F, 0xF4, 0x00, 0x7F, 0x83, 0xFE, 0x00, 0x3F, 0xE0, 0xFF, 0xC0, 0x0F, 0xFC,
    0x3F, 0xF8, 0x0B, 0xFF, 0x0F, 0xFF, 0x03, 0xEF, 0xC3, 0xF7, 0xD1, 0xF3, 0xF1, 0xFC, 0xFC, 0xFC,
    0xFC, 0x7E, 0x2F, 0xBD, 0x3F, 0x1F, 0x83, 0xFF, 0x0F, 0xDB, 0xE0, 0xFF, 0x83, 0xF6, 0xF8, 0x1F,
    0xC0, 0xBD, 0xBE, 0x03, 0xF0, 0x2F, 0x6F, 0x80, 0x00, 0x0B, 0xDB, 0xD0, 0x00, 0x02, 0xF8, 0x7F,
    0x00, 0x2F, 0x9F, 0xC0, 0x0B, 0xE7, 0xF0, 0x02, 0xF9, 0xFC, 0x00, 0xBE, 0x7F, 0x00, 0x2F, 0x9F,
    0xC0, 0x0B, 0xE7, 0xFF, 0xFF, 0xF9, 0xFF, 0xFF, 0xFE, 0x7F, 0xFF, 0xFF, 0x9F, 0xC0, 0x0B, 0xE7,
    0xF0, 0x02, 0xF9, 0xFC, 0x00, 0xBE, 0x7F, 0x00, 0x2F, 0x9F, 0xC0, 0x0B, 0xE7, 0xF0, 0x02, 0xF8,
    0x00, 0x7F, 0xE4, 0x00, 0x1F, 0xFF, 0xFC, 0x01, 0xFF, 0xFF, 0xFC, 0x0F, 0xF4, 0x0B, 0xF8, 0x7F,
    0x40, 0x0B, 0xF2, 0xFC, 0x00, 0x0F, 0xDF, 0xE0, 0x00, 0x3F, 0x7F, 0x40, 0x00, 0xFE, 0xFE, 0x00,
    0x03, 0xF6, 0xFC, 0x00, 0x0F, 0xD7, 0xF4, 0x00, 0xBF, 0x0F, 0xF4, 0x0B, 0xF8, 0x1F, 0xFF, 0xFF,
    0xC0, 0x1F, 0xFF, 0xFC, 0x00, 0x0B, 0xFE, 0x40, 0x00, 0x7F, 0xFF, 0xFF, 0x9F, 0xFF, 0xFF, 0xE7,
    0xFF, 0xFF, 0xF9, 0xFC, 0x00, 0xBE, 0x7F, 0x00, 0x2F, 0x9F, 0xC0, 0x0B, 0xE7, 0xF0, 0x02, 0xF9,
    0xFC, 0x00, 0xBE, 0x7F, 0x00, 0x2F, 0x9F, 0xC0, 0x0B, 0xE7, 0xF0, 0x02, 0xF9, 0xFC, 0x00, 0xBE,
    0x7F, 0x00, 0x2F, 0x9F, 0xC0, 0x0B, 0xE7, 0xF0, 0x02, 0xF8, 0x2F, 0xFF, 0x80, 0x7F, 0xFF, 0xF4,
    0x7F, 0xFF, 0xFC, 0x7F, 0x01, 0xFE, 0x7F, 0x00, 0xBE, 0x7F, 0x00, 0xBE, 0x7F, 0x01, 0xFE, 0x7F,
    0xFF, 0xFC, 0x7F, 0xFF, 0xF4, 0x7F, 0xFF, 0x80, 0x7F, 0x00, 0x00, 0x7F, 0x00, 0x00, 0x7F, 0x00,
    0x00, 0x7F, 0x00, 0x00, 0x7F, 0x00, 0x00, 0x00, 0x7F, 0xF8, 0x01, 0xFF, 0xFF, 0xC1, 0xFF, 0xFF,
    0xE0, 0xFF, 0x40, 0x60, 0x7F, 0x40, 0x00, 0x2F, 0xC0, 0x00, 0x0F, 0xE0, 0x00, 0x03, 0xF4, 0x00,
    0x00, 0xFE, 0x00, 0x00, 0x3F, 0xC0, 0x00, 0x0B, 0xF4, 0x00, 0x00, 0xFF, 0x40, 0x14, 0x2F, 0xFF,
    0xFE, 0x02, 0xFF, 0xFF, 0xC0, 0x0B, 0xFF, 0x80, 0xBF, 0xFF, 0xFF, 0x6F, 0xFF, 0xFF, 0xDB, 0xFF,
    0xFF, 0xF4, 0x00, 0xFC, 0x00, 0x00, 0x3F, 0x00, 0x00, 0x0F, 0xC0, 0x00, 0x03, 0xF0, 0x00, 0x00,
    0xFC, 0x00, 0x00, 0x3F, 0x00, 0x00, 0x0F, 0xC0, 0x00, 0x03, 0xF0, 0x00, 0x00, 0xFC, 0x00, 0x00,
    0x3F, 0x00, 0x00, 0x0F, 0xC0, 0x00, 0x03, 0xF0, 0x00, 0x7F, 0x40, 0x0F, 0xD3, 0xF8, 0x01, 0xFC,
    0x1F, 0xC0, 0x3F, 0x80, 0xFE, 0x03, 0xF0, 0x07, 0xF0, 0x7F, 0x00, 0x3F, 0x4B, 0xD0, 0x01, 0xFC,
    0xFC, 0x00, 0x0F, 0xFF, 0x80, 0x00, 0x7F, 0xF0, 0x00, 0x02, 0xFF, 0x00, 0x00, 0x1F, 0xD0, 0x00,
    0x03, 0xFC, 0x00, 0x2F, 0xFF, 0x40, 0x03, 0xFF, 0xD0, 0x00, 0x2F, 0xE4, 0x00, 0x00, 0x00, 0x01,
    0xF8, 0x00, 0x00, 0x00, 0x1F, 0x80, 0x00, 0x00, 0x2F, 0xFF, 0x90, 0x00, 0x2F, 0xFF, 0xFF, 0xC0,
    0x0B, 0xFF, 0xFF, 0xFF, 0x01, 0xFE, 0x2F, 0x8B, 0xF8, 0x3F, 0x81, 0xF8, 0x1F, 0xC3, 0xF4, 0x1F,
    0x80, 0xFC, 0x3F, 0x41, 0xF8, 0x0F, 0xD3, 0xF8, 0x1F, 0x81, 0xFC, 0x1F, 0xE1, 0xF8, 0x7F, 0x80,
    0xFF, 0xFF, 0xFF, 0xF0, 0x03, 0xFF, 0xFF, 0xFC, 0x00, 0x06, 0xFF, 0xF9, 0x00, 0x00, 0x01, 0xF8,
    0x00, 0x00, 0x00, 0x1F, 0x80, 0x00, 0x7F, 0x80, 0x1F, 0xD2, 0xFD, 0x03, 0xFC, 0x0F, 0xF0, 0xBF,
    0x00, 0x7F, 0x9F, 0xD0, 0x02, 0xFF, 0xFC, 0x00, 0x0F, 0xFF, 0x00, 0x00, 0x7F, 0xD0, 0x00, 0x03,
    0xFC, 0x00, 0x00, 0xBF, 0xF0, 0x00, 0x1F, 0xFF, 0x80, 0x03, 0xFF, 0xFC, 0x00, 0xBF, 0x0F, 0xF0,
    0x1F, 0xD0, 0x7F, 0x43, 0xFC, 0x03, 0xFC, 0x7F, 0x00, 0x1F, 0xE0, 0x7F, 0x00, 0x2F, 0x80, 0x7F,
    0x00, 0x2F, 0x80, 0x7F, 0x00, 0x2F, 0x80, 0x7F, 0x00, 0x2F, 0x80, 0x7F, 0x00, 0x2F, 0x80, 0x7F,
    0x00, 0x2F, 0x80, 0x7F, 0x00, 0x2F, 0x80, 0x7F, 0x00, 0x2F, 0x80, 0x7F, 0x00, 0x2F, 0x80, 0x7F,
    0x00, 0x2F, 0x80, 0x7F, 0x00, 0x2F, 0x80, 0x7F, 0x00, 0x2F, 0x80, 0x7F, 0xFF, 0xFF, 0xFC, 0x7F,
    0xFF, 0xFF, 0xFC, 0x7F, 0xFF, 0xFF, 0xFC, 0x00, 0x00, 0x00, 0xFC, 0x00, 0x00, 0x00, 0xFC, 0x00,
    0x00, 0x00, 0xFC, 0x00, 0x00, 0x00, 0xFC, 0x3F, 0x00, 0x2F, 0x8F, 0xC0, 0x0B, 0xE3, 0xF0, 0x02,
    0xF8, 0xFC, 0x00, 0xBE, 0x3F, 0x00, 0x2F, 0x8F, 0xD0, 0x0B, 0xE3, 0xFD, 0x02, 0xF8, 0xBF, 0xFF,
    0xFE, 0x0F, 0xFF, 0xFF, 0x80, 0xBF, 0xFF, 0xE0, 0x00, 0x02, 0xF8, 0x00, 0x00, 0xBE, 0x00, 0x00,
    0x2F, 0x80, 0x00, 0x0B, 0xE0, 0x00, 0x02, 0xF8, 0x7F, 0x00, 0xFD, 0x02, 0xF9, 0xFC, 0x03, 0xF4,
    0x0B, 0xE7, 0xF0, 0x0F, 0xD0, 0x2F, 0x9F, 0xC0, 0x3F, 0x40, 0xBE, 0x7F, 0x00, 0xFD, 0x02, 0xF9,
    0xFC, 0x03, 0xF4, 0x0B, 0xE7, 0xF0, 0x0F, 0xD0, 0x2F, 0x9F, 0xC0, 0x3F, 0x40, 0xBE, 0x7F, 0x00,
    0xFD, 0x02, 0xF9, 0xFC, 0x03, 0xF4, 0x0B, 0xE7, 0xF0, 0x0F, 0xD0, 0x2F, 0x9F, 0xC0, 0x3F, 0x40,
    0xBE, 0x7F, 0xFF, 0xFF, 0xFF, 0xF9, 0xFF, 0xFF, 0xFF, 0xFF, 0xE7, 0xFF, 0xFF, 0xFF, 0xFF, 0x80,
    0x7F, 0x00, 0xFD, 0x02, 0xF8, 0x07, 0xF0, 0x0F, 0xD0, 0x2F, 0x80, 0x7F, 0x00, 0xFD, 0x02, 0xF8,
    0x07, 0xF0, 0x0F, 0xD0, 0x2F, 0x80, 0x7F, 0x00, 0xFD, 0x02, 0xF8, 0x07, 0xF0, 0x0F, 0xD0, 0x2F,
    0x80, 0x7F, 0x00, 0xFD, 0x02, 0xF8, 0x07, 0xF0, 0x0F, 0xD0, 0x2F, 0x80, 0x7F, 0x00, 0xFD, 0x02,
    0xF8, 0x07, 0xF0, 0x0F, 0xD0, 0x2F, 0x80, 0x7F, 0x00, 0xFD, 0x02, 0xF8, 0x07, 0xF0, 0x0F, 0xD0,
    0x2F, 0x80, 0x7F, 0xFF, 0xFF, 0xFF, 0xFF, 0xD7, 0xFF, 0xFF, 0xFF, 0xFF, 0xFD, 0x7F, 0xFF, 0xFF,
    0xFF, 0xFF, 0xD0, 0x00, 0x00, 0x00, 0x00, 0xFD, 0x00, 0x00, 0x00, 0x00, 0x0F, 0xD0, 0x00, 0x00,
    0x00, 0x00, 0xFD, 0x00, 0x00, 0x00, 0x00, 0x0F, 0xD0, 0xBF, 0xFD, 0x00, 0x00, 0xBF, 0xFD, 0x00,
    0x00, 0xBF, 0xFD, 0x00, 0x00, 0x00, 0xFD, 0x00, 0x00, 0x00, 0xFD, 0x00, 0x00, 0x00, 0xFF, 0xFE,
    0x40, 0x00, 0xFF, 0xFF, 0xE0, 0x00, 0xFF, 0xFF, 0xF8, 0x00, 0xFD, 0x07, 0xFC, 0x00, 0xFD, 0x00,
    0xFC, 0x00, 0xFD, 0x00, 0xFC, 0x00, 0xFD, 0x07, 0xFC, 0x00, 0xFF, 0xFF, 0xF8, 0x00, 0xFF, 0xFF,
    0xE0, 0x00, 0xAF, 0xFE, 0x40, 0x7F, 0x00, 0x00, 0x1F, 0xDF, 0xC0, 0x00, 0x07, 0xF7, 0xF0, 0x00,
    0x01, 0xFD, 0xFC, 0x00, 0x00, 0x7F, 0x7F, 0x00, 0x00, 0x1F, 0xDF, 0xFF, 0x90, 0x07, 0xF7, 0xFF,
    0xFF, 0x41, 0xFD, 0xFF, 0xFF, 0xF0, 0x7F, 0x7F, 0x02, 0xFD, 0x1F, 0xDF, 0xC0, 0x3F, 0x87, 0xF7,
    0xF0, 0x0F, 0xE1, 0xFD, 0xFC, 0x0B, 0xF4, 0x7F, 0x7F, 0xFF, 0xFC, 0x1F, 0xDF, 0xFF, 0xFC, 0x07,
    0xF2, 0xFF, 0xE4, 0x01, 0xFC, 0x7F, 0x00, 0x00, 0x7F, 0x00, 0x00, 0x7F, 0x00, 0x00, 0x7F, 0x00,
    0x00, 0x7F, 0x00, 0x00, 0x7F, 0xFF, 0x80, 0x7F, 0xFF, 0xF4, 0x7F, 0xFF, 0xFD, 0x7F, 0x02, 0xFE,
    0x7F, 0x00, 0xBF, 0x7F, 0x00, 0xBF, 0x7F, 0x01, 0xFE, 0x7F, 0xFF, 0xFC, 0x7F, 0xFF, 0xF4, 0x2F,
    0xFF, 0x40, 0x06, 0xFF, 0x80, 0x03, 0xFF, 0xFF, 0x80, 0x2F, 0xFF, 0xFE, 0x00, 0x90, 0x1F, 0xF4,
    0x00, 0x00, 0x3F, 0xC0, 0x00, 0x01, 0xFC, 0x01, 0xFF, 0xFF, 0xC0, 0x1F, 0xFF, 0xFC, 0x01, 0xFF,
    0xFF, 0xC0, 0x00, 0x01, 0xFC, 0x00, 0x00, 0x3F, 0xC1, 0x90, 0x1F, 0xF4, 0x2F, 0xFF, 0xFE, 0x03,
    0xFF, 0xFF, 0x80, 0x06, 0xFF, 0x90, 0x00, 0x7F, 0x00, 0x06, 0xFE, 0x40, 0x1F, 0xC0, 0x0B, 0xFF,
    0xFC, 0x07, 0xF0, 0x0F, 0xFF, 0xFF, 0xC1, 0xFC, 0x07, 0xF8, 0x0B, 0xF8, 0x7F, 0x03, 0xFC, 0x00,
    0xBF, 0x1F, 0xC0, 0xFD, 0x00, 0x0F, 0xD7, 0xFF, 0xFF, 0x00, 0x03, 0xF9, 0xFF, 0xFF, 0xC0, 0x00,
    0xFE, 0x7F, 0xFF, 0xF0, 0x00, 0x3F, 0x9F, 0xC1, 0xFD, 0x00, 0x0F, 0xD7, 0xF0, 0x3F, 0x80, 0x0B,
    0xF1, 0xFC, 0x0B, 0xF8, 0x0B, 0xF8, 0x7F, 0x00, 0xFF, 0xFF, 0xFC, 0x1F, 0xC0, 0x0F, 0xFF, 0xFC,
    0x07, 0xF0, 0x00, 0x6F, 0xF4, 0x00, 0x00, 0x6F, 0xFE, 0x40, 0xBF, 0xFF, 0xF0, 0xBF, 0xFF, 0xFC,
    0x3F, 0xD0, 0x7F, 0x1F, 0xC0, 0x1F, 0xC7, 0xF0, 0x07, 0xF0, 0xFE, 0x01, 0xFC, 0x3F, 0xFF, 0xFF,
    0x03, 0xFF, 0xFF, 0xC0, 0x3F, 0xFF, 0xF0, 0x2F, 0xC2, 0xFC, 0x1F, 0xD0, 0x7F, 0x0F, 0xE0, 0x1F,
    0xC7, 0xF0, 0x07, 0xF3, 0xF8, 0x01, 0xFC, 0x0B, 0xFE, 0x40, 0x3F, 0xFF, 0x40, 0xFF, 0xFF, 0x01,
    0x00, 0xFC, 0x06, 0xFF, 0xF0, 0xBF, 0xFF, 0xD3, 0xF0, 0x3F, 0x4F, 0xC0, 0xFD, 0x3F, 0xFF, 0xF4,
    0xBF, 0xFF, 0xD0, 0x7F, 0xFE, 0x00, 0x00, 0x01, 0xBC, 0x00, 0x7F, 0xFC, 0x02, 0xFF, 0xFC, 0x0B,
    0xF9, 0x40, 0x0F, 0xC0, 0x00, 0x2F, 0xBF, 0x90, 0x3F, 0xFF, 0xF4, 0x3F, 0xFF, 0xFC, 0x3F, 0x81,
    0xFD, 0x3F, 0x00, 0xBE, 0x3F, 0x00, 0xBE, 0x3F, 0x40, 0xBE, 0x2F, 0xC1, 0xFD, 0x1F, 0xFF, 0xFC,
    0x0B, 0xFF, 0xF0, 0x01, 0xFF, 0x80, 0x6F, 0xFE, 0x42, 0xFF, 0xFF, 0x8B, 0xFF, 0xFF, 0x2F, 0x80,
    0xFC, 0xBF, 0xFF, 0xD2, 0xFF, 0xFF, 0xCB, 0xE0, 0x2F, 0x6F, 0x80, 0xBE, 0xBF, 0xFF, 0xF6, 0xFF,
    0xFF, 0xC6, 0xFF, 0xF4, 0x00, 0xBF, 0xFF, 0x6F, 0xFF, 0xDB, 0xFF, 0xF6, 0xF8, 0x00, 0xBE, 0x00,
    0x2F, 0x80, 0x0B, 0xE0, 0x02, 0xF8, 0x00, 0xBE, 0x00, 0x2F, 0x80, 0x0B, 0xE0, 0x00, 0x02, 0xFF,
    0xFF, 0x00, 0x2F, 0xFF, 0xF0, 0x02, 0xFF, 0xFF, 0x00, 0x3F, 0x03, 0xF0, 0x03, 0xF0, 0x3F, 0x00,
    0x3F, 0x03, 0xF0, 0x07, 0xE0, 0x3F, 0x00, 0xFD, 0x03, 0xF0, 0xBF, 0xFF, 0xFF, 0xFB, 0xFF, 0xFF,
    0xFF, 0xBF, 0xFF, 0xFF, 0xFB, 0xC0, 0x00, 0x3F, 0xBC, 0x00, 0x03, 0xFB, 0xC0, 0x00, 0x3F, 0x00,
    0xBF, 0x80, 0x07, 0xFF, 0xF0, 0x0F, 0xFF, 0xFC, 0x2F, 0x80, 0xFC, 0x3F, 0xFF, 0xFD, 0x3F, 0xFF,
    0xFD, 0x3F, 0x40, 0x00, 0x3F, 0xD0, 0x10, 0x1F, 0xFF, 0xF4, 0x0B, 0xFF, 0xF8, 0x01, 0xBF, 0xE4,
    0x3F, 0x42, 0xF4, 0x2F, 0xC1, 0xFC, 0x2F, 0x47, 0xF4, 0x0B, 0xF2, 0xF4, 0xFE, 0x00, 0x3F, 0xEF,
    0x7F, 0xC0, 0x00, 0xFF, 0xFF, 0xF0, 0x00, 0x07, 0xFF, 0xFD, 0x00, 0x00, 0xFF, 0xFF, 0xF0, 0x00,
    0x3F, 0xAF, 0x6F, 0xC0, 0x0F, 0xE2, 0xF4, 0xFF, 0x02, 0xFC, 0x2F, 0x43, 0xF8, 0x7F, 0x02, 0xF4,
    0x1F, 0xD0, 0x2F, 0xFE, 0x03, 0xFF, 0xFC, 0x2F, 0xFF, 0xD0, 0x00, 0xFC, 0x0B, 0xFF, 0x40, 0xBF,
    0xFC, 0x00, 0x0B, 0xD1, 0x00, 0xBE, 0x3F, 0xFF, 0xE3, 0xFF, 0xFC, 0x2F, 0xFE, 0x00, 0xBE, 0x02,
    0xFA, 0xF8, 0x1F, 0xEB, 0xE0, 0xFF, 0xAF, 0x8F, 0xFE, 0xBE, 0xBF, 0xFA, 0xFB, 0xFB, 0xEB, 0xFF,
    0x2F, 0xAF, 0xF4, 0xBE, 0xBF, 0xC2, 0xFA, 0xFC, 0x0B, 0xEB, 0xE0, 0x2F, 0x80, 0x01, 0x01, 0x00,
    0x3E, 0x1F, 0x00, 0x7F, 0xF8, 0x00, 0x7F, 0x40, 0x00, 0x00, 0x00, 0x00, 0x00, 0x0B, 0xE0, 0x2F,
    0xAF, 0x81, 0xFE, 0xBE, 0x0F, 0xFA, 0xF8, 0xFF, 0xEB, 0xEB, 0xFF, 0xAF, 0xBF, 0xBE, 0xBF, 0xF2,
    0xFA, 0xFF, 0x4B, 0xEB, 0xFC, 0x2F, 0xAF, 0xC0, 0xBE, 0xBE, 0x02, 0xF8, 0xBE, 0x03, 0xF8, 0xBE,
    0x0F, 0xE0, 0xBE, 0x3F, 0x80, 0xBE, 0xFE, 0x00, 0xBF, 0xFC, 0x00, 0xBF, 0xF4, 0x00, 0xBF, 0xFC,
    0x00, 0xBE, 0xBF, 0x00, 0xBE, 0x2F, 0xC0, 0xBE, 0x0B, 0xF0, 0xBE, 0x03, 0xF8, 0x02, 0xFF, 0xFE,
    0x02, 0xFF, 0xFE, 0x02, 0xFF, 0xFE, 0x02, 0xF4, 0x7E, 0x02, 0xF4, 0x7E, 0x03, 0xF0, 0x7E, 0x07,
    0xF0, 0x7E, 0x1F, 0xF0, 0x7E, 0xBF, 0xD0, 0x7E, 0xBF, 0x40, 0x7E, 0x78, 0x00, 0x7E, 0x3F, 0x00,
    0x0F, 0xC3, 0xF8, 0x02, 0xFC, 0x3F, 0xC0, 0x3F, 0xC3, 0xFE, 0x0B, 0xFC, 0x7F, 0xF0, 0xFF, 0xD7,
    0xEF, 0xAF, 0xBD, 0x7D, 0xBF, 0xEB, 0xDB, 0xD3, 0xFC, 0xBE, 0xBD, 0x2F, 0x87, 0xEB, 0xD1, 0xF4,
    0x7E, 0xBD, 0x00, 0x07, 0xE0, 0xBE, 0x03, 0xFB, 0xE0, 0x3F, 0xBE, 0x03, 0xFB, 0xE0, 0x3F, 0xBF,
    0xFF, 0xFB, 0xFF, 0xFF, 0xBF, 0xFF, 0xFB, 0xE0, 0x3F, 0xBE, 0x03, 0xFB, 0xE0, 0x3F, 0xBE, 0x03,
    0xF0, 0x00, 0xBF, 0x80, 0x07, 0xFF, 0xF4, 0x1F, 0xFF, 0xFC, 0x2F, 0xC1, 0xFD, 0x3F, 0x40, 0xBE,
    0x3F, 0x00, 0x7F, 0x3F, 0x40, 0xBE, 0x2F, 0xC1, 0xFD, 0x1F, 0xFF, 0xFC, 0x07, 0xFF, 0xF4, 0x01,
    0xBF, 0x80, 0xBF, 0xFF, 0xFB, 0xFF, 0xFF, 0xBF, 0xFF, 0xFB, 0xE0, 0x3F, 0xBE, 0x03, 0xFB, 0xE0,
    0x3F, 0xBE, 0x03, 0xFB, 0xE0, 0x3F, 0xBE, 0x03, 0xFB, 0xE0, 0x3F, 0xBE, 0x03, 0xF0, 0x2F, 0xFE,
    0x02, 0xFF, 0xFF, 0x0B, 0xFF, 0xFF, 0x2F, 0x81, 0xFD, 0xBE, 0x02, 0xFA, 0xF8, 0x07, 0xEB, 0xE0,
    0x2F, 0xAF, 0x81, 0xFD, 0xBF, 0xFF, 0xF2, 0xFF, 0xFF, 0x4B, 0xFF, 0xF4, 0x2F, 0x80, 0x00, 0xBE,
    0x00, 0x02, 0xF8, 0x00, 0x0B, 0xE0, 0x00, 0x00, 0x00, 0xBF, 0xD0, 0x7F, 0xFD, 0x0F, 0xFF, 0xC2,
    0xFD, 0x04, 0x3F, 0x40, 0x03, 0xF0, 0x00, 0x3F, 0x40, 0x03, 0xFD, 0x00, 0x1F, 0xFF, 0xE0, 0xBF,
    0xFE, 0x01, 0xBF, 0xD0, 0xBF, 0xFF, 0xFA, 0xFF, 0xFF, 0xEB, 0xFF, 0xFF, 0x80, 0x3F, 0x00, 0x00,
    0xFC, 0x00, 0x03, 0xF0, 0x00, 0x0F, 0xC0, 0x00, 0x3F, 0x00, 0x00, 0xFC, 0x00, 0x03, 0xF0, 0x00,
    0x0F, 0xC0, 0x00, 0xBE, 0x00, 0xFC, 0x7F, 0x01, 0xFC, 0x3F, 0x02, 0xF8, 0x2F, 0x83, 0xF0, 0x1F,
    0xC3, 0xF0, 0x0F, 0xCB, 0xD0, 0x0B, 0xEF, 0xC0, 0x03, 0xFF, 0x80, 0x02, 0xFF, 0x40, 0x00, 0xFF,
    0x00, 0x00, 0xFD, 0x00, 0x01, 0xFC, 0x00, 0x7F, 0xF8, 0x00, 0xBF, 0xF0, 0x00, 0xBF, 0x80, 0x00,
    0x00, 0x02, 0xF0, 0x00, 0x00, 0x03, 0xF0, 0x00, 0x00, 0x03, 0xF0, 0x00, 0x00, 0x03, 0xF0, 0x00,
    0x00, 0x03, 0xF0, 0x00, 0x00, 0x7F, 0xFE, 0x40, 0x07, 0xFF, 0xFF, 0xF0, 0x0F, 0xFF, 0xFF, 0xFC,
    0x2F, 0xD7, 0xF2, 0xFD, 0x3F, 0x43, 0xF0, 0xBE, 0x3F, 0x03, 0xF0, 0x7E, 0x3F, 0x43, 0xF0, 0xBE,
    0x2F, 0xD7, 0xF1, 0xFD, 0x0F, 0xFF, 0xFF, 0xFC, 0x07, 0xFF, 0xFF, 0xF0, 0x00, 0xBF, 0xFE, 0x40,
    0x00, 0x03, 0xF0, 0x00, 0x00, 0x03, 0xF0, 0x00, 0x00, 0x03, 0xF0, 0x00, 0x00, 0x03, 0xF0, 0x00,
    0x7F, 0x01, 0xFC, 0x2F, 0x83, 0xF0, 0x0F, 0xDB, 0xD0, 0x03, 0xFF, 0xC0, 0x02, 0xFF, 0x00, 0x00,
    0xFE, 0x00, 0x02, 0xFF, 0x40, 0x07, 0xFF, 0xC0, 0x0F, 0xCB, 0xF0, 0x3F, 0x43, 0xF4, 0x7E, 0x00,
    0xFC, 0xBE, 0x03, 0xF0, 0xBE, 0x03, 0xF0, 0xBE, 0x03, 0xF0, 0xBE, 0x03, 0xF0, 0xBE, 0x03, 0xF0,
    0xBE, 0x03, 0xF0, 0xBE, 0x03, 0xF0, 0xBE, 0x03, 0xF0, 0xBF, 0xFF, 0xFF, 0xBF, 0xFF, 0xFF, 0xBF,
    0xFF, 0xFF, 0x00, 0x00, 0x3F, 0x00, 0x00, 0x3F, 0x00, 0x00, 0x3F, 0x3F, 0x02, 0xF4, 0xFC, 0x0B,
    0xD3, 0xF0, 0x2F, 0x4F, 0xC0, 0xBD, 0x3F, 0x82, 0xF4, 0xFF, 0xFF, 0xD1, 0xFF, 0xFF, 0x40, 0xBF,
    0xFD, 0x00, 0x02, 0xF4, 0x00, 0x0B, 0xD0, 0x00, 0x2F, 0x40, 0xBE, 0x0B, 0xE0, 0xBE, 0xBE, 0x0B,
    0xE0, 0xBE, 0xBE, 0x0B, 0xE0, 0xBE, 0xBE, 0x0B, 0xE0, 0xBE, 0xBE, 0x0B, 0xE0, 0xBE, 0xBE, 0x0B,
    0xE0, 0xBE, 0xBE, 0x0B, 0xE0, 0xBE, 0xBE, 0x0B, 0xE0, 0xBE, 0xBF, 0xFF, 0xFF, 0xFE, 0xBF, 0xFF,
    0xFF, 0xFE, 0xBF, 0xFF, 0xFF, 0xFE, 0xBE, 0x0B, 0xE0, 0xBE, 0x0B, 0xE0, 0xBE, 0x0B, 0xE0, 0xBE,
    0x0B, 0xE0, 0xBE, 0x0B, 0xE0, 0xBE, 0x0B, 0xE0, 0xBE, 0x0B, 0xE0, 0xBE, 0x0B, 0xE0, 0xBE, 0x0B,
    0xE0, 0xBE, 0x0B, 0xE0, 0xBE, 0x0B, 0xE0, 0xBE, 0x0B, 0xE0, 0xBF, 0xFF, 0xFF, 0xFF, 0xDB, 0xFF,
    0xFF, 0xFF, 0xFD, 0xBF, 0xFF, 0xFF, 0xFF, 0xD0, 0x00, 0x00, 0x00, 0x3D, 0x00, 0x00, 0x00, 0x03,
    0xD0, 0x00, 0x00, 0x00, 0x3D, 0xBF, 0xF0, 0x00, 0x2F, 0xFC, 0x00, 0x0B, 0xFF, 0x00, 0x00, 0x0F,
    0xC0, 0x00, 0x03, 0xFF, 0xF8, 0x00, 0xFF, 0xFF, 0xC0, 0x3F, 0xFF, 0xF8, 0x0F, 0xC0, 0xBE, 0x03,
    0xFF, 0xFF, 0x80, 0xFF, 0xFF, 0xC0, 0x2B, 0xFF, 0x80, 0xBE, 0x00, 0x01, 0xFE, 0xF8, 0x00, 0x07,
    0xFB, 0xE0, 0x00, 0x1F, 0xEF, 0x80, 0x00, 0x7F, 0xBF, 0xFE, 0x01, 0xFE, 0xFF, 0xFF, 0x47, 0xFB,
    0xFF, 0xFF, 0x1F, 0xEF, 0x81, 0xFC, 0x7F, 0xBF, 0xFF, 0xF1, 0xFE, 0xFF, 0xFF, 0x47, 0xF6, 0xFF,
    0xE4, 0x1F, 0xC0, 0xBE, 0x00, 0x02, 0xF8, 0x00, 0x0B, 0xE0, 0x00, 0x2F, 0x80, 0x00, 0xBF, 0xFE,
    0x02, 0xFF, 0xFF, 0x4B, 0xFF, 0xFF, 0x2F, 0x81, 0xFC, 0xBF, 0xFF, 0xF2, 0xFF, 0xFF, 0x46, 0xFF,
    0xE4, 0x00, 0x2F, 0xF9, 0x00, 0xFF, 0xFE, 0x02, 0xFF, 0xFD, 0x00, 0x01, 0xFC, 0x03, 0xFF, 0xF0,
    0x0F, 0xFF, 0xC0, 0x00, 0x3F, 0x04, 0x03, 0xFC, 0x3F, 0xFF, 0xD0, 0xFF, 0xFE, 0x02, 0xFF, 0x90,
    0x00, 0xBE, 0x00, 0x7F, 0xD0, 0x2F, 0x80, 0xBF, 0xFF, 0x0B, 0xE0, 0xBF, 0xFF, 0xE2, 0xF8, 0x3F,
    0x82, 0xFC, 0xBF, 0xFF, 0xC0, 0x3F, 0x6F, 0xFF, 0xF0, 0x0F, 0xDB, 0xFF, 0xFC, 0x03, 0xF6, 0xF8,
    0x3F, 0x82, 0xFC, 0xBE, 0x0B, 0xFF, 0xFE, 0x2F, 0x80, 0xBF, 0xFF, 0x0B, 0xE0, 0x07, 0xFD, 0x00,
    0x01, 0xFF, 0xE4, 0x3F, 0xFF, 0xF2, 0xFF, 0xFF, 0xCF, 0xE0, 0x7F, 0x3F, 0x81, 0xFC, 0xBF, 0xFF,
    0xF0, 0xFF, 0xFF, 0xC0, 0xFF, 0xFF, 0x0B, 0xE1, 0xFC, 0x7F, 0x07, 0xF3, 0xF0, 0x1F, 0xC0, 0x00,
    0x20, 0x00, 0x00, 0xF8, 0x00, 0x00, 0xFD, 0x00, 0x00, 0x2F, 0x00, 0x00, 0x0A, 0x00, 0x00, 0x00,
    0x00, 0x00, 0xBF, 0x80, 0x07, 0xFF, 0xF0, 0x0F, 0xFF, 0xFC, 0x2F, 0x80, 0xFC, 0x3F, 0xFF, 0xFD,
    0x3F, 0xFF, 0xFD, 0x3F, 0x40, 0x00, 0x3F, 0xD0, 0x10, 0x1F, 0xFF, 0xF4, 0x0B, 0xFF, 0xF8, 0x01,
    0xBF, 0xE4, 0x07, 0xC2, 0xE0, 0x0B, 0xD3, 0xF0, 0x07, 0xC2, 0xE0, 0x00, 0x00, 0x00, 0x00, 0x00,
    0x00, 0x00, 0xBF, 0x80, 0x07, 0xFF, 0xF0, 0x0F, 0xFF, 0xFC, 0x2F, 0x80, 0xFC, 0x3F, 0xFF, 0xFD,
    0x3F, 0xFF, 0xFD, 0x3F, 0x40, 0x00, 0x3F, 0xD0, 0x10, 0x1F, 0xFF, 0xF4, 0x0B, 0xFF, 0xF8, 0x01,
    0xBF, 0xE4, 0x0B, 0xC0, 0x00, 0x1F, 0xC0, 0x00, 0xBF, 0xFF, 0x00, 0xBF, 0xFF, 0x00, 0x1F, 0xC0,
    0x00, 0x1F, 0xFF, 0x80, 0x1F, 0xFF, 0xF4, 0x1F, 0xFF, 0xFC, 0x1F, 0xC2, 0xFC, 0x1F, 0xC0, 0xFC,
    0x1F, 0xC0, 0xFC, 0x1F, 0xC0, 0xFC, 0x1F, 0xC0, 0xFC, 0x1F, 0xC0, 0xFC, 0x1F, 0xC0, 0xFC, 0x1F,
    0xC0, 0xFC, 0x00, 0x00, 0xFC, 0x00, 0x1F, 0xFC, 0x00, 0x1F, 0xF8, 0x00, 0x1F, 0xD0, 0x00, 0x60,
    0x00, 0x3E, 0x00, 0x3F, 0x40, 0x2F, 0x40, 0x07, 0x00, 0x00, 0x00, 0x0B, 0xFF, 0xF6, 0xFF, 0xFD,
    0xBF, 0xFF, 0x6F, 0x80, 0x0B, 0xE0, 0x02, 0xF8, 0x00, 0xBE, 0x00, 0x2F, 0x80, 0x0B, 0xE0, 0x02,
    0xF8, 0x00, 0xBE, 0x00, 0x00, 0x01, 0xBF, 0xD0, 0x2F, 0xFF, 0xC1, 0xFF, 0xFE, 0x0F, 0xD0, 0x10,
    0x3F, 0xFF, 0x00, 0xFF, 0xFC, 0x03, 0xF0, 0x00, 0x0F, 0xF0, 0x04, 0x1F, 0xFF, 0xF0, 0x2F, 0xFF,
    0xC0, 0x1B, 0xFE, 0x00, 0x02, 0xFF, 0x40, 0xFF, 0xF8, 0x2F, 0xFF, 0x43, 0xF4, 0x10, 0x3F, 0xFE,
    0x41, 0xFF, 0xFC, 0x06, 0xBF, 0xC1, 0x40, 0xFD, 0x3F, 0xFF, 0xC3, 0xFF, 0xF8, 0x2F, 0xFD, 0x00,
    0x3D, 0xFF, 0xFF, 0x3D, 0x00, 0xBE, 0xBE, 0xBE, 0xBE, 0xBE, 0xBE, 0xBE, 0xBE, 0xBE, 0xBE, 0xBE,
    0x2E, 0x0F, 0x4F, 0xC7, 0xF2, 0xE0, 0xF4, 0x00, 0x00, 0x00, 0x00, 0x00, 0xBE, 0x00, 0x2F, 0x80,
    0x0B, 0xE0, 0x02, 0xF8, 0x00, 0xBE, 0x00, 0x2F, 0x80, 0x0B, 0xE0, 0x02, 0xF8, 0x00, 0xBE, 0x00,
    0x2F, 0x80, 0x0B, 0xE0, 0x00, 0xF4, 0x0F, 0xF0, 0x3F, 0xC0, 0x3D, 0x00, 0x00, 0x0B, 0xE0, 0x2F,
    0x80, 0xBE, 0x02, 0xF8, 0x0B, 0xE0, 0x2F, 0x80, 0xBE, 0x02, 0xF8, 0x0B, 0xE0, 0x2F, 0x80, 0xBE,
    0x03, 0xF8, 0xFF, 0xD7, 0xFF, 0x1F, 0xE0, 0x02, 0xFF, 0xFE, 0x00, 0x00, 0x0B, 0xFF, 0xF8, 0x00,
    0x00, 0x2F, 0xFF, 0xE0, 0x00, 0x00, 0xBD, 0x1F, 0x80, 0x00, 0x02, 0xF4, 0x7F, 0xFE, 0x40, 0x0F,
    0xC1, 0xFF, 0xFF, 0x80, 0x7F, 0x07, 0xFF, 0xFF, 0x07, 0xFC, 0x1F, 0xC1, 0xFC, 0xBF, 0xD0, 0x7F,
    0xFF, 0xF2, 0xFD, 0x01, 0xFF, 0xFF, 0x87, 0x80, 0x02, 0xFF, 0xE4, 0x00, 0xBE, 0x03, 0xF0, 0x00,
    0x2F, 0x80, 0xFC, 0x00, 0x0B, 0xE0, 0x3F, 0x00, 0x02, 0xF8, 0x0F, 0xC0, 0x00, 0xBF, 0xFF, 0xFF,
    0xF4, 0x2F, 0xFF, 0xFF, 0xFF, 0xCB, 0xFF, 0xFF, 0xFF, 0xF6, 0xF8, 0x0F, 0xC0, 0xFD, 0xBE, 0x03,
    0xFF, 0xFF, 0x6F, 0x80, 0xFF, 0xFF, 0xCB, 0xE0, 0x2B, 0xFF, 0x40, 0x0B, 0xC0, 0x00, 0x1F, 0xC0,
    0x00, 0xBF, 0xFF, 0x00, 0xBF, 0xFF, 0x00, 0x1F, 0xC0, 0x00, 0x1F, 0xFF, 0x80, 0x1F, 0xFF, 0xF4,
    0x1F, 0xFF, 0xFC, 0x1F, 0xC2, 0xFC, 0x1F, 0xC0, 0xFC, 0x1F, 0xC0, 0xFC, 0x1F, 0xC0, 0xFC, 0x1F,
    0xC0, 0xFC, 0x1F, 0xC0, 0xFC, 0x1F, 0xC0, 0xFC, 0x1F, 0xC0, 0xFC, 0x00, 0x08, 0x00, 0x00, 0x2F,
    0x00, 0x00, 0x7E, 0x00, 0x00, 0xF8, 0x00, 0x00, 0xA0, 0x00, 0x00, 0x00, 0x00, 0xBE, 0x03, 0xF8,
    0xBE, 0x0F, 0xE0, 0xBE, 0x3F, 0x80, 0xBE, 0xFE, 0x00, 0xBF, 0xFC, 0x00, 0xBF, 0xF4, 0x00, 0xBF,
    0xFC, 0x00, 0xBE, 0xBF, 0x00, 0xBE, 0x2F, 0xC0, 0xBE, 0x0B, 0xF0, 0xBE, 0x03, 0xF8, 0x01, 0x40,
    0x00, 0x1F, 0x00, 0x00, 0x7F, 0x00, 0x00, 0x3E, 0x00, 0x00, 0x34, 0x00, 0x00, 0x00, 0x0B, 0xE0,
    0x2F, 0xAF, 0x81, 0xFE, 0xBE, 0x0F, 0xFA, 0xF8, 0xFF, 0xEB, 0xEB, 0xFF, 0xAF, 0xBF, 0xBE, 0xBF,
    0xF2, 0xFA, 0xFF, 0x4B, 0xEB, 0xFC, 0x2F, 0xAF, 0xC0, 0xBE, 0xBE, 0x02, 0xF8, 0x01, 0x01, 0x00,
    0x0F, 0x87, 0xC0, 0x07, 0xFF, 0x80, 0x01, 0xFE, 0x00, 0x00, 0x00, 0x00, 0x00, 0x00, 0x00, 0xBE,
    0x00, 0xFC, 0x7F, 0x01, 0xFC, 0x3F, 0x02, 0xF8, 0x2F, 0x83, 0xF0, 0x1F, 0xC3, 0xF0, 0x0F, 0xCB,
    0xD0, 0x0B, 0xEF, 0xC0, 0x03, 0xFF, 0x80, 0x02, 0xFF, 0x40, 0x00, 0xFF, 0x00, 0x00, 0xFD, 0x00,
    0x01, 0xFC, 0x00, 0x7F, 0xF8, 0x00, 0xBF, 0xF0, 0x00, 0xBF, 0x80, 0x00, 0xBE, 0x03, 0xFB, 0xE0,
    0x3F, 0xBE, 0x03, 0xFB, 0xE0, 0x3F, 0xBE, 0x03, 0xFB, 0xE0, 0x3F, 0xBE, 0x03, 0xFB, 0xE0, 0x3F,
    0xBF, 0xFF, 0xFB, 0xFF, 0xFF, 0xBF, 0xFF, 0xF0, 0x0F, 0x80, 0x00, 0xF8, 0x00, 0x0F, 0x80, 0x01,
    0xFC, 0x00, 0x00, 0x07, 0xF0, 0x00, 0x0B, 0xFF, 0xFF, 0xC0, 0x2F, 0xFF, 0xFF, 0x00, 0xBF, 0xFF,
    0xFC, 0x00, 0x07, 0xF0, 0x00, 0x00, 0x1F, 0xFF, 0x90, 0x00, 0x7F, 0xFF, 0xF4, 0x01, 0xFF, 0xFF,
    0xF0, 0x07, 0xF0, 0x2F, 0xE0, 0x1F, 0xC0, 0x3F, 0x80, 0x7F, 0x00, 0xFE, 0x01, 0xFC, 0x0B, 0xF4,
    0x07, 0xFF, 0xFF, 0xC0, 0x1F, 0xFF, 0xFC, 0x00, 0x2F, 0xFE, 0x40, 0x02, 0xF0, 0x00, 0x00, 0xFC,
    0x00, 0x00, 0x3F, 0x00, 0x00, 0x0F, 0xC0, 0x00, 0x03, 0xF0, 0x00, 0x3F, 0xFF, 0xFC, 0x0F, 0xFF,
    0xFF, 0x03, 0xFF, 0xFF, 0xC0, 0x03, 0xF0, 0x00, 0x00, 0xFC, 0x00, 0x00, 0x3F, 0xFF, 0x40, 0x0F,
    0xFF, 0xFC, 0x03, 0xF0, 0x3F, 0x40, 0xFF, 0xFF, 0xD0, 0x3F, 0xFF, 0xF0, 0x0A, 0xFF, 0xE0, 0x00,
    0x7F, 0xE4, 0x00, 0x1F, 0xFF, 0xFC, 0x01, 0xFF, 0xFF, 0xFC, 0x0F, 0xF4, 0x0B, 0xF8, 0x7F, 0x00,
    0x07, 0xF2, 0xFF, 0xF8, 0x0F, 0xDF, 0xFF, 0xFF, 0xFF, 0x7F, 0xFF, 0xFF, 0xFE, 0xFF, 0x02, 0xFF,
    0xF6, 0xFC, 0x00, 0x1F, 0xD7, 0xF4, 0x00, 0xFF, 0x0F, 0xF4, 0x0F, 0xF8, 0x1F, 0xFF, 0xFF, 0xC0,
    0x1F, 0xFF, 0xFC, 0x00, 0x0B, 0xFE, 0x40, 0x00, 0x00, 0xBF, 0x80, 0x07, 0xFF, 0xF0, 0x1F, 0xFF,
    0xFC, 0x2F, 0x81, 0xFD, 0x3F, 0xF8, 0x7E, 0x3F, 0xFF, 0xFF, 0x3F, 0x0B, 0xFE, 0x2F, 0x80, 0xFD,
    0x1F, 0xFF, 0xFC, 0x0B, 0xFF, 0xF4, 0x01, 0xBF, 0x80, 0xBF, 0x00, 0x00, 0xBE, 0x47, 0xF4, 0x00,
    0x3F, 0xFC, 0x3F, 0x80, 0x07, 0xFF, 0x42, 0xFC, 0x00, 0xBE, 0x00, 0x0F, 0xD0, 0x0F, 0xC0, 0x00,
    0xFE, 0x01, 0xFC, 0x00, 0x07, 0xF0, 0x3F, 0x40, 0x00, 0x3F, 0x47, 0xF0, 0x00, 0x02, 0xFC, 0xBE,
    0x00, 0x00, 0x1F, 0xCF, 0xC0, 0x00, 0x00, 0xFF, 0xFC, 0x00, 0x00, 0x0B, 0xFF, 0x40, 0x00, 0x00,
    0x3F, 0xF0, 0x00, 0x00, 0x02, 0xFE, 0x00, 0x00, 0x00, 0x0F, 0xD0, 0x00, 0x00, 0xBE, 0x00, 0x7F,
    0x5F, 0xC0, 0x3F, 0xD3, 0xF0, 0x2F, 0xF4, 0xBE, 0x0F, 0xC0, 0x1F, 0xC7, 0xE0, 0x03, 0xF2, 0xF0,
    0x00, 0xBD, 0xFC, 0x00, 0x0F, 0xFD, 0x00, 0x02, 0xFF, 0x00, 0x00, 0x3F, 0x80, 0x00, 0x0F, 0xD0,
    0x00, 0x00, 0xB0, 0xB4, 0x00, 0x00, 0xFF, 0xF4, 0x00, 0x00, 0x2F, 0xD0, 0x00, 0x00, 0x00, 0x00,
    0x00, 0x7F, 0x00, 0x0F, 0xC0, 0x7F, 0x00, 0x2F, 0xC0, 0x7F, 0x00, 0xBF, 0xC0, 0x7F, 0x01, 0xFF,
    0xC0, 0x7F, 0x03, 0xFF, 0xC0, 0x7F, 0x0B, 0xEF, 0xC0, 0x7F, 0x1F, 0xCF, 0xC0, 0x7F, 0x3F, 0x0F,
    0xC0, 0x7F, 0xBD, 0x0F, 0xC0, 0x7F, 0xF8, 0x0F, 0xC0, 0x7F, 0xF0, 0x0F, 0xC0, 0x7F, 0xE0, 0x0F,
    0xC0, 0x7F, 0xC0, 0x0F, 0xFD, 0x7F, 0x40, 0x0F, 0xFD, 0x7E, 0x00, 0x0F, 0xFC, 0x00, 0x00, 0x00,
    0xFC, 0x00, 0x00, 0x02, 0xF4, 0x00, 0x00, 0x03, 0xF0, 0x00, 0x00, 0x00, 0xC0, 0x0B, 0x0B, 0x40,
    0x03, 0xFF, 0xD0, 0x00, 0x2F, 0xD0, 0x00, 0x00, 0x00, 0x00, 0x00, 0x00, 0x00, 0x3F, 0x00, 0xFC,
    0x0F, 0xC0, 0xBF, 0x03, 0xF0, 0x7F, 0xC0, 0xFC, 0x3F, 0xF0, 0x3F, 0x3F, 0xFC, 0x0F, 0xEF, 0x7F,
    0x03, 0xFF, 0x8F, 0xC0, 0xFF, 0xC3, 0xF0, 0x3F, 0xD0, 0xFF, 0xCF, 0xE0, 0x3F, 0xF3, 0xF0, 0x0F,
    0xF8, 0x00, 0x00, 0x7C, 0x00, 0x00, 0x3E, 0x00, 0x00, 0x0A, 0x00, 0x0F, 0xC0, 0x00, 0x03, 0xF0,
    0x00, 0x0F, 0xFF, 0xD0, 0x03, 0xFF, 0xF4, 0x00, 0x0F, 0xC0, 0x00, 0x03, 0xFF, 0xF8, 0x00, 0xFF,
    0xFF, 0xE0, 0x3F, 0xFF, 0xFD, 0x0F, 0xC0, 0x7F, 0x83, 0xF0, 0x0B, 0xF0, 0xFC, 0x01, 0xFC, 0x3F,
    0x01, 0xFE, 0x0F, 0xFF, 0xFF, 0x43, 0xFF, 0xFF, 0x40, 0xBF, 0xFE, 0x00, 0x1F, 0x80, 0x00, 0xFF,
    0xFE, 0x00, 0xFF, 0xFE, 0x00, 0x1F, 0x80, 0x00, 0x1F, 0xFF, 0x90, 0x1F, 0xFF, 0xF4, 0x1F, 0x81,
    0xFC, 0x1F, 0x81, 0xFC, 0x1F, 0xFF, 0xFC, 0x1F, 0xFF, 0xF4, 0x0B, 0xFF, 0x90, 0x2F, 0xFF, 0x80,
    0x7F, 0xFF, 0xF8, 0x7F, 0xFF, 0xFD, 0x7F, 0x01, 0xFF, 0x7F, 0x04, 0x7F, 0x7F, 0x3D, 0x7F, 0x7F,
    0x2F, 0xFF, 0x7F, 0xFF, 0xFD, 0x7F, 0xFF, 0xF4, 0x7F, 0xFF, 0xF0, 0x7F, 0x02, 0xF4, 0x7F, 0x00,
    0xF0, 0x7F, 0x00, 0x00, 0x7F, 0x00, 0x00, 0x7F, 0x00, 0x00, 0x2F, 0xFE, 0x02, 0xFF, 0xFF, 0x4B,
    0xFF, 0xFF, 0x2F, 0x81, 0xFE, 0xBE, 0x02, 0xFE, 0xF8, 0x07, 0xFB, 0xE2, 0x9F, 0xEF, 0x9F, 0xFE,
    0xBF, 0xFF, 0xF6, 0xFF, 0xFF, 0x8B, 0xFF, 0xFC, 0x2F, 0x80, 0xF8, 0xBE, 0x01, 0xF2, 0xF8, 0x01,
    0x0B, 0xE0, 0x00, 0x00, 0x00, 0x02, 0xF8, 0x00, 0x0B, 0xE0, 0x00, 0x2F, 0x9F, 0xFF, 0xFE, 0x7F,
    0xFF, 0xF9, 0xFF, 0xFF, 0xE7, 0xF0, 0x00, 0x1F, 0xC0, 0x00, 0x7F, 0x00, 0x01, 0xFC, 0x00, 0x07,
    0xF0, 0x00, 0x1F, 0xC0, 0x00, 0x7F, 0x00, 0x01, 0xFC, 0x00, 0x07, 0xF0, 0x00, 0x1F, 0xC0, 0x00,
    0x7F, 0x00, 0x01, 0xFC, 0x00, 0x00, 0x00, 0x1F, 0x40, 0x07, 0xD0, 0x01, 0xF6, 0xFF, 0xFD, 0xBF,
    0xFF, 0x6F, 0xFF, 0xDB, 0xE0, 0x02, 0xF8, 0x00, 0xBE, 0x00, 0x2F, 0x80, 0x0B, 0xE0, 0x02, 0xF8,
    0x00, 0xBE, 0x00, 0x2F, 0x80, 0x00, 0x0F, 0xFF, 0xFF, 0x0F, 0xFF, 0xFF, 0x0F, 0xFF, 0xFF, 0x0F,
    0xC0, 0x00, 0x0F, 0xC0, 0x00, 0x0F, 0xC0, 0x00, 0xBF, 0xFF, 0xC0, 0xBF, 0xFF, 0xC0, 0xBF, 0xFF,
    0xC0, 0x0F, 0xC0, 0x00, 0x0F, 0xC0, 0x00, 0x0F, 0xC0, 0x00, 0x0F, 0xC0, 0x00, 0x0F, 0xC0, 0x00,
    0x0F, 0xC0, 0x00, 0x0F, 0xFF, 0xE0, 0xFF, 0xFE, 0x0F, 0xFF, 0xE0, 0xFC, 0x00, 0x0F, 0xC0, 0x0F,
    0xFF, 0xE0, 0xFF, 0xFE, 0x00, 0xFC, 0x00, 0x0F, 0xC0, 0x00, 0xFC, 0x00, 0x0F, 0xC0, 0x00, 0x7F,
    0xFF, 0xF4, 0x1F, 0xFF, 0xFD, 0x07, 0xFF, 0xFF, 0x41, 0xFC, 0x00, 0x00, 0x7F, 0x00, 0x00, 0x1F,
    0xC0, 0x00, 0x07, 0xFF, 0xF8, 0x01, 0xFF, 0xFF, 0xD0, 0x7F, 0xFF, 0xFC, 0x1F, 0xC0, 0x7F, 0x87,
    0xF0, 0x07, 0xF1, 0xFC, 0x00, 0xFC, 0x7F, 0x00, 0x3F, 0x1F, 0xC0, 0x0F, 0xC7, 0xF0, 0x07, 0xF0,
    0x00, 0x07, 0xF8, 0x00, 0x3F, 0xFC, 0x00, 0x0F, 0xFD, 0x00, 0x03, 0xF8, 0x00, 0xBF, 0xFF, 0xC2,
    0xFF, 0xFF, 0x0B, 0xFF, 0xFC, 0x2F, 0x80, 0x00, 0xBE, 0x00, 0x02, 0xFF, 0xF8, 0x0B, 0xFF, 0xFC,
    0x2F, 0xFF, 0xF8, 0xBE, 0x07, 0xF2, 0xF8, 0x0B, 0xCB, 0xE0, 0x2F, 0x00, 0x01, 0xFC, 0x00, 0xFF,
    0xE0, 0x03, 0xFF, 0x00, 0x0F, 0xE0, 0x00, 0x7F, 0x80, 0x7F, 0x00, 0xFF, 0x02, 0xFD, 0x07, 0xF0,
    0x2F, 0xD0, 0x0F, 0xF0, 0x7F, 0x07, 0xF8, 0x00, 0x7F, 0x87, 0xF0, 0xFF, 0x00, 0x02, 0xFE, 0x7F,
    0x3F, 0xC0, 0x00, 0x0B, 0xFB, 0xFB, 0xF4, 0x00, 0x00, 0x3F, 0xFF, 0xFE, 0x00, 0x00, 0x01, 0xFF,
    0xFF, 0xC0, 0x00, 0x00, 0x3F, 0xFF, 0xFE, 0x00, 0x00, 0x0F, 0xF7, 0xFF, 0xF8, 0x00, 0x03, 0xFC,
    0x7F, 0x3F, 0xD0, 0x00, 0xBF, 0x47, 0xF0, 0xFF, 0x00, 0x0F, 0xE0, 0x7F, 0x03, 0xFF, 0xC3, 0xFC,
    0x07, 0xF0, 0x1F, 0xFC, 0x7F, 0x00, 0x7F, 0x00, 0xBF, 0xC0, 0x00, 0x00, 0x00, 0x00, 0xFC, 0x00,
    0x00, 0x00, 0x00, 0x0F, 0xC0, 0x00, 0x00, 0x00, 0x00, 0xFC, 0x00, 0x00, 0x00, 0x00, 0x0F, 0xC0,
    0x3F, 0x42, 0xF4, 0x2F, 0xC1, 0xFC, 0x2F, 0x47, 0xF4, 0x0B, 0xF2, 0xF4, 0xFE, 0x00, 0x3F, 0xEF,
    0x7F, 0xC0, 0x00, 0xFF, 0xFF, 0xF0, 0x00, 0x07, 0xFF, 0xFD, 0x00, 0x00, 0xFF, 0xFF, 0xF4, 0x00,
    0x3F, 0xAF, 0xFF, 0xD0, 0x0F, 0xE2, 0xF6, 0xFF, 0xF2, 0xFC, 0x2F, 0x47, 0xFF, 0x7F, 0x02, 0xF4,
    0x1F, 0xF0, 0x00, 0x00, 0x00, 0x3F, 0x00, 0x00, 0x00, 0x03, 0xF0, 0x00, 0x00, 0x00, 0x3F, 0x07,
    0xFF, 0x80, 0x3F, 0xFF, 0xF0, 0x1F, 0xFF, 0xFC, 0x0D, 0x02, 0xFC, 0x00, 0x00, 0xFC, 0x00, 0x02,
    0xFC, 0x03, 0xFF, 0xF4, 0x03, 0xFF, 0xF0, 0x03, 0xFF, 0xFC, 0x00, 0x01, 0xFE, 0x00, 0x00, 0xBF,
    0x29, 0x01, 0xFF, 0x3F, 0xFF, 0xFE, 0x7F, 0xFF, 0xFC, 0x1B, 0xFF, 0xD0, 0x00, 0x3C, 0x00, 0x00,
    0x3F, 0x00, 0x00, 0x1F, 0x00, 0x01, 0xFF, 0x00, 0x01, 0xFC, 0x00, 0x2F, 0xFE, 0x03, 0xFF, 0xFC,
    0x2F, 0xFF, 0xD0, 0x00, 0xFC, 0x0B, 0xFF, 0x40, 0xBF, 0xFC, 0x00, 0x0B, 0xD1, 0x00, 0xBE, 0x3F,
    0xFF, 0xE3, 0xFF, 0xFC, 0x2F, 0xFE, 0x00, 0x0F, 0x00, 0x00, 0xFC, 0x00, 0x07, 0xC0, 0x07, 0xFC,
    0x00, 0x7F, 0x00, 0x7F, 0x00, 0xBF, 0x41, 0xFC, 0x07, 0xF4, 0x07, 0xF0, 0x7F, 0x80, 0x1F, 0xC7,
    0xF8, 0x00, 0x7F, 0x7F, 0x80, 0x01, 0xFF, 0xF8, 0x00, 0x07, 0xFF, 0xC0, 0x00, 0x1F, 0xFF, 0x80,
    0x00, 0x7F, 0xFF, 0x80, 0x01, 0xFC, 0xFF, 0x40, 0x07, 0xF0, 0xFF, 0x00, 0x1F, 0xC1, 0xFF, 0x00,
    0x7F, 0x01, 0xFF, 0xF1, 0xFC, 0x02, 0xFF, 0xC7, 0xF0, 0x03, 0xFF, 0x00, 0x00, 0x00, 0xFC, 0x00,
    0x00, 0x03, 0xF0, 0x00, 0x00, 0x0F, 0xC0, 0x00, 0x00, 0x3F, 0x00, 0xBE, 0x03, 0xF8, 0xBE, 0x0F,
    0xE0, 0xBE, 0x3F, 0xC0, 0xBE, 0xBF, 0x00, 0xBF, 0xFC, 0x00, 0xBF, 0xF4, 0x00, 0xBF, 0xFD, 0x00,
    0xBE, 0xBF, 0x80, 0xBE, 0x2F, 0xFD, 0xBE, 0x0B, 0xFD, 0xBE, 0x03, 0xFD, 0x00, 0x00, 0x7D, 0x00,
    0x00, 0x7D, 0x00, 0x00, 0x7D, 0x7F, 0x00, 0x03, 0xF8, 0x7F, 0x00, 0x0F, 0xF0, 0x7F, 0x3C, 0x2F,
    0xC0, 0x7F, 0x3C, 0xBF, 0x00, 0x7F, 0x3E, 0xFC, 0x00, 0x7F, 0xFF, 0xF0, 0x00, 0x7F, 0xFF, 0xF0,
    0x00, 0x7F, 0xFF, 0xFC, 0x00, 0x7F, 0x3E, 0xFE, 0x00, 0x7F, 0x3C, 0xFF, 0x40, 0x7F, 0x3C, 0x3F,
    0xC0, 0x7F, 0x00, 0x2F, 0xE0, 0x7F, 0x00, 0x0F, 0xF0, 0x7F, 0x00, 0x07, 0xF8, 0x7F, 0x00, 0x03,
    0xFC, 0xBE, 0x00, 0x3F, 0x4B, 0xEB, 0x0F, 0xE0, 0xBE, 0xB3, 0xF8, 0x0B, 0xEB, 0xBD, 0x00, 0xBF,
    0xFF, 0x80, 0x0B, 0xFF, 0xFD, 0x00, 0xBE, 0xBB, 0xF0, 0x0B, 0xEB, 0x3F, 0xC0, 0xBE, 0x00, 0xFE,
    0x0B, 0xE0, 0x07, 0xF0, 0xBE, 0x00, 0x3F, 0xC0, 0x0F, 0xC0, 0x00, 0x00, 0x3F, 0x00, 0x2F, 0xDF,
    0xFF, 0xC1, 0xFD, 0x3F, 0xFF, 0x1F, 0xE0, 0x0F, 0xC1, 0xFF, 0x00, 0x3F, 0x0F, 0xF0, 0x00, 0xFD,
    0xFF, 0x00, 0x03, 0xFF, 0xF0, 0x00, 0x0F, 0xFF, 0x00, 0x00, 0x3F, 0xFF, 0x00, 0x00, 0xFD, 0xFF,
    0x00, 0x03, 0xF0, 0xFF, 0x00, 0x0F, 0xC0, 0xFF, 0x00, 0x3F, 0x00, 0xFE, 0x00, 0xFC, 0x01, 0xFD,
    0x03, 0xF0, 0x03, 0xFC, 0x1F, 0x80, 0x00, 0x3F, 0xFC, 0x2F, 0xCF, 0xFF, 0x2F, 0xD3, 0xFF, 0xEF,
    0xD0, 0x1F, 0x9F, 0xD0, 0x07, 0xFF, 0xD0, 0x01, 0xFF, 0xE0, 0x00, 0x7F, 0xFD, 0x00, 0x1F, 0x9F,
    0xD0, 0x07, 0xE1, 0xFD, 0x01, 0xF8, 0x1F, 0xC0, 0x7E, 0x02, 0xFC, 0xBF, 0xFD, 0x00, 0xFE, 0x2F,
    0xFF, 0x40, 0xFF, 0x0B, 0xFF, 0xD0, 0xFF, 0x00, 0x03, 0xF4, 0xFF, 0x00, 0x00, 0xFD, 0xFF, 0x00,
    0x00, 0x3F, 0xFF, 0x00, 0x00, 0x0F, 0xFF, 0x40, 0x00, 0x03, 0xFF, 0xF0, 0x00, 0x00, 0xFD, 0xFF,
    0x00, 0x00, 0x3F, 0x4F, 0xF0, 0x00, 0x0F, 0xD0, 0xFE, 0x00, 0x03, 0xF4, 0x1F, 0xD0, 0x00, 0xFD,
    0x03, 0xFC, 0x00, 0x3F, 0x40, 0x3F, 0x80, 0x0F, 0xD0, 0x0B, 0xF0, 0xBF, 0xF0, 0x2F, 0xCB, 0xFF,
    0x0B, 0xF0, 0xBF, 0xF2, 0xFC, 0x00, 0x3F, 0xFF, 0x00, 0x03, 0xFF, 0xC0, 0x00, 0x3F, 0xFF, 0x00,
    0x03, 0xF7, 0xF8, 0x00, 0x3F, 0x0F, 0xD0, 0x03, 0xF0, 0xBF, 0x00, 0x3F, 0x03, 0xF8, 0x03, 0xF0,
    0x1F, 0xD0, 0x7F, 0x00, 0x2F, 0x80, 0x7F, 0x00, 0x2F, 0x80, 0x7F, 0x00, 0x2F, 0x80, 0x7F, 0x00,
    0x2F, 0x80, 0x7F, 0x00, 0x2F, 0x80, 0x7F, 0x00, 0x2F, 0x80, 0x7F, 0xFF, 0xFF, 0x80, 0x7F, 0xFF,
    0xFF, 0x80, 0x7F, 0xFF, 0xFF, 0x80, 0x7F, 0x00, 0x2F, 0x80, 0x7F, 0x00, 0x2F, 0x80, 0x7F, 0x00,
    0x2F, 0x80, 0x7F, 0x00, 0x2F, 0xFE, 0x7F, 0x00, 0x2F, 0xFE, 0x7F, 0x00, 0x2F, 0xFE, 0x00, 0x00,
    0x00, 0xBE, 0x00, 0x00, 0x00, 0xBE, 0x00, 0x00, 0x00, 0xBE, 0x00, 0x00, 0x00, 0xBE, 0xBE, 0x03,
    0xF0, 0xBE, 0x03, 0xF0, 0xBE, 0x03, 0xF0, 0xBE, 0x03, 0xF0, 0xBF, 0xFF, 0xF0, 0xBF, 0xFF, 0xF0,
    0xBF, 0xFF, 0xF0, 0xBE, 0x03, 0xF0, 0xBE, 0x03, 0xFF, 0xBE, 0x03, 0xFF, 0xBE, 0x03, 0xFF, 0x00,
    0x00, 0x3F, 0x00, 0x00, 0x3F, 0x00, 0x00, 0x3F, 0x7F, 0x00, 0x2F, 0xFF, 0x5F, 0xC0, 0x0B, 0xFF,
    0xD7, 0xF0, 0x02, 0xFF, 0xF5, 0xFC, 0x00, 0xBE, 0x00, 0x7F, 0x00, 0x2F, 0x80, 0x1F, 0xC0, 0x0B,
    0xE0, 0x07, 0xFF, 0xFF, 0xF8, 0x01, 0xFF, 0xFF, 0xFE, 0x00, 0x7F, 0xFF, 0xFF, 0x80, 0x1F, 0xC0,
    0x0B, 0xE0, 0x07, 0xF0, 0x02, 0xF8, 0x01, 0xFC, 0x00, 0xBE, 0x00, 0x7F, 0x00, 0x2F, 0x80, 0x1F,
    0xC0, 0x0B, 0xE0, 0x07, 0xF0, 0x02, 0xF8, 0x00, 0xBE, 0x03, 0xFF, 0xAF, 0x80, 0xFF, 0xEB, 0xE0,
    0x3F, 0xFA, 0xF8, 0x0F, 0xC0, 0xBF, 0xFF, 0xF0, 0x2F, 0xFF, 0xFC, 0x0B, 0xFF, 0xFF, 0x02, 0xF8,
    0x0F, 0xC0, 0xBE, 0x03, 0xF0, 0x2F, 0x80, 0xFC, 0x0B, 0xE0, 0x3F, 0x00, 0x7F, 0xFF, 0xFF, 0x80,
    0x00, 0x07, 0xFF, 0xFF, 0xF8, 0x00, 0x00, 0x7F, 0xFF, 0xFF, 0x80, 0x00, 0x07, 0xF0, 0x02, 0xF8,
    0x00, 0x00, 0x7F, 0x00, 0x2F, 0x80, 0x00, 0x07, 0xF0, 0x02, 0xF8, 0x00, 0x00, 0x7F, 0x00, 0x2F,
    0xFF, 0xE0, 0x07, 0xF0, 0x02, 0xFF, 0xFF, 0xD0, 0x7F, 0x00, 0x2F, 0xFF, 0xFF, 0x47, 0xF0, 0x02,
    0xF8, 0x07, 0xFC, 0x7F, 0x00, 0x2F, 0x80, 0x0F, 0xC7, 0xF0, 0x02, 0xF8, 0x00, 0xFD, 0x7F, 0x00,
    0x2F, 0x80, 0x0F, 0xD7, 0xF0, 0x02, 0xF8, 0x00, 0xFD, 0x7F, 0x00, 0x2F, 0x80, 0x1F, 0xC0, 0x00,
    0x00, 0x00, 0x07, 0xF8, 0x00, 0x00, 0x00, 0x0F, 0xFF, 0x00, 0x00, 0x00, 0x00, 0xFF, 0xD0, 0x00,
    0x00, 0x00, 0x0F, 0xE0, 0x00, 0xBF, 0xFF, 0xF0, 0x00, 0x2F, 0xFF, 0xFC, 0x00, 0x0B, 0xFF, 0xFF,
    0x00, 0x02, 0xF8, 0x0F, 0xC0, 0x00, 0xBE, 0x03, 0xFF, 0xE0, 0x2F, 0x80, 0xFF, 0xFF, 0x4B, 0xE0,
    0x3F, 0xFF, 0xF2, 0xF8, 0x0F, 0xC1, 0xFD, 0xBE, 0x03, 0xF0, 0x1F, 0xAF, 0x80, 0xFC, 0x07, 0xEB,
    0xE0, 0x3F, 0x01, 0xF8, 0x00, 0x00, 0x00, 0xFD, 0x00, 0x00, 0x07, 0xFF, 0x00, 0x00, 0x01, 0xFF,
    0x40, 0x00, 0x00, 0xBE, 0x40, 0x00, 0x6F, 0xF8, 0x00, 0x03, 0xFF, 0xFC, 0x00, 0x1F, 0xFF, 0xF8,
    0x00, 0x3F, 0xE0, 0x00, 0x00, 0x7F, 0x40, 0x00, 0x00, 0xBF, 0x00, 0xBF, 0x80, 0xFE, 0x07, 0xFF,
    0xF0, 0xFE, 0x0F, 0xFF, 0xF8, 0xFD, 0x1F, 0xD1, 0xFC, 0xFE, 0x1F, 0xC0, 0xFC, 0xBF, 0x1F, 0xC1,
    0xFC, 0x3F, 0xEF, 0xC7, 0xF8, 0x1F, 0xFF, 0xFF, 0xF0, 0x07, 0xFF, 0xFF, 0xC0, 0x00, 0xBF, 0xFD,
    0x00, 0x00, 0x02, 0xFE, 0x40, 0x00, 0x00, 0xFF, 0xF8, 0x00, 0x00, 0x2F, 0xF4, 0x00, 0x00, 0x01,
    0xB0, 0x00, 0xBF, 0x80, 0x01, 0xFF, 0xF4, 0x00, 0xFF, 0xFC, 0x00, 0xBE, 0x0B, 0xF4, 0x3F, 0x0F,
    0xFF, 0x0F, 0x87, 0xD3, 0xE3, 0xF2, 0xF0, 0xF8, 0xFE, 0xBC, 0x7E, 0x1F, 0xFF, 0xFF, 0x02, 0xFF,
    0xFF, 0x40, 0x1B, 0xFF, 0x00, 0x00, 0x1F, 0xE0, 0x00, 0x01, 0xFF, 0x40, 0x00, 0x0B, 0xC0, 0x00,
    0x7F, 0xF8, 0x01, 0xFF, 0xFF, 0xC1, 0xFF, 0xFF, 0xE0, 0xFF, 0x40, 0x60, 0x7F, 0x40, 0x00, 0x2F,
    0xC0, 0x00, 0x0F, 0xE0, 0x00, 0x03, 0xF4, 0x00, 0x00, 0xFE, 0x00, 0x00, 0x3F, 0xC0, 0x00, 0x07,
    0xF4, 0x00, 0x00, 0xFF, 0x40, 0x14, 0x1F, 0xFF, 0xFE, 0x01, 0xFF, 0xFF, 0xC0, 0x06, 0xFF, 0x90,
    0x00, 0x3C, 0x00, 0x00, 0x0F, 0x80, 0x00, 0x01, 0xF0, 0x00, 0x0B, 0xFC, 0x00, 0x02, 0xF8, 0x00,
    0x00, 0xBF, 0x90, 0x7F, 0xFD, 0x1F, 0xFF, 0xC2, 0xFD, 0x04, 0x3F, 0x40, 0x03, 0xF0, 0x00, 0x3F,
    0x40, 0x02, 0xFD, 0x00, 0x0F, 0xFF, 0xE0, 0x7F, 0xFE, 0x00, 0x7F, 0xE0, 0x03, 0xD0, 0x00, 0x1F,
    0x00, 0x1F, 0xF0, 0x01, 0xFC, 0x00, 0xBF, 0xFF, 0xFF, 0x6F, 0xFF, 0xFF, 0xDB, 0xFF, 0xFF, 0xF4,
    0x00, 0xFC, 0x00, 0x00, 0x3F, 0x00, 0x00, 0x0F, 0xC0, 0x00, 0x03, 0xF0, 0x00, 0x00, 0xFC, 0x00,
    0x00, 0x3F, 0x00, 0x00, 0x0F, 0xC0, 0x00, 0x03, 0xF0, 0x00, 0x00, 0xFC, 0x00, 0x00, 0x3F, 0xF8,
    0x00, 0x0F, 0xFE, 0x00, 0x03, 0xFF, 0x80, 0x00, 0x07, 0xE0, 0x00, 0x01, 0xF8, 0x00, 0x00, 0x7E,
    0x00, 0x00, 0x1F, 0x80, 0xFF, 0xFF, 0xF7, 0xFF, 0xFF, 0xDF, 0xFF, 0xFF, 0x40, 0x7F, 0x00, 0x01,
    0xFC, 0x00, 0x07, 0xF0, 0x00, 0x1F, 0xC0, 0x00, 0x7F, 0x00, 0x01, 0xFF, 0xC0, 0x07, 0xFF, 0x00,
    0x1F, 0xFC, 0x00, 0x03, 0xF0, 0x00, 0x0F, 0xC0, 0x00, 0x3F, 0x00, 0xBF, 0x00, 0x0F, 0xE3, 0xF8,
    0x02, 0xFC, 0x2F, 0xC0, 0x3F, 0x40, 0xFE, 0x0B, 0xF0, 0x0B, 0xF0, 0xFD, 0x00, 0x3F, 0xEF, 0xC0,
    0x01, 0xFF, 0xF0, 0x00, 0x0F, 0xFE, 0x00, 0x00, 0x3F, 0xC0, 0x00, 0x02, 0xF8, 0x00, 0x00, 0x2F,
    0x80, 0x00, 0x02, 0xF8, 0x00, 0x00, 0x2F, 0x80, 0x00, 0x02, 0xF8, 0x00, 0x00, 0x2F, 0x80, 0x00,
    0xBE, 0x00, 0xFC, 0x7F, 0x01, 0xFC, 0x3F, 0x42, 0xF8, 0x2F, 0x83, 0xF0, 0x1F, 0xC7, 0xF0, 0x0F,
    0xDF, 0xD0, 0x07, 0xFF, 0xC0, 0x03, 0xFF, 0x80, 0x02, 0xFF, 0x00, 0x00, 0xFE, 0x00, 0x00, 0xFD,
    0x00, 0x00, 0xFD, 0x00, 0x00, 0xFD, 0x00, 0x00, 0xFD, 0x00, 0x00, 0xFD, 0x00, 0xBF, 0x00, 0x0F,
    0xE3, 0xF8, 0x02, 0xFC, 0x2F, 0xC0, 0x3F, 0x40, 0xFE, 0x0B, 0xF0, 0x0B, 0xF0, 0xFD, 0x00, 0x3F,
    0xAF, 0xC0, 0x01, 0xFF, 0xF4, 0x00, 0x0F, 0xFE, 0x00, 0x00, 0x7F, 0xC0, 0x00, 0x7F, 0xFF, 0xD0,
    0x07, 0xFF, 0xFD, 0x00, 0x02, 0xF8, 0x00, 0x00, 0x2F, 0x80, 0x00, 0x02, 0xF8, 0x00, 0x00, 0x2F,
    0x80, 0x00, 0xBE, 0x00, 0xFC, 0x7F, 0x01, 0xFC, 0x3F, 0x42, 0xF8, 0x2F, 0x83, 0xF0, 0x1F, 0xC7,
    0xF0, 0x0F, 0xDF, 0xD0, 0x07, 0xFF, 0xC0, 0x03, 0xFF, 0x80, 0x02, 0xFF, 0x00, 0x1F, 0xFF, 0xF0,
    0x1F, 0xFF, 0xF0, 0x00, 0xFD, 0x00, 0x00, 0xFD, 0x00, 0x00, 0xFD, 0x00, 0x00, 0xFD, 0x00, 0x7F,
    0x80, 0x1F, 0xD0, 0xBF, 0x40, 0xFF, 0x00, 0xFF, 0x0B, 0xF0, 0x01, 0xFE, 0x7F, 0x40, 0x02, 0xFF,
    0xFC, 0x00, 0x03, 0xFF, 0xC0, 0x00, 0x07, 0xFD, 0x00, 0x00, 0x0F, 0xF4, 0x00, 0x00, 0xBF, 0xF0,
    0x00, 0x07, 0xFF, 0xE0, 0x00, 0x3F, 0xFF, 0xD0, 0x02, 0xFC, 0x3F, 0xC0, 0x1F, 0xD0, 0x7F, 0xF8,
    0xFF, 0x00, 0xFF, 0xE7, 0xF0, 0x01, 0xFF, 0x80, 0x00, 0x00, 0xBE, 0x00, 0x00, 0x02, 0xF8, 0x00,
    0x00, 0x0B, 0xE0, 0x00, 0x00, 0x1F, 0x80, 0x7F, 0x01, 0xFC, 0x2F, 0xC3, 0xF0, 0x0F, 0xEF, 0xD0,
    0x07, 0xFF, 0xC0, 0x02, 0xFF, 0x00, 0x00, 0xFF, 0x00, 0x02, 0xFF, 0x80, 0x07, 0xFF, 0xD0, 0x0F,
    0xCB, 0xFF, 0x3F, 0x43, 0xFF, 0xBE, 0x01, 0xFF, 0x00, 0x00, 0x3F, 0x00, 0x00, 0x3F, 0x00, 0x00,
    0x3F, 0xBF, 0xFF, 0xFC, 0x2F, 0x80, 0xBF, 0xFF, 0xFC, 0x2F, 0x80, 0xBF, 0xFF, 0xFC, 0x2F, 0x80,
    0x00, 0xFD, 0x00, 0x2F, 0x80, 0x00, 0xFD, 0x00, 0x2F, 0x80, 0x00, 0xFD, 0x00, 0x2F, 0x80, 0x00,
    0xFD, 0x00, 0x2F, 0x80, 0x00, 0xFD, 0x00, 0x2F, 0x80, 0x00, 0xFD, 0x00, 0x2F, 0x80, 0x00, 0xFD,
    0x00, 0x2F, 0x80, 0x00, 0xFD, 0x00, 0x2F, 0x80, 0x00, 0xFD, 0x00, 0x2F, 0x80, 0x00, 0xFF, 0xFF,
    0xFF, 0xFC, 0x00, 0xFF, 0xFF, 0xFF, 0xFC, 0x00, 0xFF, 0xFF, 0xFF, 0xFC, 0x00, 0x00, 0x00, 0x00,
    0xFC, 0x00, 0x00, 0x00, 0x00, 0xFC, 0x00, 0x00, 0x00, 0x00, 0xFC, 0x00, 0x00, 0x00, 0x00, 0xFC,
    0xFF, 0xFF, 0x3F, 0x43, 0xFF, 0xFC, 0xFD, 0x0F, 0xFF, 0xF3, 0xF4, 0x02, 0xF8, 0x0F, 0xD0, 0x0B,
    0xE0, 0x3F, 0x40, 0x2F, 0x80, 0xFD, 0x00, 0xBE, 0x03, 0xF4, 0x02, 0xF8, 0x0F, 0xD0, 0x0B, 0xFF,
    0xFF, 0xF0, 0x2F, 0xFF, 0xFF, 0xC0, 0xBF, 0xFF, 0xFF, 0x00, 0x00, 0x00, 0x7C, 0x00, 0x00, 0x01,
    0xF0, 0x00, 0x00, 0x07, 0xC0, 0xFD, 0x00, 0x7F, 0x0F, 0xD0, 0x07, 0xF0, 0xFD, 0x00, 0x7F, 0x0F,
    0xD0, 0x07, 0xF0, 0xFD, 0x00, 0x7F, 0x0F, 0xE0, 0x07, 0xF0, 0xBF, 0x40, 0xBF, 0x07, 0xFF, 0xFF,
    0xF0, 0x2F, 0xFF, 0xFF, 0x00, 0x6F, 0xFF, 0xF0, 0x00, 0x00, 0x7F, 0x00, 0x00, 0x07, 0xF0, 0x00,
    0x00, 0x7F, 0xE0, 0x00, 0x07, 0xFE, 0x00, 0x00, 0x7F, 0xE0, 0x00, 0x00, 0xBE, 0x00, 0x00, 0x0B,
    0xE0, 0x00, 0x00, 0xBE, 0x00, 0x00, 0x0B, 0xE0, 0x7F, 0x03, 0xF0, 0x1F, 0xC0, 0xFC, 0x07, 0xF0,
    0x3F, 0x01, 0xFC, 0x0F, 0xC0, 0x7F, 0x43, 0xF0, 0x0F, 0xFF, 0xFC, 0x02, 0xFF, 0xFF, 0x00, 0x1F,
    0xFF, 0xC0, 0x00, 0x03, 0xFF, 0x00, 0x00, 0xFF, 0xC0, 0x00, 0x3F, 0xF0, 0x00, 0x00, 0xBC, 0x00,
    0x00, 0x2F, 0x00, 0x00, 0x0B, 0xC0, 0xFD, 0x00, 0xBE, 0xFD, 0x00, 0xBE, 0xFD, 0x00, 0xBE, 0xFD,
    0x00, 0xBE, 0xFD, 0x00, 0xBE, 0xFD, 0x3C, 0xBE, 0xFF, 0x3C, 0xBE, 0x7F, 0xFF, 0xFE, 0x3F, 0xFF,
    0xFE, 0x07, 0xFF, 0xFE, 0x00, 0x3C, 0xBE, 0x00, 0x3C, 0xBE, 0x00, 0x00, 0xBE, 0x00, 0x00, 0xBE,
    0x00, 0x00, 0xBE, 0x7F, 0x01, 0xFD, 0xFC, 0x07, 0xF7, 0xF0, 0x1F, 0xDF, 0xCE, 0x7F, 0x7F, 0x39,
    0xFC, 0xFF, 0xFF, 0xF2, 0xFF, 0xFF, 0xC1, 0xFF, 0xFF, 0x00, 0x39, 0xFC, 0x00, 0xE7, 0xF0, 0x00,
    0x1F, 0xC0, 0x7F, 0x00, 0x00, 0x1F, 0xC0, 0x00, 0x07, 0xF0, 0x00, 0x01, 0xFC, 0x00, 0x00, 0x7F,
    0x00, 0x00, 0x1F, 0xFF, 0xF8, 0x07, 0xFF, 0xFF, 0xD1, 0xFF, 0xFF, 0xFC, 0x7F, 0x00, 0xBF, 0x1F,
    0xC0, 0x0F, 0xD7, 0xF0, 0x03, 0xF5, 0xFC, 0x00, 0xFD, 0x7F, 0x00, 0x3F, 0x5F, 0xC0, 0x0F, 0xD7,
    0xF0, 0x03, 0xF4, 0x6E, 0x00, 0x0B, 0xE0, 0x00, 0xBE, 0x00, 0x0B, 0xE0, 0x00, 0xBE, 0x00, 0x0B,
    0xFF, 0xE0, 0xBF, 0xFF, 0xCB, 0xFF, 0xFE, 0xBE, 0x0B, 0xFB, 0xE0, 0x3F, 0xBE, 0x03, 0xFB, 0xE0,
    0x3F, 0xBE, 0x03, 0xFB, 0xE0, 0x3F, 0xBE, 0x03, 0xFB, 0xE0, 0x3F, 0x00, 0x01, 0xBF, 0xE0, 0x00,
    0x00, 0xBF, 0xFF, 0xD0, 0xB8, 0x2F, 0xFF, 0xFF, 0x4F, 0xC3, 0xFC, 0x07, 0xFC, 0xBE, 0xBF, 0x00,
    0x0F, 0xC7, 0xFF, 0xFF, 0xFF, 0xFD, 0x2F, 0xFF, 0xFF, 0xFF, 0xD0, 0x6F, 0xFF, 0xFF, 0xFD, 0x00,
    0xBE, 0x00, 0x00, 0x00, 0x0B, 0xF0, 0x00, 0x00, 0x00, 0x7F, 0x40, 0x00, 0x00, 0x03, 0xFE, 0x00,
    0x60, 0x00, 0x0F, 0xFF, 0xFF, 0x00, 0x00, 0x3F, 0xFF, 0xF4, 0x00, 0x00, 0x6F, 0xF9, 0x00, 0x00,
    0x07, 0xFD, 0x0B, 0x83, 0xFF, 0xF8, 0xB8, 0xFF, 0xFF, 0xDB, 0xEF, 0xD0, 0x7F, 0x3F, 0xFF, 0xFF,
    0xF0, 0x7F, 0xFF, 0xFF, 0x01, 0xFC, 0x00, 0x00, 0x0F, 0xE0, 0x04, 0x00, 0xBF, 0xFF, 0xC0, 0x03,
    0xFF, 0xFC, 0x00, 0x07, 0xFF, 0x80, 0x00, 0x00, 0xBF, 0xE0, 0x00, 0x00, 0x7F, 0xFF, 0xD0, 0x00,
    0x1F, 0xFF, 0xFF, 0x0B, 0x83, 0xFD, 0x07, 0xF8, 0xFC, 0x7F, 0x40, 0x1F, 0xCB, 0xEB, 0xF0, 0x00,
    0xFC, 0x7F, 0xFF, 0xFF, 0xFF, 0xD2, 0xFF, 0xFF, 0xFF, 0xFD, 0x06, 0xFF, 0xFF, 0xFF, 0xD0, 0x0B,
    0xF0, 0x00, 0x00, 0x00, 0x7F, 0x00, 0x00, 0x00, 0x03, 0xFD, 0x00, 0x60, 0x00, 0x1F, 0xFF, 0xFF,
    0x00, 0x00, 0x7F, 0xFF, 0xF4, 0x00, 0x00, 0xBF, 0xF9, 0x00, 0x00, 0x02, 0xF8, 0x00, 0x00, 0x00,
    0x2F, 0x80, 0x00, 0x00, 0x02, 0xF8, 0x00, 0x00, 0x00, 0x2F, 0x80, 0x00, 0x00, 0x07, 0xFD, 0x00,
    0x02, 0xFF, 0xF8, 0xB8, 0x7F, 0xFF, 0xCB, 0x8F, 0xE0, 0xFE, 0xBE, 0xFC, 0x03, 0xF3, 0xFF, 0xFF,
    0xFF, 0x07, 0xFF, 0xFF, 0xF0, 0x0F, 0xD0, 0x04, 0x00, 0xFF, 0xFF, 0xC0, 0x03, 0xFF, 0xFC, 0x00,
    0x0B, 0xFF, 0x80, 0x00, 0x0F, 0x40, 0x00, 0x00, 0xF4, 0x00, 0x00, 0x0F, 0x40, 0x7F, 0x7F, 0x7F,
    0x7F, 0x7F, 0x7F, 0x7F, 0x7F, 0x7F, 0x7F, 0x7F, 0x7F, 0x7F, 0x7F, 0x7F, 0x00, 0x00, 0x40, 0x40,
    0x00, 0x00, 0x00, 0xF4, 0xBC, 0x00, 0x00, 0x00, 0x2F, 0xFD, 0x00, 0x00, 0x00, 0x02, 0xFD, 0x00,
    0x00, 0x00, 0x00, 0x00, 0x00, 0x00, 0x1F, 0xE0, 0x1F, 0xC0, 0x3F, 0xC2, 0xFD, 0x07, 0xF0, 0x2F,
    0xD0, 0x3F, 0xC1, 0xFC, 0x1F, 0xE0, 0x07, 0xF8, 0x7F, 0x0F, 0xF0, 0x00, 0xBF, 0x9F, 0xCF, 0xF0,
    0x00, 0x0B, 0xFB, 0xFB, 0xF4, 0x00, 0x00, 0xFF, 0xFF, 0xF8, 0x00, 0x00, 0x1F, 0xFF, 0xFC, 0x00,
    0x00, 0x0F, 0xFF, 0xFF, 0x80, 0x00, 0x0F, 0xF7, 0xF7, 0xF8, 0x00, 0x0F, 0xF1, 0xFC, 0x7F, 0x40,
    0x0B, 0xF4, 0x7F, 0x0B, 0xF0, 0x03, 0xF8, 0x1F, 0xC0, 0xFF, 0x03, 0xFC, 0x07, 0xF0, 0x0F, 0xD1,
    0xFC, 0x01, 0xFC, 0x02, 0xFC, 0x00, 0x05, 0x05, 0x00, 0x00, 0x02, 0xF0, 0xF4, 0x00, 0x00, 0x0F,
    0xFF, 0x00, 0x00, 0x00, 0x2F, 0x80, 0x00, 0x00, 0x00, 0x00, 0x00, 0x00, 0x00, 0x00, 0x00, 0x00,
    0x3F, 0x42, 0xF4, 0x2F, 0xC1, 0xFC, 0x2F, 0x47, 0xF4, 0x0B, 0xF2, 0xF4, 0xFE, 0x00, 0x3F, 0xEF,
    0x7F, 0xC0, 0x00, 0xFF, 0xFF, 0xF0, 0x00, 0x07, 0xFF, 0xFD, 0x00, 0x00, 0xFF, 0xFF, 0xF0, 0x00,
    0x3F, 0xAF, 0x6F, 0xC0, 0x0F, 0xE2, 0xF4, 0xFF, 0x02, 0xFC, 0x2F, 0x43, 0xF8, 0x7F, 0x02, 0xF4,
    0x1F, 0xD0, 0x7F, 0x00, 0xBF, 0x5F, 0xC0, 0x7F, 0x47, 0xF0, 0x7F, 0x81, 0xFC, 0x3F, 0x80, 0x7F,
    0x3F, 0xC0, 0x1F, 0xEF, 0xC0, 0x07, 0xFF, 0xF8, 0x01, 0xFF, 0xFF, 0xD0, 0x7F, 0xFF, 0xFD, 0x1F,
    0xC0, 0xBF, 0xC7, 0xF0, 0x03, 0xF5, 0xFC, 0x00, 0xBD, 0x7F, 0x00, 0x2F, 0x9F, 0xC0, 0x0B, 0xD7,
    0xF0, 0x03, 0xF4, 0x00, 0x07, 0xFC, 0x00, 0x3F, 0xFD, 0x00, 0x0F, 0xFE, 0x00, 0x03, 0xF9, 0x00,
    0xBE, 0x07, 0xF2, 0xF8, 0x3F, 0x4B, 0xE2, 0xF8, 0x2F, 0x9F, 0xC0, 0xBF, 0xFC, 0x02, 0xFF, 0xF8,
    0x0B, 0xFF, 0xFD, 0x2F, 0x82, 0xFC, 0xBE, 0x03, 0xF2, 0xF8, 0x0B, 0xDB, 0xE0, 0x2F, 0x40, 0x00,
    0xBC, 0x00, 0x07, 0xF0, 0x02, 0xFF, 0x00, 0x0F, 0xE0, 0x00, 0x00, 0x7F, 0xFF, 0xF8, 0x00, 0x07,
    0xFF, 0xFF, 0x80, 0x00, 0x7F, 0xFF, 0xF8, 0x00, 0x07, 0xF0, 0x2F, 0x80, 0x00, 0x7E, 0x02, 0xF8,
    0x00, 0x07, 0xE0, 0x2F, 0x80, 0x00, 0xBE, 0x02, 0xF8, 0x00, 0x0F, 0xD0, 0x2F, 0x80, 0x00, 0xFD,
    0x02, 0xF8, 0x00, 0x1F, 0xC0, 0x2F, 0x80, 0x03, 0xFC, 0x02, 0xF8, 0x01, 0xFF, 0x40, 0x2F, 0x80,
    0xBF, 0xF0, 0x02, 0xFF, 0xCB, 0xFC, 0x00, 0x2F, 0xFC, 0x79, 0x00, 0x02, 0xFF, 0x80, 0x00, 0x00,
    0x02, 0xF4, 0x00, 0x00, 0x00, 0x3F, 0x00, 0x00, 0x00, 0x0B, 0xD0, 0x00, 0x00, 0x00, 0x28, 0x00,
    0x02, 0xFF, 0xFE, 0x00, 0x2F, 0xFF, 0xE0, 0x02, 0xFF, 0xFE, 0x00, 0x2F, 0x47, 0xE0, 0x02, 0xF4,
    0x7E, 0x00, 0x3F, 0x07, 0xE0, 0x07, 0xF0, 0x7E, 0x01, 0xFF, 0x07, 0xE0, 0xBF, 0xD0, 0x7F, 0xEB,
    0xF4, 0x07, 0xFE, 0x78, 0x00, 0x7F, 0xD0, 0x00, 0x00, 0xFC, 0x00, 0x00, 0x2F, 0x40, 0x00, 0x00,
    0xA0, 0x7F, 0x00, 0x2F, 0x9F, 0xC0, 0x0B, 0xE7, 0xF0, 0x02, 0xF9, 0xFC, 0x00, 0xBE, 0x7F, 0x00,
    0x2F, 0x9F, 0xC0, 0x0B, 0xE7, 0xFF, 0xFF, 0xF9, 0xFF, 0xFF, 0xFE, 0x7F, 0xFF, 0xFF, 0x9F, 0xC0,
    0x0B, 0xE7, 0xF0, 0x02, 0xF9, 0xFC, 0x00, 0xBE, 0x7F, 0x00, 0x2F, 0x9F, 0xC0, 0x0B, 0xE7, 0xF0,
    0x02, 0xF8, 0x00, 0x00, 0xFE, 0x00, 0x03, 0xFF, 0x40, 0x00, 0xFF, 0xC0, 0x00, 0x3F, 0x80, 0xBE,
    0x03, 0xF2, 0xF8, 0x0F, 0xCB, 0xE0, 0x3F, 0x2F, 0x80, 0xFC, 0xBF, 0xFF, 0xF2, 0xFF, 0xFF, 0xCB,
    0xFF, 0xFF, 0x2F, 0x80, 0xFC, 0xBE, 0x03, 0xF2, 0xF8, 0x0F, 0xCB, 0xE0, 0x3F, 0x00, 0x01, 0xFC,
    0x00, 0x7F, 0xF0, 0x02, 0xFF, 0x40, 0x0B, 0xF4, 0x00, 0x7F, 0x00, 0x2F, 0x80, 0x7F, 0x00, 0x2F,
    0x80, 0x7F, 0x00, 0x2F, 0x80, 0x7F, 0x00, 0x2F, 0x80, 0x7F, 0x00, 0x2F, 0x80, 0x7F, 0x00, 0x2F,
    0x80, 0x7F, 0xFF, 0xFF, 0x80, 0x7F, 0xFF, 0xFF, 0x80, 0x7F, 0xFF, 0xFF, 0x80, 0x7F, 0x00, 0x2F,
    0x80, 0x7F, 0x00, 0x2F, 0x80, 0x7F, 0x00, 0x2F, 0x80, 0x7F, 0x00, 0x2F, 0xFC, 0x7F, 0x00, 0x2F,
    0xFC, 0x7F, 0x00, 0x2F, 0xF8, 0x00, 0x00, 0x02, 0xF4, 0x00, 0x00, 0x03, 0xF0, 0x00, 0x00, 0x0B,
    0xD0, 0x00, 0x00, 0x02, 0x80, 0xBE, 0x03, 0xF0, 0xBE, 0x03, 0xF0, 0xBE, 0x03, 0xF0, 0xBE, 0x03,
    0xF0, 0xBF, 0xFF, 0xF0, 0xBF, 0xFF, 0xF0, 0xBF, 0xFF, 0xF0, 0xBE, 0x03, 0xF0, 0xBE, 0x03, 0xFE,
    0xBE, 0x03, 0xFE, 0xBE, 0x03, 0xFD, 0x00, 0x00, 0xFC, 0x00, 0x01, 0xF4, 0x00, 0x00, 0xA0, 0x3F,
    0x00, 0x2F, 0x8F, 0xC0, 0x0B, 0xE3, 0xF0, 0x02, 0xF8, 0xFC, 0x00, 0xBE, 0x3F, 0x00, 0x2F, 0x8F,
    0xD0, 0x0B, 0xE3, 0xFD, 0x02, 0xF8, 0xBF, 0xFF, 0xFE, 0x0F, 0xFF, 0xFF, 0x80, 0xBF, 0xFF, 0xE0,
    0x00, 0x02, 0xF8, 0x00, 0x00, 0xBE, 0x00, 0x03, 0xFF, 0x80, 0x00, 0xFF, 0xE0, 0x00, 0x3F, 0xF8,
    0x00, 0x0F, 0xC0, 0x00, 0x03, 0xF0, 0x00, 0x00, 0xFC, 0x00, 0x00, 0x3F, 0x00, 0x3F, 0x02, 0xF4,
    0xFC, 0x0B, 0xD3, 0xF0, 0x2F, 0x4F, 0xD0, 0xBD, 0x3F, 0xFF, 0xF4, 0x7F, 0xFF, 0xD0, 0x6F, 0xFF,
    0x40, 0x00, 0xBD, 0x00, 0x02, 0xF4, 0x00, 0xBF, 0xD0, 0x02, 0xFF, 0x40, 0x0B, 0xC0, 0x00, 0x2F,
    0x00, 0x00, 0xBC, 0x00, 0x2F, 0xC0, 0x00, 0xFD, 0x00, 0xFF, 0x40, 0x07, 0xF8, 0x03, 0xFE, 0x00,
    0x3F, 0xE0, 0x0F, 0xFC, 0x00, 0xFF, 0xC0, 0x3F, 0xF8, 0x0B, 0xFF, 0x00, 0xFF, 0xF0, 0x3E, 0xFC,
    0x03, 0xF7, 0xD1, 0xF3, 0xF0, 0x1F, 0xCF, 0xCF, 0xCF, 0xC0, 0x7E, 0x2F, 0xBD, 0x3F, 0x01, 0xF8,
    0x3F, 0xF0, 0xFD, 0x0B, 0xE0, 0xFF, 0x83, 0xF4, 0x2F, 0x81, 0xFC, 0x0B, 0xD0, 0xBE, 0x03, 0xF0,
    0x2F, 0xFA, 0xF8, 0x00, 0x00, 0xBF, 0xEB, 0xD0, 0x00, 0x02, 0xFF, 0x40, 0x00, 0x00, 0x00, 0xFC,
    0x00, 0x00, 0x00, 0x07, 0xE0, 0x00, 0x00, 0x00, 0x3F, 0x00, 0x00, 0x00, 0x00, 0x24, 0x00, 0x3F,
    0x00, 0x1F, 0x80, 0x7F, 0x40, 0x3F, 0xC0, 0x7F, 0xC0, 0x7F, 0xC0, 0x7F, 0xD0, 0xFF, 0xC0, 0xBF,
    0xF1, 0xFF, 0xC0, 0xBE, 0xF7, 0xEF, 0xC0, 0xBD, 0xFF, 0xDF, 0xD0, 0xFC, 0x7F, 0xCB, 0xD0, 0xFC,
    0x3F, 0x4B, 0xFD, 0xFC, 0x2F, 0x0B, 0xFD, 0xFC, 0x00, 0x0B, 0xFC, 0x00, 0x00, 0x00, 0xF8, 0x00,
    0x00, 0x03, 0xF0, 0x00, 0x00, 0x00, 0xD0, 0xBE, 0xBE, 0xBE, 0xBE, 0xBE, 0xBE, 0xBE, 0xBE, 0xBE,
    0xBE, 0xBE, 0xBE, 0xBE, 0xBE, 0xBE, 0x00, 0x10, 0x10, 0x00, 0x03, 0xE2, 0xF0, 0x00, 0x0B, 0xFF,
    0x40, 0x00, 0x07, 0xF4, 0x00, 0x00, 0x00, 0x00, 0x00, 0x00, 0x3F, 0x40, 0x00, 0x02, 0xFF, 0x00,
    0x00, 0x0F, 0xFC, 0x00, 0x00, 0xBF, 0xF8, 0x00, 0x03, 0xF7, 0xF0, 0x00, 0x1F, 0xCF, 0xD0, 0x00,
    0xBD, 0x1F, 0xC0, 0x03, 0xF0, 0x3F, 0x00, 0x1F, 0x80, 0xBE, 0x00, 0xFF, 0xFF, 0xFC, 0x03, 0xFF,
    0xFF, 0xF4, 0x2F, 0xFF, 0xFF, 0xE0, 0xFD, 0x00, 0x1F, 0xC7, 0xF0, 0x00, 0x3F, 0x6F, 0xC0, 0x00,
    0xBF, 0x01, 0x01, 0x00, 0x2F, 0x0F, 0x40, 0x3F, 0xFC, 0x00, 0x2F, 0x80, 0x00, 0x00, 0x00, 0x00,
    0x00, 0x00, 0xBF, 0xE4, 0x03, 0xFF, 0xF4, 0x0F, 0xFF, 0xF0, 0x10, 0x0F, 0xC0, 0x6F, 0xFF, 0x0B,
    0xFF, 0xFD, 0x3F, 0x03, 0xF4, 0xFC, 0x0F, 0xD3, 0xFF, 0xFF, 0x4B, 0xFF, 0xFD, 0x07, 0xFF, 0xE0,
    0x00, 0xF4, 0x7C, 0x00, 0x07, 0xE3, 0xF4, 0x00, 0x0F, 0x47, 0xC0, 0x00, 0x00, 0x00, 0x00, 0x00,
    0x0F, 0xD0, 0x00, 0x00, 0xBF, 0xC0, 0x00, 0x03, 0xFF, 0x00, 0x00, 0x2F, 0xFE, 0x00, 0x00, 0xFD,
    0xFC, 0x00, 0x07, 0xF3, 0xF4, 0x00, 0x2F, 0x47, 0xF0, 0x00, 0xFC, 0x0F, 0xC0, 0x07, 0xE0, 0x2F,
    0x80, 0x3F, 0xFF, 0xFF, 0x00, 0xFF, 0xFF, 0xFD, 0x0B, 0xFF, 0xFF, 0xF8, 0x3F, 0x40, 0x07, 0xF1,
    0xFC, 0x00, 0x0F, 0xDB, 0xF0, 0x00, 0x2F, 0xC0, 0x0F, 0x47, 0xC0, 0x7F, 0x2F, 0x40, 0xF4, 0x7C,
    0x00, 0x00, 0x00, 0x00, 0x00, 0x00, 0x2F, 0xF9, 0x00, 0xFF, 0xFD, 0x03, 0xFF, 0xFC, 0x04, 0x03,
    0xF0, 0x1B, 0xFF, 0xC2, 0xFF, 0xFF, 0x4F, 0xC0, 0xFD, 0x3F, 0x03, 0xF4, 0xFF, 0xFF, 0xD2, 0xFF,
    0xFF, 0x41, 0xFF, 0xF8, 0x00, 0x00, 0x3F, 0xFF, 0xFE, 0x00, 0x00, 0x3F, 0xFF, 0xFF, 0x80, 0x00,
    0x1F, 0xFF, 0xFF, 0xE0, 0x00, 0x0F, 0xFF, 0x40, 0x00, 0x00, 0x0B, 0xDB, 0xD0, 0x00, 0x00, 0x03,
    0xF2, 0xF4, 0x00, 0x00, 0x03, 0xF4, 0xBF, 0xFF, 0xC0, 0x01, 0xFC, 0x2F, 0xFF, 0xF0, 0x00, 0xFD,
    0x0B, 0xFF, 0xFC, 0x00, 0xBF, 0xFF, 0xF4, 0x00, 0x00, 0x3F, 0xFF, 0xFD, 0x00, 0x00, 0x3F, 0xFF,
    0xFF, 0x40, 0x00, 0x1F, 0xD0, 0x0B, 0xFF, 0xFF, 0x0F, 0xE0, 0x02, 0xFF, 0xFF, 0xCB, 0xF0, 0x00,
    0xBF, 0xFF, 0xF0, 0x0B, 0xFE, 0x0B, 0xF8, 0x00, 0xFF, 0xFF, 0xFF, 0xF4, 0x0F, 0xFF, 0xFF, 0xFF,
    0xC0, 0x40, 0x3F, 0x80, 0xFC, 0x06, 0xFF, 0xFF, 0xFF, 0xD2, 0xFF, 0xFF, 0xFF, 0xFD, 0x3F, 0x02,
    0xF4, 0x00, 0x03, 0xF0, 0x1F, 0xD0, 0x10, 0x3F, 0xFF, 0xFF, 0xFF, 0x82, 0xFF, 0xFF, 0xFF, 0xF8,
    0x07, 0xFE, 0x5B, 0xFE, 0x40, 0x01, 0x01, 0x00, 0x3E, 0x1F, 0x00, 0x7F, 0xF8, 0x00, 0x7F, 0x80,
    0x00, 0x00, 0x01, 0xFF, 0xFF, 0xE7, 0xFF, 0xFF, 0x9F, 0xFF, 0xFE, 0x7F, 0x00, 0x01, 0xFC, 0x00,
    0x07, 0xF0, 0x00, 0x1F, 0xFF, 0xFC, 0x7F, 0xFF, 0xF1, 0xFF, 0xFF, 0xC7, 0xF0, 0x00, 0x1F, 0xC0,
    0x00, 0x7F, 0x00, 0x01, 0xFF, 0xFF, 0xF7, 0xFF, 0xFF, 0xDF, 0xFF, 0xFF, 0x00, 0x40, 0x40, 0x03,
    0xD2, 0xF0, 0x02, 0xFF, 0xD0, 0x00, 0x7F, 0x40, 0x00, 0x00, 0x00, 0x00, 0x00, 0x00, 0x00, 0xBF,
    0x80, 0x07, 0xFF, 0xF0, 0x0F, 0xFF, 0xFC, 0x2F, 0x80, 0xFC, 0x3F, 0xFF, 0xFD, 0x3F, 0xFF, 0xFD,
    0x3F, 0x40, 0x00, 0x3F, 0xD0, 0x10, 0x1F, 0xFF, 0xF4, 0x0B, 0xFF, 0xF8, 0x01, 0xBF, 0xE4, 0x06,
    0xFF, 0x90, 0x03, 0xFF, 0xFF, 0x80, 0x2F, 0xFF, 0xFE, 0x01, 0x90, 0x0B, 0xF4, 0x00, 0x00, 0x2F,
    0xC0, 0x00, 0x01, 0xFC, 0xFF, 0xFF, 0xFF, 0xCF, 0xFF, 0xFF, 0xFD, 0xFF, 0xFF, 0xFF, 0xCF, 0xE0,
    0x01, 0xFC, 0xBF, 0x00, 0x3F, 0xC3, 0xF8, 0x0B, 0xF4, 0x2F, 0xFF, 0xFF, 0x00, 0xBF, 0xFF, 0xC0,
    0x01, 0xBF, 0x90, 0x00, 0x0B, 0xFE, 0x40, 0x1F, 0xFF, 0xE0, 0x0F, 0xFF, 0xF8, 0x04, 0x07, 0xFC,
    0x00, 0x00, 0xFC, 0x3F, 0xFF, 0xFD, 0x3F, 0xFF, 0xFC, 0x3F, 0x41, 0xFC, 0x2F, 0xFF, 0xF8, 0x0F,
    0xFF, 0xE0, 0x02, 0xFF, 0x40, 0x03, 0xC1, 0xE0, 0x00, 0xBE, 0x3F, 0x00, 0x03, 0xC1, 0xE0, 0x00,
    0x00, 0x00, 0x00, 0x06, 0xFF, 0x90, 0x03, 0xFF, 0xFF, 0x80, 0x2F, 0xFF, 0xFE, 0x01, 0x90, 0x0B,
    0xF4, 0x00, 0x00, 0x2F, 0xC0, 0x00, 0x01, 0xFC, 0xFF, 0xFF, 0xFF, 0xCF, 0xFF, 0xFF, 0xFD, 0xFF,
    0xFF, 0xFF, 0xCF, 0xE0, 0x01, 0xFC, 0xBF, 0x00, 0x3F, 0xC3, 0xF8, 0x0B, 0xF4, 0x2F, 0xFF, 0xFF,
    0x00, 0xBF, 0xFF, 0xC0, 0x01, 0xBF, 0x90, 0x00, 0x07, 0xC2, 0xE0, 0x0F, 0xD3, 0xF0, 0x07, 0xC2,
    0xE0, 0x00, 0x00, 0x00, 0x00, 0x00, 0x00, 0x0B, 0xFE, 0x40, 0x1F, 0xFF, 0xE0, 0x0F, 0xFF, 0xF8,
    0x04, 0x07, 0xFC, 0x00, 0x00, 0xFC, 0x3F, 0xFF, 0xFD, 0x3F, 0xFF, 0xFC, 0x3F, 0x41, 0xFC, 0x2F,
    0xFF, 0xF8, 0x0F, 0xFF, 0xE0, 0x02, 0xFF, 0x40, 0x00, 0x03, 0xC1, 0xE0, 0x00, 0x00, 0x02, 0xF8,
    0xFC, 0x00, 0x00, 0x00, 0x3C, 0x1E, 0x00, 0x00, 0x00, 0x00, 0x00, 0x00, 0x00, 0x7F, 0x80, 0x7F,
    0x00, 0xFF, 0x0B, 0xF4, 0x1F, 0xC0, 0xBF, 0x40, 0xFF, 0x07, 0xF0, 0x7F, 0x80, 0x1F, 0xE1, 0xFC,
    0x3F, 0xC0, 0x02, 0xFE, 0x7F, 0x3F, 0xC0, 0x00, 0x2F, 0xEF, 0xEF, 0xD0, 0x00, 0x03, 0xFF, 0xFF,
    0xE0, 0x00, 0x00, 0x7F, 0xFF, 0xF0, 0x00, 0x00, 0x3F, 0xFF, 0xFE, 0x00, 0x00, 0x3F, 0xDF, 0xDF,
    0xE0, 0x00, 0x3F, 0xC7, 0xF1, 0xFD, 0x00, 0x2F, 0xD1, 0xFC, 0x2F, 0xC0, 0x0F, 0xE0, 0x7F, 0x03,
    0xFC, 0x0F, 0xF0, 0x1F, 0xC0, 0x3F, 0x47, 0xF0, 0x07, 0xF0, 0x0B, 0xF0, 0x00, 0x2E, 0x0F, 0x40,
    0x00, 0x03, 0xF1, 0xFC, 0x00, 0x00, 0x2E, 0x0F, 0x40, 0x00, 0x00, 0x00, 0x00, 0x00, 0x00, 0x00,
    0x00, 0x00, 0x03, 0xF4, 0x2F, 0x42, 0xFC, 0x1F, 0xC2, 0xF4, 0x7F, 0x40, 0xBF, 0x2F, 0x4F, 0xE0,
    0x03, 0xFE, 0xF7, 0xFC, 0x00, 0x0F, 0xFF, 0xFF, 0x00, 0x00, 0x7F, 0xFF, 0xD0, 0x00, 0x0F, 0xFF,
    0xFF, 0x00, 0x03, 0xFA, 0xF6, 0xFC, 0x00, 0xFE, 0x2F, 0x4F, 0xF0, 0x2F, 0xC2, 0xF4, 0x3F, 0x87,
    0xF0, 0x2F, 0x41, 0xFD, 0x0B, 0x83, 0xD0, 0x0F, 0xC7, 0xF0, 0x0B, 0x83, 0xD0, 0x00, 0x00, 0x00,
    0x00, 0x00, 0x00, 0x07, 0xFF, 0x80, 0x3F, 0xFF, 0xF0, 0x1F, 0xFF, 0xFC, 0x0D, 0x02, 0xFC, 0x00,
    0x00, 0xFC, 0x00, 0x02, 0xFC, 0x03, 0xFF, 0xF4, 0x03, 0xFF, 0xF0, 0x03, 0xFF, 0xFC, 0x00, 0x01,
    0xFE, 0x00, 0x00, 0xBF, 0x29, 0x01, 0xFF, 0x3F, 0xFF, 0xFD, 0x7F, 0xFF, 0xF8, 0x0B, 0xFF, 0x90,
    0x2E, 0x0F, 0x43, 0xF1, 0xF8, 0x2E, 0x0F, 0x40, 0x00, 0x00, 0x00, 0x00, 0x02, 0xFF, 0xE0, 0x3F,
    0xFF, 0xC2, 0xFF, 0xFD, 0x00, 0x0F, 0xC0, 0xBF, 0xF4, 0x0B, 0xFF, 0xC0, 0x00, 0xBD, 0x10, 0x0B,
    0xE3, 0xFF, 0xFE, 0x3F, 0xFF, 0xC2, 0xFF, 0xE0, 0x3F, 0xFF, 0xFD, 0x3F, 0xFF, 0xFD, 0x3F, 0xFF,
    0xFC, 0x00, 0x07, 0xF0, 0x00, 0x1F, 0xC0, 0x00, 0x7F, 0x00, 0x00, 0xFF, 0xD0, 0x01, 0xFF, 0xFC,
    0x00, 0x02, 0xFD, 0x00, 0x00, 0xFE, 0x00, 0x00, 0xBE, 0x39, 0x01, 0xFE, 0x3F, 0xFF, 0xFC, 0x7F,
    0xFF, 0xF4, 0x0B, 0xFF, 0x80, 0x7F, 0xFF, 0xE7, 0xFF, 0xFE, 0x7F, 0xFF, 0xD0, 0x03, 0xF8, 0x00,
    0xBE, 0x00, 0x2F, 0xC0, 0x07, 0xFE, 0x00, 0x7F, 0xFC, 0x00, 0x1F, 0xE0, 0x00, 0x7F, 0x00, 0x07,
    0xF1, 0x00, 0xFF, 0x7F, 0xFF, 0xEB, 0xFF, 0xFC, 0x6F, 0xFD, 0x00, 0x00, 0xFF, 0xF8, 0x00, 0x0F,
    0xFF, 0x80, 0x00, 0x00, 0x00, 0x07, 0xF0, 0x00, 0xFC, 0x7F, 0x00, 0x2F, 0xC7, 0xF0, 0x0B, 0xFC,
    0x7F, 0x01, 0xFF, 0xC7, 0xF0, 0x3F, 0xFC, 0x7F, 0x0B, 0xEF, 0xC7, 0xF1, 0xFC, 0xFC, 0x7F, 0x3F,
    0x0F, 0xC7, 0xFB, 0xD0, 0xFC, 0x7F, 0xF8, 0x0F, 0xC7, 0xFF, 0x00, 0xFC, 0x7F, 0xE0, 0x0F, 0xC7,
    0xFC, 0x00, 0xFC, 0x7F, 0x40, 0x0F, 0xC7, 0xE0, 0x00, 0xFC, 0x0F, 0xFF, 0xC0, 0x3F, 0xFF, 0x00,
    0x00, 0x00, 0x00, 0x00, 0x00, 0xBE, 0x02, 0xFA, 0xF8, 0x1F, 0xEB, 0xE0, 0xFF, 0xAF, 0x8F, 0xFE,
    0xBE, 0xBF, 0xFA, 0xFB, 0xFB, 0xEB, 0xFF, 0x2F, 0xAF, 0xF4, 0xBE, 0xBF, 0xC2, 0xFA, 0xFC, 0x0B,
    0xEB, 0xE0, 0x2F, 0x80, 0x01, 0xF0, 0xB8, 0x00, 0x2F, 0x4F, 0xC0, 0x01, 0xF0, 0xB8, 0x00, 0x00,
    0x00, 0x00, 0x7F, 0x00, 0x0F, 0xC7, 0xF0, 0x02, 0xFC, 0x7F, 0x00, 0xBF, 0xC7, 0xF0, 0x1F, 0xFC,
    0x7F, 0x03, 0xFF, 0xC7, 0xF0, 0xBE, 0xFC, 0x7F, 0x1F, 0xCF, 0xC7, 0xF3, 0xF0, 0xFC, 0x7F, 0xBD,
    0x0F, 0xC7, 0xFF, 0x80, 0xFC, 0x7F, 0xF0, 0x0F, 0xC7, 0xFE, 0x00, 0xFC, 0x7F, 0xC0, 0x0F, 0xC7,
    0xF4, 0x00, 0xFC, 0x7E, 0x00, 0x0F, 0xC0, 0x0B, 0x43, 0xC0, 0x3F, 0x2F, 0x80, 0xB4, 0x3C, 0x00,
    0x00, 0x00, 0x00, 0x00, 0x02, 0xF8, 0x0B, 0xEB, 0xE0, 0x7F, 0xAF, 0x83, 0xFE, 0xBE, 0x3F, 0xFA,
    0xFA, 0xFF, 0xEB, 0xEF, 0xEF, 0xAF, 0xFC, 0xBE, 0xBF, 0xD2, 0xFA, 0xFF, 0x0B, 0xEB, 0xF0, 0x2F,
    0xAF, 0x80, 0xBE, 0x00, 0xF0, 0x7C, 0x00, 0x0B, 0xE3, 0xF4, 0x00, 0x0F, 0x07, 0xC0, 0x00, 0x00,
    0x00, 0x00, 0x00, 0x7F, 0xE4, 0x00, 0x1F, 0xFF, 0xFC, 0x01, 0xFF, 0xFF, 0xFC, 0x0F, 0xF4, 0x0B,
    0xF8, 0x7F, 0x40, 0x0B, 0xF2, 0xFC, 0x00, 0x0F, 0xDF, 0xE0, 0x00, 0x3F, 0x7F, 0x40, 0x00, 0xFE,
    0xFE, 0x00, 0x03, 0xF6, 0xFC, 0x00, 0x0F, 0xD7, 0xF4, 0x00, 0xBF, 0x0F, 0xF4, 0x0B, 0xF8, 0x1F,
    0xFF, 0xFF, 0xC0, 0x1F, 0xFF, 0xFC, 0x00, 0x0B, 0xFE, 0x40, 0x00, 0x03, 0xD1, 0xF0, 0x07, 0xE3,
    0xF4, 0x03, 0xD1, 0xF0, 0x00, 0x00, 0x00, 0x00, 0x00, 0x00, 0x00, 0xBF, 0x80, 0x07, 0xFF, 0xF4,
    0x1F, 0xFF, 0xFC, 0x2F, 0xC1, 0xFD, 0x3F, 0x40, 0xBE, 0x3F, 0x00, 0x7F, 0x3F, 0x40, 0xBE, 0x2F,
    0xC1, 0xFD, 0x1F, 0xFF, 0xFC, 0x07, 0xFF, 0xF4, 0x01, 0xBF, 0x80, 0x00, 0x7F, 0xE4, 0x00, 0x1F,
    0xFF, 0xFC, 0x01, 0xFF, 0xFF, 0xFC, 0x0F, 0xF4, 0x0B, 0xF8, 0x7F, 0x00, 0x0B, 0xF2, 0xF8, 0x00,
    0x0F, 0xDF, 0xFF, 0xFF, 0xFF, 0x7F, 0xFF, 0xFF, 0xFE, 0xFE, 0x00, 0x03, 0xF6, 0xFC, 0x00, 0x1F,
    0xD7, 0xF4, 0x00, 0xFF, 0x0F, 0xF4, 0x0F, 0xF8, 0x1F, 0xFF, 0xFF, 0xC0, 0x1F, 0xFF, 0xFC, 0x00,
    0x0B, 0xFE, 0x40, 0x00, 0x00, 0xBF, 0x80, 0x07, 0xFF, 0xF0, 0x1F, 0xFF, 0xFC, 0x2F, 0x80, 0xBD,
    0x3F, 0xFF, 0xFE, 0x3F, 0xFF, 0xFF, 0x3F, 0x00, 0x7E, 0x2F, 0xC1, 0xFD, 0x1F, 0xFF, 0xFC, 0x0B,
    0xFF, 0xF4, 0x01, 0xBF, 0x80, 0x00, 0xF0, 0x7C, 0x00, 0x0B, 0xE3, 0xF4, 0x00, 0x0F, 0x07, 0xC0,
    0x00, 0x00, 0x00, 0x00, 0x00, 0x7F, 0xE4, 0x00, 0x1F, 0xFF, 0xFC, 0x01, 0xFF, 0xFF, 0xFC, 0x0F,
    0xF4, 0x0B, 0xF8, 0x7F, 0x00, 0x0B, 0xF2, 0xF8, 0x00, 0x0F, 0xDF, 0xFF, 0xFF, 0xFF, 0x7F, 0xFF,
    0xFF, 0xFE, 0xFE, 0x00, 0x03, 0xF6, 0xFC, 0x00, 0x1F, 0xD7, 0xF4, 0x00, 0xFF, 0x0F, 0xF4, 0x0F,
    0xF8, 0x1F, 0xFF, 0xFF, 0xC0, 0x1F, 0xFF, 0xFC, 0x00, 0x0B, 0xFE, 0x40, 0x00, 0x07, 0xC2, 0xE0,
    0x0B, 0xD3, 0xF0, 0x07, 0xC2, 0xE0, 0x00, 0x00, 0x00, 0x00, 0x00, 0x00, 0x00, 0xBF, 0x80, 0x07,
    0xFF, 0xF0, 0x1F, 0xFF, 0xFC, 0x2F, 0x80, 0xBD, 0x3F, 0xFF, 0xFE, 0x3F, 0xFF, 0xFF, 0x3F, 0x00,
    0x7E, 0x2F, 0xC1, 0xFD, 0x1F, 0xFF, 0xFC, 0x0B, 0xFF, 0xF4, 0x01, 0xBF, 0x80, 0x03, 0xD1, 0xF0,
    0x00, 0x7E, 0x2F, 0x40, 0x03, 0xD1, 0xF0, 0x00, 0x00, 0x00, 0x00, 0x06, 0xFF, 0x80, 0x03, 0xFF,
    0xFF, 0x80, 0x2F, 0xFF, 0xFE, 0x00, 0x90, 0x1F, 0xF4, 0x00, 0x00, 0x3F, 0xC0, 0x00, 0x01, 0xFC,
    0x01, 0xFF, 0xFF, 0xC0, 0x1F, 0xFF, 0xFC, 0x01, 0xFF, 0xFF, 0xC0, 0x00, 0x01, 0xFC, 0x00, 0x00,
    0x3F, 0xC1, 0x90, 0x1F, 0xF4, 0x2F, 0xFF, 0xFE, 0x03, 0xFF, 0xFF, 0x80, 0x06, 0xFF, 0x90, 0x00,
    0x1F, 0x0B, 0x80, 0xBD, 0x3F, 0x01, 0xF0, 0xB8, 0x00, 0x00, 0x00, 0x00, 0x00, 0x00, 0xBF, 0xE4,
    0x03, 0xFF, 0xF8, 0x0B, 0xFF, 0xF4, 0x00, 0x07, 0xF0, 0x0F, 0xFF, 0xC0, 0x3F, 0xFF, 0x00, 0x00,
    0xFC, 0x10, 0x0F, 0xF0, 0xFF, 0xFF, 0x43, 0xFF, 0xF8, 0x0B, 0xFE, 0x40, 0x01, 0xFF, 0xF4, 0x00,
    0x1F, 0xFF, 0x40, 0x00, 0x00, 0x00, 0x07, 0xF4, 0x00, 0xFD, 0x3F, 0x80, 0x1F, 0xC1, 0xFC, 0x03,
    0xF8, 0x0F, 0xE0, 0x3F, 0x00, 0x7F, 0x07, 0xF0, 0x03, 0xF4, 0xBD, 0x00, 0x1F, 0xCF, 0xC0, 0x00,
    0xFF, 0xF8, 0x00, 0x07, 0xFF, 0x00, 0x00, 0x2F, 0xF0, 0x00, 0x01, 0xFD, 0x00, 0x00, 0x3F, 0xC0,
    0x02, 0xFF, 0xF4, 0x00, 0x3F, 0xFD, 0x00, 0x02, 0xFE, 0x40, 0x00, 0x0B, 0xFF, 0xC0, 0x0B, 0xFF,
    0xC0, 0x00, 0x00, 0x00, 0x00, 0x00, 0x00, 0xBE, 0x00, 0xFC, 0x7F, 0x01, 0xFC, 0x3F, 0x02, 0xF8,
    0x2F, 0x83, 0xF0, 0x1F, 0xC3, 0xF0, 0x0F, 0xCB, 0xD0, 0x0B, 0xEF, 0xC0, 0x03, 0xFF, 0x80, 0x02,
    0xFF, 0x40, 0x00, 0xFF, 0x00, 0x00, 0xFD, 0x00, 0x01, 0xFC, 0x00, 0x7F, 0xF8, 0x00, 0xBF, 0xF0,
    0x00, 0xBF, 0x80, 0x00, 0x01, 0xF0, 0xB8, 0x00, 0x2F, 0x4F, 0xC0, 0x01, 0xF0, 0xB8, 0x00, 0x00,
    0x00, 0x00, 0x7F, 0x40, 0x0F, 0xD3, 0xF8, 0x01, 0xFC, 0x1F, 0xC0, 0x3F, 0x80, 0xFE, 0x03, 0xF0,
    0x07, 0xF0, 0x7F, 0x00, 0x3F, 0x4B, 0xD0, 0x01, 0xFC, 0xFC, 0x00, 0x0F, 0xFF, 0x80, 0x00, 0x7F,
    0xF0, 0x00, 0x02, 0xFF, 0x00, 0x00, 0x1F, 0xD0, 0x00, 0x03, 0xFC, 0x00, 0x2F, 0xFF, 0x40, 0x03,
    0xFF, 0xD0, 0x00, 0x2F, 0xE4, 0x00, 0x00, 0x0B, 0x43, 0xC0, 0x0F, 0xCB, 0xE0, 0x0B, 0x43, 0xC0,
    0x00, 0x00, 0x00, 0x00, 0x00, 0x00, 0xBE, 0x00, 0xFC, 0x7F, 0x01, 0xFC, 0x3F, 0x02, 0xF8, 0x2F,
    0x83, 0xF0, 0x1F, 0xC3, 0xF0, 0x0F, 0xCB, 0xD0, 0x0B, 0xEF, 0xC0, 0x03, 0xFF, 0x80, 0x02, 0xFF,
    0x40, 0x00, 0xFF, 0x00, 0x00, 0xFD, 0x00, 0x01, 0xFC, 0x00, 0x7F, 0xF8, 0x00, 0xBF, 0xF0, 0x00,
    0xBF, 0x80, 0x00, 0x00, 0x18, 0x0D, 0x00, 0x03, 0xD2, 0xE0, 0x00, 0xB8, 0x7C, 0x00, 0x0F, 0x0F,
    0x00, 0x00, 0x80, 0x90, 0x00, 0x00, 0x00, 0x00, 0x7F, 0x40, 0x0F, 0xD3, 0xF8, 0x01, 0xFC, 0x1F,
    0xC0, 0x3F, 0x80, 0xFE, 0x03, 0xF0, 0x07, 0xF0, 0x7F, 0x00, 0x3F, 0x4B, 0xD0, 0x01, 0xFC, 0xFC,
    0x00, 0x0F, 0xFF, 0x80, 0x00, 0x7F, 0xF0, 0x00, 0x02, 0xFF, 0x00, 0x00, 0x1F, 0xD0, 0x00, 0x03,
    0xFC, 0x00, 0x2F, 0xFF, 0x40, 0x03, 0xFF, 0xD0, 0x00, 0x2F, 0xE4, 0x00, 0x00, 0x00, 0x90, 0x60,
    0x01, 0xF0, 0xF4, 0x03, 0xD3, 0xE0, 0x0B, 0x87, 0xC0, 0x06, 0x03, 0x00, 0x00, 0x00, 0x00, 0xBE,
    0x00, 0xFC, 0x7F, 0x01, 0xFC, 0x3F, 0x02, 0xF8, 0x2F, 0x83, 0xF0, 0x1F, 0xC3, 0xF0, 0x0F, 0xCB,
    0xD0, 0x0B, 0xEF, 0xC0, 0x03, 0xFF, 0x80, 0x02, 0xFF, 0x40, 0x00, 0xFF, 0x00, 0x00, 0xFD, 0x00,
    0x01, 0xFC, 0x00, 0x7F, 0xF8, 0x00, 0xBF, 0xF0, 0x00, 0xBF, 0x80, 0x00, 0x02, 0xE0, 0xF4, 0x00,
    0xFC, 0x7E, 0x00, 0x2E, 0x0F, 0x40, 0x00, 0x00, 0x00, 0x3F, 0x00, 0x2F, 0x8F, 0xC0, 0x0B, 0xE3,
    0xF0, 0x02, 0xF8, 0xFC, 0x00, 0xBE, 0x3F, 0x00, 0x2F, 0x8F, 0xD0, 0x0B, 0xE3, 0xFD, 0x02, 0xF8,
    0xBF, 0xFF, 0xFE, 0x0F, 0xFF, 0xFF, 0x80, 0xBF, 0xFF, 0xE0, 0x00, 0x02, 0xF8, 0x00, 0x00, 0xBE,
    0x00, 0x00, 0x2F, 0x80, 0x00, 0x0B, 0xE0, 0x00, 0x02, 0xF8, 0x0B, 0x83, 0xD0, 0x3F, 0x1F, 0x80,
    0xB8, 0x3D, 0x00, 0x00, 0x00, 0x00, 0x00, 0x00, 0xFC, 0x0B, 0xD3, 0xF0, 0x2F, 0x4F, 0xC0, 0xBD,
    0x3F, 0x02, 0xF4, 0xFE, 0x0B, 0xD3, 0xFF, 0xFF, 0x47, 0xFF, 0xFD, 0x02, 0xFF, 0xF4, 0x00, 0x0B,
    0xD0, 0x00, 0x2F, 0x40, 0x00, 0xBD, 0x7F, 0xFF, 0xF9, 0xFF, 0xFF, 0xE7, 0xFF, 0xFF, 0x9F, 0xC0,
    0x00, 0x7F, 0x00, 0x01, 0xFC, 0x00, 0x07, 0xF0, 0x00, 0x1F, 0xC0, 0x00, 0x7F, 0x00, 0x01, 0xFC,
    0x00, 0x07, 0xF0, 0x00, 0x1F, 0xC0, 0x00, 0x7F, 0xF8, 0x01, 0xFF, 0xE0, 0x07, 0xFF, 0x80, 0x00,
    0xBE, 0x00, 0x02, 0xF8, 0x00, 0x0B, 0xE0, 0x00, 0x2F, 0x80, 0x00, 0xBF, 0xFF, 0x6F, 0xFF, 0xDB,
    0xFF, 0xF6, 0xF8, 0x00, 0xBE, 0x00, 0x2F, 0x80, 0x0B, 0xE0, 0x02, 0xF8, 0x00, 0xBF, 0xE0, 0x2F,
    0xF8, 0x0B, 0xFE, 0x00, 0x0F, 0x80, 0x03, 0xE0, 0x00, 0xF8, 0x00, 0x00, 0x2E, 0x0F, 0x40, 0x00,
    0x0F, 0xC7, 0xF0, 0x00, 0x02, 0xE0, 0xF4, 0x00, 0x00, 0x00, 0x00, 0x00, 0x7F, 0x00, 0x00, 0x1F,
    0xDF, 0xC0, 0x00, 0x07, 0xF7, 0xF0, 0x00, 0x01, 0xFD, 0xFC, 0x00, 0x00, 0x7F, 0x7F, 0x00, 0x00,
    0x1F, 0xDF, 0xFF, 0x90, 0x07, 0xF7, 0xFF, 0xFF, 0x41, 0xFD, 0xFF, 0xFF, 0xF0, 0x7F, 0x7F, 0x02,
    0xFD, 0x1F, 0xDF, 0xC0, 0x3F, 0x87, 0xF7, 0xF0, 0x0F, 0xE1, 0xFD, 0xFC, 0x0B, 0xF4, 0x7F, 0x7F,
    0xFF, 0xFC, 0x1F, 0xDF, 0xFF, 0xFC, 0x07, 0xF2, 0xFF, 0xE4, 0x01, 0xFC, 0x00, 0xB8, 0x3D, 0x00,
    0x03, 0xF1, 0xF8, 0x00, 0x0B, 0x83, 0xD0, 0x00, 0x00, 0x00, 0x00, 0x00, 0x00, 0x00, 0x02, 0xF8,
    0x00, 0x07, 0xFB, 0xE0, 0x00, 0x1F, 0xEF, 0x80, 0x00, 0x7F, 0xBE, 0x00, 0x01, 0xFE, 0xFF, 0xF8,
    0x07, 0xFB, 0xFF, 0xFD, 0x1F, 0xEF, 0xFF, 0xFC, 0x7F, 0xBE, 0x07, 0xF1, 0xFE, 0xFF, 0xFF, 0xC7,
    0xFB, 0xFF, 0xFD, 0x1F, 0xDB, 0xFF, 0x90, 0x7F, 0x2F, 0xC0, 0x0F, 0xD0, 0xFF, 0x00, 0xFD, 0x03,
    0xF8, 0x0F, 0xC0, 0x1F, 0xD0, 0xFC, 0x00, 0xFF, 0x2F, 0x80, 0x3F, 0xFF, 0xF0, 0x0F, 0xEF, 0xFD,
    0x01, 0xF8, 0xBF, 0x00, 0x2F, 0x43, 0xF8, 0x03, 0xF0, 0x0F, 0xD0, 0x3F, 0x00, 0xBF, 0x03, 0xF0,
    0x03, 0xF8, 0x7F, 0x00, 0x1F, 0xC0, 0x1F, 0xFE, 0x40, 0x2F, 0xFF, 0xD0, 0x1A, 0xAF, 0xF0, 0x00,
    0x03, 0xF0, 0x00, 0x03, 0xF4, 0x00, 0x03, 0xF4, 0x00, 0x03, 0xF4, 0x00, 0x03, 0xF4, 0x00, 0x03,
    0xF4, 0x00, 0x03, 0xF4, 0x2A, 0xAB, 0xFA, 0x7F, 0xFF, 0xFE, 0x7F, 0xFF, 0xFE, 0x1F, 0xE0, 0x07,
    0xFE, 0x01, 0xBF, 0xC0, 0x03, 0xF4, 0x00, 0xFD, 0x00, 0x3F, 0x40, 0x0F, 0xD0, 0x03, 0xF4, 0x00,
    0xFD, 0x00, 0xBF, 0x46, 0xFF, 0xE2, 0xFC, 0xFC, 0xB8, 0x3E, 0x00, 0x00, 0x00, 0x7F, 0xFF, 0xFD,
    0x7F, 0xFF, 0xFC, 0x2A, 0xAB, 0xF8, 0x00, 0x0B, 0xD0, 0x00, 0x0F, 0xD0, 0x00, 0x0F, 0xD0, 0x00,
    0x0F, 0xD0, 0x00, 0x0F, 0xD0, 0x00, 0x0F, 0xD0, 0x00, 0x0F, 0xD0, 0x00, 0x0F, 0xD0, 0x00, 0x0F,
    0xD0, 0x00, 0x0F, 0xD0, 0xBF, 0xFF, 0xD0, 0xFF, 0xFF, 0xF8, 0xAA, 0xAB, 0xFC, 0x00, 0x00, 0xFD,
    0x00, 0x00, 0xBD, 0x00, 0x00, 0xBE, 0xBE, 0x00, 0xBE, 0xBE, 0x00, 0xBE, 0xBE, 0x00, 0xBE, 0xBE,
    0x00, 0xBE, 0xBE, 0x00, 0xBE, 0xBE, 0x00, 0xBE, 0xBE, 0x00, 0xBE, 0x3F, 0xE3, 0xFE, 0x2F, 0xE0,
    0xBE, 0x0B, 0xE0, 0xBE, 0x0B, 0xE0, 0xBE, 0x0B, 0xE0, 0xBE, 0x0B, 0xE0, 0xBE, 0x0B, 0xE0, 0x3F,
    0xFC, 0x3F, 0xFC, 0x2B, 0xFC, 0x07, 0xE0, 0x0F, 0xC0, 0x1F, 0x80, 0x1F, 0x80, 0x1F, 0x80, 0x1F,
    0xC0, 0x0F, 0xC0, 0x0F, 0xC0, 0x0F, 0xD0, 0x0F, 0xE0, 0x3F, 0xFF, 0xF8, 0x03, 0xFF, 0xFF, 0xF0,
    0x2F, 0xEA, 0xBF, 0x80, 0xFC, 0x01, 0xFC, 0x0F, 0xC0, 0x0F, 0xC1, 0xFC, 0x00, 0xFC, 0x1F, 0xC0,
    0x0F, 0xC1, 0xFC, 0x00, 0xFC, 0x1F, 0xC0, 0x0F, 0xC1, 0xFC, 0x00, 0xFC, 0x1F, 0xC0, 0x0F, 0xC1,
    0xFC, 0x00, 0xFC, 0x1F, 0xC0, 0x0F, 0xC0, 0x3F, 0x0B, 0xF8, 0x0F, 0xC2, 0xFF, 0xC3, 0xF0, 0xAF,
    0xF4, 0xFC, 0x00, 0xBE, 0x3F, 0x00, 0x1F, 0xCF, 0xC0, 0x07, 0xF3, 0xF0, 0x01, 0xFC, 0xFC, 0x00,
    0x7F, 0x3F, 0x40, 0x2F, 0x87, 0xF0, 0x1F, 0xD0, 0xFF, 0xAF, 0xF0, 0x0F, 0xFF, 0xF0, 0x00, 0xBF,
    0xD0, 0x00, 0x3F, 0xE3, 0xFE, 0x2F, 0xE0, 0xBE, 0x0B, 0xE0, 0xBE, 0x0B, 0xE0, 0x00, 0x3F, 0xFF,
    0x40, 0xFF, 0xFF, 0x82, 0xAA, 0xFF, 0x40, 0x00, 0xFE, 0x00, 0x01, 0xF8, 0x00, 0x07, 0xF0, 0x00,
    0x1F, 0xC0, 0x00, 0x7F, 0x00, 0x01, 0xFC, 0x00, 0x07, 0xF0, 0x00, 0x1F, 0xC0, 0x00, 0x7F, 0x00,
    0x01, 0xFC, 0x00, 0x07, 0xF0, 0x00, 0x1F, 0xC0, 0x00, 0x7F, 0x00, 0x01, 0xFC, 0x3F, 0xF9, 0x00,
    0xFF, 0xFE, 0x02, 0xAB, 0xFD, 0x00, 0x02, 0xFC, 0x00, 0x07, 0xF0, 0x00, 0x0F, 0xC0, 0x00, 0x3F,
    0x40, 0x00, 0xFD, 0x00, 0x03, 0xF0, 0x00, 0x2F, 0xC2, 0xAB, 0xFD, 0x1F, 0xFF, 0xE0, 0x7F, 0xF9,
    0x00, 0x00, 0x00, 0x01, 0xF8, 0x00, 0x07, 0xE0, 0x00, 0x1F, 0x80, 0x00, 0x7F, 0xFF, 0xFD, 0xFF,
    0xFF, 0xF6, 0xAA, 0xBF, 0x80, 0x00, 0xFC, 0x00, 0x07, 0xF0, 0x00, 0x2F, 0x80, 0x00, 0xFC, 0x00,
    0x07, 0xF0, 0x00, 0x3F, 0x80, 0x00, 0xFC, 0x00, 0x07, 0xF0, 0x00, 0x3F, 0x80, 0x00, 0xFC, 0x00,
    0x3F, 0xFF, 0xF9, 0x03, 0xFF, 0xFF, 0xF4, 0x2B, 0xEA, 0xBF, 0xC0, 0xBC, 0x00, 0xFC, 0x0F, 0xC0,
    0x0F, 0xD0, 0xFC, 0x00, 0xFD, 0x0F, 0xC0, 0x0F, 0xD0, 0xFC, 0x00, 0xFD, 0x0F, 0xC0, 0x0F, 0xD0,
    0xFC, 0x00, 0xFD, 0x0F, 0xEA, 0xAF, 0xD0, 0xFF, 0xFF, 0xFD, 0x0F, 0xFF, 0xFF, 0xD0, 0x3F, 0x07,
    0xFD, 0x00, 0xFD, 0x7F, 0xFD, 0x02, 0xFB, 0xFB, 0xFC, 0x03, 0xFD, 0x03, 0xF8, 0x0F, 0xF0, 0x07,
    0xF0, 0x2F, 0x80, 0x0F, 0xC0, 0xBD, 0x00, 0x3F, 0x03, 0xF4, 0x00, 0xFC, 0x0F, 0xC0, 0x07, 0xF0,
    0x7F, 0x00, 0x3F, 0x81, 0xF8, 0x2B, 0xFC, 0x0B, 0xE1, 0xFF, 0xC0, 0x3F, 0x4B, 0xF8, 0x00, 0x3F,
    0xE3, 0xFE, 0x2F, 0xE0, 0xBE, 0x0B, 0xE0, 0xBE, 0x0B, 0xE0, 0xBE, 0x0B, 0xE0, 0xBE, 0x0B, 0xE0,
    0xBE, 0x0B, 0xE0, 0xBE, 0x0B, 0xE0, 0xBE, 0x0B, 0xE0, 0x1F, 0xD0, 0x2F, 0xF8, 0x1B, 0xFC, 0x00,
    0xFC, 0x00, 0xFC, 0x00, 0xFC, 0x00, 0xFC, 0x00, 0xFC, 0x00, 0xFC, 0x00, 0xFC, 0x2A, 0xFC, 0x3F,
    0xFC, 0x3F, 0xFC, 0x3F, 0xFF, 0xF4, 0x03, 0xFF, 0xFF, 0xF0, 0x2B, 0xFA, 0xFF, 0x80, 0xBC, 0x01,
    0xFC, 0x1F, 0x80, 0x0F, 0xC2, 0xF8, 0x00, 0xFD, 0x2F, 0x80, 0x0F, 0xD2, 0xF8, 0x00, 0xFC, 0x2F,
    0xC0, 0x1F, 0xC1, 0xFD, 0x02, 0xF8, 0x0F, 0xFA, 0xFF, 0x00, 0x3F, 0xFF, 0xD0, 0x00, 0xBF, 0xE0,
    0x00, 0x00, 0x00, 0x00, 0x0B, 0xD0, 0x0F, 0xD1, 0xF8, 0x03, 0xF4, 0x7F, 0x00, 0xFC, 0x0F, 0xC0,
    0x3F, 0x03, 0xF4, 0x0F, 0xC0, 0xBD, 0x03, 0xF0, 0x1F, 0x81, 0xF8, 0x03, 0xF0, 0xBD, 0x00, 0xFC,
    0x7F, 0x00, 0x3F, 0xBF, 0x80, 0x6F, 0xFF, 0x80, 0x7F, 0xFF, 0x40, 0x1F, 0xE4, 0x00, 0x00, 0x00,
    0x00, 0x00, 0x02, 0xFF, 0x80, 0x03, 0xFF, 0xFD, 0x02, 0xFE, 0xBF, 0xD0, 0xFC, 0x02, 0xFC, 0x3F,
    0x00, 0x3F, 0x0F, 0xC0, 0x0F, 0xD2, 0xFD, 0x03, 0xF4, 0x3F, 0x80, 0xFD, 0x01, 0x90, 0x3F, 0x40,
    0x00, 0x0F, 0xD0, 0x00, 0x03, 0xF4, 0x00, 0x00, 0xFD, 0x00, 0x00, 0x3F, 0x40, 0x00, 0x0F, 0xD0,
    0x00, 0x03, 0xF4, 0x00, 0x00, 0xFD, 0x00, 0x00, 0x3F, 0x40, 0x02, 0xFF, 0x80, 0x03, 0xFF, 0xFD,
    0x02, 0xFE, 0xBF, 0xD0, 0xFC, 0x03, 0xFC, 0x3F, 0x00, 0x7F, 0x0F, 0xC0, 0x0F, 0xC2, 0xFD, 0x03,
    0xF4, 0x3F, 0x80, 0xFC, 0x01, 0x90, 0x7F, 0x00, 0x00, 0x3F, 0x81, 0xAA, 0xBF, 0xC0, 0xFF, 0xFF,
    0xC0, 0x3F, 0xFF, 0x40, 0x00, 0x7F, 0x00, 0xBD, 0x3F, 0x40, 0xFD, 0x2F, 0xC0, 0xFD, 0x0F, 0xC0,
    0xFC, 0x0F, 0xD1, 0xFC, 0x07, 0xF2, 0xF4, 0x03, 0xFB, 0xF0, 0x02, 0xFF, 0xD0, 0x01, 0xFE, 0x00,
    0x00, 0xFC, 0x00, 0x00, 0xFD, 0x00, 0x00, 0x7E, 0x00, 0x00, 0x3F, 0x00, 0x00, 0x3F, 0x00, 0x00,
    0x2F, 0x80, 0x00, 0x1F, 0xC0, 0x00, 0x0F, 0xC0, 0x3F, 0x80, 0xBE, 0x2F, 0xC0, 0xBD, 0x0F, 0xE0,
    0xFD, 0x07, 0xF0, 0xFC, 0x02, 0xFD, 0xFC, 0x00, 0xFF, 0xF4, 0x00, 0x7F, 0xE0, 0x00, 0x3F, 0xC0,
    0x00, 0x1F, 0xC0, 0x00, 0x0B, 0xF0, 0x2A, 0xAB, 0xF4, 0x3F, 0xFF, 0xFC, 0x3F, 0xFF, 0xF8, 0x3F,
    0xFF, 0xFF, 0xC3, 0xFF, 0xFF, 0xFC, 0x2A, 0xAA, 0xBF, 0x80, 0x00, 0x02, 0xF4, 0x00, 0x00, 0x3F,
    0x00, 0x00, 0x07, 0xF0, 0x2F, 0x80, 0xBE, 0x02, 0xF8, 0x0F, 0xD0, 0x2F, 0x80, 0xFC, 0x02, 0xF8,
    0x1F, 0xC0, 0x2F, 0x82, 0xF4, 0x02, 0xF8, 0x3F, 0x00, 0x2F, 0x83, 0xF0, 0x02, 0xF8, 0x00, 0x00,
    0x2F, 0x80, 0x00, 0x02, 0xF8, 0x00, 0x00, 0x2F, 0x80, 0x00, 0x00, 0x3F, 0xFE, 0x03, 0xFF, 0xFC,
    0x2A, 0xAF, 0xE0, 0x00, 0x7F, 0x00, 0x03, 0xF0, 0x00, 0x3F, 0x00, 0x03, 0xF0, 0x00, 0x3F, 0x00,
    0x03, 0xF0, 0x00, 0x3F, 0x00, 0x03, 0xF0, 0x00, 0x3F, 0x00, 0x03, 0xF0, 0xFD, 0x1F, 0xC3, 0xF3,
    0xF4, 0x7F, 0x0F, 0xCF, 0xD1, 0xF8, 0x3F, 0x3F, 0x4B, 0xE0, 0xFC, 0xFD, 0x3F, 0x43, 0xF2, 0xFA,
    0xFC, 0x0F, 0xCB, 0xFF, 0xC0, 0x3F, 0x2F, 0xE4, 0x00, 0xFC, 0x7F, 0x00, 0x0B, 0xE0, 0xFE, 0x00,
    0x7F, 0x41, 0xFF, 0xAB, 0xF8, 0x01, 0xFF, 0xFF, 0xC0, 0x00, 0xBF, 0xE4, 0x00, 0x2F, 0xFF, 0xFE,
    0x03, 0xFF, 0xFF, 0xFC, 0x2B, 0xFA, 0xBF, 0xD0, 0x3F, 0x00, 0xBE, 0x03, 0xF0, 0x07, 0xE0, 0x3F,
    0x00, 0x7E, 0x03, 0xF0, 0x07, 0xE0, 0x3F, 0x00, 0x7E, 0x03, 0xF0, 0x07, 0xE0, 0x3F, 0x00, 0x7E,
    0x2F, 0xF0, 0x07, 0xE3, 0xFD, 0x00, 0x7E, 0x3F, 0x40, 0x07, 0xE0, 0x00, 0x3D, 0x7C, 0xBC, 0xBF,
    0x7E, 0x00, 0x00, 0x00, 0xFC, 0x1F, 0xC2, 0xF8, 0x3F, 0x83, 0xF4, 0x6A, 0x00, 0x00, 0x00, 0x00,
    0x00, 0x00, 0x00, 0x90, 0x3F, 0x87, 0xFC, 0x3F, 0x80, 0x40, 0x00, 0x00, 0x00, 0x2F, 0xFE, 0x03,
    0xFF, 0xFF, 0x5F, 0xFF, 0xFC, 0xBF, 0x41, 0xD2, 0xFC, 0x00, 0x03, 0xFC, 0x00, 0x07, 0xFD, 0x00,
    0x07, 0xFC, 0x00, 0x03, 0xF4, 0x00, 0x07, 0xD0, 0x00, 0x00, 0x00, 0x00, 0x68, 0x00, 0x03, 0xFC,
    0x00, 0x1F, 0xF0, 0x00, 0x3F, 0x80, 0x00, 0x00, 0x00, 0x00, 0x00, 0x00, 0x2F, 0xC0, 0x0F, 0xFC,
    0x02, 0xFE, 0xC0, 0x3F, 0x00, 0x03, 0xF0, 0x00, 0x1F, 0x9B, 0x40, 0xFF, 0xFC, 0x7F, 0xFF, 0x87,
    0xFF, 0x40, 0x3D, 0x00, 0x00, 0x00, 0x00, 0xBF, 0xFC, 0xFF, 0xFE, 0xFF, 0xFD, 0x00, 0x00, 0x04,
    0x01, 0xF0, 0x3F, 0xC1, 0xF8, 0x06, 0x00, 0x00, 0x00, 0x02, 0xE0, 0x3F, 0x03, 0xF0, 0x3F, 0x42,
    0xF8, 0x1F, 0x81, 0xFC, 0x0F, 0xC0, 0xFC, 0x0F, 0xC0, 0xFC, 0x0B, 0xD0, 0xBD, 0x0B, 0xD0, 0x00,
    0x00, 0x00, 0x0B, 0xC0, 0x2E, 0xFD, 0x03, 0xEB, 0xFA, 0xFD, 0x7F, 0xFF, 0xC3, 0xFF, 0xF0, 0x3F,
    0x00, 0x03, 0xF0, 0x00, 0x2F, 0x40, 0x02, 0xF4, 0x00, 0x1F, 0x40, 0x01, 0xF8, 0x00, 0x1F, 0x80,
    0x00, 0xF8, 0x00, 0x0F, 0x80, 0x00, 0x00, 0x00, 0x00, 0x00, 0x00, 0x7D, 0x04, 0x2C, 0x7E, 0x2E,
    0x3D, 0x7F, 0x3F, 0x3E, 0x3F, 0xFF, 0xFE, 0x3F, 0xFF, 0xFC, 0x2F, 0xE1, 0x90, 0x2F, 0x40, 0x00,
    0x1F, 0x80, 0x00, 0x1F, 0x80, 0x00, 0x0F, 0xC0, 0x00, 0x0F, 0xC0, 0x00, 0x0F, 0xC0, 0x00, 0x0F,
    0xC0, 0x00, 0x0F, 0xC0, 0x00, 0x00, 0x00, 0x00, 0x00, 0x00, 0x00, 0x1F, 0x00, 0x0B, 0xF4, 0x02,
    0xFE, 0x00, 0x3F, 0x00, 0x07, 0xD0, 0x00, 0x3F, 0xA0, 0x02, 0xFF, 0x00, 0x0F, 0xF0, 0x02, 0xFC,
    0x00, 0x7F, 0x00, 0x0B, 0xD0, 0x00, 0x7F, 0xEB, 0xC3, 0xFF, 0xFC, 0x0B, 0xFF, 0x80, 0x00, 0x00,
    0x00, 0x00, 0x00, 0x3F, 0xD0, 0x0F, 0xFF, 0x43, 0xFF, 0xFC, 0x3F, 0x0F, 0xDB, 0xD0, 0x7E, 0xBC,
    0x07, 0xEB, 0xC0, 0x7E, 0xBE, 0x0B, 0xD7, 0xFF, 0xFC, 0x2F, 0xFF, 0x80, 0x7F, 0xD0, 0x00, 0x00,
    0x00, 0x3F, 0xFF, 0xE0, 0x3F, 0xFF, 0xE0, 0x2F, 0xFF, 0xE0, 0x00, 0x03, 0xE0, 0x00, 0x03, 0xF0,
    0x00, 0x03, 0xF0, 0x00, 0x03, 0xF0, 0x00, 0x03, 0xF0, 0x00, 0x02, 0xF0, 0x00, 0x02, 0xF4, 0x00,
    0x01, 0xF4, 0x00, 0x01, 0xF8, 0x00, 0x00, 0xFC, 0x00, 0x00, 0xFC, 0x00, 0x00, 0x00, 0x04, 0x00,
    0x10, 0xBD, 0x00, 0x7D, 0xBF, 0x00, 0xFD, 0x3F, 0x00, 0xFC, 0x2F, 0x41, 0xF8, 0x1F, 0x83, 0xF4,
    0x0F, 0xC3, 0xF0, 0x0B, 0xD7, 0xE0, 0x07, 0xEB, 0xC0, 0x03, 0xFF, 0xC0, 0x03, 0xFF, 0x80, 0x02,
    0xFF, 0x00, 0x01, 0xFF, 0x00, 0x00, 0xFE, 0x00, 0x00, 0xBD, 0x00, 0x00, 0x00, 0x00, 0x00, 0x00,
    0x00, 0x00, 0x7E, 0x00, 0x00, 0xBF, 0x00, 0x00, 0xFF, 0x00, 0x01, 0xFF, 0x40, 0x02, 0xFF, 0xC0,
    0x03, 0xFF, 0xC0, 0x07, 0xEB, 0xD0, 0x0B, 0xD7, 0xE0, 0x0F, 0xC3, 0xF0, 0x1F, 0x83, 0xF4, 0x2F,
    0x41, 0xF8, 0x3F, 0x00, 0xFC, 0xBE, 0x00, 0xFD, 0x7D, 0x00, 0x7D, 0x04, 0x00, 0x10, 0x00, 0x00,
    0x00, 0xBF, 0xC0, 0x3F, 0xFF, 0x07, 0xFB, 0xF4, 0xFC, 0x1F, 0x8F, 0xC0, 0xFC, 0xFF, 0x6F, 0xC7,
    0xFF, 0xFC, 0x2F, 0xFF, 0xC0, 0x15, 0xFC, 0x00, 0x0B, 0xC0, 0x00, 0xBD, 0x00, 0x07, 0xD0, 0x00,
    0x7E, 0x00, 0x03, 0xD0, 0x00, 0x00, 0x00, 0x40, 0x00, 0x00, 0x2F, 0x40, 0x00, 0x00, 0x7F, 0x0A,
    0x40, 0x00, 0xFC, 0x3F, 0x00, 0x02, 0xF0, 0xF8, 0x00, 0x0B, 0xD7, 0xD0, 0x00, 0x2F, 0x5F, 0x80,
    0x00, 0xFC, 0x7F, 0x00, 0x07, 0xF0, 0xFF, 0x40, 0xBF, 0x82, 0xFF, 0xFF, 0xFC, 0x02, 0xFF, 0xFF,
    0x80, 0x00, 0x6F, 0xA0, 0x00, 0x3F, 0xF4, 0xFF, 0xC0, 0x04, 0x01, 0xF0, 0x3F, 0xC1, 0xF8, 0x06,
    0x00, 0x00, 0x00, 0x02, 0xE0, 0x3F, 0x03, 0xF0, 0x3F, 0x42, 0xF8, 0x1F, 0x81, 0xFC, 0x0F, 0xC0,
    0xFC, 0x0F, 0xC0, 0xFC, 0x0B, 0xD0, 0xBD, 0x0B, 0xD0, 0x00, 0x00, 0x00, 0x0B, 0xC0, 0x2E, 0xFD,
    0x03, 0xEB, 0xFA, 0xFD, 0x7F, 0xFF, 0xC3, 0xFF, 0xF0, 0x3F, 0x00, 0x03, 0xF0, 0x00, 0x2F, 0x40,
    0x02, 0xF4, 0x00, 0x1F, 0x40, 0x01, 0xF8, 0x00, 0x1F, 0x80, 0x00, 0xF8, 0x00, 0x0F, 0x80, 0x00,
    0x00, 0x00, 0x00, 0x00, 0x00, 0x7D, 0x04, 0x2C, 0x7E, 0x2E, 0x3D, 0x7F, 0x3F, 0x3E, 0x3F, 0xFF,
    0xFE, 0x3F, 0xFF, 0xFC, 0x2F, 0xE1, 0x90, 0x2F, 0x40, 0x00, 0x1F, 0x80, 0x00, 0x1F, 0x80, 0x00,
    0x0F, 0xC0, 0x00, 0x0F, 0xC0, 0x00, 0x0F, 0xC0, 0x00, 0x0F, 0xC0, 0x00, 0x0F, 0xC0, 0x00, 0x00,
    0x00, 0x00, 0x00, 0x00, 0x00, 0x2F, 0x0B, 0xF0, 0x3F, 0x1F, 0xF0, 0x2F, 0x6F, 0x40, 0x1F, 0x9F,
    0x54, 0x1F, 0xFF, 0xFC, 0x0F, 0xFF, 0xFC, 0x0F, 0xEA, 0x90, 0x0F, 0xC0, 0x00, 0x0B, 0xC0, 0x00,
    0x0B, 0xD0, 0x00, 0x0B, 0xD0, 0x00, 0x07, 0xD0, 0x00, 0x07, 0xD0, 0x00, 0x07, 0xE0, 0x00, 0x00,
    0x00, 0x00, 0x00, 0x00, 0x00, 0x00, 0x30, 0x00, 0x00, 0xFC, 0x00, 0x00, 0xFF, 0x00, 0x01, 0xFF,
    0x80, 0x03, 0xFF, 0xD0, 0x0B, 0xE7, 0xF0, 0x1F, 0xC3, 0xF4, 0x2F, 0x01, 0xFC, 0x3F, 0x00, 0xFC,
    0x7E, 0x14, 0xBC, 0x7E, 0x3C, 0xBC, 0x7F, 0xFF, 0xFC, 0x3F, 0xFF, 0xF8, 0x0F, 0xD7, 0xE0, 0x00,
    0x00, 0x00, 0x3F, 0xE0, 0x0F, 0xFD, 0x03, 0xFE, 0x90, 0x3F, 0x00, 0x03, 0xF0, 0x00, 0x2F, 0x82,
    0x40, 0xFF, 0xFC, 0x03, 0xFF, 0xC0, 0x2F, 0xF0, 0x07, 0xF8, 0x00, 0xFF, 0x00, 0x2F, 0xC0, 0x07,
    0xF4, 0x00, 0x2F, 0x00, 0x00, 0x00, 0x00, 0x04, 0x00, 0x10, 0xBD, 0x00, 0x7D, 0xBF, 0x00, 0xFD,
    0x3F, 0x00, 0xFC, 0x2F, 0x41, 0xF8, 0x1F, 0x83, 0xF4, 0x0F, 0xC3, 0xF0, 0x0B, 0xD7, 0xE0, 0x07,
    0xEB, 0xC0, 0x03, 0xFF, 0xC0, 0x03, 0xFF, 0x80, 0x02, 0xFF, 0x00, 0x01, 0xFF, 0x00, 0x00, 0xFE,
    0x00, 0x00, 0xBD, 0x00, 0x00, 0x00, 0x00, 0x00, 0x00, 0x00, 0x00, 0x7E, 0x00, 0x00, 0xBF, 0x00,
    0x00, 0xFF, 0x00, 0x01, 0xFF, 0x40, 0x02, 0xFF, 0xC0, 0x03, 0xFF, 0xC0, 0x07, 0xEB, 0xD0, 0x0B,
    0xD7, 0xE0, 0x0F, 0xC3, 0xF0, 0x1F, 0x83, 0xF4, 0x2F, 0x41, 0xF8, 0x3F, 0x00, 0xFC, 0xBE, 0x00,
    0xFD, 0x7D, 0x00, 0x7D, 0x04, 0x00, 0x10, 0x00, 0x00, 0x00, 0xBF, 0xC0, 0x3F, 0xFF, 0x07, 0xFB,
    0xF4, 0xFC, 0x1F, 0x8F, 0xC0, 0xFC, 0xFF, 0x6F, 0xC7, 0xFF, 0xFC, 0x2F, 0xFF, 0xC0, 0x15, 0xFC,
    0x00, 0x0B, 0xC0, 0x00, 0xBD, 0x00, 0x07, 0xD0, 0x00, 0x7E, 0x00, 0x03, 0xD0, 0x00, 0x05, 0x40,
    0x00, 0x00, 0x7F, 0x40, 0x00, 0x03, 0xFF, 0x00, 0x00, 0x1F, 0xFD, 0x00, 0x00, 0xFE, 0xFC, 0x00,
    0x03, 0xF3, 0xF0, 0x00, 0x2F, 0x4B, 0xE0, 0x00, 0xFC, 0x0F, 0xC0, 0x07, 0xE0, 0x3F, 0x40, 0x3F,
    0xEA, 0xFF, 0x00, 0xFF, 0xFF, 0xFC, 0x0B, 0xFF, 0xFF, 0xF8, 0x3F, 0x40, 0x0B, 0xF1, 0xFC, 0x00,
    0x0F, 0xDB, 0xE0, 0x00, 0x3F, 0x80, 0x00, 0x00, 0x00, 0x00, 0x0B, 0x80, 0x00, 0x00, 0x3F, 0x00,
    0x00, 0x00, 0xFC, 0x00, 0x00, 0x00, 0x40, 0x00, 0x00, 0x00, 0x00, 0x3F, 0xFE, 0x00, 0xFF, 0xFE,
    0x02, 0x56, 0xFC, 0x00, 0x03, 0xF0, 0x0A, 0xEF, 0xC1, 0xFF, 0xFF, 0x0F, 0xE5, 0xFC, 0x3F, 0x03,
    0xF0, 0xFD, 0x0F, 0xC3, 0xFF, 0xFF, 0x02, 0xFF, 0xFC, 0x00, 0x00, 0x00, 0x01, 0xE0, 0x00, 0x0F,
    0xD0, 0x00, 0x2F, 0x00, 0x00, 0x10, 0x00, 0x00, 0x2F, 0x80, 0x00, 0x00, 0xBF, 0x80, 0x00, 0x00,
    0x2F, 0x00, 0x00, 0x01, 0xF4, 0x00, 0x00, 0x06, 0x40, 0x00, 0x00, 0x15, 0x00, 0x00, 0x01, 0xFD,
    0x00, 0x00, 0x0F, 0xFC, 0x00, 0x00, 0x7F, 0xF4, 0x00, 0x03, 0xFB, 0xF0, 0x00, 0x0F, 0xCF, 0xC0,
    0x00, 0xBD, 0x2F, 0x80, 0x03, 0xF0, 0x3F, 0x00, 0x1F, 0x80, 0xFD, 0x00, 0xFF, 0xAB, 0xFC, 0x03,
    0xFF, 0xFF, 0xF0, 0x2F, 0xFF, 0xFF, 0xE0, 0xFD, 0x00, 0x2F, 0xC7, 0xF0, 0x00, 0x3F, 0x6F, 0x80,
    0x00, 0xFE, 0x00, 0x50, 0x00, 0x07, 0xF8, 0x00, 0x0A, 0xF0, 0x00, 0x0B, 0xC0, 0x00, 0x7C, 0x00,
    0x01, 0x50, 0x00, 0xFF, 0xF8, 0x03, 0xFF, 0xF8, 0x09, 0x5B, 0xF0, 0x00, 0x0F, 0xC0, 0x2B, 0xBF,
    0x07, 0xFF, 0xFC, 0x3F, 0x97, 0xF0, 0xFC, 0x0F, 0xC3, 0xF4, 0x3F, 0x0F, 0xFF, 0xFC, 0x0B, 0xFF,
    0xF0, 0x00, 0x00, 0x00, 0x00, 0x00, 0x00, 0x00, 0x00, 0x00, 0x0B, 0x40, 0x00, 0x00, 0x7F, 0x00,
    0x00, 0x87, 0xE0, 0x00, 0x0F, 0xDE, 0x00, 0x00, 0xFF, 0xC0, 0x00, 0x07, 0x8B, 0x40, 0x00, 0x04,
    0x00, 0x00, 0x00, 0x05, 0x40, 0x00, 0x00, 0x7F, 0x40, 0x00, 0x03, 0xFF, 0x00, 0x00, 0x1F, 0xFD,
    0x00, 0x00, 0xFE, 0xFC, 0x00, 0x03, 0xF3, 0xF0, 0x00, 0x2F, 0x4B, 0xE0, 0x00, 0xFC, 0x0F, 0xC0,
    0x07, 0xE0, 0x3F, 0x40, 0x3F, 0xEA, 0xFF, 0x00, 0xFF, 0xFF, 0xFC, 0x0B, 0xFF, 0xFF, 0xF8, 0x3F,
    0x40, 0x0B, 0xF1, 0xFC, 0x00, 0x0F, 0xDB, 0xE0, 0x00, 0x3F, 0x80, 0x00, 0x00, 0x00, 0x00, 0x00,
    0x03, 0x00, 0x00, 0x03, 0xF0, 0x00, 0x03, 0xF4, 0x00, 0x74, 0xF0, 0x00, 0xBF, 0x40, 0x00, 0xBE,
    0xF4, 0x00, 0x08, 0x08, 0x00, 0x00, 0x00, 0x00, 0x03, 0xFF, 0xE0, 0x00, 0xFF, 0xFE, 0x00, 0x25,
    0x6F, 0xC0, 0x00, 0x03, 0xF0, 0x00, 0xAE, 0xFC, 0x01, 0xFF, 0xFF, 0x00, 0xFE, 0x5F, 0xC0, 0x3F,
    0x03, 0xF0, 0x0F, 0xD0, 0xFC, 0x03, 0xFF, 0xFF, 0x00, 0x2F, 0xFF, 0xC0, 0x00, 0x00, 0x00, 0x00,
    0x00, 0x00, 0x10, 0x00, 0x00, 0x03, 0xD0, 0x00, 0x00, 0x1F, 0xC0, 0x00, 0x00, 0x8F, 0xC0, 0x00,
    0x0F, 0xC9, 0x00, 0x00, 0xFF, 0xC0, 0x00, 0x07, 0x8B, 0x40, 0x00, 0x04, 0x00, 0x00, 0x00, 0x05,
    0x40, 0x00, 0x00, 0x7F, 0x40, 0x00, 0x03, 0xFF, 0x00, 0x00, 0x1F, 0xFD, 0x00, 0x00, 0xFE, 0xFC,
    0x00, 0x03, 0xF3, 0xF0, 0x00, 0x2F, 0x4B, 0xE0, 0x00, 0xFC, 0x0F, 0xC0, 0x07, 0xE0, 0x3F, 0x40,
    0x3F, 0xEA, 0xFF, 0x00, 0xFF, 0xFF, 0xFC, 0x0B, 0xFF, 0xFF, 0xF8, 0x3F, 0x40, 0x0B, 0xF1, 0xFC,
    0x00, 0x0F, 0xDB, 0xE0, 0x00, 0x3F, 0x80, 0x00, 0x00, 0x00, 0x00, 0x0D, 0x00, 0x00, 0xFC, 0x00,
    0x00, 0xFC, 0x00, 0x74, 0xF0, 0x0B, 0xF4, 0x00, 0xBE, 0xF4, 0x00, 0x80, 0x80, 0x00, 0x00, 0x00,
    0x3F, 0xFE, 0x00, 0xFF, 0xFE, 0x02, 0x56, 0xFC, 0x00, 0x03, 0xF0, 0x0A, 0xEF, 0xC1, 0xFF, 0xFF,
    0x0F, 0xE5, 0xFC, 0x3F, 0x03, 0xF0, 0xFD, 0x0F, 0xC3, 0xFF, 0xFF, 0x02, 0xFF, 0xFC, 0x00, 0x00,
    0x00, 0x00, 0x00, 0x00, 0x00, 0x00, 0x01, 0xFE, 0x00, 0x00, 0x03, 0xFC, 0x00, 0x00, 0x01, 0xF0,
    0x00, 0x02, 0x0F, 0x00, 0x00, 0x3F, 0x14, 0x00, 0x03, 0xFF, 0x00, 0x00, 0x1E, 0x2D, 0x00, 0x00,
    0x10, 0x00, 0x00, 0x00, 0x15, 0x00, 0x00, 0x01, 0xFD, 0x00, 0x00, 0x0F, 0xFC, 0x00, 0x00, 0x7F,
    0xF4, 0x00, 0x03, 0xFB, 0xF0, 0x00, 0x0F, 0xCF, 0xC0, 0x00, 0xBD, 0x2F, 0x80, 0x03, 0xF0, 0x3F,
    0x00, 0x1F, 0x80, 0xFD, 0x00, 0xFF, 0xAB, 0xFC, 0x03, 0xFF, 0xFF, 0xF0, 0x2F, 0xFF, 0xFF, 0xE0,
    0xFD, 0x00, 0x2F, 0xC7, 0xF0, 0x00, 0x3F, 0x6F, 0x80, 0x00, 0xFE, 0x00, 0x00, 0x50, 0x00, 0x03,
    0xFC, 0x00, 0x02, 0xBE, 0x00, 0x00, 0x3D, 0x00, 0x74, 0xF4, 0x02, 0xFD, 0x00, 0x0B, 0xEF, 0x40,
    0x02, 0x02, 0x00, 0x00, 0x00, 0x00, 0x0F, 0xFF, 0x80, 0x0F, 0xFF, 0xE0, 0x09, 0x5B, 0xF0, 0x00,
    0x03, 0xF0, 0x02, 0xBB, 0xF0, 0x1F, 0xFF, 0xF0, 0x3F, 0x97, 0xF0, 0x3F, 0x03, 0xF0, 0x3F, 0x43,
    0xF0, 0x3F, 0xFF, 0xF0, 0x0B, 0xFF, 0xF0, 0x00, 0x00, 0x00, 0x00, 0x00, 0x00, 0x00, 0x01, 0xFE,
    0xF0, 0x00, 0x0F, 0xFF, 0xC0, 0x00, 0x14, 0x68, 0x00, 0x00, 0x02, 0x00, 0x00, 0x00, 0x3F, 0x00,
    0x00, 0x03, 0xFF, 0x00, 0x00, 0x1E, 0x2D, 0x00, 0x00, 0x10, 0x00, 0x00, 0x00, 0x15, 0x00, 0x00,
    0x01, 0xFD, 0x00, 0x00, 0x0F, 0xFC, 0x00, 0x00, 0x7F, 0xF4, 0x00, 0x03, 0xFB, 0xF0, 0x00, 0x0F,
    0xCF, 0xC0, 0x00, 0xBD, 0x2F, 0x80, 0x03, 0xF0, 0x3F, 0x00, 0x1F, 0x80, 0xFD, 0x00, 0xFF, 0xAB,
    0xFC, 0x03, 0xFF, 0xFF, 0xF0, 0x2F, 0xFF, 0xFF, 0xE0, 0xFD, 0x00, 0x2F, 0xC7, 0xF0, 0x00, 0x3F,
    0x6F, 0x80, 0x00, 0xFE, 0x02, 0x92, 0x40, 0x3F, 0xFF, 0x00, 0xF7, 0xF4, 0x00, 0x00, 0x00, 0x00,
    0x74, 0x00, 0x0B, 0xF4, 0x00, 0xBE, 0xF4, 0x00, 0x80, 0x80, 0x00, 0x00, 0x00, 0x3F, 0xFE, 0x00,
    0xFF, 0xFE, 0x02, 0x56, 0xFC, 0x00, 0x03, 0xF0, 0x0A, 0xEF, 0xC1, 0xFF, 0xFF, 0x0F, 0xE5, 0xFC,
    0x3F, 0x03, 0xF0, 0xFD, 0x0F, 0xC3, 0xFF, 0xFF, 0x02, 0xFF, 0xFC, 0x00, 0x00, 0x00, 0x00, 0x02,
    0x00, 0x00, 0x00, 0x3F, 0x00, 0x00, 0x03, 0xFF, 0x00, 0x00, 0x1E, 0x2D, 0x00, 0x00, 0x10, 0x00,
    0x00, 0x00, 0x15, 0x00, 0x00, 0x01, 0xFD, 0x00, 0x00, 0x0F, 0xFC, 0x00, 0x00, 0x7F, 0xF4, 0x00,
    0x03, 0xFB, 0xF0, 0x00, 0x0F, 0xCF, 0xC0, 0x00, 0xBD, 0x2F, 0x80, 0x03, 0xF0, 0x3F, 0x00, 0x1F,
    0x80, 0xFD, 0x00, 0xFF, 0xAB, 0xFC, 0x03, 0xFF, 0xFF, 0xF0, 0x2F, 0xFF, 0xFF, 0xE0, 0xFD, 0x00,
    0x2F, 0xC7, 0xF0, 0x00, 0x3F, 0x6F, 0x80, 0x00, 0xFE, 0x00, 0x00, 0x00, 0x00, 0x00, 0x2E, 0x00,
    0x00, 0x00, 0xFC, 0x00, 0x00, 0x03, 0xF0, 0x00, 0x00, 0x01, 0x00, 0x00, 0x00, 0x00, 0x00, 0x01,
    0xD0, 0x00, 0x2F, 0xD0, 0x02, 0xFB, 0xD0, 0x02, 0x02, 0x00, 0x00, 0x00, 0x00, 0xFF, 0xF8, 0x03,
    0xFF, 0xF8, 0x09, 0x5B, 0xF0, 0x00, 0x0F, 0xC0, 0x2B, 0xBF, 0x07, 0xFF, 0xFC, 0x3F, 0x97, 0xF0,
    0xFC, 0x0F, 0xC3, 0xF4, 0x3F, 0x0F, 0xFF, 0xFC, 0x0B, 0xFF, 0xF0, 0x00, 0x00, 0x00, 0x07, 0x80,
    0x00, 0x3F, 0x40, 0x00, 0xBC, 0x00, 0x00, 0x40, 0x00, 0x00, 0x00, 0x00, 0x00, 0x00, 0x02, 0xD0,
    0x00, 0x00, 0x1F, 0xC0, 0x00, 0x01, 0xF8, 0x00, 0x00, 0x03, 0x80, 0x00, 0x02, 0xE0, 0xF0, 0x00,
    0x07, 0xEF, 0x80, 0x00, 0x0B, 0xFC, 0x00, 0x00, 0x01, 0x00, 0x00, 0x00, 0x15, 0x00, 0x00, 0x01,
    0xFD, 0x00, 0x00, 0x0F, 0xFC, 0x00, 0x00, 0x7F, 0xF4, 0x00, 0x03, 0xFB, 0xF0, 0x00, 0x0F, 0xCF,
    0xC0, 0x00, 0xBD, 0x2F, 0x80, 0x03, 0xF0, 0x3F, 0x00, 0x1F, 0x80, 0xFD, 0x00, 0xFF, 0xAB, 0xFC,
    0x03, 0xFF, 0xFF, 0xF0, 0x2F, 0xFF, 0xFF, 0xE0, 0xFD, 0x00, 0x2F, 0xC7, 0xF0, 0x00, 0x3F, 0x6F,
    0x80, 0x00, 0xFE, 0x00, 0x01, 0x00, 0x00, 0x2E, 0x00, 0x01, 0xFC, 0x00, 0x1F, 0x80, 0x00, 0x28,
    0x00, 0x2E, 0x0F, 0x00, 0x7E, 0xBC, 0x00, 0xBF, 0xD0, 0x00, 0x54, 0x00, 0x00, 0x00, 0x00, 0xFF,
    0xF8, 0x03, 0xFF, 0xF8, 0x09, 0x5B, 0xF0, 0x00, 0x0F, 0xC0, 0x2B, 0xBF, 0x07, 0xFF, 0xFC, 0x3F,
    0x97, 0xF0, 0xFC, 0x0F, 0xC3, 0xF4, 0x3F, 0x0F, 0xFF, 0xFC, 0x0B, 0xFF, 0xF0, 0x00, 0x00, 0x00,
    0x00, 0x00, 0x00, 0x00, 0x00, 0xB0, 0x00, 0x00, 0x07, 0xF0, 0x00, 0x00, 0x07, 0xF0, 0x00, 0x00,
    0x03, 0x80, 0x00, 0x02, 0xE0, 0xF0, 0x00, 0x07, 0xEF, 0x80, 0x00, 0x0B, 0xFC, 0x00, 0x00, 0x01,
    0x00, 0x00, 0x00, 0x15, 0x00, 0x00, 0x01, 0xFD, 0x00, 0x00, 0x0F, 0xFC, 0x00, 0x00, 0x7F, 0xF4,
    0x00, 0x03, 0xFB, 0xF0, 0x00, 0x0F, 0xCF, 0xC0, 0x00, 0xBD, 0x2F, 0x80, 0x03, 0xF0, 0x3F, 0x00,
    0x1F, 0x80, 0xFD, 0x00, 0xFF, 0xAB, 0xFC, 0x03, 0xFF, 0xFF, 0xF0, 0x2F, 0xFF, 0xFF, 0xE0, 0xFD,
    0x00, 0x2F, 0xC7, 0xF0, 0x00, 0x3F, 0x6F, 0x80, 0x00, 0xFE, 0x00, 0x00, 0x00, 0x0B, 0x00, 0x00,
    0x7F, 0x00, 0x00, 0x7E, 0x00, 0x00, 0x7C, 0x00, 0x2E, 0x0F, 0x00, 0x7E, 0xBC, 0x00, 0xBF, 0xD0,
    0x00, 0x54, 0x00, 0x00, 0x00, 0x00, 0xFF, 0xF8, 0x03, 0xFF, 0xF8, 0x09, 0x5B, 0xF0, 0x00, 0x0F,
    0xC0, 0x2B, 0xBF, 0x07, 0xFF, 0xFC, 0x3F, 0x97, 0xF0, 0xFC, 0x0F, 0xC3, 0xF4, 0x3F, 0x0F, 0xFF,
    0xFC, 0x0B, 0xFF, 0xF0, 0x00, 0x00, 0x00, 0x00, 0x05, 0x00, 0x00, 0x00, 0xBF, 0x80, 0x00, 0x00,
    0xAF, 0x00, 0x00, 0x00, 0xBC, 0x00, 0x00, 0x07, 0x80, 0x00, 0x00, 0x00, 0x00, 0x00, 0x0B, 0x83,
    0xC0, 0x00, 0x1F, 0xBE, 0x00, 0x00, 0x2F, 0xF0, 0x00, 0x00, 0x04, 0x00, 0x00, 0x00, 0x54, 0x00,
    0x00, 0x07, 0xF4, 0x00, 0x00, 0x3F, 0xF0, 0x00, 0x01, 0xFF, 0xD0, 0x00, 0x0F, 0xEF, 0xC0, 0x00,
    0x3F, 0x3F, 0x00, 0x02, 0xF4, 0xBE, 0x00, 0x0F, 0xC0, 0xFC, 0x00, 0x7E, 0x03, 0xF4, 0x03, 0xFE,
    0xAF, 0xF0, 0x0F, 0xFF, 0xFF, 0xC0, 0xBF, 0xFF, 0xFF, 0x83, 0xF4, 0x00, 0xBF, 0x1F, 0xC0, 0x00,
    0xFD, 0xBE, 0x00, 0x03, 0xF8, 0x01, 0xFD, 0x00, 0x07, 0xFC, 0x00, 0x01, 0xF0, 0x00, 0x1F, 0x40,
    0x00, 0x24, 0x00, 0x2E, 0x0F, 0x00, 0x7E, 0xBC, 0x00, 0xBF, 0xD0, 0x00, 0x54, 0x00, 0x00, 0x00,
    0x00, 0xFF, 0xF8, 0x03, 0xFF, 0xF8, 0x09, 0x5B, 0xF0, 0x00, 0x0F, 0xC0, 0x2B, 0xBF, 0x07, 0xFF,
    0xFC, 0x3F, 0x97, 0xF0, 0xFC, 0x0F, 0xC3, 0xF4, 0x3F, 0x0F, 0xFF, 0xFC, 0x0B, 0xFF, 0xF0, 0x00,
    0x00, 0x00, 0x00, 0x00, 0x00, 0x00, 0x00, 0xF9, 0xB0, 0x00, 0x0F, 0xFF, 0xC0, 0x00, 0x2D, 0x7D,
    0x00, 0x00, 0x00, 0x00, 0x00, 0x02, 0xE0, 0xF0, 0x00, 0x07, 0xEF, 0x80, 0x00, 0x0B, 0xFC, 0x00,
    0x00, 0x01, 0x00, 0x00, 0x00, 0x15, 0x00, 0x00, 0x01, 0xFD, 0x00, 0x00, 0x0F, 0xFC, 0x00, 0x00,
    0x7F, 0xF4, 0x00, 0x03, 0xFB, 0xF0, 0x00, 0x0F, 0xCF, 0xC0, 0x00, 0xBD, 0x2F, 0x80, 0x03, 0xF0,
    0x3F, 0x00, 0x1F, 0x80, 0xFD, 0x00, 0xFF, 0xAB, 0xFC, 0x03, 0xFF, 0xFF, 0xF0, 0x2F, 0xFF, 0xFF,
    0xE0, 0xFD, 0x00, 0x2F, 0xC7, 0xF0, 0x00, 0x3F, 0x6F, 0x80, 0x00, 0xFE, 0x01, 0x90, 0x80, 0x2F,
    0xFF, 0x40, 0xFB, 0xF8, 0x00, 0x00, 0x00, 0x0B, 0x83, 0xC0, 0x1F, 0xAF, 0x00, 0x2F, 0xF4, 0x00,
    0x15, 0x00, 0x00, 0x00, 0x00, 0x3F, 0xFE, 0x00, 0xFF, 0xFE, 0x02, 0x56, 0xFC, 0x00, 0x03, 0xF0,
    0x0A, 0xEF, 0xC1, 0xFF, 0xFF, 0x0F, 0xE5, 0xFC, 0x3F, 0x03, 0xF0, 0xFD, 0x0F, 0xC3, 0xFF, 0xFF,
    0x02, 0xFF, 0xFC, 0x00, 0x00, 0x00, 0x00, 0x00, 0x00, 0x00, 0x02, 0xE0, 0xF0, 0x00, 0x07, 0xEF,
    0x80, 0x00, 0x0B, 0xFC, 0x00, 0x00, 0x01, 0x00, 0x00, 0x00, 0x15, 0x00, 0x00, 0x01, 0xFD, 0x00,
    0x00, 0x0F, 0xFC, 0x00, 0x00, 0x7F, 0xF4, 0x00, 0x03, 0xFB, 0xF0, 0x00, 0x0F, 0xCF, 0xC0, 0x00,
    0xBD, 0x2F, 0x80, 0x03, 0xF0, 0x3F, 0x00, 0x1F, 0x80, 0xFD, 0x00, 0xFF, 0xAB, 0xFC, 0x03, 0xFF,
    0xFF, 0xF0, 0x2F, 0xFF, 0xFF, 0xE0, 0xFD, 0x00, 0x2F, 0xC7, 0xF0, 0x00, 0x3F, 0x6F, 0x80, 0x00,
    0xFE, 0x00, 0x00, 0x00, 0x00, 0x00, 0x2E, 0x00, 0x00, 0x00, 0xFC, 0x00, 0x00, 0x03, 0xF0, 0x00,
    0x00, 0x01, 0x00, 0x00, 0x0B, 0x83, 0xC0, 0x1F, 0xAF, 0x00, 0x2F, 0xF4, 0x00, 0x15, 0x00, 0x00,
    0x00, 0x00, 0x3F, 0xFE, 0x00, 0xFF, 0xFE, 0x02, 0x56, 0xFC, 0x00, 0x03, 0xF0, 0x0A, 0xEF, 0xC1,
    0xFF, 0xFF, 0x0F, 0xE5, 0xFC, 0x3F, 0x03, 0xF0, 0xFD, 0x0F, 0xC3, 0xFF, 0xFF, 0x02, 0xFF, 0xFC,
    0x00, 0x00, 0x00, 0x01, 0xE0, 0x00, 0x0F, 0xD0, 0x00, 0x2F, 0x00, 0x00, 0x10, 0x00, 0x15, 0x55,
    0x51, 0xFF, 0xFF, 0xD7, 0xFF, 0xFF, 0x5F, 0xD5, 0x54, 0x7F, 0x00, 0x01, 0xFC, 0x00, 0x07, 0xFF,
    0xFE, 0x1F, 0xFF, 0xF8, 0x7F, 0xFF, 0xE1, 0xFC, 0x00, 0x07, 0xF0, 0x00, 0x1F, 0xC0, 0x00, 0x7F,
    0xAA, 0xA9, 0xFF, 0xFF, 0xF7, 0xFF, 0xFF, 0xC0, 0x00, 0x00, 0x00, 0xB4, 0x00, 0x07, 0xF0, 0x00,
    0x0F, 0x80, 0x00, 0x04, 0x00, 0x00, 0x00, 0x00, 0x01, 0xFF, 0xC0, 0x0B, 0xFF, 0xF0, 0x1F, 0xD7,
    0xF8, 0x3F, 0x40, 0xFC, 0x3F, 0xAA, 0xFC, 0x3F, 0xFF, 0xFC, 0x3F, 0xAA, 0xA8, 0x3F, 0x80, 0x00,
    0x1F, 0xE5, 0xA0, 0x0B, 0xFF, 0xF4, 0x02, 0xFF, 0xF4, 0x00, 0x05, 0x00, 0x00, 0x3C, 0x00, 0x00,
    0xBE, 0x00, 0x00, 0x7D, 0x00, 0x00, 0x00, 0x00, 0x02, 0xF4, 0x00, 0x0F, 0xF4, 0x00, 0x03, 0xE0,
    0x00, 0x2F, 0x00, 0x00, 0xA0, 0x00, 0x55, 0x55, 0x47, 0xFF, 0xFF, 0x5F, 0xFF, 0xFD, 0x7F, 0x55,
    0x51, 0xFC, 0x00, 0x07, 0xF0, 0x00, 0x1F, 0xFF, 0xF8, 0x7F, 0xFF, 0xE1, 0xFF, 0xFF, 0x87, 0xF0,
    0x00, 0x1F, 0xC0, 0x00, 0x7F, 0x00, 0x01, 0xFE, 0xAA, 0xA7, 0xFF, 0xFF, 0xDF, 0xFF, 0xFF, 0x00,
    0x54, 0x00, 0x00, 0xFF, 0x00, 0x00, 0xAF, 0x40, 0x00, 0x1F, 0x00, 0x00, 0x3C, 0x00, 0x00, 0x14,
    0x00, 0x01, 0xFF, 0xC0, 0x0B, 0xFF, 0xF0, 0x1F, 0xD7, 0xF8, 0x3F, 0x40, 0xFC, 0x3F, 0xAA, 0xFC,
    0x3F, 0xFF, 0xFC, 0x3F, 0xAA, 0xA8, 0x3F, 0x80, 0x00, 0x1F, 0xE5, 0xA0, 0x0B, 0xFF, 0xF4, 0x02,
    0xFF, 0xF4, 0x00, 0x05, 0x00, 0x00, 0x00, 0x00, 0x1F, 0x9E, 0x01, 0xFF, 0xFC, 0x02, 0x4B, 0x80,
    0x00, 0x00, 0x00, 0x55, 0x55, 0x47, 0xFF, 0xFF, 0x5F, 0xFF, 0xFD, 0x7F, 0x55, 0x51, 0xFC, 0x00,
    0x07, 0xF0, 0x00, 0x1F, 0xFF, 0xF8, 0x7F, 0xFF, 0xE1, 0xFF, 0xFF, 0x87, 0xF0, 0x00, 0x1F, 0xC0,
    0x00, 0x7F, 0x00, 0x01, 0xFE, 0xAA, 0xA7, 0xFF, 0xFF, 0xDF, 0xFF, 0xFF, 0x00, 0x90, 0x80, 0x03,
    0xFF, 0xE0, 0x0B, 0xFF, 0xC0, 0x01, 0x01, 0x00, 0x00, 0x00, 0x00, 0x01, 0xFF, 0xC0, 0x0B, 0xFF,
    0xF0, 0x1F, 0xD7, 0xF8, 0x3F, 0x40, 0xFC, 0x3F, 0xAA, 0xFC, 0x3F, 0xFF, 0xFC, 0x3F, 0xAA, 0xA8,
    0x3F, 0x80, 0x00, 0x1F, 0xE5, 0xA0, 0x0B, 0xFF, 0xF4, 0x02, 0xFF, 0xF4, 0x00, 0x05, 0x00, 0x00,
    0x00, 0x04, 0x00, 0x00, 0x0B, 0x40, 0x00, 0x07, 0xF0, 0x00, 0x87, 0xE0, 0x00, 0xFC, 0xE0, 0x00,
    0xFF, 0xC0, 0x00, 0x78, 0xB4, 0x00, 0x00, 0x00, 0x00, 0x15, 0x55, 0x50, 0x1F, 0xFF, 0xFD, 0x07,
    0xFF, 0xFF, 0x41, 0xFD, 0x55, 0x40, 0x7F, 0x00, 0x00, 0x1F, 0xC0, 0x00, 0x07, 0xFF, 0xFE, 0x01,
    0xFF, 0xFF, 0x80, 0x7F, 0xFF, 0xE0, 0x1F, 0xC0, 0x00, 0x07, 0xF0, 0x00, 0x01, 0xFC, 0x00, 0x00,
    0x7F, 0xAA, 0xA8, 0x1F, 0xFF, 0xFF, 0x07, 0xFF, 0xFF, 0xC0, 0x00, 0x00, 0x05, 0x00, 0x00, 0x07,
    0xD0, 0x00, 0x07, 0xF0, 0x00, 0xF3, 0xE0, 0x00, 0xFF, 0x60, 0x00, 0xFE, 0xF0, 0x00, 0x18, 0x18,
    0x00, 0x00, 0x00, 0x00, 0x01, 0xFF, 0xC0, 0x02, 0xFF, 0xFC, 0x01, 0xFD, 0x7F, 0x80, 0xFD, 0x03,
    0xF0, 0x3F, 0xAA, 0xFC, 0x0F, 0xFF, 0xFF, 0x03, 0xFA, 0xAA, 0x80, 0xFE, 0x00, 0x00, 0x1F, 0xE5,
    0xA0, 0x02, 0xFF, 0xFD, 0x00, 0x2F, 0xFF, 0x40, 0x00, 0x14, 0x00, 0x00, 0x01, 0x00, 0x00, 0x3C,
    0x00, 0x01, 0xFC, 0x00, 0x09, 0xFC, 0x00, 0xFC, 0xD0, 0x0F, 0xFC, 0x00, 0x78, 0xB4, 0x00, 0x00,
    0x00, 0x15, 0x55, 0x51, 0xFF, 0xFF, 0xD7, 0xFF, 0xFF, 0x5F, 0xD5, 0x54, 0x7F, 0x00, 0x01, 0xFC,
    0x00, 0x07, 0xFF, 0xFE, 0x1F, 0xFF, 0xF8, 0x7F, 0xFF, 0xE1, 0xFC, 0x00, 0x07, 0xF0, 0x00, 0x1F,
    0xC0, 0x00, 0x7F, 0xAA, 0xA9, 0xFF, 0xFF, 0xF7, 0xFF, 0xFF, 0xC0, 0x00, 0x00, 0x00, 0x00, 0x00,
    0xC0, 0x00, 0x03, 0xF0, 0x00, 0x01, 0xF8, 0x00, 0x3C, 0x7C, 0x00, 0xFF, 0x00, 0x03, 0xFB, 0xC0,
    0x01, 0x81, 0x80, 0x00, 0x00, 0x00, 0x01, 0xFF, 0xC0, 0x0B, 0xFF, 0xF0, 0x1F, 0xD7, 0xF8, 0x3F,
    0x40, 0xFC, 0x3F, 0xAA, 0xFC, 0x3F, 0xFF, 0xFC, 0x3F, 0xAA, 0xA8, 0x3F, 0x80, 0x00, 0x1F, 0xE5,
    0xA0, 0x0B, 0xFF, 0xF4, 0x02, 0xFF, 0xF4, 0x00, 0x05, 0x00, 0x00, 0x02, 0xF8, 0x00, 0x02, 0xFE,
    0x00, 0x00, 0x2E, 0x00, 0x20, 0xBC, 0x00, 0xFC, 0x60, 0x03, 0xFF, 0x00, 0x07, 0x8B, 0x40, 0x00,
    0x00, 0x00, 0x15, 0x55, 0x50, 0x7F, 0xFF, 0xF4, 0x7F, 0xFF, 0xF4, 0x7F, 0x55, 0x50, 0x7F, 0x00,
    0x00, 0x7F, 0x00, 0x00, 0x7F, 0xFF, 0xE0, 0x7F, 0xFF, 0xE0, 0x7F, 0xFF, 0xE0, 0x7F, 0x00, 0x00,
    0x7F, 0x00, 0x00, 0x7F, 0x00, 0x00, 0x7F, 0xAA, 0xA8, 0x7F, 0xFF, 0xFC, 0x7F, 0xFF, 0xFC, 0x00,
    0x00, 0x00, 0x00, 0x00, 0x7F, 0x40, 0x00, 0x1F, 0xF0, 0x00, 0x00, 0x7C, 0x00, 0x3C, 0x3D, 0x00,
    0x3F, 0xD9, 0x00, 0x3F, 0xBC, 0x00, 0x06, 0x06, 0x00, 0x00, 0x00, 0x00, 0x00, 0x7F, 0xF0, 0x00,
    0xBF, 0xFF, 0x00, 0x7F, 0x5F, 0xE0, 0x3F, 0x40, 0xFC, 0x0F, 0xEA, 0xBF, 0x03, 0xFF, 0xFF, 0xC0,
    0xFE, 0xAA, 0xA0, 0x3F, 0x80, 0x00, 0x07, 0xF9, 0x68, 0x00, 0xBF, 0xFF, 0x40, 0x0B, 0xFF, 0xD0,
    0x00, 0x05, 0x00, 0x00, 0x00, 0x40, 0x00, 0x1F, 0xEF, 0x40, 0xFF, 0xFC, 0x00, 0x81, 0x80, 0x00,
    0x20, 0x00, 0x03, 0xF0, 0x00, 0x3F, 0xF0, 0x01, 0xE2, 0xD0, 0x00, 0x00, 0x00, 0x55, 0x55, 0x47,
    0xFF, 0xFF, 0x5F, 0xFF, 0xFD, 0x7F, 0x55, 0x51, 0xFC, 0x00, 0x07, 0xF0, 0x00, 0x1F, 0xFF, 0xF8,
    0x7F, 0xFF, 0xE1, 0xFF, 0xFF, 0x87, 0xF0, 0x00, 0x1F, 0xC0, 0x00, 0x7F, 0x00, 0x01, 0xFE, 0xAA,
    0xA7, 0xFF, 0xFF, 0xDF, 0xFF, 0xFF, 0x01, 0xA0, 0x80, 0x03, 0xFF, 0xE0, 0x07, 0xAF, 0xC0, 0x00,
    0x00, 0x00, 0x00, 0x3C, 0x00, 0x00, 0xFF, 0x00, 0x03, 0xFB, 0xC0, 0x01, 0x81, 0x80, 0x00, 0x00,
    0x00, 0x01, 0xFF, 0xC0, 0x0B, 0xFF, 0xF0, 0x1F, 0xD7, 0xF8, 0x3F, 0x40, 0xFC, 0x3F, 0xAA, 0xFC,
    0x3F, 0xFF, 0xFC, 0x3F, 0xAA, 0xA8, 0x3F, 0x80, 0x00, 0x1F, 0xE5, 0xA0, 0x0B, 0xFF, 0xF4, 0x02,
    0xFF, 0xF4, 0x00, 0x05, 0x00, 0x00, 0x20, 0x00, 0x03, 0xF0, 0x00, 0x3F, 0xF0, 0x01, 0xE2, 0xD0,
    0x00, 0x00, 0x00, 0x55, 0x55, 0x47, 0xFF, 0xFF, 0x5F, 0xFF, 0xFD, 0x7F, 0x55, 0x51, 0xFC, 0x00,
    0x07, 0xF0, 0x00, 0x1F, 0xFF, 0xF8, 0x7F, 0xFF, 0xE1, 0xFF, 0xFF, 0x87, 0xF0, 0x00, 0x1F, 0xC0,
    0x00, 0x7F, 0x00, 0x01, 0xFE, 0xAA, 0xA7, 0xFF, 0xFF, 0xDF, 0xFF, 0xFF, 0x00, 0x00, 0x00, 0x02,
    0xD0, 0x00, 0x1F, 0xC0, 0x00, 0x3E, 0x00, 0x00, 0x10, 0x00, 0x00, 0x00, 0x00, 0x00, 0x3C, 0x00,
    0x00, 0xFF, 0x00, 0x03, 0xFB, 0xC0, 0x01, 0x81, 0x80, 0x00, 0x00, 0x00, 0x01, 0xFF, 0xC0, 0x0B,
    0xFF, 0xF0, 0x1F, 0xD7, 0xF8, 0x3F, 0x40, 0xFC, 0x3F, 0xAA, 0xFC, 0x3F, 0xFF, 0xFC, 0x3F, 0xAA,
    0xA8, 0x3F, 0x80, 0x00, 0x1F, 0xE5, 0xA0, 0x0B, 0xFF, 0xF4, 0x02, 0xFF, 0xF4, 0x00, 0x05, 0x00,
    0x00, 0x3C, 0x00, 0x00, 0xBE, 0x00, 0x00, 0x7D, 0x00, 0x00, 0x00, 0x00, 0x2F, 0x43, 0xFD, 0x03,
    0xE0, 0xBC, 0x0A, 0x00, 0x54, 0x1F, 0xC1, 0xFC, 0x1F, 0xC1, 0xFC, 0x1F, 0xC1, 0xFC, 0x1F, 0xC1,
    0xFC, 0x1F, 0xC1, 0xFC, 0x1F, 0xC1, 0xFC, 0x1F, 0xC1, 0xFC, 0x14, 0x03, 0xFC, 0x2B, 0xD0, 0x7C,
    0x0F, 0x00, 0x00, 0x2F, 0x82, 0xF8, 0x2F, 0x82, 0xF8, 0x2F, 0x82, 0xF8, 0x2F, 0x82, 0xF8, 0x2F,
    0x82, 0xF8, 0x2F, 0x80, 0x15, 0x7F, 0x7F, 0x7F, 0x7F, 0x7F, 0x7F, 0x7F, 0x7F, 0x7F, 0x7F, 0x7F,
    0x7F, 0x7F, 0x7F, 0x00, 0x2D, 0x7F, 0x3E, 0x04, 0x3C, 0xFF, 0xBE, 0x28, 0x00, 0xBE, 0xBE, 0xBE,
    0xBE, 0xBE, 0xBE, 0xBE, 0xBE, 0xBE, 0xBE, 0xBE, 0x00, 0x3C, 0xBE, 0x7D, 0x00, 0x00, 0x6A, 0x90,
    0x00, 0x0F, 0xFF, 0xF4, 0x00, 0xFF, 0xFF, 0xF8, 0x0F, 0xF8, 0x1F, 0xF4, 0x7F, 0x40, 0x0F, 0xF2,
    0xFC, 0x00, 0x1F, 0xCF, 0xE0, 0x00, 0x3F, 0x7F, 0x40, 0x00, 0xFD, 0xFD, 0x00, 0x03, 0xF7, 0xF8,
    0x00, 0x0F, 0xCB, 0xF0, 0x00, 0xBF, 0x0F, 0xE0, 0x07, 0xF8, 0x2F, 0xFA, 0xFF, 0xC0, 0x2F, 0xFF,
    0xFC, 0x00, 0x1F, 0xFF, 0x80, 0x00, 0x00, 0x40, 0x00, 0x00, 0x0B, 0x40, 0x00, 0x00, 0x7F, 0x00,
    0x00, 0x00, 0xF8, 0x00, 0x00, 0x00, 0x40, 0x00, 0x00, 0x00, 0x00, 0x01, 0xFF, 0xC0, 0x0B, 0xFF,
    0xF4, 0x1F, 0xE7, 0xFC, 0x3F, 0x80, 0xFD, 0x3F, 0x00, 0xBE, 0x3F, 0x00, 0x7E, 0x3F, 0x00, 0xBE,
    0x3F, 0x80, 0xFD, 0x1F, 0xE7, 0xFC, 0x0B, 0xFF, 0xF4, 0x02, 0xFF, 0xD0, 0x00, 0x04, 0x00, 0x00,
    0x2D, 0x00, 0x00, 0x7F, 0x00, 0x00, 0x3E, 0x00, 0x00, 0x04, 0x00, 0x00, 0x2F, 0x40, 0x00, 0x00,
    0xFF, 0x40, 0x00, 0x00, 0x3D, 0x00, 0x00, 0x02, 0xE0, 0x00, 0x00, 0x0A, 0x00, 0x00, 0x01, 0xAA,
    0x40, 0x00, 0x3F, 0xFF, 0xD0, 0x03, 0xFF, 0xFF, 0xE0, 0x3F, 0xE0, 0x7F, 0xD1, 0xFD, 0x00, 0x3F,
    0xCB, 0xF0, 0x00, 0x7F, 0x3F, 0x80, 0x00, 0xFD, 0xFD, 0x00, 0x03, 0xF7, 0xF4, 0x00, 0x0F, 0xDF,
    0xE0, 0x00, 0x3F, 0x2F, 0xC0, 0x02, 0xFC, 0x3F, 0x80, 0x1F, 0xE0, 0xBF, 0xEB, 0xFF, 0x00, 0xBF,
    0xFF, 0xF0, 0x00, 0x7F, 0xFE, 0x00, 0x00, 0x01, 0x00, 0x00, 0x00, 0x14, 0x00, 0x00, 0xFF, 0x00,
    0x00, 0x6F, 0x80, 0x00, 0x0F, 0x40, 0x00, 0x3D, 0x00, 0x00, 0x14, 0x00, 0x01, 0xFF, 0xC0, 0x0B,
    0xFF, 0xF4, 0x1F, 0xE7, 0xFC, 0x3F, 0x80, 0xFD, 0x3F, 0x00, 0xBE, 0x3F, 0x00, 0x7E, 0x3F, 0x00,
    0xBE, 0x3F, 0x80, 0xFD, 0x1F, 0xE7, 0xFC, 0x0B, 0xFF, 0xF4, 0x02, 0xFF, 0xD0, 0x00, 0x04, 0x00,
    0x00, 0x00, 0x00, 0x40, 0x00, 0x00, 0x0F, 0x40, 0x00, 0x00, 0xFD, 0x00, 0x00, 0x4B, 0xD0, 0x00,
    0x0F, 0x88, 0x00, 0x01, 0xFF, 0x80, 0x00, 0x0B, 0x4F, 0x00, 0x00, 0x00, 0x00, 0x00, 0x00, 0x6A,
    0x90, 0x00, 0x0F, 0xFF, 0xF4, 0x00, 0xFF, 0xFF, 0xF8, 0x0F, 0xF8, 0x1F, 0xF4, 0x7F, 0x40, 0x0F,
    0xF2, 0xFC, 0x00, 0x1F, 0xCF, 0xE0, 0x00, 0x3F, 0x7F, 0x40, 0x00, 0xFD, 0xFD, 0x00, 0x03, 0xF7,
    0xF8, 0x00, 0x0F, 0xCB, 0xF0, 0x00, 0xBF, 0x0F, 0xE0, 0x07, 0xF8, 0x2F, 0xFA, 0xFF, 0xC0, 0x2F,
    0xFF, 0xFC, 0x00, 0x1F, 0xFF, 0x80, 0x00, 0x00, 0x40, 0x00, 0x00, 0x00, 0x00, 0x00, 0x00, 0x01,
    0x80, 0x00, 0x01, 0xF8, 0x00, 0x00, 0xFC, 0x00, 0x2D, 0xB8, 0x00, 0x2F, 0xD4, 0x00, 0x2F, 0xBD,
    0x00, 0x02, 0x06, 0x00, 0x00, 0x00, 0x00, 0x00, 0x7F, 0xF0, 0x00, 0xBF, 0xFF, 0x40, 0x7F, 0x9F,
    0xF0, 0x3F, 0x80, 0xFD, 0x0F, 0xC0, 0x2F, 0x83, 0xF0, 0x07, 0xE0, 0xFC, 0x02, 0xF8, 0x3F, 0x80,
    0xFD, 0x07, 0xF9, 0xFF, 0x00, 0xBF, 0xFF, 0x40, 0x0B, 0xFF, 0x40, 0x00, 0x04, 0x00, 0x00, 0x00,
    0x00, 0x50, 0x00, 0x00, 0x07, 0xC0, 0x00, 0x00, 0x0F, 0xC0, 0x00, 0x00, 0x4F, 0x80, 0x00, 0x0F,
    0x88, 0x00, 0x01, 0xFF, 0x80, 0x00, 0x0B, 0x4F, 0x00, 0x00, 0x00, 0x00, 0x00, 0x00, 0x6A, 0x90,
    0x00, 0x0F, 0xFF, 0xF4, 0x00, 0xFF, 0xFF, 0xF8, 0x0F, 0xF8, 0x1F, 0xF4, 0x7F, 0x40, 0x0F, 0xF2,
    0xFC, 0x00, 0x1F, 0xCF, 0xE0, 0x00, 0x3F, 0x7F, 0x40, 0x00, 0xFD, 0xFD, 0x00, 0x03, 0xF7, 0xF8,
    0x00, 0x0F, 0xCB, 0xF0, 0x00, 0xBF, 0x0F, 0xE0, 0x07, 0xF8, 0x2F, 0xFA, 0xFF, 0xC0, 0x2F, 0xFF,
    0xFC, 0x00, 0x1F, 0xFF, 0x80, 0x00, 0x00, 0x40, 0x00, 0x00, 0x00, 0x00, 0x00, 0x07, 0xC0, 0x00,
    0x0B, 0xF0, 0x00, 0x01, 0xF8, 0x00, 0x2D, 0x30, 0x00, 0xBF, 0x40, 0x02, 0xFB, 0xD0, 0x00, 0x81,
    0x80, 0x00, 0x00, 0x00, 0x01, 0xFF, 0xC0, 0x0B, 0xFF, 0xF4, 0x1F, 0xE7, 0xFC, 0x3F, 0x80, 0xFD,
    0x3F, 0x00, 0xBE, 0x3F, 0x00, 0x7E, 0x3F, 0x00, 0xBE, 0x3F, 0x80, 0xFD, 0x1F, 0xE7, 0xFC, 0x0B,
    0xFF, 0xF4, 0x02, 0xFF, 0xD0, 0x00, 0x04, 0x00, 0x00, 0x00, 0x00, 0x00, 0x00, 0x01, 0xFD, 0x00,
    0x00, 0x03, 0xFC, 0x00, 0x00, 0x01, 0xF0, 0x00, 0x01, 0x1F, 0x00, 0x00, 0x3E, 0x14, 0x00, 0x07,
    0xFE, 0x00, 0x00, 0x2D, 0x3C, 0x00, 0x00, 0x00, 0x00, 0x00, 0x01, 0xAA, 0x40, 0x00, 0x3F, 0xFF,
    0xD0, 0x03, 0xFF, 0xFF, 0xE0, 0x3F, 0xE0, 0x7F, 0xD1, 0xFD, 0x00, 0x3F, 0xCB, 0xF0, 0x00, 0x7F,
    0x3F, 0x80, 0x00, 0xFD, 0xFD, 0x00, 0x03, 0xF7, 0xF4, 0x00, 0x0F, 0xDF, 0xE0, 0x00, 0x3F, 0x2F,
    0xC0, 0x02, 0xFC, 0x3F, 0x80, 0x1F, 0xE0, 0xBF, 0xEB, 0xFF, 0x00, 0xBF, 0xFF, 0xF0, 0x00, 0x7F,
    0xFE, 0x00, 0x00, 0x01, 0x00, 0x00, 0x00, 0x00, 0x10, 0x00, 0x00, 0x3F, 0xC0, 0x00, 0x0A, 0xF4,
    0x00, 0x00, 0x7C, 0x00, 0x2D, 0x3C, 0x00, 0x2F, 0xD0, 0x00, 0x2F, 0xBD, 0x00, 0x02, 0x06, 0x00,
    0x00, 0x00, 0x00, 0x00, 0x7F, 0xF0, 0x00, 0xBF, 0xFF, 0x40, 0x7F, 0x9F, 0xF0, 0x3F, 0x80, 0xFD,
    0x0F, 0xC0, 0x2F, 0x83, 0xF0, 0x07, 0xE0, 0xFC, 0x02, 0xF8, 0x3F, 0x80, 0xFD, 0x07, 0xF9, 0xFF,
    0x00, 0xBF, 0xFF, 0x40, 0x0B, 0xFF, 0x40, 0x00, 0x04, 0x00, 0x00, 0x00, 0x14, 0x10, 0x00, 0x03,
    0xFF, 0xF0, 0x00, 0x1F, 0xFF, 0x40, 0x00, 0x10, 0x10, 0x00, 0x00, 0x01, 0x00, 0x00, 0x00, 0x3E,
    0x00, 0x00, 0x07, 0xFE, 0x00, 0x00, 0x2D, 0x3C, 0x00, 0x00, 0x00, 0x00, 0x00, 0x01, 0xAA, 0x40,
    0x00, 0x3F, 0xFF, 0xD0, 0x03, 0xFF, 0xFF, 0xE0, 0x3F, 0xE0, 0x7F, 0xD1, 0xFD, 0x00, 0x3F, 0xCB,
    0xF0, 0x00, 0x7F, 0x3F, 0x80, 0x00, 0xFD, 0xFD, 0x00, 0x03, 0xF7, 0xF4, 0x00, 0x0F, 0xDF, 0xE0,
    0x00, 0x3F, 0x2F, 0xC0, 0x02, 0xFC, 0x3F, 0x80, 0x1F, 0xE0, 0xBF, 0xEB, 0xFF, 0x00, 0xBF, 0xFF,
    0xF0, 0x00, 0x7F, 0xFE, 0x00, 0x00, 0x01, 0x00, 0x00, 0x00, 0xA4, 0x90, 0x03, 0xFF, 0xF0, 0x03,
    0x9F, 0xC0, 0x00, 0x00, 0x00, 0x00, 0x2D, 0x00, 0x00, 0xBF, 0x40, 0x02, 0xFB, 0xD0, 0x00, 0x81,
    0x80, 0x00, 0x00, 0x00, 0x01, 0xFF, 0xC0, 0x0B, 0xFF, 0xF4, 0x1F, 0xE7, 0xFC, 0x3F, 0x80, 0xFD,
    0x3F, 0x00, 0xBE, 0x3F, 0x00, 0x7E, 0x3F, 0x00, 0xBE, 0x3F, 0x80, 0xFD, 0x1F, 0xE7, 0xFC, 0x0B,
    0xFF, 0xF4, 0x02, 0xFF, 0xD0, 0x00, 0x04, 0x00, 0x00, 0x01, 0x00, 0x00, 0x00, 0x3E, 0x00, 0x00,
    0x07, 0xFE, 0x00, 0x00, 0x2D, 0x3C, 0x00, 0x00, 0x00, 0x00, 0x00, 0x01, 0xAA, 0x40, 0x00, 0x3F,
    0xFF, 0xD0, 0x03, 0xFF, 0xFF, 0xE0, 0x3F, 0xE0, 0x7F, 0xD1, 0xFD, 0x00, 0x3F, 0xCB, 0xF0, 0x00,
    0x7F, 0x3F, 0x80, 0x00, 0xFD, 0xFD, 0x00, 0x03, 0xF7, 0xF4, 0x00, 0x0F, 0xDF, 0xE0, 0x00, 0x3F,
    0x2F, 0xC0, 0x02, 0xFC, 0x3F, 0x80, 0x1F, 0xE0, 0xBF, 0xEB, 0xFF, 0x00, 0xBF, 0xFF, 0xF0, 0x00,
    0x7F, 0xFE, 0x00, 0x00, 0x01, 0x00, 0x00, 0x00, 0x2D, 0x00, 0x00, 0x01, 0xFC, 0x00, 0x00, 0x03,
    0xE0, 0x00, 0x00, 0x01, 0x00, 0x00, 0x00, 0x00, 0x00, 0x00, 0x2D, 0x00, 0x00, 0xBF, 0x40, 0x02,
    0xFB, 0xD0, 0x00, 0x81, 0x80, 0x00, 0x00, 0x00, 0x01, 0xFF, 0xC0, 0x0B, 0xFF, 0xF4, 0x1F, 0xE7,
    0xFC, 0x3F, 0x80, 0xFD, 0x3F, 0x00, 0xBE, 0x3F, 0x00, 0x7E, 0x3F, 0x00, 0xBE, 0x3F, 0x80, 0xFD,
    0x1F, 0xE7, 0xFC, 0x0B, 0xFF, 0xF4, 0x02, 0xFF, 0xD0, 0x00, 0x04, 0x00, 0x00, 0x2D, 0x00, 0x00,
    0x7F, 0x00, 0x00, 0x3E, 0x00, 0x00, 0x04, 0x00, 0x00, 0x02, 0x40, 0x00, 0x00, 0x1F, 0x40, 0x00,
    0x01, 0xFC, 0x00, 0x00, 0x0F, 0x80, 0x68, 0x00, 0x04, 0x02, 0xF4, 0x01, 0xAA, 0x4B, 0xD0, 0x3F,
    0xFF, 0xFF, 0x03, 0xFF, 0xFF, 0xF4, 0x3F, 0xE0, 0x7F, 0xD1, 0xFD, 0x00, 0x3F, 0xCB, 0xF0, 0x00,
    0x7F, 0x3F, 0x80, 0x00, 0xFD, 0xFD, 0x00, 0x03, 0xF7, 0xF4, 0x00, 0x0F, 0xDF, 0xE0, 0x00, 0x3F,
    0x2F, 0xC0, 0x02, 0xFC, 0x3F, 0x80, 0x1F, 0xE0, 0xBF, 0xEB, 0xFF, 0x00, 0xBF, 0xFF, 0xF0, 0x00,
    0x7F, 0xFE, 0x00, 0x00, 0x01, 0x00, 0x00, 0x00, 0x00, 0x00, 0x00, 0x03, 0xD0, 0x00, 0x03, 0xF4,
    0x00, 0x02, 0xF4, 0x00, 0x00, 0x30, 0x0F, 0x40, 0x00, 0x03, 0xD0, 0x1F, 0xFE, 0xF0, 0x2F, 0xFF,
    0xF8, 0x1F, 0xE7, 0xFC, 0x0F, 0xE0, 0x3F, 0x43, 0xF0, 0x0B, 0xE0, 0xFC, 0x01, 0xF8, 0x3F, 0x00,
    0xBE, 0x0F, 0xE0, 0x3F, 0x41, 0xFE, 0x7F, 0xC0, 0x2F, 0xFF, 0xD0, 0x02, 0xFF, 0xD0, 0x00, 0x01,
    0x00, 0x00, 0x00, 0x08, 0x00, 0x00, 0x00, 0xFC, 0x00, 0x00, 0x01, 0xF8, 0x00, 0x00, 0x01, 0xF4,
    0x68, 0x00, 0x00, 0x42, 0xF4, 0x01, 0xAA, 0x4B, 0xD0, 0x3F, 0xFF, 0xFF, 0x03, 0xFF, 0xFF, 0xF4,
    0x3F, 0xE0, 0x7F, 0xD1, 0xFD, 0x00, 0x3F, 0xCB, 0xF0, 0x00, 0x7F, 0x3F, 0x80, 0x00, 0xFD, 0xFD,
    0x00, 0x03, 0xF7, 0xF4, 0x00, 0x0F, 0xDF, 0xE0, 0x00, 0x3F, 0x2F, 0xC0, 0x02, 0xFC, 0x3F, 0x80,
    0x1F, 0xE0, 0xBF, 0xEB, 0xFF, 0x00, 0xBF, 0xFF, 0xF0, 0x00, 0x7F, 0xFE, 0x00, 0x00, 0x01, 0x00,
    0x00, 0x00, 0x10, 0x00, 0x00, 0x2E, 0x00, 0x00, 0x0B, 0xE0, 0x00, 0x00, 0xBD, 0x00, 0x00, 0x06,
    0x0F, 0x40, 0x00, 0x03, 0xD0, 0x1F, 0xFE, 0xF0, 0x2F, 0xFF, 0xF8, 0x1F, 0xE7, 0xFC, 0x0F, 0xE0,
    0x3F, 0x43, 0xF0, 0x0B, 0xE0, 0xFC, 0x01, 0xF8, 0x3F, 0x00, 0xBE, 0x0F, 0xE0, 0x3F, 0x41, 0xFE,
    0x7F, 0xC0, 0x2F, 0xFF, 0xD0, 0x02, 0xFF, 0xD0, 0x00, 0x01, 0x00, 0x00, 0x00, 0x2F, 0x40, 0x00,
    0x00, 0xFF, 0x40, 0x00, 0x00, 0x3D, 0x00, 0x00, 0x02, 0xE0, 0x68, 0x00, 0x0A, 0x02, 0xF4, 0x01,
    0xAA, 0x4B, 0xD0, 0x3F, 0xFF, 0xFF, 0x03, 0xFF, 0xFF, 0xF4, 0x3F, 0xE0, 0x7F, 0xD1, 0xFD, 0x00,
    0x3F, 0xCB, 0xF0, 0x00, 0x7F, 0x3F, 0x80, 0x00, 0xFD, 0xFD, 0x00, 0x03, 0xF7, 0xF4, 0x00, 0x0F,
    0xDF, 0xE0, 0x00, 0x3F, 0x2F, 0xC0, 0x02, 0xFC, 0x3F, 0x80, 0x1F, 0xE0, 0xBF, 0xEB, 0xFF, 0x00,
    0xBF, 0xFF, 0xF0, 0x00, 0x7F, 0xFE, 0x00, 0x00, 0x01, 0x00, 0x00, 0x00, 0x14, 0x00, 0x00, 0x3F,
    0xC0, 0x00, 0x06, 0xF8, 0x00, 0x00, 0x3D, 0x00, 0x00, 0x3D, 0x0F, 0x40, 0x05, 0x03, 0xD0, 0x1F,
    0xFE, 0xF0, 0x2F, 0xFF, 0xF8, 0x1F, 0xE7, 0xFC, 0x0F, 0xE0, 0x3F, 0x43, 0xF0, 0x0B, 0xE0, 0xFC,
    0x01, 0xF8, 0x3F, 0x00, 0xBE, 0x0F, 0xE0, 0x3F, 0x41, 0xFE, 0x7F, 0xC0, 0x2F, 0xFF, 0xD0, 0x02,
    0xFF, 0xD0, 0x00, 0x01, 0x00, 0x00, 0x00, 0x00, 0x00, 0x00, 0x01, 0xF9, 0xE0, 0x00, 0x0F, 0xFF,
    0xC0, 0x00, 0x39, 0xB8, 0x68, 0x00, 0x00, 0x02, 0xF4, 0x01, 0xAA, 0x4B, 0xD0, 0x3F, 0xFF, 0xFF,
    0x03, 0xFF, 0xFF, 0xF4, 0x3F, 0xE0, 0x7F, 0xD1, 0xFD, 0x00, 0x3F, 0xCB, 0xF0, 0x00, 0x7F, 0x3F,
    0x80, 0x00, 0xFD, 0xFD, 0x00, 0x03, 0xF7, 0xF4, 0x00, 0x0F, 0xDF, 0xE0, 0x00, 0x3F, 0x2F, 0xC0,
    0x02, 0xFC, 0x3F, 0x80, 0x1F, 0xE0, 0xBF, 0xEB, 0xFF, 0x00, 0xBF, 0xFF, 0xF0, 0x00, 0x7F, 0xFE,
    0x00, 0x00, 0x01, 0x00, 0x00, 0x00, 0x50, 0x40, 0x00, 0xFF, 0xFC, 0x00, 0x7E, 0xFD, 0x00, 0x00,
    0x04, 0x3D, 0x00, 0x00, 0x0F, 0x40, 0x7F, 0xFB, 0xC0, 0xBF, 0xFF, 0xE0, 0x7F, 0x9F, 0xF0, 0x3F,
    0x80, 0xFD, 0x0F, 0xC0, 0x2F, 0x83, 0xF0, 0x07, 0xE0, 0xFC, 0x02, 0xF8, 0x3F, 0x80, 0xFD, 0x07,
    0xF9, 0xFF, 0x00, 0xBF, 0xFF, 0x40, 0x0B, 0xFF, 0x40, 0x00, 0x04, 0x00, 0x00, 0x00, 0x00, 0x01,
    0xA0, 0x00, 0x00, 0x0B, 0xD0, 0x06, 0xA9, 0x2F, 0x40, 0xFF, 0xFF, 0xFC, 0x0F, 0xFF, 0xFF, 0xD0,
    0xFF, 0x81, 0xFF, 0x47, 0xF4, 0x00, 0xFF, 0x2F, 0xC0, 0x01, 0xFC, 0xFE, 0x00, 0x03, 0xF7, 0xF4,
    0x00, 0x0F, 0xDF, 0xD0, 0x00, 0x3F, 0x7F, 0x80, 0x00, 0xFC, 0xBF, 0x00, 0x0B, 0xF0, 0xFE, 0x00,
    0x7F, 0x82, 0xFF, 0xAF, 0xFC, 0x02, 0xFF, 0xFF, 0xC0, 0x01, 0xFF, 0xF8, 0x00, 0x00, 0x04, 0x00,
    0x00, 0x00, 0xB4, 0x00, 0x00, 0x07, 0xF0, 0x00, 0x00, 0x0F, 0x80, 0x00, 0x00, 0x04, 0x00, 0x00,
    0x00, 0x00, 0x00, 0x00, 0x00, 0x03, 0xD0, 0x00, 0x00, 0xF4, 0x07, 0xFF, 0xBC, 0x0B, 0xFF, 0xFE,
    0x07, 0xF9, 0xFF, 0x03, 0xF8, 0x0F, 0xD0, 0xFC, 0x02, 0xF8, 0x3F, 0x00, 0x7E, 0x0F, 0xC0, 0x2F,
    0x83, 0xF8, 0x0F, 0xD0, 0x7F, 0x9F, 0xF0, 0x0B, 0xFF, 0xF4, 0x00, 0xBF, 0xF4, 0x00, 0x00, 0x40,
    0x00, 0x00, 0xB4, 0x00, 0x00, 0x7F, 0x00, 0x00, 0x0F, 0x80, 0x00, 0x00, 0x40, 0x00, 0x15, 0x00,
    0x15, 0x2F, 0x80, 0x0F, 0xDB, 0xE0, 0x03, 0xF6, 0xF8, 0x00, 0xFD, 0xBE, 0x00, 0x3F, 0x6F, 0x80,
    0x0F, 0xDB, 0xE0, 0x03, 0xF6, 0xF8, 0x00, 0xFD, 0xBE, 0x00, 0x3F, 0x6F, 0x80, 0x0F, 0xD7, 0xF0,
    0x03, 0xF1, 0xFD, 0x02, 0xFC, 0x3F, 0xEB, 0xFE, 0x07, 0xFF, 0xFF, 0x00, 0x3F, 0xFE, 0x00, 0x00,
    0x10, 0x00, 0x00, 0x2D, 0x00, 0x00, 0x0F, 0xC0, 0x00, 0x03, 0xF0, 0x00, 0x00, 0x10, 0x00, 0xBD,
    0x07, 0xFB, 0xD0, 0x7F, 0xBD, 0x07, 0xFB, 0xD0, 0x7F, 0xBD, 0x07, 0xFB, 0xD0, 0x7F, 0xBE, 0x07,
    0xF7, 0xE0, 0x7F, 0x7F, 0x9B, 0xF3, 0xFF, 0xFF, 0x0B, 0xFF, 0xE0, 0x00, 0x00, 0x00, 0xB4, 0x00,
    0x1F, 0x80, 0x01, 0xF8, 0x00, 0x00, 0x00, 0x00, 0xBE, 0x00, 0x00, 0x3F, 0xE0, 0x00, 0x00, 0xB8,
    0x00, 0x00, 0xBC, 0x00, 0x00, 0x28, 0x00, 0x05, 0x40, 0x05, 0x4B, 0xE0, 0x03, 0xF6, 0xF8, 0x00,
    0xFD, 0xBE, 0x00, 0x3F, 0x6F, 0x80, 0x0F, 0xDB, 0xE0, 0x03, 0xF6, 0xF8, 0x00, 0xFD, 0xBE, 0x00,
    0x3F, 0x6F, 0x80, 0x0F, 0xDB, 0xE0, 0x03, 0xF5, 0xFC, 0x00, 0xFC, 0x7F, 0x40, 0xBF, 0x0F, 0xFA,
    0xFF, 0x81, 0xFF, 0xFF, 0xC0, 0x0F, 0xFF, 0x80, 0x00, 0x04, 0x00, 0x00, 0x00, 0x50, 0x00, 0x3F,
    0xC0, 0x02, 0xBD, 0x00, 0x07, 0xC0, 0x00, 0xF0, 0x00, 0x00, 0x00, 0xBD, 0x07, 0xFB, 0xD0, 0x7F,
    0xBD, 0x07, 0xFB, 0xD0, 0x7F, 0xBD, 0x07, 0xFB, 0xD0, 0x7F, 0xBE, 0x07, 0xF7, 0xE0, 0x7F, 0x7F,
    0x9B, 0xF3, 0xFF, 0xFF, 0x0B, 0xFF, 0xE0, 0x00, 0x00, 0x00, 0x02, 0x00, 0x00, 0x00, 0x3F, 0x00,
    0x00, 0x03, 0xF4, 0x00, 0x00, 0x1F, 0x00, 0x29, 0x00, 0x10, 0x00, 0xF8, 0x54, 0x00, 0x5F, 0xEB,
    0xE0, 0x03, 0xFF, 0x2F, 0x80, 0x0F, 0xE0, 0xBE, 0x00, 0x3F, 0x42, 0xF8, 0x00, 0xFD, 0x0B, 0xE0,
    0x03, 0xF4, 0x2F, 0x80, 0x0F, 0xD0, 0xBE, 0x00, 0x3F, 0x42, 0xF8, 0x00, 0xFD, 0x0B, 0xE0, 0x03,
    0xF4, 0x1F, 0xC0, 0x0F, 0xC0, 0x7F, 0x40, 0xBF, 0x00, 0xFF, 0xAF, 0xF8, 0x01, 0xFF, 0xFF, 0xC0,
    0x00, 0xFF, 0xF8, 0x00, 0x00, 0x04, 0x00, 0x00, 0x00, 0x10, 0x00, 0x00, 0x0F, 0x00, 0x00, 0x0F,
    0xD0, 0x00, 0x0F, 0xC0, 0x00, 0x01, 0xC0, 0x1F, 0x00, 0x00, 0x0B, 0xCB, 0xD0, 0x7F, 0xF2, 0xF4,
    0x1F, 0xE0, 0xBD, 0x07, 0xF0, 0x2F, 0x41, 0xFC, 0x0B, 0xD0, 0x7F, 0x02, 0xF4, 0x1F, 0xC0, 0xBE,
    0x07, 0xF0, 0x1F, 0x81, 0xFC, 0x07, 0xF9, 0xBF, 0x00, 0xFF, 0xFF, 0xC0, 0x0B, 0xFF, 0xE0, 0x00,
    0x00, 0x00, 0x00, 0x00, 0x60, 0x00, 0x00, 0x07, 0xE0, 0x00, 0x00, 0x0B, 0xD0, 0x00, 0x00, 0x0B,
    0xC0, 0x29, 0x00, 0x04, 0x00, 0xF8, 0x54, 0x00, 0x5F, 0xEB, 0xE0, 0x03, 0xFF, 0x2F, 0x80, 0x0F,
    0xE0, 0xBE, 0x00, 0x3F, 0x42, 0xF8, 0x00, 0xFD, 0x0B, 0xE0, 0x03, 0xF4, 0x2F, 0x80, 0x0F, 0xD0,
    0xBE, 0x00, 0x3F, 0x42, 0xF8, 0x00, 0xFD, 0x0B, 0xE0, 0x03, 0xF4, 0x1F, 0xC0, 0x0F, 0xC0, 0x7F,
    0x40, 0xBF, 0x00, 0xFF, 0xAF, 0xF8, 0x01, 0xFF, 0xFF, 0xC0, 0x00, 0xFF, 0xF8, 0x00, 0x00, 0x04,
    0x00, 0x00, 0x00, 0x00, 0x00, 0x01, 0xF0, 0x00, 0x00, 0x7F, 0x00, 0x00, 0x07, 0xE0, 0x00, 0x00,
    0x30, 0x1F, 0x00, 0x00, 0x0B, 0xCB, 0xD0, 0x7F, 0xF2, 0xF4, 0x1F, 0xE0, 0xBD, 0x07, 0xF0, 0x2F,
    0x41, 0xFC, 0x0B, 0xD0, 0x7F, 0x02, 0xF4, 0x1F, 0xC0, 0xBE, 0x07, 0xF0, 0x1F, 0x81, 0xFC, 0x07,
    0xF9, 0xBF, 0x00, 0xFF, 0xFF, 0xC0, 0x0B, 0xFF, 0xE0, 0x00, 0x00, 0x00, 0x00, 0x00, 0xBE, 0x00,
    0x00, 0x03, 0xFE, 0x00, 0x00, 0x00, 0xB8, 0x00, 0x00, 0x0B, 0xC0, 0x29, 0x00, 0x28, 0x00, 0xF8,
    0x54, 0x00, 0x5F, 0xEB, 0xE0, 0x03, 0xFF, 0x2F, 0x80, 0x0F, 0xE0, 0xBE, 0x00, 0x3F, 0x42, 0xF8,
    0x00, 0xFD, 0x0B, 0xE0, 0x03, 0xF4, 0x2F, 0x80, 0x0F, 0xD0, 0xBE, 0x00, 0x3F, 0x42, 0xF8, 0x00,
    0xFD, 0x0B, 0xE0, 0x03, 0xF4, 0x1F, 0xC0, 0x0F, 0xC0, 0x7F, 0x40, 0xBF, 0x00, 0xFF, 0xAF, 0xF8,
    0x01, 0xFF, 0xFF, 0xC0, 0x00, 0xFF, 0xF8, 0x00, 0x00, 0x04, 0x00, 0x00, 0x00, 0x50, 0x00, 0x00,
    0xFF, 0x00, 0x00, 0x2B, 0xD0, 0x00, 0x01, 0xF0, 0x00, 0x00, 0xF0, 0x1F, 0x00, 0x00, 0x0B, 0xCB,
    0xD0, 0x7F, 0xF2, 0xF4, 0x1F, 0xE0, 0xBD, 0x07, 0xF0, 0x2F, 0x41, 0xFC, 0x0B, 0xD0, 0x7F, 0x02,
    0xF4, 0x1F, 0xC0, 0xBE, 0x07, 0xF0, 0x1F, 0x81, 0xFC, 0x07, 0xF9, 0xBF, 0x00, 0xFF, 0xFF, 0xC0,
    0x0B, 0xFF, 0xE0, 0x00, 0x00, 0x00, 0x00, 0x00, 0x00, 0x00, 0x00, 0x07, 0xE6, 0x80, 0x00, 0x3F,
    0xFF, 0x00, 0x00, 0xA6, 0xF0, 0x29, 0x00, 0x00, 0x00, 0xF8, 0x54, 0x00, 0x5F, 0xEB, 0xE0, 0x03,
    0xFF, 0x2F, 0x80, 0x0F, 0xE0, 0xBE, 0x00, 0x3F, 0x42, 0xF8, 0x00, 0xFD, 0x0B, 0xE0, 0x03, 0xF4,
    0x2F, 0x80, 0x0F, 0xD0, 0xBE, 0x00, 0x3F, 0x42, 0xF8, 0x00, 0xFD, 0x0B, 0xE0, 0x03, 0xF4, 0x1F,
    0xC0, 0x0F, 0xC0, 0x7F, 0x40, 0xBF, 0x00, 0xFF, 0xAF, 0xF8, 0x01, 0xFF, 0xFF, 0xC0, 0x00, 0xFF,
    0xF8, 0x00, 0x00, 0x04, 0x00, 0x00, 0x02, 0x42, 0x00, 0x03, 0xFF, 0xF0, 0x02, 0xFF, 0xF0, 0x00,
    0x10, 0x10, 0x7C, 0x00, 0x00, 0x2F, 0x2F, 0x41, 0xFF, 0xCB, 0xD0, 0x7F, 0x82, 0xF4, 0x1F, 0xC0,
    0xBD, 0x07, 0xF0, 0x2F, 0x41, 0xFC, 0x0B, 0xD0, 0x7F, 0x02, 0xF8, 0x1F, 0xC0, 0x7E, 0x07, 0xF0,
    0x1F, 0xE6, 0xFC, 0x03, 0xFF, 0xFF, 0x00, 0x2F, 0xFF, 0x80, 0x00, 0x00, 0x00, 0x00, 0x00, 0x00,
    0x00, 0xA4, 0x00, 0x00, 0x03, 0xE1, 0x50, 0x01, 0x7F, 0xAF, 0x80, 0x0F, 0xFC, 0xBE, 0x00, 0x3F,
    0x82, 0xF8, 0x00, 0xFD, 0x0B, 0xE0, 0x03, 0xF4, 0x2F, 0x80, 0x0F, 0xD0, 0xBE, 0x00, 0x3F, 0x42,
    0xF8, 0x00, 0xFD, 0x0B, 0xE0, 0x03, 0xF4, 0x2F, 0x80, 0x0F, 0xD0, 0x7F, 0x00, 0x3F, 0x01, 0xFD,
    0x02, 0xFC, 0x03, 0xFE, 0xBF, 0xE0, 0x07, 0xFF, 0xFF, 0x00, 0x03, 0xFF, 0xE0, 0x00, 0x00, 0x10,
    0x00, 0x00, 0x02, 0xD0, 0x00, 0x00, 0x0F, 0xC0, 0x00, 0x00, 0x3F, 0x00, 0x00, 0x00, 0x10, 0x00,
    0x00, 0x00, 0x00, 0x00, 0x00, 0x00, 0x07, 0xC0, 0x00, 0x02, 0xF2, 0xF4, 0x1F, 0xFC, 0xBD, 0x07,
    0xF8, 0x2F, 0x41, 0xFC, 0x0B, 0xD0, 0x7F, 0x02, 0xF4, 0x1F, 0xC0, 0xBD, 0x07, 0xF0, 0x2F, 0x81,
    0xFC, 0x07, 0xE0, 0x7F, 0x01, 0xFE, 0x6F, 0xC0, 0x3F, 0xFF, 0xF0, 0x02, 0xFF, 0xF8, 0x00, 0x00,
    0x00, 0x00, 0x02, 0xD0, 0x00, 0x01, 0xF8, 0x00, 0x00, 0x7E, 0x00, 0x00, 0x00, 0x00, 0x00, 0x00,
    0x20, 0x00, 0x00, 0x0B, 0xC0, 0x00, 0x00, 0xBE, 0x00, 0x00, 0x01, 0xF4, 0x00, 0x00, 0x07, 0x00,
    0x00, 0x00, 0x00, 0x00, 0xBF, 0x00, 0x0F, 0xE3, 0xF8, 0x02, 0xFC, 0x2F, 0xC0, 0x3F, 0x40, 0xFE,
    0x0B, 0xF0, 0x0B, 0xF0, 0xFD, 0x00, 0x3F, 0xEF, 0xC0, 0x01, 0xFF, 0xF0, 0x00, 0x0F, 0xFE, 0x00,
    0x00, 0x3F, 0xC0, 0x00, 0x02, 0xF8, 0x00, 0x00, 0x2F, 0x80, 0x00, 0x02, 0xF8, 0x00, 0x00, 0x2F,
    0x80, 0x00, 0x02, 0xF8, 0x00, 0x00, 0x2F, 0x80, 0x00, 0x00, 0x80, 0x00, 0x03, 0xD0, 0x00, 0x03,
    0xF0, 0x00, 0x00, 0xFC, 0x00, 0x00, 0x28, 0x00, 0x00, 0x00, 0x00, 0xBE, 0x00, 0xFC, 0x7F, 0x01,
    0xFC, 0x3F, 0x02, 0xF8, 0x2F, 0x83, 0xF0, 0x1F, 0xC3, 0xF0, 0x0F, 0xCB, 0xD0, 0x0B, 0xEF, 0xC0,
    0x03, 0xFF, 0x80, 0x02, 0xFF, 0x40, 0x00, 0xFF, 0x00, 0x00, 0xFD, 0x00, 0x01, 0xFC, 0x00, 0x7F,
    0xF8, 0x00, 0xBF, 0xF0, 0x00, 0xBF, 0x80, 0x00, 0x55, 0x00, 0x05, 0x47, 0xF4, 0x01, 0xFC, 0x3F,
    0xC0, 0x3F, 0x81, 0xFD, 0x07, 0xF0, 0x0F, 0xF0, 0xFE, 0x00, 0x3F, 0x5F, 0xC0, 0x02, 0xFF, 0xF4,
    0x00, 0x0F, 0xFE, 0x00, 0x00, 0x7F, 0xC0, 0x00, 0x03, 0xF8, 0x00, 0x00, 0x2F, 0x80, 0x00, 0x02,
    0xF8, 0x00, 0x00, 0x2F, 0x80, 0x00, 0x02, 0xF8, 0x00, 0x00, 0x2F, 0x80, 0x00, 0x00, 0x00, 0x00,
    0x00, 0x0F, 0x00, 0x00, 0x02, 0xF4, 0x00, 0x00, 0x1F, 0x40, 0x00, 0x00, 0x00, 0x00, 0xBE, 0x00,
    0xFC, 0x7F, 0x01, 0xF8, 0x3F, 0x02, 0xF4, 0x2F, 0x83, 0xF0, 0x1F, 0xC7, 0xE0, 0x0F, 0xCB, 0xD0,
    0x0B, 0xEF, 0xC0, 0x03, 0xFF, 0x80, 0x02, 0xFF, 0x00, 0x00, 0xFF, 0x00, 0x00, 0xFD, 0x00, 0x01,
    0xFC, 0x14, 0x7F, 0xF4, 0x7D, 0xBF, 0xE0, 0xBE, 0x7E, 0x40, 0x2C, 0x00, 0x3E, 0x00, 0x00, 0x03,
    0xFC, 0x00, 0x00, 0x03, 0xC0, 0x00, 0x00, 0xF8, 0x00, 0x00, 0x0A, 0x00, 0x05, 0x50, 0x00, 0x54,
    0x7F, 0x40, 0x1F, 0xC3, 0xFC, 0x03, 0xF8, 0x1F, 0xD0, 0x7F, 0x00, 0xFF, 0x0F, 0xE0, 0x03, 0xF5,
    0xFC, 0x00, 0x2F, 0xFF, 0x40, 0x00, 0xFF, 0xE0, 0x00, 0x07, 0xFC, 0x00, 0x00, 0x3F, 0x80, 0x00,
    0x02, 0xF8, 0x00, 0x00, 0x2F, 0x80, 0x00, 0x02, 0xF8, 0x00, 0x00, 0x2F, 0x80, 0x00, 0x02, 0xF8,
    0x00, 0x00, 0x50, 0x00, 0x02, 0xFE, 0x00, 0x00, 0xAF, 0x00, 0x00, 0x2F, 0x00, 0x00, 0x78, 0x00,
    0x00, 0x00, 0x00, 0xBE, 0x00, 0xFC, 0x7F, 0x01, 0xF8, 0x3F, 0x02, 0xF4, 0x2F, 0x83, 0xF0, 0x1F,
    0xC7, 0xE0, 0x0F, 0xCB, 0xD0, 0x0B, 0xEF, 0xC0, 0x03, 0xFF, 0x80, 0x02, 0xFF, 0x00, 0x00, 0xFF,
    0x00, 0x00, 0xFD, 0x00, 0x01, 0xFC, 0x00, 0x7F, 0xF4, 0x00, 0xBF, 0xE0, 0x00, 0x7E, 0x40, 0x00,
    0x00, 0x00, 0x00, 0x00, 0x0B, 0xD7, 0x40, 0x02, 0xFF, 0xF4, 0x00, 0x1C, 0x6D, 0x00, 0x00, 0x00,
    0x00, 0x05, 0x50, 0x00, 0x54, 0x7F, 0x40, 0x1F, 0xC3, 0xFC, 0x03, 0xF8, 0x1F, 0xD0, 0x7F, 0x00,
    0xFF, 0x0F, 0xE0, 0x03, 0xF5, 0xFC, 0x00, 0x2F, 0xFF, 0x40, 0x00, 0xFF, 0xE0, 0x00, 0x07, 0xFC,
    0x00, 0x00, 0x3F, 0x80, 0x00, 0x02, 0xF8, 0x00, 0x00, 0x2F, 0x80, 0x00, 0x02, 0xF8, 0x00, 0x00,
    0x2F, 0x80, 0x00, 0x02, 0xF8, 0x00, 0x01, 0x90, 0x40, 0x0B, 0xFF, 0xD0, 0x0F, 0xBF, 0x80, 0x01,
    0x01, 0x00, 0x00, 0x00, 0x00, 0xBE, 0x00, 0xFC, 0x7F, 0x01, 0xF8, 0x3F, 0x02, 0xF4, 0x2F, 0x83,
    0xF0, 0x1F, 0xC7, 0xE0, 0x0F, 0xCB, 0xD0, 0x0B, 0xEF, 0xC0, 0x03, 0xFF, 0x80, 0x02, 0xFF, 0x00,
    0x00, 0xFF, 0x00, 0x00, 0xFD, 0x00, 0x01, 0xFC, 0x00, 0x7F, 0xF4, 0x00, 0xBF, 0xE0, 0x00, 0x7E,
    0x40, 0x00, 0x55, 0x55, 0x55, 0x55, 0x55, 0x55, 0x55, 0x55, 0x10, 0x42, 0x58, 0x0A, 0x01, 0xF4,
    0x25, 0x80, 0x50, 0x05, 0x00, 0x50, 0x05, 0x00, 0x50, 0x05, 0x00, 0x50, 0x05, 0x00, 0x50, 0x05,
    0x00, 0x50, 0x01, 0x00, 0x24, 0x7F, 0xC5, 0x14, 0x51, 0x05, 0x00, 0x50, 0x05, 0x00, 0x50, 0x05,
    0x00, 0x50, 0x05, 0x00, 0x50, 0x05, 0x00, 0x50, 0x05, 0x00, 0x04, 0x01, 0x80, 0x3F, 0xD1, 0x45,
    0x04, 0x50, 0x05, 0x00, 0x50, 0x05, 0x00, 0x50, 0x05, 0x00, 0x50, 0x05, 0x00, 0x50, 0x05, 0x00,
    0x50, 0x05, 0x15, 0x51, 0xFF, 0xC7, 0xFF, 0x00, 0x7F, 0xF1, 0xFF, 0xC6, 0xAA, 0x00, 0xFF, 0xFF,
    0xFB, 0xFF, 0xFF, 0xEF, 0xFF, 0xFF, 0x80, 0xFF, 0xFF, 0xFF, 0xFF, 0xFF, 0xFF, 0xFF, 0xFF, 0xFF,
    0xFF, 0xFF, 0xFF, 0xFF, 0xFF, 0xFF, 0xFC, 0xFF, 0xFF, 0xFF, 0xFF, 0xFF, 0xFF, 0xFF, 0xFF, 0xFF,
    0xFF, 0xFF, 0xFF, 0xFF, 0xFF, 0xFF, 0xFC, 0x0B, 0x47, 0xD2, 0xF0, 0xFC, 0x3F, 0x0F, 0xC0, 0x3F,
    0x0F, 0xC3, 0xF0, 0xFC, 0x7D, 0x1F, 0x00, 0x3F, 0x0F, 0xC3, 0xF0, 0xFC, 0x7D, 0x1F, 0x00, 0x0B,
    0x47, 0x81, 0xF4, 0xFC, 0x2F, 0x0F, 0x83, 0xF1, 0xF4, 0x3F, 0x2F, 0x43, 0xF2, 0xF4, 0x3F, 0x1F,
    0x8F, 0xC7, 0xE3, 0xF1, 0xF8, 0xFC, 0xBD, 0x7D, 0x3F, 0x1E, 0x0B, 0x40, 0x3F, 0x1F, 0x8F, 0xC7,
    0xE3, 0xF1, 0xF8, 0xFC, 0xBD, 0x7D, 0x3F, 0x1E, 0x0B, 0x40, 0x00, 0xF4, 0x00, 0x0F, 0x40, 0x00,
    0xF4, 0x00, 0x0F, 0x40, 0x7F, 0xFF, 0xE7, 0xFF, 0xFE, 0x7F, 0xFF, 0xE0, 0x0F, 0x40, 0x00, 0xF4,
    0x00, 0x0F, 0x40, 0x00, 0xF4, 0x00, 0x0F, 0x40, 0x00, 0xF4, 0x00, 0x0F, 0x40, 0x00, 0xF4, 0x00,
    0x0F, 0x40, 0x00, 0xF0, 0x00, 0x0B, 0x00, 0x00, 0xF4, 0x00, 0x0F, 0x40, 0x00, 0xF4, 0x00, 0x0F,
    0x40, 0x7F, 0xFF, 0xE7, 0xFF, 0xFE, 0x7F, 0xFF, 0xE0, 0x0F, 0x40, 0x00, 0xF4, 0x00, 0x0F, 0x40,
    0x7F, 0xFF, 0xE7, 0xFF, 0xFE, 0x7F, 0xFF, 0xE0, 0x0F, 0x40, 0x00, 0xF4, 0x00, 0x0F, 0x40, 0x00,
    0xF0, 0x00, 0x0F, 0x00, 0x0B, 0xD0, 0xFF, 0xD3, 0xFF, 0x8F, 0xFE, 0x3F, 0xF4, 0x2F, 0x40, 0x3D,
    0x00, 0xB8, 0x01, 0xF2, 0xFC, 0x07, 0xF4, 0x0F, 0xEB, 0xF0, 0x1F, 0xD0, 0x3F, 0x8F, 0x40, 0x2E,
    0x00, 0x7C, 0x0B, 0xF4, 0x00, 0xFC, 0x00, 0x00, 0x00, 0xBF, 0xF4, 0x0B, 0xD0, 0x00, 0x00, 0x03,
    0xE2, 0xF0, 0x3F, 0x00, 0x00, 0x00, 0x0F, 0x07, 0xC2, 0xF4, 0x00, 0x00, 0x00, 0x3C, 0x1F, 0x0F,
    0x80, 0x00, 0x00, 0x00, 0xF8, 0xBC, 0xBC, 0x00, 0x00, 0x00, 0x02, 0xFF, 0xD7, 0xE0, 0x00, 0x00,
    0x00, 0x02, 0xFD, 0x3F, 0x1F, 0xE0, 0x0B, 0xF4, 0x00, 0x01, 0xF8, 0xFF, 0xF0, 0xBF, 0xF4, 0x00,
    0x0F, 0xCB, 0xC7, 0xD3, 0xD3, 0xF0, 0x00, 0x7D, 0x3E, 0x0F, 0x9F, 0x07, 0xC0, 0x03, 0xF0, 0xF8,
    0x3E, 0x7C, 0x1F, 0x00, 0x2F, 0x42, 0xF1, 0xF4, 0xF4, 0xFC, 0x00, 0xFC, 0x03, 0xFF, 0xC2, 0xFF,
    0xD0, 0x0B, 0xC0, 0x07, 0xF8, 0x02, 0xFD, 0x00, 0x00, 0x00, 0x0B, 0x40, 0x7F, 0x03, 0xF4, 0x3F,
    0x81, 0xFD, 0x03, 0xF8, 0x03, 0xF4, 0x07, 0xF0, 0x0B, 0x40, 0x00, 0x00, 0x00, 0x00, 0x74, 0x03,
    0xF0, 0x07, 0xF0, 0x0F, 0xE0, 0x1F, 0xD0, 0xFE, 0x07, 0xF0, 0x3F, 0x00, 0x74, 0x00, 0x00, 0x00,
    0x00, 0x00, 0xA4, 0x00, 0x0B, 0xC0, 0x00, 0x3E, 0x00, 0x02, 0xF0, 0x00, 0x0F, 0x80, 0x00, 0xBC,
    0x00, 0x03, 0xE0, 0x00, 0x2F, 0x00, 0x00, 0xF8, 0x00, 0x0B, 0xC0, 0x00, 0x3E, 0x00, 0x03, 0xF0,
    0x00, 0x1F, 0x80, 0x00, 0xFC, 0x00, 0x07, 0xE0, 0x00, 0x00, 0x04, 0x03, 0xF8, 0x7F, 0xC3, 0xF8,
    0x09, 0x00, 0x00, 0x00, 0x00, 0x00, 0x00, 0x06, 0xA0, 0x3F, 0x43, 0xF8, 0x2F, 0x81, 0xFC, 0x0F,
    0xC0, 0x00, 0x0B, 0xE0, 0x3F, 0xF8, 0x7C, 0x7C, 0xB8, 0x3C, 0xB8, 0x3D, 0xB8, 0x3C, 0x7C, 0x7C,
    0x3F, 0xF8, 0x0B, 0xE0, 0x01, 0xF4, 0x07, 0xF4, 0x0F, 0xB4, 0x3C, 0xB4, 0xBF, 0xFD, 0xBF, 0xFD,
    0x00, 0xB4, 0x00, 0xB4, 0x2F, 0xF8, 0xBF, 0xE2, 0xD0, 0x0F, 0xF8, 0x3F, 0xF4, 0x03, 0xF1, 0x0B,
    0x8F, 0xFD, 0x3F, 0xD0, 0x01, 0xF4, 0x0F, 0xF4, 0x2E, 0x40, 0x3F, 0xE0, 0x7F, 0xFC, 0x7C, 0x3C,
    0x3C, 0x3C, 0x3F, 0xF8, 0x0B, 0xE0, 0x7F, 0xFC, 0x7F, 0xFC, 0x00, 0xF8, 0x02, 0xF0, 0x03, 0xD0,
    0x07, 0xC0, 0x0B, 0x80, 0x0F, 0x40, 0x0F, 0xE0, 0x3F, 0xFC, 0x7C, 0x7C, 0x3D, 0xB8, 0x2F, 0xF0,
    0x3C, 0x7C, 0xBC, 0x3C, 0x7F, 0xFC, 0x1F, 0xE0, 0x0F, 0xE0, 0x3F, 0xF4, 0x7C, 0x7C, 0x7C, 0x3C,
    0x3F, 0xFC, 0x1F, 0xFC, 0x01, 0xF4, 0x3F, 0xE0, 0x2E, 0x40, 0x0B, 0xE0, 0x3F, 0xF8, 0x7C, 0x7C,
    0xB8, 0x3C, 0xB8, 0x3D, 0xB8, 0x3C, 0x7C, 0x7C, 0x3F, 0xF8, 0x0B, 0xE0, 0x02, 0xF1, 0xFF, 0x3F,
    0xF2, 0xAF, 0x02, 0xF0, 0x2F, 0x02, 0xF0, 0x2F, 0x02, 0xF0, 0x1F, 0xD1, 0xFF, 0xD2, 0x0F, 0x40,
    0x3D, 0x03, 0xF0, 0x3F, 0x03, 0xF0, 0x0F, 0xFF, 0x7F, 0xFC, 0x2F, 0xD0, 0xFF, 0xC1, 0x0F, 0x43,
    0xFC, 0x0F, 0xF0, 0x03, 0xE1, 0x0B, 0x9F, 0xFD, 0x7F, 0xD0, 0x01, 0xF4, 0x07, 0xF4, 0x0F, 0xB4,
    0x3C, 0xB4, 0xBF, 0xFD, 0xBF, 0xFD, 0x00, 0xB4, 0x00, 0xB4, 0x2F, 0xF8, 0xBF, 0xE2, 0xD0, 0x0F,
    0xF8, 0x3F, 0xF4, 0x03, 0xF1, 0x0B, 0x8F, 0xFD, 0x3F, 0xD0, 0x01, 0xF4, 0x0F, 0xF4, 0x2E, 0x40,
    0x3F, 0xE0, 0x7F, 0xFC, 0x7C, 0x3C, 0x3C, 0x3C, 0x3F, 0xF8, 0x0B, 0xE0, 0x7F, 0xFC, 0x7F, 0xFC,
    0x00, 0xF8, 0x02, 0xF0, 0x03, 0xD0, 0x07, 0xC0, 0x0B, 0x80, 0x0F, 0x40, 0x0F, 0xE0, 0x3F, 0xFC,
    0x7C, 0x7C, 0x3D, 0xB8, 0x2F, 0xF0, 0x3C, 0x7C, 0xBC, 0x3C, 0x7F, 0xFC, 0x1F, 0xE0, 0x0F, 0xE0,
    0x3F, 0xF4, 0x7C, 0x7C, 0x7C, 0x3C, 0x3F, 0xFC, 0x1F, 0xFC, 0x01, 0xF4, 0x3F, 0xE0, 0x2E, 0x40,
    0x7F, 0xFF, 0xD0, 0xBD, 0x7F, 0xFF, 0xF4, 0xBD, 0x7F, 0xAA, 0xF8, 0xBD, 0x7F, 0x00, 0x7C, 0xBD,
    0x7F, 0x18, 0x3C, 0xBD, 0x7F, 0x2D, 0x3C, 0xBD, 0x7F, 0x2D, 0x3C, 0xBD, 0x7F, 0x2D, 0x3C, 0xBD,
    0x7F, 0x2D, 0x28, 0xFD, 0x7F, 0x2D, 0x01, 0xFC, 0x7F, 0x2F, 0xAF, 0xFC, 0x7F, 0x2F, 0xFF, 0xF4,
    0x7F, 0x2F, 0xFF, 0x80, 0x00, 0x1B, 0xF9, 0x00, 0xBF, 0xFD, 0x01, 0xFF, 0xFC, 0x03, 0xF8, 0x04,
    0x07, 0xF0, 0x00, 0x3F, 0xFF, 0xF0, 0x3F, 0xFF, 0xF0, 0x0B, 0xD0, 0x00, 0x3F, 0xFF, 0xD0, 0x3F,
    0xFF, 0xD0, 0x07, 0xF0, 0x00, 0x03, 0xF8, 0x04, 0x02, 0xFF, 0xFD, 0x00, 0xFF, 0xFE, 0x00, 0x1F,
    0xF9, 0xFF, 0xFF, 0xFE, 0xFF, 0xFF, 0xFE, 0xFF, 0xFF, 0xFE, 0x00, 0xBE, 0x00, 0x00, 0xBE, 0x50,
    0x00, 0xBF, 0xF0, 0x00, 0xFF, 0xD0, 0x0B, 0xFE, 0x00, 0x0B, 0xFE, 0x90, 0x00, 0xBF, 0xF0, 0x00,
    0xFF, 0xD0, 0x0B, 0xFE, 0x00, 0x0B, 0xFE, 0x00, 0x00, 0xBE, 0x00, 0x00, 0xBE, 0x00, 0x06, 0xFF,
    0x40, 0x0F, 0xFF, 0xE0, 0x0F, 0xFF, 0xF0, 0x05, 0x03, 0xF4, 0xBF, 0xFF, 0xFD, 0xBF, 0xFF, 0xFD,
    0x00, 0xFF, 0x40, 0x03, 0xFC, 0x00, 0xBF, 0xFF, 0xFD, 0xBF, 0xFF, 0xFD, 0x2F, 0x40, 0x00, 0x2F,
    0xC0, 0x60, 0x0F, 0xFF, 0xF4, 0x0B, 0xFF, 0xFC, 0x01, 0xFF, 0xE0, 0x3F, 0xFF, 0xFF, 0x4F, 0xFF,
    0xFF, 0xC0, 0x00, 0xFE, 0x00, 0x00, 0x0F, 0xC0, 0x3F, 0xFF, 0xFF, 0x0F, 0xFF, 0xFF, 0x80, 0x00,
    0x7F, 0x00, 0x00, 0xBF, 0x40, 0x3F, 0xFF, 0x40, 0x0F, 0xFE, 0x00, 0x02, 0xFD, 0x00, 0x00, 0x1F,
    0xD0, 0x00, 0x02, 0xFD, 0x00, 0x00, 0x2F, 0xC0, 0x00, 0x02, 0xFC, 0x00, 0x06, 0xFE, 0x40, 0x0B,
    0xFF, 0xF0, 0x07, 0xFF, 0xF8, 0x01, 0x02, 0xFC, 0x00, 0x00, 0xBD, 0x01, 0xBF, 0xBE, 0x0B, 0xFF,
    0xFF, 0x1F, 0xFF, 0xFF, 0x3F, 0x80, 0xBE, 0x3F, 0x00, 0x7E, 0x3F, 0x00, 0xFD, 0x3F, 0x42, 0xFC,
    0x3F, 0xFF, 0xF4, 0x0F, 0xFF, 0xE0, 0x02, 0xFE, 0x40, 0x00, 0x1F, 0xC0, 0x00, 0x00, 0xFF, 0x40,
    0x00, 0x03, 0xFE, 0x00, 0x00, 0x2F, 0xFC, 0x00, 0x00, 0xFD, 0xF8, 0x00, 0x07, 0xD3, 0xF0, 0x00,
    0x3F, 0x0B, 0xD0, 0x00, 0xFC, 0x1F, 0xC0, 0x0B, 0xD0, 0x3F, 0x00, 0x3F, 0x00, 0xBD, 0x01, 0xFC,
    0x01, 0xFC, 0x0B, 0xE0, 0x03, 0xF0, 0x3F, 0xFF, 0xFF, 0xE1, 0xFF, 0xFF, 0xFF, 0xCB, 0xFF, 0xFF,
    0xFF, 0x00, 0x7F, 0xFF, 0xFF, 0x9F, 0xFF, 0xFF, 0xE7, 0xFF, 0xFF, 0xF9, 0xFC, 0x00, 0xBE, 0x7F,
    0x00, 0x2F, 0x9F, 0xC0, 0x0B, 0xE7, 0xF0, 0x02, 0xF9, 0xFC, 0x00, 0xBE, 0x7F, 0x00, 0x2F, 0x9F,
    0xC0, 0x0B, 0xE7, 0xF0, 0x02, 0xF9, 0xFC, 0x00, 0xBE, 0x7F, 0x00, 0x2F, 0x9F, 0xC0, 0x0B, 0xE7,
    0xF0, 0x02, 0xF9, 0xFC, 0x00, 0xBE, 0x7F, 0x00, 0x2F, 0x80, 0xBF, 0xFF, 0xFE, 0xFF, 0xFF, 0xF7,
    0xFF, 0xFF, 0xCB, 0xF0, 0x00, 0x0F, 0xE0, 0x00, 0x1F, 0xC0, 0x00, 0x2F, 0xC0, 0x00, 0x3F, 0x80,
    0x00, 0xBF, 0x00, 0x03, 0xF4, 0x00, 0x3F, 0x80, 0x01, 0xFC, 0x00, 0x0F, 0xC0, 0x00, 0xFE, 0x00,
    0x07, 0xFF, 0xFF, 0xEF, 0xFF, 0xFF, 0xBF, 0xFF, 0xFC, 0xFF, 0xFF, 0xFF, 0xFF, 0xFF, 0xFF, 0xFF,
    0xF0, 0x00, 0x00, 0xA4, 0x00, 0x0B, 0xC0, 0x00, 0x3E, 0x00, 0x02, 0xF0, 0x00, 0x0F, 0x80, 0x00,
    0xBC, 0x00, 0x03, 0xE0, 0x00, 0x2F, 0x00, 0x00, 0xF8, 0x00, 0x0B, 0xC0, 0x00, 0x3E, 0x00, 0x03,
    0xF0, 0x00, 0x1F, 0x80, 0x00, 0xFC, 0x00, 0x07, 0xE0, 0x00, 0x00, 0x2E, 0x1F, 0xD7, 0xF4, 0xB8,
    0x00, 0x00, 0x0B, 0xC0, 0x00, 0x00, 0xFC, 0x00, 0x00, 0x1F, 0x80, 0x00, 0x02, 0xF0, 0x00, 0x00,
    0x3F, 0x00, 0x00, 0x07, 0xE0, 0x00, 0x00, 0xBC, 0x00, 0x2C, 0x0F, 0xC0, 0x3F, 0xD0, 0xF4, 0x03,
    0xFF, 0x2F, 0x00, 0x12, 0xF7, 0xF0, 0x00, 0x0F, 0xFD, 0x00, 0x00, 0xBF, 0xC0, 0x00, 0x03, 0xFC,
    0x00, 0x00, 0x2F, 0x40, 0x00, 0x0B, 0xD0, 0xFD, 0x0F, 0xFE, 0xFF, 0xC3, 0xD3, 0xF4, 0xF9, 0xF0,
    0xBC, 0x2E, 0x3D, 0x3F, 0x4F, 0x8F, 0xFE, 0xFF, 0xC0, 0xBD, 0x0F, 0xD0, 0x00, 0x00, 0x00, 0x1F,
    0xD0, 0x2F, 0xF4, 0x0F, 0xFD, 0x07, 0xF4, 0x01, 0xFC, 0x00, 0x7F, 0x00, 0x1F, 0xC0, 0x07, 0xF0,
    0x01, 0xFC, 0x00, 0x7F, 0x00, 0x1F, 0xC0, 0x07, 0xF0, 0x01, 0xFC, 0x00, 0x7F, 0x00, 0x1F, 0xC0,
    0x0F, 0xE0, 0x3F, 0xF4, 0x0F, 0xFC, 0x03, 0xF8, 0x00, 0x00, 0x00, 0x00, 0x0B, 0xD0, 0x28, 0x2F,
    0xF8, 0x7C, 0x3F, 0xFF, 0xFC, 0x7C, 0x3F, 0xF4, 0x28, 0x07, 0xE0, 0x00, 0x00, 0x00, 0x0B, 0xD0,
    0x28, 0x1F, 0xF8, 0x3D, 0x3F, 0xFF, 0xFC, 0x7C, 0x2F, 0xF4, 0x28, 0x07, 0xE0, 0x00, 0x03, 0x00,
    0x00, 0xB8, 0x00, 0x0F, 0x4F, 0xFF, 0xFF, 0xFF, 0xFF, 0xFF, 0xFF, 0xFF, 0x00, 0xF4, 0x00, 0x1F,
    0x00, 0xFF, 0xFF, 0xFF, 0xFF, 0xFF, 0xFF, 0xFF, 0xF1, 0xF0, 0x00, 0x3E, 0x00, 0x00, 0xC0, 0x00,
    0x00, 0x06, 0xC0, 0x6F, 0xFE, 0xFF, 0xFF, 0xEF, 0xFF, 0x90, 0xFF, 0x40, 0x0F, 0xFF, 0x90, 0xFF,
    0xFF, 0xE0, 0x6F, 0xFE, 0x00, 0x06, 0xD0, 0x00, 0x00, 0xFF, 0xFF, 0xFF, 0xFF, 0xFF, 0xFF, 0xFF,
    0xF0, 0x79, 0x00, 0x0B, 0xFF, 0x90, 0xFF, 0xFF, 0xE0, 0x7F, 0xFF, 0x00, 0x2F, 0xF0, 0x6F, 0xFF,
    0xFF, 0xFF, 0xEB, 0xFF, 0x90, 0x79, 0x00, 0x00, 0x00, 0x00, 0xFF, 0xFF, 0xFF, 0xFF, 0xFF, 0xFF,
    0xFF, 0xF0, 0x07, 0xFE, 0x01, 0xFF, 0x4B, 0xFF, 0xC2, 0xFF, 0xE3, 0xFF, 0xE1, 0xFF, 0xF5, 0xFC,
    0x00, 0xBF, 0x00, 0xBE, 0x00, 0x2F, 0x40, 0x2F, 0xFF, 0x4B, 0xFF, 0xDB, 0xFF, 0xD2, 0xFF, 0xF6,
    0xFF, 0xF4, 0xBF, 0xFD, 0xBE, 0x00, 0x2F, 0x40, 0x2F, 0x80, 0x0B, 0xD0, 0x0B, 0xE0, 0x02, 0xF4,
    0x02, 0xF8, 0x00, 0xBD, 0x00, 0xBE, 0x00, 0x2F, 0x40, 0x2F, 0x80, 0x0B, 0xD0, 0x0B, 0xE0, 0x02,
    0xF4, 0x02, 0xF8, 0x00, 0xBD, 0x00, 0x07, 0xFD, 0x1F, 0x0B, 0xFF, 0x4F, 0xE3, 0xFF, 0xD3, 0xF9,
    0xFC, 0x00, 0x7C, 0xBE, 0x00, 0x00, 0x2F, 0xFF, 0x4B, 0xDB, 0xFF, 0xD2, 0xF6, 0xFF, 0xF4, 0xBD,
    0xBE, 0x00, 0x2F, 0x6F, 0x80, 0x0B, 0xDB, 0xE0, 0x02, 0xF6, 0xF8, 0x00, 0xBD, 0xBE, 0x00, 0x2F,
    0x6F, 0x80, 0x0B, 0xDB, 0xE0, 0x02, 0xF6, 0xF8, 0x00, 0xBD, 0x07, 0xFD, 0x1B, 0x40, 0xBF, 0xF4,
    0xBD, 0x03, 0xFF, 0xD2, 0xF4, 0x1F, 0xC0, 0x0B, 0xD0, 0xBE, 0x00, 0x2F, 0x42, 0xFF, 0xF4, 0xBD,
    0x0B, 0xFF, 0xD2, 0xF4, 0x2F, 0xFF, 0x4B, 0xD0, 0xBE, 0x00, 0x2F, 0x42, 0xF8, 0x00, 0xBD, 0x0B,
    0xE0, 0x02, 0xF4, 0x2F, 0x80, 0x0B, 0xD0, 0xBE, 0x00, 0x2F, 0xC2, 0xF8, 0x00, 0xBF, 0xCB, 0xE0,
    0x00, 0xFF, 0x2F, 0x80, 0x00, 0xBC, 0x07, 0xFE, 0x01, 0xFF, 0x4B, 0x82, 0xFF, 0xF0, 0xBF, 0xF4,
    0xFD, 0x3F, 0xFE, 0x1F, 0xFF, 0x0F, 0xD7, 0xF0, 0x02, 0xFC, 0x00, 0xB8, 0xBE, 0x00, 0x2F, 0x40,
    0x00, 0x0B, 0xFF, 0xD2, 0xFF, 0xF4, 0xFC, 0xBF, 0xFD, 0x2F, 0xFF, 0x4F, 0xCB, 0xFF, 0xD2, 0xFF,
    0xF4, 0xFC, 0xBE, 0x00, 0x2F, 0x40, 0x0F, 0xCB, 0xE0, 0x02, 0xF4, 0x00, 0xFC, 0xBE, 0x00, 0x2F,
    0x40, 0x0F, 0xCB, 0xE0, 0x02, 0xF4, 0x00, 0xFC, 0xBE, 0x00, 0x2F, 0x40, 0x0F, 0xCB, 0xE0, 0x02,
    0xF4, 0x00, 0xFC, 0xBE, 0x00, 0x2F, 0x40, 0x0F, 0xCB, 0xE0, 0x02, 0xF4, 0x00, 0xFC, 0x07, 0xFE,
    0x01, 0xFF, 0x4A, 0xC0, 0xBF, 0xFC, 0x2F, 0xFD, 0x3F, 0x03, 0xFF, 0xE1, 0xFF, 0xF0, 0xFC, 0x1F,
    0xC0, 0x0B, 0xF0, 0x03, 0xF0, 0xBE, 0x00, 0x2F, 0x40, 0x0F, 0xC2, 0xFF, 0xF4, 0xBF, 0xFD, 0x3F,
    0x0B, 0xFF, 0xD2, 0xFF, 0xF4, 0xFC, 0x2F, 0xFF, 0x4B, 0xFF, 0xD3, 0xF0, 0xBE, 0x00, 0x2F, 0x40,
    0x0F, 0xC2, 0xF8, 0x00, 0xBD, 0x00, 0x3F, 0x0B, 0xE0, 0x02, 0xF4, 0x00, 0xFC, 0x2F, 0x80, 0x0B,
    0xD0, 0x03, 0xF0, 0xBE, 0x00, 0x2F, 0x40, 0x0F, 0xE2, 0xF8, 0x00, 0xBD, 0x00, 0x3F, 0xFB, 0xE0,
    0x02, 0xF4, 0x00, 0x7F, 0xAF, 0x80, 0x0B, 0xD0, 0x00, 0x7E, 0x00, 0x00, 0x00, 0x00, 0x00, 0x00,
    0x00, 0x00, 0x00, 0x1F, 0x43, 0xE0, 0x00, 0x00, 0x03, 0xF0, 0xFC, 0x00, 0x00, 0x00, 0xFC, 0x3E,
    0x00, 0x00, 0x00, 0x2F, 0x1F, 0x80, 0x00, 0x00, 0x0B, 0xD7, 0xF4, 0x00, 0x00, 0x07, 0xF0, 0xFF,
    0xEA, 0x5A, 0xBF, 0xFC, 0x1F, 0xFF, 0xFF, 0xFF, 0xFC, 0x00, 0xBF, 0xFF, 0xFF, 0xE4, 0x00, 0x00,
    0x55, 0x55, 0x00, 0x00, 0x00, 0x00, 0x00, 0x00, 0x00, 0x00, 0x00, 0xF3, 0xC0, 0x00, 0x00, 0x00,
    0x7C, 0xF0, 0x00, 0x00, 0x00, 0x05, 0x50, 0x00, 0x00, 0x00, 0x00, 0xF4, 0x00, 0x00, 0x00, 0x00,
    0x2D, 0x00, 0x00, 0x00, 0x00, 0x00, 0x00, 0x00, 0x00, 0x00, 0x00, 0x00, 0x00, 0x00, 0x00, 0x03,
    0xE0, 0x00, 0x00, 0x00, 0x00, 0x00, 0x3F, 0x00, 0x00, 0x00, 0x02, 0x00, 0x03, 0xE0, 0x00, 0x00,
    0x00, 0xBD, 0x00, 0x7E, 0x00, 0x00, 0x00, 0x2F, 0xD0, 0x07, 0xF4, 0x00, 0x00, 0x1F, 0xFE, 0x00,
    0x3F, 0xFA, 0x9A, 0xBF, 0xFF, 0xFF, 0x81, 0xFF, 0xFF, 0xFF, 0xFF, 0x1F, 0xFD, 0x02, 0xFF, 0xFF,
    0xFE, 0x00, 0x7F, 0xC0, 0x00, 0x55, 0x50, 0x00, 0x00, 0x00, 0x00, 0x00, 0x00, 0x00, 0x00, 0x00,
    0x00, 0x00, 0x1E, 0x3C, 0x00, 0x00, 0x00, 0x00, 0x01, 0xF7, 0xC0, 0x00, 0x00, 0x00, 0x00, 0x05,
    0x50, 0x00, 0x00, 0x00, 0x00, 0x00, 0x3D, 0x00, 0x00, 0x00, 0x00, 0x00, 0x02, 0xC0, 0x00, 0x00,
    0x00, 0x00, 0x00, 0x00, 0x00, 0x00, 0x00, 0x00, 0x01, 0x80, 0x2F, 0x80, 0x7F, 0x00, 0xFC, 0x03,
    0xF0, 0x0B, 0xC0, 0x3F, 0x2F, 0xFC, 0xFF, 0xD3, 0xF9, 0x00, 0x00, 0x00, 0x00, 0x78, 0xE2, 0xE7,
    0xC1, 0x54, 0x03, 0xD0, 0x0F, 0x00, 0x00, 0x00, 0x00, 0x00, 0x00, 0x0B, 0xC0, 0x00, 0x3F, 0x00,
    0x00, 0xFC, 0x00, 0x0B, 0xF4, 0x02, 0xFF, 0xFF, 0x8F, 0xFB, 0xFF, 0x3F, 0x47, 0xFC, 0x00, 0x00,
    0x00, 0x00, 0x00, 0x02, 0xDB, 0x40, 0x0F, 0x6E, 0x00, 0x05, 0x50, 0x00, 0x1F, 0x00, 0x00, 0x3C,
    0x00, 0x00, 0x00, 0x00, 0x00, 0x00, 0x10, 0x00, 0x00, 0x00, 0x00, 0x1C, 0x00, 0x00, 0x00, 0x00,
    0x07, 0xB8, 0x00, 0x00, 0x00, 0x01, 0xFB, 0x40, 0x00, 0x00, 0x00, 0xB5, 0xD0, 0x00, 0x00, 0x00,
    0x7F, 0xE0, 0x00, 0x00, 0x00, 0x00, 0x00, 0x00, 0x00, 0x00, 0x00, 0x00, 0x01, 0xF4, 0x3E, 0x00,
    0x00, 0x00, 0x3F, 0x0F, 0xC0, 0x00, 0x00, 0x0F, 0xC3, 0xE0, 0x00, 0x00, 0x02, 0xF1, 0xF8, 0x00,
    0x00, 0x00, 0xBD, 0x7F, 0x40, 0x00, 0x00, 0x7F, 0x0F, 0xFE, 0xA5, 0xAB, 0xFF, 0xC1, 0xFF, 0xFF,
    0xFF, 0xFF, 0xC0, 0x0B, 0xFF, 0xFF, 0xFE, 0x40, 0x00, 0x05, 0x55, 0x50, 0x00, 0x00, 0x00, 0x00,
    0x10, 0x00, 0x00, 0x00, 0x00, 0x00, 0x03, 0x40, 0x00, 0x00, 0x00, 0x00, 0x00, 0x3B, 0xD0, 0x00,
    0x00, 0x00, 0x00, 0x03, 0xEF, 0x00, 0x00, 0x00, 0x00, 0x00, 0x78, 0xF0, 0x00, 0x00, 0x00, 0x00,
    0x0F, 0xFC, 0x00, 0x00, 0x00, 0x00, 0x00, 0x00, 0x00, 0x00, 0x00, 0x00, 0x00, 0x00, 0x00, 0x00,
    0x00, 0x00, 0x3E, 0x00, 0x00, 0x00, 0x00, 0x00, 0x03, 0xF0, 0x00, 0x00, 0x00, 0x20, 0x00, 0x3E,
    0x00, 0x00, 0x00, 0x0B, 0xD0, 0x07, 0xE0, 0x00, 0x00, 0x02, 0xFD, 0x00, 0x7F, 0x40, 0x00, 0x01,
    0xFF, 0xE0, 0x03, 0xFF, 0xA9, 0xAB, 0xFF, 0xFF, 0xF8, 0x1F, 0xFF, 0xFF, 0xFF, 0xF1, 0xFF, 0xD0,
    0x2F, 0xFF, 0xFF, 0xE0, 0x07, 0xFC, 0x00, 0x05, 0x55, 0x00, 0x00, 0x00, 0x00, 0x10, 0x03, 0x40,
    0x3A, 0xD3, 0xEF, 0x38, 0xBF, 0xFD, 0x00, 0x00, 0x00, 0x06, 0x40, 0xFC, 0x0F, 0xC0, 0xBD, 0x07,
    0xD0, 0x7E, 0x0B, 0xEB, 0xFD, 0xFF, 0x8F, 0xD0, 0x00, 0x00, 0x01, 0x00, 0x00, 0x0D, 0x00, 0x00,
    0x3B, 0xD0, 0x00, 0xFB, 0xC0, 0x07, 0x8F, 0x00, 0x3F, 0xF0, 0x00, 0x00, 0x00, 0x00, 0x00, 0x00,
    0x00, 0x00, 0x00, 0x0B, 0xC0, 0x00, 0x3F, 0x00, 0x00, 0xFC, 0x00, 0x0B, 0xF4, 0x02, 0xFF, 0xFF,
    0x8F, 0xFB, 0xFF, 0x3F, 0x47, 0xFC, 0x00, 0x00, 0x00, 0x05, 0x40, 0x00, 0x01, 0xFF, 0xFD, 0x00,
    0x03, 0xFF, 0xFF, 0xA4, 0x0A, 0xAB, 0xFF, 0xF4, 0x00, 0x00, 0xFF, 0xD0, 0x00, 0x7F, 0xFF, 0x40,
    0x0F, 0xFD, 0x00, 0x00, 0xFF, 0x40, 0x00, 0x0F, 0xE0, 0x00, 0x00, 0xFE, 0x00, 0x00, 0x03, 0xF0,
    0x73, 0x40, 0x2F, 0x41, 0xCD, 0x00, 0xBD, 0x00, 0xC0, 0x02, 0xF4, 0x03, 0x00, 0x07, 0xF0, 0x00,
    0x00, 0x0F, 0xF4, 0x00, 0x10, 0x1F, 0xFF, 0xBF, 0xE0, 0x1F, 0xFF, 0xFF, 0xC0, 0x0B, 0xFF, 0xF4,
    0x00, 0x00, 0x00, 0x00, 0x05, 0x40, 0x00, 0x00, 0x07, 0xFF, 0xF4, 0x00, 0x00, 0x3F, 0xFF, 0xFA,
    0x40, 0x02, 0xAA, 0xFF, 0xFD, 0x00, 0x00, 0x00, 0xFF, 0xD0, 0x00, 0x01, 0xFF, 0xFD, 0x00, 0x00,
    0xFF, 0xEF, 0x40, 0x00, 0x3F, 0xD0, 0xFC, 0x00, 0x0F, 0xE0, 0x0B, 0xFF, 0x83, 0xF8, 0x00, 0x3F,
    0xFD, 0x3F, 0x07, 0x34, 0xBF, 0xCB, 0xD0, 0x73, 0x40, 0x00, 0xBD, 0x00, 0xC0, 0x00, 0x0B, 0xD0,
    0x0C, 0x00, 0x00, 0x7F, 0x00, 0x00, 0x00, 0x03, 0xFD, 0x00, 0x04, 0x00, 0x1F, 0xFF, 0xBF, 0xE0,
    0x00, 0x7F, 0xFF, 0xFF, 0x00, 0x00, 0xBF, 0xFF, 0x40, 0x00, 0x00, 0x00, 0x00, 0x00, 0x00, 0x00,
    0x00, 0x0B, 0xFE, 0x00, 0x02, 0xFF, 0xF8, 0x00, 0xBF, 0xFF, 0xE8, 0x00, 0x06, 0xFF, 0x40, 0x00,
    0x7F, 0xD0, 0x06, 0xFF, 0xD2, 0xFF, 0xFF, 0x40, 0xFF, 0xFD, 0x00, 0x3F, 0xE0, 0x00, 0x00, 0x00,
    0x00, 0x00, 0x00, 0x00, 0x00, 0x01, 0xE3, 0x80, 0x00, 0xBD, 0xF0, 0x00, 0x05, 0x50, 0x00, 0x00,
    0xF4, 0x00, 0x00, 0x3C, 0x00, 0x00, 0x00, 0x00, 0x00, 0x00, 0x00, 0x00, 0x00, 0x2F, 0xF8, 0x00,
    0x00, 0x2F, 0xFF, 0x80, 0x00, 0x2F, 0xFF, 0xFA, 0x00, 0x00, 0x06, 0xFF, 0x40, 0x00, 0x01, 0xFF,
    0x40, 0x00, 0x6F, 0xFE, 0x00, 0xBF, 0xFF, 0xFF, 0xF8, 0xFF, 0xFD, 0x3F, 0xFD, 0xFF, 0x80, 0x0B,
    0xFC, 0x00, 0x00, 0x00, 0x00, 0x00, 0x00, 0x00, 0x00, 0x02, 0xDB, 0x40, 0x00, 0x03, 0xDB, 0x80,
    0x00, 0x00, 0x55, 0x00, 0x00, 0x00, 0x7C, 0x00, 0x00, 0x00, 0x3C, 0x00, 0x00, 0x00, 0x00, 0x00,
    0x00, 0x01, 0x00, 0x00, 0x30, 0x00, 0x03, 0xBC, 0x00, 0x3E, 0xE0, 0x07, 0x5E, 0x00, 0xFF, 0xC0,
    0x00, 0x00, 0x00, 0x00, 0x00, 0x00, 0x08, 0x00, 0x07, 0xE0, 0x00, 0x7F, 0x00, 0x02, 0xF8, 0x00,
    0x0F, 0xC0, 0x00, 0xBE, 0x00, 0x03, 0xF0, 0x00, 0x7F, 0x2F, 0xFF, 0xF3, 0xFF, 0xFD, 0x2F, 0xFE,
    0x00, 0x00, 0x00, 0x01, 0x00, 0x00, 0x00, 0x30, 0x00, 0x00, 0x03, 0xBC, 0x00, 0x00, 0x3E, 0xE0,
    0x00, 0x07, 0x5E, 0x00, 0x00, 0xFF, 0xC0, 0x00, 0x00, 0x00, 0x00, 0x00, 0x00, 0x00, 0x00, 0x00,
    0x08, 0x00, 0x00, 0x07, 0xE0, 0x00, 0x00, 0x7F, 0x00, 0x00, 0x02, 0xF8, 0x00, 0x00, 0x0F, 0xC0,
    0x00, 0x00, 0xBE, 0x00, 0x00, 0x03, 0xF0, 0x00, 0x00, 0x7F, 0x40, 0x2F, 0xFF, 0xFF, 0xC3, 0xFF,
    0xFF, 0xFE, 0x2F, 0xFE, 0x1F, 0xD0, 0x00, 0x00, 0x00, 0x00, 0x28, 0x00, 0x0F, 0x40, 0x02, 0xC0,
    0x0B, 0x5E, 0x03, 0xEB, 0xC0, 0x60, 0x90, 0x00, 0x00, 0x00, 0x00, 0x00, 0x1C, 0x00, 0x3F, 0x40,
    0x07, 0xF0, 0x00, 0xFC, 0x00, 0x2F, 0x00, 0x0B, 0xC0, 0x03, 0xF0, 0x01, 0xFC, 0x01, 0xFD, 0x07,
    0xFE, 0x0B, 0xFE, 0x00, 0xFD, 0x00, 0x24, 0x00, 0x00, 0x00, 0x24, 0x00, 0x00, 0x2F, 0x00, 0x00,
    0x03, 0x80, 0x00, 0x0F, 0x2D, 0x00, 0x03, 0xDF, 0x80, 0x00, 0x61, 0x80, 0x00, 0x00, 0x00, 0x00,
    0x00, 0x00, 0x00, 0x00, 0x1C, 0x00, 0x00, 0x3F, 0x40, 0x00, 0x07, 0xF0, 0x00, 0x00, 0xFC, 0x00,
    0x00, 0x2F, 0x80, 0x00, 0x0B, 0xFF, 0x40, 0x03, 0xFF, 0xF0, 0x01, 0xFE, 0xF8, 0x01, 0xFD, 0x00,
    0x07, 0xFE, 0x00, 0x0B, 0xFE, 0x00, 0x00, 0xFD, 0x00, 0x00, 0x24, 0x00, 0x00, 0x00, 0x00, 0x40,
    0x00, 0x34, 0x00, 0x0E, 0xF4, 0x03, 0xEF, 0x01, 0xE3, 0xC0, 0xFF, 0xC0, 0x00, 0x00, 0x00, 0x00,
    0x00, 0x00, 0x00, 0x07, 0x00, 0x0F, 0xD0, 0x01, 0xFC, 0x00, 0x3F, 0x00, 0x0B, 0xC0, 0x02, 0xF0,
    0x00, 0xFC, 0x00, 0x7F, 0x00, 0x7F, 0x41, 0xFF, 0x82, 0xFF, 0x80, 0x3F, 0x40, 0x09, 0x00, 0x00,
    0x00, 0x40, 0x00, 0x00, 0x70, 0x00, 0x00, 0x1E, 0xE0, 0x00, 0x03, 0xED, 0x00, 0x02, 0xD7, 0x40,
    0x00, 0xFF, 0x80, 0x00, 0x00, 0x00, 0x00, 0x00, 0x00, 0x00, 0x00, 0x00, 0x00, 0x00, 0x07, 0x00,
    0x00, 0x0F, 0xD0, 0x00, 0x01, 0xFC, 0x00, 0x00, 0x3F, 0x00, 0x00, 0x0B, 0xE0, 0x00, 0x02, 0xFF,
    0xD0, 0x00, 0xFF, 0xFC, 0x00, 0x7F, 0xBE, 0x00, 0x7F, 0x40, 0x01, 0xFF, 0x80, 0x02, 0xFF, 0x80,
    0x00, 0x3F, 0x40, 0x00, 0x09, 0x00, 0x00, 0x00, 0x00, 0x00, 0x00, 0x00, 0x20, 0x00, 0x00, 0x00,
    0x07, 0xF8, 0x00, 0x00, 0x00, 0x3F, 0xFC, 0x00, 0x00, 0x02, 0xFF, 0xD0, 0x00, 0x00, 0x0F, 0xFD,
    0x00, 0x00, 0x00, 0x0F, 0xE0, 0x00, 0x00, 0x00, 0x0B, 0xF4, 0x00, 0x3E, 0x00, 0x02, 0xFE, 0x00,
    0x3F, 0x00, 0x00, 0xBF, 0x40, 0x3E, 0x00, 0x00, 0x2F, 0xC0, 0x7E, 0x00, 0x00, 0x0F, 0xD0, 0x7F,
    0x40, 0x00, 0x0B, 0xE0, 0x3F, 0xFA, 0x96, 0xBF, 0xE0, 0x1F, 0xFF, 0xFF, 0xFF, 0xC0, 0x02, 0xFF,
    0xFF, 0xFE, 0x00, 0x00, 0x05, 0x55, 0x00, 0x00, 0x00, 0x00, 0x00, 0x00, 0x60, 0x00, 0x00, 0x00,
    0x00, 0x7F, 0x40, 0x00, 0x00, 0x00, 0x7F, 0xF8, 0x00, 0x00, 0x00, 0x2F, 0xFD, 0x00, 0x00, 0x00,
    0x0F, 0xFD, 0x00, 0x00, 0x00, 0x01, 0xFD, 0x00, 0x00, 0x00, 0x00, 0x0F, 0xF0, 0x00, 0x03, 0xE0,
    0x00, 0x3F, 0xC0, 0x00, 0x3F, 0x00, 0x00, 0xFF, 0x00, 0x03, 0xE0, 0x00, 0x03, 0xF8, 0x00, 0x7E,
    0x00, 0x00, 0x1F, 0xC0, 0x07, 0xF4, 0x00, 0x00, 0xFF, 0x00, 0x3F, 0xFA, 0x96, 0xBF, 0xFF, 0x81,
    0xFF, 0xFF, 0xFF, 0xFF, 0xFD, 0x02, 0xFF, 0xFF, 0xFD, 0x2F, 0xC0, 0x00, 0x55, 0x54, 0x00, 0x00,
    0x00, 0x01, 0x80, 0x02, 0xFC, 0x01, 0xFF, 0xD1, 0xFF, 0xE0, 0x7F, 0xE0, 0x0B, 0xF0, 0x00, 0x7F,
    0xC0, 0x01, 0xFF, 0x00, 0x03, 0xFC, 0x00, 0x0F, 0xE0, 0x00, 0x7F, 0x00, 0x03, 0xF0, 0xBF, 0xFF,
    0x0F, 0xFF, 0xD0, 0xFF, 0xE4, 0x00, 0x00, 0x00, 0x00, 0x01, 0x80, 0x00, 0x07, 0xF0, 0x00, 0x1F,
    0xFD, 0x00, 0x7F, 0xF8, 0x00, 0x7F, 0xE0, 0x00, 0x2F, 0xC0, 0x00, 0x03, 0xF8, 0x00, 0x00, 0x7F,
    0x80, 0x00, 0x07, 0xF8, 0x00, 0x00, 0x7F, 0x40, 0x00, 0x07, 0xF0, 0x00, 0x00, 0xFF, 0x00, 0xBF,
    0xFF, 0xFE, 0x3F, 0xFF, 0xFF, 0xCF, 0xFE, 0x0B, 0xF0, 0x00, 0x00, 0x00, 0x00, 0x00, 0x00, 0x00,
    0x00, 0x00, 0x00, 0x00, 0x02, 0x80, 0x00, 0x00, 0x00, 0x2F, 0xC0, 0x00, 0x00, 0x02, 0xFE, 0x00,
    0x00, 0x00, 0x1F, 0xE0, 0x20, 0x00, 0x00, 0x1F, 0x07, 0xF8, 0x00, 0x00, 0x04, 0x3F, 0xFC, 0x00,
    0x00, 0x02, 0xFF, 0xD0, 0x00, 0x00, 0x0F, 0xFD, 0x00, 0x00, 0x00, 0x0F, 0xE0, 0x00, 0x00, 0x00,
    0x0B, 0xF4, 0x00, 0x3E, 0x00, 0x02, 0xFE, 0x00, 0x3F, 0x00, 0x00, 0xBF, 0x40, 0x3E, 0x00, 0x00,
    0x2F, 0xC0, 0x7E, 0x00, 0x00, 0x0F, 0xD0, 0x7F, 0x40, 0x00, 0x0B, 0xE0, 0x3F, 0xFA, 0x96, 0xBF,
    0xE0, 0x1F, 0xFF, 0xFF, 0xFF, 0xC0, 0x02, 0xFF, 0xFF, 0xFE, 0x00, 0x00, 0x05, 0x55, 0x00, 0x00,
    0x00, 0x00, 0x00, 0x00, 0x00, 0x00, 0x00, 0x00, 0x00, 0x34, 0x00, 0x00, 0x00, 0x00, 0x2F, 0xC0,
    0x00, 0x00, 0x00, 0x2F, 0xE0, 0x00, 0x00, 0x00, 0x1F, 0xE0, 0x60, 0x00, 0x00, 0x02, 0xE0, 0x7F,
    0x40, 0x00, 0x00, 0x00, 0x7F, 0xF8, 0x00, 0x00, 0x00, 0x2F, 0xFD, 0x00, 0x00, 0x00, 0x0F, 0xFD,
    0x00, 0x00, 0x00, 0x01, 0xFD, 0x00, 0x00, 0x00, 0x00, 0x0F, 0xF0, 0x00, 0x03, 0xE0, 0x00, 0x3F,
    0xC0, 0x00, 0x3F, 0x00, 0x00, 0xFF, 0x00, 0x03, 0xE0, 0x00, 0x03, 0xF8, 0x00, 0x7E, 0x00, 0x00,
    0x1F, 0xC0, 0x07, 0xF4, 0x00, 0x00, 0xFF, 0x00, 0x3F, 0xFA, 0x96, 0xBF, 0xFF, 0x81, 0xFF, 0xFF,
    0xFF, 0xFF, 0xFD, 0x02, 0xFF, 0xFF, 0xFD, 0x2F, 0xC0, 0x00, 0x55, 0x54, 0x00, 0x00, 0x00, 0x00,
    0x00, 0x00, 0x1C, 0x00, 0x07, 0xF8, 0x00, 0xFF, 0x40, 0x2F, 0xD0, 0x60, 0xF8, 0x2F, 0xC0, 0x07,
    0xFF, 0x41, 0xFF, 0xE0, 0x1F, 0xF8, 0x00, 0xBF, 0x00, 0x01, 0xFF, 0x00, 0x01, 0xFF, 0x00, 0x00,
    0xFF, 0x00, 0x00, 0xFE, 0x00, 0x01, 0xFC, 0x00, 0x03, 0xF0, 0x2F, 0xFF, 0xC0, 0xFF, 0xFD, 0x03,
    0xFF, 0x90, 0x00, 0x00, 0x00, 0x00, 0x00, 0x00, 0x00, 0x00, 0x70, 0x00, 0x00, 0x7F, 0x80, 0x00,
    0x3F, 0xD0, 0x00, 0x2F, 0xD0, 0x60, 0x03, 0xE0, 0x7F, 0x00, 0x00, 0x7F, 0xF4, 0x00, 0x7F, 0xF8,
    0x00, 0x1F, 0xF8, 0x00, 0x02, 0xFC, 0x00, 0x00, 0x0F, 0xE0, 0x00, 0x00, 0x7F, 0x80, 0x00, 0x01,
    0xFE, 0x00, 0x00, 0x07, 0xF4, 0x00, 0x00, 0x1F, 0xC0, 0x00, 0x00, 0xFF, 0x00, 0x2F, 0xFF, 0xFF,
    0x83, 0xFF, 0xFF, 0xFC, 0x3F, 0xF8, 0x2F, 0xC0, 0x00, 0x00, 0x00, 0x00, 0x00, 0x00, 0x40, 0x00,
    0x00, 0x2F, 0x40, 0x00, 0x00, 0x7F, 0x0A, 0x40, 0x00, 0xFC, 0x3F, 0x00, 0x02, 0xF0, 0xF8, 0x00,
    0x0B, 0xD7, 0xD0, 0x00, 0x2F, 0x5F, 0x80, 0x00, 0xFC, 0x7F, 0x00, 0x07, 0xF0, 0xFF, 0x40, 0xBF,
    0x82, 0xFF, 0xFF, 0xFC, 0x02, 0xFF, 0xFF, 0x80, 0x00, 0x6F, 0xA0, 0x00, 0x00, 0x00, 0x00, 0x00,
    0x00, 0x00, 0x00, 0x0B, 0x80, 0x00, 0x00, 0x00, 0x7F, 0x00, 0x0A, 0x40, 0x00, 0xFC, 0x00, 0x3F,
    0x00, 0x02, 0xF8, 0x00, 0xF8, 0x00, 0x0B, 0xFF, 0x87, 0xD0, 0x00, 0x2F, 0xFF, 0x5F, 0x80, 0x00,
    0xBE, 0xFC, 0x7F, 0x00, 0x03, 0xF0, 0x00, 0xFF, 0x40, 0x7F, 0x80, 0x02, 0xFF, 0xFF, 0xFC, 0x00,
    0x02, 0xFF, 0xFF, 0xC0, 0x00, 0x00, 0x6F, 0xA0, 0x00, 0x00, 0x00, 0x00, 0x00, 0x2C, 0x00, 0x07,
    0xF4, 0x00, 0x7F, 0xD0, 0x0F, 0xFF, 0x02, 0xFB, 0xF8, 0x3F, 0x0F, 0xC7, 0xD0, 0xBC, 0x7E, 0x0F,
    0xC7, 0xFF, 0xFC, 0x3F, 0xFF, 0x40, 0xBF, 0xD0, 0x00, 0x00, 0x00, 0x00, 0x00, 0x00, 0x00, 0x2F,
    0xF4, 0x00, 0x1F, 0xFF, 0xC0, 0x03, 0xFF, 0xFD, 0x00, 0xBE, 0x07, 0xF0, 0x0B, 0xD0, 0x3F, 0x80,
    0xBD, 0x01, 0xFF, 0xD7, 0xE0, 0x0F, 0xFF, 0x24, 0x00, 0x2F, 0xE0, 0x00, 0x00, 0x00, 0x06, 0x40,
    0xFC, 0x0F, 0xC0, 0xBD, 0x07, 0xD0, 0x7E, 0x0B, 0xEB, 0xFD, 0xFF, 0x8F, 0xD0, 0x00, 0x00, 0xD0,
    0x1F, 0x00, 0xF0, 0x01, 0x00, 0x00, 0x03, 0xF0, 0x00, 0x0B, 0xFC, 0x06, 0xE3, 0xFF, 0x0F, 0xFD,
    0xFF, 0xCB, 0xFF, 0x02, 0xF3, 0xF4, 0x00, 0x7E, 0xF4, 0x00, 0x0F, 0xFC, 0x00, 0x01, 0xFF, 0x00,
    0x00, 0x2F, 0x80, 0x00, 0x01, 0x00, 0x00, 0x00, 0x00, 0x00, 0x00, 0x00, 0x0F, 0x40, 0x00, 0x00,
    0x1F, 0xE0, 0x00, 0x00, 0x1F, 0xFC, 0x00, 0x00, 0x7F, 0xFF, 0x40, 0x00, 0xBC, 0xBF, 0xD0, 0x00,
    0xFC, 0x7F, 0xF4, 0x00, 0xFC, 0xFD, 0xFC, 0x00, 0x7F, 0xF8, 0xBC, 0x3E, 0xBF, 0xFA, 0xFC, 0x7F,
    0xFF, 0xFF, 0xFC, 0xBF, 0xF9, 0xBF, 0xE0, 0x00, 0x00, 0x00, 0x00, 0x00, 0x01, 0xF8, 0x00, 0x00,
    0x0B, 0xFF, 0x00, 0x00, 0x1F, 0xFF, 0x00, 0x00, 0x3F, 0x2F, 0x40, 0x00, 0x7E, 0x1F, 0x40, 0x00,
    0xBC, 0x2F, 0x00, 0x00, 0xFC, 0xBE, 0x00, 0x3F, 0xFF, 0xFF, 0xFD, 0xBF, 0xFF, 0xFF, 0xFF, 0x7F,
    0xFD, 0x5F, 0xFE, 0x00, 0xFD, 0x0B, 0xD0, 0x00, 0xBF, 0x5F, 0xD0, 0x00, 0x3F, 0xFF, 0xC0, 0x00,
    0x0F, 0xFF, 0x40, 0x00, 0x01, 0xA4, 0x00, 0x00, 0x40, 0x00, 0x00, 0xB8, 0x00, 0x00, 0x3F, 0xC0,
    0x00, 0x0F, 0xFD, 0x00, 0x0F, 0xFF, 0xE0, 0x07, 0xD7, 0xFE, 0x02, 0xF0, 0xFF, 0xE0, 0x7D, 0x7D,
    0xFC, 0x0F, 0xFF, 0x1F, 0x6F, 0xFF, 0xEF, 0xDF, 0xFF, 0xFF, 0xF3, 0xF9, 0xBF, 0xF4, 0x00, 0x00,
    0x00, 0x00, 0x00, 0x2F, 0x40, 0x00, 0x0F, 0xFD, 0x00, 0x03, 0xFF, 0xF0, 0x00, 0x7F, 0x3F, 0x00,
    0x0F, 0xC3, 0xF0, 0x00, 0xFC, 0x3E, 0x00, 0x1F, 0x8F, 0xC0, 0x0B, 0xFF, 0xFF, 0xFC, 0xFF, 0xFF,
    0xFF, 0xEF, 0xFD, 0x6F, 0xFD, 0x1F, 0xC0, 0xFC, 0x00, 0xFF, 0x5F, 0xC0, 0x07, 0xFF, 0xF8, 0x00,
    0x1F, 0xFF, 0x00, 0x00, 0x1A, 0x40, 0x00, 0x00, 0x06, 0x40, 0x00, 0x00, 0x00, 0x3F, 0xE0, 0x00,
    0x00, 0x00, 0xFF, 0xF4, 0x00, 0x00, 0x02, 0xF9, 0xFC, 0x00, 0x00, 0x0B, 0xF0, 0xFC, 0x00, 0x00,
    0x2F, 0xC0, 0x74, 0x00, 0x00, 0x3F, 0x00, 0x00, 0x00, 0x00, 0x7E, 0x00, 0x00, 0x00, 0x00, 0x7F,
    0xEA, 0x96, 0xAA, 0xFC, 0x2F, 0xFF, 0xFF, 0xFF, 0xFC, 0x06, 0xFF, 0xFF, 0xFF, 0xF8, 0x00, 0x05,
    0x55, 0x50, 0x00, 0x00, 0x06, 0xAF, 0x80, 0x2F, 0xFF, 0xFD, 0x2F, 0xFF, 0xFF, 0xC7, 0xFE, 0x50,
    0x00, 0xFD, 0x00, 0x00, 0x0F, 0xD0, 0x00, 0x00, 0xFF, 0xFA, 0xBF, 0x87, 0xFF, 0xFF, 0xF4, 0x0B,
    0xFF, 0xFF, 0x40, 0x00, 0x00, 0x00, 0x00, 0x40, 0x00, 0x00, 0x00, 0x07, 0xD0, 0x00, 0x00, 0x00,
    0x0F, 0x40, 0x00, 0x00, 0x00, 0x0B, 0x10, 0x00, 0x00, 0x00, 0x0B, 0xF4, 0x00, 0x00, 0x00, 0x0F,
    0x90, 0x00, 0x00, 0x00, 0x00, 0x06, 0x40, 0x00, 0x00, 0x00, 0x3F, 0xE0, 0x00, 0x00, 0x00, 0xFF,
    0xF4, 0x00, 0x00, 0x02, 0xF9, 0xFC, 0x00, 0x00, 0x0B, 0xF0, 0xFC, 0x00, 0x00, 0x2F, 0xC0, 0x74,
    0x00, 0x00, 0x3F, 0x00, 0x00, 0x00, 0x00, 0x7E, 0x00, 0x00, 0x00, 0x00, 0x7F, 0xEA, 0x96, 0xAA,
    0xFC, 0x2F, 0xFF, 0xFF, 0xFF, 0xFC, 0x06, 0xFF, 0xFF, 0xFF, 0xF8, 0x00, 0x05, 0x55, 0x50, 0x00,
    0x01, 0x00, 0x00, 0x00, 0xFC, 0x00, 0x00, 0x1D, 0x00, 0x00, 0x01, 0xE0, 0x00, 0x00, 0x0F, 0xE0,
    0x00, 0x01, 0xE4, 0x00, 0x00, 0x00, 0x06, 0xAF, 0x80, 0x2F, 0xFF, 0xFD, 0x2F, 0xFF, 0xFF, 0xC7,
    0xFE, 0x50, 0x00, 0xFD, 0x00, 0x00, 0x0F, 0xD0, 0x00, 0x00, 0xFF, 0xFA, 0xBF, 0x87, 0xFF, 0xFF,
    0xF4, 0x0B, 0xFF, 0xFF, 0x40, 0x00, 0x00, 0x00, 0x00, 0x00, 0x01, 0xFE, 0x00, 0x00, 0x03, 0xFF,
    0xD0, 0x00, 0x03, 0xFF, 0xF0, 0x00, 0x01, 0xFC, 0x00, 0x00, 0x00, 0xFC, 0x00, 0x0A, 0x40, 0x3F,
    0x00, 0x03, 0xF0, 0x0F, 0xF4, 0x00, 0xF8, 0x00, 0xFF, 0xE0, 0x7D, 0x00, 0x07, 0xFE, 0x1F, 0x80,
    0x00, 0x1F, 0xC7, 0xF0, 0x00, 0x0B, 0xE0, 0xFF, 0x40, 0x6F, 0xF0, 0x1F, 0xFF, 0xFF, 0xF4, 0x01,
    0xFF, 0xFF, 0xE0, 0x00, 0x06, 0xFE, 0x40, 0x00, 0x00, 0x00, 0x00, 0x00, 0x00, 0xA4, 0x00, 0x00,
    0x00, 0x03, 0xF0, 0x00, 0x39, 0x00, 0x0F, 0x80, 0x01, 0xFF, 0xF8, 0x7D, 0x00, 0x07, 0xFF, 0xF5,
    0xF8, 0x00, 0x02, 0xFF, 0xC7, 0xF0, 0x00, 0x03, 0xF0, 0x0F, 0xF4, 0x01, 0xBF, 0x80, 0x2F, 0xFF,
    0xFF, 0xFC, 0x00, 0x2F, 0xFF, 0xFF, 0x80, 0x00, 0x06, 0xFE, 0x90, 0x00, 0x00, 0x01, 0x80, 0x2F,
    0x80, 0x7F, 0x00, 0xFC, 0x03, 0xF0, 0x0B, 0xC0, 0x3F, 0x2F, 0xFC, 0xFF, 0xD3, 0xF9, 0x00, 0x00,
    0x00, 0x00, 0xB8, 0xF3, 0xF7, 0xE7, 0x4A, 0x00, 0x00, 0x00, 0x00, 0x0B, 0xC0, 0x00, 0x3F, 0x00,
    0x00, 0xFC, 0x00, 0x0B, 0xF4, 0x02, 0xFF, 0xFF, 0x8F, 0xFB, 0xFF, 0x3F, 0x47, 0xFC, 0x00, 0x00,
    0x00, 0x00, 0x00, 0x03, 0xD7, 0xC0, 0x0F, 0xAF, 0x00, 0x2C, 0x38, 0x00, 0x00, 0x00, 0x00, 0x2F,
    0xC0, 0x0F, 0xFC, 0x02, 0xFE, 0xC0, 0x3F, 0x00, 0x03, 0xF0, 0x00, 0x1F, 0x9B, 0x40, 0xFF, 0xFC,
    0x7F, 0xFF, 0x87, 0xFF, 0x40, 0x3D, 0x00, 0x00, 0x00, 0x00, 0x00, 0x00, 0x07, 0xE5, 0x43, 0xEF,
    0xF0, 0x00, 0x50, 0x00, 0x00, 0x00, 0xBC, 0x00, 0x2F, 0x00, 0x0B, 0xC0, 0x02, 0xF0, 0x00, 0xBD,
    0x00, 0x2F, 0x40, 0x0B, 0xD0, 0x02, 0xF4, 0x00, 0xBD, 0x00, 0x2F, 0x40, 0x07, 0xD0, 0x01, 0xF4,
    0x00, 0x7E, 0x00, 0x1F, 0x80, 0x00, 0x00, 0x03, 0xF5, 0x40, 0xBB, 0xFC, 0x00, 0x05, 0x00, 0x01,
    0x40, 0x00, 0xBC, 0x00, 0x0B, 0xC0, 0x00, 0xBD, 0x00, 0x0B, 0xD0, 0x00, 0xBD, 0x00, 0x0B, 0xD0,
    0x00, 0xBD, 0x00, 0x07, 0xD0, 0x00, 0x7E, 0x00, 0x07, 0xE0, 0x00, 0x7E, 0x00, 0x07, 0xF0, 0x00,
    0x3F, 0xF8, 0x03, 0xFF, 0xD0, 0x0B, 0xFC, 0x00, 0x00, 0x00, 0x04, 0x1F, 0x8B, 0x42, 0xD0, 0x7F,
    0x6E, 0x40, 0x00, 0xBC, 0x2F, 0x0B, 0xC2, 0xF0, 0xBD, 0x2F, 0x4B, 0xD2, 0xF4, 0xBD, 0x2F, 0x47,
    0xD1, 0xF4, 0x7E, 0x1F, 0x80, 0x04, 0x00, 0x0F, 0x80, 0x0B, 0x40, 0x01, 0xD0, 0x00, 0x7F, 0x80,
    0x2E, 0x40, 0x00, 0x50, 0x00, 0xBC, 0x00, 0x2F, 0x00, 0x0B, 0xD0, 0x02, 0xF4, 0x00, 0xBD, 0x00,
    0x2F, 0x40, 0x0B, 0xD0, 0x01, 0xF4, 0x00, 0x7E, 0x00, 0x1F, 0x80, 0x07, 0xE0, 0x01, 0xFC, 0x00,
    0x3F, 0xF8, 0x0F, 0xFF, 0x40, 0xBF, 0xC0, 0x00, 0x00, 0x00, 0x10, 0x00, 0x2F, 0x00, 0x03, 0x90,
    0x00, 0x3C, 0x40, 0x02, 0xFC, 0x00, 0x3D, 0x00, 0x00, 0x50, 0x00, 0x3F, 0xE0, 0x0F, 0xFF, 0x41,
    0xFF, 0xFC, 0x3F, 0x0F, 0xC3, 0xF0, 0xBD, 0x3F, 0xFF, 0xD2, 0xFF, 0xFD, 0x0B, 0xFF, 0xC0, 0x02,
    0xFC, 0x16, 0xFF, 0x07, 0xFF, 0xD0, 0x3F, 0xF0, 0x02, 0x90, 0x00, 0x00, 0x10, 0x00, 0x00, 0xBC,
    0x00, 0x00, 0x39, 0x00, 0x00, 0x0F, 0x10, 0x00, 0x02, 0xFC, 0x00, 0x00, 0xF4, 0x00, 0x00, 0x00,
    0x00, 0x00, 0x01, 0x40, 0x00, 0x03, 0xFE, 0x00, 0x03, 0xFF, 0xD0, 0x01, 0xFF, 0xFC, 0x00, 0xFC,
    0x3F, 0x40, 0x3F, 0x0B, 0xD0, 0x0F, 0xFB, 0xFF, 0xC2, 0xFF, 0xFF, 0xF8, 0x2F, 0xFF, 0xFD, 0x00,
    0x3F, 0xC0, 0x05, 0xBF, 0xC0, 0x07, 0xFF, 0xD0, 0x00, 0xFF, 0xC0, 0x00, 0x29, 0x00, 0x00, 0x00,
    0x14, 0x2F, 0x0B, 0xC2, 0xF0, 0xBD, 0x2F, 0x4B, 0xD2, 0xF4, 0xBD, 0x2F, 0x47, 0xD1, 0xF4, 0x7D,
    0x1F, 0x87, 0xE1, 0xF8, 0x04, 0x1F, 0x8B, 0x41, 0xD0, 0x7F, 0xAE, 0x40, 0x00, 0x14, 0x00, 0xBC,
    0x00, 0xBC, 0x00, 0xBD, 0x00, 0xBD, 0x00, 0xBD, 0x00, 0xBD, 0x00, 0xBD, 0x00, 0x7D, 0x00, 0x7E,
    0x00, 0x7E, 0x00, 0x7E, 0x00, 0x7F, 0x00, 0x3F, 0xF8, 0x3F, 0xFD, 0x0B, 0xFC, 0x05, 0x00, 0x3F,
    0x00, 0x78, 0x00, 0x38, 0x00, 0x3F, 0xC0, 0x79, 0x00, 0x00, 0x00, 0x00, 0x40, 0x00, 0x00, 0x00,
    0xF8, 0x00, 0x00, 0x00, 0xB4, 0x00, 0x1F, 0xE0, 0x1D, 0x00, 0x3F, 0xFD, 0x07, 0xF8, 0x3F, 0xFF,
    0x02, 0xE4, 0x1F, 0xC0, 0x00, 0x00, 0x0F, 0xC0, 0x00, 0xA4, 0x03, 0xF0, 0x00, 0x3F, 0x00, 0xFF,
    0x40, 0x0F, 0x80, 0x0F, 0xFE, 0x07, 0xD0, 0x00, 0x7F, 0xE1, 0xF8, 0x00, 0x01, 0xFC, 0x7F, 0x00,
    0x00, 0xBE, 0x0F, 0xF4, 0x06, 0xFF, 0x01, 0xFF, 0xFF, 0xFF, 0x40, 0x1F, 0xFF, 0xFE, 0x00, 0x00,
    0x6F, 0xE4, 0x00, 0x00, 0x00, 0x40, 0x00, 0x00, 0x00, 0x0F, 0x80, 0x00, 0x00, 0x00, 0xB4, 0x00,
    0x00, 0x00, 0x01, 0xD0, 0x00, 0x00, 0x00, 0x07, 0xF8, 0x00, 0x00, 0x00, 0x2E, 0x40, 0x00, 0x00,
    0x00, 0x00, 0x00, 0x00, 0x00, 0x0A, 0x40, 0x00, 0x00, 0x00, 0x3F, 0x00, 0x03, 0x90, 0x00, 0xF8,
    0x00, 0x1F, 0xFF, 0x87, 0xD0, 0x00, 0x7F, 0xFF, 0x5F, 0x80, 0x00, 0x2F, 0xFC, 0x7F, 0x00, 0x00,
    0x3F, 0x00, 0xFF, 0x40, 0x1B, 0xF8, 0x02, 0xFF, 0xFF, 0xFF, 0xC0, 0x02, 0xFF, 0xFF, 0xF8, 0x00,
    0x00, 0x6F, 0xE9, 0x00, 0x00, 0x05, 0x03, 0xF0, 0x78, 0x03, 0x80, 0x3F, 0xC7, 0x90, 0x00, 0x00,
    0x64, 0x0F, 0xC0, 0xFC, 0x0B, 0xD0, 0x7D, 0x07, 0xE0, 0xBE, 0xBF, 0xDF, 0xF8, 0xFD, 0x00, 0x00,
    0x00, 0x40, 0x00, 0xBC, 0x00, 0x0E, 0x40, 0x00, 0xF1, 0x00, 0x0B, 0xF0, 0x00, 0xE4, 0x00, 0x00,
    0x00, 0x00, 0x00, 0x00, 0x03, 0xE0, 0x00, 0x3E, 0x00, 0x07, 0xE0, 0x00, 0xFF, 0x00, 0xBF, 0xFF,
    0xCF, 0xFF, 0xFE, 0xF8, 0x3F, 0xD0, 0x00, 0x00, 0x14, 0xBC, 0xBC, 0xBC, 0xBD, 0xBD, 0xBD, 0xBD,
    0xBD, 0xBD, 0x7D, 0x7D, 0x7D, 0x7E, 0x7E, 0x7E, 0x14, 0x00, 0xBC, 0x00, 0xBC, 0x00, 0xBD, 0x00,
    0xBD, 0x00, 0xBD, 0x00, 0xBD, 0x00, 0xBD, 0x00, 0x7D, 0x00, 0x7E, 0x00, 0x7E, 0x00, 0x7E, 0x00,
    0x7F, 0x00, 0x3F, 0xF8, 0x3F, 0xFD, 0x0B, 0xFC, 0x00, 0x00, 0x00, 0x00, 0x00, 0x00, 0x00, 0x00,
    0x00, 0x00, 0x00, 0x1F, 0x43, 0xE0, 0x00, 0x00, 0x03, 0xF0, 0xFC, 0x00, 0x00, 0x00, 0xFC, 0x3E,
    0x00, 0x00, 0x00, 0x2F, 0x1F, 0x80, 0x00, 0x00, 0x0B, 0xD7, 0xF4, 0x00, 0x00, 0x07, 0xF0, 0xFF,
    0xEA, 0x5A, 0xBF, 0xFC, 0x1F, 0xFF, 0xFF, 0xFF, 0xFC, 0x00, 0xBF, 0xFF, 0xFF, 0xE4, 0x00, 0x00,
    0x55, 0x55, 0x00, 0x00, 0x00, 0x00, 0x00, 0x00, 0x00, 0x00, 0x00, 0x2E, 0x00, 0x00, 0x00, 0x00,
    0x0F, 0xC0, 0x00, 0x00, 0x00, 0x01, 0xD0, 0x00, 0x00, 0x00, 0x00, 0x00, 0x00, 0x00, 0x00, 0x03,
    0xE0, 0x00, 0x00, 0x00, 0x00, 0x00, 0x3F, 0x00, 0x00, 0x00, 0x02, 0x00, 0x03, 0xE0, 0x00, 0x00,
    0x00, 0xBD, 0x00, 0x7E, 0x00, 0x00, 0x00, 0x2F, 0xD0, 0x07, 0xF4, 0x00, 0x00, 0x1F, 0xFE, 0x00,
    0x3F, 0xFA, 0x9A, 0xBF, 0xFF, 0xFF, 0x81, 0xFF, 0xFF, 0xFF, 0xFF, 0x1F, 0xFD, 0x02, 0xFF, 0xFF,
    0xFE, 0x00, 0x7F, 0xC0, 0x00, 0x55, 0x50, 0x00, 0x00, 0x00, 0x00, 0x00, 0x00, 0x00, 0x00, 0x00,
    0x00, 0x00, 0x02, 0xD0, 0x00, 0x00, 0x00, 0x00, 0x00, 0x3F, 0x00, 0x00, 0x00, 0x00, 0x00, 0x02,
    0xD0, 0x00, 0x00, 0x00, 0x06, 0x40, 0xFC, 0x0F, 0xC0, 0xBD, 0x07, 0xD0, 0x7E, 0x0B, 0xEB, 0xFD,
    0xFF, 0x8F, 0xD0, 0x00, 0x00, 0x00, 0x2E, 0x03, 0xF0, 0x1D, 0x00, 0x00, 0x00, 0x00, 0x3E, 0x00,
    0x03, 0xE0, 0x00, 0x7E, 0x00, 0x0F, 0xF0, 0x0B, 0xFF, 0xFC, 0xFF, 0xFF, 0xEF, 0x83, 0xFD, 0x00,
    0x00, 0x00, 0x00, 0x00, 0x07, 0xC0, 0x00, 0xBC, 0x00, 0x07, 0x80, 0x00, 0x00, 0x00, 0x00, 0xF2,
    0xE0, 0x1F, 0x7F, 0x00, 0xA0, 0x90, 0x00, 0x00, 0x00, 0x00, 0x00, 0x02, 0xC0, 0x00, 0x7F, 0x40,
    0x07, 0xFD, 0x00, 0xFF, 0xF0, 0x2F, 0xBF, 0x83, 0xF0, 0xFC, 0x7D, 0x0B, 0xC7, 0xE0, 0xFC, 0x7F,
    0xFF, 0xC3, 0xFF, 0xF4, 0x0B, 0xFD, 0x00, 0x00, 0x00, 0x00, 0x00, 0x00, 0x00, 0x3D, 0x7C, 0x00,
    0x03, 0xEB, 0xC0, 0x00, 0x18, 0x24, 0x00, 0x00, 0x00, 0x00, 0x00, 0x00, 0x14, 0x00, 0x00, 0x0B,
    0xD0, 0x00, 0x01, 0xFD, 0x00, 0x02, 0xFF, 0xD0, 0x00, 0xFF, 0xFD, 0x00, 0x3F, 0xDB, 0xD0, 0x07,
    0xF0, 0x7E, 0x00, 0x7E, 0x07, 0xE0, 0x07, 0xF9, 0xBE, 0x00, 0x3F, 0xFF, 0xF0, 0x00, 0xFF, 0xFF,
    0xF8, 0x00, 0x56, 0xFF, 0xC0, 0x00, 0x07, 0xFC, 0x00, 0x00, 0x00, 0x00, 0x00, 0x00, 0x00, 0x00,
    0x00, 0x00, 0x00, 0xBC, 0xF4, 0x00, 0x00, 0x00, 0x2F, 0x3E, 0x00, 0x00, 0x00, 0x02, 0x46, 0x00,
    0x00, 0x00, 0x00, 0x00, 0x00, 0x7D, 0x0F, 0x80, 0x00, 0x00, 0x0F, 0xC3, 0xF0, 0x00, 0x00, 0x03,
    0xF0, 0xF8, 0x00, 0x00, 0x00, 0xBC, 0x7E, 0x00, 0x00, 0x00, 0x2F, 0x5F, 0xD0, 0x00, 0x00, 0x1F,
    0xC3, 0xFF, 0xA9, 0x6A, 0xFF, 0xF0, 0x7F, 0xFF, 0xFF, 0xFF, 0xF0, 0x02, 0xFF, 0xFF, 0xFF, 0x90,
    0x00, 0x01, 0x55, 0x54, 0x00, 0x00, 0x00, 0x00, 0x00, 0x00, 0x00, 0x00, 0x00, 0x00, 0x0F, 0x5F,
    0x00, 0x00, 0x00, 0x00, 0x01, 0xF6, 0xF0, 0x00, 0x00, 0x00, 0x00, 0x0A, 0x09, 0x00, 0x00, 0x00,
    0x00, 0x00, 0x00, 0x00, 0x00, 0x00, 0x03, 0xE0, 0x00, 0x00, 0x00, 0x00, 0x00, 0x3F, 0x00, 0x00,
    0x00, 0x02, 0x00, 0x03, 0xE0, 0x00, 0x00, 0x00, 0xBD, 0x00, 0x7E, 0x00, 0x00, 0x00, 0x2F, 0xD0,
    0x07, 0xF4, 0x00, 0x00, 0x1F, 0xFE, 0x00, 0x3F, 0xFA, 0x9A, 0xBF, 0xFF, 0xFF, 0x81, 0xFF, 0xFF,
    0xFF, 0xFF, 0x1F, 0xFD, 0x02, 0xFF, 0xFF, 0xFE, 0x00, 0x7F, 0xC0, 0x00, 0x55, 0x50, 0x00, 0x00,
    0x00, 0x00, 0x00, 0x3D, 0x7C, 0x3E, 0xBC, 0x18, 0x24, 0x00, 0x00, 0x01, 0x90, 0x03, 0xF0, 0x03,
    0xF0, 0x02, 0xF4, 0x01, 0xF4, 0x01, 0xF8, 0x02, 0xF8, 0x2F, 0xF4, 0x3F, 0xE0, 0x3F, 0x40, 0x00,
    0x00, 0x00, 0x00, 0x00, 0x3D, 0x7C, 0x01, 0xF6, 0xF0, 0x02, 0x82, 0x40, 0x00, 0x00, 0x00, 0x00,
    0x00, 0x00, 0x2F, 0x00, 0x00, 0xFC, 0x00, 0x03, 0xF0, 0x00, 0x2F, 0xD0, 0x0B, 0xFF, 0xFE, 0x3F,
    0xEF, 0xFC, 0xFD, 0x1F, 0xF0, 0x00, 0x00, 0x00, 0x00, 0x00, 0x09, 0x00, 0x00, 0x00, 0x00, 0x0B,
    0xC0, 0x00, 0x00, 0x00, 0x01, 0xD0, 0x00, 0x00, 0x00, 0x03, 0xCB, 0x00, 0x00, 0x00, 0x01, 0xF7,
    0xD0, 0x00, 0x00, 0x00, 0x24, 0x60, 0x00, 0x00, 0x00, 0x00, 0x00, 0x07, 0xD0, 0xF8, 0x00, 0x00,
    0x00, 0xFC, 0x3F, 0x00, 0x00, 0x00, 0x3F, 0x0F, 0x80, 0x00, 0x00, 0x0B, 0xC7, 0xE0, 0x00, 0x00,
    0x02, 0xF5, 0xFD, 0x00, 0x00, 0x01, 0xFC, 0x3F, 0xFA, 0x96, 0xAF, 0xFF, 0x07, 0xFF, 0xFF, 0xFF,
    0xFF, 0x00, 0x2F, 0xFF, 0xFF, 0xF9, 0x00, 0x00, 0x15, 0x55, 0x40, 0x00, 0x00, 0x00, 0x0A, 0x00,
    0x00, 0x00, 0x00, 0x00, 0x00, 0xF4, 0x00, 0x00, 0x00, 0x00, 0x00, 0x0B, 0x00, 0x00, 0x00, 0x00,
    0x00, 0x0B, 0x5E, 0x00, 0x00, 0x00, 0x00, 0x00, 0xFA, 0xF0, 0x00, 0x00, 0x00, 0x00, 0x06, 0x09,
    0x00, 0x00, 0x00, 0x00, 0x00, 0x00, 0x00, 0x00, 0x00, 0x03, 0xE0, 0x00, 0x00, 0x00, 0x00, 0x00,
    0x3F, 0x00, 0x00, 0x00, 0x02, 0x00, 0x03, 0xE0, 0x00, 0x00, 0x00, 0xBD, 0x00, 0x7E, 0x00, 0x00,
    0x00, 0x2F, 0xD0, 0x07, 0xF4, 0x00, 0x00, 0x1F, 0xFE, 0x00, 0x3F, 0xFA, 0x9A, 0xBF, 0xFF, 0xFF,
    0x81, 0xFF, 0xFF, 0xFF, 0xFF, 0x1F, 0xFD, 0x02, 0xFF, 0xFF, 0xFE, 0x00, 0x7F, 0xC0, 0x00, 0x55,
    0x50, 0x00, 0x00, 0x00, 0x06, 0x00, 0xF4, 0x0B, 0x07, 0x5E, 0xFA, 0xF2, 0x09, 0x00, 0x00, 0x64,
    0x0F, 0xC0, 0xFC, 0x0B, 0xD0, 0x7D, 0x07, 0xE0, 0xBE, 0xBF, 0xDF, 0xF8, 0xFD, 0x00, 0x00, 0x00,
    0xA0, 0x00, 0x03, 0xD0, 0x00, 0x0F, 0x00, 0x02, 0xD7, 0x40, 0x0F, 0xAF, 0x00, 0x18, 0x24, 0x00,
    0x00, 0x00, 0x00, 0x00, 0x00, 0x02, 0xF0, 0x00, 0x0F, 0xC0, 0x00, 0x3F, 0x00, 0x02, 0xFD, 0x00,
    0xBF, 0xFF, 0xE3, 0xFE, 0xFF, 0xCF, 0xD1, 0xFF, 0x00, 0x00, 0x00, 0x05, 0x40, 0x00, 0x07, 0xFF,
    0xE4, 0x00, 0x3F, 0xFF, 0xF9, 0x42, 0xAA, 0xFF, 0xFC, 0x00, 0x01, 0xFF, 0xC0, 0x01, 0xFF, 0xF8,
    0x01, 0xFF, 0xD0, 0x00, 0x7F, 0xC0, 0x00, 0x0F, 0xE0, 0x00, 0x03, 0xF4, 0x00, 0x00, 0x7F, 0x00,
    0x80, 0x0B, 0xD0, 0x3F, 0x00, 0xBD, 0x03, 0xF0, 0x0B, 0xD0, 0x08, 0x00, 0x7F, 0x00, 0x00, 0x03,
    0xF8, 0x00, 0x08, 0x2F, 0xFE, 0xBF, 0xC0, 0xBF, 0xFF, 0xFE, 0x01, 0xBF, 0xFE, 0x40, 0x00, 0x00,
    0x00, 0x05, 0x40, 0x00, 0x00, 0x07, 0xFF, 0xE4, 0x00, 0x00, 0x3F, 0xFF, 0xF9, 0x40, 0x02, 0xAA,
    0xFF, 0xFC, 0x00, 0x00, 0x01, 0xFF, 0xC0, 0x00, 0x01, 0xFF, 0xF8, 0x00, 0x01, 0xFF, 0xEF, 0x00,
    0x00, 0x7F, 0xC1, 0xF8, 0x00, 0x0F, 0xE0, 0x0F, 0xFF, 0x83, 0xF4, 0x00, 0x7F, 0xFC, 0x7F, 0x00,
    0x81, 0xFF, 0x8B, 0xD0, 0x3F, 0x00, 0x00, 0xBD, 0x03, 0xF0, 0x00, 0x0B, 0xD0, 0x08, 0x00, 0x00,
    0x7F, 0x00, 0x00, 0x00, 0x03, 0xF8, 0x00, 0x08, 0x00, 0x2F, 0xFE, 0xBF, 0xC0, 0x00, 0xBF, 0xFF,
    0xFE, 0x00, 0x01, 0xBF, 0xFE, 0x40, 0x00, 0x00, 0x00, 0x00, 0x00, 0x00, 0x00, 0x00, 0x0B, 0xFE,
    0x00, 0x02, 0xFF, 0xF8, 0x00, 0xBF, 0xFF, 0xE8, 0x00, 0x06, 0xFF, 0x40, 0x00, 0x7F, 0xD0, 0x06,
    0xFF, 0xD2, 0xFF, 0xFF, 0x40, 0xFF, 0xFD, 0x00, 0x3F, 0xE0, 0x00, 0x00, 0x00, 0x00, 0x00, 0x00,
    0x00, 0x00, 0x00, 0x3D, 0x00, 0x00, 0x0F, 0x80, 0x00, 0x02, 0xC0, 0x00, 0x00, 0x00, 0x00, 0x00,
    0x2F, 0xF8, 0x00, 0x00, 0x2F, 0xFF, 0x80, 0x00, 0x2F, 0xFF, 0xFA, 0x00, 0x00, 0x06, 0xFF, 0x40,
    0x00, 0x01, 0xFF, 0x40, 0x00, 0x6F, 0xFE, 0x00, 0xBF, 0xFF, 0xFF, 0xF8, 0xFF, 0xFD, 0x3F, 0xFD,
    0xFF, 0x80, 0x0B, 0xFC, 0x00, 0x00, 0x00, 0x00, 0x00, 0x00, 0x00, 0x00, 0x00, 0x3C, 0x00, 0x00,
    0x00, 0xBD, 0x00, 0x00, 0x00, 0x38, 0x00, 0x00, 0x05, 0x40, 0x00, 0x07, 0xFF, 0xE4, 0x00, 0x3F,
    0xFF, 0xF9, 0x42, 0xAA, 0xFF, 0xFC, 0x00, 0x01, 0xFF, 0xC0, 0x01, 0xFF, 0xF8, 0x01, 0xFF, 0xD0,
    0x00, 0x7F, 0xC0, 0x00, 0x0F, 0xE0, 0x00, 0x03, 0xF4, 0x00, 0x00, 0x7F, 0x00, 0x00, 0x0B, 0xD0,
    0x00, 0x00, 0xBD, 0x00, 0x00, 0x0B, 0xD0, 0x00, 0x00, 0x7F, 0x00, 0x00, 0x03, 0xF8, 0x00, 0x08,
    0x2F, 0xFE, 0xBF, 0xC0, 0xBF, 0xFF, 0xFE, 0x01, 0xBF, 0xFE, 0x40, 0x00, 0x00, 0x00, 0x05, 0x40,
    0x00, 0x00, 0x07, 0xFF, 0xE4, 0x00, 0x00, 0x3F, 0xFF, 0xF9, 0x40, 0x02, 0xAA, 0xFF, 0xFC, 0x00,
    0x00, 0x01, 0xFF, 0xC0, 0x00, 0x01, 0xFF, 0xF8, 0x00, 0x01, 0xFF, 0xEF, 0x00, 0x00, 0x7F, 0xC1,
    0xF8, 0x00, 0x0F, 0xE0, 0x0F, 0xFF, 0x83, 0xF4, 0x00, 0x7F, 0xFC, 0x7F, 0x00, 0x01, 0xFF, 0x8B,
    0xD0, 0x00, 0x00, 0x00, 0xBD, 0x00, 0x00, 0x00, 0x0B, 0xD0, 0x00, 0x00, 0x00, 0x7F, 0x00, 0x00,
    0x00, 0x03, 0xF8, 0x00, 0x08, 0x00, 0x2F, 0xFE, 0xBF, 0xC0, 0x00, 0xBF, 0xFF, 0xFE, 0x00, 0x01,
    0xBF, 0xFE, 0x40, 0x00, 0x00, 0x00, 0x00, 0x00, 0x00, 0x00, 0x00, 0x0B, 0xFE, 0x00, 0x02, 0xFF,
    0xF8, 0x00, 0xBF, 0xFF, 0xE8, 0x00, 0x06, 0xFF, 0x40, 0x00, 0x7F, 0xD0, 0x06, 0xFF, 0xD2, 0xFF,
    0xFF, 0x40, 0xFF, 0xFD, 0x00, 0x3F, 0xE0, 0x00, 0x00, 0x00, 0x00, 0x00, 0x00, 0x00, 0x00, 0x00,
    0x2F, 0xF8, 0x00, 0x00, 0x2F, 0xFF, 0x80, 0x00, 0x2F, 0xFF, 0xFA, 0x00, 0x00, 0x06, 0xFF, 0x40,
    0x00, 0x01, 0xFF, 0x40, 0x00, 0x6F, 0xFE, 0x00, 0xBF, 0xFF, 0xFF, 0xF8, 0xFF, 0xFD, 0x3F, 0xFD,
    0xFF, 0x80, 0x0B, 0xFC, 0x00, 0x00, 0x00, 0x00, 0x00, 0x04, 0x00, 0x00, 0x01, 0xF0, 0x00, 0x00,
    0x2F, 0x40, 0x00, 0x00, 0x90, 0x00, 0x00, 0x00, 0x00, 0x00, 0x54, 0x00, 0x00, 0x7F, 0xFE, 0x40,
    0x03, 0xFF, 0xFF, 0x94, 0x2A, 0xAF, 0xFF, 0xC0, 0x00, 0x1F, 0xFC, 0x00, 0x1F, 0xFF, 0x80, 0x1F,
    0xFD, 0x00, 0x07, 0xFC, 0x00, 0x00, 0xFE, 0x00, 0x00, 0x3F, 0x40, 0x00, 0x07, 0xF0, 0x00, 0x00,
    0xBD, 0x00, 0x00, 0x0B, 0xD0, 0x00, 0x00, 0xBD, 0x00, 0x00, 0x07, 0xF0, 0x00, 0x00, 0x3F, 0x80,
    0x00, 0x82, 0xFF, 0xEB, 0xFC, 0x0B, 0xFF, 0xFF, 0xE0, 0x1B, 0xFF, 0xE4, 0x00, 0x00, 0x00, 0x00,
    0x00, 0x04, 0x00, 0x00, 0x00, 0x01, 0xF0, 0x00, 0x00, 0x00, 0x2F, 0x40, 0x00, 0x00, 0x00, 0x90,
    0x00, 0x00, 0x00, 0x00, 0x00, 0x00, 0x00, 0x54, 0x00, 0x00, 0x00, 0x7F, 0xFE, 0x40, 0x00, 0x03,
    0xFF, 0xFF, 0x94, 0x00, 0x2A, 0xAF, 0xFF, 0xC0, 0x00, 0x00, 0x1F, 0xFC, 0x00, 0x00, 0x1F, 0xFF,
    0x80, 0x00, 0x1F, 0xFE, 0xF0, 0x00, 0x07, 0xFC, 0x1F, 0x80, 0x00, 0xFE, 0x00, 0xFF, 0xF8, 0x3F,
    0x40, 0x07, 0xFF, 0xC7, 0xF0, 0x00, 0x1F, 0xF8, 0xBD, 0x00, 0x00, 0x00, 0x0B, 0xD0, 0x00, 0x00,
    0x00, 0xBD, 0x00, 0x00, 0x00, 0x07, 0xF0, 0x00, 0x00, 0x00, 0x3F, 0x80, 0x00, 0x80, 0x02, 0xFF,
    0xEB, 0xFC, 0x00, 0x0B, 0xFF, 0xFF, 0xE0, 0x00, 0x1B, 0xFF, 0xE4, 0x00, 0x00, 0x00, 0x00, 0x00,
    0x00, 0x01, 0x00, 0x00, 0x03, 0xF0, 0x00, 0x00, 0xFC, 0x00, 0x00, 0x09, 0x00, 0x00, 0x00, 0x00,
    0x00, 0x00, 0x00, 0x00, 0x02, 0xFF, 0x80, 0x00, 0xBF, 0xFE, 0x00, 0x2F, 0xFF, 0xFA, 0x00, 0x01,
    0xBF, 0xD0, 0x00, 0x1F, 0xF4, 0x01, 0xBF, 0xF4, 0xBF, 0xFF, 0xD0, 0x3F, 0xFF, 0x40, 0x0F, 0xF8,
    0x00, 0x00, 0x00, 0x00, 0x00, 0x01, 0x00, 0x00, 0x00, 0x0F, 0xC0, 0x00, 0x00, 0x0F, 0xC0, 0x00,
    0x00, 0x02, 0x40, 0x00, 0x00, 0x00, 0x00, 0x00, 0x00, 0x00, 0x00, 0x00, 0x00, 0x2F, 0xF8, 0x00,
    0x00, 0x2F, 0xFF, 0x80, 0x00, 0x2F, 0xFF, 0xFA, 0x00, 0x00, 0x06, 0xFF, 0x40, 0x00, 0x01, 0xFF,
    0x40, 0x00, 0x6F, 0xFE, 0x00, 0xBF, 0xFF, 0xFF, 0xF8, 0xFF, 0xFD, 0x3F, 0xFD, 0xFF, 0x80, 0x0B,
    0xFC, 0x00, 0x00, 0x00, 0x00, 0x00, 0x08, 0x00, 0x07, 0xE0, 0x00, 0x7F, 0x00, 0x02, 0xF8, 0x00,
    0x0F, 0xC0, 0x00, 0xBE, 0x00, 0x03, 0xF0, 0x00, 0x7F, 0x2F, 0xFF, 0xF3, 0xFF, 0xFD, 0x2F, 0xFE,
    0x00, 0x00, 0x00, 0x00, 0x08, 0x00, 0x00, 0x07, 0xE0, 0x00, 0x00, 0x7F, 0x00, 0x00, 0x02, 0xF8,
    0x00, 0x00, 0x0F, 0xC0, 0x00, 0x00, 0xBE, 0x00, 0x00, 0x03, 0xF0, 0x00, 0x00, 0x7F, 0x40, 0x2F,
    0xFF, 0xFF, 0xC3, 0xFF, 0xFF, 0xFE, 0x2F, 0xFE, 0x1F, 0xD0, 0x00, 0x00, 0x00, 0x00, 0x40, 0x00,
    0x2F, 0x00, 0x03, 0xF0, 0x00, 0x09, 0x00, 0x00, 0x00, 0x00, 0x00, 0x80, 0x00, 0x7E, 0x00, 0x07,
    0xF0, 0x00, 0x2F, 0x80, 0x00, 0xFC, 0x00, 0x0B, 0xE0, 0x00, 0x3F, 0x00, 0x07, 0xF2, 0xFF, 0xFF,
    0x3F, 0xFF, 0xD2, 0xFF, 0xE0, 0x00, 0x00, 0x00, 0x00, 0x40, 0x00, 0x00, 0x2F, 0x00, 0x00, 0x03,
    0xF0, 0x00, 0x00, 0x09, 0x00, 0x00, 0x00, 0x00, 0x00, 0x00, 0x00, 0x80, 0x00, 0x00, 0x7E, 0x00,
    0x00, 0x07, 0xF0, 0x00, 0x00, 0x2F, 0x80, 0x00, 0x00, 0xFC, 0x00, 0x00, 0x0B, 0xE0, 0x00, 0x00,
    0x3F, 0x00, 0x00, 0x07, 0xF4, 0x02, 0xFF, 0xFF, 0xFC, 0x3F, 0xFF, 0xFF, 0xE2, 0xFF, 0xE1, 0xFD,
    0x00, 0x00, 0x00, 0x00, 0x00, 0x1C, 0x00, 0x3F, 0x40, 0x07, 0xF0, 0x00, 0xFC, 0x00, 0x2F, 0x00,
    0x0B, 0xC0, 0x03, 0xF0, 0x01, 0xFC, 0x01, 0xFD, 0x07, 0xFE, 0x0B, 0xFE, 0x00, 0xFD, 0x00, 0x24,
    0x00, 0x00, 0x00, 0x1C, 0x00, 0x00, 0x3F, 0x40, 0x00, 0x07, 0xF0, 0x00, 0x00, 0xFC, 0x00, 0x00,
    0x2F, 0x80, 0x00, 0x0B, 0xFF, 0x40, 0x03, 0xFF, 0xF0, 0x01, 0xFE, 0xF8, 0x01, 0xFD, 0x00, 0x07,
    0xFE, 0x00, 0x0B, 0xFE, 0x00, 0x00, 0xFD, 0x00, 0x00, 0x24, 0x00, 0x00, 0x00, 0x00, 0x10, 0x00,
    0x1F, 0x00, 0x0B, 0xD0, 0x00, 0xA0, 0x00, 0x00, 0x00, 0x00, 0x00, 0x01, 0xC0, 0x03, 0xF4, 0x00,
    0x7F, 0x00, 0x0F, 0xC0, 0x02, 0xF0, 0x00, 0xBC, 0x00, 0x3F, 0x00, 0x1F, 0xC0, 0x1F, 0xD0, 0x7F,
    0xE0, 0xBF, 0xE0, 0x0F, 0xD0, 0x02, 0x40, 0x00, 0x00, 0x10, 0x00, 0x00, 0x3F, 0x00, 0x00, 0x0F,
    0xC0, 0x00, 0x00, 0x90, 0x00, 0x00, 0x00, 0x00, 0x00, 0x00, 0x00, 0x00, 0x01, 0xC0, 0x00, 0x03,
    0xF4, 0x00, 0x00, 0x7F, 0x00, 0x00, 0x0F, 0xC0, 0x00, 0x02, 0xF8, 0x00, 0x00, 0xBF, 0xF4, 0x00,
    0x3F, 0xFF, 0x00, 0x1F, 0xEF, 0x80, 0x1F, 0xD0, 0x00, 0x7F, 0xE0, 0x00, 0xBF, 0xE0, 0x00, 0x0F,
    0xD0, 0x00, 0x02, 0x40, 0x00, 0x00, 0x00, 0x00, 0x00, 0x00, 0x00, 0x00, 0x64, 0x00, 0x00, 0x00,
    0x00, 0x00, 0x01, 0xFC, 0x00, 0x00, 0x00, 0x00, 0x00, 0x00, 0xFC, 0x00, 0x00, 0x02, 0xE0, 0x0B,
    0x80, 0xFC, 0x00, 0x00, 0x07, 0xF0, 0x0F, 0xC0, 0xBD, 0x29, 0x00, 0x03, 0xF0, 0x0F, 0xC0, 0x7D,
    0x3F, 0x00, 0x02, 0xF8, 0x2F, 0xC0, 0xBD, 0x3E, 0x00, 0x02, 0xFF, 0xFF, 0xFF, 0xFC, 0x7D, 0x00,
    0x02, 0xFF, 0xFF, 0xFF, 0xF8, 0x7E, 0x00, 0x02, 0xFB, 0xF8, 0xBF, 0xE0, 0x7F, 0x00, 0x03, 0xF0,
    0x00, 0x00, 0x00, 0x3F, 0xD0, 0x1F, 0xE0, 0x00, 0x00, 0x00, 0x2F, 0xFF, 0xFF, 0xC0, 0x00, 0x00,
    0x00, 0x0B, 0xFF, 0xFF, 0x00, 0x00, 0x00, 0x00, 0x00, 0x6F, 0xA4, 0x00, 0x00, 0x00, 0x00, 0x00,
    0x00, 0x00, 0x00, 0x00, 0x00, 0x18, 0x00, 0x00, 0x00, 0x00, 0x00, 0x00, 0x00, 0xBC, 0x00, 0x00,
    0x00, 0x02, 0xE0, 0x0B, 0x80, 0xBC, 0x00, 0x00, 0x00, 0x07, 0xF0, 0x0F, 0xC0, 0x7D, 0x00, 0x29,
    0x00, 0x03, 0xF0, 0x0F, 0xC0, 0x7E, 0x00, 0x3F, 0x00, 0x02, 0xF8, 0x2F, 0xC0, 0xBF, 0x00, 0x3E,
    0x00, 0x02, 0xFF, 0xFF, 0xFF, 0xFF, 0xFC, 0x7D, 0x00, 0x02, 0xFF, 0xFF, 0xFF, 0xFF, 0xFE, 0x7E,
    0x00, 0x02, 0xFB, 0xF8, 0xBF, 0xD2, 0xFD, 0x7F, 0x00, 0x03, 0xF0, 0x00, 0x00, 0x00, 0x00, 0x3F,
    0xD0, 0x1F, 0xE0, 0x00, 0x00, 0x00, 0x00, 0x2F, 0xFF, 0xFF, 0xC0, 0x00, 0x00, 0x00, 0x00, 0x0B,
    0xFF, 0xFF, 0x00, 0x00, 0x00, 0x00, 0x00, 0x00, 0x6F, 0xA4, 0x00, 0x00, 0x00, 0x00, 0x00, 0x00,
    0x00, 0x00, 0x00, 0xA0, 0x00, 0x00, 0x00, 0x0F, 0xC0, 0x00, 0x00, 0x00, 0x3F, 0x40, 0xE4, 0x07,
    0xD0, 0xBD, 0x07, 0xE0, 0x2F, 0x41, 0xF8, 0x2F, 0x40, 0xFC, 0x03, 0xE0, 0xFE, 0x07, 0xF0, 0x1F,
    0xAF, 0xFF, 0xFF, 0xFF, 0xFD, 0xFF, 0xFF, 0xFF, 0xFF, 0xF3, 0xF1, 0xFF, 0xC7, 0xFE, 0x00, 0x00,
    0x00, 0x00, 0x00, 0x00, 0x00, 0x00, 0x00, 0x00, 0x50, 0x00, 0x00, 0x00, 0x00, 0x07, 0xD0, 0x00,
    0x39, 0x01, 0xF4, 0x1F, 0x40, 0x01, 0xF8, 0x0B, 0xD0, 0x3E, 0x00, 0x0B, 0xD0, 0x3F, 0x00, 0xFC,
    0x00, 0x3F, 0x81, 0xFC, 0x07, 0xF4, 0x0B, 0xFF, 0xFF, 0xFF, 0xFF, 0xFF, 0x7F, 0xFF, 0xFF, 0xFF,
    0xF7, 0xFF, 0xFC, 0x7F, 0xE2, 0xFF, 0x47, 0xF8, 0x00, 0x00, 0x00, 0x00, 0x00, 0x00, 0x00, 0x00,
    0x00, 0x00, 0x09, 0x00, 0x00, 0x00, 0x00, 0x00, 0x00, 0x2F, 0x00, 0x00, 0x00, 0x00, 0x00, 0x00,
    0x1D, 0x00, 0x00, 0x00, 0x00, 0x00, 0x00, 0xE3, 0xC0, 0x00, 0x00, 0x00, 0x00, 0x01, 0xF7, 0xD0,
    0x00, 0x00, 0x00, 0x00, 0x00, 0x91, 0x80, 0x00, 0x00, 0x00, 0x00, 0x00, 0x00, 0x00, 0x64, 0x00,
    0x00, 0x00, 0x00, 0x00, 0x01, 0xFC, 0x00, 0x00, 0x00, 0x00, 0x00, 0x00, 0xFC, 0x00, 0x00, 0x02,
    0xE0, 0x0B, 0x80, 0xFC, 0x00, 0x00, 0x07, 0xF0, 0x0F, 0xC0, 0xBD, 0x29, 0x00, 0x03, 0xF0, 0x0F,
    0xC0, 0x7D, 0x3F, 0x00, 0x02, 0xF8, 0x2F, 0xC0, 0xBD, 0x3E, 0x00, 0x02, 0xFF, 0xFF, 0xFF, 0xFC,
    0x7D, 0x00, 0x02, 0xFF, 0xFF, 0xFF, 0xF8, 0x7E, 0x00, 0x02, 0xFB, 0xF8, 0xBF, 0xE0, 0x7F, 0x00,
    0x03, 0xF0, 0x00, 0x00, 0x00, 0x3F, 0xD0, 0x1F, 0xE0, 0x00, 0x00, 0x00, 0x2F, 0xFF, 0xFF, 0xC0,
    0x00, 0x00, 0x00, 0x0B, 0xFF, 0xFF, 0x00, 0x00, 0x00, 0x00, 0x00, 0x6F, 0xA4, 0x00, 0x00, 0x00,
    0x00, 0x00, 0x00, 0x00, 0x00, 0x09, 0x00, 0x00, 0x00, 0x00, 0x00, 0x00, 0x00, 0x2F, 0x00, 0x00,
    0x00, 0x00, 0x00, 0x00, 0x00, 0x1D, 0x00, 0x00, 0x00, 0x00, 0x00, 0x00, 0x00, 0xE3, 0xC0, 0x00,
    0x00, 0x00, 0x00, 0x00, 0x01, 0xF7, 0xD0, 0x00, 0x00, 0x00, 0x00, 0x00, 0x00, 0x91, 0x80, 0x00,
    0x00, 0x00, 0x00, 0x00, 0x00, 0x00, 0x00, 0x00, 0x00, 0x00, 0x00, 0x00, 0x00, 0x00, 0x00, 0x18,
    0x00, 0x00, 0x00, 0x00, 0x00, 0x00, 0x00, 0xBC, 0x00, 0x00, 0x00, 0x02, 0xE0, 0x0B, 0x80, 0xBC,
    0x00, 0x00, 0x00, 0x07, 0xF0, 0x0F, 0xC0, 0x7D, 0x00, 0x29, 0x00, 0x03, 0xF0, 0x0F, 0xC0, 0x7E,
    0x00, 0x3F, 0x00, 0x02, 0xF8, 0x2F, 0xC0, 0xBF, 0x00, 0x3E, 0x00, 0x02, 0xFF, 0xFF, 0xFF, 0xFF,
    0xFC, 0x7D, 0x00, 0x02, 0xFF, 0xFF, 0xFF, 0xFF, 0xFE, 0x7E, 0x00, 0x02, 0xFB, 0xF8, 0xBF, 0xD2,
    0xFD, 0x7F, 0x00, 0x03, 0xF0, 0x00, 0x00, 0x00, 0x00, 0x3F, 0xD0, 0x1F, 0xE0, 0x00, 0x00, 0x00,
    0x00, 0x2F, 0xFF, 0xFF, 0xC0, 0x00, 0x00, 0x00, 0x00, 0x0B, 0xFF, 0xFF, 0x00, 0x00, 0x00, 0x00,
    0x00, 0x00, 0x6F, 0xA4, 0x00, 0x00, 0x00, 0x00, 0x00, 0x00, 0x00, 0x0A, 0x00, 0x00, 0x00, 0x00,
    0x7C, 0x00, 0x00, 0x00, 0x00, 0xE0, 0x00, 0x00, 0x00, 0x2C, 0x74, 0x00, 0x00, 0x00, 0xF7, 0xE0,
    0x00, 0x00, 0x01, 0x82, 0x00, 0x00, 0x00, 0x00, 0x00, 0x0A, 0x00, 0x00, 0x00, 0x00, 0xFC, 0x00,
    0x00, 0x00, 0x03, 0xF4, 0x0E, 0x40, 0x7D, 0x0B, 0xD0, 0x7E, 0x02, 0xF4, 0x1F, 0x82, 0xF4, 0x0F,
    0xC0, 0x3E, 0x0F, 0xE0, 0x7F, 0x01, 0xFA, 0xFF, 0xFF, 0xFF, 0xFF, 0xDF, 0xFF, 0xFF, 0xFF, 0xFF,
    0x3F, 0x1F, 0xFC, 0x7F, 0xE0, 0x00, 0x00, 0x00, 0x00, 0x00, 0x00, 0x00, 0x09, 0x00, 0x00, 0x00,
    0x00, 0x00, 0xBC, 0x00, 0x00, 0x00, 0x00, 0x00, 0xE0, 0x00, 0x00, 0x00, 0x00, 0x3C, 0xB0, 0x00,
    0x00, 0x00, 0x00, 0xF7, 0xE0, 0x00, 0x00, 0x00, 0x02, 0x86, 0x00, 0x00, 0x00, 0x00, 0x00, 0x00,
    0x00, 0x00, 0x00, 0x00, 0x00, 0x00, 0x14, 0x00, 0x00, 0x00, 0x00, 0x01, 0xF4, 0x00, 0x0E, 0x40,
    0x7D, 0x07, 0xD0, 0x00, 0x7E, 0x02, 0xF4, 0x0F, 0x80, 0x02, 0xF4, 0x0F, 0xC0, 0x3F, 0x00, 0x0F,
    0xE0, 0x7F, 0x01, 0xFD, 0x02, 0xFF, 0xFF, 0xFF, 0xFF, 0xFF, 0xDF, 0xFF, 0xFF, 0xFF, 0xFD, 0xFF,
    0xFF, 0x1F, 0xF8, 0xBF, 0xD1, 0xFE, 0x00, 0x00, 0x00, 0x00, 0x00, 0x00, 0x00, 0x00, 0x00, 0x00,
    0x00, 0x00, 0x00, 0x00, 0x00, 0x00, 0x00, 0x00, 0x07, 0xFE, 0x00, 0x00, 0x00, 0x00, 0x00, 0x0F,
    0xFF, 0xF0, 0x00, 0x00, 0x0B, 0x80, 0x1F, 0xFF, 0xFE, 0x00, 0x00, 0x07, 0xF0, 0x1F, 0xE0, 0x1F,
    0xCA, 0x40, 0x00, 0xFC, 0x0F, 0xE0, 0x03, 0xF3, 0xF0, 0x00, 0x3F, 0x8F, 0xE0, 0x03, 0xF8, 0xF8,
    0x00, 0x0B, 0xFF, 0xFA, 0xBF, 0xFC, 0x7D, 0x00, 0x02, 0xFF, 0xFF, 0xFF, 0xFD, 0x1F, 0x80, 0x00,
    0xBE, 0xBF, 0xFF, 0xF4, 0x07, 0xF0, 0x00, 0x3F, 0x00, 0x14, 0x00, 0x00, 0xFF, 0x40, 0x7F, 0x80,
    0x00, 0x00, 0x00, 0x1F, 0xFF, 0xFF, 0xC0, 0x00, 0x00, 0x00, 0x01, 0xFF, 0xFF, 0xC0, 0x00, 0x00,
    0x00, 0x00, 0x06, 0xFA, 0x00, 0x00, 0x00, 0x00, 0x00, 0x00, 0x00, 0x00, 0x00, 0x00, 0x00, 0x00,
    0x00, 0x00, 0x00, 0x00, 0x00, 0x00, 0x1F, 0xF8, 0x00, 0x00, 0x00, 0x00, 0x00, 0x00, 0xFF, 0xFF,
    0x00, 0x00, 0x00, 0x02, 0xE0, 0x07, 0xFF, 0xFF, 0x80, 0x00, 0x00, 0x07, 0xF0, 0x1F, 0xE0, 0x1F,
    0xC0, 0x29, 0x00, 0x03, 0xF0, 0x3F, 0x80, 0x0F, 0xC0, 0x3F, 0x00, 0x03, 0xF8, 0xFE, 0x00, 0x3F,
    0x80, 0x3E, 0x00, 0x02, 0xFF, 0xFE, 0xAF, 0xFF, 0xFD, 0x7D, 0x00, 0x02, 0xFF, 0xFF, 0xFF, 0xFF,
    0xFE, 0x7E, 0x00, 0x02, 0xFA, 0xFF, 0xFF, 0xD7, 0xFD, 0x7F, 0x00, 0x03, 0xF0, 0x01, 0x40, 0x00,
    0x00, 0x3F, 0xD0, 0x1F, 0xE0, 0x00, 0x00, 0x00, 0x00, 0x1F, 0xFF, 0xFF, 0xC0, 0x00, 0x00, 0x00,
    0x00, 0x07, 0xFF, 0xFF, 0x00, 0x00, 0x00, 0x00, 0x00, 0x00, 0x6F, 0xA0, 0x00, 0x00, 0x00, 0x00,
    0x00, 0x00, 0x00, 0x00, 0x00, 0x00, 0x00, 0x00, 0x00, 0xBF, 0xD0, 0x00, 0x00, 0x07, 0xFF, 0xF8,
    0x07, 0x80, 0x2F, 0xFF, 0xFC, 0x0B, 0xD0, 0xBF, 0x80, 0xFD, 0x0F, 0xC1, 0xFD, 0x00, 0x7D, 0x1F,
    0xC3, 0xF4, 0x00, 0xFD, 0xBF, 0xFF, 0xFA, 0xAF, 0xFC, 0xFF, 0xFF, 0xFF, 0xFF, 0xF0, 0xF8, 0x2F,
    0xFF, 0xFF, 0x40, 0x00, 0x00, 0x55, 0x40, 0x00, 0x00, 0x00, 0x00, 0x00, 0x00, 0x00, 0x00, 0x00,
    0x02, 0xFF, 0x40, 0x00, 0x00, 0x00, 0x7F, 0xFF, 0x80, 0x01, 0xE0, 0x0B, 0xFF, 0xFF, 0x00, 0x0B,
    0xD0, 0xBF, 0x80, 0xFD, 0x00, 0x3F, 0x07, 0xF4, 0x01, 0xF4, 0x01, 0xFC, 0x3F, 0x40, 0x0F, 0xD0,
    0x2F, 0xFF, 0xFE, 0xAB, 0xFF, 0xFC, 0xFF, 0xFF, 0xFF, 0xFF, 0xFF, 0xFB, 0xE0, 0xBF, 0xFF, 0xFD,
    0xBF, 0xD0, 0x00, 0x05, 0x54, 0x00, 0x00, 0x00, 0x00, 0x00, 0x00, 0x00, 0x00, 0x01, 0x00, 0x00,
    0x00, 0x00, 0x00, 0x00, 0x02, 0xF0, 0x00, 0x00, 0x00, 0x00, 0x00, 0x00, 0xFC, 0x00, 0x00, 0x00,
    0x00, 0x00, 0x00, 0x09, 0x00, 0x00, 0x00, 0x00, 0x00, 0x00, 0x00, 0x00, 0x00, 0x00, 0x00, 0x00,
    0x00, 0x00, 0x00, 0x00, 0x00, 0x00, 0x00, 0x00, 0x01, 0xFF, 0x80, 0x00, 0x00, 0x00, 0x00, 0x03,
    0xFF, 0xFC, 0x00, 0x00, 0x02, 0xE0, 0x07, 0xFF, 0xFF, 0x80, 0x00, 0x01, 0xFC, 0x07, 0xF8, 0x07,
    0xF2, 0x90, 0x00, 0x3F, 0x03, 0xF8, 0x00, 0xFC, 0xFC, 0x00, 0x0F, 0xE3, 0xF8, 0x00, 0xFE, 0x3E,
    0x00, 0x02, 0xFF, 0xFE, 0xAF, 0xFF, 0x1F, 0x40, 0x00, 0xBF, 0xFF, 0xFF, 0xFF, 0x47, 0xE0, 0x00,
    0x2F, 0xAF, 0xFF, 0xFD, 0x01, 0xFC, 0x00, 0x0F, 0xC0, 0x05, 0x00, 0x00, 0x3F, 0xD0, 0x1F, 0xE0,
    0x00, 0x00, 0x00, 0x07, 0xFF, 0xFF, 0xF0, 0x00, 0x00, 0x00, 0x00, 0x7F, 0xFF, 0xF0, 0x00, 0x00,
    0x00, 0x00, 0x01, 0xBE, 0x80, 0x00, 0x00, 0x00, 0x00, 0x00, 0x00, 0x00, 0x00, 0x00, 0x01, 0x00,
    0x00, 0x00, 0x00, 0x00, 0x00, 0x00, 0x0B, 0xC0, 0x00, 0x00, 0x00, 0x00, 0x00, 0x00, 0x0F, 0xC0,
    0x00, 0x00, 0x00, 0x00, 0x00, 0x00, 0x02, 0x40, 0x00, 0x00, 0x00, 0x00, 0x00, 0x00, 0x00, 0x00,
    0x00, 0x00, 0x00, 0x00, 0x00, 0x00, 0x00, 0x00, 0x00, 0x00, 0x00, 0x00, 0x00, 0x00, 0x1F, 0xF8,
    0x00, 0x00, 0x00, 0x00, 0x00, 0x00, 0xFF, 0xFF, 0x00, 0x00, 0x00, 0x02, 0xE0, 0x07, 0xFF, 0xFF,
    0x80, 0x00, 0x00, 0x07, 0xF0, 0x1F, 0xE0, 0x1F, 0xC0, 0x29, 0x00, 0x03, 0xF0, 0x3F, 0x80, 0x0F,
    0xC0, 0x3F, 0x00, 0x03, 0xF8, 0xFE, 0x00, 0x3F, 0x80, 0x3E, 0x00, 0x02, 0xFF, 0xFE, 0xAF, 0xFF,
    0xFD, 0x7D, 0x00, 0x02, 0xFF, 0xFF, 0xFF, 0xFF, 0xFE, 0x7E, 0x00, 0x02, 0xFA, 0xFF, 0xFF, 0xD7,
    0xFD, 0x7F, 0x00, 0x03, 0xF0, 0x01, 0x40, 0x00, 0x00, 0x3F, 0xD0, 0x1F, 0xE0, 0x00, 0x00, 0x00,
    0x00, 0x1F, 0xFF, 0xFF, 0xC0, 0x00, 0x00, 0x00, 0x00, 0x07, 0xFF, 0xFF, 0x00, 0x00, 0x00, 0x00,
    0x00, 0x00, 0x6F, 0xA0, 0x00, 0x00, 0x00, 0x00, 0x00, 0x00, 0x00, 0x00, 0x04, 0x00, 0x00, 0x00,
    0x00, 0x3F, 0x00, 0x00, 0x00, 0x00, 0x3F, 0x00, 0x00, 0x00, 0x00, 0x19, 0x00, 0x00, 0x00, 0x00,
    0x00, 0x00, 0x00, 0x00, 0x00, 0x00, 0x00, 0x00, 0x00, 0x00, 0xBF, 0xD0, 0x00, 0x00, 0x07, 0xFF,
    0xF8, 0x07, 0x80, 0x2F, 0xFF, 0xFC, 0x0B, 0xD0, 0xBF, 0x80, 0xFD, 0x0F, 0xC1, 0xFD, 0x00, 0x7D,
    0x1F, 0xC3, 0xF4, 0x00, 0xFD, 0xBF, 0xFF, 0xFA, 0xAF, 0xFC, 0xFF, 0xFF, 0xFF, 0xFF, 0xF0, 0xF8,
    0x2F, 0xFF, 0xFF, 0x40, 0x00, 0x00, 0x55, 0x40, 0x00, 0x00, 0x00, 0x00, 0x04, 0x00, 0x00, 0x00,
    0x00, 0x00, 0xFC, 0x00, 0x00, 0x00, 0x00, 0x03, 0xF0, 0x00, 0x00, 0x00, 0x00, 0x06, 0x40, 0x00,
    0x00, 0x00, 0x00, 0x00, 0x00, 0x00, 0x00, 0x00, 0x00, 0x00, 0x00, 0x00, 0x00, 0x00, 0x0B, 0xFD,
    0x00, 0x00, 0x00, 0x01, 0xFF, 0xFE, 0x00, 0x07, 0x80, 0x2F, 0xFF, 0xFC, 0x00, 0x2F, 0x42, 0xFE,
    0x03, 0xF4, 0x00, 0xFC, 0x1F, 0xD0, 0x07, 0xD0, 0x07, 0xF0, 0xFD, 0x00, 0x3F, 0x40, 0xBF, 0xFF,
    0xFA, 0xAF, 0xFF, 0xF3, 0xFF, 0xFF, 0xFF, 0xFF, 0xFF, 0xEF, 0x82, 0xFF, 0xFF, 0xF6, 0xFF, 0x40,
    0x00, 0x15, 0x50, 0x00, 0x00, 0x00, 0x50, 0x00, 0x00, 0x00, 0x3F, 0x00, 0x00, 0x00, 0x0F, 0xC0,
    0x00, 0x00, 0x03, 0xF0, 0x00, 0x00, 0x00, 0xFC, 0x00, 0x00, 0x00, 0x3F, 0x00, 0x00, 0x00, 0x0F,
    0xC0, 0x00, 0x00, 0x03, 0xF0, 0x7F, 0xE0, 0x00, 0xBD, 0xFF, 0xFF, 0x00, 0x2F, 0xFF, 0xFF, 0xD0,
    0x0B, 0xFF, 0x01, 0xF8, 0x02, 0xFE, 0x00, 0x3E, 0x00, 0xFE, 0x00, 0x3F, 0x9F, 0xFF, 0xAB, 0xFF,
    0xC7, 0xFF, 0xFF, 0xFF, 0xD1, 0xFF, 0xFF, 0xFF, 0x40, 0x00, 0x01, 0x40, 0x00, 0x00, 0x00, 0x50,
    0x00, 0x00, 0x00, 0x00, 0xFC, 0x00, 0x00, 0x00, 0x00, 0xFC, 0x00, 0x00, 0x00, 0x00, 0xFC, 0x00,
    0x00, 0x00, 0x00, 0xFC, 0x00, 0x00, 0x00, 0x00, 0xFC, 0x00, 0x00, 0x00, 0x00, 0xFC, 0x00, 0x00,
    0x00, 0x00, 0xFC, 0x1F, 0xF8, 0x00, 0x00, 0xBD, 0xFF, 0xFF, 0x00, 0x00, 0xBF, 0xFF, 0xFF, 0x40,
    0x00, 0xBF, 0xF0, 0x1F, 0x80, 0x00, 0xBF, 0x80, 0x0F, 0x80, 0x00, 0xFE, 0x00, 0x3F, 0x80, 0x7F,
    0xFE, 0xAF, 0xFF, 0xFC, 0x7F, 0xFF, 0xFF, 0xFF, 0xFE, 0x7F, 0xFF, 0xFF, 0xDB, 0xFD, 0x00, 0x01,
    0x40, 0x00, 0x00, 0x05, 0x00, 0x00, 0x00, 0x3E, 0x00, 0x00, 0x00, 0xF8, 0x00, 0x00, 0x03, 0xE0,
    0x00, 0x00, 0x0F, 0xC0, 0x00, 0x00, 0x3F, 0x00, 0x00, 0x00, 0xFC, 0x01, 0x40, 0x03, 0xF1, 0xFF,
    0xF0, 0x0F, 0xEF, 0xFF, 0xF0, 0x3F, 0xFF, 0xAF, 0xD0, 0xFF, 0xD0, 0x2F, 0x43, 0xFD, 0x00, 0x7D,
    0x1F, 0xD0, 0x0B, 0xF6, 0xFF, 0xFF, 0xFF, 0x8F, 0xFF, 0xFF, 0xF8, 0x3F, 0xFF, 0xF9, 0x00, 0x00,
    0x00, 0x00, 0x00, 0x05, 0x00, 0x00, 0x00, 0x00, 0xF8, 0x00, 0x00, 0x00, 0x0F, 0x80, 0x00, 0x00,
    0x00, 0xF8, 0x00, 0x00, 0x00, 0x0F, 0xC0, 0x00, 0x00, 0x00, 0xFC, 0x00, 0x00, 0x00, 0x0F, 0xC0,
    0x14, 0x00, 0x00, 0xFC, 0x7F, 0xFC, 0x00, 0x0F, 0xEF, 0xFF, 0xF0, 0x00, 0xFF, 0xFE, 0xBF, 0x40,
    0x0F, 0xFD, 0x02, 0xF4, 0x00, 0xFF, 0x40, 0x1F, 0x40, 0x1F, 0xD0, 0x0B, 0xF4, 0x0B, 0xFF, 0xFF,
    0xFF, 0xF8, 0xFF, 0xFF, 0xFF, 0xFF, 0xEF, 0xFF, 0xFE, 0x5B, 0xFC, 0x00, 0x00, 0x00, 0x00, 0x00,
    0x00, 0x50, 0x00, 0x00, 0x00, 0x3F, 0x00, 0x10, 0x00, 0x0F, 0xC0, 0x3E, 0x00, 0x03, 0xF0, 0x0F,
    0xC0, 0x00, 0xFC, 0x01, 0x80, 0x00, 0x3F, 0x00, 0x00, 0x00, 0x0F, 0xC0, 0x00, 0x00, 0x03, 0xF0,
    0x7F, 0xE0, 0x00, 0xBD, 0xFF, 0xFF, 0x00, 0x2F, 0xFF, 0xFF, 0xD0, 0x0B, 0xFF, 0x01, 0xF8, 0x02,
    0xFE, 0x00, 0x3E, 0x00, 0xFE, 0x00, 0x3F, 0x9F, 0xFF, 0xAB, 0xFF, 0xC7, 0xFF, 0xFF, 0xFF, 0xD1,
    0xFF, 0xFF, 0xFF, 0x40, 0x00, 0x01, 0x40, 0x00, 0x00, 0x00, 0x50, 0x00, 0x00, 0x00, 0x00, 0xFC,
    0x01, 0x40, 0x00, 0x00, 0xFC, 0x07, 0xD0, 0x00, 0x00, 0xFC, 0x07, 0xD0, 0x00, 0x00, 0xFC, 0x02,
    0x80, 0x00, 0x00, 0xFC, 0x00, 0x00, 0x00, 0x00, 0xFC, 0x00, 0x00, 0x00, 0x00, 0xFC, 0x1F, 0xF8,
    0x00, 0x00, 0xBD, 0xFF, 0xFF, 0x00, 0x00, 0xBF, 0xFF, 0xFF, 0x40, 0x00, 0xBF, 0xF0, 0x1F, 0x80,
    0x00, 0xBF, 0x80, 0x0F, 0x80, 0x00, 0xFE, 0x00, 0x3F, 0x80, 0x7F, 0xFE, 0xAF, 0xFF, 0xFC, 0x7F,
    0xFF, 0xFF, 0xFF, 0xFE, 0x7F, 0xFF, 0xFF, 0xDB, 0xFD, 0x00, 0x01, 0x40, 0x00, 0x00, 0x05, 0x00,
    0x00, 0x00, 0x3E, 0x00, 0x40, 0x00, 0xF8, 0x0F, 0xC0, 0x03, 0xE0, 0x3F, 0x00, 0x0F, 0xC0, 0x64,
    0x00, 0x3F, 0x00, 0x00, 0x00, 0xFC, 0x01, 0x40, 0x03, 0xF1, 0xFF, 0xF0, 0x0F, 0xEF, 0xFF, 0xF0,
    0x3F, 0xFF, 0xAF, 0xD0, 0xFF, 0xD0, 0x2F, 0x43, 0xFD, 0x00, 0x7D, 0x1F, 0xD0, 0x0B, 0xF6, 0xFF,
    0xFF, 0xFF, 0x8F, 0xFF, 0xFF, 0xF8, 0x3F, 0xFF, 0xF9, 0x00, 0x00, 0x00, 0x00, 0x00, 0x05, 0x00,
    0x00, 0x00, 0x00, 0xF8, 0x01, 0x00, 0x00, 0x0F, 0x80, 0xFC, 0x00, 0x00, 0xF8, 0x0F, 0xC0, 0x00,
    0x0F, 0xC0, 0x64, 0x00, 0x00, 0xFC, 0x00, 0x00, 0x00, 0x0F, 0xC0, 0x14, 0x00, 0x00, 0xFC, 0x7F,
    0xFC, 0x00, 0x0F, 0xEF, 0xFF, 0xF0, 0x00, 0xFF, 0xFE, 0xBF, 0x40, 0x0F, 0xFD, 0x02, 0xF4, 0x00,
    0xFF, 0x40, 0x1F, 0x40, 0x1F, 0xD0, 0x0B, 0xF4, 0x0B, 0xFF, 0xFF, 0xFF, 0xF8, 0xFF, 0xFF, 0xFF,
    0xFF, 0xEF, 0xFF, 0xFE, 0x5B, 0xFC, 0x00, 0x00, 0x00, 0x00, 0x00, 0x00, 0x69, 0x00, 0x00, 0xBF,
    0xF0, 0x00, 0x1F, 0xFF, 0x00, 0x03, 0xF9, 0x50, 0x00, 0x3F, 0x00, 0x00, 0x03, 0xF0, 0x00, 0x00,
    0x2F, 0xD7, 0xF0, 0x00, 0xFF, 0xFF, 0x00, 0x03, 0xFF, 0xE0, 0x00, 0xFF, 0x80, 0x00, 0x2F, 0xC0,
    0x00, 0x03, 0xF0, 0x00, 0x00, 0x7E, 0x00, 0x00, 0x0B, 0xD0, 0x00, 0x00, 0xBD, 0x00, 0x00, 0x0B,
    0xE0, 0x00, 0x00, 0x7F, 0x80, 0x01, 0x42, 0xFF, 0xEB, 0xFC, 0x0B, 0xFF, 0xFF, 0xD0, 0x1B, 0xFF,
    0xE4, 0x00, 0x00, 0x00, 0x00, 0x00, 0x6F, 0x80, 0x00, 0x3F, 0xFF, 0x00, 0x0F, 0xFF, 0xF8, 0x01,
    0xF8, 0x0F, 0xC0, 0x0F, 0xE1, 0xF8, 0x00, 0x7F, 0xBF, 0x00, 0x01, 0xFF, 0xE0, 0x00, 0x0F, 0xFF,
    0xFC, 0x07, 0xFF, 0xFF, 0xE1, 0xFF, 0x1F, 0xFC, 0x3F, 0x80, 0x00, 0x0B, 0xE0, 0x00, 0x00, 0xFC,
    0x00, 0x00, 0x0F, 0xC0, 0x00, 0x00, 0xBF, 0x00, 0x04, 0x07, 0xFF, 0xAF, 0xE0, 0x2F, 0xFF, 0xFF,
    0x00, 0x6F, 0xFF, 0x80, 0x00, 0x00, 0x00, 0x00, 0x00, 0x05, 0x00, 0x07, 0xFF, 0x00, 0xBF, 0xF8,
    0x03, 0xFE, 0x90, 0x1F, 0xC0, 0x00, 0x7E, 0x00, 0x00, 0xFC, 0x06, 0x02, 0xFE, 0xFD, 0xBF, 0xFF,
    0xFB, 0xFF, 0xFF, 0x8F, 0xFE, 0x40, 0x00, 0x00, 0x00, 0x00, 0x1B, 0x90, 0x00, 0x07, 0xFF, 0xF0,
    0x00, 0x7F, 0xFF, 0xC0, 0x02, 0xF4, 0x2F, 0x40, 0x07, 0xF4, 0xBC, 0x00, 0x0B, 0xFB, 0xF0, 0x00,
    0x0F, 0xFF, 0x00, 0x0B, 0xFF, 0xFF, 0xF8, 0x3F, 0xFF, 0xFF, 0xF0, 0xFE, 0x42, 0xFF, 0xC0, 0x00,
    0x00, 0x00, 0x00, 0x00, 0x14, 0x00, 0x00, 0x07, 0xD0, 0x00, 0x00, 0xBD, 0x00, 0x00, 0x02, 0x80,
    0x00, 0x00, 0x00, 0x00, 0x00, 0x06, 0x90, 0x00, 0x0B, 0xFF, 0x00, 0x01, 0xFF, 0xF0, 0x00, 0x3F,
    0x95, 0x00, 0x03, 0xF0, 0x00, 0x00, 0x3F, 0x00, 0x00, 0x02, 0xFD, 0x7F, 0x00, 0x0F, 0xFF, 0xF0,
    0x00, 0x3F, 0xFE, 0x00, 0x0F, 0xF8, 0x00, 0x02, 0xFC, 0x00, 0x00, 0x3F, 0x00, 0x00, 0x07, 0xE0,
    0x00, 0x00, 0xBD, 0x00, 0x00, 0x0B, 0xD0, 0x00, 0x00, 0xBE, 0x00, 0x00, 0x07, 0xF8, 0x00, 0x14,
    0x2F, 0xFE, 0xBF, 0xC0, 0xBF, 0xFF, 0xFD, 0x01, 0xBF, 0xFE, 0x40, 0x00, 0x00, 0x00, 0x00, 0x04,
    0x00, 0x00, 0x02, 0xF0, 0x00, 0x00, 0x3F, 0x00, 0x00, 0x00, 0x90, 0x00, 0x00, 0x00, 0x00, 0x00,
    0x06, 0xF8, 0x00, 0x03, 0xFF, 0xF0, 0x00, 0xFF, 0xFF, 0x80, 0x1F, 0x80, 0xFC, 0x00, 0xFE, 0x1F,
    0x80, 0x07, 0xFB, 0xF0, 0x00, 0x1F, 0xFE, 0x00, 0x00, 0xFF, 0xFF, 0xC0, 0x7F, 0xFF, 0xFE, 0x1F,
    0xF1, 0xFF, 0xC3, 0xF8, 0x00, 0x00, 0xBE, 0x00, 0x00, 0x0F, 0xC0, 0x00, 0x00, 0xFC, 0x00, 0x00,
    0x0B, 0xF0, 0x00, 0x40, 0x7F, 0xFA, 0xFE, 0x02, 0xFF, 0xFF, 0xF0, 0x06, 0xFF, 0xF8, 0x00, 0x00,
    0x00, 0x00, 0x00, 0x10, 0x00, 0x02, 0xF0, 0x00, 0x0B, 0xC0, 0x00, 0x09, 0x00, 0x00, 0x00, 0x00,
    0x00, 0x14, 0x00, 0x1F, 0xFC, 0x02, 0xFF, 0xE0, 0x0F, 0xFA, 0x40, 0x7F, 0x00, 0x01, 0xF8, 0x00,
    0x03, 0xF0, 0x18, 0x0B, 0xFB, 0xF6, 0xFF, 0xFF, 0xEF, 0xFF, 0xFE, 0x3F, 0xF9, 0x00, 0x00, 0x00,
    0x00, 0x00, 0x01, 0x00, 0x00, 0x00, 0x3E, 0x00, 0x00, 0x00, 0xF8, 0x00, 0x00, 0x01, 0x80, 0x00,
    0x00, 0x00, 0x00, 0x00, 0x00, 0x6E, 0x40, 0x00, 0x1F, 0xFF, 0xC0, 0x01, 0xFF, 0xFF, 0x00, 0x0B,
    0xD0, 0xBD, 0x00, 0x1F, 0xD2, 0xF0, 0x00, 0x2F, 0xEF, 0xC0, 0x00, 0x3F, 0xFC, 0x00, 0x2F, 0xFF,
    0xFF, 0xE0, 0xFF, 0xFF, 0xFF, 0xC3, 0xF9, 0x0B, 0xFF, 0x00, 0x00, 0x00, 0x00, 0x00, 0x00, 0x00,
    0x00, 0x40, 0x00, 0x00, 0x00, 0x00, 0xF8, 0x00, 0x00, 0x00, 0x00, 0x3E, 0x00, 0x00, 0x00, 0x00,
    0x06, 0x00, 0x00, 0x00, 0x00, 0x00, 0x00, 0x00, 0x00, 0x00, 0x00, 0x00, 0x00, 0x00, 0x00, 0x00,
    0xBF, 0x40, 0x00, 0x00, 0x00, 0xBF, 0xF4, 0x00, 0x00, 0x00, 0x7F, 0xFF, 0x00, 0x00, 0x00, 0x3F,
    0x0F, 0xC3, 0xE0, 0x00, 0x0F, 0xC2, 0xF4, 0xFC, 0x00, 0x03, 0xFE, 0xFE, 0x3E, 0x00, 0x00, 0xBF,
    0xFF, 0x5F, 0x80, 0x00, 0x0F, 0xFF, 0xD7, 0xF4, 0x00, 0x00, 0x03, 0xF0, 0xFF, 0xEA, 0x5A, 0xAB,
    0xFC, 0x1F, 0xFF, 0xFF, 0xFF, 0xFD, 0x00, 0xBF, 0xFF, 0xFF, 0xF9, 0x00, 0x00, 0x55, 0x55, 0x00,
    0x00, 0x00, 0x00, 0x00, 0x00, 0x10, 0x00, 0x00, 0x00, 0x00, 0x00, 0x1F, 0x00, 0x00, 0x00, 0x00,
    0x00, 0x0B, 0xD0, 0x00, 0x00, 0x00, 0x00, 0x00, 0xA0, 0x00, 0x00, 0x00, 0x00, 0x00, 0x00, 0x00,
    0x00, 0x00, 0x00, 0x00, 0x00, 0x00, 0x00, 0x00, 0x00, 0x00, 0x0B, 0xE0, 0x00, 0x00, 0x00, 0x00,
    0x0F, 0xFF, 0x00, 0x3E, 0x00, 0x00, 0x0F, 0xFF, 0xE0, 0x0F, 0xC0, 0x00, 0x07, 0xF1, 0xFC, 0x03,
    0xE0, 0x00, 0x01, 0xF4, 0x3F, 0x01, 0xF8, 0x00, 0x00, 0x7E, 0x1F, 0xC0, 0x7F, 0x40, 0x00, 0x0F,
    0xFF, 0xD0, 0x0F, 0xFE, 0xA6, 0xAB, 0xFF, 0xFF, 0xD1, 0xFF, 0xFF, 0xFF, 0xFF, 0xFF, 0xFC, 0x0B,
    0xFF, 0xFF, 0xFE, 0x6F, 0xFE, 0x00, 0x05, 0x55, 0x40, 0x00, 0x00, 0x00, 0x00, 0x10, 0x00, 0x0F,
    0xC0, 0x00, 0xFC, 0x00, 0x06, 0x40, 0x00, 0x00, 0x00, 0x00, 0x00, 0x01, 0xFE, 0x00, 0xBF, 0xF8,
    0x0F, 0xFF, 0xC2, 0xF4, 0xBD, 0x3F, 0x07, 0xE3, 0xFE, 0xFE, 0x2F, 0xFF, 0xE0, 0xBF, 0xFE, 0x00,
    0x0F, 0xDB, 0xFF, 0xFC, 0xFF, 0xFF, 0x0F, 0xFE, 0x40, 0x00, 0x00, 0x00, 0x00, 0x10, 0x00, 0x00,
    0x2F, 0x00, 0x00, 0x0F, 0xC0, 0x00, 0x00, 0x90, 0x00, 0x00, 0x00, 0x00, 0x00, 0x00, 0x00, 0x00,
    0x1F, 0xE0, 0x00, 0x1F, 0xFF, 0x00, 0x0F, 0xFF, 0xD0, 0x0B, 0xE1, 0xF8, 0x02, 0xF4, 0x3E, 0x00,
    0x7E, 0x1F, 0x80, 0x0F, 0xFF, 0xC0, 0x2F, 0xFF, 0xFF, 0xCF, 0xFF, 0xFF, 0xFB, 0xFE, 0x6F, 0xFD,
    0x00, 0x00, 0x00, 0x00, 0x00, 0x00, 0x00, 0x00, 0x00, 0x00, 0x0B, 0xCF, 0x40, 0x00, 0x03, 0xF3,
    0xE0, 0x00, 0x00, 0x24, 0x60, 0x00, 0x00, 0x00, 0x00, 0x00, 0x00, 0x00, 0x50, 0x00, 0x00, 0x00,
    0xFF, 0x80, 0x00, 0x00, 0xFF, 0xF8, 0x00, 0x00, 0x7E, 0xBF, 0x06, 0x00, 0x3F, 0x0B, 0xD3, 0xF0,
    0x0F, 0xC2, 0xF4, 0xF8, 0x03, 0xFF, 0xFE, 0x7E, 0x00, 0x7F, 0xFF, 0x5F, 0x80, 0x06, 0xEF, 0xD7,
    0xF0, 0x00, 0x03, 0xF0, 0xFF, 0x40, 0x1B, 0xF8, 0x2F, 0xFF, 0xFF, 0xFC, 0x02, 0xFF, 0xFF, 0xF8,
    0x00, 0x0B, 0xFF, 0x90, 0x00, 0x00, 0x00, 0x00, 0x00, 0x00, 0x00, 0x00, 0x2E, 0x3C, 0x00, 0x00,
    0x00, 0x3F, 0x7D, 0x00, 0x00, 0x00, 0x18, 0x28, 0x00, 0x00, 0x00, 0x00, 0x00, 0x00, 0x00, 0x00,
    0x00, 0x00, 0x00, 0x00, 0x00, 0x0B, 0xF4, 0x00, 0x00, 0x00, 0x2F, 0xFD, 0x00, 0x00, 0x00, 0x7F,
    0xFF, 0x00, 0x00, 0x00, 0xFC, 0x3F, 0x00, 0x2D, 0x00, 0xFC, 0x1F, 0x40, 0x3F, 0x00, 0xFF, 0xBF,
    0xFC, 0x3E, 0x00, 0x7F, 0xFF, 0xFD, 0x7D, 0x00, 0x1F, 0xFF, 0xFC, 0x7E, 0x00, 0x00, 0x3F, 0x00,
    0x7F, 0x00, 0x00, 0xFE, 0x00, 0x3F, 0xE5, 0x5B, 0xFC, 0x00, 0x1F, 0xFF, 0xFF, 0xF0, 0x00, 0x07,
    0xFF, 0xFF, 0x80, 0x00, 0x00, 0x6A, 0xA4, 0x00, 0x00, 0x00, 0x00, 0x00, 0x7C, 0xF4, 0x0B, 0xCF,
    0x80, 0x24, 0x60, 0x00, 0x00, 0x00, 0x00, 0x00, 0x01, 0xFE, 0x00, 0xBF, 0xF8, 0x0F, 0xFF, 0xC2,
    0xF4, 0xBD, 0x3F, 0x07, 0xE3, 0xFE, 0xFE, 0x2F, 0xFF, 0xE0, 0xBF, 0xFE, 0x00, 0x0F, 0xDB, 0xFF,
    0xFC, 0xFF, 0xFF, 0x0F, 0xFE, 0x40, 0x00, 0x00, 0x00, 0x00, 0x00, 0x00, 0x01, 0xF2, 0xE0, 0x00,
    0xBD, 0xFC, 0x00, 0x0A, 0x19, 0x00, 0x00, 0x00, 0x00, 0x00, 0x00, 0x00, 0x00, 0x1F, 0xE0, 0x00,
    0x1F, 0xFF, 0x00, 0x0F, 0xFF, 0xD0, 0x0B, 0xE1, 0xF8, 0x02, 0xF4, 0x3E, 0x00, 0x7E, 0x1F, 0x80,
    0x0F, 0xFF, 0xC0, 0x2F, 0xFF, 0xFF, 0xCF, 0xFF, 0xFF, 0xFB, 0xFE, 0x6F, 0xFD, 0x00, 0x00, 0x00,
    0x00, 0x00, 0x00, 0x00, 0x01, 0x40, 0x00, 0x00, 0x00, 0x0F, 0xC0, 0x00, 0x00, 0x00, 0x3F, 0x00,
    0x00, 0x00, 0x00, 0xFC, 0x00, 0x00, 0x2E, 0x03, 0xF0, 0x00, 0x02, 0xF8, 0x0F, 0xC0, 0x00, 0x0B,
    0x80, 0x3F, 0x00, 0x00, 0x1F, 0x40, 0xBC, 0x3E, 0x00, 0x2F, 0x02, 0xF0, 0xFC, 0x07, 0xF8, 0x0B,
    0xD3, 0xE0, 0x1F, 0x80, 0x2F, 0x5F, 0x80, 0x10, 0x00, 0xBD, 0x7F, 0x40, 0x00, 0x03, 0xF0, 0xFF,
    0xEA, 0x5A, 0xFF, 0xC1, 0xFF, 0xFF, 0xFF, 0xFD, 0x00, 0xBF, 0xFF, 0xFF, 0x80, 0x00, 0x05, 0x55,
    0x40, 0x00, 0x00, 0x00, 0x00, 0x01, 0x40, 0x00, 0x00, 0x00, 0x00, 0x3F, 0x00, 0x00, 0x00, 0x00,
    0x03, 0xF0, 0x00, 0x00, 0x00, 0x00, 0x3F, 0x00, 0x00, 0x00, 0x2E, 0x03, 0xF0, 0x00, 0x00, 0x0B,
    0xE0, 0x3F, 0x00, 0x00, 0x00, 0xB8, 0x03, 0xF0, 0x00, 0x00, 0x07, 0xD0, 0x2F, 0x00, 0x3E, 0x00,
    0x2F, 0x02, 0xF0, 0x03, 0xF0, 0x1F, 0xE0, 0x2F, 0x40, 0x3E, 0x01, 0xF8, 0x02, 0xF4, 0x07, 0xE0,
    0x04, 0x00, 0x2F, 0x40, 0x7F, 0x40, 0x00, 0x03, 0xFC, 0x03, 0xFF, 0xA9, 0x6B, 0xFF, 0xFD, 0x1F,
    0xFF, 0xFF, 0xFF, 0xFF, 0xF0, 0x2F, 0xFF, 0xFF, 0xE0, 0xFE, 0x00, 0x05, 0x55, 0x40, 0x00, 0x00,
    0x00, 0x01, 0x80, 0x02, 0xFC, 0x01, 0xFF, 0xD1, 0xFF, 0xE0, 0x7F, 0xE0, 0x0B, 0xF0, 0x00, 0x7F,
    0xC0, 0x01, 0xFF, 0x00, 0x03, 0xFC, 0x00, 0x0F, 0xE0, 0x00, 0x7F, 0x00, 0x03, 0xF0, 0xBF, 0xFF,
    0x0F, 0xFF, 0xD0, 0xFF, 0xE4, 0x00, 0x00, 0x00, 0x00, 0x01, 0x80, 0x00, 0x07, 0xF0, 0x00, 0x1F,
    0xFD, 0x00, 0x7F, 0xF8, 0x00, 0x7F, 0xE0, 0x00, 0x2F, 0xC0, 0x00, 0x03, 0xF8, 0x00, 0x00, 0x7F,
    0x80, 0x00, 0x07, 0xF8, 0x00, 0x00, 0x7F, 0x40, 0x00, 0x07, 0xF0, 0x00, 0x00, 0xFF, 0x00, 0xBF,
    0xFF, 0xFE, 0x3F, 0xFF, 0xFF, 0xCF, 0xFE, 0x0B, 0xF0, 0x00, 0x00, 0x00, 0x00, 0x00, 0x00, 0x40,
    0x00, 0x00, 0x0F, 0xC0, 0x00, 0x00, 0x3F, 0x00, 0x00, 0x00, 0xFC, 0x00, 0x00, 0x03, 0xF0, 0x00,
    0x00, 0x0F, 0xC0, 0x00, 0x00, 0x3F, 0x00, 0x00, 0x00, 0xBC, 0x00, 0x00, 0x02, 0xF0, 0x00, 0x00,
    0x0B, 0xD0, 0x00, 0x00, 0x2F, 0x4A, 0x40, 0x00, 0xBD, 0x3F, 0x00, 0x02, 0xF4, 0xF8, 0x00, 0x0B,
    0xD7, 0xD0, 0x00, 0x2F, 0x1F, 0x80, 0x00, 0xFC, 0x7F, 0x00, 0x07, 0xE0, 0xFE, 0x00, 0x7F, 0x42,
    0xFF, 0xFF, 0xF8, 0x02, 0xFF, 0xFF, 0x80, 0x00, 0x6F, 0xA0, 0x00, 0x00, 0x00, 0x01, 0x40, 0x00,
    0x00, 0x00, 0x0F, 0xC0, 0x00, 0x00, 0x00, 0x3F, 0x00, 0x00, 0x00, 0x00, 0xFC, 0x00, 0x00, 0x00,
    0x03, 0xF0, 0x00, 0x00, 0x00, 0x0F, 0xC0, 0x00, 0x00, 0x00, 0x3F, 0x00, 0x00, 0x00, 0x00, 0xFC,
    0x00, 0x00, 0x00, 0x03, 0xF0, 0x00, 0x00, 0x00, 0x0B, 0xC0, 0x00, 0x00, 0x00, 0x2F, 0x00, 0x0A,
    0x40, 0x00, 0xBD, 0x00, 0x3F, 0x00, 0x02, 0xF8, 0x00, 0xF8, 0x00, 0x0B, 0xFF, 0x87, 0xD0, 0x00,
    0x2F, 0xFF, 0x1F, 0x80, 0x00, 0xFE, 0xFC, 0x7F, 0x00, 0x07, 0xF0, 0x00, 0xFF, 0x40, 0x7F, 0x80,
    0x01, 0xFF, 0xFF, 0xFC, 0x00, 0x01, 0xFF, 0xFF, 0xC0, 0x00, 0x00, 0x6F, 0xA4, 0x00, 0x00, 0x05,
    0x00, 0xF8, 0x0F, 0xC0, 0xFC, 0x0F, 0xC0, 0xFC, 0x0F, 0xC0, 0xFC, 0x0F, 0xC0, 0xFC, 0x0F, 0xC0,
    0xFC, 0x0F, 0xCB, 0xFC, 0xFF, 0x4F, 0xD0, 0x00, 0x00, 0x05, 0x00, 0x03, 0xF0, 0x00, 0xFC, 0x00,
    0x3F, 0x00, 0x0F, 0xC0, 0x03, 0xF0, 0x00, 0xFC, 0x00, 0x3F, 0x00, 0x0F, 0xC0, 0x03, 0xF0, 0x00,
    0xFC, 0x00, 0x3F, 0x00, 0x0F, 0xE0, 0x2F, 0xFF, 0xDF, 0xFF, 0xFF, 0xE1, 0xFD, 0x00, 0x00, 0x00,
    0x00, 0x00, 0x00, 0x0B, 0xFD, 0x00, 0xBF, 0xFD, 0x07, 0xFB, 0xFC, 0x0F, 0x43, 0xF4, 0x00, 0x07,
    0xE0, 0x0A, 0xAF, 0x83, 0xFF, 0xFE, 0x3F, 0xFF, 0xF5, 0xFD, 0x01, 0x8B, 0xD0, 0x00, 0x2F, 0x40,
    0x00, 0xBD, 0x00, 0x02, 0xF4, 0x00, 0x07, 0xE0, 0x00, 0x0F, 0x80, 0x00, 0x3F, 0x00, 0x00, 0xB8,
    0x00, 0x00, 0x00, 0x00, 0x00, 0x00, 0x06, 0xD0, 0x00, 0x00, 0x7F, 0xF4, 0x00, 0x02, 0xFF, 0xFC,
    0x00, 0x0B, 0xF9, 0xBD, 0x00, 0x1F, 0xE0, 0x3F, 0x00, 0x3F, 0xF4, 0x2F, 0x40, 0x7F, 0xFF, 0xBF,
    0xF8, 0xBD, 0xBF, 0xFF, 0xFD, 0xBD, 0x1F, 0xF6, 0xFC, 0xBC, 0x01, 0x40, 0x00, 0xBD, 0x00, 0x00,
    0x00, 0xBD, 0x00, 0x00, 0x00, 0x7E, 0x00, 0x00, 0x00, 0x3F, 0x00, 0x00, 0x00, 0x3F, 0x00, 0x00,
    0x00, 0x2F, 0x40, 0x00, 0x00, 0x1E, 0x00, 0x00, 0x00, 0x00, 0x00, 0x00, 0x00, 0x00, 0x1A, 0x40,
    0x00, 0xFF, 0xE0, 0x02, 0xFF, 0xF4, 0x07, 0xF6, 0xFC, 0x0F, 0xD0, 0xFC, 0x2F, 0xD0, 0xFC, 0xBF,
    0xFF, 0xFC, 0xFF, 0xFF, 0xF4, 0xF8, 0x6F, 0xD0, 0x00, 0x00, 0x00, 0x00, 0x1A, 0x00, 0x00, 0x03,
    0xFF, 0x40, 0x00, 0x3F, 0xFF, 0x00, 0x02, 0xF9, 0xFE, 0x00, 0x0F, 0xC0, 0xFC, 0x00, 0xBF, 0x43,
    0xF8, 0x0B, 0xFF, 0xEF, 0xFF, 0x3F, 0xBF, 0xFF, 0xFE, 0xF4, 0x3F, 0xE7, 0xF4, 0x00, 0x04, 0x00,
    0x00, 0x00, 0x01, 0x00, 0x00, 0x00, 0x3E, 0x00, 0x00, 0x00, 0xFC, 0x00, 0x00, 0x01, 0x80, 0x00,
    0x00, 0x00, 0x00, 0x40, 0x00, 0x00, 0x2F, 0x40, 0x00, 0x00, 0x7F, 0x0A, 0x40, 0x00, 0xFC, 0x3F,
    0x00, 0x02, 0xF0, 0xF8, 0x00, 0x0B, 0xD7, 0xD0, 0x00, 0x2F, 0x5F, 0x80, 0x00, 0xFC, 0x7F, 0x00,
    0x07, 0xF0, 0xFF, 0x40, 0xBF, 0x82, 0xFF, 0xFF, 0xFC, 0x02, 0xFF, 0xFF, 0x80, 0x00, 0x6F, 0xA0,
    0x00, 0x00, 0x01, 0x00, 0x00, 0x00, 0x00, 0x3E, 0x00, 0x00, 0x00, 0x00, 0xFC, 0x00, 0x00, 0x00,
    0x01, 0x80, 0x00, 0x00, 0x00, 0x00, 0x00, 0x00, 0x00, 0x00, 0x00, 0x0B, 0x80, 0x00, 0x00, 0x00,
    0x7F, 0x00, 0x0A, 0x40, 0x00, 0xFC, 0x00, 0x3F, 0x00, 0x02, 0xF8, 0x00, 0xF8, 0x00, 0x0B, 0xFF,
    0x87, 0xD0, 0x00, 0x2F, 0xFF, 0x5F, 0x80, 0x00, 0xBE, 0xFC, 0x7F, 0x00, 0x03, 0xF0, 0x00, 0xFF,
    0x40, 0x7F, 0x80, 0x02, 0xFF, 0xFF, 0xFC, 0x00, 0x02, 0xFF, 0xFF, 0xC0, 0x00, 0x00, 0x6F, 0xA0,
    0x00, 0x00, 0x05, 0x01, 0xF4, 0x1F, 0x40, 0xA0, 0x00, 0x00, 0x64, 0x0F, 0xC0, 0xFC, 0x0B, 0xD0,
    0x7D, 0x07, 0xE0, 0xBE, 0xBF, 0xDF, 0xF8, 0xFD, 0x00, 0x00, 0x00, 0x40, 0x00, 0x3E, 0x00, 0x03,
    0xE0, 0x00, 0x18, 0x00, 0x00, 0x00, 0x00, 0x00, 0x00, 0x03, 0xE0, 0x00, 0x3E, 0x00, 0x07, 0xE0,
    0x00, 0xFF, 0x00, 0xBF, 0xFF, 0xCF, 0xFF, 0xFE, 0xF8, 0x3F, 0xD0, 0x00, 0x00, 0x00, 0x00, 0x00,
    0x2C, 0x00, 0x07, 0xF4, 0x00, 0x7F, 0xD0, 0x0F, 0xFF, 0x02, 0xFB, 0xF8, 0x3F, 0x0F, 0xC7, 0xD0,
    0xBC, 0x7E, 0x0F, 0xC7, 0xFF, 0xFC, 0x3F, 0xFF, 0x40, 0xBF, 0xD0, 0x00, 0x00, 0x00, 0x00, 0x01,
    0x40, 0x00, 0x00, 0xBD, 0x00, 0x00, 0x1F, 0xD0, 0x00, 0x2F, 0xFD, 0x00, 0x0F, 0xFF, 0xD0, 0x03,
    0xFD, 0xBD, 0x00, 0x7F, 0x07, 0xE0, 0x07, 0xE0, 0x7E, 0x00, 0x7F, 0x9B, 0xE0, 0x03, 0xFF, 0xFF,
    0x00, 0x0F, 0xFF, 0xFF, 0x80, 0x05, 0x6F, 0xFC, 0x00, 0x00, 0x7F, 0xC0, 0x00, 0x00, 0x00, 0x00,
    0x40, 0x00, 0x00, 0xB8, 0x00, 0x00, 0x3F, 0xC0, 0x00, 0x0F, 0xFD, 0x00, 0x0F, 0xFF, 0xE0, 0x07,
    0xD7, 0xFE, 0x02, 0xF0, 0xFF, 0xE0, 0x7D, 0x7D, 0xFC, 0x0F, 0xFF, 0x1F, 0x6F, 0xFF, 0xEF, 0xDF,
    0xFF, 0xFF, 0xF3, 0xF9, 0xBF, 0xF4, 0x00, 0x00, 0x00, 0x00, 0x00, 0x2F, 0x40, 0x00, 0x0F, 0xFD,
    0x00, 0x03, 0xFF, 0xF0, 0x00, 0x7F, 0x3F, 0x00, 0x0F, 0xC3, 0xF0, 0x00, 0xFC, 0x3E, 0x00, 0x1F,
    0x8F, 0xC0, 0x0B, 0xFF, 0xFF, 0xFC, 0xFF, 0xFF, 0xFF, 0xEF, 0xFD, 0x6F, 0xFD, 0x1F, 0xC0, 0xFC,
    0x00, 0xFF, 0x5F, 0xC0, 0x07, 0xFF, 0xF8, 0x00, 0x1F, 0xFF, 0x00, 0x00, 0x1A, 0x40, 0x00, 0x00,
    0x50, 0x00, 0x3F, 0xE0, 0x0F, 0xFF, 0x41, 0xFF, 0xFC, 0x3F, 0x0F, 0xC3, 0xF0, 0xBD, 0x3F, 0xFF,
    0xD2, 0xFF, 0xFD, 0x0B, 0xFF, 0xC0, 0x02, 0xFC, 0x16, 0xFF, 0x07, 0xFF, 0xD0, 0x3F, 0xF0, 0x02,
    0x90, 0x00, 0x00, 0x50, 0x00, 0x00, 0xFF, 0x80, 0x00, 0xFF, 0xF4, 0x00, 0x7F, 0xFF, 0x00, 0x3F,
    0x0F, 0xD0, 0x0F, 0xC2, 0xF4, 0x03, 0xFE, 0xFF, 0xF0, 0xBF, 0xFF, 0xFE, 0x0B, 0xFF, 0xFF, 0x40,
    0x0F, 0xF0, 0x01, 0x6F, 0xF0, 0x01, 0xFF, 0xF4, 0x00, 0x3F, 0xF0, 0x00, 0x0A, 0x40, 0x00, 0x00,
    0x00, 0x00, 0x01, 0xFE, 0x00, 0x00, 0x03, 0xFF, 0xD0, 0x00, 0x03, 0xFF, 0xF0, 0x00, 0x01, 0xFC,
    0x00, 0x00, 0x00, 0xFC, 0x00, 0x0A, 0x40, 0x3F, 0x00, 0x03, 0xF0, 0x0F, 0xF4, 0x00, 0xF8, 0x00,
    0xFF, 0xE0, 0x7D, 0x00, 0x07, 0xFE, 0x1F, 0x80, 0x00, 0x1F, 0xC7, 0xF0, 0x00, 0x0B, 0xE0, 0xFF,
    0x40, 0x6F, 0xF0, 0x1F, 0xFF, 0xFF, 0xF4, 0x01, 0xFF, 0xFF, 0xE0, 0x00, 0x06, 0xFE, 0x40, 0x00,
    0x00, 0x00, 0x00, 0x00, 0x00, 0xA4, 0x00, 0x00, 0x00, 0x03, 0xF0, 0x00, 0x39, 0x00, 0x0F, 0x80,
    0x01, 0xFF, 0xF8, 0x7D, 0x00, 0x07, 0xFF, 0xF5, 0xF8, 0x00, 0x02, 0xFF, 0xC7, 0xF0, 0x00, 0x03,
    0xF0, 0x0F, 0xF4, 0x01, 0xBF, 0x80, 0x2F, 0xFF, 0xFF, 0xFC, 0x00, 0x2F, 0xFF, 0xFF, 0x80, 0x00,
    0x06, 0xFE, 0x90, 0x00, 0x00, 0x00, 0x00, 0x01, 0xFE, 0x00, 0x00, 0x03, 0xFF, 0xD0, 0x00, 0x03,
    0xFF, 0xF0, 0x00, 0x01, 0xFC, 0x00, 0x00, 0x00, 0xFC, 0x00, 0x0A, 0x40, 0x3F, 0x00, 0x03, 0xF0,
    0x0F, 0xF4, 0x00, 0xF8, 0x00, 0xFF, 0xE0, 0x7D, 0x00, 0x07, 0xFE, 0x1F, 0x80, 0x00, 0x1F, 0xC7,
    0xF0, 0x00, 0x0B, 0xE0, 0xFF, 0x40, 0x6F, 0xF0, 0x1F, 0xFF, 0xFF, 0xF4, 0x01, 0xFF, 0xFF, 0xE0,
    0x00, 0x06, 0xFE, 0x40, 0x00, 0x00, 0x00, 0x00, 0x00, 0x00, 0x00, 0x00, 0x00, 0x00, 0x1F, 0x3D,
    0x00, 0x00, 0x0B, 0xCF, 0x80, 0x00, 0x00, 0xE2, 0xC0, 0x00, 0x00, 0x00, 0x00, 0x00, 0x00, 0xA4,
    0x00, 0x00, 0x00, 0x03, 0xF0, 0x00, 0x39, 0x00, 0x0F, 0x80, 0x01, 0xFF, 0xF8, 0x7D, 0x00, 0x07,
    0xFF, 0xF5, 0xF8, 0x00, 0x02, 0xFF, 0xC7, 0xF0, 0x00, 0x03, 0xF0, 0x0F, 0xF4, 0x01, 0xBF, 0x80,
    0x2F, 0xFF, 0xFF, 0xFC, 0x00, 0x2F, 0xFF, 0xFF, 0x80, 0x00, 0x06, 0xFE, 0x90, 0x00, 0x00, 0x00,
    0x00, 0x00, 0x00, 0x00, 0x00, 0x00, 0x00, 0x00, 0x00, 0xF5, 0xF0, 0x00, 0x00, 0x03, 0xEB, 0xC0,
    0x00, 0x00, 0x0B, 0x0E, 0x00, 0x00, 0x01, 0x80, 0x2F, 0x80, 0x7F, 0x00, 0xFC, 0x03, 0xF0, 0x0B,
    0xC0, 0x3F, 0x2F, 0xFC, 0xFF, 0xD3, 0xF9, 0x00, 0x00, 0x00, 0x00, 0xB8, 0xF3, 0xF7, 0xE7, 0x4A,
    0x00, 0x00, 0x00, 0x00, 0x0B, 0xC0, 0x00, 0x3F, 0x00, 0x00, 0xFC, 0x00, 0x0B, 0xF4, 0x02, 0xFF,
    0xFF, 0x8F, 0xFB, 0xFF, 0x3F, 0x47, 0xFC, 0x00, 0x00, 0x00, 0x00, 0x00, 0x03, 0xD7, 0xC0, 0x0F,
    0xAF, 0x00, 0x2C, 0x38, 0x00, 0x00, 0x00, 0x00, 0x00, 0x7E, 0x54, 0x00, 0x03, 0xAF, 0xE0, 0xFC,
    0x00, 0x05, 0x03, 0xF0, 0x00, 0x80, 0x0F, 0xC0, 0x0B, 0xD0, 0x3F, 0x00, 0x3F, 0xE0, 0xFC, 0x00,
    0x1F, 0xF7, 0xF0, 0x00, 0x0F, 0xFF, 0x80, 0x00, 0x0B, 0xFD, 0x00, 0x00, 0x0B, 0xF4, 0x00, 0x00,
    0x7F, 0xF0, 0x00, 0x07, 0xFB, 0xE0, 0x00, 0xBF, 0x0F, 0xC0, 0x0B, 0xFF, 0xFF, 0x00, 0x2F, 0xFF,
    0xF8, 0x00, 0xBF, 0xFF, 0x80, 0x00, 0x00, 0x00, 0x00, 0x2F, 0x94, 0x00, 0x00, 0x3A, 0xFE, 0x14,
    0x00, 0x00, 0x10, 0x3E, 0x00, 0x00, 0x00, 0x3F, 0x00, 0x00, 0x00, 0x3F, 0x00, 0x1E, 0x00, 0x3F,
    0x00, 0x3F, 0x80, 0x3F, 0x00, 0x0F, 0xE0, 0x3F, 0x00, 0x03, 0xF8, 0x3F, 0x00, 0x00, 0xFE, 0x3F,
    0x00, 0x00, 0x7F, 0x7F, 0x00, 0x00, 0x1F, 0xFF, 0x00, 0x00, 0x0B, 0xFF, 0x00, 0x00, 0x1B, 0xFF,
    0x40, 0x2F, 0xFF, 0xFF, 0xFD, 0x3F, 0xFF, 0x5F, 0xFF, 0x3F, 0xF8, 0x07, 0xFE, 0x00, 0x00, 0x00,
    0x00, 0x04, 0x00, 0x00, 0x1F, 0x80, 0x00, 0x0F, 0x40, 0x00, 0x02, 0xD0, 0x00, 0x00, 0x7F, 0x40,
    0xFC, 0x2E, 0x40, 0x3F, 0x00, 0x80, 0x0F, 0xC0, 0xBD, 0x03, 0xF0, 0x3F, 0xE0, 0xFC, 0x01, 0xFF,
    0x7F, 0x00, 0x0F, 0xFF, 0x80, 0x00, 0xBF, 0xD0, 0x00, 0x0B, 0xF4, 0x00, 0x07, 0xFF, 0x00, 0x07,
    0xFB, 0xE0, 0x0B, 0xF0, 0xFC, 0x0B, 0xFF, 0xFF, 0x02, 0xFF, 0xFF, 0x80, 0xBF, 0xFF, 0x80, 0x00,
    0x40, 0x00, 0x00, 0x0B, 0xD0, 0x00, 0x00, 0x0F, 0x00, 0x00, 0x00, 0x0F, 0x10, 0x00, 0x00, 0x0B,
    0xF0, 0x14, 0x00, 0x0F, 0x80, 0x3E, 0x00, 0x00, 0x00, 0x3F, 0x00, 0x00, 0x00, 0x3F, 0x00, 0x1E,
    0x00, 0x3F, 0x00, 0x3F, 0x80, 0x3F, 0x00, 0x0F, 0xE0, 0x3F, 0x00, 0x03, 0xF8, 0x3F, 0x00, 0x00,
    0xFE, 0x3F, 0x00, 0x00, 0x7F, 0x7F, 0x00, 0x00, 0x1F, 0xFF, 0x00, 0x00, 0x0B, 0xFF, 0x00, 0x00,
    0x1B, 0xFF, 0x40, 0x2F, 0xFF, 0xFF, 0xFD, 0x3F, 0xFF, 0x5F, 0xFF, 0x3F, 0xF8, 0x07, 0xFE, 0x00,
    0x00, 0x00, 0x00, 0x00, 0x00, 0x00, 0x00, 0x00, 0x3F, 0x00, 0x00, 0x0F, 0xC0, 0x20, 0x03, 0xF0,
    0x2F, 0x40, 0xFC, 0x0F, 0xF8, 0x3F, 0x00, 0x7F, 0xDF, 0xC0, 0x03, 0xFF, 0xE0, 0x00, 0x2F, 0xF4,
    0x00, 0x02, 0xFD, 0x00, 0x01, 0xFF, 0xC0, 0x01, 0xFE, 0xF8, 0x02, 0xFC, 0x3F, 0x02, 0xFF, 0xFF,
    0xC0, 0xBF, 0xFF, 0xE0, 0x2F, 0xFF, 0xE0, 0x00, 0x40, 0x00, 0x00, 0xFC, 0x00, 0x00, 0x74, 0x00,
    0x00, 0x0E, 0x00, 0x00, 0x03, 0xFC, 0x00, 0x01, 0xE4, 0x00, 0x00, 0x00, 0x00, 0x00, 0x00, 0x00,
    0x14, 0x00, 0x00, 0x00, 0x3E, 0x00, 0x00, 0x00, 0x3F, 0x00, 0x00, 0x00, 0x3F, 0x00, 0x1E, 0x00,
    0x3F, 0x00, 0x3F, 0x80, 0x3F, 0x00, 0x0F, 0xE0, 0x3F, 0x00, 0x03, 0xF8, 0x3F, 0x00, 0x00, 0xFE,
    0x3F, 0x00, 0x00, 0x7F, 0x7F, 0x00, 0x00, 0x1F, 0xFF, 0x00, 0x00, 0x0B, 0xFF, 0x00, 0x00, 0x1B,
    0xFF, 0x40, 0x2F, 0xFF, 0xFF, 0xFD, 0x3F, 0xFF, 0x5F, 0xFF, 0x3F, 0xF8, 0x07, 0xFE, 0x00, 0x40,
    0x00, 0x00, 0x03, 0xF0, 0x00, 0x00, 0x07, 0x40, 0x00, 0x00, 0x07, 0x80, 0x00, 0x00, 0x03, 0xF8,
    0x00, 0x00, 0x07, 0x90, 0x00, 0x00, 0x00, 0x00, 0x00, 0x00, 0x00, 0x00, 0x00, 0x00, 0x00, 0x3F,
    0x00, 0x00, 0x0F, 0xC0, 0x20, 0x03, 0xF0, 0x2F, 0x40, 0xFC, 0x0F, 0xF8, 0x3F, 0x00, 0x7F, 0xDF,
    0xC0, 0x03, 0xFF, 0xE0, 0x00, 0x2F, 0xF4, 0x00, 0x02, 0xFD, 0x00, 0x01, 0xFF, 0xC0, 0x01, 0xFE,
    0xF8, 0x02, 0xFC, 0x3F, 0x02, 0xFF, 0xFF, 0xC0, 0xBF, 0xFF, 0xE0, 0x2F, 0xFF, 0xE0, 0x00, 0x00,
    0x14, 0x00, 0x00, 0x00, 0x3E, 0x00, 0x00, 0x00, 0x3F, 0x00, 0x00, 0x00, 0x3F, 0x00, 0x1E, 0x00,
    0x3F, 0x00, 0x3F, 0x80, 0x3F, 0x00, 0x0F, 0xE0, 0x3F, 0x00, 0x03, 0xF8, 0x3F, 0x00, 0x00, 0xFE,
    0x3F, 0x00, 0x00, 0x7F, 0x7F, 0x00, 0x00, 0x1F, 0xFF, 0x00, 0x00, 0x0B, 0xFF, 0x00, 0x00, 0x1B,
    0xFF, 0x40, 0x2F, 0xFF, 0xFF, 0xFD, 0x3F, 0xFF, 0x5F, 0xFF, 0x3F, 0xF8, 0x07, 0xFE, 0x00, 0x00,
    0x00, 0x00,
};

static const EpdGlyph ubuntu_10_boldGlyphs[] = {
    { 0, 0, 0, 0, 0, 0, 0 }, // U+0000
    { 0, 0, 0, 0, 0, 0, 0 }, // U+0008
    { 0, 0, 80, 0, 0, 0, 0 }, // U+0009
    { 0, 0, 80, 0, 0, 0, 0 }, // U+000D
    { 0, 0, 0, 0, 0, 0, 0 }, // U+001D
    { 0, 0, 80, 0, 0, 0, 0 }, // U+0020
    { 4, 15, 95, 1, 15, 15, 0 }, // !
    { 8, 6, 155, 1, 16, 12, 15 }, // "
    { 13, 15, 233, 1, 15, 49, 27 }, // #
    { 11, 19, 189, 0, 16, 53, 76 }, // $
    { 19, 15, 306, 0, 15, 72, 129 }, // %
    { 15, 15, 235, 0, 15, 57, 201 }, // &
    { 4, 6, 82, 1, 16, 6, 258 }, // '
    { 7, 20, 119, 1, 16, 35, 264 }, // (
    { 6, 20, 119, 0, 16, 30, 299 }, // )
    { 10, 8, 167, 0, 15, 20, 329 }, // *
    { 10, 11, 189, 1, 12, 28, 349 }, // +
    { 5, 6, 82, 0, 3, 8, 377 }, // ,
    { 7, 3, 113, 0, 8, 6, 385 }, // -
    { 5, 4, 82, 0, 4, 5, 391 }, // .
    { 11, 20, 146, -1, 16, 55, 396 }, // /
    { 12, 15, 189, 0, 15, 45, 451 }, // 0
    { 8, 15, 189, 1, 15, 30, 496 }, // 1
    { 11, 15, 189, 0, 15, 42, 526 }, // 2
    { 11, 15, 189, 0, 15, 42, 568 }, // 3
    { 12, 15, 189, 0, 15, 45, 610 }, // 4
    { 11, 15, 189, 0, 15, 42, 655 }, // 5
    { 12, 15, 189, 0, 15, 45, 697 }, // 6
    { 12, 15, 189, 0, 15, 45, 742 }, // 7
    { 12, 15, 189, 0, 15, 45, 787 }, // 8
    { 12, 15, 189, 0, 15, 45, 832 }, // 9
    { 5, 11, 82, 0, 11, 14, 877 }, // :
    { 5, 14, 82, 0, 11, 18, 891 }, // ;
    { 10, 11, 189, 1, 12, 28, 909 }, // <
    { 10, 8, 189, 1, 10, 20, 937 }, // =
    { 10, 11, 189, 1, 12, 28, 957 }, // >
    { 10, 16, 152, 0, 16, 40, 985 }, // ?
    { 19, 18, 325, 1, 15, 86, 1025 }, // @
    { 15, 15, 240, 0, 15, 57, 1111 }, // A
    { 13, 15, 224, 1, 15, 49, 1168 }, // B
    { 13, 15, 216, 1, 15, 49, 1217 }, // C
    { 14, 15, 246, 1, 15, 53, 1266 }, // D
    { 11, 15, 202, 1, 15, 42, 1319 }, // E
    { 11, 15, 191, 1, 15, 42, 1361 }, // F
    { 13, 15, 234, 1, 15, 49, 1403 }, // G
    { 13, 15, 245, 1, 15, 49, 1452 }, // H
    { 4, 15, 105, 1, 15, 15, 1501 }, // I
    { 10, 15, 176, 0, 15, 38, 1516 }, // J
    { 14, 15, 228, 1, 15, 53, 1554 }, // K
    { 11, 15, 188, 1, 15, 42, 1607 }, // L
    { 17, 15, 299, 1, 15, 64, 1649 }, // M
    { 14, 15, 252, 1, 15, 53, 1713 }, // N
    { 15, 15, 263, 1, 15, 57, 1766 }, // O
    { 12, 15, 215, 1, 15, 45, 1823 }, // P
    { 15, 18, 263, 1, 15, 68, 1868 }, // Q
    { 13, 15, 222, 1, 15, 49, 1936 }, // R
    { 12, 15, 194, 0, 15, 45, 1985 }, // S
    { 13, 15, 205, 0, 15, 49, 2030 }, // T
    { 13, 15, 236, 1, 15, 49, 2079 }, // U
    { 15, 15, 241, 0, 15, 57, 2128 }, // V
    { 20, 15, 316, 0, 15, 75, 2185 }, // W
    { 14, 15, 225, 0, 15, 53, 2260 }, // X
    { 14, 15, 220, 0, 15, 53, 2313 }, // Y
    { 13, 15, 203, 0, 15, 49, 2366 }, // Z
    { 7, 20, 124, 1, 16, 35, 2415 }, // [
    { 11, 20, 146, -1, 16, 55, 2450 }, // <backslash>
    { 6, 20, 124, 0, 16, 30, 2505 }, // ]
    { 12, 9, 189, 0, 15, 27, 2535 }, // ^
    { 11, 3, 167, 0, -1, 9, 2562 }, // _
    { 6, 5, 95, 0, 17, 8, 2571 }, // `
    { 11, 11, 184, 0, 11, 31, 2579 }, // a
    { 11, 16, 201, 1, 16, 44, 2610 }, // b
    { 10, 11, 167, 0, 11, 28, 2654 }, // c
    { 12, 16, 201, 0, 16, 48, 2682 }, // d
    { 12, 11, 195, 0, 11, 33, 2730 }, // e
    { 9, 16, 141, 1, 16, 36, 2763 }, // f
    { 11, 15, 198, 0, 11, 42, 2799 }, // g
    { 10, 16, 196, 1, 16, 40, 2841 }, // h
    { 4, 16, 96, 1, 16, 16, 2881 }, // i
    { 7, 20, 96, -2, 16, 35, 2897 }, // j
    { 11, 16, 193, 1, 16, 44, 2932 }, // k
    { 6, 16, 105, 1, 16, 24, 2976 }, // l
    { 16, 11, 287, 1, 11, 44, 3000 }, // m
    { 10, 11, 196, 1, 11, 28, 3044 }, // n
    { 12, 11, 202, 0, 11, 33, 3072 }, // o
    { 11, 15, 201, 1, 11, 42, 3105 }, // p
    { 12, 15, 201, 0, 11, 45, 3147 }, // q
    { 8, 11, 141, 1, 11, 22, 3192 }, // r
    { 10, 11, 162, 0, 11, 28, 3214 }, // s
    { 8, 14, 148, 1, 14, 28, 3242 }, // t
    { 10, 11, 196, 1, 11, 28, 3270 }, // u
    { 12, 11, 183, 0, 11, 33, 3298 }, // v
    { 17, 11, 261, 0, 11, 47, 3331 }, // w
    { 12, 11, 185, 0, 11, 33, 3378 }, // x
    { 12, 15, 182, 0, 11, 45, 3411 }, // y
    { 10, 11, 167, 0, 11, 28, 3456 }, // z
    { 8, 20, 124, 0, 16, 40, 3484 }, // {
    { 4, 20, 107, 1, 16, 20, 3524 }, // |
    { 8, 20, 124, 0, 16, 40, 3544 }, // }
    { 12, 5, 189, 0, 9, 15, 3584 }, // ~
    { 0, 0, 80, 0, 0, 0, 3599 }, // U+00A0
    { 4, 15, 95, 1, 11, 15, 3599 }, // U+00A1
    { 10, 16, 189, 0, 14, 40, 3614 }, // U+00A2
    { 11, 15, 189, 0, 15, 42, 3654 }, // U+00A3
    { 12, 11, 189, 0, 13, 33, 3696 }, // U+00A4
    { 14, 15, 189, -1, 15, 53, 3729 }, // U+00A5
    { 4, 20, 101, 1, 16, 20, 3782 }, // U+00A6
    { 11, 19, 172, 0, 15, 53, 3802 }, // U+00A7
    { 9, 3, 179, 1, 16, 7, 3855 }, // U+00A8
    { 15, 15, 265, 1, 15, 57, 3862 }, // U+00A9
    { 8, 8, 133, 0, 15, 16, 3919 }, // U+00AA
    { 12, 11, 199, 0, 11, 33, 3935 }, // U+00AB
    { 10, 8, 189, 1, 9, 20, 3968 }, // U+00AC
    { 7, 3, 113, 0, 8, 6, 3988 }, // U+00AD
    { 15, 15, 265, 1, 15, 57, 3994 }, // U+00AE
    { 8, 2, 125, 0, 15, 4, 4051 }, // U+00AF
    { 8, 6, 121, 0, 16, 12, 4055 }, // U+00B0
    { 10, 15, 189, 1, 15, 38, 4067 }, // U+00B1
    { 7, 9, 121, 0, 15, 16, 4105 }, // U+00B2
    { 7, 9, 121, 0, 15, 16, 4121 }, // U+00B3
    { 6, 5, 95, 0, 17, 8, 4137 }, // U+00B4
    { 10, 15, 198, 1, 11, 38, 4145 }, // U+00B5
    { 14, 19, 237, 0, 15, 67, 4183 }, // U+00B6
    { 5, 4, 82, 0, 9, 5, 4250 }, // U+00B7
    { 6, 6, 109, 0, 1, 9, 4255 }, // U+00B8
    { 6, 9, 121, 0, 15, 14, 4264 }, // U+00B9
    { 9, 8, 152, 0, 15, 18, 4278 }, // U+00BA
    { 13, 11, 199, 0, 11, 36, 4296 }, // U+00BB
    { 19, 15, 293, 0, 15, 72, 4332 }, // U+00BC
    { 18, 15, 293, 0, 15, 68, 4404 }, // U+00BD
    { 19, 15, 293, 0, 15, 72, 4472 }, // U+00BE
    { 10, 15, 152, 0, 11, 38, 4544 }, // U+00BF
    { 15, 21, 240, 0, 21, 79, 4582 }, // U+00C0
    { 15, 21, 240, 0, 21, 79, 4661 }, // U+00C1
    { 15, 21, 240, 0, 21, 79, 4740 }, // U+00C2
    { 15, 19, 240, 0, 19, 72, 4819 }, // U+00C3
    { 15, 19, 240, 0, 19, 72, 4891 }, // U+00C4
    { 15, 19, 240, 0, 19, 72, 4963 }, // U+00C5
    { 21, 15, 331, 0, 15, 79, 5035 }, // U+00C6
    { 13, 20, 216, 1, 15, 65, 5114 }, // U+00C7
    { 11, 21, 202, 1, 21, 58, 5179 }, // U+00C8
    { 11, 21, 202, 1, 21, 58, 5237 }, // U+00C9
    { 11, 21, 202, 1, 21, 58, 5295 }, // U+00CA
    { 11, 19, 202, 1, 19, 53, 5353 }, // U+00CB
    { 6, 21, 105, 0, 21, 32, 5406 }, // U+00CC
    { 5, 21, 105, 1, 21, 27, 5438 }, // U+00CD
    { 7, 21, 105, 0, 21, 37, 5465 }, // U+00CE
    { 9, 19, 105, -1, 19, 43, 5502 }, // U+00CF
    { 15, 15, 249, 0, 15, 57, 5545 }, // U+00D0
    { 14, 19, 252, 1, 19, 67, 5602 }, // U+00D1
    { 15, 21, 263, 1, 21, 79, 5669 }, // U+00D2
    { 15, 21, 263, 1, 21, 79, 5748 }, // U+00D3
    { 15, 21, 263, 1, 21, 79, 5827 }, // U+00D4
    { 15, 19, 263, 1, 19, 72, 5906 }, // U+00D5
    { 15, 19, 263, 1, 19, 72, 5978 }, // U+00D6
    { 10, 9, 189, 1, 11, 23, 6050 }, // U+00D7
    { 15, 17, 263, 1, 16, 64, 6073 }, // U+00D8
    { 13, 21, 236, 1, 21, 69, 6137 }, // U+00D9
    { 13, 21, 236, 1, 21, 69, 6206 }, // U+00DA
    { 13, 21, 236, 1, 21, 69, 6275 }, // U+00DB
    { 13, 19, 236, 1, 19, 62, 6344 }, // U+00DC
    { 14, 21, 220, 0, 21, 74, 6406 }, // U+00DD
    { 12, 15, 215, 1, 15, 45, 6480 }, // U+00DE
    { 13, 16, 220, 1, 16, 52, 6525 }, // U+00DF
    { 11, 17, 184, 0, 17, 47, 6577 }, // U+00E0
    { 11, 17, 184, 0, 17, 47, 6624 }, // U+00E1
    { 11, 17, 184, 0, 17, 47, 6671 }, // U+00E2
    { 11, 16, 184, 0, 16, 44, 6718 }, // U+00E3
    { 11, 16, 184, 0, 16, 44, 6762 }, // U+00E4
    { 11, 18, 184, 0, 18, 50, 6806 }, // U+00E5
    { 18, 11, 291, 0, 11, 50, 6856 }, // U+00E6
    { 10, 15, 167, 0, 11, 38, 6906 }, // U+00E7
    { 12, 17, 195, 0, 17, 51, 6944 }, // U+00E8
    { 12, 17, 195, 0, 17, 51, 6995 }, // U+00E9
    { 12, 17, 195, 0, 17, 51, 7046 }, // U+00EA
    { 12, 16, 195, 0, 16, 48, 7097 }, // U+00EB
    { 6, 17, 96, 0, 17, 26, 7145 }, // U+00EC
    { 6, 17, 96, 0, 17, 26, 7171 }, // U+00ED
    { 8, 17, 96, -1, 17, 34, 7197 }, // U+00EE
    { 9, 16, 96, -2, 16, 36, 7231 }, // U+00EF
    { 13, 16, 200, 0, 16, 52, 7267 }, // U+00F0
    { 10, 16, 196, 1, 16, 40, 7319 }, // U+00F1
    { 12, 17, 202, 0, 17, 51, 7359 }, // U+00F2
    { 12, 17, 202, 0, 17, 51, 7410 }, // U+00F3
    { 12, 17, 202, 0, 17, 51, 7461 }, // U+00F4
    { 12, 16, 202, 0, 16, 48, 7512 }, // U+00F5
    { 12, 16, 202, 0, 16, 48, 7560 }, // U+00F6
    { 10, 13, 189, 1, 13, 33, 7608 }, // U+00F7
    { 12, 13, 202, 0, 12, 39, 7641 }, // U+00F8
    { 10, 17, 196, 1, 17, 43, 7680 }, // U+00F9
    { 10, 17, 196, 1, 17, 43, 7723 }, // U+00FA
    { 10, 17, 196, 1, 17, 43, 7766 }, // U+00FB
    { 10, 16, 196, 1, 16, 40, 7809 }, // U+00FC
    { 12, 21, 182, 0, 17, 63, 7849 }, // U+00FD
    { 11, 20, 201, 1, 16, 55, 7912 }, // U+00FE
    { 12, 20, 182, 0, 16, 60, 7967 }, // U+00FF
    { 15, 18, 240, 0, 18, 68, 8027 }, // U+0100
    { 11, 15, 184, 0, 15, 42, 8095 }, // U+0101
    { 15, 19, 240, 0, 19, 72, 8137 }, // U+0102
    { 11, 16, 184, 0, 16, 44, 8209 }, // U+0103
    { 16, 20, 240, 0, 15, 80, 8253 }, // U+0104
    { 11, 15, 184, 0, 11, 42, 8333 }, // U+0105
    { 13, 21, 216, 1, 21, 69, 8375 }, // U+0106
    { 10, 17, 167, 0, 17, 43, 8444 }, // U+0107
    { 13, 21, 216, 1, 21, 69, 8487 }, // U+0108
    { 10, 17, 167, 0, 17, 43, 8556 }, // U+0109
    { 13, 19, 216, 1, 19, 62, 8599 }, // U+010A
    { 10, 16, 167, 0, 16, 40, 8661 }, // U+010B
    { 13, 21, 216, 1, 21, 69, 8701 }, // U+010C
    { 10, 17, 167, 0, 17, 43, 8770 }, // U+010D
    { 14, 21, 246, 1, 21, 74, 8813 }, // U+010E
    { 16, 16, 228, 0, 16, 64, 8887 }, // U+010F
    { 15, 15, 249, 0, 15, 57, 8951 }, // U+0110
    { 13, 16, 202, 0, 16, 52, 9008 }, // U+0111
    { 11, 18, 202, 1, 18, 50, 9060 }, // U+0112
    { 12, 15, 195, 0, 15, 45, 9110 }, // U+0113
    { 11, 19, 202, 1, 19, 53, 9155 }, // U+0114
    { 12, 16, 195, 0, 16, 48, 9208 }, // U+0115
    { 11, 19, 202, 1, 19, 53, 9256 }, // U+0116
    { 12, 16, 195, 0, 16, 48, 9309 }, // U+0117
    { 12, 20, 202, 1, 15, 60, 9357 }, // U+0118
    { 12, 15, 195, 0, 11, 45, 9417 }, // U+0119
    { 11, 21, 202, 1, 21, 58, 9462 }, // U+011A
    { 12, 17, 195, 0, 17, 51, 9520 }, // U+011B
    { 13, 21, 234, 1, 21, 69, 9571 }, // U+011C
    { 11, 21, 198, 0, 17, 58, 9640 }, // U+011D
    { 13, 19, 234, 1, 19, 62, 9698 }, // U+011E
    { 11, 20, 198, 0, 16, 55, 9760 }, // U+011F
    { 13, 19, 234, 1, 19, 62, 9815 }, // U+0120
    { 11, 20, 198, 0, 16, 55, 9877 }, // U+0121
    { 13, 20, 234, 1, 15, 65, 9932 }, // U+0122
    { 11, 21, 198, 0, 17, 58, 9997 }, // U+0123
    { 13, 21, 245, 1, 21, 69, 10055 }, // U+0124
    { 10, 20, 196, 1, 20, 50, 10124 }, // U+0125
    { 16, 15, 252, 0, 15, 60, 10174 }, // U+0126
    { 12, 16, 200, 0, 16, 48, 10234 }, // U+0127
    { 9, 19, 105, -1, 19, 43, 10282 }, // U+0128
    { 8, 16, 96, -1, 16, 32, 10325 }, // U+0129
    { 8, 18, 105, -1, 18, 36, 10357 }, // U+012A
    { 8, 15, 96, -1, 15, 30, 10393 }, // U+012B
    { 7, 19, 105, 0, 19, 34, 10423 }, // U+012C
    { 8, 16, 96, -1, 16, 32, 10457 }, // U+012D
    { 6, 20, 105, 0, 15, 30, 10489 }, // U+012E
    { 6, 21, 96, 0, 16, 32, 10519 }, // U+012F
    { 4, 19, 105, 1, 19, 19, 10551 }, // U+0130
    { 4, 11, 96, 1, 11, 11, 10570 }, // U+0131
    { 16, 15, 280, 1, 15, 60, 10581 }, // U+0132
    { 10, 20, 192, 1, 16, 50, 10641 }, // U+0133
    { 12, 21, 176, 0, 21, 63, 10691 }, // U+0134
    { 9, 21, 96, -2, 17, 48, 10754 }, // U+0135
    { 14, 20, 228, 1, 15, 70, 10802 }, // U+0136
    { 11, 21, 193, 1, 16, 58, 10872 }, // U+0137
    { 12, 11, 194, 1, 11, 33, 10930 }, // U+0138
    { 11, 21, 188, 1, 21, 58, 10963 }, // U+0139
    { 6, 21, 105, 1, 21, 32, 11021 }, // U+013A
    { 11, 20, 188, 1, 15, 55, 11053 }, // U+013B
    { 6, 21, 105, 1, 16, 32, 11108 }, // U+013C
    { 11, 15, 188, 1, 15, 42, 11140 }, // U+013D
    { 8, 16, 123, 1, 16, 32, 11182 }, // U+013E
    { 11, 15, 188, 1, 15, 42, 11214 }, // U+013F
    { 10, 16, 173, 1, 16, 40, 11256 }, // U+0140
    { 13, 15, 198, 0, 15, 49, 11296 }, // U+0141
    { 9, 16, 121, -1, 16, 36, 11345 }, // U+0142
    { 14, 21, 252, 1, 21, 74, 11381 }, // U+0143
    { 10, 17, 196, 1, 17, 43, 11455 }, // U+0144
    { 14, 20, 252, 1, 15, 70, 11498 }, // U+0145
    { 10, 16, 196, 1, 11, 40, 11568 }, // U+0146
    { 14, 21, 252, 1, 21, 74, 11608 }, // U+0147
    { 10, 17, 196, 1, 17, 43, 11682 }, // U+0148
    { 13, 16, 206, -1, 16, 52, 11725 }, // U+0149
    { 14, 19, 252, 1, 15, 67, 11777 }, // U+014A
    { 10, 15, 196, 1, 11, 38, 11844 }, // U+014B
    { 15, 18, 263, 1, 18, 68, 11882 }, // U+014C
    { 12, 15, 202, 0, 15, 45, 11950 }, // U+014D
    { 15, 19, 263, 1, 19, 72, 11995 }, // U+014E
    { 12, 16, 202, 0, 16, 48, 12067 }, // U+014F
    { 15, 21, 263, 1, 21, 79, 12115 }, // U+0150
    { 12, 17, 202, 0, 17, 51, 12194 }, // U+0151
    { 20, 15, 332, 1, 15, 75, 12245 }, // U+0152
    { 19, 11, 312, 0, 11, 53, 12320 }, // U+0153
    { 13, 21, 222, 1, 21, 69, 12373 }, // U+0154
    { 8, 17, 141, 1, 17, 34, 12442 }, // U+0155
    { 13, 20, 222, 1, 15, 65, 12476 }, // U+0156
    { 9, 16, 141, 0, 11, 36, 12541 }, // U+0157
    { 13, 20, 222, 1, 20, 65, 12577 }, // U+0158
    { 8, 17, 141, 1, 17, 34, 12642 }, // U+0159
    { 12, 21, 194, 0, 21, 63, 12676 }, // U+015A
    { 10, 17, 162, 0, 17, 43, 12739 }, // U+015B
    { 12, 21, 194, 0, 21, 63, 12782 }, // U+015C
    { 10, 17, 162, 0, 17, 43, 12845 }, // U+015D
    { 12, 20, 194, 0, 15, 60, 12888 }, // U+015E
    { 10, 16, 162, 0, 11, 40, 12948 }, // U+015F
    { 12, 21, 194, 0, 21, 63, 12988 }, // U+0160
    { 10, 17, 162, 0, 17, 43, 13051 }, // U+0161
    { 13, 19, 205, 0, 15, 62, 13094 }, // U+0162
    { 8, 18, 148, 1, 14, 36, 13156 }, // U+0163
    { 13, 21, 205, 0, 21, 69, 13192 }, // U+0164
    { 8, 16, 148, 1, 16, 32, 13261 }, // U+0165
    { 13, 15, 205, 0, 15, 49, 13293 }, // U+0166
    { 8, 14, 148, 1, 14, 28, 13342 }, // U+0167
    { 13, 19, 236, 1, 19, 62, 13370 }, // U+0168
    { 10, 16, 196, 1, 16, 40, 13432 }, // U+0169
    { 13, 18, 236, 1, 18, 59, 13472 }, // U+016A
    { 10, 15, 196, 1, 15, 38, 13531 }, // U+016B
    { 13, 19, 236, 1, 19, 62, 13569 }, // U+016C
    { 10, 16, 196, 1, 16, 40, 13631 }, // U+016D
    { 13, 21, 236, 1, 21, 69, 13671 }, // U+016E
    { 10, 18, 196, 1, 18, 45, 13740 }, // U+016F
    { 13, 21, 236, 1, 21, 69, 13785 }, // U+0170
    { 11, 17, 196, 1, 17, 47, 13854 }, // U+0171
    { 13, 19, 236, 1, 15, 62, 13901 }, // U+0172
    { 10, 15, 196, 1, 11, 38, 13963 }, // U+0173
    { 20, 21, 316, 0, 21, 105, 14001 }, // U+0174
    { 17, 17, 261, 0, 17, 73, 14106 }, // U+0175
    { 14, 21, 220, 0, 21, 74, 14179 }, // U+0176
    { 12, 21, 182, 0, 17, 63, 14253 }, // U+0177
    { 14, 19, 220, 0, 19, 67, 14316 }, // U+0178
    { 13, 21, 203, 0, 21, 69, 14383 }, // U+0179
    { 10, 17, 167, 0, 17, 43, 14452 }, // U+017A
    { 13, 19, 203, 0, 19, 62, 14495 }, // U+017B
    { 10, 16, 167, 0, 16, 40, 14557 }, // U+017C
    { 13, 21, 203, 0, 21, 69, 14597 }, // U+017D
    { 10, 17, 167, 0, 17, 43, 14666 }, // U+017E
    { 9, 16, 110, 1, 16, 36, 14709 }, // U+017F
    { 15, 17, 263, 1, 17, 64, 14745 }, // U+01A0
    { 13, 13, 202, 0, 13, 43, 14809 }, // U+01A1
    { 15, 17, 249, 1, 17, 64, 14852 }, // U+01AF
    { 13, 13, 209, 1, 13, 43, 14916 }, // U+01B0
    { 26, 20, 433, 1, 20, 130, 14959 }, // U+01C4
    { 24, 17, 405, 1, 17, 102, 15089 }, // U+01C5
    { 23, 17, 365, 0, 17, 98, 15191 }, // U+01C6
    { 21, 15, 363, 1, 15, 79, 15289 }, // U+01C7
    { 16, 20, 283, 1, 16, 80, 15368 }, // U+01C8
    { 11, 20, 201, 1, 16, 55, 15448 }, // U+01C9
    { 25, 15, 427, 1, 15, 94, 15503 }, // U+01CA
    { 20, 20, 348, 1, 16, 100, 15597 }, // U+01CB
    { 17, 20, 293, 1, 16, 85, 15697 }, // U+01CC
    { 15, 21, 240, 0, 21, 79, 15782 }, // U+01CD
    { 11, 17, 184, 0, 17, 47, 15861 }, // U+01CE
    { 7, 21, 105, 0, 21, 37, 15908 }, // U+01CF
    { 8, 17, 96, -1, 17, 34, 15945 }, // U+01D0
    { 15, 21, 263, 1, 21, 79, 15979 }, // U+01D1
    { 12, 17, 202, 0, 17, 51, 16058 }, // U+01D2
    { 13, 21, 236, 1, 21, 69, 16109 }, // U+01D3
    { 10, 17, 196, 1, 17, 43, 16178 }, // U+01D4
    { 13, 22, 236, 1, 22, 72, 16221 }, // U+01D5
    { 10, 18, 196, 1, 18, 45, 16293 }, // U+01D6
    { 13, 22, 236, 1, 22, 72, 16338 }, // U+01D7
    { 10, 19, 196, 1, 19, 48, 16410 }, // U+01D8
    { 13, 21, 236, 1, 21, 69, 16458 }, // U+01D9
    { 10, 19, 196, 1, 19, 48, 16527 }, // U+01DA
    { 13, 22, 236, 1, 22, 72, 16575 }, // U+01DB
    { 10, 19, 196, 1, 19, 48, 16647 }, // U+01DC
    { 12, 11, 195, 0, 11, 33, 16695 }, // U+01DD
    { 15, 22, 240, 0, 22, 83, 16728 }, // U+01DE
    { 11, 18, 184, 0, 18, 50, 16811 }, // U+01DF
    { 15, 22, 240, 0, 22, 83, 16861 }, // U+01E0
    { 11, 18, 184, 0, 18, 50, 16944 }, // U+01E1
    { 21, 18, 331, 0, 18, 95, 16994 }, // U+01E2
    { 18, 15, 291, 0, 15, 68, 17089 }, // U+01E3
    { 15, 15, 243, 1, 15, 57, 17157 }, // U+01E4
    { 13, 15, 201, 0, 11, 49, 17214 }, // U+01E5
    { 13, 21, 234, 1, 21, 69, 17263 }, // U+01E6
    { 11, 21, 198, 0, 17, 58, 17332 }, // U+01E7
    { 14, 21, 228, 1, 21, 74, 17390 }, // U+01E8
    { 11, 20, 193, 1, 20, 55, 17464 }, // U+01E9
    { 15, 19, 263, 1, 15, 72, 17519 }, // U+01EA
    { 12, 15, 202, 0, 11, 45, 17591 }, // U+01EB
    { 15, 22, 263, 1, 18, 83, 17636 }, // U+01EC
    { 12, 19, 202, 0, 15, 57, 17719 }, // U+01ED
    { 12, 21, 205, 0, 21, 63, 17776 }, // U+01EE
    { 10, 22, 172, 0, 18, 55, 17839 }, // U+01EF
    { 9, 21, 96, -2, 17, 48, 17894 }, // U+01F0
    { 26, 15, 433, 1, 15, 98, 17942 }, // U+01F1
    { 24, 15, 405, 1, 15, 90, 18040 }, // U+01F2
    { 23, 16, 365, 0, 16, 92, 18130 }, // U+01F3
    { 13, 21, 234, 1, 21, 69, 18222 }, // U+01F4
    { 11, 21, 198, 0, 17, 58, 18291 }, // U+01F5
    { 21, 15, 354, 1, 15, 79, 18349 }, // U+01F6
    { 13, 19, 224, 1, 15, 62, 18428 }, // U+01F7
    { 14, 21, 252, 1, 21, 74, 18490 }, // U+01F8
    { 10, 17, 196, 1, 17, 43, 18564 }, // U+01F9
    { 15, 22, 240, 0, 22, 83, 18607 }, // U+01FA
    { 11, 20, 184, 0, 20, 55, 18690 }, // U+01FB
    { 21, 21, 331, 0, 21, 111, 18745 }, // U+01FC
    { 18, 17, 291, 0, 17, 77, 18856 }, // U+01FD
    { 15, 21, 263, 1, 20, 79, 18933 }, // U+01FE
    { 12, 18, 202, 0, 17, 54, 19012 }, // U+01FF
    { 15, 21, 240, 0, 21, 79, 19066 }, // U+0200
    { 11, 17, 184, 0, 17, 47, 19145 }, // U+0201
    { 15, 19, 240, 0, 19, 72, 19192 }, // U+0202
    { 11, 15, 184, 0, 15, 42, 19264 }, // U+0203
    { 11, 21, 202, 1, 21, 58, 19306 }, // U+0204
    { 12, 17, 195, 0, 17, 51, 19364 }, // U+0205
    { 11, 19, 202, 1, 19, 53, 19415 }, // U+0206
    { 12, 15, 195, 0, 15, 45, 19468 }, // U+0207
    { 10, 21, 105, -2, 21, 53, 19513 }, // U+0208
    { 9, 17, 96, -2, 17, 39, 19566 }, // U+0209
    { 8, 19, 105, -1, 19, 38, 19605 }, // U+020A
    { 8, 15, 96, -1, 15, 30, 19643 }, // U+020B
    { 15, 21, 263, 1, 21, 79, 19673 }, // U+020C
    { 12, 17, 202, 0, 17, 51, 19752 }, // U+020D
    { 15, 19, 263, 1, 19, 72, 19803 }, // U+020E
    { 12, 15, 202, 0, 15, 45, 19875 }, // U+020F
    { 13, 20, 222, 1, 20, 65, 19920 }, // U+0210
    { 9, 17, 141, 0, 17, 39, 19985 }, // U+0211
    { 13, 19, 222, 1, 19, 62, 20024 }, // U+0212
    { 8, 15, 141, 1, 15, 30, 20086 }, // U+0213
    { 13, 21, 236, 1, 21, 69, 20116 }, // U+0214
    { 10, 17, 196, 1, 17, 43, 20185 }, // U+0215
    { 13, 19, 236, 1, 19, 62, 20228 }, // U+0216
    { 10, 15, 196, 1, 15, 38, 20290 }, // U+0217
    { 12, 20, 194, 0, 15, 60, 20328 }, // U+0218
    { 10, 16, 162, 0, 11, 40, 20388 }, // U+0219
    { 13, 20, 205, 0, 15, 65, 20428 }, // U+021A
    { 8, 19, 148, 1, 14, 38, 20493 }, // U+021B
    { 11, 19, 189, 0, 15, 53, 20531 }, // U+021C
    { 10, 15, 159, 0, 11, 38, 20584 }, // U+021D
    { 13, 21, 245, 1, 21, 69, 20622 }, // U+021E
    { 10, 20, 196, 1, 20, 50, 20691 }, // U+021F
    { 8, 4, 0, -12, 17, 8, 20741 }, // U+0300
    { 7, 4, 0, -8, 17, 7, 20749 }, // U+0301
    { 9, 4, 0, -5, 17, 9, 20756 }, // U+0302
    { 9, 4, 0, -12, 17, 9, 20765 }, // U+0303
    { 8, 3, 0, -4, 16, 6, 20774 }, // U+0304
    { 8, 4, 0, -4, 17, 8, 20780 }, // U+0306
    { 4, 3, 0, -2, 16, 3, 20788 }, // U+0307
    { 8, 3, 0, -4, 16, 6, 20791 }, // U+0308
    { 6, 6, 0, -3, 18, 9, 20797 }, // U+030A
    { 11, 3, 0, -4, 16, 9, 20806 }, // U+030B
    { 10, 4, 0, -5, 17, 10, 20815 }, // U+030C
    { 8, 3, 130, 0, 15, 6, 20825 }, // U+0311
    { 5, 6, 0, -2, 15, 8, 20831 }, // U+0312
    { 4, 3, 0, -2, -2, 3, 20839 }, // U+0326
    { 6, 5, 0, -3, 0, 8, 20842 }, // U+0327
    { 6, 6, 0, -3, 1, 9, 20850 }, // U+0328
    { 0, 0, 0, 0, 0, 0, 20859 }, // U+034F
    { 11, 21, 202, 1, 21, 58, 20859 }, // U+0400
    { 11, 20, 202, 1, 20, 55, 20917 }, // U+0401
    { 17, 15, 271, 0, 15, 64, 20972 }, // U+0402
    { 11, 21, 198, 1, 21, 58, 21036 }, // U+0403
    { 13, 15, 229, 1, 15, 49, 21094 }, // U+0404
    { 12, 15, 194, 0, 15, 45, 21143 }, // U+0405
    { 4, 15, 105, 1, 15, 15, 21188 }, // U+0406
    { 9, 19, 105, -1, 19, 43, 21203 }, // U+0407
    { 10, 15, 176, 0, 15, 38, 21246 }, // U+0408
    { 23, 15, 377, 0, 15, 87, 21284 }, // U+0409
    { 21, 15, 358, 1, 15, 79, 21371 }, // U+040A
    { 16, 15, 257, 0, 15, 60, 21450 }, // U+040B
    { 14, 21, 228, 1, 21, 74, 21510 }, // U+040C
    { 14, 21, 252, 1, 21, 74, 21584 }, // U+040D
    { 14, 20, 217, 0, 20, 70, 21658 }, // U+040E
    { 13, 19, 243, 1, 15, 62, 21728 }, // U+040F
    { 15, 15, 240, 0, 15, 57, 21790 }, // U+0410
    { 12, 15, 217, 1, 15, 45, 21847 }, // U+0411
    { 13, 15, 224, 1, 15, 49, 21892 }, // U+0412
    { 11, 15, 198, 1, 15, 42, 21941 }, // U+0413
    { 17, 19, 274, 0, 15, 81, 21983 }, // U+0414
    { 11, 15, 202, 1, 15, 42, 22064 }, // U+0415
    { 21, 15, 328, 0, 15, 79, 22106 }, // U+0416
    { 12, 15, 203, 0, 15, 45, 22185 }, // U+0417
    { 14, 15, 252, 1, 15, 53, 22230 }, // U+0418
    { 14, 20, 252, 1, 20, 70, 22283 }, // U+0419
    { 14, 15, 228, 1, 15, 53, 22353 }, // U+041A
    { 15, 15, 263, 0, 15, 57, 22406 }, // U+041B
    { 17, 15, 299, 1, 15, 64, 22463 }, // U+041C
    { 13, 15, 245, 1, 15, 49, 22527 }, // U+041D
    { 15, 15, 263, 1, 15, 57, 22576 }, // U+041E
    { 13, 15, 243, 1, 15, 49, 22633 }, // U+041F
    { 12, 15, 215, 1, 15, 45, 22682 }, // U+0420
    { 13, 15, 216, 1, 15, 49, 22727 }, // U+0421
    { 13, 15, 205, 0, 15, 49, 22776 }, // U+0422
    { 14, 15, 217, 0, 15, 53, 22825 }, // U+0423
    { 18, 16, 290, 0, 16, 72, 22878 }, // U+0424
    { 14, 15, 225, 0, 15, 53, 22950 }, // U+0425
    { 16, 19, 263, 1, 15, 76, 23003 }, // U+0426
    { 13, 15, 227, 0, 15, 49, 23079 }, // U+0427
    { 19, 15, 340, 1, 15, 72, 23128 }, // U+0428
    { 22, 19, 360, 1, 15, 105, 23200 }, // U+0429
    { 16, 15, 258, 0, 15, 60, 23305 }, // U+042A
    { 17, 15, 309, 1, 15, 64, 23365 }, // U+042B
    { 12, 15, 220, 1, 15, 45, 23429 }, // U+042C
    { 14, 15, 227, 0, 15, 53, 23474 }, // U+042D
    { 21, 15, 360, 1, 15, 79, 23527 }, // U+042E
    { 13, 15, 230, 0, 15, 49, 23606 }, // U+042F
    { 11, 11, 184, 0, 11, 31, 23655 }, // U+0430
    { 12, 16, 200, 0, 16, 48, 23686 }, // U+0431
    { 11, 11, 199, 1, 11, 31, 23734 }, // U+0432
    { 9, 11, 151, 1, 11, 25, 23765 }, // U+0433
    { 14, 14, 226, 0, 11, 49, 23790 }, // U+0434
    { 12, 11, 195, 0, 11, 33, 23839 }, // U+0435
    { 18, 11, 283, 0, 11, 50, 23872 }, // U+0436
    { 10, 11, 165, 0, 11, 28, 23922 }, // U+0437
    { 11, 11, 206, 1, 11, 31, 23950 }, // U+0438
    { 11, 17, 206, 1, 17, 47, 23981 }, // U+0439
    { 12, 11, 195, 1, 11, 33, 24028 }, // U+043A
    { 12, 11, 209, 0, 11, 33, 24061 }, // U+043B
    { 14, 11, 254, 1, 11, 39, 24094 }, // U+043C
    { 10, 11, 198, 1, 11, 28, 24133 }, // U+043D
    { 12, 11, 202, 0, 11, 33, 24161 }, // U+043E
    { 10, 11, 198, 1, 11, 28, 24194 }, // U+043F
    { 11, 15, 201, 1, 11, 42, 24222 }, // U+0440
    { 10, 11, 167, 0, 11, 28, 24264 }, // U+0441
    { 11, 11, 175, 0, 11, 31, 24292 }, // U+0442
    { 12, 15, 182, 0, 11, 45, 24323 }, // U+0443
    { 16, 20, 265, 0, 16, 80, 24368 }, // U+0444
    { 12, 11, 185, 0, 11, 33, 24448 }, // U+0445
    { 12, 14, 211, 1, 11, 42, 24481 }, // U+0446
    { 11, 11, 189, 0, 11, 31, 24523 }, // U+0447
    { 16, 11, 287, 1, 11, 44, 24554 }, // U+0448
    { 18, 14, 300, 1, 11, 63, 24598 }, // U+0449
    { 13, 11, 213, 0, 11, 36, 24661 }, // U+044A
    { 15, 11, 275, 1, 11, 42, 24697 }, // U+044B
    { 11, 11, 188, 1, 11, 31, 24739 }, // U+044C
    { 11, 11, 174, 0, 11, 31, 24770 }, // U+044D
    { 17, 11, 291, 1, 11, 47, 24801 }, // U+044E
    { 11, 11, 195, 0, 11, 31, 24848 }, // U+044F
    { 12, 17, 195, 0, 17, 51, 24879 }, // U+0450
    { 12, 16, 195, 0, 16, 48, 24930 }, // U+0451
    { 12, 20, 200, 0, 16, 60, 24978 }, // U+0452
    { 9, 17, 151, 1, 17, 39, 25038 }, // U+0453
    { 11, 11, 174, 0, 11, 31, 25077 }, // U+0454
    { 10, 11, 162, 0, 11, 28, 25108 }, // U+0455
    { 4, 16, 96, 1, 16, 16, 25136 }, // U+0456
    { 9, 16, 96, -2, 16, 36, 25152 }, // U+0457
    { 7, 20, 96, -2, 16, 35, 25188 }, // U+0458
    { 19, 11, 301, 0, 11, 53, 25223 }, // U+0459
    { 17, 11, 289, 1, 11, 47, 25276 }, // U+045A
    { 12, 16, 200, 0, 16, 48, 25323 }, // U+045B
    { 12, 17, 195, 1, 17, 51, 25371 }, // U+045C
    { 11, 17, 206, 1, 17, 47, 25422 }, // U+045D
    { 12, 21, 182, 0, 17, 63, 25469 }, // U+045E
    { 10, 14, 198, 1, 11, 35, 25532 }, // U+045F
    { 15, 16, 249, 0, 16, 60, 25567 }, // U+0462
    { 13, 16, 212, 0, 16, 52, 25627 }, // U+0463
    { 15, 15, 263, 1, 15, 57, 25679 }, // U+0472
    { 12, 11, 202, 0, 11, 33, 25736 }, // U+0473
    { 18, 15, 264, 0, 15, 68, 25769 }, // U+0474
    { 13, 11, 199, 0, 11, 36, 25837 }, // U+0475
    { 16, 23, 276, 1, 19, 92, 25873 }, // U+048A
    { 13, 19, 210, 1, 16, 62, 25965 }, // U+048B
    { 13, 15, 220, 0, 15, 49, 26027 }, // U+048C
    { 12, 11, 189, 0, 11, 33, 26076 }, // U+048D
    { 12, 15, 218, 1, 15, 45, 26109 }, // U+048E
    { 11, 15, 205, 1, 11, 42, 26154 }, // U+048F
    { 11, 18, 191, 1, 18, 50, 26196 }, // U+0490
    { 9, 14, 154, 1, 14, 32, 26246 }, // U+0491
    { 12, 15, 211, 1, 15, 45, 26278 }, // U+0492
    { 10, 11, 175, 1, 11, 28, 26323 }, // U+0493
    { 13, 19, 225, 1, 15, 62, 26351 }, // U+0494
    { 11, 15, 190, 1, 11, 42, 26413 }, // U+0495
    { 22, 19, 341, 0, 15, 105, 26455 }, // U+0496
    { 18, 14, 291, 0, 11, 63, 26560 }, // U+0497
    { 12, 20, 203, 0, 15, 60, 26623 }, // U+0498
    { 10, 16, 165, 0, 11, 40, 26683 }, // U+0499
    { 15, 19, 246, 1, 15, 72, 26723 }, // U+049A
    { 12, 14, 202, 1, 11, 42, 26795 }, // U+049B
    { 16, 15, 261, 1, 15, 60, 26837 }, // U+049C
    { 14, 11, 227, 1, 11, 39, 26897 }, // U+049D
    { 15, 16, 236, 0, 16, 60, 26936 }, // U+049E
    { 13, 12, 202, 0, 12, 39, 26996 }, // U+049F
    { 17, 15, 266, 0, 15, 64, 27035 }, // U+04A0
    { 14, 11, 219, 0, 11, 39, 27099 }, // U+04A1
    { 16, 19, 269, 1, 15, 76, 27138 }, // U+04A2
    { 12, 14, 212, 1, 11, 42, 27214 }, // U+04A3
    { 17, 15, 279, 1, 15, 64, 27256 }, // U+04A4
    { 13, 11, 218, 1, 11, 36, 27320 }, // U+04A5
    { 22, 19, 370, 1, 15, 105, 27356 }, // U+04A6
    { 17, 15, 291, 1, 11, 64, 27461 }, // U+04A7
    { 16, 19, 267, 1, 15, 76, 27525 }, // U+04A8
    { 13, 14, 211, 0, 11, 46, 27601 }, // U+04A9
    { 13, 20, 216, 1, 15, 65, 27647 }, // U+04AA
    { 10, 15, 167, 0, 11, 38, 27712 }, // U+04AB
    { 13, 19, 205, 0, 15, 62, 27750 }, // U+04AC
    { 11, 14, 168, 0, 11, 39, 27812 }, // U+04AD
    { 14, 15, 220, 0, 15, 53, 27851 }, // U+04AE
    { 12, 15, 183, 0, 11, 45, 27904 }, // U+04AF
    { 14, 15, 220, 0, 15, 53, 27949 }, // U+04B0
    { 12, 15, 183, 0, 11, 45, 28002 }, // U+04B1
    { 15, 19, 239, 0, 15, 72, 28047 }, // U+04B2
    { 12, 14, 196, 0, 11, 42, 28119 }, // U+04B3
    { 20, 19, 313, 0, 15, 95, 28161 }, // U+04B4
    { 15, 14, 232, 0, 11, 53, 28256 }, // U+04B5
    { 14, 19, 241, 1, 15, 67, 28309 }, // U+04B6
    { 13, 14, 196, 0, 11, 46, 28376 }, // U+04B7
    { 12, 15, 227, 1, 15, 45, 28422 }, // U+04B8
    { 11, 11, 187, 0, 11, 31, 28467 }, // U+04B9
    { 13, 15, 233, 1, 15, 49, 28498 }, // U+04BA
    { 10, 16, 196, 1, 16, 40, 28547 }, // U+04BB
    { 18, 15, 293, 0, 15, 68, 28587 }, // U+04BC
    { 14, 11, 236, 0, 11, 39, 28655 }, // U+04BD
    { 18, 19, 293, 0, 15, 86, 28694 }, // U+04BE
    { 14, 14, 236, 0, 11, 49, 28780 }, // U+04BF
    { 4, 15, 105, 1, 15, 15, 28829 }, // U+04C0
    { 21, 20, 328, 0, 20, 105, 28844 }, // U+04C1
    { 18, 17, 283, 0, 17, 77, 28949 }, // U+04C2
    { 13, 19, 234, 1, 15, 62, 29026 }, // U+04C3
    { 11, 15, 191, 1, 11, 42, 29088 }, // U+04C4
    { 18, 19, 277, 0, 15, 86, 29130 }, // U+04C5
    { 14, 14, 225, 0, 11, 49, 29216 }, // U+04C6
    { 13, 19, 245, 1, 15, 62, 29265 }, // U+04C7
    { 11, 15, 200, 1, 11, 42, 29327 }, // U+04C8
    { 16, 19, 262, 1, 15, 76, 29369 }, // U+04C9
    { 12, 14, 209, 1, 11, 42, 29445 }, // U+04CA
    { 13, 19, 227, 0, 15, 62, 29487 }, // U+04CB
    { 11, 14, 189, 0, 11, 39, 29549 }, // U+04CC
    { 19, 19, 317, 1, 15, 91, 29588 }, // U+04CD
    { 16, 14, 265, 1, 11, 56, 29679 }, // U+04CE
    { 4, 15, 96, 1, 15, 15, 29735 }, // U+04CF
    { 15, 20, 240, 0, 20, 75, 29750 }, // U+04D0
    { 11, 17, 184, 0, 17, 47, 29825 }, // U+04D1
    { 15, 19, 240, 0, 19, 72, 29872 }, // U+04D2
    { 11, 16, 184, 0, 16, 44, 29944 }, // U+04D3
    { 21, 15, 331, 0, 15, 79, 29988 }, // U+04D4
    { 18, 11, 291, 0, 11, 50, 30067 }, // U+04D5
    { 11, 20, 202, 1, 20, 55, 30117 }, // U+04D6
    { 12, 17, 195, 0, 17, 51, 30172 }, // U+04D7
    { 14, 15, 243, 1, 15, 53, 30223 }, // U+04D8
    { 12, 11, 195, 0, 11, 33, 30276 }, // U+04D9
    { 14, 19, 243, 1, 19, 67, 30309 }, // U+04DA
    { 12, 16, 195, 0, 16, 48, 30376 }, // U+04DB
    { 21, 19, 328, 0, 19, 100, 30424 }, // U+04DC
    { 18, 16, 283, 0, 16, 72, 30524 }, // U+04DD
    { 12, 20, 203, 0, 20, 60, 30596 }, // U+04DE
    { 10, 16, 165, 0, 16, 40, 30656 }, // U+04DF
    { 12, 15, 205, 0, 15, 45, 30696 }, // U+04E0
    { 10, 15, 172, 0, 11, 38, 30741 }, // U+04E1
    { 14, 18, 252, 1, 18, 63, 30779 }, // U+04E2
    { 11, 15, 206, 1, 15, 42, 30842 }, // U+04E3
    { 14, 19, 252, 1, 19, 67, 30884 }, // U+04E4
    { 11, 16, 206, 1, 16, 44, 30951 }, // U+04E5
    { 15, 19, 263, 1, 19, 72, 30995 }, // U+04E6
    { 12, 16, 202, 0, 16, 48, 31067 }, // U+04E7
    { 15, 15, 263, 1, 15, 57, 31115 }, // U+04E8
    { 12, 11, 202, 0, 11, 33, 31172 }, // U+04E9
    { 15, 19, 263, 1, 19, 72, 31205 }, // U+04EA
    { 12, 16, 202, 0, 16, 48, 31277 }, // U+04EB
    { 14, 19, 227, 0, 19, 67, 31325 }, // U+04EC
    { 11, 16, 174, 0, 16, 44, 31392 }, // U+04ED
    { 14, 18, 217, 0, 18, 63, 31436 }, // U+04EE
    { 12, 19, 182, 0, 15, 57, 31499 }, // U+04EF
    { 14, 19, 217, 0, 19, 67, 31556 }, // U+04F0
    { 12, 20, 182, 0, 16, 60, 31623 }, // U+04F1
    { 14, 21, 217, 0, 21, 74, 31683 }, // U+04F2
    { 12, 21, 182, 0, 17, 63, 31757 }, // U+04F3
    { 13, 19, 227, 0, 19, 62, 31820 }, // U+04F4
    { 11, 16, 189, 0, 16, 44, 31882 }, // U+04F5
    { 11, 19, 198, 1, 15, 53, 31926 }, // U+04F6
    { 9, 14, 151, 1, 11, 32, 31979 }, // U+04F7
    { 17, 19, 309, 1, 19, 81, 32011 }, // U+04F8
    { 15, 16, 275, 1, 16, 60, 32092 }, // U+04F9
    { 14, 13, 225, 0, 13, 46, 32152 }, // U+05D0
    { 12, 13, 198, 0, 13, 39, 32198 }, // U+05D1
    { 9, 14, 137, 0, 13, 32, 32237 }, // U+05D2
    { 12, 13, 190, 0, 13, 39, 32269 }, // U+05D3
    { 12, 13, 219, 1, 13, 39, 32308 }, // U+05D4
    { 6, 13, 113, 0, 13, 20, 32347 }, // U+05D5
    { 8, 13, 124, 0, 13, 26, 32367 }, // U+05D6
    { 14, 13, 229, 0, 13, 46, 32393 }, // U+05D7
    { 13, 13, 220, 0, 13, 43, 32439 }, // U+05D8
    { 6, 8, 111, 0, 13, 12, 32482 }, // U+05D9
    { 11, 17, 190, 0, 13, 47, 32494 }, // U+05DA
    { 11, 13, 176, 0, 13, 36, 32541 }, // U+05DB
    { 11, 17, 185, 0, 17, 47, 32577 }, // U+05DC
    { 14, 13, 234, 0, 13, 46, 32624 }, // U+05DD
    { 15, 13, 234, 0, 13, 49, 32670 }, // U+05DE
    { 6, 17, 118, 0, 13, 26, 32719 }, // U+05DF
    { 8, 13, 135, 0, 13, 26, 32745 }, // U+05E0
    { 14, 13, 227, 0, 13, 46, 32771 }, // U+05E1
    { 13, 15, 210, 0, 14, 49, 32817 }, // U+05E2
    { 13, 17, 218, 0, 13, 56, 32866 }, // U+05E3
    { 13, 13, 209, 0, 13, 43, 32922 }, // U+05E4
    { 12, 17, 196, 0, 13, 51, 32965 }, // U+05E5
    { 12, 13, 197, 0, 13, 39, 33016 }, // U+05E6
    { 14, 17, 218, 0, 13, 60, 33055 }, // U+05E7
    { 10, 13, 181, 0, 13, 33, 33115 }, // U+05E8
    { 15, 13, 262, 1, 13, 49, 33148 }, // U+05E9
    { 14, 13, 241, 0, 13, 46, 33197 }, // U+05EA
    { 4, 7, 108, 1, 6, 7, 33243 }, // U+060C
    { 6, 16, 113, 0, 15, 24, 33250 }, // U+061B
    { 11, 17, 171, 0, 16, 47, 33274 }, // U+061F
    { 10, 12, 157, 0, 10, 30, 33321 }, // U+0621
    { 8, 4, 96, 0, 3, 8, 33351 }, // U+0640
    { 6, 6, 191, 3, 9, 9, 33359 }, // U+0660
    { 6, 16, 191, 3, 15, 24, 33368 }, // U+0661
    { 10, 16, 191, 1, 15, 40, 33392 }, // U+0662
    { 12, 16, 191, 0, 15, 48, 33432 }, // U+0663
    { 10, 16, 191, 1, 15, 40, 33480 }, // U+0664
    { 10, 12, 191, 1, 12, 30, 33520 }, // U+0665
    { 12, 16, 191, 0, 15, 48, 33550 }, // U+0666
    { 12, 16, 191, 0, 15, 48, 33598 }, // U+0667
    { 12, 16, 191, 0, 15, 48, 33646 }, // U+0668
    { 10, 15, 191, 1, 15, 38, 33694 }, // U+0669
    { 15, 13, 247, 0, 8, 49, 33732 }, // U+06BA
    { 7, 2, 108, 0, 2, 4, 33781 }, // U+06D4
    { 6, 6, 191, 3, 9, 9, 33785 }, // U+06F0
    { 6, 16, 191, 3, 15, 24, 33794 }, // U+06F1
    { 10, 16, 191, 1, 15, 40, 33818 }, // U+06F2
    { 12, 16, 191, 0, 15, 48, 33858 }, // U+06F3
    { 12, 16, 191, 0, 15, 48, 33906 }, // U+06F4
    { 12, 15, 191, 0, 15, 45, 33954 }, // U+06F5
    { 10, 16, 191, 1, 15, 40, 33999 }, // U+06F6
    { 12, 16, 191, 0, 15, 48, 34039 }, // U+06F7
    { 12, 16, 191, 0, 15, 48, 34087 }, // U+06F8
    { 10, 15, 191, 1, 15, 38, 34135 }, // U+06F9
    { 15, 20, 240, 0, 15, 75, 34173 }, // U+1EA0
    { 11, 17, 184, 0, 12, 47, 34248 }, // U+1EA1
    { 15, 20, 240, 0, 20, 75, 34295 }, // U+1EA2
    { 11, 18, 184, 0, 17, 50, 34370 }, // U+1EA3
    { 15, 23, 240, 0, 23, 87, 34420 }, // U+1EA4
    { 13, 21, 184, 0, 20, 69, 34507 }, // U+1EA5
    { 15, 23, 240, 0, 23, 87, 34576 }, // U+1EA6
    { 11, 21, 184, 0, 20, 58, 34663 }, // U+1EA7
    { 15, 24, 240, 0, 24, 90, 34721 }, // U+1EA8
    { 12, 21, 184, 0, 20, 63, 34811 }, // U+1EA9
    { 15, 24, 240, 0, 24, 90, 34874 }, // U+1EAA
    { 11, 21, 184, 0, 20, 58, 34964 }, // U+1EAB
    { 15, 25, 240, 0, 20, 94, 35022 }, // U+1EAC
    { 11, 22, 184, 0, 17, 61, 35116 }, // U+1EAD
    { 15, 24, 240, 0, 24, 90, 35177 }, // U+1EAE
    { 11, 22, 184, 0, 21, 61, 35267 }, // U+1EAF
    { 15, 24, 240, 0, 24, 90, 35328 }, // U+1EB0
    { 11, 22, 184, 0, 21, 61, 35418 }, // U+1EB1
    { 15, 25, 240, 0, 25, 94, 35479 }, // U+1EB2
    { 11, 22, 184, 0, 21, 61, 35573 }, // U+1EB3
    { 15, 24, 240, 0, 24, 90, 35634 }, // U+1EB4
    { 11, 21, 184, 0, 20, 58, 35724 }, // U+1EB5
    { 15, 25, 240, 0, 20, 94, 35782 }, // U+1EB6
    { 11, 21, 184, 0, 16, 58, 35876 }, // U+1EB7
    { 11, 20, 202, 1, 15, 55, 35934 }, // U+1EB8
    { 12, 17, 195, 0, 12, 51, 35989 }, // U+1EB9
    { 11, 20, 202, 1, 20, 55, 36040 }, // U+1EBA
    { 12, 18, 195, 0, 17, 54, 36095 }, // U+1EBB
    { 11, 20, 202, 1, 20, 55, 36149 }, // U+1EBC
    { 12, 17, 195, 0, 16, 51, 36204 }, // U+1EBD
    { 13, 23, 202, 1, 23, 75, 36255 }, // U+1EBE
    { 13, 20, 195, 0, 19, 65, 36330 }, // U+1EBF
    { 11, 23, 202, 1, 23, 64, 36395 }, // U+1EC0
    { 12, 21, 195, 0, 20, 63, 36459 }, // U+1EC1
    { 12, 23, 202, 1, 23, 69, 36522 }, // U+1EC2
    { 13, 21, 195, 0, 20, 69, 36591 }, // U+1EC3
    { 11, 24, 202, 1, 24, 66, 36660 }, // U+1EC4
    { 12, 21, 195, 0, 20, 63, 36726 }, // U+1EC5
    { 11, 25, 202, 1, 20, 69, 36789 }, // U+1EC6
    { 12, 22, 195, 0, 17, 66, 36858 }, // U+1EC7
    { 6, 20, 105, 0, 20, 30, 36924 }, // U+1EC8
    { 6, 17, 96, 0, 17, 26, 36954 }, // U+1EC9
    { 4, 20, 105, 1, 15, 20, 36980 }, // U+1ECA
    { 4, 21, 96, 1, 16, 21, 37000 }, // U+1ECB
    { 15, 20, 263, 1, 15, 75, 37021 }, // U+1ECC
    { 12, 17, 202, 0, 12, 51, 37096 }, // U+1ECD
    { 15, 21, 263, 1, 20, 79, 37147 }, // U+1ECE
    { 12, 18, 202, 0, 17, 54, 37226 }, // U+1ECF
    { 15, 24, 263, 1, 23, 90, 37280 }, // U+1ED0
    { 13, 21, 202, 0, 20, 69, 37370 }, // U+1ED1
    { 15, 24, 263, 1, 23, 90, 37439 }, // U+1ED2
    { 12, 21, 202, 0, 20, 63, 37529 }, // U+1ED3
    { 15, 25, 263, 1, 24, 94, 37592 }, // U+1ED4
    { 13, 21, 202, 0, 20, 69, 37686 }, // U+1ED5
    { 15, 25, 263, 1, 24, 94, 37755 }, // U+1ED6
    { 12, 21, 202, 0, 20, 63, 37849 }, // U+1ED7
    { 15, 25, 263, 1, 20, 94, 37912 }, // U+1ED8
    { 12, 22, 202, 0, 17, 66, 38006 }, // U+1ED9
    { 15, 21, 263, 1, 20, 79, 38072 }, // U+1EDA
    { 13, 18, 202, 0, 17, 59, 38151 }, // U+1EDB
    { 15, 21, 263, 1, 20, 79, 38210 }, // U+1EDC
    { 13, 18, 202, 0, 17, 59, 38289 }, // U+1EDD
    { 15, 21, 263, 1, 20, 79, 38348 }, // U+1EDE
    { 13, 18, 202, 0, 17, 59, 38427 }, // U+1EDF
    { 15, 21, 263, 1, 20, 79, 38486 }, // U+1EE0
    { 13, 17, 202, 0, 16, 56, 38565 }, // U+1EE1
    { 15, 22, 263, 1, 17, 83, 38621 }, // U+1EE2
    { 13, 19, 202, 0, 14, 62, 38704 }, // U+1EE3
    { 13, 20, 236, 1, 15, 65, 38766 }, // U+1EE4
    { 10, 16, 196, 1, 11, 40, 38831 }, // U+1EE5
    { 13, 21, 236, 1, 20, 69, 38871 }, // U+1EE6
    { 10, 18, 196, 1, 17, 45, 38940 }, // U+1EE7
    { 15, 21, 249, 1, 20, 79, 38985 }, // U+1EE8
    { 13, 18, 209, 1, 17, 59, 39064 }, // U+1EE9
    { 15, 21, 249, 1, 20, 79, 39123 }, // U+1EEA
    { 13, 18, 209, 1, 17, 59, 39202 }, // U+1EEB
    { 15, 21, 249, 1, 20, 79, 39261 }, // U+1EEC
    { 13, 18, 209, 1, 17, 59, 39340 }, // U+1EED
    { 15, 21, 249, 1, 20, 79, 39399 }, // U+1EEE
    { 13, 17, 209, 1, 16, 56, 39478 }, // U+1EEF
    { 15, 22, 249, 1, 17, 83, 39534 }, // U+1EF0
    { 13, 19, 209, 1, 14, 62, 39617 }, // U+1EF1
    { 14, 21, 220, 0, 21, 74, 39679 }, // U+1EF2
    { 12, 21, 182, 0, 17, 63, 39753 }, // U+1EF3
    { 14, 20, 220, 0, 15, 70, 39816 }, // U+1EF4
    { 12, 15, 182, 0, 11, 45, 39886 }, // U+1EF5
    { 14, 20, 220, 0, 20, 70, 39931 }, // U+1EF6
    { 12, 21, 182, 0, 17, 63, 40001 }, // U+1EF7
    { 14, 20, 220, 0, 20, 70, 40064 }, // U+1EF8
    { 12, 20, 182, 0, 16, 60, 40134 }, // U+1EF9
    { 0, 0, 43, 0, 0, 0, 40194 }, // U+2009
    { 0, 0, 0, 0, 0, 0, 40194 }, // U+200B
    { 2, 16, 0, -1, 15, 8, 40194 }, // U+200C
    { 6, 16, 0, -3, 15, 24, 40202 }, // U+200D
    { 6, 16, 0, -1, 15, 24, 40226 }, // U+200E
    { 6, 16, 0, -5, 15, 24, 40250 }, // U+200F
    { 7, 3, 106, 0, 8, 6, 40274 }, // U+2010
    { 7, 3, 107, 0, 7, 6, 40280 }, // U+2011
    { 11, 3, 167, 0, 8, 9, 40286 }, // U+2013
    { 21, 3, 333, 0, 8, 16, 40295 }, // U+2014
    { 21, 3, 333, 0, 8, 16, 40311 }, // U+2015
    { 5, 6, 81, 0, 16, 8, 40327 }, // U+2018
    { 5, 6, 81, 0, 16, 8, 40335 }, // U+2019
    { 5, 6, 81, 0, 3, 8, 40343 }, // U+201A
    { 10, 6, 151, 0, 16, 15, 40351 }, // U+201C
    { 9, 6, 151, 0, 16, 14, 40366 }, // U+201D
    { 9, 6, 151, 0, 3, 14, 40380 }, // U+201E
    { 10, 18, 165, 0, 15, 45, 40394 }, // U+2020
    { 10, 18, 165, 0, 15, 45, 40439 }, // U+2021
    { 7, 6, 121, 0, 10, 11, 40484 }, // U+2022
    { 19, 4, 333, 1, 4, 19, 40495 }, // U+2026
    { 0, 0, 43, 0, 0, 0, 40514 }, // U+202F
    { 27, 15, 440, 0, 15, 102, 40514 }, // U+2030
    { 7, 11, 109, 0, 11, 20, 40616 }, // U+2039
    { 7, 11, 109, 0, 11, 20, 40636 }, // U+203A
    { 11, 15, 51, -4, 15, 42, 40656 }, // U+2044
    { 6, 16, 113, 0, 15, 24, 40698 }, // U+204F
    { 8, 9, 121, 0, 15, 18, 40722 }, // U+2070
    { 8, 8, 121, 0, 15, 16, 40740 }, // U+2074
    { 7, 9, 121, 0, 15, 16, 40756 }, // U+2075
    { 8, 9, 121, 0, 15, 18, 40772 }, // U+2076
    { 8, 8, 121, 0, 15, 16, 40790 }, // U+2077
    { 8, 9, 121, 0, 15, 18, 40806 }, // U+2078
    { 8, 9, 121, 0, 15, 18, 40824 }, // U+2079
    { 8, 9, 121, 0, 9, 18, 40842 }, // U+2080
    { 6, 9, 121, 0, 9, 14, 40860 }, // U+2081
    { 7, 9, 121, 0, 9, 16, 40874 }, // U+2082
    { 7, 9, 121, 0, 9, 16, 40890 }, // U+2083
    { 8, 8, 121, 0, 9, 16, 40906 }, // U+2084
    { 7, 9, 121, 0, 9, 16, 40922 }, // U+2085
    { 8, 9, 121, 0, 9, 18, 40938 }, // U+2086
    { 8, 8, 121, 0, 9, 16, 40956 }, // U+2087
    { 8, 9, 121, 0, 9, 18, 40972 }, // U+2088
    { 8, 9, 121, 0, 9, 18, 40990 }, // U+2089
    { 16, 13, 288, 1, 13, 52, 41008 }, // U+20AA
    { 12, 15, 189, 0, 15, 45, 41060 }, // U+20AC
    { 12, 15, 189, 0, 15, 45, 41105 }, // U+20AE
    { 12, 15, 189, 0, 15, 45, 41150 }, // U+20B4
    { 13, 15, 189, 0, 15, 49, 41195 }, // U+20B9
    { 12, 15, 204, 0, 15, 45, 41244 }, // U+2202
    { 15, 15, 231, 0, 15, 57, 41289 }, // U+2206
    { 13, 17, 243, 1, 15, 56, 41346 }, // U+220F
    { 11, 17, 181, 0, 15, 47, 41402 }, // U+2211
    { 10, 3, 189, 1, 8, 8, 41449 }, // U+2212
    { 11, 15, 51, -4, 15, 42, 41457 }, // U+2215
    { 5, 4, 82, 0, 9, 5, 41499 }, // U+2219
    { 14, 15, 201, 0, 15, 53, 41504 }, // U+221A
    { 13, 7, 212, 0, 10, 23, 41557 }, // U+221E
    { 9, 21, 134, 0, 16, 48, 41580 }, // U+222B
    { 12, 11, 189, 0, 12, 33, 41628 }, // U+2248
    { 10, 14, 189, 1, 14, 35, 41661 }, // U+2260
    { 10, 13, 189, 1, 13, 33, 41696 }, // U+2264
    { 10, 13, 189, 1, 13, 33, 41729 }, // U+2265
    { 17, 16, 280, 1, 16, 68, 41762 }, // U+FB00
    { 13, 16, 236, 1, 16, 52, 41830 }, // U+FB01
    { 15, 16, 245, 1, 16, 60, 41882 }, // U+FB02
    { 22, 16, 376, 1, 16, 88, 41942 }, // U+FB03
    { 23, 16, 385, 1, 16, 92, 42030 }, // U+FB04
    { 21, 18, 341, 0, 10, 95, 42122 }, // U+FB56
    { 26, 17, 381, 0, 9, 111, 42217 }, // U+FB57
    { 7, 18, 120, 0, 10, 32, 42328 }, // U+FB58
    { 11, 16, 136, 0, 8, 44, 42360 }, // U+FB59
    { 21, 17, 341, 0, 16, 90, 42404 }, // U+FB66
    { 26, 17, 381, 0, 16, 111, 42494 }, // U+FB67
    { 6, 19, 106, 0, 18, 29, 42605 }, // U+FB68
    { 11, 17, 136, 0, 16, 47, 42634 }, // U+FB69
    { 15, 20, 229, 0, 11, 75, 42681 }, // U+FB7A
    { 18, 20, 253, 0, 11, 90, 42756 }, // U+FB7B
    { 13, 18, 210, 0, 10, 59, 42846 }, // U+FB7C
    { 16, 18, 218, 0, 10, 72, 42905 }, // U+FB7D
    { 10, 20, 172, 0, 19, 50, 42977 }, // U+FB88
    { 14, 20, 190, 0, 19, 70, 43027 }, // U+FB89
    { 9, 21, 136, -1, 16, 48, 43097 }, // U+FB8A
    { 13, 21, 150, -1, 16, 69, 43145 }, // U+FB8B
    { 9, 22, 136, -1, 17, 50, 43214 }, // U+FB8C
    { 13, 22, 150, -1, 17, 72, 43264 }, // U+FB8D
    { 20, 16, 303, 0, 15, 80, 43336 }, // U+FB8E
    { 22, 16, 317, 0, 15, 88, 43416 }, // U+FB8F
    { 10, 16, 151, 0, 15, 40, 43504 }, // U+FB90
    { 13, 16, 169, 0, 15, 52, 43544 }, // U+FB91
    { 20, 20, 303, 0, 19, 100, 43596 }, // U+FB92
    { 22, 20, 317, 0, 19, 110, 43696 }, // U+FB93
    { 11, 20, 151, -1, 19, 55, 43806 }, // U+FB94
    { 14, 20, 169, -1, 19, 70, 43861 }, // U+FB95
    { 15, 13, 247, 0, 8, 49, 43931 }, // U+FB9E
    { 19, 13, 268, 0, 8, 62, 43980 }, // U+FB9F
    { 10, 13, 157, 0, 12, 33, 44042 }, // U+FBA6
    { 14, 10, 195, 0, 9, 35, 44075 }, // U+FBA7
    { 6, 14, 106, 0, 10, 21, 44110 }, // U+FBA8
    { 13, 11, 172, 0, 5, 36, 44131 }, // U+FBA9
    { 16, 13, 257, 0, 12, 52, 44167 }, // U+FBAA
    { 16, 15, 228, 0, 10, 60, 44219 }, // U+FBAB
    { 13, 13, 214, 0, 12, 43, 44279 }, // U+FBAC
    { 14, 15, 190, 0, 10, 53, 44322 }, // U+FBAD
    { 20, 12, 314, 0, 11, 60, 44375 }, // U+FBAE
    { 14, 10, 187, 0, 3, 35, 44435 }, // U+FBAF
    { 20, 18, 314, 0, 17, 90, 44470 }, // U+FBB0
    { 14, 16, 187, 0, 9, 56, 44560 }, // U+FBB1
    { 17, 15, 274, 0, 10, 64, 44616 }, // U+FBFC
    { 19, 11, 267, 0, 6, 53, 44680 }, // U+FBFD
    { 7, 15, 120, 0, 10, 27, 44733 }, // U+FBFE
    { 11, 13, 136, 0, 8, 36, 44760 }, // U+FBFF
    { 10, 12, 157, 0, 10, 30, 44796 }, // U+FE80
    { 9, 19, 90, -2, 19, 43, 44826 }, // U+FE81
    { 10, 21, 106, -1, 20, 53, 44869 }, // U+FE82
    { 5, 21, 90, 0, 21, 27, 44922 }, // U+FE83
    { 9, 23, 106, 0, 22, 52, 44949 }, // U+FE84
    { 10, 20, 166, 0, 15, 50, 45001 }, // U+FE85
    { 13, 21, 175, 0, 16, 69, 45051 }, // U+FE86
    { 5, 23, 91, 1, 16, 29, 45120 }, // U+FE87
    { 8, 23, 106, 1, 16, 46, 45149 }, // U+FE88
    { 17, 17, 274, 0, 12, 73, 45195 }, // U+FE89
    { 19, 17, 267, 0, 12, 81, 45268 }, // U+FE8A
    { 6, 18, 106, 0, 17, 27, 45349 }, // U+FE8B
    { 10, 16, 128, 0, 15, 40, 45376 }, // U+FE8C
    { 4, 16, 91, 1, 16, 16, 45416 }, // U+FE8D
    { 8, 17, 106, 1, 16, 34, 45432 }, // U+FE8E
    { 21, 15, 341, 0, 10, 79, 45466 }, // U+FE8F
    { 26, 14, 381, 0, 9, 91, 45545 }, // U+FE90
    { 6, 15, 106, 0, 10, 23, 45636 }, // U+FE91
    { 10, 13, 128, 0, 8, 33, 45659 }, // U+FE92
    { 10, 18, 157, 0, 17, 45, 45692 }, // U+FE93
    { 14, 19, 185, 0, 18, 67, 45737 }, // U+FE94
    { 21, 14, 341, 0, 13, 74, 45804 }, // U+FE95
    { 26, 14, 381, 0, 13, 91, 45878 }, // U+FE96
    { 8, 16, 106, -1, 15, 32, 45969 }, // U+FE97
    { 11, 14, 136, 0, 13, 39, 46001 }, // U+FE98
    { 21, 16, 341, 0, 15, 84, 46040 }, // U+FE99
    { 26, 16, 381, 0, 15, 104, 46124 }, // U+FE9A
    { 6, 18, 106, 0, 17, 27, 46228 }, // U+FE9B
    { 11, 16, 136, 0, 15, 44, 46255 }, // U+FE9C
    { 14, 20, 229, 0, 11, 70, 46299 }, // U+FE9D
    { 18, 20, 246, 0, 11, 90, 46369 }, // U+FE9E
    { 13, 15, 210, 0, 10, 49, 46459 }, // U+FE9F
    { 16, 15, 218, 0, 10, 60, 46508 }, // U+FEA0
    { 14, 20, 229, 0, 11, 70, 46568 }, // U+FEA1
    { 18, 20, 246, 0, 11, 90, 46638 }, // U+FEA2
    { 13, 11, 210, 0, 10, 36, 46728 }, // U+FEA3
    { 16, 11, 218, 0, 10, 44, 46764 }, // U+FEA4
    { 14, 25, 229, 0, 16, 88, 46808 }, // U+FEA5
    { 18, 25, 246, 0, 16, 113, 46896 }, // U+FEA6
    { 13, 16, 210, 0, 15, 52, 47009 }, // U+FEA7
    { 16, 16, 218, 0, 15, 64, 47061 }, // U+FEA8
    { 10, 12, 172, 0, 11, 30, 47125 }, // U+FEA9
    { 14, 12, 190, 0, 11, 42, 47155 }, // U+FEAA
    { 10, 17, 172, 0, 16, 43, 47197 }, // U+FEAB
    { 14, 17, 190, 0, 16, 60, 47240 }, // U+FEAC
    { 9, 13, 136, -1, 8, 30, 47300 }, // U+FEAD
    { 13, 13, 150, -1, 8, 43, 47330 }, // U+FEAE
    { 9, 19, 136, -1, 14, 43, 47373 }, // U+FEAF
    { 13, 19, 150, -1, 14, 62, 47416 }, // U+FEB0
    { 28, 15, 457, 0, 10, 105, 47478 }, // U+FEB1
    { 32, 14, 480, 0, 9, 112, 47583 }, // U+FEB2
    { 19, 11, 317, 0, 10, 53, 47695 }, // U+FEB3
    { 23, 10, 340, 0, 9, 58, 47748 }, // U+FEB4
    { 28, 21, 457, 0, 16, 147, 47806 }, // U+FEB5
    { 32, 21, 480, 0, 16, 168, 47953 }, // U+FEB6
    { 19, 17, 317, 0, 16, 81, 48121 }, // U+FEB7
    { 23, 17, 340, 0, 16, 98, 48202 }, // U+FEB8
    { 29, 15, 474, 0, 10, 109, 48300 }, // U+FEB9
    { 32, 15, 481, 0, 10, 120, 48409 }, // U+FEBA
    { 20, 11, 325, 0, 10, 55, 48529 }, // U+FEBB
    { 23, 11, 335, 0, 10, 64, 48584 }, // U+FEBC
    { 29, 20, 474, 0, 15, 145, 48648 }, // U+FEBD
    { 32, 20, 481, 0, 15, 160, 48793 }, // U+FEBE
    { 20, 16, 325, 0, 15, 80, 48953 }, // U+FEBF
    { 23, 16, 335, 0, 15, 92, 49033 }, // U+FEC0
    { 17, 17, 281, 0, 16, 73, 49125 }, // U+FEC1
    { 20, 17, 287, 0, 16, 85, 49198 }, // U+FEC2
    { 15, 17, 246, 0, 16, 64, 49283 }, // U+FEC3
    { 18, 17, 254, 0, 16, 77, 49347 }, // U+FEC4
    { 17, 17, 281, 0, 16, 73, 49424 }, // U+FEC5
    { 20, 17, 287, 0, 16, 85, 49497 }, // U+FEC6
    { 15, 17, 246, 0, 16, 64, 49582 }, // U+FEC7
    { 18, 17, 254, 0, 16, 77, 49646 }, // U+FEC8
    { 14, 21, 190, 0, 12, 74, 49723 }, // U+FEC9
    { 14, 19, 190, 0, 10, 67, 49797 }, // U+FECA
    { 11, 12, 186, 0, 11, 33, 49864 }, // U+FECB
    { 15, 11, 184, -1, 10, 42, 49897 }, // U+FECC
    { 14, 26, 190, 0, 17, 91, 49939 }, // U+FECD
    { 14, 24, 190, 0, 15, 84, 50030 }, // U+FECE
    { 11, 17, 186, 0, 16, 47, 50114 }, // U+FECF
    { 15, 16, 184, -1, 15, 60, 50161 }, // U+FED0
    { 21, 19, 341, 0, 18, 100, 50221 }, // U+FED1
    { 25, 17, 372, 0, 16, 107, 50321 }, // U+FED2
    { 10, 19, 168, 0, 18, 48, 50428 }, // U+FED3
    { 13, 17, 176, 0, 16, 56, 50476 }, // U+FED4
    { 17, 19, 277, 0, 15, 81, 50532 }, // U+FED5
    { 20, 20, 285, 0, 14, 100, 50613 }, // U+FED6
    { 10, 19, 168, 0, 18, 48, 50713 }, // U+FED7
    { 13, 17, 176, 0, 16, 56, 50761 }, // U+FED8
    { 19, 17, 310, 0, 16, 81, 50817 }, // U+FED9
    { 22, 17, 325, 0, 16, 94, 50898 }, // U+FEDA
    { 10, 16, 151, 0, 15, 40, 50992 }, // U+FEDB
    { 13, 16, 169, 0, 15, 52, 51032 }, // U+FEDC
    { 15, 21, 247, 0, 16, 79, 51084 }, // U+FEDD
    { 19, 21, 264, 0, 16, 100, 51163 }, // U+FEDE
    { 6, 17, 99, 0, 16, 26, 51263 }, // U+FEDF
    { 9, 17, 115, 0, 16, 39, 51289 }, // U+FEE0
    { 11, 19, 183, 0, 10, 53, 51328 }, // U+FEE1
    { 16, 18, 220, 0, 9, 72, 51381 }, // U+FEE2
    { 12, 10, 194, 0, 9, 30, 51453 }, // U+FEE3
    { 15, 10, 208, 0, 9, 38, 51483 }, // U+FEE4
    { 15, 17, 247, 0, 12, 64, 51521 }, // U+FEE5
    { 19, 17, 268, 0, 12, 81, 51585 }, // U+FEE6
    { 6, 16, 106, 0, 15, 24, 51666 }, // U+FEE7
    { 10, 14, 128, 0, 13, 35, 51690 }, // U+FEE8
    { 10, 13, 157, 0, 12, 33, 51725 }, // U+FEE9
    { 14, 14, 185, 0, 13, 49, 51758 }, // U+FEEA
    { 13, 13, 214, 0, 12, 43, 51807 }, // U+FEEB
    { 14, 15, 190, 0, 10, 53, 51850 }, // U+FEEC
    { 10, 14, 166, 0, 9, 35, 51903 }, // U+FEED
    { 13, 14, 175, 0, 9, 46, 51938 }, // U+FEEE
    { 17, 15, 274, 0, 10, 64, 51984 }, // U+FEEF
    { 19, 11, 267, 0, 6, 53, 52048 }, // U+FEF0
    { 17, 20, 274, 0, 10, 85, 52101 }, // U+FEF1
    { 19, 16, 267, 0, 6, 76, 52186 }, // U+FEF2
    { 7, 15, 120, 0, 10, 27, 52262 }, // U+FEF3
    { 11, 13, 136, 0, 8, 36, 52289 }, // U+FEF4
    { 15, 17, 211, -2, 17, 64, 52325 }, // U+FEF5
    { 16, 19, 227, 0, 18, 76, 52389 }, // U+FEF6
    { 13, 19, 211, 0, 19, 62, 52465 }, // U+FEF7
    { 16, 21, 227, 0, 20, 84, 52527 }, // U+FEF8
    { 13, 23, 211, 0, 16, 75, 52611 }, // U+FEF9
    { 16, 23, 227, 0, 16, 92, 52686 }, // U+FEFA
    { 13, 16, 211, 0, 16, 52, 52778 }, // U+FEFB
    { 16, 17, 227, 0, 16, 68, 52830 }, // U+FEFC
};

static const EpdUnicodeInterval ubuntu_10_boldIntervals[] = {
    { 0x0, 0x0, 0x0 },
    { 0x8, 0x9, 0x1 },
    { 0xD, 0xD, 0x3 },
    { 0x1D, 0x1D, 0x4 },
    { 0x20, 0x7E, 0x5 },
    { 0xA0, 0x17F, 0x64 },
    { 0x1A0, 0x1A1, 0x144 },
    { 0x1AF, 0x1B0, 0x146 },
    { 0x1C4, 0x21F, 0x148 },
    { 0x300, 0x304, 0x1A4 },
    { 0x306, 0x308, 0x1A9 },
    { 0x30A, 0x30C, 0x1AC },
    { 0x311, 0x312, 0x1AF },
    { 0x326, 0x328, 0x1B1 },
    { 0x34F, 0x34F, 0x1B4 },
    { 0x400, 0x45F, 0x1B5 },
    { 0x462, 0x463, 0x215 },
    { 0x472, 0x475, 0x217 },
    { 0x48A, 0x4F9, 0x21B },
    { 0x5D0, 0x5EA, 0x28B },
    { 0x60C, 0x60C, 0x2A6 },
    { 0x61B, 0x61B, 0x2A7 },
    { 0x61F, 0x61F, 0x2A8 },
    { 0x621, 0x621, 0x2A9 },
    { 0x640, 0x640, 0x2AA },
    { 0x660, 0x669, 0x2AB },
    { 0x6BA, 0x6BA, 0x2B5 },
    { 0x6D4, 0x6D4, 0x2B6 },
    { 0x6F0, 0x6F9, 0x2B7 },
    { 0x1EA0, 0x1EF9, 0x2C1 },
    { 0x2009, 0x2009, 0x31B },
    { 0x200B, 0x2011, 0x31C },
    { 0x2013, 0x2015, 0x323 },
    { 0x2018, 0x201A, 0x326 },
    { 0x201C, 0x201E, 0x329 },
    { 0x2020, 0x2022, 0x32C },
    { 0x2026, 0x2026, 0x32F },
    { 0x202F, 0x2030, 0x330 },
    { 0x2039, 0x203A, 0x332 },
    { 0x2044, 0x2044, 0x334 },
    { 0x204F, 0x204F, 0x335 },
    { 0x2070, 0x2070, 0x336 },
    { 0x2074, 0x2079, 0x337 },
    { 0x2080, 0x2089, 0x33D },
    { 0x20AA, 0x20AA, 0x347 },
    { 0x20AC, 0x20AC, 0x348 },
    { 0x20AE, 0x20AE, 0x349 },
    { 0x20B4, 0x20B4, 0x34A },
    { 0x20B9, 0x20B9, 0x34B },
    { 0x2202, 0x2202, 0x34C },
    { 0x2206, 0x2206, 0x34D },
    { 0x220F, 0x220F, 0x34E },
    { 0x2211, 0x2212, 0x34F },
    { 0x2215, 0x2215, 0x351 },
    { 0x2219, 0x221A, 0x352 },
    { 0x221E, 0x221E, 0x354 },
    { 0x222B, 0x222B, 0x355 },
    { 0x2248, 0x2248, 0x356 },
    { 0x2260, 0x2260, 0x357 },
    { 0x2264, 0x2265, 0x358 },
    { 0xFB00, 0xFB04, 0x35A },
    { 0xFB56, 0xFB59, 0x35F },
    { 0xFB66, 0xFB69, 0x363 },
    { 0xFB7A, 0xFB7D, 0x367 },
    { 0xFB88, 0xFB95, 0x36B },
    { 0xFB9E, 0xFB9F, 0x379 },
    { 0xFBA6, 0xFBB1, 0x37B },
    { 0xFBFC, 0xFBFF, 0x387 },
    { 0xFE80, 0xFEFC, 0x38B },
};

static const EpdKernClassEntry ubuntu_10_boldKernLeftClasses[] = {
    { 0x0022, 1 }, // "
    { 0x0026, 2 }, // &
    { 0x0027, 1 }, // '
    { 0x0028, 3 }, // (
    { 0x0029, 4 }, // )
    { 0x002A, 5 }, // *
    { 0x002C, 6 }, // ,
    { 0x002D, 7 }, // -
    { 0x002E, 6 }, // .
    { 0x002F, 8 }, // /
    { 0x003A, 9 }, // :
    { 0x003B, 9 }, // ;
    { 0x0040, 10 }, // @
    { 0x0041, 11 }, // A
    { 0x0042, 12 }, // B
    { 0x0043, 13 }, // C
    { 0x0044, 14 }, // D
    { 0x0045, 15 }, // E
    { 0x0046, 16 }, // F
    { 0x0047, 17 }, // G
    { 0x0048, 18 }, // H
    { 0x0049, 18 }, // I
    { 0x004A, 19 }, // J
    { 0x004B, 20 }, // K
    { 0x004C, 21 }, // L
    { 0x004D, 22 }, // M
    { 0x004E, 18 }, // N
    { 0x004F, 23 }, // O
    { 0x0050, 24 }, // P
    { 0x0051, 25 }, // Q
    { 0x0052, 26 }, // R
    { 0x0053, 27 }, // S
    { 0x0054, 28 }, // T
    { 0x0055, 29 }, // U
    { 0x0056, 30 }, // V
    { 0x0057, 31 }, // W
    { 0x0058, 32 }, // X
    { 0x0059, 33 }, // Y
    { 0x005A, 34 }, // Z
    { 0x005B, 35 }, // [
    { 0x005C, 36 }, // <backslash>
    { 0x005D, 37 }, // ]
    { 0x0061, 38 }, // a
    { 0x0062, 39 }, // b
    { 0x0063, 40 }, // c
    { 0x0064, 41 }, // d
    { 0x0066, 42 }, // f
    { 0x0067, 43 }, // g
    { 0x0068, 44 }, // h
    { 0x0069, 45 }, // i
    { 0x006A, 46 }, // j
    { 0x006B, 47 }, // k
    { 0x006C, 48 }, // l
    { 0x006D, 49 }, // m
    { 0x006E, 49 }, // n
    { 0x006F, 50 }, // o
    { 0x0070, 39 }, // p
    { 0x0071, 51 }, // q
    { 0x0072, 52 }, // r
    { 0x0073, 53 }, // s
    { 0x0074, 54 }, // t
    { 0x0075, 55 }, // u
    { 0x0076, 56 }, // v
    { 0x0077, 57 }, // w
    { 0x0078, 58 }, // x
    { 0x0079, 59 }, // y
    { 0x007A, 60 }, // z
    { 0x007B, 61 }, // {
    { 0x007D, 62 }, // }
    { 0x00A1, 63 }, // U+00A1
    { 0x00AB, 64 }, // U+00AB
    { 0x00BB, 65 }, // U+00BB
    { 0x00BF, 66 }, // U+00BF
    { 0x00C0, 11 }, // U+00C0
    { 0x00C1, 11 }, // U+00C1
    { 0x00C2, 11 }, // U+00C2
    { 0x00C3, 11 }, // U+00C3
    { 0x00C4, 11 }, // U+00C4
    { 0x00C5, 11 }, // U+00C5
    { 0x00C6, 15 }, // U+00C6
    { 0x00C7, 13 }, // U+00C7
    { 0x00C8, 15 }, // U+00C8
    { 0x00C9, 15 }, // U+00C9
    { 0x00CA, 15 }, // U+00CA
    { 0x00CB, 15 }, // U+00CB
    { 0x00CC, 18 }, // U+00CC
    { 0x00CD, 18 }, // U+00CD
    { 0x00CE, 18 }, // U+00CE
    { 0x00CF, 18 }, // U+00CF
    { 0x00D0, 14 }, // U+00D0
    { 0x00D1, 18 }, // U+00D1
    { 0x00D2, 23 }, // U+00D2
    { 0x00D3, 23 }, // U+00D3
    { 0x00D4, 23 }, // U+00D4
    { 0x00D5, 23 }, // U+00D5
    { 0x00D6, 23 }, // U+00D6
    { 0x00D8, 23 }, // U+00D8
    { 0x00D9, 29 }, // U+00D9
    { 0x00DA, 29 }, // U+00DA
    { 0x00DB, 29 }, // U+00DB
    { 0x00DC, 29 }, // U+00DC
    { 0x00DD, 33 }, // U+00DD
    { 0x00DE, 67 }, // U+00DE
    { 0x00DF, 68 }, // U+00DF
    { 0x00E0, 38 }, // U+00E0
    { 0x00E1, 38 }, // U+00E1
    { 0x00E2, 38 }, // U+00E2
    { 0x00E3, 38 }, // U+00E3
    { 0x00E4, 38 }, // U+00E4
    { 0x00E5, 38 }, // U+00E5
    { 0x00E7, 40 }, // U+00E7
    { 0x00EC, 45 }, // U+00EC
    { 0x00ED, 45 }, // U+00ED
    { 0x00EE, 45 }, // U+00EE
    { 0x00EF, 45 }, // U+00EF
    { 0x00F0, 69 }, // U+00F0
    { 0x00F1, 49 }, // U+00F1
    { 0x00F2, 50 }, // U+00F2
    { 0x00F3, 50 }, // U+00F3
    { 0x00F4, 50 }, // U+00F4
    { 0x00F5, 50 }, // U+00F5
    { 0x00F6, 50 }, // U+00F6
    { 0x00F8, 50 }, // U+00F8
    { 0x00F9, 55 }, // U+00F9
    { 0x00FA, 55 }, // U+00FA
    { 0x00FB, 55 }, // U+00FB
    { 0x00FC, 55 }, // U+00FC
    { 0x00FD, 59 }, // U+00FD
    { 0x00FE, 70 }, // U+00FE
    { 0x00FF, 59 }, // U+00FF
    { 0x0100, 11 }, // U+0100
    { 0x0101, 38 }, // U+0101
    { 0x0102, 11 }, // U+0102
    { 0x0103, 38 }, // U+0103
    { 0x0104, 11 }, // U+0104
    { 0x0105, 38 }, // U+0105
    { 0x0106, 13 }, // U+0106
    { 0x0107, 40 }, // U+0107
    { 0x0108, 13 }, // U+0108
    { 0x0109, 40 }, // U+0109
    { 0x010A, 13 }, // U+010A
    { 0x010B, 40 }, // U+010B
    { 0x010C, 13 }, // U+010C
    { 0x010D, 40 }, // U+010D
    { 0x010E, 14 }, // U+010E
    { 0x010F, 71 }, // U+010F
    { 0x0110, 14 }, // U+0110
    { 0x0111, 41 }, // U+0111
    { 0x0112, 15 }, // U+0112
    { 0x0114, 15 }, // U+0114
    { 0x0116, 15 }, // U+0116
    { 0x0118, 15 }, // U+0118
    { 0x011A, 15 }, // U+011A
    { 0x011C, 17 }, // U+011C
    { 0x011D, 43 }, // U+011D
    { 0x011E, 17 }, // U+011E
    { 0x011F, 43 }, // U+011F
    { 0x0120, 17 }, // U+0120
    { 0x0121, 43 }, // U+0121
    { 0x0122, 17 }, // U+0122
    { 0x0123, 43 }, // U+0123
    { 0x0124, 18 }, // U+0124
    { 0x0125, 44 }, // U+0125
    { 0x0126, 18 }, // U+0126
    { 0x0127, 44 }, // U+0127
    { 0x0128, 18 }, // U+0128
    { 0x0129, 45 }, // U+0129
    { 0x012A, 18 }, // U+012A
    { 0x012B, 45 }, // U+012B
    { 0x012C, 18 }, // U+012C
    { 0x012D, 45 }, // U+012D
    { 0x012E, 18 }, // U+012E
    { 0x012F, 45 }, // U+012F
    { 0x0130, 18 }, // U+0130
    { 0x0131, 45 }, // U+0131
    { 0x0132, 19 }, // U+0132
    { 0x0133, 46 }, // U+0133
    { 0x0134, 19 }, // U+0134
    { 0x0135, 46 }, // U+0135
    { 0x0136, 20 }, // U+0136
    { 0x0137, 47 }, // U+0137
    { 0x0138, 47 }, // U+0138
    { 0x0139, 21 }, // U+0139
    { 0x013A, 48 }, // U+013A
    { 0x013B, 21 }, // U+013B
    { 0x013C, 48 }, // U+013C
    { 0x013D, 21 }, // U+013D
    { 0x013E, 71 }, // U+013E
    { 0x013F, 21 }, // U+013F
    { 0x0140, 48 }, // U+0140
    { 0x0141, 21 }, // U+0141
    { 0x0142, 48 }, // U+0142
    { 0x0143, 18 }, // U+0143
    { 0x0144, 49 }, // U+0144
    { 0x0145, 18 }, // U+0145
    { 0x0146, 49 }, // U+0146
    { 0x0147, 18 }, // U+0147
    { 0x0148, 49 }, // U+0148
    { 0x0149, 49 }, // U+0149
    { 0x014A, 72 }, // U+014A
    { 0x014B, 73 }, // U+014B
    { 0x014C, 23 }, // U+014C
    { 0x014D, 50 }, // U+014D
    { 0x014E, 23 }, // U+014E
    { 0x014F, 50 }, // U+014F
    { 0x0150, 23 }, // U+0150
    { 0x0151, 50 }, // U+0151
    { 0x0152, 15 }, // U+0152
    { 0x0154, 26 }, // U+0154
    { 0x0155, 52 }, // U+0155
    { 0x0156, 26 }, // U+0156
    { 0x0157, 52 }, // U+0157
    { 0x0158, 26 }, // U+0158
    { 0x0159, 52 }, // U+0159
    { 0x015A, 27 }, // U+015A
    { 0x015B, 53 }, // U+015B
    { 0x015C, 27 }, // U+015C
    { 0x015D, 53 }, // U+015D
    { 0x015E, 27 }, // U+015E
    { 0x015F, 53 }, // U+015F
    { 0x0160, 27 }, // U+0160
    { 0x0161, 53 }, // U+0161
    { 0x0162, 28 }, // U+0162
    { 0x0163, 54 }, // U+0163
    { 0x0164, 28 }, // U+0164
    { 0x0165, 54 }, // U+0165
    { 0x0166, 28 }, // U+0166
    { 0x0167, 54 }, // U+0167
    { 0x0168, 29 }, // U+0168
    { 0x0169, 55 }, // U+0169
    { 0x016A, 29 }, // U+016A
    { 0x016B, 55 }, // U+016B
    { 0x016C, 29 }, // U+016C
    { 0x016D, 55 }, // U+016D
    { 0x016E, 29 }, // U+016E
    { 0x016F, 55 }, // U+016F
    { 0x0170, 29 }, // U+0170
    { 0x0171, 55 }, // U+0171
    { 0x0172, 29 }, // U+0172
    { 0x0173, 55 }, // U+0173
    { 0x0174, 31 }, // U+0174
    { 0x0175, 57 }, // U+0175
    { 0x0176, 33 }, // U+0176
    { 0x0177, 59 }, // U+0177
    { 0x0178, 33 }, // U+0178
    { 0x0179, 34 }, // U+0179
    { 0x017A, 60 }, // U+017A
    { 0x017B, 34 }, // U+017B
    { 0x017C, 60 }, // U+017C
    { 0x017D, 34 }, // U+017D
    { 0x017E, 60 }, // U+017E
    { 0x017F, 42 }, // U+017F
    { 0x01A0, 74 }, // U+01A0
    { 0x01C4, 34 }, // U+01C4
    { 0x01C5, 60 }, // U+01C5
    { 0x01C6, 60 }, // U+01C6
    { 0x01C7, 19 }, // U+01C7
    { 0x01C8, 46 }, // U+01C8
    { 0x01C9, 46 }, // U+01C9
    { 0x01CA, 19 }, // U+01CA
    { 0x01CB, 46 }, // U+01CB
    { 0x01CC, 46 }, // U+01CC
    { 0x01CD, 11 }, // U+01CD
    { 0x01CE, 38 }, // U+01CE
    { 0x01CF, 18 }, // U+01CF
    { 0x01D0, 45 }, // U+01D0
    { 0x01D1, 23 }, // U+01D1
    { 0x01D2, 50 }, // U+01D2
    { 0x01D3, 29 }, // U+01D3
    { 0x01D4, 55 }, // U+01D4
    { 0x01D5, 29 }, // U+01D5
    { 0x01D6, 55 }, // U+01D6
    { 0x01D7, 29 }, // U+01D7
    { 0x01D8, 55 }, // U+01D8
    { 0x01D9, 29 }, // U+01D9
    { 0x01DA, 55 }, // U+01DA
    { 0x01DB, 29 }, // U+01DB
    { 0x01DC, 55 }, // U+01DC
    { 0x01DD, 50 }, // U+01DD
    { 0x01DE, 11 }, // U+01DE
    { 0x01DF, 38 }, // U+01DF
    { 0x01E0, 11 }, // U+01E0
    { 0x01E1, 38 }, // U+01E1
    { 0x01E2, 15 }, // U+01E2
    { 0x01E4, 17 }, // U+01E4
    { 0x01E5, 43 }, // U+01E5
    { 0x01E6, 17 }, // U+01E6
    { 0x01E7, 43 }, // U+01E7
    { 0x01E8, 20 }, // U+01E8
    { 0x01E9, 47 }, // U+01E9
    { 0x01EA, 23 }, // U+01EA
    { 0x01EB, 50 }, // U+01EB
    { 0x01EC, 23 }, // U+01EC
    { 0x01ED, 50 }, // U+01ED
    { 0x01EE, 75 }, // U+01EE
    { 0x01EF, 76 }, // U+01EF
    { 0x01F0, 46 }, // U+01F0
    { 0x01F1, 34 }, // U+01F1
    { 0x01F2, 60 }, // U+01F2
    { 0x01F3, 60 }, // U+01F3
    { 0x01F4, 17 }, // U+01F4
    { 0x01F5, 43 }, // U+01F5
    { 0x01F6, 55 }, // U+01F6
    { 0x01F7, 77 }, // U+01F7
    { 0x01F8, 18 }, // U+01F8
    { 0x01F9, 49 }, // U+01F9
    { 0x01FA, 11 }, // U+01FA
    { 0x01FB, 38 }, // U+01FB
    { 0x01FC, 15 }, // U+01FC
    { 0x01FE, 23 }, // U+01FE
    { 0x01FF, 50 }, // U+01FF
    { 0x0200, 11 }, // U+0200
    { 0x0201, 38 }, // U+0201
    { 0x0202, 11 }, // U+0202
    { 0x0203, 38 }, // U+0203
    { 0x0204, 15 }, // U+0204
    { 0x0206, 15 }, // U+0206
    { 0x0208, 18 }, // U+0208
    { 0x0209, 45 }, // U+0209
    { 0x020A, 18 }, // U+020A
    { 0x020B, 45 }, // U+020B
    { 0x020C, 23 }, // U+020C
    { 0x020D, 50 }, // U+020D
    { 0x020E, 23 }, // U+020E
    { 0x020F, 50 }, // U+020F
    { 0x0210, 26 }, // U+0210
    { 0x0211, 52 }, // U+0211
    { 0x0212, 26 }, // U+0212
    { 0x0213, 52 }, // U+0213
    { 0x0214, 29 }, // U+0214
    { 0x0215, 55 }, // U+0215
    { 0x0216, 29 }, // U+0216
    { 0x0217, 55 }, // U+0217
    { 0x0218, 27 }, // U+0218
    { 0x0219, 53 }, // U+0219
    { 0x021A, 28 }, // U+021A
    { 0x021B, 54 }, // U+021B
    { 0x021C, 78 }, // U+021C
    { 0x021E, 18 }, // U+021E
    { 0x021F, 44 }, // U+021F
    { 0x0400, 79 }, // U+0400
    { 0x0401, 79 }, // U+0401
    { 0x0402, 80 }, // U+0402
    { 0x0403, 81 }, // U+0403
    { 0x0404, 82 }, // U+0404
    { 0x0405, 83 }, // U+0405
    { 0x0406, 18 }, // U+0406
    { 0x0407, 18 }, // U+0407
    { 0x0408, 84 }, // U+0408
    { 0x0409, 85 }, // U+0409
    { 0x040A, 85 }, // U+040A
    { 0x040B, 86 }, // U+040B
    { 0x040C, 87 }, // U+040C
    { 0x040D, 18 }, // U+040D
    { 0x040E, 88 }, // U+040E
    { 0x040F, 18 }, // U+040F
    { 0x0410, 89 }, // U+0410
    { 0x0411, 80 }, // U+0411
    { 0x0412, 90 }, // U+0412
    { 0x0413, 81 }, // U+0413
    { 0x0414, 91 }, // U+0414
    { 0x0415, 79 }, // U+0415
    { 0x0416, 92 }, // U+0416
    { 0x0417, 93 }, // U+0417
    { 0x0418, 18 }, // U+0418
    { 0x0419, 18 }, // U+0419
    { 0x041A, 87 }, // U+041A
    { 0x041C, 94 }, // U+041C
    { 0x041D, 18 }, // U+041D
    { 0x041E, 95 }, // U+041E
    { 0x041F, 18 }, // U+041F
    { 0x0420, 96 }, // U+0420
    { 0x0421, 82 }, // U+0421
    { 0x0422, 97 }, // U+0422
    { 0x0423, 88 }, // U+0423
    { 0x0424, 98 }, // U+0424
    { 0x0425, 99 }, // U+0425
    { 0x0426, 91 }, // U+0426
    { 0x0428, 18 }, // U+0428
    { 0x0429, 91 }, // U+0429
    { 0x042A, 85 }, // U+042A
    { 0x042B, 18 }, // U+042B
    { 0x042C, 85 }, // U+042C
    { 0x042D, 100 }, // U+042D
    { 0x042E, 95 }, // U+042E
    { 0x0430, 101 }, // U+0430
    { 0x0431, 102 }, // U+0431
    { 0x0432, 103 }, // U+0432
    { 0x0433, 104 }, // U+0433
    { 0x0434, 105 }, // U+0434
    { 0x0435, 106 }, // U+0435
    { 0x0436, 107 }, // U+0436
    { 0x0437, 108 }, // U+0437
    { 0x043A, 109 }, // U+043A
    { 0x043B, 110 }, // U+043B
    { 0x043C, 111 }, // U+043C
    { 0x043D, 112 }, // U+043D
    { 0x043E, 113 }, // U+043E
    { 0x043F, 112 }, // U+043F
    { 0x0440, 114 }, // U+0440
    { 0x0441, 115 }, // U+0441
    { 0x0442, 116 }, // U+0442
    { 0x0443, 117 }, // U+0443
    { 0x0444, 118 }, // U+0444
    { 0x0445, 119 }, // U+0445
    { 0x0446, 105 }, // U+0446
    { 0x0447, 112 }, // U+0447
    { 0x0448, 112 }, // U+0448
    { 0x0449, 105 }, // U+0449
    { 0x044A, 120 }, // U+044A
    { 0x044B, 112 }, // U+044B
    { 0x044C, 120 }, // U+044C
    { 0x044D, 121 }, // U+044D
    { 0x044E, 122 }, // U+044E
    { 0x044F, 123 }, // U+044F
    { 0x0450, 106 }, // U+0450
    { 0x0451, 106 }, // U+0451
    { 0x0452, 124 }, // U+0452
    { 0x0453, 104 }, // U+0453
    { 0x0454, 125 }, // U+0454
    { 0x0455, 126 }, // U+0455
    { 0x0456, 127 }, // U+0456
    { 0x0457, 127 }, // U+0457
    { 0x0458, 128 }, // U+0458
    { 0x0459, 120 }, // U+0459
    { 0x045A, 120 }, // U+045A
    { 0x045B, 129 }, // U+045B
    { 0x045C, 109 }, // U+045C
    { 0x045E, 117 }, // U+045E
    { 0x045F, 130 }, // U+045F
    { 0x0462, 80 }, // U+0462
    { 0x0463, 131 }, // U+0463
    { 0x0472, 95 }, // U+0472
    { 0x0473, 113 }, // U+0473
    { 0x0474, 132 }, // U+0474
    { 0x0475, 133 }, // U+0475
    { 0x048A, 91 }, // U+048A
    { 0x048B, 105 }, // U+048B
    { 0x048C, 85 }, // U+048C
    { 0x048D, 120 }, // U+048D
    { 0x048F, 114 }, // U+048F
    { 0x0490, 81 }, // U+0490
    { 0x0491, 104 }, // U+0491
    { 0x0492, 81 }, // U+0492
    { 0x0493, 104 }, // U+0493
    { 0x0494, 80 }, // U+0494
    { 0x0495, 134 }, // U+0495
    { 0x0496, 92 }, // U+0496
    { 0x0497, 107 }, // U+0497
    { 0x0498, 93 }, // U+0498
    { 0x0499, 108 }, // U+0499
    { 0x049A, 87 }, // U+049A
    { 0x049B, 109 }, // U+049B
    { 0x049C, 87 }, // U+049C
    { 0x049D, 109 }, // U+049D
    { 0x049E, 87 }, // U+049E
    { 0x049F, 109 }, // U+049F
    { 0x04A0, 87 }, // U+04A0
    { 0x04A1, 109 }, // U+04A1
    { 0x04A2, 91 }, // U+04A2
    { 0x04A3, 105 }, // U+04A3
    { 0x04A4, 97 }, // U+04A4
    { 0x04A5, 104 }, // U+04A5
    { 0x04A6, 85 }, // U+04A6
    { 0x04A7, 135 }, // U+04A7
    { 0x04A8, 136 }, // U+04A8
    { 0x04A9, 137 }, // U+04A9
    { 0x04AA, 82 }, // U+04AA
    { 0x04AB, 115 }, // U+04AB
    { 0x04AC, 97 }, // U+04AC
    { 0x04AD, 116 }, // U+04AD
    { 0x04AE, 138 }, // U+04AE
    { 0x04AF, 139 }, // U+04AF
    { 0x04B0, 138 }, // U+04B0
    { 0x04B1, 139 }, // U+04B1
    { 0x04B2, 99 }, // U+04B2
    { 0x04B3, 119 }, // U+04B3
    { 0x04B4, 91 }, // U+04B4
    { 0x04B5, 105 }, // U+04B5
    { 0x04B6, 91 }, // U+04B6
    { 0x04B7, 105 }, // U+04B7
    { 0x04BA, 140 }, // U+04BA
    { 0x04BB, 141 }, // U+04BB
    { 0x04BC, 142 }, // U+04BC
    { 0x04BE, 142 }, // U+04BE
    { 0x04C0, 18 }, // U+04C0
    { 0x04C1, 92 }, // U+04C1
    { 0x04C2, 107 }, // U+04C2
    { 0x04C3, 143 }, // U+04C3
    { 0x04C4, 144 }, // U+04C4
    { 0x04C6, 105 }, // U+04C6
    { 0x04C7, 84 }, // U+04C7
    { 0x04C8, 145 }, // U+04C8
    { 0x04C9, 91 }, // U+04C9
    { 0x04CA, 105 }, // U+04CA
    { 0x04CC, 112 }, // U+04CC
    { 0x04CD, 91 }, // U+04CD
    { 0x04CE, 105 }, // U+04CE
    { 0x04CF, 18 }, // U+04CF
    { 0x04D0, 89 }, // U+04D0
    { 0x04D1, 101 }, // U+04D1
    { 0x04D2, 89 }, // U+04D2
    { 0x04D3, 101 }, // U+04D3
    { 0x04D4, 146 }, // U+04D4
    { 0x04D5, 147 }, // U+04D5
    { 0x04D6, 79 }, // U+04D6
    { 0x04D7, 106 }, // U+04D7
    { 0x04D8, 148 }, // U+04D8
    { 0x04DA, 148 }, // U+04DA
    { 0x04DC, 92 }, // U+04DC
    { 0x04DD, 107 }, // U+04DD
    { 0x04DE, 93 }, // U+04DE
    { 0x04DF, 108 }, // U+04DF
    { 0x04E0, 149 }, // U+04E0
    { 0x04E1, 150 }, // U+04E1
    { 0x04E2, 18 }, // U+04E2
    { 0x04E4, 18 }, // U+04E4
    { 0x04E6, 95 }, // U+04E6
    { 0x04E7, 113 }, // U+04E7
    { 0x04E8, 95 }, // U+04E8
    { 0x04E9, 113 }, // U+04E9
    { 0x04EA, 95 }, // U+04EA
    { 0x04EB, 113 }, // U+04EB
    { 0x04EC, 100 }, // U+04EC
    { 0x04ED, 108 }, // U+04ED
    { 0x04EE, 88 }, // U+04EE
    { 0x04EF, 117 }, // U+04EF
    { 0x04F0, 88 }, // U+04F0
    { 0x04F1, 117 }, // U+04F1
    { 0x04F2, 88 }, // U+04F2
    { 0x04F3, 117 }, // U+04F3
    { 0x04F6, 81 }, // U+04F6
    { 0x04F7, 104 }, // U+04F7
    { 0x04F8, 18 }, // U+04F8
    { 0x04F9, 112 }, // U+04F9
    { 0x05D0, 151 }, // U+05D0
    { 0x05D1, 152 }, // U+05D1
    { 0x05D2, 153 }, // U+05D2
    { 0x05D3, 154 }, // U+05D3
    { 0x05D5, 155 }, // U+05D5
    { 0x05D6, 156 }, // U+05D6
    { 0x05D8, 157 }, // U+05D8
    { 0x05D9, 158 }, // U+05D9
    { 0x05DB, 159 }, // U+05DB
    { 0x05DC, 160 }, // U+05DC
    { 0x05DE, 161 }, // U+05DE
    { 0x05E0, 162 }, // U+05E0
    { 0x05E1, 163 }, // U+05E1
    { 0x05E2, 164 }, // U+05E2
    { 0x05E4, 165 }, // U+05E4
    { 0x05E6, 166 }, // U+05E6
    { 0x05E8, 167 }, // U+05E8
    { 0x05E9, 168 }, // U+05E9
    { 0x05EA, 169 }, // U+05EA
    { 0x1EF2, 33 }, // U+1EF2
    { 0x1EF3, 59 }, // U+1EF3
    { 0x2013, 7 }, // U+2013
    { 0x2014, 7 }, // U+2014
    { 0x2018, 170 }, // U+2018
    { 0x2019, 171 }, // U+2019
    { 0x201A, 172 }, // U+201A
    { 0x201C, 170 }, // U+201C
    { 0x201D, 171 }, // U+201D
    { 0x201E, 172 }, // U+201E
    { 0x2026, 6 }, // U+2026
    { 0x2039, 64 }, // U+2039
    { 0x203A, 65 }, // U+203A
    { 0xFB00, 42 }, // U+FB00
    { 0xFB01, 45 }, // U+FB01
    { 0xFB02, 48 }, // U+FB02
    { 0xFB03, 45 }, // U+FB03
    { 0xFB04, 48 }, // U+FB04
    { 0xFB8C, 173 }, // U+FB8C
    { 0xFEAD, 173 }, // U+FEAD
    { 0xFEAE, 173 }, // U+FEAE
    { 0xFEAF, 173 }, // U+FEAF
};

static const EpdKernClassEntry ubuntu_10_boldKernRightClasses[] = {
    { 0x0021, 1 }, // !
    { 0x0022, 2 }, // "
    { 0x0026, 3 }, // &
    { 0x0027, 2 }, // '
    { 0x0028, 4 }, // (
    { 0x0029, 5 }, // )
    { 0x002A, 6 }, // *
    { 0x002C, 7 }, // ,
    { 0x002D, 8 }, // -
    { 0x002E, 7 }, // .
    { 0x002F, 9 }, // /
    { 0x003A, 10 }, // :
    { 0x003B, 10 }, // ;
    { 0x003F, 11 }, // ?
    { 0x0040, 12 }, // @
    { 0x0041, 13 }, // A
    { 0x0042, 14 }, // B
    { 0x0043, 15 }, // C
    { 0x0044, 14 }, // D
    { 0x0045, 14 }, // E
    { 0x0046, 14 }, // F
    { 0x0047, 16 }, // G
    { 0x0048, 14 }, // H
    { 0x0049, 14 }, // I
    { 0x004A, 17 }, // J
    { 0x004B, 14 }, // K
    { 0x004C, 14 }, // L
    { 0x004D, 18 }, // M
    { 0x004E, 14 }, // N
    { 0x004F, 19 }, // O
    { 0x0050, 14 }, // P
    { 0x0051, 19 }, // Q
    { 0x0052, 14 }, // R
    { 0x0053, 20 }, // S
    { 0x0054, 21 }, // T
    { 0x0055, 22 }, // U
    { 0x0056, 23 }, // V
    { 0x0057, 24 }, // W
    { 0x0058, 25 }, // X
    { 0x0059, 26 }, // Y
    { 0x005A, 27 }, // Z
    { 0x005B, 28 }, // [
    { 0x005C, 29 }, // <backslash>
    { 0x005D, 30 }, // ]
    { 0x0061, 31 }, // a
    { 0x0062, 32 }, // b
    { 0x0063, 33 }, // c
    { 0x0064, 34 }, // d
    { 0x0065, 33 }, // e
    { 0x0066, 35 }, // f
    { 0x0067, 33 }, // g
    { 0x0068, 36 }, // h
    { 0x0069, 37 }, // i
    { 0x006A, 38 }, // j
    { 0x006B, 36 }, // k
    { 0x006C, 36 }, // l
    { 0x006D, 39 }, // m
    { 0x006E, 39 }, // n
    { 0x006F, 34 }, // o
    { 0x0070, 39 }, // p
    { 0x0071, 33 }, // q
    { 0x0072, 39 }, // r
    { 0x0073, 40 }, // s
    { 0x0074, 41 }, // t
    { 0x0075, 42 }, // u
    { 0x0076, 43 }, // v
    { 0x0077, 44 }, // w
    { 0x0078, 45 }, // x
    { 0x0079, 46 }, // y
    { 0x007A, 47 }, // z
    { 0x007B, 48 }, // {
    { 0x007D, 49 }, // }
    { 0x00AB, 50 }, // U+00AB
    { 0x00BB, 51 }, // U+00BB
    { 0x00C0, 13 }, // U+00C0
    { 0x00C1, 13 }, // U+00C1
    { 0x00C2, 13 }, // U+00C2
    { 0x00C3, 13 }, // U+00C3
    { 0x00C4, 13 }, // U+00C4
    { 0x00C5, 13 }, // U+00C5
    { 0x00C6, 52 }, // U+00C6
    { 0x00C7, 15 }, // U+00C7
    { 0x00C8, 14 }, // U+00C8
    { 0x00C9, 14 }, // U+00C9
    { 0x00CA, 14 }, // U+00CA
    { 0x00CB, 14 }, // U+00CB
    { 0x00CC, 14 }, // U+00CC
    { 0x00CD, 14 }, // U+00CD
    { 0x00CE, 14 }, // U+00CE
    { 0x00CF, 14 }, // U+00CF
    { 0x00D0, 14 }, // U+00D0
    { 0x00D1, 14 }, // U+00D1
    { 0x00D2, 19 }, // U+00D2
    { 0x00D3, 19 }, // U+00D3
    { 0x00D4, 19 }, // U+00D4
    { 0x00D5, 19 }, // U+00D5
    { 0x00D6, 19 }, // U+00D6
    { 0x00D8, 19 }, // U+00D8
    { 0x00D9, 22 }, // U+00D9
    { 0x00DA, 22 }, // U+00DA
    { 0x00DB, 22 }, // U+00DB
    { 0x00DC, 22 }, // U+00DC
    { 0x00DD, 26 }, // U+00DD
    { 0x00DF, 53 }, // U+00DF
    { 0x00E0, 31 }, // U+00E0
    { 0x00E1, 31 }, // U+00E1
    { 0x00E2, 31 }, // U+00E2
    { 0x00E3, 31 }, // U+00E3
    { 0x00E4, 54 }, // U+00E4
    { 0x00E5, 31 }, // U+00E5
    { 0x00E6, 31 }, // U+00E6
    { 0x00E7, 33 }, // U+00E7
    { 0x00E8, 33 }, // U+00E8
    { 0x00E9, 33 }, // U+00E9
    { 0x00EA, 33 }, // U+00EA
    { 0x00EB, 33 }, // U+00EB
    { 0x00EC, 55 }, // U+00EC
    { 0x00ED, 37 }, // U+00ED
    { 0x00EE, 56 }, // U+00EE
    { 0x00EF, 57 }, // U+00EF
    { 0x00F0, 58 }, // U+00F0
    { 0x00F1, 39 }, // U+00F1
    { 0x00F2, 34 }, // U+00F2
    { 0x00F3, 34 }, // U+00F3
    { 0x00F4, 34 }, // U+00F4
    { 0x00F5, 34 }, // U+00F5
    { 0x00F6, 34 }, // U+00F6
    { 0x00F8, 34 }, // U+00F8
    { 0x00F9, 42 }, // U+00F9
    { 0x00FA, 42 }, // U+00FA
    { 0x00FB, 42 }, // U+00FB
    { 0x00FC, 42 }, // U+00FC
    { 0x00FD, 46 }, // U+00FD
    { 0x00FF, 46 }, // U+00FF
    { 0x0100, 13 }, // U+0100
    { 0x0101, 31 }, // U+0101
    { 0x0102, 13 }, // U+0102
    { 0x0103, 31 }, // U+0103
    { 0x0104, 13 }, // U+0104
    { 0x0105, 31 }, // U+0105
    { 0x0106, 15 }, // U+0106
    { 0x0107, 33 }, // U+0107
    { 0x0108, 15 }, // U+0108
    { 0x0109, 33 }, // U+0109
    { 0x010A, 15 }, // U+010A
    { 0x010B, 33 }, // U+010B
    { 0x010C, 15 }, // U+010C
    { 0x010D, 33 }, // U+010D
    { 0x010E, 14 }, // U+010E
    { 0x010F, 34 }, // U+010F
    { 0x0111, 34 }, // U+0111
    { 0x0112, 14 }, // U+0112
    { 0x0113, 33 }, // U+0113
    { 0x0114, 14 }, // U+0114
    { 0x0115, 33 }, // U+0115
    { 0x0116, 14 }, // U+0116
    { 0x0117, 33 }, // U+0117
    { 0x0118, 14 }, // U+0118
    { 0x0119, 33 }, // U+0119
    { 0x011A, 14 }, // U+011A
    { 0x011B, 33 }, // U+011B
    { 0x011C, 16 }, // U+011C
    { 0x011D, 33 }, // U+011D
    { 0x011E, 16 }, // U+011E
    { 0x011F, 33 }, // U+011F
    { 0x0120, 16 }, // U+0120
    { 0x0121, 33 }, // U+0121
    { 0x0122, 16 }, // U+0122
    { 0x0123, 33 }, // U+0123
    { 0x0124, 14 }, // U+0124
    { 0x0125, 36 }, // U+0125
    { 0x0126, 14 }, // U+0126
    { 0x0127, 36 }, // U+0127
    { 0x0128, 14 }, // U+0128
    { 0x0129, 59 }, // U+0129
    { 0x012A, 14 }, // U+012A
    { 0x012B, 60 }, // U+012B
    { 0x012C, 14 }, // U+012C
    { 0x012D, 61 }, // U+012D
    { 0x012E, 14 }, // U+012E
    { 0x012F, 37 }, // U+012F
    { 0x0130, 14 }, // U+0130
    { 0x0131, 37 }, // U+0131
    { 0x0132, 14 }, // U+0132
    { 0x0133, 37 }, // U+0133
    { 0x0134, 17 }, // U+0134
    { 0x0135, 38 }, // U+0135
    { 0x0136, 14 }, // U+0136
    { 0x0137, 36 }, // U+0137
    { 0x0139, 14 }, // U+0139
    { 0x013A, 36 }, // U+013A
    { 0x013B, 14 }, // U+013B
    { 0x013C, 36 }, // U+013C
    { 0x013D, 14 }, // U+013D
    { 0x013E, 36 }, // U+013E
    { 0x013F, 14 }, // U+013F
    { 0x0140, 36 }, // U+0140
    { 0x0141, 14 }, // U+0141
    { 0x0142, 36 }, // U+0142
    { 0x0143, 14 }, // U+0143
    { 0x0144, 39 }, // U+0144
    { 0x0145, 14 }, // U+0145
    { 0x0146, 39 }, // U+0146
    { 0x0147, 14 }, // U+0147
    { 0x0148, 39 }, // U+0148
    { 0x0149, 39 }, // U+0149
    { 0x014A, 62 }, // U+014A
    { 0x014B, 63 }, // U+014B
    { 0x014C, 19 }, // U+014C
    { 0x014D, 34 }, // U+014D
    { 0x014E, 19 }, // U+014E
    { 0x014F, 34 }, // U+014F
    { 0x0150, 19 }, // U+0150
    { 0x0151, 34 }, // U+0151
    { 0x0152, 19 }, // U+0152
    { 0x0153, 34 }, // U+0153
    { 0x0154, 14 }, // U+0154
    { 0x0155, 39 }, // U+0155
    { 0x0156, 14 }, // U+0156
    { 0x0157, 39 }, // U+0157
    { 0x0158, 14 }, // U+0158
    { 0x0159, 39 }, // U+0159
    { 0x015A, 20 }, // U+015A
    { 0x015B, 40 }, // U+015B
    { 0x015C, 20 }, // U+015C
    { 0x015D, 40 }, // U+015D
    { 0x015E, 20 }, // U+015E
    { 0x015F, 40 }, // U+015F
    { 0x0160, 20 }, // U+0160
    { 0x0161, 40 }, // U+0161
    { 0x0162, 21 }, // U+0162
    { 0x0163, 41 }, // U+0163
    { 0x0164, 21 }, // U+0164
    { 0x0165, 41 }, // U+0165
    { 0x0166, 21 }, // U+0166
    { 0x0167, 41 }, // U+0167
    { 0x0168, 22 }, // U+0168
    { 0x0169, 42 }, // U+0169
    { 0x016A, 22 }, // U+016A
    { 0x016B, 42 }, // U+016B
    { 0x016C, 22 }, // U+016C
    { 0x016D, 42 }, // U+016D
    { 0x016E, 22 }, // U+016E
    { 0x016F, 42 }, // U+016F
    { 0x0170, 22 }, // U+0170
    { 0x0171, 42 }, // U+0171
    { 0x0172, 22 }, // U+0172
    { 0x0173, 42 }, // U+0173
    { 0x0174, 24 }, // U+0174
    { 0x0175, 44 }, // U+0175
    { 0x0176, 26 }, // U+0176
    { 0x0177, 46 }, // U+0177
    { 0x0178, 26 }, // U+0178
    { 0x0179, 27 }, // U+0179
    { 0x017A, 47 }, // U+017A
    { 0x017B, 27 }, // U+017B
    { 0x017C, 47 }, // U+017C
    { 0x017D, 27 }, // U+017D
    { 0x017E, 47 }, // U+017E
    { 0x017F, 35 }, // U+017F
    { 0x01A0, 19 }, // U+01A0
    { 0x01A1, 34 }, // U+01A1
    { 0x01AF, 22 }, // U+01AF
    { 0x01B0, 42 }, // U+01B0
    { 0x01C4, 14 }, // U+01C4
    { 0x01C5, 14 }, // U+01C5
    { 0x01C6, 34 }, // U+01C6
    { 0x01C7, 14 }, // U+01C7
    { 0x01C8, 14 }, // U+01C8
    { 0x01C9, 36 }, // U+01C9
    { 0x01CA, 14 }, // U+01CA
    { 0x01CB, 14 }, // U+01CB
    { 0x01CC, 39 }, // U+01CC
    { 0x01CD, 13 }, // U+01CD
    { 0x01CE, 31 }, // U+01CE
    { 0x01CF, 14 }, // U+01CF
    { 0x01D0, 37 }, // U+01D0
    { 0x01D1, 19 }, // U+01D1
    { 0x01D2, 34 }, // U+01D2
    { 0x01D3, 22 }, // U+01D3
    { 0x01D4, 42 }, // U+01D4
    { 0x01D5, 22 }, // U+01D5
    { 0x01D6, 42 }, // U+01D6
    { 0x01D7, 22 }, // U+01D7
    { 0x01D8, 42 }, // U+01D8
    { 0x01D9, 22 }, // U+01D9
    { 0x01DA, 42 }, // U+01DA
    { 0x01DB, 22 }, // U+01DB
    { 0x01DC, 42 }, // U+01DC
    { 0x01DD, 64 }, // U+01DD
    { 0x01DE, 13 }, // U+01DE
    { 0x01DF, 31 }, // U+01DF
    { 0x01E0, 13 }, // U+01E0
    { 0x01E1, 31 }, // U+01E1
    { 0x01E2, 52 }, // U+01E2
    { 0x01E3, 31 }, // U+01E3
    { 0x01E4, 16 }, // U+01E4
    { 0x01E5, 33 }, // U+01E5
    { 0x01E6, 16 }, // U+01E6
    { 0x01E7, 33 }, // U+01E7
    { 0x01E8, 14 }, // U+01E8
    { 0x01E9, 36 }, // U+01E9
    { 0x01EA, 19 }, // U+01EA
    { 0x01EB, 34 }, // U+01EB
    { 0x01EC, 19 }, // U+01EC
    { 0x01ED, 34 }, // U+01ED
    { 0x01EE, 65 }, // U+01EE
    { 0x01F0, 38 }, // U+01F0
    { 0x01F1, 14 }, // U+01F1
    { 0x01F2, 14 }, // U+01F2
    { 0x01F3, 34 }, // U+01F3
    { 0x01F4, 16 }, // U+01F4
    { 0x01F5, 33 }, // U+01F5
    { 0x01F8, 14 }, // U+01F8
    { 0x01F9, 39 }, // U+01F9
    { 0x01FA, 13 }, // U+01FA
    { 0x01FB, 31 }, // U+01FB
    { 0x01FC, 52 }, // U+01FC
    { 0x01FD, 31 }, // U+01FD
    { 0x01FE, 19 }, // U+01FE
    { 0x01FF, 34 }, // U+01FF
    { 0x0200, 13 }, // U+0200
    { 0x0201, 31 }, // U+0201
    { 0x0202, 13 }, // U+0202
    { 0x0203, 31 }, // U+0203
    { 0x0204, 14 }, // U+0204
    { 0x0205, 33 }, // U+0205
    { 0x0206, 14 }, // U+0206
    { 0x0207, 33 }, // U+0207
    { 0x0208, 14 }, // U+0208
    { 0x0209, 37 }, // U+0209
    { 0x020A, 14 }, // U+020A
    { 0x020B, 37 }, // U+020B
    { 0x020C, 19 }, // U+020C
    { 0x020D, 34 }, // U+020D
    { 0x020E, 19 }, // U+020E
    { 0x020F, 34 }, // U+020F
    { 0x0210, 14 }, // U+0210
    { 0x0211, 39 }, // U+0211
    { 0x0212, 14 }, // U+0212
    { 0x0213, 39 }, // U+0213
    { 0x0214, 22 }, // U+0214
    { 0x0215, 42 }, // U+0215
    { 0x0216, 22 }, // U+0216
    { 0x0217, 42 }, // U+0217
    { 0x0218, 20 }, // U+0218
    { 0x0219, 40 }, // U+0219
    { 0x021A, 21 }, // U+021A
    { 0x021B, 41 }, // U+021B
    { 0x021C, 66 }, // U+021C
    { 0x021D, 67 }, // U+021D
    { 0x021E, 14 }, // U+021E
    { 0x021F, 36 }, // U+021F
    { 0x0402, 68 }, // U+0402
    { 0x0404, 69 }, // U+0404
    { 0x0405, 70 }, // U+0405
    { 0x0408, 71 }, // U+0408
    { 0x0409, 72 }, // U+0409
    { 0x040B, 68 }, // U+040B
    { 0x040E, 73 }, // U+040E
    { 0x0410, 74 }, // U+0410
    { 0x0414, 75 }, // U+0414
    { 0x0416, 76 }, // U+0416
    { 0x0417, 77 }, // U+0417
    { 0x041B, 72 }, // U+041B
    { 0x041C, 78 }, // U+041C
    { 0x041E, 79 }, // U+041E
    { 0x0421, 69 }, // U+0421
    { 0x0422, 68 }, // U+0422
    { 0x0423, 73 }, // U+0423
    { 0x0424, 80 }, // U+0424
    { 0x0425, 81 }, // U+0425
    { 0x0427, 82 }, // U+0427
    { 0x042D, 83 }, // U+042D
    { 0x042F, 84 }, // U+042F
    { 0x0430, 85 }, // U+0430
    { 0x0431, 86 }, // U+0431
    { 0x0432, 87 }, // U+0432
    { 0x0433, 88 }, // U+0433
    { 0x0434, 89 }, // U+0434
    { 0x0435, 90 }, // U+0435
    { 0x0436, 91 }, // U+0436
    { 0x0437, 92 }, // U+0437
    { 0x0438, 88 }, // U+0438
    { 0x0439, 88 }, // U+0439
    { 0x043A, 88 }, // U+043A
    { 0x043B, 93 }, // U+043B
    { 0x043C, 94 }, // U+043C
    { 0x043D, 88 }, // U+043D
    { 0x043E, 95 }, // U+043E
    { 0x043F, 88 }, // U+043F
    { 0x0440, 96 }, // U+0440
    { 0x0441, 97 }, // U+0441
    { 0x0442, 98 }, // U+0442
    { 0x0443, 99 }, // U+0443
    { 0x0444, 100 }, // U+0444
    { 0x0445, 101 }, // U+0445
    { 0x0446, 88 }, // U+0446
    { 0x0447, 102 }, // U+0447
    { 0x0448, 88 }, // U+0448
    { 0x0449, 103 }, // U+0449
    { 0x044A, 104 }, // U+044A
    { 0x044B, 88 }, // U+044B
    { 0x044C, 88 }, // U+044C
    { 0x044D, 105 }, // U+044D
    { 0x044E, 106 }, // U+044E
    { 0x044F, 107 }, // U+044F
    { 0x0450, 90 }, // U+0450
    { 0x0451, 90 }, // U+0451
    { 0x0452, 108 }, // U+0452
    { 0x0453, 88 }, // U+0453
    { 0x0454, 109 }, // U+0454
    { 0x0455, 110 }, // U+0455
    { 0x0456, 111 }, // U+0456
    { 0x0457, 112 }, // U+0457
    { 0x0458, 113 }, // U+0458
    { 0x0459, 93 }, // U+0459
    { 0x045A, 88 }, // U+045A
    { 0x045B, 114 }, // U+045B
    { 0x045C, 88 }, // U+045C
    { 0x045D, 88 }, // U+045D
    { 0x045E, 99 }, // U+045E
    { 0x045F, 103 }, // U+045F
    { 0x0462, 68 }, // U+0462
    { 0x0463, 115 }, // U+0463
    { 0x0472, 79 }, // U+0472
    { 0x0473, 95 }, // U+0473
    { 0x0475, 99 }, // U+0475
    { 0x048B, 88 }, // U+048B
    { 0x048D, 116 }, // U+048D
    { 0x048F, 96 }, // U+048F
    { 0x0491, 88 }, // U+0491
    { 0x0493, 88 }, // U+0493
    { 0x0495, 88 }, // U+0495
    { 0x0496, 76 }, // U+0496
    { 0x0497, 91 }, // U+0497
    { 0x0498, 77 }, // U+0498
    { 0x0499, 92 }, // U+0499
    { 0x049B, 88 }, // U+049B
    { 0x049D, 88 }, // U+049D
    { 0x049F, 88 }, // U+049F
    { 0x04A1, 88 }, // U+04A1
    { 0x04A3, 88 }, // U+04A3
    { 0x04A5, 88 }, // U+04A5
    { 0x04A7, 88 }, // U+04A7
    { 0x04A8, 117 }, // U+04A8
    { 0x04A9, 118 }, // U+04A9
    { 0x04AA, 69 }, // U+04AA
    { 0x04AB, 97 }, // U+04AB
    { 0x04AC, 68 }, // U+04AC
    { 0x04AD, 98 }, // U+04AD
    { 0x04AE, 119 }, // U+04AE
    { 0x04AF, 120 }, // U+04AF
    { 0x04B0, 119 }, // U+04B0
    { 0x04B1, 120 }, // U+04B1
    { 0x04B2, 81 }, // U+04B2
    { 0x04B3, 101 }, // U+04B3
    { 0x04B4, 68 }, // U+04B4
    { 0x04B5, 98 }, // U+04B5
    { 0x04B6, 82 }, // U+04B6
    { 0x04B7, 102 }, // U+04B7
    { 0x04B8, 82 }, // U+04B8
    { 0x04B9, 102 }, // U+04B9
    { 0x04BB, 121 }, // U+04BB
    { 0x04BC, 122 }, // U+04BC
    { 0x04BD, 123 }, // U+04BD
    { 0x04BE, 122 }, // U+04BE
    { 0x04BF, 123 }, // U+04BF
    { 0x04C1, 76 }, // U+04C1
    { 0x04C2, 91 }, // U+04C2
    { 0x04C4, 88 }, // U+04C4
    { 0x04C5, 72 }, // U+04C5
    { 0x04C6, 93 }, // U+04C6
    { 0x04C8, 88 }, // U+04C8
    { 0x04CA, 88 }, // U+04CA
    { 0x04CB, 82 }, // U+04CB
    { 0x04CC, 102 }, // U+04CC
    { 0x04CE, 94 }, // U+04CE
    { 0x04D0, 74 }, // U+04D0
    { 0x04D1, 85 }, // U+04D1
    { 0x04D2, 74 }, // U+04D2
    { 0x04D3, 85 }, // U+04D3
    { 0x04D4, 124 }, // U+04D4
    { 0x04D5, 125 }, // U+04D5
    { 0x04D7, 90 }, // U+04D7
    { 0x04D8, 126 }, // U+04D8
    { 0x04D9, 127 }, // U+04D9
    { 0x04DA, 126 }, // U+04DA
    { 0x04DB, 127 }, // U+04DB
    { 0x04DC, 76 }, // U+04DC
    { 0x04DD, 91 }, // U+04DD
    { 0x04DE, 77 }, // U+04DE
    { 0x04DF, 92 }, // U+04DF
    { 0x04E0, 128 }, // U+04E0
    { 0x04E1, 129 }, // U+04E1
    { 0x04E3, 88 }, // U+04E3
    { 0x04E5, 88 }, // U+04E5
    { 0x04E6, 79 }, // U+04E6
    { 0x04E7, 95 }, // U+04E7
    { 0x04E8, 79 }, // U+04E8
    { 0x04E9, 95 }, // U+04E9
    { 0x04EA, 79 }, // U+04EA
    { 0x04EB, 95 }, // U+04EB
    { 0x04EC, 83 }, // U+04EC
    { 0x04ED, 92 }, // U+04ED
    { 0x04EE, 73 }, // U+04EE
    { 0x04EF, 99 }, // U+04EF
    { 0x04F0, 73 }, // U+04F0
    { 0x04F1, 99 }, // U+04F1
    { 0x04F2, 73 }, // U+04F2
    { 0x04F3, 99 }, // U+04F3
    { 0x04F4, 82 }, // U+04F4
    { 0x04F5, 102 }, // U+04F5
    { 0x04F7, 88 }, // U+04F7
    { 0x04F9, 88 }, // U+04F9
    { 0x05D0, 130 }, // U+05D0
    { 0x05D1, 131 }, // U+05D1
    { 0x05D2, 132 }, // U+05D2
    { 0x05D3, 133 }, // U+05D3
    { 0x05D4, 134 }, // U+05D4
    { 0x05D6, 135 }, // U+05D6
    { 0x05D7, 136 }, // U+05D7
    { 0x05D8, 137 }, // U+05D8
    { 0x05D9, 138 }, // U+05D9
    { 0x05DA, 139 }, // U+05DA
    { 0x05DB, 140 }, // U+05DB
    { 0x05DC, 141 }, // U+05DC
    { 0x05DD, 142 }, // U+05DD
    { 0x05DE, 143 }, // U+05DE
    { 0x05E1, 144 }, // U+05E1
    { 0x05E2, 145 }, // U+05E2
    { 0x05E3, 146 }, // U+05E3
    { 0x05E4, 147 }, // U+05E4
    { 0x05E5, 148 }, // U+05E5
    { 0x05E7, 149 }, // U+05E7
    { 0x05E8, 150 }, // U+05E8
    { 0x05E9, 151 }, // U+05E9
    { 0x05EA, 152 }, // U+05EA
    { 0x1EF2, 26 }, // U+1EF2
    { 0x1EF3, 46 }, // U+1EF3
    { 0x2013, 8 }, // U+2013
    { 0x2014, 8 }, // U+2014
    { 0x2018, 153 }, // U+2018
    { 0x2019, 154 }, // U+2019
    { 0x201A, 155 }, // U+201A
    { 0x201C, 153 }, // U+201C
    { 0x201D, 154 }, // U+201D
    { 0x201E, 155 }, // U+201E
    { 0x2026, 7 }, // U+2026
    { 0x2039, 50 }, // U+2039
    { 0x203A, 51 }, // U+203A
    { 0xFB00, 35 }, // U+FB00
    { 0xFB01, 35 }, // U+FB01
    { 0xFB02, 35 }, // U+FB02
    { 0xFB03, 35 }, // U+FB03
    { 0xFB04, 35 }, // U+FB04
    { 0xFB8E, 156 }, // U+FB8E
    { 0xFBA6, 156 }, // U+FBA6
    { 0xFBAA, 156 }, // U+FBAA
    { 0xFE8D, 157 }, // U+FE8D
    { 0xFEA3, 156 }, // U+FEA3
    { 0xFEA9, 158 }, // U+FEA9
    { 0xFEB1, 158 }, // U+FEB1
    { 0xFEB3, 158 }, // U+FEB3
    { 0xFEB9, 158 }, // U+FEB9
    { 0xFEBB, 158 }, // U+FEBB
    { 0xFEC1, 158 }, // U+FEC1
    { 0xFEC3, 158 }, // U+FEC3
    { 0xFEC9, 159 }, // U+FEC9
    { 0xFECB, 157 }, // U+FECB
    { 0xFECD, 159 }, // U+FECD
    { 0xFEDB, 156 }, // U+FEDB
    { 0xFEDF, 157 }, // U+FEDF
    { 0xFEE1, 156 }, // U+FEE1
    { 0xFEE3, 156 }, // U+FEE3
    { 0xFEE9, 156 }, // U+FEE9
    { 0xFEEB, 156 }, // U+FEEB
};

static const int8_t ubuntu_10_boldKernMatrix[] = {
       0,    0,    0,    0,    0,    0,    0,    0,    0,    0,    0,    0,  -17,    0,    0,    0,  -29,    0,    0,    0,    0,    0,    6,    6,    0,    0,    0,    0,    0,    0,    0,    0,    0,    0,    0,    0,    0,    0,    0,    0,    0,    0,    0,    0,    0,    0,    0,    0,    0,    0,    0,  -36,    0,    0,    0,    0,    0,    0,    0,    0,    0,    0,    0,    0,    0,    0,    0,    6,    0,    0,  -32,  -21,    0,  -19,  -19,    0,    0,    0,    0,   -5,    0,    4,    0,    0,   -5,    0,    0,    0,  -14,  -10,    0,    0,  -15,   -5,  -10,    0,  -11,    0,    0,  -16,    0,    0,    0,    0,    0,    0,   -6,    4,   -8,   -5,    0,    0,    0,    4,    0,    0,    0,  -10,    0,    0,    0,    0,    0,  -33,   -5,    0,   -4,    0,    0,    0,    0,    0,    0,    0,    0,    0,    0,    0,    0,    0,    0,    0,    0,    0,    0,    0,    0,    0,    0,    0,    0,    0,    0,    0,    0,    0,    0,    0,    0,
       0,    0,    0,    0,    0,    0,    0,    0,    0,    0,    0,    0,   10,    0,   -7,   -7,    7,    0,   -7,    0,  -27,    0,  -23,  -13,    3,  -33,    0,    0,    0,    0,   -7,    0,   -7,   -7,    0,    0,    0,    0,    0,    0,    0,    0,  -12,  -10,    3,  -12,    0,    0,    0,    0,    0,    0,    0,   -7,    0,    0,    0,    0,    0,    0,    0,    0,    0,    0,    0,    0,    0,    0,    0,    0,    0,    0,    0,    0,    0,    0,    0,    0,    0,    0,    0,    0,    0,    0,    0,    0,    0,    0,    0,    0,    0,    0,    0,    0,    0,    0,    0,    0,    0,    0,    0,    0,    0,    0,    0,    0,    0,    0,    0,    0,    0,    0,    0,    0,    0,    0,    0,    0,    0,    0,    0,    0,    0,    0,    0,    0,    0,    0,    0,    0,    0,    0,    0,    0,    0,    0,    0,    0,    0,    0,    0,    0,    0,    0,    0,    0,    0,    0,    0,    0,    0,    0,    0,    0,    0,    0,    0,    0,    0,
       0,    0,    0,  -10,   27,   -7,    0,   -3,    0,    0,    0,  -10,    0,    0,   -7,   -7,    0,    0,   -7,    0,    8,    0,   10,    9,    9,   11,    3,    0,    0,    0,   -8,    0,  -10,  -10,   -4,    0,    4,   28,   -7,   -6,    0,   -8,   -3,   -3,    0,   10,    0,    0,    0,    0,    0,    0,   -5,   -8,    4,    4,    4,  -10,    4,    4,    4,    0,    0,    0,    0,    0,    0,    8,   -7,   -4,    0,    0,    6,    0,    7,    7,    0,    0,   -7,  -10,    9,    0,    0,    0,   -8,   -4,   -5,   -5,    7,   -8,    0,    0,    0,   -3,  -10,    0,   -8,    0,   10,  -12,    0,   -7,   -5,    0,    0,   -5,    0,    6,   -6,   -6,    4,    4,   28,    6,    0,    0,  -11,  -10,    8,    0,    0,    0,   -5,    4,   -6,   -4,   -6,    0,    4,    0,    0,    0,    0,    0,    0,    0,    0,    0,    0,    0,    0,    0,    0,    0,    0,    0,    0,    0,    0,    0,    0,    0,    0,    0,    0,    0,    0,    0,    0,
       0,    0,    0,   -8,    0,   -6,    0,    7,    0,    0,    0,   -4,   -7,    0,    0,    0,   -4,    0,    0,    0,   -6,    0,  -11,   -4,   -7,  -13,   -4,    0,    0,    0,    0,    0,    0,    0,    0,    0,    0,    0,    0,    0,    0,    0,    0,    0,   -5,    0,    0,    0,    0,    0,    0,   -7,    0,    0,    0,    0,    0,    0,    0,    0,    0,   -7,    0,    0,    0,    0,    0,   -6,    0,   -5,   -4,    0,   -7,   -7,    0,   -5,   -5,    0,    0,    0,   -7,    0,   -7,   -7,    0,    0,    0,    0,    0,    0,    0,    0,    0,    0,    0,    0,    0,    0,    0,    0,   -5,    0,    0,    0,    0,    0,    0,   -6,    0,    0,    0,    0,    0,    0,    0,    0,    0,    0,  -11,    0,    0,    0,    0,    0,    0,    0,    0,   -6,   -6,    0,    0,    0,    0,    0,    0,    0,    0,    0,    0,    0,    0,    0,    0,    0,    0,    0,    0,    0,    0,    0,    0,    0,    0,    0,    0,    0,    0,    0,    0,
       0,    0,    0,    0,    0,    0,    0,    0,    0,    0,    0,   -6,  -27,    0,    0,    0,  -35,   -3,    0,    0,    0,    0,    0,    0,   -7,   -3,    0,    0,    0,    0,   -6,    0,  -10,  -10,    0,    0,    0,   -3,    0,   -3,    0,    0,    5,    5,    4,    5,    0,    0,    0,    0,    0,  -46,    0,   -6,    0,    0,    0,  -16,    0,    0,    0,   -4,    0,    0,    0,    0,    0,    0,    0,    0,  -35,  -25,   -4,  -27,  -24,   -6,   -5,   -3,    0,    0,   -7,    0,   -5,    0,   -6,    0,    0,    0,  -15,   -5,    0,    0,  -15,   -5,  -10,    0,   -5,    0,    0,   -6,    4,    0,    0,    0,    0,    0,   -4,    0,   -3,   -3,    0,    0,   -3,    0,    0,    0,    0,   -5,    0,    0,    0,    0,    0,  -24,   -4,   -4,    0,   -4,    0,    0,    0,    0,    0,    0,    0,    0,    0,    0,    0,    0,    0,    0,    0,    0,    0,    0,    0,    0,    0,    0,    0,    0,    0,    0,    0,    0,    0,    0,    0,
       0,    0,    0,    0,    0,    0,    0,    0,    0,    0,    0,    0,   10,    0,  -13,  -13,   13,    0,  -13,    4,  -27,  -10,  -27,  -14,    8,  -32,    7,    0,    0,    0,  -10,    0,  -10,  -10,    0,    0,    0,    0,    0,    0,    0,    0,  -19,  -18,    7,  -19,    6,    0,    0,    0,    0,    8,    0,  -10,    0,    0,    0,   -7,    0,    0,    0,    0,    0,    0,    0,    0,    0,  -27,   -5,    4,   13,    8,    0,   10,    9,    4,    5,    0,  -13,  -13,    8,  -25,    0,    0,    0,    0,    0,    0,    9,    0,    0,    5,    9,    0,  -10,    0,    0,  -12,  -10,    0,    7,  -15,    0,   -6,    5,    0,    0,    0,    0,    0,    0,    0,    0,    0,   -5,    0,   -6,    0,  -21,  -11,    0,  -28,  -16,   10,    0,   -3,    0,    4,  -14,    0,    0,    0,    0,    0,    0,    0,    0,    0,    0,    0,    0,    0,    0,    0,    0,    0,    0,    0,    0,    0,    0,    0,    0,    0,    0,    0,    0,    0,    0,
       0,    0,    0,    0,    0,    0,    0,    0,    0,    0,    0,    0,    0,    0,    7,    7,   -5,    0,    7,    0,  -18,    0,  -10,    0,  -11,  -22,   -3,    0,    0,    0,    5,    0,    4,    4,    7,    0,    0,    0,    0,    0,    0,    0,    0,    3,   -7,    0,    0,    0,    0,    0,    0,  -15,    0,    5,    0,    0,    0,    4,    0,    0,    0,    6,    0,    0,    0,    0,    0,  -18,    7,   -3,   -5,    0,   -8,    0,    0,  -10,    0,    0,    7,    6,  -11,    0,   -5,    0,    5,    8,    4,    4,    0,    8,   -8,    0,    0,    0,    4,    4,    8,    0,    0,    8,   -7,    7,    4,    0,    0,    4,    4,    0,   10,    0,    4,    4,    4,    0,    0,    5,    7,    8,  -15,    0,    4,    0,    9,    0,    0,    7,    8,   -5,    0,    0,    0,    0,    0,    0,    0,    0,    0,    0,    0,    0,    0,    0,    0,    0,    0,    0,    0,    0,    0,    0,    0,    0,    0,    0,    0,    0,    0,    0,    0,
       0,    0,    0,    0,    0,    0,    0,    0,    0,    0,    0,  -12,  -22,    0,   -8,   -8,  -24,    0,   -8,    0,   14,    0,   16,   14,   11,   17,    6,    0,    0,    0,  -13,    6,  -19,  -19,    0,    6,    5,    5,  -11,  -10,    0,   -6,    0,    0,    0,    0,   -3,    0,    0,    0,    0,  -40,    0,  -13,    5,    5,    5,  -16,    5,    5,    5,    0,    0,    0,    0,    0,    0,   14,   -6,    0,  -24,  -18,    7,  -22,  -17,    9,    0,    0,   -8,   -6,   11,    4,    0,   -6,  -13,   -4,   -5,   -5,  -15,  -11,    0,    0,  -15,   -9,  -19,   -5,  -11,    0,    0,  -12,    0,    0,   -5,    0,    0,   -4,   -9,    8,   -9,  -10,    5,    5,    5,    8,    0,    0,   -6,  -11,   10,    0,    0,    0,    0,  -18,   -7,    0,   -6,    0,   -3,    0,    0,    0,    0,    0,    0,    0,    0,    0,    0,    0,    0,    0,    0,    0,    0,    0,    0,    0,    0,    0,    0,    0,    0,    0,    0,    0,    0,    0,    0,
       0,    0,    0,    0,    0,    0,    0,    0,    0,    0,    0,    0,    6,    0,    0,    0,    8,    0,    0,    0,  -21,    0,   -4,    0,    5,  -13,    4,    0,    0,    0,    0,    0,    0,    0,    0,    0,    0,    0,    0,    0,    0,    0,    5,    5,    4,    5,    3,    0,    0,    0,    0,    5,    0,    0,    0,    0,    0,    0,    0,    0,    0,    0,    0,    0,    0,    0,    0,  -21,    0,    0,    8,    0,    0,    6,    0,    0,    0,    0,    0,    0,    5,    0,    0,    0,    0,    0,    0,    0,    0,    0,    0,    0,    5,    0,    0,    0,    0,    0,    0,    0,    4,    0,    0,    0,    0,    0,    0,    0,    0,    0,    0,    0,    0,    0,    5,    5,    0,    0,   -7,    0,    0,    5,    5,    7,    0,    0,    0,    0,    0,    0,    0,    0,    0,    0,    0,    0,    0,    0,    0,    0,    0,    0,    0,    0,    0,    0,    0,    0,    0,    0,    0,    0,    0,    0,    0,    0,    0,    0,    0,
       0,    0,    0,    0,    0,    0,    0,    0,    0,    0,    0,    0,   -7,    0,    0,    0,   -6,    0,    0,    0,  -12,    0,  -10,   -4,   -8,  -14,   -4,    0,    0,    0,    0,    0,    0,    0,    0,    0,    0,    0,    0,    0,    0,    0,    0,    0,   -3,    0,    0,    0,    0,    0,    0,  -18,    0,    0,    0,    0,    0,    0,    0,    0,    0,   -5,    0,    0,    0,    0,    0,  -12,    0,   -4,   -6,    0,   -8,   -7,    0,  -11,   -6,    0,    0,    0,   -8,    0,   -9,   -6,    0,    0,    0,    0,    0,    0,    0,    0,    0,    0,    0,    0,    0,    0,    0,    0,   -3,    0,    0,    0,    0,    0,    0,   -5,    0,    0,    0,    0,    0,    0,    0,    0,    0,    0,  -12,    0,    0,    0,    0,   -6,    0,    0,    0,   -6,    0,    0,    0,    0,    0,    0,    0,    0,    0,    0,    0,    0,    0,    0,    0,    0,    0,    0,    0,    0,    0,    0,    0,    0,    0,    0,    0,    0,    0,    0,    0,
       0,  -17,    0,   -6,    0,  -27,   10,    0,    8,    6,  -11,    0,   12,    0,   -8,   -8,   11,    0,   -8,    6,  -27,   -7,  -22,  -13,   12,  -33,    8,    0,  -27,   -9,   -4,    0,   -4,   -4,    0,    0,    0,    0,    0,    3,    0,    0,  -12,   -9,    8,  -12,    5,   -3,    0,   -5,    4,    7,    0,   -4,    0,    0,    0,   -5,    0,    0,    0,    0,    0,    0,    0,  -15,    0,    0,    0,    0,    0,    0,    0,    0,    0,    0,    0,    0,    0,    0,    0,    0,    0,    0,    0,    0,    0,    0,    0,    0,    0,    0,    0,    0,    0,    0,    0,    0,    0,    0,    0,    0,    0,    0,    0,    0,    0,    0,    0,    0,    0,    0,    0,    0,    0,    0,    0,    0,    0,    0,    0,    0,    0,    0,    0,    0,    0,    0,    0,    0,    0,    0,    0,    0,    0,    0,    0,    0,    0,    0,    0,    0,    0,    0,    0,    0,    0,    0,    0,    0,    0,    0,  -25,  -22,   14,    0,    0,    0,    0,
       0,    0,    0,    0,   -4,   -4,    0,    4,  -10,    4,   -7,    0,   -3,    0,    0,    0,    0,    0,    0,    0,   -6,    0,  -10,   -3,   -7,  -11,    0,    0,   -7,   -8,    0,    0,    0,    0,    0,    0,    0,    0,    0,    0,    0,    0,   -3,    0,   -3,   -3,   -3,    0,   -3,    3,    4,   -9,    0,    0,    0,    0,    0,    0,    0,    0,    0,    0,    0,    0,    0,   -5,    0,    0,    0,    0,    0,    0,    0,    0,    0,    0,    0,    0,    0,    0,    0,    0,    0,    0,    0,    0,    0,    0,    0,    0,    0,    0,    0,    0,    0,    0,    0,    0,    0,    0,    0,    0,    0,    0,    0,    0,    0,    0,    0,    0,    0,    0,    0,    0,    0,    0,    0,    0,    0,    0,    0,    0,    0,    0,    0,    0,    0,    0,    0,    0,    0,    0,    0,    0,    0,    0,    0,    0,    0,    0,    0,    0,    0,    0,    0,    0,    0,    0,    0,    0,    0,    0,    0,    0,    4,    0,    0,    0,    0,
       0,    0,    3,   -4,    5,   -3,    8,   -4,    4,    6,    5,    0,    9,    0,   -8,   -8,   10,    0,   -8,    6,    7,    0,    7,    6,    9,    8,    6,    0,    7,    9,    3,    0,   -4,   -4,    0,    0,    0,    0,    0,    2,    0,   -4,    0,    0,    8,    0,    5,    0,    0,   -8,    5,    9,    0,    3,    0,    0,    0,   -3,    0,    0,    0,    0,    0,    0,    0,    0,    0,    0,    0,    0,    0,    0,    0,    0,    0,    0,    0,    0,    0,    0,    0,    0,    0,    0,    0,    0,    0,    0,    0,    0,    0,    0,    0,    0,    0,    0,    0,    0,    0,    0,    0,    0,    0,    0,    0,    0,    0,    0,    0,    0,    0,    0,    0,    0,    0,    0,    0,    0,    0,    0,    0,    0,    0,    0,    0,    0,    0,    0,    0,    0,    0,    0,    0,    0,    0,    0,    0,    0,    0,    0,    0,    0,    0,    0,    0,    0,    0,    0,    0,    0,    0,    0,    7,   12,   13,    0,    0,    0,    0,
       0,    0,    0,    0,   -7,    0,  -13,    7,  -17,    0,   -6,    0,   -8,    0,    0,    0,   -8,    0,    0,    0,   -8,    0,   -8,   -3,  -13,  -15,   -3,    0,    0,   -7,    0,    0,    0,    0,    0,    0,    0,    0,    0,    0,    0,    0,    0,    0,    0,    0,    0,    0,   -5,    3,    0,  -20,    0,    0,    0,    0,    0,    0,    0,    0,    0,    0,    0,    0,   -5,   -7,    0,    0,    0,    0,    0,    0,    0,    0,    0,    0,    0,    0,    0,    0,    0,    0,    0,    0,    0,    0,    0,    0,    0,    0,    0,    0,    0,    0,    0,    0,    0,    0,    0,    0,    0,    0,    0,    0,    0,    0,    0,    0,    0,    0,    0,    0,    0,    0,    0,    0,    0,    0,    0,    0,    0,    0,    0,    0,    0,    0,    0,    0,    0,    0,    0,    0,    0,    0,    0,    0,    0,    0,    0,    0,    0,    0,    0,    0,    0,    0,    0,    0,    0,    0,    0,    0,    0,    3,   -4,    0,    0,    0,    0,
       0,    0,    0,    0,    0,    0,    0,    0,    0,    0,    0,    0,    0,    0,    0,    0,    8,    0,   -6,    0,    0,    0,    4,    0,    7,    3,    4,    0,    0,    0,   -4,    0,   -4,   -4,    0,    0,    0,    0,    0,    0,    0,    0,    0,    0,    7,    0,    0,    0,    0,    0,    4,    6,    0,   -4,    0,    0,    0,   -3,    0,    0,    0,    3,    0,    0,    0,    0,    0,    0,    0,    0,    0,    0,    0,    0,    0,    0,    0,    0,    0,    0,    0,    0,    0,    0,    0,    0,    0,    0,    0,    0,    0,    0,    0,    0,    0,    0,    0,    0,    0,    0,    0,    0,    0,    0,    0,    0,    0,    0,    0,    0,    0,    0,    0,    0,    0,    0,    0,    0,    0,    0,    0,    0,    0,    0,    0,    0,    0,    0,    0,    0,    0,    0,    0,    0,    0,    0,    0,    0,    0,    0,    0,    0,    0,    0,    0,    0,    0,    0,    0,    0,    0,    0,    4,    6,   13,    0,    0,    0,    0,
       0,    0,   -7,   -5,    7,    0,  -21,    5,  -26,    0,    7,   -3,  -16,    0,   -3,   -3,  -25,   -3,   -3,    0,    7,    0,    9,    7,    4,    9,    0,    0,   10,    9,   -8,    0,   -3,   -3,    0,    0,    0,    0,   -7,   -4,    0,   -7,    0,    0,   -3,    0,   -7,    0,    0,    0,   -4,  -39,    0,   -8,    0,    0,    0,   -3,    0,    0,    0,    0,    0,    0,    0,    0,    0,    0,    0,    0,    0,    0,    0,    0,    0,    0,    0,    0,    0,    0,    0,    0,    0,    0,    0,    0,    0,    0,    0,    0,    0,    0,    0,    0,    0,    0,    0,    0,    0,    0,    0,    0,    0,    0,    0,    0,    0,    0,    0,    0,    0,    0,    0,    0,    0,    0,    0,    0,    0,    0,    0,    0,    0,    0,    0,    0,    0,    0,    0,    0,    0,    0,    0,    0,    0,    0,    0,    0,    0,    0,    0,    0,    0,    0,    0,    0,    0,    0,    0,    0,    0,    0,   13,   12,  -21,    0,    0,    0,    0,
       0,    0,    0,    0,    0,   -9,    7,    6,    0,    3,    0,    0,    0,    0,    0,    0,    0,    0,    0,    0,   -3,    0,   -7,   -7,    0,   -7,    0,    0,    0,    0,    0,    0,    0,    0,    0,    0,    0,    0,    0,    0,    0,    0,   -4,    0,    0,   -4,    0,    0,    0,    0,    0,    0,    0,    0,    0,    0,    0,    0,    0,    0,    0,    0,    0,    0,    0,    0,    0,    0,    0,    0,    0,    0,    0,    0,    0,    0,    0,    0,    0,    0,    0,    0,    0,    0,    0,    0,    0,    0,    0,    0,    0,    0,    0,    0,    0,    0,    0,    0,    0,    0,    0,    0,    0,    0,    0,    0,    0,    0,    0,    0,    0,    0,    0,    0,    0,    0,    0,    0,    0,    0,    0,    0,    0,    0,    0,    0,    0,    0,    0,    0,    0,    0,    0,    0,    0,    0,    0,    0,    0,    0,    0,    0,    0,    0,    0,    0,    0,    0,    0,    0,    0,    0,   -3,    0,    8,    0,    0,    0,    0,
       0,    0,    0,    0,    0,    0,    0,    0,   -3,    0,    0,    0,    0,    0,    0,    0,    0,    0,    0,    0,    0,    0,    0,    0,    0,    0,    0,    0,    0,    0,    0,    0,    0,    0,    0,    0,    0,    0,    0,    0,    0,    0,    0,    0,    0,    0,    0,    0,    0,    0,    0,    0,    0,    0,    0,    0,    0,    0,    0,    0,    0,    0,    0,    0,    0,    0,    0,    0,    0,    0,    0,    0,    0,    0,    0,    0,    0,    0,    0,    0,    0,    0,    0,    0,    0,    0,    0,    0,    0,    0,    0,    0,    0,    0,    0,    0,    0,    0,    0,    0,    0,    0,    0,    0,    0,    0,    0,    0,    0,    0,    0,    0,    0,    0,    0,    0,    0,    0,    0,    0,    0,    0,    0,    0,    0,    0,    0,    0,    0,    0,    0,    0,    0,    0,    0,    0,    0,    0,    0,    0,    0,    0,    0,    0,    0,    0,    0,    0,    0,    0,    0,    0,    0,    0,    0,    0,    0,    0,    0,
       0,    0,    0,    0,    0,    0,    0,    0,  -10,    0,    0,    0,   -6,    0,    0,    0,   -4,    0,    0,    0,    0,    0,    0,    0,    0,    0,    0,    0,    3,    0,    0,    0,    0,    0,    0,    0,    0,    0,    0,    0,    0,    0,    0,    0,    0,    0,    0,    0,    0,    0,    3,  -13,    0,    0,    0,    0,    0,    0,    0,    0,    0,    0,    0,    0,    0,    0,    0,    0,    0,    0,    0,    0,    0,    0,    0,    0,    0,    0,    0,    0,    0,    0,    0,    0,    0,    0,    0,    0,    0,    0,    0,    0,    0,    0,    0,    0,    0,    0,    0,    0,    0,    0,    0,    0,    0,    0,    0,    0,    0,    0,    0,    0,    0,    0,    0,    0,    0,    0,    0,    0,    0,    0,    0,    0,    0,    0,    0,    0,    0,    0,    0,    0,    0,    0,    0,    0,    0,    0,    0,    0,    0,    0,    0,    0,    0,    0,    0,    0,    0,    0,    0,    0,    5,    5,    0,    0,    0,    0,    0,
       0,    0,   -7,   -6,    8,  -13,   10,  -17,    8,    3,    0,   -5,    8,    0,  -18,  -18,    7,    0,  -18,    0,    8,    0,    6,    4,   12,    6,    8,    0,    7,    9,   -3,    0,  -13,  -13,    0,    0,    0,    0,    0,    3,   -3,  -11,  -15,  -15,   11,  -15,    7,   -4,    0,  -17,    0,    9,    0,   -3,    0,    0,   14,  -11,   12,   10,    3,    0,    0,   -6,    0,    0,    0,    0,    0,    0,    0,    0,    0,    0,    0,    0,    0,    0,    0,    0,    0,    0,    0,    0,    0,    0,    0,    0,    0,    0,    0,    0,    0,    0,    0,    0,    0,    0,    0,    0,    0,    0,    0,    0,    0,    0,    0,    0,    0,    0,    0,    0,    0,    0,    0,    0,    0,    0,    0,    0,    0,    0,    0,    0,    0,    0,    0,    0,    0,    0,    0,    0,    0,    0,    0,    0,    0,    0,    0,    0,    0,    0,    0,    0,    0,    0,    0,    0,    0,    0,    0,    0,    0,    0,   10,    0,    0,    0,    0,
       3,  -32,    3,    0,    0,  -34,   13,   -7,    6,    8,  -12,    0,   10,    0,   -7,   -7,   10,    3,   -7,    6,  -26,   -3,  -28,  -17,   10,  -33,    6,    0,  -27,  -11,    4,    0,    0,    0,    0,    0,    0,    0,    0,    3,    0,    0,  -16,  -10,   10,  -16,    5,   -5,   -4,   -6,    7,   10,    0,    4,    0,    0,    0,    0,    0,    0,    0,    0,    0,    0,    0,  -17,    0,    0,    0,    0,    0,    0,    0,    0,    0,    0,    0,    0,    0,    0,    0,    0,    0,    0,    0,    0,    0,    0,    0,    0,    0,    0,    0,    0,    0,    0,    0,    0,    0,    0,    0,    0,    0,    0,    0,    0,    0,    0,    0,    0,    0,    0,    0,    0,    0,    0,    0,    0,    0,    0,    0,    0,    0,    0,    0,    0,    0,    0,    0,    0,    0,    0,    0,    0,    0,    0,    0,    0,    0,    0,    0,    0,    0,    0,    0,    0,    0,    0,    0,    0,    0,    0,  -21,  -18,   16,    0,    0,    0,    0,
       0,    0,    0,    0,    0,   -3,    0,    0,   -3,    0,   -5,    0,    0,    0,    0,    0,    0,    0,    0,    0,   -3,    0,   -3,    0,    0,   -5,    0,    0,   -7,    0,    0,    0,    0,    0,    0,    0,    0,    0,    0,    0,    0,    0,    0,    0,    0,    0,    0,    0,    0,    0,    0,    0,    0,    0,    0,    0,    0,    0,    0,    0,    0,    0,    0,    0,    0,    0,    0,    0,    0,    0,    0,    0,    0,    0,    0,    0,    0,    0,    0,    0,    0,    0,    0,    0,    0,    0,    0,    0,    0,    0,    0,    0,    0,    0,    0,    0,    0,    0,    0,    0,    0,    0,    0,    0,    0,    0,    0,    0,    0,    0,    0,    0,    0,    0,    0,    0,    0,    0,    0,    0,    0,    0,    0,    0,    0,    0,    0,    0,    0,    0,    0,    0,    0,    0,    0,    0,    0,    0,    0,    0,    0,    0,    0,    0,    0,    0,    0,    0,    0,    0,    0,    0,   -7,   -5,    0,    0,    0,    0,    0,
       0,    0,    0,    0,   -7,    0,  -13,    7,  -17,    0,   -6,    0,   -8,    0,    0,    0,   -8,    0,    0,    0,   -8,    0,   -8,   -3,  -13,  -15,   -3,    0,    0,   -7,    0,    0,    0,    0,    0,    0,    0,    0,    0,    0,    0,    0,    0,    0,    0,    0,    0,    0,   -4,    3,    0,  -20,    0,    0,    0,    0,    0,    0,    0,    0,    0,    0,    0,    0,   -4,   -7,    0,    0,    0,    0,    0,    0,    0,    0,    0,    0,    0,    0,    0,    0,    0,    0,    0,    0,    0,    0,    0,    0,    0,    0,    0,    0,    0,    0,    0,    0,    0,    0,    0,    0,    0,    0,    0,    0,    0,    0,    0,    0,    0,    0,    0,    0,    0,    0,    0,    0,    0,    0,    0,    0,    0,    0,    0,    0,    0,    0,    0,    0,    0,    0,    0,    0,    0,    0,    0,    0,    0,    0,    0,    0,    0,    0,    0,    0,    0,    0,    0,    0,    0,    0,    0,    0,    0,    3,   -4,    0,    0,    0,    0,
       0,    0,   -7,    0,   -3,    0,  -35,    0,  -26,    4,    0,    0,  -23,    0,    0,    0,  -30,    0,    0,    0,    4,    0,    0,    0,   -7,   -3,    0,   -5,    0,   -4,   -7,    0,   -5,   -5,    0,    0,    0,    0,    0,    0,    0,    0,    7,    7,    4,    7,    0,    0,   -3,   -3,    4,  -42,    0,   -7,    0,    0,    0,   -8,    0,    0,    0,    0,    0,    0,    0,    0,    0,    0,    0,    0,    0,    0,    0,    0,    0,    0,    0,    0,    0,    0,    0,    0,    0,    0,    0,    0,    0,    0,    0,    0,    0,    0,    0,    0,    0,    0,    0,    0,    0,    0,    0,    0,    0,    0,    0,    0,    0,    0,    0,    0,    0,    0,    0,    0,    0,    0,    0,    0,    0,    0,    0,    0,    0,    0,    0,    0,    0,    0,    0,    0,    0,    0,    0,    0,    0,    0,    0,    0,    0,    0,    0,    0,    0,    0,    0,    0,    0,    0,    0,    0,    0,    0,   10,   10,  -31,    0,    0,    0,    0,
       0,    0,    0,    0,   -7,    0,  -13,    7,  -17,    0,   -6,    0,   -8,    0,    0,    0,   -8,    0,    0,    0,   -8,    0,   -8,   -3,  -13,  -15,   -3,    0,    0,   -7,    0,    0,    0,    0,    0,    0,    0,    5,    0,    0,    0,    0,    0,    0,    0,    0,    0,    0,    0,    3,    0,  -20,    0,    0,    0,    0,    0,    0,    0,    0,    0,    0,    0,    0,   -4,    0,    0,    0,    0,    0,    0,    0,    0,    0,    0,    0,    0,    0,    0,    0,    0,    0,    0,    0,    0,    0,    0,    0,    0,    0,    0,    0,    0,    0,    0,    0,    0,    0,    0,    0,    0,    0,    0,    0,    0,    0,    0,    0,    0,    0,    0,    0,    0,    0,    0,    0,    0,    0,    0,    0,    0,    0,    0,    0,    0,    0,    0,    0,    0,    0,    0,    0,    0,    0,    0,    0,    0,    0,    0,    0,    0,    0,    0,    0,    0,    0,    0,    0,    0,    0,    0,    0,    0,    3,   -4,    0,    0,    0,    0,
       0,    0,    0,    0,    0,   -3,    8,   -7,    6,    4,   -5,   -3,   10,    0,   -6,   -6,    9,    0,   -6,    0,   -3,   -3,   -5,    0,    7,  -11,    6,    0,   -3,   -8,   -8,    0,   -8,   -8,    0,    0,    0,    0,    0,    0,   -3,   -3,    0,    0,    6,    0,    3,    0,    0,   -7,    0,    7,    0,   -8,    0,    0,    0,   -9,    0,    0,    0,    0,    0,    0,    0,    0,    0,    0,    0,    0,    0,    0,    0,    0,    0,    0,    0,    0,    0,    0,    0,    0,    0,    0,    0,    0,    0,    0,    0,    0,    0,    0,    0,    0,    0,    0,    0,    0,    0,    0,    0,    0,    0,    0,    0,    0,    0,    0,    0,    0,    0,    0,    0,    0,    0,    0,    0,    0,    0,    0,    0,    0,    0,    0,    0,    0,    0,    0,    0,    0,    0,    0,    0,    0,    0,    0,    0,    0,    0,    0,    0,    0,    0,    0,    0,    0,    0,    0,    0,    0,    0,    0,    4,    4,   11,    0,    0,    0,    0,
       0,    0,    0,    0,   -3,  -12,    3,    9,   -5,    0,   -3,    0,    0,    0,    0,    0,    0,    0,    0,    0,   -7,    0,   -3,   -3,    0,   -3,    0,    0,    0,    0,    4,    0,    0,    0,    0,    0,    0,    0,    0,    0,    0,    0,   -5,   -4,   -4,   -5,    0,    0,    0,    5,    0,   -7,    0,    4,    0,    0,    0,    0,    0,    0,    0,    0,    0,    0,    0,    0,    0,    0,    0,    0,    0,    0,    0,    0,    0,    0,    0,    0,    0,    0,    0,    0,    0,    0,    0,    0,    0,    0,    0,    0,    0,    0,    0,    0,    0,    0,    0,    0,    0,    0,    0,    0,    0,    0,    0,    0,    0,    0,    0,    0,    0,    0,    0,    0,    0,    0,    0,    0,    0,    0,    0,    0,    0,    0,    0,    0,    0,    0,    0,    0,    0,    0,    0,    0,    0,    0,    0,    0,    0,    0,    0,    0,    0,    0,    0,    0,    0,    0,    0,    0,    0,    0,   -7,    0,    6,    0,    0,    0,    0,
       0,    0,   -7,   -6,    8,    0,  -27,  -18,  -33,  -20,    9,  -12,  -27,    0,   -8,   -8,  -28,   -3,   -8,    0,    9,    0,   10,    9,    9,   11,    3,    0,   13,   10,  -25,    0,  -25,  -25,    0,    0,    0,    0,  -23,  -24,    0,  -23,  -25,  -25,  -25,  -25,  -24,   -6,    0,  -25,  -22,  -38,    0,  -25,   -3,    9,   15,  -31,   15,   11,   10,    0,  -18,  -20,    0,    0,    0,    0,    0,    0,    0,    0,    0,    0,    0,    0,    0,    0,    0,    0,    0,    0,    0,    0,    0,    0,    0,    0,    0,    0,    0,    0,    0,    0,    0,    0,    0,    0,    0,    0,    0,    0,    0,    0,    0,    0,    0,    0,    0,    0,    0,    0,    0,    0,    0,    0,    0,    0,    0,    0,    0,    0,    0,    0,    0,    0,    0,    0,    0,    0,    0,    0,    0,    0,    0,    0,    0,    0,    0,    0,    0,    0,    0,    0,    0,    0,    0,    0,    0,    0,    0,    0,    9,    7,  -18,    0,    0,    0,    0,
       0,    0,    0,    0,    0,    0,  -10,    0,  -18,    3,    0,    0,   -7,    0,    0,    0,   -6,    0,    0,    0,    0,    0,    0,    0,    0,    0,    0,    0,    3,    0,    0,    0,    0,    0,    0,    0,    0,    0,    0,    0,    0,    0,    0,    0,    0,    0,    0,    0,    0,    0,    0,  -18,    0,    0,    0,    0,    0,    0,    0,    0,    0,    0,    0,    0,    0,    0,    0,    0,    0,    0,    0,    0,    0,    0,    0,    0,    0,    0,    0,    0,    0,    0,    0,    0,    0,    0,    0,    0,    0,    0,    0,    0,    0,    0,    0,    0,    0,    0,    0,    0,    0,    0,    0,    0,    0,    0,    0,    0,    0,    0,    0,    0,    0,    0,    0,    0,    0,    0,    0,    0,    0,    0,    0,    0,    0,    0,    0,    0,    0,    0,    0,    0,    0,    0,    0,    0,    0,    0,    0,    0,    0,    0,    0,    0,    0,    0,    0,    0,    0,    0,    0,    0,    2,    8,    0,    0,    0,    0,    0,
       0,    6,  -10,  -10,   11,    0,  -27,  -10,  -31,   -4,    9,  -10,  -22,    0,   -8,   -8,  -29,   -3,   -8,    0,   11,    0,   12,   11,   11,   13,    5,    0,   13,   12,  -14,    0,  -18,  -18,    0,    0,    0,    0,   -8,  -13,    0,   -7,    0,    0,    0,    0,   -4,   -6,    0,  -13,    0,  -49,    0,  -14,    7,    0,   17,  -20,   15,   12,   11,    0,   -6,   -7,    0,    0,    0,    0,    0,    0,    0,    0,    0,    0,    0,    0,    0,    0,    0,    0,    0,    0,    0,    0,    0,    0,    0,    0,    0,    0,    0,    0,    0,    0,    0,    0,    0,    0,    0,    0,    0,    0,    0,    0,    0,    0,    0,    0,    0,    0,    0,    0,    0,    0,    0,    0,    0,    0,    0,    0,    0,    0,    0,    0,    0,    0,    0,    0,    0,    0,    0,    0,    0,    0,    0,    0,    0,    0,    0,    0,    0,    0,    0,    0,    0,    0,    0,    0,    0,    0,    0,    0,    9,   12,  -21,    0,    0,    0,    0,
       0,    6,   -7,   -4,    9,    0,  -15,    0,  -21,    0,    8,   -4,  -13,    0,   -3,   -3,  -16,    0,   -3,    0,    9,    0,   11,    9,    9,   12,    4,    0,   13,   11,   -9,    0,  -11,  -11,    0,    0,    0,    0,   -5,   -5,    0,   -5,    4,    4,    3,    4,    0,   -3,    0,   -5,    0,  -18,    0,   -9,    0,    0,   15,  -12,   14,    0,    0,    0,    0,    0,    0,    0,    0,    0,    0,    0,    0,    0,    0,    0,    0,    0,    0,    0,    0,    0,    0,    0,    0,    0,    0,    0,    0,    0,    0,    0,    0,    0,    0,    0,    0,    0,    0,    0,    0,    0,    0,    0,    0,    0,    0,    0,    0,    0,    0,    0,    0,    0,    0,    0,    0,    0,    0,    0,    0,    0,    0,    0,    0,    0,    0,    0,    0,    0,    0,    0,    0,    0,    0,    0,    0,    0,    0,    0,    0,    0,    0,    0,    0,    0,    0,    0,    0,    0,    0,    0,    0,    0,    9,   13,   -8,    0,    0,    0,    0,
       0,    0,   -7,   -6,    9,   -9,    8,  -11,    8,    6,    7,   -5,   12,    0,  -13,  -13,    8,    0,  -13,    6,    9,    0,   10,    9,   12,   11,    8,    0,   10,   10,  -10,    0,  -10,  -10,    0,    0,    0,    0,    0,    3,    0,   -8,   -8,   -8,    8,   -8,    5,   -4,    0,  -12,    0,   12,    0,  -10,    0,    0,   13,   -7,   13,    7,    3,    0,    0,   -5,    0,    0,    0,    0,    0,    0,    0,    0,    0,    0,    0,    0,    0,    0,    0,    0,    0,    0,    0,    0,    0,    0,    0,    0,    0,    0,    0,    0,    0,    0,    0,    0,    0,    0,    0,    0,    0,    0,    0,    0,    0,    0,    0,    0,    0,    0,    0,    0,    0,    0,    0,    0,    0,    0,    0,    0,    0,    0,    0,    0,    0,    0,    0,    0,    0,    0,    0,    0,    0,    0,    0,    0,    0,    0,    0,    0,    0,    0,    0,    0,    0,    0,    0,    0,    0,    0,    0,    0,    3,    5,   11,    0,    0,    0,    0,
       4,    0,  -17,  -13,   11,   -3,  -32,  -22,  -33,  -13,   10,  -20,  -33,    0,  -15,  -15,  -28,   -5,  -15,   -3,   11,    0,   13,   11,   11,   14,    6,    0,   13,   13,  -24,    0,  -29,  -29,    0,    0,    0,    0,  -12,  -23,    0,  -11,   -3,    0,   -7,   -3,  -12,   -5,    0,  -26,   -9,  -48,    0,  -42,    0,    0,   18,  -30,   15,   13,    6,    0,  -10,  -11,    0,    0,    0,    0,    0,    0,    0,    0,    0,    0,    0,    0,    0,    0,    0,    0,    0,    0,    0,    0,    0,    0,    0,    0,    0,    0,    0,    0,    0,    0,    0,    0,    0,    0,    0,    0,    0,    0,    0,    0,    0,    0,    0,    0,    0,    0,    0,    0,    0,    0,    0,    0,    0,    0,    0,    0,    0,    0,    0,    0,    0,    0,    0,    0,    0,    0,    0,    0,    0,    0,    0,    0,    0,    0,    0,    0,    0,    0,    0,    0,    0,    0,    0,    0,    0,    0,    0,    0,    8,   10,  -22,    0,    0,    0,    0,
       0,    0,   -3,    0,    5,    0,    9,   -7,    0,    5,    5,   -3,    9,    0,   -4,   -4,    9,    0,   -4,    4,    5,    0,    7,    5,    9,    8,    4,    0,    7,    7,    4,    0,   -3,   -3,    0,    0,    0,    0,    0,    0,    0,    0,    0,    0,    8,    0,    4,    0,    0,  -10,    5,    9,    0,    4,    0,    3,   12,    0,   11,    3,    0,    0,    0,    0,    0,    0,    0,    0,    0,    0,    0,    0,    0,    0,    0,    0,    0,    0,    0,    0,    0,    0,    0,    0,    0,    0,    0,    0,    0,    0,    0,    0,    0,    0,    0,    0,    0,    0,    0,    0,    0,    0,    0,    0,    0,    0,    0,    0,    0,    0,    0,    0,    0,    0,    0,    0,    0,    0,    0,    0,    0,    0,    0,    0,    0,    0,    0,    0,    0,    0,    0,    0,    0,    0,    0,    0,    0,    0,    0,    0,    0,    0,    0,    0,    0,    0,    0,    0,    0,    0,    0,    0,    7,   10,   14,    0,    0,    0,    0,
       0,    0,    0,    0,    0,    0,    0,    0,    0,    0,    0,    0,   -9,    0,   -7,   -7,   -9,    0,   -7,    0,   10,    0,   12,   10,   10,   13,    5,    0,    0,   30,  -12,    0,  -12,  -12,    0,    0,    3,   31,  -11,  -11,    0,  -12,  -10,  -10,  -10,   10,  -10,    0,    0,    0,    0,   -9,    0,  -12,    3,    3,    3,  -13,    3,    3,    3,    0,    0,    0,    0,    0,    0,   10,  -10,   -5,   -9,   -9,    6,   -9,    6,    8,    0,    0,   -7,  -13,   10,    0,    0,  -11,  -12,   -7,   -9,   -7,    6,  -11,   -7,   -8,   -7,   -9,  -12,    0,  -11,   -8,   10,  -13,  -10,  -12,   -4,   -8,   -8,   -7,   -9,    7,   -9,  -11,    3,    3,   31,    7,   -6,   -5,  -12,  -12,    9,   -7,    0,    0,   -7,    0,   -9,    0,   -9,    0,    4,    0,    0,    0,    0,    0,    0,    0,    0,    0,    0,    0,    0,    0,    0,    0,    0,    0,    0,    0,    0,    0,    0,    0,    0,    0,    0,    0,    0,    0,    0,
       0,    0,    0,    0,    0,    0,    0,    0,    0,    0,    0,    0,    7,  -10,  -13,  -13,    3,  -10,  -13,    0,  -30,  -13,  -37,  -23,    7,  -37,    3,    0,    0,    0,   -8,    0,   -8,   -8,    0,    0,    0,   47,    0,    0,   -3,   -7,  -10,   -7,    0,   20,    0,    0,    0,    0,    0,    7,    0,   -8,    0,    0,    0,   -7,    0,    0,    0,    0,    0,    0,    0,    0,    0,    0,    0,    0,    0,    0,    0,    0,    0,    0,    0,    0,    0,    0,    0,    0,    0,    0,    0,    0,    0,    0,    0,    0,    0,    0,    0,    0,    0,    0,    0,    0,    0,    0,    0,    0,    0,    0,    0,    0,    0,    0,    0,    0,    0,    0,    0,    0,    0,    0,    0,    0,    0,    0,    0,    0,    0,    0,    0,    0,    0,    0,    0,    0,    0,    0,    0,    0,    0,    0,    0,    0,    0,    0,    0,    0,    0,    0,    0,    0,    0,    0,    0,    0,    0,    0,    0,    0,    0,    0,    0,    0,    0,
       0,    0,    0,    0,    0,    0,    0,    0,    0,    0,    0,    0,    0,    0,    0,    0,    0,    0,    0,    0,    0,    0,    0,    0,    0,    0,    0,    0,    0,    0,    0,    0,    0,    0,    0,    0,    0,   11,    0,    0,    0,    0,    0,    0,    0,    0,    0,    0,    0,    0,    0,    0,    0,    0,    0,    0,    0,    0,    0,    0,    0,    0,    0,    0,    0,    0,    0,    0,   -3,   -3,    0,    0,    0,    0,    0,    0,    0,    0,   -3,   -5,    0,    0,   -4,   -4,    0,    0,    0,    0,    0,    0,    0,    0,    0,    0,    0,    0,    0,    0,    0,   -5,    0,    0,    0,    0,    0,    0,    0,    0,    0,    0,    0,    0,   11,    0,    0,    0,   -6,   -5,    0,    0,    0,    0,    0,    0,    0,   -3,    0,    0,   -4,    0,    0,    0,    0,    0,    0,    0,    0,    0,    0,    0,    0,    0,    0,    0,    0,    0,    0,    0,    0,    0,    0,    0,    0,    0,    0,    0,    0,    0,    0,
       0,   -5,    0,    0,   -7,  -10,    0,    0,    0,    0,  -11,    0,    0,    0,    0,    0,    0,    0,    0,    0,    0,    0,    0,    0,    0,    0,    0,    0,  -13,  -11,    0,    0,    0,    0,    0,    0,    0,    0,    0,    0,    0,    0,   -4,   -3,    0,   -4,    0,    0,   -6,    0,    0,    0,    0,    0,    0,    0,    0,    0,    0,    0,    0,    0,    0,    0,    0,    0,    0,    0,    0,    0,    0,    0,    0,    0,    0,    0,    0,    0,    0,    0,    0,    0,    0,    0,    0,    0,    0,    0,    0,    0,    0,    0,    0,    0,    0,    0,    0,    0,    0,    0,    0,    0,    0,    0,    0,    0,    0,    0,    0,    0,    0,    0,    0,    0,    0,    0,    0,    0,    0,    0,    0,    0,    0,    0,    0,    0,    0,    0,    0,    0,    0,    0,    0,    0,    0,    0,    0,    0,    0,    0,    0,    0,    0,    0,    0,    0,    0,    0,    0,    0,    0,    0,   -7,   -7,    4,    0,    0,    0,    0,
       0,   -6,    0,    0,   -8,  -10,  -10,    4,   -9,    0,   -9,    0,    0,    0,    0,    0,    0,    0,    0,    0,    0,    0,    0,    0,    0,    0,    0,    0,  -17,  -12,    0,    0,    0,    0,    0,    0,    0,    0,    0,    0,    0,    0,   -5,   -4,   -6,   -5,   -3,    0,   -6,    4,    0,    0,    0,    0,    0,    0,    0,    0,    0,    0,    0,    0,    0,    0,    0,    0,    0,    0,    0,    0,    0,    0,    0,    0,    0,    0,    0,    0,    0,    0,    0,    0,    0,    0,    0,    0,    0,    0,    0,    0,    0,    0,    0,    0,    0,    0,    0,    0,    0,    0,    0,    0,    0,    0,    0,    0,    0,    0,    0,    0,    0,    0,    0,    0,    0,    0,    0,    0,    0,    0,    0,    0,    0,    0,    0,    0,    0,    0,    0,    0,    0,    0,    0,    0,    0,    0,    0,    0,    0,    0,    0,    0,    0,    0,    0,    0,    0,    0,    0,    0,    0,    0,   -9,   -8,    0,    0,    0,    0,    0,
       0,    0,    0,    0,    0,    0,    6,   -3,    0,    3,   -4,   -3,    0,    0,    0,    0,    0,    0,    0,    0,    0,    0,    0,    0,    0,    0,    0,    0,    0,  -12,   -8,    0,   -8,   -8,    0,    0,    0,    0,    0,    0,    0,    0,    3,    3,    4,    3,    0,    0,    0,   -5,    0,    0,    0,   -8,    0,    0,    0,  -10,    0,    0,    0,    0,    0,    0,    0,    0,    0,    0,    0,    0,    0,    0,    0,    0,    0,    0,    0,    0,    0,    0,    0,    0,    0,    0,    0,    0,    0,    0,    0,    0,    0,    0,    0,    0,    0,    0,    0,    0,    0,    0,    0,    0,    0,    0,    0,    0,    0,    0,    0,    0,    0,    0,    0,    0,    0,    0,    0,    0,    0,    0,    0,    0,    0,    0,    0,    0,    0,    0,    0,    0,    0,    0,    0,    0,    0,    0,    0,    0,    0,    0,    0,    0,    0,    0,    0,    0,    0,    0,    0,    0,    0,    0,    4,    8,    8,    0,    0,    0,    0,
       0,    0,    0,    0,   -7,   -8,    0,    7,    0,    0,  -12,    0,    0,    0,    0,    0,    0,    0,    0,    0,    0,    0,    0,    0,    0,    0,    0,    0,  -20,  -11,    0,    0,    0,    0,    0,    0,    0,    0,    0,    0,    0,    0,   -5,   -3,    0,   -5,    0,    0,    0,    0,    0,    0,    0,    0,    0,    0,    0,    0,    0,    0,    0,    0,    0,    0,    0,    0,    0,    0,    0,    0,    0,    0,    0,    0,    0,    0,    0,    0,    0,    0,    0,    0,    0,    0,    0,    0,    0,    0,    0,    0,    0,    0,    0,    0,    0,    0,    0,    0,    0,    0,    0,    0,    0,    0,    0,    0,    0,    0,    0,    0,    0,    0,    0,    0,    0,    0,    0,    0,    0,    0,    0,    0,    0,    0,    0,    0,    0,    0,    0,    0,    0,    0,    0,    0,    0,    0,    0,    0,    0,    0,    0,    0,    0,    0,    0,    0,    0,    0,    0,    0,    0,    0,    4,    5,    3,    0,    0,    0,    0,
       0,    0,    0,    0,   18,    8,  -20,    0,  -21,    6,    9,    0,    0,    0,    0,    0,    0,    0,    0,    0,    0,    0,    0,    0,    0,    0,    0,    0,   27,   17,   -3,    0,   -3,   -3,    0,    0,    4,    4,    0,    0,    0,    0,    9,    9,    7,    9,    0,    0,   10,   -3,    6,    0,    0,   -3,   11,    4,   21,   -7,   19,   17,   19,    0,    0,    0,    0,    0,    0,    0,    0,    0,    0,    0,    0,    0,    0,    0,    0,    0,    0,    0,    0,    0,    0,    0,    0,    0,    0,    0,    0,    0,    0,    0,    0,    0,    0,    0,    0,    0,    0,    0,    0,    0,    0,    0,    0,    0,    0,    0,    0,    0,    0,    0,    0,    0,    0,    0,    0,    0,    0,    0,    0,    0,    0,    0,    0,    0,    0,    0,    0,    0,    0,    0,    0,    0,    0,    0,    0,    0,    0,    0,    0,    0,    0,    0,    0,    0,    0,    0,    0,    0,    0,    0,   13,   18,  -19,    0,    0,    0,    0,
       0,    0,    0,    0,   -4,   -8,    0,    0,    0,    0,   -8,    0,    0,    0,    0,    0,    0,    0,    0,    0,    0,    0,    0,    0,    0,    0,    0,    0,  -10,  -11,    0,    0,    0,    0,    0,    0,    0,    9,    0,    0,    0,    0,   -5,   -3,    0,   -5,    0,    0,    0,    0,    0,    0,    0,    0,    0,    0,    0,    0,    0,    0,    0,    0,    0,    0,    0,    0,    0,    0,    0,    0,    0,    0,    0,    0,    0,    0,    0,    0,    0,    0,    0,    0,    0,    0,    0,    0,    0,    0,    0,    0,    0,    0,    0,    0,    0,    0,    0,    0,    0,    0,    0,    0,    0,    0,    0,    0,    0,    0,    0,    0,    0,    0,    0,    0,    0,    0,    0,    0,    0,    0,    0,    0,    0,    0,    0,    0,    0,    0,    0,    0,    0,    0,    0,    0,    0,    0,    0,    0,    0,    0,    0,    0,    0,    0,    0,    0,    0,    0,    0,    0,    0,    0,   -8,   -5,    3,    0,    0,    0,    0,
       0,   -7,    0,    0,   -7,   -8,    0,    0,    0,    0,  -12,    0,    0,    0,    0,    0,    0,    0,    0,    0,    0,    0,    0,    0,    0,    0,    0,    0,  -20,  -11,    0,    0,    0,    0,    0,    0,    0,    0,    0,    0,    0,    0,   -5,   -3,    0,   -5,    0,    0,   -6,    0,    0,    0,    0,    0,    0,    0,    0,    0,    0,    0,    0,    0,    0,    0,    0,    0,    0,    0,    0,    0,    0,    0,    0,    0,    0,    0,    0,    0,    0,    0,    0,    0,    0,    0,    0,    0,    0,    0,    0,    0,    0,    0,    0,    0,    0,    0,    0,    0,    0,    0,    0,    0,    0,    0,    0,    0,    0,    0,    0,    0,    0,    0,    0,    0,    0,    0,    0,    0,    0,    0,    0,    0,    0,    0,    0,    0,    0,    0,    0,    0,    0,    0,    0,    0,    0,    0,    0,    0,    0,    0,    0,    0,    0,    0,    0,    0,    0,    0,    0,    0,    0,    0,   -8,   -5,    4,    0,    0,    0,    0,
       0,    0,    0,    0,    4,   -8,    0,    0,    0,    0,  -12,    0,    0,    0,    0,    0,    0,    0,    0,    0,    0,    0,    0,    0,    0,    0,    0,    0,  -20,  -11,    0,    0,    0,    0,    0,    0,    0,    0,    0,    0,    0,    0,   -5,   -3,    0,   -5,    0,    0,    0,    0,    0,    0,    0,    0,    0,    0,    0,    0,    0,    0,    0,    0,    0,    0,    0,    0,    0,    0,    0,    0,    0,    0,    0,    0,    0,    0,    0,    0,    0,    0,    0,    0,    0,    0,    0,    0,    0,    0,    0,    0,    0,    0,    0,    0,    0,    0,    0,    0,    0,    0,    0,    0,    0,    0,    0,    0,    0,    0,    0,    0,    0,    0,    0,    0,    0,    0,    0,    0,    0,    0,    0,    0,    0,    0,    0,    0,    0,    0,    0,    0,    0,    0,    0,    0,    0,    0,    0,    0,    0,    0,    0,    0,    0,    0,    0,    0,    0,    0,    0,    0,    0,    0,   -8,   -5,    3,    0,    0,    0,    0,
       0,    0,    0,    0,    4,   -8,    0,    0,    0,    0,  -12,    0,    0,    0,    0,    0,    0,    0,    0,    0,    0,    0,    0,    0,    0,    0,    0,    0,  -20,    3,    0,    0,    0,    0,    0,    0,    0,   10,    0,    0,    0,    0,   -5,   -3,    0,   -5,    0,    0,    0,    0,    0,    0,    0,    0,    0,    0,    0,    0,    0,    0,    0,    0,    0,    0,    0,    0,    0,    0,    0,    0,    0,    0,    0,    0,    0,    0,    0,    0,    0,    0,    0,    0,    0,    0,    0,    0,    0,    0,    0,    0,    0,    0,    0,    0,    0,    0,    0,    0,    0,    0,    0,    0,    0,    0,    0,    0,    0,    0,    0,    0,    0,    0,    0,    0,    0,    0,    0,    0,    0,    0,    0,    0,    0,    0,    0,    0,    0,    0,    0,    0,    0,    0,    0,    0,    0,    0,    0,    0,    0,    0,    0,    0,    0,    0,    0,    0,    0,    0,    0,    0,    0,    0,   -8,   -5,    3,    0,    0,    0,    0,
       0,    0,   -7,   -4,    0,    4,    4,  -15,    7,    3,    0,   -7,    0,    0,    0,    0,    0,    0,    0,    0,    0,    0,    0,    0,    0,    0,    0,    0,    0,   -9,   -3,    0,  -12,  -12,    0,    0,    0,    0,    0,    0,   -3,   -3,    7,    7,    7,    7,    5,   -5,    0,  -12,    0,    0,    0,   -3,    0,    0,    0,  -11,    0,    0,    0,    0,    0,    0,    0,    0,    0,    0,    0,    0,    0,    0,    0,    0,    0,    0,    0,    0,    0,    0,    0,    0,    0,    0,    0,    0,    0,    0,    0,    0,    0,    0,    0,    0,    0,    0,    0,    0,    0,    0,    0,    0,    0,    0,    0,    0,    0,    0,    0,    0,    0,    0,    0,    0,    0,    0,    0,    0,    0,    0,    0,    0,    0,    0,    0,    0,    0,    0,    0,    0,    0,    0,    0,    0,    0,    0,    0,    0,    0,    0,    0,    0,    0,    0,    0,    0,    0,    0,    0,    0,    0,    0,    4,    8,    7,    0,    0,    0,    0,
       0,    0,    0,    0,   -7,   -8,    8,    0,    0,    7,   -5,    0,    0,    0,    0,    0,    0,    0,    0,    0,    0,    0,    0,    0,    0,    0,    0,    0,  -20,  -11,    5,    0,    0,    0,    0,    0,    0,    0,    0,    0,    0,    0,   -4,   -4,    7,   -4,    5,    0,    0,   -5,    7,    0,    0,    5,    0,    0,    0,    0,    0,    0,    0,    0,    0,    0,    0,    0,    0,    0,    0,    0,    0,    0,    0,    0,    0,    0,    0,    0,    0,    0,    0,    0,    0,    0,    0,    0,    0,    0,    0,    0,    0,    0,    0,    0,    0,    0,    0,    0,    0,    0,    0,    0,    0,    0,    0,    0,    0,    0,    0,    0,    0,    0,    0,    0,    0,    0,    0,    0,    0,    0,    0,    0,    0,    0,    0,    0,    0,    0,    0,    0,    0,    0,    0,    0,    0,    0,    0,    0,    0,    0,    0,    0,    0,    0,    0,    0,    0,    0,    0,    0,    0,    0,   -8,   -9,   10,    0,    0,    0,    0,
       0,   -6,    0,    0,   -7,   -8,    0,    0,    0,    0,  -12,    0,    0,    0,    0,    0,    0,    0,    0,    0,    0,    0,    0,    0,    0,    0,    0,    0,  -20,  -11,    0,    0,    0,    0,    0,    0,    0,    0,    0,    0,    0,    0,   -5,   -3,    0,   -5,    0,    0,   -6,    0,    0,    0,    0,    0,    0,    0,    0,    0,    0,    0,    0,    0,    0,    0,    0,    0,    0,    0,    0,    0,    0,    0,    0,    0,    0,    0,    0,    0,    0,    0,    0,    0,    0,    0,    0,    0,    0,    0,    0,    0,    0,    0,    0,    0,    0,    0,    0,    0,    0,    0,    0,    0,    0,    0,    0,    0,    0,    0,    0,    0,    0,    0,    0,    0,    0,    0,    0,    0,    0,    0,    0,    0,    0,    0,    0,    0,    0,    0,    0,    0,    0,    0,    0,    0,    0,    0,    0,    0,    0,    0,    0,    0,    0,    0,    0,    0,    0,    0,    0,    0,    0,    0,   -8,   -5,    4,    0,    0,    0,    0,
       0,   -6,    0,    0,   -8,  -10,  -10,    4,   -9,    0,   -9,    0,    0,    0,    0,    0,    0,    0,    0,    0,    0,    0,    0,    0,    0,    0,    0,    0,  -17,  -12,    0,    0,    0,    0,    0,    0,    0,    0,    0,    0,    0,    0,   -5,   -4,   -6,   -5,   -3,    0,   -8,    4,    0,    0,    0,    0,    0,    0,    0,    0,    0,    0,    0,    0,    0,    0,    0,    0,    0,    0,    0,    0,    0,    0,    0,    0,    0,    0,    0,    0,    0,    0,    0,    0,    0,    0,    0,    0,    0,    0,    0,    0,    0,    0,    0,    0,    0,    0,    0,    0,    0,    0,    0,    0,    0,    0,    0,    0,    0,    0,    0,    0,    0,    0,    0,    0,    0,    0,    0,    0,    0,    0,    0,    0,    0,    0,    0,    0,    0,    0,    0,    0,    0,    0,    0,    0,    0,    0,    0,    0,    0,    0,    0,    0,    0,    0,    0,    0,    0,    0,    0,    0,    0,    0,   -9,   -8,    0,    0,    0,    0,    0,
       0,    0,    0,    0,   -7,   -8,    0,    0,    7,    0,   -8,    0,    0,    0,    0,    0,    0,    0,    0,    0,    0,    0,    0,    0,    0,    0,    0,    0,  -10,  -11,    0,    0,    0,    0,    0,    0,    0,   14,    0,    0,    0,    0,   -5,   -3,    0,   -5,    0,    0,    0,    0,    0,    0,    0,    0,    0,    0,    0,    0,    0,    0,    0,    0,    0,    0,    0,    0,    0,    0,    0,    0,    0,    0,    0,    0,    0,    0,    0,    0,    0,    0,    0,    0,    0,    0,    0,    0,    0,    0,    0,    0,    0,    0,    0,    0,    0,    0,    0,    0,    0,    0,    0,    0,    0,    0,    0,    0,    0,    0,    0,    0,    0,    0,    0,    0,    0,    0,    0,    0,    0,    0,    0,    0,    0,    0,    0,    0,    0,    0,    0,    0,    0,    0,    0,    0,    0,    0,    0,    0,    0,    0,    0,    0,    0,    0,    0,    0,    0,    0,    0,    0,    0,    0,   -8,   -5,    3,    0,    0,    0,    0,
       0,    0,   -7,    0,    0,    6,  -20,    0,  -19,    6,    3,    0,    0,    0,    0,    0,    0,    0,    0,    0,    0,    0,    0,    0,    0,    0,    0,    0,    3,   -3,   -3,    0,   -3,   -3,    0,    0,    0,    0,    0,    0,    0,    0,   10,   10,    7,   10,    3,    0,    0,   -5,    7,    0,    0,   -3,    0,    0,    0,   -5,    0,    0,    0,    0,    0,    0,    0,    0,    0,    0,    0,    0,    0,    0,    0,    0,    0,    0,    0,    0,    0,    0,    0,    0,    0,    0,    0,    0,    0,    0,    0,    0,    0,    0,    0,    0,    0,    0,    0,    0,    0,    0,    0,    0,    0,    0,    0,    0,    0,    0,    0,    0,    0,    0,    0,    0,    0,    0,    0,    0,    0,    0,    0,    0,    0,    0,    0,    0,    0,    0,    0,    0,    0,    0,    0,    0,    0,    0,    0,    0,    0,    0,    0,    0,    0,    0,    0,    0,    0,    0,    0,    0,    0,    0,    9,   16,  -19,    0,    0,    0,    0,
       0,    0,    0,    0,   -4,   -3,    0,    0,   -4,    0,  -12,    0,    0,    0,    0,    0,    0,    0,    0,    0,    0,    0,    0,    0,    0,    0,    0,    0,  -10,  -11,    0,    0,    0,    0,    0,    0,    0,    0,    0,    0,    0,    0,    0,    0,    0,    0,   -3,    0,   -6,    0,    0,    0,    0,    0,    0,    0,    0,    0,    0,    0,    0,    0,    0,    0,    0,    0,    0,    0,    0,    0,    0,    0,    0,    0,    0,    0,    0,    0,    0,    0,    0,    0,    0,    0,    0,    0,    0,    0,    0,    0,    0,    0,    0,    0,    0,    0,    0,    0,    0,    0,    0,    0,    0,    0,    0,    0,    0,    0,    0,    0,    0,    0,    0,    0,    0,    0,    0,    0,    0,    0,    0,    0,    0,    0,    0,    0,    0,    0,    0,    0,    0,    0,    0,    0,    0,    0,    0,    0,    0,    0,    0,    0,    0,    0,    0,    0,    0,    0,    0,    0,    0,    0,    0,    0,    5,    0,    0,    0,    0,
       0,    0,    0,    0,    0,    0,    6,   -3,    0,    3,   -5,    0,    0,    0,    0,    0,    0,    0,    0,    0,    0,    0,    0,    0,    0,    0,    0,    0,   -7,  -11,   -7,    0,   -7,   -7,    0,    0,    0,    0,    0,    0,    0,    0,    3,    3,    6,    3,    0,    0,    0,   -6,    0,    0,    0,   -7,    0,    0,    0,   -3,    0,    0,    0,    0,    0,    0,    0,    0,    0,    0,    0,    0,    0,    0,    0,    0,    0,    0,    0,    0,    0,    0,    0,    0,    0,    0,    0,    0,    0,    0,    0,    0,    0,    0,    0,    0,    0,    0,    0,    0,    0,    0,    0,    0,    0,    0,    0,    0,    0,    0,    0,    0,    0,    0,    0,    0,    0,    0,    0,    0,    0,    0,    0,    0,    0,    0,    0,    0,    0,    0,    0,    0,    0,    0,    0,    0,    0,    0,    0,    0,    0,    0,    0,    0,    0,    0,    0,    0,    0,    0,    0,    0,    0,    0,    5,    0,    8,    0,    0,    0,    0,
       0,    0,    0,    0,   -7,   -8,    0,    0,    0,    0,   -8,    0,    0,    0,    0,    0,    0,    0,    0,    0,    0,    0,    0,    0,    0,    0,    0,    0,  -20,  -10,    0,    0,    0,    0,    0,    0,    0,    0,    0,    0,    0,    0,   -5,   -3,    0,   -5,    0,    0,    0,    0,    0,    0,    0,    0,    0,    0,    0,    0,    0,    0,    0,    0,    0,    0,    0,    0,    0,    0,    0,    0,    0,    0,    0,    0,    0,    0,    0,    0,    0,    0,    0,    0,    0,    0,    0,    0,    0,    0,    0,    0,    0,    0,    0,    0,    0,    0,    0,    0,    0,    0,    0,    0,    0,    0,    0,    0,    0,    0,    0,    0,    0,    0,    0,    0,    0,    0,    0,    0,    0,    0,    0,    0,    0,    0,    0,    0,    0,    0,    0,    0,    0,    0,    0,    0,    0,    0,    0,    0,    0,    0,    0,    0,    0,    0,    0,    0,    0,    0,    0,    0,    0,    0,   -8,   -5,    3,    0,    0,    0,    0,
       0,    0,   -3,    0,    0,    5,  -19,    0,  -13,    5,    0,    0,    0,    0,    0,    0,    0,    0,    0,    0,    0,    0,    0,    0,    0,    0,    0,    0,    0,  -10,   -3,    0,   -5,   -5,    0,    0,    0,    0,    0,    0,    0,    0,    7,    7,    8,    7,    4,    0,    0,    0,    6,    0,    0,   -3,    0,    0,    0,   -6,    0,    0,    0,    0,    0,    0,    0,    0,    0,    0,    0,    0,    0,    0,    0,    0,    0,    0,    0,    0,    0,    0,    0,    0,    0,    0,    0,    0,    0,    0,    0,    0,    0,    0,    0,    0,    0,    0,    0,    0,    0,    0,    0,    0,    0,    0,    0,    0,    0,    0,    0,    0,    0,    0,    0,    0,    0,    0,    0,    0,    0,    0,    0,    0,    0,    0,    0,    0,    0,    0,    0,    0,    0,    0,    0,    0,    0,    0,    0,    0,    0,    0,    0,    0,    0,    0,    0,    0,    0,    0,    0,    0,    0,    0,    7,   13,  -14,    0,    0,    0,    0,
       0,    0,   -3,    0,    0,    6,  -18,    3,  -11,    5,    0,    0,    0,    0,    0,    0,    0,    0,    0,    0,    0,    0,    0,    0,    0,    0,    0,    0,    0,   -9,   -3,    0,   -4,   -4,    0,    0,    0,    0,    0,    0,    0,    0,    7,    7,    7,    7,    5,    0,    0,    0,    6,    0,    0,   -3,    0,    0,    0,   -5,    0,    0,    0,    0,    0,    0,    0,    0,    0,    0,    0,    0,    0,    0,    0,    0,    0,    0,    0,    0,    0,    0,    0,    0,    0,    0,    0,    0,    0,    0,    0,    0,    0,    0,    0,    0,    0,    0,    0,    0,    0,    0,    0,    0,    0,    0,    0,    0,    0,    0,    0,    0,    0,    0,    0,    0,    0,    0,    0,    0,    0,    0,    0,    0,    0,    0,    0,    0,    0,    0,    0,    0,    0,    0,    0,    0,    0,    0,    0,    0,    0,    0,    0,    0,    0,    0,    0,    0,    0,    0,    0,    0,    0,    0,    8,   13,   -9,    0,    0,    0,    0,
       0,    0,   -7,   -4,    0,    4,    6,   -7,    7,    5,    0,   -3,    0,    0,    0,    0,    0,    0,    0,    0,    0,    0,    0,    0,    0,    0,    0,    0,    0,  -10,   -8,    0,   -8,   -8,    0,    0,    0,    0,    0,    0,    0,    0,    8,    7,   11,    8,    6,   -4,    0,   -9,    0,    0,    0,   -8,    0,    0,    0,   -8,    0,    0,    0,    0,    0,    0,    0,    0,    0,    0,    0,    0,    0,    0,    0,    0,    0,    0,    0,    0,    0,    0,    0,    0,    0,    0,    0,    0,    0,    0,    0,    0,    0,    0,    0,    0,    0,    0,    0,    0,    0,    0,    0,    0,    0,    0,    0,    0,    0,    0,    0,    0,    0,    0,    0,    0,    0,    0,    0,    0,    0,    0,    0,    0,    0,    0,    0,    0,    0,    0,    0,    0,    0,    0,    0,    0,    0,    0,    0,    0,    0,    0,    0,    0,    0,    0,    0,    0,    0,    0,    0,    0,    0,    0,    5,    9,    7,    0,    0,    0,    0,
       0,    0,   -3,    0,    0,    5,  -19,    0,  -13,    5,    0,    0,    0,    0,    0,    0,    0,    0,    0,    0,    0,    0,    0,    0,    0,    0,    0,    0,    0,  -10,   -3,    0,   -5,   -5,    0,    0,    0,    0,    0,    0,    0,    0,    7,    7,    8,    7,    4,    0,    0,    0,    6,    0,    0,   -3,    0,    0,    0,   -6,    0,    0,    0,    0,    0,    0,    0,    0,    0,    0,    0,    0,    0,    0,    0,    0,    0,    0,    0,    0,    0,    0,    0,    0,    0,    0,    0,    0,    0,    0,    0,    0,    0,    0,    0,    0,    0,    0,    0,    0,    0,    0,    0,    0,    0,    0,    0,    0,    0,    0,    0,    0,    0,    0,    0,    0,    0,    0,    0,    0,    0,    0,    0,    0,    0,    0,    0,    0,    0,    0,    0,    0,    0,    0,    0,    0,    0,    0,    0,    0,    0,    0,    0,    0,    0,    0,    0,    0,    0,    0,    0,    0,    0,    0,    7,   11,  -14,    0,    0,    0,    0,
       0,    0,    0,    0,    0,    0,    8,    0,    3,    3,   -4,    0,    0,    0,    0,    0,    0,    0,    0,    0,    0,    0,    0,    0,    0,    0,    0,    0,    0,   -9,   -5,    0,   -5,   -5,    0,    0,    0,    0,    0,    0,    0,    0,    6,    6,    7,    6,    0,    0,   -4,   -5,    3,    0,    0,   -5,    0,    0,    0,    0,    0,    0,    0,    0,    0,    0,    0,    0,    0,    0,    0,    0,    0,    0,    0,    0,    0,    0,    0,    0,    0,    0,    0,    0,    0,    0,    0,    0,    0,    0,    0,    0,    0,    0,    0,    0,    0,    0,    0,    0,    0,    0,    0,    0,    0,    0,    0,    0,    0,    0,    0,    0,    0,    0,    0,    0,    0,    0,    0,    0,    0,    0,    0,    0,    0,    0,    0,    0,    0,    0,    0,    0,    0,    0,    0,    0,    0,    0,    0,    0,    0,    0,    0,    0,    0,    0,    0,    0,    0,    0,    0,    0,    0,    0,    5,    9,    9,    0,    0,    0,    0,
       0,    0,    0,    0,    0,    0,    0,    0,    0,    0,    0,    0,    0,    0,   -4,   -5,    0,    0,   -5,    0,    0,    0,    0,    0,    0,    0,    0,    0,    0,    0,    0,    0,    0,    0,    0,    0,    0,    0,    0,    0,    0,    0,    0,    0,    0,    0,    0,    0,   30,    0,    0,    0,    0,    0,    0,    0,    0,    0,    0,    0,    0,    0,    0,    0,    0,    0,    0,    6,   -8,   -5,    0,   -5,    6,    0,    6,    8,    0,    0,   -8,   -9,    6,    0,    0,   -7,   -6,   -5,   -5,   -5,    6,   -7,    0,   -5,    0,   -6,   -7,    0,   -7,   -5,    9,   -9,    0,   -8,   -4,   -5,   -6,   -5,   -6,    7,   -6,   -5,    0,    0,   21,    7,    0,    0,  -10,   -9,    9,    0,    0,    0,    0,    0,   -6,    0,   -6,    0,    4,    0,    0,    0,    0,    0,    0,    0,    0,    0,    0,    0,    0,    0,    0,    0,    0,    0,    0,    0,    0,    0,    0,    0,    0,    0,    0,    0,    0,    0,    0,
       0,    0,    0,    0,    0,    0,    0,    0,    0,    0,    0,    0,    0,    0,    0,    0,   -4,    0,    0,    0,   -6,    0,   -6,    0,   -4,   -5,    0,    0,    0,    0,    0,    0,    0,    0,    0,    0,    0,    0,    0,    0,    0,    0,    0,    0,    0,    0,    0,    0,    0,    0,    0,   -4,    0,    0,    0,    0,    0,    0,    0,    0,    0,    0,    0,    0,    0,    0,    0,   -6,    0,   -5,   -4,   -6,   -7,   -3,   -5,   -4,   -6,    0,    0,    0,   -4,    0,   -7,   -5,    0,    0,    0,    0,   -4,    0,   -4,    0,   -4,    0,    0,    0,    0,    0,    0,    0,    0,    0,    0,    0,    0,    0,    0,    0,    0,    0,    0,    0,    0,    0,    0,    0,    0,    0,   -5,    0,    0,    0,    4,    0,    0,    0,    0,   -7,   -5,    0,    0,    0,    0,    0,    0,    0,    0,    0,    0,    0,    0,    0,    0,    0,    0,    0,    0,    0,    0,    0,    0,    0,    0,    0,    0,    0,    0,    0,    0,
       0,    0,    0,    0,    0,    0,    0,    0,    0,    0,    0,    0,    0,    0,    0,    0,    0,    0,    0,    0,  -21,    0,  -11,   -3,    0,  -16,    0,    0,    0,    0,    0,    0,    0,    0,    0,    0,    0,    0,    0,    0,    0,    0,    0,    0,    0,    0,    0,    0,    0,    0,    0,    0,    0,    0,    0,    0,    0,    0,    0,    0,    0,    0,    0,    0,    0,    0,    0,    0,    0,    0,    0,    0,    0,    0,    0,    0,    0,    0,    0,    0,    0,    0,    0,    0,    0,    0,    0,    0,    0,    0,    0,    0,    0,    0,    0,    0,    0,    0,    0,    0,    0,    0,    0,    0,    0,    0,    0,    0,    0,    0,    0,    0,    0,    0,    0,    0,    0,    0,    0,    0,    0,    0,    0,    0,    0,    0,    0,    0,    0,    0,    0,    0,    0,    0,    0,    0,    0,    0,    0,    0,    0,    0,    0,    0,    0,    0,    0,    0,    0,    0,    0,    0,    0,    0,    0,    0,    0,    0,    0,
       0,    0,    0,    0,    0,    0,    0,    0,    0,    0,    0,    0,    4,    0,    0,    0,    6,    0,    0,    0,  -22,    0,   -3,    0,    0,   -9,    4,    0,    0,    0,    0,    0,    0,    0,    0,    0,    0,    0,    0,    0,    0,    0,    6,    6,    0,    6,    3,    0,    0,    0,    0,    0,    0,    0,    0,    0,    0,    0,    0,    0,    0,    0,    0,    0,    0,    0,    0,  -22,    0,    0,    6,    0,    0,    4,    0,    0,    0,    0,    0,    0,    0,    0,    0,    0,    0,    0,    0,    0,    0,    0,    0,    0,    5,    0,    0,    0,    0,    0,    0,    0,    0,    0,    0,    0,    0,    0,    0,    0,    0,    0,    0,    0,    0,    0,    5,    5,    0,    0,   -6,    4,    0,    5,    4,    0,    0,    0,    0,    0,    0,    0,    0,    0,    0,    0,    0,    0,    0,    0,    0,    0,    0,    0,    0,    0,    0,    0,    0,    0,    0,    0,    0,    0,    0,    0,    0,    0,    0,    0,    0,
       0,    0,    0,    0,    0,    0,    0,    0,    0,    0,    0,    0,   -5,    0,    3,    3,  -10,    0,    3,   -7,  -25,    0,  -14,   -6,  -13,  -27,   -8,    0,    0,    0,    3,    0,    3,    3,    0,    0,    0,    0,    0,    0,    0,    0,    0,    0,   -9,    0,   -6,    0,    0,    0,    0,  -15,    0,    3,    0,    0,    0,    3,    0,    0,    0,    0,    0,    0,    0,    0,    0,  -25,    0,   -7,  -10,   -6,  -11,   -5,   -5,  -15,   -8,    0,    3,    0,  -13,    0,  -10,   -8,    0,    0,    0,    0,   -6,    0,   -9,    0,   -5,    0,    3,    0,    0,    0,    0,    0,   -9,    0,    0,    0,   -4,    0,    0,    0,    0,    0,    0,    0,    0,    0,    0,    0,    0,    0,  -21,    0,    0,    0,    0,   -8,    0,    0,    0,  -10,   -8,    0,    0,    0,    0,    0,    0,    0,    0,    0,    0,    0,    0,    0,    0,    0,    0,    0,    0,    0,    0,    0,    0,    0,    0,    0,    0,    0,    0,    0,    0,
       0,    0,    0,    0,    0,    0,    0,    0,    0,    0,    0,    0,  -14,  -10,  -13,  -13,  -18,   -7,  -13,  -11,  -35,  -11,  -21,  -14,  -21,  -26,  -17,    0,    0,    0,  -13,  -11,  -13,  -13,  -11,  -11,  -11,   23,  -11,  -12,  -11,  -13,   -8,   -8,  -10,    5,  -11,    0,    0,    0,    0,  -24,  -11,  -13,  -11,  -11,  -11,  -14,  -11,  -11,  -11,  -10,    0,    0,    0,    0,    0,    0,    0,    0,    0,    0,    0,    0,    0,    0,    0,    0,    0,    0,    0,    0,    0,    0,    0,    0,    0,    0,    0,    0,    0,    0,    0,    0,    0,    0,    0,    0,    0,    0,    0,    0,    0,    0,    0,    0,    0,    0,    0,    0,    0,    0,    0,    0,    0,    0,    0,    0,    0,    0,    0,    0,    0,    0,    0,    0,    0,    0,    0,    0,    0,    0,    0,    0,    0,    0,    0,    0,    0,    0,    0,    0,    0,    0,    0,    0,    0,    0,    0,    0,    0,    0,    0,    0,    0,    0,    0,    0,    0,
       0,    0,    0,    0,   -8,    0,  -19,    5,  -20,    4,   -9,    0,   -9,    0,    0,    0,  -14,    0,    0,    0,   -7,    0,   -7,   -3,  -12,  -13,   -8,    0,   -7,  -12,   -3,    0,    0,    0,    0,    0,    0,    0,    0,    0,    0,    0,    0,    0,    0,    0,    0,    0,   -7,    5,    0,  -18,    0,   -3,    0,    0,    0,    0,    0,    0,    0,    0,    0,    0,   -7,   -7,    0,    0,    0,    0,    0,    0,    0,    0,    0,    0,    0,    0,    0,    0,    0,    0,    0,    0,    0,    0,    0,    0,    0,    0,    0,    0,    0,    0,    0,    0,    0,    0,    0,    0,    0,    0,    0,    0,    0,    0,    0,    0,    0,    0,    0,    0,    0,    0,    0,    0,    0,    0,    0,    0,    0,    0,    0,    0,    0,    0,    0,    0,    0,    0,    0,    0,    0,    0,    0,    0,    0,    0,    0,    0,    0,    0,    0,    0,    0,    0,    0,    0,    0,    0,    0,    0,    0,    0,    0,    0,    0,    0,    0,
       0,  -12,    0,    0,   -8,  -25,    0,    2,    0,    0,  -15,    0,    0,    0,    0,    0,    0,    0,    0,    0,    0,    0,    0,    0,    0,    0,    0,   -4,  -17,   -7,    0,    0,    0,    0,    0,    0,    0,    0,    0,    0,    0,    0,  -12,  -10,   -3,  -12,    0,    0,   -7,    0,    0,    0,    0,    0,    0,    0,    0,    0,    0,    0,    0,    0,    0,    0,    0,    0,   -9,    0,    0,    0,    0,    0,    0,    0,    0,    0,    0,    0,    0,    0,    0,    0,    0,    0,    0,    0,    0,    0,    0,    0,    0,    0,    0,    0,    0,    0,    0,    0,    0,    0,    0,    0,    0,    0,    0,    0,    0,    0,    0,    0,    0,    0,    0,    0,    0,    0,    0,    0,    0,    0,    0,    0,    0,    0,    0,    0,    0,    0,    0,    0,    0,    0,    0,    0,    0,    0,    0,    0,    0,    0,    0,    0,    0,    0,    0,    0,    0,    0,    0,    0,    0,    0,  -21,  -19,    0,    0,    0,    0,    0,
       0,    0,    0,    0,    5,    0,  -10,    4,   -9,    0,    6,    0,    0,    0,    0,    0,    0,    0,    0,    0,    0,    0,    0,    0,    0,    0,    0,    0,    7,    7,    0,    0,    0,    0,    0,    0,    0,    0,    0,    0,    0,    0,    0,    0,    0,    0,    0,    0,    3,    4,    0,    0,    0,    0,    0,    0,    0,    0,    0,    0,    0,    0,    0,    0,    0,    0,    0,    0,    0,    0,    0,    0,    0,    0,    0,    0,    0,    0,    0,    0,    0,    0,    0,    0,    0,    0,    0,    0,    0,    0,    0,    0,    0,    0,    0,    0,    0,    0,    0,    0,    0,    0,    0,    0,    0,    0,    0,    0,    0,    0,    0,    0,    0,    0,    0,    0,    0,    0,    0,    0,    0,    0,    0,    0,    0,    0,    0,    0,    0,    0,    0,    0,    0,    0,    0,    0,    0,    0,    0,    0,    0,    0,    0,    0,    0,    0,    0,    0,    0,    0,    0,    0,    4,    7,    0,    0,    0,    0,    0,
       0,   -8,    0,    0,   -7,   -5,    0,    0,   -7,    0,   -8,    0,    0,    0,    0,    0,    0,    0,    0,    0,    0,    0,    0,    0,    0,    0,    0,    0,    0,  -10,    0,    0,    0,    0,    0,    0,    0,    0,    0,    0,    0,    0,   -3,    0,   -4,   -3,    0,    0,   -6,    0,    0,    0,    0,    0,    0,    0,    0,    0,    0,    0,    0,    0,    0,    0,    0,    0,    0,    0,    0,    0,    0,    0,    0,    0,    0,    0,    0,    0,    0,    0,    0,    0,    0,    0,    0,    0,    0,    0,    0,    0,    0,    0,    0,    0,    0,    0,    0,    0,    0,    0,    0,    0,    0,    0,    0,    0,    0,    0,    0,    0,    0,    0,    0,    0,    0,    0,    0,    0,    0,    0,    0,    0,    0,    0,    0,    0,    0,    0,    0,    0,    0,    0,    0,    0,    0,    0,    0,    0,    0,    0,    0,    0,    0,    0,    0,    0,    0,    0,    0,    0,    0,    0,   -7,   -5,    0,    0,    0,    0,    0,
       0,    8,    0,    0,   20,    0,   -8,   -7,    0,    0,   12,    0,    0,    0,    0,    0,    0,    0,    0,    0,    0,    0,    0,    0,    0,    0,    0,    0,   30,   23,   -6,    6,  -13,  -13,    0,    9,    6,    6,   -6,  -10,    3,   -5,   11,   11,   10,   13,    8,    0,   23,    0,    0,    0,    0,   -4,   22,   30,   45,    0,   40,   35,   37,    0,    0,    0,    0,    0,    0,    0,    0,    0,    0,    0,    0,    0,    0,    0,    0,    0,    0,    0,    0,    0,    0,    0,    0,    0,    0,    0,    0,    0,    0,    0,    0,    0,    0,    0,    0,    0,    0,    0,    0,    0,    0,    0,    0,    0,    0,    0,    0,    0,    0,    0,    0,    0,    0,    0,    0,    0,    0,    0,    0,    0,    0,    0,    0,    0,    0,    0,    0,    0,    0,    0,    0,    0,    0,    0,    0,    0,    0,    0,    0,    0,    0,    0,    0,    0,    0,    0,    0,    0,    0,    0,    7,    8,    0,    0,    0,    0,    0,
       0,    0,    0,    0,    0,    0,    0,    0,    0,    0,    0,    0,    0,    0,    0,    0,    0,    0,    0,    0,    0,    0,    0,    0,    0,    0,    0,    0,    0,    0,    0,    0,    0,    0,    0,    0,    0,    6,    0,    0,    0,    0,    0,    0,    0,    0,    0,    0,    0,    0,    0,    0,    0,    0,    0,    0,    0,    0,    0,    0,    0,    0,    0,    0,    0,    0,    0,    0,    0,    0,    0,    0,    0,    0,    0,    0,    0,    0,    0,    0,    0,    0,    0,    0,    0,    0,    0,    0,    0,    0,    0,    0,    0,    0,    0,    0,    0,    0,    0,    0,    0,    0,    0,    0,    0,    0,    0,    0,    0,    0,    0,    0,    0,    0,    0,    0,    0,    0,    0,    0,    0,    0,    0,    0,    0,    0,    0,    0,    0,    0,    0,    0,    0,    0,    0,    0,    0,    0,    0,    0,    0,    0,    0,    0,    0,    0,    0,    0,    0,    0,    0,    0,    0,    0,    0,    0,    0,    0,    0,
       0,   -9,    0,    0,    0,   -5,    0,    0,    0,    0,   -6,    0,    0,    0,    0,    0,    0,    0,    0,    0,    0,    0,    0,    0,    0,    0,    0,    0,    0,    0,    0,    0,    0,    0,    0,    0,    0,    0,    0,    0,    0,    0,    0,    0,    0,    0,    0,    0,    0,    0,    0,    0,    0,    0,    0,    0,    0,    0,    0,    0,    0,    0,    0,    0,    0,    0,    0,    0,    0,    0,    0,    0,    0,    0,    0,    0,    0,    0,    0,    0,    0,    0,    0,    0,    0,    0,    0,    0,    0,    0,    0,    0,    0,    0,    0,    0,    0,    0,    0,    0,    0,    0,    0,    0,    0,    0,    0,    0,    0,    0,    0,    0,    0,    0,    0,    0,    0,    0,    0,    0,    0,    0,    0,    0,    0,    0,    0,    0,    0,    0,    0,    0,    0,    0,    0,    0,    0,    0,    0,    0,    0,    0,    0,    0,    0,    0,    0,    0,    0,    0,    0,    0,   -7,   -6,    0,    0,    0,    0,    0,
       0,    0,    0,    0,    0,    0,    0,    0,    0,    0,    0,    0,   -6,    0,    0,    0,   -6,    0,    0,    0,    0,    0,    0,    0,    0,    0,    0,    0,    0,    0,    0,    0,    0,    0,    0,    0,    0,    0,    0,    0,    0,    0,    0,    0,    0,    0,    0,    0,    0,    0,    0,  -12,    0,    0,    0,    0,    0,    0,    0,    0,    0,    0,    0,    0,    0,    0,    0,    0,    0,    0,    0,    0,    0,    0,    0,    0,    0,    0,    0,    0,    0,    0,    0,    0,    0,    0,    0,    0,    0,    0,    0,    0,    0,    0,    0,    0,    0,    0,    0,    0,    0,    0,    0,    0,    0,    0,    0,    0,    0,    0,    0,    0,    0,    0,    0,    0,    0,    0,    0,    0,    0,    0,    0,    0,    0,    0,    0,    0,    0,    0,    0,    0,    0,    0,    0,    0,    0,    0,    0,    0,    0,    0,    0,    0,    0,    0,    0,    0,    0,    0,    0,    0,    0,    0,    0,    0,    0,    0,    0,
       0,    0,    0,    0,    0,    0,    0,    0,    0,    0,    0,    0,    0,    0,    0,    0,    0,    0,    0,    0,    0,    0,    0,    0,    0,    0,    0,    0,    0,    0,    0,    0,    0,    0,    0,    0,    0,    0,    0,    0,    0,    0,   -7,   -6,   -6,   -7,    0,    0,    0,    0,    0,    0,    0,    0,    0,    0,    0,    0,    0,    0,    0,    0,    0,    0,    0,    0,   -8,    0,    0,    0,    0,    0,    0,    0,    0,    0,    0,    0,    0,    0,    0,    0,    0,    0,    0,    0,    0,    0,    0,    0,    0,    0,    0,    0,    0,    0,    0,    0,    0,    0,    0,    0,    0,    0,    0,    0,    0,    0,    0,    0,    0,    0,    0,    0,    0,    0,    0,    0,    0,    0,    0,    0,    0,    0,    0,    0,    0,    0,    0,    0,    0,    0,    0,    0,    0,    0,    0,    0,    0,    0,    0,    0,    0,    0,    0,    0,    0,    0,    0,    0,    0,    0,    0,    0,    0,    0,    0,    0,    0,
       0,    0,    0,    0,    0,    0,    0,    0,    0,    0,    0,    0,    0,    0,    0,    0,    0,    0,    0,    0,    0,    0,    0,    0,    0,    0,    0,    0,    0,    0,    0,    0,    0,    0,    0,    0,    0,   11,    0,    0,    0,    0,    0,    0,    0,    0,    0,    0,    0,    0,    0,    0,    0,    0,    0,    0,    0,    0,    0,    0,    0,    0,    0,    0,    0,    0,    0,    0,    0,    0,    0,    0,    0,    0,    0,    0,    0,    0,    0,    0,    0,    0,    0,    0,    0,    0,    0,    0,    0,    0,    0,    0,    0,    0,    0,    0,    0,    0,    0,    0,    0,    0,    0,    0,    0,    0,    0,    0,    0,    0,    0,    0,    0,    0,    0,    0,    0,    0,    0,    0,    0,    0,    0,    0,    0,    0,    0,    0,    0,    0,    0,    0,    0,    0,    0,    0,    0,    0,    0,    0,    0,    0,    0,    0,    0,    0,    0,    0,    0,    0,    0,    0,    0,    0,    0,    0,    0,    0,    0,
       0,    0,    0,    0,    0,    0,    0,    0,    0,    0,    0,    0,  -11,    0,    0,    0,  -15,    0,    0,    0,    0,    0,    0,    0,   -8,   -4,    0,    0,    0,    0,   -5,    0,    0,    0,    0,    0,    0,    0,    0,    0,    0,    0,    0,    0,    0,    0,    0,    0,    0,    0,    0,  -19,    0,   -5,    0,    0,    0,    0,    0,    0,    0,    0,    0,    0,    0,    0,    0,    0,    0,    0,    0,    0,    0,    0,    0,    0,    0,    0,    0,    0,    0,    0,    0,    0,    0,    0,    0,    0,    0,    0,    0,    0,    0,    0,    0,    0,    0,    0,    0,    0,    0,    0,    0,    0,    0,    0,    0,    0,    0,    0,    0,    0,    0,    0,    0,    0,    0,    0,    0,    0,    0,    0,    0,    0,    0,    0,    0,    0,    0,    0,    0,    0,    0,    0,    0,    0,    0,    0,    0,    0,    0,    0,    0,    0,    0,    0,    0,    0,    0,    0,    0,    0,    0,    0,    0,    0,    0,    0,    0,
       0,    0,    0,    0,    0,    0,    0,    0,    0,    0,    0,    0,    0,    0,    0,    0,    0,    0,    0,    0,    0,    0,   -6,    0,    0,   -7,    0,    0,    0,    0,    0,    0,    0,    0,    0,    0,    0,    0,    0,    0,    0,    0,    0,    0,    0,    0,    0,    0,    0,    0,    0,    0,    0,    0,    0,    0,    0,    0,    0,    0,    0,   -4,    0,    0,    0,    0,    0,    0,    0,    0,    0,    0,    0,    0,    0,    0,    0,    0,    0,    0,    0,    0,    0,    0,    0,    0,    0,    0,    0,    0,    0,    0,    0,    0,    0,    0,    0,    0,    0,    0,    0,    0,    0,    0,    0,    0,    0,    0,    0,    0,    0,    0,    0,    0,    0,    0,    0,    0,    0,    0,    0,    0,    0,    0,    0,    0,    0,    0,    0,    0,    0,    0,    0,    0,    0,    0,    0,    0,    0,    0,    0,    0,    0,    0,    0,    0,    0,    0,    0,    0,    0,    0,    0,    0,    0,    0,    0,    0,    0,
       0,    0,    0,    0,    0,    0,    0,    0,    0,    0,    0,    0,    0,    0,    0,    0,    0,    0,    0,    0,    0,    0,    0,    0,    0,    0,    0,    0,    0,    0,    0,    0,    0,    0,    0,    0,    0,    0,    0,    0,    0,    0,    0,    0,    0,    0,    0,    0,    0,    0,    0,    0,    0,    0,    0,    0,    0,    0,    0,    0,    0,    0,    0,    0,    0,    0,    0,    0,    0,    0,    8,    0,    0,    0,    0,    4,    0,    0,   -6,   -6,    7,    0,    0,    0,    0,    0,    0,    0,    0,    0,    0,    0,    0,    0,   -4,    0,    0,    0,    0,    0,    7,   -4,    0,    0,    0,    0,    0,    0,    0,    0,    0,    0,    0,    0,    0,    0,    0,    0,    0,    0,    0,    0,    0,    9,    0,    0,    0,    0,   -8,    0,    0,    0,    0,    0,    0,    0,    0,    0,    0,    0,    0,    0,    0,    0,    0,    0,    0,    0,    0,    0,    0,    0,    0,    0,    0,    0,    0,    0,    0,
       0,   -5,    0,    0,   -4,   -9,    0,    7,   -6,    0,   -5,    0,    0,    0,    0,    0,    0,    0,    0,    0,    0,    0,    0,    0,    0,    0,    0,   -3,    0,    0,    0,    0,    0,    0,    0,    0,    0,    0,    0,    0,    0,    0,    0,    0,    0,    0,    0,    0,    0,    0,    0,    0,    0,    0,    0,    0,    0,    0,    0,    0,    0,    0,    0,    0,    0,    0,    0,   -5,    0,   -5,    0,    0,   -3,    0,    0,    0,    0,    0,    0,    0,   -5,   -5,   -4,   -7,    0,    0,    0,    0,    0,    0,   -6,    0,    0,    0,    0,    0,    0,   -5,   -5,    0,   -5,    0,    0,   -5,    0,    0,    0,    0,    0,    0,    0,    0,    0,    0,   -5,    0,    0,    0,    0,   -5,    0,   -4,    0,    0,    0,    0,    0,    0,  -12,    0,    0,    0,    0,    0,    0,    0,    0,    0,    0,    0,    0,    0,    0,    0,    0,    0,    0,    0,    0,    0,    0,    0,    0,    0,    0,    0,    0,    0,    0,
       0,    0,    0,   -6,    8,    0,  -27,  -18,  -33,  -20,    9,  -12,    0,    0,    0,    0,    0,    0,    0,    0,    0,    0,    0,    0,    0,    0,    0,   -4,    0,   10,    0,    0,    0,    0,    0,    0,    0,    0,    0,    0,    0,    0,    0,    0,    0,    0,    0,   -9,    0,  -25,  -22,    0,    0,    0,    0,    0,    0,    0,    0,    0,    0,    0,    0,    0,    0,    0,    0,    9,   -6,    0,  -28,  -26,    0,  -27,  -24,    0,    0,   -3,   -8,   -8,    9,    0,    0,   -5,  -25,   -3,  -17,  -17,  -21,  -20,    0,   -3,  -21,  -22,  -25,  -17,  -21,    0,    0,  -24,  -25,  -17,  -17,    0,  -22,  -17,  -17,    0,  -19,  -24,    0,   13,    0,    0,    0,    0,   -6,  -21,    4,    0,    0,    0,  -28,  -36,  -25,   -5,  -20,    0,  -16,    0,    0,    0,    0,    0,    0,    0,    0,    0,    0,    0,    0,    0,    0,    0,    0,    0,    0,    0,    0,    0,    0,    0,    9,    7,    0,    0,    0,    0,    0,
       0,    0,    0,   -4,    5,   -3,    8,   -4,    4,    6,    5,    0,    0,    0,    0,    0,    0,    0,    0,    0,    0,    0,    0,    0,    0,    0,    0,    0,    0,    9,    0,    0,    0,    0,    0,    0,    0,    0,    0,    0,    0,    0,    0,    0,    0,    0,    0,   -5,    5,   -8,    5,    0,    0,    0,    0,    0,    0,    0,    0,    0,    0,    0,    0,    0,    0,    0,    0,    7,   -6,    6,   10,    4,    0,    9,    5,    5,    4,    0,   -8,   -9,    9,    0,    0,    0,    3,    0,    0,    0,    5,    0,    4,    0,    5,    0,   -4,    0,    0,    0,    0,    0,    8,    0,    0,    0,    0,    0,    0,    3,    0,    2,    0,    0,    0,    3,    0,    0,   -6,    0,    4,    0,    0,    0,   -7,    9,    0,   -3,    0,    0,   -5,    0,    0,    0,    0,    0,    0,    0,    0,    0,    0,    0,    0,    0,    0,    0,    0,    0,    0,    0,    0,    0,    0,    0,    7,   12,    0,    0,    0,    0,    0,
       0,   -4,    0,   -4,   -3,  -12,    3,    9,   -5,    0,   -3,    0,    0,    0,    0,    0,    0,    0,    0,    0,    0,    0,    0,    0,    0,    0,    0,   -5,    0,    0,    0,    0,    0,    0,    0,    0,    0,    0,    0,    0,    0,    0,    0,    0,    0,    0,    0,    0,    0,    5,    0,    0,    0,    0,    0,    0,    0,    0,    0,    0,    0,    0,    0,    0,    0,    0,    0,   -7,    0,    0,    0,    0,    0,    0,    0,    0,    0,    0,    0,    0,    0,   -4,   -4,   -7,    4,    0,    0,    0,    0,    0,    0,    0,    0,    0,    0,    0,    0,   -9,   -7,    0,   -4,    0,    0,   -8,    0,    0,    0,    0,    0,    0,    0,    0,    0,    0,   -6,    0,    0,    0,    0,   -8,    0,   -6,    0,    0,    0,    0,    0,    0,  -14,    0,    0,    0,    0,    0,    0,    0,    0,    0,    0,    0,    0,    0,    0,    0,    0,    0,    0,    0,    0,    0,    0,    0,   -7,    0,    0,    0,    0,    0,    0,
       0,    0,    0,    0,    0,    0,    0,    0,  -10,    0,    0,    0,    0,    0,    0,    0,    0,    0,    0,    0,    0,    0,    0,    0,    0,    0,    0,    0,    0,    0,    0,    0,    0,    0,    0,    0,    0,    0,    0,    0,    0,    0,    0,    0,    0,    0,    0,    0,    0,    0,    3,    0,    0,    0,    0,    0,    0,    0,    0,    0,    0,    0,    0,    0,    0,    0,    0,    0,    0,    0,   -4,    0,    0,   -6,    0,    0,    0,    0,    0,    0,    0,    0,    0,    0,    0,    0,    0,    0,    0,    0,    0,    0,    0,    0,    0,    0,    0,    0,    0,    0,    0,    0,    0,    0,    0,    0,    0,    0,    0,    0,    0,    0,    0,    0,    0,    0,    0,    0,    0,    0,    0,    0,    0,    0,    0,    0,    0,    0,    0,    0,    0,    0,    0,    0,    0,    0,    0,    0,    0,    0,    0,    0,    0,    0,    0,    0,    0,    0,    0,    0,    0,    0,    5,    5,    0,    0,    0,    0,    0,
       0,  -20,    0,    0,  -11,   -8,    0,    7,   -6,    0,  -11,    0,    0,    0,    0,    0,    0,    0,    0,    0,    0,    0,    0,    0,    0,    0,    0,   -5,    0,  -13,    0,    0,    0,    0,    0,    0,    0,    0,    0,    0,    0,    0,    0,    0,    0,    0,    0,    0,   -9,    0,    0,    0,    0,    0,    0,    0,    0,    0,    0,    0,    0,    0,    0,    0,    0,    0,    0,  -21,    0,   -5,    0,    0,   -4,    0,    0,   -6,    0,    0,    0,    0,   -5,   -4,   -4,   -9,    0,    0,    0,    0,    0,    0,   -6,    0,    0,    0,    0,    0,    0,   -4,   -4,    0,   -5,    0,    0,   -4,    0,    0,    0,    0,    0,    0,    0,    0,    0,    0,   -5,    0,    0,    0,  -24,   -4,    0,    0,    0,    0,    0,    0,    0,    0,  -10,    0,    0,    0,    0,    0,    0,    0,    0,    0,    0,    0,    0,    0,    0,    0,    0,    0,    0,    0,    0,    0,    0,    0,  -20,  -17,    0,    0,    0,    0,    0,
       0,  -14,    0,    0,    0,   -9,    7,    7,    0,    0,   -6,    0,    0,    0,    0,    0,    0,    0,    0,    0,    0,    0,    0,    0,    0,    0,    0,    0,    0,  -10,    0,    0,    0,    0,    0,    0,    0,    0,    0,    0,    0,    0,    0,    0,    0,    0,    0,    0,   -7,    0,    0,    0,    0,    0,    0,    0,    0,    0,    0,    0,    0,    0,    0,    0,    0,    0,    0,  -15,    0,    0,    0,    0,    0,    0,    0,    0,    0,    0,    0,    0,    0,   -4,    0,    0,    0,    0,    0,    0,    0,    0,    0,    0,    0,    0,    0,    0,    0,   -5,    0,    0,    0,    0,    0,    0,    0,    0,    0,    0,    0,    0,    0,    0,    0,    0,   -5,    0,    0,    0,  -12,   -4,    0,   -4,    0,    8,    0,    0,    0,    0,  -10,    0,    0,    0,    0,    0,    0,    0,    0,    0,    0,    0,    0,    0,    0,    0,    0,    0,    0,    0,    0,    0,    0,    0,  -11,  -11,    0,    0,    0,    0,    0,
       0,    0,    0,   -6,    8,  -13,   10,  -17,    8,    3,    0,   -5,    0,    0,    0,    0,    0,    0,    0,    0,    0,    0,    0,    0,    0,    0,    0,    0,    0,    9,    0,    0,    0,    0,    0,    0,    0,    0,    0,    0,    0,    0,    0,    0,    0,    0,    0,   -5,    6,  -17,    0,    0,    0,    0,    0,    0,    0,    0,    0,    0,    0,    0,    0,    0,    0,    0,    0,    8,  -12,    0,    7,    4,    4,    8,    6,    8,    0,    0,  -18,  -18,   12,    0,    0,    0,   -3,   -7,    0,    0,    6,   -7,    8,    0,    6,    0,  -13,    0,   -7,  -13,  -12,   -9,   11,  -17,    0,   -8,    5,    0,    5,    4,   -6,    3,    0,    0,    0,    4,   -6,    0,  -13,   -7,    6,  -13,    0,   -8,  -18,   13,    0,   -6,   -5,    0,  -19,    0,    0,    0,    0,    0,    0,    0,    0,    0,    0,    0,    0,    0,    0,    0,    0,    0,    0,    0,    0,    0,    0,    0,    0,    0,    0,    0,    0,    0,    0,
       0,    4,    0,  -10,   11,    0,  -27,  -10,  -31,   -4,    9,  -10,    0,    0,    0,    0,    0,    0,    0,    0,    0,    0,    0,    0,    0,    0,    0,    0,    0,   12,    0,    0,    0,    0,    0,    0,    0,    0,    0,    0,    0,    0,    0,    0,    0,    0,    0,   -6,    8,  -13,    0,    0,    0,    0,    0,    0,    0,    0,    0,    0,    0,    0,    0,    0,    0,    0,    0,   11,   -7,    0,  -29,  -22,    6,  -22,  -20,    8,    0,   -3,   -8,   -7,   11,    0,    0,   -7,  -14,   -5,   -6,   -6,  -19,  -12,    0,    0,  -19,  -10,  -18,   -6,  -13,    0,    0,  -13,    0,    0,   -6,    0,    0,   -5,  -10,    7,  -11,  -13,    0,   18,    0,    7,    0,    0,   -7,  -12,    9,    0,    0,    0,    0,  -26,   -8,    0,   -7,    0,    0,    0,    0,    0,    0,    0,    0,    0,    0,    0,    0,    0,    0,    0,    0,    0,    0,    0,    0,    0,    0,    0,    0,    0,    9,   12,    0,    0,    0,    0,    0,
       0,  -19,    0,   -6,    0,  -27,   10,    0,    8,    6,  -11,    0,    0,    0,    0,    0,    0,    0,    0,    0,    0,    0,    0,    0,    0,    0,    0,    0,    0,   -9,    0,    0,    0,    0,    0,    0,    0,    0,    0,    0,    0,    0,    0,    0,    0,    0,    0,   -3,    0,   -5,    4,    0,    0,    0,    0,    0,    0,    0,    0,    0,    0,    0,    0,    0,    0,    0,    0,  -27,   -6,    6,   11,    4,    0,   12,    6,    8,    4,    0,   -8,   -9,   12,  -14,    0,    0,    0,    0,    0,    0,    6,    0,    8,    0,    6,    0,   -4,    0,    0,   -9,   -7,    0,    8,   -8,    0,   -7,    5,    0,    5,    0,    0,    3,    0,    0,    0,    0,   -6,    0,   -7,    0,  -23,   -8,    0,  -12,   -6,   13,    0,   -6,    0,    0,  -14,    0,    0,    0,    0,    0,    0,    0,    0,    0,    0,    0,    0,    0,    0,    0,    0,    0,    0,    0,    0,    0,    0,    0,  -25,  -22,    0,    0,    0,    0,    0,
       0,    0,    0,    0,   -4,   -4,    0,    4,  -10,    4,   -7,    0,    0,    0,    0,    0,    0,    0,    0,    0,    0,    0,    0,    0,    0,    0,    0,    0,    0,   -8,    0,    0,    0,    0,    0,    0,    0,    0,    0,    0,    0,    0,    0,    0,    0,    0,    0,    0,   -6,    3,    4,    0,    0,    0,    0,    0,    0,    0,    0,    0,    0,    0,    0,    0,    0,    0,    0,   -6,    0,   -3,    0,    0,    0,   -3,    0,   -4,    0,    0,    0,    0,   -7,    0,   -4,   -6,    0,    0,    0,    0,    0,    0,    0,    0,    0,    0,    0,    0,    0,    0,    0,    0,   -3,    0,    0,    0,    0,    0,    0,    0,    0,    0,    0,    0,    0,    0,    0,    0,    0,    0,   -7,    0,    0,    0,    0,    0,    0,    0,    0,    0,    0,    0,    0,    0,    0,    0,    0,    0,    0,    0,    0,    0,    0,    0,    0,    0,    0,    0,    0,    0,    0,    0,    0,    0,    0,    0,    0,    0,    0,    0,    0,
       0,   -6,    0,    0,    7,  -12,    9,    0,   12,    0,   -4,    0,    0,    0,    0,    0,    0,    0,    0,    0,    0,    0,    0,    0,    0,    0,    0,    0,    0,    6,    0,    0,    0,    0,    0,    0,    0,    0,    0,    0,    0,    0,    0,    0,    0,    0,    0,   -5,    6,   -5,    0,    0,    0,    0,    0,    0,    0,    0,    0,    0,    0,    0,    0,    0,    0,    0,    0,   -9,    0,    0,    6,    5,    0,    6,    5,    6,    4,    0,    0,  -10,    6,  -10,    0,    0,    0,    0,    0,    0,    5,    0,    6,    0,    6,    0,    0,    0,    0,    0,    7,    0,    6,   -7,    0,    0,    0,    0,    0,    0,    0,    0,    0,    0,   20,    0,    0,    0,    0,    0,   -7,    0,    0,   -7,    0,   11,    0,    0,    0,    0,    0,    0,    0,    0,    0,    0,    0,    0,    0,    0,    0,    0,    0,    0,    0,    0,    0,    0,    0,    0,    0,    0,    0,    0,   -4,   -4,    0,    0,    0,    0,    0,
       0,    0,    0,   -6,    8,  -13,   10,  -17,    8,    3,    4,   -5,    0,    0,    0,    0,    0,    0,    0,    0,    0,    0,    0,    0,    0,    0,    0,    0,    0,    9,    0,    0,    0,    0,    0,    0,    0,    0,    0,    0,    0,    0,    0,    0,    0,    0,    0,   -4,    7,  -17,    0,    0,    0,    0,    0,    0,    0,    0,    0,    0,    0,    0,    0,    0,    0,    0,    0,    8,  -11,    0,    7,    4,    6,    8,    6,    8,    0,    0,  -18,  -15,   12,    0,    0,    0,   -3,   -6,    0,    0,    6,   -6,    8,    0,    6,    0,  -13,    0,   -6,   -9,   -7,   -8,   11,  -12,    0,   -8,    0,    0,    0,    6,   -5,    3,    0,    0,    0,    6,   -6,    0,  -11,   -6,    8,   -9,    0,   -4,  -14,   13,    0,   -3,   -5,    0,  -15,    0,    0,    0,    0,    0,    0,    0,    0,    0,    0,    0,    0,    0,    0,    0,    0,    0,    0,    0,    0,    0,    0,    0,    0,    0,    0,    0,    0,    0,    0,
       0,    0,    0,    0,   -4,   -4,    0,    4,  -10,    4,   -7,    0,    0,    0,    0,    0,    0,    0,    0,    0,    0,    0,    0,    0,    0,    0,    0,    0,    0,   -8,    0,    0,    0,    0,    0,    0,    0,    0,    0,    0,    0,    0,    0,    0,    0,    0,    0,    0,   -6,    3,    4,    0,    0,    0,    0,    0,    0,    0,    0,    0,    0,    0,    0,    0,    0,    0,    0,   -6,    0,   -4,    0,    0,    0,   -3,    0,   -3,    0,    0,    0,    0,   -7,    0,    0,   -5,    0,    0,    0,    0,    0,    0,    0,    0,    0,    0,    0,    0,    0,    0,    0,    0,   -3,    0,    0,    0,    0,    0,    0,    0,    0,    0,    0,    0,    0,    0,    0,    0,    0,    0,   -6,    0,    0,    0,    0,    0,    0,    0,    0,    0,    0,    0,    0,    0,    0,    0,    0,    0,    0,    0,    0,    0,    0,    0,    0,    0,    0,    0,    0,    0,    0,    0,    0,    0,    0,    0,    0,    0,    0,    0,    0,
       0,    0,    0,   -4,   -5,   -3,    0,    0,    0,    0,   -5,    0,    0,    0,    0,    0,    0,    0,    0,    0,    0,    0,    0,    0,    0,    0,    0,   -3,    0,   -4,    0,    0,    0,    0,    0,    0,    0,    0,    0,    0,    0,    0,    0,    0,    0,    0,    0,    0,   -4,    0,    0,    0,    0,    0,    0,    0,    0,    0,    0,    0,    0,    0,    0,    0,    0,    0,    0,   -3,    0,    0,    0,    0,    0,    0,    0,    0,    0,    0,    0,    0,    0,    0,    0,    0,    0,    0,    0,    0,    0,    0,    0,    0,    0,    0,    0,    0,    0,    0,    0,   -4,    0,   -4,    0,    0,    0,    0,    0,    0,    0,    0,    0,    0,    0,    0,    0,    0,    0,    0,   -4,    0,    0,    0,    0,    0,    0,    0,    0,    0,    0,    0,    0,    0,    0,    0,    0,    0,    0,    0,    0,    0,    0,    0,    0,    0,    0,    0,    0,    0,    0,    0,    0,    0,   -7,   -5,    0,    0,    0,    0,    0,
       0,    0,    0,    0,   -7,    0,  -13,    7,  -17,    0,   -6,    0,    0,    0,    0,    0,    0,    0,    0,    0,    0,    0,    0,    0,    0,    0,    0,   -3,    0,   -7,    0,    0,    0,    0,    0,    0,    0,    0,    0,    0,    0,    0,    0,    0,    0,    0,    0,    0,   -8,    3,    0,    0,    0,    0,    0,    0,    0,    0,    0,    0,    0,    0,    0,    0,    0,    0,    0,   -8,    0,    0,   -8,    0,   -8,   -8,    0,  -12,   -7,    0,    0,    0,  -13,    0,   -9,   -5,    0,    0,    0,    0,    0,    0,    0,    0,    0,    0,    0,    0,    0,    0,    0,    0,    0,    0,    0,    0,    0,    0,    0,    0,    0,    0,    0,    0,    0,    0,    0,    0,    0,    0,  -10,    0,    0,    0,    0,   -7,    0,    0,    0,   -8,    0,    0,    0,    0,    0,    0,    0,    0,    0,    0,    0,    0,    0,    0,    0,    0,    0,    0,    0,    0,    0,    0,    0,    0,    0,    3,    0,    0,    0,    0,    0,
       0,    0,    0,    0,   -3,    0,  -35,    0,  -26,    4,    0,    0,    0,    0,    0,    0,    0,    0,    0,    0,    0,    0,    0,    0,    0,    0,    0,   -5,    0,   -4,    0,    0,    0,    0,    0,    0,    0,    0,    0,    0,    0,    0,    0,    0,    0,    0,    0,    0,   -3,   -3,    4,    0,    0,    0,    0,    0,    0,    0,    0,    0,    0,    0,    0,    0,    0,    0,    0,    4,    0,    0,  -30,  -20,    0,  -23,  -19,   -5,   -4,    0,    0,    0,   -7,    0,   -3,    0,   -7,    0,    0,    0,  -14,    0,    0,    0,  -14,   -4,   -5,    0,    0,    0,    4,    0,    4,    0,    0,    0,    0,    0,    0,    0,    0,    0,    0,    0,    0,    0,    0,    4,    0,    0,    0,    4,    0,    4,    0,  -20,    0,    0,    0,    0,    0,    0,    0,    0,    0,    0,    0,    0,    0,    0,    0,    0,    0,    0,    0,    0,    0,    0,    0,    0,    0,    0,    0,    0,   10,   10,    0,    0,    0,    0,    0,
       0,    6,    0,   -6,    8,    0,  -27,  -18,  -33,  -20,    9,  -12,    0,    0,    0,    0,    0,    0,    0,    0,    0,    0,    0,    0,    0,    0,    0,    0,    0,   10,    0,    0,    0,    0,    0,    0,    0,    0,    0,    0,    0,    0,    0,    0,    0,    0,    0,   -6,    6,  -25,  -22,    0,    0,    0,    0,    0,    0,    0,    0,    0,    0,    0,    0,    0,    0,    0,    0,    9,    0,    0,  -28,  -22,    5,  -27,  -21,    6,    0,   -3,   -8,   -4,    9,    0,    0,    0,  -25,    0,    0,    0,  -15,  -16,    0,    0,  -16,   -7,  -25,    0,  -16,    0,    0,  -19,  -25,    0,    0,    0,    0,    0,  -12,    5,  -14,  -24,    0,   16,    0,    5,    0,    0,    0,  -16,    7,    0,    0,    6,    0,  -17,   -4,    0,   -5,    0,    0,    0,    0,    0,    0,    0,    0,    0,    0,    0,    0,    0,    0,    0,    0,    0,    0,    0,    0,    0,    0,    0,    0,    0,    9,    7,    0,    0,    0,    0,    0,
       0,   -4,    0,    0,  -11,    0,  -13,    6,  -13,    0,   -8,    0,    0,    0,    0,    0,    0,    0,    0,    0,    0,    0,    0,    0,    0,    0,    0,   -5,    0,  -12,    0,    0,    0,    0,    0,    0,    0,    0,    0,    0,    0,    0,    0,    0,    0,    0,    0,    0,   -9,    0,    0,    0,    0,    0,    0,    0,    0,    0,    0,    0,    0,    0,    0,    0,    0,    0,    0,   -3,    0,    0,  -12,  -11,  -11,   -9,  -10,  -14,   -9,    0,    0,    0,  -13,    0,  -11,   -4,    0,    0,    0,    0,   -8,    0,    0,    0,   -9,   -3,    0,    0,    0,    0,    0,    0,    0,    0,    0,    0,    0,    0,    0,   -3,    0,    0,    0,    0,    0,   -3,    0,    0,    0,    0,  -11,    0,    0,    0,    0,  -12,    0,    0,    0,  -11,    0,    0,    0,    0,    0,    0,    0,    0,    0,    0,    0,    0,    0,    0,    0,    0,    0,    0,    0,    0,    0,    0,    0,    0,    0,    0,    0,    0,    0,    0,    0,
       0,    0,    0,   -6,    9,   -9,    8,  -11,    8,    6,    7,   -5,    0,    0,    0,    0,    0,    0,    0,    0,    0,    0,    0,    0,    0,    0,    0,    0,    0,   10,    0,    0,    0,    0,    0,    0,    0,    0,    0,    0,    0,    0,    0,    0,    0,    0,    0,   -5,    6,  -12,    0,    0,    0,    0,    0,    0,    0,    0,    0,    0,    0,    0,    0,    0,    0,    0,    0,    9,   -9,    6,    8,    4,    5,   12,    6,    8,    3,    0,  -13,  -13,   12,    0,    0,    0,    0,   -6,    0,    0,    6,   -6,    8,    0,    6,    0,  -10,    0,   -6,   -7,   -6,   -7,    8,  -11,    0,   -7,    0,    0,    0,    5,   -5,    3,    0,    0,    0,    5,   -4,    0,  -10,   -6,    7,   -6,    0,    0,  -12,   13,    0,   -4,   -4,    0,  -13,    0,    0,    0,    0,    0,    0,    0,    0,    0,    0,    0,    0,    0,    0,    0,    0,    0,    0,    0,    0,    0,    0,    0,    3,    5,    0,    0,    0,    0,    0,
       0,    0,    0,    0,   -7,    0,  -13,    7,  -17,    0,   -6,    0,    0,    0,    0,    0,    0,    0,    0,    0,    0,    0,    0,    0,    0,    0,    0,   -3,    0,   -7,    0,    0,    0,    0,    0,    0,    0,    0,    0,    0,    0,    0,    0,    0,    0,    0,    0,    0,   -8,    3,    0,    0,    0,    0,    0,    0,    0,    0,    0,    0,    0,    0,    0,    0,    0,    0,    0,   -8,    0,    0,   -8,    0,   -8,   -8,    0,  -11,   -7,    0,    0,    0,  -13,    0,   -8,   -5,    0,    0,    0,    0,    0,    0,    0,    0,    0,    0,    0,    0,    0,    0,    0,    0,    0,    0,    0,    0,    0,    0,    0,    0,    0,    0,    0,    0,    0,    0,    0,    0,    0,    0,  -10,    0,    0,    0,    0,   -7,    0,    0,    0,   -8,    0,    0,    0,    0,    0,    0,    0,    0,    0,    0,    0,    0,    0,    0,    0,    0,    0,    0,    0,    0,    0,    0,    0,    0,    0,    3,    0,    0,    0,    0,    0,
       0,   -8,    0,    0,   -7,  -10,    0,    5,    0,    0,  -11,    0,    0,    0,    0,    0,    0,    0,    0,    0,    0,    0,    0,    0,    0,    0,    0,    0,    0,  -11,    0,    0,    0,    0,    0,    0,    0,    0,    0,    0,    0,    0,    0,    0,    0,    0,    0,    0,   -6,    0,    0,    0,    0,    0,    0,    0,    0,    0,    0,    0,    0,    0,    0,    0,    0,    0,    0,    0,    0,    0,    0,    0,    0,    0,    0,    0,    0,    0,    0,    0,    0,    0,    0,    0,    0,    0,    0,    0,    0,    0,    0,    0,    0,    0,    0,    0,    0,    0,    0,    0,    0,    0,    0,    0,    0,    0,    0,    0,    0,    0,    0,    0,    0,    0,    0,    0,    0,    0,    0,    0,    0,    0,    0,    0,    0,    0,    0,    0,   -5,    0,    0,    0,    0,    0,    0,    0,    0,    0,    0,    0,    0,    0,    0,    0,    0,    0,    0,    0,    0,    0,    0,    0,   -7,   -7,    0,    0,    0,    0,    0,
       0,    0,    0,    0,    0,   -6,    0,    8,   -6,    0,    0,    0,    0,    0,    0,    0,    0,    0,    0,    0,    0,    0,    0,    0,    0,    0,    0,   -4,    0,    0,    0,    0,    0,    0,    0,    0,    0,    0,    0,    0,    0,    0,    0,    0,    0,    0,    0,    0,    0,    0,    0,    0,    0,    0,    0,    0,    0,    0,    0,    0,    0,    0,    0,    0,    0,    0,    0,    0,    0,    0,    0,    0,    0,    0,    0,    0,    0,    0,    0,    0,    0,    0,    0,    0,    0,    0,    0,    0,    0,    0,   -5,    0,    0,    0,    0,    0,    0,    0,    0,    0,   -4,    0,    0,    0,    0,    0,    0,    0,    0,    0,    0,    0,    0,    0,    0,    0,    0,    0,    0,    0,    0,    0,    0,    0,    0,    0,    0,    0,   -5,    0,    0,    0,    0,    0,    0,    0,    0,    0,    0,    0,    0,    0,    0,    0,    0,    0,    0,    0,    0,    0,    0,    0,    0,    0,    0,    0,    0,    0,    0,
       0,   -7,    0,    0,   -6,   -5,    0,    0,    0,    0,   -6,    0,    0,    0,    0,    0,    0,    0,    0,    0,    0,    0,    0,    0,    0,    0,    0,    0,    0,   -9,    0,    0,    0,    0,    0,    0,    0,    0,    0,    0,    0,    0,    0,    0,    0,    0,    0,    0,   -6,    0,    0,    0,    0,    0,    0,    0,    0,    0,    0,    0,    0,    0,    0,    0,    0,    0,    0,    0,    0,    0,    0,    0,    0,    0,    0,    0,    0,    0,    0,    0,    0,    0,    0,    0,    0,    0,    0,    0,    0,    0,    0,    0,    0,    0,    0,    0,    0,    0,    0,    0,    0,    0,    0,    0,    0,    0,    0,    0,    0,    0,    0,    0,    0,    0,    0,    0,    0,    0,    0,    0,    0,    0,    0,    0,    0,    0,    0,    0,   -4,    0,    0,    0,    0,    0,    0,    0,    0,    0,    0,    0,    0,    0,    0,    0,    0,    0,    0,    0,    0,    0,    0,    0,   -5,   -4,    0,    0,    0,    0,    0,
       0,    0,    0,    0,    0,    0,  -19,    0,  -13,    5,    0,    0,    0,    0,    0,    0,    0,    0,    0,    0,    0,    0,    0,    0,    0,    0,    0,    0,    0,   -7,    0,    0,    0,    0,    0,    0,    0,    0,    0,    0,    0,    0,    0,    0,    0,    0,    0,    0,    0,    0,    5,    0,    0,    0,    0,    0,    0,    0,    0,    0,    0,    0,    0,    0,    0,    0,    0,    0,    0,    0,    0,    0,    0,    0,    0,    0,    0,    0,    0,    0,    0,    0,    0,    0,    0,    0,    0,    0,  -10,    0,    6,    0,  -11,    0,    0,    0,    0,    6,    8,    0,    7,    0,    0,    6,    0,    0,    0,    0,    0,    0,    0,    0,    0,    0,    8,    8,    0,    0,    0,    8,    0,    0,    8,    0,    0,    0,    0,    0,    0,    0,    0,    0,    0,    0,    0,    0,    0,    0,    0,    0,    0,    0,    0,    0,    0,    0,    0,    0,    0,    0,    0,    0,    6,    7,    0,    0,    0,    0,    0,
       0,   -7,    0,    0,    7,   -7,    9,    0,   11,    0,   -4,    0,    0,    0,    0,    0,    0,    0,    0,    0,    0,    0,    0,    0,    0,    0,    0,    0,    0,    6,    0,    0,    0,    0,    0,    0,    0,    0,    0,    0,    0,    0,    0,    0,    0,    0,    0,    0,    6,   -3,    0,    0,    0,    0,    0,    0,    0,    0,    0,    0,    0,    0,    0,    0,    0,    0,    0,    0,    0,    0,    0,    0,    0,    0,    0,    0,    0,    0,    0,    0,    0,    0,    0,    0,    0,    0,    0,    0,    5,    0,    6,    0,    6,    0,    0,    0,    0,   -4,    7,    0,    6,   -4,    0,   -3,    3,    0,    0,    0,    0,    0,    0,    0,   20,    0,    0,    0,    0,    0,    0,    0,    0,    0,    0,    0,    0,    0,    0,    0,    0,    0,    0,    0,    0,    0,    0,    0,    0,    0,    0,    0,    0,    0,    0,    0,    0,    0,    0,    0,    0,    0,    0,    0,   -6,   -4,    0,    0,    0,    0,    0,
       0,   -8,    0,    0,   -7,  -10,   -7,    4,   -4,    0,   -8,    0,    0,    0,    0,    0,    0,    0,    0,    0,    0,    0,    0,    0,    0,    0,    0,    0,    0,  -11,    0,    0,    0,    0,    0,    0,    0,    0,    0,    0,    0,    0,    0,    0,    0,    0,    0,    0,   -6,    4,    0,    0,    0,    0,    0,    0,    0,    0,    0,    0,    0,    0,    0,    0,    0,    0,    0,    0,    0,    0,    0,    0,    0,    0,    0,    0,    0,    0,    0,    0,    0,    0,    0,    0,    0,    0,    0,    0,    0,    0,    0,    0,    0,    0,    0,    0,    0,    0,    0,    0,   -5,    0,    0,    0,    0,    0,    0,    0,    0,    0,    0,    0,    0,    0,    0,    0,    0,    0,    0,    0,    0,    0,    0,    0,    0,    0,    0,    0,   -3,    0,    0,    0,    0,    0,    0,    0,    0,    0,    0,    0,    0,    0,    0,    0,    0,    0,    0,    0,    0,    0,    0,    0,   -3,   -6,    0,    0,    0,    0,    0,
       0,    0,    0,   -4,    0,    4,    4,  -15,    7,    3,    0,   -7,    0,    0,    0,    0,    0,    0,    0,    0,    0,    0,    0,    0,    0,    0,    0,    0,    0,   -9,    0,    0,    0,    0,    0,    0,    0,    0,    0,    0,    0,    0,    0,    0,    0,    0,    0,   -4,    0,  -12,    0,    0,    0,    0,    0,    0,    0,    0,    0,    0,    0,    0,    0,    0,    0,    0,    0,    0,    0,    0,    0,    0,    0,    0,    0,    0,    0,    0,    0,    0,    0,    0,    0,    0,   -3,    0,    0,    0,    6,   -5,    8,    4,    6,    0,  -12,    0,   -5,    5,    6,   -6,    7,    0,    0,    5,    5,    0,    5,    0,    0,    0,    0,    0,    0,    0,    6,    3,    0,   -5,    0,    6,    0,    0,    0,    0,    0,    0,    0,    0,    0,    0,    0,    0,    0,    0,    0,    0,    0,    0,    0,    0,    0,    0,    0,    0,    0,    0,    0,    0,    0,    0,    0,    0,    4,    8,    0,    0,    0,    0,    0,
       0,   -4,    0,    0,   -4,    0,    3,    5,    0,    0,   -4,    0,    0,    0,    0,    0,    0,    0,    0,    0,    0,    0,    0,    0,    0,    0,    0,    0,    0,   -8,    0,    0,    0,    0,    0,    0,    0,    0,    0,    0,    0,    0,    0,    0,    0,    0,    0,    0,   -4,    0,    0,    0,    0,    0,    0,    0,    0,    0,    0,    0,    0,    0,    0,    0,    0,    0,    0,    0,    0,    0,    0,    0,    0,    0,    0,    0,    0,    0,    0,    0,    0,    0,    0,    0,    0,    0,    0,    0,    0,    0,    0,    0,    4,    0,    0,    0,    0,    0,    0,    0,    0,    0,    0,    0,    0,    0,    0,    0,    0,    0,    0,    0,    0,    0,    0,    0,    0,    0,    0,    0,    0,    0,    0,    0,    0,    0,    0,    0,    0,    0,    0,    0,    0,    0,    0,    0,    0,    0,    0,    0,    0,    0,    0,    0,    0,    0,    0,    0,    0,    0,    0,    0,    0,    0,    0,    0,    0,    0,    0,
       0,    0,    0,   -4,    0,    4,    4,  -15,    7,    3,    0,   -7,    0,    0,    0,    0,    0,    0,    0,    0,    0,    0,    0,    0,    0,    0,    0,    0,    0,   -9,    0,    0,    0,    0,    0,    0,    0,    0,    0,    0,    0,    0,    0,    0,    0,    0,    0,   -4,    0,  -12,    0,    0,    0,    0,    0,    0,    0,    0,    0,    0,    0,    0,    0,    0,    0,    0,    0,    0,    0,    0,    0,    0,    0,    0,    0,    0,    0,    0,    0,    0,    0,    0,    0,    0,   -3,    0,    0,    0,    6,   -6,    8,    4,    6,    0,  -12,    0,   -6,    6,    8,   -7,    7,    0,    0,    6,    5,    0,    5,    0,   -4,    0,    0,    0,    0,    0,    8,    4,    0,   -6,    0,    7,    0,    0,    0,    0,    0,    0,    0,    0,    0,    0,    0,    0,    0,    0,    0,    0,    0,    0,    0,    0,    0,    0,    0,    0,    0,    0,    0,    0,    0,    0,    0,    0,    4,    8,    0,    0,    0,    0,    0,
       0,    0,    0,    0,   -5,    0,    0,    4,    0,    0,   -5,    0,    0,    0,    0,    0,    0,    0,    0,    0,    0,    0,    0,    0,    0,    0,    0,    0,    0,   -7,    0,    0,    0,    0,    0,    0,    0,    0,    0,    0,    0,    0,    0,    0,    0,    0,    0,    0,   -4,    0,    0,    0,    0,    0,    0,    0,    0,    0,    0,    0,    0,    0,    0,    0,    0,    0,    0,    0,    0,    0,    0,    0,    0,    0,    0,    0,    0,    0,    0,    0,    0,    0,    0,    0,    0,    0,    0,    0,    0,    0,    0,    0,    0,    0,    0,    0,    0,    0,    0,    0,    0,    0,    0,    0,    0,    0,    0,    0,    0,    0,    0,    0,    0,    0,    0,    0,    0,    0,    0,    0,    0,    0,    0,    0,    0,    0,    0,    0,   -5,    0,    0,    0,    0,    0,    0,    0,    0,    0,    0,    0,    0,    0,    0,    0,    0,    0,    0,    0,    0,    0,    0,    0,    0,    0,    0,    0,    0,    0,    0,
       0,   -4,    0,    0,   -4,   -5,    0,    0,    0,    0,   -5,    0,    0,    0,    0,    0,    0,    0,    0,    0,    0,    0,    0,    0,    0,    0,    0,    0,    0,   -9,    0,    0,    0,    0,    0,    0,    0,    0,    0,    0,    0,    0,    0,    0,    0,    0,    0,    0,   -6,    0,    0,    0,    0,    0,    0,    0,    0,    0,    0,    0,    0,    0,    0,    0,    0,    0,    0,    0,    0,    0,    0,    0,    0,    0,    0,    0,    0,    0,    0,    0,    0,    0,    0,    0,    0,    0,    0,    0,    0,    0,    0,    0,    0,    0,    0,    0,    0,    0,    0,    0,    0,    0,    0,    0,    0,    0,    0,    0,    0,    0,    0,    0,    0,    0,    0,    0,    0,    0,    0,    0,    0,    0,    0,    0,    0,    0,    0,    0,   -7,    0,    0,    0,    0,    0,    0,    0,    0,    0,    0,    0,    0,    0,    0,    0,    0,    0,    0,    0,    0,    0,    0,    0,    0,    0,    0,    0,    0,    0,    0,
       0,    0,    0,    0,   -5,    0,    0,    4,    0,    0,   -5,    0,    0,    0,    0,    0,    0,    0,    0,    0,    0,    0,    0,    0,    0,    0,    0,    0,    0,   -8,    0,    0,    0,    0,    0,    0,    0,    0,    0,    0,    0,    0,    0,    0,    0,    0,    0,    0,   -5,    0,    0,    0,    0,    0,    0,    0,    0,    0,    0,    0,    0,    0,    0,    0,    0,    0,    0,    0,    0,    0,    0,    0,    0,    0,    0,    0,    0,    0,    0,    0,    0,    0,    0,    0,    0,    0,    0,    0,    0,    0,    0,    0,    0,    0,    0,    0,    0,    0,    0,    0,    0,    0,    0,    0,    0,    0,    0,    0,    0,    0,    0,    0,    0,    0,    0,    0,    0,    0,    0,    0,    0,    0,    0,    0,    0,    0,    0,    0,   -5,    0,    0,    0,    0,    0,    0,    0,    0,    0,    0,    0,    0,    0,    0,    0,    0,    0,    0,    0,    0,    0,    0,    0,    0,    0,    0,    0,    0,    0,    0,
       0,  -10,    0,    0,   -8,  -10,  -10,    4,   -9,    0,   -9,    0,    0,    0,    0,    0,    0,    0,    0,    0,    0,    0,    0,    0,    0,    0,    0,    0,    0,  -12,    0,    0,    0,    0,    0,    0,    0,    0,    0,    0,    0,    0,    0,    0,    0,    0,    0,    0,   -7,    4,    0,    0,    0,    0,    0,    0,    0,    0,    0,    0,    0,    0,    0,    0,    0,    0,    0,    0,    0,    0,    0,    0,    0,    0,    0,    0,    0,    0,    0,    0,    0,    0,    0,    0,    0,    0,    0,    0,    0,    0,   -5,    0,    0,    0,    0,    0,    0,    0,    0,    0,   -6,    0,    0,    0,    0,    0,    0,    0,    0,    0,    0,    0,    0,    0,    0,    0,    0,    0,    0,    0,    0,    0,    0,    0,    0,    0,    0,    0,   -5,    0,    0,    0,    0,    0,    0,    0,    0,    0,    0,    0,    0,    0,    0,    0,    0,    0,    0,    0,    0,    0,    0,    0,   -9,   -8,    0,    0,    0,    0,    0,
       0,  -10,    0,    0,  -10,   -5,    0,    8,   -6,    0,   -6,    0,    0,    0,    0,    0,    0,    0,    0,    0,    0,    0,    0,    0,    0,    0,    0,   -5,    0,  -12,    0,    0,    0,    0,    0,    0,    0,    0,    0,    0,    0,    0,    0,    0,    0,    0,    0,    0,   -9,    0,    0,    0,    0,    0,    0,    0,    0,    0,    0,    0,    0,    0,    0,    0,    0,    0,    0,    0,    0,    0,    0,    0,    0,    0,    0,    0,    0,    0,    0,    0,    0,    0,    0,    0,    0,    0,    0,    0,    0,    0,   -5,    0,    0,    0,    0,    0,    0,    0,    0,    0,    0,    0,    0,    0,    0,    0,    0,   -4,    0,    0,    0,    0,    0,    0,    0,    0,    0,    0,    0,    0,    0,    0,    0,    0,    0,    0,    0,    0,   -4,    0,    0,    0,    0,    0,    0,    0,    0,    0,    0,    0,    0,    0,    0,    0,    0,    0,    0,    0,    0,    0,    0,    0,   -7,   -8,    0,    0,    0,    0,    0,
       0,    0,    0,    0,    0,    0,    6,   -3,    0,    3,   -4,   -3,    0,    0,    0,    0,    0,    0,    0,    0,    0,    0,    0,    0,    0,    0,    0,    0,    0,  -12,    0,    0,    0,    0,    0,    0,    0,    0,    0,    0,    0,    0,    0,    0,    0,    0,    0,    0,   -6,   -5,    0,    0,    0,    0,    0,    0,    0,    0,    0,    0,    0,    0,    0,    0,    0,    0,    0,    0,    0,    0,    0,    0,    0,    0,    0,    0,    0,    0,    0,    0,    0,    0,    0,    0,    0,    0,    0,    0,    0,    0,    5,    0,    0,    0,   -8,    0,    0,    0,    0,    0,    4,    0,    0,    0,    0,    0,    0,    0,    0,    0,    0,    0,    0,    0,    3,    0,    0,    0,    0,    3,    0,    0,    0,    0,    0,    0,    0,    0,    0,    0,    0,    0,    0,    0,    0,    0,    0,    0,    0,    0,    0,    0,    0,    0,    0,    0,    0,    0,    0,    0,    0,    0,    4,    8,    0,    0,    0,    0,    0,
       0,    0,    0,    0,    0,    0,  -12,    0,  -14,    0,    0,    0,    0,    0,    0,    0,    0,    0,    0,    0,    0,    0,    0,    0,    0,    0,    0,    0,    0,   -9,    0,    0,    0,    0,    0,    0,    0,    0,    0,    0,    0,    0,    0,    0,    0,    0,    0,    0,   -5,    0,    0,    0,    0,    0,    0,    0,    0,    0,    0,    0,    0,    0,    0,    0,    0,    0,    0,    0,    0,    0,    0,    0,    0,    0,    0,    0,    0,    0,    0,    0,    0,    0,    0,    0,    0,    0,    0,    0,  -10,    0,    5,    0,   -9,    0,    0,    0,    0,    5,    6,   -3,    6,    0,    0,    5,    0,    0,    0,    0,    0,    0,    0,    0,    0,    0,    6,    6,    0,    0,    0,    6,    0,    0,    6,    0,    0,    0,    0,    0,    0,    0,    0,    0,    0,    0,    0,    0,    0,    0,    0,    0,    0,    0,    0,    0,    0,    0,    0,    0,    0,    0,    0,    0,    4,    6,    0,    0,    0,    0,    0,
       0,    0,    0,    0,    0,    0,  -10,    0,  -11,    0,    0,    0,    0,    0,    0,    0,    0,    0,    0,    0,    0,    0,    0,    0,    0,    0,    0,    0,    0,   -7,    0,    0,    0,    0,    0,    0,    0,    0,    0,    0,    0,    0,    0,    0,    0,    0,    0,    0,    0,    0,    0,    0,    0,    0,    0,    0,    0,    0,    0,    0,    0,    0,    0,    0,    0,    0,    0,    0,    0,    0,    0,    0,    0,    0,    0,    0,    0,    0,    0,    0,    0,    0,    0,    0,    0,    0,    0,    0,   -8,    0,    6,    0,   -7,    0,    0,    0,    0,    6,    8,   -4,    7,    0,    0,    6,    0,    0,    0,    0,    0,    0,    0,    0,    0,    0,    8,    7,    0,    0,    0,    8,    0,    0,    4,    0,    0,    0,    0,    0,    0,    0,    0,    0,    0,    0,    0,    0,    0,    0,    0,    0,    0,    0,    0,    0,    0,    0,    0,    0,    0,    0,    0,    0,    4,    7,    0,    0,    0,    0,    0,
       0,  -15,    0,    0,  -12,   -6,    0,    8,   -7,    0,  -10,    0,    0,    0,    0,    0,    0,    0,    0,    0,    0,    0,    0,    0,    0,    0,    0,   -5,    0,  -13,    0,    0,    0,    0,    0,    0,    0,    0,    0,    0,    0,    0,    0,    0,    0,    0,    0,    0,   -9,    0,    0,    0,    0,    0,    0,    0,    0,    0,    0,    0,    0,    0,    0,    0,    0,    0,    0,    0,    0,    0,    0,    0,    0,    0,    0,    0,    0,    0,    0,    0,    0,    0,    0,    0,    0,    0,    0,    0,    0,    0,   -7,   -3,    0,    0,    0,    0,    0,   -3,   -4,    0,   -5,   -2,    0,    0,    0,    0,   -3,   -4,    0,    0,    0,    0,    0,   -4,    0,    0,    0,    0,    0,    0,    0,    0,    0,    0,    0,    0,    0,    0,   -6,    0,    0,    0,    0,    0,    0,    0,    0,    0,    0,    0,    0,    0,    0,    0,    0,    0,    0,    0,    0,    0,    0,    0,  -15,  -12,    0,    0,    0,    0,    0,
       0,    0,    0,   -4,    0,    4,    6,   -7,    7,    5,    0,   -3,    0,    0,    0,    0,    0,    0,    0,    0,    0,    0,    0,    0,    0,    0,    0,    0,    0,  -10,    0,    0,    0,    0,    0,    0,    0,    0,    0,    0,    0,    0,    0,    0,    0,    0,    0,   -3,    0,   -9,    0,    0,    0,    0,    0,    0,    0,    0,    0,    0,    0,    0,    0,    0,    0,    0,    0,    0,    0,    0,    0,    0,    0,    0,    0,    0,    0,    0,    0,    0,    0,    0,    0,    0,    0,    0,    0,    0,    6,   -4,    8,    4,    6,    0,   -8,    0,   -4,    5,    7,   -5,   11,    0,    0,    5,    5,    0,    5,    0,    0,    0,    0,    0,    0,    0,    7,    4,    0,   -4,    0,    6,    0,    0,    0,    0,    0,    0,    0,    0,    0,    0,    0,    0,    0,    0,    0,    0,    0,    0,    0,    0,    0,    0,    0,    0,    0,    0,    0,    0,    0,    0,    0,    0,    5,    9,    0,    0,    0,    0,    0,
       0,  -24,    0,    0,   -7,  -18,    0,    4,    0,    0,   -7,    0,    0,    0,    0,    0,    0,    0,    0,    0,    0,    0,    0,    0,    0,    0,    0,   -4,    0,  -11,    0,    0,    0,    0,    0,    0,    0,    0,    0,    0,    0,    0,    0,    0,    0,    0,    0,    0,   -7,    0,    0,    0,    0,    0,    0,    0,    0,    0,    0,    0,    0,    0,    0,    0,    0,    0,    0,    0,    0,    0,    0,    0,    0,    0,    0,    0,    0,    0,    0,    0,    0,    0,    0,    0,    0,    0,    0,    0,    0,    0,    0,    0,    4,    0,    0,    0,    0,  -12,   -7,    0,    0,    0,    0,   -9,    0,    0,    0,    0,    0,    0,    0,    0,    0,    0,   -8,    0,    0,    0,    0,   -7,    0,    0,    0,    0,    0,    0,    0,    0,  -13,    0,    0,    0,    0,    0,    0,    0,    0,    0,    0,    0,    0,    0,    0,    0,    0,    0,    0,    0,    0,    0,    0,    0,  -21,  -24,    0,    0,    0,    0,    0,
       0,   -8,    0,    0,   -8,  -10,  -10,    4,   -9,    0,   -9,    0,    0,    0,    0,    0,    0,    0,    0,    0,    0,    0,    0,    0,    0,    0,    0,    0,    0,  -12,    0,    0,    0,    0,    0,    0,    0,    0,    0,    0,    0,    0,    0,    0,    0,    0,    0,    0,   -6,    4,    0,    0,    0,    0,    0,    0,    0,    0,    0,    0,    0,    0,    0,    0,    0,    0,    0,    0,    0,    0,    0,    0,    0,    0,    0,    0,    0,    0,    0,    0,    0,    0,    0,    0,    0,    0,    0,    0,    0,    0,    0,    0,    0,    0,    0,    0,    0,    0,    0,    0,   -6,    0,    0,    0,    0,    0,    0,    0,    0,    0,    0,    0,    0,    0,    0,    0,    0,    0,    0,    0,    0,    0,    0,    0,    0,    0,    0,    0,    0,    0,    0,    0,    0,    0,    0,    0,    0,    0,    0,    0,    0,    0,    0,    0,    0,    0,    0,    0,    0,    0,    0,    0,   -9,   -8,    0,    0,    0,    0,    0,
       0,  -10,    0,    0,   -8,  -10,  -10,    4,   -9,    0,   -9,    0,    0,    0,    0,    0,    0,    0,    0,    0,    0,    0,    0,    0,    0,    0,    0,    0,    0,  -12,    0,    0,    0,    0,    0,    0,    0,    0,    0,    0,    0,    0,    0,    0,    0,    0,    0,    0,   -7,    4,    0,    0,    0,    0,    0,    0,    0,    0,    0,    0,    0,    0,    0,    0,    0,    0,    0,    0,    0,    0,    0,    0,    0,    0,    0,    0,    0,    0,    0,    0,    0,    0,    0,    0,    0,    0,    0,    0,    0,    0,   -5,    0,    0,    0,    0,    0,    0,    0,    0,    0,   -6,    0,    0,    0,    0,    0,    0,    0,    0,    0,    0,    0,    0,    0,    0,    0,    0,    0,    0,    0,    0,    0,    0,    0,    0,    0,    0,    0,   -4,    0,    0,    0,    0,    0,    0,    0,    0,    0,    0,    0,    0,    0,    0,    0,    0,    0,    0,    0,    0,    0,    0,    0,   -9,   -8,    0,    0,    0,    0,    0,
       0,    0,    0,    0,   -5,    0,    0,    4,    0,    0,   -5,    0,    0,    0,    0,    0,    0,    0,    0,    0,    0,    0,    0,    0,    0,    0,    0,    0,    0,   -9,    0,    0,    0,    0,    0,    0,    0,    0,    0,    0,    0,    0,    0,    0,    0,    0,    0,    0,   -6,    0,    0,    0,    0,    0,    0,    0,    0,    0,    0,    0,    0,    0,    0,    0,    0,    0,    0,    0,    0,    0,    0,    0,    0,    0,    0,    0,    0,    0,    0,    0,    0,    0,    0,    0,    0,    0,    0,    0,    0,    0,    0,    0,    0,    0,    0,    0,    0,    0,    0,    0,    0,    0,    0,    0,    0,    0,    0,    0,    0,    0,    0,    0,    0,    0,    0,    0,    0,    0,    0,    0,    0,    0,    0,    0,    0,    0,    0,    0,   -5,    0,    0,    0,    0,    0,    0,    0,    0,    0,    0,    0,    0,    0,    0,    0,    0,    0,    0,    0,    0,    0,    0,    0,    0,    0,    0,    0,    0,    0,    0,
       0,  -12,    0,   -5,    0,   -7,    0,    5,    0,    0,   -7,    0,    0,    0,    0,    0,    0,    0,    0,    0,    0,    0,    0,    0,    0,    0,    0,    0,    0,    0,    0,    0,    0,    0,    0,    0,    0,    0,    0,    0,    0,    0,    0,    0,    0,    0,    0,    0,    0,    0,    0,    0,    0,    0,    0,    0,    0,    0,    0,    0,    0,    0,    0,    0,    0,    0,    0,    0,    0,    0,    0,    0,    0,    0,    0,    0,    0,    0,    0,    0,    0,    0,    0,    0,    0,    0,    0,    0,    0,    0,    0,    0,    0,    0,    0,    0,    0,    0,    0,    0,    0,    0,    0,    0,    0,    0,    0,   -5,    0,    0,    0,    0,    9,    0,    0,    0,    0,    0,    0,    0,    0,    0,    0,    0,    0,    0,    0,    0,   -4,    0,    0,    0,    0,    0,    0,    0,    0,    0,    0,    0,    0,    0,    0,    0,    0,    0,    0,    0,    0,    0,    0,    0,  -12,   -9,    0,    0,    0,    0,    0,
       0,    0,    0,    0,    0,    0,    5,    0,    0,    0,   -3,    0,    0,    0,    0,    0,    0,    0,    0,    0,    0,    0,    0,    0,    0,    0,    0,    0,    0,   -8,    0,    0,    0,    0,    0,    0,    0,    0,    0,    0,    0,    0,    0,    0,    0,    0,    0,    0,   -6,   -4,    0,    0,    0,    0,    0,    0,    0,    0,    0,    0,    0,    0,    0,    0,    0,    0,    0,    0,    0,    0,    0,    0,    0,    0,    0,    0,    0,    0,    0,    0,    0,    0,    0,    0,    0,    0,    0,    0,    0,    0,    5,    0,    0,    0,    0,    0,    0,    0,    0,   -3,    5,    0,    0,    0,    0,    0,    0,    0,    0,    0,    0,    0,    0,    0,    0,    0,    0,    0,    0,    0,    0,    0,    0,    0,    0,    0,    0,    0,    0,    0,    0,    0,    0,    0,    0,    0,    0,    0,    0,    0,    0,    0,    0,    0,    0,    0,    0,    0,    0,    0,    0,    0,    0,    0,    0,    0,    0,    0,    0,
       0,    0,    0,    0,   -4,   -3,    0,    0,   -4,    0,  -12,    0,    0,    0,    0,    0,    0,    0,    0,    0,    0,    0,    0,    0,    0,    0,    0,    0,    0,  -11,    0,    0,    0,    0,    0,    0,    0,    0,    0,    0,    0,    0,    0,    0,    0,    0,    0,    0,   -6,    0,    0,    0,    0,    0,    0,    0,    0,    0,    0,    0,    0,    0,    0,    0,    0,    0,    0,    0,    0,    0,    0,    0,    0,    0,    0,    0,    0,    0,    0,    0,    0,    0,    0,    0,    0,    0,    0,    0,    0,    0,    0,    0,    0,    0,    0,    0,    0,    0,    0,    0,    0,    0,    0,    0,    0,    0,    0,    0,    0,    0,    0,    0,    0,    0,    0,    0,    0,    0,    0,    0,    0,    0,    0,    0,    0,    0,    0,    0,   -3,    0,    0,    0,    0,    0,    0,    0,    0,    0,    0,    0,    0,    0,    0,    0,    0,    0,    0,    0,    0,    0,    0,    0,    0,    0,    0,    0,    0,    0,    0,
       0,    0,    0,    0,    4,    0,    0,    4,    0,    0,    0,    0,    0,    0,    0,    0,    0,    0,    0,    0,    0,    0,    0,    0,    0,    0,    0,    0,    0,    0,    0,    0,    0,    0,    0,    0,    0,    0,    0,    0,    0,    0,    0,    0,    0,    0,    0,    0,    0,    0,    0,    0,    0,    0,    0,    0,    0,    0,    0,    0,    0,    0,    0,    0,    0,    0,    0,    0,    0,    0,    0,    0,    0,    0,    0,    0,    0,    0,    0,    0,    0,    0,    0,    0,    0,    0,    0,    0,    0,    0,    0,    0,    0,    0,    0,    0,    0,    0,    0,    0,    0,    0,    0,    0,    0,    0,    0,    0,    0,    0,    0,    0,    0,    0,    0,    0,    0,    0,    0,    0,    0,    0,    0,    0,    0,    0,    0,    0,   -5,    0,    0,    0,    0,    0,    0,    0,    0,    0,    0,    0,    0,    0,    0,    0,    0,    0,    0,    0,    0,    0,    0,    0,    0,    0,    0,    0,    0,    0,    0,
       0,    0,    0,   -4,    4,    0,    0,    4,    0,    0,    0,    0,    0,    0,    0,    0,    0,    0,    0,    0,    0,    0,    0,    0,    0,    0,    0,    0,    0,    3,    0,    0,    0,    0,    0,    0,    0,    0,    0,    0,    0,    0,    0,    0,    0,    0,    0,    0,    0,    0,    0,    0,    0,    0,    0,    0,    0,    0,    0,    0,    0,    0,    0,    0,    0,    0,    0,    0,    0,    0,    0,    0,    0,    0,    0,    0,    0,    0,    0,    0,    0,    0,    0,    0,    0,    0,    0,    0,    0,    0,    0,    0,    0,    0,    0,    0,    0,    0,    0,    0,    0,    0,    0,    0,    0,    0,    0,    0,    0,    0,    0,    0,   10,    0,    0,    0,    0,    0,    0,    0,    0,    0,    0,    0,    0,    0,    0,    0,   -5,    0,    0,    0,    0,    0,    0,    0,    0,    0,    0,    0,    0,    0,    0,    0,    0,    0,    0,    0,    0,    0,    0,    0,    0,    0,    0,    0,    0,    0,    0,
       0,  -12,    0,   -4,   -5,   -7,    0,    5,    0,    0,   -7,    0,    0,    0,    0,    0,    0,    0,    0,    0,    0,    0,    0,    0,    0,    0,    0,    0,    0,  -11,    0,    0,    0,    0,    0,    0,    0,    0,    0,    0,    0,    0,    0,    0,    0,    0,    0,    0,   -9,    0,    0,    0,    0,    0,    0,    0,    0,    0,    0,    0,    0,    0,    0,    0,    0,    0,    0,    0,    0,    0,    0,    0,    0,    0,    0,    0,    0,    0,    0,    0,    0,    0,    0,    0,    0,    0,    0,    0,    0,    0,    0,    0,    0,    0,    0,    0,    0,    0,    0,    0,    0,    0,    0,    0,    0,    0,    0,    0,    0,    0,    0,    0,   -3,    0,    0,    0,    0,    0,    0,    0,    0,    0,    0,    0,    0,    0,    0,    0,   -6,    0,    0,    0,    0,    0,    0,    0,    0,    0,    0,    0,    0,    0,    0,    0,    0,    0,    0,    0,    0,    0,    0,    0,  -11,   -9,    0,    0,    0,    0,    0,
       0,    0,    0,    0,   -5,    0,    0,    4,    0,    0,   -5,    0,    0,    0,    0,    0,    0,    0,    0,    0,    0,    0,    0,    0,    0,    0,    0,    0,    0,   -4,    0,    0,    0,    0,    0,    0,    0,    0,    0,    0,    0,    0,    0,    0,    0,    0,    0,    0,   -4,    0,    0,    0,    0,    0,    0,    0,    0,    0,    0,    0,    0,    0,    0,    0,    0,    0,    0,    0,    0,    0,    0,    0,    0,    0,    0,    0,    0,    0,    0,    0,    0,    0,    0,    0,    0,    0,    0,    0,    0,    0,    0,    0,    0,    0,    0,    0,    0,    0,    0,    0,    0,    0,    0,    0,    0,    0,    0,    0,    0,    0,    0,    0,    0,    0,    0,    0,    0,    0,    0,    0,    0,    0,    0,    0,    0,    0,    0,    0,   -5,    0,    0,    0,    0,    0,    0,    0,    0,    0,    0,    0,    0,    0,    0,    0,    0,    0,    0,    0,    0,    0,    0,    0,    0,    0,    0,    0,    0,    0,    0,
       0,  -17,    0,    0,   -9,  -15,    0,    0,    0,    0,   -9,    0,    0,    0,    0,    0,    0,    0,    0,    0,    0,    0,    0,    0,    0,    0,    0,   -5,    0,  -13,    0,    0,    0,    0,    0,    0,    0,    0,    0,    0,    0,    0,    0,    0,    0,    0,    0,    0,   -9,    0,    0,    0,    0,    0,    0,    0,    0,    0,    0,    0,    0,    0,    0,    0,    0,    0,    0,    0,    0,    0,    0,    0,    0,    0,    0,    0,    0,    0,    0,    0,    0,    0,    0,    0,    0,    0,    0,    0,    0,    0,    0,    0,    0,    0,    0,    0,    0,  -11,   -8,    0,    0,   -3,    0,   -7,    0,    0,   -3,   -4,    0,    0,    0,    0,    0,   -4,  -11,    0,    0,    0,    0,   -8,    0,    0,    0,    0,    0,    0,    0,    0,  -15,    0,    0,    0,    0,    0,    0,    0,    0,    0,    0,    0,    0,    0,    0,    0,    0,    0,    0,    0,    0,    0,    0,    0,  -15,  -12,    0,    0,    0,    0,    0,
       4,    7,    0,   -4,    9,    0,  -33,  -17,  -21,    0,   11,   -9,    0,    0,    0,    0,    0,    0,    0,    0,    0,    0,    0,    0,    0,    0,    0,    0,    0,   13,    0,    0,    0,    0,    0,    0,    0,    0,    0,    0,    0,    0,    0,    0,    0,    0,    0,    0,   13,  -20,    0,    0,    0,    0,    0,    0,    0,    0,    0,    0,    0,    0,    0,    0,    0,    0,    0,   11,   -4,    0,  -27,  -17,   10,  -21,  -16,   10,    7,    0,   -4,   -5,    9,    8,    7,    0,   -6,    0,   -4,   -4,  -17,  -17,    0,    0,  -18,   -8,  -17,   -5,  -18,    0,    0,  -20,    0,    0,   -4,    0,    0,    0,  -14,   12,  -15,  -11,    0,    0,    0,   12,    0,    0,   -4,  -17,   12,    0,    0,    4,   -4,  -31,   -6,    0,   -6,    4,    0,    0,    0,    0,    0,    0,    0,    0,    0,    0,    0,    0,    0,    0,    0,    0,    0,    0,    0,    0,    0,    0,    0,    0,   10,   10,    0,    0,    0,    0,    0,
       0,    5,    0,    0,    0,    6,  -18,    0,  -14,    6,    0,    0,    0,    0,    0,    0,    0,    0,    0,    0,    0,    0,    0,    0,    0,    0,    0,    0,    0,   -4,    0,    0,    0,    0,    0,    0,    0,    0,    0,    0,    0,    0,    0,    0,    0,    0,    0,    0,    0,    0,    7,    0,    0,    0,    0,    0,    0,    0,    0,    0,    0,    0,    0,    0,    0,    0,    0,    0,    0,    0,    0,    0,    0,    0,    0,    0,    0,    0,    0,    0,    0,    0,    0,    0,    0,    0,    0,    0,   -7,    0,    9,    6,   -8,    0,    0,    0,    0,   10,   11,    0,   10,    6,    0,   10,    6,    0,    0,    0,    0,    0,    0,    0,    0,    0,   11,   11,    0,    0,    0,   11,    0,    0,    8,    0,    0,    0,    0,    0,    0,    0,    0,    0,    0,    0,    0,    0,    0,    0,    0,    0,    0,    0,    0,    0,    0,    0,    0,    0,    0,    0,    0,    0,    7,   11,    0,    0,    0,    0,    0,
       0,   -6,    0,   -4,    0,   -6,    7,    0,    0,    0,   -6,    0,    0,    0,    0,    0,    0,    0,    0,    0,    0,    0,    0,    0,    0,    0,    0,    0,    0,    0,    0,    0,    0,    0,    0,    0,    0,    0,    0,    0,    0,    0,    0,    0,    0,    0,    0,    0,    0,    0,    0,    0,    0,    0,    0,    0,    0,    0,    0,    0,    0,    0,    0,    0,    0,    0,    0,    0,    0,    0,    0,    0,    0,    0,    0,    0,    0,    0,    0,    0,    0,    0,    0,    0,    0,    0,    0,    0,    0,    0,    4,    0,    4,    0,    0,    0,    0,    0,    0,    0,    4,   -5,    0,    0,    0,    0,    0,    0,    0,    0,    0,    0,   12,    0,    0,    0,    0,    0,    0,    0,    0,    0,    0,    0,    0,    0,    0,    0,    0,    0,    0,    0,    0,    0,    0,    0,    0,    0,    0,    0,    0,    0,    0,    0,    0,    0,    0,    0,    0,    0,    0,    0,   -5,    0,    0,    0,    0,    0,    0,
       0,  -31,    0,   -4,    0,  -24,    7,    0,    0,    0,   -6,    0,    0,    0,    0,    0,    0,    0,    0,    0,    0,    0,    0,    0,    0,    0,    0,   -4,    0,    0,    0,    0,    0,    0,    0,    0,    0,    0,    0,    0,    0,    0,    0,    0,    0,    0,    0,    0,    0,    0,    0,    0,    0,    0,    0,    0,    0,    0,    0,    0,    0,    0,    0,    0,    0,    0,    0,    0,    0,    0,    0,    0,    0,    0,    0,    0,    0,    0,    0,    0,    0,    0,    0,    0,    0,    0,    0,    0,    0,    0,    4,    0,    4,    0,    0,    0,    0,  -14,    0,    0,    4,   -7,    0,  -11,    0,    0,    0,    0,    0,    0,    0,    0,   12,    0,  -10,    0,    0,    0,    0,  -12,    0,    0,   -7,    0,    0,    0,    0,    0,    0,    0,    0,    0,    0,    0,    0,    0,    0,    0,    0,    0,    0,    0,    0,    0,    0,    0,    0,    0,    0,    0,    0,    0,  -27,  -30,    0,    0,    0,    0,    0,
       0,  -11,    0,    0,    0,   -3,    0,   10,    0,    0,   -7,    0,    0,    0,    0,    0,    0,    0,    0,    0,    0,    0,    0,    0,    0,    0,    0,   -4,    0,    0,    0,    0,    0,    0,    0,    0,    0,    0,    0,    0,    0,    0,    0,    0,    0,    0,    0,    0,    0,    0,    0,    0,    0,    0,    0,    0,    0,    0,    0,    0,    0,    0,    0,    0,    0,    0,    0,  -15,    0,   -6,    0,    0,   -5,    0,    0,   -8,    0,    0,    0,    0,   -7,    0,   -5,   -6,    0,    0,    0,    0,    0,    0,   -4,    0,    0,    0,    0,    0,    0,    0,    0,    0,    0,    0,    0,    0,    0,    0,    0,    0,    0,    0,    0,    0,   11,    0,    0,    0,    0,    0,  -18,    0,    0,    0,    0,    0,    0,    0,    0,    0,    0,    0,    0,    0,    0,    0,    0,    0,    0,    0,    0,    0,    0,    0,    0,    0,    0,    0,    0,    0,    0,    0,    0,    0,  -11,   -8,    0,    0,    0,    0,    0,
       0,  -17,    0,    0,    0,  -11,    0,    8,    5,    0,   -8,    0,    0,    0,    0,    0,    0,    0,    0,    0,    0,    0,    0,    0,    0,    0,    0,    0,    0,    0,    0,    0,    0,    0,    0,    0,    0,    0,    0,    0,    0,    0,    0,    0,    0,    0,    0,    0,    0,    0,    0,    0,    0,    0,    0,    0,    0,    0,    0,    0,    0,    0,    0,    0,    0,    0,    0,    0,    0,    0,    0,    0,    0,    0,    0,    0,    0,    0,    0,    0,    0,    0,    0,    0,    0,    0,    0,    0,    0,    0,    0,    0,    0,    0,    0,    0,    0,   -7,    0,    0,    0,    0,    0,   -5,    0,    0,    0,    0,    0,    0,    0,    0,   14,    0,   -5,    0,    0,    0,    0,   -4,    0,    0,    0,    0,    0,    0,    0,    0,    0,    0,    0,    0,    0,    0,    0,    0,    0,    0,    0,    0,    0,    0,    0,    0,    0,    0,    0,    0,    0,    0,    0,    0,  -15,  -15,    0,    0,    0,    0,    0,
       0,    0,    0,  -11,    8,    0,  -21,  -15,  -25,   -7,    6,  -15,    0,    0,    0,    0,    0,    0,    0,    0,    0,    0,    0,    0,    0,    0,    0,    0,    0,    9,    0,    0,    0,    0,    0,    0,    0,    0,    0,    0,    0,    0,    0,    0,    0,    0,    0,   -5,    9,  -21,   -7,    0,    0,    0,    0,    0,    0,    0,    0,    0,    0,    0,    0,    0,    0,    0,    0,    7,  -11,   -4,  -24,  -21,    7,  -23,  -20,    9,    0,   -4,  -11,  -12,    7,    4,    0,   -9,  -11,   -7,   -9,   -9,  -22,  -19,    0,   -6,  -23,  -14,  -19,  -10,  -20,    0,    0,  -21,    0,   -6,   -9,    0,   -6,   -8,  -16,    7,  -18,  -14,    0,    0,    0,    7,    0,    0,  -11,  -19,   10,    0,    0,    0,   -6,  -20,  -11,    0,  -11,    0,    0,    0,    0,    0,    0,    0,    0,    0,    0,    0,    0,    0,    0,    0,    0,    0,    0,    0,    0,    0,    0,    0,    0,    0,    0,    4,    0,    0,    0,    0,    0,
       0,    0,    0,    0,    0,    0,  -11,    0,   -9,    0,    0,    0,    0,    0,    0,    0,    0,    0,    0,    0,    0,    0,    0,    0,    0,    0,    0,    0,    0,   -7,    0,    0,    0,    0,    0,    0,    0,    0,    0,    0,    0,    0,    0,    0,    0,    0,    0,    0,    0,    0,    3,    0,    0,    0,    0,    0,    0,    0,    0,    0,    0,    0,    0,    0,    0,    0,    0,    0,    0,    0,    0,    0,    0,    0,    0,    0,    0,    0,    0,    0,    0,    0,    0,    0,    0,    0,    0,    0,   -8,    0,    6,    0,   -8,    0,    0,    0,    0,    6,    8,    0,    7,    0,    0,    6,    0,    0,    0,    0,    0,    0,    0,    0,    0,    0,    8,    7,    0,    0,    0,    8,    0,    0,    4,    0,    0,    0,    0,    0,    0,    0,    0,    0,    0,    0,    0,    0,    0,    0,    0,    0,    0,    0,    0,    0,    0,    0,    0,    0,    0,    0,    0,    0,    0,    7,    0,    0,    0,    0,    0,
       0,  -20,    0,   -5,   -4,   -9,    4,    5,    0,    0,  -10,    0,    0,    0,    0,    0,    0,    0,    0,    0,    0,    0,    0,    0,    0,    0,    0,   -5,    0,  -14,    0,    0,    0,    0,    0,    0,    0,    0,    0,    0,    0,    0,    0,    0,    0,    0,    0,    0,  -10,    0,    0,    0,    0,    0,    0,    0,    0,    0,    0,    0,    0,    0,    0,    0,    0,    0,    0,  -21,    0,    0,    0,    0,    0,    0,    0,    0,    0,    0,    0,    0,    0,   -6,    0,    0,    0,    0,    0,    0,    0,    0,    0,    0,    0,    0,    0,    0,    0,    0,    0,    0,    0,    0,    0,    0,    0,    0,    0,    0,    0,    0,    0,    0,    0,    0,    0,    0,    0,    0,  -23,    0,    0,   -4,    0,    5,    0,    0,    0,    0,    0,    0,    0,    0,    0,    0,    0,    0,    0,    0,    0,    0,    0,    0,    0,    0,    0,    0,    0,    0,    0,    0,    0,    0,  -20,  -17,    0,    0,    0,    0,    0,
       0,  -11,    0,   -4,   -5,   -7,    0,    5,    0,    0,   -7,    0,    0,    0,    0,    0,    0,    0,    0,    0,    0,    0,    0,    0,    0,    0,    0,    0,    0,  -11,    0,    0,    0,    0,    0,    0,    0,    0,    0,    0,    0,    0,    0,    0,    0,    0,    0,    0,   -9,    0,    0,    0,    0,    0,    0,    0,    0,    0,    0,    0,    0,    0,    0,    0,    0,    0,    0,    0,    0,    0,    0,    0,    0,    0,    0,    0,    0,    0,    0,    0,    0,    0,    0,    0,    0,    0,    0,    0,    0,    0,    0,    0,    0,    0,    0,    0,    0,    0,    0,    0,    0,    0,    0,    0,    0,    0,    0,    0,    0,    0,    0,    0,   -3,    0,    0,    0,    0,    0,    0,    0,    0,    0,    0,    0,    0,    0,    0,    0,   -6,    0,    0,    0,    0,    0,    0,    0,    0,    0,    0,    0,    0,    0,    0,    0,    0,    0,    0,    0,    0,    0,    0,    0,   -9,   -6,    0,    0,    0,    0,    0,
       0,    0,    0,    0,   -7,    0,    0,    4,   -6,    0,   -5,    0,    0,    0,    0,    0,    0,    0,    0,    0,    0,    0,    0,    0,    0,    0,    0,   -3,    0,   -9,    0,    0,    0,    0,    0,    0,    0,    0,    0,    0,    0,    0,    0,    0,    0,    0,    0,    0,   -6,    0,    0,    0,    0,    0,    0,    0,    0,    0,    0,    0,    0,    0,    0,    0,    0,    0,    0,    0,    0,    0,    0,    0,   -6,    0,    0,    0,    0,    0,    0,    0,    0,    0,   -5,   -5,    0,    0,    0,    0,    0,    0,    0,    0,    0,    0,    0,    0,    0,    0,    0,    0,    0,    0,    0,    0,    0,    0,    0,    0,    0,    0,    0,    0,    0,    0,    0,    0,    0,    0,   -9,    0,    0,    0,    0,    0,    0,    0,    0,    0,    0,    0,    0,    0,    0,    0,    0,    0,    0,    0,    0,    0,    0,    0,    0,    0,    0,    0,    0,    0,    0,    0,    0,    0,    0,    0,    0,    0,    0,    0,    0,
       0,    0,    0,   -6,    0,  -12,    0,    0,    0,    0,    0,    0,    0,    0,    0,    0,    0,    0,    0,    0,    0,    0,    0,    0,    0,    0,    0,   -6,    0,    0,    0,    0,    0,    0,    0,    0,    0,    0,    0,    0,    0,    0,    0,    0,    0,    0,    0,    0,    0,    0,    0,    0,    0,    0,    0,    0,    0,    0,    0,    0,    0,    0,    0,    0,    0,    0,    0,    0,   -5,    0,    0,    0,    0,    0,    0,    0,    0,    0,   -6,   -8,    0,    0,    0,    0,    0,    0,    0,    0,    0,    0,    0,    0,    0,    0,    0,    0,    0,  -12,    0,    0,    0,   -7,    0,  -10,    0,    0,    0,    0,    0,    0,    0,    0,    5,    0,   -9,    0,   -6,    0,    0,  -12,    0,  -11,   -5,    0,    0,   -5,    0,    0,    0,    0,    0,    0,    0,    0,    0,    0,    0,    0,    0,    0,    0,    0,    0,    0,    0,    0,    0,    0,    0,    0,    0,    0,    0,    0,    0,    0,    0,    0,    0,
       0,    0,    0,   -4,    0,    0,    6,    0,    0,    0,    0,    0,    0,    0,    0,    0,    0,    0,    0,    0,    0,    0,    0,    0,    0,    0,    0,    0,    0,    0,    0,    0,    0,    0,    0,    0,    0,    0,    0,    0,    0,    0,    0,    0,    0,    0,    0,    0,    0,   -3,    0,    0,    0,    0,    0,    0,    0,    0,    0,    0,    0,    0,    0,    0,    0,    0,    0,    0,    0,    0,    0,    0,    0,    0,    0,    0,    0,    0,    0,    0,    0,    0,    0,    0,    0,    0,    0,    0,    0,    0,    4,    0,    4,    0,    0,    0,    0,    3,    5,    0,    4,    0,    0,    3,    0,    0,    0,    0,    0,    0,    0,    0,   12,    0,    5,    0,    0,    0,    0,    4,    0,    0,    0,    0,    0,    0,    0,    0,    0,    0,    0,    0,    0,    0,    0,    0,    0,    0,    0,    0,    0,    0,    0,    0,    0,    0,    0,    0,    0,    0,    0,    0,    0,    4,    0,    0,    0,    0,    0,
       0,    0,    0,    0,    0,    0,    0,    4,    0,    0,   -5,    0,    0,    0,    0,    0,    0,    0,    0,    0,    0,    0,    0,    0,    0,    0,    0,    0,    0,    0,    0,    0,    0,    0,    0,    0,    0,    0,    0,    0,    0,    0,    0,    0,    0,    0,    0,    0,    0,    0,    0,    0,    0,    0,    0,    0,    0,    0,    0,    0,    0,    0,    0,    0,    0,    0,    0,    0,    0,    0,    0,    0,    0,    0,    0,    0,    0,    0,    0,    0,    0,    0,    0,    0,    0,    0,    0,    0,    0,    0,    0,    0,    0,    0,    0,    0,    0,    0,    0,    0,    0,    0,    0,    0,    0,    0,    0,    0,    0,    0,    0,    0,    8,    0,    0,    0,    0,    0,    0,    0,    0,    0,    0,    0,    0,    0,    0,    0,   -5,    0,    0,    0,    0,    0,    0,    0,    0,    0,    0,    0,    0,    0,    0,    0,    0,    0,    0,    0,    0,    0,    0,    0,    0,    0,    0,    0,    0,    0,    0,
       0,    0,    0,    0,    0,    0,    8,    0,    0,    0,    0,    0,    0,    0,    0,    0,    0,    0,    0,    0,    0,    0,    0,    0,    0,    0,    0,    0,    0,    0,    0,    0,    0,    0,    0,    0,    0,    0,    0,    0,    0,    0,    0,    0,    0,    0,    0,    0,    0,    0,    0,    0,    0,    0,    0,    0,    0,    0,    0,    0,    0,    0,    0,    0,    0,    0,    0,    0,    0,    0,    4,    0,    0,    4,    0,    4,    0,    0,    0,   -6,    4,    0,    0,    0,    0,    0,    0,    0,    0,    0,    0,    0,    0,    0,    0,    0,    0,    0,    0,    0,    0,    0,    0,    0,    0,    0,    0,    0,    0,    0,    0,    0,    0,    0,    0,    0,    0,    0,    0,    0,    0,    0,    0,    9,    0,    0,    0,    0,    0,    0,    0,    0,    0,    0,    0,    0,    0,    0,    0,    0,    0,    0,    0,    0,    0,    0,    0,    0,    0,    0,    0,    0,    0,    0,    0,    0,    0,    0,    0,
       0,   -8,    0,    0,   -6,   -4,    0,    8,    0,    0,   -6,    0,    0,    0,    0,    0,    0,    0,    0,    0,    0,    0,    0,    0,    0,    0,    0,    0,    0,   -9,    0,    0,    0,    0,    0,    0,    0,    0,    0,    0,    0,    0,    0,    0,    0,    0,    0,    0,   -6,    0,    0,    0,    0,    0,    0,    0,    0,    0,    0,    0,    0,    0,    0,    0,    0,    0,    0,    0,    0,    0,    0,    0,    0,    0,    0,    0,    0,    0,    0,    0,    0,    0,    0,    0,    0,    0,    0,    0,    0,    0,    0,    0,    0,    0,    0,    0,    0,    0,    0,    0,    0,    0,    0,    0,    0,    0,    0,    0,    0,    0,    0,    0,    0,    0,    0,    0,    0,    0,    0,    0,    0,    0,    0,    0,    0,    0,    0,    0,   -3,    0,    0,    0,    0,    0,    0,    0,    0,    0,    0,    0,    0,    0,    0,    0,    0,    0,    0,    0,    0,    0,    0,    0,   -6,   -6,    0,    0,    0,    0,    0,
       0,    0,    0,    0,   -7,    0,   -5,    7,  -11,    0,   -5,    0,    0,    0,    0,    0,    0,    0,    0,    0,    0,    0,    0,    0,    0,    0,    0,    0,    0,   -9,    0,    0,    0,    0,    0,    0,    0,    0,    0,    0,    0,    0,    0,    0,    0,    0,    0,    0,   -7,    0,    0,    0,    0,    0,    0,    0,    0,    0,    0,    0,    0,    0,    0,    0,    0,    0,    0,    0,    0,    0,   -6,    0,   -7,   -6,    0,  -10,   -6,    0,    0,    0,   -9,    0,   -8,   -5,    0,    0,    0,    0,    0,    0,    0,    0,    0,    0,    0,    0,    0,    0,    0,    0,    0,    0,    0,    0,    0,    0,    0,    0,    0,    0,    0,    0,    0,    0,    0,    0,    0,    0,  -10,    0,    0,    0,    0,   -6,    0,    0,    0,   -7,    0,    0,    0,    0,    0,    0,    0,    0,    0,    0,    0,    0,    0,    0,    0,    0,    0,    0,    0,    0,    0,    0,    0,    0,    0,    0,    0,    0,    0,    0,    0,
       0,    0,    0,    0,    0,   -5,    0,    6,   -5,    0,    0,    0,    0,    0,    0,    0,    0,    0,    0,    0,    0,    0,    0,    0,    0,    0,    0,    0,    0,    0,    0,    0,    0,    0,    0,    0,    0,    0,    0,    0,    0,    0,    0,    0,    0,    0,    0,    0,    0,    0,    0,    0,    0,    0,    0,    0,    0,    0,    0,    0,    0,    0,    0,    0,    0,    0,    0,    0,    0,   -4,    0,    0,    0,    0,    0,    0,    0,    0,    0,    0,    0,    0,    0,   -6,    0,    0,    0,    0,    0,    0,   -5,    0,    0,    0,    0,    0,    0,   -6,   -5,    0,   -4,    0,    0,   -6,    0,    0,    0,    0,    0,    0,    0,    0,    0,    0,   -3,    0,    0,    0,    0,   -6,    0,    0,    0,    0,    0,    0,    0,    0,  -12,    0,    0,    0,    0,    0,    0,    0,    0,    0,    0,    0,    0,    0,    0,    0,    0,    0,    0,    0,    0,    0,    0,    0,    0,    0,    0,    0,    0,    0,    0,
       0,    0,    0,   -4,    0,    0,    6,    0,    0,    0,   -5,    0,    0,    0,    0,    0,    0,    0,    0,    0,    0,    0,    0,    0,    0,    0,    0,    0,    0,    0,    0,    0,    0,    0,    0,    0,    0,    0,    0,    0,    0,    0,    0,    0,    0,    0,    0,   -4,    0,   -5,    0,    0,    0,    0,    0,    0,    0,    0,    0,    0,    0,    0,    0,    0,    0,    0,    0,    0,    0,    0,    0,    0,    0,    0,    0,    0,    0,    0,    0,    0,    0,    0,    0,    0,    0,    0,    0,    0,    0,    0,    4,    0,    0,    0,    0,    0,    0,    0,    0,   -4,    4,    0,    0,    0,    0,    0,    0,    0,    0,    0,    0,    0,   13,    0,    0,    0,    0,    0,    0,    0,    0,    0,    0,    0,    0,    0,    0,    0,    0,    0,    0,    0,    0,    0,    0,    0,    0,    0,    0,    0,    0,    0,    0,    0,    0,    0,    0,    0,    0,    0,    0,    0,    0,    0,    0,    0,    0,    0,    0,
       0,    0,    0,    0,    0,    0,    0,    0,    0,    0,    0,    0,    0,    0,    0,    0,    0,    0,    0,    0,    0,    0,    0,    0,    0,    0,    0,    0,    0,    0,    0,    0,    0,    0,    0,    0,    0,    0,    0,    0,    0,    0,    0,    0,    0,    0,    0,    0,    0,    0,    0,    0,    0,    0,    0,    0,    0,    0,    0,    0,    0,    0,    0,    0,    0,    0,    0,    0,    0,    0,    0,    0,    0,    0,    0,    0,    0,    0,    0,    0,    0,    0,    0,    0,    0,    0,    0,    0,    0,    0,    0,    0,    0,    0,    0,    0,    0,    0,    0,    0,    0,    0,    0,    0,    0,    0,    0,    0,    0,    0,    0,    0,    0,    0,    0,    0,    0,    0,    0,    0,    0,    0,    0,    0,    0,    0,    0,    0,    0,    0,    0,    0,    0,    0,    0,    0,    0,   -7,    0,   -4,   -1,    0,    0,    0,    0,    0,   -7,    0,   -3,    0,   -7,    0,    0,    0,    0,    0,    0,    0,    0,
       0,    0,    0,    0,    0,    0,    0,    0,    0,    0,    0,    0,    0,    0,    0,    0,    0,    0,    0,    0,    0,    0,    0,    0,    0,    0,    0,    0,    0,    0,    0,    0,    0,    0,    0,    0,    0,    0,    0,    0,    0,    0,    0,    0,    0,    0,    0,    0,    0,    0,    0,    0,    0,    0,    0,    0,    0,    0,    0,    0,    0,    0,    0,    0,    0,    0,    0,    0,    0,    0,    0,    0,    0,    0,    0,    0,    0,    0,    0,    0,    0,    0,    0,    0,    0,    0,    0,    0,    0,    0,    0,    0,    0,    0,    0,    0,    0,    0,    0,    0,    0,    0,    0,    0,    0,    0,    0,    0,    0,    0,    0,    0,    0,    0,    0,    0,    0,    0,    0,    0,    0,    0,    0,    0,    0,    0,    0,    0,    0,    0,    0,    0,   -2,    0,    0,    0,    0,    0,   -2,    0,    0,    0,    0,   -8,    0,    0,   -8,    0,    0,   -3,    0,    0,    0,    0,    0,    0,    0,    0,    0,
       0,    0,    0,    0,    0,    0,    0,    0,    0,    0,    0,    0,    0,    0,    0,    0,    0,    0,    0,    0,    0,    0,    0,    0,    0,    0,    0,    0,    0,    0,    0,    0,    0,    0,    0,    0,    0,    0,    0,    0,    0,    0,    0,    0,    0,    0,    0,    0,    0,    0,    0,    0,    0,    0,    0,    0,    0,    0,    0,    0,    0,    0,    0,    0,    0,    0,    0,    0,    0,    0,    0,    0,    0,    0,    0,    0,    0,    0,    0,    0,    0,    0,    0,    0,    0,    0,    0,    0,    0,    0,    0,    0,    0,    0,    0,    0,    0,    0,    0,    0,    0,    0,    0,    0,    0,    0,    0,    0,    0,    0,    0,    0,    0,    0,    0,    0,    0,    0,    0,    0,    0,    0,    0,    0,    0,    0,    0,    0,    0,    0,    3,    0,    0,    0,    0,    0,   -2,   -8,    0,   -2,   -4,    0,   -5,    0,    0,    0,   -3,    0,    0,    0,    0,    0,    0,    0,    0,    0,    0,    0,    0,
       0,    0,    0,    0,    0,    0,    0,    0,    0,    0,    0,    0,    0,    0,    0,    0,    0,    0,    0,    0,    0,    0,    0,    0,    0,    0,    0,    0,    0,    0,    0,    0,    0,    0,    0,    0,    0,    0,    0,    0,    0,    0,    0,    0,    0,    0,    0,    0,    0,    0,    0,    0,    0,    0,    0,    0,    0,    0,    0,    0,    0,    0,    0,    0,    0,    0,    0,    0,    0,    0,    0,    0,    0,    0,    0,    0,    0,    0,    0,    0,    0,    0,    0,    0,    0,    0,    0,    0,    0,    0,    0,    0,    0,    0,    0,    0,    0,    0,    0,    0,    0,    0,    0,    0,    0,    0,    0,    0,    0,    0,    0,    0,    0,    0,    0,    0,    0,    0,    0,    0,    0,    0,    0,    0,    0,    0,    0,    0,    0,    0,  -13,    0,    0,   -7,    0,    0,   -2,    0,  -17,  -11,    0,   -3,   -2,   -8,    0,  -17,  -11,    0,    0,  -11,    0,    0,    0,    0,    0,    0,    0,    0,    0,
       0,    0,    0,    0,    0,    0,    0,    0,    0,    0,    0,    0,    0,    0,    0,    0,    0,    0,    0,    0,    0,    0,    0,    0,    0,    0,    0,    0,    0,    0,    0,    0,    0,    0,    0,    0,    0,    0,    0,    0,    0,    0,    0,    0,    0,    0,    0,    0,    0,    0,    0,    0,    0,    0,    0,    0,    0,    0,    0,    0,    0,    0,    0,    0,    0,    0,    0,    0,    0,    0,    0,    0,    0,    0,    0,    0,    0,    0,    0,    0,    0,    0,    0,    0,    0,    0,    0,    0,    0,    0,    0,    0,    0,    0,    0,    0,    0,    0,    0,    0,    0,    0,    0,    0,    0,    0,    0,    0,    0,    0,    0,    0,    0,    0,    0,    0,    0,    0,    0,    0,    0,    0,    0,    0,    0,    0,    0,    0,    0,    0,   -4,    0,    0,    0,    0,    0,   -4,    0,    0,    0,    0,   -3,    0,   -5,    0,    0,   -7,    0,    0,   -7,    0,    0,    0,    0,    0,    0,    0,    0,    0,
       0,    0,    0,    0,    0,    0,    0,    0,    0,    0,    0,    0,    0,    0,    0,    0,    0,    0,    0,    0,    0,    0,    0,    0,    0,    0,    0,    0,    0,    0,    0,    0,    0,    0,    0,    0,    0,    0,    0,    0,    0,    0,    0,    0,    0,    0,    0,    0,    0,    0,    0,    0,    0,    0,    0,    0,    0,    0,    0,    0,    0,    0,    0,    0,    0,    0,    0,    0,    0,    0,    0,    0,    0,    0,    0,    0,    0,    0,    0,    0,    0,    0,    0,    0,    0,    0,    0,    0,    0,    0,    0,    0,    0,    0,    0,    0,    0,    0,    0,    0,    0,    0,    0,    0,    0,    0,    0,    0,    0,    0,    0,    0,    0,    0,    0,    0,    0,    0,    0,    0,    0,    0,    0,    0,    0,    0,    0,    0,    0,    0,   -2,    0,    0,    0,    0,    0,    0,    0,    0,    0,    0,    0,    0,    0,    0,    0,    0,    0,    0,    0,    0,    0,    0,    0,    0,    0,    0,    0,    0,
       0,    0,    0,    0,    0,    0,    0,    0,    0,    0,    0,    0,    0,    0,    0,    0,    0,    0,    0,    0,    0,    0,    0,    0,    0,    0,    0,    0,    0,    0,    0,    0,    0,    0,    0,    0,    0,    0,    0,    0,    0,    0,    0,    0,    0,    0,    0,    0,    0,    0,    0,    0,    0,    0,    0,    0,    0,    0,    0,    0,    0,    0,    0,    0,    0,    0,    0,    0,    0,    0,    0,    0,    0,    0,    0,    0,    0,    0,    0,    0,    0,    0,    0,    0,    0,    0,    0,    0,    0,    0,    0,    0,    0,    0,    0,    0,    0,    0,    0,    0,    0,    0,    0,    0,    0,    0,    0,    0,    0,    0,    0,    0,    0,    0,    0,    0,    0,    0,    0,    0,    0,    0,    0,    0,    0,    0,    0,    0,    0,    0,    0,    0,   -2,    0,    0,    0,   -7,    0,  -12,   -1,    0,    0,    0,    0,    0,   -7,   -5,   -2,   -2,   -2,    0,    0,    0,    0,    0,    0,    0,    0,    0,
       0,    0,    0,    0,    0,    0,    0,    0,    0,    0,    0,    0,    0,    0,    0,    0,    0,    0,    0,    0,    0,    0,    0,    0,    0,    0,    0,    0,    0,    0,    0,    0,    0,    0,    0,    0,    0,    0,    0,    0,    0,    0,    0,    0,    0,    0,    0,    0,    0,    0,    0,    0,    0,    0,    0,    0,    0,    0,    0,    0,    0,    0,    0,    0,    0,    0,    0,    0,    0,    0,    0,    0,    0,    0,    0,    0,    0,    0,    0,    0,    0,    0,    0,    0,    0,    0,    0,    0,    0,    0,    0,    0,    0,    0,    0,    0,    0,    0,    0,    0,    0,    0,    0,    0,    0,    0,    0,    0,    0,    0,    0,    0,    0,    0,    0,    0,    0,    0,    0,    0,    0,    0,    0,    0,    0,    0,    0,    0,    0,    0,  -20,    0,    0,   -7,    0,   -5,   -5,    0,    0,   -5,    0,  -10,   -5,   -5,    0,    0,   -7,    0,    0,   -7,    0,   -7,    0,    0,    0,    0,    0,    0,    0,
       0,    0,    0,    0,    0,    0,    0,    0,    0,    0,    0,    0,    0,    0,    0,    0,    0,    0,    0,    0,    0,    0,    0,    0,    0,    0,    0,    0,    0,    0,    0,    0,    0,    0,    0,    0,    0,    0,    0,    0,    0,    0,    0,    0,    0,    0,    0,    0,    0,    0,    0,    0,    0,    0,    0,    0,    0,    0,    0,    0,    0,    0,    0,    0,    0,    0,    0,    0,    0,    0,    0,    0,    0,    0,    0,    0,    0,    0,    0,    0,    0,    0,    0,    0,    0,    0,    0,    0,    0,    0,    0,    0,    0,    0,    0,    0,    0,    0,    0,    0,    0,    0,    0,    0,    0,    0,    0,    0,    0,    0,    0,    0,    0,    0,    0,    0,    0,    0,    0,    0,    0,    0,    0,    0,    0,    0,    0,    0,    0,    0,    0,    0,    0,    0,    0,    0,   -2,    0,    0,   -2,    0,    0,   -4,   -4,    0,   -7,   -7,    0,    0,    0,    0,    0,    0,    0,    0,    0,    0,    0,    0,
       0,    0,    0,    0,    0,    0,    0,    0,    0,    0,    0,    0,    0,    0,    0,    0,    0,    0,    0,    0,    0,    0,    0,    0,    0,    0,    0,    0,    0,    0,    0,    0,    0,    0,    0,    0,    0,    0,    0,    0,    0,    0,    0,    0,    0,    0,    0,    0,    0,    0,    0,    0,    0,    0,    0,    0,    0,    0,    0,    0,    0,    0,    0,    0,    0,    0,    0,    0,    0,    0,    0,    0,    0,    0,    0,    0,    0,    0,    0,    0,    0,    0,    0,    0,    0,    0,    0,    0,    0,    0,    0,    0,    0,    0,    0,    0,    0,    0,    0,    0,    0,    0,    0,    0,    0,    0,    0,    0,    0,    0,    0,    0,    0,    0,    0,    0,    0,    0,    0,    0,    0,    0,    0,    0,    0,    0,    0,    0,    0,    0,  -13,   -2,    0,    0,    0,    0,   -2,    0,  -10,   -7,    0,    0,    0,   -2,    0,  -15,   -4,    0,    0,    0,    3,   -1,    0,    0,    0,    0,    0,    0,    0,
       0,    0,    0,    0,    0,    0,    0,    0,    0,    0,    0,    0,    0,    0,    0,    0,    0,    0,    0,    0,    0,    0,    0,    0,    0,    0,    0,    0,    0,    0,    0,    0,    0,    0,    0,    0,    0,    0,    0,    0,    0,    0,    0,    0,    0,    0,    0,    0,    0,    0,    0,    0,    0,    0,    0,    0,    0,    0,    0,    0,    0,    0,    0,    0,    0,    0,    0,    0,    0,    0,    0,    0,    0,    0,    0,    0,    0,    0,    0,    0,    0,    0,    0,    0,    0,    0,    0,    0,    0,    0,    0,    0,    0,    0,    0,    0,    0,    0,    0,    0,    0,    0,    0,    0,    0,    0,    0,    0,    0,    0,    0,    0,    0,    0,    0,    0,    0,    0,    0,    0,    0,    0,    0,    0,    0,    0,    0,    0,    0,    0,    0,    0,    0,    0,    0,    0,    0,    0,    0,   -7,    0,   -2,   -7,   -8,    0,    0,   -9,    0,    0,    0,    0,    0,    0,    0,    0,    0,    0,    0,    0,
       0,    0,    0,    0,    0,    0,    0,    0,    0,    0,    0,    0,    0,    0,    0,    0,    0,    0,    0,    0,    0,    0,    0,    0,    0,    0,    0,    0,    0,    0,    0,    0,    0,    0,    0,    0,    0,    0,    0,    0,    0,    0,    0,    0,    0,    0,    0,    0,    0,    0,    0,    0,    0,    0,    0,    0,    0,    0,    0,    0,    0,    0,    0,    0,    0,    0,    0,    0,    0,    0,    0,    0,    0,    0,    0,    0,    0,    0,    0,    0,    0,    0,    0,    0,    0,    0,    0,    0,    0,    0,    0,    0,    0,    0,    0,    0,    0,    0,    0,    0,    0,    0,    0,    0,    0,    0,    0,    0,    0,    0,    0,    0,    0,    0,    0,    0,    0,    0,    0,    0,    0,    0,    0,    0,    0,    0,    0,    0,    0,    0,    0,    0,    0,    0,    0,    0,   -4,   -6,    0,   -3,    0,    0,    0,    0,    0,    0,    0,    0,    0,    0,    0,    0,    0,    0,    0,    0,    0,    0,    0,
       0,    0,    0,    0,    0,    0,    0,    0,    0,    0,    0,    0,    0,    0,    0,    0,    0,    0,    0,    0,    0,    0,    0,    0,    0,    0,    0,    0,    0,    0,    0,    0,    0,    0,    0,    0,    0,    0,    0,    0,    0,    0,    0,    0,    0,    0,    0,    0,    0,    0,    0,    0,    0,    0,    0,    0,    0,    0,    0,    0,    0,    0,    0,    0,    0,    0,    0,    0,    0,    0,    0,    0,    0,    0,    0,    0,    0,    0,    0,    0,    0,    0,    0,    0,    0,    0,    0,    0,    0,    0,    0,    0,    0,    0,    0,    0,    0,    0,    0,    0,    0,    0,    0,    0,    0,    0,    0,    0,    0,    0,    0,    0,    0,    0,    0,    0,    0,    0,    0,    0,    0,    0,    0,    0,    0,    0,    0,    0,    0,    0,    0,    0,    0,    0,    0,    0,   -2,    0,  -10,    0,   -2,    0,    0,   -2,    0,   -4,   -2,    0,    0,   -7,    0,    0,    0,    0,    0,    0,    0,    0,    0,
       0,    0,    0,    0,    0,    0,    0,    0,    0,    0,    0,    0,    0,    0,    0,    0,    0,    0,    0,    0,    0,    0,    0,    0,    0,    0,    0,    0,    0,    0,    0,    0,    0,    0,    0,    0,    0,    0,    0,    0,    0,    0,    0,    0,    0,    0,    0,    0,    0,    0,    0,    0,    0,    0,    0,    0,    0,    0,    0,    0,    0,    0,    0,    0,    0,    0,    0,    0,    0,    0,    0,    0,    0,    0,    0,    0,    0,    0,    0,    0,    0,    0,    0,    0,    0,    0,    0,    0,    0,    0,    0,    0,    0,    0,    0,    0,    0,    0,    0,    0,    0,    0,    0,    0,    0,    0,    0,    0,    0,    0,    0,    0,    0,    0,    0,    0,    0,    0,    0,    0,    0,    0,    0,    0,    0,    0,    0,    0,    0,    0,    0,    0,    0,    0,    0,    0,   -5,    0,    0,    0,    0,    0,    0,   -3,    0,    0,    0,    0,    0,    0,    0,    0,    0,    0,    0,    0,    0,    0,    0,
       0,    0,    0,    0,    0,    0,    0,    0,    0,    0,    0,    0,    0,    0,    0,    0,    0,    0,    0,    0,    0,    0,    0,    0,    0,    0,    0,    0,    0,    0,    0,    0,    0,    0,    0,    0,    0,    0,    0,    0,    0,    0,    0,    0,    0,    0,    0,    0,    0,    0,    0,    0,    0,    0,    0,    0,    0,    0,    0,    0,    0,    0,    0,    0,    0,    0,    0,    0,    0,    0,    0,    0,    0,    0,    0,    0,    0,    0,    0,    0,    0,    0,    0,    0,    0,    0,    0,    0,    0,    0,    0,    0,    0,    0,    0,    0,    0,    0,    0,    0,    0,    0,    0,    0,    0,    0,    0,    0,    0,    0,    0,    0,    0,    0,    0,    0,    0,    0,    0,    0,    0,    0,    0,    0,    0,    0,    0,    0,    0,    0,    0,    0,    0,    0,    0,    0,    0,    0,   -5,   -7,   -5,    0,    0,   -5,    0,  -12,   -2,    0,    0,    0,   -5,    0,    0,    0,    0,    0,    0,    0,    0,
       0,    0,    0,    0,    0,    0,    0,    0,    0,    0,    0,    0,    0,    0,    0,    0,    0,    0,    0,    0,    0,    0,    0,    0,    0,    0,    0,    0,    0,    0,    0,    0,    0,    0,    0,    0,    0,    0,    0,    0,    0,    0,    0,    0,    0,    0,    0,    0,    0,    0,    0,    0,    0,    0,    0,    0,    0,    0,    0,    0,    0,    0,    0,    0,    0,    0,    0,    0,    0,    0,    0,    0,    0,    0,    0,    0,    0,    0,    0,    0,    0,    0,    0,    0,    0,    0,    0,    0,    0,    0,    0,    0,    0,    0,    0,    0,    0,    0,    0,    0,    0,    0,    0,    0,    0,    0,    0,    0,    0,    0,    0,    0,    0,    0,    0,    0,    0,    0,    0,    0,    0,    0,    0,    0,    0,    0,    0,    0,    0,   -2,   -3,    0,   -2,    0,    0,    0,    0,   -7,    0,    0,    0,   -3,    0,   -8,    0,    0,   -7,    0,    0,    0,    0,    0,    0,    0,    0,    0,    0,    0,    0,
       0,    0,    0,    0,    0,    0,    0,    0,    0,    0,    0,    0,    0,    0,    0,    0,    0,    0,    0,    0,    0,    0,    0,    0,    0,    0,    0,    0,    0,    0,    0,    0,    0,    0,    0,    0,    0,    0,    0,    0,    0,    0,    0,    0,    0,    0,    0,    0,    0,    0,    0,    0,    0,    0,    0,    0,    0,    0,    0,    0,    0,    0,    0,    0,    0,    0,    0,    0,    0,    0,    0,    0,    0,    0,    0,    0,    0,    0,    0,    0,    0,    0,    0,    0,    0,    0,    0,    0,    0,    0,    0,    0,    0,    0,    0,    0,    0,    0,    0,    0,    0,    0,    0,    0,    0,    0,    0,    0,    0,    0,    0,    0,    0,    0,    0,    0,    0,    0,    0,    0,    0,    0,    0,    0,    0,    0,    0,    0,    0,    0,  -13,    0,    0,    0,    0,    0,   -7,    0,  -10,   -2,    0,    0,   -5,   -7,    0,  -10,   -7,    0,    0,   -7,    0,   -8,    0,    0,    0,    0,    0,    0,    0,
       0,    0,    0,    0,    0,    0,    0,    0,    0,    0,    0,    0,    0,    0,    0,    0,    0,    0,    0,    0,    0,    0,    0,    0,    0,    0,    0,    0,    0,    0,    0,    0,    0,    0,    0,    0,    0,    0,    0,    0,    0,    0,    0,    0,    0,    0,    0,    0,    0,    0,    0,    0,    0,    0,    0,    0,    0,    0,    0,    0,    0,    0,    0,    0,    0,    0,    0,    0,    0,    0,    0,    0,    0,    0,    0,    0,    0,    0,    0,    0,    0,    0,    0,    0,    0,    0,    0,    0,    0,    0,    0,    0,    0,    0,    0,    0,    0,    0,    0,    0,    0,    0,    0,    0,    0,    0,    0,    0,    0,    0,    0,    0,    0,    0,    0,    0,    0,    0,    0,    0,    0,    0,    0,    0,    0,    0,    0,    0,    0,    0,   -9,    0,    0,    0,    0,    0,   -2,    0,    0,   -9,    0,   -5,    0,   -7,    0,    0,   -5,    0,    0,   -5,    0,    0,    0,    0,    0,    0,    0,    0,    0,
       0,    0,    0,    0,    0,    0,    0,    0,    0,    0,    0,    0,    0,    0,    0,    0,    0,    0,    0,    0,    0,    0,    0,    0,    0,    0,    0,    0,    0,    0,    0,    0,    0,    0,    0,    0,    0,    0,    0,    0,    0,    0,    0,    0,    0,    0,    0,    0,    0,    0,    0,    0,    0,    0,    0,    0,    0,    0,    0,    0,    0,    0,    0,    0,    0,    0,    0,    0,    0,    0,    0,    0,    0,    0,    0,    0,    0,    0,    0,    0,    0,    0,    0,    0,    0,    0,    0,    0,    0,    0,    0,    0,    0,    0,    0,    0,    0,    0,    0,    0,    0,    0,    0,    0,    0,    0,    0,    0,    0,    0,    0,    0,    0,    0,    0,    0,    0,    0,    0,    0,    0,    0,    0,    0,    0,    0,    0,    0,    0,    0,    0,    0,  -16,    0,  -17,    0,    0,   -6,    0,   -2,   -2,    0,  -12,  -13,  -13,    0,   -3,    0,    0,    0,   -7,    0,    0,    0,    0,    0,    0,    0,    0,
       0,    0,    0,    0,    0,    0,    0,    0,    0,    0,    0,    0,  -27,    0,  -10,  -10,  -32,   -7,  -10,    5,    6,    6,    9,   11,    5,    9,    7,    0,    0,    0,   -9,    0,  -11,  -14,    0,    0,    0,    0,    0,   -7,    0,    0,    4,    4,    0,    4,    0,    0,    0,    0,    0,  -65,    0,   -9,    0,    0,    0,  -23,    0,    0,    0,    0,    0,    0,    0,    0,    0,    6,    0,    5,  -32,  -20,    0,  -27,  -18,    4,    0,   -7,  -10,   -4,    5,    5,    0,    0,   -9,    0,    0,    0,  -14,  -11,    0,    0,  -15,   -5,  -14,    0,  -10,    0,    0,  -18,    0,    0,    0,    0,    0,    0,   -7,    5,   -8,   -7,    0,    0,    0,    5,    0,    0,    0,   -9,    5,    0,    0,    0,    0,  -34,   -5,    0,   -3,    0,    0,    0,    0,    0,    0,    0,    0,    0,    0,    0,    0,    0,    0,    0,    0,    0,    0,    0,    0,    0,    0,    0,    0,    0,    0,    0,    0,    0,    0,    0,    0,
       0,    0,    0,    0,    0,    0,    0,    0,    0,    0,    0,    0,  -33,    0,  -12,  -12,  -35,    0,  -12,   -7,    6,    4,    9,   10,    5,    7,    6,    0,    0,    0,  -21,   -3,  -24,  -24,   -6,   -3,   -3,    0,  -14,  -26,    0,  -11,   -3,   -3,    0,   -3,  -11,    0,    0,    0,    0,  -43,   -7,  -21,   -3,   -3,   -3,  -24,   -3,   -3,   -3,    0,    0,    0,    0,    0,    0,    6,   -6,   -7,  -35,  -22,    0,  -33,  -21,    0,    0,    0,  -12,   -8,    5,    0,    0,   -4,  -21,    0,   -7,   -7,  -19,  -16,    0,   -5,  -21,  -10,  -24,   -8,  -16,    0,    0,  -23,    0,    0,   -7,    0,   -5,   -6,  -13,    0,  -15,  -26,    0,    0,    0,    0,    0,    0,   -6,  -16,    4,    0,    0,    0,   -4,  -36,  -10,   -4,   -9,    0,   -6,    0,    0,    0,    0,    0,    0,    0,    0,    0,    0,    0,    0,    0,    0,    0,    0,    0,    0,    0,    0,    0,    0,    0,    0,    0,    0,    0,    0,    0,    0,
       0,    0,    0,    0,    0,    0,    0,    0,    0,    0,    0,    0,    7,    0,  -11,  -11,    7,    0,  -11,    3,  -25,   -7,  -42,  -25,    8,  -36,    7,    0,    0,    0,    3,    3,    0,    0,    3,    3,    3,   10,    3,    4,    0,    3,  -14,  -10,    7,  -14,    8,    0,    0,    0,    0,    8,    0,    3,    3,    3,    3,    0,    3,    3,    3,    0,    0,    0,    0,    0,    0,    0,    0,    0,    0,    0,    0,    0,    0,    0,    0,    0,    0,    0,    0,    0,    0,    0,    0,    0,    0,    0,    0,    0,    0,    0,    0,    0,    0,    0,    0,    0,    0,    0,    0,    0,    0,    0,    0,    0,    0,    0,    0,    0,    0,    0,    0,    0,    0,    0,    0,    0,    0,    0,    0,    0,    0,    0,    0,    0,    0,    0,    0,    0,    0,    0,    0,    0,    0,    0,    0,    0,    0,    0,    0,    0,    0,    0,    0,    0,    0,    0,    0,    0,    0,    0,    0,    0,    0,    0,    0,    0,    0,
       0,    0,    0,    0,    0,    0,    0,    0,    0,    0,    0,    0,    0,    0,    0,    0,    0,    0,    0,    0,    0,    0,    0,    0,    0,    0,    0,    0,    0,    0,    0,    0,    0,    0,    0,    0,    0,    0,    0,    0,    0,    0,    0,    0,    0,    0,    0,    0,    0,    0,    0,    0,    0,    0,    0,    0,    0,    0,    0,    0,    0,    0,    0,    0,    0,    0,    0,    0,    0,    0,    0,    0,    0,    0,    0,    0,    0,    0,    0,    0,    0,    0,    0,    0,    0,    0,    0,    0,    0,    0,    0,    0,    0,    0,    0,    0,    0,    0,    0,    0,    0,    0,    0,    0,    0,    0,    0,    0,    0,    0,    0,    0,    0,    0,    0,    0,    0,    0,    0,    0,    0,    0,    0,    0,    0,    0,    0,    0,    0,    0,    0,    0,    0,    0,    0,    0,    0,    0,    0,    0,    0,    0,    0,    0,    0,    0,    0,    0,    0,    0,    0,    0,    0,    0,    0,  -13,   -8,  -10,   17,
};

static const EpdLigaturePair ubuntu_10_boldLigaturePairs[] = {
    { 0x00660066, 0xFB00 }, // f f -> U+FB00
    { 0x00660069, 0xFB01 }, // f i -> U+FB01
    { 0x0066006C, 0xFB02 }, // f l -> U+FB02
    { 0xFB000069, 0xFB03 }, // U+FB00 i -> U+FB03
    { 0xFB00006C, 0xFB04 }, // U+FB00 l -> U+FB04
};

static const EpdFontData ubuntu_10_bold = {
    ubuntu_10_boldBitmaps,
    ubuntu_10_boldGlyphs,
    ubuntu_10_boldIntervals,
    69,
    24,
    20,
    -4,
    true,
    nullptr,
    0,
    nullptr,
    ubuntu_10_boldKernLeftClasses,
    ubuntu_10_boldKernRightClasses,
    ubuntu_10_boldKernMatrix,
    576,
    577,
    173,
    159,
    ubuntu_10_boldLigaturePairs,
    5,
};
