/**
 * generated by fontconvert.py
 * name: ubuntu_10_regular
 * size: 10
 * mode: 2-bit
 * Command used: fontconvert.py ubuntu_10_regular 10 ../builtinFonts/source/Ubuntu/Ubuntu-Regular.ttf ../builtinFonts/source/NotoSansHebrew/NotoSansHebrew-Regular.ttf ../builtinFonts/source/NotoSansArabic/NotoSansArabic-Regular.ttf ../builtinFonts/source/Ubuntu/Ubuntu-Vietnamese-Regular.ttf --2bit --additional-intervals 0x05D0,0x05EA --additional-intervals 0x060C,0x060C --additional-intervals 0x061B,0x061B --additional-intervals 0x061F,0x061F --additional-intervals 0x0621,0x0621 --additional-intervals 0x0640,0x0640 --additional-intervals 0x0660,0x0669 --additional-intervals 0x06BA,0x06BA --additional-intervals 0x06D4,0x06D4 --additional-intervals 0x06F0,0x06F9 --additional-intervals 0xFB56,0xFB59 --additional-intervals 0xFB66,0xFB69 --additional-intervals 0xFB7A,0xFB7D --additional-intervals 0xFB88,0xFB95 --additional-intervals 0xFB9E,0xFB9F --additional-intervals 0xFBA6,0xFBB1 --additional-intervals 0xFBFC,0xFBFF --additional-intervals 0xFE80,0xFEFC
 */
#pragma once
#include "EpdFontData.h"

static const uint8_t ubuntu_10_regularBitmaps[46630] = {
    0x3C, 0x3C, 0x3C, 0x3C, 0x3C, 0x3C, 0x3C, 0x3C, 0x38, 0x38, 0x00, 0x00, 0x3C, 0x7D, 0x3C, 0x78,
    0xF5, 0xE2, 0xC7, 0x4B, 0x1D, 0x2C, 0x30, 0x70, 0x00, 0xE0, 0x3C, 0x01, 0xD0, 0x38, 0x02, 0xC0,
    0x74, 0x02, 0xC0, 0xB0, 0xFF, 0xFF, 0xFF, 0xFF, 0xFF, 0xFF, 0x07, 0x40, 0xE0, 0x07, 0x41, 0xD0,
    0x0B, 0x01, 0xD0, 0xFF, 0xFF, 0xFF, 0xFF, 0xFF, 0xFF, 0x0E, 0x03, 0x80, 0x1D, 0x03, 0x80, 0x2C,
    0x07, 0x40, 0x3C, 0x0B, 0x00, 0x00, 0xF0, 0x00, 0x0F, 0x00, 0x07, 0xFF, 0x42, 0xFF, 0xF8, 0x3D,
    0x01, 0x07, 0x80, 0x00, 0x7C, 0x00, 0x03, 0xF4, 0x00, 0x0F, 0xF4, 0x00, 0x1B, 0xF0, 0x00, 0x0B,
    0xC0, 0x00, 0x3D, 0x00, 0x02, 0xD2, 0x00, 0x7D, 0xBF, 0xFF, 0xC2, 0xFF, 0xD0, 0x00, 0xF0, 0x00,
    0x0F, 0x00, 0x00, 0xF0, 0x00, 0x1F, 0xD0, 0x03, 0xC0, 0x74, 0xB0, 0x0B, 0x00, 0xF0, 0x38, 0x0E,
    0x00, 0xE0, 0x38, 0x3C, 0x00, 0xF0, 0x38, 0x78, 0x00, 0x74, 0xB0, 0xF0, 0x00, 0x1F, 0xD1, 0xE0,
    0x00, 0x00, 0x03, 0xC0, 0x00, 0x00, 0x07, 0x47, 0xF4, 0x00, 0x0F, 0x0E, 0x1D, 0x00, 0x2D, 0x2C,
    0x0F, 0x00, 0x3C, 0x2C, 0x0B, 0x00, 0xB0, 0x2C, 0x0F, 0x00, 0xE0, 0x0E, 0x1D, 0x03, 0xC0, 0x07,
    0xF4, 0x00, 0xBF, 0x40, 0x00, 0x2F, 0xFC, 0x00, 0x07, 0xC1, 0xE0, 0x00, 0x74, 0x0E, 0x00, 0x07,
    0x41, 0xE0, 0x00, 0x3C, 0x7C, 0x00, 0x01, 0xFF, 0x00, 0x00, 0x2F, 0xC0, 0x00, 0x0F, 0xED, 0x03,
    0x82, 0xE0, 0xB4, 0x74, 0x3C, 0x02, 0xDF, 0x03, 0xC0, 0x0B, 0xD0, 0x2E, 0x00, 0x7D, 0x00, 0xFF,
    0xFE, 0xB4, 0x02, 0xFF, 0x42, 0xD0, 0x79, 0xE7, 0x5D, 0x30, 0x00, 0xC0, 0x3D, 0x07, 0x80, 0xF0,
    0x1E, 0x02, 0xD0, 0x3C, 0x03, 0xC0, 0x38, 0x07, 0x80, 0x78, 0x03, 0x80, 0x3C, 0x03, 0xC0, 0x2D,
    0x01, 0xE0, 0x0F, 0x00, 0x78, 0x03, 0xD0, 0x0C, 0x60, 0x07, 0x80, 0x3C, 0x01, 0xE0, 0x0F, 0x00,
    0x74, 0x03, 0x80, 0x3C, 0x03, 0xC0, 0x3C, 0x03, 0xC0, 0x3C, 0x03, 0xC0, 0x38, 0x07, 0x40, 0xF0,
    0x1E, 0x03, 0xC0, 0x78, 0x06, 0x00, 0x00, 0xF0, 0x00, 0x0F, 0x00, 0x38, 0xA1, 0xC1, 0xFF, 0xF4,
    0x01, 0xF4, 0x00, 0x3A, 0xC0, 0x0F, 0x0F, 0x00, 0x60, 0x90, 0x00, 0xF0, 0x00, 0x0F, 0x00, 0x00,
    0xF0, 0x00, 0x0F, 0x00, 0xFF, 0xFF, 0xEF, 0xFF, 0xFE, 0x00, 0xF0, 0x00, 0x0F, 0x00, 0x00, 0xF0,
    0x00, 0x0F, 0x00, 0x1F, 0x1E, 0x2D, 0x3C, 0x28, 0x7F, 0xE7, 0xFE, 0x7B, 0xF7, 0x80, 0x00, 0x02,
    0xD0, 0x00, 0x3C, 0x00, 0x07, 0x80, 0x00, 0xB4, 0x00, 0x0F, 0x00, 0x01, 0xE0, 0x00, 0x2D, 0x00,
    0x03, 0xC0, 0x00, 0x78, 0x00, 0x0F, 0x00, 0x00, 0xF0, 0x00, 0x1D, 0x00, 0x03, 0xC0, 0x00, 0x3C,
    0x00, 0x0B, 0x40, 0x00, 0xF0, 0x00, 0x1E, 0x00, 0x02, 0xD0, 0x00, 0x3C, 0x00, 0x07, 0x80, 0x00,
    0x02, 0xF8, 0x01, 0xFF, 0xF0, 0x3E, 0x0B, 0xC7, 0xC0, 0x3C, 0xB4, 0x02, 0xDF, 0x00, 0x1E, 0xF0,
    0x01, 0xEF, 0x00, 0x1F, 0xF0, 0x01, 0xEF, 0x00, 0x1E, 0xB4, 0x02, 0xD7, 0xC0, 0x3C, 0x3E, 0x0B,
    0xC1, 0xFF, 0xF0, 0x06, 0xF8, 0x00, 0x00, 0x3C, 0x07, 0xF1, 0xFF, 0xCF, 0xEF, 0x28, 0x3C, 0x00,
    0xF0, 0x03, 0xC0, 0x0F, 0x00, 0x3C, 0x00, 0xF0, 0x03, 0xC0, 0x0F, 0x00, 0x3C, 0x00, 0xF0, 0x03,
    0xC0, 0x0B, 0xF8, 0x07, 0xFF, 0xF0, 0x74, 0x1F, 0x80, 0x00, 0x7C, 0x00, 0x07, 0xC0, 0x00, 0xB4,
    0x00, 0x1F, 0x00, 0x03, 0xC0, 0x00, 0xF4, 0x00, 0x3D, 0x00, 0x0F, 0x40, 0x02, 0xD0, 0x00, 0x3C,
    0x00, 0x07, 0xFF, 0xFD, 0xBF, 0xFF, 0xD0, 0x1B, 0xF8, 0x07, 0xFF, 0xF0, 0x24, 0x1F, 0x40, 0x00,
    0x78, 0x00, 0x0B, 0x80, 0x01, 0xF0, 0x03, 0xFD, 0x00, 0x3F, 0xD0, 0x00, 0x1F, 0x80, 0x00, 0x3C,
    0x00, 0x03, 0xC0, 0x00, 0x3C, 0x50, 0x0F, 0xCB, 0xFF, 0xF0, 0x6F, 0xF8, 0x00, 0x00, 0x03, 0xC0,
    0x00, 0x3F, 0x00, 0x03, 0xFC, 0x00, 0x2F, 0xB0, 0x01, 0xF2, 0xC0, 0x0F, 0x0B, 0x00, 0xB4, 0x2C,
    0x03, 0x80, 0xB0, 0x3C, 0x02, 0xC0, 0xFF, 0xFF, 0xF3, 0xFF, 0xFF, 0xC0, 0x00, 0xB0, 0x00, 0x02,
    0xC0, 0x00, 0x0B, 0x00, 0x00, 0x2C, 0x00, 0x0F, 0xFF, 0xC1, 0xFF, 0xFC, 0x1D, 0x00, 0x01, 0xD0,
    0x00, 0x1C, 0x00, 0x02, 0xFE, 0x40, 0x2F, 0xFE, 0x00, 0x06, 0xF8, 0x00, 0x07, 0xC0, 0x00, 0x3D,
    0x00, 0x03, 0xD0, 0x00, 0x3C, 0x10, 0x1F, 0xC7, 0xFF, 0xF0, 0x2F, 0xF8, 0x00, 0x00, 0x1B, 0x80,
    0x1F, 0xFC, 0x0B, 0xE4, 0x01, 0xF0, 0x00, 0x3C, 0x00, 0x03, 0xEF, 0xD0, 0x7F, 0xFF, 0x8B, 0x80,
    0x7D, 0xB4, 0x02, 0xEB, 0x40, 0x1E, 0xB8, 0x01, 0xE7, 0xC0, 0x2E, 0x3E, 0x07, 0xC1, 0xFF, 0xF4,
    0x02, 0xFD, 0x00, 0xBF, 0xFF, 0xEB, 0xFF, 0xFE, 0x00, 0x03, 0xC0, 0x00, 0xB4, 0x00, 0x1F, 0x00,
    0x03, 0xC0, 0x00, 0x7C, 0x00, 0x0B, 0x40, 0x00, 0xF0, 0x00, 0x1E, 0x00, 0x02, 0xD0, 0x00, 0x3C,
    0x00, 0x03, 0xC0, 0x00, 0x78, 0x00, 0x0B, 0x80, 0x00, 0x07, 0xFD, 0x02, 0xFF, 0xF4, 0x3D, 0x0B,
    0xC7, 0x80, 0x3D, 0x78, 0x02, 0xC3, 0xD0, 0x3C, 0x2F, 0x9F, 0x40, 0xFF, 0xE0, 0x2E, 0x7F, 0x87,
    0x80, 0x7D, 0xB0, 0x01, 0xEF, 0x40, 0x1E, 0xBD, 0x07, 0xD3, 0xFF, 0xFC, 0x0B, 0xFD, 0x00, 0x07,
    0xF8, 0x02, 0xFF, 0xF0, 0x7D, 0x0B, 0xCF, 0x40, 0x3C, 0xF0, 0x02, 0xDF, 0x40, 0x2D, 0xBD, 0x02,
    0xD3, 0xFF, 0xFD, 0x0B, 0xFB, 0xD0, 0x00, 0x3C, 0x00, 0x0B, 0xC0, 0x01, 0xF4, 0x01, 0xBE, 0x03,
    0xFF, 0x40, 0x3E, 0x40, 0x00, 0x7B, 0xF7, 0x80, 0x00, 0x00, 0x00, 0x7B, 0xF7, 0x80, 0x1E, 0x3F,
    0x1E, 0x00, 0x00, 0x00, 0x00, 0x00, 0x00, 0x1F, 0x1E, 0x2D, 0x3C, 0x28, 0x00, 0x01, 0x90, 0x06,
    0xFE, 0x0B, 0xFE, 0x0F, 0xF9, 0x00, 0xFC, 0x00, 0x0F, 0xF9, 0x00, 0x0B, 0xFE, 0x40, 0x06, 0xFE,
    0x00, 0x01, 0xD0, 0xFF, 0xFF, 0xEF, 0xFF, 0xFE, 0x00, 0x00, 0x00, 0x00, 0x00, 0x00, 0x00, 0x0F,
    0xFF, 0xFE, 0xFF, 0xFF, 0xE0, 0x64, 0x00, 0x0B, 0xF8, 0x00, 0x1B, 0xFE, 0x00, 0x07, 0xFE, 0x00,
    0x03, 0xE0, 0x07, 0xFE, 0x1B, 0xFE, 0x0B, 0xF9, 0x00, 0x64, 0x00, 0x00, 0x2F, 0xF4, 0x7F, 0xFD,
    0x10, 0x2F, 0x00, 0x0F, 0x00, 0x1E, 0x00, 0x3C, 0x00, 0xF0, 0x03, 0xC0, 0x07, 0x80, 0x07, 0x40,
    0x00, 0x00, 0x00, 0x00, 0x07, 0x80, 0x0F, 0xC0, 0x07, 0x80, 0x00, 0x0B, 0xFE, 0x40, 0x00, 0x0B,
    0xFF, 0xFF, 0x00, 0x03, 0xF8, 0x01, 0xFC, 0x00, 0xFC, 0x00, 0x02, 0xF0, 0x1F, 0x00, 0x00, 0x0B,
    0x83, 0xC0, 0x2F, 0xF4, 0x3C, 0x3C, 0x0F, 0xFF, 0xC2, 0xD7, 0x43, 0xF0, 0x3C, 0x1D, 0xB4, 0x3C,
    0x03, 0xC0, 0xEB, 0x07, 0x80, 0x3C, 0x1E, 0xB0, 0x78, 0x03, 0xC1, 0xDB, 0x43, 0xC0, 0x3C, 0x2C,
    0x74, 0x3E, 0x07, 0xC7, 0xC3, 0xC0, 0xFF, 0xFF, 0xF4, 0x3C, 0x02, 0xFE, 0xFD, 0x01, 0xF0, 0x00,
    0x00, 0x00, 0x0F, 0xC0, 0x00, 0x00, 0x00, 0x3F, 0x80, 0x00, 0x00, 0x00, 0xBF, 0xFF, 0x80, 0x00,
    0x00, 0xBF, 0xF8, 0x00, 0x00, 0x0F, 0x00, 0x00, 0x02, 0xF4, 0x00, 0x00, 0x3F, 0xC0, 0x00, 0x07,
    0x6D, 0x00, 0x00, 0xF1, 0xE0, 0x00, 0x0E, 0x0F, 0x00, 0x02, 0xD0, 0xB8, 0x00, 0x3C, 0x03, 0xC0,
    0x07, 0x40, 0x2D, 0x00, 0xFF, 0xFF, 0xE0, 0x0F, 0xFF, 0xFF, 0x02, 0xD0, 0x00, 0xB4, 0x3C, 0x00,
    0x07, 0xC7, 0xC0, 0x00, 0x3C, 0xB4, 0x00, 0x02, 0xE0, 0x3F, 0xFE, 0x40, 0x3F, 0xFF, 0xF0, 0x3C,
    0x02, 0xF4, 0x3C, 0x00, 0x78, 0x3C, 0x00, 0x78, 0x3C, 0x01, 0xF0, 0x3F, 0xFF, 0xD0, 0x3F, 0xFF,
    0xF0, 0x3C, 0x01, 0xFC, 0x3C, 0x00, 0x3D, 0x3C, 0x00, 0x2D, 0x3C, 0x00, 0x3D, 0x3C, 0x01, 0xFC,
    0x3F, 0xFF, 0xF4, 0x3F, 0xFE, 0x40, 0x00, 0x7F, 0xE4, 0x07, 0xFF, 0xFC, 0x0F, 0xD0, 0x18, 0x3E,
    0x00, 0x00, 0x7C, 0x00, 0x00, 0xB8, 0x00, 0x00, 0xB4, 0x00, 0x00, 0xF4, 0x00, 0x00, 0xB4, 0x00,
    0x00, 0xB8, 0x00, 0x00, 0x7C, 0x00, 0x00, 0x3E, 0x00, 0x00, 0x1F, 0x90, 0x18, 0x07, 0xFF, 0xFD,
    0x00, 0xBF, 0xF4, 0x2F, 0xFE, 0x40, 0x0F, 0xFF, 0xFC, 0x03, 0xC0, 0x1F, 0xC0, 0xF0, 0x00, 0xFC,
    0x3C, 0x00, 0x0F, 0x0F, 0x00, 0x02, 0xE3, 0xC0, 0x00, 0x78, 0xF0, 0x00, 0x1E, 0x3C, 0x00, 0x07,
    0x8F, 0x00, 0x02, 0xE3, 0xC0, 0x00, 0xF0, 0xF0, 0x00, 0xFC, 0x3C, 0x01, 0xFC, 0x0F, 0xFF, 0xFC,
    0x02, 0xFF, 0xE4, 0x00, 0x3F, 0xFF, 0xE0, 0xFF, 0xFF, 0x83, 0xC0, 0x00, 0x0F, 0x00, 0x00, 0x3C,
    0x00, 0x00, 0xF0, 0x00, 0x03, 0xFF, 0xFC, 0x0F, 0xFF, 0xF0, 0x3C, 0x00, 0x00, 0xF0, 0x00, 0x03,
    0xC0, 0x00, 0x0F, 0x00, 0x00, 0x3C, 0x00, 0x00, 0xFF, 0xFF, 0xC3, 0xFF, 0xFF, 0x00, 0x3F, 0xFF,
    0xE3, 0xFF, 0xFE, 0x3C, 0x00, 0x03, 0xC0, 0x00, 0x3C, 0x00, 0x03, 0xC0, 0x00, 0x3F, 0xFF, 0xC3,
    0xFF, 0xFC, 0x3C, 0x00, 0x03, 0xC0, 0x00, 0x3C, 0x00, 0x03, 0xC0, 0x00, 0x3C, 0x00, 0x03, 0xC0,
    0x00, 0x3C, 0x00, 0x00, 0x00, 0x7F, 0xF4, 0x07, 0xFF, 0xFD, 0x0F, 0xD0, 0x18, 0x3E, 0x00, 0x00,
    0x7C, 0x00, 0x00, 0xB8, 0x00, 0x00, 0xB4, 0x00, 0x00, 0xF4, 0x00, 0x00, 0xB4, 0x00, 0x1E, 0xB8,
    0x00, 0x1E, 0x7C, 0x00, 0x1E, 0x3E, 0x00, 0x1E, 0x1F, 0xD0, 0x1E, 0x07, 0xFF, 0xFE, 0x00, 0xBF,
    0xF9, 0x3C, 0x00, 0x0F, 0x3C, 0x00, 0x0F, 0x3C, 0x00, 0x0F, 0x3C, 0x00, 0x0F, 0x3C, 0x00, 0x0F,
    0x3C, 0x00, 0x0F, 0x3F, 0xFF, 0xFF, 0x3F, 0xFF, 0xFF, 0x3C, 0x00, 0x0F, 0x3C, 0x00, 0x0F, 0x3C,
    0x00, 0x0F, 0x3C, 0x00, 0x0F, 0x3C, 0x00, 0x0F, 0x3C, 0x00, 0x0F, 0x3C, 0x00, 0x0F, 0x3C, 0xF3,
    0xCF, 0x3C, 0xF3, 0xCF, 0x3C, 0xF3, 0xCF, 0x3C, 0xF3, 0xC0, 0x00, 0x03, 0xC0, 0x00, 0xF0, 0x00,
    0x3C, 0x00, 0x0F, 0x00, 0x03, 0xC0, 0x00, 0xF0, 0x00, 0x3C, 0x00, 0x0F, 0x00, 0x03, 0xC0, 0x00,
    0xF0, 0x00, 0x78, 0x00, 0x2E, 0x60, 0x1F, 0x6F, 0xFF, 0xC2, 0xFF, 0x40, 0x3C, 0x00, 0x7C, 0x0F,
    0x00, 0x3D, 0x03, 0xC0, 0x3E, 0x00, 0xF0, 0x3E, 0x00, 0x3C, 0x3E, 0x00, 0x0F, 0x2E, 0x00, 0x03,
    0xEE, 0x00, 0x00, 0xFF, 0x40, 0x00, 0x3D, 0xF4, 0x00, 0x0F, 0x1F, 0x40, 0x03, 0xC0, 0xF4, 0x00,
    0xF0, 0x0F, 0x40, 0x3C, 0x00, 0xF4, 0x0F, 0x00, 0x1F, 0x03, 0xC0, 0x02, 0xF0, 0x3C, 0x00, 0x03,
    0xC0, 0x00, 0x3C, 0x00, 0x03, 0xC0, 0x00, 0x3C, 0x00, 0x03, 0xC0, 0x00, 0x3C, 0x00, 0x03, 0xC0,
    0x00, 0x3C, 0x00, 0x03, 0xC0, 0x00, 0x3C, 0x00, 0x03, 0xC0, 0x00, 0x3C, 0x00, 0x03, 0xFF, 0xFE,
    0x3F, 0xFF, 0xE0, 0x2E, 0x00, 0x00, 0x3C, 0x2F, 0x00, 0x00, 0xBC, 0x3E, 0x80, 0x00, 0xFC, 0x3D,
    0xC0, 0x02, 0xAC, 0x3C, 0xD0, 0x03, 0x2C, 0x3C, 0xB0, 0x0B, 0x1D, 0x38, 0x34, 0x0D, 0x1D, 0x38,
    0x28, 0x1C, 0x1D, 0x38, 0x1C, 0x38, 0x1E, 0x78, 0x0E, 0x30, 0x1E, 0x78, 0x0B, 0xB0, 0x1E, 0x78,
    0x03, 0xE0, 0x0E, 0x74, 0x03, 0xC0, 0x0F, 0xB4, 0x00, 0x00, 0x0F, 0xB4, 0x00, 0x00, 0x0F, 0x3C,
    0x00, 0x0B, 0x4F, 0x80, 0x02, 0xD3, 0xF4, 0x00, 0xB4, 0xFF, 0x40, 0x2D, 0x3D, 0xF0, 0x0B, 0x4F,
    0x1E, 0x02, 0xD3, 0xC2, 0xD0, 0xB4, 0xF0, 0x3C, 0x2D, 0x3C, 0x07, 0xCB, 0x4F, 0x00, 0xB6, 0xD3,
    0xC0, 0x0F, 0xB4, 0xF0, 0x01, 0xFD, 0x3C, 0x00, 0x2F, 0x4F, 0x00, 0x03, 0xD3, 0xC0, 0x00, 0xB4,
    0x00, 0x7F, 0xE0, 0x00, 0x1F, 0xFF, 0xF8, 0x00, 0xFD, 0x02, 0xF8, 0x0F, 0x80, 0x01, 0xF0, 0x7C,
    0x00, 0x02, 0xE2, 0xE0, 0x00, 0x07, 0xCB, 0x40, 0x00, 0x0F, 0x3D, 0x00, 0x00, 0x3C, 0xB4, 0x00,
    0x00, 0xF2, 0xE0, 0x00, 0x07, 0xC7, 0xC0, 0x00, 0x2E, 0x0F, 0x80, 0x01, 0xF0, 0x0F, 0xD0, 0x2F,
    0x80, 0x1F, 0xFF, 0xF8, 0x00, 0x07, 0xFE, 0x00, 0x00, 0x2F, 0xFE, 0x40, 0x3F, 0xFF, 0xE0, 0x3C,
    0x01, 0xF8, 0x3C, 0x00, 0x7C, 0x3C, 0x00, 0x3C, 0x3C, 0x00, 0x7C, 0x3C, 0x01, 0xF8, 0x3F, 0xFF,
    0xF0, 0x3F, 0xFE, 0x40, 0x3C, 0x00, 0x00, 0x3C, 0x00, 0x00, 0x3C, 0x00, 0x00, 0x3C, 0x00, 0x00,
    0x3C, 0x00, 0x00, 0x3C, 0x00, 0x00, 0x00, 0x7F, 0xE0, 0x00, 0x1F, 0xFF, 0xF8, 0x00, 0xFD, 0x02,
    0xF8, 0x0F, 0x80, 0x01, 0xF0, 0x7C, 0x00, 0x02, 0xE2, 0xE0, 0x00, 0x07, 0xCB, 0x40, 0x00, 0x0F,
    0x3D, 0x00, 0x00, 0x3C, 0xB4, 0x00, 0x00, 0xF2, 0xE0, 0x00, 0x07, 0xC7, 0xC0, 0x00, 0x2E, 0x0F,
    0x80, 0x01, 0xF0, 0x0F, 0xD0, 0x2F, 0x80, 0x1F, 0xFF, 0xF8, 0x00, 0x0B, 0xFE, 0x00, 0x00, 0x00,
    0xF0, 0x00, 0x00, 0x02, 0xF9, 0x00, 0x00, 0x02, 0xFF, 0x00, 0x00, 0x00, 0xB8, 0x00, 0x2F, 0xFE,
    0x40, 0x3F, 0xFF, 0xE0, 0x3C, 0x02, 0xF4, 0x3C, 0x00, 0x7C, 0x3C, 0x00, 0x3C, 0x3C, 0x00, 0x7C,
    0x3C, 0x01, 0xF4, 0x3F, 0xFF, 0xE0, 0x3F, 0xFF, 0x40, 0x3C, 0x0F, 0x80, 0x3C, 0x03, 0xD0, 0x3C,
    0x01, 0xF0, 0x3C, 0x00, 0xF8, 0x3C, 0x00, 0x3C, 0x3C, 0x00, 0x2E, 0x02, 0xFF, 0x90, 0x3F, 0xFF,
    0x82, 0xF4, 0x05, 0x0F, 0x40, 0x00, 0x3C, 0x00, 0x00, 0xBC, 0x00, 0x00, 0xFE, 0x00, 0x00, 0xBF,
    0xC0, 0x00, 0x1F, 0xD0, 0x00, 0x07, 0xC0, 0x00, 0x0B, 0x40, 0x00, 0x2D, 0x24, 0x02, 0xF4, 0xFF,
    0xFF, 0x81, 0xBF, 0xE4, 0x00, 0xBF, 0xFF, 0xFE, 0xBF, 0xFF, 0xFE, 0x00, 0x3C, 0x00, 0x00, 0x3C,
    0x00, 0x00, 0x3C, 0x00, 0x00, 0x3C, 0x00, 0x00, 0x3C, 0x00, 0x00, 0x3C, 0x00, 0x00, 0x3C, 0x00,
    0x00, 0x3C, 0x00, 0x00, 0x3C, 0x00, 0x00, 0x3C, 0x00, 0x00, 0x3C, 0x00, 0x00, 0x3C, 0x00, 0x00,
    0x3C, 0x00, 0x78, 0x00, 0x1F, 0x78, 0x00, 0x1F, 0x78, 0x00, 0x1F, 0x78, 0x00, 0x1F, 0x78, 0x00,
    0x1F, 0x78, 0x00, 0x1F, 0x78, 0x00, 0x1F, 0x78, 0x00, 0x1F, 0x78, 0x00, 0x1F, 0x7C, 0x00, 0x1E,
    0x3C, 0x00, 0x2E, 0x3D, 0x00, 0x3D, 0x2F, 0x40, 0xFC, 0x0B, 0xFF, 0xF4, 0x01, 0xFF, 0x80, 0xB8,
    0x00, 0x03, 0xD7, 0xC0, 0x00, 0x3C, 0x3D, 0x00, 0x07, 0x82, 0xE0, 0x00, 0xF4, 0x0F, 0x00, 0x0F,
    0x00, 0xF4, 0x01, 0xE0, 0x0B, 0x80, 0x3D, 0x00, 0x3C, 0x03, 0xC0, 0x02, 0xD0, 0xB8, 0x00, 0x1F,
    0x0F, 0x00, 0x00, 0xF1, 0xE0, 0x00, 0x0B, 0xAD, 0x00, 0x00, 0x3F, 0xC0, 0x00, 0x02, 0xF4, 0x00,
    0x00, 0x1F, 0x00, 0x00, 0x7C, 0x00, 0x00, 0x00, 0x3C, 0xF0, 0x00, 0x00, 0x01, 0xE3, 0xC0, 0x07,
    0xC0, 0x0B, 0x4F, 0x40, 0x2F, 0x00, 0x3D, 0x2E, 0x00, 0xFD, 0x00, 0xF0, 0x7C, 0x03, 0xBC, 0x03,
    0xC0, 0xF0, 0x2D, 0xF0, 0x1E, 0x03, 0xC0, 0xF1, 0xD0, 0xB4, 0x0B, 0x43, 0x83, 0xC3, 0xC0, 0x1E,
    0x2D, 0x0F, 0x0F, 0x00, 0x3C, 0xF0, 0x1E, 0x78, 0x00, 0xF7, 0x80, 0x3E, 0xD0, 0x02, 0xFC, 0x00,
    0xBF, 0x00, 0x07, 0xE0, 0x01, 0xFC, 0x00, 0x0F, 0x40, 0x03, 0xE0, 0x00, 0x3D, 0x00, 0x0F, 0x07,
    0xC0, 0x0F, 0x80, 0xB8, 0x07, 0xC0, 0x0F, 0x43, 0xC0, 0x01, 0xF2, 0xE0, 0x00, 0x2F, 0xF0, 0x00,
    0x03, 0xF4, 0x00, 0x00, 0xBC, 0x00, 0x00, 0x7F, 0x80, 0x00, 0x3D, 0xF4, 0x00, 0x3E, 0x1F, 0x00,
    0x1F, 0x02, 0xE0, 0x0F, 0x00, 0x3D, 0x0B, 0x80, 0x07, 0xC3, 0xC0, 0x00, 0xB8, 0xBC, 0x00, 0x0F,
    0x0F, 0x40, 0x0B, 0x82, 0xF0, 0x03, 0xC0, 0x3D, 0x02, 0xE0, 0x07, 0xC0, 0xF0, 0x00, 0xF4, 0xF4,
    0x00, 0x0F, 0xBC, 0x00, 0x02, 0xFC, 0x00, 0x00, 0x3E, 0x00, 0x00, 0x0B, 0x40, 0x00, 0x02, 0xD0,
    0x00, 0x00, 0xB4, 0x00, 0x00, 0x2D, 0x00, 0x00, 0x0B, 0x40, 0x00, 0x02, 0xD0, 0x00, 0x3F, 0xFF,
    0xFC, 0x3F, 0xFF, 0xFC, 0x00, 0x00, 0xF8, 0x00, 0x02, 0xF0, 0x00, 0x07, 0xC0, 0x00, 0x0F, 0x00,
    0x00, 0x3D, 0x00, 0x00, 0xB8, 0x00, 0x00, 0xF0, 0x00, 0x03, 0xD0, 0x00, 0x0B, 0x80, 0x00, 0x0F,
    0x00, 0x00, 0x3D, 0x00, 0x00, 0x7F, 0xFF, 0xFD, 0x7F, 0xFF, 0xFD, 0xFF, 0xBF, 0xEF, 0x03, 0xC0,
    0xF0, 0x3C, 0x0F, 0x03, 0xC0, 0xF0, 0x3C, 0x0F, 0x03, 0xC0, 0xF0, 0x3C, 0x0F, 0x03, 0xC0, 0xF0,
    0x3C, 0x0F, 0xFB, 0xFE, 0x78, 0x00, 0x03, 0xC0, 0x00, 0x2D, 0x00, 0x01, 0xE0, 0x00, 0x0F, 0x00,
    0x00, 0xB4, 0x00, 0x03, 0xC0, 0x00, 0x3C, 0x00, 0x01, 0xD0, 0x00, 0x0F, 0x00, 0x00, 0xF0, 0x00,
    0x07, 0x80, 0x00, 0x3C, 0x00, 0x02, 0xC0, 0x00, 0x1E, 0x00, 0x00, 0xF0, 0x00, 0x0B, 0x40, 0x00,
    0x78, 0x00, 0x03, 0xC0, 0x00, 0x2D, 0xFF, 0xFF, 0xF0, 0x3C, 0x0F, 0x03, 0xC0, 0xF0, 0x3C, 0x0F,
    0x03, 0xC0, 0xF0, 0x3C, 0x0F, 0x03, 0xC0, 0xF0, 0x3C, 0x0F, 0x03, 0xC0, 0xFF, 0xFF, 0xFF, 0x00,
    0x3C, 0x00, 0x03, 0xF8, 0x00, 0x1E, 0xF0, 0x00, 0xF0, 0xF0, 0x07, 0x82, 0xD0, 0x3C, 0x03, 0xC2,
    0xD0, 0x0B, 0x46, 0x00, 0x0D, 0x3F, 0xFF, 0xFD, 0x3F, 0xFF, 0xFD, 0x30, 0x1F, 0x01, 0xF0, 0x18,
    0x0B, 0xFE, 0x00, 0xFF, 0xF8, 0x00, 0x07, 0xC0, 0x00, 0x2D, 0x06, 0xFF, 0xD1, 0xFF, 0xFD, 0x3E,
    0x02, 0xD3, 0xC0, 0x2D, 0x3D, 0x02, 0xD2, 0xFF, 0xFD, 0x07, 0xFF, 0x80, 0x38, 0x00, 0x01, 0xE0,
    0x00, 0x07, 0x80, 0x00, 0x1E, 0x00, 0x00, 0x78, 0x00, 0x01, 0xFB, 0xF8, 0x07, 0xFF, 0xFC, 0x1F,
    0x41, 0xF8, 0x78, 0x00, 0xF1, 0xE0, 0x03, 0xC7, 0x80, 0x0F, 0x5E, 0x00, 0x3C, 0x78, 0x01, 0xF1,
    0xE0, 0x1F, 0x87, 0xFF, 0xF8, 0x0B, 0xFF, 0x40, 0x02, 0xFE, 0x07, 0xFF, 0xC3, 0xE0, 0x12, 0xE0,
    0x00, 0xF4, 0x00, 0x3C, 0x00, 0x0F, 0x00, 0x02, 0xE0, 0x00, 0x3E, 0x01, 0x07, 0xFF, 0xC0, 0x6F,
    0xE0, 0x00, 0x00, 0xE0, 0x00, 0x1E, 0x00, 0x01, 0xE0, 0x00, 0x1E, 0x00, 0x01, 0xE0, 0x7F, 0xEE,
    0x2F, 0xFF, 0xE3, 0xD0, 0x2E, 0xB8, 0x01, 0xEF, 0x00, 0x1E, 0xF0, 0x01, 0xEF, 0x40, 0x1E, 0xB8,
    0x01, 0xE3, 0xE0, 0x1E, 0x1F, 0xFF, 0xE0, 0x2F, 0xF9, 0x06, 0xFD, 0x01, 0xFF, 0xF8, 0x3D, 0x07,
    0xCB, 0x40, 0x2D, 0xFF, 0xFF, 0xEF, 0xFF, 0xFE, 0xF0, 0x00, 0x0B, 0x80, 0x00, 0x3E, 0x00, 0x42,
    0xFF, 0xF8, 0x06, 0xFF, 0x40, 0x07, 0xFC, 0x2F, 0xFC, 0x3D, 0x00, 0x7C, 0x00, 0x78, 0x00, 0x7F,
    0xFC, 0x7F, 0xFC, 0x78, 0x00, 0x78, 0x00, 0x78, 0x00, 0x78, 0x00, 0x78, 0x00, 0x78, 0x00, 0x78,
    0x00, 0x78, 0x00, 0x78, 0x00, 0x02, 0xFF, 0x81, 0xFF, 0xFD, 0x3E, 0x02, 0xDB, 0x80, 0x2D, 0xF4,
    0x02, 0xDF, 0x00, 0x2D, 0xF0, 0x02, 0xDB, 0x80, 0x2D, 0x7D, 0x07, 0xD2, 0xFF, 0xFD, 0x07, 0xFA,
    0xD0, 0x00, 0x2D, 0x10, 0x07, 0xC3, 0xFF, 0xF4, 0x2F, 0xF9, 0x00, 0x38, 0x00, 0x07, 0x80, 0x00,
    0x78, 0x00, 0x07, 0x80, 0x00, 0x78, 0x00, 0x07, 0xFF, 0xD0, 0x7F, 0xFF, 0x87, 0x80, 0x7C, 0x78,
    0x02, 0xD7, 0x80, 0x2D, 0x78, 0x01, 0xE7, 0x80, 0x1E, 0x78, 0x01, 0xE7, 0x80, 0x1E, 0x78, 0x01,
    0xE7, 0x80, 0x1E, 0x79, 0xE0, 0x00, 0x01, 0xE7, 0x9E, 0x79, 0xE7, 0x9E, 0x79, 0xE7, 0x9E, 0x01,
    0xE0, 0x1E, 0x00, 0x00, 0x00, 0x00, 0x00, 0x1E, 0x01, 0xE0, 0x1E, 0x01, 0xE0, 0x1E, 0x01, 0xE0,
    0x1E, 0x01, 0xE0, 0x1E, 0x01, 0xE0, 0x1E, 0x01, 0xE0, 0x3D, 0x7F, 0xC7, 0xE0, 0x38, 0x00, 0x07,
    0x80, 0x00, 0x78, 0x00, 0x07, 0x80, 0x00, 0x78, 0x00, 0x07, 0x80, 0x7C, 0x78, 0x1F, 0x07, 0x83,
    0xC0, 0x78, 0xF4, 0x07, 0xBD, 0x00, 0x7F, 0xC0, 0x07, 0x9F, 0x00, 0x78, 0x7C, 0x07, 0x81, 0xF0,
    0x78, 0x0B, 0x87, 0x80, 0x3D, 0x78, 0x1E, 0x07, 0x81, 0xE0, 0x78, 0x1E, 0x07, 0x81, 0xE0, 0x78,
    0x1E, 0x07, 0x81, 0xE0, 0x78, 0x1F, 0x03, 0xF0, 0x7C, 0x2F, 0xFD, 0x2F, 0xE0, 0x7F, 0xFF, 0xFF,
    0xFC, 0x78, 0x0B, 0xD0, 0x7C, 0x78, 0x03, 0xC0, 0x2D, 0x78, 0x03, 0xC0, 0x1D, 0x78, 0x03, 0xC0,
    0x1E, 0x78, 0x03, 0xC0, 0x1E, 0x78, 0x03, 0xC0, 0x1E, 0x78, 0x03, 0xC0, 0x1E, 0x78, 0x03, 0xC0,
    0x1E, 0x78, 0x03, 0xC0, 0x1E, 0x2F, 0xFD, 0x07, 0xFF, 0xF8, 0x78, 0x07, 0xC7, 0x80, 0x2D, 0x78,
    0x02, 0xD7, 0x80, 0x1E, 0x78, 0x01, 0xE7, 0x80, 0x1E, 0x78, 0x01, 0xE7, 0x80, 0x1E, 0x78, 0x01,
    0xE0, 0x06, 0xFD, 0x00, 0x7F, 0xFF, 0x03, 0xE0, 0x7E, 0x2E, 0x00, 0x3C, 0xF4, 0x00, 0xF3, 0xC0,
    0x03, 0xDF, 0x40, 0x0F, 0x2E, 0x00, 0x3C, 0x3E, 0x07, 0xE0, 0x7F, 0xFF, 0x00, 0x6F, 0xD0, 0x00,
    0x2F, 0xFD, 0x01, 0xFF, 0xFE, 0x07, 0x80, 0x7E, 0x1E, 0x00, 0x7C, 0x78, 0x00, 0xF1, 0xE0, 0x03,
    0xD7, 0x80, 0x0F, 0x1E, 0x00, 0x3C, 0x7D, 0x07, 0xE1, 0xFF, 0xFF, 0x07, 0xEF, 0xE0, 0x1E, 0x00,
    0x00, 0x78, 0x00, 0x01, 0xE0, 0x00, 0x07, 0x80, 0x00, 0x00, 0x02, 0xFF, 0x91, 0xFF, 0xFE, 0x3E,
    0x01, 0xEB, 0x80, 0x1E, 0xF4, 0x01, 0xEF, 0x00, 0x1E, 0xF0, 0x01, 0xEB, 0x80, 0x1E, 0x3D, 0x02,
    0xE2, 0xFF, 0xFE, 0x07, 0xFE, 0xE0, 0x00, 0x1E, 0x00, 0x01, 0xE0, 0x00, 0x1E, 0x00, 0x01, 0xE0,
    0x2F, 0xF9, 0xFF, 0xE7, 0x80, 0x1E, 0x00, 0x78, 0x01, 0xE0, 0x07, 0x80, 0x1E, 0x00, 0x78, 0x01,
    0xE0, 0x07, 0x80, 0x00, 0x07, 0xFE, 0x07, 0xFF, 0xC3, 0xD0, 0x10, 0xF0, 0x00, 0x2F, 0x90, 0x01,
    0xFF, 0x40, 0x06, 0xF0, 0x00, 0x2D, 0x00, 0x0B, 0x4F, 0xFF, 0xC2, 0xFF, 0x80, 0x74, 0x00, 0x78,
    0x00, 0x78, 0x00, 0x7F, 0xF8, 0x7F, 0xF8, 0x78, 0x00, 0x78, 0x00, 0x78, 0x00, 0x78, 0x00, 0x78,
    0x00, 0x78, 0x00, 0x7C, 0x04, 0x3F, 0xFC, 0x0B, 0xF8, 0x78, 0x02, 0xD7, 0x80, 0x2D, 0x78, 0x02,
    0xD7, 0x80, 0x2D, 0x78, 0x02, 0xD7, 0x80, 0x2D, 0x78, 0x02, 0xD7, 0xC0, 0x2D, 0x3E, 0x02, 0xD2,
    0xFF, 0xFD, 0x07, 0xFF, 0x80, 0xB8, 0x00, 0xF0, 0xF0, 0x03, 0xC3, 0xC0, 0x1D, 0x0B, 0x40, 0xF0,
    0x1E, 0x03, 0xC0, 0x3C, 0x1D, 0x00, 0xB4, 0xF0, 0x00, 0xF3, 0x80, 0x02, 0xFC, 0x00, 0x07, 0xF0,
    0x00, 0x0F, 0x40, 0x00, 0x78, 0x02, 0xC0, 0x0F, 0x3C, 0x03, 0xD0, 0x1E, 0x3C, 0x03, 0xE0, 0x2D,
    0x2D, 0x07, 0xF0, 0x3C, 0x1E, 0x0F, 0xB0, 0x38, 0x0F, 0x0E, 0x74, 0xB4, 0x0B, 0x1C, 0x38, 0xF0,
    0x07, 0xAC, 0x2C, 0xE0, 0x03, 0xF8, 0x1F, 0xD0, 0x02, 0xF4, 0x0F, 0xC0, 0x00, 0xF0, 0x0B, 0x80,
    0x3C, 0x01, 0xE0, 0x78, 0x0F, 0x00, 0xB4, 0xF4, 0x00, 0xFB, 0x80, 0x01, 0xFC, 0x00, 0x03, 0xE0,
    0x00, 0x2F, 0xD0, 0x01, 0xE3, 0xC0, 0x0F, 0x07, 0xC0, 0xF4, 0x0B, 0x47, 0x80, 0x0F, 0x00, 0xB8,
    0x00, 0xF0, 0xF0, 0x07, 0x83, 0xC0, 0x2D, 0x0B, 0x40, 0xF0, 0x0F, 0x03, 0xC0, 0x3C, 0x1D, 0x00,
    0x78, 0xB0, 0x00, 0xF3, 0xC0, 0x02, 0xED, 0x00, 0x03, 0xF0, 0x00, 0x0B, 0x80, 0x00, 0x2D, 0x00,
    0x01, 0xF0, 0x02, 0xFF, 0x00, 0x0B, 0xE0, 0x00, 0x00, 0x3F, 0xFF, 0xC3, 0xFF, 0xFC, 0x00, 0x0F,
    0x40, 0x03, 0xE0, 0x00, 0xF8, 0x00, 0x2F, 0x00, 0x07, 0xC0, 0x00, 0xF0, 0x00, 0x3D, 0x00, 0x07,
    0xFF, 0xFC, 0x7F, 0xFF, 0xC0, 0x00, 0xBC, 0x0F, 0xF0, 0x3C, 0x00, 0xE0, 0x03, 0x80, 0x0E, 0x00,
    0x38, 0x01, 0xE0, 0x0F, 0x00, 0xF8, 0x03, 0xF0, 0x03, 0xD0, 0x07, 0x80, 0x0E, 0x00, 0x38, 0x00,
    0xE0, 0x03, 0x80, 0x0F, 0x40, 0x3F, 0xC0, 0x2F, 0xFF, 0xFF, 0xFF, 0xFF, 0xFF, 0xFF, 0xFF, 0xFF,
    0xFF, 0xFF, 0xF8, 0x03, 0xFC, 0x00, 0xF0, 0x02, 0xC0, 0x0B, 0x00, 0x2C, 0x00, 0xB0, 0x02, 0xD0,
    0x03, 0xC0, 0x0B, 0xC0, 0x3F, 0x01, 0xF0, 0x0B, 0x40, 0x2C, 0x00, 0xB0, 0x02, 0xC0, 0x0B, 0x00,
    0x7C, 0x0F, 0xF0, 0x3E, 0x00, 0x0B, 0xD0, 0x28, 0x7F, 0xE0, 0xE3, 0xC7, 0xFF, 0x0D, 0x01, 0xF4,
    0x3C, 0x7D, 0x3C, 0x00, 0x00, 0x38, 0x38, 0x3C, 0x3C, 0x3C, 0x3C, 0x3C, 0x3C, 0x3C, 0x3C, 0x00,
    0x38, 0x00, 0x03, 0x80, 0x00, 0x38, 0x00, 0x1F, 0xF8, 0x0B, 0xFF, 0x81, 0xF4, 0x00, 0x3D, 0x00,
    0x03, 0xC0, 0x00, 0x3C, 0x00, 0x03, 0xC0, 0x00, 0x3D, 0x00, 0x01, 0xF4, 0x04, 0x0B, 0xFF, 0xC0,
    0x1F, 0xF8, 0x00, 0x38, 0x00, 0x03, 0x80, 0x00, 0x38, 0x00, 0x00, 0xBF, 0xC0, 0x3F, 0xFD, 0x07,
    0xD0, 0x40, 0xB4, 0x00, 0x0B, 0x00, 0x00, 0xF0, 0x00, 0x0F, 0x00, 0x0B, 0xFF, 0xF0, 0xBF, 0xFF,
    0x00, 0xF0, 0x00, 0x0F, 0x00, 0x00, 0xF0, 0x00, 0x0F, 0x00, 0x00, 0xFF, 0xFF, 0x1F, 0xFF, 0xF0,
    0x18, 0x00, 0x20, 0xBA, 0xFA, 0xE0, 0xFF, 0xFE, 0x03, 0xD0, 0xB8, 0x0E, 0x00, 0xB0, 0x38, 0x02,
    0xC0, 0xF4, 0x2E, 0x03, 0xFF, 0xF8, 0x2E, 0xBE, 0xF8, 0x60, 0x00, 0x80, 0x7C, 0x00, 0x3C, 0x3D,
    0x00, 0x78, 0x0F, 0x00, 0xF0, 0x0B, 0x42, 0xE0, 0x03, 0xC3, 0xC0, 0x01, 0xEB, 0x40, 0x00, 0xFE,
    0x00, 0x1F, 0xFF, 0xF4, 0x1F, 0xFF, 0xF4, 0x00, 0x3C, 0x00, 0x00, 0x3C, 0x00, 0x1F, 0xFF, 0xF4,
    0x1F, 0xFF, 0xF4, 0x00, 0x3C, 0x00, 0x00, 0x3C, 0x00, 0xFF, 0xFF, 0xFF, 0xFF, 0x00, 0x00, 0xFF,
    0xFF, 0xFF, 0xFF, 0x02, 0xFF, 0x80, 0xFF, 0xFC, 0x1F, 0x01, 0x81, 0xE0, 0x00, 0x0F, 0x40, 0x00,
    0x7F, 0x80, 0x0F, 0xBF, 0x43, 0xC0, 0x7C, 0x38, 0x02, 0xD3, 0xC0, 0x1D, 0x2F, 0x43, 0xC0, 0xBF,
    0xF4, 0x00, 0xBF, 0x00, 0x00, 0xB8, 0x00, 0x03, 0xC1, 0x40, 0x7C, 0x3F, 0xFF, 0x42, 0xFF, 0xD0,
    0x3C, 0x3C, 0x3C, 0x3C, 0x00, 0x6F, 0xE4, 0x00, 0x0F, 0xFF, 0xFC, 0x00, 0xFD, 0x01, 0xBC, 0x0B,
    0x80, 0x00, 0x78, 0x38, 0x1F, 0xE0, 0xB1, 0xC2, 0xD0, 0x40, 0xDB, 0x0E, 0x00, 0x03, 0xAC, 0x34,
    0x00, 0x0E, 0xB0, 0xE0, 0x00, 0x39, 0xC2, 0xD0, 0x40, 0xD3, 0x81, 0xFF, 0x0B, 0x0B, 0x80, 0x00,
    0x78, 0x0F, 0xD0, 0x1B, 0xC0, 0x0F, 0xFF, 0xFC, 0x00, 0x06, 0xFE, 0x40, 0x00, 0x0F, 0xE0, 0x00,
    0x3C, 0x00, 0x1C, 0x0B, 0xFC, 0x38, 0x1C, 0x34, 0x1C, 0x38, 0x1C, 0x0F, 0xFC, 0x01, 0x80, 0xD0,
    0x3C, 0x3C, 0x0F, 0x0B, 0x82, 0xE1, 0xF0, 0x3C, 0x3D, 0x02, 0xE1, 0xF0, 0x0F, 0x0B, 0x80, 0x3C,
    0x3C, 0x01, 0x80, 0xD0, 0xFF, 0xFF, 0xEF, 0xFF, 0xFE, 0x00, 0x00, 0xE0, 0x00, 0x0E, 0x00, 0x00,
    0xE0, 0x00, 0x0E, 0x00, 0x00, 0xE0, 0x00, 0x0E, 0x7F, 0xE7, 0xFE, 0x00, 0x6F, 0xE4, 0x00, 0x0F,
    0xFF, 0xFC, 0x00, 0xFD, 0x01, 0xBC, 0x0B, 0x80, 0x00, 0x78, 0x38, 0x7F, 0xE0, 0xB1, 0xC1, 0xC1,
    0xE0, 0xDB, 0x07, 0x07, 0x83, 0xAC, 0x1F, 0xF8, 0x0E, 0xB0, 0x70, 0xE0, 0x39, 0xC1, 0xC1, 0xD0,
    0xD3, 0x87, 0x02, 0xCB, 0x0B, 0x80, 0x00, 0x78, 0x0F, 0xD0, 0x1B, 0xC0, 0x0F, 0xFF, 0xFC, 0x00,
    0x06, 0xFE, 0x40, 0x00, 0x3F, 0xFC, 0xFF, 0xF0, 0x0F, 0xC0, 0xFF, 0xC7, 0x47, 0x5D, 0x1D, 0x3F,
    0xF0, 0x3F, 0x00, 0x00, 0xF0, 0x00, 0x0F, 0x00, 0x00, 0xF0, 0x00, 0x0F, 0x00, 0xFF, 0xFF, 0xEF,
    0xFF, 0xFE, 0x00, 0xF0, 0x00, 0x0F, 0x00, 0x00, 0xF0, 0x00, 0x0F, 0x00, 0x00, 0x00, 0x0F, 0xFF,
    0xFE, 0xFF, 0xFF, 0xE0, 0x1F, 0xD0, 0x82, 0xC0, 0x07, 0x00, 0x3C, 0x07, 0xC0, 0x7C, 0x03, 0xC0,
    0x0F, 0xFE, 0x2F, 0xD0, 0x42, 0xC0, 0x0B, 0x02, 0xF4, 0x00, 0xB0, 0x00, 0xD1, 0x07, 0x0F, 0xF4,
    0x03, 0x03, 0xC3, 0xC0, 0x80, 0x78, 0x01, 0xE7, 0x80, 0x1E, 0x78, 0x01, 0xE7, 0x80, 0x1E, 0x78,
    0x01, 0xE7, 0x80, 0x1E, 0x78, 0x01, 0xE7, 0xC0, 0x1E, 0x7E, 0x02, 0xE7, 0xFF, 0xFE, 0x7A, 0xFF,
    0x97, 0x80, 0x00, 0x78, 0x00, 0x07, 0x80, 0x00, 0x78, 0x00, 0x00, 0x00, 0xBF, 0xFD, 0x0B, 0xFD,
    0x0D, 0x1F, 0xFD, 0x0D, 0x3F, 0xFD, 0x0D, 0x3F, 0xFD, 0x0D, 0x3F, 0xFD, 0x0D, 0x3F, 0xFD, 0x0D,
    0x1F, 0xFD, 0x0D, 0x07, 0xFD, 0x0D, 0x00, 0x1D, 0x0D, 0x00, 0x0D, 0x0D, 0x00, 0x0D, 0x0D, 0x00,
    0x0D, 0x0D, 0x00, 0x0D, 0x0D, 0x00, 0x0D, 0x0D, 0x00, 0x0D, 0x0D, 0x00, 0x0D, 0x0D, 0x00, 0x0D,
    0x0D, 0x00, 0x0D, 0x0D, 0x7B, 0xF7, 0x80, 0x0E, 0x03, 0x80, 0xB5, 0xF8, 0x0B, 0x3F, 0xAB, 0x07,
    0x07, 0x07, 0x07, 0x07, 0x07, 0xF8, 0x07, 0x43, 0x83, 0x80, 0x70, 0xE0, 0x0D, 0x38, 0x03, 0x4E,
    0x01, 0xC1, 0xD0, 0xE0, 0x1F, 0xE0, 0x28, 0x1C, 0x02, 0xD1, 0xE0, 0x0F, 0x0B, 0x40, 0x78, 0x3C,
    0x03, 0xD2, 0xE0, 0x78, 0x3C, 0x0F, 0x0B, 0x42, 0xD1, 0xE0, 0x28, 0x1C, 0x00, 0x0B, 0x00, 0x03,
    0xC0, 0x0F, 0xC0, 0x01, 0xD0, 0x0A, 0xB0, 0x00, 0xF0, 0x00, 0x1C, 0x00, 0xB0, 0x00, 0x07, 0x00,
    0x38, 0x00, 0x01, 0xC0, 0x2C, 0x00, 0x00, 0x70, 0x0E, 0x00, 0x00, 0x1C, 0x0F, 0x00, 0x3C, 0x00,
    0x07, 0x40, 0x3F, 0x00, 0x03, 0xC0, 0x3E, 0xC0, 0x01, 0xD0, 0x2C, 0xB0, 0x00, 0xF0, 0x0D, 0x2C,
    0x00, 0xB4, 0x0B, 0xFF, 0xC0, 0x3C, 0x00, 0x02, 0xC0, 0x2C, 0x00, 0x00, 0xB0, 0x0B, 0x00, 0x07,
    0x40, 0x0F, 0xC0, 0x03, 0xC0, 0x0A, 0xB0, 0x01, 0xD0, 0x00, 0x1C, 0x00, 0xF0, 0x00, 0x07, 0x00,
    0xB4, 0x00, 0x01, 0xC0, 0x38, 0x00, 0x00, 0x70, 0x2C, 0x00, 0x00, 0x1C, 0x0E, 0x0B, 0xF0, 0x00,
    0x0F, 0x02, 0x0B, 0x00, 0x07, 0x80, 0x02, 0xC0, 0x03, 0xC0, 0x01, 0xE0, 0x01, 0xD0, 0x01, 0xF0,
    0x00, 0xF0, 0x01, 0xF0, 0x00, 0x74, 0x00, 0xF0, 0x00, 0x3C, 0x00, 0x3F, 0xF4, 0x2F, 0xD0, 0x00,
    0xB0, 0x01, 0x0B, 0x00, 0x0E, 0x00, 0x00, 0xB0, 0x02, 0xC0, 0x00, 0xBD, 0x00, 0x78, 0x00, 0x00,
    0xB0, 0x0F, 0x00, 0x00, 0x03, 0x41, 0xD0, 0x00, 0x10, 0x70, 0x3C, 0x00, 0x03, 0xFD, 0x07, 0x40,
    0x3C, 0x00, 0x00, 0xF0, 0x0F, 0xC0, 0x00, 0x2D, 0x03, 0xEC, 0x00, 0x03, 0x80, 0xB2, 0xC0, 0x00,
    0xB0, 0x0D, 0x2C, 0x00, 0x0E, 0x02, 0xFF, 0xF0, 0x02, 0xC0, 0x00, 0x2C, 0x00, 0x78, 0x00, 0x02,
    0xC0, 0x00, 0xF0, 0x00, 0xBC, 0x00, 0x0F, 0x00, 0x00, 0x00, 0x00, 0x00, 0x00, 0x3C, 0x00, 0x0E,
    0x00, 0x0B, 0x40, 0x0B, 0x40, 0x07, 0x80, 0x03, 0xC0, 0x01, 0xE0, 0x00, 0x7D, 0x05, 0x0F, 0xFF,
    0xC0, 0xBF, 0x90, 0x00, 0x30, 0x00, 0x00, 0x03, 0xC0, 0x00, 0x00, 0x0F, 0x00, 0x00, 0x00, 0x20,
    0x00, 0x00, 0x00, 0x00, 0x00, 0x00, 0xF0, 0x00, 0x00, 0x2F, 0x40, 0x00, 0x03, 0xFC, 0x00, 0x00,
    0x76, 0xD0, 0x00, 0x0F, 0x1E, 0x00, 0x00, 0xE0, 0xF0, 0x00, 0x2D, 0x0B, 0x80, 0x03, 0xC0, 0x3C,
    0x00, 0x74, 0x02, 0xD0, 0x0F, 0xFF, 0xFE, 0x00, 0xFF, 0xFF, 0xF0, 0x2D, 0x00, 0x0B, 0x43, 0xC0,
    0x00, 0x7C, 0x7C, 0x00, 0x03, 0xCB, 0x40, 0x00, 0x2E, 0x00, 0x00, 0xC0, 0x00, 0x00, 0x3C, 0x00,
    0x00, 0x0F, 0x00, 0x00, 0x00, 0x80, 0x00, 0x00, 0x00, 0x00, 0x00, 0x00, 0xF0, 0x00, 0x00, 0x2F,
    0x40, 0x00, 0x03, 0xFC, 0x00, 0x00, 0x76, 0xD0, 0x00, 0x0F, 0x1E, 0x00, 0x00, 0xE0, 0xF0, 0x00,
    0x2D, 0x0B, 0x80, 0x03, 0xC0, 0x3C, 0x00, 0x74, 0x02, 0xD0, 0x0F, 0xFF, 0xFE, 0x00, 0xFF, 0xFF,
    0xF0, 0x2D, 0x00, 0x0B, 0x43, 0xC0, 0x00, 0x7C, 0x7C, 0x00, 0x03, 0xCB, 0x40, 0x00, 0x2E, 0x00,
    0x09, 0x00, 0x00, 0x01, 0xF4, 0x00, 0x00, 0x76, 0xD0, 0x00, 0x09, 0x09, 0x00, 0x00, 0x00, 0x00,
    0x00, 0x00, 0xF0, 0x00, 0x00, 0x2F, 0x40, 0x00, 0x03, 0xFC, 0x00, 0x00, 0x76, 0xD0, 0x00, 0x0F,
    0x1E, 0x00, 0x00, 0xE0, 0xF0, 0x00, 0x2D, 0x0B, 0x80, 0x03, 0xC0, 0x3C, 0x00, 0x74, 0x02, 0xD0,
    0x0F, 0xFF, 0xFE, 0x00, 0xFF, 0xFF, 0xF0, 0x2D, 0x00, 0x0B, 0x43, 0xC0, 0x00, 0x7C, 0x7C, 0x00,
    0x03, 0xCB, 0x40, 0x00, 0x2E, 0x00, 0x7D, 0x30, 0x00, 0x0F, 0xFF, 0x00, 0x01, 0xC7, 0xD0, 0x00,
    0x00, 0x00, 0x00, 0x00, 0x0F, 0x00, 0x00, 0x02, 0xF4, 0x00, 0x00, 0x3F, 0xC0, 0x00, 0x07, 0x6D,
    0x00, 0x00, 0xF1, 0xE0, 0x00, 0x0E, 0x0F, 0x00, 0x02, 0xD0, 0xB8, 0x00, 0x3C, 0x03, 0xC0, 0x07,
    0x40, 0x2D, 0x00, 0xFF, 0xFF, 0xE0, 0x0F, 0xFF, 0xFF, 0x02, 0xD0, 0x00, 0xB4, 0x3C, 0x00, 0x07,
    0xC7, 0xC0, 0x00, 0x3C, 0xB4, 0x00, 0x02, 0xE0, 0x00, 0xF0, 0xF0, 0x00, 0x0F, 0x0F, 0x00, 0x00,
    0x00, 0x00, 0x00, 0x00, 0xF0, 0x00, 0x00, 0x2F, 0x40, 0x00, 0x03, 0xFC, 0x00, 0x00, 0x76, 0xD0,
    0x00, 0x0F, 0x1E, 0x00, 0x00, 0xE0, 0xF0, 0x00, 0x2D, 0x0B, 0x80, 0x03, 0xC0, 0x3C, 0x00, 0x74,
    0x02, 0xD0, 0x0F, 0xFF, 0xFE, 0x00, 0xFF, 0xFF, 0xF0, 0x2D, 0x00, 0x0B, 0x43, 0xC0, 0x00, 0x7C,
    0x7C, 0x00, 0x03, 0xCB, 0x40, 0x00, 0x2E, 0x00, 0x1F, 0x40, 0x00, 0x03, 0x0C, 0x00, 0x00, 0x30,
    0xC0, 0x00, 0x03, 0xF8, 0x00, 0x00, 0x2F, 0x40, 0x00, 0x03, 0xFC, 0x00, 0x00, 0x7B, 0xD0, 0x00,
    0x0F, 0x1E, 0x00, 0x00, 0xF0, 0xF0, 0x00, 0x2D, 0x0B, 0x40, 0x03, 0xC0, 0x3C, 0x00, 0x74, 0x02,
    0xD0, 0x0F, 0xFF, 0xFE, 0x00, 0xFF, 0xFF, 0xF0, 0x2D, 0x00, 0x0B, 0x43, 0xC0, 0x00, 0x7C, 0x7C,
    0x00, 0x03, 0xCB, 0x40, 0x00, 0x2E, 0x00, 0x00, 0x7F, 0xFF, 0xF4, 0x00, 0x03, 0xFF, 0xFF, 0xD0,
    0x00, 0x2E, 0xF0, 0x00, 0x00, 0x00, 0xF3, 0xC0, 0x00, 0x00, 0x0B, 0x0F, 0x00, 0x00, 0x00, 0x74,
    0x3C, 0x00, 0x00, 0x03, 0xC0, 0xFF, 0xFE, 0x00, 0x2C, 0x03, 0xFF, 0xF8, 0x00, 0xE0, 0x0F, 0x00,
    0x00, 0x0F, 0xFF, 0xFC, 0x00, 0x00, 0x7F, 0xFF, 0xF0, 0x00, 0x03, 0xC0, 0x03, 0xC0, 0x00, 0x1E,
    0x00, 0x0F, 0x00, 0x00, 0xF0, 0x00, 0x3F, 0xFF, 0xFB, 0x80, 0x00, 0xFF, 0xFF, 0xC0, 0x00, 0x7F,
    0xE4, 0x07, 0xFF, 0xFC, 0x0F, 0xD0, 0x18, 0x3E, 0x00, 0x00, 0x7C, 0x00, 0x00, 0xB8, 0x00, 0x00,
    0xB4, 0x00, 0x00, 0xF4, 0x00, 0x00, 0xB4, 0x00, 0x00, 0xB8, 0x00, 0x00, 0x7C, 0x00, 0x00, 0x3E,
    0x00, 0x00, 0x1F, 0x90, 0x18, 0x07, 0xFF, 0xFD, 0x00, 0xBF, 0xF8, 0x00, 0x1E, 0x00, 0x00, 0x0F,
    0x00, 0x00, 0xBE, 0x00, 0x01, 0xC0, 0x00, 0x07, 0xC0, 0x00, 0x07, 0x80, 0x00, 0x06, 0x00, 0x00,
    0x00, 0x00, 0xFF, 0xFF, 0x83, 0xFF, 0xFE, 0x0F, 0x00, 0x00, 0x3C, 0x00, 0x00, 0xF0, 0x00, 0x03,
    0xC0, 0x00, 0x0F, 0xFF, 0xF0, 0x3F, 0xFF, 0xC0, 0xF0, 0x00, 0x03, 0xC0, 0x00, 0x0F, 0x00, 0x00,
    0x3C, 0x00, 0x00, 0xF0, 0x00, 0x03, 0xFF, 0xFF, 0x0F, 0xFF, 0xFC, 0x00, 0x06, 0x00, 0x00, 0x78,
    0x00, 0x07, 0x80, 0x00, 0x08, 0x00, 0x00, 0x00, 0x00, 0xFF, 0xFF, 0x83, 0xFF, 0xFE, 0x0F, 0x00,
    0x00, 0x3C, 0x00, 0x00, 0xF0, 0x00, 0x03, 0xC0, 0x00, 0x0F, 0xFF, 0xF0, 0x3F, 0xFF, 0xC0, 0xF0,
    0x00, 0x03, 0xC0, 0x00, 0x0F, 0x00, 0x00, 0x3C, 0x00, 0x00, 0xF0, 0x00, 0x03, 0xFF, 0xFF, 0x0F,
    0xFF, 0xFC, 0x00, 0x60, 0x00, 0x03, 0xE0, 0x00, 0x39, 0xE0, 0x01, 0x81, 0x80, 0x00, 0x00, 0x00,
    0xFF, 0xFF, 0x83, 0xFF, 0xFE, 0x0F, 0x00, 0x00, 0x3C, 0x00, 0x00, 0xF0, 0x00, 0x03, 0xC0, 0x00,
    0x0F, 0xFF, 0xF0, 0x3F, 0xFF, 0xC0, 0xF0, 0x00, 0x03, 0xC0, 0x00, 0x0F, 0x00, 0x00, 0x3C, 0x00,
    0x00, 0xF0, 0x00, 0x03, 0xFF, 0xFF, 0x0F, 0xFF, 0xFC, 0x0B, 0x0B, 0x00, 0x2C, 0x2C, 0x00, 0x00,
    0x00, 0x0F, 0xFF, 0xF8, 0x3F, 0xFF, 0xE0, 0xF0, 0x00, 0x03, 0xC0, 0x00, 0x0F, 0x00, 0x00, 0x3C,
    0x00, 0x00, 0xFF, 0xFF, 0x03, 0xFF, 0xFC, 0x0F, 0x00, 0x00, 0x3C, 0x00, 0x00, 0xF0, 0x00, 0x03,
    0xC0, 0x00, 0x0F, 0x00, 0x00, 0x3F, 0xFF, 0xF0, 0xFF, 0xFF, 0xC0, 0x30, 0x0F, 0x01, 0xF0, 0x18,
    0x00, 0x03, 0xC0, 0xF0, 0x3C, 0x0F, 0x03, 0xC0, 0xF0, 0x3C, 0x0F, 0x03, 0xC0, 0xF0, 0x3C, 0x0F,
    0x03, 0xC0, 0xF0, 0x3C, 0x06, 0x03, 0xC3, 0xC0, 0x80, 0x00, 0x0F, 0x03, 0xC0, 0xF0, 0x3C, 0x0F,
    0x03, 0xC0, 0xF0, 0x3C, 0x0F, 0x03, 0xC0, 0xF0, 0x3C, 0x0F, 0x03, 0xC0, 0xF0, 0x02, 0x40, 0x2F,
    0x41, 0xDB, 0x09, 0x09, 0x00, 0x00, 0x0F, 0x00, 0x3C, 0x00, 0xF0, 0x03, 0xC0, 0x0F, 0x00, 0x3C,
    0x00, 0xF0, 0x03, 0xC0, 0x0F, 0x00, 0x3C, 0x00, 0xF0, 0x03, 0xC0, 0x0F, 0x00, 0x3C, 0x00, 0xF0,
    0x3C, 0x3C, 0x3C, 0x3C, 0x00, 0x00, 0x03, 0xC0, 0x03, 0xC0, 0x03, 0xC0, 0x03, 0xC0, 0x03, 0xC0,
    0x03, 0xC0, 0x03, 0xC0, 0x03, 0xC0, 0x03, 0xC0, 0x03, 0xC0, 0x03, 0xC0, 0x03, 0xC0, 0x03, 0xC0,
    0x03, 0xC0, 0x03, 0xC0, 0x0B, 0xFF, 0x90, 0x00, 0x3F, 0xFF, 0xF4, 0x00, 0xF0, 0x07, 0xF4, 0x03,
    0xC0, 0x02, 0xF0, 0x0F, 0x00, 0x03, 0xE0, 0x3C, 0x00, 0x07, 0xCB, 0xFF, 0xC0, 0x0F, 0x2F, 0xFF,
    0x00, 0x3C, 0x0F, 0x00, 0x00, 0xF0, 0x3C, 0x00, 0x07, 0xC0, 0xF0, 0x00, 0x3E, 0x03, 0xC0, 0x02,
    0xF0, 0x0F, 0x00, 0x7F, 0x40, 0x3F, 0xFF, 0xF4, 0x00, 0xBF, 0xF9, 0x00, 0x00, 0x00, 0xB8, 0x70,
    0x00, 0x7F, 0xF8, 0x00, 0x28, 0x7C, 0x00, 0x00, 0x00, 0x00, 0x3C, 0x00, 0x0B, 0x4F, 0x80, 0x02,
    0xD3, 0xF4, 0x00, 0xB4, 0xFF, 0x40, 0x2D, 0x3D, 0xF0, 0x0B, 0x4F, 0x1E, 0x02, 0xD3, 0xC2, 0xD0,
    0xB4, 0xF0, 0x3C, 0x2D, 0x3C, 0x07, 0xCB, 0x4F, 0x00, 0xB6, 0xD3, 0xC0, 0x0F, 0xB4, 0xF0, 0x01,
    0xFD, 0x3C, 0x00, 0x2F, 0x4F, 0x00, 0x03, 0xD3, 0xC0, 0x00, 0xB4, 0x00, 0x24, 0x00, 0x00, 0x00,
    0xF4, 0x00, 0x00, 0x00, 0xF0, 0x00, 0x00, 0x00, 0x80, 0x00, 0x00, 0x00, 0x00, 0x00, 0x01, 0xFF,
    0x80, 0x00, 0x7F, 0xFF, 0xE0, 0x03, 0xF4, 0x0B, 0xE0, 0x3E, 0x00, 0x07, 0xC1, 0xF0, 0x00, 0x0B,
    0x8B, 0x80, 0x00, 0x1F, 0x2D, 0x00, 0x00, 0x3C, 0xF4, 0x00, 0x00, 0xF2, 0xD0, 0x00, 0x03, 0xCB,
    0x80, 0x00, 0x1F, 0x1F, 0x00, 0x00, 0xB8, 0x3E, 0x00, 0x07, 0xC0, 0x3F, 0x40, 0xBE, 0x00, 0x7F,
    0xFF, 0xE0, 0x00, 0x1F, 0xF8, 0x00, 0x00, 0x00, 0xC0, 0x00, 0x00, 0x0F, 0x00, 0x00, 0x00, 0xF4,
    0x00, 0x00, 0x02, 0x40, 0x00, 0x00, 0x00, 0x00, 0x00, 0x01, 0xFF, 0x80, 0x00, 0x7F, 0xFF, 0xE0,
    0x03, 0xF4, 0x0B, 0xE0, 0x3E, 0x00, 0x07, 0xC1, 0xF0, 0x00, 0x0B, 0x8B, 0x80, 0x00, 0x1F, 0x2D,
    0x00, 0x00, 0x3C, 0xF4, 0x00, 0x00, 0xF2, 0xD0, 0x00, 0x03, 0xCB, 0x80, 0x00, 0x1F, 0x1F, 0x00,
    0x00, 0xB8, 0x3E, 0x00, 0x07, 0xC0, 0x3F, 0x40, 0xBE, 0x00, 0x7F, 0xFF, 0xE0, 0x00, 0x1F, 0xF8,
    0x00, 0x00, 0x06, 0x00, 0x00, 0x00, 0x7E, 0x00, 0x00, 0x03, 0x9D, 0x00, 0x00, 0x18, 0x18, 0x00,
    0x00, 0x00, 0x00, 0x00, 0x01, 0xFF, 0x80, 0x00, 0x7F, 0xFF, 0xE0, 0x03, 0xF4, 0x0B, 0xE0, 0x3E,
    0x00, 0x07, 0xC1, 0xF0, 0x00, 0x0B, 0x8B, 0x80, 0x00, 0x1F, 0x2D, 0x00, 0x00, 0x3C, 0xF4, 0x00,
    0x00, 0xF2, 0xD0, 0x00, 0x03, 0xCB, 0x80, 0x00, 0x1F, 0x1F, 0x00, 0x00, 0xB8, 0x3E, 0x00, 0x07,
    0xC0, 0x3F, 0x40, 0xBE, 0x00, 0x7F, 0xFF, 0xE0, 0x00, 0x1F, 0xF8, 0x00, 0x00, 0x3D, 0x24, 0x00,
    0x03, 0xFF, 0xC0, 0x00, 0x0C, 0x2D, 0x00, 0x00, 0x00, 0x00, 0x00, 0x00, 0x7F, 0xE0, 0x00, 0x1F,
    0xFF, 0xF8, 0x00, 0xFD, 0x02, 0xF8, 0x0F, 0x80, 0x01, 0xF0, 0x7C, 0x00, 0x02, 0xE2, 0xE0, 0x00,
    0x07, 0xCB, 0x40, 0x00, 0x0F, 0x3D, 0x00, 0x00, 0x3C, 0xB4, 0x00, 0x00, 0xF2, 0xE0, 0x00, 0x07,
    0xC7, 0xC0, 0x00, 0x2E, 0x0F, 0x80, 0x01, 0xF0, 0x0F, 0xD0, 0x2F, 0x80, 0x1F, 0xFF, 0xF8, 0x00,
    0x07, 0xFE, 0x00, 0x00, 0x00, 0xF0, 0xF0, 0x00, 0x03, 0xC3, 0xC0, 0x00, 0x00, 0x00, 0x00, 0x00,
    0x1F, 0xF8, 0x00, 0x07, 0xFF, 0xFE, 0x00, 0x3F, 0x40, 0xBE, 0x03, 0xE0, 0x00, 0x7C, 0x1F, 0x00,
    0x00, 0xB8, 0xB8, 0x00, 0x01, 0xF2, 0xD0, 0x00, 0x03, 0xCF, 0x40, 0x00, 0x0F, 0x2D, 0x00, 0x00,
    0x3C, 0xB8, 0x00, 0x01, 0xF1, 0xF0, 0x00, 0x0B, 0x83, 0xE0, 0x00, 0x7C, 0x03, 0xF4, 0x0B, 0xE0,
    0x07, 0xFF, 0xFE, 0x00, 0x01, 0xFF, 0x80, 0x00, 0x00, 0x00, 0x03, 0xC0, 0x3C, 0x1F, 0x0F, 0x40,
    0x7F, 0xC0, 0x02, 0xF4, 0x00, 0x7F, 0xC0, 0x1F, 0x0F, 0x43, 0xC0, 0x3C, 0x00, 0x00, 0x00, 0x00,
    0x7F, 0xE0, 0xC0, 0x1F, 0xFF, 0xFF, 0x00, 0xFD, 0x02, 0xF8, 0x0F, 0x80, 0x0B, 0xF0, 0x7C, 0x00,
    0x7F, 0xE2, 0xE0, 0x03, 0xC7, 0xCB, 0x40, 0x3C, 0x0F, 0x3D, 0x03, 0xD0, 0x3C, 0xB4, 0x2D, 0x00,
    0xF2, 0xE2, 0xE0, 0x07, 0xC7, 0xDE, 0x00, 0x2E, 0x0F, 0xF0, 0x01, 0xF0, 0x0F, 0xD0, 0x2F, 0x80,
    0xBF, 0xFF, 0xF8, 0x02, 0x8B, 0xFE, 0x00, 0x00, 0x00, 0x90, 0x00, 0x00, 0xF4, 0x00, 0x00, 0x3C,
    0x00, 0x00, 0x08, 0x00, 0x00, 0x00, 0x00, 0x78, 0x00, 0x1F, 0x78, 0x00, 0x1F, 0x78, 0x00, 0x1F,
    0x78, 0x00, 0x1F, 0x78, 0x00, 0x1F, 0x78, 0x00, 0x1F, 0x78, 0x00, 0x1F, 0x78, 0x00, 0x1F, 0x78,
    0x00, 0x1F, 0x7C, 0x00, 0x1E, 0x3C, 0x00, 0x2E, 0x3D, 0x00, 0x3D, 0x2F, 0x40, 0xFC, 0x0B, 0xFF,
    0xF4, 0x01, 0xFF, 0x80, 0x00, 0x03, 0x00, 0x00, 0x0F, 0x40, 0x00, 0x2D, 0x00, 0x00, 0x24, 0x00,
    0x00, 0x00, 0x00, 0x78, 0x00, 0x1F, 0x78, 0x00, 0x1F, 0x78, 0x00, 0x1F, 0x78, 0x00, 0x1F, 0x78,
    0x00, 0x1F, 0x78, 0x00, 0x1F, 0x78, 0x00, 0x1F, 0x78, 0x00, 0x1F, 0x78, 0x00, 0x1F, 0x7C, 0x00,
    0x1E, 0x3C, 0x00, 0x2E, 0x3D, 0x00, 0x3D, 0x2F, 0x40, 0xFC, 0x0B, 0xFF, 0xF4, 0x01, 0xFF, 0x80,
    0x00, 0x18, 0x00, 0x00, 0x3E, 0x00, 0x00, 0xE7, 0x80, 0x01, 0x81, 0x80, 0x00, 0x00, 0x00, 0x78,
    0x00, 0x1F, 0x78, 0x00, 0x1F, 0x78, 0x00, 0x1F, 0x78, 0x00, 0x1F, 0x78, 0x00, 0x1F, 0x78, 0x00,
    0x1F, 0x78, 0x00, 0x1F, 0x78, 0x00, 0x1F, 0x78, 0x00, 0x1F, 0x7C, 0x00, 0x1E, 0x3C, 0x00, 0x2E,
    0x3D, 0x00, 0x3D, 0x2F, 0x40, 0xFC, 0x0B, 0xFF, 0xF4, 0x01, 0xFF, 0x80, 0x02, 0xC2, 0xC0, 0x02,
    0xC2, 0xC0, 0x00, 0x00, 0x00, 0x78, 0x00, 0x1F, 0x78, 0x00, 0x1F, 0x78, 0x00, 0x1F, 0x78, 0x00,
    0x1F, 0x78, 0x00, 0x1F, 0x78, 0x00, 0x1F, 0x78, 0x00, 0x1F, 0x78, 0x00, 0x1F, 0x78, 0x00, 0x1F,
    0x7C, 0x00, 0x1E, 0x3C, 0x00, 0x2E, 0x3D, 0x00, 0x3D, 0x2F, 0x40, 0xFC, 0x0B, 0xFF, 0xF4, 0x01,
    0xFF, 0x80, 0x00, 0x02, 0x40, 0x00, 0x02, 0xD0, 0x00, 0x02, 0xD0, 0x00, 0x00, 0x90, 0x00, 0x00,
    0x00, 0x00, 0x2F, 0x00, 0x03, 0xC3, 0xD0, 0x02, 0xE0, 0xBC, 0x00, 0xF0, 0x0F, 0x40, 0xB8, 0x01,
    0xF0, 0x3C, 0x00, 0x3D, 0x3D, 0x00, 0x03, 0xEF, 0x00, 0x00, 0xBF, 0x00, 0x00, 0x0F, 0x80, 0x00,
    0x02, 0xD0, 0x00, 0x00, 0xB4, 0x00, 0x00, 0x2D, 0x00, 0x00, 0x0B, 0x40, 0x00, 0x02, 0xD0, 0x00,
    0x00, 0xB4, 0x00, 0x3C, 0x00, 0x00, 0x3C, 0x00, 0x00, 0x3F, 0xFE, 0x40, 0x3F, 0xFF, 0xE0, 0x3C,
    0x02, 0xF4, 0x3C, 0x00, 0x7C, 0x3C, 0x00, 0x3C, 0x3C, 0x00, 0x3C, 0x3C, 0x00, 0x7C, 0x3C, 0x02,
    0xF4, 0x3F, 0xFF, 0xE0, 0x3F, 0xFE, 0x40, 0x3C, 0x00, 0x00, 0x3C, 0x00, 0x00, 0x3C, 0x00, 0x00,
    0x06, 0xFE, 0x00, 0x1F, 0xFF, 0xC0, 0x3E, 0x07, 0xD0, 0x3C, 0x02, 0xD0, 0x78, 0x02, 0xC0, 0x78,
    0x07, 0x40, 0x78, 0x0D, 0x00, 0x78, 0x3C, 0x00, 0x78, 0x3E, 0x00, 0x78, 0x3F, 0xD0, 0x78, 0x0B,
    0xF8, 0x78, 0x00, 0xBC, 0x78, 0x00, 0x3C, 0x78, 0x10, 0x3C, 0x78, 0xBF, 0xF8, 0x78, 0x7F, 0xE0,
    0x01, 0x80, 0x00, 0x2E, 0x00, 0x00, 0xB8, 0x00, 0x02, 0x40, 0x00, 0x00, 0x00, 0xBF, 0xE0, 0x0F,
    0xFF, 0x80, 0x00, 0x7C, 0x00, 0x02, 0xD0, 0x6F, 0xFD, 0x1F, 0xFF, 0xD3, 0xE0, 0x2D, 0x3C, 0x02,
    0xD3, 0xD0, 0x2D, 0x2F, 0xFF, 0xD0, 0x7F, 0xF8, 0x00, 0x09, 0x00, 0x02, 0xE0, 0x00, 0x78, 0x00,
    0x06, 0x00, 0x00, 0x00, 0x00, 0xBF, 0xE0, 0x0F, 0xFF, 0x80, 0x00, 0x7C, 0x00, 0x02, 0xD0, 0x6F,
    0xFD, 0x1F, 0xFF, 0xD3, 0xE0, 0x2D, 0x3C, 0x02, 0xD3, 0xD0, 0x2D, 0x2F, 0xFF, 0xD0, 0x7F, 0xF8,
    0x00, 0x20, 0x00, 0x0F, 0xC0, 0x03, 0xCF, 0x00, 0x20, 0x20, 0x00, 0x00, 0x00, 0xBF, 0xE0, 0x0F,
    0xFF, 0x80, 0x00, 0x7C, 0x00, 0x02, 0xD0, 0x6F, 0xFD, 0x1F, 0xFF, 0xD3, 0xE0, 0x2D, 0x3C, 0x02,
    0xD3, 0xD0, 0x2D, 0x2F, 0xFF, 0xD0, 0x7F, 0xF8, 0x02, 0xE1, 0x80, 0xBF, 0xF8, 0x09, 0x2E, 0x00,
    0x00, 0x00, 0x00, 0x00, 0x00, 0xBF, 0xE0, 0x0F, 0xFF, 0x80, 0x00, 0x7C, 0x00, 0x02, 0xD0, 0x6F,
    0xFD, 0x1F, 0xFF, 0xD3, 0xE0, 0x2D, 0x3C, 0x02, 0xD3, 0xD0, 0x2D, 0x2F, 0xFF, 0xD0, 0x7F, 0xF8,
    0x07, 0x47, 0x40, 0x74, 0x74, 0x00, 0x00, 0x00, 0x00, 0x00, 0x0B, 0xFE, 0x00, 0xFF, 0xF8, 0x00,
    0x07, 0xC0, 0x00, 0x2D, 0x06, 0xFF, 0xD1, 0xFF, 0xFD, 0x3E, 0x02, 0xD3, 0xC0, 0x2D, 0x3D, 0x02,
    0xD2, 0xFF, 0xFD, 0x07, 0xFF, 0x80, 0x00, 0xB8, 0x00, 0x28, 0xA0, 0x02, 0x8A, 0x00, 0x0B, 0x80,
    0x00, 0x00, 0x00, 0xBF, 0xE0, 0x0F, 0xFF, 0x80, 0x00, 0x7C, 0x00, 0x02, 0xD0, 0x6F, 0xFD, 0x1F,
    0xFF, 0xD3, 0xE0, 0x2D, 0x3C, 0x02, 0xD3, 0xD0, 0x2D, 0x2F, 0xFF, 0xD0, 0x7F, 0xF8, 0x0B, 0xFD,
    0x0B, 0xF8, 0x03, 0xFF, 0xEF, 0xFF, 0xC0, 0x00, 0x7F, 0x80, 0xF4, 0x00, 0x0B, 0x80, 0x0E, 0x06,
    0xFF, 0xFF, 0xFF, 0xC7, 0xFF, 0xFF, 0xFF, 0xF3, 0xE0, 0x2E, 0x00, 0x00, 0xF0, 0x03, 0xC0, 0x00,
    0x3D, 0x01, 0xF8, 0x01, 0x07, 0xFF, 0xFF, 0xFF, 0xC0, 0x7F, 0xE4, 0xBF, 0xE0, 0x02, 0xFE, 0x07,
    0xFF, 0xC3, 0xE0, 0x12, 0xE0, 0x00, 0xF4, 0x00, 0x3C, 0x00, 0x0F, 0x00, 0x02, 0xE0, 0x00, 0x3E,
    0x01, 0x0B, 0xFF, 0xC0, 0x6F, 0xE0, 0x03, 0x80, 0x00, 0xF0, 0x00, 0x1E, 0x00, 0x3F, 0x00, 0x02,
    0x00, 0x00, 0x3C, 0x00, 0x00, 0xF0, 0x00, 0x02, 0x00, 0x00, 0x00, 0x00, 0x6F, 0xD0, 0x1F, 0xFF,
    0x83, 0xD0, 0x7C, 0xB4, 0x02, 0xDF, 0xFF, 0xFE, 0xFF, 0xFF, 0xEF, 0x00, 0x00, 0xB8, 0x00, 0x03,
    0xE0, 0x04, 0x2F, 0xFF, 0x80, 0x6F, 0xF4, 0x00, 0x0C, 0x00, 0x03, 0xC0, 0x00, 0xF0, 0x00, 0x08,
    0x00, 0x00, 0x00, 0x00, 0x6F, 0xD0, 0x1F, 0xFF, 0x83, 0xD0, 0x7C, 0xB4, 0x02, 0xDF, 0xFF, 0xFE,
    0xFF, 0xFF, 0xEF, 0x00, 0x00, 0xB8, 0x00, 0x03, 0xE0, 0x04, 0x2F, 0xFF, 0x80, 0x6F, 0xF4, 0x00,
    0x50, 0x00, 0x1F, 0x40, 0x07, 0x9D, 0x00, 0x50, 0x50, 0x00, 0x00, 0x00, 0x6F, 0xD0, 0x1F, 0xFF,
    0x83, 0xD0, 0x7C, 0xB4, 0x02, 0xDF, 0xFF, 0xFE, 0xFF, 0xFF, 0xEF, 0x00, 0x00, 0xB8, 0x00, 0x03,
    0xE0, 0x04, 0x2F, 0xFF, 0x80, 0x6F, 0xF4, 0x0F, 0x0F, 0x00, 0xF0, 0xF0, 0x00, 0x00, 0x00, 0x00,
    0x00, 0x06, 0xFD, 0x01, 0xFF, 0xF8, 0x3D, 0x07, 0xCB, 0x40, 0x2D, 0xFF, 0xFF, 0xEF, 0xFF, 0xFE,
    0xF0, 0x00, 0x0B, 0x80, 0x00, 0x3E, 0x00, 0x42, 0xFF, 0xF8, 0x06, 0xFF, 0x40, 0x60, 0x1E, 0x01,
    0xE0, 0x18, 0x00, 0x07, 0x81, 0xE0, 0x78, 0x1E, 0x07, 0x81, 0xE0, 0x78, 0x1E, 0x07, 0x81, 0xE0,
    0x78, 0x06, 0x07, 0x87, 0x81, 0x80, 0x00, 0x1E, 0x07, 0x81, 0xE0, 0x78, 0x1E, 0x07, 0x81, 0xE0,
    0x78, 0x1E, 0x07, 0x81, 0xE0, 0x02, 0x00, 0x2F, 0x02, 0xDF, 0x08, 0x08, 0x00, 0x00, 0x1E, 0x00,
    0x78, 0x01, 0xE0, 0x07, 0x80, 0x1E, 0x00, 0x78, 0x01, 0xE0, 0x07, 0x80, 0x1E, 0x00, 0x78, 0x01,
    0xE0, 0x78, 0x79, 0xE1, 0xE0, 0x00, 0x00, 0x00, 0x07, 0x80, 0x1E, 0x00, 0x78, 0x01, 0xE0, 0x07,
    0x80, 0x1E, 0x00, 0x78, 0x01, 0xE0, 0x07, 0x80, 0x1E, 0x00, 0x78, 0x00, 0x00, 0x38, 0x64, 0x01,
    0xFF, 0xE0, 0x0B, 0xFC, 0x00, 0x29, 0xF0, 0x00, 0x01, 0xE0, 0x1F, 0xF7, 0xC2, 0xFF, 0xFF, 0x1F,
    0x40, 0xBC, 0xB8, 0x00, 0xF3, 0xC0, 0x03, 0xCF, 0x00, 0x0F, 0x3C, 0x00, 0x3C, 0xB8, 0x02, 0xE0,
    0xF8, 0x1F, 0x01, 0xFF, 0xF8, 0x01, 0xBF, 0x40, 0x07, 0xD2, 0x40, 0xFF, 0xF0, 0x0C, 0x2D, 0x00,
    0x00, 0x00, 0x00, 0x00, 0x02, 0xFF, 0xD0, 0x7F, 0xFF, 0x87, 0x80, 0x7C, 0x78, 0x02, 0xD7, 0x80,
    0x2D, 0x78, 0x01, 0xE7, 0x80, 0x1E, 0x78, 0x01, 0xE7, 0x80, 0x1E, 0x78, 0x01, 0xE7, 0x80, 0x1E,
    0x02, 0x40, 0x00, 0x0F, 0x40, 0x00, 0x0F, 0x00, 0x00, 0x08, 0x00, 0x00, 0x00, 0x00, 0x1B, 0xF4,
    0x01, 0xFF, 0xFC, 0x0F, 0x81, 0xF8, 0xB8, 0x00, 0xF3, 0xD0, 0x03, 0xCF, 0x00, 0x0F, 0x7D, 0x00,
    0x3C, 0xB8, 0x00, 0xF0, 0xF8, 0x1F, 0x81, 0xFF, 0xFC, 0x01, 0xBF, 0x40, 0x00, 0x0C, 0x00, 0x00,
    0xF4, 0x00, 0x0B, 0x40, 0x00, 0x24, 0x00, 0x00, 0x00, 0x00, 0x1B, 0xF4, 0x01, 0xFF, 0xFC, 0x0F,
    0x81, 0xF8, 0xB8, 0x00, 0xF3, 0xD0, 0x03, 0xCF, 0x00, 0x0F, 0x7D, 0x00, 0x3C, 0xB8, 0x00, 0xF0,
    0xF8, 0x1F, 0x81, 0xFF, 0xFC, 0x01, 0xBF, 0x40, 0x00, 0x60, 0x00, 0x03, 0xE0, 0x00, 0x39, 0xE0,
    0x01, 0x81, 0x80, 0x00, 0x00, 0x00, 0x1B, 0xF4, 0x01, 0xFF, 0xFC, 0x0F, 0x81, 0xF8, 0xB8, 0x00,
    0xF3, 0xD0, 0x03, 0xCF, 0x00, 0x0F, 0x7D, 0x00, 0x3C, 0xB8, 0x00, 0xF0, 0xF8, 0x1F, 0x81, 0xFF,
    0xFC, 0x01, 0xBF, 0x40, 0x03, 0xD2, 0x40, 0x3F, 0xFC, 0x00, 0xC2, 0xD0, 0x00, 0x00, 0x00, 0x00,
    0x00, 0x00, 0x1B, 0xF4, 0x01, 0xFF, 0xFC, 0x0F, 0x81, 0xF8, 0xB8, 0x00, 0xF3, 0xD0, 0x03, 0xCF,
    0x00, 0x0F, 0x7D, 0x00, 0x3C, 0xB8, 0x00, 0xF0, 0xF8, 0x1F, 0x81, 0xFF, 0xFC, 0x01, 0xBF, 0x40,
    0x0B, 0x0F, 0x00, 0x2C, 0x3C, 0x00, 0x00, 0x00, 0x00, 0x00, 0x00, 0x06, 0xFD, 0x00, 0x7F, 0xFF,
    0x03, 0xE0, 0x7E, 0x2E, 0x00, 0x3C, 0xF4, 0x00, 0xF3, 0xC0, 0x03, 0xDF, 0x40, 0x0F, 0x2E, 0x00,
    0x3C, 0x3E, 0x07, 0xE0, 0x7F, 0xFF, 0x00, 0x6F, 0xD0, 0x00, 0x00, 0xF0, 0x00, 0x1F, 0x00, 0x00,
    0xF0, 0x00, 0x00, 0x00, 0x00, 0x00, 0x0F, 0xFF, 0xFE, 0xFF, 0xFF, 0xE0, 0x00, 0x00, 0x00, 0x00,
    0x00, 0x0F, 0x00, 0x01, 0xF0, 0x00, 0x0F, 0x00, 0x06, 0xFD, 0x60, 0x7F, 0xFF, 0x43, 0xE0, 0x7D,
    0x2E, 0x03, 0xFC, 0xF0, 0x3C, 0xF3, 0xC3, 0xC2, 0xDF, 0x6D, 0x0F, 0x2F, 0xD0, 0x3C, 0x3E, 0x07,
    0xE0, 0xFF, 0xFF, 0x07, 0x6F, 0xD0, 0x00, 0x03, 0x00, 0x00, 0x3C, 0x00, 0x00, 0xF0, 0x00, 0x02,
    0x00, 0x00, 0x00, 0x07, 0x80, 0x2D, 0x78, 0x02, 0xD7, 0x80, 0x2D, 0x78, 0x02, 0xD7, 0x80, 0x2D,
    0x78, 0x02, 0xD7, 0x80, 0x2D, 0x7C, 0x02, 0xD3, 0xE0, 0x2D, 0x2F, 0xFF, 0xD0, 0x7F, 0xF8, 0x00,
    0x08, 0x00, 0x03, 0xC0, 0x00, 0xF0, 0x00, 0x08, 0x00, 0x00, 0x00, 0x07, 0x80, 0x2D, 0x78, 0x02,
    0xD7, 0x80, 0x2D, 0x78, 0x02, 0xD7, 0x80, 0x2D, 0x78, 0x02, 0xD7, 0x80, 0x2D, 0x7C, 0x02, 0xD3,
    0xE0, 0x2D, 0x2F, 0xFF, 0xD0, 0x7F, 0xF8, 0x00, 0x90, 0x00, 0x1F, 0x40, 0x07, 0x6D, 0x00, 0x90,
    0x90, 0x00, 0x00, 0x07, 0x80, 0x2D, 0x78, 0x02, 0xD7, 0x80, 0x2D, 0x78, 0x02, 0xD7, 0x80, 0x2D,
    0x78, 0x02, 0xD7, 0x80, 0x2D, 0x7C, 0x02, 0xD3, 0xE0, 0x2D, 0x2F, 0xFF, 0xD0, 0x7F, 0xF8, 0x0F,
    0x0F, 0x00, 0xF0, 0xF0, 0x00, 0x00, 0x00, 0x00, 0x00, 0x78, 0x02, 0xD7, 0x80, 0x2D, 0x78, 0x02,
    0xD7, 0x80, 0x2D, 0x78, 0x02, 0xD7, 0x80, 0x2D, 0x78, 0x02, 0xD7, 0xC0, 0x2D, 0x3E, 0x02, 0xD2,
    0xFF, 0xFD, 0x07, 0xFF, 0x80, 0x00, 0x09, 0x00, 0x00, 0xB8, 0x00, 0x07, 0x80, 0x00, 0x18, 0x00,
    0x00, 0x00, 0x02, 0xE0, 0x03, 0xC3, 0xC0, 0x1E, 0x0F, 0x00, 0xB4, 0x2D, 0x03, 0xC0, 0x3C, 0x0F,
    0x00, 0xF0, 0x74, 0x01, 0xE2, 0xC0, 0x03, 0xCF, 0x00, 0x0B, 0xB4, 0x00, 0x0F, 0xC0, 0x00, 0x2E,
    0x00, 0x00, 0xB4, 0x00, 0x07, 0xC0, 0x0B, 0xFC, 0x00, 0x2F, 0x80, 0x00, 0x38, 0x00, 0x01, 0xE0,
    0x00, 0x07, 0x80, 0x00, 0x1E, 0x00, 0x00, 0x78, 0x00, 0x01, 0xFF, 0xF4, 0x07, 0xFF, 0xF8, 0x1E,
    0x01, 0xF8, 0x78, 0x01, 0xF1, 0xE0, 0x03, 0xC7, 0x80, 0x0F, 0x5E, 0x00, 0x3C, 0x78, 0x00, 0xF1,
    0xF4, 0x1F, 0x87, 0xFF, 0xFC, 0x1F, 0xBF, 0x80, 0x78, 0x00, 0x01, 0xE0, 0x00, 0x07, 0x80, 0x00,
    0x1E, 0x00, 0x00, 0x07, 0x47, 0x40, 0x1D, 0x1D, 0x00, 0x00, 0x00, 0x00, 0x00, 0x00, 0xB8, 0x00,
    0xF0, 0xF0, 0x07, 0x83, 0xC0, 0x2D, 0x0B, 0x40, 0xF0, 0x0F, 0x03, 0xC0, 0x3C, 0x1D, 0x00, 0x78,
    0xB0, 0x00, 0xF3, 0xC0, 0x02, 0xED, 0x00, 0x03, 0xF0, 0x00, 0x0B, 0x80, 0x00, 0x2D, 0x00, 0x01,
    0xF0, 0x02, 0xFF, 0x00, 0x0B, 0xE0, 0x00, 0x00, 0x00, 0xFF, 0xF0, 0x00, 0x0F, 0xFF, 0x00, 0x00,
    0x00, 0x00, 0x00, 0x00, 0xF0, 0x00, 0x00, 0x2F, 0x40, 0x00, 0x03, 0xFC, 0x00, 0x00, 0x76, 0xD0,
    0x00, 0x0F, 0x1E, 0x00, 0x00, 0xE0, 0xF0, 0x00, 0x2D, 0x0B, 0x80, 0x03, 0xC0, 0x3C, 0x00, 0x74,
    0x02, 0xD0, 0x0F, 0xFF, 0xFE, 0x00, 0xFF, 0xFF, 0xF0, 0x2D, 0x00, 0x0B, 0x43, 0xC0, 0x00, 0x7C,
    0x7C, 0x00, 0x03, 0xCB, 0x40, 0x00, 0x2E, 0x07, 0xFF, 0x80, 0x7F, 0xF8, 0x00, 0x00, 0x00, 0x00,
    0x00, 0x0B, 0xFE, 0x00, 0xFF, 0xF8, 0x00, 0x07, 0xC0, 0x00, 0x2D, 0x06, 0xFF, 0xD1, 0xFF, 0xFD,
    0x3E, 0x02, 0xD3, 0xC0, 0x2D, 0x3D, 0x02, 0xD2, 0xFF, 0xFD, 0x07, 0xFF, 0x80, 0x00, 0xA0, 0xA0,
    0x00, 0x07, 0xFD, 0x00, 0x00, 0x2F, 0x80, 0x00, 0x00, 0x00, 0x00, 0x00, 0x0F, 0x00, 0x00, 0x02,
    0xF4, 0x00, 0x00, 0x3F, 0xC0, 0x00, 0x07, 0x6D, 0x00, 0x00, 0xF1, 0xE0, 0x00, 0x0E, 0x0F, 0x00,
    0x02, 0xD0, 0xB8, 0x00, 0x3C, 0x03, 0xC0, 0x07, 0x40, 0x2D, 0x00, 0xFF, 0xFF, 0xE0, 0x0F, 0xFF,
    0xFF, 0x02, 0xD0, 0x00, 0xB4, 0x3C, 0x00, 0x07, 0xC7, 0xC0, 0x00, 0x3C, 0xB4, 0x00, 0x02, 0xE0,
    0x03, 0x47, 0x00, 0x3F, 0xF0, 0x00, 0xFC, 0x00, 0x00, 0x00, 0x00, 0x00, 0x00, 0xBF, 0xE0, 0x0F,
    0xFF, 0x80, 0x00, 0x7C, 0x00, 0x02, 0xD0, 0x6F, 0xFD, 0x1F, 0xFF, 0xD3, 0xE0, 0x2D, 0x3C, 0x02,
    0xD3, 0xD0, 0x2D, 0x2F, 0xFF, 0xD0, 0x7F, 0xF8, 0x00, 0x0F, 0x00, 0x00, 0x02, 0xF4, 0x00, 0x00,
    0x3F, 0xC0, 0x00, 0x07, 0x6D, 0x00, 0x00, 0xF1, 0xE0, 0x00, 0x0E, 0x0F, 0x00, 0x02, 0xD0, 0xB8,
    0x00, 0x3C, 0x03, 0xC0, 0x07, 0x40, 0x2D, 0x00, 0xFF, 0xFF, 0xE0, 0x0F, 0xFF, 0xFF, 0x02, 0xD0,
    0x00, 0xB4, 0x3C, 0x00, 0x07, 0xC7, 0xC0, 0x00, 0x3C, 0xB4, 0x00, 0x02, 0xE0, 0x00, 0x00, 0x3C,
    0x00, 0x00, 0x0B, 0x40, 0x00, 0x00, 0xF0, 0x00, 0x00, 0x07, 0xE0, 0x0B, 0xFE, 0x00, 0xFF, 0xF8,
    0x00, 0x07, 0xC0, 0x00, 0x2D, 0x06, 0xFF, 0xD1, 0xFF, 0xFD, 0x3E, 0x02, 0xD3, 0xC0, 0x2D, 0x3D,
    0x02, 0xD2, 0xFF, 0xFD, 0x07, 0xFF, 0xD0, 0x00, 0xB4, 0x00, 0x0E, 0x00, 0x00, 0xBD, 0x00, 0x01,
    0x80, 0x00, 0x07, 0x80, 0x00, 0x1E, 0x00, 0x00, 0x08, 0x00, 0x00, 0x00, 0x00, 0x00, 0x7F, 0xE4,
    0x07, 0xFF, 0xFC, 0x0F, 0xD0, 0x18, 0x3E, 0x00, 0x00, 0x7C, 0x00, 0x00, 0xB8, 0x00, 0x00, 0xB4,
    0x00, 0x00, 0xF4, 0x00, 0x00, 0xB4, 0x00, 0x00, 0xB8, 0x00, 0x00, 0x7C, 0x00, 0x00, 0x3E, 0x00,
    0x00, 0x1F, 0x90, 0x18, 0x07, 0xFF, 0xFD, 0x00, 0xBF, 0xF4, 0x00, 0x0C, 0x00, 0x0F, 0x00, 0x0F,
    0x00, 0x02, 0x00, 0x00, 0x00, 0x00, 0xBF, 0x81, 0xFF, 0xF0, 0xF8, 0x04, 0xB8, 0x00, 0x3D, 0x00,
    0x0F, 0x00, 0x03, 0xC0, 0x00, 0xB8, 0x00, 0x0F, 0x80, 0x41, 0xFF, 0xF0, 0x1B, 0xF8, 0x00, 0x08,
    0x00, 0x00, 0x2F, 0x00, 0x00, 0xB6, 0xC0, 0x00, 0x80, 0x80, 0x00, 0x00, 0x00, 0x00, 0x7F, 0xE4,
    0x07, 0xFF, 0xFC, 0x0F, 0xD0, 0x18, 0x3E, 0x00, 0x00, 0x7C, 0x00, 0x00, 0xB8, 0x00, 0x00, 0xB4,
    0x00, 0x00, 0xF4, 0x00, 0x00, 0xB4, 0x00, 0x00, 0xB8, 0x00, 0x00, 0x7C, 0x00, 0x00, 0x3E, 0x00,
    0x00, 0x1F, 0x90, 0x18, 0x07, 0xFF, 0xFD, 0x00, 0xBF, 0xF4, 0x00, 0x50, 0x00, 0x7D, 0x00, 0x79,
    0xD0, 0x14, 0x14, 0x00, 0x00, 0x00, 0xBF, 0x81, 0xFF, 0xF0, 0xF8, 0x04, 0xB8, 0x00, 0x3D, 0x00,
    0x0F, 0x00, 0x03, 0xC0, 0x00, 0xB8, 0x00, 0x0F, 0x80, 0x41, 0xFF, 0xF0, 0x1B, 0xF8, 0x00, 0x0E,
    0x00, 0x00, 0x2F, 0x00, 0x00, 0x0E, 0x00, 0x00, 0x00, 0x00, 0x00, 0x7F, 0xE4, 0x07, 0xFF, 0xFC,
    0x0F, 0xD0, 0x18, 0x3E, 0x00, 0x00, 0x7C, 0x00, 0x00, 0xB8, 0x00, 0x00, 0xB4, 0x00, 0x00, 0xF4,
    0x00, 0x00, 0xB4, 0x00, 0x00, 0xB8, 0x00, 0x00, 0x7C, 0x00, 0x00, 0x3E, 0x00, 0x00, 0x1F, 0x90,
    0x18, 0x07, 0xFF, 0xFD, 0x00, 0xBF, 0xF4, 0x00, 0xF0, 0x00, 0x3C, 0x00, 0x0F, 0x00, 0x00, 0x00,
    0x00, 0x00, 0x00, 0xBF, 0x81, 0xFF, 0xF0, 0xF8, 0x04, 0xB8, 0x00, 0x3D, 0x00, 0x0F, 0x00, 0x03,
    0xC0, 0x00, 0xB8, 0x00, 0x0F, 0x80, 0x41, 0xFF, 0xF0, 0x1B, 0xF8, 0x00, 0x80, 0x80, 0x00, 0xB6,
    0xC0, 0x00, 0x2F, 0x00, 0x00, 0x08, 0x00, 0x00, 0x00, 0x00, 0x00, 0x7F, 0xE4, 0x07, 0xFF, 0xFC,
    0x0F, 0xD0, 0x18, 0x3E, 0x00, 0x00, 0x7C, 0x00, 0x00, 0xB8, 0x00, 0x00, 0xB4, 0x00, 0x00, 0xF4,
    0x00, 0x00, 0xB4, 0x00, 0x00, 0xB8, 0x00, 0x00, 0x7C, 0x00, 0x00, 0x3E, 0x00, 0x00, 0x1F, 0x90,
    0x18, 0x07, 0xFF, 0xFD, 0x00, 0xBF, 0xF4, 0x05, 0x05, 0x01, 0xE7, 0x40, 0x1F, 0x40, 0x01, 0x40,
    0x00, 0x00, 0x00, 0xBF, 0x81, 0xFF, 0xF0, 0xF8, 0x04, 0xB8, 0x00, 0x3D, 0x00, 0x0F, 0x00, 0x03,
    0xC0, 0x00, 0xB8, 0x00, 0x0F, 0x80, 0x41, 0xFF, 0xF0, 0x1B, 0xF8, 0x02, 0x42, 0x40, 0x00, 0x76,
    0xD0, 0x00, 0x07, 0xD0, 0x00, 0x00, 0x90, 0x00, 0x00, 0x00, 0x00, 0x0B, 0xFF, 0x90, 0x03, 0xFF,
    0xFF, 0x00, 0xF0, 0x07, 0xF0, 0x3C, 0x00, 0x3F, 0x0F, 0x00, 0x03, 0xC3, 0xC0, 0x00, 0xB8, 0xF0,
    0x00, 0x1E, 0x3C, 0x00, 0x07, 0x8F, 0x00, 0x01, 0xE3, 0xC0, 0x00, 0xB8, 0xF0, 0x00, 0x3C, 0x3C,
    0x00, 0x3F, 0x0F, 0x00, 0x7F, 0x03, 0xFF, 0xFF, 0x00, 0xBF, 0xF9, 0x00, 0x00, 0x00, 0xE3, 0xC0,
    0x00, 0x1E, 0x3C, 0x00, 0x01, 0xE3, 0x80, 0x00, 0x1E, 0x38, 0x00, 0x01, 0xE3, 0x80, 0x7F, 0xEE,
    0x00, 0x2F, 0xFF, 0xE0, 0x03, 0xD0, 0x2E, 0x00, 0xB8, 0x01, 0xE0, 0x0F, 0x00, 0x1E, 0x00, 0xF0,
    0x01, 0xE0, 0x0F, 0x40, 0x1E, 0x00, 0xB8, 0x01, 0xE0, 0x03, 0xE0, 0x1E, 0x00, 0x1F, 0xFF, 0xE0,
    0x00, 0x2F, 0xF9, 0x00, 0x0B, 0xFF, 0x90, 0x00, 0x3F, 0xFF, 0xF4, 0x00, 0xF0, 0x07, 0xF4, 0x03,
    0xC0, 0x02, 0xF0, 0x0F, 0x00, 0x03, 0xE0, 0x3C, 0x00, 0x07, 0xCB, 0xFF, 0xC0, 0x0F, 0x2F, 0xFF,
    0x00, 0x3C, 0x0F, 0x00, 0x00, 0xF0, 0x3C, 0x00, 0x07, 0xC0, 0xF0, 0x00, 0x3E, 0x03, 0xC0, 0x02,
    0xF0, 0x0F, 0x00, 0x7F, 0x40, 0x3F, 0xFF, 0xF4, 0x00, 0xBF, 0xF9, 0x00, 0x00, 0x00, 0x00, 0xE0,
    0x00, 0xFF, 0xFD, 0x00, 0xFF, 0xFD, 0x00, 0x01, 0xE0, 0x00, 0x01, 0xE0, 0x07, 0xFE, 0xE0, 0x2F,
    0xFF, 0xE0, 0x7D, 0x02, 0xE0, 0xB8, 0x01, 0xE0, 0xF0, 0x01, 0xE0, 0xF0, 0x01, 0xE0, 0xF4, 0x01,
    0xE0, 0xB8, 0x01, 0xE0, 0x3E, 0x01, 0xE0, 0x1F, 0xFF, 0xE0, 0x02, 0xFF, 0x90, 0x0F, 0xFF, 0x00,
    0x3F, 0xFC, 0x00, 0x00, 0x00, 0x0F, 0xFF, 0xF8, 0x3F, 0xFF, 0xE0, 0xF0, 0x00, 0x03, 0xC0, 0x00,
    0x0F, 0x00, 0x00, 0x3C, 0x00, 0x00, 0xFF, 0xFF, 0x03, 0xFF, 0xFC, 0x0F, 0x00, 0x00, 0x3C, 0x00,
    0x00, 0xF0, 0x00, 0x03, 0xC0, 0x00, 0x0F, 0x00, 0x00, 0x3F, 0xFF, 0xF0, 0xFF, 0xFF, 0xC0, 0x0F,
    0xFF, 0x00, 0xFF, 0xF0, 0x00, 0x00, 0x00, 0x00, 0x00, 0x06, 0xFD, 0x01, 0xFF, 0xF8, 0x3D, 0x07,
    0xCB, 0x40, 0x2D, 0xFF, 0xFF, 0xEF, 0xFF, 0xFE, 0xF0, 0x00, 0x0B, 0x80, 0x00, 0x3E, 0x00, 0x42,
    0xFF, 0xF8, 0x06, 0xFF, 0x40, 0x0B, 0x0B, 0x00, 0x1F, 0xF4, 0x00, 0x2F, 0x80, 0x00, 0x00, 0x00,
    0x3F, 0xFF, 0xE0, 0xFF, 0xFF, 0x83, 0xC0, 0x00, 0x0F, 0x00, 0x00, 0x3C, 0x00, 0x00, 0xF0, 0x00,
    0x03, 0xFF, 0xFC, 0x0F, 0xFF, 0xF0, 0x3C, 0x00, 0x00, 0xF0, 0x00, 0x03, 0xC0, 0x00, 0x0F, 0x00,
    0x00, 0x3C, 0x00, 0x00, 0xFF, 0xFF, 0xC3, 0xFF, 0xFF, 0x00, 0x0E, 0x0E, 0x00, 0xBF, 0xD0, 0x02,
    0xF4, 0x00, 0x00, 0x00, 0x00, 0x00, 0x00, 0x6F, 0xD0, 0x1F, 0xFF, 0x83, 0xD0, 0x7C, 0xB4, 0x02,
    0xDF, 0xFF, 0xFE, 0xFF, 0xFF, 0xEF, 0x00, 0x00, 0xB8, 0x00, 0x03, 0xE0, 0x04, 0x2F, 0xFF, 0x80,
    0x6F, 0xF4, 0x00, 0xB0, 0x00, 0x03, 0xD0, 0x00, 0x0B, 0x00, 0x00, 0x00, 0x00, 0x3F, 0xFF, 0xE0,
    0xFF, 0xFF, 0x83, 0xC0, 0x00, 0x0F, 0x00, 0x00, 0x3C, 0x00, 0x00, 0xF0, 0x00, 0x03, 0xFF, 0xFC,
    0x0F, 0xFF, 0xF0, 0x3C, 0x00, 0x00, 0xF0, 0x00, 0x03, 0xC0, 0x00, 0x0F, 0x00, 0x00, 0x3C, 0x00,
    0x00, 0xFF, 0xFF, 0xC3, 0xFF, 0xFF, 0x00, 0x00, 0xF0, 0x00, 0x0F, 0x00, 0x00, 0xF0, 0x00, 0x00,
    0x00, 0x00, 0x00, 0x00, 0x6F, 0xD0, 0x1F, 0xFF, 0x83, 0xD0, 0x7C, 0xB4, 0x02, 0xDF, 0xFF, 0xFE,
    0xFF, 0xFF, 0xEF, 0x00, 0x00, 0xB8, 0x00, 0x03, 0xE0, 0x04, 0x2F, 0xFF, 0x80, 0x6F, 0xF4, 0x3F,
    0xFF, 0xE0, 0xFF, 0xFF, 0x83, 0xC0, 0x00, 0x0F, 0x00, 0x00, 0x3C, 0x00, 0x00, 0xF0, 0x00, 0x03,
    0xFF, 0xFC, 0x0F, 0xFF, 0xF0, 0x3C, 0x00, 0x00, 0xF0, 0x00, 0x03, 0xC0, 0x00, 0x0F, 0x00, 0x00,
    0x3C, 0x00, 0x00, 0xFF, 0xFF, 0xC3, 0xFF, 0xFF, 0x00, 0x00, 0x78, 0x00, 0x03, 0xC0, 0x00, 0x1E,
    0x00, 0x00, 0x2F, 0x00, 0x06, 0xFD, 0x01, 0xFF, 0xF8, 0x3D, 0x07, 0xCB, 0x40, 0x2D, 0xFF, 0xFF,
    0xEF, 0xFF, 0xFE, 0xF0, 0x00, 0x0B, 0x80, 0x00, 0x3E, 0x00, 0x41, 0xFF, 0xF8, 0x06, 0xFF, 0x80,
    0x01, 0xD0, 0x00, 0x3C, 0x00, 0x02, 0xF8, 0x06, 0x06, 0x00, 0x1E, 0x74, 0x00, 0x1F, 0x40, 0x00,
    0x18, 0x00, 0x00, 0x00, 0x00, 0xFF, 0xFF, 0x83, 0xFF, 0xFE, 0x0F, 0x00, 0x00, 0x3C, 0x00, 0x00,
    0xF0, 0x00, 0x03, 0xC0, 0x00, 0x0F, 0xFF, 0xF0, 0x3F, 0xFF, 0xC0, 0xF0, 0x00, 0x03, 0xC0, 0x00,
    0x0F, 0x00, 0x00, 0x3C, 0x00, 0x00, 0xF0, 0x00, 0x03, 0xFF, 0xFF, 0x0F, 0xFF, 0xFC, 0x05, 0x05,
    0x00, 0x79, 0xD0, 0x01, 0xF4, 0x00, 0x05, 0x00, 0x00, 0x00, 0x00, 0x00, 0x00, 0x06, 0xFD, 0x01,
    0xFF, 0xF8, 0x3D, 0x07, 0xCB, 0x40, 0x2D, 0xFF, 0xFF, 0xEF, 0xFF, 0xFE, 0xF0, 0x00, 0x0B, 0x80,
    0x00, 0x3E, 0x00, 0x42, 0xFF, 0xF8, 0x06, 0xFF, 0x40, 0x00, 0x09, 0x00, 0x00, 0x2F, 0x40, 0x00,
    0x76, 0xC0, 0x00, 0x90, 0x90, 0x00, 0x00, 0x00, 0x00, 0x7F, 0xF4, 0x07, 0xFF, 0xFD, 0x0F, 0xD0,
    0x18, 0x3E, 0x00, 0x00, 0x7C, 0x00, 0x00, 0xB8, 0x00, 0x00, 0xB4, 0x00, 0x00, 0xF4, 0x00, 0x00,
    0xB4, 0x00, 0x1E, 0xB8, 0x00, 0x1E, 0x7C, 0x00, 0x1E, 0x3E, 0x00, 0x1E, 0x1F, 0xD0, 0x1E, 0x07,
    0xFF, 0xFE, 0x00, 0xBF, 0xF9, 0x00, 0x20, 0x00, 0x0F, 0x80, 0x03, 0xDE, 0x00, 0x20, 0x20, 0x00,
    0x00, 0x00, 0x2F, 0xF8, 0x1F, 0xFF, 0xD3, 0xE0, 0x2D, 0xB8, 0x02, 0xDF, 0x40, 0x2D, 0xF0, 0x02,
    0xDF, 0x00, 0x2D, 0xB8, 0x02, 0xD7, 0xD0, 0x7D, 0x2F, 0xFF, 0xD0, 0x7F, 0xAD, 0x00, 0x02, 0xD1,
    0x00, 0x7C, 0x3F, 0xFF, 0x42, 0xFF, 0x90, 0x00, 0xE0, 0xE0, 0x00, 0xBF, 0xD0, 0x00, 0x2F, 0x40,
    0x00, 0x00, 0x00, 0x00, 0x7F, 0xF4, 0x07, 0xFF, 0xFD, 0x0F, 0xD0, 0x18, 0x3E, 0x00, 0x00, 0x7C,
    0x00, 0x00, 0xB8, 0x00, 0x00, 0xB4, 0x00, 0x00, 0xF4, 0x00, 0x00, 0xB4, 0x00, 0x1E, 0xB8, 0x00,
    0x1E, 0x7C, 0x00, 0x1E, 0x3E, 0x00, 0x1E, 0x1F, 0xD0, 0x1E, 0x07, 0xFF, 0xFE, 0x00, 0xBF, 0xF9,
    0x07, 0x07, 0x00, 0x3F, 0xF0, 0x01, 0xF8, 0x00, 0x00, 0x00, 0x00, 0x00, 0x00, 0x2F, 0xF8, 0x1F,
    0xFF, 0xD3, 0xE0, 0x2D, 0xB8, 0x02, 0xDF, 0x40, 0x2D, 0xF0, 0x02, 0xDF, 0x00, 0x2D, 0xB8, 0x02,
    0xD7, 0xD0, 0x7D, 0x2F, 0xFF, 0xD0, 0x7F, 0xAD, 0x00, 0x02, 0xD1, 0x00, 0x7C, 0x3F, 0xFF, 0x42,
    0xFF, 0x90, 0x00, 0x0E, 0x00, 0x00, 0x1F, 0x00, 0x00, 0x0E, 0x00, 0x00, 0x00, 0x00, 0x00, 0x7F,
    0xF4, 0x07, 0xFF, 0xFD, 0x0F, 0xD0, 0x18, 0x3E, 0x00, 0x00, 0x7C, 0x00, 0x00, 0xB8, 0x00, 0x00,
    0xB4, 0x00, 0x00, 0xF4, 0x00, 0x00, 0xB4, 0x00, 0x1E, 0xB8, 0x00, 0x1E, 0x7C, 0x00, 0x1E, 0x3E,
    0x00, 0x1E, 0x1F, 0xD0, 0x1E, 0x07, 0xFF, 0xFE, 0x00, 0xBF, 0xF9, 0x00, 0xB4, 0x00, 0x0F, 0x80,
    0x00, 0xB4, 0x00, 0x00, 0x00, 0x00, 0x00, 0x00, 0x2F, 0xF8, 0x1F, 0xFF, 0xD3, 0xE0, 0x2D, 0xB8,
    0x02, 0xDF, 0x40, 0x2D, 0xF0, 0x02, 0xDF, 0x00, 0x2D, 0xB8, 0x02, 0xD7, 0xD0, 0x7D, 0x2F, 0xFF,
    0xD0, 0x7F, 0xAD, 0x00, 0x02, 0xD1, 0x00, 0x7C, 0x3F, 0xFF, 0x42, 0xFF, 0x90, 0x00, 0x7F, 0xF4,
    0x07, 0xFF, 0xFD, 0x0F, 0xD0, 0x18, 0x3E, 0x00, 0x00, 0x7C, 0x00, 0x00, 0xB8, 0x00, 0x00, 0xB4,
    0x00, 0x00, 0xF4, 0x00, 0x00, 0xB4, 0x00, 0x1E, 0xB8, 0x00, 0x1E, 0x7C, 0x00, 0x1E, 0x3E, 0x00,
    0x1E, 0x1F, 0xD0, 0x1E, 0x07, 0xFF, 0xFE, 0x00, 0xBF, 0xF9, 0x00, 0x00, 0x00, 0x00, 0x0F, 0x00,
    0x00, 0x7E, 0x00, 0x00, 0x7C, 0x00, 0x00, 0x1C, 0x00, 0x03, 0xC0, 0x00, 0x74, 0x00, 0x0B, 0x40,
    0x00, 0x00, 0x00, 0x00, 0x00, 0x02, 0xFF, 0x81, 0xFF, 0xFD, 0x3E, 0x02, 0xDB, 0x80, 0x2D, 0xF4,
    0x02, 0xDF, 0x00, 0x2D, 0xF0, 0x02, 0xDB, 0x80, 0x2D, 0x7D, 0x07, 0xD2, 0xFF, 0xFD, 0x07, 0xFA,
    0xD0, 0x00, 0x2D, 0x10, 0x07, 0xC3, 0xFF, 0xF4, 0x2F, 0xF9, 0x00, 0x00, 0x08, 0x00, 0x00, 0x3E,
    0x00, 0x00, 0xF7, 0x80, 0x00, 0x80, 0x80, 0x00, 0x00, 0x00, 0x3C, 0x00, 0x0F, 0x3C, 0x00, 0x0F,
    0x3C, 0x00, 0x0F, 0x3C, 0x00, 0x0F, 0x3C, 0x00, 0x0F, 0x3C, 0x00, 0x0F, 0x3F, 0xFF, 0xFF, 0x3F,
    0xFF, 0xFF, 0x3C, 0x00, 0x0F, 0x3C, 0x00, 0x0F, 0x3C, 0x00, 0x0F, 0x3C, 0x00, 0x0F, 0x3C, 0x00,
    0x0F, 0x3C, 0x00, 0x0F, 0x3C, 0x00, 0x0F, 0x0D, 0x00, 0x07, 0xF8, 0x00, 0x90, 0xC0, 0x00, 0x00,
    0x00, 0x38, 0x00, 0x07, 0x80, 0x00, 0x78, 0x00, 0x07, 0x80, 0x00, 0x78, 0x00, 0x07, 0xFF, 0xD0,
    0x7F, 0xFF, 0x87, 0x80, 0x7C, 0x78, 0x02, 0xD7, 0x80, 0x2D, 0x78, 0x01, 0xE7, 0x80, 0x1E, 0x78,
    0x01, 0xE7, 0x80, 0x1E, 0x78, 0x01, 0xE7, 0x80, 0x1E, 0x0F, 0x00, 0x03, 0xD2, 0xFF, 0xFF, 0xFF,
    0xFB, 0xFF, 0xFF, 0xFF, 0xC3, 0xC0, 0x00, 0xF4, 0x0F, 0x00, 0x03, 0xD0, 0x3C, 0x00, 0x0F, 0x40,
    0xFF, 0xFF, 0xFD, 0x03, 0xFF, 0xFF, 0xF4, 0x0F, 0x00, 0x03, 0xD0, 0x3C, 0x00, 0x0F, 0x40, 0xF0,
    0x00, 0x3D, 0x03, 0xC0, 0x00, 0xF4, 0x0F, 0x00, 0x03, 0xD0, 0x3C, 0x00, 0x0F, 0x40, 0xF0, 0x00,
    0x3D, 0x00, 0x1E, 0x00, 0x03, 0xFF, 0xF4, 0x0F, 0xFF, 0xD0, 0x07, 0x80, 0x00, 0x1E, 0x00, 0x00,
    0x7F, 0xFD, 0x01, 0xFF, 0xFE, 0x07, 0x80, 0x7C, 0x1E, 0x00, 0xB4, 0x78, 0x02, 0xD1, 0xE0, 0x07,
    0x87, 0x80, 0x1E, 0x1E, 0x00, 0x78, 0x78, 0x01, 0xE1, 0xE0, 0x07, 0x87, 0x80, 0x1E, 0x1E, 0x0C,
    0x3F, 0xFC, 0x61, 0xF0, 0x00, 0x00, 0x03, 0xC0, 0x03, 0xC0, 0x03, 0xC0, 0x03, 0xC0, 0x03, 0xC0,
    0x03, 0xC0, 0x03, 0xC0, 0x03, 0xC0, 0x03, 0xC0, 0x03, 0xC0, 0x03, 0xC0, 0x03, 0xC0, 0x03, 0xC0,
    0x03, 0xC0, 0x03, 0xC0, 0x2E, 0x1C, 0x7F, 0xF8, 0xA1, 0xF0, 0x00, 0x00, 0x00, 0x00, 0x07, 0x80,
    0x07, 0x80, 0x07, 0x80, 0x07, 0x80, 0x07, 0x80, 0x07, 0x80, 0x07, 0x80, 0x07, 0x80, 0x07, 0x80,
    0x07, 0x80, 0x07, 0x80, 0x3F, 0xFC, 0xFF, 0xF0, 0x00, 0x00, 0xF0, 0x03, 0xC0, 0x0F, 0x00, 0x3C,
    0x00, 0xF0, 0x03, 0xC0, 0x0F, 0x00, 0x3C, 0x00, 0xF0, 0x03, 0xC0, 0x0F, 0x00, 0x3C, 0x00, 0xF0,
    0x03, 0xC0, 0x0F, 0x00, 0x7F, 0xF9, 0xFF, 0xE0, 0x00, 0x00, 0x00, 0x07, 0x80, 0x1E, 0x00, 0x78,
    0x01, 0xE0, 0x07, 0x80, 0x1E, 0x00, 0x78, 0x01, 0xE0, 0x07, 0x80, 0x1E, 0x00, 0x78, 0x00, 0xE0,
    0xEB, 0xFD, 0x2F, 0x40, 0x00, 0x0F, 0x00, 0xF0, 0x0F, 0x00, 0xF0, 0x0F, 0x00, 0xF0, 0x0F, 0x00,
    0xF0, 0x0F, 0x00, 0xF0, 0x0F, 0x00, 0xF0, 0x0F, 0x00, 0xF0, 0x0F, 0x00, 0x34, 0x34, 0xFF, 0xC0,
    0xBD, 0x00, 0x00, 0x00, 0x00, 0x1E, 0x00, 0x78, 0x01, 0xE0, 0x07, 0x80, 0x1E, 0x00, 0x78, 0x01,
    0xE0, 0x07, 0x80, 0x1E, 0x00, 0x78, 0x01, 0xE0, 0x0F, 0x03, 0xC0, 0xF0, 0x3C, 0x0F, 0x03, 0xC0,
    0xF0, 0x3C, 0x0F, 0x03, 0xC0, 0xF0, 0x3C, 0x0F, 0x03, 0xC0, 0xF0, 0xB4, 0x78, 0x2D, 0x03, 0xF0,
    0x1E, 0x1E, 0x00, 0x00, 0x00, 0x1E, 0x1E, 0x1E, 0x1E, 0x1E, 0x1E, 0x1E, 0x1E, 0x1E, 0x1E, 0x1E,
    0x3C, 0xB4, 0xF0, 0x7E, 0x38, 0x7C, 0x38, 0x00, 0x3C, 0x3C, 0x3C, 0x3C, 0x3C, 0x3C, 0x3C, 0x3C,
    0x3C, 0x3C, 0x3C, 0x3C, 0x3C, 0x3C, 0x3C, 0x79, 0xE7, 0x9E, 0x79, 0xE7, 0x9E, 0x79, 0xE7, 0x80,
    0x3C, 0x00, 0x02, 0xE3, 0xC0, 0x00, 0x2E, 0x3C, 0x00, 0x02, 0xE3, 0xC0, 0x00, 0x2E, 0x3C, 0x00,
    0x02, 0xE3, 0xC0, 0x00, 0x2E, 0x3C, 0x00, 0x02, 0xE3, 0xC0, 0x00, 0x2E, 0x3C, 0x00, 0x02, 0xE3,
    0xC0, 0x00, 0x2E, 0x3C, 0x00, 0x02, 0xD3, 0xC0, 0x00, 0x3D, 0x3C, 0x18, 0x0B, 0xC3, 0xC3, 0xFF,
    0xF8, 0x3C, 0x0B, 0xFD, 0x00, 0x78, 0x0F, 0x1E, 0x03, 0xC0, 0x00, 0x00, 0x00, 0x00, 0x00, 0x00,
    0x1E, 0x03, 0xC7, 0x80, 0xF1, 0xE0, 0x3C, 0x78, 0x0F, 0x1E, 0x03, 0xC7, 0x80, 0xF1, 0xE0, 0x3C,
    0x78, 0x0F, 0x1E, 0x03, 0xC7, 0x80, 0xF1, 0xE0, 0x3C, 0x00, 0x0F, 0x00, 0x0B, 0xC0, 0x3F, 0xD0,
    0x0F, 0xD0, 0x00, 0x02, 0x40, 0x00, 0x2F, 0x00, 0x02, 0xDB, 0x00, 0x09, 0x09, 0x00, 0x00, 0x00,
    0x00, 0x0F, 0x00, 0x00, 0x3C, 0x00, 0x00, 0xF0, 0x00, 0x03, 0xC0, 0x00, 0x0F, 0x00, 0x00, 0x3C,
    0x00, 0x00, 0xF0, 0x00, 0x03, 0xC0, 0x00, 0x0F, 0x00, 0x00, 0x3C, 0x00, 0x01, 0xE0, 0x00, 0x0B,
    0x81, 0x80, 0x7D, 0x0B, 0xFF, 0xF0, 0x0B, 0xFD, 0x00, 0x00, 0x80, 0x02, 0xF0, 0x0B, 0x7C, 0x08,
    0x08, 0x00, 0x00, 0x01, 0xE0, 0x01, 0xE0, 0x01, 0xE0, 0x01, 0xE0, 0x01, 0xE0, 0x01, 0xE0, 0x01,
    0xE0, 0x01, 0xE0, 0x01, 0xE0, 0x01, 0xE0, 0x01, 0xE0, 0x01, 0xE0, 0x03, 0xD0, 0x3F, 0xC0, 0x7E,
    0x00, 0x3C, 0x00, 0x7C, 0x0F, 0x00, 0x3D, 0x03, 0xC0, 0x3E, 0x00, 0xF0, 0x3E, 0x00, 0x3C, 0x3E,
    0x00, 0x0F, 0x2E, 0x00, 0x03, 0xEE, 0x00, 0x00, 0xFF, 0x40, 0x00, 0x3D, 0xF4, 0x00, 0x0F, 0x1F,
    0x40, 0x03, 0xC0, 0xF4, 0x00, 0xF0, 0x0F, 0x40, 0x3C, 0x00, 0xF4, 0x0F, 0x00, 0x1F, 0x03, 0xC0,
    0x02, 0xF0, 0x00, 0x00, 0x00, 0x00, 0x3C, 0x00, 0x00, 0x7E, 0x00, 0x00, 0x1F, 0x00, 0x00, 0x38,
    0x00, 0x07, 0x80, 0x00, 0x78, 0x00, 0x07, 0x80, 0x00, 0x78, 0x00, 0x07, 0x80, 0x7C, 0x78, 0x1F,
    0x07, 0x83, 0xC0, 0x78, 0xF4, 0x07, 0xBD, 0x00, 0x7F, 0xC0, 0x07, 0x9F, 0x00, 0x78, 0x7C, 0x07,
    0x81, 0xF0, 0x78, 0x0B, 0x87, 0x80, 0x3D, 0x00, 0x00, 0x00, 0x1F, 0x00, 0x07, 0xE0, 0x00, 0x78,
    0x00, 0x78, 0x03, 0xC7, 0x80, 0xF0, 0x78, 0x3D, 0x07, 0x8F, 0x40, 0x7B, 0xD0, 0x07, 0xFC, 0x00,
    0x79, 0xF0, 0x07, 0x87, 0xC0, 0x78, 0x1F, 0x07, 0x80, 0x7C, 0x78, 0x02, 0xE0, 0x02, 0x40, 0x00,
    0xB4, 0x00, 0x2D, 0x00, 0x02, 0x40, 0x00, 0x00, 0x00, 0x03, 0xC0, 0x00, 0x3C, 0x00, 0x03, 0xC0,
    0x00, 0x3C, 0x00, 0x03, 0xC0, 0x00, 0x3C, 0x00, 0x03, 0xC0, 0x00, 0x3C, 0x00, 0x03, 0xC0, 0x00,
    0x3C, 0x00, 0x03, 0xC0, 0x00, 0x3C, 0x00, 0x03, 0xC0, 0x00, 0x3F, 0xFF, 0xE3, 0xFF, 0xFE, 0x06,
    0x0B, 0xCB, 0x40, 0x00, 0x78, 0x1E, 0x07, 0x81, 0xE0, 0x78, 0x1E, 0x07, 0x81, 0xE0, 0x78, 0x1E,
    0x07, 0x81, 0xE0, 0x78, 0x1F, 0x03, 0xF0, 0x7C, 0x3C, 0x00, 0x03, 0xC0, 0x00, 0x3C, 0x00, 0x03,
    0xC0, 0x00, 0x3C, 0x00, 0x03, 0xC0, 0x00, 0x3C, 0x00, 0x03, 0xC0, 0x00, 0x3C, 0x00, 0x03, 0xC0,
    0x00, 0x3C, 0x00, 0x03, 0xC0, 0x00, 0x3C, 0x00, 0x03, 0xFF, 0xFE, 0x3F, 0xFF, 0xE0, 0x00, 0x00,
    0x00, 0xF0, 0x00, 0x3F, 0x00, 0x03, 0xD0, 0x00, 0x1E, 0x01, 0xE0, 0x1E, 0x01, 0xE0, 0x1E, 0x01,
    0xE0, 0x1E, 0x01, 0xE0, 0x1E, 0x01, 0xE0, 0x1E, 0x01, 0xE0, 0x1E, 0x01, 0xF0, 0x0F, 0xC0, 0x7C,
    0x00, 0x00, 0xF0, 0x3F, 0x03, 0xC0, 0x3C, 0x78, 0x03, 0xC7, 0x40, 0x3C, 0x74, 0x03, 0xC7, 0x00,
    0x3C, 0x70, 0x03, 0xC0, 0x00, 0x3C, 0x00, 0x03, 0xC0, 0x00, 0x3C, 0x00, 0x03, 0xC0, 0x00, 0x3C,
    0x00, 0x03, 0xC0, 0x00, 0x3C, 0x00, 0x03, 0xFF, 0xFE, 0x3F, 0xFF, 0xE0, 0x78, 0xF7, 0x8F, 0x78,
    0xE7, 0x8E, 0x78, 0xD7, 0x80, 0x78, 0x07, 0x80, 0x78, 0x07, 0x80, 0x78, 0x07, 0x80, 0x78, 0x07,
    0xC0, 0x3F, 0x01, 0xF0, 0x3C, 0x00, 0x03, 0xC0, 0x00, 0x3C, 0x00, 0x03, 0xC0, 0x00, 0x3C, 0x00,
    0x03, 0xC0, 0x00, 0x3C, 0x0B, 0x03, 0xC0, 0xF8, 0x3C, 0x0B, 0x03, 0xC0, 0x00, 0x3C, 0x00, 0x03,
    0xC0, 0x00, 0x3C, 0x00, 0x03, 0xFF, 0xFE, 0x3F, 0xFF, 0xE0, 0x78, 0x01, 0xE0, 0x07, 0x80, 0x1E,
    0x00, 0x78, 0x01, 0xE0, 0x07, 0x80, 0x1E, 0x1D, 0x78, 0xB9, 0xE1, 0xD7, 0x80, 0x1E, 0x00, 0x78,
    0x01, 0xF0, 0x03, 0xF0, 0x07, 0xC0, 0x03, 0xC0, 0x00, 0x03, 0xC0, 0x00, 0x03, 0xC0, 0x00, 0x03,
    0xC0, 0x00, 0x03, 0xC0, 0x00, 0x03, 0xDB, 0x00, 0x03, 0xFD, 0x00, 0x0B, 0xE0, 0x00, 0x3F, 0xC0,
    0x00, 0x03, 0xC0, 0x00, 0x03, 0xC0, 0x00, 0x03, 0xC0, 0x00, 0x03, 0xC0, 0x00, 0x03, 0xFF, 0xFF,
    0x03, 0xFF, 0xFF, 0x0F, 0x00, 0x3C, 0x00, 0xF0, 0x03, 0xC0, 0x0F, 0x00, 0x3C, 0x00, 0xFF, 0x0B,
    0xE0, 0xBF, 0x00, 0x3C, 0x00, 0xF0, 0x03, 0xC0, 0x0F, 0x00, 0x3D, 0x00, 0xBD, 0x00, 0xB4, 0x00,
    0x02, 0x80, 0x00, 0x01, 0xE0, 0x00, 0x01, 0xE0, 0x00, 0x00, 0x60, 0x00, 0x00, 0x00, 0x00, 0x0F,
    0x00, 0x02, 0xD3, 0xE0, 0x00, 0xB4, 0xFD, 0x00, 0x2D, 0x3F, 0xD0, 0x0B, 0x4F, 0x7C, 0x02, 0xD3,
    0xC7, 0x80, 0xB4, 0xF0, 0xB4, 0x2D, 0x3C, 0x0F, 0x0B, 0x4F, 0x01, 0xF2, 0xD3, 0xC0, 0x2D, 0xB4,
    0xF0, 0x03, 0xED, 0x3C, 0x00, 0x7F, 0x4F, 0x00, 0x0B, 0xD3, 0xC0, 0x00, 0xF4, 0xF0, 0x00, 0x2D,
    0x00, 0x0C, 0x00, 0x03, 0xC0, 0x00, 0xF0, 0x00, 0x08, 0x00, 0x00, 0x00, 0x02, 0xFF, 0xD0, 0x7F,
    0xFF, 0x87, 0x80, 0x7C, 0x78, 0x02, 0xD7, 0x80, 0x2D, 0x78, 0x01, 0xE7, 0x80, 0x1E, 0x78, 0x01,
    0xE7, 0x80, 0x1E, 0x78, 0x01, 0xE7, 0x80, 0x1E, 0x3C, 0x00, 0x0B, 0x4F, 0x80, 0x02, 0xD3, 0xF4,
    0x00, 0xB4, 0xFF, 0x40, 0x2D, 0x3D, 0xF0, 0x0B, 0x4F, 0x1E, 0x02, 0xD3, 0xC2, 0xD0, 0xB4, 0xF0,
    0x3C, 0x2D, 0x3C, 0x07, 0xCB, 0x4F, 0x00, 0xB6, 0xD3, 0xC0, 0x0F, 0xB4, 0xF0, 0x01, 0xFD, 0x3C,
    0x00, 0x2F, 0x4F, 0x00, 0x03, 0xD3, 0xC0, 0x00, 0xB4, 0x00, 0x00, 0x00, 0x00, 0x1E, 0x00, 0x00,
    0x2F, 0x40, 0x00, 0x0B, 0x80, 0x00, 0x2F, 0xFD, 0x07, 0xFF, 0xF8, 0x78, 0x07, 0xC7, 0x80, 0x2D,
    0x78, 0x02, 0xD7, 0x80, 0x1E, 0x78, 0x01, 0xE7, 0x80, 0x1E, 0x78, 0x01, 0xE7, 0x80, 0x1E, 0x78,
    0x01, 0xE0, 0x00, 0x00, 0x00, 0xF0, 0x00, 0x3F, 0x00, 0x03, 0xD0, 0x00, 0x00, 0x80, 0x80, 0x00,
    0x2D, 0xF0, 0x00, 0x02, 0xF0, 0x00, 0x00, 0x20, 0x00, 0x00, 0x00, 0x00, 0x0F, 0x00, 0x02, 0xD3,
    0xE0, 0x00, 0xB4, 0xFD, 0x00, 0x2D, 0x3F, 0xD0, 0x0B, 0x4F, 0x7C, 0x02, 0xD3, 0xC7, 0x80, 0xB4,
    0xF0, 0xB4, 0x2D, 0x3C, 0x0F, 0x0B, 0x4F, 0x01, 0xF2, 0xD3, 0xC0, 0x2D, 0xB4, 0xF0, 0x03, 0xED,
    0x3C, 0x00, 0x7F, 0x4F, 0x00, 0x0B, 0xD3, 0xC0, 0x00, 0xF4, 0xF0, 0x00, 0x2D, 0x06, 0x06, 0x00,
    0x79, 0xD0, 0x01, 0xF4, 0x00, 0x06, 0x00, 0x00, 0x00, 0x02, 0xFF, 0xD0, 0x7F, 0xFF, 0x87, 0x80,
    0x7C, 0x78, 0x02, 0xD7, 0x80, 0x2D, 0x78, 0x01, 0xE7, 0x80, 0x1E, 0x78, 0x01, 0xE7, 0x80, 0x1E,
    0x78, 0x01, 0xE7, 0x80, 0x1E, 0x3C, 0x00, 0x00, 0xE0, 0x00, 0x07, 0x40, 0x00, 0x2C, 0x00, 0x00,
    0x00, 0x00, 0x00, 0x2F, 0xFD, 0x01, 0xFF, 0xFE, 0x07, 0x80, 0x7C, 0x1E, 0x00, 0xB4, 0x78, 0x02,
    0xD1, 0xE0, 0x07, 0x87, 0x80, 0x1E, 0x1E, 0x00, 0x78, 0x78, 0x01, 0xE1, 0xE0, 0x07, 0x87, 0x80,
    0x1E, 0x3C, 0x00, 0x0B, 0x4F, 0x80, 0x02, 0xD3, 0xF4, 0x00, 0xB4, 0xFF, 0x40, 0x2D, 0x3C, 0xF0,
    0x0B, 0x4F, 0x1E, 0x02, 0xD3, 0xC2, 0xD0, 0xB4, 0xF0, 0x3C, 0x2D, 0x3C, 0x07, 0xCB, 0x4F, 0x00,
    0xB6, 0xD3, 0xC0, 0x0F, 0xB4, 0xF0, 0x01, 0xFD, 0x3C, 0x00, 0x2F, 0x4F, 0x00, 0x03, 0xD3, 0xC0,
    0x00, 0xB4, 0x00, 0x00, 0x2D, 0x00, 0x00, 0x0F, 0x40, 0x00, 0x3F, 0xC0, 0x00, 0x0F, 0xD0, 0x2F,
    0xFD, 0x07, 0xFF, 0xF8, 0x78, 0x07, 0xC7, 0x80, 0x2D, 0x78, 0x02, 0xD7, 0x80, 0x1E, 0x78, 0x01,
    0xE7, 0x80, 0x1E, 0x78, 0x01, 0xE7, 0x80, 0x1E, 0x78, 0x01, 0xE0, 0x00, 0x1D, 0x00, 0x03, 0xD0,
    0x03, 0xFC, 0x00, 0x3F, 0x40, 0x00, 0xFF, 0xF0, 0x00, 0x03, 0xFF, 0xC0, 0x00, 0x00, 0x00, 0x00,
    0x00, 0x1F, 0xF8, 0x00, 0x07, 0xFF, 0xFE, 0x00, 0x3F, 0x40, 0xBE, 0x03, 0xE0, 0x00, 0x7C, 0x1F,
    0x00, 0x00, 0xB8, 0xB8, 0x00, 0x01, 0xF2, 0xD0, 0x00, 0x03, 0xCF, 0x40, 0x00, 0x0F, 0x2D, 0x00,
    0x00, 0x3C, 0xB8, 0x00, 0x01, 0xF1, 0xF0, 0x00, 0x0B, 0x83, 0xE0, 0x00, 0x7C, 0x03, 0xF4, 0x0B,
    0xE0, 0x07, 0xFF, 0xFE, 0x00, 0x01, 0xFF, 0x80, 0x00, 0x0F, 0xFF, 0x00, 0x3F, 0xFC, 0x00, 0x00,
    0x00, 0x00, 0x00, 0x00, 0x06, 0xFD, 0x00, 0x7F, 0xFF, 0x03, 0xE0, 0x7E, 0x2E, 0x00, 0x3C, 0xF4,
    0x00, 0xF3, 0xC0, 0x03, 0xDF, 0x40, 0x0F, 0x2E, 0x00, 0x3C, 0x3E, 0x07, 0xE0, 0x7F, 0xFF, 0x00,
    0x6F, 0xD0, 0x00, 0x00, 0xB0, 0xB0, 0x00, 0x01, 0xFF, 0x80, 0x00, 0x01, 0xF8, 0x00, 0x00, 0x00,
    0x00, 0x00, 0x00, 0x7F, 0xE0, 0x00, 0x1F, 0xFF, 0xF8, 0x00, 0xFD, 0x02, 0xF8, 0x0F, 0x80, 0x01,
    0xF0, 0x7C, 0x00, 0x02, 0xE2, 0xE0, 0x00, 0x07, 0xCB, 0x40, 0x00, 0x0F, 0x3D, 0x00, 0x00, 0x3C,
    0xB4, 0x00, 0x00, 0xF2, 0xE0, 0x00, 0x07, 0xC7, 0xC0, 0x00, 0x2E, 0x0F, 0x80, 0x01, 0xF0, 0x0F,
    0xD0, 0x2F, 0x80, 0x1F, 0xFF, 0xF8, 0x00, 0x07, 0xFE, 0x00, 0x00, 0x0B, 0x0B, 0x00, 0x1F, 0xF8,
    0x00, 0x1F, 0x80, 0x00, 0x00, 0x00, 0x00, 0x00, 0x00, 0x1B, 0xF4, 0x01, 0xFF, 0xFC, 0x0F, 0x81,
    0xF8, 0xB8, 0x00, 0xF3, 0xD0, 0x03, 0xCF, 0x00, 0x0F, 0x7D, 0x00, 0x3C, 0xB8, 0x00, 0xF0, 0xF8,
    0x1F, 0x81, 0xFF, 0xFC, 0x01, 0xBF, 0x40, 0x00, 0x06, 0x08, 0x00, 0x00, 0x78, 0xF0, 0x00, 0x03,
    0xCB, 0x40, 0x00, 0x08, 0x24, 0x00, 0x00, 0x00, 0x00, 0x00, 0x01, 0xFF, 0x80, 0x00, 0x7F, 0xFF,
    0xE0, 0x03, 0xF4, 0x0B, 0xE0, 0x3E, 0x00, 0x07, 0xC1, 0xF0, 0x00, 0x0B, 0x8B, 0x80, 0x00, 0x1F,
    0x2D, 0x00, 0x00, 0x3C, 0xF4, 0x00, 0x00, 0xF2, 0xD0, 0x00, 0x03, 0xCB, 0x80, 0x00, 0x1F, 0x1F,
    0x00, 0x00, 0xB8, 0x3E, 0x00, 0x07, 0xC0, 0x3F, 0x40, 0xBE, 0x00, 0x7F, 0xFF, 0xE0, 0x00, 0x1F,
    0xF8, 0x00, 0x00, 0x60, 0x80, 0x07, 0x8F, 0x00, 0x3C, 0xB4, 0x00, 0x81, 0x40, 0x00, 0x00, 0x00,
    0x1B, 0xF4, 0x01, 0xFF, 0xFC, 0x0F, 0x81, 0xF8, 0xB8, 0x00, 0xF3, 0xD0, 0x03, 0xCF, 0x00, 0x0F,
    0x7D, 0x00, 0x3C, 0xB8, 0x00, 0xF0, 0xF8, 0x1F, 0x81, 0xFF, 0xFC, 0x01, 0xBF, 0x40, 0x00, 0x6F,
    0xFF, 0xFF, 0xF8, 0x03, 0xFF, 0xFF, 0xFF, 0xF8, 0x0F, 0xD0, 0x0F, 0x00, 0x00, 0x3F, 0x00, 0x0F,
    0x00, 0x00, 0x7C, 0x00, 0x0F, 0x00, 0x00, 0xB8, 0x00, 0x0F, 0x00, 0x00, 0xB4, 0x00, 0x0F, 0xFF,
    0xF0, 0xF4, 0x00, 0x0F, 0xFF, 0xF0, 0xB4, 0x00, 0x0F, 0x00, 0x00, 0xB8, 0x00, 0x0F, 0x00, 0x00,
    0x7C, 0x00, 0x0F, 0x00, 0x00, 0x3F, 0x00, 0x0F, 0x00, 0x00, 0x0F, 0xD0, 0x0F, 0x00, 0x00, 0x03,
    0xFF, 0xFF, 0xFF, 0xFC, 0x00, 0x6F, 0xFF, 0xFF, 0xFC, 0x06, 0xFD, 0x02, 0xFD, 0x01, 0xFF, 0xF8,
    0xFF, 0xF8, 0x3E, 0x07, 0xFD, 0x03, 0xDB, 0x80, 0x0F, 0x40, 0x1E, 0xF4, 0x00, 0xFF, 0xFF, 0xEF,
    0x00, 0x0F, 0xFF, 0xFE, 0xF4, 0x00, 0xF4, 0x00, 0x0B, 0x80, 0x0F, 0x80, 0x00, 0x3E, 0x07, 0xFE,
    0x00, 0x41, 0xFF, 0xF8, 0xFF, 0xFC, 0x06, 0xFD, 0x02, 0xFF, 0x80, 0x00, 0x0C, 0x00, 0x00, 0x3C,
    0x00, 0x00, 0xF4, 0x00, 0x00, 0x90, 0x00, 0x00, 0x00, 0x00, 0x2F, 0xFE, 0x40, 0x3F, 0xFF, 0xE0,
    0x3C, 0x02, 0xF4, 0x3C, 0x00, 0x7C, 0x3C, 0x00, 0x3C, 0x3C, 0x00, 0x7C, 0x3C, 0x01, 0xF4, 0x3F,
    0xFF, 0xE0, 0x3F, 0xFF, 0x40, 0x3C, 0x0F, 0x80, 0x3C, 0x03, 0xD0, 0x3C, 0x01, 0xF0, 0x3C, 0x00,
    0xF8, 0x3C, 0x00, 0x3C, 0x3C, 0x00, 0x2E, 0x00, 0x60, 0x07, 0xC0, 0x3C, 0x00, 0x80, 0x00, 0x00,
    0xBF, 0xE7, 0xFF, 0x9E, 0x00, 0x78, 0x01, 0xE0, 0x07, 0x80, 0x1E, 0x00, 0x78, 0x01, 0xE0, 0x07,
    0x80, 0x1E, 0x00, 0x2F, 0xFE, 0x40, 0x3F, 0xFF, 0xE0, 0x3C, 0x02, 0xF4, 0x3C, 0x00, 0x7C, 0x3C,
    0x00, 0x3C, 0x3C, 0x00, 0x7C, 0x3C, 0x01, 0xF4, 0x3F, 0xFF, 0xE0, 0x3F, 0xFF, 0x40, 0x3C, 0x0F,
    0x80, 0x3C, 0x03, 0xD0, 0x3C, 0x01, 0xF0, 0x3C, 0x00, 0xF8, 0x3C, 0x00, 0x3C, 0x3C, 0x00, 0x2E,
    0x00, 0x00, 0x00, 0x00, 0x3C, 0x00, 0x01, 0xF8, 0x00, 0x01, 0xF0, 0x00, 0x0B, 0xFE, 0x1F, 0xFE,
    0x1E, 0x00, 0x1E, 0x00, 0x1E, 0x00, 0x1E, 0x00, 0x1E, 0x00, 0x1E, 0x00, 0x1E, 0x00, 0x1E, 0x00,
    0x1E, 0x00, 0x00, 0x00, 0x1E, 0x00, 0xBD, 0x00, 0xB8, 0x00, 0x06, 0x06, 0x00, 0x03, 0x9D, 0x00,
    0x01, 0xF8, 0x00, 0x00, 0x60, 0x00, 0x00, 0x00, 0x00, 0x2F, 0xFE, 0x40, 0x3F, 0xFF, 0xE0, 0x3C,
    0x02, 0xF4, 0x3C, 0x00, 0x7C, 0x3C, 0x00, 0x3C, 0x3C, 0x00, 0x7C, 0x3C, 0x01, 0xF4, 0x3F, 0xFF,
    0xE0, 0x3F, 0xFF, 0x40, 0x3C, 0x0F, 0x80, 0x3C, 0x03, 0xD0, 0x3C, 0x01, 0xF0, 0x3C, 0x00, 0xF8,
    0x3C, 0x00, 0x3C, 0x3C, 0x00, 0x2E, 0x24, 0x24, 0xB6, 0xC0, 0xBC, 0x00, 0x90, 0x00, 0x00, 0xBF,
    0xE7, 0xFF, 0x9E, 0x00, 0x78, 0x01, 0xE0, 0x07, 0x80, 0x1E, 0x00, 0x78, 0x01, 0xE0, 0x07, 0x80,
    0x1E, 0x00, 0x00, 0x06, 0x00, 0x00, 0x7C, 0x00, 0x03, 0xC0, 0x00, 0x08, 0x00, 0x00, 0x00, 0x00,
    0x0B, 0xFE, 0x40, 0xFF, 0xFE, 0x0B, 0xD0, 0x14, 0x3D, 0x00, 0x00, 0xF0, 0x00, 0x02, 0xF0, 0x00,
    0x03, 0xF8, 0x00, 0x02, 0xFF, 0x00, 0x00, 0x7F, 0x40, 0x00, 0x1F, 0x00, 0x00, 0x2D, 0x00, 0x00,
    0xB4, 0x90, 0x0B, 0xD3, 0xFF, 0xFE, 0x06, 0xFF, 0x90, 0x00, 0x18, 0x00, 0x1F, 0x00, 0x0F, 0x00,
    0x02, 0x00, 0x00, 0x00, 0x01, 0xFF, 0x81, 0xFF, 0xF0, 0xF4, 0x04, 0x3C, 0x00, 0x0B, 0xE4, 0x00,
    0x7F, 0xD0, 0x01, 0xBC, 0x00, 0x0B, 0x40, 0x02, 0xD3, 0xFF, 0xF0, 0xBF, 0xE0, 0x00, 0x24, 0x00,
    0x02, 0xF0, 0x00, 0x2D, 0xB0, 0x00, 0x90, 0x90, 0x00, 0x00, 0x00, 0x0B, 0xFE, 0x40, 0xFF, 0xFE,
    0x0B, 0xD0, 0x14, 0x3D, 0x00, 0x00, 0xF0, 0x00, 0x02, 0xF0, 0x00, 0x03, 0xF8, 0x00, 0x02, 0xFF,
    0x00, 0x00, 0x7F, 0x40, 0x00, 0x1F, 0x00, 0x00, 0x2D, 0x00, 0x00, 0xB4, 0x90, 0x0B, 0xD3, 0xFF,
    0xFE, 0x06, 0xFF, 0x90, 0x00, 0x90, 0x00, 0xBC, 0x00, 0xB6, 0xC0, 0x24, 0x24, 0x00, 0x00, 0x01,
    0xFF, 0x81, 0xFF, 0xF0, 0xF4, 0x04, 0x3C, 0x00, 0x0B, 0xE4, 0x00, 0x7F, 0xD0, 0x01, 0xBC, 0x00,
    0x0B, 0x40, 0x02, 0xD3, 0xFF, 0xF0, 0xBF, 0xE0, 0x02, 0xFF, 0x90, 0x3F, 0xFF, 0x82, 0xF4, 0x05,
    0x0F, 0x40, 0x00, 0x3C, 0x00, 0x00, 0xBC, 0x00, 0x00, 0xFE, 0x00, 0x00, 0xBF, 0xC0, 0x00, 0x1F,
    0xD0, 0x00, 0x07, 0xC0, 0x00, 0x0B, 0x40, 0x00, 0x2D, 0x24, 0x02, 0xF4, 0xFF, 0xFF, 0x81, 0xBF,
    0xE4, 0x00, 0x1D, 0x00, 0x00, 0x3C, 0x00, 0x0B, 0xE0, 0x00, 0x07, 0xFE, 0x0B, 0xFF, 0xC3, 0xD0,
    0x10, 0xF0, 0x00, 0x1F, 0x90, 0x01, 0xFF, 0x40, 0x06, 0xF0, 0x00, 0x2D, 0x00, 0x0B, 0x4F, 0xFF,
    0xC2, 0xFF, 0x80, 0x07, 0x40, 0x00, 0xF0, 0x02, 0xF8, 0x00, 0x02, 0x42, 0x40, 0x0B, 0x6C, 0x00,
    0x0B, 0xC0, 0x00, 0x09, 0x00, 0x00, 0x00, 0x00, 0x0B, 0xFE, 0x40, 0xFF, 0xFE, 0x0B, 0xD0, 0x14,
    0x3D, 0x00, 0x00, 0xF0, 0x00, 0x02, 0xF0, 0x00, 0x03, 0xF8, 0x00, 0x02, 0xFF, 0x00, 0x00, 0x7F,
    0x40, 0x00, 0x1F, 0x00, 0x00, 0x2D, 0x00, 0x00, 0xB4, 0x90, 0x0B, 0xD3, 0xFF, 0xFE, 0x06, 0xFF,
    0x90, 0x08, 0x08, 0x02, 0xDF, 0x00, 0x2F, 0x00, 0x02, 0x00, 0x00, 0x00, 0x01, 0xFF, 0x81, 0xFF,
    0xF0, 0xF4, 0x04, 0x3C, 0x00, 0x0B, 0xE4, 0x00, 0x7F, 0xD0, 0x01, 0xBC, 0x00, 0x0B, 0x40, 0x02,
    0xD3, 0xFF, 0xF0, 0xBF, 0xE0, 0xBF, 0xFF, 0xFE, 0xBF, 0xFF, 0xFE, 0x00, 0x3C, 0x00, 0x00, 0x3C,
    0x00, 0x00, 0x3C, 0x00, 0x00, 0x3C, 0x00, 0x00, 0x3C, 0x00, 0x00, 0x3C, 0x00, 0x00, 0x3C, 0x00,
    0x00, 0x3C, 0x00, 0x00, 0x3C, 0x00, 0x00, 0x3C, 0x00, 0x00, 0x3C, 0x00, 0x00, 0x3C, 0x00, 0x00,
    0x3C, 0x00, 0x00, 0x34, 0x00, 0x00, 0x2C, 0x00, 0x01, 0xF8, 0x00, 0x74, 0x00, 0x78, 0x00, 0x78,
    0x00, 0x7F, 0xF8, 0x7F, 0xF8, 0x78, 0x00, 0x78, 0x00, 0x78, 0x00, 0x78, 0x00, 0x78, 0x00, 0x78,
    0x00, 0x7C, 0x04, 0x3F, 0xFC, 0x0B, 0xF8, 0x03, 0xC0, 0x01, 0xE0, 0x0F, 0xD0, 0x02, 0x42, 0x40,
    0x01, 0xDB, 0x40, 0x00, 0x7D, 0x00, 0x00, 0x24, 0x00, 0x00, 0x00, 0x00, 0xBF, 0xFF, 0xFE, 0xBF,
    0xFF, 0xFE, 0x00, 0x3C, 0x00, 0x00, 0x3C, 0x00, 0x00, 0x3C, 0x00, 0x00, 0x3C, 0x00, 0x00, 0x3C,
    0x00, 0x00, 0x3C, 0x00, 0x00, 0x3C, 0x00, 0x00, 0x3C, 0x00, 0x00, 0x3C, 0x00, 0x00, 0x3C, 0x00,
    0x00, 0x3C, 0x00, 0x00, 0x3C, 0x00, 0x00, 0x3C, 0x00, 0x00, 0xF0, 0x00, 0xE0, 0x74, 0xD0, 0x78,
    0xD0, 0x78, 0x00, 0x7F, 0xF8, 0x7F, 0xF8, 0x78, 0x00, 0x78, 0x00, 0x78, 0x00, 0x78, 0x00, 0x78,
    0x00, 0x78, 0x00, 0x7C, 0x04, 0x3F, 0xFC, 0x0B, 0xF8, 0xBF, 0xFF, 0xFE, 0xBF, 0xFF, 0xFE, 0x00,
    0x3C, 0x00, 0x00, 0x3C, 0x00, 0x00, 0x3C, 0x00, 0x00, 0x3C, 0x00, 0x00, 0x3C, 0x00, 0x0F, 0xFF,
    0xE0, 0x0F, 0xFF, 0xE0, 0x00, 0x3C, 0x00, 0x00, 0x3C, 0x00, 0x00, 0x3C, 0x00, 0x00, 0x3C, 0x00,
    0x00, 0x3C, 0x00, 0x00, 0x3C, 0x00, 0x74, 0x00, 0x78, 0x00, 0x78, 0x00, 0x7F, 0xF8, 0x7F, 0xF8,
    0x78, 0x00, 0x78, 0x00, 0x78, 0x00, 0x7F, 0xF8, 0x7F, 0xF8, 0x78, 0x00, 0x7C, 0x04, 0x3F, 0xFC,
    0x0B, 0xF8, 0x00, 0xF4, 0x90, 0x03, 0xFF, 0xD0, 0x03, 0x0B, 0x80, 0x00, 0x00, 0x00, 0x78, 0x00,
    0x1F, 0x78, 0x00, 0x1F, 0x78, 0x00, 0x1F, 0x78, 0x00, 0x1F, 0x78, 0x00, 0x1F, 0x78, 0x00, 0x1F,
    0x78, 0x00, 0x1F, 0x78, 0x00, 0x1F, 0x78, 0x00, 0x1F, 0x7C, 0x00, 0x1E, 0x3C, 0x00, 0x2E, 0x3D,
    0x00, 0x3D, 0x2F, 0x40, 0xFC, 0x0B, 0xFF, 0xF4, 0x01, 0xFF, 0x80, 0x07, 0xD3, 0x00, 0xFF, 0xF0,
    0x0C, 0x7D, 0x00, 0x00, 0x00, 0x00, 0x00, 0x07, 0x80, 0x2D, 0x78, 0x02, 0xD7, 0x80, 0x2D, 0x78,
    0x02, 0xD7, 0x80, 0x2D, 0x78, 0x02, 0xD7, 0x80, 0x2D, 0x7C, 0x02, 0xD3, 0xE0, 0x2D, 0x2F, 0xFF,
    0xD0, 0x7F, 0xF8, 0x03, 0xFF, 0xC0, 0x03, 0xFF, 0xC0, 0x00, 0x00, 0x00, 0x78, 0x00, 0x1F, 0x78,
    0x00, 0x1F, 0x78, 0x00, 0x1F, 0x78, 0x00, 0x1F, 0x78, 0x00, 0x1F, 0x78, 0x00, 0x1F, 0x78, 0x00,
    0x1F, 0x78, 0x00, 0x1F, 0x78, 0x00, 0x1F, 0x7C, 0x00, 0x1E, 0x3C, 0x00, 0x2E, 0x3D, 0x00, 0x3D,
    0x2F, 0x40, 0xFC, 0x0B, 0xFF, 0xF4, 0x01, 0xFF, 0x80, 0x0F, 0xFF, 0x00, 0xFF, 0xF0, 0x00, 0x00,
    0x00, 0x00, 0x00, 0x78, 0x02, 0xD7, 0x80, 0x2D, 0x78, 0x02, 0xD7, 0x80, 0x2D, 0x78, 0x02, 0xD7,
    0x80, 0x2D, 0x78, 0x02, 0xD7, 0xC0, 0x2D, 0x3E, 0x02, 0xD2, 0xFF, 0xFD, 0x07, 0xFF, 0x80, 0x01,
    0xC2, 0xC0, 0x00, 0xFF, 0x80, 0x00, 0x7E, 0x00, 0x00, 0x00, 0x00, 0x78, 0x00, 0x1F, 0x78, 0x00,
    0x1F, 0x78, 0x00, 0x1F, 0x78, 0x00, 0x1F, 0x78, 0x00, 0x1F, 0x78, 0x00, 0x1F, 0x78, 0x00, 0x1F,
    0x78, 0x00, 0x1F, 0x78, 0x00, 0x1F, 0x7C, 0x00, 0x1E, 0x3C, 0x00, 0x2E, 0x3D, 0x00, 0x3D, 0x2F,
    0x40, 0xFC, 0x0B, 0xFF, 0xF4, 0x01, 0xFF, 0x80, 0x0E, 0x0A, 0x00, 0x7F, 0xD0, 0x02, 0xF8, 0x00,
    0x00, 0x00, 0x00, 0x00, 0x07, 0x80, 0x2D, 0x78, 0x02, 0xD7, 0x80, 0x2D, 0x78, 0x02, 0xD7, 0x80,
    0x2D, 0x78, 0x02, 0xD7, 0x80, 0x2D, 0x7C, 0x02, 0xD3, 0xE0, 0x2D, 0x2F, 0xFF, 0xD0, 0x7F, 0xF8,
    0x00, 0x3E, 0x00, 0x00, 0xD3, 0x40, 0x00, 0xD3, 0x40, 0x00, 0x3E, 0x00, 0x78, 0x00, 0x1F, 0x78,
    0x00, 0x1F, 0x78, 0x00, 0x1F, 0x78, 0x00, 0x1F, 0x78, 0x00, 0x1F, 0x78, 0x00, 0x1F, 0x78, 0x00,
    0x1F, 0x78, 0x00, 0x1F, 0x78, 0x00, 0x1F, 0x7C, 0x00, 0x1E, 0x3C, 0x00, 0x2E, 0x3D, 0x00, 0x3D,
    0x2F, 0x40, 0xFC, 0x0B, 0xFF, 0xF4, 0x01, 0xFF, 0x80, 0x01, 0xF4, 0x00, 0x30, 0xC0, 0x03, 0x0C,
    0x00, 0x1F, 0x40, 0x00, 0x00, 0x07, 0x80, 0x2D, 0x78, 0x02, 0xD7, 0x80, 0x2D, 0x78, 0x02, 0xD7,
    0x80, 0x2D, 0x78, 0x02, 0xD7, 0x80, 0x2D, 0x7C, 0x02, 0xD3, 0xE0, 0x2D, 0x2F, 0xFF, 0xD0, 0x7F,
    0xF8, 0x00, 0x18, 0x20, 0x00, 0x38, 0xB0, 0x00, 0xF2, 0xD0, 0x00, 0x81, 0x40, 0x00, 0x00, 0x00,
    0x78, 0x00, 0x1F, 0x78, 0x00, 0x1F, 0x78, 0x00, 0x1F, 0x78, 0x00, 0x1F, 0x78, 0x00, 0x1F, 0x78,
    0x00, 0x1F, 0x78, 0x00, 0x1F, 0x78, 0x00, 0x1F, 0x78, 0x00, 0x1F, 0x7C, 0x00, 0x1E, 0x3C, 0x00,
    0x2E, 0x3D, 0x00, 0x3D, 0x2F, 0x40, 0xFC, 0x0B, 0xFF, 0xF4, 0x01, 0xFF, 0x80, 0x00, 0x90, 0x80,
    0x1D, 0x3C, 0x07, 0x8F, 0x00, 0x20, 0x80, 0x00, 0x00, 0x07, 0x80, 0x2D, 0x78, 0x02, 0xD7, 0x80,
    0x2D, 0x78, 0x02, 0xD7, 0x80, 0x2D, 0x78, 0x02, 0xD7, 0x80, 0x2D, 0x7C, 0x02, 0xD3, 0xE0, 0x2D,
    0x2F, 0xFF, 0xD0, 0x7F, 0xF8, 0x78, 0x00, 0x1F, 0x78, 0x00, 0x1F, 0x78, 0x00, 0x1F, 0x78, 0x00,
    0x1F, 0x78, 0x00, 0x1F, 0x78, 0x00, 0x1F, 0x78, 0x00, 0x1F, 0x78, 0x00, 0x1F, 0x78, 0x00, 0x1F,
    0x7C, 0x00, 0x1E, 0x3C, 0x00, 0x2E, 0x3D, 0x00, 0x3D, 0x2F, 0x40, 0xFC, 0x0B, 0xFF, 0xF0, 0x01,
    0xFF, 0x80, 0x00, 0x0D, 0x00, 0x00, 0x3C, 0x00, 0x00, 0x1F, 0x80, 0x78, 0x02, 0xD7, 0x80, 0x2D,
    0x78, 0x02, 0xD7, 0x80, 0x2D, 0x78, 0x02, 0xD7, 0x80, 0x2D, 0x78, 0x02, 0xD7, 0xC0, 0x2D, 0x3E,
    0x02, 0xD2, 0xFF, 0xFD, 0x07, 0xFF, 0xC0, 0x00, 0xB0, 0x00, 0x1E, 0x00, 0x00, 0xBD, 0x00, 0x00,
    0x20, 0x00, 0x00, 0x00, 0x02, 0xF0, 0x00, 0x00, 0x00, 0x2D, 0xB0, 0x00, 0x00, 0x00, 0x90, 0x80,
    0x00, 0x00, 0x00, 0x00, 0x00, 0x01, 0xF0, 0x00, 0x00, 0x00, 0xF3, 0xC0, 0x00, 0x00, 0x07, 0x8F,
    0x00, 0x1F, 0x00, 0x2D, 0x3D, 0x00, 0xBC, 0x00, 0xF4, 0xB8, 0x03, 0xF4, 0x03, 0xC1, 0xF0, 0x0E,
    0xF0, 0x0F, 0x03, 0xC0, 0xB7, 0xC0, 0x78, 0x0F, 0x03, 0xC7, 0x42, 0xD0, 0x2D, 0x0E, 0x0F, 0x0F,
    0x00, 0x78, 0xB4, 0x3C, 0x3C, 0x00, 0xF3, 0xC0, 0x79, 0xE0, 0x03, 0xDE, 0x00, 0xFB, 0x40, 0x0B,
    0xF0, 0x02, 0xFC, 0x00, 0x1F, 0x80, 0x07, 0xF0, 0x00, 0x3D, 0x00, 0x0F, 0x80, 0x00, 0x01, 0x80,
    0x00, 0x00, 0x07, 0xE0, 0x00, 0x00, 0x0E, 0x74, 0x00, 0x00, 0x18, 0x18, 0x00, 0x00, 0x00, 0x00,
    0x00, 0x78, 0x02, 0xC0, 0x0F, 0x3C, 0x03, 0xD0, 0x1E, 0x3C, 0x03, 0xE0, 0x2D, 0x2D, 0x07, 0xF0,
    0x3C, 0x1E, 0x0F, 0xB0, 0x38, 0x0F, 0x0E, 0x74, 0xB4, 0x0B, 0x1C, 0x38, 0xF0, 0x07, 0xAC, 0x2C,
    0xE0, 0x03, 0xF8, 0x1F, 0xD0, 0x02, 0xF4, 0x0F, 0xC0, 0x00, 0xF0, 0x0B, 0x80, 0x00, 0x08, 0x00,
    0x00, 0x0F, 0x80, 0x00, 0x0E, 0x78, 0x00, 0x02, 0x02, 0x00, 0x00, 0x00, 0x00, 0x2F, 0x00, 0x03,
    0xC3, 0xD0, 0x02, 0xE0, 0xBC, 0x00, 0xF0, 0x0F, 0x40, 0xB8, 0x01, 0xF0, 0x3C, 0x00, 0x3D, 0x3D,
    0x00, 0x03, 0xEF, 0x00, 0x00, 0xBF, 0x00, 0x00, 0x0F, 0x80, 0x00, 0x02, 0xD0, 0x00, 0x00, 0xB4,
    0x00, 0x00, 0x2D, 0x00, 0x00, 0x0B, 0x40, 0x00, 0x02, 0xD0, 0x00, 0x00, 0xB4, 0x00, 0x00, 0x20,
    0x00, 0x03, 0xF0, 0x00, 0x3C, 0xF0, 0x00, 0x80, 0x80, 0x00, 0x00, 0x02, 0xE0, 0x03, 0xC3, 0xC0,
    0x1E, 0x0F, 0x00, 0xB4, 0x2D, 0x03, 0xC0, 0x3C, 0x0F, 0x00, 0xF0, 0x74, 0x01, 0xE2, 0xC0, 0x03,
    0xCF, 0x00, 0x0B, 0xB4, 0x00, 0x0F, 0xC0, 0x00, 0x2E, 0x00, 0x00, 0xB4, 0x00, 0x07, 0xC0, 0x0B,
    0xFC, 0x00, 0x2F, 0x80, 0x00, 0x02, 0xD2, 0xD0, 0x00, 0xB4, 0xB4, 0x00, 0x00, 0x00, 0x02, 0xF0,
    0x00, 0x3C, 0x3D, 0x00, 0x2E, 0x0B, 0xC0, 0x0F, 0x00, 0xF4, 0x0B, 0x80, 0x1F, 0x03, 0xC0, 0x03,
    0xD3, 0xD0, 0x00, 0x3E, 0xF0, 0x00, 0x0B, 0xF0, 0x00, 0x00, 0xF8, 0x00, 0x00, 0x2D, 0x00, 0x00,
    0x0B, 0x40, 0x00, 0x02, 0xD0, 0x00, 0x00, 0xB4, 0x00, 0x00, 0x2D, 0x00, 0x00, 0x0B, 0x40, 0x00,
    0x00, 0x03, 0x00, 0x00, 0x0F, 0x00, 0x00, 0x3C, 0x00, 0x00, 0x20, 0x00, 0x00, 0x00, 0x00, 0x3F,
    0xFF, 0xFC, 0x3F, 0xFF, 0xFC, 0x00, 0x00, 0xF8, 0x00, 0x02, 0xF0, 0x00, 0x07, 0xC0, 0x00, 0x0F,
    0x00, 0x00, 0x3D, 0x00, 0x00, 0xB8, 0x00, 0x00, 0xF0, 0x00, 0x03, 0xD0, 0x00, 0x0B, 0x80, 0x00,
    0x0F, 0x00, 0x00, 0x3D, 0x00, 0x00, 0x7F, 0xFF, 0xFD, 0x7F, 0xFF, 0xFD, 0x00, 0x18, 0x00, 0x03,
    0xC0, 0x00, 0xF0, 0x00, 0x08, 0x00, 0x00, 0x00, 0x03, 0xFF, 0xFC, 0x3F, 0xFF, 0xC0, 0x00, 0xF4,
    0x00, 0x3E, 0x00, 0x0F, 0x80, 0x02, 0xF0, 0x00, 0x7C, 0x00, 0x0F, 0x00, 0x03, 0xD0, 0x00, 0x7F,
    0xFF, 0xC7, 0xFF, 0xFC, 0x00, 0x2C, 0x00, 0x00, 0x3D, 0x00, 0x00, 0x2C, 0x00, 0x00, 0x00, 0x00,
    0x3F, 0xFF, 0xFC, 0x3F, 0xFF, 0xFC, 0x00, 0x00, 0xF8, 0x00, 0x02, 0xF0, 0x00, 0x07, 0xC0, 0x00,
    0x0F, 0x00, 0x00, 0x3D, 0x00, 0x00, 0xB8, 0x00, 0x00, 0xF0, 0x00, 0x03, 0xD0, 0x00, 0x0B, 0x80,
    0x00, 0x0F, 0x00, 0x00, 0x3D, 0x00, 0x00, 0x7F, 0xFF, 0xFD, 0x7F, 0xFF, 0xFD, 0x00, 0xE0, 0x00,
    0x1F, 0x00, 0x00, 0xE0, 0x00, 0x00, 0x00, 0x00, 0x00, 0x03, 0xFF, 0xFC, 0x3F, 0xFF, 0xC0, 0x00,
    0xF4, 0x00, 0x3E, 0x00, 0x0F, 0x80, 0x02, 0xF0, 0x00, 0x7C, 0x00, 0x0F, 0x00, 0x03, 0xD0, 0x00,
    0x7F, 0xFF, 0xC7, 0xFF, 0xFC, 0x01, 0x81, 0x80, 0x00, 0xE7, 0x40, 0x00, 0x7E, 0x00, 0x00, 0x18,
    0x00, 0x00, 0x00, 0x00, 0x3F, 0xFF, 0xFC, 0x3F, 0xFF, 0xFC, 0x00, 0x00, 0xF8, 0x00, 0x02, 0xF0,
    0x00, 0x07, 0xC0, 0x00, 0x0F, 0x00, 0x00, 0x3D, 0x00, 0x00, 0xB8, 0x00, 0x00, 0xF0, 0x00, 0x03,
    0xD0, 0x00, 0x0B, 0x80, 0x00, 0x0F, 0x00, 0x00, 0x3D, 0x00, 0x00, 0x7F, 0xFF, 0xFD, 0x7F, 0xFF,
    0xFD, 0x09, 0x09, 0x00, 0x76, 0xC0, 0x02, 0xF4, 0x00, 0x09, 0x00, 0x00, 0x00, 0x03, 0xFF, 0xFC,
    0x3F, 0xFF, 0xC0, 0x00, 0xF4, 0x00, 0x3E, 0x00, 0x0F, 0x80, 0x02, 0xF0, 0x00, 0x7C, 0x00, 0x0F,
    0x00, 0x03, 0xD0, 0x00, 0x7F, 0xFF, 0xC7, 0xFF, 0xFC, 0x07, 0xFC, 0x2F, 0xFC, 0x3E, 0x00, 0x7C,
    0x00, 0x78, 0x00, 0x78, 0x00, 0x78, 0x00, 0x78, 0x00, 0x78, 0x00, 0x78, 0x00, 0x78, 0x00, 0x78,
    0x00, 0x78, 0x00, 0x78, 0x00, 0x78, 0x00, 0x78, 0x00, 0x00, 0x00, 0x00, 0xF0, 0x00, 0x00, 0x03,
    0xC0, 0x07, 0xFE, 0x0F, 0x01, 0xFF, 0xFF, 0xF0, 0x0F, 0xD0, 0x2F, 0x80, 0xF8, 0x00, 0x1F, 0x07,
    0xC0, 0x00, 0x2E, 0x2E, 0x00, 0x00, 0x7C, 0xB4, 0x00, 0x00, 0xF3, 0xD0, 0x00, 0x03, 0xCB, 0x40,
    0x00, 0x0F, 0x2E, 0x00, 0x00, 0x7C, 0x7C, 0x00, 0x02, 0xE0, 0xF8, 0x00, 0x1F, 0x00, 0xFD, 0x02,
    0xF8, 0x01, 0xFF, 0xFF, 0x80, 0x00, 0x7F, 0xE0, 0x00, 0x00, 0x00, 0x2C, 0x00, 0x00, 0x3C, 0x06,
    0xFD, 0x3C, 0x1F, 0xFF, 0xF4, 0x3E, 0x07, 0xE0, 0xB8, 0x00, 0xF0, 0xF4, 0x00, 0xF0, 0xF0, 0x00,
    0xF4, 0xF0, 0x00, 0xF0, 0xB8, 0x00, 0xF0, 0x3E, 0x07, 0xE0, 0x1F, 0xFF, 0xC0, 0x06, 0xFD, 0x00,
    0x00, 0x00, 0x00, 0xB4, 0x00, 0x00, 0x03, 0xC7, 0x80, 0x01, 0xFD, 0x1E, 0x00, 0x07, 0xC0, 0x78,
    0x00, 0x1F, 0x01, 0xE0, 0x00, 0x7C, 0x07, 0x80, 0x01, 0xF0, 0x1E, 0x00, 0x07, 0xC0, 0x78, 0x00,
    0x1F, 0x01, 0xE0, 0x00, 0x7C, 0x07, 0x80, 0x01, 0xF0, 0x1F, 0x00, 0x07, 0x80, 0x3C, 0x00, 0x2E,
    0x00, 0xF4, 0x00, 0xF4, 0x02, 0xF4, 0x0F, 0xC0, 0x02, 0xFF, 0xFC, 0x00, 0x01, 0xFF, 0x80, 0x00,
    0x00, 0x00, 0x0F, 0x00, 0x00, 0x0F, 0x78, 0x02, 0xFE, 0x78, 0x02, 0xF8, 0x78, 0x02, 0xD0, 0x78,
    0x02, 0xD0, 0x78, 0x02, 0xD0, 0x78, 0x02, 0xD0, 0x78, 0x02, 0xD0, 0x7C, 0x02, 0xD0, 0x3E, 0x02,
    0xD0, 0x2F, 0xFF, 0xD0, 0x07, 0xFF, 0x80, 0x00, 0x00, 0x00, 0x00, 0x18, 0x18, 0x00, 0x00, 0x00,
    0x00, 0x00, 0xE7, 0x80, 0x00, 0x00, 0x00, 0x00, 0x03, 0xE0, 0x00, 0x00, 0x00, 0x00, 0x00, 0x18,
    0x00, 0x2F, 0xFE, 0x40, 0x03, 0xFF, 0xFF, 0xC3, 0xFF, 0xFF, 0x00, 0x3F, 0xFF, 0xFC, 0x3C, 0x01,
    0xFC, 0x00, 0x00, 0x0F, 0x83, 0xC0, 0x03, 0xF0, 0x00, 0x02, 0xF0, 0x3C, 0x00, 0x0F, 0x00, 0x00,
    0x7C, 0x03, 0xC0, 0x00, 0xB8, 0x00, 0x0F, 0x40, 0x3C, 0x00, 0x07, 0x80, 0x02, 0xE0, 0x03, 0xC0,
    0x00, 0x78, 0x00, 0x78, 0x00, 0x3C, 0x00, 0x07, 0x80, 0x0F, 0x00, 0x03, 0xC0, 0x00, 0xB8, 0x03,
    0xD0, 0x00, 0x3C, 0x00, 0x0F, 0x00, 0x78, 0x00, 0x03, 0xC0, 0x03, 0xF0, 0x0F, 0x00, 0x00, 0x3C,
    0x01, 0xFC, 0x03, 0xD0, 0x00, 0x03, 0xFF, 0xFF, 0x00, 0x7F, 0xFF, 0xFD, 0x2F, 0xFE, 0x40, 0x07,
    0xFF, 0xFF, 0xD0, 0x00, 0x00, 0x00, 0x00, 0x90, 0x90, 0x2F, 0xFE, 0x40, 0x00, 0x76, 0xD0, 0x3F,
    0xFF, 0xF0, 0x00, 0x1F, 0x40, 0x3C, 0x01, 0xFC, 0x00, 0x09, 0x00, 0x3C, 0x00, 0x3F, 0x00, 0x00,
    0x00, 0x3C, 0x00, 0x0F, 0x03, 0xFF, 0xFC, 0x3C, 0x00, 0x0B, 0x83, 0xFF, 0xFC, 0x3C, 0x00, 0x07,
    0x80, 0x00, 0xF8, 0x3C, 0x00, 0x07, 0x80, 0x03, 0xE0, 0x3C, 0x00, 0x07, 0x80, 0x0B, 0x80, 0x3C,
    0x00, 0x0B, 0x80, 0x2F, 0x00, 0x3C, 0x00, 0x0F, 0x00, 0x7C, 0x00, 0x3C, 0x00, 0x3F, 0x00, 0xF4,
    0x00, 0x3C, 0x01, 0xFC, 0x03, 0xE0, 0x00, 0x3F, 0xFF, 0xF0, 0x03, 0xFF, 0xFC, 0x2F, 0xFE, 0x40,
    0x03, 0xFF, 0xFC, 0x00, 0x00, 0xE0, 0x08, 0x08, 0x00, 0x00, 0x78, 0x03, 0xDE, 0x00, 0x00, 0x1E,
    0x00, 0x3E, 0x00, 0x00, 0x07, 0x80, 0x02, 0x00, 0x00, 0x01, 0xE0, 0x00, 0x00, 0x01, 0xFF, 0xB8,
    0x2F, 0xFF, 0xD2, 0xFF, 0xFE, 0x0B, 0xFF, 0xF4, 0xF4, 0x0B, 0x80, 0x00, 0xBC, 0xB8, 0x01, 0xE0,
    0x00, 0x7C, 0x3C, 0x00, 0x78, 0x00, 0x7C, 0x0F, 0x00, 0x1E, 0x00, 0x3D, 0x03, 0xD0, 0x07, 0x80,
    0x3D, 0x00, 0xB8, 0x01, 0xE0, 0x2E, 0x00, 0x0F, 0x80, 0x78, 0x1F, 0x00, 0x01, 0xFF, 0xFE, 0x0F,
    0xFF, 0xF8, 0x0B, 0xFE, 0x43, 0xFF, 0xFE, 0x3C, 0x00, 0x00, 0x00, 0x7C, 0xF0, 0x00, 0x00, 0x01,
    0xF3, 0xC0, 0x00, 0x00, 0x07, 0xCF, 0x00, 0x00, 0x00, 0x1F, 0x3C, 0x00, 0x00, 0x00, 0x7C, 0xF0,
    0x00, 0x00, 0x01, 0xF3, 0xC0, 0x00, 0x00, 0x07, 0xCF, 0x00, 0x00, 0x00, 0x1F, 0x3C, 0x00, 0x00,
    0x00, 0x7C, 0xF0, 0x00, 0x00, 0x01, 0xF3, 0xC0, 0x00, 0x00, 0x07, 0x8F, 0x00, 0x00, 0x00, 0x2E,
    0x3C, 0x00, 0x06, 0x01, 0xF4, 0xFF, 0xFF, 0xAF, 0xFF, 0x83, 0xFF, 0xFE, 0x2F, 0xF4, 0x00, 0x00,
    0x00, 0x01, 0xE3, 0xC0, 0x00, 0x1E, 0x3C, 0x00, 0x00, 0x03, 0xC0, 0x00, 0x00, 0x3C, 0x00, 0x00,
    0x03, 0xC0, 0x00, 0x1E, 0x3C, 0x00, 0x01, 0xE3, 0xC0, 0x00, 0x1E, 0x3C, 0x00, 0x01, 0xE3, 0xC0,
    0x00, 0x1E, 0x3C, 0x00, 0x01, 0xE3, 0xC0, 0x00, 0x1E, 0x3C, 0x00, 0x01, 0xE3, 0xC0, 0x00, 0x1E,
    0x3F, 0xFF, 0xE1, 0xE3, 0xFF, 0xFE, 0x1E, 0x00, 0x00, 0x01, 0xE0, 0x00, 0x00, 0x3D, 0x00, 0x00,
    0x7F, 0xC0, 0x00, 0x07, 0xE0, 0x78, 0x0B, 0x5E, 0x02, 0xD7, 0x80, 0x01, 0xE0, 0x00, 0x78, 0x00,
    0x1E, 0x02, 0xD7, 0x80, 0xB5, 0xE0, 0x2D, 0x78, 0x0B, 0x5E, 0x02, 0xD7, 0x80, 0xB5, 0xE0, 0x2D,
    0x78, 0x0B, 0x5F, 0x02, 0xD3, 0xF0, 0xB4, 0x7C, 0x2D, 0x00, 0x0B, 0x40, 0x03, 0xC0, 0x1F, 0xF0,
    0x07, 0xE0, 0x3C, 0x00, 0x0B, 0x40, 0x00, 0x3C, 0x3E, 0x00, 0x0B, 0x40, 0x00, 0x3C, 0x3F, 0x40,
    0x0B, 0x40, 0x00, 0x3C, 0x3F, 0xD0, 0x0B, 0x40, 0x00, 0x3C, 0x3D, 0xF0, 0x0B, 0x40, 0x00, 0x3C,
    0x3C, 0x78, 0x0B, 0x40, 0x00, 0x3C, 0x3C, 0x2D, 0x0B, 0x40, 0x00, 0x3C, 0x3C, 0x0F, 0x0B, 0x40,
    0x00, 0x3C, 0x3C, 0x07, 0xCB, 0x40, 0x00, 0x3C, 0x3C, 0x02, 0xDB, 0x40, 0x00, 0x3C, 0x3C, 0x00,
    0xFB, 0x40, 0x00, 0x3C, 0x3C, 0x00, 0x7F, 0x40, 0x00, 0x3C, 0x3C, 0x00, 0x2F, 0x42, 0x40, 0xF8,
    0x3C, 0x00, 0x0F, 0x47, 0xFF, 0xF0, 0x3C, 0x00, 0x0B, 0x41, 0xBF, 0x80, 0x00, 0x00, 0x00, 0x00,
    0xF0, 0xF0, 0x00, 0x2D, 0x03, 0xC3, 0xE0, 0x00, 0xB4, 0x00, 0x0F, 0xD0, 0x02, 0xD0, 0x00, 0x3F,
    0xD0, 0x0B, 0x40, 0x00, 0xF7, 0xC0, 0x2D, 0x03, 0xC3, 0xC7, 0x80, 0xB4, 0x0F, 0x0F, 0x0B, 0x42,
    0xD0, 0x3C, 0x3C, 0x0F, 0x0B, 0x40, 0xF0, 0xF0, 0x1F, 0x2D, 0x03, 0xC3, 0xC0, 0x2D, 0xB4, 0x0F,
    0x0F, 0x00, 0x3E, 0xD0, 0x3C, 0x3C, 0x00, 0x7F, 0x40, 0xF0, 0xF0, 0x00, 0xBD, 0x03, 0xC3, 0xC0,
    0x00, 0xF4, 0x0F, 0x0F, 0x00, 0x02, 0xD0, 0x3C, 0x00, 0x00, 0x00, 0x00, 0xF0, 0x00, 0x00, 0x00,
    0x0B, 0xC0, 0x00, 0x00, 0x03, 0xFD, 0x00, 0x00, 0x00, 0x0F, 0xD0, 0x00, 0x00, 0x00, 0x7C, 0x00,
    0x00, 0x00, 0x7C, 0x00, 0x00, 0x00, 0x00, 0x00, 0x00, 0x00, 0x00, 0x00, 0x00, 0x00, 0x00, 0x2F,
    0xFD, 0x00, 0x3C, 0x7F, 0xFF, 0x80, 0x3C, 0x78, 0x07, 0xC0, 0x3C, 0x78, 0x02, 0xD0, 0x3C, 0x78,
    0x02, 0xD0, 0x3C, 0x78, 0x01, 0xE0, 0x3C, 0x78, 0x01, 0xE0, 0x3C, 0x78, 0x01, 0xE0, 0x3C, 0x78,
    0x01, 0xE0, 0x3C, 0x78, 0x01, 0xE0, 0x3C, 0x78, 0x01, 0xE0, 0x3C, 0x00, 0x00, 0x00, 0x78, 0x00,
    0x00, 0x00, 0xF8, 0x00, 0x00, 0x0F, 0xF0, 0x00, 0x00, 0x0F, 0xD0, 0x00, 0x90, 0x90, 0x00, 0x07,
    0x6D, 0x00, 0x00, 0x1F, 0x40, 0x00, 0x00, 0x90, 0x00, 0x00, 0x00, 0x00, 0x00, 0x00, 0xF0, 0x00,
    0x00, 0x2F, 0x40, 0x00, 0x03, 0xFC, 0x00, 0x00, 0x76, 0xD0, 0x00, 0x0F, 0x1E, 0x00, 0x00, 0xE0,
    0xF0, 0x00, 0x2D, 0x0B, 0x80, 0x03, 0xC0, 0x3C, 0x00, 0x74, 0x02, 0xD0, 0x0F, 0xFF, 0xFE, 0x00,
    0xFF, 0xFF, 0xF0, 0x2D, 0x00, 0x0B, 0x43, 0xC0, 0x00, 0x7C, 0x7C, 0x00, 0x03, 0xCB, 0x40, 0x00,
    0x2E, 0x02, 0x02, 0x00, 0x3C, 0xF0, 0x00, 0xFC, 0x00, 0x02, 0x00, 0x00, 0x00, 0x00, 0xBF, 0xE0,
    0x0F, 0xFF, 0x80, 0x00, 0x7C, 0x00, 0x02, 0xD0, 0x6F, 0xFD, 0x1F, 0xFF, 0xD3, 0xE0, 0x2D, 0x3C,
    0x02, 0xD3, 0xD0, 0x2D, 0x2F, 0xFF, 0xD0, 0x7F, 0xF8, 0x90, 0x97, 0x6C, 0x2F, 0x40, 0x90, 0x00,
    0x00, 0xF0, 0x0F, 0x00, 0xF0, 0x0F, 0x00, 0xF0, 0x0F, 0x00, 0xF0, 0x0F, 0x00, 0xF0, 0x0F, 0x00,
    0xF0, 0x0F, 0x00, 0xF0, 0x0F, 0x00, 0xF0, 0x20, 0x20, 0xB6, 0xC0, 0xBC, 0x00, 0x80, 0x00, 0x00,
    0x1E, 0x00, 0x78, 0x01, 0xE0, 0x07, 0x80, 0x1E, 0x00, 0x78, 0x01, 0xE0, 0x07, 0x80, 0x1E, 0x00,
    0x78, 0x01, 0xE0, 0x00, 0x60, 0x60, 0x00, 0x00, 0xE7, 0x40, 0x00, 0x01, 0xF8, 0x00, 0x00, 0x01,
    0x80, 0x00, 0x00, 0x00, 0x00, 0x00, 0x01, 0xFF, 0x80, 0x00, 0x7F, 0xFF, 0xE0, 0x03, 0xF4, 0x0B,
    0xE0, 0x3E, 0x00, 0x07, 0xC1, 0xF0, 0x00, 0x0B, 0x8B, 0x80, 0x00, 0x1F, 0x2D, 0x00, 0x00, 0x3C,
    0xF4, 0x00, 0x00, 0xF2, 0xD0, 0x00, 0x03, 0xCB, 0x80, 0x00, 0x1F, 0x1F, 0x00, 0x00, 0xB8, 0x3E,
    0x00, 0x07, 0xC0, 0x3F, 0x40, 0xBE, 0x00, 0x7F, 0xFF, 0xE0, 0x00, 0x1F, 0xF8, 0x00, 0x06, 0x06,
    0x00, 0x0E, 0x78, 0x00, 0x0F, 0x80, 0x00, 0x18, 0x00, 0x00, 0x00, 0x00, 0x1B, 0xF4, 0x01, 0xFF,
    0xFC, 0x0F, 0x81, 0xF8, 0xB8, 0x00, 0xF3, 0xD0, 0x03, 0xCF, 0x00, 0x0F, 0x7D, 0x00, 0x3C, 0xB8,
    0x00, 0xF0, 0xF8, 0x1F, 0x81, 0xFF, 0xFC, 0x01, 0xBF, 0x40, 0x01, 0x81, 0x80, 0x00, 0xE7, 0x80,
    0x00, 0x3E, 0x00, 0x00, 0x18, 0x00, 0x00, 0x00, 0x00, 0x78, 0x00, 0x1F, 0x78, 0x00, 0x1F, 0x78,
    0x00, 0x1F, 0x78, 0x00, 0x1F, 0x78, 0x00, 0x1F, 0x78, 0x00, 0x1F, 0x78, 0x00, 0x1F, 0x78, 0x00,
    0x1F, 0x78, 0x00, 0x1F, 0x7C, 0x00, 0x1E, 0x3C, 0x00, 0x2E, 0x3D, 0x00, 0x3D, 0x2F, 0x40, 0xFC,
    0x0B, 0xFF, 0xF4, 0x01, 0xFF, 0x80, 0x09, 0x09, 0x00, 0x76, 0xD0, 0x01, 0xF4, 0x00, 0x05, 0x00,
    0x00, 0x00, 0x07, 0x80, 0x2D, 0x78, 0x02, 0xD7, 0x80, 0x2D, 0x78, 0x02, 0xD7, 0x80, 0x2D, 0x78,
    0x02, 0xD7, 0x80, 0x2D, 0x7C, 0x02, 0xD3, 0xE0, 0x2D, 0x2F, 0xFF, 0xD0, 0x7F, 0xF8, 0x01, 0xFF,
    0xC0, 0x01, 0xFF, 0xC0, 0x00, 0x00, 0x00, 0x03, 0xC2, 0xD0, 0x03, 0xC2, 0xD0, 0x00, 0x00, 0x00,
    0x78, 0x00, 0x1F, 0x78, 0x00, 0x1F, 0x78, 0x00, 0x1F, 0x78, 0x00, 0x1F, 0x78, 0x00, 0x1F, 0x78,
    0x00, 0x1F, 0x78, 0x00, 0x1F, 0x78, 0x00, 0x1F, 0x78, 0x00, 0x1F, 0x7C, 0x00, 0x1E, 0x3C, 0x00,
    0x2E, 0x3D, 0x00, 0x3D, 0x2F, 0x40, 0xFC, 0x0B, 0xFF, 0xF4, 0x01, 0xFF, 0x80, 0x0B, 0xFE, 0x00,
    0xBF, 0xE0, 0x00, 0x00, 0x00, 0xE0, 0xF0, 0x0E, 0x0F, 0x00, 0x00, 0x00, 0x78, 0x02, 0xD7, 0x80,
    0x2D, 0x78, 0x02, 0xD7, 0x80, 0x2D, 0x78, 0x02, 0xD7, 0x80, 0x2D, 0x78, 0x02, 0xD7, 0xC0, 0x2D,
    0x3E, 0x02, 0xD2, 0xFF, 0xFD, 0x07, 0xFF, 0x80, 0x00, 0x02, 0x00, 0x00, 0x0F, 0x00, 0x00, 0x2D,
    0x00, 0x0B, 0x54, 0xF0, 0x0B, 0x40, 0xF0, 0x00, 0x00, 0x00, 0x78, 0x00, 0x1F, 0x78, 0x00, 0x1F,
    0x78, 0x00, 0x1F, 0x78, 0x00, 0x1F, 0x78, 0x00, 0x1F, 0x78, 0x00, 0x1F, 0x78, 0x00, 0x1F, 0x78,
    0x00, 0x1F, 0x78, 0x00, 0x1F, 0x7C, 0x00, 0x1E, 0x3C, 0x00, 0x2E, 0x3D, 0x00, 0x3D, 0x2F, 0x40,
    0xFC, 0x0B, 0xFF, 0xF4, 0x01, 0xFF, 0x80, 0x00, 0x18, 0x00, 0x03, 0xC0, 0x00, 0xB0, 0x00, 0x05,
    0x00, 0x0E, 0x0B, 0x00, 0xE0, 0xB0, 0x00, 0x00, 0x07, 0x80, 0x2D, 0x78, 0x02, 0xD7, 0x80, 0x2D,
    0x78, 0x02, 0xD7, 0x80, 0x2D, 0x78, 0x02, 0xD7, 0x80, 0x2D, 0x7C, 0x02, 0xD3, 0xE0, 0x2D, 0x2F,
    0xFF, 0xD0, 0x7F, 0xF8, 0x00, 0xD2, 0x80, 0x00, 0xBF, 0x00, 0x0B, 0x58, 0xF0, 0x0B, 0x40, 0xF0,
    0x00, 0x00, 0x00, 0x78, 0x00, 0x1F, 0x78, 0x00, 0x1F, 0x78, 0x00, 0x1F, 0x78, 0x00, 0x1F, 0x78,
    0x00, 0x1F, 0x78, 0x00, 0x1F, 0x78, 0x00, 0x1F, 0x78, 0x00, 0x1F, 0x78, 0x00, 0x1F, 0x7C, 0x00,
    0x1E, 0x3C, 0x00, 0x2E, 0x3D, 0x00, 0x3D, 0x2F, 0x40, 0xFC, 0x0B, 0xFF, 0xF4, 0x01, 0xFF, 0x80,
    0x06, 0x1D, 0x00, 0x3F, 0xC0, 0x00, 0xA0, 0x00, 0xE0, 0xB0, 0x0E, 0x0B, 0x00, 0x00, 0x00, 0x78,
    0x02, 0xD7, 0x80, 0x2D, 0x78, 0x02, 0xD7, 0x80, 0x2D, 0x78, 0x02, 0xD7, 0x80, 0x2D, 0x78, 0x02,
    0xD7, 0xC0, 0x2D, 0x3E, 0x02, 0xD2, 0xFF, 0xFD, 0x07, 0xFF, 0x80, 0x00, 0x60, 0x00, 0x00, 0xB4,
    0x00, 0x00, 0x3C, 0x00, 0x0B, 0x48, 0xF0, 0x0B, 0x40, 0xF0, 0x00, 0x00, 0x00, 0x78, 0x00, 0x1F,
    0x78, 0x00, 0x1F, 0x78, 0x00, 0x1F, 0x78, 0x00, 0x1F, 0x78, 0x00, 0x1F, 0x78, 0x00, 0x1F, 0x78,
    0x00, 0x1F, 0x78, 0x00, 0x1F, 0x78, 0x00, 0x1F, 0x7C, 0x00, 0x1E, 0x3C, 0x00, 0x2E, 0x3D, 0x00,
    0x3D, 0x2F, 0x40, 0xFC, 0x0B, 0xFF, 0xF4, 0x01, 0xFF, 0x80, 0x02, 0x00, 0x00, 0x3C, 0x00, 0x01,
    0xE0, 0x00, 0x09, 0x00, 0x0E, 0x0B, 0x00, 0xE0, 0xB0, 0x00, 0x00, 0x07, 0x80, 0x2D, 0x78, 0x02,
    0xD7, 0x80, 0x2D, 0x78, 0x02, 0xD7, 0x80, 0x2D, 0x78, 0x02, 0xD7, 0x80, 0x2D, 0x7C, 0x02, 0xD3,
    0xE0, 0x2D, 0x2F, 0xFF, 0xD0, 0x7F, 0xF8, 0x2F, 0xF8, 0x03, 0xFF, 0xF0, 0x10, 0x0B, 0xC0, 0x00,
    0x2D, 0xFF, 0xFF, 0xEF, 0xFF, 0xFE, 0xF0, 0x02, 0xEB, 0x40, 0x3D, 0x7D, 0x0F, 0xC2, 0xFF, 0xF0,
    0x07, 0xF8, 0x00, 0x00, 0xBF, 0xE0, 0x00, 0x0B, 0xFE, 0x00, 0x00, 0x00, 0x00, 0x00, 0x0E, 0x0F,
    0x00, 0x00, 0xE0, 0xF0, 0x00, 0x00, 0x00, 0x00, 0x00, 0x0F, 0x00, 0x00, 0x02, 0xF4, 0x00, 0x00,
    0x3F, 0xC0, 0x00, 0x07, 0x6D, 0x00, 0x00, 0xF1, 0xE0, 0x00, 0x0E, 0x0F, 0x00, 0x02, 0xD0, 0xB8,
    0x00, 0x3C, 0x03, 0xC0, 0x07, 0x40, 0x2D, 0x00, 0xFF, 0xFF, 0xE0, 0x0F, 0xFF, 0xFF, 0x02, 0xD0,
    0x00, 0xB4, 0x3C, 0x00, 0x07, 0xC7, 0xC0, 0x00, 0x3C, 0xB4, 0x00, 0x02, 0xE0, 0x03, 0xFF, 0x00,
    0x3F, 0xF0, 0x00, 0x00, 0x00, 0x74, 0x78, 0x0B, 0x47, 0x80, 0x00, 0x00, 0x0B, 0xFE, 0x00, 0xFF,
    0xF8, 0x00, 0x07, 0xC0, 0x00, 0x2D, 0x06, 0xFF, 0xD1, 0xFF, 0xFD, 0x3E, 0x02, 0xD3, 0xC0, 0x2D,
    0x3D, 0x02, 0xD2, 0xFF, 0xFD, 0x07, 0xFF, 0x80, 0x00, 0xBF, 0xE0, 0x00, 0x0B, 0xFE, 0x00, 0x00,
    0x00, 0x00, 0x00, 0x00, 0xF0, 0x00, 0x00, 0x0F, 0x00, 0x00, 0x00, 0x00, 0x00, 0x00, 0x0F, 0x00,
    0x00, 0x02, 0xF4, 0x00, 0x00, 0x3F, 0xC0, 0x00, 0x07, 0x6D, 0x00, 0x00, 0xF1, 0xE0, 0x00, 0x0E,
    0x0F, 0x00, 0x02, 0xD0, 0xB8, 0x00, 0x3C, 0x03, 0xC0, 0x07, 0x40, 0x2D, 0x00, 0xFF, 0xFF, 0xE0,
    0x0F, 0xFF, 0xFF, 0x02, 0xD0, 0x00, 0xB4, 0x3C, 0x00, 0x07, 0xC7, 0xC0, 0x00, 0x3C, 0xB4, 0x00,
    0x02, 0xE0, 0x03, 0xFF, 0x00, 0x3F, 0xF0, 0x00, 0x00, 0x00, 0x07, 0x40, 0x00, 0x74, 0x00, 0x00,
    0x00, 0x0B, 0xFE, 0x00, 0xFF, 0xF8, 0x00, 0x07, 0xC0, 0x00, 0x2D, 0x06, 0xFF, 0xD1, 0xFF, 0xFD,
    0x3E, 0x02, 0xD3, 0xC0, 0x2D, 0x3D, 0x02, 0xD2, 0xFF, 0xFD, 0x07, 0xFF, 0x80, 0x00, 0x00, 0x3F,
    0xFC, 0x00, 0x00, 0x00, 0xFF, 0xF0, 0x00, 0x00, 0x00, 0x00, 0x00, 0x00, 0x00, 0x1F, 0xFF, 0xFD,
    0x00, 0x00, 0xFF, 0xFF, 0xF4, 0x00, 0x0B, 0xBC, 0x00, 0x00, 0x00, 0x3C, 0xF0, 0x00, 0x00, 0x02,
    0xC3, 0xC0, 0x00, 0x00, 0x1D, 0x0F, 0x00, 0x00, 0x00, 0xF0, 0x3F, 0xFF, 0x80, 0x0B, 0x00, 0xFF,
    0xFE, 0x00, 0x38, 0x03, 0xC0, 0x00, 0x03, 0xFF, 0xFF, 0x00, 0x00, 0x1F, 0xFF, 0xFC, 0x00, 0x00,
    0xF0, 0x00, 0xF0, 0x00, 0x07, 0x80, 0x03, 0xC0, 0x00, 0x3C, 0x00, 0x0F, 0xFF, 0xFE, 0xE0, 0x00,
    0x3F, 0xFF, 0xF0, 0x00, 0x0F, 0xFF, 0x00, 0x00, 0x03, 0xFF, 0xC0, 0x00, 0x00, 0x00, 0x00, 0x00,
    0x00, 0x00, 0x00, 0x00, 0x0B, 0xFD, 0x0B, 0xF8, 0x03, 0xFF, 0xEF, 0xFF, 0xC0, 0x00, 0x7F, 0x80,
    0xF4, 0x00, 0x0B, 0x80, 0x0E, 0x06, 0xFF, 0xFF, 0xFF, 0xC7, 0xFF, 0xFF, 0xFF, 0xF3, 0xE0, 0x2E,
    0x00, 0x00, 0xF0, 0x03, 0xC0, 0x00, 0x3D, 0x01, 0xF8, 0x01, 0x07, 0xFF, 0xFF, 0xFF, 0xC0, 0x7F,
    0xE4, 0xBF, 0xE0, 0x00, 0x7F, 0xE4, 0x00, 0x7F, 0xFF, 0xD0, 0x0F, 0xD0, 0x18, 0x03, 0xE0, 0x00,
    0x00, 0x7C, 0x00, 0x00, 0x0B, 0x80, 0x00, 0x00, 0xB4, 0x00, 0x00, 0x0F, 0x40, 0x01, 0xE0, 0xB4,
    0x02, 0xFF, 0xDB, 0x80, 0x2F, 0xFD, 0x7C, 0x00, 0x1E, 0x03, 0xE0, 0x01, 0xE0, 0x1F, 0xD0, 0x1E,
    0x00, 0x7F, 0xFF, 0xE0, 0x00, 0xBF, 0xF9, 0x00, 0x02, 0xFF, 0x80, 0x1F, 0xFF, 0xD0, 0x3E, 0x02,
    0xD0, 0xB8, 0x02, 0xD0, 0xF4, 0x3F, 0xFC, 0xF0, 0x3F, 0xFC, 0xF0, 0x02, 0xD0, 0xB8, 0x02, 0xD0,
    0x7D, 0x07, 0xD0, 0x2F, 0xFF, 0xD0, 0x07, 0xFA, 0xD0, 0x00, 0x02, 0xD0, 0x10, 0x07, 0xC0, 0x3F,
    0xFF, 0x40, 0x2F, 0xF9, 0x00, 0x00, 0x90, 0x90, 0x00, 0x76, 0xD0, 0x00, 0x1F, 0x40, 0x00, 0x09,
    0x00, 0x00, 0x00, 0x00, 0x00, 0x7F, 0xF4, 0x07, 0xFF, 0xFD, 0x0F, 0xD0, 0x18, 0x3E, 0x00, 0x00,
    0x7C, 0x00, 0x00, 0xB8, 0x00, 0x00, 0xB4, 0x00, 0x00, 0xF4, 0x00, 0x00, 0xB4, 0x00, 0x1E, 0xB8,
    0x00, 0x1E, 0x7C, 0x00, 0x1E, 0x3E, 0x00, 0x1E, 0x1F, 0xD0, 0x1E, 0x07, 0xFF, 0xFE, 0x00, 0xBF,
    0xF9, 0x06, 0x06, 0x00, 0x79, 0xD0, 0x01, 0xF4, 0x00, 0x06, 0x00, 0x00, 0x00, 0x00, 0x2F, 0xF8,
    0x1F, 0xFF, 0xD3, 0xE0, 0x2D, 0xB8, 0x02, 0xDF, 0x40, 0x2D, 0xF0, 0x02, 0xDF, 0x00, 0x2D, 0xB8,
    0x02, 0xD7, 0xD0, 0x7D, 0x2F, 0xFF, 0xD0, 0x7F, 0xAD, 0x00, 0x02, 0xD1, 0x00, 0x7C, 0x3F, 0xFF,
    0x42, 0xFF, 0x90, 0x02, 0x02, 0x00, 0x00, 0xB6, 0xC0, 0x00, 0x0B, 0xC0, 0x00, 0x00, 0x80, 0x00,
    0x00, 0x00, 0x00, 0x0F, 0x00, 0x1F, 0x03, 0xC0, 0x0F, 0x40, 0xF0, 0x0F, 0x80, 0x3C, 0x0F, 0x80,
    0x0F, 0x0F, 0x80, 0x03, 0xCB, 0x80, 0x00, 0xFB, 0x80, 0x00, 0x3F, 0xD0, 0x00, 0x0F, 0x7D, 0x00,
    0x03, 0xC7, 0xD0, 0x00, 0xF0, 0x3D, 0x00, 0x3C, 0x03, 0xD0, 0x0F, 0x00, 0x3D, 0x03, 0xC0, 0x07,
    0xC0, 0xF0, 0x00, 0xBC, 0x90, 0xC0, 0x07, 0xF8, 0x00, 0x0D, 0x00, 0x00, 0x00, 0x00, 0x38, 0x00,
    0x07, 0x80, 0x00, 0x78, 0x00, 0x07, 0x80, 0x00, 0x78, 0x00, 0x07, 0x80, 0x7C, 0x78, 0x1F, 0x07,
    0x83, 0xC0, 0x78, 0xF4, 0x07, 0xBD, 0x00, 0x7F, 0xC0, 0x07, 0x9F, 0x00, 0x78, 0x7C, 0x07, 0x81,
    0xF0, 0x78, 0x0B, 0x87, 0x80, 0x3D, 0x00, 0x7F, 0xE0, 0x00, 0x1F, 0xFF, 0xF8, 0x00, 0xFD, 0x02,
    0xF8, 0x0F, 0x80, 0x01, 0xF0, 0x7C, 0x00, 0x02, 0xE2, 0xE0, 0x00, 0x07, 0xCB, 0x40, 0x00, 0x0F,
    0x3D, 0x00, 0x00, 0x3C, 0xB4, 0x00, 0x00, 0xF2, 0xE0, 0x00, 0x07, 0xC7, 0xC0, 0x00, 0x2E, 0x0F,
    0x80, 0x01, 0xF0, 0x0F, 0xD0, 0x2F, 0x80, 0x1F, 0xFF, 0xF8, 0x00, 0x07, 0xFF, 0x00, 0x00, 0x00,
    0xE0, 0x00, 0x00, 0x0F, 0x00, 0x00, 0x00, 0x1F, 0x80, 0x00, 0x06, 0xFD, 0x00, 0x7F, 0xFF, 0x03,
    0xE0, 0x7E, 0x2E, 0x00, 0x3C, 0xF4, 0x00, 0xF3, 0xC0, 0x03, 0xDF, 0x40, 0x0F, 0x2E, 0x00, 0x3C,
    0x3E, 0x07, 0xE0, 0x7F, 0xFF, 0x00, 0x6F, 0xD0, 0x00, 0x2C, 0x00, 0x01, 0xE0, 0x00, 0x03, 0xF0,
    0x00, 0x00, 0xFF, 0xF0, 0x00, 0x03, 0xFF, 0xC0, 0x00, 0x00, 0x00, 0x00, 0x00, 0x1F, 0xF8, 0x00,
    0x07, 0xFF, 0xFE, 0x00, 0x3F, 0x40, 0xBE, 0x03, 0xE0, 0x00, 0x7C, 0x1F, 0x00, 0x00, 0xB8, 0xB8,
    0x00, 0x01, 0xF2, 0xD0, 0x00, 0x03, 0xCF, 0x40, 0x00, 0x0F, 0x2D, 0x00, 0x00, 0x3C, 0xB8, 0x00,
    0x01, 0xF1, 0xF0, 0x00, 0x0B, 0x83, 0xE0, 0x00, 0x7C, 0x03, 0xF4, 0x0B, 0xE0, 0x07, 0xFF, 0xFE,
    0x00, 0x01, 0xFF, 0xC0, 0x00, 0x00, 0x38, 0x00, 0x00, 0x03, 0xC0, 0x00, 0x00, 0x07, 0xE0, 0x00,
    0x0F, 0xFF, 0x00, 0x3F, 0xFC, 0x00, 0x00, 0x00, 0x00, 0x00, 0x00, 0x06, 0xFD, 0x00, 0x7F, 0xFF,
    0x03, 0xE0, 0x7E, 0x2E, 0x00, 0x3C, 0xF4, 0x00, 0xF3, 0xC0, 0x03, 0xDF, 0x40, 0x0F, 0x2E, 0x00,
    0x3C, 0x3E, 0x07, 0xE0, 0x7F, 0xFF, 0x00, 0x6F, 0xD0, 0x00, 0x2C, 0x00, 0x01, 0xE0, 0x00, 0x03,
    0xF0, 0x00, 0x02, 0x42, 0x40, 0x07, 0x6C, 0x00, 0x0B, 0xD0, 0x00, 0x09, 0x00, 0x00, 0x00, 0x00,
    0xFF, 0xFF, 0xE3, 0xFF, 0xFF, 0x40, 0x00, 0x7C, 0x00, 0x03, 0xC0, 0x00, 0x3D, 0x00, 0x02, 0xD0,
    0x00, 0x2E, 0x00, 0x00, 0xFE, 0x40, 0x00, 0x1B, 0xC0, 0x00, 0x0B, 0x80, 0x00, 0x1F, 0x00, 0x00,
    0xBC, 0xD0, 0x07, 0xE7, 0xFF, 0xFF, 0x06, 0xFF, 0x90, 0x02, 0x06, 0x00, 0x0E, 0x78, 0x00, 0x0F,
    0x80, 0x00, 0x18, 0x00, 0x00, 0x00, 0x00, 0xBF, 0xFF, 0x82, 0xFF, 0xFD, 0x00, 0x00, 0xF0, 0x00,
    0x0F, 0x40, 0x00, 0x78, 0x00, 0x03, 0xC0, 0x00, 0x3C, 0x00, 0x01, 0xFE, 0x00, 0x00, 0x1F, 0x00,
    0x00, 0x0F, 0x00, 0x00, 0x3C, 0x00, 0x00, 0xF0, 0x40, 0x1F, 0x83, 0xFF, 0xFC, 0x0B, 0xFF, 0x40,
    0x08, 0x08, 0x0B, 0x6C, 0x02, 0xF0, 0x00, 0x80, 0x00, 0x00, 0x01, 0xE0, 0x01, 0xE0, 0x01, 0xE0,
    0x01, 0xE0, 0x01, 0xE0, 0x01, 0xE0, 0x01, 0xE0, 0x01, 0xE0, 0x01, 0xE0, 0x01, 0xE0, 0x01, 0xE0,
    0x01, 0xE0, 0x03, 0xD0, 0x3F, 0xC0, 0x7E, 0x00, 0x2F, 0xFE, 0x40, 0x03, 0xFF, 0xFF, 0xC3, 0xFF,
    0xFF, 0x00, 0x3F, 0xFF, 0xFC, 0x3C, 0x01, 0xFC, 0x00, 0x00, 0x0F, 0x83, 0xC0, 0x03, 0xF0, 0x00,
    0x02, 0xF0, 0x3C, 0x00, 0x0F, 0x00, 0x00, 0x7C, 0x03, 0xC0, 0x00, 0xB8, 0x00, 0x0F, 0x40, 0x3C,
    0x00, 0x07, 0x80, 0x02, 0xE0, 0x03, 0xC0, 0x00, 0x78, 0x00, 0x78, 0x00, 0x3C, 0x00, 0x07, 0x80,
    0x0F, 0x00, 0x03, 0xC0, 0x00, 0xB8, 0x03, 0xD0, 0x00, 0x3C, 0x00, 0x0F, 0x00, 0x78, 0x00, 0x03,
    0xC0, 0x03, 0xF0, 0x0F, 0x00, 0x00, 0x3C, 0x01, 0xFC, 0x03, 0xD0, 0x00, 0x03, 0xFF, 0xFF, 0x00,
    0x7F, 0xFF, 0xFD, 0x2F, 0xFE, 0x40, 0x07, 0xFF, 0xFF, 0xD0, 0x2F, 0xFE, 0x40, 0x00, 0x00, 0x00,
    0x3F, 0xFF, 0xF0, 0x00, 0x00, 0x00, 0x3C, 0x01, 0xFC, 0x00, 0x00, 0x00, 0x3C, 0x00, 0x3F, 0x00,
    0x00, 0x00, 0x3C, 0x00, 0x0F, 0x03, 0xFF, 0xFC, 0x3C, 0x00, 0x0B, 0x83, 0xFF, 0xFC, 0x3C, 0x00,
    0x07, 0x80, 0x00, 0xF8, 0x3C, 0x00, 0x07, 0x80, 0x03, 0xE0, 0x3C, 0x00, 0x07, 0x80, 0x0B, 0x80,
    0x3C, 0x00, 0x0B, 0x80, 0x2F, 0x00, 0x3C, 0x00, 0x0F, 0x00, 0x7C, 0x00, 0x3C, 0x00, 0x3F, 0x00,
    0xF4, 0x00, 0x3C, 0x01, 0xFC, 0x03, 0xE0, 0x00, 0x3F, 0xFF, 0xF0, 0x03, 0xFF, 0xFC, 0x2F, 0xFE,
    0x40, 0x03, 0xFF, 0xFC, 0x00, 0x00, 0xE0, 0x00, 0x00, 0x00, 0x00, 0x78, 0x00, 0x00, 0x00, 0x00,
    0x1E, 0x00, 0x00, 0x00, 0x00, 0x07, 0x80, 0x00, 0x00, 0x00, 0x01, 0xE0, 0x00, 0x00, 0x01, 0xFF,
    0xB8, 0x2F, 0xFF, 0xD2, 0xFF, 0xFE, 0x0B, 0xFF, 0xF4, 0xF4, 0x0B, 0x80, 0x00, 0xBC, 0xB8, 0x01,
    0xE0, 0x00, 0x7C, 0x3C, 0x00, 0x78, 0x00, 0x7C, 0x0F, 0x00, 0x1E, 0x00, 0x3D, 0x03, 0xD0, 0x07,
    0x80, 0x3D, 0x00, 0xB8, 0x01, 0xE0, 0x2E, 0x00, 0x0F, 0x80, 0x78, 0x1F, 0x00, 0x01, 0xFF, 0xFE,
    0x0F, 0xFF, 0xF8, 0x0B, 0xFE, 0x43, 0xFF, 0xFE, 0x00, 0x00, 0x80, 0x00, 0x03, 0xC0, 0x00, 0x0F,
    0x00, 0x00, 0x08, 0x00, 0x00, 0x00, 0x00, 0x00, 0x7F, 0xF4, 0x07, 0xFF, 0xFD, 0x0F, 0xD0, 0x18,
    0x3E, 0x00, 0x00, 0x7C, 0x00, 0x00, 0xB8, 0x00, 0x00, 0xB4, 0x00, 0x00, 0xF4, 0x00, 0x00, 0xB4,
    0x00, 0x1E, 0xB8, 0x00, 0x1E, 0x7C, 0x00, 0x1E, 0x3E, 0x00, 0x1E, 0x1F, 0xD0, 0x1E, 0x07, 0xFF,
    0xFE, 0x00, 0xBF, 0xF9, 0x00, 0x0C, 0x00, 0x03, 0xC0, 0x00, 0xF4, 0x00, 0x09, 0x00, 0x00, 0x00,
    0x00, 0x2F, 0xF8, 0x1F, 0xFF, 0xD3, 0xE0, 0x2D, 0xB8, 0x02, 0xDF, 0x40, 0x2D, 0xF0, 0x02, 0xDF,
    0x00, 0x2D, 0xB8, 0x02, 0xD7, 0xD0, 0x7D, 0x2F, 0xFF, 0xD0, 0x7F, 0xAD, 0x00, 0x02, 0xD1, 0x00,
    0x7C, 0x3F, 0xFF, 0x42, 0xFF, 0x90, 0x3C, 0x00, 0x0F, 0x00, 0x00, 0x3C, 0x00, 0x0F, 0x00, 0x00,
    0x3C, 0x00, 0x0F, 0x00, 0x00, 0x3C, 0x00, 0x0F, 0x00, 0x00, 0x3C, 0x00, 0x0F, 0x00, 0x1E, 0x3C,
    0x00, 0x0F, 0x00, 0x1E, 0x3F, 0xFF, 0xFF, 0x00, 0x1E, 0x3F, 0xFF, 0xFF, 0x00, 0x1E, 0x3C, 0x00,
    0x0F, 0x00, 0x1E, 0x3C, 0x00, 0x0F, 0x00, 0x1E, 0x3C, 0x00, 0x0F, 0x00, 0x1E, 0x3C, 0x00, 0x0F,
    0x40, 0x2D, 0x3C, 0x00, 0x0B, 0xD0, 0xBC, 0x3C, 0x00, 0x03, 0xFF, 0xF8, 0x3C, 0x00, 0x00, 0xBF,
    0xD0, 0x1B, 0xFF, 0x40, 0x3F, 0xFF, 0xF0, 0x3C, 0x01, 0xFC, 0x3C, 0x00, 0x7C, 0x3C, 0x00, 0x3D,
    0x3C, 0x00, 0x2D, 0x3C, 0x00, 0x3D, 0x3C, 0x00, 0x3C, 0x3C, 0x00, 0x7C, 0x3C, 0x00, 0xF4, 0x3C,
    0x03, 0xF0, 0x3C, 0x1F, 0xC0, 0x3D, 0xFE, 0x00, 0x3F, 0xF4, 0x00, 0x3E, 0x00, 0x00, 0x3C, 0x00,
    0x00, 0x3C, 0x00, 0x00, 0x3C, 0x00, 0x00, 0x3C, 0x00, 0x00, 0x00, 0x60, 0x00, 0x00, 0x1E, 0x00,
    0x00, 0x01, 0xE0, 0x00, 0x00, 0x18, 0x00, 0x00, 0x00, 0x00, 0x0F, 0x00, 0x02, 0xD3, 0xE0, 0x00,
    0xB4, 0xFD, 0x00, 0x2D, 0x3F, 0xD0, 0x0B, 0x4F, 0x7C, 0x02, 0xD3, 0xC7, 0x80, 0xB4, 0xF0, 0xB4,
    0x2D, 0x3C, 0x0F, 0x0B, 0x4F, 0x01, 0xF2, 0xD3, 0xC0, 0x2D, 0xB4, 0xF0, 0x03, 0xED, 0x3C, 0x00,
    0x7F, 0x4F, 0x00, 0x0B, 0xD3, 0xC0, 0x00, 0xF4, 0xF0, 0x00, 0x2D, 0x02, 0x40, 0x00, 0x3C, 0x00,
    0x00, 0xF0, 0x00, 0x02, 0x00, 0x00, 0x00, 0x02, 0xFF, 0xD0, 0x7F, 0xFF, 0x87, 0x80, 0x7C, 0x78,
    0x02, 0xD7, 0x80, 0x2D, 0x78, 0x01, 0xE7, 0x80, 0x1E, 0x78, 0x01, 0xE7, 0x80, 0x1E, 0x78, 0x01,
    0xE7, 0x80, 0x1E, 0x00, 0x01, 0x40, 0x00, 0x00, 0xF8, 0x00, 0x00, 0x29, 0x00, 0x00, 0x01, 0xF4,
    0x00, 0x00, 0x31, 0xC0, 0x00, 0x02, 0x18, 0x00, 0x00, 0x1F, 0x40, 0x00, 0x03, 0xF8, 0x00, 0x00,
    0x3F, 0xC0, 0x00, 0x07, 0x6D, 0x00, 0x00, 0xF1, 0xE0, 0x00, 0x0E, 0x0F, 0x00, 0x02, 0xD0, 0xB8,
    0x00, 0x3C, 0x03, 0xC0, 0x07, 0x40, 0x2D, 0x00, 0xFF, 0xFF, 0xE0, 0x0F, 0xFF, 0xFF, 0x02, 0xD0,
    0x00, 0xB4, 0x3C, 0x00, 0x07, 0xC7, 0xC0, 0x00, 0x3C, 0xB4, 0x00, 0x02, 0xE0, 0x00, 0x0C, 0x00,
    0x0B, 0xD0, 0x00, 0xD0, 0x00, 0x0B, 0x80, 0x01, 0x89, 0x00, 0x18, 0x90, 0x00, 0xB8, 0x00, 0x00,
    0x00, 0x0B, 0xFE, 0x00, 0xFF, 0xF8, 0x00, 0x07, 0xC0, 0x00, 0x2D, 0x06, 0xFF, 0xD1, 0xFF, 0xFD,
    0x3E, 0x02, 0xD3, 0xC0, 0x2D, 0x3D, 0x02, 0xD2, 0xFF, 0xFD, 0x07, 0xFF, 0x80, 0x00, 0x00, 0x00,
    0x20, 0x00, 0x00, 0x00, 0x03, 0xC0, 0x00, 0x00, 0x00, 0x3C, 0x00, 0x00, 0x00, 0x00, 0x80, 0x00,
    0x00, 0x00, 0x00, 0x00, 0x00, 0x00, 0x01, 0xFF, 0xFF, 0xD0, 0x00, 0x0F, 0xFF, 0xFF, 0x40, 0x00,
    0xBB, 0xC0, 0x00, 0x00, 0x03, 0xCF, 0x00, 0x00, 0x00, 0x2C, 0x3C, 0x00, 0x00, 0x01, 0xD0, 0xF0,
    0x00, 0x00, 0x0F, 0x03, 0xFF, 0xF8, 0x00, 0xB0, 0x0F, 0xFF, 0xE0, 0x03, 0x80, 0x3C, 0x00, 0x00,
    0x3F, 0xFF, 0xF0, 0x00, 0x01, 0xFF, 0xFF, 0xC0, 0x00, 0x0F, 0x00, 0x0F, 0x00, 0x00, 0x78, 0x00,
    0x3C, 0x00, 0x03, 0xC0, 0x00, 0xFF, 0xFF, 0xEE, 0x00, 0x03, 0xFF, 0xFF, 0x00, 0x00, 0x18, 0x00,
    0x00, 0x00, 0x0F, 0x00, 0x00, 0x00, 0x0F, 0x00, 0x00, 0x00, 0x02, 0x00, 0x00, 0x00, 0x00, 0x00,
    0x00, 0x02, 0xFF, 0x42, 0xFE, 0x00, 0xFF, 0xFB, 0xFF, 0xF0, 0x00, 0x1F, 0xE0, 0x3D, 0x00, 0x02,
    0xE0, 0x03, 0x81, 0xBF, 0xFF, 0xFF, 0xF1, 0xFF, 0xFF, 0xFF, 0xFC, 0xF8, 0x0B, 0x80, 0x00, 0x3C,
    0x00, 0xF0, 0x00, 0x0F, 0x40, 0x7E, 0x00, 0x41, 0xFF, 0xFF, 0xFF, 0xF0, 0x1F, 0xF9, 0x2F, 0xF8,
    0x00, 0x00, 0xC0, 0x00, 0x00, 0x0F, 0x00, 0x00, 0x00, 0xF4, 0x00, 0x00, 0x02, 0x40, 0x00, 0x00,
    0x00, 0x00, 0x00, 0x01, 0xFF, 0x83, 0x00, 0x7F, 0xFF, 0xFC, 0x03, 0xF4, 0x0B, 0xE0, 0x3E, 0x00,
    0x2F, 0xC1, 0xF0, 0x01, 0xFF, 0x8B, 0x80, 0x0F, 0x1F, 0x2D, 0x00, 0xF0, 0x3C, 0xF4, 0x0F, 0x40,
    0xF2, 0xD0, 0xB4, 0x03, 0xCB, 0x8B, 0x80, 0x1F, 0x1F, 0x78, 0x00, 0xB8, 0x3F, 0xC0, 0x07, 0xC0,
    0x3F, 0x40, 0xBE, 0x02, 0xFF, 0xFF, 0xE0, 0x0A, 0x2F, 0xF8, 0x00, 0x00, 0x0C, 0x00, 0x00, 0xF4,
    0x00, 0x0B, 0x40, 0x00, 0x24, 0x00, 0x00, 0x00, 0x00, 0x1B, 0xF5, 0x81, 0xFF, 0xFD, 0x0F, 0x81,
    0xF4, 0xB8, 0x0F, 0xF3, 0xC0, 0xF3, 0xCF, 0x0F, 0x0B, 0x7D, 0xB4, 0x3C, 0xBF, 0x40, 0xF0, 0xF8,
    0x1F, 0x83, 0xFF, 0xFC, 0x1D, 0xBF, 0x40, 0x02, 0x06, 0x00, 0x00, 0x3C, 0x74, 0x00, 0x00, 0xF2,
    0xD0, 0x00, 0x02, 0x08, 0x00, 0x00, 0x00, 0x00, 0x00, 0x00, 0xF0, 0x00, 0x00, 0x2F, 0x40, 0x00,
    0x03, 0xFC, 0x00, 0x00, 0x76, 0xD0, 0x00, 0x0F, 0x1E, 0x00, 0x00, 0xE0, 0xF0, 0x00, 0x2D, 0x0B,
    0x80, 0x03, 0xC0, 0x3C, 0x00, 0x74, 0x02, 0xD0, 0x0F, 0xFF, 0xFE, 0x00, 0xFF, 0xFF, 0xF0, 0x2D,
    0x00, 0x0B, 0x43, 0xC0, 0x00, 0x7C, 0x7C, 0x00, 0x03, 0xCB, 0x40, 0x00, 0x2E, 0x18, 0x20, 0x01,
    0xD3, 0xC0, 0x0B, 0x4E, 0x00, 0x20, 0x60, 0x00, 0x00, 0x00, 0xBF, 0xE0, 0x0F, 0xFF, 0x80, 0x00,
    0x7C, 0x00, 0x02, 0xD0, 0x6F, 0xFD, 0x1F, 0xFF, 0xD3, 0xE0, 0x2D, 0x3C, 0x02, 0xD3, 0xD0, 0x2D,
    0x2F, 0xFF, 0xD0, 0x7F, 0xF8, 0x00, 0x2F, 0x40, 0x00, 0x0B, 0xFD, 0x00, 0x00, 0xE0, 0xE0, 0x00,
    0x00, 0x00, 0x00, 0x00, 0x0F, 0x00, 0x00, 0x02, 0xF4, 0x00, 0x00, 0x3F, 0xC0, 0x00, 0x07, 0x6D,
    0x00, 0x00, 0xF1, 0xE0, 0x00, 0x0E, 0x0F, 0x00, 0x02, 0xD0, 0xB8, 0x00, 0x3C, 0x03, 0xC0, 0x07,
    0x40, 0x2D, 0x00, 0xFF, 0xFF, 0xE0, 0x0F, 0xFF, 0xFF, 0x02, 0xD0, 0x00, 0xB4, 0x3C, 0x00, 0x07,
    0xC7, 0xC0, 0x00, 0x3C, 0xB4, 0x00, 0x02, 0xE0, 0x00, 0xFC, 0x00, 0x3F, 0xF0, 0x03, 0x47, 0x00,
    0x00, 0x00, 0x00, 0x00, 0x00, 0xBF, 0xE0, 0x0F, 0xFF, 0x80, 0x00, 0x7C, 0x00, 0x02, 0xD0, 0x6F,
    0xFD, 0x1F, 0xFF, 0xD3, 0xE0, 0x2D, 0x3C, 0x02, 0xD3, 0xD0, 0x2D, 0x2F, 0xFF, 0xD0, 0x7F, 0xF8,
    0x08, 0x24, 0x00, 0x78, 0xF0, 0x00, 0x78, 0xF0, 0x00, 0x90, 0x80, 0x00, 0x00, 0x00, 0xFF, 0xFF,
    0x83, 0xFF, 0xFE, 0x0F, 0x00, 0x00, 0x3C, 0x00, 0x00, 0xF0, 0x00, 0x03, 0xC0, 0x00, 0x0F, 0xFF,
    0xF0, 0x3F, 0xFF, 0xC0, 0xF0, 0x00, 0x03, 0xC0, 0x00, 0x0F, 0x00, 0x00, 0x3C, 0x00, 0x00, 0xF0,
    0x00, 0x03, 0xFF, 0xFF, 0x0F, 0xFF, 0xFC, 0x20, 0x60, 0x03, 0xCB, 0x40, 0x0F, 0x2D, 0x00, 0x60,
    0x80, 0x00, 0x00, 0x00, 0x6F, 0xD0, 0x1F, 0xFF, 0x83, 0xD0, 0x7C, 0xB4, 0x02, 0xDF, 0xFF, 0xFE,
    0xFF, 0xFF, 0xEF, 0x00, 0x00, 0xB8, 0x00, 0x03, 0xE0, 0x04, 0x2F, 0xFF, 0x80, 0x6F, 0xF4, 0x01,
    0xF8, 0x00, 0x0F, 0xF8, 0x00, 0x70, 0xB0, 0x00, 0x00, 0x00, 0x3F, 0xFF, 0xE0, 0xFF, 0xFF, 0x83,
    0xC0, 0x00, 0x0F, 0x00, 0x00, 0x3C, 0x00, 0x00, 0xF0, 0x00, 0x03, 0xFF, 0xFC, 0x0F, 0xFF, 0xF0,
    0x3C, 0x00, 0x00, 0xF0, 0x00, 0x03, 0xC0, 0x00, 0x0F, 0x00, 0x00, 0x3C, 0x00, 0x00, 0xFF, 0xFF,
    0xC3, 0xFF, 0xFF, 0x00, 0x02, 0xF8, 0x00, 0x7F, 0xD0, 0x0A, 0x0A, 0x00, 0x00, 0x00, 0x00, 0x00,
    0x00, 0x6F, 0xD0, 0x1F, 0xFF, 0x83, 0xD0, 0x7C, 0xB4, 0x02, 0xDF, 0xFF, 0xFE, 0xFF, 0xFF, 0xEF,
    0x00, 0x00, 0xB8, 0x00, 0x03, 0xE0, 0x04, 0x2F, 0xFF, 0x80, 0x6F, 0xF4, 0x20, 0x50, 0x3C, 0xB4,
    0x1E, 0x3C, 0x06, 0x08, 0x00, 0x00, 0x00, 0xF0, 0x00, 0xF0, 0x00, 0xF0, 0x00, 0xF0, 0x00, 0xF0,
    0x00, 0xF0, 0x00, 0xF0, 0x00, 0xF0, 0x00, 0xF0, 0x00, 0xF0, 0x00, 0xF0, 0x00, 0xF0, 0x00, 0xF0,
    0x00, 0xF0, 0x00, 0xF0, 0x20, 0x90, 0x78, 0xF0, 0x1D, 0x3C, 0x09, 0x08, 0x00, 0x00, 0x01, 0xE0,
    0x01, 0xE0, 0x01, 0xE0, 0x01, 0xE0, 0x01, 0xE0, 0x01, 0xE0, 0x01, 0xE0, 0x01, 0xE0, 0x01, 0xE0,
    0x01, 0xE0, 0x01, 0xE0, 0x2F, 0x4B, 0xFD, 0xE0, 0xE0, 0x00, 0x0F, 0x00, 0xF0, 0x0F, 0x00, 0xF0,
    0x0F, 0x00, 0xF0, 0x0F, 0x00, 0xF0, 0x0F, 0x00, 0xF0, 0x0F, 0x00, 0xF0, 0x0F, 0x00, 0xF0, 0x0F,
    0x00, 0x0B, 0xD0, 0xBF, 0xC3, 0x43, 0x40, 0x00, 0x00, 0x00, 0x1E, 0x00, 0x78, 0x01, 0xE0, 0x07,
    0x80, 0x1E, 0x00, 0x78, 0x01, 0xE0, 0x07, 0x80, 0x1E, 0x00, 0x78, 0x01, 0xE0, 0x02, 0x42, 0x00,
    0x00, 0x0F, 0x1E, 0x00, 0x00, 0x0F, 0x1D, 0x00, 0x00, 0x08, 0x24, 0x00, 0x00, 0x00, 0x00, 0x00,
    0x01, 0xFF, 0x80, 0x00, 0x7F, 0xFF, 0xE0, 0x03, 0xF4, 0x0B, 0xE0, 0x3E, 0x00, 0x07, 0xC1, 0xF0,
    0x00, 0x0B, 0x8B, 0x80, 0x00, 0x1F, 0x2D, 0x00, 0x00, 0x3C, 0xF4, 0x00, 0x00, 0xF2, 0xD0, 0x00,
    0x03, 0xCB, 0x80, 0x00, 0x1F, 0x1F, 0x00, 0x00, 0xB8, 0x3E, 0x00, 0x07, 0xC0, 0x3F, 0x40, 0xBE,
    0x00, 0x7F, 0xFF, 0xE0, 0x00, 0x1F, 0xF8, 0x00, 0x24, 0x20, 0x00, 0xF1, 0xE0, 0x00, 0xF1, 0xD0,
    0x00, 0x82, 0x40, 0x00, 0x00, 0x00, 0x1B, 0xF4, 0x01, 0xFF, 0xFC, 0x0F, 0x81, 0xF8, 0xB8, 0x00,
    0xF3, 0xD0, 0x03, 0xCF, 0x00, 0x0F, 0x7D, 0x00, 0x3C, 0xB8, 0x00, 0xF0, 0xF8, 0x1F, 0x81, 0xFF,
    0xFC, 0x01, 0xBF, 0x40, 0x00, 0x1F, 0x80, 0x00, 0x01, 0xFF, 0x80, 0x00, 0x0B, 0x0B, 0x00, 0x00,
    0x00, 0x00, 0x00, 0x00, 0x7F, 0xE0, 0x00, 0x1F, 0xFF, 0xF8, 0x00, 0xFD, 0x02, 0xF8, 0x0F, 0x80,
    0x01, 0xF0, 0x7C, 0x00, 0x02, 0xE2, 0xE0, 0x00, 0x07, 0xCB, 0x40, 0x00, 0x0F, 0x3D, 0x00, 0x00,
    0x3C, 0xB4, 0x00, 0x00, 0xF2, 0xE0, 0x00, 0x07, 0xC7, 0xC0, 0x00, 0x2E, 0x0F, 0x80, 0x01, 0xF0,
    0x0F, 0xD0, 0x2F, 0x80, 0x1F, 0xFF, 0xF8, 0x00, 0x07, 0xFE, 0x00, 0x00, 0x01, 0xF8, 0x00, 0x0F,
    0xF8, 0x00, 0xB0, 0xB0, 0x00, 0x00, 0x00, 0x00, 0x00, 0x00, 0x1B, 0xF4, 0x01, 0xFF, 0xFC, 0x0F,
    0x81, 0xF8, 0xB8, 0x00, 0xF3, 0xD0, 0x03, 0xCF, 0x00, 0x0F, 0x7D, 0x00, 0x3C, 0xB8, 0x00, 0xF0,
    0xF8, 0x1F, 0x81, 0xFF, 0xFC, 0x01, 0xBF, 0x40, 0x24, 0x20, 0x00, 0x3C, 0x78, 0x00, 0x0F, 0x1D,
    0x00, 0x02, 0x09, 0x00, 0x00, 0x00, 0x00, 0x2F, 0xFE, 0x40, 0x3F, 0xFF, 0xE0, 0x3C, 0x02, 0xF4,
    0x3C, 0x00, 0x7C, 0x3C, 0x00, 0x3C, 0x3C, 0x00, 0x7C, 0x3C, 0x01, 0xF4, 0x3F, 0xFF, 0xE0, 0x3F,
    0xFF, 0x40, 0x3C, 0x0F, 0x80, 0x3C, 0x03, 0xD0, 0x3C, 0x01, 0xF0, 0x3C, 0x00, 0xF8, 0x3C, 0x00,
    0x3C, 0x3C, 0x00, 0x2E, 0x20, 0x90, 0x3C, 0xB4, 0x1E, 0x3C, 0x06, 0x08, 0x00, 0x00, 0x0B, 0xFE,
    0x1F, 0xFE, 0x1E, 0x00, 0x1E, 0x00, 0x1E, 0x00, 0x1E, 0x00, 0x1E, 0x00, 0x1E, 0x00, 0x1E, 0x00,
    0x1E, 0x00, 0x1E, 0x00, 0x01, 0xF8, 0x00, 0x07, 0xFE, 0x00, 0x0B, 0x0B, 0x00, 0x00, 0x00, 0x00,
    0x2F, 0xFE, 0x40, 0x3F, 0xFF, 0xE0, 0x3C, 0x02, 0xF4, 0x3C, 0x00, 0x7C, 0x3C, 0x00, 0x3C, 0x3C,
    0x00, 0x7C, 0x3C, 0x01, 0xF4, 0x3F, 0xFF, 0xE0, 0x3F, 0xFF, 0x40, 0x3C, 0x0F, 0x80, 0x3C, 0x03,
    0xD0, 0x3C, 0x01, 0xF0, 0x3C, 0x00, 0xF8, 0x3C, 0x00, 0x3C, 0x3C, 0x00, 0x2E, 0x0B, 0xD0, 0xBF,
    0xC3, 0x83, 0x80, 0x00, 0x00, 0x00, 0xBF, 0xE7, 0xFF, 0x9E, 0x00, 0x78, 0x01, 0xE0, 0x07, 0x80,
    0x1E, 0x00, 0x78, 0x01, 0xE0, 0x07, 0x80, 0x1E, 0x00, 0x09, 0x08, 0x00, 0x0B, 0x1E, 0x00, 0x03,
    0xC7, 0x40, 0x00, 0x82, 0x40, 0x00, 0x00, 0x00, 0x78, 0x00, 0x1F, 0x78, 0x00, 0x1F, 0x78, 0x00,
    0x1F, 0x78, 0x00, 0x1F, 0x78, 0x00, 0x1F, 0x78, 0x00, 0x1F, 0x78, 0x00, 0x1F, 0x78, 0x00, 0x1F,
    0x78, 0x00, 0x1F, 0x7C, 0x00, 0x1E, 0x3C, 0x00, 0x2E, 0x3D, 0x00, 0x3D, 0x2F, 0x40, 0xFC, 0x0B,
    0xFF, 0xF4, 0x01, 0xFF, 0x80, 0x20, 0x60, 0x03, 0xCB, 0x40, 0x0E, 0x2C, 0x00, 0x60, 0x80, 0x00,
    0x00, 0x07, 0x80, 0x2D, 0x78, 0x02, 0xD7, 0x80, 0x2D, 0x78, 0x02, 0xD7, 0x80, 0x2D, 0x78, 0x02,
    0xD7, 0x80, 0x2D, 0x7C, 0x02, 0xD3, 0xE0, 0x2D, 0x2F, 0xFF, 0xD0, 0x7F, 0xF8, 0x00, 0x7E, 0x00,
    0x00, 0xFF, 0x80, 0x01, 0xC2, 0xC0, 0x00, 0x00, 0x00, 0x78, 0x00, 0x1F, 0x78, 0x00, 0x1F, 0x78,
    0x00, 0x1F, 0x78, 0x00, 0x1F, 0x78, 0x00, 0x1F, 0x78, 0x00, 0x1F, 0x78, 0x00, 0x1F, 0x78, 0x00,
    0x1F, 0x78, 0x00, 0x1F, 0x7C, 0x00, 0x1E, 0x3C, 0x00, 0x2E, 0x3D, 0x00, 0x3D, 0x2F, 0x40, 0xFC,
    0x0B, 0xFF, 0xF4, 0x01, 0xFF, 0x80, 0x02, 0xF8, 0x00, 0x7F, 0xD0, 0x0E, 0x0E, 0x00, 0x00, 0x00,
    0x00, 0x00, 0x07, 0x80, 0x2D, 0x78, 0x02, 0xD7, 0x80, 0x2D, 0x78, 0x02, 0xD7, 0x80, 0x2D, 0x78,
    0x02, 0xD7, 0x80, 0x2D, 0x7C, 0x02, 0xD3, 0xE0, 0x2D, 0x2F, 0xFF, 0xD0, 0x7F, 0xF8, 0x02, 0xFF,
    0x90, 0x3F, 0xFF, 0x82, 0xF4, 0x05, 0x0F, 0x40, 0x00, 0x3C, 0x00, 0x00, 0xBC, 0x00, 0x00, 0xFE,
    0x00, 0x00, 0xBF, 0xC0, 0x00, 0x1F, 0xD0, 0x00, 0x07, 0xC0, 0x00, 0x0B, 0x40, 0x00, 0x2D, 0x24,
    0x02, 0xF4, 0xFF, 0xFF, 0x81, 0xBF, 0xE4, 0x00, 0x00, 0x00, 0x00, 0x78, 0x00, 0x0B, 0xD0, 0x00,
    0x2E, 0x00, 0x00, 0x07, 0xFE, 0x07, 0xFF, 0xC3, 0xD0, 0x10, 0xF0, 0x00, 0x2F, 0x90, 0x01, 0xFF,
    0x40, 0x06, 0xF0, 0x00, 0x2D, 0x00, 0x0B, 0x4F, 0xFF, 0xC2, 0xFF, 0x80, 0x00, 0x00, 0x02, 0xD0,
    0x03, 0xF4, 0x00, 0xB8, 0x00, 0xBF, 0xFF, 0xFE, 0xBF, 0xFF, 0xFE, 0x00, 0x3C, 0x00, 0x00, 0x3C,
    0x00, 0x00, 0x3C, 0x00, 0x00, 0x3C, 0x00, 0x00, 0x3C, 0x00, 0x00, 0x3C, 0x00, 0x00, 0x3C, 0x00,
    0x00, 0x3C, 0x00, 0x00, 0x3C, 0x00, 0x00, 0x3C, 0x00, 0x00, 0x3C, 0x00, 0x00, 0x3C, 0x00, 0x00,
    0x3C, 0x00, 0x00, 0x00, 0x00, 0x00, 0x3C, 0x00, 0x01, 0xF8, 0x00, 0x01, 0xF0, 0x00, 0x74, 0x00,
    0x78, 0x00, 0x78, 0x00, 0x7F, 0xF8, 0x7F, 0xF8, 0x78, 0x00, 0x78, 0x00, 0x78, 0x00, 0x78, 0x00,
    0x78, 0x00, 0x78, 0x00, 0x7C, 0x04, 0x3F, 0xFC, 0x0B, 0xF8, 0x00, 0x00, 0x03, 0xC0, 0x1F, 0x80,
    0x1E, 0x00, 0x2F, 0xF8, 0x01, 0xFF, 0xFD, 0x02, 0x00, 0xBC, 0x00, 0x00, 0xF4, 0x00, 0x02, 0xD0,
    0x00, 0x0B, 0x40, 0x00, 0x3C, 0x00, 0x07, 0xD0, 0x07, 0xFD, 0x00, 0x1F, 0xFC, 0x00, 0x01, 0xFC,
    0x00, 0x00, 0xBC, 0x00, 0x00, 0xF0, 0x00, 0x03, 0xC0, 0x00, 0x1F, 0x00, 0x00, 0xF8, 0x00, 0x6F,
    0xC1, 0xFF, 0xF8, 0x07, 0xFE, 0x00, 0x00, 0x7F, 0xE0, 0x2F, 0xFF, 0x01, 0x03, 0xE0, 0x00, 0x78,
    0x00, 0x1E, 0x00, 0x1F, 0x00, 0xBF, 0x00, 0x2F, 0xF0, 0x00, 0x6F, 0x00, 0x03, 0xC0, 0x00, 0xF0,
    0x00, 0x7C, 0x01, 0xBD, 0x2F, 0xFD, 0x0B, 0xE4, 0x00, 0x00, 0x80, 0x80, 0x00, 0xF7, 0x80, 0x00,
    0x3F, 0x00, 0x00, 0x08, 0x00, 0x00, 0x00, 0x00, 0x3C, 0x00, 0x0F, 0x3C, 0x00, 0x0F, 0x3C, 0x00,
    0x0F, 0x3C, 0x00, 0x0F, 0x3C, 0x00, 0x0F, 0x3C, 0x00, 0x0F, 0x3F, 0xFF, 0xFF, 0x3F, 0xFF, 0xFF,
    0x3C, 0x00, 0x0F, 0x3C, 0x00, 0x0F, 0x3C, 0x00, 0x0F, 0x3C, 0x00, 0x0F, 0x3C, 0x00, 0x0F, 0x3C,
    0x00, 0x0F, 0x3C, 0x00, 0x0F, 0x90, 0xC0, 0x07, 0xF8, 0x00, 0x0D, 0x00, 0x00, 0x00, 0x00, 0x38,
    0x00, 0x07, 0x80, 0x00, 0x78, 0x00, 0x07, 0x80, 0x00, 0x78, 0x00, 0x07, 0xFF, 0xD0, 0x7F, 0xFF,
    0x87, 0x80, 0x7C, 0x78, 0x02, 0xD7, 0x80, 0x2D, 0x78, 0x01, 0xE7, 0x80, 0x1E, 0x78, 0x01, 0xE7,
    0x80, 0x1E, 0x78, 0x01, 0xE7, 0x80, 0x1E, 0x14, 0x01, 0xE0, 0x07, 0x40, 0x1D, 0x01, 0x40, 0xB4,
    0x2D, 0x07, 0x00, 0x02, 0x40, 0x0F, 0xD0, 0x2C, 0xB0, 0x70, 0x2C, 0x00, 0x00, 0x3F, 0x8A, 0x60,
    0xFD, 0x00, 0x10, 0x00, 0x00, 0x3F, 0xFC, 0x15, 0x54, 0x20, 0x08, 0x38, 0x2C, 0x1F, 0xF0, 0x01,
    0x00, 0x00, 0x3C, 0x3C, 0x00, 0x00, 0x38, 0x2C, 0x38, 0x2C, 0x00, 0x02, 0xF4, 0x36, 0xC6, 0x0C,
    0x75, 0xC2, 0xF8, 0x00, 0x00, 0x0B, 0x0F, 0x03, 0x87, 0x43, 0x83, 0x81, 0xC2, 0x80, 0x10, 0x04,
    0x38, 0x38, 0x0E, 0xB0, 0x07, 0xC0, 0x2F, 0x47, 0xFD, 0xE0, 0xE0, 0x0D, 0x1C, 0x3C, 0x3C, 0xB8,
    0x00, 0x2C, 0x2C, 0x38, 0x30, 0x00, 0x03, 0x00, 0x74, 0x0B, 0x07, 0xCF, 0xD0, 0x40, 0x00, 0x1C,
    0x30, 0xA0, 0xB0, 0x7E, 0x04, 0x01, 0xC0, 0x00, 0x07, 0xC0, 0x00, 0x07, 0x80, 0x00, 0x06, 0x00,
    0x00, 0x00, 0x00, 0xFF, 0xFF, 0x83, 0xFF, 0xFE, 0x0F, 0x00, 0x00, 0x3C, 0x00, 0x00, 0xF0, 0x00,
    0x03, 0xC0, 0x00, 0x0F, 0xFF, 0xF0, 0x3F, 0xFF, 0xC0, 0xF0, 0x00, 0x03, 0xC0, 0x00, 0x0F, 0x00,
    0x00, 0x3C, 0x00, 0x00, 0xF0, 0x00, 0x03, 0xFF, 0xFF, 0x0F, 0xFF, 0xFC, 0x0B, 0x0B, 0x00, 0x2C,
    0x2C, 0x00, 0x00, 0x00, 0x0F, 0xFF, 0xF8, 0x3F, 0xFF, 0xE0, 0xF0, 0x00, 0x03, 0xC0, 0x00, 0x0F,
    0x00, 0x00, 0x3C, 0x00, 0x00, 0xFF, 0xFF, 0x03, 0xFF, 0xFC, 0x0F, 0x00, 0x00, 0x3C, 0x00, 0x00,
    0xF0, 0x00, 0x03, 0xC0, 0x00, 0x0F, 0x00, 0x00, 0x3F, 0xFF, 0xF0, 0xFF, 0xFF, 0xC0, 0xBF, 0xFF,
    0xFE, 0x02, 0xFF, 0xFF, 0xF8, 0x00, 0x07, 0x80, 0x00, 0x00, 0x1E, 0x00, 0x00, 0x00, 0x78, 0x00,
    0x00, 0x01, 0xFF, 0xF9, 0x00, 0x07, 0xFF, 0xFE, 0x00, 0x1E, 0x00, 0xBD, 0x00, 0x78, 0x00, 0xB8,
    0x01, 0xE0, 0x00, 0xF0, 0x07, 0x80, 0x03, 0xC0, 0x1E, 0x00, 0x1F, 0x00, 0x78, 0x01, 0xF8, 0x01,
    0xE0, 0x7F, 0xC0, 0x07, 0x81, 0xF8, 0x00, 0x00, 0x0C, 0x00, 0x03, 0xC0, 0x00, 0xF0, 0x00, 0x08,
    0x00, 0x00, 0x00, 0x03, 0xFF, 0xFD, 0x3F, 0xFF, 0xD3, 0xC0, 0x00, 0x3C, 0x00, 0x03, 0xC0, 0x00,
    0x3C, 0x00, 0x03, 0xC0, 0x00, 0x3C, 0x00, 0x03, 0xC0, 0x00, 0x3C, 0x00, 0x03, 0xC0, 0x00, 0x3C,
    0x00, 0x03, 0xC0, 0x00, 0x3C, 0x00, 0x03, 0xC0, 0x00, 0x00, 0xBF, 0xE4, 0x07, 0xFF, 0xFD, 0x1F,
    0x90, 0x18, 0x3D, 0x00, 0x00, 0x7C, 0x00, 0x00, 0xB8, 0x00, 0x00, 0xBF, 0xFF, 0xC0, 0xFF, 0xFF,
    0xC0, 0xB4, 0x00, 0x00, 0xB8, 0x00, 0x00, 0x7C, 0x00, 0x00, 0x3E, 0x00, 0x00, 0x1F, 0xD0, 0x18,
    0x07, 0xFF, 0xFD, 0x00, 0xBF, 0xF4, 0x02, 0xFF, 0x90, 0x3F, 0xFF, 0x82, 0xF4, 0x05, 0x0F, 0x40,
    0x00, 0x3C, 0x00, 0x00, 0xBC, 0x00, 0x00, 0xFE, 0x00, 0x00, 0xBF, 0xC0, 0x00, 0x1F, 0xD0, 0x00,
    0x07, 0xC0, 0x00, 0x0B, 0x40, 0x00, 0x2D, 0x24, 0x02, 0xF4, 0xFF, 0xFF, 0x81, 0xBF, 0xE4, 0x00,
    0x3C, 0xF3, 0xCF, 0x3C, 0xF3, 0xCF, 0x3C, 0xF3, 0xCF, 0x3C, 0xF3, 0xC0, 0x3C, 0x3C, 0x3C, 0x3C,
    0x00, 0x00, 0x03, 0xC0, 0x03, 0xC0, 0x03, 0xC0, 0x03, 0xC0, 0x03, 0xC0, 0x03, 0xC0, 0x03, 0xC0,
    0x03, 0xC0, 0x03, 0xC0, 0x03, 0xC0, 0x03, 0xC0, 0x03, 0xC0, 0x03, 0xC0, 0x03, 0xC0, 0x03, 0xC0,
    0x00, 0x03, 0xC0, 0x00, 0xF0, 0x00, 0x3C, 0x00, 0x0F, 0x00, 0x03, 0xC0, 0x00, 0xF0, 0x00, 0x3C,
    0x00, 0x0F, 0x00, 0x03, 0xC0, 0x00, 0xF0, 0x00, 0x78, 0x00, 0x2E, 0x60, 0x1F, 0x6F, 0xFF, 0xC2,
    0xFF, 0x40, 0x00, 0x3F, 0xFF, 0xC0, 0x00, 0x00, 0x03, 0xFF, 0xFC, 0x00, 0x00, 0x00, 0x7C, 0x03,
    0xC0, 0x00, 0x00, 0x07, 0x80, 0x3C, 0x00, 0x00, 0x00, 0x78, 0x03, 0xC0, 0x00, 0x00, 0x07, 0x80,
    0x3F, 0xFE, 0x40, 0x00, 0x78, 0x03, 0xFF, 0xFE, 0x00, 0x0B, 0x40, 0x3C, 0x02, 0xF8, 0x00, 0xF4,
    0x03, 0xC0, 0x07, 0xC0, 0x0F, 0x00, 0x3C, 0x00, 0x3C, 0x01, 0xF0, 0x03, 0xC0, 0x03, 0xC0, 0x3D,
    0x00, 0x3C, 0x00, 0x7C, 0x0F, 0xC0, 0x03, 0xC0, 0x2F, 0x8B, 0xF0, 0x00, 0x3F, 0xFF, 0xE0, 0xB8,
    0x00, 0x02, 0xFF, 0xE4, 0x00, 0x00, 0x00, 0x00, 0x00, 0x00, 0x3C, 0x00, 0x1E, 0x00, 0x00, 0x3C,
    0x00, 0x1E, 0x00, 0x00, 0x3C, 0x00, 0x1E, 0x00, 0x00, 0x3C, 0x00, 0x1E, 0x00, 0x00, 0x3C, 0x00,
    0x1E, 0x00, 0x00, 0x3F, 0xFF, 0xFF, 0xFF, 0x80, 0x3F, 0xFF, 0xFF, 0xFF, 0xF4, 0x3C, 0x00, 0x1E,
    0x01, 0xBC, 0x3C, 0x00, 0x1E, 0x00, 0x2E, 0x3C, 0x00, 0x1E, 0x00, 0x1E, 0x3C, 0x00, 0x1E, 0x00,
    0x1E, 0x3C, 0x00, 0x1E, 0x00, 0x3E, 0x3C, 0x00, 0x1E, 0x01, 0xBC, 0x3C, 0x00, 0x1F, 0xFF, 0xF4,
    0x3C, 0x00, 0x0F, 0xFF, 0x80, 0xBF, 0xFF, 0xFE, 0x02, 0xFF, 0xFF, 0xF8, 0x00, 0x07, 0x80, 0x00,
    0x00, 0x1E, 0x00, 0x00, 0x00, 0x78, 0x00, 0x00, 0x01, 0xFF, 0xF8, 0x00, 0x07, 0xFF, 0xFD, 0x00,
    0x1E, 0x00, 0xBC, 0x00, 0x78, 0x00, 0xF0, 0x01, 0xE0, 0x03, 0xC0, 0x07, 0x80, 0x0B, 0x40, 0x1E,
    0x00, 0x2D, 0x00, 0x78, 0x00, 0xB4, 0x01, 0xE0, 0x02, 0xD0, 0x07, 0x80, 0x0B, 0x40, 0x00, 0x06,
    0x00, 0x00, 0x07, 0xC0, 0x00, 0x03, 0xC0, 0x00, 0x00, 0x80, 0x00, 0x00, 0x00, 0x00, 0x0F, 0x00,
    0x1F, 0x03, 0xC0, 0x0F, 0x40, 0xF0, 0x0F, 0x80, 0x3C, 0x0F, 0x80, 0x0F, 0x0F, 0x80, 0x03, 0xCB,
    0x80, 0x00, 0xFB, 0x80, 0x00, 0x3F, 0xD0, 0x00, 0x0F, 0x7D, 0x00, 0x03, 0xC7, 0xD0, 0x00, 0xF0,
    0x3D, 0x00, 0x3C, 0x03, 0xD0, 0x0F, 0x00, 0x3D, 0x03, 0xC0, 0x07, 0xC0, 0xF0, 0x00, 0xBC, 0x00,
    0x60, 0x00, 0x00, 0x1E, 0x00, 0x00, 0x01, 0xE0, 0x00, 0x00, 0x18, 0x00, 0x00, 0x00, 0x00, 0x0F,
    0x00, 0x02, 0xD3, 0xC0, 0x01, 0xF4, 0xF0, 0x00, 0xFD, 0x3C, 0x00, 0xBF, 0x4F, 0x00, 0x7A, 0xD3,
    0xC0, 0x3C, 0xB4, 0xF0, 0x3C, 0x2D, 0x3C, 0x2D, 0x0B, 0x4F, 0x1F, 0x02, 0xD3, 0xCF, 0x00, 0xB4,
    0xFB, 0x40, 0x2D, 0x3F, 0x80, 0x0B, 0x4F, 0xC0, 0x02, 0xD3, 0xD0, 0x00, 0xB4, 0xF0, 0x00, 0x2D,
    0x02, 0xD1, 0xD0, 0x00, 0x3F, 0xF0, 0x00, 0x07, 0xF0, 0x00, 0x00, 0x00, 0x00, 0x7C, 0x00, 0x0F,
    0x0F, 0x40, 0x07, 0x82, 0xE0, 0x02, 0xD0, 0x3C, 0x00, 0xF0, 0x0B, 0x80, 0x78, 0x00, 0xF0, 0x2D,
    0x00, 0x2E, 0x0F, 0x00, 0x03, 0xC7, 0x80, 0x00, 0xBB, 0xC0, 0x00, 0x0F, 0xE0, 0x00, 0x01, 0xF4,
    0x00, 0x00, 0x78, 0x00, 0x00, 0x7C, 0x00, 0x0F, 0xFD, 0x00, 0x03, 0xF9, 0x00, 0x00, 0x3C, 0x00,
    0x0F, 0x3C, 0x00, 0x0F, 0x3C, 0x00, 0x0F, 0x3C, 0x00, 0x0F, 0x3C, 0x00, 0x0F, 0x3C, 0x00, 0x0F,
    0x3C, 0x00, 0x0F, 0x3C, 0x00, 0x0F, 0x3C, 0x00, 0x0F, 0x3C, 0x00, 0x0F, 0x3C, 0x00, 0x0F, 0x3C,
    0x00, 0x0F, 0x3C, 0x00, 0x0F, 0x3F, 0xFF, 0xFF, 0x3F, 0xFF, 0xFF, 0x00, 0x2D, 0x00, 0x00, 0x2D,
    0x00, 0x00, 0x2D, 0x00, 0x00, 0x2D, 0x00, 0x00, 0x0F, 0x00, 0x00, 0x02, 0xF4, 0x00, 0x00, 0x3F,
    0xC0, 0x00, 0x07, 0x6D, 0x00, 0x00, 0xF1, 0xE0, 0x00, 0x0E, 0x0F, 0x00, 0x02, 0xD0, 0xB8, 0x00,
    0x3C, 0x03, 0xC0, 0x07, 0x40, 0x2D, 0x00, 0xFF, 0xFF, 0xE0, 0x0F, 0xFF, 0xFF, 0x02, 0xD0, 0x00,
    0xB4, 0x3C, 0x00, 0x07, 0xC7, 0xC0, 0x00, 0x3C, 0xB4, 0x00, 0x02, 0xE0, 0x3F, 0xFF, 0xF0, 0x3F,
    0xFF, 0xF0, 0x3C, 0x00, 0x00, 0x3C, 0x00, 0x00, 0x3C, 0x00, 0x00, 0x3F, 0xFE, 0x40, 0x3F, 0xFF,
    0xE0, 0x3C, 0x01, 0xF8, 0x3C, 0x00, 0x7C, 0x3C, 0x00, 0x3C, 0x3C, 0x00, 0x3C, 0x3C, 0x00, 0x7C,
    0x3C, 0x02, 0xF8, 0x3F, 0xFF, 0xE0, 0x3F, 0xFE, 0x40, 0x3F, 0xFE, 0x40, 0x3F, 0xFF, 0xF0, 0x3C,
    0x02, 0xF4, 0x3C, 0x00, 0x78, 0x3C, 0x00, 0x78, 0x3C, 0x01, 0xF0, 0x3F, 0xFF, 0xD0, 0x3F, 0xFF,
    0xF0, 0x3C, 0x01, 0xFC, 0x3C, 0x00, 0x3D, 0x3C, 0x00, 0x2D, 0x3C, 0x00, 0x3D, 0x3C, 0x01, 0xFC,
    0x3F, 0xFF, 0xF4, 0x3F, 0xFE, 0x40, 0x3F, 0xFF, 0xD3, 0xFF, 0xFD, 0x3C, 0x00, 0x03, 0xC0, 0x00,
    0x3C, 0x00, 0x03, 0xC0, 0x00, 0x3C, 0x00, 0x03, 0xC0, 0x00, 0x3C, 0x00, 0x03, 0xC0, 0x00, 0x3C,
    0x00, 0x03, 0xC0, 0x00, 0x3C, 0x00, 0x03, 0xC0, 0x00, 0x3C, 0x00, 0x00, 0x00, 0x7F, 0xFF, 0xC0,
    0x01, 0xFF, 0xFF, 0x00, 0x07, 0x80, 0x3C, 0x00, 0x1E, 0x00, 0xF0, 0x00, 0x78, 0x03, 0xC0, 0x01,
    0xE0, 0x0F, 0x00, 0x0B, 0x40, 0x3C, 0x00, 0x2D, 0x00, 0xF0, 0x00, 0xF0, 0x03, 0xC0, 0x03, 0xC0,
    0x0F, 0x00, 0x2E, 0x00, 0x3C, 0x00, 0xF0, 0x00, 0xF0, 0x0F, 0x80, 0x03, 0xC2, 0xFF, 0xFF, 0xFF,
    0xFB, 0xFF, 0xFF, 0xFF, 0xED, 0x00, 0x00, 0x0F, 0xB4, 0x00, 0x00, 0x3E, 0xD0, 0x00, 0x00, 0xFB,
    0x40, 0x00, 0x03, 0xC0, 0x3F, 0xFF, 0xE0, 0xFF, 0xFF, 0x83, 0xC0, 0x00, 0x0F, 0x00, 0x00, 0x3C,
    0x00, 0x00, 0xF0, 0x00, 0x03, 0xFF, 0xFC, 0x0F, 0xFF, 0xF0, 0x3C, 0x00, 0x00, 0xF0, 0x00, 0x03,
    0xC0, 0x00, 0x0F, 0x00, 0x00, 0x3C, 0x00, 0x00, 0xFF, 0xFF, 0xC3, 0xFF, 0xFF, 0x00, 0x3E, 0x00,
    0x74, 0x02, 0xF0, 0x3D, 0x01, 0xD0, 0x1F, 0x00, 0x7C, 0x07, 0x40, 0xF4, 0x00, 0xBC, 0x1D, 0x0F,
    0x80, 0x00, 0xF8, 0x74, 0xBC, 0x00, 0x00, 0xF5, 0xD7, 0xC0, 0x00, 0x01, 0xFB, 0xBD, 0x00, 0x00,
    0x02, 0xFF, 0xE0, 0x00, 0x00, 0x1F, 0xBB, 0xE0, 0x00, 0x01, 0xF1, 0xD3, 0xD0, 0x00, 0x1F, 0x07,
    0x43, 0xD0, 0x00, 0xF0, 0x1D, 0x03, 0xC0, 0x0F, 0x40, 0x74, 0x07, 0xC0, 0xB8, 0x01, 0xD0, 0x0B,
    0x83, 0xC0, 0x07, 0x40, 0x0F, 0x00, 0x1B, 0xFE, 0x40, 0xBF, 0xFF, 0x81, 0x40, 0x2F, 0x00, 0x00,
    0x3D, 0x00, 0x00, 0xF0, 0x00, 0x1F, 0x80, 0x3F, 0xF4, 0x00, 0xFF, 0xF4, 0x00, 0x02, 0xF4, 0x00,
    0x01, 0xF0, 0x00, 0x03, 0xC0, 0x00, 0x1F, 0x24, 0x01, 0xF8, 0xFF, 0xFF, 0xC1, 0xBF, 0xE4, 0x00,
    0x3C, 0x00, 0x0B, 0x4F, 0x00, 0x07, 0xD3, 0xC0, 0x03, 0xF4, 0xF0, 0x02, 0xFD, 0x3C, 0x01, 0xEB,
    0x4F, 0x00, 0xF2, 0xD3, 0xC0, 0xF0, 0xB4, 0xF0, 0xB4, 0x2D, 0x3C, 0x7C, 0x0B, 0x4F, 0x3C, 0x02,
    0xD3, 0xED, 0x00, 0xB4, 0xFE, 0x00, 0x2D, 0x3F, 0x00, 0x0B, 0x4F, 0x40, 0x02, 0xD3, 0xC0, 0x00,
    0xB4, 0x01, 0xD0, 0xE0, 0x00, 0x3F, 0xF4, 0x00, 0x03, 0xF4, 0x00, 0x00, 0x00, 0x00, 0x3C, 0x00,
    0x0B, 0x4F, 0x00, 0x07, 0xD3, 0xC0, 0x03, 0xF4, 0xF0, 0x02, 0xFD, 0x3C, 0x01, 0xEB, 0x4F, 0x00,
    0xF2, 0xD3, 0xC0, 0xF0, 0xB4, 0xF0, 0xB4, 0x2D, 0x3C, 0x7C, 0x0B, 0x4F, 0x3C, 0x02, 0xD3, 0xED,
    0x00, 0xB4, 0xFE, 0x00, 0x2D, 0x3F, 0x00, 0x0B, 0x4F, 0x40, 0x02, 0xD3, 0xC0, 0x00, 0xB4, 0x3C,
    0x00, 0x7C, 0x0F, 0x00, 0x3D, 0x03, 0xC0, 0x3E, 0x00, 0xF0, 0x3E, 0x00, 0x3C, 0x3E, 0x00, 0x0F,
    0x2E, 0x00, 0x03, 0xEE, 0x00, 0x00, 0xFF, 0x40, 0x00, 0x3D, 0xF4, 0x00, 0x0F, 0x1F, 0x40, 0x03,
    0xC0, 0xF4, 0x00, 0xF0, 0x0F, 0x40, 0x3C, 0x00, 0xF4, 0x0F, 0x00, 0x1F, 0x03, 0xC0, 0x02, 0xF0,
    0x00, 0x3F, 0xFF, 0xC0, 0x03, 0xFF, 0xFC, 0x00, 0x7C, 0x03, 0xC0, 0x07, 0x80, 0x3C, 0x00, 0x78,
    0x03, 0xC0, 0x07, 0x80, 0x3C, 0x00, 0x78, 0x03, 0xC0, 0x0B, 0x40, 0x3C, 0x00, 0xF4, 0x03, 0xC0,
    0x0F, 0x00, 0x3C, 0x01, 0xF0, 0x03, 0xC0, 0x3D, 0x00, 0x3C, 0x1F, 0xC0, 0x03, 0xCB, 0xF0, 0x00,
    0x3C, 0xB8, 0x00, 0x03, 0xC0, 0x2E, 0x00, 0x00, 0x3C, 0x2F, 0x00, 0x00, 0xBC, 0x3E, 0x80, 0x00,
    0xFC, 0x3D, 0xC0, 0x02, 0xAC, 0x3C, 0xD0, 0x03, 0x2C, 0x3C, 0xB0, 0x0B, 0x1D, 0x38, 0x34, 0x0D,
    0x1D, 0x38, 0x28, 0x1C, 0x1D, 0x38, 0x1C, 0x38, 0x1E, 0x78, 0x0E, 0x30, 0x1E, 0x78, 0x0B, 0xB0,
    0x1E, 0x78, 0x03, 0xE0, 0x0E, 0x74, 0x03, 0xC0, 0x0F, 0xB4, 0x00, 0x00, 0x0F, 0xB4, 0x00, 0x00,
    0x0F, 0x3C, 0x00, 0x0F, 0x3C, 0x00, 0x0F, 0x3C, 0x00, 0x0F, 0x3C, 0x00, 0x0F, 0x3C, 0x00, 0x0F,
    0x3C, 0x00, 0x0F, 0x3F, 0xFF, 0xFF, 0x3F, 0xFF, 0xFF, 0x3C, 0x00, 0x0F, 0x3C, 0x00, 0x0F, 0x3C,
    0x00, 0x0F, 0x3C, 0x00, 0x0F, 0x3C, 0x00, 0x0F, 0x3C, 0x00, 0x0F, 0x3C, 0x00, 0x0F, 0x00, 0x7F,
    0xE0, 0x00, 0x1F, 0xFF, 0xF8, 0x00, 0xFD, 0x02, 0xF8, 0x0F, 0x80, 0x01, 0xF0, 0x7C, 0x00, 0x02,
    0xE2, 0xE0, 0x00, 0x07, 0xCB, 0x40, 0x00, 0x0F, 0x3D, 0x00, 0x00, 0x3C, 0xB4, 0x00, 0x00, 0xF2,
    0xE0, 0x00, 0x07, 0xC7, 0xC0, 0x00, 0x2E, 0x0F, 0x80, 0x01, 0xF0, 0x0F, 0xD0, 0x2F, 0x80, 0x1F,
    0xFF, 0xF8, 0x00, 0x07, 0xFE, 0x00, 0x00, 0x3F, 0xFF, 0xFF, 0x3F, 0xFF, 0xFF, 0x3C, 0x00, 0x0F,
    0x3C, 0x00, 0x0F, 0x3C, 0x00, 0x0F, 0x3C, 0x00, 0x0F, 0x3C, 0x00, 0x0F, 0x3C, 0x00, 0x0F, 0x3C,
    0x00, 0x0F, 0x3C, 0x00, 0x0F, 0x3C, 0x00, 0x0F, 0x3C, 0x00, 0x0F, 0x3C, 0x00, 0x0F, 0x3C, 0x00,
    0x0F, 0x3C, 0x00, 0x0F, 0x2F, 0xFE, 0x40, 0x3F, 0xFF, 0xE0, 0x3C, 0x01, 0xF8, 0x3C, 0x00, 0x7C,
    0x3C, 0x00, 0x3C, 0x3C, 0x00, 0x7C, 0x3C, 0x01, 0xF8, 0x3F, 0xFF, 0xF0, 0x3F, 0xFE, 0x40, 0x3C,
    0x00, 0x00, 0x3C, 0x00, 0x00, 0x3C, 0x00, 0x00, 0x3C, 0x00, 0x00, 0x3C, 0x00, 0x00, 0x3C, 0x00,
    0x00, 0x00, 0x7F, 0xE4, 0x07, 0xFF, 0xFC, 0x0F, 0xD0, 0x18, 0x3E, 0x00, 0x00, 0x7C, 0x00, 0x00,
    0xB8, 0x00, 0x00, 0xB4, 0x00, 0x00, 0xF4, 0x00, 0x00, 0xB4, 0x00, 0x00, 0xB8, 0x00, 0x00, 0x7C,
    0x00, 0x00, 0x3E, 0x00, 0x00, 0x1F, 0x90, 0x18, 0x07, 0xFF, 0xFD, 0x00, 0xBF, 0xF4, 0xBF, 0xFF,
    0xFE, 0xBF, 0xFF, 0xFE, 0x00, 0x3C, 0x00, 0x00, 0x3C, 0x00, 0x00, 0x3C, 0x00, 0x00, 0x3C, 0x00,
    0x00, 0x3C, 0x00, 0x00, 0x3C, 0x00, 0x00, 0x3C, 0x00, 0x00, 0x3C, 0x00, 0x00, 0x3C, 0x00, 0x00,
    0x3C, 0x00, 0x00, 0x3C, 0x00, 0x00, 0x3C, 0x00, 0x00, 0x3C, 0x00, 0x7C, 0x00, 0x0F, 0x0F, 0x40,
    0x07, 0x82, 0xE0, 0x02, 0xD0, 0x3C, 0x00, 0xF0, 0x0B, 0x80, 0x78, 0x00, 0xF0, 0x2D, 0x00, 0x2E,
    0x0F, 0x00, 0x03, 0xC7, 0x80, 0x00, 0xBB, 0xC0, 0x00, 0x0F, 0xE0, 0x00, 0x01, 0xF4, 0x00, 0x00,
    0x78, 0x00, 0x00, 0x7C, 0x00, 0x0F, 0xFD, 0x00, 0x03, 0xF9, 0x00, 0x00, 0x00, 0x03, 0xC0, 0x00,
    0x00, 0x03, 0xC0, 0x00, 0x00, 0xBF, 0xFE, 0x00, 0x0B, 0xFF, 0xFF, 0xE0, 0x2F, 0x83, 0xC1, 0xF8,
    0x3D, 0x03, 0xC0, 0x3D, 0xB8, 0x03, 0xC0, 0x1F, 0xF4, 0x03, 0xC0, 0x0F, 0xF4, 0x03, 0xC0, 0x0F,
    0xB8, 0x03, 0xC0, 0x1F, 0x3D, 0x03, 0xC0, 0x3D, 0x2F, 0x83, 0xC2, 0xF8, 0x0B, 0xFF, 0xFF, 0xE0,
    0x00, 0xBF, 0xFE, 0x00, 0x00, 0x03, 0xC0, 0x00, 0x00, 0x03, 0xC0, 0x00, 0x3D, 0x00, 0x0F, 0x07,
    0xC0, 0x0F, 0x80, 0xB8, 0x07, 0xC0, 0x0F, 0x43, 0xC0, 0x01, 0xF2, 0xE0, 0x00, 0x2F, 0xF0, 0x00,
    0x03, 0xF4, 0x00, 0x00, 0xBC, 0x00, 0x00, 0x7F, 0x80, 0x00, 0x3D, 0xF4, 0x00, 0x3E, 0x1F, 0x00,
    0x1F, 0x02, 0xE0, 0x0F, 0x00, 0x3D, 0x0B, 0x80, 0x07, 0xC3, 0xC0, 0x00, 0xB8, 0x3C, 0x00, 0x0F,
    0x03, 0xC0, 0x00, 0xF0, 0x3C, 0x00, 0x0F, 0x03, 0xC0, 0x00, 0xF0, 0x3C, 0x00, 0x0F, 0x03, 0xC0,
    0x00, 0xF0, 0x3C, 0x00, 0x0F, 0x03, 0xC0, 0x00, 0xF0, 0x3C, 0x00, 0x0F, 0x03, 0xC0, 0x00, 0xF0,
    0x3C, 0x00, 0x0F, 0x03, 0xC0, 0x00, 0xF0, 0x3C, 0x00, 0x0F, 0x03, 0xFF, 0xFF, 0xFE, 0x3F, 0xFF,
    0xFF, 0xE0, 0x00, 0x00, 0x0E, 0x00, 0x00, 0x00, 0xE0, 0x00, 0x00, 0x0E, 0x00, 0x00, 0x00, 0xE0,
    0xF0, 0x00, 0xB7, 0xC0, 0x02, 0xDF, 0x00, 0x0B, 0x7C, 0x00, 0x2D, 0xF4, 0x00, 0xB6, 0xD0, 0x02,
    0xDB, 0x80, 0x0B, 0x5F, 0x40, 0x2D, 0x2F, 0xFF, 0xF4, 0x1F, 0xFF, 0xD0, 0x00, 0x0B, 0x40, 0x00,
    0x2D, 0x00, 0x00, 0xB4, 0x00, 0x02, 0xD0, 0x00, 0x0B, 0x40, 0x3C, 0x00, 0xB4, 0x00, 0xF3, 0xC0,
    0x0B, 0x40, 0x0F, 0x3C, 0x00, 0xB4, 0x00, 0xF3, 0xC0, 0x0B, 0x40, 0x0F, 0x3C, 0x00, 0xB4, 0x00,
    0xF3, 0xC0, 0x0B, 0x40, 0x0F, 0x3C, 0x00, 0xB4, 0x00, 0xF3, 0xC0, 0x0B, 0x40, 0x0F, 0x3C, 0x00,
    0xB4, 0x00, 0xF3, 0xC0, 0x0B, 0x40, 0x0F, 0x3C, 0x00, 0xB4, 0x00, 0xF3, 0xC0, 0x0B, 0x40, 0x0F,
    0x3C, 0x00, 0xB4, 0x00, 0xF3, 0xFF, 0xFF, 0xFF, 0xFF, 0x3F, 0xFF, 0xFF, 0xFF, 0xF0, 0x3C, 0x00,
    0xB4, 0x00, 0xF0, 0x3C, 0x00, 0xB4, 0x00, 0xF0, 0x3C, 0x00, 0xB4, 0x00, 0xF0, 0x3C, 0x00, 0xB4,
    0x00, 0xF0, 0x3C, 0x00, 0xB4, 0x00, 0xF0, 0x3C, 0x00, 0xB4, 0x00, 0xF0, 0x3C, 0x00, 0xB4, 0x00,
    0xF0, 0x3C, 0x00, 0xB4, 0x00, 0xF0, 0x3C, 0x00, 0xB4, 0x00, 0xF0, 0x3C, 0x00, 0xB4, 0x00, 0xF0,
    0x3C, 0x00, 0xB4, 0x00, 0xF0, 0x3C, 0x00, 0xB4, 0x00, 0xF0, 0x3C, 0x00, 0xB4, 0x00, 0xF0, 0x3F,
    0xFF, 0xFF, 0xFF, 0xFE, 0x3F, 0xFF, 0xFF, 0xFF, 0xFE, 0x00, 0x00, 0x00, 0x00, 0x1E, 0x00, 0x00,
    0x00, 0x00, 0x1E, 0x00, 0x00, 0x00, 0x00, 0x1E, 0x00, 0x00, 0x00, 0x00, 0x1E, 0xBF, 0xF0, 0x00,
    0x02, 0xFF, 0xC0, 0x00, 0x00, 0x0F, 0x00, 0x00, 0x00, 0x3C, 0x00, 0x00, 0x00, 0xF0, 0x00, 0x00,
    0x03, 0xFF, 0xE4, 0x00, 0x0F, 0xFF, 0xFC, 0x00, 0x3C, 0x01, 0xFC, 0x00, 0xF0, 0x00, 0xF4, 0x03,
    0xC0, 0x02, 0xD0, 0x0F, 0x00, 0x0B, 0x40, 0x3C, 0x00, 0x3D, 0x00, 0xF0, 0x07, 0xF0, 0x03, 0xFF,
    0xFF, 0x00, 0x0B, 0xFF, 0x90, 0x00, 0x3C, 0x00, 0x00, 0x3C, 0x3C, 0x00, 0x00, 0x3C, 0x3C, 0x00,
    0x00, 0x3C, 0x3C, 0x00, 0x00, 0x3C, 0x3C, 0x00, 0x00, 0x3C, 0x3F, 0xFE, 0x00, 0x3C, 0x3F, 0xFF,
    0xE0, 0x3C, 0x3C, 0x06, 0xF4, 0x3C, 0x3C, 0x00, 0xB8, 0x3C, 0x3C, 0x00, 0x7C, 0x3C, 0x3C, 0x00,
    0x7C, 0x3C, 0x3C, 0x00, 0xB8, 0x3C, 0x3C, 0x02, 0xF4, 0x3C, 0x3F, 0xFF, 0xD0, 0x3C, 0x2F, 0xFE,
    0x00, 0x3C, 0x3C, 0x00, 0x00, 0x3C, 0x00, 0x00, 0x3C, 0x00, 0x00, 0x3C, 0x00, 0x00, 0x3C, 0x00,
    0x00, 0x3F, 0xFE, 0x40, 0x3F, 0xFF, 0xE0, 0x3C, 0x02, 0xF8, 0x3C, 0x00, 0x7C, 0x3C, 0x00, 0x3C,
    0x3C, 0x00, 0x3C, 0x3C, 0x00, 0x7C, 0x3C, 0x02, 0xF8, 0x3F, 0xFF, 0xE0, 0x2F, 0xFE, 0x40, 0x1B,
    0xFE, 0x00, 0x7F, 0xFF, 0xD0, 0x24, 0x06, 0xF4, 0x00, 0x00, 0x7C, 0x00, 0x00, 0x3D, 0x00, 0x00,
    0x2E, 0x03, 0xFF, 0xFE, 0x03, 0xFF, 0xFF, 0x00, 0x00, 0x1E, 0x00, 0x00, 0x2E, 0x00, 0x00, 0x3D,
    0x00, 0x00, 0xBC, 0x24, 0x07, 0xF4, 0x7F, 0xFF, 0xD0, 0x1B, 0xFE, 0x00, 0x3C, 0x00, 0x0B, 0xF9,
    0x00, 0x3C, 0x00, 0xBF, 0xFF, 0xC0, 0x3C, 0x02, 0xF8, 0x07, 0xF0, 0x3C, 0x03, 0xD0, 0x00, 0xF4,
    0x3C, 0x0B, 0xC0, 0x00, 0x7C, 0x3C, 0x0B, 0x40, 0x00, 0x3C, 0x3F, 0xFF, 0x40, 0x00, 0x3D, 0x3F,
    0xFF, 0x00, 0x00, 0x3D, 0x3C, 0x0F, 0x40, 0x00, 0x3D, 0x3C, 0x0B, 0x40, 0x00, 0x3C, 0x3C, 0x07,
    0xC0, 0x00, 0x7C, 0x3C, 0x03, 0xD0, 0x00, 0xF8, 0x3C, 0x01, 0xF8, 0x07, 0xF0, 0x3C, 0x00, 0x7F,
    0xFF, 0xC0, 0x3C, 0x00, 0x0B, 0xFD, 0x00, 0x00, 0xBF, 0xFD, 0x07, 0xFF, 0xFE, 0x0F, 0x90, 0x2E,
    0x2E, 0x00, 0x2E, 0x2D, 0x00, 0x2E, 0x2E, 0x00, 0x2E, 0x1F, 0x80, 0x2E, 0x0B, 0xFF, 0xFE, 0x01,
    0xFF, 0xFE, 0x01, 0xF0, 0x2E, 0x03, 0xC0, 0x2E, 0x0B, 0x80, 0x2E, 0x0F, 0x00, 0x2E, 0x2E, 0x00,
    0x2E, 0x3C, 0x00, 0x2E, 0x0B, 0xFE, 0x00, 0xFF, 0xF8, 0x00, 0x07, 0xC0, 0x00, 0x2D, 0x06, 0xFF,
    0xD1, 0xFF, 0xFD, 0x3E, 0x02, 0xD3, 0xC0, 0x2D, 0x3D, 0x02, 0xD2, 0xFF, 0xFD, 0x07, 0xFF, 0x80,
    0x00, 0x1A, 0xE0, 0x0B, 0xFF, 0x80, 0xFE, 0x50, 0x0B, 0x80, 0x00, 0x3C, 0x00, 0x01, 0xE7, 0xF8,
    0x07, 0xFF, 0xFC, 0x2F, 0x40, 0xFC, 0xB4, 0x00, 0xF2, 0xD0, 0x03, 0xDB, 0x40, 0x0B, 0x6E, 0x00,
    0x3D, 0x7C, 0x00, 0xF0, 0xF8, 0x0F, 0x81, 0xFF, 0xFC, 0x00, 0xBF, 0x80, 0x3F, 0xFE, 0x07, 0xFF,
    0xFC, 0x78, 0x03, 0xC7, 0x80, 0x3C, 0x7F, 0xFF, 0x07, 0xFF, 0xFC, 0x78, 0x03, 0xE7, 0x80, 0x1E,
    0x78, 0x03, 0xE7, 0xFF, 0xFC, 0x3F, 0xFE, 0x00, 0x7F, 0xFD, 0x7F, 0xFD, 0x78, 0x00, 0x78, 0x00,
    0x78, 0x00, 0x78, 0x00, 0x78, 0x00, 0x78, 0x00, 0x78, 0x00, 0x78, 0x00, 0x78, 0x00, 0x01, 0xFF,
    0xFC, 0x00, 0x7F, 0xFF, 0x00, 0x1D, 0x03, 0xC0, 0x0B, 0x40, 0xF0, 0x02, 0xC0, 0x3C, 0x00, 0xF0,
    0x0F, 0x00, 0x38, 0x03, 0xC0, 0x2D, 0x00, 0xF0, 0x0F, 0x00, 0x3C, 0x2F, 0xFF, 0xFF, 0xCB, 0xFF,
    0xFF, 0xF2, 0xC0, 0x00, 0x2C, 0xB0, 0x00, 0x0B, 0x2C, 0x00, 0x02, 0xC0, 0x06, 0xFD, 0x01, 0xFF,
    0xF8, 0x3D, 0x07, 0xCB, 0x40, 0x2D, 0xFF, 0xFF, 0xEF, 0xFF, 0xFE, 0xF0, 0x00, 0x0B, 0x80, 0x00,
    0x3E, 0x00, 0x42, 0xFF, 0xF8, 0x06, 0xFF, 0x40, 0x3D, 0x03, 0xC0, 0x7C, 0x0F, 0x03, 0xC0, 0xF0,
    0x07, 0xC3, 0xC3, 0xD0, 0x01, 0xE3, 0xCB, 0x40, 0x00, 0xBB, 0xDE, 0x00, 0x00, 0x3F, 0xFC, 0x00,
    0x00, 0xF3, 0xCF, 0x00, 0x03, 0xC3, 0xC3, 0xC0, 0x0B, 0x43, 0xC1, 0xF0, 0x2E, 0x03, 0xC0, 0x78,
    0x7C, 0x03, 0xC0, 0x3D, 0x1F, 0xF9, 0x02, 0xFF, 0xF8, 0x14, 0x0B, 0xC0, 0x00, 0x78, 0x03, 0xFE,
    0x00, 0x3F, 0xF4, 0x00, 0x07, 0xC0, 0x00, 0x3C, 0x10, 0x07, 0xC3, 0xFF, 0xF8, 0x2F, 0xFD, 0x00,
    0x78, 0x01, 0xF7, 0x80, 0x3F, 0x78, 0x0F, 0xF7, 0x82, 0xDF, 0x78, 0x38, 0xF7, 0x8F, 0x0F, 0x7A,
    0xC0, 0xF7, 0xB8, 0x0F, 0x7F, 0x00, 0xF7, 0xD0, 0x0F, 0x78, 0x00, 0xF0, 0x0B, 0x0B, 0x40, 0x7F,
    0xF0, 0x01, 0xF8, 0x00, 0x00, 0x00, 0x00, 0x00, 0x07, 0x80, 0x1F, 0x78, 0x03, 0xF7, 0x80, 0xFF,
    0x78, 0x2D, 0xF7, 0x83, 0x8F, 0x78, 0xF0, 0xF7, 0xAC, 0x0F, 0x7B, 0x80, 0xF7, 0xF0, 0x0F, 0x7D,
    0x00, 0xF7, 0x80, 0x0F, 0x78, 0x03, 0xC7, 0x80, 0xF0, 0x78, 0x3D, 0x07, 0x8F, 0x40, 0x7B, 0xD0,
    0x07, 0xFC, 0x00, 0x79, 0xF0, 0x07, 0x87, 0xC0, 0x78, 0x1F, 0x07, 0x80, 0x7C, 0x78, 0x02, 0xE0,
    0x01, 0xFF, 0xFC, 0x07, 0xFF, 0xF0, 0x1D, 0x03, 0xC0, 0x74, 0x0F, 0x02, 0xD0, 0x3C, 0x0B, 0x00,
    0xF0, 0x3C, 0x03, 0xC2, 0xF0, 0x0F, 0x1F, 0x40, 0x3E, 0xF8, 0x00, 0xFB, 0x40, 0x03, 0xC0, 0x3D,
    0x00, 0x0F, 0x0F, 0xC0, 0x07, 0xD3, 0xF0, 0x03, 0xF4, 0xEA, 0x01, 0xDD, 0x38, 0xC0, 0xE7, 0x9E,
    0x38, 0x30, 0xE7, 0x47, 0x28, 0x39, 0xD0, 0xED, 0x0F, 0x74, 0x2F, 0x03, 0xED, 0x07, 0x80, 0xFB,
    0x40, 0x00, 0x3C, 0x78, 0x01, 0xE7, 0x80, 0x1E, 0x78, 0x01, 0xE7, 0x80, 0x1E, 0x7F, 0xFF, 0xE7,
    0xFF, 0xFE, 0x78, 0x01, 0xE7, 0x80, 0x1E, 0x78, 0x01, 0xE7, 0x80, 0x1E, 0x78, 0x01, 0xE0, 0x06,
    0xFD, 0x00, 0x7F, 0xFF, 0x03, 0xE0, 0x7E, 0x2E, 0x00, 0x3C, 0xF4, 0x00, 0xF3, 0xC0, 0x03, 0xDF,
    0x40, 0x0F, 0x2E, 0x00, 0x3C, 0x3E, 0x07, 0xE0, 0x7F, 0xFF, 0x00, 0x6F, 0xD0, 0x00, 0x7F, 0xFF,
    0xD7, 0xFF, 0xFD, 0x78, 0x02, 0xD7, 0x80, 0x2D, 0x78, 0x02, 0xD7, 0x80, 0x2D, 0x78, 0x02, 0xD7,
    0x80, 0x2D, 0x78, 0x02, 0xD7, 0x80, 0x2D, 0x78, 0x02, 0xD0, 0x2F, 0xFD, 0x01, 0xFF, 0xFE, 0x07,
    0x80, 0x7E, 0x1E, 0x00, 0x7C, 0x78, 0x00, 0xF1, 0xE0, 0x03, 0xD7, 0x80, 0x0F, 0x1E, 0x00, 0x3C,
    0x7D, 0x07, 0xE1, 0xFF, 0xFF, 0x07, 0xEF, 0xE0, 0x1E, 0x00, 0x00, 0x78, 0x00, 0x01, 0xE0, 0x00,
    0x07, 0x80, 0x00, 0x00, 0x02, 0xFE, 0x07, 0xFF, 0xC3, 0xE0, 0x12, 0xE0, 0x00, 0xF4, 0x00, 0x3C,
    0x00, 0x0F, 0x00, 0x02, 0xE0, 0x00, 0x3E, 0x01, 0x07, 0xFF, 0xC0, 0x6F, 0xE0, 0xBF, 0xFF, 0xDB,
    0xFF, 0xFD, 0x00, 0xF0, 0x00, 0x0F, 0x00, 0x00, 0xF0, 0x00, 0x0F, 0x00, 0x00, 0xF0, 0x00, 0x0F,
    0x00, 0x00, 0xF0, 0x00, 0x0F, 0x00, 0x00, 0xF0, 0x00, 0xB8, 0x00, 0xF0, 0xF0, 0x07, 0x83, 0xC0,
    0x2D, 0x0B, 0x40, 0xF0, 0x0F, 0x03, 0xC0, 0x3C, 0x1D, 0x00, 0x78, 0xB0, 0x00, 0xF3, 0xC0, 0x02,
    0xED, 0x00, 0x03, 0xF0, 0x00, 0x0B, 0x80, 0x00, 0x2D, 0x00, 0x01, 0xF0, 0x02, 0xFF, 0x00, 0x0B,
    0xE0, 0x00, 0x00, 0x00, 0x0B, 0x00, 0x00, 0x00, 0x3C, 0x00, 0x00, 0x00, 0xF0, 0x00, 0x00, 0x03,
    0xC0, 0x00, 0x00, 0x0F, 0x00, 0x00, 0x07, 0xFF, 0xD0, 0x00, 0xFF, 0xFF, 0xF4, 0x0F, 0xD3, 0xC7,
    0xF0, 0xBC, 0x0F, 0x02, 0xE3, 0xC0, 0x3C, 0x03, 0xCF, 0x00, 0xF0, 0x0F, 0x3C, 0x03, 0xC0, 0x3C,
    0xB8, 0x0F, 0x02, 0xE0, 0xFD, 0x3C, 0x6F, 0x00, 0xFF, 0xFF, 0xF4, 0x00, 0x7F, 0xFE, 0x00, 0x00,
    0x0F, 0x00, 0x00, 0x00, 0x3C, 0x00, 0x00, 0x00, 0xF0, 0x00, 0x00, 0x03, 0xC0, 0x00, 0x3C, 0x01,
    0xE0, 0x78, 0x0F, 0x00, 0xB4, 0xF4, 0x00, 0xFB, 0x80, 0x01, 0xFC, 0x00, 0x03, 0xE0, 0x00, 0x2F,
    0xD0, 0x01, 0xE3, 0xC0, 0x0F, 0x07, 0xC0, 0xF4, 0x0B, 0x47, 0x80, 0x0F, 0x00, 0x78, 0x02, 0xD1,
    0xE0, 0x0B, 0x47, 0x80, 0x2D, 0x1E, 0x00, 0xB4, 0x78, 0x02, 0xD1, 0xE0, 0x0B, 0x47, 0x80, 0x2D,
    0x1E, 0x00, 0xB4, 0x78, 0x02, 0xD1, 0xFF, 0xFF, 0xF7, 0xFF, 0xFF, 0xC0, 0x00, 0x0F, 0x00, 0x00,
    0x3C, 0x00, 0x00, 0xF0, 0x3C, 0x01, 0xE3, 0xC0, 0x1E, 0x3C, 0x01, 0xE3, 0xC0, 0x1E, 0x3E, 0x02,
    0xE1, 0xFF, 0xFE, 0x07, 0xFF, 0xE0, 0x00, 0x1E, 0x00, 0x01, 0xE0, 0x00, 0x1E, 0x00, 0x01, 0xE0,
    0x78, 0x07, 0x80, 0x79, 0xE0, 0x1E, 0x01, 0xE7, 0x80, 0x78, 0x07, 0x9E, 0x01, 0xE0, 0x1E, 0x78,
    0x07, 0x80, 0x79, 0xE0, 0x1E, 0x01, 0xE7, 0x80, 0x78, 0x07, 0x9E, 0x01, 0xE0, 0x1E, 0x78, 0x07,
    0x80, 0x79, 0xFF, 0xFF, 0xFF, 0xE7, 0xFF, 0xFF, 0xFF, 0x80, 0x78, 0x07, 0x80, 0x78, 0x1E, 0x01,
    0xE0, 0x1E, 0x07, 0x80, 0x78, 0x07, 0x81, 0xE0, 0x1E, 0x01, 0xE0, 0x78, 0x07, 0x80, 0x78, 0x1E,
    0x01, 0xE0, 0x1E, 0x07, 0x80, 0x78, 0x07, 0x81, 0xE0, 0x1E, 0x01, 0xE0, 0x78, 0x07, 0x80, 0x78,
    0x1F, 0xFF, 0xFF, 0xFF, 0xC7, 0xFF, 0xFF, 0xFF, 0xF0, 0x00, 0x00, 0x00, 0x3C, 0x00, 0x00, 0x00,
    0x0F, 0x00, 0x00, 0x00, 0x03, 0xC0, 0xBF, 0xC0, 0x00, 0xBF, 0xC0, 0x00, 0x03, 0xC0, 0x00, 0x03,
    0xFF, 0xE0, 0x03, 0xFF, 0xFC, 0x03, 0xC0, 0x3E, 0x03, 0xC0, 0x0F, 0x03, 0xC0, 0x0F, 0x03, 0xC0,
    0x2E, 0x03, 0xFF, 0xFC, 0x02, 0xFF, 0xE0, 0x78, 0x00, 0x02, 0xC7, 0x80, 0x00, 0x2C, 0x78, 0x00,
    0x02, 0xC7, 0x80, 0x00, 0x2C, 0x7F, 0xFD, 0x02, 0xC7, 0xFF, 0xF8, 0x2C, 0x78, 0x07, 0xC2, 0xC7,
    0x80, 0x3C, 0x2C, 0x78, 0x07, 0xC2, 0xC7, 0xFF, 0xF8, 0x2C, 0x2F, 0xFD, 0x02, 0xC0, 0x78, 0x00,
    0x07, 0x80, 0x00, 0x78, 0x00, 0x07, 0xFF, 0xD0, 0x7F, 0xFF, 0x87, 0x80, 0x7C, 0x78, 0x02, 0xD7,
    0x80, 0x2D, 0x78, 0x07, 0xC7, 0xFF, 0xF8, 0x2F, 0xFD, 0x00, 0x2F, 0xF4, 0x03, 0xFF, 0xF0, 0x00,
    0x0B, 0x80, 0x00, 0x3C, 0x03, 0xFF, 0xD0, 0x3F, 0xFD, 0x00, 0x03, 0xD0, 0x00, 0x3C, 0x10, 0x1F,
    0x83, 0xFF, 0xF0, 0x2F, 0xF8, 0x00, 0x78, 0x01, 0xFE, 0x41, 0xE0, 0x2F, 0xFF, 0x47, 0x81, 0xF4,
    0x1F, 0x1E, 0x0F, 0x40, 0x2E, 0x7F, 0xFC, 0x00, 0x3D, 0xFF, 0xF0, 0x00, 0xF7, 0x83, 0xC0, 0x03,
    0xDE, 0x0B, 0x40, 0x2E, 0x78, 0x1F, 0x41, 0xF1, 0xE0, 0x2F, 0xFF, 0x47, 0x80, 0x1F, 0xE4, 0x00,
    0x02, 0xFF, 0xE0, 0xFF, 0xFF, 0x2F, 0x00, 0xF2, 0xD0, 0x0F, 0x2E, 0x00, 0xF0, 0xFF, 0xFF, 0x03,
    0xFF, 0xF0, 0x78, 0x0F, 0x0F, 0x00, 0xF2, 0xD0, 0x0F, 0x3C, 0x00, 0xF0, 0x02, 0x00, 0x00, 0x3C,
    0x00, 0x00, 0xF0, 0x00, 0x02, 0x00, 0x00, 0x00, 0x00, 0x6F, 0xD0, 0x1F, 0xFF, 0x83, 0xD0, 0x7C,
    0xB4, 0x02, 0xDF, 0xFF, 0xFE, 0xFF, 0xFF, 0xEF, 0x00, 0x00, 0xB8, 0x00, 0x03, 0xE0, 0x04, 0x2F,
    0xFF, 0x80, 0x6F, 0xF4, 0x0F, 0x0F, 0x00, 0xF0, 0xF0, 0x00, 0x00, 0x00, 0x00, 0x00, 0x06, 0xFD,
    0x01, 0xFF, 0xF8, 0x3D, 0x07, 0xCB, 0x40, 0x2D, 0xFF, 0xFF, 0xEF, 0xFF, 0xFE, 0xF0, 0x00, 0x0B,
    0x80, 0x00, 0x3E, 0x00, 0x42, 0xFF, 0xF8, 0x06, 0xFF, 0x40, 0x1E, 0x00, 0x03, 0xFF, 0xF4, 0x0F,
    0xFF, 0xD0, 0x07, 0x80, 0x00, 0x1E, 0x00, 0x00, 0x7F, 0xFD, 0x01, 0xFF, 0xFE, 0x07, 0x80, 0x7C,
    0x1E, 0x00, 0xB4, 0x78, 0x02, 0xD1, 0xE0, 0x07, 0x47, 0x80, 0x1E, 0x1E, 0x00, 0x78, 0x78, 0x01,
    0xE1, 0xE0, 0x07, 0x87, 0x80, 0x1E, 0x00, 0x00, 0x74, 0x00, 0x03, 0xD0, 0x00, 0xFF, 0x00, 0x03,
    0xF4, 0x00, 0x28, 0x00, 0x78, 0x01, 0xE0, 0x01, 0x80, 0x00, 0x00, 0x7F, 0xFD, 0x7F, 0xFD, 0x78,
    0x00, 0x78, 0x00, 0x78, 0x00, 0x78, 0x00, 0x78, 0x00, 0x78, 0x00, 0x78, 0x00, 0x78, 0x00, 0x78,
    0x00, 0x02, 0xFE, 0x07, 0xFF, 0xC3, 0xD0, 0x12, 0xD0, 0x00, 0xFF, 0xF8, 0x3F, 0xFE, 0x0F, 0x00,
    0x02, 0xE0, 0x00, 0x3E, 0x00, 0x07, 0xFF, 0xE0, 0x6F, 0xF4, 0x07, 0xFE, 0x07, 0xFF, 0xC3, 0xD0,
    0x10, 0xF0, 0x00, 0x2F, 0x90, 0x01, 0xFF, 0x40, 0x06, 0xF0, 0x00, 0x2D, 0x00, 0x0B, 0x4F, 0xFF,
    0xC2, 0xFF, 0x80, 0x79, 0xE0, 0x00, 0x01, 0xE7, 0x9E, 0x79, 0xE7, 0x9E, 0x79, 0xE7, 0x9E, 0x78,
    0x79, 0xE1, 0xE0, 0x00, 0x00, 0x00, 0x07, 0x80, 0x1E, 0x00, 0x78, 0x01, 0xE0, 0x07, 0x80, 0x1E,
    0x00, 0x78, 0x01, 0xE0, 0x07, 0x80, 0x1E, 0x00, 0x78, 0x00, 0x01, 0xE0, 0x1E, 0x00, 0x00, 0x00,
    0x00, 0x00, 0x1E, 0x01, 0xE0, 0x1E, 0x01, 0xE0, 0x1E, 0x01, 0xE0, 0x1E, 0x01, 0xE0, 0x1E, 0x01,
    0xE0, 0x1E, 0x01, 0xE0, 0x3D, 0x7F, 0xC7, 0xE0, 0x01, 0xFF, 0xFC, 0x00, 0x00, 0x1F, 0xFF, 0xC0,
    0x00, 0x01, 0xD0, 0x3C, 0x00, 0x00, 0x1D, 0x03, 0xC0, 0x00, 0x02, 0xD0, 0x3F, 0xFE, 0x00, 0x2C,
    0x03, 0xFF, 0xFC, 0x03, 0xC0, 0x3C, 0x07, 0xD0, 0xBC, 0x03, 0xC0, 0x2D, 0x2F, 0x40, 0x3C, 0x07,
    0xDB, 0xE0, 0x03, 0xFF, 0xFC, 0x74, 0x00, 0x2F, 0xFD, 0x00, 0x78, 0x01, 0xE0, 0x00, 0x1E, 0x00,
    0x78, 0x00, 0x07, 0x80, 0x1E, 0x00, 0x01, 0xE0, 0x07, 0x80, 0x00, 0x7F, 0xFF, 0xFF, 0xF4, 0x1F,
    0xFF, 0xFF, 0xFF, 0x87, 0x80, 0x1E, 0x01, 0xF1, 0xE0, 0x07, 0x80, 0x3C, 0x78, 0x01, 0xE0, 0x1F,
    0x1E, 0x00, 0x7F, 0xFF, 0x87, 0x80, 0x0B, 0xFF, 0x40, 0x1E, 0x00, 0x03, 0xFF, 0xF4, 0x0F, 0xFF,
    0xD0, 0x07, 0x80, 0x00, 0x1E, 0x00, 0x00, 0x7F, 0xFD, 0x01, 0xFF, 0xFE, 0x07, 0x80, 0x7C, 0x1E,
    0x00, 0xB4, 0x78, 0x02, 0xD1, 0xE0, 0x07, 0x87, 0x80, 0x1E, 0x1E, 0x00, 0x78, 0x78, 0x01, 0xE1,
    0xE0, 0x07, 0x87, 0x80, 0x1E, 0x00, 0x08, 0x00, 0x03, 0xC0, 0x00, 0xF0, 0x00, 0x08, 0x00, 0x00,
    0x00, 0x07, 0x80, 0x3C, 0x78, 0x0F, 0x07, 0x83, 0xD0, 0x78, 0xF4, 0x07, 0xBD, 0x00, 0x7F, 0xC0,
    0x07, 0x9F, 0x00, 0x78, 0x7C, 0x07, 0x81, 0xF0, 0x78, 0x07, 0xC7, 0x80, 0x2E, 0x02, 0x80, 0x00,
    0x2D, 0x00, 0x00, 0xB4, 0x00, 0x02, 0x40, 0x00, 0x00, 0x07, 0x80, 0x1F, 0x78, 0x03, 0xF7, 0x80,
    0xFF, 0x78, 0x2D, 0xF7, 0x83, 0x8F, 0x78, 0xF0, 0xF7, 0xAC, 0x0F, 0x7B, 0x80, 0xF7, 0xF0, 0x0F,
    0x7D, 0x00, 0xF7, 0x80, 0x0F, 0x0B, 0x47, 0x40, 0x0F, 0xFC, 0x00, 0x1F, 0xD0, 0x00, 0x00, 0x00,
    0x00, 0x00, 0x02, 0xE0, 0x03, 0xC3, 0xC0, 0x1E, 0x0F, 0x00, 0xB4, 0x2D, 0x03, 0xC0, 0x3C, 0x0F,
    0x00, 0xF0, 0x74, 0x01, 0xE2, 0xC0, 0x03, 0xCF, 0x00, 0x0B, 0xB4, 0x00, 0x0F, 0xC0, 0x00, 0x2E,
    0x00, 0x00, 0xB4, 0x00, 0x07, 0xC0, 0x0B, 0xFC, 0x00, 0x2F, 0x80, 0x00, 0x78, 0x02, 0xD7, 0x80,
    0x2D, 0x78, 0x02, 0xD7, 0x80, 0x2D, 0x78, 0x02, 0xD7, 0x80, 0x2D, 0x78, 0x02, 0xD7, 0x80, 0x2D,
    0x78, 0x02, 0xD7, 0xFF, 0xFD, 0x7F, 0xFF, 0xD0, 0x0F, 0x00, 0x00, 0xF0, 0x00, 0x0F, 0x00, 0x00,
    0xF0, 0x00, 0x00, 0x03, 0xC0, 0x00, 0x0B, 0xFF, 0xFF, 0x40, 0x2F, 0xFF, 0xFD, 0x00, 0x00, 0xF0,
    0x00, 0x00, 0x03, 0xC0, 0x00, 0x00, 0x0F, 0xFF, 0x90, 0x00, 0x3F, 0xFF, 0xF0, 0x00, 0xF0, 0x07,
    0xF0, 0x03, 0xC0, 0x03, 0xD0, 0x0F, 0x00, 0x0B, 0x40, 0x3C, 0x00, 0x2D, 0x00, 0xF0, 0x00, 0xF4,
    0x03, 0xC0, 0x1F, 0xC0, 0x0F, 0xFF, 0xFC, 0x00, 0x2F, 0xFE, 0x40, 0x02, 0xC0, 0x00, 0x03, 0xC0,
    0x00, 0x03, 0xC0, 0x00, 0x03, 0xC0, 0x00, 0x03, 0xC0, 0x00, 0xBF, 0xFF, 0xC0, 0xBF, 0xFF, 0xC0,
    0x03, 0xC0, 0x00, 0x03, 0xFF, 0xE0, 0x03, 0xFF, 0xFC, 0x03, 0xC0, 0x3E, 0x03, 0xC0, 0x0F, 0x03,
    0xC0, 0x0F, 0x03, 0xC0, 0x2E, 0x03, 0xFF, 0xFC, 0x02, 0xFF, 0xE0, 0x00, 0x7F, 0xE0, 0x00, 0x1F,
    0xFF, 0xF8, 0x00, 0xF9, 0x01, 0xF8, 0x0F, 0x80, 0x00, 0xF0, 0x7C, 0x00, 0x01, 0xE2, 0xEB, 0xE0,
    0x03, 0xCB, 0xFF, 0xF4, 0x2F, 0x3F, 0x82, 0xFF, 0xFC, 0xB8, 0x00, 0xBE, 0xF2, 0xE0, 0x00, 0x0B,
    0xC7, 0xC0, 0x00, 0x3E, 0x0F, 0x80, 0x02, 0xF0, 0x0F, 0xD0, 0x2F, 0x80, 0x1F, 0xFF, 0xF8, 0x00,
    0x07, 0xFE, 0x00, 0x00, 0x06, 0xFD, 0x00, 0x7F, 0xFF, 0x03, 0xC0, 0x7E, 0x2F, 0xE0, 0x3C, 0xFF,
    0xF0, 0xF3, 0xE1, 0xFF, 0xDF, 0x41, 0xFF, 0x2E, 0x00, 0x3C, 0x3E, 0x03, 0xE0, 0x7F, 0xFF, 0x00,
    0x6F, 0xD0, 0x00, 0xB8, 0x00, 0x00, 0xBD, 0x1F, 0x00, 0x00, 0xFF, 0xC3, 0xD0, 0x00, 0x7C, 0x00,
    0xB8, 0x00, 0x2D, 0x00, 0x0F, 0x00, 0x0F, 0x00, 0x03, 0xD0, 0x07, 0x80, 0x00, 0xB8, 0x03, 0xC0,
    0x00, 0x0F, 0x00, 0xF0, 0x00, 0x02, 0xD0, 0xB4, 0x00, 0x00, 0x7C, 0x3C, 0x00, 0x00, 0x0F, 0x1E,
    0x00, 0x00, 0x02, 0xEF, 0x00, 0x00, 0x00, 0x3F, 0xC0, 0x00, 0x00, 0x0B, 0xD0, 0x00, 0x00, 0x01,
    0xF0, 0x00, 0x00, 0xB8, 0x00, 0x7E, 0x3C, 0x00, 0xFF, 0x3C, 0x01, 0xE0, 0x2D, 0x03, 0xC0, 0x1F,
    0x03, 0x80, 0x0F, 0x0B, 0x40, 0x0B, 0x8F, 0x00, 0x03, 0xDE, 0x00, 0x02, 0xFC, 0x00, 0x01, 0xF8,
    0x00, 0x00, 0xF4, 0x00, 0x01, 0xD0, 0xE0, 0x00, 0x03, 0xFF, 0x40, 0x00, 0x03, 0xF4, 0x00, 0x00,
    0x00, 0x00, 0x00, 0x3C, 0x00, 0x0B, 0x40, 0xF0, 0x00, 0x7D, 0x03, 0xC0, 0x03, 0xF4, 0x0F, 0x00,
    0x2F, 0xD0, 0x3C, 0x01, 0xEB, 0x40, 0xF0, 0x0F, 0x2D, 0x03, 0xC0, 0xF0, 0xB4, 0x0F, 0x0B, 0x42,
    0xD0, 0x3C, 0x7C, 0x0B, 0x40, 0xF3, 0xC0, 0x2D, 0x03, 0xED, 0x00, 0xB4, 0x0F, 0xE0, 0x02, 0xD0,
    0x3F, 0x00, 0x0B, 0x40, 0xF4, 0x00, 0x2F, 0xD3, 0xC0, 0x00, 0xBF, 0x00, 0x00, 0x00, 0x3C, 0x00,
    0x00, 0x01, 0xE0, 0x00, 0x00, 0x0F, 0x00, 0x00, 0x00, 0x34, 0x00, 0x0B, 0x0B, 0x40, 0x07, 0xFF,
    0x00, 0x01, 0xF8, 0x00, 0x00, 0x00, 0x00, 0x00, 0x00, 0x00, 0x78, 0x01, 0xF0, 0x78, 0x03, 0xF0,
    0x78, 0x0F, 0xF0, 0x78, 0x2D, 0xF0, 0x78, 0x38, 0xF0, 0x78, 0xF0, 0xF0, 0x7A, 0xC0, 0xF0, 0x7B,
    0x80, 0xF0, 0x7F, 0x00, 0xF0, 0x7D, 0x00, 0xF0, 0x78, 0x00, 0xFE, 0x00, 0x00, 0x1E, 0x00, 0x00,
    0x3C, 0x00, 0x00, 0x78, 0x00, 0x00, 0x70, 0x0F, 0x00, 0x00, 0x03, 0xC0, 0x00, 0x0B, 0xFF, 0xC0,
    0x02, 0xFF, 0xF0, 0x00, 0x0F, 0x00, 0x00, 0x03, 0xC0, 0x00, 0x00, 0xFF, 0xF9, 0x00, 0x3F, 0xFF,
    0xF0, 0x0F, 0x00, 0x7F, 0x03, 0xC0, 0x03, 0xC0, 0xF0, 0x00, 0xF4, 0x3C, 0x00, 0x3D, 0x0F, 0x00,
    0x0F, 0x03, 0xC0, 0x1F, 0xC0, 0xFF, 0xFF, 0xC0, 0x2F, 0xFE, 0x40, 0xBF, 0xFC, 0x02, 0xFF, 0xF0,
    0x00, 0xF0, 0x00, 0x03, 0xC0, 0x00, 0x0F, 0xFF, 0x80, 0x3F, 0xFF, 0xC0, 0xF0, 0x1F, 0x43, 0xC0,
    0x2D, 0x0F, 0x01, 0xF4, 0x3F, 0xFF, 0xC0, 0xBF, 0xF4, 0x00, 0x2F, 0xFE, 0x40, 0x3F, 0xFF, 0xE0,
    0x3C, 0x01, 0xF8, 0x3C, 0x00, 0x7C, 0x3C, 0x00, 0x3C, 0x3C, 0x34, 0x7C, 0x3C, 0x2E, 0xF8, 0x3F,
    0xFF, 0xE0, 0x3F, 0xFF, 0x40, 0x3C, 0x03, 0x80, 0x3C, 0x02, 0xC0, 0x3C, 0x00, 0x80, 0x3C, 0x00,
    0x00, 0x3C, 0x00, 0x00, 0x3C, 0x00, 0x00, 0x2F, 0xFD, 0x01, 0xFF, 0xFE, 0x07, 0x80, 0x7E, 0x1E,
    0x00, 0x7C, 0x78, 0x00, 0xF1, 0xE0, 0x03, 0xD7, 0x82, 0x0F, 0x1E, 0x0F, 0x3C, 0x7D, 0x1F, 0xE1,
    0xFF, 0xFF, 0x07, 0xEF, 0xF4, 0x1E, 0x00, 0xF0, 0x78, 0x01, 0x81, 0xE0, 0x00, 0x07, 0x80, 0x00,
    0x00, 0x00, 0x02, 0xD0, 0x00, 0x2D, 0x00, 0x02, 0xD3, 0xFF, 0xFD, 0x3F, 0xFF, 0xD3, 0xC0, 0x00,
    0x3C, 0x00, 0x03, 0xC0, 0x00, 0x3C, 0x00, 0x03, 0xC0, 0x00, 0x3C, 0x00, 0x03, 0xC0, 0x00, 0x3C,
    0x00, 0x03, 0xC0, 0x00, 0x3C, 0x00, 0x03, 0xC0, 0x00, 0x3C, 0x00, 0x03, 0xC0, 0x00, 0x00, 0x0E,
    0x00, 0x0E, 0x00, 0x0E, 0x7F, 0xFE, 0x7F, 0xFE, 0x78, 0x00, 0x78, 0x00, 0x78, 0x00, 0x78, 0x00,
    0x78, 0x00, 0x78, 0x00, 0x78, 0x00, 0x78, 0x00, 0x78, 0x00, 0x0F, 0xFF, 0xF8, 0x3F, 0xFF, 0xE0,
    0xF0, 0x00, 0x03, 0xC0, 0x00, 0x0F, 0x00, 0x00, 0x3C, 0x00, 0x0B, 0xFF, 0xD0, 0x2F, 0xFF, 0x40,
    0x0F, 0x00, 0x00, 0x3C, 0x00, 0x00, 0xF0, 0x00, 0x03, 0xC0, 0x00, 0x0F, 0x00, 0x00, 0x3C, 0x00,
    0x00, 0xF0, 0x00, 0x00, 0x0F, 0xFF, 0x83, 0xFF, 0xE0, 0xF0, 0x00, 0x3C, 0x00, 0x0F, 0x00, 0x2F,
    0xFF, 0x0B, 0xFF, 0xC0, 0x3C, 0x00, 0x0F, 0x00, 0x03, 0xC0, 0x00, 0xF0, 0x00, 0x3F, 0xFF, 0xD0,
    0x3F, 0xFF, 0xD0, 0x3C, 0x00, 0x00, 0x3C, 0x00, 0x00, 0x3C, 0x00, 0x00, 0x3C, 0x00, 0x00, 0x3E,
    0xFE, 0x40, 0x3F, 0xFF, 0xE0, 0x3C, 0x02, 0xF4, 0x3C, 0x00, 0xBC, 0x3C, 0x00, 0x3C, 0x3C, 0x00,
    0x3C, 0x3C, 0x00, 0x3D, 0x3C, 0x00, 0x3C, 0x3C, 0x00, 0x3C, 0x00, 0x00, 0xB8, 0x00, 0x02, 0xF0,
    0x00, 0x7F, 0xD0, 0x00, 0x7E, 0x00, 0x7F, 0xFF, 0x07, 0xFF, 0xF0, 0x78, 0x00, 0x07, 0x80, 0x00,
    0x7F, 0xFD, 0x07, 0xFF, 0xF8, 0x78, 0x07, 0xC7, 0x80, 0x2D, 0x78, 0x01, 0xE7, 0x80, 0x1E, 0x78,
    0x01, 0xE0, 0x00, 0x2D, 0x00, 0x0B, 0xC0, 0x0B, 0xF4, 0x00, 0xBD, 0x00, 0x3E, 0x00, 0x74, 0x02,
    0xF0, 0x0F, 0x40, 0x74, 0x07, 0xC0, 0x07, 0xC0, 0x74, 0x0F, 0x40, 0x02, 0xF0, 0x74, 0x3E, 0x00,
    0x00, 0xF8, 0x74, 0xBC, 0x00, 0x00, 0x3D, 0x75, 0xF0, 0x00, 0x00, 0x1F, 0xBB, 0xD0, 0x00, 0x00,
    0x0B, 0xFF, 0x80, 0x00, 0x00, 0x2F, 0xBB, 0xE0, 0x00, 0x00, 0x7C, 0x74, 0xF8, 0x00, 0x01, 0xF0,
    0x74, 0x3D, 0x00, 0x03, 0xC0, 0x74, 0x0F, 0x40, 0x0F, 0x40, 0x74, 0x07, 0xC0, 0x2E, 0x00, 0x74,
    0x02, 0xFC, 0x3C, 0x00, 0x74, 0x00, 0xFC, 0x00, 0x00, 0x00, 0x00, 0x2C, 0x00, 0x00, 0x00, 0x00,
    0x2C, 0x00, 0x00, 0x00, 0x00, 0x2C, 0x00, 0x00, 0x00, 0x00, 0x2C, 0x3D, 0x03, 0xC0, 0x7C, 0x03,
    0xC0, 0xF0, 0x3C, 0x00, 0x7C, 0x3C, 0x3D, 0x00, 0x07, 0x8F, 0x2D, 0x00, 0x00, 0xBB, 0xDE, 0x00,
    0x00, 0x0F, 0xFF, 0x00, 0x00, 0x0F, 0x3F, 0xF0, 0x00, 0x0F, 0x0F, 0x3F, 0x00, 0x0B, 0x43, 0xC3,
    0xF0, 0x0B, 0x80, 0xF0, 0x3F, 0xC7, 0xC0, 0x3C, 0x03, 0xF0, 0x00, 0x00, 0x00, 0x2C, 0x00, 0x00,
    0x00, 0x0B, 0x00, 0x00, 0x00, 0x02, 0xC0, 0x1B, 0xFE, 0x40, 0xBF, 0xFF, 0x81, 0x40, 0x2F, 0x00,
    0x00, 0x3D, 0x00, 0x00, 0xF0, 0x00, 0x1F, 0x80, 0x3F, 0xF4, 0x00, 0xFF, 0xF4, 0x00, 0x02, 0xF4,
    0x00, 0x01, 0xF0, 0x00, 0x03, 0xC0, 0x00, 0x1F, 0x24, 0x01, 0xF8, 0xFF, 0xFF, 0xC1, 0xBF, 0xE4,
    0x00, 0x1D, 0x00, 0x00, 0x2C, 0x00, 0x07, 0xE0, 0x00, 0x1F, 0xF9, 0x02, 0xFF, 0xF8, 0x14, 0x0B,
    0xC0, 0x00, 0x78, 0x03, 0xFE, 0x00, 0x3F, 0xF4, 0x00, 0x07, 0xC0, 0x00, 0x3C, 0x10, 0x07, 0xC3,
    0xFF, 0xF8, 0x2F, 0xFD, 0x00, 0x0E, 0x00, 0x00, 0xB4, 0x00, 0x3F, 0x00, 0x3C, 0x00, 0x7C, 0x0F,
    0x00, 0x3D, 0x03, 0xC0, 0x3D, 0x00, 0xF0, 0x3E, 0x00, 0x3C, 0x2E, 0x00, 0x0F, 0x2F, 0x00, 0x03,
    0xEF, 0x00, 0x00, 0xFF, 0x00, 0x00, 0x3D, 0xF4, 0x00, 0x0F, 0x1F, 0x40, 0x03, 0xC1, 0xF4, 0x00,
    0xF0, 0x1F, 0x40, 0x3C, 0x01, 0xF4, 0x0F, 0x00, 0x2F, 0xE3, 0xC0, 0x02, 0xF8, 0x00, 0x00, 0x1E,
    0x00, 0x00, 0x07, 0x80, 0x00, 0x01, 0xE0, 0x00, 0x00, 0x78, 0x78, 0x03, 0xC1, 0xE0, 0x3C, 0x07,
    0x83, 0xD0, 0x1E, 0x3D, 0x00, 0x7A, 0xD0, 0x01, 0xFF, 0x00, 0x07, 0xAF, 0x00, 0x1E, 0x2F, 0x40,
    0x78, 0x2F, 0x41, 0xE0, 0x2F, 0xD7, 0x80, 0x2F, 0x40, 0x00, 0x2D, 0x00, 0x00, 0xB4, 0x00, 0x02,
    0xD0, 0x00, 0x00, 0x00, 0x3C, 0x00, 0x0B, 0x83, 0xC0, 0x01, 0xF0, 0x3C, 0x00, 0x3D, 0x03, 0xC0,
    0x0F, 0x40, 0x3C, 0xE2, 0xE0, 0x03, 0xCE, 0x7C, 0x00, 0x3C, 0xFF, 0x00, 0x03, 0xFF, 0xE0, 0x00,
    0x3F, 0xFF, 0x40, 0x03, 0xCE, 0x3D, 0x00, 0x3C, 0xE1, 0xF0, 0x03, 0xCE, 0x0B, 0xC0, 0x3C, 0x00,
    0x2E, 0x03, 0xC0, 0x00, 0xF4, 0x3C, 0x00, 0x07, 0xC0, 0x78, 0x00, 0x78, 0x78, 0x00, 0xF0, 0x78,
    0x03, 0xC0, 0x78, 0xDB, 0x40, 0x78, 0xFE, 0x00, 0x7F, 0xFC, 0x00, 0x78, 0xEF, 0x00, 0x78, 0xD7,
    0xC0, 0x78, 0x01, 0xE0, 0x78, 0x00, 0xB8, 0x78, 0x00, 0x3D, 0x0F, 0x00, 0x0F, 0x40, 0xF0, 0x03,
    0xE0, 0xBF, 0xF0, 0xB8, 0x0B, 0xFF, 0x2F, 0x00, 0x0F, 0x0B, 0xC0, 0x00, 0xF2, 0xF0, 0x00, 0x0F,
    0xBC, 0x00, 0x00, 0xFF, 0x80, 0x00, 0x0F, 0x7E, 0x00, 0x00, 0xF0, 0xF8, 0x00, 0x0F, 0x03, 0xE0,
    0x00, 0xF0, 0x0F, 0x80, 0x0F, 0x00, 0x3E, 0x00, 0xF0, 0x00, 0xF4, 0x0F, 0x00, 0x07, 0xC0, 0x0F,
    0x00, 0xF4, 0xBF, 0xD2, 0xE0, 0x0F, 0x0B, 0x80, 0x0F, 0x2E, 0x00, 0x0F, 0xBC, 0x00, 0x0F, 0xF4,
    0x00, 0x0F, 0x3D, 0x00, 0x0F, 0x0F, 0x40, 0x0F, 0x03, 0xD0, 0x0F, 0x00, 0xF0, 0x0F, 0x00, 0x7C,
    0xBF, 0xF0, 0x00, 0xF4, 0xBF, 0xF0, 0x02, 0xE0, 0x00, 0xF0, 0x0B, 0xC0, 0x00, 0xF0, 0x2F, 0x00,
    0x00, 0xF0, 0x7C, 0x00, 0x00, 0xF1, 0xF0, 0x00, 0x00, 0xFB, 0xC0, 0x00, 0x00, 0xFF, 0x80, 0x00,
    0x00, 0xF7, 0xE0, 0x00, 0x00, 0xF0, 0xF8, 0x00, 0x00, 0xF0, 0x2F, 0x00, 0x00, 0xF0, 0x0F, 0x80,
    0x00, 0xF0, 0x03, 0xE0, 0x00, 0xF0, 0x00, 0xF4, 0x00, 0xF0, 0x00, 0x7C, 0xBF, 0xC0, 0x2E, 0x2F,
    0xF0, 0x2E, 0x00, 0x3C, 0x2E, 0x00, 0x0F, 0x1F, 0x00, 0x03, 0xEF, 0x00, 0x00, 0xFF, 0x40, 0x00,
    0x3D, 0xF8, 0x00, 0x0F, 0x0F, 0x80, 0x03, 0xC0, 0xF8, 0x00, 0xF0, 0x0F, 0x40, 0x3C, 0x00, 0xF0,
    0x3C, 0x00, 0x0F, 0x03, 0xC0, 0x00, 0xF0, 0x3C, 0x00, 0x0F, 0x03, 0xC0, 0x00, 0xF0, 0x3C, 0x00,
    0x0F, 0x03, 0xC0, 0x00, 0xF0, 0x3F, 0xFF, 0xFF, 0x03, 0xFF, 0xFF, 0xF0, 0x3C, 0x00, 0x0F, 0x03,
    0xC0, 0x00, 0xF0, 0x3C, 0x00, 0x0F, 0x03, 0xC0, 0x00, 0xF0, 0x3C, 0x00, 0x0F, 0x03, 0xC0, 0x00,
    0xFF, 0x3C, 0x00, 0x0F, 0xF0, 0x00, 0x00, 0x0F, 0x00, 0x00, 0x00, 0xF0, 0x00, 0x00, 0x0F, 0x00,
    0x00, 0x00, 0xF0, 0x78, 0x01, 0xE0, 0x78, 0x01, 0xE0, 0x78, 0x01, 0xE0, 0x78, 0x01, 0xE0, 0x7F,
    0xFF, 0xE0, 0x7F, 0xFF, 0xE0, 0x78, 0x01, 0xE0, 0x78, 0x01, 0xE0, 0x78, 0x01, 0xE0, 0x78, 0x01,
    0xFC, 0x78, 0x01, 0xFC, 0x00, 0x00, 0x3C, 0x00, 0x00, 0x3C, 0x00, 0x00, 0x3C, 0x3C, 0x00, 0x0F,
    0xFF, 0x3C, 0x00, 0x0F, 0xFF, 0x3C, 0x00, 0x0F, 0x00, 0x3C, 0x00, 0x0F, 0x00, 0x3C, 0x00, 0x0F,
    0x00, 0x3C, 0x00, 0x0F, 0x00, 0x3F, 0xFF, 0xFF, 0x00, 0x3F, 0xFF, 0xFF, 0x00, 0x3C, 0x00, 0x0F,
    0x00, 0x3C, 0x00, 0x0F, 0x00, 0x3C, 0x00, 0x0F, 0x00, 0x3C, 0x00, 0x0F, 0x00, 0x3C, 0x00, 0x0F,
    0x00, 0x3C, 0x00, 0x0F, 0x00, 0x3C, 0x00, 0x0F, 0x00, 0x78, 0x01, 0xFF, 0x5E, 0x00, 0x7F, 0xD7,
    0x80, 0x1E, 0x01, 0xE0, 0x07, 0x80, 0x7F, 0xFF, 0xE0, 0x1F, 0xFF, 0xF8, 0x07, 0x80, 0x1E, 0x01,
    0xE0, 0x07, 0x80, 0x78, 0x01, 0xE0, 0x1E, 0x00, 0x78, 0x07, 0x80, 0x1E, 0x00, 0x3F, 0xFF, 0xFD,
    0x00, 0x00, 0x3F, 0xFF, 0xFD, 0x00, 0x00, 0x3C, 0x00, 0x2D, 0x00, 0x00, 0x3C, 0x00, 0x2D, 0x00,
    0x00, 0x3C, 0x00, 0x2D, 0x00, 0x00, 0x3C, 0x00, 0x2D, 0x00, 0x00, 0x3C, 0x00, 0x2F, 0xFF, 0x80,
    0x3C, 0x00, 0x2F, 0xFF, 0xF0, 0x3C, 0x00, 0x2E, 0x01, 0xFC, 0x3C, 0x00, 0x2D, 0x00, 0x3D, 0x3C,
    0x00, 0x2D, 0x00, 0x1E, 0x3C, 0x00, 0x2D, 0x00, 0x1F, 0x3C, 0x00, 0x2D, 0x00, 0x0F, 0x3C, 0x00,
    0x2D, 0x00, 0x1F, 0x3C, 0x00, 0x2D, 0x00, 0x2E, 0x00, 0x00, 0x00, 0x00, 0x3D, 0x00, 0x00, 0x00,
    0x01, 0xFC, 0x00, 0x00, 0x00, 0x3F, 0xF0, 0x00, 0x00, 0x00, 0x3F, 0x80, 0x7F, 0xFF, 0xD0, 0x00,
    0x1F, 0xFF, 0xF4, 0x00, 0x07, 0x80, 0x2D, 0x00, 0x01, 0xE0, 0x0B, 0x40, 0x00, 0x78, 0x02, 0xFF,
    0xF4, 0x1E, 0x00, 0xBF, 0xFF, 0x47, 0x80, 0x2E, 0x02, 0xF1, 0xE0, 0x0B, 0x40, 0x3C, 0x78, 0x02,
    0xD0, 0x0B, 0x5E, 0x00, 0xB4, 0x02, 0xD7, 0x80, 0x2D, 0x00, 0xB4, 0x00, 0x00, 0x00, 0x3C, 0x00,
    0x00, 0x00, 0x2F, 0x00, 0x00, 0x00, 0xFF, 0x00, 0x00, 0x00, 0x3E, 0x00, 0x00, 0x6F, 0xF4, 0x00,
    0x0F, 0xFF, 0xE0, 0x00, 0xFD, 0x00, 0x00, 0x0F, 0x80, 0x00, 0x00, 0x3C, 0x00, 0xBF, 0x42, 0xE0,
    0x0F, 0xFF, 0x4B, 0x40, 0xF8, 0x2F, 0x3D, 0x03, 0xC0, 0x3C, 0xB4, 0x0F, 0x00, 0xF6, 0xE0, 0x3C,
    0x03, 0xD7, 0xC0, 0xF0, 0x0F, 0x0F, 0xC3, 0xC0, 0xB8, 0x0F, 0xDF, 0x1F, 0xC0, 0x0F, 0xFF, 0xFC,
    0x00, 0x07, 0xFF, 0x40, 0x00, 0x00, 0xB8, 0x00, 0x00, 0x00, 0xFD, 0x00, 0x00, 0x00, 0xFF, 0x80,
    0x00, 0x00, 0x6E, 0x00, 0x02, 0xFC, 0x00, 0x7F, 0xF0, 0x03, 0xE0, 0x00, 0x2E, 0x07, 0xF4, 0xF0,
    0x7F, 0xF7, 0xC2, 0xD1, 0xEF, 0x0F, 0x03, 0xEE, 0x2C, 0x0E, 0x3E, 0xB1, 0xF4, 0x7F, 0xFF, 0x80,
    0x2F, 0xE4, 0x00, 0x07, 0xD0, 0x00, 0x0B, 0xF4, 0x00, 0x06, 0xC0, 0x00, 0x7F, 0xE4, 0x07, 0xFF,
    0xFC, 0x0F, 0xD0, 0x18, 0x3E, 0x00, 0x00, 0x7C, 0x00, 0x00, 0xB8, 0x00, 0x00, 0xB4, 0x00, 0x00,
    0xF4, 0x00, 0x00, 0xB4, 0x00, 0x00, 0xB8, 0x00, 0x00, 0x7C, 0x00, 0x00, 0x3E, 0x00, 0x00, 0x1F,
    0x90, 0x18, 0x07, 0xFF, 0xFD, 0x00, 0xBF, 0xF8, 0x00, 0x1E, 0x00, 0x00, 0x0F, 0x00, 0x00, 0xBE,
    0x00, 0x02, 0xFE, 0x07, 0xFF, 0xC3, 0xE0, 0x12, 0xE0, 0x00, 0xF4, 0x00, 0x3C, 0x00, 0x0F, 0x00,
    0x02, 0xE0, 0x00, 0x3E, 0x01, 0x0B, 0xFF, 0xC0, 0x6F, 0xE0, 0x03, 0x80, 0x00, 0xF0, 0x00, 0x1E,
    0x00, 0x3F, 0x00, 0xBF, 0xFF, 0xFE, 0xBF, 0xFF, 0xFE, 0x00, 0x3C, 0x00, 0x00, 0x3C, 0x00, 0x00,
    0x3C, 0x00, 0x00, 0x3C, 0x00, 0x00, 0x3C, 0x00, 0x00, 0x3C, 0x00, 0x00, 0x3C, 0x00, 0x00, 0x3C,
    0x00, 0x00, 0x3C, 0x00, 0x00, 0x3C, 0x00, 0x00, 0x3C, 0x00, 0x00, 0x3F, 0xC0, 0x00, 0x3F, 0xC0,
    0x00, 0x03, 0xC0, 0x00, 0x03, 0xC0, 0x00, 0x03, 0xC0, 0x00, 0x03, 0xC0, 0xBF, 0xFF, 0xDB, 0xFF,
    0xFD, 0x00, 0xF0, 0x00, 0x0F, 0x00, 0x00, 0xF0, 0x00, 0x0F, 0x00, 0x00, 0xF0, 0x00, 0x0F, 0x00,
    0x00, 0xF0, 0x00, 0x0F, 0xD0, 0x00, 0xFD, 0x00, 0x02, 0xD0, 0x00, 0x2D, 0x00, 0x02, 0xD0, 0xBC,
    0x00, 0x0F, 0x0F, 0x40, 0x0B, 0x82, 0xF0, 0x03, 0xC0, 0x3D, 0x02, 0xE0, 0x07, 0xC0, 0xF0, 0x00,
    0xF4, 0xF4, 0x00, 0x0F, 0xBC, 0x00, 0x02, 0xFC, 0x00, 0x00, 0x3E, 0x00, 0x00, 0x0B, 0x40, 0x00,
    0x02, 0xD0, 0x00, 0x00, 0xB4, 0x00, 0x00, 0x2D, 0x00, 0x00, 0x0B, 0x40, 0x00, 0x02, 0xD0, 0x00,
    0xB8, 0x00, 0xF0, 0xF0, 0x03, 0xC3, 0xC0, 0x2D, 0x0B, 0x40, 0xF0, 0x1F, 0x03, 0xC0, 0x3C, 0x2D,
    0x00, 0xB8, 0xF0, 0x00, 0xF7, 0x80, 0x03, 0xFD, 0x00, 0x07, 0xF0, 0x00, 0x0F, 0x40, 0x00, 0x2C,
    0x00, 0x00, 0xB0, 0x00, 0x02, 0xC0, 0x00, 0x0B, 0x00, 0x00, 0xBC, 0x00, 0x0F, 0x0F, 0x40, 0x0B,
    0x82, 0xF0, 0x03, 0xC0, 0x3D, 0x02, 0xE0, 0x07, 0xC0, 0xF0, 0x00, 0xF4, 0xF4, 0x00, 0x1F, 0x7C,
    0x00, 0x02, 0xFD, 0x00, 0x00, 0x3E, 0x00, 0x02, 0xFF, 0xFD, 0x00, 0xBF, 0xFF, 0x40, 0x00, 0xB4,
    0x00, 0x00, 0x2D, 0x00, 0x00, 0x0B, 0x40, 0x00, 0x02, 0xD0, 0x00, 0xB8, 0x00, 0xF0, 0xF0, 0x03,
    0x83, 0xC0, 0x2D, 0x0B, 0x40, 0xF0, 0x0F, 0x03, 0x80, 0x2C, 0x2D, 0x00, 0x78, 0xF0, 0x00, 0xF7,
    0x40, 0x01, 0xFC, 0x00, 0xBF, 0xFF, 0x02, 0xFF, 0xFC, 0x00, 0x2C, 0x00, 0x00, 0xB0, 0x00, 0x02,
    0xC0, 0x00, 0x0B, 0x00, 0x00, 0x3D, 0x00, 0x0F, 0x01, 0xF0, 0x03, 0xE0, 0x0B, 0x80, 0x7C, 0x00,
    0x3D, 0x0F, 0x00, 0x01, 0xF2, 0xE0, 0x00, 0x0B, 0xFC, 0x00, 0x00, 0x3F, 0x40, 0x00, 0x02, 0xF0,
    0x00, 0x00, 0x7F, 0xC0, 0x00, 0x0F, 0x7E, 0x00, 0x03, 0xE1, 0xF0, 0x00, 0x7C, 0x0B, 0xC0, 0x0F,
    0x00, 0x3E, 0x02, 0xE0, 0x01, 0xFE, 0x3C, 0x00, 0x0B, 0xE0, 0x00, 0x00, 0x1E, 0x00, 0x00, 0x01,
    0xE0, 0x00, 0x00, 0x1E, 0x00, 0x00, 0x01, 0xE0, 0x3C, 0x01, 0xE0, 0x7C, 0x0F, 0x00, 0xB8, 0xF4,
    0x00, 0xFB, 0x80, 0x01, 0xFC, 0x00, 0x03, 0xF0, 0x00, 0x2F, 0xE0, 0x01, 0xE3, 0xD0, 0x0F, 0x07,
    0xC0, 0xF4, 0x0B, 0xF7, 0x80, 0x0F, 0xC0, 0x00, 0x0F, 0x00, 0x00, 0x3C, 0x00, 0x00, 0xF0, 0xBF,
    0xFF, 0xF8, 0x1E, 0x0B, 0xFF, 0xFF, 0x81, 0xE0, 0x00, 0xB8, 0x00, 0x1E, 0x00, 0x0B, 0x80, 0x01,
    0xE0, 0x00, 0xB8, 0x00, 0x1E, 0x00, 0x0B, 0x80, 0x01, 0xE0, 0x00, 0xB8, 0x00, 0x1E, 0x00, 0x0B,
    0x80, 0x01, 0xE0, 0x00, 0xB8, 0x00, 0x1E, 0x00, 0x0B, 0x80, 0x01, 0xE0, 0x00, 0xB8, 0x00, 0x1E,
    0x00, 0x0B, 0x80, 0x01, 0xE0, 0x00, 0xB8, 0x00, 0x1E, 0x00, 0x0B, 0xFF, 0xFF, 0xFD, 0x00, 0xBF,
    0xFF, 0xFF, 0xD0, 0x00, 0x00, 0x00, 0x2D, 0x00, 0x00, 0x00, 0x02, 0xD0, 0x00, 0x00, 0x00, 0x2D,
    0x00, 0x00, 0x00, 0x02, 0xD0, 0xBF, 0xFF, 0x0F, 0x0B, 0xFF, 0xF0, 0xF0, 0x03, 0xC0, 0x0F, 0x00,
    0x3C, 0x00, 0xF0, 0x03, 0xC0, 0x0F, 0x00, 0x3C, 0x00, 0xF0, 0x03, 0xC0, 0x0F, 0x00, 0x3C, 0x00,
    0xF0, 0x03, 0xC0, 0x0F, 0x00, 0x3F, 0xFF, 0xFD, 0x03, 0xFF, 0xFF, 0xD0, 0x00, 0x00, 0x1D, 0x00,
    0x00, 0x01, 0xD0, 0x00, 0x00, 0x1D, 0xF0, 0x00, 0xB4, 0x3C, 0x00, 0x2D, 0x0F, 0x00, 0x0B, 0x43,
    0xC0, 0x02, 0xD0, 0xF4, 0x00, 0xB4, 0x2D, 0x00, 0x2D, 0x0B, 0x80, 0x0B, 0x41, 0xF4, 0x02, 0xD0,
    0x2F, 0xFF, 0xF4, 0x01, 0xFF, 0xFD, 0x00, 0x00, 0x0B, 0x40, 0x00, 0x02, 0xD0, 0x00, 0x00, 0xB4,
    0x00, 0x00, 0x2F, 0xD0, 0x00, 0x0B, 0xF4, 0x00, 0x00, 0x2D, 0x00, 0x00, 0x0B, 0x40, 0x00, 0x02,
    0xD0, 0x00, 0x00, 0xB0, 0x3C, 0x01, 0xE0, 0xF0, 0x07, 0x83, 0xC0, 0x1E, 0x0F, 0x00, 0x78, 0x3E,
    0x02, 0xE0, 0x7F, 0xFF, 0x80, 0x7F, 0xFE, 0x00, 0x00, 0x78, 0x00, 0x01, 0xE0, 0x00, 0x07, 0xF0,
    0x00, 0x1F, 0xC0, 0x00, 0x0F, 0x00, 0x00, 0x3C, 0x00, 0x00, 0xF0, 0xF0, 0x00, 0x7B, 0xC0, 0x01,
    0xEF, 0x00, 0x07, 0xBC, 0x00, 0x1E, 0xF0, 0x00, 0x7A, 0xD1, 0xC1, 0xEB, 0x87, 0x07, 0x9F, 0x9C,
    0x2E, 0x2F, 0xFF, 0xF8, 0x1F, 0xFF, 0xE0, 0x07, 0x07, 0x80, 0x1C, 0x1E, 0x00, 0x70, 0x78, 0x00,
    0x01, 0xE0, 0x00, 0x07, 0x80, 0x3C, 0x01, 0xE3, 0xC0, 0x1E, 0x3C, 0x01, 0xE3, 0xCB, 0x1E, 0x3D,
    0xB2, 0xE2, 0xFF, 0xFE, 0x07, 0xFF, 0xE0, 0x0B, 0x1E, 0x00, 0xB1, 0xE0, 0x00, 0x1E, 0x00, 0x01,
    0xE0, 0x3C, 0x00, 0x00, 0x3C, 0x00, 0x00, 0x3C, 0x00, 0x00, 0x3C, 0x00, 0x00, 0x3C, 0x00, 0x00,
    0x3F, 0xFF, 0x80, 0x3F, 0xFF, 0xF0, 0x3C, 0x01, 0xF8, 0x3C, 0x00, 0x3C, 0x3C, 0x00, 0x3C, 0x3C,
    0x00, 0x3C, 0x3C, 0x00, 0x3C, 0x3C, 0x00, 0x3C, 0x3C, 0x00, 0x3C, 0x3C, 0x00, 0x3C, 0x38, 0x00,
    0x07, 0x80, 0x00, 0x78, 0x00, 0x07, 0x80, 0x00, 0x78, 0x00, 0x07, 0xFF, 0xD0, 0x7F, 0xFF, 0x87,
    0x80, 0x7C, 0x78, 0x02, 0xD7, 0x80, 0x2D, 0x78, 0x01, 0xE7, 0x80, 0x1E, 0x78, 0x01, 0xE7, 0x80,
    0x1E, 0x78, 0x01, 0xE7, 0x80, 0x1E, 0x00, 0x01, 0xBF, 0x80, 0x00, 0x02, 0xFF, 0xFD, 0x00, 0x02,
    0xF4, 0x0B, 0xC0, 0x01, 0xF0, 0x00, 0xB8, 0xB0, 0xB8, 0x00, 0x0F, 0x2D, 0x3C, 0x00, 0x03, 0xC7,
    0xFF, 0xFF, 0xFF, 0xF4, 0x6F, 0xFF, 0xFF, 0xFD, 0x00, 0xF0, 0x00, 0x00, 0x00, 0x3D, 0x00, 0x00,
    0x00, 0x0B, 0x80, 0x00, 0x00, 0x00, 0xF4, 0x00, 0x00, 0x00, 0x2F, 0x80, 0x18, 0x00, 0x02, 0xFF,
    0xFF, 0x00, 0x00, 0x0B, 0xFE, 0x40, 0x00, 0x0B, 0xF8, 0x00, 0x1F, 0xFF, 0xCB, 0x0F, 0x80, 0xF6,
    0xD7, 0x80, 0x0E, 0x7F, 0xFF, 0xFF, 0xC7, 0xFF, 0xFF, 0xF0, 0x2E, 0x00, 0x00, 0x07, 0xC0, 0x00,
    0x00, 0xFD, 0x01, 0x00, 0x0F, 0xFF, 0xC0, 0x00, 0xBF, 0xE0, 0x00, 0x01, 0xBF, 0x80, 0x00, 0x02,
    0xFF, 0xFD, 0x00, 0x02, 0xF4, 0x0B, 0xC0, 0x01, 0xF0, 0x00, 0xB8, 0xB0, 0xB8, 0x00, 0x0F, 0x2D,
    0x3C, 0x00, 0x03, 0xC7, 0xFF, 0xFF, 0xFF, 0xF4, 0x6F, 0xFF, 0xFF, 0xFD, 0x00, 0xF0, 0x00, 0x00,
    0x00, 0x3D, 0x00, 0x00, 0x00, 0x0B, 0x80, 0x00, 0x00, 0x00, 0xF4, 0x00, 0x00, 0x00, 0x2F, 0x80,
    0x18, 0x00, 0x02, 0xFF, 0xFF, 0x00, 0x00, 0x0B, 0xFE, 0x40, 0x00, 0x00, 0xB4, 0x00, 0x00, 0x00,
    0x2D, 0x00, 0x00, 0x00, 0x0B, 0x40, 0x00, 0x00, 0x02, 0xD0, 0x00, 0x00, 0x0B, 0xF8, 0x00, 0x1F,
    0xFF, 0xCB, 0x0F, 0x80, 0xF6, 0xD7, 0x80, 0x0E, 0x7F, 0xFF, 0xFF, 0xC7, 0xFF, 0xFF, 0xF0, 0x2E,
    0x00, 0x00, 0x07, 0xC0, 0x00, 0x00, 0xFD, 0x01, 0x00, 0x0F, 0xFF, 0xC0, 0x00, 0xBF, 0xE0, 0x00,
    0x0B, 0x40, 0x00, 0x02, 0xD0, 0x00, 0x00, 0xB4, 0x00, 0x3C, 0xF3, 0xCF, 0x3C, 0xF3, 0xCF, 0x3C,
    0xF3, 0xCF, 0x3C, 0xF3, 0xC0, 0x00, 0x0B, 0x47, 0x80, 0x00, 0x00, 0x0F, 0xFC, 0x00, 0x00, 0x00,
    0x1F, 0xD0, 0x00, 0x00, 0x00, 0x00, 0x00, 0x00, 0x3E, 0x00, 0x74, 0x02, 0xF0, 0x3D, 0x01, 0xD0,
    0x1F, 0x00, 0x7C, 0x07, 0x40, 0xF4, 0x00, 0xBC, 0x1D, 0x0F, 0x80, 0x00, 0xF8, 0x74, 0xBC, 0x00,
    0x00, 0xF5, 0xD7, 0xC0, 0x00, 0x01, 0xFB, 0xBD, 0x00, 0x00, 0x02, 0xFF, 0xE0, 0x00, 0x00, 0x1F,
    0xBB, 0xE0, 0x00, 0x01, 0xF1, 0xD3, 0xD0, 0x00, 0x1F, 0x07, 0x43, 0xD0, 0x00, 0xF0, 0x1D, 0x03,
    0xC0, 0x0F, 0x40, 0x74, 0x07, 0xC0, 0xB8, 0x01, 0xD0, 0x0B, 0x83, 0xC0, 0x07, 0x40, 0x0F, 0x00,
    0x00, 0x38, 0x2C, 0x00, 0x00, 0x2F, 0xF8, 0x00, 0x00, 0x0B, 0xE0, 0x00, 0x00, 0x00, 0x00, 0x00,
    0x00, 0x00, 0x00, 0x00, 0x3D, 0x03, 0xC0, 0x7C, 0x0F, 0x03, 0xC0, 0xF0, 0x07, 0xC3, 0xC3, 0xD0,
    0x01, 0xE3, 0xCB, 0x40, 0x00, 0xBB, 0xDE, 0x00, 0x00, 0x3F, 0xFC, 0x00, 0x00, 0xF3, 0xCF, 0x00,
    0x03, 0xC3, 0xC3, 0xC0, 0x0B, 0x43, 0xC1, 0xF0, 0x2E, 0x03, 0xC0, 0x78, 0x7C, 0x03, 0xC0, 0x3D,
    0x3C, 0x00, 0x7C, 0x3C, 0x00, 0xF4, 0x3C, 0x03, 0xD0, 0x3C, 0x0F, 0x80, 0x3C, 0x2E, 0x00, 0x3C,
    0xB8, 0x00, 0x3E, 0xF0, 0x00, 0x3F, 0xFE, 0x00, 0x3F, 0xFF, 0xE0, 0x3C, 0x06, 0xF4, 0x3C, 0x00,
    0xBC, 0x3C, 0x00, 0x3C, 0x3C, 0x00, 0x3D, 0x3C, 0x00, 0x3D, 0x3C, 0x00, 0x3C, 0x00, 0x00, 0x7C,
    0x00, 0x02, 0xF4, 0x00, 0x7F, 0xE0, 0x00, 0x7F, 0x40, 0x78, 0x03, 0xC7, 0x80, 0xF4, 0x78, 0x3D,
    0x07, 0x8F, 0x40, 0x7B, 0xE0, 0x07, 0xFF, 0x90, 0x7F, 0xFF, 0x47, 0x80, 0xBC, 0x78, 0x02, 0xE7,
    0x80, 0x1E, 0x78, 0x01, 0xE0, 0x00, 0x2E, 0x00, 0x07, 0xC0, 0x0B, 0xF8, 0x00, 0xBD, 0x00, 0x00,
    0x3F, 0xFF, 0xC0, 0x00, 0xFF, 0xFF, 0x00, 0x07, 0xC0, 0x3C, 0x00, 0x1E, 0x00, 0xF0, 0x00, 0x78,
    0x03, 0xC0, 0x01, 0xE0, 0x0F, 0x00, 0x07, 0x80, 0x3C, 0x00, 0x2D, 0x00, 0xF0, 0x00, 0xF4, 0x03,
    0xC0, 0x03, 0xC0, 0x0F, 0x00, 0x1F, 0x00, 0x3C, 0x00, 0xF4, 0x00, 0xF0, 0x1F, 0xC0, 0x03, 0xC2,
    0xFC, 0x00, 0x0F, 0xFB, 0x80, 0x00, 0x3F, 0xC0, 0x00, 0x00, 0x1D, 0x00, 0x00, 0x00, 0xF0, 0x00,
    0x00, 0x07, 0x80, 0x00, 0x00, 0x18, 0x00, 0x01, 0xFF, 0xFC, 0x00, 0x7F, 0xFF, 0x00, 0x1D, 0x03,
    0xC0, 0x07, 0x40, 0xF0, 0x02, 0xD0, 0x3C, 0x00, 0xB0, 0x0F, 0x00, 0x3C, 0x03, 0xC0, 0x2F, 0x00,
    0xF0, 0x1F, 0x40, 0x3C, 0x2F, 0x80, 0x0F, 0x0B, 0x40, 0x03, 0xF8, 0x00, 0x00, 0x1D, 0x00, 0x00,
    0x0F, 0x00, 0x00, 0x07, 0x80, 0x00, 0x01, 0xC0, 0x3C, 0x00, 0x0F, 0x3C, 0x00, 0x0F, 0x3C, 0x00,
    0x0F, 0x3C, 0x00, 0x0F, 0x3C, 0x00, 0x0F, 0x3C, 0x00, 0x0F, 0x3F, 0xFF, 0xFF, 0x3F, 0xFF, 0xFF,
    0x3C, 0x00, 0x0F, 0x3C, 0x00, 0x0F, 0x3C, 0x00, 0x0F, 0x3C, 0x00, 0x0F, 0x3C, 0x00, 0x0F, 0x3C,
    0x00, 0x0F, 0x3C, 0x00, 0x0F, 0x00, 0x00, 0x0F, 0x00, 0x00, 0x1F, 0x00, 0x01, 0xFE, 0x00, 0x01,
    0xF8, 0x78, 0x01, 0xE7, 0x80, 0x1E, 0x78, 0x01, 0xE7, 0x80, 0x1E, 0x7F, 0xFF, 0xE7, 0xFF, 0xFE,
    0x78, 0x01, 0xE7, 0x80, 0x1E, 0x78, 0x01, 0xE7, 0x80, 0x1E, 0x78, 0x01, 0xE0, 0x00, 0x1E, 0x00,
    0x02, 0xD0, 0x02, 0xFC, 0x00, 0x2F, 0x40, 0x3C, 0x00, 0x0F, 0x03, 0xC0, 0x00, 0xF0, 0x3C, 0x00,
    0x0F, 0x03, 0xC0, 0x00, 0xF0, 0x3C, 0x00, 0x0F, 0x03, 0xC0, 0x00, 0xF0, 0x3F, 0xFF, 0xFF, 0x03,
    0xFF, 0xFF, 0xF0, 0x3C, 0x00, 0x0F, 0x03, 0xC0, 0x00, 0xF0, 0x3C, 0x00, 0x0F, 0x03, 0xC0, 0x00,
    0xF0, 0x3C, 0x00, 0x0F, 0x03, 0xC0, 0x00, 0xFF, 0x3C, 0x00, 0x0F, 0xF0, 0x00, 0x00, 0x1D, 0x00,
    0x00, 0x03, 0xC0, 0x00, 0x00, 0xB8, 0x00, 0x00, 0x06, 0x00, 0x78, 0x01, 0xE0, 0x78, 0x01, 0xE0,
    0x78, 0x01, 0xE0, 0x78, 0x01, 0xE0, 0x7F, 0xFF, 0xE0, 0x7F, 0xFF, 0xE0, 0x78, 0x01, 0xE0, 0x78,
    0x01, 0xE0, 0x78, 0x01, 0xE0, 0x78, 0x01, 0xE0, 0x78, 0x01, 0xFD, 0x00, 0x00, 0x2D, 0x00, 0x00,
    0x3C, 0x00, 0x00, 0xB4, 0x00, 0x00, 0xA0, 0xB4, 0x00, 0x7A, 0xD0, 0x01, 0xEB, 0x40, 0x07, 0xAD,
    0x00, 0x1E, 0xB4, 0x00, 0x7A, 0xD0, 0x01, 0xE7, 0xC0, 0x07, 0x8F, 0x80, 0x2E, 0x2F, 0xFF, 0xF8,
    0x1F, 0xFF, 0xE0, 0x00, 0x07, 0x80, 0x00, 0x1E, 0x00, 0x00, 0x78, 0x00, 0x1F, 0xE0, 0x00, 0x7F,
    0x80, 0x01, 0xE0, 0x00, 0x07, 0x80, 0x00, 0x1E, 0x00, 0x00, 0x78, 0x00, 0x3C, 0x01, 0xE3, 0xC0,
    0x1E, 0x3C, 0x01, 0xE3, 0xC0, 0x1E, 0x3E, 0x02, 0xE1, 0xFF, 0xFE, 0x07, 0xFF, 0xE0, 0x00, 0x1E,
    0x00, 0x01, 0xE0, 0x00, 0xFE, 0x00, 0x0F, 0xE0, 0x00, 0xF0, 0x00, 0x0F, 0x00, 0x00, 0xF0, 0x2E,
    0x00, 0x00, 0x3C, 0x02, 0xF0, 0x00, 0x0B, 0xC0, 0x3E, 0x80, 0x00, 0xFC, 0x03, 0xDC, 0x00, 0x2A,
    0xC0, 0x3C, 0xD0, 0x03, 0x2C, 0x03, 0xCB, 0x00, 0xB1, 0xD0, 0x38, 0x34, 0x0D, 0x1D, 0x03, 0x82,
    0x81, 0xC1, 0xD0, 0x38, 0x1C, 0x38, 0x1E, 0x07, 0x80, 0xE3, 0x01, 0xE0, 0x78, 0x0B, 0xB0, 0x1E,
    0x07, 0x80, 0x3E, 0x00, 0xE0, 0x74, 0x03, 0xC0, 0x0F, 0x0B, 0x40, 0x00, 0x00, 0xFE, 0xB4, 0x00,
    0x00, 0x0F, 0xE0, 0x00, 0x00, 0x00, 0x2D, 0x00, 0x00, 0x00, 0x03, 0xC0, 0x00, 0x00, 0x00, 0xB4,
    0x00, 0x00, 0x00, 0x0A, 0x00, 0x3D, 0x00, 0x0F, 0x00, 0xFC, 0x00, 0x7D, 0x03, 0xF0, 0x03, 0xF4,
    0x0E, 0xA0, 0x1D, 0xD0, 0x38, 0xC0, 0xE7, 0x81, 0xE3, 0x83, 0x0E, 0x07, 0x47, 0x28, 0x38, 0x1D,
    0x0E, 0xD0, 0xE0, 0x74, 0x2F, 0x03, 0xC2, 0xD0, 0x78, 0x0F, 0x0B, 0x40, 0x00, 0x3F, 0x80, 0x00,
    0x00, 0x1E, 0x00, 0x00, 0x00, 0xF0, 0x00, 0x00, 0x07, 0x80, 0x00, 0x00, 0x1C, 0x00, 0x3C, 0xF3,
    0xCF, 0x3C, 0xF3, 0xCF, 0x3C, 0xF3, 0xCF, 0x3C, 0xF3, 0xC0, 0x00, 0xE0, 0xB0, 0x00, 0x0B, 0xFE,
    0x00, 0x00, 0x2F, 0x80, 0x00, 0x00, 0x00, 0x00, 0x00, 0x0F, 0x00, 0x00, 0x02, 0xF4, 0x00, 0x00,
    0x3F, 0xC0, 0x00, 0x07, 0x6D, 0x00, 0x00, 0xF1, 0xE0, 0x00, 0x0E, 0x0F, 0x00, 0x02, 0xD0, 0xB8,
    0x00, 0x3C, 0x03, 0xC0, 0x07, 0x40, 0x2D, 0x00, 0xFF, 0xFF, 0xE0, 0x0F, 0xFF, 0xFF, 0x02, 0xD0,
    0x00, 0xB4, 0x3C, 0x00, 0x07, 0xC7, 0xC0, 0x00, 0x3C, 0xB4, 0x00, 0x02, 0xE0, 0x07, 0x47, 0x80,
    0x3F, 0xF0, 0x01, 0xFD, 0x00, 0x00, 0x00, 0x00, 0x00, 0x00, 0xBF, 0xE0, 0x0F, 0xFF, 0x80, 0x00,
    0x7C, 0x00, 0x02, 0xD0, 0x6F, 0xFD, 0x1F, 0xFF, 0xD3, 0xE0, 0x2D, 0x3C, 0x02, 0xD3, 0xD0, 0x2D,
    0x2F, 0xFF, 0xD0, 0x7F, 0xF8, 0x00, 0xF0, 0xF0, 0x00, 0x0F, 0x0F, 0x00, 0x00, 0x00, 0x00, 0x00,
    0x00, 0xF0, 0x00, 0x00, 0x2F, 0x40, 0x00, 0x03, 0xFC, 0x00, 0x00, 0x76, 0xD0, 0x00, 0x0F, 0x1E,
    0x00, 0x00, 0xE0, 0xF0, 0x00, 0x2D, 0x0B, 0x80, 0x03, 0xC0, 0x3C, 0x00, 0x74, 0x02, 0xD0, 0x0F,
    0xFF, 0xFE, 0x00, 0xFF, 0xFF, 0xF0, 0x2D, 0x00, 0x0B, 0x43, 0xC0, 0x00, 0x7C, 0x7C, 0x00, 0x03,
    0xCB, 0x40, 0x00, 0x2E, 0x07, 0x47, 0x40, 0x74, 0x74, 0x00, 0x00, 0x00, 0x00, 0x00, 0x0B, 0xFE,
    0x00, 0xFF, 0xF8, 0x00, 0x07, 0xC0, 0x00, 0x2D, 0x06, 0xFF, 0xD1, 0xFF, 0xFD, 0x3E, 0x02, 0xD3,
    0xC0, 0x2D, 0x3D, 0x02, 0xD2, 0xFF, 0xFD, 0x07, 0xFF, 0x80, 0x00, 0x00, 0x7F, 0xFF, 0xF4, 0x00,
    0x03, 0xFF, 0xFF, 0xD0, 0x00, 0x2E, 0xF0, 0x00, 0x00, 0x00, 0xF3, 0xC0, 0x00, 0x00, 0x0B, 0x0F,
    0x00, 0x00, 0x00, 0x74, 0x3C, 0x00, 0x00, 0x03, 0xC0, 0xFF, 0xFE, 0x00, 0x2C, 0x03, 0xFF, 0xF8,
    0x00, 0xE0, 0x0F, 0x00, 0x00, 0x0F, 0xFF, 0xFC, 0x00, 0x00, 0x7F, 0xFF, 0xF0, 0x00, 0x03, 0xC0,
    0x03, 0xC0, 0x00, 0x1E, 0x00, 0x0F, 0x00, 0x00, 0xF0, 0x00, 0x3F, 0xFF, 0xFB, 0x80, 0x00, 0xFF,
    0xFF, 0xC0, 0x0B, 0xFD, 0x0B, 0xF8, 0x03, 0xFF, 0xEF, 0xFF, 0xC0, 0x00, 0x7F, 0x80, 0xF4, 0x00,
    0x0B, 0x80, 0x0E, 0x06, 0xFF, 0xFF, 0xFF, 0xC7, 0xFF, 0xFF, 0xFF, 0xF3, 0xE0, 0x2E, 0x00, 0x00,
    0xF0, 0x03, 0xC0, 0x00, 0x3D, 0x01, 0xF8, 0x01, 0x07, 0xFF, 0xFF, 0xFF, 0xC0, 0x7F, 0xE4, 0xBF,
    0xE0, 0x0F, 0x0B, 0x00, 0x2F, 0xF8, 0x00, 0x2F, 0x80, 0x00, 0x00, 0x00, 0x3F, 0xFF, 0xE0, 0xFF,
    0xFF, 0x83, 0xC0, 0x00, 0x0F, 0x00, 0x00, 0x3C, 0x00, 0x00, 0xF0, 0x00, 0x03, 0xFF, 0xFC, 0x0F,
    0xFF, 0xF0, 0x3C, 0x00, 0x00, 0xF0, 0x00, 0x03, 0xC0, 0x00, 0x0F, 0x00, 0x00, 0x3C, 0x00, 0x00,
    0xFF, 0xFF, 0xC3, 0xFF, 0xFF, 0x00, 0x0E, 0x0F, 0x00, 0xBF, 0xE0, 0x02, 0xF8, 0x00, 0x00, 0x00,
    0x00, 0x00, 0x00, 0x6F, 0xD0, 0x1F, 0xFF, 0x83, 0xD0, 0x7C, 0xB4, 0x02, 0xDF, 0xFF, 0xFE, 0xFF,
    0xFF, 0xEF, 0x00, 0x00, 0xB8, 0x00, 0x03, 0xE0, 0x04, 0x2F, 0xFF, 0x80, 0x6F, 0xF4, 0x0B, 0xFF,
    0x40, 0x0B, 0xFF, 0xFC, 0x01, 0x80, 0x1F, 0xC0, 0x00, 0x00, 0xB8, 0x00, 0x00, 0x0F, 0x00, 0x00,
    0x03, 0xD0, 0x00, 0x00, 0xBB, 0xFF, 0xFF, 0xFE, 0xFF, 0xFF, 0xFF, 0xAD, 0x00, 0x02, 0xDB, 0x80,
    0x00, 0xF0, 0xF0, 0x00, 0xB8, 0x2F, 0x40, 0xBC, 0x03, 0xFF, 0xFD, 0x00, 0x1F, 0xF8, 0x00, 0x2F,
    0xF8, 0x03, 0xFF, 0xF4, 0x10, 0x0B, 0xC0, 0x00, 0x3D, 0x00, 0x01, 0xEF, 0xFF, 0xFE, 0xFF, 0xFF,
    0xEB, 0x40, 0x2D, 0x7C, 0x0B, 0xC3, 0xFF, 0xF4, 0x0B, 0xF8, 0x00, 0x03, 0xC3, 0xC0, 0x00, 0xF0,
    0xF0, 0x00, 0x00, 0x00, 0x00, 0x2F, 0xFD, 0x00, 0x2F, 0xFF, 0xF0, 0x06, 0x00, 0x7F, 0x00, 0x00,
    0x02, 0xE0, 0x00, 0x00, 0x3C, 0x00, 0x00, 0x0F, 0x40, 0x00, 0x02, 0xEF, 0xFF, 0xFF, 0xFB, 0xFF,
    0xFF, 0xFE, 0xB4, 0x00, 0x0B, 0x6E, 0x00, 0x03, 0xC3, 0xC0, 0x02, 0xE0, 0xBD, 0x02, 0xF0, 0x0F,
    0xFF, 0xF4, 0x00, 0x7F, 0xE0, 0x00, 0x1E, 0x1E, 0x01, 0xE1, 0xE0, 0x00, 0x00, 0x00, 0x00, 0x00,
    0x2F, 0xF8, 0x03, 0xFF, 0xF4, 0x10, 0x0B, 0xC0, 0x00, 0x3D, 0x00, 0x01, 0xEF, 0xFF, 0xFE, 0xFF,
    0xFF, 0xEB, 0x40, 0x2D, 0x7C, 0x0B, 0xC3, 0xFF, 0xF4, 0x0B, 0xF8, 0x00, 0x00, 0x07, 0x47, 0x40,
    0x00, 0x00, 0x1D, 0x1D, 0x00, 0x00, 0x00, 0x00, 0x00, 0x00, 0x0F, 0x80, 0x1D, 0x00, 0xBC, 0x0F,
    0x40, 0x74, 0x07, 0xC0, 0x1F, 0x01, 0xD0, 0x3D, 0x00, 0x2F, 0x07, 0x43, 0xE0, 0x00, 0x3E, 0x1D,
    0x2F, 0x00, 0x00, 0x3D, 0x75, 0xF0, 0x00, 0x00, 0x7E, 0xEF, 0x40, 0x00, 0x00, 0xBF, 0xF8, 0x00,
    0x00, 0x07, 0xEE, 0xF8, 0x00, 0x00, 0x7C, 0x74, 0xF4, 0x00, 0x07, 0xC1, 0xD0, 0xF4, 0x00, 0x3C,
    0x07, 0x40, 0xF0, 0x03, 0xD0, 0x1D, 0x01, 0xF0, 0x2E, 0x00, 0x74, 0x02, 0xE0, 0xF0, 0x01, 0xD0,
    0x03, 0xC0, 0x00, 0x3C, 0x3C, 0x00, 0x00, 0x3C, 0x3C, 0x00, 0x00, 0x00, 0x00, 0x00, 0x00, 0x00,
    0x00, 0x00, 0x3D, 0x03, 0xC0, 0x7C, 0x0F, 0x03, 0xC0, 0xF0, 0x07, 0xC3, 0xC3, 0xD0, 0x01, 0xE3,
    0xCB, 0x40, 0x00, 0xBB, 0xDE, 0x00, 0x00, 0x3F, 0xFC, 0x00, 0x00, 0xF3, 0xCF, 0x00, 0x03, 0xC3,
    0xC3, 0xC0, 0x0B, 0x43, 0xC1, 0xF0, 0x2E, 0x03, 0xC0, 0x78, 0x7C, 0x03, 0xC0, 0x3D, 0x0B, 0x4B,
    0x40, 0x2D, 0x2D, 0x00, 0x00, 0x00, 0x06, 0xFF, 0x90, 0x2F, 0xFF, 0xE0, 0x50, 0x0B, 0xC0, 0x00,
    0x0F, 0x40, 0x00, 0x3C, 0x00, 0x07, 0xE0, 0x0F, 0xFD, 0x00, 0x3F, 0xFD, 0x00, 0x00, 0xBD, 0x00,
    0x00, 0x7C, 0x00, 0x00, 0xF0, 0x00, 0x07, 0xC9, 0x00, 0x7E, 0x3F, 0xFF, 0xF0, 0x6F, 0xF9, 0x00,
    0x0F, 0x0F, 0x00, 0xF0, 0xF0, 0x00, 0x00, 0x00, 0x00, 0x00, 0x1F, 0xF9, 0x02, 0xFF, 0xF8, 0x14,
    0x0B, 0xC0, 0x00, 0x78, 0x03, 0xFE, 0x00, 0x3F, 0xF4, 0x00, 0x07, 0xC0, 0x00, 0x3C, 0x10, 0x07,
    0xC3, 0xFF, 0xF8, 0x2F, 0xFD, 0x00, 0x3F, 0xFF, 0xF8, 0xFF, 0xFF, 0xD0, 0x00, 0x1F, 0x00, 0x00,
    0xF0, 0x00, 0x0F, 0x40, 0x00, 0xB4, 0x00, 0x0B, 0x80, 0x00, 0x3F, 0x90, 0x00, 0x06, 0xF0, 0x00,
    0x02, 0xE0, 0x00, 0x07, 0xC0, 0x00, 0x2F, 0x34, 0x01, 0xF9, 0xFF, 0xFF, 0xC1, 0xBF, 0xE4, 0x00,
    0x2F, 0xFF, 0xE0, 0xBF, 0xFF, 0x40, 0x00, 0x3C, 0x00, 0x03, 0xD0, 0x00, 0x1E, 0x00, 0x00, 0xF0,
    0x00, 0x0F, 0x00, 0x00, 0x7F, 0x80, 0x00, 0x07, 0xC0, 0x00, 0x03, 0xC0, 0x00, 0x0F, 0x00, 0x00,
    0x3C, 0x10, 0x07, 0xE0, 0xFF, 0xFF, 0x02, 0xFF, 0xD0, 0x00, 0x01, 0xFF, 0xE0, 0x00, 0x7F, 0xF8,
    0x00, 0x00, 0x00, 0x00, 0xF0, 0x00, 0x2D, 0x3C, 0x00, 0x1F, 0x4F, 0x00, 0x0F, 0xD3, 0xC0, 0x0B,
    0xF4, 0xF0, 0x07, 0xAD, 0x3C, 0x03, 0xCB, 0x4F, 0x03, 0xC2, 0xD3, 0xC2, 0xD0, 0xB4, 0xF1, 0xF0,
    0x2D, 0x3C, 0xF0, 0x0B, 0x4F, 0xB4, 0x02, 0xD3, 0xF8, 0x00, 0xB4, 0xFC, 0x00, 0x2D, 0x3D, 0x00,
    0x0B, 0x4F, 0x00, 0x02, 0xD0, 0x0B, 0xFF, 0x40, 0xBF, 0xF4, 0x00, 0x00, 0x00, 0x00, 0x00, 0x78,
    0x01, 0xF7, 0x80, 0x3F, 0x78, 0x0F, 0xF7, 0x82, 0xDF, 0x78, 0x38, 0xF7, 0x8F, 0x0F, 0x7A, 0xC0,
    0xF7, 0xB8, 0x0F, 0x7F, 0x00, 0xF7, 0xD0, 0x0F, 0x78, 0x00, 0xF0, 0x01, 0xE1, 0xE0, 0x00, 0x78,
    0x78, 0x00, 0x00, 0x00, 0x00, 0xF0, 0x00, 0x2D, 0x3C, 0x00, 0x1F, 0x4F, 0x00, 0x0F, 0xD3, 0xC0,
    0x0B, 0xF4, 0xF0, 0x07, 0xAD, 0x3C, 0x03, 0xCB, 0x4F, 0x03, 0xC2, 0xD3, 0xC2, 0xD0, 0xB4, 0xF1,
    0xF0, 0x2D, 0x3C, 0xF0, 0x0B, 0x4F, 0xB4, 0x02, 0xD3, 0xF8, 0x00, 0xB4, 0xFC, 0x00, 0x2D, 0x3D,
    0x00, 0x0B, 0x4F, 0x00, 0x02, 0xD0, 0x0B, 0x4B, 0x40, 0xB4, 0xB4, 0x00, 0x00, 0x00, 0x00, 0x00,
    0x78, 0x01, 0xF7, 0x80, 0x3F, 0x78, 0x0F, 0xF7, 0x82, 0xDF, 0x78, 0x38, 0xF7, 0x8F, 0x0F, 0x7A,
    0xC0, 0xF7, 0xB8, 0x0F, 0x7F, 0x00, 0xF7, 0xD0, 0x0F, 0x78, 0x00, 0xF0, 0x00, 0xF0, 0xF0, 0x00,
    0x03, 0xC3, 0xC0, 0x00, 0x00, 0x00, 0x00, 0x00, 0x1F, 0xF8, 0x00, 0x07, 0xFF, 0xFE, 0x00, 0x3F,
    0x40, 0xBE, 0x03, 0xE0, 0x00, 0x7C, 0x1F, 0x00, 0x00, 0xB8, 0xB8, 0x00, 0x01, 0xF2, 0xD0, 0x00,
    0x03, 0xCF, 0x40, 0x00, 0x0F, 0x2D, 0x00, 0x00, 0x3C, 0xB8, 0x00, 0x01, 0xF1, 0xF0, 0x00, 0x0B,
    0x83, 0xE0, 0x00, 0x7C, 0x03, 0xF4, 0x0B, 0xE0, 0x07, 0xFF, 0xFE, 0x00, 0x01, 0xFF, 0x80, 0x00,
    0x0B, 0x0F, 0x00, 0x2C, 0x3C, 0x00, 0x00, 0x00, 0x00, 0x00, 0x00, 0x06, 0xFD, 0x00, 0x7F, 0xFF,
    0x03, 0xE0, 0x7E, 0x2E, 0x00, 0x3C, 0xF4, 0x00, 0xF3, 0xC0, 0x03, 0xDF, 0x40, 0x0F, 0x2E, 0x00,
    0x3C, 0x3E, 0x07, 0xE0, 0x7F, 0xFF, 0x00, 0x6F, 0xD0, 0x00, 0x00, 0x7F, 0xE0, 0x00, 0x1F, 0xFF,
    0xF8, 0x00, 0xF8, 0x02, 0xF8, 0x0F, 0x40, 0x00, 0xF0, 0x7C, 0x00, 0x02, 0xE2, 0xD0, 0x00, 0x03,
    0xCB, 0xFF, 0xFF, 0xFF, 0x3F, 0xFF, 0xFF, 0xFC, 0xB4, 0x00, 0x00, 0xF2, 0xE0, 0x00, 0x07, 0xC7,
    0xC0, 0x00, 0x2E, 0x0F, 0x80, 0x01, 0xF0, 0x0F, 0xD0, 0x2F, 0x80, 0x1F, 0xFF, 0xF8, 0x00, 0x07,
    0xFE, 0x00, 0x00, 0x06, 0xFD, 0x00, 0x7F, 0xFF, 0x03, 0xD0, 0x3E, 0x2D, 0x00, 0x3C, 0xFF, 0xFF,
    0xF3, 0xFF, 0xFF, 0xDF, 0x00, 0x0F, 0x2E, 0x00, 0x3C, 0x3E, 0x07, 0xE0, 0x7F, 0xFF, 0x00, 0x6F,
    0xD0, 0x00, 0x00, 0xF0, 0xF0, 0x00, 0x03, 0xC3, 0xC0, 0x00, 0x00, 0x00, 0x00, 0x00, 0x1F, 0xF8,
    0x00, 0x07, 0xFF, 0xFE, 0x00, 0x3E, 0x00, 0xBE, 0x03, 0xD0, 0x00, 0x3C, 0x1F, 0x00, 0x00, 0xB8,
    0xB4, 0x00, 0x00, 0xF2, 0xFF, 0xFF, 0xFF, 0xCF, 0xFF, 0xFF, 0xFF, 0x2D, 0x00, 0x00, 0x3C, 0xB8,
    0x00, 0x01, 0xF1, 0xF0, 0x00, 0x0B, 0x83, 0xE0, 0x00, 0x7C, 0x03, 0xF4, 0x0B, 0xE0, 0x07, 0xFF,
    0xFE, 0x00, 0x01, 0xFF, 0x80, 0x00, 0x0F, 0x0F, 0x00, 0x3C, 0x3C, 0x00, 0x00, 0x00, 0x00, 0x00,
    0x00, 0x06, 0xFD, 0x00, 0x7F, 0xFF, 0x03, 0xD0, 0x3E, 0x2D, 0x00, 0x3C, 0xFF, 0xFF, 0xF3, 0xFF,
    0xFF, 0xDF, 0x00, 0x0F, 0x2E, 0x00, 0x3C, 0x3E, 0x07, 0xE0, 0x7F, 0xFF, 0x00, 0x6F, 0xD0, 0x00,
    0x0B, 0x0B, 0x00, 0x0B, 0x0B, 0x00, 0x00, 0x00, 0x00, 0x1B, 0xFE, 0x00, 0x7F, 0xFF, 0xD0, 0x24,
    0x06, 0xF4, 0x00, 0x00, 0x7C, 0x00, 0x00, 0x3D, 0x00, 0x00, 0x2E, 0x03, 0xFF, 0xFE, 0x03, 0xFF,
    0xFF, 0x00, 0x00, 0x1E, 0x00, 0x00, 0x2E, 0x00, 0x00, 0x3D, 0x00, 0x00, 0xBC, 0x24, 0x07, 0xF4,
    0x7F, 0xFF, 0xD0, 0x1B, 0xFE, 0x00, 0x2D, 0x2D, 0x02, 0xD2, 0xD0, 0x00, 0x00, 0x00, 0x00, 0x00,
    0x2F, 0xF4, 0x03, 0xFF, 0xF0, 0x00, 0x0B, 0x80, 0x00, 0x3C, 0x03, 0xFF, 0xD0, 0x3F, 0xFD, 0x00,
    0x03, 0xD0, 0x00, 0x3C, 0x10, 0x1F, 0x83, 0xFF, 0xF0, 0x2F, 0xF8, 0x00, 0x02, 0xFF, 0xD0, 0x00,
    0xBF, 0xF4, 0x00, 0x00, 0x00, 0x01, 0xF0, 0x00, 0x3C, 0x3D, 0x00, 0x1E, 0x0B, 0x80, 0x0B, 0x40,
    0xF0, 0x03, 0xC0, 0x2E, 0x01, 0xE0, 0x03, 0xC0, 0xB4, 0x00, 0xB8, 0x3C, 0x00, 0x0F, 0x1E, 0x00,
    0x02, 0xEF, 0x00, 0x00, 0x3F, 0x80, 0x00, 0x07, 0xD0, 0x00, 0x01, 0xE0, 0x00, 0x01, 0xF0, 0x00,
    0x3F, 0xF4, 0x00, 0x0F, 0xE4, 0x00, 0x00, 0x0B, 0xFF, 0x40, 0x2F, 0xFD, 0x00, 0x00, 0x00, 0x00,
    0x00, 0x00, 0xB8, 0x00, 0xF0, 0xF0, 0x07, 0x83, 0xC0, 0x2D, 0x0B, 0x40, 0xF0, 0x0F, 0x03, 0xC0,
    0x3C, 0x1D, 0x00, 0x78, 0xB0, 0x00, 0xF3, 0xC0, 0x02, 0xED, 0x00, 0x03, 0xF0, 0x00, 0x0B, 0x80,
    0x00, 0x2D, 0x00, 0x01, 0xF0, 0x02, 0xFF, 0x00, 0x0B, 0xE0, 0x00, 0x00, 0x02, 0xD2, 0xD0, 0x00,
    0xB4, 0xB4, 0x00, 0x00, 0x00, 0x01, 0xF0, 0x00, 0x3C, 0x3D, 0x00, 0x1E, 0x0B, 0x80, 0x0B, 0x40,
    0xF0, 0x03, 0xC0, 0x2E, 0x01, 0xE0, 0x03, 0xC0, 0xB4, 0x00, 0xB8, 0x3C, 0x00, 0x0F, 0x1E, 0x00,
    0x02, 0xEF, 0x00, 0x00, 0x3F, 0x80, 0x00, 0x07, 0xD0, 0x00, 0x01, 0xE0, 0x00, 0x01, 0xF0, 0x00,
    0x3F, 0xF4, 0x00, 0x0F, 0xE4, 0x00, 0x00, 0x07, 0x47, 0x40, 0x1D, 0x1D, 0x00, 0x00, 0x00, 0x00,
    0x00, 0x00, 0xB8, 0x00, 0xF0, 0xF0, 0x07, 0x83, 0xC0, 0x2D, 0x0B, 0x40, 0xF0, 0x0F, 0x03, 0xC0,
    0x3C, 0x1D, 0x00, 0x78, 0xB0, 0x00, 0xF3, 0xC0, 0x02, 0xED, 0x00, 0x03, 0xF0, 0x00, 0x0B, 0x80,
    0x00, 0x2D, 0x00, 0x01, 0xF0, 0x02, 0xFF, 0x00, 0x0B, 0xE0, 0x00, 0x00, 0x00, 0x08, 0x24, 0x00,
    0x0F, 0x2D, 0x00, 0x0F, 0x1E, 0x00, 0x02, 0x06, 0x00, 0x7C, 0x00, 0x0F, 0x0F, 0x40, 0x07, 0x82,
    0xE0, 0x02, 0xD0, 0x3C, 0x00, 0xF0, 0x0B, 0x80, 0x78, 0x00, 0xF0, 0x2D, 0x00, 0x2E, 0x0F, 0x00,
    0x03, 0xC7, 0x80, 0x00, 0xBB, 0xC0, 0x00, 0x0F, 0xE0, 0x00, 0x01, 0xF4, 0x00, 0x00, 0x78, 0x00,
    0x00, 0x7C, 0x00, 0x0F, 0xFD, 0x00, 0x03, 0xF9, 0x00, 0x00, 0x00, 0x20, 0x90, 0x03, 0xC7, 0x40,
    0x3C, 0x78, 0x00, 0x90, 0x80, 0x00, 0x00, 0x02, 0xE0, 0x03, 0xC3, 0xC0, 0x1E, 0x0F, 0x00, 0xB4,
    0x2D, 0x03, 0xC0, 0x3C, 0x0F, 0x00, 0xF0, 0x74, 0x01, 0xE2, 0xC0, 0x03, 0xCF, 0x00, 0x0B, 0xB4,
    0x00, 0x0F, 0xC0, 0x00, 0x2E, 0x00, 0x00, 0xB4, 0x00, 0x07, 0xC0, 0x0B, 0xFC, 0x00, 0x2F, 0x80,
    0x00, 0x07, 0x4B, 0x40, 0x1D, 0x2D, 0x00, 0x00, 0x00, 0x3C, 0x00, 0x2D, 0xF0, 0x00, 0xB7, 0xC0,
    0x02, 0xDF, 0x00, 0x0B, 0x7D, 0x00, 0x2D, 0xB4, 0x00, 0xB6, 0xE0, 0x02, 0xD7, 0xD0, 0x0B, 0x4B,
    0xFF, 0xFD, 0x07, 0xFF, 0xF4, 0x00, 0x02, 0xD0, 0x00, 0x0B, 0x40, 0x00, 0x2D, 0x00, 0x00, 0xB4,
    0x00, 0x02, 0xD0, 0x0B, 0x0B, 0x00, 0xB0, 0xB0, 0x00, 0x00, 0x00, 0x00, 0x00, 0x3C, 0x01, 0xE3,
    0xC0, 0x1E, 0x3C, 0x01, 0xE3, 0xC0, 0x1E, 0x3E, 0x02, 0xE1, 0xFF, 0xFE, 0x07, 0xFF, 0xE0, 0x00,
    0x1E, 0x00, 0x01, 0xE0, 0x00, 0x1E, 0x00, 0x01, 0xE0, 0x3F, 0xFF, 0xD3, 0xFF, 0xFD, 0x3C, 0x00,
    0x03, 0xC0, 0x00, 0x3C, 0x00, 0x03, 0xC0, 0x00, 0x3C, 0x00, 0x03, 0xC0, 0x00, 0x3C, 0x00, 0x03,
    0xC0, 0x00, 0x3C, 0x00, 0x03, 0xC0, 0x00, 0x3C, 0x00, 0x03, 0xF8, 0x00, 0x3F, 0x80, 0x00, 0x78,
    0x00, 0x07, 0x80, 0x00, 0x78, 0x00, 0x07, 0x80, 0x00, 0x7F, 0xFD, 0x7F, 0xFD, 0x78, 0x00, 0x78,
    0x00, 0x78, 0x00, 0x78, 0x00, 0x78, 0x00, 0x78, 0x00, 0x78, 0x00, 0x7F, 0x00, 0x7F, 0x00, 0x0F,
    0x00, 0x0F, 0x00, 0x0F, 0x00, 0x00, 0x3C, 0x3C, 0x00, 0x00, 0x3C, 0x3C, 0x00, 0x00, 0x00, 0x00,
    0x00, 0x3C, 0x00, 0x00, 0x3C, 0x3C, 0x00, 0x00, 0x3C, 0x3C, 0x00, 0x00, 0x3C, 0x3C, 0x00, 0x00,
    0x3C, 0x3C, 0x00, 0x00, 0x3C, 0x3F, 0xFE, 0x00, 0x3C, 0x3F, 0xFF, 0xE0, 0x3C, 0x3C, 0x06, 0xF4,
    0x3C, 0x3C, 0x00, 0xB8, 0x3C, 0x3C, 0x00, 0x7C, 0x3C, 0x3C, 0x00, 0x7C, 0x3C, 0x3C, 0x00, 0xB8,
    0x3C, 0x3C, 0x02, 0xF4, 0x3C, 0x3F, 0xFF, 0xD0, 0x3C, 0x2F, 0xFE, 0x00, 0x3C, 0x00, 0xF0, 0xF0,
    0x00, 0x0F, 0x0F, 0x00, 0x00, 0x00, 0x00, 0x00, 0x00, 0x00, 0x00, 0x78, 0x00, 0x02, 0xC7, 0x80,
    0x00, 0x2C, 0x78, 0x00, 0x02, 0xC7, 0x80, 0x00, 0x2C, 0x7F, 0xFD, 0x02, 0xC7, 0xFF, 0xF8, 0x2C,
    0x78, 0x07, 0xC2, 0xC7, 0x80, 0x3C, 0x2C, 0x78, 0x07, 0xC2, 0xC7, 0xFF, 0xF8, 0x2C, 0x2F, 0xFD,
    0x02, 0xC0, 0x1F, 0x00, 0x0B, 0x02, 0xE0, 0x03, 0xC0, 0x2E, 0x00, 0xF0, 0x03, 0xD0, 0x3C, 0x02,
    0xFC, 0x2D, 0x02, 0xD7, 0xEE, 0x00, 0xF0, 0xBD, 0x00, 0x74, 0x0F, 0x40, 0x2C, 0x00, 0xF0, 0x0F,
    0x00, 0x1E, 0x03, 0xC0, 0x03, 0xD0, 0xE0, 0x00, 0x3C, 0x1F, 0xFE, 0x00, 0x1A, 0xAF, 0xC0, 0x00,
    0x02, 0xD0, 0x00, 0x01, 0xE0, 0x00, 0x01, 0xE0, 0x00, 0x01, 0xE0, 0x00, 0x01, 0xE0, 0x00, 0x01,
    0xE0, 0x00, 0x01, 0xE0, 0x00, 0x01, 0xE0, 0x2A, 0xAA, 0xF8, 0x3F, 0xFF, 0xFC, 0x0F, 0xD0, 0x0A,
    0xF0, 0x00, 0xB4, 0x00, 0x74, 0x00, 0x74, 0x00, 0x74, 0x00, 0x74, 0x00, 0x74, 0x00, 0xF4, 0x03,
    0xF8, 0x6F, 0x3C, 0xB8, 0x2C, 0x00, 0x00, 0x3F, 0xFF, 0xF8, 0xAA, 0xAF, 0x90, 0x00, 0x38, 0x00,
    0x01, 0xE0, 0x00, 0x07, 0x80, 0x00, 0x1E, 0x00, 0x00, 0x78, 0x00, 0x01, 0xE0, 0x00, 0x07, 0x80,
    0x00, 0x1E, 0x00, 0x00, 0x78, 0x00, 0x01, 0xE0, 0xBF, 0xFF, 0x81, 0xAA, 0xAF, 0xC0, 0x00, 0x0B,
    0x40, 0x00, 0x1E, 0x00, 0x00, 0x79, 0xD0, 0x01, 0xEB, 0x40, 0x07, 0xAD, 0x00, 0x1E, 0xB4, 0x00,
    0x7A, 0xD0, 0x01, 0xEB, 0x40, 0x07, 0xAD, 0x00, 0x1E, 0x3F, 0x8A, 0xE0, 0x78, 0x1E, 0x07, 0x81,
    0xE0, 0x78, 0x1E, 0x07, 0x81, 0xE0, 0x78, 0x1E, 0x3F, 0xF0, 0xAF, 0x80, 0x74, 0x03, 0xC0, 0x0E,
    0x00, 0x38, 0x00, 0xF0, 0x03, 0xC0, 0x0F, 0x00, 0x3C, 0x00, 0xB4, 0x02, 0xD0, 0x3F, 0xFF, 0xF8,
    0x0A, 0xEA, 0xAF, 0x80, 0xB0, 0x00, 0xF0, 0x3C, 0x00, 0x2C, 0x0F, 0x00, 0x0B, 0x43, 0xC0, 0x02,
    0xD0, 0xF0, 0x00, 0xB4, 0x3C, 0x00, 0x2D, 0x0F, 0x00, 0x0B, 0x43, 0xC0, 0x02, 0xD0, 0xF0, 0x00,
    0xB4, 0x3C, 0x00, 0x2D, 0xF0, 0x3F, 0xD0, 0xF0, 0x2A, 0xF0, 0xF0, 0x00, 0x78, 0xF0, 0x00, 0x3C,
    0xF0, 0x00, 0x3C, 0xF0, 0x00, 0x3C, 0xB0, 0x00, 0x3C, 0xB4, 0x00, 0x3C, 0x78, 0x00, 0x78, 0x3D,
    0x00, 0xF0, 0x0F, 0xEB, 0xD0, 0x02, 0xFE, 0x40, 0x3F, 0x8A, 0xE0, 0x78, 0x1E, 0x07, 0x81, 0xE0,
    0x78, 0x00, 0x3F, 0xFE, 0x02, 0xAA, 0xFC, 0x00, 0x02, 0xE0, 0x00, 0x0F, 0x00, 0x00, 0xF0, 0x00,
    0x0F, 0x00, 0x00, 0xF0, 0x00, 0x0F, 0x00, 0x00, 0xF0, 0x00, 0x0F, 0x00, 0x00, 0xF0, 0x00, 0x0F,
    0x00, 0x00, 0xF0, 0x00, 0x0F, 0x00, 0x00, 0xF0, 0x00, 0x0F, 0x3F, 0xF8, 0x02, 0xAB, 0xF4, 0x00,
    0x07, 0xC0, 0x00, 0x2D, 0x00, 0x01, 0xE0, 0x00, 0x0F, 0x00, 0x00, 0xF0, 0x00, 0x1E, 0x00, 0x02,
    0xD0, 0x00, 0x7C, 0x2A, 0xBF, 0x43, 0xFF, 0x80, 0x14, 0x00, 0x01, 0xE0, 0x00, 0x07, 0x80, 0x00,
    0x1E, 0x00, 0x00, 0x7F, 0xFF, 0xF0, 0xAA, 0xAB, 0xC0, 0x00, 0x1D, 0x00, 0x00, 0xF0, 0x00, 0x03,
    0xC0, 0x00, 0x1D, 0x00, 0x00, 0xF0, 0x00, 0x03, 0xC0, 0x00, 0x2D, 0x00, 0x00, 0xF0, 0x00, 0x03,
    0x80, 0x00, 0x2D, 0x00, 0xFF, 0xFF, 0xE0, 0xAE, 0xAA, 0xFC, 0x2C, 0x00, 0x2E, 0x2C, 0x00, 0x1E,
    0x2C, 0x00, 0x0E, 0x2C, 0x00, 0x0E, 0x2C, 0x00, 0x0E, 0x2C, 0x00, 0x0E, 0x2C, 0x00, 0x0E, 0x2C,
    0x00, 0x0E, 0x2E, 0xAA, 0xAE, 0x2F, 0xFF, 0xFE, 0x3C, 0x0B, 0xF4, 0x0B, 0x4F, 0xAF, 0x80, 0xEA,
    0x00, 0xF4, 0x3F, 0x00, 0x1E, 0x07, 0x80, 0x03, 0xC1, 0xD0, 0x00, 0xF0, 0xB4, 0x00, 0x3C, 0x3C,
    0x00, 0x0F, 0x0F, 0x00, 0x0B, 0x83, 0x80, 0x03, 0xC1, 0xE0, 0xAB, 0xD0, 0xB4, 0x7F, 0x80, 0x3F,
    0x8A, 0xE0, 0x38, 0x0E, 0x03, 0x80, 0xE0, 0x38, 0x0E, 0x03, 0x80, 0xE0, 0x38, 0x0E, 0x03, 0x80,
    0xE0, 0x38, 0x0E, 0x3F, 0x42, 0xBC, 0x02, 0xD0, 0x2D, 0x02, 0xD0, 0x2D, 0x02, 0xD0, 0x2D, 0x02,
    0xD0, 0x2D, 0xAB, 0xDF, 0xFD, 0x3F, 0xFF, 0xE0, 0x0A, 0xFA, 0xAF, 0x40, 0x70, 0x01, 0xF0, 0x3C,
    0x00, 0x3C, 0x0E, 0x00, 0x0B, 0x47, 0x80, 0x02, 0xD1, 0xE0, 0x00, 0xB4, 0x78, 0x00, 0x3C, 0x0F,
    0x00, 0x0F, 0x02, 0xE0, 0x0B, 0x40, 0x3F, 0xAF, 0x80, 0x02, 0xFF, 0x40, 0x00, 0x00, 0x00, 0x1D,
    0x00, 0x2D, 0x1E, 0x00, 0x2D, 0x0F, 0x00, 0x2C, 0x0F, 0x00, 0x3C, 0x0B, 0x40, 0x3C, 0x07, 0x80,
    0x3C, 0x03, 0xC0, 0x38, 0x03, 0xC0, 0x74, 0x02, 0xD0, 0xF0, 0x01, 0xD2, 0xE0, 0x00, 0xFF, 0x80,
    0x2F, 0xF8, 0x00, 0x39, 0x40, 0x00, 0x00, 0x00, 0x00, 0x0B, 0xFD, 0x00, 0xFE, 0xBE, 0x0B, 0x80,
    0x2E, 0x3C, 0x00, 0x3C, 0xF0, 0x00, 0xB3, 0xC0, 0x02, 0xD7, 0xE0, 0x0B, 0x47, 0xC0, 0x2D, 0x00,
    0x00, 0xB4, 0x00, 0x02, 0xD0, 0x00, 0x0B, 0x40, 0x00, 0x2D, 0x00, 0x00, 0xB4, 0x00, 0x02, 0xD0,
    0x00, 0x0B, 0x40, 0x00, 0x2D, 0x0B, 0xFD, 0x00, 0xFE, 0xBF, 0x0B, 0x80, 0x2E, 0x3C, 0x00, 0x3C,
    0xF0, 0x00, 0xB6, 0xD0, 0x02, 0xD3, 0xF0, 0x07, 0x41, 0x80, 0x2D, 0x00, 0x00, 0xF0, 0x00, 0x0F,
    0x46, 0xAA, 0xF8, 0x2F, 0xFE, 0x00, 0x3C, 0x00, 0xF0, 0xB4, 0x03, 0xC0, 0xF0, 0x0E, 0x03, 0xC0,
    0x78, 0x07, 0x82, 0xC0, 0x0F, 0x0E, 0x00, 0x2E, 0xF0, 0x00, 0x3E, 0x00, 0x00, 0xF0, 0x00, 0x02,
    0xD0, 0x00, 0x07, 0x80, 0x00, 0x0F, 0x00, 0x00, 0x2D, 0x00, 0x00, 0x78, 0x00, 0x00, 0xF0, 0x00,
    0x03, 0xC0, 0x2D, 0x00, 0x78, 0x3C, 0x02, 0xD0, 0x78, 0x0B, 0x40, 0xF4, 0x3C, 0x00, 0xF1, 0xE0,
    0x01, 0xEF, 0x00, 0x03, 0xF0, 0x00, 0x03, 0xC0, 0x00, 0x0B, 0x80, 0x00, 0x0F, 0x42, 0xAA, 0xAF,
    0x0F, 0xFF, 0xFC, 0xBF, 0xFF, 0xFD, 0x6A, 0xAA, 0xBC, 0x00, 0x00, 0x3C, 0x00, 0x00, 0x74, 0x14,
    0x00, 0xF0, 0x3C, 0x00, 0xF0, 0x3C, 0x01, 0xD0, 0x3C, 0x02, 0xC0, 0x3C, 0x03, 0xC0, 0x3C, 0x07,
    0x80, 0x3C, 0x0B, 0x00, 0x3C, 0x0F, 0x00, 0x3C, 0x00, 0x00, 0x3C, 0x00, 0x00, 0x3C, 0x00, 0x00,
    0x3C, 0x00, 0x00, 0x3F, 0xFE, 0x02, 0xAA, 0xF8, 0x00, 0x03, 0xC0, 0x00, 0x2D, 0x00, 0x02, 0xD0,
    0x00, 0x2D, 0x00, 0x02, 0xD0, 0x00, 0x2D, 0x00, 0x02, 0xD0, 0x00, 0x2D, 0x00, 0x02, 0xD0, 0x00,
    0x2D, 0xB4, 0x1E, 0x03, 0xED, 0x07, 0x80, 0xFB, 0x41, 0xE0, 0x3E, 0xD0, 0xB4, 0x0F, 0xB4, 0x7C,
    0x03, 0xEE, 0xFD, 0x00, 0xFB, 0xF9, 0x00, 0x39, 0xE0, 0x00, 0x1E, 0x3C, 0x00, 0x0F, 0x0B, 0xC0,
    0x0B, 0x80, 0xBE, 0xAF, 0xC0, 0x06, 0xFF, 0x40, 0x2F, 0xFF, 0xF8, 0x06, 0xFA, 0xAF, 0xC0, 0x3C,
    0x00, 0xB8, 0x0F, 0x00, 0x0E, 0x03, 0xC0, 0x03, 0x80, 0xF0, 0x00, 0xE0, 0x3C, 0x00, 0x38, 0x0F,
    0x00, 0x0E, 0x03, 0xC0, 0x03, 0x80, 0xF0, 0x00, 0xE2, 0xF8, 0x00, 0x38, 0xF8, 0x00, 0x0E, 0x04,
    0x1C, 0x3C, 0x3D, 0x3D, 0x00, 0x01, 0x0E, 0x1D, 0x2C, 0x3C, 0x28, 0x00, 0x00, 0x14, 0x7C, 0x7C,
    0x00, 0x00, 0x00, 0x03, 0xFF, 0x43, 0xEA, 0xF6, 0xD0, 0x00, 0xB0, 0x00, 0x2C, 0x00, 0x03, 0xC0,
    0x00, 0x7C, 0x00, 0x07, 0xC0, 0x00, 0x78, 0x00, 0x0F, 0x00, 0x02, 0x80, 0x00, 0x00, 0x00, 0x14,
    0x00, 0x0F, 0x40, 0x03, 0xC0, 0x00, 0x00, 0x00, 0x00, 0x50, 0x0B, 0xF0, 0x1E, 0x50, 0x3C, 0x00,
    0x2C, 0x00, 0x1E, 0x04, 0x0B, 0xFE, 0x6F, 0xF4, 0x7D, 0x00, 0x00, 0x00, 0xAA, 0xA7, 0xFF, 0xE0,
    0x00, 0x00, 0x10, 0x7C, 0x3D, 0x04, 0x00, 0xB0, 0x74, 0x38, 0x38, 0x3C, 0x3C, 0x2C, 0x2D, 0x1D,
    0x1D, 0x0E, 0x0E, 0x0E, 0x0E, 0x00, 0x00, 0x00, 0x03, 0x80, 0x1C, 0x3C, 0x02, 0xC2, 0xEA, 0xB8,
    0x2F, 0xFE, 0x01, 0xD0, 0x00, 0x0E, 0x00, 0x00, 0xE0, 0x00, 0x0F, 0x00, 0x00, 0xF0, 0x00, 0x0F,
    0x00, 0x00, 0xB0, 0x00, 0x0B, 0x00, 0x00, 0xB0, 0x00, 0x07, 0x00, 0x00, 0x00, 0x00, 0x00, 0x00,
    0x00, 0x38, 0x08, 0x2C, 0x3C, 0x0D, 0x2C, 0x2C, 0x1C, 0x1C, 0x2F, 0xBF, 0xBC, 0x1F, 0xF7, 0xF4,
    0x0E, 0x00, 0x00, 0x0E, 0x00, 0x00, 0x0F, 0x00, 0x00, 0x0F, 0x00, 0x00, 0x0F, 0x00, 0x00, 0x0B,
    0x00, 0x00, 0x0B, 0x00, 0x00, 0x0B, 0x00, 0x00, 0x07, 0x00, 0x00, 0x00, 0x00, 0x00, 0x00, 0x00,
    0x00, 0x0B, 0x00, 0x07, 0xE0, 0x01, 0xF0, 0x00, 0x3C, 0x00, 0x07, 0x40, 0x00, 0x3D, 0x10, 0x01,
    0xFF, 0x00, 0x0B, 0xD0, 0x01, 0xF0, 0x00, 0x3C, 0x00, 0x07, 0x40, 0x00, 0x78, 0x00, 0x03, 0xFA,
    0xBC, 0x0B, 0xFF, 0x80, 0x00, 0x00, 0x01, 0xA4, 0x00, 0xBF, 0xE0, 0x1E, 0x0F, 0x43, 0xC0, 0x38,
    0x38, 0x03, 0xC3, 0x80, 0x2C, 0x34, 0x02, 0xC3, 0x80, 0x2C, 0x3C, 0x03, 0xC1, 0xFA, 0xF4, 0x07,
    0xFD, 0x00, 0x00, 0x00, 0x00, 0x00, 0x07, 0xEA, 0xB0, 0x2F, 0xFF, 0x00, 0x00, 0xB0, 0x00, 0x0B,
    0x00, 0x00, 0x70, 0x00, 0x07, 0x40, 0x00, 0x74, 0x00, 0x03, 0x40, 0x00, 0x38, 0x00, 0x03, 0x80,
    0x00, 0x3C, 0x00, 0x02, 0xC0, 0x00, 0x2C, 0x00, 0x01, 0xD0, 0x00, 0x00, 0x00, 0x00, 0x00, 0x74,
    0x00, 0x1D, 0x3C, 0x00, 0x3C, 0x2C, 0x00, 0x38, 0x1E, 0x00, 0xB0, 0x0F, 0x00, 0xF0, 0x0B, 0x41,
    0xD0, 0x07, 0x82, 0xC0, 0x03, 0xC3, 0x80, 0x02, 0xD7, 0x40, 0x01, 0xEB, 0x00, 0x00, 0xFE, 0x00,
    0x00, 0xBD, 0x00, 0x00, 0x7C, 0x00, 0x00, 0x38, 0x00, 0x00, 0x00, 0x00, 0x00, 0x00, 0x00, 0x00,
    0x3C, 0x00, 0x00, 0x3D, 0x00, 0x00, 0x7E, 0x00, 0x00, 0xBF, 0x00, 0x00, 0xEB, 0x00, 0x01, 0xD7,
    0x80, 0x03, 0xC3, 0xC0, 0x03, 0x82, 0xC0, 0x0B, 0x41, 0xE0, 0x0F, 0x00, 0xF0, 0x1E, 0x00, 0xB4,
    0x3C, 0x00, 0x38, 0x38, 0x00, 0x3C, 0x74, 0x00, 0x1D, 0x00, 0x00, 0x00, 0x00, 0x00, 0x00, 0x7F,
    0x40, 0x1F, 0xBC, 0x03, 0xC1, 0xE0, 0x34, 0x0E, 0x03, 0x80, 0xF0, 0x3E, 0x5F, 0x00, 0xFF, 0xF0,
    0x00, 0x47, 0x00, 0x00, 0x74, 0x00, 0x03, 0x40, 0x00, 0x34, 0x00, 0x03, 0x80, 0x00, 0x3C, 0x00,
    0x02, 0xC0, 0x00, 0x00, 0x00, 0x00, 0x01, 0x00, 0x00, 0x00, 0xB0, 0x00, 0x00, 0x07, 0x81, 0x40,
    0x00, 0x3C, 0x3C, 0x00, 0x02, 0xC3, 0x80, 0x00, 0x1C, 0x74, 0x00, 0x02, 0xC7, 0x40, 0x00, 0x3C,
    0x3C, 0x00, 0x07, 0x82, 0xF4, 0x02, 0xF0, 0x0B, 0xFF, 0xFC, 0x00, 0x0A, 0xF9, 0x00, 0x2A, 0x93,
    0xFE, 0x10, 0x7C, 0x3D, 0x04, 0x00, 0xB0, 0x74, 0x38, 0x38, 0x3C, 0x3C, 0x2C, 0x2D, 0x1D, 0x1D,
    0x0E, 0x0E, 0x0E, 0x0E, 0x00, 0x00, 0x00, 0x03, 0x80, 0x1C, 0x3C, 0x02, 0xC2, 0xEA, 0xB8, 0x2F,
    0xFE, 0x01, 0xD0, 0x00, 0x0E, 0x00, 0x00, 0xE0, 0x00, 0x0F, 0x00, 0x00, 0xF0, 0x00, 0x0F, 0x00,
    0x00, 0xB0, 0x00, 0x0B, 0x00, 0x00, 0xB0, 0x00, 0x07, 0x00, 0x00, 0x00, 0x00, 0x00, 0x00, 0x00,
    0x38, 0x08, 0x2C, 0x3C, 0x0D, 0x2C, 0x2C, 0x1C, 0x1C, 0x2F, 0xBF, 0xBC, 0x1F, 0xF7, 0xF4, 0x0E,
    0x00, 0x00, 0x0E, 0x00, 0x00, 0x0F, 0x00, 0x00, 0x0F, 0x00, 0x00, 0x0F, 0x00, 0x00, 0x0B, 0x00,
    0x00, 0x0B, 0x00, 0x00, 0x0B, 0x00, 0x00, 0x07, 0x00, 0x00, 0x00, 0x00, 0x00, 0x00, 0x00, 0x03,
    0x83, 0xF4, 0x3C, 0xBA, 0x03, 0xCB, 0x00, 0x2D, 0x79, 0xC1, 0xFF, 0xF8, 0x1E, 0x50, 0x00, 0xE0,
    0x00, 0x0E, 0x00, 0x00, 0xF0, 0x00, 0x0F, 0x00, 0x00, 0xB0, 0x00, 0x0B, 0x00, 0x00, 0xB0, 0x00,
    0x07, 0x00, 0x00, 0x00, 0x00, 0x00, 0x0D, 0x00, 0x00, 0xF0, 0x00, 0x0F, 0x80, 0x03, 0xED, 0x00,
    0xB0, 0xF0, 0x0E, 0x0B, 0x41, 0xC0, 0x38, 0x38, 0x03, 0xC3, 0x40, 0x2C, 0x70, 0x01, 0xC7, 0x00,
    0x1D, 0x74, 0xE1, 0xC3, 0xEF, 0xBC, 0x1F, 0xAF, 0x00, 0x00, 0x00, 0x07, 0xF8, 0x1F, 0xA4, 0x3C,
    0x00, 0x38, 0x00, 0x3C, 0x00, 0x1E, 0x09, 0x0B, 0xFD, 0x01, 0xF4, 0x03, 0xD0, 0x0F, 0x40, 0x1E,
    0x00, 0x3C, 0x00, 0x74, 0x00, 0xB0, 0x00, 0x00, 0x00, 0x00, 0x00, 0x00, 0x74, 0x00, 0x1D, 0x3C,
    0x00, 0x3C, 0x2C, 0x00, 0x38, 0x1E, 0x00, 0xB0, 0x0F, 0x00, 0xF0, 0x0B, 0x41, 0xD0, 0x07, 0x82,
    0xC0, 0x03, 0xC3, 0x80, 0x02, 0xD7, 0x40, 0x01, 0xEB, 0x00, 0x00, 0xFE, 0x00, 0x00, 0xBD, 0x00,
    0x00, 0x7C, 0x00, 0x00, 0x38, 0x00, 0x00, 0x00, 0x00, 0x00, 0x00, 0x00, 0x00, 0x3C, 0x00, 0x00,
    0x3D, 0x00, 0x00, 0x7E, 0x00, 0x00, 0xBF, 0x00, 0x00, 0xEB, 0x00, 0x01, 0xD7, 0x80, 0x03, 0xC3,
    0xC0, 0x03, 0x82, 0xC0, 0x0B, 0x41, 0xE0, 0x0F, 0x00, 0xF0, 0x1E, 0x00, 0xB4, 0x3C, 0x00, 0x38,
    0x38, 0x00, 0x3C, 0x74, 0x00, 0x1D, 0x00, 0x00, 0x00, 0x00, 0x00, 0x00, 0x7F, 0x40, 0x1F, 0xBC,
    0x03, 0xC1, 0xE0, 0x34, 0x0E, 0x03, 0x80, 0xF0, 0x3E, 0x5F, 0x00, 0xFF, 0xF0, 0x00, 0x47, 0x00,
    0x00, 0x74, 0x00, 0x03, 0x40, 0x00, 0x34, 0x00, 0x03, 0x80, 0x00, 0x3C, 0x00, 0x02, 0xC0, 0x00,
    0x00, 0x00, 0x05, 0x00, 0x00, 0x01, 0xF4, 0x00, 0x00, 0x3F, 0x80, 0x00, 0x07, 0xBC, 0x00, 0x00,
    0xF1, 0xE0, 0x00, 0x0E, 0x0F, 0x00, 0x02, 0xD0, 0xB4, 0x00, 0x3C, 0x07, 0xC0, 0x07, 0x80, 0x3C,
    0x00, 0xF9, 0x56, 0xE0, 0x0F, 0xFF, 0xFF, 0x02, 0xE5, 0x55, 0xF4, 0x3C, 0x00, 0x07, 0x87, 0xC0,
    0x00, 0x3C, 0xB4, 0x00, 0x02, 0xD0, 0x00, 0x00, 0x00, 0x00, 0x09, 0x00, 0x00, 0x01, 0xF0, 0x00,
    0x00, 0x0A, 0x00, 0x00, 0x00, 0x00, 0x00, 0xBF, 0xE0, 0x0A, 0xAF, 0x80, 0x00, 0x3C, 0x00, 0x02,
    0xD0, 0x16, 0x6D, 0x0F, 0xFF, 0xD3, 0xE0, 0x2D, 0x3C, 0x02, 0xD3, 0xC0, 0x2D, 0x2F, 0x57, 0xD0,
    0xBF, 0xFD, 0x00, 0x00, 0x00, 0x06, 0x00, 0x00, 0xF8, 0x00, 0x07, 0x40, 0x00, 0x00, 0x00, 0x00,
    0x03, 0xF4, 0x00, 0x00, 0x03, 0xC0, 0x00, 0x00, 0xF4, 0x00, 0x00, 0x09, 0x00, 0x00, 0x00, 0x50,
    0x00, 0x00, 0x1F, 0x40, 0x00, 0x03, 0xF8, 0x00, 0x00, 0x7B, 0xC0, 0x00, 0x0F, 0x1E, 0x00, 0x00,
    0xE0, 0xF0, 0x00, 0x2D, 0x0B, 0x40, 0x03, 0xC0, 0x7C, 0x00, 0x78, 0x03, 0xC0, 0x0F, 0x95, 0x6E,
    0x00, 0xFF, 0xFF, 0xF0, 0x2E, 0x55, 0x5F, 0x43, 0xC0, 0x00, 0x78, 0x7C, 0x00, 0x03, 0xCB, 0x40,
    0x00, 0x2D, 0x00, 0xA4, 0x00, 0x1B, 0xC0, 0x00, 0x2D, 0x00, 0x07, 0x40, 0x00, 0x00, 0x00, 0xBF,
    0xE0, 0x0A, 0xAF, 0x80, 0x00, 0x3C, 0x00, 0x02, 0xD0, 0x16, 0x6D, 0x0F, 0xFF, 0xD3, 0xE0, 0x2D,
    0x3C, 0x02, 0xD3, 0xC0, 0x2D, 0x2F, 0x57, 0xD0, 0xBF, 0xFD, 0x00, 0x00, 0x00, 0x00, 0x00, 0x01,
    0x00, 0x00, 0x00, 0x78, 0x00, 0x00, 0x0F, 0x00, 0x00, 0xE3, 0xC0, 0x00, 0x2F, 0x80, 0x00, 0x0B,
    0x1D, 0x00, 0x00, 0x00, 0x40, 0x00, 0x00, 0x50, 0x00, 0x00, 0x1F, 0x40, 0x00, 0x03, 0xF8, 0x00,
    0x00, 0x7B, 0xC0, 0x00, 0x0F, 0x1E, 0x00, 0x00, 0xE0, 0xF0, 0x00, 0x2D, 0x0B, 0x40, 0x03, 0xC0,
    0x7C, 0x00, 0x78, 0x03, 0xC0, 0x0F, 0x95, 0x6E, 0x00, 0xFF, 0xFF, 0xF0, 0x2E, 0x55, 0x5F, 0x43,
    0xC0, 0x00, 0x78, 0x7C, 0x00, 0x03, 0xCB, 0x40, 0x00, 0x2D, 0x00, 0x00, 0x00, 0x00, 0x00, 0x2C,
    0x00, 0x00, 0x78, 0x00, 0x20, 0xE0, 0x00, 0xFC, 0x40, 0x03, 0xDF, 0x00, 0x02, 0x02, 0x00, 0x00,
    0x00, 0x00, 0x0B, 0xFE, 0x00, 0x0A, 0xAF, 0x80, 0x00, 0x03, 0xC0, 0x00, 0x02, 0xD0, 0x01, 0x66,
    0xD0, 0x0F, 0xFF, 0xD0, 0x3E, 0x02, 0xD0, 0x3C, 0x02, 0xD0, 0x3C, 0x02, 0xD0, 0x2F, 0x57, 0xD0,
    0x0B, 0xFF, 0xD0, 0x00, 0x00, 0x00, 0x00, 0x00, 0x00, 0x00, 0x00, 0x2C, 0x00, 0x00, 0x00, 0xF0,
    0x00, 0x00, 0xE3, 0xC0, 0x00, 0x2F, 0x84, 0x00, 0x0B, 0x1D, 0x00, 0x00, 0x00, 0x40, 0x00, 0x00,
    0x50, 0x00, 0x00, 0x1F, 0x40, 0x00, 0x03, 0xF8, 0x00, 0x00, 0x7B, 0xC0, 0x00, 0x0F, 0x1E, 0x00,
    0x00, 0xE0, 0xF0, 0x00, 0x2D, 0x0B, 0x40, 0x03, 0xC0, 0x7C, 0x00, 0x78, 0x03, 0xC0, 0x0F, 0x95,
    0x6E, 0x00, 0xFF, 0xFF, 0xF0, 0x2E, 0x55, 0x5F, 0x43, 0xC0, 0x00, 0x78, 0x7C, 0x00, 0x03, 0xCB,
    0x40, 0x00, 0x2D, 0x00, 0x00, 0x00, 0x00, 0xE0, 0x00, 0x0B, 0x40, 0x02, 0x2C, 0x00, 0xFC, 0x40,
    0x3D, 0xF0, 0x02, 0x02, 0x00, 0x00, 0x00, 0x0B, 0xFE, 0x00, 0xAA, 0xF8, 0x00, 0x03, 0xC0, 0x00,
    0x2D, 0x01, 0x66, 0xD0, 0xFF, 0xFD, 0x3E, 0x02, 0xD3, 0xC0, 0x2D, 0x3C, 0x02, 0xD2, 0xF5, 0x7D,
    0x0B, 0xFF, 0xD0, 0x00, 0x00, 0x00, 0x00, 0x00, 0x00, 0x00, 0x0F, 0xD0, 0x00, 0x00, 0x5F, 0x00,
    0x00, 0x02, 0xD0, 0x00, 0x0E, 0x34, 0x00, 0x02, 0xF8, 0x00, 0x00, 0xB1, 0xD0, 0x00, 0x00, 0x04,
    0x00, 0x00, 0x05, 0x00, 0x00, 0x01, 0xF4, 0x00, 0x00, 0x3F, 0x80, 0x00, 0x07, 0xBC, 0x00, 0x00,
    0xF1, 0xE0, 0x00, 0x0E, 0x0F, 0x00, 0x02, 0xD0, 0xB4, 0x00, 0x3C, 0x07, 0xC0, 0x07, 0x80, 0x3C,
    0x00, 0xF9, 0x56, 0xE0, 0x0F, 0xFF, 0xFF, 0x02, 0xE5, 0x55, 0xF4, 0x3C, 0x00, 0x07, 0x87, 0xC0,
    0x00, 0x3C, 0xB4, 0x00, 0x02, 0xD0, 0x00, 0x02, 0x90, 0x00, 0x0B, 0xD0, 0x00, 0x0B, 0x40, 0x08,
    0x34, 0x00, 0xFC, 0x00, 0x0F, 0x7C, 0x00, 0x20, 0x20, 0x00, 0x00, 0x00, 0x0B, 0xFE, 0x00, 0x2A,
    0xBE, 0x00, 0x00, 0x3C, 0x00, 0x00, 0xB4, 0x01, 0x66, 0xD0, 0x3F, 0xFF, 0x43, 0xE0, 0x2D, 0x0F,
    0x00, 0xB4, 0x3C, 0x02, 0xD0, 0xBD, 0x5F, 0x40, 0xBF, 0xFD, 0x00, 0x00, 0x00, 0x00, 0x00, 0x00,
    0x00, 0x0F, 0xEB, 0x00, 0x01, 0xD7, 0xD0, 0x00, 0x00, 0x00, 0x00, 0x00, 0x0E, 0x00, 0x00, 0x02,
    0xF8, 0x00, 0x00, 0xB1, 0xD0, 0x00, 0x00, 0x04, 0x00, 0x00, 0x05, 0x00, 0x00, 0x01, 0xF4, 0x00,
    0x00, 0x3F, 0x80, 0x00, 0x07, 0xBC, 0x00, 0x00, 0xF1, 0xE0, 0x00, 0x0E, 0x0F, 0x00, 0x02, 0xD0,
    0xB4, 0x00, 0x3C, 0x07, 0xC0, 0x07, 0x80, 0x3C, 0x00, 0xF9, 0x56, 0xE0, 0x0F, 0xFF, 0xFF, 0x02,
    0xE5, 0x55, 0xF4, 0x3C, 0x00, 0x07, 0x87, 0xC0, 0x00, 0x3C, 0xB4, 0x00, 0x02, 0xD0, 0x02, 0x91,
    0x80, 0xBB, 0xF4, 0x04, 0x04, 0x00, 0x02, 0x00, 0x00, 0xFC, 0x00, 0x3D, 0xF0, 0x02, 0x02, 0x00,
    0x00, 0x00, 0x0B, 0xFE, 0x00, 0xAA, 0xF8, 0x00, 0x03, 0xC0, 0x00, 0x2D, 0x01, 0x66, 0xD0, 0xFF,
    0xFD, 0x3E, 0x02, 0xD3, 0xC0, 0x2D, 0x3C, 0x02, 0xD2, 0xF5, 0x7D, 0x0B, 0xFF, 0xD0, 0x00, 0x00,
    0x00, 0x00, 0x00, 0x00, 0x00, 0xE0, 0x00, 0x00, 0x2F, 0x80, 0x00, 0x0B, 0x1D, 0x00, 0x00, 0x00,
    0x40, 0x00, 0x00, 0x50, 0x00, 0x00, 0x1F, 0x40, 0x00, 0x03, 0xF8, 0x00, 0x00, 0x7B, 0xC0, 0x00,
    0x0F, 0x1E, 0x00, 0x00, 0xE0, 0xF0, 0x00, 0x2D, 0x0B, 0x40, 0x03, 0xC0, 0x7C, 0x00, 0x78, 0x03,
    0xC0, 0x0F, 0x95, 0x6E, 0x00, 0xFF, 0xFF, 0xF0, 0x2E, 0x55, 0x5F, 0x43, 0xC0, 0x00, 0x78, 0x7C,
    0x00, 0x03, 0xCB, 0x40, 0x00, 0x2D, 0x00, 0x00, 0x00, 0x00, 0x00, 0x90, 0x00, 0x00, 0x1F, 0x00,
    0x00, 0x00, 0xA0, 0x00, 0x00, 0x00, 0x00, 0x02, 0x00, 0x00, 0xFC, 0x00, 0x3D, 0xF0, 0x02, 0x02,
    0x00, 0x00, 0x00, 0x0B, 0xFE, 0x00, 0xAA, 0xF8, 0x00, 0x03, 0xC0, 0x00, 0x2D, 0x01, 0x66, 0xD0,
    0xFF, 0xFD, 0x3E, 0x02, 0xD3, 0xC0, 0x2D, 0x3C, 0x02, 0xD2, 0xF5, 0x7D, 0x0B, 0xFF, 0xD0, 0x00,
    0x00, 0x00, 0x60, 0x00, 0x0F, 0x80, 0x00, 0x74, 0x00, 0x00, 0x00, 0x40, 0x00, 0x00, 0x0E, 0x00,
    0x00, 0x03, 0xC0, 0x00, 0x00, 0xB0, 0x00, 0x00, 0x90, 0xA0, 0x00, 0x0B, 0x5D, 0x00, 0x00, 0x2F,
    0x80, 0x00, 0x00, 0x00, 0x00, 0x00, 0x05, 0x00, 0x00, 0x01, 0xF4, 0x00, 0x00, 0x3F, 0x80, 0x00,
    0x07, 0xBC, 0x00, 0x00, 0xF1, 0xE0, 0x00, 0x0E, 0x0F, 0x00, 0x02, 0xD0, 0xB4, 0x00, 0x3C, 0x07,
    0xC0, 0x07, 0x80, 0x3C, 0x00, 0xF9, 0x56, 0xE0, 0x0F, 0xFF, 0xFF, 0x02, 0xE5, 0x55, 0xF4, 0x3C,
    0x00, 0x07, 0x87, 0xC0, 0x00, 0x3C, 0xB4, 0x00, 0x02, 0xD0, 0x00, 0x00, 0x00, 0x00, 0xB0, 0x00,
    0x1E, 0x00, 0x03, 0x80, 0x02, 0x12, 0x00, 0x34, 0xB0, 0x01, 0xFD, 0x00, 0x01, 0x00, 0x00, 0x00,
    0x00, 0xBF, 0xE0, 0x0A, 0xAF, 0x80, 0x00, 0x3C, 0x00, 0x02, 0xD0, 0x16, 0x6D, 0x0F, 0xFF, 0xD3,
    0xE0, 0x2D, 0x3C, 0x02, 0xD3, 0xC0, 0x2D, 0x2F, 0x57, 0xD0, 0xBF, 0xFD, 0x00, 0x00, 0x00, 0x00,
    0x10, 0x00, 0x00, 0x0F, 0x40, 0x00, 0x00, 0x3C, 0x00, 0x00, 0x00, 0xE0, 0x00, 0x00, 0x90, 0xA0,
    0x00, 0x0B, 0x5D, 0x00, 0x00, 0x2F, 0x80, 0x00, 0x00, 0x00, 0x00, 0x00, 0x05, 0x00, 0x00, 0x01,
    0xF4, 0x00, 0x00, 0x3F, 0x80, 0x00, 0x07, 0xBC, 0x00, 0x00, 0xF1, 0xE0, 0x00, 0x0E, 0x0F, 0x00,
    0x02, 0xD0, 0xB4, 0x00, 0x3C, 0x07, 0xC0, 0x07, 0x80, 0x3C, 0x00, 0xF9, 0x56, 0xE0, 0x0F, 0xFF,
    0xFF, 0x02, 0xE5, 0x55, 0xF4, 0x3C, 0x00, 0x07, 0x87, 0xC0, 0x00, 0x3C, 0xB4, 0x00, 0x02, 0xD0,
    0x00, 0x00, 0x00, 0x38, 0x00, 0x02, 0xD0, 0x00, 0x0B, 0x00, 0x02, 0x12, 0x00, 0x34, 0xB0, 0x01,
    0xFD, 0x00, 0x01, 0x00, 0x00, 0x00, 0x00, 0xBF, 0xE0, 0x0A, 0xAF, 0x80, 0x00, 0x3C, 0x00, 0x02,
    0xD0, 0x16, 0x6D, 0x0F, 0xFF, 0xD3, 0xE0, 0x2D, 0x3C, 0x02, 0xD3, 0xC0, 0x2D, 0x2F, 0x57, 0xD0,
    0xBF, 0xFD, 0x00, 0x00, 0x00, 0x00, 0x15, 0x00, 0x00, 0x03, 0xF8, 0x00, 0x00, 0x03, 0xC0, 0x00,
    0x00, 0xF0, 0x00, 0x00, 0x94, 0xA0, 0x00, 0x0B, 0x5D, 0x00, 0x00, 0x2F, 0x80, 0x00, 0x00, 0x00,
    0x00, 0x00, 0x05, 0x00, 0x00, 0x01, 0xF4, 0x00, 0x00, 0x3F, 0x80, 0x00, 0x07, 0xBC, 0x00, 0x00,
    0xF1, 0xE0, 0x00, 0x0E, 0x0F, 0x00, 0x02, 0xD0, 0xB4, 0x00, 0x3C, 0x07, 0xC0, 0x07, 0x80, 0x3C,
    0x00, 0xF9, 0x56, 0xE0, 0x0F, 0xFF, 0xFF, 0x02, 0xE5, 0x55, 0xF4, 0x3C, 0x00, 0x07, 0x87, 0xC0,
    0x00, 0x3C, 0xB4, 0x00, 0x02, 0xD0, 0x00, 0x10, 0x00, 0x1F, 0xC0, 0x00, 0x1D, 0x00, 0x07, 0x80,
    0x02, 0x22, 0x00, 0x34, 0xB0, 0x01, 0xFD, 0x00, 0x01, 0x00, 0x00, 0x00, 0x00, 0xBF, 0xE0, 0x0A,
    0xAF, 0x80, 0x00, 0x3C, 0x00, 0x02, 0xD0, 0x16, 0x6D, 0x0F, 0xFF, 0xD3, 0xE0, 0x2D, 0x3C, 0x02,
    0xD3, 0xC0, 0x2D, 0x2F, 0x57, 0xD0, 0xBF, 0xFD, 0x00, 0x00, 0x00, 0x00, 0x68, 0x20, 0x00, 0x0E,
    0xFF, 0x00, 0x00, 0x41, 0x40, 0x00, 0x09, 0x0A, 0x00, 0x00, 0xB5, 0xD0, 0x00, 0x02, 0xF8, 0x00,
    0x00, 0x00, 0x00, 0x00, 0x00, 0x50, 0x00, 0x00, 0x1F, 0x40, 0x00, 0x03, 0xF8, 0x00, 0x00, 0x7B,
    0xC0, 0x00, 0x0F, 0x1E, 0x00, 0x00, 0xE0, 0xF0, 0x00, 0x2D, 0x0B, 0x40, 0x03, 0xC0, 0x7C, 0x00,
    0x78, 0x03, 0xC0, 0x0F, 0x95, 0x6E, 0x00, 0xFF, 0xFF, 0xF0, 0x2E, 0x55, 0x5F, 0x43, 0xC0, 0x00,
    0x78, 0x7C, 0x00, 0x03, 0xCB, 0x40, 0x00, 0x2D, 0x01, 0x81, 0x40, 0xBF, 0xF4, 0x05, 0x19, 0x00,
    0x20, 0x20, 0x03, 0x4B, 0x00, 0x1F, 0xD0, 0x00, 0x10, 0x00, 0x00, 0x00, 0x0B, 0xFE, 0x00, 0xAA,
    0xF8, 0x00, 0x03, 0xC0, 0x00, 0x2D, 0x01, 0x66, 0xD0, 0xFF, 0xFD, 0x3E, 0x02, 0xD3, 0xC0, 0x2D,
    0x3C, 0x02, 0xD2, 0xF5, 0x7D, 0x0B, 0xFF, 0xD0, 0x00, 0x00, 0x00, 0x90, 0xA0, 0x00, 0x0B, 0x5D,
    0x00, 0x00, 0x2F, 0x80, 0x00, 0x00, 0x00, 0x00, 0x00, 0x05, 0x00, 0x00, 0x01, 0xF4, 0x00, 0x00,
    0x3F, 0x80, 0x00, 0x07, 0xBC, 0x00, 0x00, 0xF1, 0xE0, 0x00, 0x0E, 0x0F, 0x00, 0x02, 0xD0, 0xB4,
    0x00, 0x3C, 0x07, 0xC0, 0x07, 0x80, 0x3C, 0x00, 0xF9, 0x56, 0xE0, 0x0F, 0xFF, 0xFF, 0x02, 0xE5,
    0x55, 0xF4, 0x3C, 0x00, 0x07, 0x87, 0xC0, 0x00, 0x3C, 0xB4, 0x00, 0x02, 0xD0, 0x00, 0x00, 0x00,
    0x00, 0x09, 0x00, 0x00, 0x01, 0xF0, 0x00, 0x00, 0x0A, 0x00, 0x00, 0x02, 0x02, 0x00, 0x34, 0xB0,
    0x02, 0xFD, 0x00, 0x01, 0x00, 0x00, 0x00, 0x00, 0xBF, 0xE0, 0x0A, 0xAF, 0x80, 0x00, 0x3C, 0x00,
    0x02, 0xD0, 0x16, 0x6D, 0x0F, 0xFF, 0xD3, 0xE0, 0x2D, 0x3C, 0x02, 0xD3, 0xC0, 0x2D, 0x2F, 0x57,
    0xD0, 0xBF, 0xFD, 0x00, 0x00, 0x00, 0x06, 0x00, 0x00, 0xF8, 0x00, 0x07, 0x40, 0x15, 0x55, 0x50,
    0xFF, 0xFF, 0x83, 0xD5, 0x54, 0x0F, 0x00, 0x00, 0x3C, 0x00, 0x00, 0xF0, 0x00, 0x03, 0xD5, 0x54,
    0x0F, 0xFF, 0xF0, 0x3D, 0x55, 0x00, 0xF0, 0x00, 0x03, 0xC0, 0x00, 0x0F, 0x00, 0x00, 0x3C, 0x00,
    0x00, 0xFA, 0xAA, 0x83, 0xFF, 0xFF, 0x00, 0x00, 0x00, 0x00, 0xA0, 0x00, 0x07, 0xC0, 0x00, 0x0A,
    0x00, 0x00, 0x00, 0x00, 0x00, 0x7F, 0xD0, 0x2F, 0xAF, 0x43, 0xC0, 0x3C, 0xB4, 0x02, 0xDF, 0x95,
    0x6D, 0xFF, 0xFF, 0xEF, 0x40, 0x00, 0xB4, 0x00, 0x07, 0xC0, 0x00, 0x2F, 0x96, 0x80, 0xBF, 0xF8,
    0x00, 0x00, 0x00, 0x09, 0x00, 0x01, 0xF0, 0x00, 0x0E, 0x00, 0x00, 0x10, 0x00, 0x07, 0xF0, 0x00,
    0x01, 0xD0, 0x00, 0x1E, 0x00, 0x00, 0x20, 0x00, 0x55, 0x55, 0x43, 0xFF, 0xFE, 0x0F, 0x55, 0x50,
    0x3C, 0x00, 0x00, 0xF0, 0x00, 0x03, 0xC0, 0x00, 0x0F, 0x55, 0x50, 0x3F, 0xFF, 0xC0, 0xF5, 0x54,
    0x03, 0xC0, 0x00, 0x0F, 0x00, 0x00, 0x3C, 0x00, 0x00, 0xF0, 0x00, 0x03, 0xEA, 0xAA, 0x0F, 0xFF,
    0xFC, 0x01, 0x90, 0x00, 0x2B, 0x80, 0x00, 0x78, 0x00, 0x0E, 0x00, 0x00, 0x00, 0x00, 0x7F, 0xD0,
    0x2F, 0xAF, 0x43, 0xC0, 0x3C, 0xB4, 0x02, 0xDF, 0x95, 0x6D, 0xFF, 0xFF, 0xEF, 0x40, 0x00, 0xB4,
    0x00, 0x07, 0xC0, 0x00, 0x2F, 0x96, 0x80, 0xBF, 0xF8, 0x00, 0x00, 0x00, 0x02, 0xD1, 0x80, 0x2E,
    0xFD, 0x00, 0x40, 0x40, 0x00, 0x00, 0x00, 0x15, 0x55, 0x50, 0xFF, 0xFF, 0x83, 0xD5, 0x54, 0x0F,
    0x00, 0x00, 0x3C, 0x00, 0x00, 0xF0, 0x00, 0x03, 0xD5, 0x54, 0x0F, 0xFF, 0xF0, 0x3D, 0x55, 0x00,
    0xF0, 0x00, 0x03, 0xC0, 0x00, 0x0F, 0x00, 0x00, 0x3C, 0x00, 0x00, 0xFA, 0xAA, 0x83, 0xFF, 0xFF,
    0x00, 0x00, 0x00, 0x00, 0xFE, 0xB0, 0x1D, 0xBD, 0x00, 0x00, 0x00, 0x00, 0x00, 0x00, 0x7F, 0xD0,
    0x2F, 0xAF, 0x43, 0xC0, 0x3C, 0xB4, 0x02, 0xDF, 0x95, 0x6D, 0xFF, 0xFF, 0xEF, 0x40, 0x00, 0xB4,
    0x00, 0x07, 0xC0, 0x00, 0x2F, 0x96, 0x80, 0xBF, 0xF8, 0x00, 0x00, 0x00, 0x00, 0x00, 0x00, 0x00,
    0x00, 0x3C, 0x00, 0x00, 0xF4, 0x00, 0xB2, 0xD0, 0x01, 0xFC, 0x40, 0x07, 0x4E, 0x00, 0x01, 0x01,
    0x00, 0x15, 0x55, 0x50, 0x3F, 0xFF, 0xE0, 0x3D, 0x55, 0x40, 0x3C, 0x00, 0x00, 0x3C, 0x00, 0x00,
    0x3C, 0x00, 0x00, 0x3D, 0x55, 0x40, 0x3F, 0xFF, 0xC0, 0x3D, 0x55, 0x00, 0x3C, 0x00, 0x00, 0x3C,
    0x00, 0x00, 0x3C, 0x00, 0x00, 0x3C, 0x00, 0x00, 0x3E, 0xAA, 0xA0, 0x3F, 0xFF, 0xF0, 0x00, 0x00,
    0x00, 0x00, 0x00, 0xE0, 0x00, 0x0F, 0x00, 0x24, 0xF0, 0x01, 0xF4, 0x00, 0x1D, 0xB4, 0x00, 0x50,
    0x50, 0x00, 0x00, 0x00, 0x07, 0xFD, 0x00, 0xBE, 0xBD, 0x03, 0xC0, 0x3C, 0x2D, 0x00, 0xB4, 0xF9,
    0x56, 0xD3, 0xFF, 0xFF, 0x8F, 0x40, 0x00, 0x2D, 0x00, 0x00, 0x7C, 0x00, 0x00, 0xBE, 0x5A, 0x00,
    0xBF, 0xF8, 0x00, 0x00, 0x00, 0x00, 0x04, 0x00, 0x00, 0x74, 0x00, 0x00, 0xF0, 0x00, 0x2C, 0xF0,
    0x01, 0xFC, 0x00, 0x1D, 0x38, 0x00, 0x10, 0x10, 0x05, 0x55, 0x54, 0x3F, 0xFF, 0xE0, 0xF5, 0x55,
    0x03, 0xC0, 0x00, 0x0F, 0x00, 0x00, 0x3C, 0x00, 0x00, 0xF5, 0x55, 0x03, 0xFF, 0xFC, 0x0F, 0x55,
    0x40, 0x3C, 0x00, 0x00, 0xF0, 0x00, 0x03, 0xC0, 0x00, 0x0F, 0x00, 0x00, 0x3E, 0xAA, 0xA0, 0xFF,
    0xFF, 0xC0, 0x00, 0x00, 0x00, 0x03, 0xC0, 0x00, 0x1F, 0x00, 0x09, 0x78, 0x01, 0xF4, 0x00, 0x76,
    0xD0, 0x05, 0x05, 0x00, 0x00, 0x00, 0x07, 0xFD, 0x02, 0xFA, 0xF4, 0x3C, 0x03, 0xCB, 0x40, 0x2D,
    0xF9, 0x56, 0xDF, 0xFF, 0xFE, 0xF4, 0x00, 0x0B, 0x40, 0x00, 0x7C, 0x00, 0x02, 0xF9, 0x68, 0x0B,
    0xFF, 0x80, 0x00, 0x00, 0x00, 0x06, 0x80, 0x00, 0x1B, 0xC0, 0x00, 0x0F, 0x00, 0x2C, 0xB0, 0x01,
    0xFC, 0x00, 0x1D, 0x38, 0x00, 0x10, 0x10, 0x05, 0x55, 0x54, 0x3F, 0xFF, 0xE0, 0xF5, 0x55, 0x03,
    0xC0, 0x00, 0x0F, 0x00, 0x00, 0x3C, 0x00, 0x00, 0xF5, 0x55, 0x03, 0xFF, 0xFC, 0x0F, 0x55, 0x40,
    0x3C, 0x00, 0x00, 0xF0, 0x00, 0x03, 0xC0, 0x00, 0x0F, 0x00, 0x00, 0x3E, 0xAA, 0xA0, 0xFF, 0xFF,
    0xC0, 0x00, 0x06, 0x90, 0x00, 0x1B, 0xC0, 0x00, 0x0F, 0x00, 0x24, 0xB0, 0x01, 0xF4, 0x00, 0x1D,
    0xB4, 0x00, 0x50, 0x50, 0x00, 0x00, 0x00, 0x07, 0xFD, 0x00, 0xBE, 0xBD, 0x03, 0xC0, 0x3C, 0x2D,
    0x00, 0xB4, 0xF9, 0x56, 0xD3, 0xFF, 0xFF, 0x8F, 0x40, 0x00, 0x2D, 0x00, 0x00, 0x7C, 0x00, 0x00,
    0xBE, 0x5A, 0x00, 0xBF, 0xF8, 0x00, 0x00, 0x00, 0x00, 0x00, 0x00, 0x2F, 0xED, 0x00, 0xD6, 0xE0,
    0x00, 0x00, 0x00, 0x00, 0xB0, 0x00, 0x07, 0xF0, 0x00, 0x74, 0xE0, 0x00, 0x40, 0x40, 0x15, 0x55,
    0x50, 0xFF, 0xFF, 0x83, 0xD5, 0x54, 0x0F, 0x00, 0x00, 0x3C, 0x00, 0x00, 0xF0, 0x00, 0x03, 0xD5,
    0x54, 0x0F, 0xFF, 0xF0, 0x3D, 0x55, 0x00, 0xF0, 0x00, 0x03, 0xC0, 0x00, 0x0F, 0x00, 0x00, 0x3C,
    0x00, 0x00, 0xFA, 0xAA, 0x83, 0xFF, 0xFF, 0x00, 0x00, 0x00, 0x00, 0xBE, 0x70, 0x1D, 0xBE, 0x00,
    0x00, 0x00, 0x00, 0x90, 0x00, 0x1F, 0x40, 0x07, 0x6D, 0x00, 0x50, 0x50, 0x00, 0x00, 0x00, 0x7F,
    0xD0, 0x2F, 0xAF, 0x43, 0xC0, 0x3C, 0xB4, 0x02, 0xDF, 0x95, 0x6D, 0xFF, 0xFF, 0xEF, 0x40, 0x00,
    0xB4, 0x00, 0x07, 0xC0, 0x00, 0x2F, 0x96, 0x80, 0xBF, 0xF8, 0x00, 0x00, 0x00, 0x00, 0x00, 0x00,
    0x02, 0xC0, 0x00, 0x1F, 0xC0, 0x01, 0xD3, 0x80, 0x01, 0x01, 0x00, 0x55, 0x55, 0x43, 0xFF, 0xFE,
    0x0F, 0x55, 0x50, 0x3C, 0x00, 0x00, 0xF0, 0x00, 0x03, 0xC0, 0x00, 0x0F, 0x55, 0x50, 0x3F, 0xFF,
    0xC0, 0xF5, 0x54, 0x03, 0xC0, 0x00, 0x0F, 0x00, 0x00, 0x3C, 0x00, 0x00, 0xF0, 0x00, 0x03, 0xEA,
    0xAA, 0x0F, 0xFF, 0xFC, 0x00, 0x00, 0x00, 0x02, 0x80, 0x00, 0x1F, 0x00, 0x00, 0x28, 0x00, 0x00,
    0x00, 0x00, 0x09, 0x00, 0x01, 0xF4, 0x00, 0x76, 0xD0, 0x05, 0x05, 0x00, 0x00, 0x00, 0x07, 0xFD,
    0x02, 0xFA, 0xF4, 0x3C, 0x03, 0xCB, 0x40, 0x2D, 0xF9, 0x56, 0xDF, 0xFF, 0xFE, 0xF4, 0x00, 0x0B,
    0x40, 0x00, 0x7C, 0x00, 0x02, 0xF9, 0x68, 0x0B, 0xFF, 0x80, 0x00, 0x00, 0x00, 0x90, 0x00, 0x1F,
    0x00, 0x00, 0xE0, 0x00, 0x00, 0x0F, 0xD0, 0x38, 0x3D, 0x08, 0x01, 0x40, 0xF0, 0x3C, 0x0F, 0x03,
    0xC0, 0xF0, 0x3C, 0x0F, 0x03, 0xC0, 0xF0, 0x3C, 0x0F, 0x03, 0xC0, 0xF0, 0x3C, 0x19, 0x0A, 0xE0,
    0x78, 0x38, 0x04, 0x07, 0x81, 0xE0, 0x78, 0x1E, 0x07, 0x81, 0xE0, 0x78, 0x1E, 0x07, 0x81, 0xE0,
    0x78, 0x14, 0x3C, 0x3C, 0x3C, 0x3C, 0x3C, 0x3C, 0x3C, 0x3C, 0x3C, 0x3C, 0x3C, 0x3C, 0x3C, 0x3C,
    0x00, 0x24, 0x7C, 0x38, 0x12, 0xE7, 0x80, 0x01, 0xE7, 0x9E, 0x79, 0xE7, 0x9E, 0x79, 0xE7, 0x9E,
    0x00, 0x9B, 0xCD, 0x00, 0x6A, 0x90, 0x00, 0x3F, 0xFF, 0xD0, 0x0F, 0xD0, 0x2F, 0x02, 0xE0, 0x00,
    0xBC, 0x3C, 0x00, 0x03, 0xDB, 0x80, 0x00, 0x1E, 0xB4, 0x00, 0x01, 0xFF, 0x40, 0x00, 0x0F, 0xB4,
    0x00, 0x00, 0xFB, 0x80, 0x00, 0x1F, 0x7C, 0x00, 0x02, 0xE3, 0xD0, 0x00, 0x3C, 0x1F, 0x00, 0x0F,
    0x80, 0xBE, 0x9B, 0xF0, 0x01, 0xFF, 0xF4, 0x00, 0x00, 0x50, 0x00, 0x00, 0x06, 0x00, 0x00, 0x00,
    0xF4, 0x00, 0x00, 0x0A, 0x00, 0x00, 0x00, 0x00, 0x00, 0x1F, 0xF8, 0x01, 0xFA, 0xFC, 0x0F, 0x00,
    0xF4, 0xB8, 0x00, 0xF3, 0xC0, 0x03, 0xCF, 0x00, 0x0F, 0x3C, 0x00, 0x3C, 0xB4, 0x00, 0xF1, 0xF0,
    0x0B, 0x82, 0xF9, 0xFC, 0x02, 0xFF, 0x80, 0x00, 0x00, 0x00, 0x01, 0x80, 0x00, 0x0F, 0x40, 0x00,
    0x2C, 0x00, 0x00, 0x00, 0x00, 0x00, 0x02, 0xF8, 0x00, 0x00, 0x03, 0xC0, 0x00, 0x00, 0xB4, 0x00,
    0x00, 0x05, 0x00, 0x00, 0x06, 0xA9, 0x00, 0x03, 0xFF, 0xFD, 0x00, 0xFD, 0x02, 0xF0, 0x2E, 0x00,
    0x0B, 0xC3, 0xC0, 0x00, 0x3D, 0xB8, 0x00, 0x01, 0xEB, 0x40, 0x00, 0x1F, 0xF4, 0x00, 0x00, 0xFB,
    0x40, 0x00, 0x0F, 0xB8, 0x00, 0x01, 0xF7, 0xC0, 0x00, 0x2E, 0x3D, 0x00, 0x03, 0xC1, 0xF0, 0x00,
    0xF8, 0x0B, 0xE9, 0xBF, 0x00, 0x1F, 0xFF, 0x40, 0x00, 0x05, 0x00, 0x00, 0x01, 0xA0, 0x00, 0x06,
    0xF0, 0x00, 0x03, 0xC0, 0x00, 0x2C, 0x00, 0x00, 0x00, 0x00, 0x1F, 0xF8, 0x01, 0xFA, 0xFC, 0x0F,
    0x00, 0xF4, 0xB8, 0x00, 0xF3, 0xC0, 0x03, 0xCF, 0x00, 0x0F, 0x3C, 0x00, 0x3C, 0xB4, 0x00, 0xF1,
    0xF0, 0x0B, 0x82, 0xF9, 0xFC, 0x02, 0xFF, 0x80, 0x00, 0x00, 0x00, 0x00, 0x00, 0x01, 0x00, 0x00,
    0x00, 0x78, 0x00, 0x00, 0x0F, 0x00, 0x00, 0xB3, 0xC0, 0x00, 0x2F, 0x80, 0x00, 0x07, 0x4E, 0x00,
    0x00, 0x10, 0x00, 0x00, 0x06, 0xA9, 0x00, 0x03, 0xFF, 0xFD, 0x00, 0xFD, 0x02, 0xF0, 0x2E, 0x00,
    0x0B, 0xC3, 0xC0, 0x00, 0x3D, 0xB8, 0x00, 0x01, 0xEB, 0x40, 0x00, 0x1F, 0xF4, 0x00, 0x00, 0xFB,
    0x40, 0x00, 0x0F, 0xB8, 0x00, 0x01, 0xF7, 0xC0, 0x00, 0x2E, 0x3D, 0x00, 0x03, 0xC1, 0xF0, 0x00,
    0xF8, 0x0B, 0xE9, 0xBF, 0x00, 0x1F, 0xFF, 0x40, 0x00, 0x05, 0x00, 0x00, 0x00, 0x00, 0x00, 0x00,
    0x00, 0xE0, 0x00, 0x0F, 0x00, 0x18, 0xB0, 0x01, 0xF8, 0x00, 0x1E, 0x78, 0x00, 0x20, 0x50, 0x00,
    0x00, 0x00, 0x07, 0xFE, 0x00, 0x7E, 0xBF, 0x03, 0xC0, 0x3D, 0x2E, 0x00, 0x3C, 0xF0, 0x00, 0xF3,
    0xC0, 0x03, 0xCF, 0x00, 0x0F, 0x2D, 0x00, 0x3C, 0x7C, 0x02, 0xE0, 0xBE, 0x7F, 0x00, 0xBF, 0xE0,
    0x00, 0x00, 0x00, 0x00, 0x00, 0x80, 0x00, 0x00, 0x2D, 0x00, 0x00, 0x00, 0xF0, 0x00, 0x00, 0xB3,
    0x80, 0x00, 0x2F, 0x80, 0x00, 0x07, 0x4E, 0x00, 0x00, 0x10, 0x00, 0x00, 0x06, 0xA9, 0x00, 0x03,
    0xFF, 0xFD, 0x00, 0xFD, 0x02, 0xF0, 0x2E, 0x00, 0x0B, 0xC3, 0xC0, 0x00, 0x3D, 0xB8, 0x00, 0x01,
    0xEB, 0x40, 0x00, 0x1F, 0xF4, 0x00, 0x00, 0xFB, 0x40, 0x00, 0x0F, 0xB8, 0x00, 0x01, 0xF7, 0xC0,
    0x00, 0x2E, 0x3D, 0x00, 0x03, 0xC1, 0xF0, 0x00, 0xF8, 0x0B, 0xE9, 0xBF, 0x00, 0x1F, 0xFF, 0x40,
    0x00, 0x05, 0x00, 0x00, 0x00, 0x04, 0x00, 0x00, 0xB4, 0x00, 0x00, 0xF0, 0x00, 0x18, 0xE0, 0x01,
    0xF8, 0x00, 0x1E, 0x78, 0x00, 0x20, 0x50, 0x00, 0x00, 0x00, 0x07, 0xFE, 0x00, 0x7E, 0xBF, 0x03,
    0xC0, 0x3D, 0x2E, 0x00, 0x3C, 0xF0, 0x00, 0xF3, 0xC0, 0x03, 0xCF, 0x00, 0x0F, 0x2D, 0x00, 0x3C,
    0x7C, 0x02, 0xE0, 0xBE, 0x7F, 0x00, 0xBF, 0xE0, 0x00, 0x00, 0x00, 0x00, 0x00, 0xBD, 0x00, 0x00,
    0x05, 0xF0, 0x00, 0x00, 0x1E, 0x00, 0x00, 0xB2, 0x80, 0x00, 0x2F, 0x80, 0x00, 0x07, 0x4E, 0x00,
    0x00, 0x10, 0x00, 0x00, 0x06, 0xA9, 0x00, 0x03, 0xFF, 0xFD, 0x00, 0xFD, 0x02, 0xF0, 0x2E, 0x00,
    0x0B, 0xC3, 0xC0, 0x00, 0x3D, 0xB8, 0x00, 0x01, 0xEB, 0x40, 0x00, 0x1F, 0xF4, 0x00, 0x00, 0xFB,
    0x40, 0x00, 0x0F, 0xB8, 0x00, 0x01, 0xF7, 0xC0, 0x00, 0x2E, 0x3D, 0x00, 0x03, 0xC1, 0xF0, 0x00,
    0xF8, 0x0B, 0xE9, 0xBF, 0x00, 0x1F, 0xFF, 0x40, 0x00, 0x05, 0x00, 0x00, 0x00, 0x01, 0x00, 0x00,
    0x2F, 0xC0, 0x00, 0x0B, 0x00, 0x18, 0x78, 0x01, 0xF9, 0x40, 0x1E, 0x78, 0x00, 0x20, 0x50, 0x00,
    0x00, 0x00, 0x07, 0xFE, 0x00, 0x7E, 0xBF, 0x03, 0xC0, 0x3D, 0x2E, 0x00, 0x3C, 0xF0, 0x00, 0xF3,
    0xC0, 0x03, 0xCF, 0x00, 0x0F, 0x2D, 0x00, 0x3C, 0x7C, 0x02, 0xE0, 0xBE, 0x7F, 0x00, 0xBF, 0xE0,
    0x00, 0x00, 0x00, 0x00, 0x79, 0x34, 0x00, 0x0E, 0xFF, 0x00, 0x00, 0x40, 0x40, 0x00, 0x00, 0xB0,
    0x00, 0x00, 0x2F, 0x80, 0x00, 0x07, 0x4E, 0x00, 0x00, 0x10, 0x00, 0x00, 0x06, 0xA9, 0x00, 0x03,
    0xFF, 0xFD, 0x00, 0xFD, 0x02, 0xF0, 0x2E, 0x00, 0x0B, 0xC3, 0xC0, 0x00, 0x3D, 0xB8, 0x00, 0x01,
    0xEB, 0x40, 0x00, 0x1F, 0xF4, 0x00, 0x00, 0xFB, 0x40, 0x00, 0x0F, 0xB8, 0x00, 0x01, 0xF7, 0xC0,
    0x00, 0x2E, 0x3D, 0x00, 0x03, 0xC1, 0xF0, 0x00, 0xF8, 0x0B, 0xE9, 0xBF, 0x00, 0x1F, 0xFF, 0x40,
    0x00, 0x05, 0x00, 0x00, 0x02, 0x82, 0x40, 0x3F, 0xFC, 0x00, 0x41, 0x40, 0x00, 0x18, 0x00, 0x01,
    0xF8, 0x00, 0x1E, 0x78, 0x00, 0x20, 0x50, 0x00, 0x00, 0x00, 0x07, 0xFE, 0x00, 0x7E, 0xBF, 0x03,
    0xC0, 0x3D, 0x2E, 0x00, 0x3C, 0xF0, 0x00, 0xF3, 0xC0, 0x03, 0xCF, 0x00, 0x0F, 0x2D, 0x00, 0x3C,
    0x7C, 0x02, 0xE0, 0xBE, 0x7F, 0x00, 0xBF, 0xE0, 0x00, 0x00, 0x00, 0x00, 0x00, 0x00, 0x00, 0x00,
    0xF0, 0x00, 0x00, 0x3F, 0xC0, 0x00, 0x07, 0x0A, 0x00, 0x00, 0x00, 0x00, 0x00, 0x06, 0xA9, 0x00,
    0x03, 0xFF, 0xFD, 0x00, 0xFD, 0x02, 0xF0, 0x2E, 0x00, 0x0B, 0xC3, 0xC0, 0x00, 0x3D, 0xB8, 0x00,
    0x01, 0xEB, 0x40, 0x00, 0x1F, 0xF4, 0x00, 0x00, 0xFB, 0x40, 0x00, 0x0F, 0xB8, 0x00, 0x01, 0xF7,
    0xC0, 0x00, 0x2E, 0x3D, 0x00, 0x03, 0xC1, 0xF0, 0x00, 0xF8, 0x0B, 0xE9, 0xBF, 0x00, 0x1F, 0xFF,
    0x40, 0x00, 0x05, 0x00, 0x00, 0x00, 0x60, 0x00, 0x00, 0x0F, 0x40, 0x00, 0x00, 0xA0, 0x00, 0x00,
    0x00, 0x00, 0x01, 0x80, 0x00, 0x1F, 0x80, 0x01, 0xE7, 0x80, 0x02, 0x05, 0x00, 0x00, 0x00, 0x00,
    0x7F, 0xE0, 0x07, 0xEB, 0xF0, 0x3C, 0x03, 0xD2, 0xE0, 0x03, 0xCF, 0x00, 0x0F, 0x3C, 0x00, 0x3C,
    0xF0, 0x00, 0xF2, 0xD0, 0x03, 0xC7, 0xC0, 0x2E, 0x0B, 0xE7, 0xF0, 0x0B, 0xFE, 0x00, 0x00, 0x00,
    0x00, 0x06, 0x00, 0x00, 0x3D, 0x00, 0x00, 0xB0, 0x00, 0x00, 0x00, 0x00, 0x00, 0x00, 0x07, 0x40,
    0x00, 0x00, 0x3C, 0x00, 0x00, 0x03, 0xC0, 0x28, 0x00, 0x04, 0x00, 0xF0, 0x01, 0xAA, 0x43, 0x80,
    0x3F, 0xFF, 0xFD, 0x03, 0xF4, 0x0B, 0xE0, 0x2E, 0x00, 0x0B, 0xC0, 0xF0, 0x00, 0x0F, 0x4B, 0x80,
    0x00, 0x1E, 0x2D, 0x00, 0x00, 0x7C, 0xF4, 0x00, 0x00, 0xF2, 0xD0, 0x00, 0x03, 0xCB, 0x80, 0x00,
    0x1F, 0x1F, 0x00, 0x00, 0xB8, 0x3D, 0x00, 0x03, 0xC0, 0x7C, 0x00, 0x3E, 0x00, 0xBE, 0x9B, 0xF0,
    0x00, 0x7F, 0xFD, 0x00, 0x00, 0x05, 0x00, 0x00, 0x00, 0x00, 0x00, 0x00, 0x0C, 0x00, 0x00, 0x3D,
    0x00, 0x00, 0xF0, 0x00, 0x00, 0x80, 0x3C, 0x00, 0x00, 0x3C, 0x07, 0xFD, 0x38, 0x1F, 0xAF, 0xF0,
    0x3C, 0x03, 0xE0, 0xB4, 0x00, 0xF0, 0xF0, 0x00, 0xF0, 0xF0, 0x00, 0xF0, 0xF0, 0x00, 0xF0, 0xB4,
    0x00, 0xF0, 0x7C, 0x02, 0xE0, 0x2F, 0x9F, 0xC0, 0x0B, 0xFE, 0x00, 0x00, 0x00, 0x00, 0x00, 0x00,
    0x00, 0x00, 0x00, 0xE0, 0x00, 0x00, 0x02, 0xD0, 0x00, 0x00, 0x02, 0xC0, 0x28, 0x00, 0x01, 0x00,
    0xF0, 0x01, 0xAA, 0x43, 0x80, 0x3F, 0xFF, 0xFD, 0x03, 0xF4, 0x0B, 0xE0, 0x2E, 0x00, 0x0B, 0xC0,
    0xF0, 0x00, 0x0F, 0x4B, 0x80, 0x00, 0x1E, 0x2D, 0x00, 0x00, 0x7C, 0xF4, 0x00, 0x00, 0xF2, 0xD0,
    0x00, 0x03, 0xCB, 0x80, 0x00, 0x1F, 0x1F, 0x00, 0x00, 0xB8, 0x3D, 0x00, 0x03, 0xC0, 0x7C, 0x00,
    0x3E, 0x00, 0xBE, 0x9B, 0xF0, 0x00, 0x7F, 0xFD, 0x00, 0x00, 0x05, 0x00, 0x00, 0x00, 0x00, 0x00,
    0x02, 0x40, 0x00, 0x03, 0xD0, 0x00, 0x00, 0xF0, 0x00, 0x00, 0x20, 0x3C, 0x00, 0x00, 0x3C, 0x07,
    0xFD, 0x38, 0x1F, 0xAF, 0xF0, 0x3C, 0x03, 0xE0, 0xB4, 0x00, 0xF0, 0xF0, 0x00, 0xF0, 0xF0, 0x00,
    0xF0, 0xF0, 0x00, 0xF0, 0xB4, 0x00, 0xF0, 0x7C, 0x02, 0xE0, 0x2F, 0x9F, 0xC0, 0x0B, 0xFE, 0x00,
    0x00, 0x00, 0x00, 0x00, 0x00, 0x00, 0x00, 0x00, 0xBE, 0x00, 0x00, 0x00, 0x3C, 0x00, 0x00, 0x02,
    0xD0, 0x28, 0x00, 0x05, 0x00, 0xF0, 0x01, 0xAA, 0x43, 0x80, 0x3F, 0xFF, 0xFD, 0x03, 0xF4, 0x0B,
    0xE0, 0x2E, 0x00, 0x0B, 0xC0, 0xF0, 0x00, 0x0F, 0x4B, 0x80, 0x00, 0x1E, 0x2D, 0x00, 0x00, 0x7C,
    0xF4, 0x00, 0x00, 0xF2, 0xD0, 0x00, 0x03, 0xCB, 0x80, 0x00, 0x1F, 0x1F, 0x00, 0x00, 0xB8, 0x3D,
    0x00, 0x03, 0xC0, 0x7C, 0x00, 0x3E, 0x00, 0xBE, 0x9B, 0xF0, 0x00, 0x7F, 0xFD, 0x00, 0x00, 0x05,
    0x00, 0x00, 0x01, 0xA0, 0x00, 0x01, 0xBC, 0x00, 0x00, 0x3C, 0x00, 0x00, 0xB0, 0x3C, 0x00, 0x00,
    0x3C, 0x07, 0xFD, 0x38, 0x1F, 0xAF, 0xF0, 0x3C, 0x03, 0xE0, 0xB4, 0x00, 0xF0, 0xF0, 0x00, 0xF0,
    0xF0, 0x00, 0xF0, 0xF0, 0x00, 0xF0, 0xB4, 0x00, 0xF0, 0x7C, 0x02, 0xE0, 0x2F, 0x9F, 0xC0, 0x0B,
    0xFE, 0x00, 0x00, 0x00, 0x00, 0x00, 0x14, 0x10, 0x00, 0x02, 0xFE, 0xC0, 0x00, 0x0C, 0x2D, 0x0A,
    0x00, 0x00, 0x00, 0x3C, 0x00, 0x6A, 0x90, 0xE0, 0x0F, 0xFF, 0xFF, 0x40, 0xFD, 0x02, 0xF8, 0x0B,
    0x80, 0x02, 0xF0, 0x3C, 0x00, 0x03, 0xD2, 0xE0, 0x00, 0x07, 0x8B, 0x40, 0x00, 0x1F, 0x3D, 0x00,
    0x00, 0x3C, 0xB4, 0x00, 0x00, 0xF2, 0xE0, 0x00, 0x07, 0xC7, 0xC0, 0x00, 0x2E, 0x0F, 0x40, 0x00,
    0xF0, 0x1F, 0x00, 0x0F, 0x80, 0x2F, 0xA6, 0xFC, 0x00, 0x1F, 0xFF, 0x40, 0x00, 0x01, 0x40, 0x00,
    0x00, 0x00, 0x00, 0x07, 0xE7, 0x40, 0x0D, 0x7E, 0x00, 0x00, 0x00, 0x3C, 0x00, 0x00, 0x3C, 0x07,
    0xFD, 0x38, 0x1F, 0xAF, 0xF0, 0x3C, 0x03, 0xE0, 0xB4, 0x00, 0xF0, 0xF0, 0x00, 0xF0, 0xF0, 0x00,
    0xF0, 0xF0, 0x00, 0xF0, 0xB4, 0x00, 0xF0, 0x7C, 0x02, 0xE0, 0x2F, 0x9F, 0xC0, 0x0B, 0xFE, 0x00,
    0x00, 0x00, 0x00, 0x00, 0x00, 0x00, 0xA0, 0x00, 0x00, 0x03, 0xC0, 0x06, 0xA9, 0x0E, 0x00, 0xFF,
    0xFF, 0xF4, 0x0F, 0xD0, 0x2F, 0x80, 0xB8, 0x00, 0x2F, 0x03, 0xC0, 0x00, 0x3D, 0x2E, 0x00, 0x00,
    0x78, 0xB4, 0x00, 0x01, 0xF3, 0xD0, 0x00, 0x03, 0xCB, 0x40, 0x00, 0x0F, 0x2E, 0x00, 0x00, 0x7C,
    0x7C, 0x00, 0x02, 0xE0, 0xF4, 0x00, 0x0F, 0x01, 0xF0, 0x00, 0xF8, 0x02, 0xFA, 0x6F, 0xC0, 0x01,
    0xFF, 0xF4, 0x00, 0x00, 0x14, 0x00, 0x00, 0x00, 0x60, 0x00, 0x00, 0x03, 0xD0, 0x00, 0x00, 0x0A,
    0x00, 0x00, 0x00, 0x00, 0x00, 0x00, 0x00, 0x3C, 0x00, 0x00, 0x3C, 0x07, 0xFD, 0x38, 0x1F, 0xAF,
    0xF0, 0x3C, 0x03, 0xE0, 0xB4, 0x00, 0xF0, 0xF0, 0x00, 0xF0, 0xF0, 0x00, 0xF0, 0xF0, 0x00, 0xF0,
    0xB4, 0x00, 0xF0, 0x7C, 0x02, 0xE0, 0x2F, 0x9F, 0xC0, 0x0B, 0xFE, 0x00, 0x00, 0x00, 0x00, 0x00,
    0x60, 0x00, 0x00, 0xF4, 0x00, 0x00, 0xB0, 0x00, 0x14, 0x00, 0x05, 0x78, 0x00, 0x1E, 0x78, 0x00,
    0x1E, 0x78, 0x00, 0x1E, 0x78, 0x00, 0x1E, 0x78, 0x00, 0x1E, 0x78, 0x00, 0x1E, 0x78, 0x00, 0x1E,
    0x78, 0x00, 0x1E, 0x78, 0x00, 0x1E, 0x7C, 0x00, 0x1E, 0x3C, 0x00, 0x2D, 0x2E, 0x00, 0x7C, 0x0F,
    0xEA, 0xF4, 0x03, 0xFF, 0xD0, 0x00, 0x14, 0x00, 0x00, 0x18, 0x00, 0x00, 0x3D, 0x00, 0x00, 0x2C,
    0x00, 0x74, 0x02, 0xC7, 0x40, 0x2D, 0x74, 0x02, 0xD7, 0x40, 0x2D, 0x74, 0x02, 0xD7, 0x40, 0x2D,
    0x78, 0x02, 0xD7, 0x80, 0x2D, 0x3C, 0x02, 0xD2, 0xF9, 0xBD, 0x0B, 0xFF, 0xC0, 0x00, 0x00, 0x00,
    0xA0, 0x00, 0x0F, 0x00, 0x00, 0xA0, 0x00, 0x00, 0x00, 0x00, 0x00, 0xBE, 0x00, 0x00, 0x0F, 0x00,
    0x00, 0x2E, 0x00, 0x00, 0x14, 0x00, 0x14, 0x00, 0x05, 0x78, 0x00, 0x1E, 0x78, 0x00, 0x1E, 0x78,
    0x00, 0x1E, 0x78, 0x00, 0x1E, 0x78, 0x00, 0x1E, 0x78, 0x00, 0x1E, 0x78, 0x00, 0x1E, 0x78, 0x00,
    0x1E, 0x78, 0x00, 0x1E, 0x7C, 0x00, 0x1E, 0x3C, 0x00, 0x2D, 0x2E, 0x00, 0x7C, 0x0F, 0xEA, 0xF4,
    0x03, 0xFF, 0xD0, 0x00, 0x14, 0x00, 0x01, 0x90, 0x00, 0x2B, 0xC0, 0x00, 0x3C, 0x00, 0x0E, 0x00,
    0x00, 0x00, 0x07, 0x40, 0x2C, 0x74, 0x02, 0xD7, 0x40, 0x2D, 0x74, 0x02, 0xD7, 0x40, 0x2D, 0x74,
    0x02, 0xD7, 0x80, 0x2D, 0x78, 0x02, 0xD3, 0xC0, 0x2D, 0x2F, 0x9B, 0xD0, 0xBF, 0xFC, 0x00, 0x00,
    0x00, 0x00, 0x00, 0x00, 0x00, 0x00, 0x1D, 0x00, 0x00, 0x00, 0xF0, 0x00, 0x00, 0x0F, 0x00, 0x18,
    0x00, 0x10, 0x00, 0xB0, 0x50, 0x00, 0x1B, 0xC7, 0x80, 0x01, 0xF8, 0x1E, 0x00, 0x07, 0x80, 0x78,
    0x00, 0x1E, 0x01, 0xE0, 0x00, 0x78, 0x07, 0x80, 0x01, 0xE0, 0x1E, 0x00, 0x07, 0x80, 0x78, 0x00,
    0x1E, 0x01, 0xE0, 0x00, 0x78, 0x07, 0x80, 0x01, 0xE0, 0x1F, 0x00, 0x07, 0x80, 0x3C, 0x00, 0x2D,
    0x00, 0xB8, 0x01, 0xF0, 0x00, 0xFE, 0xAF, 0x40, 0x00, 0xFF, 0xF4, 0x00, 0x00, 0x14, 0x00, 0x00,
    0x00, 0x00, 0x00, 0x00, 0x1C, 0x00, 0x00, 0x3C, 0x00, 0x00, 0xF0, 0x00, 0x00, 0x80, 0x0F, 0x00,
    0x00, 0x0F, 0x74, 0x02, 0xFD, 0x74, 0x02, 0xE0, 0x74, 0x02, 0xD0, 0x74, 0x02, 0xD0, 0x74, 0x02,
    0xD0, 0x74, 0x02, 0xD0, 0x78, 0x02, 0xD0, 0x78, 0x02, 0xD0, 0x3C, 0x02, 0xD0, 0x2F, 0x9B, 0xD0,
    0x0B, 0xFF, 0xC0, 0x00, 0x00, 0x00, 0x00, 0x00, 0x00, 0x00, 0x03, 0x80, 0x00, 0x00, 0x0B, 0x80,
    0x00, 0x00, 0x0B, 0x40, 0x18, 0x00, 0x04, 0x00, 0xB0, 0x50, 0x00, 0x1B, 0xC7, 0x80, 0x01, 0xF8,
    0x1E, 0x00, 0x07, 0x80, 0x78, 0x00, 0x1E, 0x01, 0xE0, 0x00, 0x78, 0x07, 0x80, 0x01, 0xE0, 0x1E,
    0x00, 0x07, 0x80, 0x78, 0x00, 0x1E, 0x01, 0xE0, 0x00, 0x78, 0x07, 0x80, 0x01, 0xE0, 0x1F, 0x00,
    0x07, 0x80, 0x3C, 0x00, 0x2D, 0x00, 0xB8, 0x01, 0xF0, 0x00, 0xFE, 0xAF, 0x40, 0x00, 0xFF, 0xF4,
    0x00, 0x00, 0x14, 0x00, 0x00, 0x00, 0x00, 0x00, 0x03, 0x00, 0x00, 0x03, 0xC0, 0x00, 0x00, 0xF0,
    0x00, 0x00, 0x20, 0x0F, 0x00, 0x00, 0x0F, 0x74, 0x02, 0xFD, 0x74, 0x02, 0xE0, 0x74, 0x02, 0xD0,
    0x74, 0x02, 0xD0, 0x74, 0x02, 0xD0, 0x74, 0x02, 0xD0, 0x78, 0x02, 0xD0, 0x78, 0x02, 0xD0, 0x3C,
    0x02, 0xD0, 0x2F, 0x9B, 0xD0, 0x0B, 0xFF, 0xC0, 0x00, 0x00, 0x00, 0x00, 0x00, 0x00, 0x00, 0x02,
    0xF8, 0x00, 0x00, 0x00, 0xF0, 0x00, 0x00, 0x0B, 0x80, 0x18, 0x00, 0x14, 0x00, 0xB0, 0x50, 0x00,
    0x1B, 0xC7, 0x80, 0x01, 0xF8, 0x1E, 0x00, 0x07, 0x80, 0x78, 0x00, 0x1E, 0x01, 0xE0, 0x00, 0x78,
    0x07, 0x80, 0x01, 0xE0, 0x1E, 0x00, 0x07, 0x80, 0x78, 0x00, 0x1E, 0x01, 0xE0, 0x00, 0x78, 0x07,
    0x80, 0x01, 0xE0, 0x1F, 0x00, 0x07, 0x80, 0x3C, 0x00, 0x2D, 0x00, 0xB8, 0x01, 0xF0, 0x00, 0xFE,
    0xAF, 0x40, 0x00, 0xFF, 0xF4, 0x00, 0x00, 0x14, 0x00, 0x00, 0x01, 0x90, 0x00, 0x02, 0xBC, 0x00,
    0x00, 0x3C, 0x00, 0x00, 0xE0, 0x0F, 0x00, 0x00, 0x0F, 0x74, 0x02, 0xFD, 0x74, 0x02, 0xE0, 0x74,
    0x02, 0xD0, 0x74, 0x02, 0xD0, 0x74, 0x02, 0xD0, 0x74, 0x02, 0xD0, 0x78, 0x02, 0xD0, 0x78, 0x02,
    0xD0, 0x3C, 0x02, 0xD0, 0x2F, 0x9B, 0xD0, 0x0B, 0xFF, 0xC0, 0x00, 0x00, 0x00, 0x00, 0x50, 0x40,
    0x00, 0x0B, 0xFB, 0x40, 0x00, 0x30, 0xB4, 0x06, 0x00, 0x00, 0x00, 0x2C, 0x14, 0x00, 0x06, 0xF1,
    0xE0, 0x00, 0x7E, 0x07, 0x80, 0x01, 0xE0, 0x1E, 0x00, 0x07, 0x80, 0x78, 0x00, 0x1E, 0x01, 0xE0,
    0x00, 0x78, 0x07, 0x80, 0x01, 0xE0, 0x1E, 0x00, 0x07, 0x80, 0x78, 0x00, 0x1E, 0x01, 0xE0, 0x00,
    0x78, 0x07, 0xC0, 0x01, 0xE0, 0x0F, 0x00, 0x0B, 0x40, 0x2E, 0x00, 0x7C, 0x00, 0x3F, 0xAB, 0xD0,
    0x00, 0x3F, 0xFD, 0x00, 0x00, 0x05, 0x00, 0x00, 0x00, 0x00, 0x00, 0x0B, 0xE7, 0x00, 0x1D, 0xBD,
    0x00, 0x00, 0x00, 0x0F, 0x00, 0x00, 0x0F, 0x74, 0x02, 0xFD, 0x74, 0x02, 0xE0, 0x74, 0x02, 0xD0,
    0x74, 0x02, 0xD0, 0x74, 0x02, 0xD0, 0x74, 0x02, 0xD0, 0x78, 0x02, 0xD0, 0x78, 0x02, 0xD0, 0x3C,
    0x02, 0xD0, 0x2F, 0x9B, 0xD0, 0x0B, 0xFF, 0xC0, 0x00, 0x00, 0x00, 0x00, 0x00, 0x00, 0x60, 0x00,
    0x00, 0x02, 0xC1, 0x40, 0x00, 0x6F, 0x1E, 0x00, 0x07, 0xE0, 0x78, 0x00, 0x1E, 0x01, 0xE0, 0x00,
    0x78, 0x07, 0x80, 0x01, 0xE0, 0x1E, 0x00, 0x07, 0x80, 0x78, 0x00, 0x1E, 0x01, 0xE0, 0x00, 0x78,
    0x07, 0x80, 0x01, 0xE0, 0x1E, 0x00, 0x07, 0x80, 0x7C, 0x00, 0x1E, 0x00, 0xF0, 0x00, 0xB4, 0x02,
    0xE0, 0x07, 0xC0, 0x03, 0xFA, 0xBD, 0x00, 0x03, 0xFF, 0xD0, 0x00, 0x00, 0x50, 0x00, 0x00, 0x01,
    0x80, 0x00, 0x00, 0x0F, 0x40, 0x00, 0x00, 0x2C, 0x00, 0x00, 0x00, 0x00, 0x00, 0x00, 0x00, 0x0F,
    0x00, 0x00, 0x0F, 0x74, 0x02, 0xFD, 0x74, 0x02, 0xE0, 0x74, 0x02, 0xD0, 0x74, 0x02, 0xD0, 0x74,
    0x02, 0xD0, 0x74, 0x02, 0xD0, 0x78, 0x02, 0xD0, 0x78, 0x02, 0xD0, 0x3C, 0x02, 0xD0, 0x2F, 0x9B,
    0xD0, 0x0B, 0xFF, 0xC0, 0x00, 0x00, 0x00, 0x00, 0xA0, 0x00, 0x00, 0xF0, 0x00, 0x00, 0xA0, 0x00,
    0x00, 0x90, 0x00, 0x00, 0x2D, 0x00, 0x00, 0x02, 0xD0, 0x00, 0x00, 0x24, 0x00, 0x00, 0x00, 0x00,
    0x2F, 0x00, 0x03, 0xC3, 0xD0, 0x02, 0xE0, 0xBC, 0x00, 0xF0, 0x0F, 0x40, 0xB8, 0x01, 0xF0, 0x3C,
    0x00, 0x3D, 0x3D, 0x00, 0x03, 0xEF, 0x00, 0x00, 0xBF, 0x00, 0x00, 0x0F, 0x80, 0x00, 0x02, 0xD0,
    0x00, 0x00, 0xB4, 0x00, 0x00, 0x2D, 0x00, 0x00, 0x0B, 0x40, 0x00, 0x02, 0xD0, 0x00, 0x00, 0xB4,
    0x00, 0x01, 0x80, 0x00, 0x0B, 0x80, 0x00, 0x0B, 0x40, 0x00, 0x09, 0x00, 0x00, 0x00, 0x00, 0x00,
    0x00, 0x0B, 0x80, 0x0F, 0x0F, 0x00, 0x78, 0x3C, 0x02, 0xD0, 0xB4, 0x0F, 0x00, 0xF0, 0x3C, 0x03,
    0xC1, 0xD0, 0x07, 0x8B, 0x00, 0x0F, 0x3C, 0x00, 0x2E, 0xD0, 0x00, 0x3F, 0x00, 0x00, 0xB8, 0x00,
    0x02, 0xD0, 0x00, 0x1F, 0x00, 0x2F, 0xF0, 0x00, 0xBE, 0x00, 0x00, 0x54, 0x00, 0x05, 0x1F, 0x00,
    0x07, 0xC3, 0xD0, 0x03, 0xC0, 0x3C, 0x01, 0xE0, 0x0B, 0x80, 0xF0, 0x00, 0xF0, 0xB8, 0x00, 0x1E,
    0x3C, 0x00, 0x03, 0xFD, 0x00, 0x00, 0x3E, 0x00, 0x00, 0x0F, 0x40, 0x00, 0x03, 0xD0, 0x00, 0x00,
    0xF4, 0x00, 0x00, 0x3D, 0x00, 0x00, 0x0F, 0x40, 0x00, 0x03, 0xD0, 0x00, 0x00, 0x00, 0x00, 0x00,
    0x18, 0x00, 0x00, 0x0F, 0x40, 0x00, 0x02, 0xC0, 0x00, 0x74, 0x00, 0xE7, 0xC0, 0x1E, 0x3C, 0x02,
    0xD2, 0xD0, 0x3C, 0x1E, 0x03, 0xC0, 0xF0, 0x74, 0x07, 0x4B, 0x00, 0x3C, 0xF0, 0x02, 0xED, 0x00,
    0x0F, 0xC0, 0x00, 0xB8, 0x00, 0x0B, 0x00, 0x01, 0xE0, 0x9A, 0xFC, 0x1F, 0xBE, 0x00, 0xE0, 0x00,
    0x00, 0x00, 0x00, 0x2F, 0x80, 0x00, 0x00, 0xB0, 0x00, 0x00, 0x78, 0x00, 0x00, 0x18, 0x00, 0x15,
    0x00, 0x01, 0x47, 0xC0, 0x01, 0xF0, 0xF4, 0x00, 0xF0, 0x0F, 0x00, 0x78, 0x02, 0xE0, 0x3C, 0x00,
    0x3C, 0x2E, 0x00, 0x07, 0x8F, 0x00, 0x00, 0xFF, 0x40, 0x00, 0x0F, 0x80, 0x00, 0x03, 0xD0, 0x00,
    0x00, 0xF4, 0x00, 0x00, 0x3D, 0x00, 0x00, 0x0F, 0x40, 0x00, 0x03, 0xD0, 0x00, 0x00, 0xF4, 0x00,
    0x01, 0xA0, 0x00, 0x1B, 0xC0, 0x00, 0x3C, 0x00, 0x0B, 0x00, 0x00, 0x00, 0x07, 0x40, 0x0E, 0x7C,
    0x01, 0xE3, 0xC0, 0x2D, 0x2D, 0x03, 0xC1, 0xE0, 0x3C, 0x0F, 0x07, 0x40, 0x74, 0xB0, 0x03, 0xCF,
    0x00, 0x2E, 0xD0, 0x00, 0xFC, 0x00, 0x0B, 0x80, 0x00, 0xB0, 0x00, 0x1E, 0x00, 0xAF, 0xC0, 0x0B,
    0xE0, 0x00, 0x00, 0xA4, 0x90, 0x00, 0xFF, 0xF0, 0x00, 0x10, 0x10, 0x00, 0x00, 0x00, 0x00, 0x54,
    0x00, 0x05, 0x1F, 0x00, 0x07, 0xC3, 0xD0, 0x03, 0xC0, 0x3C, 0x01, 0xE0, 0x0B, 0x80, 0xF0, 0x00,
    0xF0, 0xB8, 0x00, 0x1E, 0x3C, 0x00, 0x03, 0xFD, 0x00, 0x00, 0x3E, 0x00, 0x00, 0x0F, 0x40, 0x00,
    0x03, 0xD0, 0x00, 0x00, 0xF4, 0x00, 0x00, 0x3D, 0x00, 0x00, 0x0F, 0x40, 0x00, 0x03, 0xD0, 0x00,
    0x00, 0x00, 0x00, 0x7E, 0x74, 0x0D, 0x7E, 0x00, 0x00, 0x00, 0x00, 0x00, 0x07, 0x40, 0x0E, 0x7C,
    0x01, 0xE3, 0xC0, 0x2D, 0x2D, 0x03, 0xC1, 0xE0, 0x3C, 0x0F, 0x07, 0x40, 0x74, 0xB0, 0x03, 0xCF,
    0x00, 0x2E, 0xD0, 0x00, 0xFC, 0x00, 0x0B, 0x80, 0x00, 0xB0, 0x00, 0x1E, 0x00, 0xAF, 0xC0, 0x0B,
    0xE0, 0x00, 0x55, 0x55, 0x55, 0x55, 0x55, 0x55, 0x55, 0x55, 0x20, 0x81, 0xA4, 0x0A, 0x01, 0xF4,
    0x15, 0x40, 0x50, 0x05, 0x00, 0x50, 0x05, 0x00, 0x50, 0x05, 0x00, 0x50, 0x05, 0x00, 0x50, 0x05,
    0x00, 0x50, 0x00, 0x00, 0x20, 0x01, 0x47, 0xFC, 0x66, 0x85, 0x20, 0x50, 0x05, 0x00, 0x50, 0x05,
    0x00, 0x50, 0x05, 0x00, 0x50, 0x05, 0x00, 0x50, 0x05, 0x00, 0x50, 0x00, 0x00, 0x00, 0x00, 0x80,
    0x14, 0x03, 0xFD, 0x29, 0x90, 0x85, 0x00, 0x50, 0x05, 0x00, 0x50, 0x05, 0x00, 0x50, 0x05, 0x00,
    0x50, 0x05, 0x00, 0x50, 0x05, 0x00, 0x50, 0x00, 0x00, 0x07, 0xFF, 0x15, 0x50, 0x15, 0x53, 0xFF,
    0x00, 0x00, 0x3F, 0xFF, 0xFD, 0x3F, 0xFF, 0xFD, 0x3F, 0xFF, 0xFF, 0xFF, 0xFF, 0xF3, 0xFF, 0xFF,
    0xFF, 0xFF, 0xFF, 0x3F, 0xFF, 0xFF, 0xFF, 0xFF, 0xF3, 0xFF, 0xFF, 0xFF, 0xFF, 0xFF, 0x2C, 0x3C,
    0x78, 0xB4, 0xB4, 0x1E, 0x1E, 0x2D, 0x3C, 0x34, 0x1E, 0x1E, 0x2D, 0x3C, 0x34, 0x2C, 0x28, 0x3C,
    0x38, 0x78, 0xB4, 0xB4, 0xF4, 0xB4, 0xF0, 0x1E, 0x2D, 0x1E, 0x2D, 0x2D, 0x3C, 0x3C, 0x38, 0x34,
    0x34, 0x1E, 0x2D, 0x1E, 0x2D, 0x2D, 0x3C, 0x3C, 0x3C, 0x34, 0x34, 0x00, 0xF0, 0x00, 0x0F, 0x00,
    0x00, 0xF0, 0x00, 0x0F, 0x00, 0x00, 0xF0, 0x03, 0xFF, 0xFC, 0x3F, 0xFF, 0xC0, 0x0F, 0x00, 0x00,
    0xF0, 0x00, 0x0F, 0x00, 0x00, 0xF0, 0x00, 0x0F, 0x00, 0x00, 0xF0, 0x00, 0x0F, 0x00, 0x00, 0xF0,
    0x00, 0x0A, 0x00, 0x00, 0xA0, 0x00, 0x0A, 0x00, 0x00, 0xF0, 0x00, 0x0F, 0x00, 0x00, 0xF0, 0x00,
    0x0F, 0x00, 0x00, 0xF0, 0x03, 0xFF, 0xFC, 0x3F, 0xFF, 0xC0, 0x0F, 0x00, 0x00, 0xF0, 0x00, 0x0F,
    0x00, 0x3F, 0xFF, 0xC3, 0xFF, 0xFC, 0x00, 0xF0, 0x00, 0x0F, 0x00, 0x00, 0xF0, 0x00, 0x0A, 0x00,
    0x00, 0xA0, 0x00, 0x0A, 0x00, 0x2F, 0x4B, 0xFC, 0xFF, 0xDB, 0xFC, 0x2F, 0x40, 0xB4, 0x02, 0xD0,
    0x0B, 0x7F, 0x00, 0xFC, 0x03, 0xFB, 0x40, 0x2D, 0x00, 0xB4, 0x1F, 0xD0, 0x03, 0xC0, 0x00, 0x00,
    0x74, 0xB0, 0x0B, 0x00, 0x00, 0x00, 0xF0, 0x38, 0x0E, 0x00, 0x00, 0x00, 0xE0, 0x38, 0x3C, 0x00,
    0x00, 0x00, 0xF0, 0x38, 0x78, 0x00, 0x00, 0x00, 0x74, 0xB0, 0xF0, 0x00, 0x00, 0x00, 0x1F, 0xD1,
    0xE0, 0x00, 0x00, 0x00, 0x00, 0x03, 0xC0, 0x00, 0x00, 0x00, 0x00, 0x07, 0x47, 0xF4, 0x07, 0xF4,
    0x00, 0x0F, 0x0E, 0x1D, 0x1D, 0x2C, 0x00, 0x2D, 0x2C, 0x0F, 0x3C, 0x0E, 0x00, 0x3C, 0x2C, 0x0B,
    0x38, 0x0E, 0x00, 0xB0, 0x2C, 0x0F, 0x3C, 0x0E, 0x00, 0xE0, 0x0E, 0x1D, 0x1D, 0x2C, 0x03, 0xC0,
    0x07, 0xF4, 0x07, 0xF4, 0x01, 0x80, 0x3C, 0x0F, 0x02, 0xE0, 0x3C, 0x02, 0xE0, 0x0F, 0x00, 0x3C,
    0x01, 0x80, 0x28, 0x02, 0xD0, 0x0F, 0x00, 0x78, 0x03, 0xD0, 0x78, 0x0F, 0x02, 0xD0, 0x28, 0x00,
    0x00, 0x00, 0xB4, 0x00, 0x03, 0x80, 0x00, 0x2C, 0x00, 0x00, 0xE0, 0x00, 0x0F, 0x00, 0x00, 0x78,
    0x00, 0x03, 0xC0, 0x00, 0x1D, 0x00, 0x00, 0xF0, 0x00, 0x07, 0x40, 0x00, 0x3C, 0x00, 0x02, 0xC0,
    0x00, 0x0E, 0x00, 0x00, 0xB0, 0x00, 0x03, 0x80, 0x00, 0x00, 0x14, 0x7C, 0x7C, 0x00, 0x00, 0x00,
    0x3C, 0x3C, 0x2D, 0x0D, 0x0E, 0x00, 0x0B, 0xD0, 0xF1, 0xD3, 0x43, 0x9C, 0x0B, 0x70, 0x2C, 0xD0,
    0xE3, 0xC7, 0x42, 0xF4, 0x00, 0xF0, 0x03, 0xF0, 0x0B, 0xB0, 0x1C, 0x70, 0x34, 0x70, 0x7F, 0xFC,
    0x00, 0x70, 0x00, 0x70, 0x0F, 0xF4, 0x70, 0x01, 0xC0, 0x0B, 0xF4, 0x00, 0xB4, 0x00, 0xE1, 0x07,
    0x4B, 0xF4, 0x01, 0xF4, 0x3D, 0x02, 0xC0, 0x0F, 0xF8, 0x34, 0x38, 0xD0, 0xB3, 0xC3, 0x82, 0xF8,
    0x3F, 0xFC, 0x01, 0xC0, 0x0E, 0x00, 0xB0, 0x03, 0x80, 0x1C, 0x00, 0xB0, 0x03, 0x80, 0x0B, 0xE0,
    0xE0, 0xD3, 0x83, 0x8B, 0xFC, 0x2E, 0xF5, 0xD0, 0xE3, 0x43, 0x87, 0xF8, 0x0F, 0xD0, 0xE1, 0xD7,
    0x03, 0x8E, 0x0F, 0x1F, 0xF8, 0x01, 0xD0, 0x2E, 0x0F, 0x90, 0x0B, 0xD0, 0xF1, 0xD3, 0x43, 0x9C,
    0x0B, 0x70, 0x2C, 0xD0, 0xE3, 0xC7, 0x42, 0xF4, 0x0B, 0x3F, 0xAB, 0x07, 0x07, 0x07, 0x07, 0x07,
    0x1F, 0xD0, 0x82, 0xC0, 0x07, 0x00, 0x3C, 0x07, 0xC0, 0x7C, 0x03, 0xC0, 0x0F, 0xFE, 0x2F, 0xD0,
    0x42, 0xC0, 0x0B, 0x02, 0xF4, 0x00, 0xB0, 0x00, 0xD1, 0x07, 0x0F, 0xF4, 0x00, 0xF0, 0x03, 0xF0,
    0x0B, 0xB0, 0x1C, 0x70, 0x34, 0x70, 0x7F, 0xFC, 0x00, 0x70, 0x00, 0x70, 0x0F, 0xF4, 0x70, 0x01,
    0xC0, 0x0B, 0xF4, 0x00, 0xB4, 0x00, 0xE1, 0x07, 0x4B, 0xF4, 0x01, 0xF4, 0x3D, 0x02, 0xC0, 0x0F,
    0xF8, 0x34, 0x38, 0xD0, 0xB3, 0xC3, 0x82, 0xF8, 0x3F, 0xFC, 0x01, 0xC0, 0x0E, 0x00, 0xB0, 0x03,
    0x80, 0x1C, 0x00, 0xB0, 0x03, 0x80, 0x0B, 0xE0, 0xE0, 0xD3, 0x83, 0x8B, 0xFC, 0x2E, 0xF5, 0xD0,
    0xE3, 0x43, 0x87, 0xF8, 0x0F, 0xD0, 0xE1, 0xD7, 0x03, 0x8E, 0x0F, 0x1F, 0xF8, 0x01, 0xD0, 0x2E,
    0x0F, 0x90, 0x7F, 0xFF, 0x40, 0xF7, 0xEA, 0xBC, 0x0F, 0x78, 0x00, 0xE0, 0xF7, 0x80, 0x0A, 0x0F,
    0x78, 0x30, 0xB0, 0xF7, 0x83, 0x0B, 0x0F, 0x78, 0x30, 0xB0, 0xF7, 0x83, 0x0B, 0x0F, 0x78, 0x30,
    0xB0, 0xF7, 0x83, 0x00, 0x0E, 0x78, 0x30, 0x02, 0xE7, 0x83, 0xAA, 0xFC, 0x78, 0x3F, 0xFE, 0x00,
    0x00, 0x1B, 0xF8, 0x00, 0xBF, 0xFC, 0x01, 0xF4, 0x04, 0x03, 0xC0, 0x00, 0x3F, 0xFF, 0xE0, 0x3F,
    0xFF, 0xE0, 0x07, 0x80, 0x00, 0x3F, 0xFF, 0xC0, 0x3F, 0xFF, 0xC0, 0x03, 0xC0, 0x00, 0x03, 0xD0,
    0x00, 0x01, 0xF4, 0x04, 0x00, 0xBF, 0xFD, 0x00, 0x1B, 0xF9, 0x3F, 0xFF, 0xFC, 0x3F, 0xFF, 0xFC,
    0x00, 0x3C, 0x00, 0x00, 0x3C, 0x00, 0x00, 0x3D, 0xE0, 0x00, 0x3F, 0xE0, 0x02, 0xFE, 0x00, 0x0F,
    0xFC, 0x00, 0x09, 0x3D, 0xE0, 0x00, 0x3F, 0xE0, 0x02, 0xFE, 0x00, 0x0F, 0xFC, 0x00, 0x09, 0x3C,
    0x00, 0x00, 0x3C, 0x00, 0x00, 0x3C, 0x00, 0x06, 0xFE, 0x40, 0x0B, 0xFF, 0xD0, 0x01, 0x02, 0xF0,
    0x00, 0x00, 0xF0, 0x00, 0x00, 0xF0, 0x3F, 0xFF, 0xFC, 0x00, 0x2F, 0x40, 0x02, 0xF8, 0x00, 0x3F,
    0xFF, 0xFC, 0x0F, 0x00, 0x00, 0x1E, 0x00, 0x00, 0x0F, 0x00, 0x00, 0x0F, 0x80, 0x60, 0x07, 0xFF,
    0xF4, 0x01, 0xBF, 0xE0, 0xBF, 0xFF, 0xF6, 0xFF, 0xFF, 0xD0, 0x01, 0xE0, 0x00, 0x02, 0xC0, 0xBF,
    0xFF, 0xF2, 0xFF, 0xFF, 0x80, 0x00, 0xF0, 0x00, 0x1F, 0xC0, 0xBF, 0xFC, 0x02, 0xFE, 0x40, 0x03,
    0xD0, 0x00, 0x03, 0xE0, 0x00, 0x02, 0xE0, 0x00, 0x02, 0xE0, 0x00, 0x03, 0xD0, 0x00, 0x0B, 0xFE,
    0x00, 0x0F, 0xFF, 0xC0, 0x04, 0x06, 0xF0, 0x00, 0x00, 0xB4, 0x00, 0x00, 0x3C, 0x01, 0xBF, 0x7C,
    0x07, 0xFF, 0xFC, 0x1F, 0x80, 0xBC, 0x2E, 0x00, 0x3C, 0x3C, 0x00, 0x3C, 0x3C, 0x00, 0x3C, 0x3C,
    0x00, 0x78, 0x3C, 0x00, 0xF4, 0x2F, 0x03, 0xF0, 0x0F, 0xFF, 0xC0, 0x02, 0xFE, 0x00, 0x00, 0x1F,
    0x00, 0x00, 0x03, 0xF4, 0x00, 0x00, 0x3B, 0xC0, 0x00, 0x0B, 0x2D, 0x00, 0x00, 0xE0, 0xE0, 0x00,
    0x1D, 0x0F, 0x00, 0x03, 0xC0, 0x78, 0x00, 0x78, 0x03, 0xC0, 0x0B, 0x00, 0x2D, 0x00, 0xF0, 0x01,
    0xE0, 0x1E, 0x00, 0x0F, 0x02, 0xC0, 0x00, 0xB4, 0x3C, 0x00, 0x07, 0x87, 0xFF, 0xFF, 0xFC, 0xBF,
    0xFF, 0xFF, 0xD0, 0x3F, 0xFF, 0xFF, 0x3F, 0xFF, 0xFF, 0x3C, 0x00, 0x0F, 0x3C, 0x00, 0x0F, 0x3C,
    0x00, 0x0F, 0x3C, 0x00, 0x0F, 0x3C, 0x00, 0x0F, 0x3C, 0x00, 0x0F, 0x3C, 0x00, 0x0F, 0x3C, 0x00,
    0x0F, 0x3C, 0x00, 0x0F, 0x3C, 0x00, 0x0F, 0x3C, 0x00, 0x0F, 0x3C, 0x00, 0x0F, 0x3C, 0x00, 0x0F,
    0x3C, 0x00, 0x0F, 0x3C, 0x00, 0x0F, 0xBF, 0xFF, 0xF5, 0xFF, 0xFF, 0xD3, 0xD0, 0x00, 0x03, 0xC0,
    0x00, 0x0B, 0x80, 0x00, 0x0F, 0x40, 0x00, 0x0F, 0x00, 0x00, 0x1E, 0x00, 0x00, 0x3D, 0x00, 0x02,
    0xE0, 0x00, 0x1F, 0x00, 0x00, 0xF0, 0x00, 0x0F, 0x40, 0x00, 0x78, 0x00, 0x03, 0xC0, 0x00, 0x2F,
    0xFF, 0xFD, 0xBF, 0xFF, 0xF4, 0xFF, 0xFF, 0xEF, 0xFF, 0xFE, 0x00, 0x00, 0xB4, 0x00, 0x03, 0x80,
    0x00, 0x2C, 0x00, 0x00, 0xE0, 0x00, 0x0F, 0x00, 0x00, 0x78, 0x00, 0x03, 0xC0, 0x00, 0x1D, 0x00,
    0x00, 0xF0, 0x00, 0x07, 0x40, 0x00, 0x3C, 0x00, 0x02, 0xC0, 0x00, 0x0E, 0x00, 0x00, 0xB0, 0x00,
    0x03, 0x80, 0x00, 0x00, 0x7B, 0xF7, 0x80, 0x00, 0x00, 0x0F, 0x00, 0x00, 0x03, 0x80, 0x00, 0x01,
    0xD0, 0x00, 0x00, 0xB0, 0x00, 0x00, 0x3C, 0x00, 0x00, 0x0D, 0x00, 0x00, 0x0B, 0x00, 0x00, 0x03,
    0xC0, 0x1B, 0x00, 0xE0, 0x2F, 0xD0, 0x74, 0x06, 0xBC, 0x2C, 0x00, 0x0F, 0x4E, 0x00, 0x01, 0xE7,
    0x40, 0x00, 0x3E, 0xC0, 0x00, 0x07, 0xF0, 0x00, 0x00, 0xF4, 0x00, 0x00, 0x14, 0x00, 0x00, 0x0F,
    0xC2, 0xF4, 0x3F, 0xFF, 0xFD, 0x74, 0x3C, 0x0E, 0x74, 0x3C, 0x0E, 0x3F, 0xFF, 0xFD, 0x0F, 0xC2,
    0xF4, 0x00, 0x7E, 0x01, 0xFE, 0x03, 0xE0, 0x03, 0xC0, 0x03, 0xC0, 0x03, 0xC0, 0x03, 0xC0, 0x03,
    0xC0, 0x03, 0xC0, 0x03, 0xC0, 0x03, 0xC0, 0x03, 0xC0, 0x03, 0xC0, 0x03, 0xC0, 0x03, 0xC0, 0x03,
    0xC0, 0x07, 0xC0, 0x0F, 0x80, 0xFF, 0x00, 0xF8, 0x00, 0x0B, 0xD0, 0x28, 0x7F, 0xE0, 0xE3, 0xC7,
    0xFF, 0x0D, 0x01, 0xF4, 0x0B, 0xD0, 0x28, 0x7F, 0xE0, 0xE3, 0xC7, 0xFF, 0x0D, 0x01, 0xF4, 0x00,
    0x02, 0x00, 0x00, 0xB0, 0x00, 0x0E, 0x0F, 0xFF, 0xFE, 0xFF, 0xFF, 0xE0, 0x07, 0x40, 0x00, 0xF0,
    0x00, 0x1D, 0x00, 0xFF, 0xFF, 0xEF, 0xFF, 0xFE, 0x0F, 0x00, 0x00, 0xE0, 0x00, 0x0C, 0x00, 0x00,
    0x00, 0x01, 0x90, 0x06, 0xFE, 0x0B, 0xFE, 0x0F, 0xF9, 0x00, 0xFC, 0x00, 0x0F, 0xF9, 0x00, 0x0B,
    0xFE, 0x40, 0x06, 0xFE, 0x00, 0x01, 0xD0, 0x00, 0x00, 0xFF, 0xFF, 0xEF, 0xFF, 0xFE, 0x64, 0x00,
    0x0B, 0xF8, 0x00, 0x1B, 0xFE, 0x00, 0x07, 0xFE, 0x00, 0x03, 0xE0, 0x07, 0xFE, 0x1B, 0xFE, 0x0B,
    0xF9, 0x00, 0x64, 0x00, 0x00, 0x00, 0x00, 0xFF, 0xFF, 0xEF, 0xFF, 0xFE, 0x07, 0xFC, 0x07, 0xFD,
    0x2F, 0xFC, 0x1F, 0xFD, 0x3D, 0x00, 0x3E, 0x00, 0x7C, 0x00, 0x3C, 0x00, 0x78, 0x00, 0x3C, 0x00,
    0x7F, 0xFC, 0x3F, 0xFC, 0x7F, 0xFC, 0x3F, 0xFC, 0x78, 0x00, 0x3C, 0x00, 0x78, 0x00, 0x3C, 0x00,
    0x78, 0x00, 0x3C, 0x00, 0x78, 0x00, 0x3C, 0x00, 0x78, 0x00, 0x3C, 0x00, 0x78, 0x00, 0x3C, 0x00,
    0x78, 0x00, 0x3C, 0x00, 0x78, 0x00, 0x3C, 0x00, 0x78, 0x00, 0x3C, 0x00, 0x07, 0xFC, 0x3C, 0x2F,
    0xFC, 0x3C, 0x3D, 0x00, 0x00, 0x7C, 0x00, 0x00, 0x78, 0x00, 0x00, 0x7F, 0xFC, 0x3C, 0x7F, 0xFC,
    0x3C, 0x78, 0x00, 0x3C, 0x78, 0x00, 0x3C, 0x78, 0x00, 0x3C, 0x78, 0x00, 0x3C, 0x78, 0x00, 0x3C,
    0x78, 0x00, 0x3C, 0x78, 0x00, 0x3C, 0x78, 0x00, 0x3C, 0x78, 0x00, 0x3C, 0x07, 0xFC, 0x38, 0x0B,
    0xFF, 0x0F, 0x03, 0xD0, 0x03, 0xC1, 0xF0, 0x00, 0xF0, 0x78, 0x00, 0x3C, 0x1F, 0xFF, 0x0F, 0x07,
    0xFF, 0xC3, 0xC1, 0xE0, 0x00, 0xF0, 0x78, 0x00, 0x3C, 0x1E, 0x00, 0x0F, 0x07, 0x80, 0x03, 0xC1,
    0xE0, 0x00, 0xF0, 0x78, 0x00, 0x3C, 0x1E, 0x00, 0x0F, 0x07, 0x80, 0x03, 0xF5, 0xE0, 0x00, 0x2C,
    0x07, 0xFC, 0x07, 0xFC, 0x3C, 0x2F, 0xFC, 0x1F, 0xFC, 0x3C, 0x3D, 0x00, 0x3E, 0x00, 0x00, 0x7C,
    0x00, 0x3C, 0x00, 0x00, 0x78, 0x00, 0x3C, 0x00, 0x00, 0x7F, 0xFC, 0x3F, 0xFC, 0x3C, 0x7F, 0xFC,
    0x3F, 0xFC, 0x3C, 0x78, 0x00, 0x3C, 0x00, 0x3C, 0x78, 0x00, 0x3C, 0x00, 0x3C, 0x78, 0x00, 0x3C,
    0x00, 0x3C, 0x78, 0x00, 0x3C, 0x00, 0x3C, 0x78, 0x00, 0x3C, 0x00, 0x3C, 0x78, 0x00, 0x3C, 0x00,
    0x3C, 0x78, 0x00, 0x3C, 0x00, 0x3C, 0x78, 0x00, 0x3C, 0x00, 0x3C, 0x78, 0x00, 0x3C, 0x00, 0x3C,
    0x07, 0xFC, 0x07, 0xFC, 0x2C, 0x0B, 0xFF, 0x07, 0xFF, 0x0F, 0x03, 0xD0, 0x03, 0xE0, 0x03, 0xC1,
    0xF0, 0x00, 0xF0, 0x00, 0xF0, 0x78, 0x00, 0x3C, 0x00, 0x3C, 0x1F, 0xFF, 0x0F, 0xFF, 0x0F, 0x07,
    0xFF, 0xC3, 0xFF, 0xC3, 0xC1, 0xE0, 0x00, 0xF0, 0x00, 0xF0, 0x78, 0x00, 0x3C, 0x00, 0x3C, 0x1E,
    0x00, 0x0F, 0x00, 0x0F, 0x07, 0x80, 0x03, 0xC0, 0x03, 0xC1, 0xE0, 0x00, 0xF0, 0x00, 0xF0, 0x78,
    0x00, 0x3C, 0x00, 0x3C, 0x1E, 0x00, 0x0F, 0x00, 0x0F, 0x47, 0x80, 0x03, 0xC0, 0x02, 0xF9, 0xE0,
    0x00, 0xF0, 0x00, 0x2D, 0x00, 0x00, 0x00, 0x00, 0x00, 0x00, 0x00, 0x00, 0x00, 0x3C, 0x38, 0x00,
    0x00, 0x00, 0x2C, 0x34, 0x00, 0x00, 0x00, 0x1D, 0x74, 0x00, 0x00, 0x00, 0x0E, 0x74, 0x00, 0x00,
    0x00, 0x0E, 0x3C, 0x00, 0x00, 0x00, 0x2D, 0x2F, 0x95, 0x55, 0x5A, 0xF8, 0x07, 0xFF, 0xFF, 0xFF,
    0x90, 0x00, 0x15, 0x55, 0x40, 0x00, 0x00, 0x00, 0x00, 0x00, 0x00, 0x00, 0x00, 0x00, 0x00, 0x00,
    0x00, 0x00, 0xE7, 0x40, 0x00, 0x00, 0x00, 0xD3, 0x40, 0x00, 0x00, 0x00, 0x28, 0x00, 0x00, 0x00,
    0x00, 0x3C, 0x00, 0x00, 0x00, 0x00, 0x00, 0x00, 0x00, 0x00, 0x00, 0x00, 0x00, 0x00, 0x00, 0x38,
    0x00, 0x00, 0x00, 0x00, 0x00, 0x34, 0x00, 0x00, 0x00, 0x00, 0x00, 0x74, 0x00, 0x00, 0x00, 0x06,
    0x00, 0x74, 0x00, 0x00, 0x00, 0x2F, 0x00, 0x3C, 0x00, 0x00, 0x01, 0xFF, 0x00, 0x2F, 0x95, 0x55,
    0xBF, 0xD7, 0xE9, 0x07, 0xFF, 0xFF, 0xF9, 0x01, 0xFE, 0x00, 0x15, 0x54, 0x00, 0x00, 0x00, 0x00,
    0x00, 0x00, 0x00, 0x00, 0x00, 0x00, 0x00, 0x00, 0x00, 0x00, 0x00, 0x00, 0x02, 0xCF, 0x00, 0x00,
    0x00, 0x00, 0x01, 0xCA, 0x00, 0x00, 0x00, 0x00, 0x00, 0x34, 0x00, 0x00, 0x00, 0x00, 0x00, 0x78,
    0x00, 0x00, 0x00, 0x00, 0x00, 0x00, 0x00, 0x00, 0x00, 0x00, 0x00, 0x2C, 0x01, 0xE0, 0x0E, 0x00,
    0xB0, 0x0B, 0x00, 0xF2, 0xBD, 0x3F, 0x40, 0x00, 0x00, 0x03, 0xCE, 0x28, 0xD0, 0x70, 0x0B, 0x40,
    0x00, 0x01, 0x80, 0x00, 0xB0, 0x00, 0x3C, 0x00, 0x0F, 0x00, 0xAF, 0xFA, 0x7F, 0x5F, 0xE0, 0x00,
    0x00, 0x00, 0x00, 0x2C, 0xF0, 0x07, 0x2C, 0x00, 0x34, 0x00, 0x0E, 0x00, 0x00, 0x00, 0x00, 0x00,
    0x00, 0x00, 0x00, 0x00, 0x00, 0x00, 0x70, 0x00, 0x00, 0x00, 0x00, 0x71, 0x00, 0x00, 0x00, 0x00,
    0x7F, 0xC0, 0x00, 0x00, 0x00, 0x70, 0xC0, 0x00, 0x00, 0x01, 0xFF, 0x80, 0x00, 0x00, 0x00, 0x54,
    0x00, 0x00, 0x00, 0x00, 0x00, 0x00, 0x3C, 0x38, 0x00, 0x00, 0x00, 0x2C, 0x34, 0x00, 0x00, 0x00,
    0x1D, 0x74, 0x00, 0x00, 0x00, 0x0E, 0x74, 0x00, 0x00, 0x00, 0x0E, 0x3C, 0x00, 0x00, 0x00, 0x2D,
    0x2F, 0x95, 0x55, 0x5A, 0xF8, 0x07, 0xFF, 0xFF, 0xFF, 0x90, 0x00, 0x15, 0x55, 0x40, 0x00, 0x00,
    0x00, 0x00, 0x00, 0x00, 0x00, 0x00, 0x00, 0x70, 0x00, 0x00, 0x00, 0x00, 0x00, 0x71, 0x00, 0x00,
    0x00, 0x00, 0x00, 0x7F, 0xC0, 0x00, 0x00, 0x00, 0x00, 0x70, 0xC0, 0x00, 0x00, 0x00, 0x01, 0xFF,
    0x80, 0x00, 0x00, 0x00, 0x00, 0x54, 0x00, 0x00, 0x00, 0x00, 0x00, 0x00, 0x00, 0x00, 0x00, 0x38,
    0x00, 0x00, 0x00, 0x00, 0x00, 0x34, 0x00, 0x00, 0x00, 0x00, 0x00, 0x74, 0x00, 0x00, 0x00, 0x06,
    0x00, 0x74, 0x00, 0x00, 0x00, 0x2F, 0x00, 0x3C, 0x00, 0x00, 0x01, 0xFF, 0x00, 0x2F, 0x95, 0x55,
    0xBF, 0xD7, 0xE9, 0x07, 0xFF, 0xFF, 0xF9, 0x01, 0xFE, 0x00, 0x15, 0x54, 0x00, 0x00, 0x00, 0x00,
    0x03, 0x40, 0x35, 0x43, 0xFD, 0x38, 0xAF, 0xFC, 0x15, 0x00, 0x00, 0x00, 0x00, 0xF0, 0x0B, 0x00,
    0x74, 0x03, 0x40, 0x38, 0x03, 0x4A, 0xF0, 0xF8, 0x00, 0x00, 0x00, 0x00, 0x01, 0x80, 0x00, 0x71,
    0x00, 0x1F, 0xF0, 0x0B, 0x0C, 0x07, 0xFE, 0x00, 0x54, 0x00, 0x00, 0x00, 0x00, 0x00, 0x00, 0x60,
    0x00, 0x2C, 0x00, 0x0F, 0x00, 0x03, 0xC0, 0x2B, 0xFE, 0x9F, 0xD7, 0xF8, 0x00, 0x00, 0x1A, 0x90,
    0x00, 0x0F, 0xFF, 0xD0, 0x00, 0x01, 0xBF, 0xF4, 0x00, 0x1B, 0xFD, 0x00, 0x3F, 0x40, 0x00, 0xBD,
    0x00, 0x00, 0xB8, 0x00, 0x00, 0x78, 0x00, 0x00, 0x3C, 0x3C, 0xE0, 0x1D, 0x0A, 0x34, 0x0B, 0x00,
    0x70, 0x03, 0xC0, 0x2C, 0x00, 0xB0, 0x00, 0x00, 0x1E, 0x00, 0x00, 0x03, 0xE0, 0x00, 0x00, 0x3F,
    0xEA, 0xBE, 0x01, 0xBF, 0xFE, 0x00, 0x00, 0x00, 0x00, 0x1A, 0x90, 0x00, 0x00, 0x0F, 0xFF, 0xD0,
    0x00, 0x00, 0x01, 0xBF, 0xF4, 0x00, 0x00, 0x1B, 0xFD, 0x00, 0x00, 0x3F, 0x5C, 0x00, 0x00, 0xBD,
    0x03, 0x40, 0x00, 0xB8, 0x00, 0xF0, 0x00, 0x78, 0x00, 0x1F, 0xE4, 0x3C, 0x3C, 0xE1, 0xFF, 0x1D,
    0x0A, 0x34, 0x00, 0x0B, 0x00, 0x70, 0x00, 0x03, 0xC0, 0x2C, 0x00, 0x00, 0xB0, 0x00, 0x00, 0x00,
    0x1E, 0x00, 0x00, 0x00, 0x03, 0xE0, 0x00, 0x00, 0x00, 0x3F, 0xEA, 0xBE, 0x00, 0x01, 0xBF, 0xFE,
    0x00, 0x00, 0x00, 0x00, 0x00, 0x00, 0x01, 0x40, 0x00, 0x2F, 0xF8, 0x00, 0x15, 0x6F, 0x80, 0x00,
    0x02, 0xFD, 0x00, 0x02, 0xFD, 0x00, 0x6F, 0x80, 0xAF, 0xF8, 0x00, 0xFE, 0x40, 0x00, 0x00, 0x00,
    0x00, 0x00, 0x00, 0x00, 0x02, 0xDB, 0x00, 0x01, 0xC7, 0x00, 0x00, 0x38, 0x00, 0x00, 0x38, 0x00,
    0x00, 0x00, 0x00, 0x01, 0x40, 0x00, 0x00, 0xBF, 0xE0, 0x00, 0x01, 0x56, 0xF8, 0x00, 0x00, 0x00,
    0xBF, 0x40, 0x00, 0x02, 0xFD, 0x00, 0x01, 0xBE, 0xE0, 0x0A, 0xFF, 0x82, 0xFA, 0x3F, 0x90, 0x02,
    0xFC, 0x00, 0x00, 0x00, 0x00, 0x00, 0x00, 0x00, 0x00, 0x3C, 0xF0, 0x00, 0x00, 0xA3, 0x80, 0x00,
    0x00, 0x70, 0x00, 0x00, 0x01, 0xD0, 0x00, 0x00, 0x00, 0x00, 0x00, 0x00, 0x00, 0x00, 0x00, 0xC0,
    0x00, 0x35, 0x40, 0x0F, 0xF4, 0x03, 0x4D, 0x03, 0xFF, 0x00, 0x15, 0x00, 0x00, 0x00, 0x00, 0x00,
    0x00, 0x04, 0x00, 0x03, 0xC0, 0x00, 0xB8, 0x00, 0x0F, 0x00, 0x01, 0xD0, 0x00, 0x3C, 0x00, 0x0B,
    0x00, 0x03, 0xCF, 0xAB, 0xD2, 0xFF, 0xD0, 0x00, 0x00, 0x00, 0x00, 0x00, 0x00, 0xC0, 0x00, 0x00,
    0x35, 0x40, 0x00, 0x0F, 0xF4, 0x00, 0x03, 0x4A, 0x00, 0x03, 0xFF, 0x00, 0x00, 0x15, 0x00, 0x00,
    0x00, 0x00, 0x00, 0x00, 0x00, 0x00, 0x00, 0x04, 0x00, 0x00, 0x03, 0xC0, 0x00, 0x00, 0xB4, 0x00,
    0x00, 0x0F, 0x00, 0x00, 0x01, 0xD0, 0x00, 0x00, 0x3C, 0x00, 0x00, 0x0B, 0x00, 0x00, 0x03, 0xE0,
    0x0F, 0xAB, 0xFF, 0x82, 0xFF, 0xD2, 0xF0, 0x00, 0x00, 0x00, 0x00, 0x00, 0x00, 0xE0, 0x00, 0xD0,
    0x07, 0x28, 0x0B, 0x3C, 0x00, 0x00, 0x00, 0x00, 0x00, 0x00, 0x00, 0x70, 0x00, 0x78, 0x00, 0x3C,
    0x00, 0x1C, 0x00, 0x1D, 0x00, 0x1C, 0x00, 0x2C, 0x00, 0x38, 0x00, 0xF0, 0x0B, 0xC0, 0x7E, 0x00,
    0x24, 0x00, 0x00, 0x00, 0x00, 0x07, 0x40, 0x00, 0x1C, 0x00, 0x02, 0x8A, 0x00, 0x0F, 0x3C, 0x00,
    0x00, 0x00, 0x00, 0x00, 0x00, 0x00, 0x00, 0x00, 0x00, 0x70, 0x00, 0x01, 0xE0, 0x00, 0x03, 0xC0,
    0x00, 0x07, 0x40, 0x00, 0x1E, 0x00, 0x00, 0x7F, 0x80, 0x02, 0xEF, 0x00, 0x0E, 0x00, 0x01, 0xF0,
    0x00, 0x2F, 0x00, 0x07, 0xF0, 0x00, 0x09, 0x00, 0x00, 0x00, 0x00, 0x03, 0x40, 0x03, 0x54, 0x03,
    0xFE, 0x03, 0x8A, 0x0F, 0xFC, 0x01, 0x50, 0x00, 0x00, 0x00, 0x00, 0x00, 0x70, 0x00, 0x78, 0x00,
    0x3C, 0x00, 0x1C, 0x00, 0x1D, 0x00, 0x1C, 0x00, 0x2C, 0x00, 0x38, 0x00, 0xF0, 0x0B, 0xC0, 0x7E,
    0x00, 0x24, 0x00, 0x00, 0x00, 0x00, 0x0C, 0x00, 0x00, 0x31, 0x00, 0x00, 0xFF, 0x00, 0x03, 0x4D,
    0x00, 0x3F, 0xF0, 0x00, 0x55, 0x00, 0x00, 0x00, 0x00, 0x00, 0x00, 0x00, 0x01, 0xC0, 0x00, 0x07,
    0x80, 0x00, 0x0F, 0x00, 0x00, 0x1D, 0x00, 0x00, 0x78, 0x00, 0x01, 0xFE, 0x00, 0x0B, 0xBC, 0x00,
    0x38, 0x00, 0x07, 0xC0, 0x00, 0xBC, 0x00, 0x1F, 0xC0, 0x00, 0x24, 0x00, 0x00, 0x00, 0x00, 0x00,
    0x00, 0x20, 0x00, 0x00, 0x00, 0x0B, 0xD0, 0x00, 0x00, 0x02, 0xFD, 0x00, 0x00, 0x00, 0x7F, 0x40,
    0x00, 0x00, 0x07, 0xD0, 0x00, 0x00, 0x00, 0x2D, 0x00, 0x00, 0x00, 0x00, 0x7D, 0x00, 0x00, 0x00,
    0x00, 0x3D, 0x00, 0x38, 0x00, 0x00, 0x3D, 0x00, 0xD0, 0x00, 0x00, 0x3C, 0x07, 0x40, 0x00, 0x00,
    0x38, 0x1D, 0x00, 0x00, 0x00, 0xB0, 0x3C, 0x00, 0x00, 0x03, 0xC0, 0xBE, 0x55, 0x55, 0xBE, 0x00,
    0x7F, 0xFF, 0xFF, 0xD0, 0x00, 0x05, 0x55, 0x40, 0x00, 0x00, 0x00, 0x00, 0x00, 0x20, 0x00, 0x00,
    0x00, 0x00, 0x2F, 0x40, 0x00, 0x00, 0x00, 0x2F, 0xD0, 0x00, 0x00, 0x00, 0x1F, 0xD0, 0x00, 0x00,
    0x00, 0x07, 0xD0, 0x00, 0x00, 0x00, 0x00, 0xB0, 0x00, 0x00, 0x00, 0x00, 0x07, 0xC0, 0x00, 0x00,
    0x00, 0x00, 0x0F, 0x40, 0x00, 0x38, 0x00, 0x00, 0x3D, 0x00, 0x03, 0x40, 0x00, 0x00, 0xF0, 0x00,
    0x74, 0x00, 0x00, 0x07, 0xC0, 0x07, 0x40, 0x00, 0x00, 0x2D, 0x00, 0x3C, 0x00, 0x00, 0x03, 0xF0,
    0x02, 0xF9, 0x55, 0x5A, 0xFB, 0xE8, 0x07, 0xFF, 0xFF, 0xF9, 0x0F, 0xC0, 0x01, 0x55, 0x50, 0x00,
    0x00, 0x00, 0x01, 0x00, 0x07, 0xE0, 0x1F, 0xD0, 0x3F, 0x40, 0x3D, 0x00, 0x1E, 0x00, 0x03, 0xE0,
    0x00, 0x2F, 0x00, 0x02, 0xE0, 0x00, 0x2D, 0x00, 0x03, 0xC0, 0x00, 0x74, 0x00, 0x1C, 0x2A, 0xBF,
    0x0F, 0xFE, 0x00, 0x00, 0x00, 0x00, 0x01, 0x00, 0x00, 0x1F, 0x80, 0x01, 0xFD, 0x00, 0x0F, 0xD0,
    0x00, 0x3E, 0x00, 0x00, 0x74, 0x00, 0x00, 0x3D, 0x00, 0x00, 0x0F, 0x80, 0x00, 0x03, 0xE0, 0x00,
    0x00, 0xF4, 0x00, 0x00, 0x3C, 0x00, 0x00, 0x1E, 0x00, 0x00, 0x1F, 0x40, 0xAA, 0xFF, 0xF8, 0xFF,
    0xE0, 0xBD, 0x00, 0x00, 0x00, 0x00, 0x00, 0x00, 0x00, 0x00, 0x00, 0x00, 0x00, 0x07, 0x00, 0x00,
    0x00, 0x01, 0xF8, 0x00, 0x00, 0x00, 0x3E, 0x08, 0x00, 0x00, 0x0B, 0xC2, 0xF4, 0x00, 0x00, 0x34,
    0xBF, 0x40, 0x00, 0x00, 0x1F, 0xD0, 0x00, 0x00, 0x01, 0xF4, 0x00, 0x00, 0x00, 0x0B, 0x40, 0x00,
    0x00, 0x00, 0x1F, 0x40, 0x00, 0x00, 0x00, 0x0F, 0x40, 0x0E, 0x00, 0x00, 0x0F, 0x40, 0x34, 0x00,
    0x00, 0x0F, 0x01, 0xD0, 0x00, 0x00, 0x0E, 0x07, 0x40, 0x00, 0x00, 0x2C, 0x0F, 0x00, 0x00, 0x00,
    0xF0, 0x2F, 0x95, 0x55, 0x6F, 0x80, 0x1F, 0xFF, 0xFF, 0xF4, 0x00, 0x01, 0x55, 0x50, 0x00, 0x00,
    0x00, 0x00, 0x00, 0x00, 0x00, 0x00, 0x00, 0x00, 0x00, 0x1C, 0x00, 0x00, 0x00, 0x00, 0x1F, 0x80,
    0x00, 0x00, 0x00, 0x0F, 0x82, 0x00, 0x00, 0x00, 0x0B, 0xC2, 0xF4, 0x00, 0x00, 0x00, 0xD2, 0xFD,
    0x00, 0x00, 0x00, 0x01, 0xFD, 0x00, 0x00, 0x00, 0x00, 0x7D, 0x00, 0x00, 0x00, 0x00, 0x0B, 0x00,
    0x00, 0x00, 0x00, 0x00, 0x7C, 0x00, 0x00, 0x00, 0x00, 0x00, 0xF4, 0x00, 0x03, 0x80, 0x00, 0x03,
    0xD0, 0x00, 0x34, 0x00, 0x00, 0x0F, 0x00, 0x07, 0x40, 0x00, 0x00, 0x7C, 0x00, 0x74, 0x00, 0x00,
    0x02, 0xD0, 0x03, 0xC0, 0x00, 0x00, 0x3F, 0x00, 0x2F, 0x95, 0x55, 0xAF, 0xBE, 0x80, 0x7F, 0xFF,
    0xFF, 0x90, 0xFC, 0x00, 0x15, 0x55, 0x00, 0x00, 0x00, 0x00, 0x00, 0x00, 0x07, 0x40, 0x0F, 0xC0,
    0x2F, 0x44, 0x7D, 0x1F, 0xA8, 0x7F, 0x40, 0xFD, 0x00, 0xF4, 0x00, 0x78, 0x00, 0x0F, 0x80, 0x00,
    0xBC, 0x00, 0x0B, 0x80, 0x00, 0xB4, 0x00, 0x0F, 0x00, 0x01, 0xD0, 0x00, 0x70, 0xAA, 0xFC, 0x3F,
    0xF8, 0x00, 0x00, 0x00, 0x00, 0x00, 0x00, 0x00, 0x1D, 0x00, 0x00, 0xFC, 0x00, 0x0B, 0xD1, 0x00,
    0x7D, 0x1F, 0x80, 0xA1, 0xFD, 0x00, 0x0F, 0xD0, 0x00, 0x3E, 0x00, 0x00, 0x74, 0x00, 0x00, 0x3D,
    0x00, 0x00, 0x0F, 0x80, 0x00, 0x03, 0xE0, 0x00, 0x00, 0xF4, 0x00, 0x00, 0x3C, 0x00, 0x00, 0x1E,
    0x00, 0x00, 0x1F, 0x40, 0xAA, 0xFF, 0xF8, 0xFF, 0xE0, 0xBD, 0x00, 0x00, 0x00, 0x00, 0x00, 0x01,
    0x00, 0x00, 0x00, 0xB0, 0x00, 0x00, 0x07, 0x81, 0x40, 0x00, 0x3C, 0x3C, 0x00, 0x02, 0xC3, 0x80,
    0x00, 0x1C, 0x74, 0x00, 0x02, 0xC7, 0x40, 0x00, 0x3C, 0x3C, 0x00, 0x07, 0x82, 0xF4, 0x02, 0xF0,
    0x0B, 0xFF, 0xFC, 0x00, 0x0A, 0xF9, 0x00, 0x00, 0x00, 0x02, 0x40, 0x00, 0x00, 0x00, 0xE0, 0x01,
    0x40, 0x00, 0x3C, 0x00, 0xF0, 0x00, 0x0B, 0x40, 0x38, 0x00, 0x02, 0xFA, 0x1D, 0x00, 0x00, 0xBF,
    0xC7, 0x40, 0x00, 0x2C, 0x00, 0xF0, 0x00, 0x0E, 0x00, 0x2E, 0x00, 0x1F, 0x00, 0x02, 0xFF, 0xFF,
    0x40, 0x00, 0x1B, 0xF9, 0x00, 0x00, 0x01, 0x00, 0x03, 0xD0, 0x03, 0xF0, 0x0E, 0x3C, 0x2C, 0x0D,
    0x34, 0x0E, 0x74, 0x0B, 0x78, 0x0E, 0x3F, 0xBC, 0x0B, 0xF4, 0x06, 0xE0, 0x00, 0x2F, 0xF8, 0x00,
    0x78, 0x2C, 0x00, 0xB0, 0x0D, 0x00, 0xB0, 0x0F, 0x00, 0x74, 0x07, 0xE4, 0x20, 0x01, 0xFC, 0x00,
    0x00, 0x00, 0x00, 0x03, 0xC0, 0xB0, 0x1D, 0x03, 0x40, 0xE0, 0x36, 0xBC, 0xF8, 0x00, 0x00, 0xC0,
    0x70, 0x0C, 0x00, 0x00, 0x00, 0x00, 0x3C, 0x00, 0x0B, 0xE0, 0x1A, 0x3F, 0x82, 0xFC, 0x0B, 0x1E,
    0x00, 0x1C, 0xB0, 0x00, 0x3B, 0x80, 0x00, 0xBD, 0x00, 0x00, 0xF4, 0x00, 0x00, 0x40, 0x00, 0x00,
    0x00, 0x00, 0x00, 0x02, 0xD0, 0x00, 0x00, 0x1F, 0x40, 0x00, 0x07, 0xFE, 0x00, 0x00, 0xF1, 0xF8,
    0x00, 0x1D, 0x0B, 0xE0, 0x01, 0xD0, 0xFB, 0x40, 0x0F, 0x1E, 0x3C, 0x00, 0x7F, 0xC2, 0xC6, 0xAB,
    0xFE, 0xBC, 0x7F, 0xE6, 0xFF, 0x00, 0x00, 0x00, 0x00, 0x00, 0x01, 0x90, 0x00, 0x00, 0xFF, 0x00,
    0x00, 0x2D, 0x78, 0x00, 0x03, 0x83, 0xC0, 0x00, 0xB0, 0x38, 0x00, 0x0F, 0x07, 0x40, 0x00, 0xE1,
    0xF0, 0x06, 0xAF, 0xFF, 0xE9, 0x7F, 0xF9, 0xBF, 0xE0, 0x0F, 0x00, 0xD0, 0x00, 0xB4, 0x0E, 0x00,
    0x03, 0xD1, 0xE0, 0x00, 0x1F, 0xFC, 0x00, 0x00, 0x19, 0x00, 0x00, 0x00, 0x00, 0x02, 0xC0, 0x00,
    0x01, 0xF4, 0x00, 0x07, 0xFE, 0x00, 0x0F, 0x1F, 0x80, 0x1D, 0x0F, 0xE0, 0x1D, 0x0F, 0xB4, 0x0E,
    0x1E, 0x3C, 0x0B, 0xFC, 0x2C, 0xAF, 0xFE, 0xBC, 0xFE, 0x6F, 0xF0, 0x00, 0x00, 0x00, 0x00, 0x28,
    0x00, 0x00, 0xFF, 0x00, 0x03, 0xD7, 0x40, 0x07, 0x43, 0x80, 0x0F, 0x03, 0x40, 0x0E, 0x0B, 0x00,
    0x0D, 0x1E, 0x00, 0xAF, 0xFF, 0xE8, 0xFF, 0x5B, 0xFD, 0x0E, 0x00, 0xD0, 0x0F, 0x00, 0xD0, 0x07,
    0xD2, 0xD0, 0x02, 0xFF, 0xC0, 0x00, 0x19, 0x00, 0x00, 0x14, 0x00, 0x00, 0x00, 0x01, 0xF8, 0x00,
    0x00, 0x00, 0x0E, 0xF4, 0x00, 0x00, 0x00, 0xF0, 0xF0, 0x00, 0x00, 0x0F, 0x82, 0xC0, 0x00, 0x00,
    0xB8, 0x00, 0x00, 0x00, 0x03, 0x80, 0x00, 0x00, 0x00, 0x1E, 0x00, 0x00, 0x00, 0x00, 0x3F, 0xA5,
    0x55, 0x56, 0xB8, 0x1F, 0xFF, 0xFF, 0xFF, 0xD0, 0x00, 0x55, 0x55, 0x00, 0x00, 0x00, 0x05, 0x6A,
    0x01, 0xBF, 0xFF, 0xD3, 0xFA, 0x50, 0x03, 0xD0, 0x00, 0x00, 0xF0, 0x00, 0x00, 0x2F, 0x40, 0x00,
    0x01, 0xFF, 0xFA, 0xB4, 0x01, 0xAA, 0xE8, 0x07, 0xC0, 0x00, 0x00, 0x00, 0x34, 0x00, 0x00, 0x00,
    0x00, 0xD0, 0x00, 0x00, 0x00, 0x02, 0xFC, 0x00, 0x00, 0x00, 0x0E, 0x40, 0x00, 0x00, 0x00, 0x00,
    0x50, 0x00, 0x00, 0x00, 0x07, 0xE0, 0x00, 0x00, 0x00, 0x3B, 0xD0, 0x00, 0x00, 0x03, 0xC3, 0xC0,
    0x00, 0x00, 0x3E, 0x0B, 0x00, 0x00, 0x02, 0xE0, 0x00, 0x00, 0x00, 0x0E, 0x00, 0x00, 0x00, 0x00,
    0x78, 0x00, 0x00, 0x00, 0x00, 0xFE, 0x95, 0x55, 0x5A, 0xE0, 0x7F, 0xFF, 0xFF, 0xFF, 0x40, 0x01,
    0x55, 0x54, 0x00, 0x07, 0xC0, 0x00, 0x03, 0x40, 0x00, 0x00, 0xD0, 0x00, 0x00, 0x2F, 0xC0, 0x00,
    0x0E, 0x40, 0x00, 0x00, 0x01, 0x5A, 0x80, 0x6F, 0xFF, 0xF4, 0xFE, 0x94, 0x00, 0xF4, 0x00, 0x00,
    0x3C, 0x00, 0x00, 0x0B, 0xD0, 0x00, 0x00, 0x7F, 0xFE, 0xAD, 0x00, 0x6A, 0xBA, 0x00, 0x00, 0x00,
    0x01, 0xA8, 0x00, 0x00, 0x0F, 0xFC, 0x00, 0x00, 0x3D, 0x04, 0x00, 0x00, 0xB0, 0x00, 0x00, 0x00,
    0xE0, 0x00, 0x14, 0x00, 0xF0, 0x00, 0x3C, 0x00, 0x7F, 0x40, 0x38, 0x00, 0x0B, 0xF0, 0x74, 0x00,
    0x00, 0xB8, 0x74, 0x00, 0x00, 0x78, 0x3C, 0x00, 0x00, 0xF0, 0x2F, 0x40, 0x0B, 0xD0, 0x0B, 0xFF,
    0xFF, 0x00, 0x00, 0xAF, 0xA0, 0x00, 0x14, 0x00, 0x00, 0x00, 0x0F, 0x00, 0x03, 0x90, 0x03, 0x80,
    0x00, 0xFF, 0xA1, 0xD0, 0x00, 0x02, 0xFC, 0x74, 0x00, 0x00, 0x38, 0x0F, 0x00, 0x00, 0x1D, 0x02,
    0xF4, 0x00, 0x6F, 0x00, 0x2F, 0xFF, 0xFE, 0x00, 0x00, 0xAF, 0xA4, 0x00, 0x00, 0x00, 0x00, 0x2C,
    0x01, 0xE0, 0x0E, 0x00, 0xB0, 0x0B, 0x00, 0xF2, 0xBD, 0x3F, 0x40, 0x00, 0x00, 0x03, 0xCE, 0x28,
    0xE0, 0x01, 0x80, 0x00, 0xB0, 0x00, 0x3C, 0x00, 0x0F, 0x00, 0xAF, 0xFA, 0x7F, 0x5F, 0xE0, 0x00,
    0x00, 0x00, 0x00, 0x1D, 0xB0, 0x07, 0x2C, 0x00, 0x00, 0x50, 0x0B, 0xF0, 0x1E, 0x50, 0x3C, 0x00,
    0x2C, 0x00, 0x1E, 0x04, 0x0B, 0xFE, 0x6F, 0xF4, 0x7D, 0x00, 0x00, 0x00, 0x0A, 0x00, 0x3A, 0xFD,
    0x00, 0x10, 0x00, 0x00, 0x00, 0x40, 0x01, 0xC0, 0x01, 0xC0, 0x01, 0xD0, 0x01, 0xD0, 0x01, 0xD0,
    0x01, 0xD0, 0x01, 0xD0, 0x01, 0xD0, 0x01, 0xD0, 0x00, 0xD0, 0x00, 0xD0, 0x00, 0xE0, 0x00, 0xE0,
    0x0A, 0x00, 0x03, 0xAF, 0xD0, 0x00, 0x10, 0x00, 0x00, 0x00, 0x01, 0xC0, 0x00, 0x1D, 0x00, 0x01,
    0xD0, 0x00, 0x1D, 0x00, 0x01, 0xD0, 0x00, 0x1D, 0x00, 0x01, 0xD0, 0x00, 0x0D, 0x00, 0x00, 0xE0,
    0x00, 0x0E, 0x00, 0x00, 0xE0, 0x00, 0x0E, 0x00, 0x00, 0xF0, 0x00, 0x0B, 0xE8, 0x00, 0x2F, 0xC0,
    0x00, 0x00, 0x3C, 0x28, 0x0A, 0x01, 0xFC, 0xA4, 0x00, 0x00, 0x40, 0x70, 0x1C, 0x07, 0x41, 0xD0,
    0x74, 0x1D, 0x07, 0x41, 0xD0, 0x74, 0x0D, 0x03, 0x40, 0xE0, 0x38, 0x3C, 0x00, 0xA0, 0x00, 0xA0,
    0x00, 0x7F, 0x00, 0xA4, 0x00, 0x00, 0x00, 0x1C, 0x00, 0x1D, 0x00, 0x1D, 0x00, 0x1D, 0x00, 0x1D,
    0x00, 0x1D, 0x00, 0x1D, 0x00, 0x0D, 0x00, 0x0E, 0x00, 0x0E, 0x00, 0x0E, 0x00, 0x0E, 0x00, 0x0F,
    0x00, 0x0B, 0xE8, 0x02, 0xFC, 0x00, 0x00, 0x02, 0xE0, 0x00, 0xC0, 0x00, 0x30, 0x00, 0x0B, 0xE0,
    0x03, 0x90, 0x00, 0x00, 0x00, 0x2F, 0x40, 0x2E, 0xF4, 0x1D, 0x0E, 0x0B, 0x02, 0xC2, 0xC0, 0x70,
    0x7E, 0xBC, 0x0B, 0xFF, 0x00, 0x03, 0xC0, 0x02, 0xD0, 0x0B, 0xE0, 0x3F, 0xD0, 0x0A, 0x40, 0x00,
    0x02, 0xE0, 0x00, 0x0C, 0x00, 0x00, 0x30, 0x00, 0x00, 0xBE, 0x00, 0x03, 0x90, 0x00, 0x00, 0x00,
    0x00, 0x2F, 0x40, 0x02, 0xFF, 0x40, 0x1E, 0x0F, 0x00, 0xB0, 0x2C, 0x02, 0xC0, 0x70, 0x07, 0xEB,
    0xE9, 0x0B, 0xFF, 0xF8, 0x00, 0x3C, 0x00, 0x02, 0xD0, 0x00, 0xBE, 0x00, 0x3F, 0xD0, 0x00, 0xA4,
    0x00, 0x00, 0x70, 0x1C, 0x07, 0x41, 0xD0, 0x74, 0x1D, 0x07, 0x41, 0xD0, 0x74, 0x0D, 0x03, 0x40,
    0xE0, 0x38, 0x0E, 0x03, 0x80, 0x00, 0x3C, 0x34, 0x0D, 0x01, 0xFC, 0xA4, 0x00, 0x70, 0x01, 0xD0,
    0x07, 0x40, 0x1D, 0x00, 0x74, 0x01, 0xD0, 0x07, 0x40, 0x0D, 0x00, 0x38, 0x00, 0xE0, 0x03, 0x80,
    0x0E, 0x00, 0x3C, 0x00, 0xBE, 0x80, 0xBF, 0x00, 0x00, 0x3C, 0x02, 0x80, 0x0A, 0x00, 0x1F, 0xC0,
    0xA4, 0x00, 0x02, 0xD0, 0x01, 0xA8, 0x0A, 0x00, 0x0F, 0xFC, 0x06, 0x00, 0x3D, 0x04, 0x03, 0xF4,
    0xB0, 0x00, 0x06, 0x40, 0xE0, 0x00, 0x14, 0x00, 0xF0, 0x00, 0x3C, 0x00, 0x7F, 0x40, 0x38, 0x00,
    0x0B, 0xF0, 0x74, 0x00, 0x00, 0xB8, 0x74, 0x00, 0x00, 0x78, 0x3C, 0x00, 0x00, 0xF0, 0x2F, 0x40,
    0x0B, 0xD0, 0x0B, 0xFF, 0xFF, 0x00, 0x00, 0xAF, 0xA0, 0x00, 0x02, 0xD0, 0x00, 0x00, 0x02, 0x80,
    0x00, 0x00, 0x00, 0x60, 0x00, 0x00, 0x00, 0x0F, 0xD0, 0x00, 0x00, 0x06, 0x40, 0x00, 0x00, 0x05,
    0x00, 0x00, 0x00, 0x03, 0xC0, 0x00, 0xE4, 0x00, 0xE0, 0x00, 0x3F, 0xE8, 0x74, 0x00, 0x00, 0xBF,
    0x1D, 0x00, 0x00, 0x0E, 0x03, 0xC0, 0x00, 0x07, 0x40, 0xBD, 0x00, 0x1B, 0xC0, 0x0B, 0xFF, 0xFF,
    0x80, 0x00, 0x2B, 0xE9, 0x00, 0x00, 0x2E, 0x1C, 0x07, 0x00, 0xFD, 0x74, 0x00, 0x00, 0x00, 0x3C,
    0x0B, 0x01, 0xD0, 0x34, 0x0E, 0x03, 0x6B, 0xCF, 0x80, 0x00, 0x0F, 0x00, 0x0D, 0x00, 0x03, 0x40,
    0x00, 0x7F, 0x00, 0x29, 0x00, 0x00, 0x00, 0x00, 0x28, 0x00, 0x0E, 0x00, 0x07, 0x40, 0x02, 0xE0,
    0x0B, 0xFF, 0xA3, 0xE2, 0xFC, 0x00, 0x00, 0x00, 0x71, 0xC7, 0x5D, 0x75, 0xD7, 0x5D, 0x74, 0xD3,
    0x4E, 0x38, 0xE3, 0x80, 0x70, 0x01, 0xD0, 0x07, 0x40, 0x1D, 0x00, 0x74, 0x01, 0xD0, 0x07, 0x40,
    0x0D, 0x00, 0x38, 0x00, 0xE0, 0x03, 0x80, 0x0E, 0x00, 0x3C, 0x00, 0xBE, 0x80, 0xBF, 0x00, 0x00,
    0x00, 0x00, 0x00, 0x00, 0x00, 0x00, 0x00, 0x00, 0x00, 0x3C, 0x38, 0x00, 0x00, 0x00, 0x2C, 0x34,
    0x00, 0x00, 0x00, 0x1D, 0x74, 0x00, 0x00, 0x00, 0x0E, 0x74, 0x00, 0x00, 0x00, 0x0E, 0x3C, 0x00,
    0x00, 0x00, 0x2D, 0x2F, 0x95, 0x55, 0x5A, 0xF8, 0x07, 0xFF, 0xFF, 0xFF, 0x90, 0x00, 0x15, 0x55,
    0x40, 0x00, 0x00, 0x00, 0x00, 0x00, 0x00, 0x00, 0x00, 0x3C, 0x00, 0x00, 0x00, 0x00, 0x2C, 0x00,
    0x00, 0x00, 0x00, 0x00, 0x00, 0x00, 0x00, 0x38, 0x00, 0x00, 0x00, 0x00, 0x00, 0x34, 0x00, 0x00,
    0x00, 0x00, 0x00, 0x74, 0x00, 0x00, 0x00, 0x06, 0x00, 0x74, 0x00, 0x00, 0x00, 0x2F, 0x00, 0x3C,
    0x00, 0x00, 0x01, 0xFF, 0x00, 0x2F, 0x95, 0x55, 0xBF, 0xD7, 0xE9, 0x07, 0xFF, 0xFF, 0xF9, 0x01,
    0xFE, 0x00, 0x15, 0x54, 0x00, 0x00, 0x00, 0x00, 0x00, 0x00, 0x00, 0x00, 0x00, 0x00, 0x00, 0x78,
    0x00, 0x00, 0x00, 0x00, 0x00, 0x34, 0x00, 0x00, 0x00, 0x00, 0x03, 0xC0, 0xB0, 0x1D, 0x03, 0x40,
    0xE0, 0x36, 0xBC, 0xF8, 0x00, 0x00, 0x00, 0xB0, 0x2C, 0x00, 0x02, 0x80, 0x00, 0xE0, 0x00, 0x74,
    0x00, 0x2E, 0x00, 0xBF, 0xFA, 0x3E, 0x2F, 0xC0, 0x00, 0x00, 0x00, 0x00, 0x07, 0x40, 0x01, 0xD0,
    0x00, 0x0A, 0x34, 0x0F, 0x38, 0x00, 0x00, 0x00, 0x00, 0x01, 0x00, 0x03, 0xD0, 0x03, 0xF0, 0x0E,
    0x3C, 0x2C, 0x0D, 0x34, 0x0E, 0x74, 0x0B, 0x78, 0x0E, 0x3F, 0xBC, 0x0B, 0xF4, 0x03, 0x4D, 0x00,
    0x07, 0x9D, 0x00, 0x00, 0x00, 0x00, 0x00, 0x00, 0x00, 0x00, 0x0D, 0x00, 0x00, 0x0E, 0x00, 0x01,
    0xFE, 0x00, 0x0F, 0xEE, 0x00, 0x3D, 0x0F, 0x00, 0x34, 0x0F, 0x00, 0x74, 0x0F, 0x00, 0x3E, 0xAF,
    0x00, 0x0F, 0xFF, 0x00, 0x00, 0x07, 0xE8, 0x00, 0x01, 0xFC, 0x00, 0x00, 0x00, 0x00, 0x00, 0xD3,
    0x40, 0x00, 0x00, 0x00, 0xE7, 0x80, 0x00, 0x00, 0x00, 0x00, 0x00, 0x00, 0x00, 0x00, 0x00, 0x00,
    0x3C, 0x38, 0x00, 0x00, 0x00, 0x2C, 0x34, 0x00, 0x00, 0x00, 0x1D, 0x74, 0x00, 0x00, 0x00, 0x0E,
    0x74, 0x00, 0x00, 0x00, 0x0E, 0x3C, 0x00, 0x00, 0x00, 0x2D, 0x2F, 0x95, 0x55, 0x5A, 0xF8, 0x07,
    0xFF, 0xFF, 0xFF, 0x90, 0x00, 0x15, 0x55, 0x40, 0x00, 0x00, 0x00, 0xD3, 0x40, 0x00, 0x00, 0x00,
    0x00, 0xE7, 0x80, 0x00, 0x00, 0x00, 0x00, 0x00, 0x00, 0x00, 0x00, 0x00, 0x00, 0x00, 0x00, 0x00,
    0x00, 0x38, 0x00, 0x00, 0x00, 0x00, 0x00, 0x34, 0x00, 0x00, 0x00, 0x00, 0x00, 0x74, 0x00, 0x00,
    0x00, 0x06, 0x00, 0x74, 0x00, 0x00, 0x00, 0x2F, 0x00, 0x3C, 0x00, 0x00, 0x01, 0xFF, 0x00, 0x2F,
    0x95, 0x55, 0xBF, 0xD7, 0xE9, 0x07, 0xFF, 0xFF, 0xF9, 0x01, 0xFE, 0x00, 0x15, 0x54, 0x00, 0x00,
    0x00, 0x72, 0x8B, 0x3C, 0x00, 0x00, 0x00, 0x00, 0x00, 0xF0, 0x0B, 0x00, 0x74, 0x03, 0x40, 0x38,
    0x03, 0x4A, 0xF0, 0xF8, 0x00, 0x00, 0x0D, 0x34, 0x03, 0x9D, 0x00, 0x00, 0x00, 0x00, 0x00, 0x01,
    0x80, 0x00, 0xB0, 0x00, 0x3C, 0x00, 0x0F, 0x00, 0xAF, 0xFA, 0x7F, 0x5F, 0xE0, 0x00, 0x00, 0x00,
    0x00, 0x00, 0x00, 0x00, 0x00, 0x00, 0x2C, 0x00, 0x00, 0x00, 0x00, 0x2C, 0x00, 0x00, 0x00, 0x00,
    0xD3, 0x40, 0x00, 0x00, 0x00, 0xE7, 0x80, 0x00, 0x00, 0x00, 0x00, 0x00, 0x00, 0x00, 0x00, 0x00,
    0x00, 0x3C, 0x38, 0x00, 0x00, 0x00, 0x2C, 0x34, 0x00, 0x00, 0x00, 0x1D, 0x74, 0x00, 0x00, 0x00,
    0x0E, 0x74, 0x00, 0x00, 0x00, 0x0E, 0x3C, 0x00, 0x00, 0x00, 0x2D, 0x2F, 0x95, 0x55, 0x5A, 0xF8,
    0x07, 0xFF, 0xFF, 0xFF, 0x90, 0x00, 0x15, 0x55, 0x40, 0x00, 0x00, 0x00, 0x00, 0x00, 0x00, 0x00,
    0x00, 0x00, 0x2C, 0x00, 0x00, 0x00, 0x00, 0x00, 0x2C, 0x00, 0x00, 0x00, 0x00, 0x00, 0xD3, 0x40,
    0x00, 0x00, 0x00, 0x00, 0xE7, 0x80, 0x00, 0x00, 0x00, 0x00, 0x00, 0x00, 0x00, 0x00, 0x00, 0x00,
    0x00, 0x00, 0x00, 0x00, 0x38, 0x00, 0x00, 0x00, 0x00, 0x00, 0x34, 0x00, 0x00, 0x00, 0x00, 0x00,
    0x74, 0x00, 0x00, 0x00, 0x06, 0x00, 0x74, 0x00, 0x00, 0x00, 0x2F, 0x00, 0x3C, 0x00, 0x00, 0x01,
    0xFF, 0x00, 0x2F, 0x95, 0x55, 0xBF, 0xD7, 0xE9, 0x07, 0xFF, 0xFF, 0xF9, 0x01, 0xFE, 0x00, 0x15,
    0x54, 0x00, 0x00, 0x00, 0x00, 0x00, 0xE0, 0x0D, 0x07, 0x28, 0xB3, 0xC0, 0x00, 0x00, 0x00, 0x00,
    0x0F, 0x00, 0xB0, 0x07, 0x40, 0x34, 0x03, 0x80, 0x34, 0xAF, 0x0F, 0x80, 0x00, 0x00, 0x00, 0x00,
    0x00, 0xF0, 0x00, 0x2C, 0x00, 0x34, 0xD0, 0x0E, 0x74, 0x00, 0x00, 0x00, 0x00, 0x00, 0x06, 0x00,
    0x02, 0xC0, 0x00, 0xF0, 0x00, 0x3C, 0x02, 0xBF, 0xE9, 0xFD, 0x7F, 0x80, 0x00, 0x00, 0x1A, 0x90,
    0x00, 0x0F, 0xFF, 0x90, 0x00, 0x01, 0xBF, 0xF0, 0x00, 0x1F, 0xF8, 0x00, 0x7E, 0x40, 0x00, 0xB8,
    0x00, 0x00, 0xF4, 0x00, 0x00, 0xB4, 0x00, 0x00, 0x38, 0x00, 0x00, 0x1C, 0x02, 0xC0, 0x0B, 0x00,
    0xB0, 0x03, 0xC0, 0x00, 0x00, 0xB0, 0x00, 0x00, 0x1E, 0x00, 0x00, 0x03, 0xE0, 0x00, 0x00, 0x3F,
    0xEA, 0xBC, 0x01, 0xFF, 0xFD, 0x00, 0x00, 0x00, 0x00, 0x1A, 0x90, 0x00, 0x00, 0xFF, 0xF9, 0x00,
    0x00, 0x01, 0xBF, 0xF0, 0x00, 0x01, 0xFF, 0x80, 0x00, 0x7E, 0xF0, 0x00, 0x0B, 0x82, 0xC0, 0x00,
    0xF4, 0x07, 0x80, 0x0B, 0x40, 0x0F, 0xE8, 0x38, 0x00, 0x0B, 0xF5, 0xC0, 0x2C, 0x00, 0x0B, 0x00,
    0xB0, 0x00, 0x3C, 0x00, 0x00, 0x00, 0xB0, 0x00, 0x00, 0x01, 0xE0, 0x00, 0x00, 0x03, 0xE0, 0x00,
    0x00, 0x03, 0xFE, 0xAB, 0xC0, 0x01, 0xFF, 0xFD, 0x00, 0x00, 0x00, 0x00, 0x00, 0x01, 0x40, 0x00,
    0x2F, 0xF8, 0x00, 0x15, 0x6F, 0x80, 0x00, 0x02, 0xFD, 0x00, 0x02, 0xFD, 0x00, 0x6F, 0x80, 0xAF,
    0xF8, 0x00, 0xFE, 0x40, 0x00, 0x00, 0x00, 0x00, 0x00, 0x00, 0x00, 0x00, 0x38, 0x00, 0x00, 0x38,
    0x00, 0x01, 0x40, 0x00, 0x00, 0xBF, 0xE0, 0x00, 0x01, 0x56, 0xF8, 0x00, 0x00, 0x00, 0xBF, 0x40,
    0x00, 0x02, 0xFD, 0x00, 0x01, 0xBE, 0xE0, 0x0A, 0xFF, 0x82, 0xFA, 0x3F, 0x90, 0x02, 0xFC, 0x00,
    0x00, 0x00, 0x00, 0x00, 0x00, 0x00, 0x00, 0x07, 0x40, 0x00, 0x00, 0x1C, 0x00, 0x00, 0x1A, 0x90,
    0x00, 0x0F, 0xFF, 0x90, 0x00, 0x01, 0xBF, 0xF0, 0x00, 0x1F, 0xF8, 0x00, 0x7E, 0x40, 0x00, 0xB8,
    0x00, 0x00, 0xF4, 0x00, 0x00, 0xB4, 0x00, 0x00, 0x38, 0x00, 0x00, 0x1C, 0x00, 0x00, 0x0B, 0x00,
    0x00, 0x03, 0xC0, 0x00, 0x00, 0xB0, 0x00, 0x00, 0x1E, 0x00, 0x00, 0x03, 0xE0, 0x00, 0x00, 0x3F,
    0xEA, 0xBC, 0x01, 0xFF, 0xFD, 0x00, 0x00, 0x00, 0x00, 0x1A, 0x90, 0x00, 0x00, 0xFF, 0xF9, 0x00,
    0x00, 0x01, 0xBF, 0xF0, 0x00, 0x01, 0xFF, 0x80, 0x00, 0x7E, 0xF0, 0x00, 0x0B, 0x82, 0xC0, 0x00,
    0xF4, 0x07, 0x80, 0x0B, 0x40, 0x0F, 0xE8, 0x38, 0x00, 0x0B, 0xF5, 0xC0, 0x00, 0x00, 0x0B, 0x00,
    0x00, 0x00, 0x3C, 0x00, 0x00, 0x00, 0xB0, 0x00, 0x00, 0x01, 0xE0, 0x00, 0x00, 0x03, 0xE0, 0x00,
    0x00, 0x03, 0xFE, 0xAB, 0xC0, 0x01, 0xFF, 0xFD, 0x00, 0x00, 0x00, 0x00, 0x00, 0x01, 0x40, 0x00,
    0x2F, 0xF8, 0x00, 0x15, 0x6F, 0x80, 0x00, 0x02, 0xFD, 0x00, 0x02, 0xFD, 0x00, 0x6F, 0x80, 0xAF,
    0xF8, 0x00, 0xFE, 0x40, 0x00, 0x00, 0x00, 0x00, 0x01, 0x40, 0x00, 0x00, 0xBF, 0xE0, 0x00, 0x01,
    0x56, 0xF8, 0x00, 0x00, 0x00, 0xBF, 0x40, 0x00, 0x02, 0xFD, 0x00, 0x01, 0xBE, 0xE0, 0x0A, 0xFF,
    0x82, 0xFA, 0x3F, 0x90, 0x02, 0xFC, 0x00, 0x00, 0x00, 0x00, 0x00, 0x0C, 0x00, 0x00, 0x07, 0x40,
    0x00, 0x00, 0x00, 0x00, 0x00, 0x00, 0x00, 0x1A, 0x90, 0x00, 0x0F, 0xFF, 0x90, 0x00, 0x01, 0xBF,
    0xF0, 0x00, 0x1F, 0xF8, 0x00, 0x7E, 0x40, 0x00, 0xB8, 0x00, 0x00, 0xF4, 0x00, 0x00, 0xB4, 0x00,
    0x00, 0x38, 0x00, 0x00, 0x1C, 0x00, 0x00, 0x0B, 0x00, 0x00, 0x03, 0xC0, 0x00, 0x00, 0xB0, 0x00,
    0x00, 0x1E, 0x00, 0x00, 0x03, 0xE0, 0x00, 0x00, 0x3F, 0xEA, 0xBC, 0x01, 0xFF, 0xFD, 0x00, 0x00,
    0x00, 0x00, 0x00, 0x0C, 0x00, 0x00, 0x00, 0x74, 0x00, 0x00, 0x00, 0x00, 0x00, 0x00, 0x00, 0x00,
    0x00, 0x1A, 0x90, 0x00, 0x00, 0xFF, 0xF9, 0x00, 0x00, 0x01, 0xBF, 0xF0, 0x00, 0x01, 0xFF, 0x80,
    0x00, 0x7E, 0xF0, 0x00, 0x0B, 0x82, 0xC0, 0x00, 0xF4, 0x07, 0x80, 0x0B, 0x40, 0x0F, 0xE8, 0x38,
    0x00, 0x0B, 0xF5, 0xC0, 0x00, 0x00, 0x0B, 0x00, 0x00, 0x00, 0x3C, 0x00, 0x00, 0x00, 0xB0, 0x00,
    0x00, 0x01, 0xE0, 0x00, 0x00, 0x03, 0xE0, 0x00, 0x00, 0x03, 0xFE, 0xAB, 0xC0, 0x01, 0xFF, 0xFD,
    0x00, 0x00, 0x00, 0x00, 0x00, 0x07, 0x00, 0x00, 0x07, 0x40, 0x00, 0x00, 0x00, 0x00, 0x00, 0x00,
    0x00, 0x01, 0x40, 0x00, 0x2F, 0xF8, 0x00, 0x15, 0x6F, 0x80, 0x00, 0x02, 0xFD, 0x00, 0x02, 0xFD,
    0x00, 0x6F, 0x80, 0xAF, 0xF8, 0x00, 0xFE, 0x40, 0x00, 0x00, 0x00, 0x00, 0x07, 0x00, 0x00, 0x00,
    0x2C, 0x00, 0x00, 0x00, 0x00, 0x00, 0x00, 0x00, 0x00, 0x00, 0x00, 0x01, 0x40, 0x00, 0x00, 0xBF,
    0xE0, 0x00, 0x01, 0x56, 0xF8, 0x00, 0x00, 0x00, 0xBF, 0x40, 0x00, 0x02, 0xFD, 0x00, 0x01, 0xBE,
    0xE0, 0x0A, 0xFF, 0x82, 0xFA, 0x3F, 0x90, 0x02, 0xFC, 0x00, 0x00, 0x00, 0x00, 0x00, 0x10, 0x00,
    0x0F, 0x00, 0x02, 0xE0, 0x00, 0x3C, 0x00, 0x07, 0x40, 0x00, 0xF0, 0x00, 0x2C, 0x00, 0x0F, 0x3E,
    0xAF, 0x4B, 0xFF, 0x40, 0x00, 0x00, 0x00, 0x10, 0x00, 0x00, 0x0F, 0x00, 0x00, 0x02, 0xD0, 0x00,
    0x00, 0x3C, 0x00, 0x00, 0x07, 0x40, 0x00, 0x00, 0xF0, 0x00, 0x00, 0x2C, 0x00, 0x00, 0x0F, 0x80,
    0x3E, 0xAF, 0xFE, 0x0B, 0xFF, 0x4B, 0xC0, 0x00, 0x00, 0x00, 0x00, 0xC0, 0x00, 0x74, 0x00, 0x00,
    0x00, 0x00, 0x00, 0x00, 0x10, 0x00, 0x0F, 0x00, 0x02, 0xE0, 0x00, 0x3C, 0x00, 0x07, 0x40, 0x00,
    0xF0, 0x00, 0x2C, 0x00, 0x0F, 0x3E, 0xAF, 0x4B, 0xFF, 0x40, 0x00, 0x00, 0x00, 0xD0, 0x00, 0x00,
    0x78, 0x00, 0x00, 0x00, 0x00, 0x00, 0x00, 0x00, 0x00, 0x00, 0x10, 0x00, 0x00, 0x0F, 0x00, 0x00,
    0x02, 0xD0, 0x00, 0x00, 0x3C, 0x00, 0x00, 0x07, 0x40, 0x00, 0x00, 0xF0, 0x00, 0x00, 0x2C, 0x00,
    0x00, 0x0F, 0x80, 0x3E, 0xAF, 0xFE, 0x0B, 0xFF, 0x4B, 0xC0, 0x00, 0x00, 0x00, 0x00, 0x00, 0x00,
    0x70, 0x00, 0x78, 0x00, 0x3C, 0x00, 0x1C, 0x00, 0x1D, 0x00, 0x1C, 0x00, 0x2C, 0x00, 0x38, 0x00,
    0xF0, 0x0B, 0xC0, 0x7E, 0x00, 0x24, 0x00, 0x00, 0x00, 0x00, 0x01, 0xC0, 0x00, 0x07, 0x80, 0x00,
    0x0F, 0x00, 0x00, 0x1D, 0x00, 0x00, 0x78, 0x00, 0x01, 0xFE, 0x00, 0x0B, 0xBC, 0x00, 0x38, 0x00,
    0x07, 0xC0, 0x00, 0xBC, 0x00, 0x1F, 0xC0, 0x00, 0x24, 0x00, 0x00, 0x00, 0xD0, 0x01, 0xE0, 0x00,
    0x00, 0x00, 0x00, 0x00, 0x00, 0x00, 0x70, 0x00, 0x78, 0x00, 0x3C, 0x00, 0x1C, 0x00, 0x1D, 0x00,
    0x1C, 0x00, 0x2C, 0x00, 0x38, 0x00, 0xF0, 0x0B, 0xC0, 0x7E, 0x00, 0x24, 0x00, 0x01, 0xC0, 0x00,
    0x0B, 0x40, 0x00, 0x00, 0x00, 0x00, 0x00, 0x00, 0x00, 0x00, 0x00, 0x01, 0xC0, 0x00, 0x07, 0x80,
    0x00, 0x0F, 0x00, 0x00, 0x1D, 0x00, 0x00, 0x78, 0x00, 0x01, 0xFE, 0x00, 0x0B, 0xBC, 0x00, 0x38,
    0x00, 0x07, 0xC0, 0x00, 0xBC, 0x00, 0x1F, 0xC0, 0x00, 0x24, 0x00, 0x00, 0x00, 0x00, 0x00, 0x00,
    0x00, 0x00, 0x00, 0x00, 0x00, 0x00, 0x00, 0x07, 0x40, 0x00, 0x00, 0x00, 0x00, 0x00, 0xE0, 0x00,
    0x00, 0x09, 0x00, 0xA0, 0x3C, 0x00, 0x00, 0x03, 0x80, 0x3C, 0x0B, 0x05, 0x00, 0x00, 0xF0, 0x0E,
    0x01, 0xC3, 0xC0, 0x00, 0x2D, 0x07, 0x80, 0xB0, 0xE0, 0x00, 0x0B, 0xEB, 0xFA, 0xB8, 0x74, 0x00,
    0x02, 0xFF, 0xCB, 0xF8, 0x1D, 0x00, 0x00, 0xB0, 0x00, 0x00, 0x03, 0xC0, 0x00, 0x38, 0x00, 0x00,
    0x00, 0xBC, 0x00, 0x7C, 0x00, 0x00, 0x00, 0x0B, 0xFF, 0xFC, 0x00, 0x00, 0x00, 0x00, 0x2F, 0xE4,
    0x00, 0x00, 0x00, 0x00, 0x00, 0x00, 0x00, 0x00, 0x00, 0x00, 0x00, 0x00, 0x00, 0x00, 0x00, 0x00,
    0x0F, 0x00, 0x00, 0x00, 0x02, 0x40, 0x28, 0x0B, 0x00, 0x00, 0x00, 0x03, 0x80, 0x3C, 0x0B, 0x00,
    0x14, 0x00, 0x03, 0xC0, 0x38, 0x0B, 0x00, 0x3C, 0x00, 0x02, 0xD0, 0x78, 0x0F, 0x80, 0x38, 0x00,
    0x02, 0xFA, 0xFE, 0xBE, 0xF8, 0x74, 0x00, 0x02, 0xFF, 0xCB, 0xF4, 0xBD, 0x74, 0x00, 0x02, 0xC0,
    0x00, 0x00, 0x00, 0x3C, 0x00, 0x03, 0x80, 0x00, 0x00, 0x00, 0x2F, 0x00, 0x1F, 0x00, 0x00, 0x00,
    0x00, 0x0B, 0xFF, 0xFD, 0x00, 0x00, 0x00, 0x00, 0x00, 0xBF, 0x90, 0x00, 0x00, 0x00, 0x00, 0x00,
    0x00, 0x00, 0x00, 0x00, 0x00, 0x00, 0x78, 0x00, 0x00, 0x00, 0x3C, 0x02, 0x40, 0x60, 0x2C, 0x03,
    0x40, 0xB0, 0x1C, 0x07, 0x40, 0xF0, 0x1D, 0x0F, 0x40, 0xF0, 0x1C, 0xBF, 0xEB, 0xFE, 0xBC, 0xF8,
    0xFF, 0x5F, 0xE0, 0x00, 0x00, 0x00, 0x00, 0x00, 0x00, 0x00, 0x00, 0x00, 0x00, 0x00, 0x00, 0x70,
    0x00, 0x24, 0x06, 0x01, 0xC0, 0x00, 0xD0, 0x2C, 0x07, 0x00, 0x07, 0x40, 0xF0, 0x1D, 0x00, 0x3D,
    0x03, 0xC0, 0x7C, 0x0B, 0xFE, 0xBF, 0xEB, 0xBE, 0x7E, 0x3F, 0xDB, 0xF8, 0x7E, 0x00, 0x00, 0x00,
    0x00, 0x00, 0x00, 0x00, 0x00, 0x00, 0x00, 0x00, 0x00, 0x00, 0x00, 0x00, 0x2C, 0x00, 0x00, 0x00,
    0x00, 0x00, 0x0B, 0x00, 0x00, 0x00, 0x00, 0x00, 0x0D, 0x34, 0x00, 0x00, 0x00, 0x00, 0x03, 0x9E,
    0x00, 0x00, 0x00, 0x00, 0x00, 0x00, 0x00, 0x00, 0x00, 0x00, 0x00, 0x00, 0x01, 0xD0, 0x00, 0x00,
    0x00, 0x00, 0x00, 0x38, 0x00, 0x00, 0x02, 0x40, 0x28, 0x0F, 0x00, 0x00, 0x00, 0xE0, 0x0F, 0x02,
    0xC1, 0x40, 0x00, 0x3C, 0x03, 0x80, 0x70, 0xF0, 0x00, 0x0B, 0x41, 0xE0, 0x2C, 0x38, 0x00, 0x02,
    0xFA, 0xFE, 0xAE, 0x1D, 0x00, 0x00, 0xBF, 0xF2, 0xFE, 0x07, 0x40, 0x00, 0x2C, 0x00, 0x00, 0x00,
    0xF0, 0x00, 0x0E, 0x00, 0x00, 0x00, 0x2F, 0x00, 0x1F, 0x00, 0x00, 0x00, 0x02, 0xFF, 0xFF, 0x00,
    0x00, 0x00, 0x00, 0x0B, 0xF9, 0x00, 0x00, 0x00, 0x00, 0x00, 0x00, 0x00, 0x00, 0x00, 0x00, 0x00,
    0x00, 0x00, 0x00, 0x00, 0xB0, 0x00, 0x00, 0x00, 0x00, 0x00, 0x00, 0xB0, 0x00, 0x00, 0x00, 0x00,
    0x00, 0x03, 0x4D, 0x00, 0x00, 0x00, 0x00, 0x00, 0x03, 0x9E, 0x00, 0x00, 0x00, 0x00, 0x00, 0x00,
    0x00, 0x00, 0x00, 0x00, 0x00, 0x00, 0x00, 0x00, 0x00, 0x00, 0x00, 0x00, 0x00, 0x00, 0x00, 0x0F,
    0x00, 0x00, 0x00, 0x02, 0x40, 0x28, 0x0B, 0x00, 0x00, 0x00, 0x03, 0x80, 0x3C, 0x0B, 0x00, 0x14,
    0x00, 0x03, 0xC0, 0x38, 0x0B, 0x00, 0x3C, 0x00, 0x02, 0xD0, 0x78, 0x0F, 0x80, 0x38, 0x00, 0x02,
    0xFA, 0xFE, 0xBE, 0xF8, 0x74, 0x00, 0x02, 0xFF, 0xCB, 0xF4, 0xBD, 0x74, 0x00, 0x02, 0xC0, 0x00,
    0x00, 0x00, 0x3C, 0x00, 0x03, 0x80, 0x00, 0x00, 0x00, 0x2F, 0x00, 0x1F, 0x00, 0x00, 0x00, 0x00,
    0x0B, 0xFF, 0xFD, 0x00, 0x00, 0x00, 0x00, 0x00, 0xBF, 0x90, 0x00, 0x00, 0x00, 0x00, 0x00, 0x00,
    0x00, 0x00, 0x00, 0x00, 0xF0, 0x00, 0x00, 0x00, 0xA0, 0x00, 0x00, 0x03, 0x5C, 0x00, 0x00, 0x07,
    0x6D, 0x00, 0x00, 0x00, 0x00, 0x00, 0x00, 0x00, 0x00, 0x78, 0x00, 0x00, 0x00, 0x3C, 0x02, 0x40,
    0x60, 0x2C, 0x03, 0x40, 0xB0, 0x1C, 0x07, 0x40, 0xF0, 0x1D, 0x0F, 0x40, 0xF0, 0x1C, 0xBF, 0xEB,
    0xFE, 0xBC, 0xF8, 0xFF, 0x5F, 0xE0, 0x00, 0x00, 0x00, 0x00, 0x00, 0x00, 0x00, 0x00, 0x00, 0x00,
    0x03, 0xC0, 0x00, 0x00, 0x00, 0x0A, 0x00, 0x00, 0x00, 0x00, 0xD7, 0x00, 0x00, 0x00, 0x07, 0x6D,
    0x00, 0x00, 0x00, 0x00, 0x00, 0x00, 0x00, 0x00, 0x00, 0x00, 0x00, 0x00, 0x00, 0x00, 0x07, 0x00,
    0x02, 0x40, 0x60, 0x1C, 0x00, 0x0D, 0x02, 0xC0, 0x70, 0x00, 0x74, 0x0F, 0x01, 0xD0, 0x03, 0xD0,
    0x3C, 0x07, 0xC0, 0xBF, 0xEB, 0xFE, 0xBB, 0xE7, 0xE3, 0xFD, 0xBF, 0x87, 0xE0, 0x00, 0x00, 0x00,
    0x00, 0x00, 0x00, 0x00, 0x00, 0x00, 0x00, 0x6E, 0x40, 0x00, 0x00, 0x00, 0x00, 0x0F, 0xFF, 0x40,
    0x00, 0x00, 0x24, 0x01, 0xF4, 0x0F, 0x00, 0x00, 0x00, 0xE0, 0x1F, 0x00, 0x1C, 0x14, 0x00, 0x03,
    0xC1, 0xE0, 0x00, 0x70, 0xF0, 0x00, 0x0B, 0x8F, 0x00, 0x07, 0xC3, 0x80, 0x00, 0x2F, 0xF9, 0x5A,
    0xFC, 0x1D, 0x00, 0x00, 0xB7, 0xFF, 0xFF, 0x40, 0x74, 0x00, 0x03, 0xC0, 0x04, 0x00, 0x00, 0xF0,
    0x00, 0x1E, 0x00, 0x00, 0x00, 0x02, 0xF0, 0x01, 0xF0, 0x00, 0x00, 0x00, 0x02, 0xFF, 0xFF, 0x00,
    0x00, 0x00, 0x00, 0x00, 0xBF, 0x90, 0x00, 0x00, 0x00, 0x00, 0x00, 0x00, 0x00, 0x00, 0x00, 0x6E,
    0x40, 0x00, 0x00, 0x00, 0x00, 0x00, 0x3F, 0xFD, 0x00, 0x00, 0x00, 0x02, 0x40, 0x1F, 0x40, 0xF0,
    0x00, 0x00, 0x00, 0x38, 0x07, 0xC0, 0x07, 0x00, 0x14, 0x00, 0x03, 0xC1, 0xE0, 0x00, 0x70, 0x03,
    0xC0, 0x00, 0x2E, 0x3C, 0x00, 0x1F, 0x00, 0x38, 0x00, 0x02, 0xFF, 0x95, 0xAF, 0xFE, 0x87, 0x40,
    0x00, 0x2D, 0xFF, 0xFF, 0xD6, 0xFC, 0x74, 0x00, 0x03, 0xC0, 0x04, 0x00, 0x00, 0x03, 0xC0, 0x00,
    0x78, 0x00, 0x00, 0x00, 0x00, 0x2F, 0x00, 0x1F, 0x00, 0x00, 0x00, 0x00, 0x00, 0xBF, 0xFF, 0xC0,
    0x00, 0x00, 0x00, 0x00, 0x00, 0xBF, 0x90, 0x00, 0x00, 0x00, 0x00, 0x00, 0x00, 0x00, 0x00, 0x69,
    0x00, 0x00, 0x00, 0x7F, 0xFC, 0x02, 0x40, 0x2F, 0x41, 0xE0, 0x38, 0x0B, 0x80, 0x0F, 0x07, 0x42,
    0xE0, 0x00, 0xF0, 0xF4, 0x78, 0x00, 0x2D, 0xBF, 0xEF, 0x55, 0x6F, 0x8F, 0x8B, 0xFF, 0xFF, 0xD0,
    0x00, 0x01, 0x55, 0x00, 0x00, 0x00, 0x00, 0x00, 0x69, 0x00, 0x00, 0x00, 0x01, 0xFF, 0xF0, 0x00,
    0x24, 0x02, 0xF4, 0x1E, 0x00, 0x0E, 0x02, 0xE0, 0x03, 0xC0, 0x07, 0x42, 0xE0, 0x00, 0xF0, 0x03,
    0xD1, 0xE0, 0x00, 0xB4, 0x0B, 0xFE, 0xF5, 0x56, 0xFF, 0xA7, 0xE2, 0xFF, 0xFF, 0xF5, 0xFE, 0x00,
    0x01, 0x55, 0x00, 0x00, 0x00, 0x00, 0x00, 0x00, 0x00, 0x00, 0x28, 0x00, 0x00, 0x00, 0x00, 0x00,
    0x00, 0xF0, 0x00, 0x00, 0x00, 0x00, 0x00, 0x00, 0x00, 0x00, 0x00, 0x00, 0x00, 0x00, 0x00, 0x00,
    0x00, 0x00, 0x00, 0x00, 0x00, 0x6E, 0x40, 0x00, 0x00, 0x00, 0x00, 0x0F, 0xFF, 0x40, 0x00, 0x00,
    0x24, 0x01, 0xF4, 0x0F, 0x00, 0x00, 0x00, 0xE0, 0x1F, 0x00, 0x1C, 0x14, 0x00, 0x03, 0xC1, 0xE0,
    0x00, 0x70, 0xF0, 0x00, 0x0B, 0x8F, 0x00, 0x07, 0xC3, 0x80, 0x00, 0x2F, 0xF9, 0x5A, 0xFC, 0x1D,
    0x00, 0x00, 0xB7, 0xFF, 0xFF, 0x40, 0x74, 0x00, 0x03, 0xC0, 0x04, 0x00, 0x00, 0xF0, 0x00, 0x1E,
    0x00, 0x00, 0x00, 0x02, 0xF0, 0x01, 0xF0, 0x00, 0x00, 0x00, 0x02, 0xFF, 0xFF, 0x00, 0x00, 0x00,
    0x00, 0x00, 0xBF, 0x90, 0x00, 0x00, 0x00, 0x00, 0x00, 0x00, 0x00, 0x00, 0x00, 0x28, 0x00, 0x00,
    0x00, 0x00, 0x00, 0x00, 0x03, 0xC0, 0x00, 0x00, 0x00, 0x00, 0x00, 0x00, 0x00, 0x00, 0x00, 0x00,
    0x00, 0x00, 0x00, 0x00, 0x00, 0x00, 0x00, 0x00, 0x00, 0x00, 0x00, 0x6E, 0x40, 0x00, 0x00, 0x00,
    0x00, 0x00, 0x3F, 0xFD, 0x00, 0x00, 0x00, 0x02, 0x40, 0x1F, 0x40, 0xF0, 0x00, 0x00, 0x00, 0x38,
    0x07, 0xC0, 0x07, 0x00, 0x14, 0x00, 0x03, 0xC1, 0xE0, 0x00, 0x70, 0x03, 0xC0, 0x00, 0x2E, 0x3C,
    0x00, 0x1F, 0x00, 0x38, 0x00, 0x02, 0xFF, 0x95, 0xAF, 0xFE, 0x87, 0x40, 0x00, 0x2D, 0xFF, 0xFF,
    0xD6, 0xFC, 0x74, 0x00, 0x03, 0xC0, 0x04, 0x00, 0x00, 0x03, 0xC0, 0x00, 0x78, 0x00, 0x00, 0x00,
    0x00, 0x2F, 0x00, 0x1F, 0x00, 0x00, 0x00, 0x00, 0x00, 0xBF, 0xFF, 0xC0, 0x00, 0x00, 0x00, 0x00,
    0x00, 0xBF, 0x90, 0x00, 0x00, 0x00, 0x00, 0x00, 0x00, 0x00, 0x00, 0x34, 0x00, 0x00, 0x00, 0x07,
    0x80, 0x00, 0x00, 0x00, 0x00, 0x00, 0x00, 0x00, 0x00, 0x00, 0x00, 0x00, 0x00, 0x69, 0x00, 0x00,
    0x00, 0x7F, 0xFC, 0x02, 0x40, 0x2F, 0x41, 0xE0, 0x38, 0x0B, 0x80, 0x0F, 0x07, 0x42, 0xE0, 0x00,
    0xF0, 0xF4, 0x78, 0x00, 0x2D, 0xBF, 0xEF, 0x55, 0x6F, 0x8F, 0x8B, 0xFF, 0xFF, 0xD0, 0x00, 0x01,
    0x55, 0x00, 0x00, 0x00, 0x00, 0x00, 0x34, 0x00, 0x00, 0x00, 0x00, 0x1E, 0x00, 0x00, 0x00, 0x00,
    0x00, 0x00, 0x00, 0x00, 0x00, 0x00, 0x00, 0x00, 0x00, 0x00, 0x00, 0x69, 0x00, 0x00, 0x00, 0x01,
    0xFF, 0xF0, 0x00, 0x24, 0x02, 0xF4, 0x1E, 0x00, 0x0E, 0x02, 0xE0, 0x03, 0xC0, 0x07, 0x42, 0xE0,
    0x00, 0xF0, 0x03, 0xD1, 0xE0, 0x00, 0xB4, 0x0B, 0xFE, 0xF5, 0x56, 0xFF, 0xA7, 0xE2, 0xFF, 0xFF,
    0xF5, 0xFE, 0x00, 0x01, 0x55, 0x00, 0x00, 0x00, 0x00, 0xE0, 0x00, 0x00, 0x00, 0xF0, 0x00, 0x00,
    0x00, 0xF0, 0x00, 0x00, 0x00, 0xF0, 0x00, 0x00, 0x00, 0xF0, 0x00, 0x00, 0x00, 0xF0, 0x00, 0x00,
    0x00, 0xF0, 0x00, 0x00, 0x00, 0xB0, 0x1B, 0x90, 0x00, 0xB0, 0xFF, 0xF8, 0x00, 0xB7, 0xE0, 0x2D,
    0x00, 0xBF, 0x00, 0x0D, 0x00, 0xBC, 0x00, 0x1D, 0x00, 0xF0, 0x00, 0x3C, 0x6A, 0xE5, 0x5B, 0xF4,
    0x7F, 0xFF, 0xFF, 0x80, 0x00, 0x05, 0x40, 0x00, 0x00, 0xE0, 0x00, 0x00, 0x00, 0x03, 0xC0, 0x00,
    0x00, 0x00, 0x0F, 0x00, 0x00, 0x00, 0x00, 0x3C, 0x00, 0x00, 0x00, 0x00, 0xF0, 0x00, 0x00, 0x00,
    0x03, 0xC0, 0x00, 0x00, 0x00, 0x0F, 0x00, 0x00, 0x00, 0x00, 0x2C, 0x06, 0xE4, 0x00, 0x00, 0xB0,
    0xFF, 0xF8, 0x00, 0x02, 0xDF, 0x80, 0xB4, 0x00, 0x0B, 0xF0, 0x00, 0xD0, 0x00, 0x2F, 0x00, 0x07,
    0x40, 0x00, 0xF0, 0x00, 0x3C, 0x01, 0xAB, 0x95, 0x6F, 0xFE, 0x87, 0xFF, 0xFF, 0xF9, 0xBF, 0x00,
    0x01, 0x50, 0x00, 0x00, 0x1C, 0x00, 0x00, 0x01, 0xD0, 0x00, 0x00, 0x1D, 0x00, 0x00, 0x01, 0xD0,
    0x00, 0x00, 0x1D, 0x00, 0x00, 0x01, 0xD0, 0x00, 0x00, 0x0D, 0x00, 0x00, 0x00, 0xE0, 0x1A, 0x80,
    0x0E, 0x0F, 0xFF, 0x40, 0xE7, 0xD0, 0x7C, 0x0F, 0xF0, 0x02, 0xC0, 0xFC, 0x00, 0x2C, 0x0F, 0x00,
    0x0B, 0x8B, 0xEA, 0xBF, 0xE0, 0xFF, 0xFF, 0x90, 0x00, 0x00, 0x00, 0x00, 0x1C, 0x00, 0x00, 0x00,
    0x1D, 0x00, 0x00, 0x00, 0x1D, 0x00, 0x00, 0x00, 0x1D, 0x00, 0x00, 0x00, 0x1D, 0x00, 0x00, 0x00,
    0x1D, 0x00, 0x00, 0x00, 0x0D, 0x00, 0x00, 0x00, 0x0E, 0x01, 0xA8, 0x00, 0x0E, 0x0F, 0xFF, 0x40,
    0x0E, 0x7D, 0x07, 0xC0, 0x0F, 0xF0, 0x02, 0xC0, 0x0F, 0xC0, 0x02, 0xC0, 0x0F, 0x00, 0x0B, 0x80,
    0xBE, 0xAB, 0xFF, 0xE9, 0xFF, 0xFF, 0x91, 0xFE, 0x00, 0x00, 0x00, 0x00, 0x00, 0xE0, 0x00, 0x00,
    0x00, 0xF0, 0x00, 0x00, 0x00, 0xF0, 0x00, 0x00, 0x00, 0xF0, 0x02, 0x40, 0x00, 0xF0, 0x03, 0x80,
    0x00, 0xF0, 0x00, 0x00, 0x00, 0xF0, 0x00, 0x00, 0x00, 0xB0, 0x1B, 0x90, 0x00, 0xB0, 0xFF, 0xF8,
    0x00, 0xB7, 0xE0, 0x2D, 0x00, 0xBF, 0x00, 0x0D, 0x00, 0xBC, 0x00, 0x1D, 0x00, 0xF0, 0x00, 0x3C,
    0x6A, 0xE5, 0x5B, 0xF4, 0x7F, 0xFF, 0xFF, 0x80, 0x00, 0x05, 0x40, 0x00, 0x00, 0xE0, 0x00, 0x00,
    0x00, 0x03, 0xC0, 0x00, 0x00, 0x00, 0x0F, 0x00, 0x00, 0x00, 0x00, 0x3C, 0x03, 0x40, 0x00, 0x00,
    0xF0, 0x0E, 0x00, 0x00, 0x03, 0xC0, 0x00, 0x00, 0x00, 0x0F, 0x00, 0x00, 0x00, 0x00, 0x2C, 0x06,
    0xE4, 0x00, 0x00, 0xB0, 0xFF, 0xF8, 0x00, 0x02, 0xDF, 0x80, 0xB4, 0x00, 0x0B, 0xF0, 0x00, 0xD0,
    0x00, 0x2F, 0x00, 0x07, 0x40, 0x00, 0xF0, 0x00, 0x3C, 0x01, 0xAB, 0x95, 0x6F, 0xFE, 0x87, 0xFF,
    0xFF, 0xF9, 0xBF, 0x00, 0x01, 0x50, 0x00, 0x00, 0x1C, 0x00, 0x00, 0x01, 0xD0, 0x00, 0x00, 0x1D,
    0x00, 0x00, 0x01, 0xD0, 0x1C, 0x00, 0x1D, 0x01, 0xD0, 0x01, 0xD0, 0x00, 0x00, 0x0D, 0x00, 0x00,
    0x00, 0xE0, 0x1A, 0x80, 0x0E, 0x0F, 0xFF, 0x40, 0xE7, 0xD0, 0x7C, 0x0F, 0xF0, 0x02, 0xC0, 0xFC,
    0x00, 0x2C, 0x0F, 0x00, 0x0B, 0x8B, 0xEA, 0xBF, 0xE0, 0xFF, 0xFF, 0x90, 0x00, 0x00, 0x00, 0x00,
    0x1C, 0x00, 0x00, 0x00, 0x1D, 0x00, 0x00, 0x00, 0x1D, 0x00, 0x00, 0x00, 0x1D, 0x01, 0xC0, 0x00,
    0x1D, 0x01, 0xD0, 0x00, 0x1D, 0x00, 0x00, 0x00, 0x0D, 0x00, 0x00, 0x00, 0x0E, 0x01, 0xA8, 0x00,
    0x0E, 0x0F, 0xFF, 0x40, 0x0E, 0x7D, 0x07, 0xC0, 0x0F, 0xF0, 0x02, 0xC0, 0x0F, 0xC0, 0x02, 0xC0,
    0x0F, 0x00, 0x0B, 0x80, 0xBE, 0xAB, 0xFF, 0xE9, 0xFF, 0xFF, 0x91, 0xFE, 0x00, 0x00, 0x00, 0x00,
    0x00, 0x50, 0x00, 0x02, 0xFF, 0x00, 0x02, 0xE5, 0x40, 0x00, 0xE0, 0x00, 0x00, 0x34, 0x00, 0x00,
    0x0F, 0x00, 0x00, 0x02, 0xF5, 0xFC, 0x00, 0x2F, 0xF9, 0x00, 0x07, 0xD0, 0x00, 0x07, 0x80, 0x00,
    0x03, 0xC0, 0x00, 0x01, 0xD0, 0x00, 0x00, 0xB0, 0x00, 0x00, 0x3C, 0x00, 0x00, 0x0B, 0x00, 0x00,
    0x02, 0xE0, 0x00, 0x00, 0x3D, 0x00, 0x00, 0x03, 0xFA, 0xAB, 0xC0, 0x2F, 0xFF, 0x90, 0x00, 0x00,
    0x00, 0x00, 0x69, 0x00, 0x01, 0xFF, 0xE0, 0x01, 0xE4, 0x3C, 0x00, 0x74, 0x07, 0x00, 0x0F, 0x43,
    0xC0, 0x00, 0xBB, 0xC0, 0x00, 0x0F, 0xD0, 0x00, 0x0F, 0xFF, 0xA8, 0x0F, 0x42, 0xFF, 0x0F, 0x40,
    0x00, 0x07, 0x40, 0x00, 0x02, 0xC0, 0x00, 0x00, 0xF0, 0x00, 0x00, 0x2C, 0x00, 0x00, 0x07, 0xC0,
    0x00, 0x40, 0xFE, 0xAB, 0xF4, 0x07, 0xFF, 0xE4, 0x00, 0x00, 0x00, 0x00, 0x00, 0x00, 0x00, 0x2F,
    0xF0, 0x0B, 0xEA, 0x00, 0xF0, 0x00, 0x1D, 0x00, 0x01, 0xD0, 0x00, 0x0F, 0x00, 0x00, 0x7E, 0x6E,
    0xAB, 0xFF, 0x9F, 0xFE, 0x40, 0x00, 0x00, 0x00, 0x00, 0x69, 0x00, 0x0B, 0xFF, 0x80, 0x2E, 0x47,
    0xC0, 0x2C, 0x01, 0xC0, 0x0F, 0x43, 0xC0, 0x03, 0xDB, 0x40, 0x00, 0xFD, 0x00, 0xAF, 0xFF, 0xE9,
    0xFE, 0x46, 0xFF, 0x00, 0x00, 0x00, 0x00, 0xA0, 0x00, 0x00, 0x3C, 0x00, 0x00, 0x00, 0x00, 0x00,
    0x00, 0x00, 0x00, 0x00, 0x50, 0x00, 0x02, 0xFF, 0x00, 0x02, 0xE5, 0x40, 0x00, 0xE0, 0x00, 0x00,
    0x34, 0x00, 0x00, 0x0F, 0x00, 0x00, 0x02, 0xF5, 0xFC, 0x00, 0x2F, 0xF9, 0x00, 0x07, 0xD0, 0x00,
    0x07, 0x80, 0x00, 0x03, 0xC0, 0x00, 0x01, 0xD0, 0x00, 0x00, 0xB0, 0x00, 0x00, 0x3C, 0x00, 0x00,
    0x0B, 0x00, 0x00, 0x02, 0xE0, 0x00, 0x00, 0x3D, 0x00, 0x00, 0x03, 0xFA, 0xAB, 0xC0, 0x2F, 0xFF,
    0x90, 0x00, 0x00, 0x00, 0x00, 0x28, 0x00, 0x00, 0x0F, 0x00, 0x00, 0x00, 0x00, 0x00, 0x00, 0x00,
    0x00, 0x00, 0x69, 0x00, 0x01, 0xFF, 0xE0, 0x01, 0xE4, 0x3C, 0x00, 0x74, 0x07, 0x00, 0x0F, 0x43,
    0xC0, 0x00, 0xBB, 0xC0, 0x00, 0x0F, 0xD0, 0x00, 0x0F, 0xFF, 0xA8, 0x0F, 0x42, 0xFF, 0x0F, 0x40,
    0x00, 0x07, 0x40, 0x00, 0x02, 0xC0, 0x00, 0x00, 0xF0, 0x00, 0x00, 0x2C, 0x00, 0x00, 0x07, 0xC0,
    0x00, 0x40, 0xFE, 0xAB, 0xF4, 0x07, 0xFF, 0xE4, 0x00, 0x00, 0x00, 0x00, 0x00, 0x30, 0x00, 0x07,
    0x40, 0x00, 0x00, 0x00, 0x00, 0x00, 0x00, 0x00, 0x00, 0x2F, 0xF0, 0x0B, 0xEA, 0x00, 0xF0, 0x00,
    0x1D, 0x00, 0x01, 0xD0, 0x00, 0x0F, 0x00, 0x00, 0x7E, 0x6E, 0xAB, 0xFF, 0x9F, 0xFE, 0x40, 0x00,
    0x00, 0x00, 0x00, 0x34, 0x00, 0x00, 0x38, 0x00, 0x00, 0x00, 0x00, 0x00, 0x00, 0x00, 0x00, 0x69,
    0x00, 0x0B, 0xFF, 0x80, 0x2E, 0x47, 0xC0, 0x2C, 0x01, 0xC0, 0x0F, 0x43, 0xC0, 0x03, 0xDB, 0x40,
    0x00, 0xFD, 0x00, 0xAF, 0xFF, 0xE9, 0xFE, 0x46, 0xFF, 0x00, 0x00, 0x00, 0x00, 0x00, 0x00, 0x02,
    0x40, 0x00, 0x00, 0x00, 0x03, 0x80, 0x00, 0x00, 0x00, 0x00, 0x00, 0x00, 0x00, 0x00, 0x00, 0x00,
    0x00, 0x00, 0x00, 0x01, 0x40, 0x00, 0x00, 0x00, 0x0F, 0xF4, 0x00, 0x00, 0x00, 0x2D, 0x7C, 0x00,
    0x00, 0x00, 0x38, 0x2C, 0x38, 0x00, 0x00, 0x34, 0x0D, 0x34, 0x00, 0x00, 0x78, 0x0E, 0x74, 0x00,
    0x00, 0x3F, 0xFE, 0x74, 0x00, 0x00, 0x0A, 0xAD, 0x3C, 0x00, 0x00, 0x00, 0x1C, 0x2F, 0x95, 0x55,
    0x55, 0xBC, 0x07, 0xFF, 0xFF, 0xFF, 0xF0, 0x00, 0x15, 0x55, 0x54, 0x00, 0x00, 0x00, 0x00, 0x00,
    0x34, 0x00, 0x00, 0x00, 0x00, 0x00, 0x38, 0x00, 0x00, 0x00, 0x00, 0x00, 0x00, 0x00, 0x00, 0x00,
    0x00, 0x00, 0x00, 0x00, 0x00, 0x00, 0x00, 0x00, 0x68, 0x00, 0x00, 0x00, 0x00, 0x02, 0xFF, 0x40,
    0x38, 0x00, 0x00, 0x07, 0xC7, 0xC0, 0x34, 0x00, 0x00, 0x0B, 0x02, 0xC0, 0x74, 0x00, 0x00, 0x0B,
    0x01, 0xD0, 0x74, 0x00, 0x00, 0x0B, 0x43, 0xC0, 0x3C, 0x00, 0x00, 0x03, 0xDB, 0x80, 0x2F, 0x95,
    0x55, 0x5B, 0xFF, 0xA9, 0x07, 0xFF, 0xFF, 0xFF, 0xEB, 0xFF, 0x00, 0x15, 0x55, 0x40, 0x00, 0x00,
    0x00, 0xD0, 0x00, 0x78, 0x00, 0x00, 0x00, 0x00, 0x00, 0x00, 0x50, 0x00, 0xFF, 0x00, 0xF5, 0xE0,
    0x34, 0x2C, 0x1C, 0x07, 0x47, 0x41, 0xD0, 0xFF, 0xF4, 0x0A, 0xBC, 0x00, 0x1F, 0x2A, 0xBF, 0x0F,
    0xFD, 0x00, 0x00, 0x00, 0x00, 0xA0, 0x00, 0x00, 0xF0, 0x00, 0x00, 0x00, 0x00, 0x00, 0x00, 0x00,
    0x00, 0xA4, 0x00, 0x03, 0xFE, 0x00, 0x0F, 0x4B, 0x40, 0x0E, 0x03, 0x80, 0x1D, 0x03, 0x80, 0x0E,
    0x07, 0x80, 0x0B, 0x9F, 0x00, 0xAB, 0xFF, 0xA8, 0xFF, 0xAB, 0xFC, 0x00, 0x00, 0x00, 0x00, 0x00,
    0x28, 0xA0, 0x00, 0x00, 0x3C, 0xF0, 0x00, 0x00, 0x00, 0x00, 0x00, 0x00, 0x00, 0x00, 0x00, 0x00,
    0x06, 0x80, 0x00, 0x00, 0x1F, 0xF0, 0x00, 0x00, 0x38, 0x78, 0x00, 0x00, 0x70, 0x3C, 0x1C, 0x00,
    0xB0, 0x2C, 0x3C, 0x00, 0xB8, 0x2C, 0x38, 0x00, 0x3F, 0xFC, 0x74, 0x00, 0x06, 0x7C, 0x78, 0x00,
    0x00, 0x38, 0x3C, 0x00, 0x00, 0xB4, 0x2F, 0x40, 0x07, 0xE0, 0x0F, 0xFF, 0xFF, 0x40, 0x01, 0xBF,
    0xE4, 0x00, 0x00, 0x00, 0x1C, 0x70, 0x00, 0x00, 0x01, 0xDB, 0x00, 0x00, 0x00, 0x00, 0x00, 0x00,
    0x00, 0x00, 0x00, 0x00, 0x00, 0x00, 0x0B, 0xD0, 0x00, 0x00, 0x02, 0xFF, 0x40, 0x00, 0x00, 0x38,
    0x3C, 0x00, 0x00, 0x0B, 0x02, 0xC0, 0x2C, 0x00, 0xB0, 0x2C, 0x03, 0xC0, 0x07, 0xEB, 0xE9, 0x38,
    0x00, 0x2F, 0xFF, 0xE7, 0x40, 0x00, 0x03, 0xC0, 0x78, 0x00, 0x00, 0x38, 0x03, 0xC0, 0x00, 0x0F,
    0x00, 0x2F, 0x90, 0x1B, 0xD0, 0x00, 0xBF, 0xFF, 0xF0, 0x00, 0x00, 0x6A, 0x90, 0x00, 0x00, 0x07,
    0x28, 0x02, 0xCF, 0x00, 0x00, 0x00, 0x00, 0x00, 0x00, 0x50, 0x00, 0xFF, 0x00, 0xF5, 0xE0, 0x34,
    0x2C, 0x1C, 0x07, 0x47, 0x41, 0xD0, 0xFF, 0xF4, 0x0A, 0xBC, 0x00, 0x1F, 0x2A, 0xBF, 0x0F, 0xFD,
    0x00, 0x00, 0x00, 0x03, 0x4D, 0x00, 0x03, 0x9E, 0x00, 0x00, 0x00, 0x00, 0x00, 0x00, 0x00, 0x00,
    0xA4, 0x00, 0x03, 0xFE, 0x00, 0x0F, 0x4B, 0x40, 0x0E, 0x03, 0x80, 0x1D, 0x03, 0x80, 0x0E, 0x07,
    0x80, 0x0B, 0x9F, 0x00, 0xAB, 0xFF, 0xA8, 0xFF, 0xAB, 0xFC, 0x00, 0x00, 0x00, 0x00, 0x00, 0x00,
    0x03, 0x80, 0x00, 0x00, 0x00, 0x38, 0x00, 0x00, 0x00, 0x03, 0xC0, 0x00, 0x00, 0x00, 0x3C, 0x00,
    0x00, 0x2C, 0x03, 0xC0, 0x00, 0x0B, 0x40, 0x3C, 0x00, 0x00, 0xE0, 0x03, 0xC0, 0x00, 0x07, 0x80,
    0x2C, 0x38, 0x00, 0x2C, 0x02, 0xC3, 0x40, 0x2F, 0x40, 0x2C, 0x74, 0x01, 0x40, 0x02, 0xC7, 0x40,
    0x00, 0x00, 0x2C, 0x3C, 0x00, 0x00, 0x03, 0xC2, 0xF9, 0x55, 0x56, 0xF4, 0x07, 0xFF, 0xFF, 0xF8,
    0x00, 0x01, 0x55, 0x50, 0x00, 0x00, 0x00, 0x00, 0x03, 0x80, 0x00, 0x00, 0x00, 0x00, 0xE0, 0x00,
    0x00, 0x00, 0x00, 0x3C, 0x00, 0x00, 0x00, 0x00, 0x0F, 0x00, 0x00, 0x00, 0x2C, 0x03, 0xC0, 0x00,
    0x00, 0x2D, 0x00, 0xF0, 0x00, 0x00, 0x0E, 0x00, 0x3C, 0x00, 0x00, 0x01, 0xE0, 0x0B, 0x00, 0x38,
    0x00, 0x2C, 0x02, 0xC0, 0x0D, 0x00, 0xBD, 0x00, 0xB0, 0x07, 0x40, 0x14, 0x00, 0x2C, 0x01, 0xD0,
    0x00, 0x00, 0x0B, 0x00, 0x3C, 0x00, 0x00, 0x03, 0xE0, 0x0B, 0xE5, 0x55, 0x5B, 0xFF, 0x80, 0x7F,
    0xFF, 0xFF, 0x82, 0xF0, 0x00, 0x55, 0x54, 0x00, 0x00, 0x00, 0x01, 0x00, 0x07, 0xE0, 0x1F, 0xD0,
    0x3F, 0x40, 0x3D, 0x00, 0x1E, 0x00, 0x03, 0xE0, 0x00, 0x2F, 0x00, 0x02, 0xE0, 0x00, 0x2D, 0x00,
    0x03, 0xC0, 0x00, 0x74, 0x00, 0x1C, 0x2A, 0xBF, 0x0F, 0xFE, 0x00, 0x00, 0x00, 0x00, 0x01, 0x00,
    0x00, 0x1F, 0x80, 0x01, 0xFD, 0x00, 0x0F, 0xD0, 0x00, 0x3E, 0x00, 0x00, 0x74, 0x00, 0x00, 0x3D,
    0x00, 0x00, 0x0F, 0x80, 0x00, 0x03, 0xE0, 0x00, 0x00, 0xF4, 0x00, 0x00, 0x3C, 0x00, 0x00, 0x1E,
    0x00, 0x00, 0x1F, 0x40, 0xAA, 0xFF, 0xF8, 0xFF, 0xE0, 0xBD, 0x00, 0x00, 0x00, 0x00, 0x00, 0x03,
    0x80, 0x00, 0x00, 0x3C, 0x00, 0x00, 0x03, 0xC0, 0x00, 0x00, 0x3C, 0x00, 0x00, 0x03, 0xC0, 0x00,
    0x00, 0x3C, 0x00, 0x00, 0x02, 0xC0, 0x00, 0x00, 0x2C, 0x00, 0x00, 0x02, 0xC0, 0x00, 0x00, 0x2C,
    0x00, 0x00, 0x02, 0xC1, 0x40, 0x00, 0x2C, 0x3C, 0x00, 0x02, 0xC3, 0x80, 0x00, 0x2C, 0x74, 0x00,
    0x03, 0xC7, 0x40, 0x00, 0x38, 0x3C, 0x00, 0x0B, 0x42, 0xF0, 0x02, 0xE0, 0x0B, 0xFF, 0xF8, 0x00,
    0x0B, 0xF9, 0x00, 0x00, 0x00, 0x03, 0x80, 0x00, 0x00, 0x00, 0xF0, 0x00, 0x00, 0x00, 0x3C, 0x00,
    0x00, 0x00, 0x0F, 0x00, 0x00, 0x00, 0x03, 0xC0, 0x00, 0x00, 0x00, 0xF0, 0x00, 0x00, 0x00, 0x2C,
    0x00, 0x00, 0x00, 0x0B, 0x00, 0x00, 0x00, 0x02, 0xC0, 0x00, 0x00, 0x00, 0xB0, 0x00, 0x00, 0x00,
    0x2C, 0x00, 0x50, 0x00, 0x0B, 0x00, 0x3C, 0x00, 0x02, 0xE0, 0x0E, 0x00, 0x00, 0xBF, 0x87, 0x40,
    0x00, 0x2E, 0xF1, 0xD0, 0x00, 0x0F, 0x00, 0x3C, 0x00, 0x0B, 0x40, 0x0B, 0x80, 0x0B, 0xC0, 0x00,
    0xBF, 0xFF, 0x80, 0x00, 0x06, 0xFE, 0x40, 0x00, 0x0E, 0x03, 0xC0, 0xF0, 0x3C, 0x0F, 0x03, 0xC0,
    0xB0, 0x2C, 0x0B, 0x02, 0xC0, 0xB0, 0x2C, 0x0B, 0x2B, 0xCF, 0x80, 0x00, 0x0E, 0x00, 0x0F, 0x00,
    0x0F, 0x00, 0x0F, 0x00, 0x0F, 0x00, 0x0B, 0x00, 0x0B, 0x00, 0x0B, 0x00, 0x0B, 0x00, 0x0B, 0x00,
    0x0B, 0x00, 0x0B, 0x00, 0x0B, 0x80, 0xAF, 0xF8, 0xF8, 0xBC, 0x00, 0x00, 0x01, 0xFD, 0x00, 0x7F,
    0xF4, 0x0E, 0x03, 0xC0, 0x80, 0x2C, 0x00, 0x01, 0xC0, 0x6F, 0xFC, 0x2F, 0xFF, 0xC7, 0xC0, 0x00,
    0xB0, 0x00, 0x0B, 0x00, 0x00, 0xB0, 0x00, 0x07, 0x40, 0x00, 0x74, 0x00, 0x03, 0x80, 0x00, 0x3C,
    0x00, 0x02, 0xC0, 0x00, 0x00, 0x00, 0x00, 0x00, 0x05, 0x00, 0x00, 0x2F, 0xE0, 0x00, 0x3E, 0x7C,
    0x00, 0x3D, 0x07, 0x40, 0x2F, 0x40, 0xF0, 0x0E, 0xF0, 0x2D, 0x0B, 0x1F, 0x9F, 0xE6, 0xC1, 0xFF,
    0x7E, 0xF0, 0x05, 0x00, 0x2C, 0x00, 0x00, 0x0B, 0x00, 0x00, 0x01, 0xD0, 0x00, 0x00, 0x74, 0x00,
    0x00, 0x0E, 0x00, 0x00, 0x03, 0xC0, 0x00, 0x00, 0xB0, 0x00, 0x00, 0x00, 0x00, 0x00, 0x00, 0x00,
    0x14, 0x00, 0x0F, 0xF4, 0x02, 0xD7, 0xC0, 0x38, 0x0E, 0x0B, 0x00, 0xE0, 0xF0, 0x0E, 0xBF, 0xFB,
    0xDF, 0x0B, 0xF4, 0x00, 0x00, 0x00, 0x00, 0x19, 0x00, 0x00, 0x0B, 0xF4, 0x00, 0x02, 0xD3, 0xC0,
    0x00, 0x38, 0x1E, 0x00, 0x0F, 0x00, 0xF0, 0x01, 0xFC, 0x0B, 0x80, 0xBD, 0xF5, 0xFE, 0x8F, 0x07,
    0xFD, 0xFC, 0x00, 0x05, 0x00, 0x00, 0x00, 0x0A, 0x00, 0x00, 0x00, 0xF0, 0x00, 0x00, 0x00, 0x00,
    0x00, 0x00, 0x00, 0x00, 0x00, 0x00, 0x01, 0x00, 0x00, 0x00, 0xB0, 0x00, 0x00, 0x07, 0x81, 0x40,
    0x00, 0x3C, 0x3C, 0x00, 0x02, 0xC3, 0x80, 0x00, 0x1C, 0x74, 0x00, 0x02, 0xC7, 0x40, 0x00, 0x3C,
    0x3C, 0x00, 0x07, 0x82, 0xF4, 0x02, 0xF0, 0x0B, 0xFF, 0xFC, 0x00, 0x0A, 0xF9, 0x00, 0x00, 0x0A,
    0x00, 0x00, 0x00, 0x03, 0xC0, 0x00, 0x00, 0x00, 0x00, 0x00, 0x00, 0x00, 0x00, 0x00, 0x00, 0x00,
    0x00, 0x00, 0x00, 0x00, 0x00, 0x00, 0x90, 0x00, 0x00, 0x00, 0x38, 0x00, 0x50, 0x00, 0x0F, 0x00,
    0x3C, 0x00, 0x02, 0xD0, 0x0E, 0x00, 0x00, 0xBE, 0x87, 0x40, 0x00, 0x2F, 0xF1, 0xD0, 0x00, 0x0B,
    0x00, 0x3C, 0x00, 0x03, 0x80, 0x0B, 0x80, 0x07, 0xC0, 0x00, 0xBF, 0xFF, 0xD0, 0x00, 0x06, 0xFE,
    0x40, 0x00, 0x0D, 0x07, 0x80, 0x00, 0x00, 0x00, 0x03, 0xC0, 0xB0, 0x1D, 0x03, 0x40, 0xE0, 0x36,
    0xBC, 0xF8, 0x00, 0x00, 0x07, 0x00, 0x02, 0xC0, 0x00, 0x00, 0x00, 0x00, 0x00, 0x02, 0x80, 0x00,
    0xE0, 0x00, 0x74, 0x00, 0x2E, 0x00, 0xBF, 0xFA, 0x3E, 0x2F, 0xC0, 0x00, 0x00, 0x01, 0x00, 0x03,
    0xD0, 0x03, 0xF0, 0x0E, 0x3C, 0x2C, 0x0D, 0x34, 0x0E, 0x74, 0x0B, 0x78, 0x0E, 0x3F, 0xBC, 0x0B,
    0xF4, 0x00, 0x0D, 0x00, 0x00, 0x0E, 0x00, 0x01, 0xFE, 0x00, 0x0F, 0xEE, 0x00, 0x3D, 0x0F, 0x00,
    0x34, 0x0F, 0x00, 0x74, 0x0F, 0x00, 0x3E, 0xAF, 0x00, 0x0F, 0xFF, 0x00, 0x00, 0x07, 0xE8, 0x00,
    0x01, 0xFC, 0x00, 0x00, 0x00, 0x00, 0x00, 0x00, 0x02, 0xC0, 0x00, 0x01, 0xF4, 0x00, 0x07, 0xFE,
    0x00, 0x0F, 0x1F, 0x80, 0x1D, 0x0F, 0xE0, 0x1D, 0x0F, 0xB4, 0x0E, 0x1E, 0x3C, 0x0B, 0xFC, 0x2C,
    0xAF, 0xFE, 0xBC, 0xFE, 0x6F, 0xF0, 0x00, 0x00, 0x00, 0x00, 0x28, 0x00, 0x00, 0xFF, 0x00, 0x03,
    0xD7, 0x40, 0x07, 0x43, 0x80, 0x0F, 0x03, 0x40, 0x0E, 0x0B, 0x00, 0x0D, 0x1E, 0x00, 0xAF, 0xFF,
    0xE8, 0xFF, 0x5B, 0xFD, 0x0E, 0x00, 0xD0, 0x0F, 0x00, 0xD0, 0x07, 0xD2, 0xD0, 0x02, 0xFF, 0xC0,
    0x00, 0x19, 0x00, 0x00, 0x00, 0x00, 0xBD, 0x00, 0xBB, 0xD0, 0x74, 0x38, 0x2C, 0x0B, 0x0B, 0x01,
    0xC1, 0xFA, 0xF0, 0x2F, 0xFC, 0x00, 0x0F, 0x00, 0x0B, 0x40, 0x2F, 0x80, 0xFF, 0x40, 0x29, 0x00,
    0x00, 0x00, 0x00, 0x00, 0x0B, 0xD0, 0x00, 0xBF, 0xD0, 0x07, 0x83, 0xC0, 0x2C, 0x0B, 0x00, 0xB0,
    0x1C, 0x01, 0xFA, 0xFA, 0x42, 0xFF, 0xFE, 0x00, 0x0F, 0x00, 0x00, 0xB4, 0x00, 0x2F, 0x80, 0x0F,
    0xF4, 0x00, 0x29, 0x00, 0x00, 0x00, 0x00, 0x01, 0xA8, 0x00, 0x00, 0x0F, 0xFC, 0x00, 0x00, 0x3D,
    0x04, 0x00, 0x00, 0xB0, 0x00, 0x00, 0x00, 0xE0, 0x00, 0x14, 0x00, 0xF0, 0x00, 0x3C, 0x00, 0x7F,
    0x40, 0x38, 0x00, 0x0B, 0xF0, 0x74, 0x00, 0x00, 0xB8, 0x74, 0x00, 0x00, 0x78, 0x3C, 0x00, 0x00,
    0xF0, 0x2F, 0x40, 0x0B, 0xD0, 0x0B, 0xFF, 0xFF, 0x00, 0x00, 0xAF, 0xA0, 0x00, 0x14, 0x00, 0x00,
    0x00, 0x0F, 0x00, 0x03, 0x90, 0x03, 0x80, 0x00, 0xFF, 0xA1, 0xD0, 0x00, 0x02, 0xFC, 0x74, 0x00,
    0x00, 0x38, 0x0F, 0x00, 0x00, 0x1D, 0x02, 0xF4, 0x00, 0x6F, 0x00, 0x2F, 0xFF, 0xFE, 0x00, 0x00,
    0xAF, 0xA4, 0x00, 0x00, 0x00, 0x00, 0x01, 0xA8, 0x00, 0x00, 0x0F, 0xFC, 0x00, 0x00, 0x3D, 0x04,
    0x00, 0x00, 0xB0, 0x00, 0x00, 0x00, 0xE0, 0x00, 0x14, 0x00, 0xF0, 0x00, 0x3C, 0x00, 0x7F, 0x40,
    0x38, 0x00, 0x0B, 0xF0, 0x74, 0x00, 0x00, 0xB8, 0x74, 0x00, 0x00, 0x78, 0x3C, 0x00, 0x00, 0xF0,
    0x2F, 0x40, 0x0B, 0xD0, 0x0B, 0xFF, 0xFF, 0x00, 0x00, 0xAF, 0xA0, 0x00, 0x00, 0x00, 0x00, 0x00,
    0x00, 0x00, 0x00, 0x00, 0x00, 0x3C, 0xF0, 0x00, 0x00, 0x2C, 0xE0, 0x00, 0x14, 0x00, 0x00, 0x00,
    0x0F, 0x00, 0x03, 0x90, 0x03, 0x80, 0x00, 0xFF, 0xA1, 0xD0, 0x00, 0x02, 0xFC, 0x74, 0x00, 0x00,
    0x38, 0x0F, 0x00, 0x00, 0x1D, 0x02, 0xF4, 0x00, 0x6F, 0x00, 0x2F, 0xFF, 0xFE, 0x00, 0x00, 0xAF,
    0xA4, 0x00, 0x00, 0x00, 0x00, 0x00, 0x00, 0x00, 0x00, 0x00, 0x00, 0x01, 0xDB, 0x00, 0x00, 0x00,
    0x71, 0xC0, 0x00, 0x00, 0x00, 0x00, 0x2C, 0x01, 0xE0, 0x0E, 0x00, 0xB0, 0x0B, 0x00, 0xF2, 0xBD,
    0x3F, 0x40, 0x00, 0x00, 0x03, 0xCE, 0x28, 0xE0, 0x01, 0x80, 0x00, 0xB0, 0x00, 0x3C, 0x00, 0x0F,
    0x00, 0xAF, 0xFA, 0x7F, 0x5F, 0xE0, 0x00, 0x00, 0x00, 0x00, 0x1D, 0xB0, 0x07, 0x2C, 0x00, 0x1A,
    0x00, 0x00, 0x0E, 0xFF, 0x02, 0x80, 0x01, 0x00, 0xF0, 0x00, 0x00, 0x3C, 0x02, 0x80, 0x0F, 0x00,
    0xBC, 0x03, 0xC0, 0x07, 0xD0, 0xF0, 0x00, 0x3E, 0x38, 0x00, 0x02, 0xFD, 0x00, 0x00, 0x2F, 0x00,
    0x00, 0x0B, 0xE0, 0x00, 0x07, 0xED, 0x00, 0x07, 0xC3, 0x80, 0x0B, 0xC0, 0xE0, 0x0B, 0xEA, 0xF4,
    0x02, 0xFF, 0xF4, 0x0A, 0x40, 0x00, 0x00, 0x3A, 0xFE, 0x0E, 0x00, 0x00, 0x14, 0x0E, 0x00, 0x00,
    0x00, 0x0E, 0x00, 0x01, 0x00, 0x0F, 0x00, 0x03, 0xC0, 0x0F, 0x00, 0x00, 0xF0, 0x0F, 0x00, 0x00,
    0x3C, 0x0F, 0x00, 0x00, 0x0F, 0x0F, 0x00, 0x00, 0x03, 0xCF, 0x00, 0x00, 0x01, 0xEF, 0x00, 0x00,
    0x00, 0xBF, 0x00, 0x00, 0x00, 0x3F, 0x00, 0x00, 0x00, 0xBF, 0x40, 0x02, 0xAF, 0xE7, 0xE8, 0x03,
    0xFE, 0x41, 0xFD, 0x00, 0x00, 0x00, 0x00, 0x1F, 0x00, 0x00, 0x34, 0x00, 0x00, 0x34, 0x00, 0x00,
    0x2F, 0xC0, 0x28, 0x39, 0x00, 0x3C, 0x00, 0x00, 0x3C, 0x0A, 0x00, 0x3C, 0x0B, 0xC0, 0x3C, 0x01,
    0xF4, 0x3C, 0x00, 0x3E, 0x38, 0x00, 0x0B, 0xF4, 0x00, 0x02, 0xF0, 0x00, 0x02, 0xF8, 0x00, 0x07,
    0xED, 0x00, 0x1F, 0x0E, 0x00, 0xBC, 0x0E, 0x02, 0xFA, 0xBD, 0x02, 0xFF, 0xF4, 0x2D, 0x00, 0x00,
    0x0A, 0x00, 0x00, 0x00, 0xA0, 0x00, 0x00, 0x03, 0xF0, 0x0E, 0x00, 0x64, 0x00, 0xE0, 0x00, 0x00,
    0x0E, 0x00, 0x10, 0x00, 0xF0, 0x03, 0xC0, 0x0F, 0x00, 0x0F, 0x00, 0xF0, 0x00, 0x3C, 0x0F, 0x00,
    0x00, 0xF0, 0xF0, 0x00, 0x03, 0xCF, 0x00, 0x00, 0x1E, 0xF0, 0x00, 0x00, 0xBF, 0x00, 0x00, 0x03,
    0xF0, 0x00, 0x00, 0xBF, 0x40, 0x2A, 0xFE, 0x7E, 0x83, 0xFE, 0x41, 0xFD, 0x00, 0x00, 0x00, 0x00,
    0x00, 0x00, 0xA0, 0x00, 0x03, 0xC0, 0x00, 0x0F, 0x0A, 0x00, 0x3C, 0x2F, 0x00, 0xF0, 0x1F, 0x43,
    0xC0, 0x0F, 0x8E, 0x00, 0x0B, 0xF4, 0x00, 0x0B, 0xC0, 0x00, 0x2F, 0x80, 0x01, 0xFB, 0x40, 0x1F,
    0x0E, 0x02, 0xF0, 0x38, 0x2F, 0xAB, 0xD0, 0xBF, 0xFD, 0x00, 0x00, 0x00, 0x0B, 0x80, 0x00, 0x70,
    0x00, 0x00, 0xC0, 0x00, 0x03, 0xF8, 0x00, 0x0E, 0x40, 0x00, 0x00, 0x00, 0xE0, 0x00, 0x00, 0x0E,
    0x00, 0x00, 0x00, 0xE0, 0x01, 0x00, 0x0F, 0x00, 0x3C, 0x00, 0xF0, 0x00, 0xF0, 0x0F, 0x00, 0x03,
    0xC0, 0xF0, 0x00, 0x0F, 0x0F, 0x00, 0x00, 0x3C, 0xF0, 0x00, 0x01, 0xEF, 0x00, 0x00, 0x0B, 0xF0,
    0x00, 0x00, 0x3F, 0x00, 0x00, 0x0B, 0xF4, 0x02, 0xAF, 0xE7, 0xE8, 0x3F, 0xE4, 0x1F, 0xD0, 0x00,
    0x00, 0x00, 0x01, 0xF0, 0x00, 0x00, 0x34, 0x00, 0x00, 0x03, 0x40, 0x00, 0x00, 0x1F, 0xC0, 0x00,
    0x02, 0x90, 0x00, 0x00, 0x00, 0x00, 0xA0, 0x00, 0x03, 0xC0, 0x00, 0x0F, 0x0A, 0x00, 0x3C, 0x2F,
    0x00, 0xF0, 0x1F, 0x43, 0xC0, 0x0F, 0x8E, 0x00, 0x0B, 0xF4, 0x00, 0x0B, 0xC0, 0x00, 0x2F, 0x80,
    0x01, 0xFB, 0x40, 0x1F, 0x0E, 0x02, 0xF0, 0x38, 0x2F, 0xAB, 0xD0, 0xBF, 0xFD, 0x00, 0x00, 0x00,
    0xE0, 0x00, 0x00, 0x0E, 0x00, 0x00, 0x00, 0xE0, 0x01, 0x00, 0x0F, 0x00, 0x3C, 0x00, 0xF0, 0x00,
    0xF0, 0x0F, 0x00, 0x03, 0xC0, 0xF0, 0x00, 0x0F, 0x0F, 0x00, 0x00, 0x3C, 0xF0, 0x00, 0x01, 0xEF,
    0x00, 0x00, 0x0B, 0xF0, 0x00, 0x00, 0x3F, 0x00, 0x00, 0x0B, 0xF4, 0x02, 0xAF, 0xE7, 0xE8, 0x3F,
    0xE4, 0x1F, 0xD0, 0x00, 0x00, 0x00,
};

static const EpdGlyph ubuntu_10_regularGlyphs[] = {
    { 0, 0, 0, 0, 0, 0, 0 }, // U+0000
    { 0, 0, 0, 0, 0, 0, 0 }, // U+0008
    { 0, 0, 77, 0, 0, 0, 0 }, // U+0009
    { 0, 0, 77, 0, 0, 0, 0 }, // U+000D
    { 0, 0, 0, 0, 0, 0, 0 }, // U+001D
    { 0, 0, 77, 0, 0, 0, 0 }, // U+0020
    { 4, 15, 92, 1, 15, 15, 0 }, // !
    { 7, 5, 139, 1, 16, 9, 15 }, // "
    { 12, 15, 222, 1, 15, 45, 24 }, // #
    { 10, 19, 188, 1, 16, 48, 69 }, // $
    { 16, 15, 286, 1, 15, 60, 117 }, // %
    { 14, 15, 222, 0, 15, 53, 177 }, // &
    { 3, 5, 80, 1, 16, 4, 230 }, // '
    { 6, 20, 108, 1, 16, 30, 234 }, // (
    { 6, 20, 108, 0, 16, 30, 264 }, // )
    { 10, 8, 160, 0, 15, 20, 294 }, // *
    { 10, 10, 188, 1, 11, 25, 314 }, // +
    { 4, 5, 82, 0, 2, 5, 339 }, // ,
    { 6, 2, 100, 0, 7, 3, 344 }, // -
    { 3, 3, 82, 1, 3, 3, 347 }, // .
    { 10, 20, 128, -1, 16, 50, 350 }, // /
    { 10, 15, 188, 1, 15, 38, 400 }, // 0
    { 7, 15, 188, 1, 15, 27, 438 }, // 1
    { 10, 15, 188, 1, 15, 38, 465 }, // 2
    { 10, 15, 188, 1, 15, 38, 503 }, // 3
    { 11, 15, 188, 0, 15, 42, 541 }, // 4
    { 10, 15, 188, 1, 15, 38, 583 }, // 5
    { 10, 15, 188, 1, 15, 38, 621 }, // 6
    { 10, 15, 188, 1, 15, 38, 659 }, // 7
    { 10, 15, 188, 1, 15, 38, 697 }, // 8
    { 10, 15, 188, 1, 15, 38, 735 }, // 9
    { 3, 11, 82, 1, 11, 9, 773 }, // :
    { 4, 14, 82, 0, 11, 14, 782 }, // ;
    { 10, 9, 188, 1, 11, 23, 796 }, // <
    { 10, 7, 188, 1, 10, 18, 819 }, // =
    { 10, 9, 188, 1, 11, 23, 837 }, // >
    { 8, 15, 135, 0, 15, 30, 860 }, // ?
    { 18, 20, 317, 1, 16, 90, 890 }, // @
    { 14, 15, 221, 0, 15, 53, 980 }, // A
    { 12, 15, 214, 1, 15, 45, 1033 }, // B
    { 12, 15, 207, 1, 15, 45, 1078 }, // C
    { 13, 15, 238, 1, 15, 49, 1123 }, // D
    { 11, 15, 190, 1, 15, 42, 1172 }, // E
    { 10, 15, 179, 1, 15, 38, 1214 }, // F
    { 12, 15, 224, 1, 15, 45, 1252 }, // G
    { 12, 15, 235, 1, 15, 45, 1297 }, // H
    { 3, 15, 90, 1, 15, 12, 1342 }, // I
    { 9, 15, 167, 0, 15, 34, 1354 }, // J
    { 13, 15, 210, 1, 15, 49, 1388 }, // K
    { 10, 15, 173, 1, 15, 38, 1437 }, // L
    { 16, 15, 290, 1, 15, 60, 1475 }, // M
    { 13, 15, 243, 1, 15, 49, 1535 }, // N
    { 15, 15, 259, 1, 15, 57, 1584 }, // O
    { 12, 15, 203, 1, 15, 45, 1641 }, // P
    { 15, 19, 259, 1, 15, 72, 1686 }, // Q
    { 12, 15, 210, 1, 15, 45, 1758 }, // R
    { 11, 15, 177, 0, 15, 42, 1803 }, // S
    { 12, 15, 188, 0, 15, 45, 1845 }, // T
    { 12, 15, 229, 1, 15, 45, 1890 }, // U
    { 14, 15, 219, 0, 15, 53, 1935 }, // V
    { 19, 15, 310, 0, 15, 72, 1988 }, // W
    { 13, 15, 210, 0, 15, 49, 2060 }, // X
    { 13, 15, 199, 0, 15, 49, 2109 }, // Y
    { 12, 15, 191, 0, 15, 45, 2158 }, // Z
    { 5, 20, 110, 2, 16, 25, 2203 }, // [
    { 10, 20, 128, -1, 16, 50, 2228 }, // <backslash>
    { 5, 20, 110, 0, 16, 25, 2278 }, // ]
    { 11, 8, 188, 0, 15, 22, 2303 }, // ^
    { 12, 2, 164, -1, -2, 6, 2325 }, // _
    { 5, 4, 125, 1, 16, 5, 2331 }, // `
    { 10, 11, 174, 0, 11, 28, 2336 }, // a
    { 11, 16, 196, 1, 16, 44, 2364 }, // b
    { 9, 11, 155, 1, 11, 25, 2408 }, // c
    { 10, 16, 196, 1, 16, 40, 2433 }, // d
    { 10, 11, 186, 1, 11, 28, 2473 }, // e
    { 8, 16, 129, 1, 16, 32, 2501 }, // f
    { 10, 15, 193, 1, 11, 38, 2533 }, // g
    { 10, 16, 190, 1, 16, 40, 2571 }, // h
    { 3, 16, 84, 1, 16, 12, 2611 }, // i
    { 6, 20, 84, -2, 16, 30, 2623 }, // j
    { 10, 16, 174, 1, 16, 40, 2653 }, // k
    { 5, 16, 91, 1, 16, 20, 2693 }, // l
    { 16, 11, 287, 1, 11, 44, 2713 }, // m
    { 10, 11, 191, 1, 11, 28, 2757 }, // n
    { 11, 11, 197, 1, 11, 31, 2785 }, // o
    { 11, 15, 196, 1, 11, 42, 2816 }, // p
    { 10, 15, 196, 1, 11, 38, 2858 }, // q
    { 7, 11, 129, 1, 11, 20, 2896 }, // r
    { 9, 11, 149, 0, 11, 25, 2916 }, // s
    { 8, 14, 134, 1, 14, 28, 2941 }, // t
    { 10, 11, 191, 1, 11, 28, 2969 }, // u
    { 11, 11, 167, 0, 11, 31, 2997 }, // v
    { 16, 11, 259, 0, 11, 44, 3028 }, // w
    { 11, 11, 170, 0, 11, 31, 3072 }, // x
    { 11, 15, 166, 0, 11, 42, 3103 }, // y
    { 10, 11, 157, 0, 11, 28, 3145 }, // z
    { 7, 20, 111, 0, 16, 35, 3173 }, // {
    { 2, 20, 93, 2, 16, 10, 3208 }, // |
    { 7, 20, 111, 0, 16, 35, 3218 }, // }
    { 11, 4, 188, 0, 8, 11, 3253 }, // ~
    { 0, 0, 77, 0, 0, 0, 3264 }, // U+00A0
    { 4, 15, 92, 1, 11, 15, 3264 }, // U+00A1
    { 10, 17, 188, 1, 14, 43, 3279 }, // U+00A2
    { 10, 15, 188, 1, 15, 38, 3322 }, // U+00A3
    { 11, 10, 188, 0, 12, 28, 3360 }, // U+00A4
    { 12, 15, 188, 0, 15, 45, 3388 }, // U+00A5
    { 2, 20, 93, 2, 16, 10, 3433 }, // U+00A6
    { 10, 18, 164, 0, 16, 45, 3443 }, // U+00A7
    { 8, 2, 125, 0, 15, 4, 3488 }, // U+00A8
    { 15, 15, 271, 1, 15, 57, 3492 }, // U+00A9
    { 8, 8, 130, 0, 15, 16, 3549 }, // U+00AA
    { 10, 9, 166, 0, 10, 23, 3565 }, // U+00AB
    { 10, 8, 188, 1, 9, 20, 3588 }, // U+00AC
    { 6, 2, 100, 0, 7, 3, 3608 }, // U+00AD
    { 15, 15, 271, 1, 15, 57, 3611 }, // U+00AE
    { 7, 2, 125, 0, 15, 4, 3668 }, // U+00AF
    { 7, 6, 111, 0, 16, 11, 3672 }, // U+00B0
    { 10, 13, 188, 1, 13, 33, 3683 }, // U+00B1
    { 7, 8, 120, 0, 15, 14, 3716 }, // U+00B2
    { 7, 8, 120, 0, 15, 14, 3730 }, // U+00B3
    { 5, 4, 125, 2, 16, 5, 3744 }, // U+00B4
    { 10, 15, 193, 1, 11, 38, 3749 }, // U+00B5
    { 12, 19, 215, 0, 15, 57, 3787 }, // U+00B6
    { 3, 3, 82, 1, 8, 3, 3844 }, // U+00B7
    { 5, 4, 125, 1, 0, 5, 3847 }, // U+00B8
    { 4, 8, 120, 1, 15, 8, 3852 }, // U+00B9
    { 9, 8, 149, 0, 15, 18, 3860 }, // U+00BA
    { 10, 9, 166, 0, 10, 23, 3878 }, // U+00BB
    { 17, 15, 291, 1, 15, 64, 3901 }, // U+00BC
    { 17, 15, 291, 1, 15, 64, 3965 }, // U+00BD
    { 18, 15, 291, 0, 15, 68, 4029 }, // U+00BE
    { 9, 15, 135, 0, 11, 34, 4097 }, // U+00BF
    { 14, 20, 221, 0, 20, 70, 4131 }, // U+00C0
    { 14, 20, 221, 0, 20, 70, 4201 }, // U+00C1
    { 14, 20, 221, 0, 20, 70, 4271 }, // U+00C2
    { 14, 19, 221, 0, 19, 67, 4341 }, // U+00C3
    { 14, 18, 221, 0, 18, 63, 4408 }, // U+00C4
    { 14, 18, 221, 0, 18, 63, 4471 }, // U+00C5
    { 19, 15, 312, 0, 15, 72, 4534 }, // U+00C6
    { 12, 18, 207, 1, 15, 54, 4606 }, // U+00C7
    { 11, 20, 190, 1, 20, 55, 4660 }, // U+00C8
    { 11, 20, 190, 1, 20, 55, 4715 }, // U+00C9
    { 11, 20, 190, 1, 20, 55, 4770 }, // U+00CA
    { 11, 18, 190, 1, 18, 50, 4825 }, // U+00CB
    { 5, 20, 90, 0, 20, 25, 4875 }, // U+00CC
    { 5, 20, 90, 1, 20, 25, 4900 }, // U+00CD
    { 7, 20, 90, -1, 20, 35, 4925 }, // U+00CE
    { 8, 18, 90, -1, 18, 36, 4960 }, // U+00CF
    { 15, 15, 242, 0, 15, 57, 4996 }, // U+00D0
    { 13, 19, 243, 1, 19, 62, 5053 }, // U+00D1
    { 15, 20, 259, 1, 20, 75, 5115 }, // U+00D2
    { 15, 20, 259, 1, 20, 75, 5190 }, // U+00D3
    { 15, 20, 259, 1, 20, 75, 5265 }, // U+00D4
    { 15, 19, 259, 1, 19, 72, 5340 }, // U+00D5
    { 15, 18, 259, 1, 18, 68, 5412 }, // U+00D6
    { 10, 9, 188, 1, 11, 23, 5480 }, // U+00D7
    { 15, 15, 259, 1, 15, 57, 5503 }, // U+00D8
    { 12, 20, 229, 1, 20, 60, 5560 }, // U+00D9
    { 12, 20, 229, 1, 20, 60, 5620 }, // U+00DA
    { 12, 20, 229, 1, 20, 60, 5680 }, // U+00DB
    { 12, 18, 229, 1, 18, 54, 5740 }, // U+00DC
    { 13, 20, 199, 0, 20, 65, 5794 }, // U+00DD
    { 12, 15, 203, 1, 15, 45, 5859 }, // U+00DE
    { 12, 16, 208, 1, 16, 48, 5904 }, // U+00DF
    { 10, 16, 174, 0, 16, 40, 5952 }, // U+00E0
    { 10, 16, 174, 0, 16, 40, 5992 }, // U+00E1
    { 10, 16, 174, 0, 16, 40, 6032 }, // U+00E2
    { 10, 16, 174, 0, 16, 40, 6072 }, // U+00E3
    { 10, 15, 174, 0, 15, 38, 6112 }, // U+00E4
    { 10, 16, 174, 0, 16, 40, 6150 }, // U+00E5
    { 17, 11, 286, 0, 11, 47, 6190 }, // U+00E6
    { 9, 15, 155, 1, 11, 34, 6237 }, // U+00E7
    { 10, 16, 186, 1, 16, 40, 6271 }, // U+00E8
    { 10, 16, 186, 1, 16, 40, 6311 }, // U+00E9
    { 10, 16, 186, 1, 16, 40, 6351 }, // U+00EA
    { 10, 15, 186, 1, 15, 38, 6391 }, // U+00EB
    { 5, 16, 84, 0, 16, 20, 6429 }, // U+00EC
    { 5, 16, 84, 1, 16, 20, 6449 }, // U+00ED
    { 7, 16, 84, -1, 16, 28, 6469 }, // U+00EE
    { 7, 15, 84, -1, 15, 27, 6497 }, // U+00EF
    { 11, 16, 196, 1, 16, 44, 6524 }, // U+00F0
    { 10, 16, 191, 1, 16, 40, 6568 }, // U+00F1
    { 11, 16, 197, 1, 16, 44, 6608 }, // U+00F2
    { 11, 16, 197, 1, 16, 44, 6652 }, // U+00F3
    { 11, 16, 197, 1, 16, 44, 6696 }, // U+00F4
    { 11, 16, 197, 1, 16, 44, 6740 }, // U+00F5
    { 11, 15, 197, 1, 15, 42, 6784 }, // U+00F6
    { 10, 12, 188, 1, 12, 30, 6826 }, // U+00F7
    { 11, 11, 197, 1, 11, 31, 6856 }, // U+00F8
    { 10, 16, 191, 1, 16, 40, 6887 }, // U+00F9
    { 10, 16, 191, 1, 16, 40, 6927 }, // U+00FA
    { 10, 16, 191, 1, 16, 40, 6967 }, // U+00FB
    { 10, 15, 191, 1, 15, 38, 7007 }, // U+00FC
    { 11, 20, 166, 0, 16, 55, 7045 }, // U+00FD
    { 11, 20, 196, 1, 16, 55, 7100 }, // U+00FE
    { 11, 19, 166, 0, 15, 53, 7155 }, // U+00FF
    { 14, 18, 221, 0, 18, 63, 7208 }, // U+0100
    { 10, 15, 174, 0, 15, 38, 7271 }, // U+0101
    { 14, 19, 221, 0, 19, 67, 7309 }, // U+0102
    { 10, 16, 174, 0, 16, 40, 7376 }, // U+0103
    { 14, 19, 221, 0, 15, 67, 7416 }, // U+0104
    { 10, 14, 174, 0, 11, 35, 7483 }, // U+0105
    { 12, 20, 207, 1, 20, 60, 7518 }, // U+0106
    { 9, 16, 155, 1, 16, 36, 7578 }, // U+0107
    { 12, 20, 207, 1, 20, 60, 7614 }, // U+0108
    { 9, 16, 155, 1, 16, 36, 7674 }, // U+0109
    { 12, 19, 207, 1, 19, 57, 7710 }, // U+010A
    { 9, 16, 155, 1, 16, 36, 7767 }, // U+010B
    { 12, 20, 207, 1, 20, 60, 7803 }, // U+010C
    { 9, 16, 155, 1, 16, 36, 7863 }, // U+010D
    { 13, 20, 238, 1, 20, 65, 7899 }, // U+010E
    { 14, 16, 207, 1, 16, 56, 7964 }, // U+010F
    { 15, 15, 242, 0, 15, 57, 8020 }, // U+0110
    { 12, 16, 196, 1, 16, 48, 8077 }, // U+0111
    { 11, 18, 190, 1, 18, 50, 8125 }, // U+0112
    { 10, 15, 186, 1, 15, 38, 8175 }, // U+0113
    { 11, 19, 190, 1, 19, 53, 8213 }, // U+0114
    { 10, 16, 186, 1, 16, 40, 8266 }, // U+0115
    { 11, 19, 190, 1, 19, 53, 8306 }, // U+0116
    { 10, 16, 186, 1, 16, 40, 8359 }, // U+0117
    { 11, 19, 190, 1, 15, 53, 8399 }, // U+0118
    { 10, 14, 186, 1, 11, 35, 8452 }, // U+0119
    { 11, 20, 190, 1, 20, 55, 8487 }, // U+011A
    { 10, 17, 186, 1, 17, 43, 8542 }, // U+011B
    { 12, 20, 224, 1, 20, 60, 8585 }, // U+011C
    { 10, 20, 193, 1, 16, 50, 8645 }, // U+011D
    { 12, 19, 224, 1, 19, 57, 8695 }, // U+011E
    { 10, 20, 193, 1, 16, 50, 8752 }, // U+011F
    { 12, 19, 224, 1, 19, 57, 8802 }, // U+0120
    { 10, 20, 193, 1, 16, 50, 8859 }, // U+0121
    { 12, 19, 224, 1, 15, 57, 8909 }, // U+0122
    { 10, 21, 193, 1, 17, 53, 8966 }, // U+0123
    { 12, 20, 235, 1, 20, 60, 9019 }, // U+0124
    { 10, 20, 190, 1, 20, 50, 9079 }, // U+0125
    { 15, 15, 244, 0, 15, 57, 9129 }, // U+0126
    { 11, 16, 190, 0, 16, 44, 9186 }, // U+0127
    { 8, 19, 90, -1, 19, 38, 9230 }, // U+0128
    { 8, 16, 84, -1, 16, 32, 9268 }, // U+0129
    { 7, 18, 90, -1, 18, 32, 9300 }, // U+012A
    { 7, 15, 84, -1, 15, 27, 9332 }, // U+012B
    { 6, 19, 90, 0, 19, 29, 9359 }, // U+012C
    { 7, 16, 84, -1, 16, 28, 9388 }, // U+012D
    { 5, 19, 90, 0, 15, 24, 9416 }, // U+012E
    { 4, 20, 84, 0, 16, 20, 9440 }, // U+012F
    { 4, 19, 90, 1, 19, 19, 9460 }, // U+0130
    { 3, 11, 84, 1, 11, 9, 9479 }, // U+0131
    { 14, 15, 256, 1, 15, 53, 9488 }, // U+0132
    { 9, 20, 170, 1, 16, 45, 9541 }, // U+0133
    { 11, 20, 167, 0, 20, 55, 9586 }, // U+0134
    { 8, 20, 84, -2, 16, 40, 9641 }, // U+0135
    { 13, 19, 210, 1, 15, 62, 9681 }, // U+0136
    { 10, 20, 174, 1, 16, 50, 9743 }, // U+0137
    { 10, 11, 179, 1, 11, 28, 9793 }, // U+0138
    { 10, 20, 173, 1, 20, 50, 9821 }, // U+0139
    { 5, 20, 91, 1, 20, 25, 9871 }, // U+013A
    { 10, 19, 173, 1, 15, 48, 9896 }, // U+013B
    { 6, 20, 91, 0, 16, 30, 9944 }, // U+013C
    { 10, 15, 173, 1, 15, 38, 9974 }, // U+013D
    { 6, 16, 95, 1, 16, 24, 10012 }, // U+013E
    { 10, 15, 173, 1, 15, 38, 10036 }, // U+013F
    { 7, 16, 123, 1, 16, 28, 10074 }, // U+0140
    { 12, 15, 179, -1, 15, 45, 10102 }, // U+0141
    { 7, 16, 96, 0, 16, 28, 10147 }, // U+0142
    { 13, 20, 243, 1, 20, 65, 10175 }, // U+0143
    { 10, 16, 191, 1, 16, 40, 10240 }, // U+0144
    { 13, 19, 243, 1, 15, 62, 10280 }, // U+0145
    { 10, 15, 191, 1, 11, 38, 10342 }, // U+0146
    { 13, 20, 243, 1, 20, 65, 10380 }, // U+0147
    { 10, 16, 191, 1, 16, 40, 10445 }, // U+0148
    { 11, 16, 191, 0, 16, 44, 10485 }, // U+0149
    { 13, 19, 243, 1, 15, 62, 10529 }, // U+014A
    { 10, 15, 191, 1, 11, 38, 10591 }, // U+014B
    { 15, 18, 259, 1, 18, 68, 10629 }, // U+014C
    { 11, 15, 197, 1, 15, 42, 10697 }, // U+014D
    { 15, 19, 259, 1, 19, 72, 10739 }, // U+014E
    { 11, 16, 197, 1, 16, 44, 10811 }, // U+014F
    { 15, 20, 259, 1, 20, 75, 10855 }, // U+0150
    { 11, 16, 197, 1, 16, 44, 10930 }, // U+0151
    { 20, 15, 331, 1, 15, 75, 10974 }, // U+0152
    { 18, 11, 316, 1, 11, 50, 11049 }, // U+0153
    { 12, 20, 210, 1, 20, 60, 11099 }, // U+0154
    { 7, 16, 129, 1, 16, 28, 11159 }, // U+0155
    { 12, 19, 210, 1, 15, 57, 11187 }, // U+0156
    { 8, 15, 129, 0, 11, 30, 11244 }, // U+0157
    { 12, 20, 210, 1, 20, 60, 11274 }, // U+0158
    { 7, 16, 129, 1, 16, 28, 11334 }, // U+0159
    { 11, 20, 177, 0, 20, 55, 11362 }, // U+015A
    { 9, 16, 149, 0, 16, 36, 11417 }, // U+015B
    { 11, 20, 177, 0, 20, 55, 11453 }, // U+015C
    { 9, 16, 149, 0, 16, 36, 11508 }, // U+015D
    { 11, 18, 177, 0, 15, 50, 11544 }, // U+015E
    { 9, 14, 149, 0, 11, 32, 11594 }, // U+015F
    { 11, 20, 177, 0, 20, 55, 11626 }, // U+0160
    { 9, 16, 149, 0, 16, 36, 11681 }, // U+0161
    { 12, 18, 188, 0, 15, 54, 11717 }, // U+0162
    { 8, 17, 134, 1, 14, 34, 11771 }, // U+0163
    { 12, 20, 188, 0, 20, 60, 11805 }, // U+0164
    { 8, 16, 134, 1, 16, 32, 11865 }, // U+0165
    { 12, 15, 188, 0, 15, 45, 11897 }, // U+0166
    { 8, 14, 134, 1, 14, 28, 11942 }, // U+0167
    { 12, 19, 229, 1, 19, 57, 11970 }, // U+0168
    { 10, 16, 191, 1, 16, 40, 12027 }, // U+0169
    { 12, 18, 229, 1, 18, 54, 12067 }, // U+016A
    { 10, 15, 191, 1, 15, 38, 12121 }, // U+016B
    { 12, 19, 229, 1, 19, 57, 12159 }, // U+016C
    { 10, 16, 191, 1, 16, 40, 12216 }, // U+016D
    { 12, 19, 229, 1, 19, 57, 12256 }, // U+016E
    { 10, 16, 191, 1, 16, 40, 12313 }, // U+016F
    { 12, 20, 229, 1, 20, 60, 12353 }, // U+0170
    { 10, 16, 191, 1, 16, 40, 12413 }, // U+0171
    { 12, 18, 229, 1, 15, 54, 12453 }, // U+0172
    { 10, 14, 191, 1, 11, 35, 12507 }, // U+0173
    { 19, 20, 310, 0, 20, 95, 12542 }, // U+0174
    { 16, 16, 259, 0, 16, 64, 12637 }, // U+0175
    { 13, 20, 199, 0, 20, 65, 12701 }, // U+0176
    { 11, 20, 166, 0, 16, 55, 12766 }, // U+0177
    { 13, 18, 199, 0, 18, 59, 12821 }, // U+0178
    { 12, 20, 191, 0, 20, 60, 12880 }, // U+0179
    { 10, 16, 157, 0, 16, 40, 12940 }, // U+017A
    { 12, 19, 191, 0, 19, 57, 12980 }, // U+017B
    { 10, 16, 157, 0, 16, 40, 13037 }, // U+017C
    { 12, 20, 191, 0, 20, 60, 13077 }, // U+017D
    { 10, 16, 157, 0, 16, 40, 13137 }, // U+017E
    { 8, 16, 91, 1, 16, 32, 13177 }, // U+017F
    { 15, 17, 259, 1, 17, 64, 13209 }, // U+01A0
    { 12, 13, 197, 1, 13, 39, 13273 }, // U+01A1
    { 15, 17, 237, 1, 17, 64, 13312 }, // U+01AF
    { 12, 13, 199, 1, 13, 39, 13376 }, // U+01B0
    { 26, 19, 430, 1, 19, 124, 13415 }, // U+01C4
    { 24, 16, 396, 1, 16, 96, 13539 }, // U+01C5
    { 21, 16, 355, 1, 16, 84, 13635 }, // U+01C6
    { 19, 15, 339, 1, 15, 72, 13719 }, // U+01C7
    { 14, 20, 259, 1, 16, 70, 13791 }, // U+01C8
    { 9, 20, 177, 1, 16, 45, 13861 }, // U+01C9
    { 24, 15, 409, 1, 15, 90, 13906 }, // U+01CA
    { 19, 20, 328, 1, 16, 95, 13996 }, // U+01CB
    { 16, 20, 277, 1, 16, 80, 14091 }, // U+01CC
    { 14, 20, 221, 0, 20, 70, 14171 }, // U+01CD
    { 10, 16, 174, 0, 16, 40, 14241 }, // U+01CE
    { 6, 20, 90, 0, 20, 30, 14281 }, // U+01CF
    { 7, 16, 84, -1, 16, 28, 14311 }, // U+01D0
    { 15, 20, 259, 1, 20, 75, 14339 }, // U+01D1
    { 11, 16, 197, 1, 16, 44, 14414 }, // U+01D2
    { 12, 20, 229, 1, 20, 60, 14458 }, // U+01D3
    { 10, 16, 191, 1, 16, 40, 14518 }, // U+01D4
    { 12, 21, 229, 1, 21, 63, 14558 }, // U+01D5
    { 10, 17, 191, 1, 17, 43, 14621 }, // U+01D6
    { 12, 21, 229, 1, 21, 63, 14664 }, // U+01D7
    { 10, 18, 191, 1, 18, 45, 14727 }, // U+01D8
    { 12, 20, 229, 1, 20, 60, 14772 }, // U+01D9
    { 10, 17, 191, 1, 17, 43, 14832 }, // U+01DA
    { 12, 21, 229, 1, 21, 63, 14875 }, // U+01DB
    { 10, 18, 191, 1, 18, 45, 14938 }, // U+01DC
    { 10, 11, 186, 1, 11, 28, 14983 }, // U+01DD
    { 14, 21, 221, 0, 21, 74, 15011 }, // U+01DE
    { 10, 17, 174, 0, 17, 43, 15085 }, // U+01DF
    { 14, 21, 221, 0, 21, 74, 15128 }, // U+01E0
    { 10, 17, 174, 0, 17, 43, 15202 }, // U+01E1
    { 19, 18, 312, 0, 18, 86, 15245 }, // U+01E2
    { 17, 15, 286, 0, 15, 64, 15331 }, // U+01E3
    { 14, 15, 234, 1, 15, 53, 15395 }, // U+01E4
    { 12, 15, 197, 1, 11, 45, 15448 }, // U+01E5
    { 12, 20, 224, 1, 20, 60, 15493 }, // U+01E6
    { 10, 20, 193, 1, 16, 50, 15553 }, // U+01E7
    { 13, 20, 210, 1, 20, 65, 15603 }, // U+01E8
    { 10, 20, 174, 1, 20, 50, 15668 }, // U+01E9
    { 15, 18, 259, 1, 15, 68, 15718 }, // U+01EA
    { 11, 14, 197, 1, 11, 39, 15786 }, // U+01EB
    { 15, 21, 259, 1, 18, 79, 15825 }, // U+01EC
    { 11, 18, 197, 1, 15, 50, 15904 }, // U+01ED
    { 11, 20, 189, 0, 20, 55, 15954 }, // U+01EE
    { 11, 20, 157, -1, 16, 55, 16009 }, // U+01EF
    { 8, 20, 84, -2, 16, 40, 16064 }, // U+01F0
    { 26, 15, 430, 1, 15, 98, 16104 }, // U+01F1
    { 24, 15, 396, 1, 15, 90, 16202 }, // U+01F2
    { 21, 16, 355, 1, 16, 84, 16292 }, // U+01F3
    { 12, 20, 224, 1, 20, 60, 16376 }, // U+01F4
    { 10, 20, 193, 1, 16, 50, 16436 }, // U+01F5
    { 20, 15, 352, 1, 15, 75, 16486 }, // U+01F6
    { 12, 19, 214, 1, 15, 57, 16561 }, // U+01F7
    { 13, 20, 243, 1, 20, 65, 16618 }, // U+01F8
    { 10, 16, 191, 1, 16, 40, 16683 }, // U+01F9
    { 14, 21, 221, 0, 21, 74, 16723 }, // U+01FA
    { 10, 19, 174, 0, 19, 48, 16797 }, // U+01FB
    { 19, 20, 312, 0, 20, 95, 16845 }, // U+01FC
    { 17, 16, 286, 0, 16, 68, 16940 }, // U+01FD
    { 15, 20, 259, 1, 20, 75, 17008 }, // U+01FE
    { 11, 16, 197, 1, 16, 44, 17083 }, // U+01FF
    { 14, 20, 221, 0, 20, 70, 17127 }, // U+0200
    { 10, 16, 174, 0, 16, 40, 17197 }, // U+0201
    { 14, 19, 221, 0, 19, 67, 17237 }, // U+0202
    { 10, 16, 174, 0, 16, 40, 17304 }, // U+0203
    { 11, 20, 190, 1, 20, 55, 17344 }, // U+0204
    { 10, 16, 186, 1, 16, 40, 17399 }, // U+0205
    { 11, 19, 190, 1, 19, 53, 17439 }, // U+0206
    { 10, 16, 186, 1, 16, 40, 17492 }, // U+0207
    { 8, 20, 90, -2, 20, 40, 17532 }, // U+0208
    { 8, 16, 84, -2, 16, 32, 17572 }, // U+0209
    { 6, 19, 90, 0, 19, 29, 17604 }, // U+020A
    { 7, 16, 84, -1, 16, 28, 17633 }, // U+020B
    { 15, 20, 259, 1, 20, 75, 17661 }, // U+020C
    { 11, 16, 197, 1, 16, 44, 17736 }, // U+020D
    { 15, 19, 259, 1, 19, 72, 17780 }, // U+020E
    { 11, 16, 197, 1, 16, 44, 17852 }, // U+020F
    { 12, 20, 210, 1, 20, 60, 17896 }, // U+0210
    { 8, 16, 129, 0, 16, 32, 17956 }, // U+0211
    { 12, 19, 210, 1, 19, 57, 17988 }, // U+0212
    { 7, 16, 129, 1, 16, 28, 18045 }, // U+0213
    { 12, 20, 229, 1, 20, 60, 18073 }, // U+0214
    { 10, 16, 191, 1, 16, 40, 18133 }, // U+0215
    { 12, 19, 229, 1, 19, 57, 18173 }, // U+0216
    { 10, 16, 191, 1, 16, 40, 18230 }, // U+0217
    { 11, 19, 177, 0, 15, 53, 18270 }, // U+0218
    { 9, 15, 149, 0, 11, 34, 18323 }, // U+0219
    { 12, 19, 188, 0, 15, 57, 18357 }, // U+021A
    { 8, 18, 134, 1, 14, 36, 18414 }, // U+021B
    { 11, 19, 178, 0, 15, 53, 18450 }, // U+021C
    { 9, 15, 145, 0, 11, 34, 18503 }, // U+021D
    { 12, 20, 235, 1, 20, 60, 18537 }, // U+021E
    { 10, 20, 190, 1, 20, 50, 18597 }, // U+021F
    { 6, 4, 0, -11, 17, 6, 18647 }, // U+0300
    { 6, 4, 0, -6, 17, 6, 18653 }, // U+0301
    { 8, 4, 0, -4, 17, 8, 18659 }, // U+0302
    { 8, 4, 0, -11, 17, 8, 18667 }, // U+0303
    { 8, 3, 0, -4, 16, 6, 18675 }, // U+0304
    { 8, 4, 0, -4, 17, 8, 18681 }, // U+0306
    { 4, 3, 0, -2, 17, 3, 18689 }, // U+0307
    { 8, 3, 0, -4, 17, 6, 18692 }, // U+0308
    { 6, 7, 0, -3, 19, 11, 18698 }, // U+030A
    { 9, 4, 0, -3, 17, 9, 18709 }, // U+030B
    { 8, 4, 0, -4, 17, 8, 18718 }, // U+030C
    { 6, 3, 125, 1, 16, 5, 18726 }, // U+0311
    { 4, 6, 0, -2, 15, 6, 18731 }, // U+0312
    { 4, 4, 0, -2, -1, 4, 18737 }, // U+0326
    { 5, 7, 0, -3, 1, 9, 18741 }, // U+0327
    { 4, 7, 0, -2, 1, 7, 18750 }, // U+0328
    { 0, 0, 0, 0, 0, 0, 18757 }, // U+034F
    { 11, 20, 190, 1, 20, 55, 18757 }, // U+0400
    { 11, 18, 190, 1, 18, 50, 18812 }, // U+0401
    { 15, 15, 250, 0, 15, 57, 18862 }, // U+0402
    { 10, 20, 170, 1, 20, 50, 18919 }, // U+0403
    { 12, 15, 207, 1, 15, 45, 18969 }, // U+0404
    { 11, 15, 177, 0, 15, 42, 19014 }, // U+0405
    { 3, 15, 90, 1, 15, 12, 19056 }, // U+0406
    { 8, 18, 90, -1, 18, 36, 19068 }, // U+0407
    { 9, 15, 167, 0, 15, 34, 19104 }, // U+0408
    { 22, 16, 348, 0, 15, 88, 19138 }, // U+0409
    { 20, 15, 342, 1, 15, 75, 19226 }, // U+040A
    { 15, 15, 250, 0, 15, 57, 19301 }, // U+040B
    { 13, 20, 210, 1, 20, 65, 19358 }, // U+040C
    { 13, 20, 243, 1, 20, 65, 19423 }, // U+040D
    { 13, 19, 196, 0, 19, 62, 19488 }, // U+040E
    { 12, 19, 233, 1, 15, 57, 19550 }, // U+040F
    { 14, 15, 221, 0, 15, 53, 19607 }, // U+0410
    { 12, 15, 206, 1, 15, 45, 19660 }, // U+0411
    { 12, 15, 214, 1, 15, 45, 19705 }, // U+0412
    { 10, 15, 170, 1, 15, 38, 19750 }, // U+0413
    { 15, 19, 241, 0, 15, 72, 19788 }, // U+0414
    { 11, 15, 190, 1, 15, 42, 19860 }, // U+0415
    { 19, 15, 302, 0, 15, 72, 19902 }, // U+0416
    { 11, 15, 191, 0, 15, 42, 19974 }, // U+0417
    { 13, 15, 243, 1, 15, 49, 20016 }, // U+0418
    { 13, 19, 243, 1, 19, 62, 20065 }, // U+0419
    { 13, 15, 210, 1, 15, 49, 20127 }, // U+041A
    { 14, 15, 236, 0, 15, 53, 20176 }, // U+041B
    { 16, 15, 290, 1, 15, 60, 20229 }, // U+041C
    { 12, 15, 235, 1, 15, 45, 20289 }, // U+041D
    { 15, 15, 259, 1, 15, 57, 20334 }, // U+041E
    { 12, 15, 233, 1, 15, 45, 20391 }, // U+041F
    { 12, 15, 203, 1, 15, 45, 20436 }, // U+0420
    { 12, 15, 207, 1, 15, 45, 20481 }, // U+0421
    { 12, 15, 188, 0, 15, 45, 20526 }, // U+0422
    { 13, 15, 196, 0, 15, 49, 20571 }, // U+0423
    { 16, 16, 288, 1, 16, 64, 20620 }, // U+0424
    { 13, 15, 210, 0, 15, 49, 20684 }, // U+0425
    { 14, 19, 239, 1, 15, 67, 20733 }, // U+0426
    { 11, 15, 210, 1, 15, 42, 20800 }, // U+0427
    { 18, 15, 328, 1, 15, 68, 20842 }, // U+0428
    { 20, 19, 334, 1, 15, 95, 20910 }, // U+0429
    { 15, 15, 242, 0, 15, 57, 21005 }, // U+042A
    { 16, 15, 285, 1, 15, 60, 21062 }, // U+042B
    { 12, 15, 205, 1, 15, 45, 21122 }, // U+042C
    { 12, 15, 207, 0, 15, 45, 21167 }, // U+042D
    { 20, 15, 343, 1, 15, 75, 21212 }, // U+042E
    { 12, 15, 212, 0, 15, 45, 21287 }, // U+042F
    { 10, 11, 174, 0, 11, 28, 21332 }, // U+0430
    { 11, 16, 198, 1, 16, 44, 21360 }, // U+0431
    { 10, 11, 183, 1, 11, 28, 21404 }, // U+0432
    { 8, 11, 139, 1, 11, 22, 21432 }, // U+0433
    { 13, 14, 201, 0, 11, 46, 21454 }, // U+0434
    { 10, 11, 186, 1, 11, 28, 21500 }, // U+0435
    { 16, 11, 254, 0, 11, 44, 21528 }, // U+0436
    { 10, 11, 163, 0, 11, 28, 21572 }, // U+0437
    { 10, 11, 199, 1, 11, 28, 21600 }, // U+0438
    { 10, 16, 199, 1, 16, 40, 21628 }, // U+0439
    { 10, 11, 179, 1, 11, 28, 21668 }, // U+043A
    { 11, 11, 199, 0, 11, 31, 21696 }, // U+043B
    { 13, 11, 244, 1, 11, 36, 21727 }, // U+043C
    { 10, 11, 195, 1, 11, 28, 21763 }, // U+043D
    { 11, 11, 197, 1, 11, 31, 21791 }, // U+043E
    { 10, 11, 193, 1, 11, 28, 21822 }, // U+043F
    { 11, 15, 196, 1, 11, 42, 21850 }, // U+0440
    { 9, 11, 155, 1, 11, 25, 21892 }, // U+0441
    { 10, 11, 154, 0, 11, 28, 21917 }, // U+0442
    { 11, 15, 166, 0, 11, 42, 21945 }, // U+0443
    { 15, 20, 255, 1, 16, 75, 21987 }, // U+0444
    { 11, 11, 170, 0, 11, 31, 22062 }, // U+0445
    { 11, 14, 195, 1, 11, 39, 22093 }, // U+0446
    { 10, 11, 178, 0, 11, 28, 22132 }, // U+0447
    { 15, 11, 274, 1, 11, 42, 22160 }, // U+0448
    { 17, 14, 278, 1, 11, 60, 22202 }, // U+0449
    { 12, 11, 199, 0, 11, 33, 22262 }, // U+044A
    { 14, 11, 253, 1, 11, 39, 22295 }, // U+044B
    { 10, 11, 176, 1, 11, 28, 22334 }, // U+044C
    { 10, 11, 166, 0, 11, 28, 22362 }, // U+044D
    { 15, 11, 270, 1, 11, 42, 22390 }, // U+044E
    { 10, 11, 183, 0, 11, 28, 22432 }, // U+044F
    { 10, 16, 186, 1, 16, 40, 22460 }, // U+0450
    { 10, 15, 186, 1, 15, 38, 22500 }, // U+0451
    { 11, 20, 190, 0, 16, 55, 22538 }, // U+0452
    { 8, 16, 139, 1, 16, 32, 22593 }, // U+0453
    { 9, 11, 166, 1, 11, 25, 22625 }, // U+0454
    { 9, 11, 149, 0, 11, 25, 22650 }, // U+0455
    { 3, 16, 84, 1, 16, 12, 22675 }, // U+0456
    { 7, 15, 84, -1, 15, 27, 22687 }, // U+0457
    { 6, 20, 84, -2, 16, 30, 22714 }, // U+0458
    { 18, 11, 288, 0, 11, 50, 22744 }, // U+0459
    { 17, 11, 284, 1, 11, 47, 22794 }, // U+045A
    { 11, 16, 190, 0, 16, 44, 22841 }, // U+045B
    { 10, 16, 179, 1, 16, 40, 22885 }, // U+045C
    { 10, 16, 199, 1, 16, 40, 22925 }, // U+045D
    { 11, 20, 166, 0, 16, 55, 22965 }, // U+045E
    { 10, 14, 192, 1, 11, 35, 23020 }, // U+045F
    { 15, 16, 242, 0, 16, 60, 23055 }, // U+0462
    { 12, 16, 199, 0, 16, 48, 23115 }, // U+0463
    { 15, 15, 259, 1, 15, 57, 23163 }, // U+0472
    { 11, 11, 197, 1, 11, 31, 23220 }, // U+0473
    { 17, 15, 251, 0, 15, 64, 23251 }, // U+0474
    { 12, 11, 188, 0, 11, 33, 23315 }, // U+0475
    { 15, 23, 248, 1, 19, 87, 23348 }, // U+048A
    { 12, 20, 203, 1, 16, 60, 23435 }, // U+048B
    { 13, 16, 210, 0, 16, 52, 23495 }, // U+048C
    { 11, 11, 175, 0, 11, 31, 23547 }, // U+048D
    { 12, 15, 203, 1, 15, 45, 23578 }, // U+048E
    { 11, 15, 196, 1, 11, 42, 23623 }, // U+048F
    { 10, 18, 170, 1, 18, 45, 23665 }, // U+0490
    { 8, 14, 143, 1, 14, 28, 23710 }, // U+0491
    { 11, 15, 174, 0, 15, 42, 23738 }, // U+0492
    { 9, 11, 142, 0, 11, 25, 23780 }, // U+0493
    { 12, 19, 208, 1, 15, 57, 23805 }, // U+0494
    { 10, 15, 181, 1, 11, 38, 23862 }, // U+0495
    { 20, 19, 307, 0, 15, 95, 23900 }, // U+0496
    { 17, 14, 258, 0, 11, 60, 23995 }, // U+0497
    { 11, 18, 191, 0, 15, 50, 24055 }, // U+0498
    { 10, 14, 163, 0, 11, 35, 24105 }, // U+0499
    { 13, 19, 219, 1, 15, 62, 24140 }, // U+049A
    { 11, 15, 182, 1, 11, 42, 24202 }, // U+049B
    { 14, 15, 236, 1, 15, 53, 24244 }, // U+049C
    { 12, 11, 206, 1, 11, 33, 24297 }, // U+049D
    { 14, 15, 214, 0, 15, 53, 24330 }, // U+049E
    { 12, 11, 185, 0, 11, 33, 24383 }, // U+049F
    { 16, 15, 246, 0, 15, 60, 24416 }, // U+04A0
    { 13, 11, 202, 0, 11, 36, 24476 }, // U+04A1
    { 14, 19, 241, 1, 15, 67, 24512 }, // U+04A2
    { 12, 14, 199, 1, 11, 42, 24579 }, // U+04A3
    { 16, 15, 272, 1, 15, 60, 24621 }, // U+04A4
    { 13, 11, 219, 1, 11, 36, 24681 }, // U+04A5
    { 20, 19, 344, 1, 15, 95, 24717 }, // U+04A6
    { 17, 15, 287, 1, 11, 64, 24812 }, // U+04A7
    { 15, 19, 262, 1, 15, 72, 24876 }, // U+04A8
    { 11, 14, 203, 1, 11, 39, 24948 }, // U+04A9
    { 12, 18, 207, 1, 15, 54, 24987 }, // U+04AA
    { 9, 15, 155, 1, 11, 34, 25041 }, // U+04AB
    { 12, 19, 188, 0, 15, 57, 25075 }, // U+04AC
    { 10, 14, 154, 0, 11, 35, 25132 }, // U+04AD
    { 13, 15, 199, 0, 15, 49, 25167 }, // U+04AE
    { 11, 15, 167, 0, 11, 42, 25216 }, // U+04AF
    { 13, 15, 199, 0, 15, 49, 25258 }, // U+04B0
    { 11, 15, 167, 0, 11, 42, 25307 }, // U+04B1
    { 14, 19, 218, 0, 15, 67, 25349 }, // U+04B2
    { 11, 14, 175, 0, 11, 39, 25416 }, // U+04B3
    { 18, 19, 282, 0, 15, 86, 25455 }, // U+04B4
    { 14, 14, 220, 0, 11, 49, 25541 }, // U+04B5
    { 13, 19, 217, 1, 15, 62, 25590 }, // U+04B6
    { 11, 14, 181, 0, 11, 39, 25652 }, // U+04B7
    { 11, 15, 213, 1, 15, 42, 25691 }, // U+04B8
    { 10, 11, 178, 0, 11, 28, 25733 }, // U+04B9
    { 12, 15, 213, 1, 15, 45, 25761 }, // U+04BA
    { 10, 16, 190, 1, 16, 40, 25806 }, // U+04BB
    { 17, 15, 278, 0, 15, 64, 25846 }, // U+04BC
    { 13, 11, 223, 0, 11, 36, 25910 }, // U+04BD
    { 17, 19, 278, 0, 15, 81, 25946 }, // U+04BE
    { 13, 14, 223, 0, 11, 46, 26027 }, // U+04BF
    { 3, 15, 90, 1, 15, 12, 26073 }, // U+04C0
    { 19, 19, 302, 0, 19, 91, 26085 }, // U+04C1
    { 16, 16, 254, 0, 16, 64, 26176 }, // U+04C2
    { 12, 19, 210, 1, 15, 57, 26240 }, // U+04C3
    { 10, 15, 181, 1, 11, 38, 26297 }, // U+04C4
    { 15, 19, 241, 0, 15, 72, 26335 }, // U+04C5
    { 13, 15, 203, 0, 11, 49, 26407 }, // U+04C6
    { 12, 19, 235, 1, 15, 57, 26456 }, // U+04C7
    { 10, 15, 195, 1, 11, 38, 26513 }, // U+04C8
    { 14, 19, 241, 1, 15, 67, 26551 }, // U+04C9
    { 12, 15, 199, 1, 11, 45, 26618 }, // U+04CA
    { 11, 19, 213, 1, 15, 53, 26663 }, // U+04CB
    { 10, 14, 178, 0, 11, 35, 26716 }, // U+04CC
    { 18, 19, 300, 1, 15, 86, 26751 }, // U+04CD
    { 15, 15, 250, 1, 11, 57, 26837 }, // U+04CE
    { 3, 15, 90, 1, 15, 12, 26894 }, // U+04CF
    { 14, 19, 221, 0, 19, 67, 26906 }, // U+04D0
    { 10, 16, 174, 0, 16, 40, 26973 }, // U+04D1
    { 14, 18, 221, 0, 18, 63, 27013 }, // U+04D2
    { 10, 15, 174, 0, 15, 38, 27076 }, // U+04D3
    { 19, 15, 312, 0, 15, 72, 27114 }, // U+04D4
    { 17, 11, 286, 0, 11, 47, 27186 }, // U+04D5
    { 11, 19, 190, 1, 19, 53, 27233 }, // U+04D6
    { 10, 16, 186, 1, 16, 40, 27286 }, // U+04D7
    { 13, 15, 235, 1, 15, 49, 27326 }, // U+04D8
    { 10, 11, 186, 1, 11, 28, 27375 }, // U+04D9
    { 13, 18, 235, 1, 18, 59, 27403 }, // U+04DA
    { 10, 15, 186, 1, 15, 38, 27462 }, // U+04DB
    { 19, 18, 302, 0, 18, 86, 27500 }, // U+04DC
    { 16, 15, 254, 0, 15, 60, 27586 }, // U+04DD
    { 11, 18, 191, 0, 18, 50, 27646 }, // U+04DE
    { 10, 15, 163, 0, 15, 38, 27696 }, // U+04DF
    { 11, 15, 189, 0, 15, 42, 27734 }, // U+04E0
    { 11, 15, 157, -1, 11, 42, 27776 }, // U+04E1
    { 13, 18, 243, 1, 18, 59, 27818 }, // U+04E2
    { 10, 15, 199, 1, 15, 38, 27877 }, // U+04E3
    { 13, 18, 243, 1, 18, 59, 27915 }, // U+04E4
    { 10, 15, 199, 1, 15, 38, 27974 }, // U+04E5
    { 15, 18, 259, 1, 18, 68, 28012 }, // U+04E6
    { 11, 15, 197, 1, 15, 42, 28080 }, // U+04E7
    { 15, 15, 259, 1, 15, 57, 28122 }, // U+04E8
    { 11, 11, 197, 1, 11, 31, 28179 }, // U+04E9
    { 15, 18, 259, 1, 18, 68, 28210 }, // U+04EA
    { 11, 15, 197, 1, 15, 42, 28278 }, // U+04EB
    { 12, 18, 207, 0, 18, 54, 28320 }, // U+04EC
    { 10, 15, 166, 0, 15, 38, 28374 }, // U+04ED
    { 13, 18, 196, 0, 18, 59, 28412 }, // U+04EE
    { 11, 19, 166, 0, 15, 53, 28471 }, // U+04EF
    { 13, 18, 196, 0, 18, 59, 28524 }, // U+04F0
    { 11, 19, 166, 0, 15, 53, 28583 }, // U+04F1
    { 13, 19, 196, 0, 19, 62, 28636 }, // U+04F2
    { 11, 20, 166, 0, 16, 55, 28698 }, // U+04F3
    { 11, 18, 210, 1, 18, 50, 28753 }, // U+04F4
    { 10, 15, 178, 0, 15, 38, 28803 }, // U+04F5
    { 10, 19, 170, 1, 15, 48, 28841 }, // U+04F6
    { 8, 14, 139, 1, 11, 28, 28889 }, // U+04F7
    { 16, 18, 285, 1, 18, 72, 28917 }, // U+04F8
    { 14, 15, 253, 1, 15, 53, 28989 }, // U+04F9
    { 13, 12, 211, 0, 12, 39, 29042 }, // U+05D0
    { 12, 12, 191, 0, 12, 36, 29081 }, // U+05D1
    { 8, 13, 125, 0, 12, 26, 29117 }, // U+05D2
    { 11, 12, 181, 0, 12, 33, 29143 }, // U+05D3
    { 11, 12, 209, 1, 12, 33, 29176 }, // U+05D4
    { 5, 12, 100, 0, 12, 15, 29209 }, // U+05D5
    { 7, 12, 110, 0, 12, 21, 29224 }, // U+05D6
    { 13, 12, 221, 0, 12, 39, 29245 }, // U+05D7
    { 12, 12, 211, 1, 12, 36, 29284 }, // U+05D8
    { 5, 8, 98, 0, 12, 10, 29320 }, // U+05D9
    { 10, 16, 182, 0, 12, 40, 29330 }, // U+05DA
    { 10, 12, 172, 0, 12, 30, 29370 }, // U+05DB
    { 11, 16, 174, 0, 16, 44, 29400 }, // U+05DC
    { 12, 12, 228, 1, 12, 36, 29444 }, // U+05DD
    { 13, 12, 220, 0, 12, 39, 29480 }, // U+05DE
    { 5, 16, 110, 0, 12, 20, 29519 }, // U+05DF
    { 6, 12, 126, 1, 12, 18, 29539 }, // U+05E0
    { 13, 12, 214, 0, 12, 39, 29557 }, // U+05E1
    { 12, 15, 198, 0, 13, 45, 29596 }, // U+05E2
    { 11, 16, 207, 1, 12, 44, 29641 }, // U+05E3
    { 11, 12, 200, 1, 12, 33, 29685 }, // U+05E4
    { 11, 16, 176, 0, 12, 44, 29718 }, // U+05E5
    { 11, 12, 185, 0, 12, 33, 29762 }, // U+05E6
    { 12, 16, 209, 1, 12, 48, 29795 }, // U+05E7
    { 10, 12, 174, 0, 12, 30, 29843 }, // U+05E8
    { 13, 12, 243, 1, 12, 39, 29873 }, // U+05E9
    { 13, 12, 228, 0, 12, 39, 29912 }, // U+05EA
    { 4, 6, 109, 1, 5, 6, 29951 }, // U+060C
    { 4, 12, 115, 1, 11, 12, 29957 }, // U+061B
    { 9, 17, 145, 0, 16, 39, 29969 }, // U+061F
    { 8, 10, 137, 0, 8, 20, 30008 }, // U+0621
    { 7, 3, 90, 0, 2, 6, 30028 }, // U+0640
    { 4, 4, 191, 4, 8, 4, 30034 }, // U+0660
    { 4, 16, 191, 4, 15, 16, 30038 }, // U+0661
    { 10, 16, 191, 1, 15, 40, 30054 }, // U+0662
    { 12, 16, 191, 0, 15, 48, 30094 }, // U+0663
    { 10, 16, 191, 1, 15, 40, 30142 }, // U+0664
    { 10, 12, 191, 1, 11, 30, 30182 }, // U+0665
    { 10, 16, 191, 1, 15, 40, 30212 }, // U+0666
    { 12, 16, 191, 0, 15, 48, 30252 }, // U+0667
    { 12, 16, 191, 0, 15, 48, 30300 }, // U+0668
    { 10, 16, 191, 1, 15, 40, 30348 }, // U+0669
    { 14, 12, 228, 0, 7, 42, 30388 }, // U+06BA
    { 6, 2, 100, 0, 2, 3, 30430 }, // U+06D4
    { 4, 4, 191, 4, 8, 4, 30433 }, // U+06F0
    { 4, 16, 191, 4, 15, 16, 30437 }, // U+06F1
    { 10, 16, 191, 1, 15, 40, 30453 }, // U+06F2
    { 12, 16, 191, 0, 15, 48, 30493 }, // U+06F3
    { 10, 15, 191, 1, 15, 38, 30541 }, // U+06F4
    { 10, 15, 191, 1, 15, 38, 30579 }, // U+06F5
    { 8, 16, 191, 2, 15, 32, 30617 }, // U+06F6
    { 12, 16, 191, 0, 15, 48, 30649 }, // U+06F7
    { 12, 16, 191, 0, 15, 48, 30697 }, // U+06F8
    { 10, 16, 191, 1, 15, 40, 30745 }, // U+06F9
    { 14, 19, 221, 0, 15, 67, 30785 }, // U+1EA0
    { 10, 16, 174, 0, 12, 40, 30852 }, // U+1EA1
    { 14, 20, 221, 0, 20, 70, 30892 }, // U+1EA2
    { 10, 17, 174, 0, 16, 43, 30962 }, // U+1EA3
    { 14, 22, 221, 0, 22, 77, 31005 }, // U+1EA4
    { 12, 20, 174, 0, 19, 60, 31082 }, // U+1EA5
    { 14, 22, 221, 0, 22, 77, 31142 }, // U+1EA6
    { 10, 20, 174, 0, 19, 50, 31219 }, // U+1EA7
    { 14, 23, 221, 0, 23, 81, 31269 }, // U+1EA8
    { 11, 20, 174, 0, 19, 55, 31350 }, // U+1EA9
    { 14, 23, 221, 0, 23, 81, 31405 }, // U+1EAA
    { 10, 20, 174, 0, 19, 50, 31486 }, // U+1EAB
    { 14, 24, 221, 0, 20, 84, 31536 }, // U+1EAC
    { 10, 21, 174, 0, 17, 53, 31620 }, // U+1EAD
    { 14, 23, 221, 0, 23, 81, 31673 }, // U+1EAE
    { 10, 21, 174, 0, 20, 53, 31754 }, // U+1EAF
    { 14, 23, 221, 0, 23, 81, 31807 }, // U+1EB0
    { 10, 21, 174, 0, 20, 53, 31888 }, // U+1EB1
    { 14, 23, 221, 0, 23, 81, 31941 }, // U+1EB2
    { 10, 21, 174, 0, 20, 53, 32022 }, // U+1EB3
    { 14, 22, 221, 0, 22, 77, 32075 }, // U+1EB4
    { 10, 20, 174, 0, 19, 50, 32152 }, // U+1EB5
    { 14, 23, 221, 0, 19, 81, 32202 }, // U+1EB6
    { 10, 20, 174, 0, 16, 50, 32283 }, // U+1EB7
    { 11, 19, 190, 1, 15, 53, 32333 }, // U+1EB8
    { 10, 16, 186, 1, 12, 40, 32386 }, // U+1EB9
    { 11, 20, 190, 1, 20, 55, 32426 }, // U+1EBA
    { 10, 17, 186, 1, 16, 43, 32481 }, // U+1EBB
    { 11, 19, 190, 1, 19, 53, 32524 }, // U+1EBC
    { 10, 17, 186, 1, 16, 43, 32577 }, // U+1EBD
    { 12, 22, 190, 1, 22, 66, 32620 }, // U+1EBE
    { 11, 20, 186, 1, 19, 55, 32686 }, // U+1EBF
    { 11, 22, 190, 1, 22, 61, 32741 }, // U+1EC0
    { 10, 20, 186, 1, 19, 50, 32802 }, // U+1EC1
    { 11, 22, 190, 1, 22, 61, 32852 }, // U+1EC2
    { 11, 20, 186, 1, 19, 55, 32913 }, // U+1EC3
    { 11, 23, 190, 1, 23, 64, 32968 }, // U+1EC4
    { 10, 21, 186, 1, 20, 53, 33032 }, // U+1EC5
    { 11, 24, 190, 1, 20, 66, 33085 }, // U+1EC6
    { 10, 21, 186, 1, 17, 53, 33151 }, // U+1EC7
    { 5, 20, 90, 0, 20, 25, 33204 }, // U+1EC8
    { 5, 16, 84, 0, 16, 20, 33229 }, // U+1EC9
    { 4, 19, 90, 1, 15, 19, 33249 }, // U+1ECA
    { 3, 20, 84, 1, 16, 15, 33268 }, // U+1ECB
    { 14, 19, 259, 1, 15, 67, 33283 }, // U+1ECC
    { 11, 16, 197, 1, 12, 44, 33350 }, // U+1ECD
    { 14, 21, 259, 1, 20, 74, 33394 }, // U+1ECE
    { 11, 17, 197, 1, 16, 47, 33468 }, // U+1ECF
    { 14, 23, 259, 1, 22, 81, 33515 }, // U+1ED0
    { 11, 20, 197, 1, 19, 55, 33596 }, // U+1ED1
    { 14, 23, 259, 1, 22, 81, 33651 }, // U+1ED2
    { 11, 20, 197, 1, 19, 55, 33732 }, // U+1ED3
    { 14, 23, 259, 1, 22, 81, 33787 }, // U+1ED4
    { 11, 20, 197, 1, 19, 55, 33868 }, // U+1ED5
    { 14, 23, 259, 1, 22, 81, 33923 }, // U+1ED6
    { 11, 20, 197, 1, 19, 55, 34004 }, // U+1ED7
    { 14, 24, 259, 1, 20, 84, 34059 }, // U+1ED8
    { 11, 21, 197, 1, 17, 58, 34143 }, // U+1ED9
    { 15, 21, 259, 1, 20, 79, 34201 }, // U+1EDA
    { 12, 18, 197, 1, 17, 54, 34280 }, // U+1EDB
    { 15, 21, 259, 1, 20, 79, 34334 }, // U+1EDC
    { 12, 18, 197, 1, 17, 54, 34413 }, // U+1EDD
    { 15, 21, 259, 1, 20, 79, 34467 }, // U+1EDE
    { 12, 17, 197, 1, 16, 51, 34546 }, // U+1EDF
    { 15, 20, 259, 1, 19, 75, 34597 }, // U+1EE0
    { 12, 17, 197, 1, 16, 51, 34672 }, // U+1EE1
    { 15, 21, 259, 1, 17, 79, 34723 }, // U+1EE2
    { 12, 18, 197, 1, 14, 54, 34802 }, // U+1EE3
    { 12, 19, 229, 1, 15, 57, 34856 }, // U+1EE4
    { 10, 15, 191, 1, 11, 38, 34913 }, // U+1EE5
    { 12, 21, 229, 1, 20, 63, 34951 }, // U+1EE6
    { 10, 17, 191, 1, 16, 43, 35014 }, // U+1EE7
    { 15, 21, 237, 1, 20, 79, 35057 }, // U+1EE8
    { 12, 18, 199, 1, 17, 54, 35136 }, // U+1EE9
    { 15, 21, 237, 1, 20, 79, 35190 }, // U+1EEA
    { 12, 18, 199, 1, 17, 54, 35269 }, // U+1EEB
    { 15, 21, 237, 1, 20, 79, 35323 }, // U+1EEC
    { 12, 17, 199, 1, 16, 51, 35402 }, // U+1EED
    { 15, 20, 237, 1, 19, 75, 35453 }, // U+1EEE
    { 12, 17, 199, 1, 16, 51, 35528 }, // U+1EEF
    { 15, 21, 237, 1, 17, 79, 35579 }, // U+1EF0
    { 12, 18, 199, 1, 14, 54, 35658 }, // U+1EF1
    { 13, 20, 199, 0, 20, 65, 35712 }, // U+1EF2
    { 11, 21, 166, 0, 17, 58, 35777 }, // U+1EF3
    { 13, 19, 199, 0, 15, 62, 35835 }, // U+1EF4
    { 10, 15, 166, 0, 11, 38, 35897 }, // U+1EF5
    { 13, 20, 199, 0, 20, 65, 35935 }, // U+1EF6
    { 10, 20, 166, 0, 16, 50, 36000 }, // U+1EF7
    { 13, 19, 199, 0, 19, 62, 36050 }, // U+1EF8
    { 10, 20, 166, 0, 16, 50, 36112 }, // U+1EF9
    { 0, 0, 43, 0, 0, 0, 36162 }, // U+2009
    { 0, 0, 0, 0, 0, 0, 36162 }, // U+200B
    { 2, 16, 0, -1, 15, 8, 36162 }, // U+200C
    { 6, 16, 0, -3, 15, 24, 36170 }, // U+200D
    { 6, 18, 0, -1, 16, 27, 36194 }, // U+200E
    { 6, 18, 0, -5, 16, 27, 36221 }, // U+200F
    { 6, 3, 107, 0, 8, 5, 36248 }, // U+2010
    { 6, 3, 107, 0, 7, 5, 36253 }, // U+2011
    { 12, 2, 165, -1, 7, 6, 36258 }, // U+2013
    { 22, 2, 332, -1, 7, 11, 36264 }, // U+2014
    { 22, 2, 332, -1, 7, 11, 36275 }, // U+2015
    { 4, 5, 78, 1, 16, 5, 36286 }, // U+2018
    { 4, 5, 78, 0, 16, 5, 36291 }, // U+2019
    { 4, 5, 78, 0, 2, 5, 36296 }, // U+201A
    { 8, 5, 139, 1, 16, 10, 36301 }, // U+201C
    { 8, 5, 139, 0, 16, 10, 36311 }, // U+201D
    { 8, 5, 139, 0, 2, 10, 36321 }, // U+201E
    { 10, 18, 159, 0, 15, 45, 36331 }, // U+2020
    { 10, 18, 159, 0, 15, 45, 36376 }, // U+2021
    { 6, 5, 120, 1, 10, 8, 36421 }, // U+2022
    { 17, 3, 332, 2, 3, 13, 36429 }, // U+2026
    { 0, 0, 43, 0, 0, 0, 36442 }, // U+202F
    { 24, 15, 409, 1, 15, 90, 36442 }, // U+2030
    { 6, 9, 97, 0, 10, 14, 36532 }, // U+2039
    { 6, 9, 97, 0, 10, 14, 36546 }, // U+203A
    { 11, 15, 49, -4, 15, 42, 36560 }, // U+2044
    { 4, 12, 115, 1, 11, 12, 36602 }, // U+204F
    { 7, 8, 120, 0, 15, 14, 36614 }, // U+2070
    { 8, 8, 120, 0, 15, 16, 36628 }, // U+2074
    { 7, 8, 120, 0, 15, 14, 36644 }, // U+2075
    { 7, 8, 120, 0, 15, 14, 36658 }, // U+2076
    { 7, 8, 120, 0, 15, 14, 36672 }, // U+2077
    { 7, 8, 120, 0, 15, 14, 36686 }, // U+2078
    { 7, 8, 120, 0, 15, 14, 36700 }, // U+2079
    { 7, 8, 120, 0, 8, 14, 36714 }, // U+2080
    { 4, 8, 120, 1, 8, 8, 36728 }, // U+2081
    { 7, 8, 120, 0, 8, 14, 36736 }, // U+2082
    { 7, 8, 120, 0, 8, 14, 36750 }, // U+2083
    { 8, 8, 120, 0, 8, 16, 36764 }, // U+2084
    { 7, 8, 120, 0, 8, 14, 36780 }, // U+2085
    { 7, 8, 120, 0, 8, 14, 36794 }, // U+2086
    { 7, 8, 120, 0, 8, 14, 36808 }, // U+2087
    { 7, 8, 120, 0, 8, 14, 36822 }, // U+2088
    { 7, 8, 120, 0, 8, 14, 36836 }, // U+2089
    { 14, 13, 264, 1, 13, 46, 36850 }, // U+20AA
    { 12, 14, 188, 0, 14, 42, 36896 }, // U+20AC
    { 12, 15, 188, 0, 15, 45, 36938 }, // U+20AE
    { 12, 15, 188, 0, 15, 45, 36983 }, // U+20B4
    { 11, 15, 188, 1, 15, 42, 37028 }, // U+20B9
    { 12, 16, 195, 0, 16, 48, 37070 }, // U+2202
    { 14, 15, 217, 0, 15, 53, 37118 }, // U+2206
    { 12, 17, 232, 1, 15, 51, 37171 }, // U+220F
    { 11, 17, 172, 0, 15, 47, 37222 }, // U+2211
    { 10, 2, 188, 1, 7, 5, 37269 }, // U+2212
    { 11, 15, 49, -4, 15, 42, 37274 }, // U+2215
    { 3, 3, 82, 1, 8, 3, 37316 }, // U+2219
    { 13, 17, 188, 0, 16, 56, 37319 }, // U+221A
    { 12, 6, 196, 0, 9, 18, 37375 }, // U+221E
    { 8, 20, 123, 0, 16, 40, 37393 }, // U+222B
    { 11, 8, 188, 0, 10, 22, 37433 }, // U+2248
    { 10, 13, 188, 1, 13, 33, 37455 }, // U+2260
    { 10, 12, 188, 1, 12, 30, 37488 }, // U+2264
    { 10, 12, 188, 1, 12, 30, 37518 }, // U+2265
    { 16, 16, 259, 1, 16, 64, 37548 }, // U+FB00
    { 12, 16, 214, 1, 16, 48, 37612 }, // U+FB01
    { 13, 16, 221, 1, 16, 52, 37660 }, // U+FB02
    { 20, 16, 344, 1, 16, 80, 37712 }, // U+FB03
    { 21, 16, 351, 1, 16, 84, 37792 }, // U+FB04
    { 20, 17, 331, 0, 9, 85, 37876 }, // U+FB56
    { 24, 16, 364, 0, 8, 96, 37961 }, // U+FB57
    { 6, 16, 100, -1, 9, 24, 38057 }, // U+FB58
    { 9, 13, 124, 0, 6, 30, 38081 }, // U+FB59
    { 20, 16, 331, 0, 15, 80, 38111 }, // U+FB66
    { 24, 16, 364, 0, 15, 96, 38191 }, // U+FB67
    { 6, 18, 90, 0, 17, 27, 38287 }, // U+FB68
    { 9, 16, 124, 0, 15, 36, 38314 }, // U+FB69
    { 13, 18, 220, 0, 9, 59, 38350 }, // U+FB7A
    { 17, 18, 240, 0, 9, 77, 38409 }, // U+FB7B
    { 12, 15, 196, 0, 8, 45, 38486 }, // U+FB7C
    { 15, 15, 212, 0, 8, 57, 38531 }, // U+FB7D
    { 9, 20, 159, 0, 19, 45, 38588 }, // U+FB88
    { 13, 20, 177, 0, 19, 65, 38633 }, // U+FB89
    { 8, 20, 122, -1, 15, 40, 38698 }, // U+FB8A
    { 11, 20, 132, -1, 15, 55, 38738 }, // U+FB8B
    { 8, 21, 122, -1, 16, 42, 38793 }, // U+FB8C
    { 11, 21, 132, -1, 16, 58, 38835 }, // U+FB8D
    { 19, 16, 292, 0, 15, 76, 38893 }, // U+FB8E
    { 22, 16, 325, 0, 15, 88, 38969 }, // U+FB8F
    { 9, 16, 137, 0, 15, 36, 39057 }, // U+FB90
    { 12, 16, 169, 0, 15, 48, 39093 }, // U+FB91
    { 19, 19, 292, 0, 18, 91, 39141 }, // U+FB92
    { 22, 19, 325, 0, 18, 105, 39232 }, // U+FB93
    { 9, 19, 137, 0, 18, 43, 39337 }, // U+FB94
    { 12, 19, 169, 0, 18, 57, 39380 }, // U+FB95
    { 14, 12, 228, 0, 7, 42, 39437 }, // U+FB9E
    { 17, 11, 243, 0, 6, 47, 39479 }, // U+FB9F
    { 8, 10, 135, 0, 10, 20, 39526 }, // U+FBA6
    { 12, 8, 160, 0, 7, 24, 39546 }, // U+FBA7
    { 5, 13, 90, 0, 9, 17, 39570 }, // U+FBA8
    { 11, 10, 146, 0, 4, 28, 39587 }, // U+FBA9
    { 14, 12, 224, 0, 11, 42, 39615 }, // U+FBAA
    { 14, 14, 205, 0, 9, 49, 39657 }, // U+FBAB
    { 12, 12, 191, 0, 11, 36, 39706 }, // U+FBAC
    { 12, 14, 169, 0, 9, 42, 39742 }, // U+FBAD
    { 19, 11, 314, 0, 10, 53, 39784 }, // U+FBAE
    { 13, 8, 183, 0, 2, 26, 39837 }, // U+FBAF
    { 19, 16, 314, 0, 15, 76, 39863 }, // U+FBB0
    { 13, 13, 183, 0, 7, 43, 39939 }, // U+FBB1
    { 16, 14, 253, 0, 9, 56, 39982 }, // U+FBFC
    { 17, 9, 245, 0, 4, 39, 40038 }, // U+FBFD
    { 6, 13, 100, -1, 9, 20, 40077 }, // U+FBFE
    { 9, 10, 124, 0, 6, 23, 40097 }, // U+FBFF
    { 8, 10, 137, 0, 8, 20, 40120 }, // U+FE80
    { 8, 18, 78, -2, 18, 36, 40140 }, // U+FE81
    { 10, 20, 97, -2, 19, 50, 40176 }, // U+FE82
    { 5, 20, 78, 0, 20, 25, 40226 }, // U+FE83
    { 8, 22, 97, 0, 21, 44, 40251 }, // U+FE84
    { 9, 18, 149, 0, 13, 41, 40295 }, // U+FE85
    { 11, 18, 157, 0, 13, 50, 40336 }, // U+FE86
    { 5, 21, 79, 1, 15, 27, 40386 }, // U+FE87
    { 7, 21, 97, 1, 15, 37, 40413 }, // U+FE88
    { 16, 14, 253, 0, 9, 56, 40450 }, // U+FE89
    { 17, 14, 245, 0, 9, 60, 40506 }, // U+FE8A
    { 5, 16, 90, 0, 15, 20, 40566 }, // U+FE8B
    { 9, 13, 114, 0, 12, 30, 40586 }, // U+FE8C
    { 3, 15, 79, 1, 15, 12, 40616 }, // U+FE8D
    { 7, 16, 97, 1, 15, 28, 40628 }, // U+FE8E
    { 20, 13, 331, 0, 9, 65, 40656 }, // U+FE8F
    { 24, 12, 364, 0, 8, 72, 40721 }, // U+FE90
    { 5, 13, 90, 0, 9, 17, 40793 }, // U+FE91
    { 9, 10, 114, 0, 6, 23, 40810 }, // U+FE92
    { 8, 14, 135, 0, 14, 28, 40833 }, // U+FE93
    { 12, 16, 162, 0, 15, 48, 40861 }, // U+FE94
    { 20, 12, 331, 0, 11, 60, 40909 }, // U+FE95
    { 24, 12, 364, 0, 11, 72, 40969 }, // U+FE96
    { 6, 14, 90, 0, 13, 21, 41041 }, // U+FE97
    { 9, 11, 124, 0, 10, 25, 41062 }, // U+FE98
    { 20, 15, 331, 0, 14, 75, 41087 }, // U+FE99
    { 24, 15, 364, 0, 14, 90, 41162 }, // U+FE9A
    { 6, 17, 90, 0, 16, 26, 41252 }, // U+FE9B
    { 9, 14, 124, 0, 13, 32, 41278 }, // U+FE9C
    { 13, 18, 213, 0, 9, 59, 41310 }, // U+FE9D
    { 15, 18, 216, 0, 9, 68, 41369 }, // U+FE9E
    { 12, 12, 196, 0, 8, 36, 41437 }, // U+FE9F
    { 15, 12, 212, 0, 8, 45, 41473 }, // U+FEA0
    { 13, 18, 213, 0, 9, 59, 41518 }, // U+FEA1
    { 15, 18, 216, 0, 9, 68, 41577 }, // U+FEA2
    { 12, 9, 196, 0, 8, 27, 41645 }, // U+FEA3
    { 15, 9, 212, 0, 8, 34, 41672 }, // U+FEA4
    { 13, 22, 213, 0, 13, 72, 41706 }, // U+FEA5
    { 15, 22, 216, 0, 13, 83, 41778 }, // U+FEA6
    { 12, 13, 196, 0, 12, 39, 41861 }, // U+FEA7
    { 15, 13, 212, 0, 12, 49, 41900 }, // U+FEA8
    { 9, 11, 159, 0, 10, 25, 41949 }, // U+FEA9
    { 13, 11, 177, 0, 10, 36, 41974 }, // U+FEAA
    { 9, 15, 159, 0, 14, 34, 42010 }, // U+FEAB
    { 13, 15, 177, 0, 14, 49, 42044 }, // U+FEAC
    { 8, 13, 122, -1, 8, 26, 42093 }, // U+FEAD
    { 11, 13, 132, -1, 8, 36, 42119 }, // U+FEAE
    { 8, 17, 122, -1, 12, 34, 42155 }, // U+FEAF
    { 11, 17, 132, -1, 12, 47, 42189 }, // U+FEB0
    { 25, 14, 403, 0, 9, 88, 42236 }, // U+FEB1
    { 28, 13, 423, 0, 8, 91, 42324 }, // U+FEB2
    { 16, 10, 261, 0, 9, 40, 42415 }, // U+FEB3
    { 19, 9, 283, 0, 8, 43, 42455 }, // U+FEB4
    { 25, 19, 403, 0, 14, 119, 42498 }, // U+FEB5
    { 28, 19, 423, 0, 14, 133, 42617 }, // U+FEB6
    { 16, 15, 261, 0, 14, 60, 42750 }, // U+FEB7
    { 19, 15, 283, 0, 14, 72, 42810 }, // U+FEB8
    { 27, 13, 435, 0, 8, 88, 42882 }, // U+FEB9
    { 30, 13, 451, 0, 8, 98, 42970 }, // U+FEBA
    { 18, 9, 301, 0, 8, 41, 43068 }, // U+FEBB
    { 21, 9, 316, 0, 8, 48, 43109 }, // U+FEBC
    { 27, 17, 435, 0, 12, 115, 43157 }, // U+FEBD
    { 30, 17, 451, 0, 12, 128, 43272 }, // U+FEBE
    { 18, 13, 301, 0, 12, 59, 43400 }, // U+FEBF
    { 21, 13, 316, 0, 12, 69, 43459 }, // U+FEC0
    { 16, 16, 263, 0, 15, 64, 43528 }, // U+FEC1
    { 19, 16, 277, 0, 15, 76, 43592 }, // U+FEC2
    { 14, 16, 226, 0, 15, 56, 43668 }, // U+FEC3
    { 16, 16, 237, 0, 15, 64, 43724 }, // U+FEC4
    { 16, 16, 263, 0, 15, 64, 43788 }, // U+FEC5
    { 19, 16, 277, 0, 15, 76, 43852 }, // U+FEC6
    { 14, 16, 226, 0, 15, 56, 43928 }, // U+FEC7
    { 16, 16, 237, 0, 15, 64, 43984 }, // U+FEC8
    { 13, 20, 169, 0, 11, 65, 44048 }, // U+FEC9
    { 13, 18, 177, 0, 9, 59, 44113 }, // U+FECA
    { 10, 11, 168, 0, 10, 28, 44172 }, // U+FECB
    { 12, 10, 174, 0, 9, 30, 44200 }, // U+FECC
    { 13, 24, 169, 0, 15, 78, 44230 }, // U+FECD
    { 13, 22, 177, 0, 13, 72, 44308 }, // U+FECE
    { 10, 15, 168, 0, 14, 38, 44380 }, // U+FECF
    { 12, 14, 174, 0, 13, 42, 44418 }, // U+FED0
    { 20, 16, 328, 0, 15, 80, 44460 }, // U+FED1
    { 24, 14, 366, 0, 13, 84, 44540 }, // U+FED2
    { 9, 16, 149, 0, 15, 36, 44624 }, // U+FED3
    { 12, 14, 165, 0, 13, 42, 44660 }, // U+FED4
    { 16, 17, 258, 0, 13, 68, 44702 }, // U+FED5
    { 18, 17, 269, 0, 11, 77, 44770 }, // U+FED6
    { 9, 16, 149, 0, 15, 36, 44847 }, // U+FED7
    { 12, 14, 165, 0, 13, 42, 44883 }, // U+FED8
    { 18, 16, 294, 0, 15, 72, 44925 }, // U+FED9
    { 21, 16, 307, 0, 15, 84, 44997 }, // U+FEDA
    { 9, 16, 137, 0, 15, 36, 45081 }, // U+FEDB
    { 12, 16, 169, 0, 15, 48, 45117 }, // U+FEDC
    { 14, 20, 232, 0, 15, 70, 45165 }, // U+FEDD
    { 17, 20, 243, 0, 15, 85, 45235 }, // U+FEDE
    { 5, 16, 87, 0, 15, 20, 45320 }, // U+FEDF
    { 8, 16, 100, 0, 15, 32, 45340 }, // U+FEE0
    { 10, 17, 161, 0, 8, 43, 45372 }, // U+FEE1
    { 13, 17, 187, 0, 8, 56, 45415 }, // U+FEE2
    { 10, 9, 175, 0, 8, 23, 45471 }, // U+FEE3
    { 14, 9, 193, 0, 8, 32, 45494 }, // U+FEE4
    { 14, 16, 228, 0, 11, 56, 45526 }, // U+FEE5
    { 17, 16, 243, 0, 11, 68, 45582 }, // U+FEE6
    { 5, 14, 90, 0, 13, 18, 45650 }, // U+FEE7
    { 9, 11, 114, 0, 10, 25, 45668 }, // U+FEE8
    { 8, 10, 135, 0, 10, 20, 45693 }, // U+FEE9
    { 12, 12, 162, 0, 11, 36, 45713 }, // U+FEEA
    { 12, 12, 191, 0, 11, 36, 45749 }, // U+FEEB
    { 12, 14, 169, 0, 9, 42, 45785 }, // U+FEEC
    { 9, 13, 149, 0, 8, 30, 45827 }, // U+FEED
    { 11, 13, 157, 0, 8, 36, 45857 }, // U+FEEE
    { 16, 14, 253, 0, 9, 56, 45893 }, // U+FEEF
    { 17, 9, 245, 0, 4, 39, 45949 }, // U+FEF0
    { 16, 18, 253, 0, 9, 72, 45988 }, // U+FEF1
    { 17, 13, 245, 0, 4, 56, 46060 }, // U+FEF2
    { 6, 13, 100, -1, 9, 20, 46116 }, // U+FEF3
    { 9, 10, 124, 0, 6, 23, 46136 }, // U+FEF4
    { 13, 16, 194, -2, 16, 52, 46159 }, // U+FEF5
    { 16, 17, 200, -2, 16, 68, 46211 }, // U+FEF6
    { 12, 18, 194, -1, 18, 54, 46279 }, // U+FEF7
    { 14, 19, 200, 0, 18, 67, 46333 }, // U+FEF8
    { 11, 21, 194, 0, 15, 58, 46400 }, // U+FEF9
    { 14, 21, 200, 0, 15, 74, 46458 }, // U+FEFA
    { 11, 15, 194, 0, 15, 42, 46532 }, // U+FEFB
    { 14, 16, 200, 0, 15, 56, 46574 }, // U+FEFC
};

static const EpdUnicodeInterval ubuntu_10_regularIntervals[] = {
    { 0x0, 0x0, 0x0 },
    { 0x8, 0x9, 0x1 },
    { 0xD, 0xD, 0x3 },
    { 0x1D, 0x1D, 0x4 },
    { 0x20, 0x7E, 0x5 },
    { 0xA0, 0x17F, 0x64 },
    { 0x1A0, 0x1A1, 0x144 },
    { 0x1AF, 0x1B0, 0x146 },
    { 0x1C4, 0x21F, 0x148 },
    { 0x300, 0x304, 0x1A4 },
    { 0x306, 0x308, 0x1A9 },
    { 0x30A, 0x30C, 0x1AC },
    { 0x311, 0x312, 0x1AF },
    { 0x326, 0x328, 0x1B1 },
    { 0x34F, 0x34F, 0x1B4 },
    { 0x400, 0x45F, 0x1B5 },
    { 0x462, 0x463, 0x215 },
    { 0x472, 0x475, 0x217 },
    { 0x48A, 0x4F9, 0x21B },
    { 0x5D0, 0x5EA, 0x28B },
    { 0x60C, 0x60C, 0x2A6 },
    { 0x61B, 0x61B, 0x2A7 },
    { 0x61F, 0x61F, 0x2A8 },
    { 0x621, 0x621, 0x2A9 },
    { 0x640, 0x640, 0x2AA },
    { 0x660, 0x669, 0x2AB },
    { 0x6BA, 0x6BA, 0x2B5 },
    { 0x6D4, 0x6D4, 0x2B6 },
    { 0x6F0, 0x6F9, 0x2B7 },
    { 0x1EA0, 0x1EF9, 0x2C1 },
    { 0x2009, 0x2009, 0x31B },
    { 0x200B, 0x2011, 0x31C },
    { 0x2013, 0x2015, 0x323 },
    { 0x2018, 0x201A, 0x326 },
    { 0x201C, 0x201E, 0x329 },
    { 0x2020, 0x2022, 0x32C },
    { 0x2026, 0x2026, 0x32F },
    { 0x202F, 0x2030, 0x330 },
    { 0x2039, 0x203A, 0x332 },
    { 0x2044, 0x2044, 0x334 },
    { 0x204F, 0x204F, 0x335 },
    { 0x2070, 0x2070, 0x336 },
    { 0x2074, 0x2079, 0x337 },
    { 0x2080, 0x2089, 0x33D },
    { 0x20AA, 0x20AA, 0x347 },
    { 0x20AC, 0x20AC, 0x348 },
    { 0x20AE, 0x20AE, 0x349 },
    { 0x20B4, 0x20B4, 0x34A },
    { 0x20B9, 0x20B9, 0x34B },
    { 0x2202, 0x2202, 0x34C },
    { 0x2206, 0x2206, 0x34D },
    { 0x220F, 0x220F, 0x34E },
    { 0x2211, 0x2212, 0x34F },
    { 0x2215, 0x2215, 0x351 },
    { 0x2219, 0x221A, 0x352 },
    { 0x221E, 0x221E, 0x354 },
    { 0x222B, 0x222B, 0x355 },
    { 0x2248, 0x2248, 0x356 },
    { 0x2260, 0x2260, 0x357 },
    { 0x2264, 0x2265, 0x358 },
    { 0xFB00, 0xFB04, 0x35A },
    { 0xFB56, 0xFB59, 0x35F },
    { 0xFB66, 0xFB69, 0x363 },
    { 0xFB7A, 0xFB7D, 0x367 },
    { 0xFB88, 0xFB95, 0x36B },
    { 0xFB9E, 0xFB9F, 0x379 },
    { 0xFBA6, 0xFBB1, 0x37B },
    { 0xFBFC, 0xFBFF, 0x387 },
    { 0xFE80, 0xFEFC, 0x38B },
};

static const EpdKernClassEntry ubuntu_10_regularKernLeftClasses[] = {
    { 0x0022, 1 }, // "
    { 0x0027, 1 }, // '
    { 0x0028, 2 }, // (
    { 0x0029, 3 }, // )
    { 0x002A, 4 }, // *
    { 0x002C, 5 }, // ,
    { 0x002D, 6 }, // -
    { 0x002E, 5 }, // .
    { 0x002F, 7 }, // /
    { 0x003A, 8 }, // :
    { 0x003B, 8 }, // ;
    { 0x0040, 9 }, // @
    { 0x0041, 10 }, // A
    { 0x0042, 11 }, // B
    { 0x0043, 12 }, // C
    { 0x0044, 13 }, // D
    { 0x0045, 14 }, // E
    { 0x0046, 15 }, // F
    { 0x0047, 16 }, // G
    { 0x004A, 17 }, // J
    { 0x004B, 18 }, // K
    { 0x004C, 19 }, // L
    { 0x004D, 20 }, // M
    { 0x004F, 21 }, // O
    { 0x0050, 22 }, // P
    { 0x0051, 23 }, // Q
    { 0x0052, 24 }, // R
    { 0x0054, 25 }, // T
    { 0x0055, 26 }, // U
    { 0x0056, 27 }, // V
    { 0x0057, 28 }, // W
    { 0x0058, 29 }, // X
    { 0x0059, 30 }, // Y
    { 0x005A, 31 }, // Z
    { 0x005B, 32 }, // [
    { 0x005D, 33 }, // ]
    { 0x0061, 34 }, // a
    { 0x0062, 35 }, // b
    { 0x0063, 36 }, // c
    { 0x0066, 37 }, // f
    { 0x0068, 38 }, // h
    { 0x006A, 39 }, // j
    { 0x006B, 40 }, // k
    { 0x006D, 41 }, // m
    { 0x006E, 41 }, // n
    { 0x006F, 42 }, // o
    { 0x0070, 43 }, // p
    { 0x0071, 44 }, // q
    { 0x0072, 45 }, // r
    { 0x0074, 46 }, // t
    { 0x0076, 47 }, // v
    { 0x0077, 48 }, // w
    { 0x0078, 49 }, // x
    { 0x007A, 50 }, // z
    { 0x007B, 51 }, // {
    { 0x007D, 52 }, // }
    { 0x00A1, 53 }, // U+00A1
    { 0x00AB, 54 }, // U+00AB
    { 0x00BB, 55 }, // U+00BB
    { 0x00BF, 56 }, // U+00BF
    { 0x00C0, 10 }, // U+00C0
    { 0x00C1, 10 }, // U+00C1
    { 0x00C2, 10 }, // U+00C2
    { 0x00C3, 10 }, // U+00C3
    { 0x00C4, 10 }, // U+00C4
    { 0x00C5, 10 }, // U+00C5
    { 0x00C6, 14 }, // U+00C6
    { 0x00C7, 12 }, // U+00C7
    { 0x00C8, 14 }, // U+00C8
    { 0x00C9, 14 }, // U+00C9
    { 0x00CA, 14 }, // U+00CA
    { 0x00CB, 14 }, // U+00CB
    { 0x00D0, 13 }, // U+00D0
    { 0x00D2, 21 }, // U+00D2
    { 0x00D3, 21 }, // U+00D3
    { 0x00D4, 21 }, // U+00D4
    { 0x00D5, 21 }, // U+00D5
    { 0x00D6, 21 }, // U+00D6
    { 0x00D8, 21 }, // U+00D8
    { 0x00D9, 26 }, // U+00D9
    { 0x00DA, 26 }, // U+00DA
    { 0x00DB, 26 }, // U+00DB
    { 0x00DC, 26 }, // U+00DC
    { 0x00DD, 30 }, // U+00DD
    { 0x00DE, 57 }, // U+00DE
    { 0x00DF, 58 }, // U+00DF
    { 0x00E0, 34 }, // U+00E0
    { 0x00E1, 34 }, // U+00E1
    { 0x00E2, 34 }, // U+00E2
    { 0x00E3, 34 }, // U+00E3
    { 0x00E4, 34 }, // U+00E4
    { 0x00E5, 34 }, // U+00E5
    { 0x00E7, 36 }, // U+00E7
    { 0x00F0, 59 }, // U+00F0
    { 0x00F1, 41 }, // U+00F1
    { 0x00F2, 42 }, // U+00F2
    { 0x00F3, 42 }, // U+00F3
    { 0x00F4, 42 }, // U+00F4
    { 0x00F5, 42 }, // U+00F5
    { 0x00F6, 42 }, // U+00F6
    { 0x00F8, 42 }, // U+00F8
    { 0x00FE, 60 }, // U+00FE
    { 0x0100, 10 }, // U+0100
    { 0x0101, 34 }, // U+0101
    { 0x0102, 10 }, // U+0102
    { 0x0103, 34 }, // U+0103
    { 0x0104, 10 }, // U+0104
    { 0x0105, 34 }, // U+0105
    { 0x0106, 12 }, // U+0106
    { 0x0107, 36 }, // U+0107
    { 0x0108, 12 }, // U+0108
    { 0x0109, 36 }, // U+0109
    { 0x010A, 12 }, // U+010A
    { 0x010B, 36 }, // U+010B
    { 0x010C, 12 }, // U+010C
    { 0x010D, 36 }, // U+010D
    { 0x010E, 13 }, // U+010E
    { 0x010F, 61 }, // U+010F
    { 0x0110, 13 }, // U+0110
    { 0x0112, 14 }, // U+0112
    { 0x0114, 14 }, // U+0114
    { 0x0116, 14 }, // U+0116
    { 0x0118, 14 }, // U+0118
    { 0x011A, 14 }, // U+011A
    { 0x011C, 16 }, // U+011C
    { 0x011E, 16 }, // U+011E
    { 0x0120, 16 }, // U+0120
    { 0x0122, 16 }, // U+0122
    { 0x0125, 38 }, // U+0125
    { 0x0127, 38 }, // U+0127
    { 0x0132, 17 }, // U+0132
    { 0x0133, 39 }, // U+0133
    { 0x0134, 17 }, // U+0134
    { 0x0135, 39 }, // U+0135
    { 0x0136, 18 }, // U+0136
    { 0x0137, 40 }, // U+0137
    { 0x0138, 40 }, // U+0138
    { 0x0139, 19 }, // U+0139
    { 0x013B, 19 }, // U+013B
    { 0x013D, 19 }, // U+013D
    { 0x013E, 61 }, // U+013E
    { 0x013F, 19 }, // U+013F
    { 0x0141, 19 }, // U+0141
    { 0x0144, 41 }, // U+0144
    { 0x0146, 41 }, // U+0146
    { 0x0148, 41 }, // U+0148
    { 0x0149, 41 }, // U+0149
    { 0x014A, 62 }, // U+014A
    { 0x014B, 63 }, // U+014B
    { 0x014C, 21 }, // U+014C
    { 0x014D, 42 }, // U+014D
    { 0x014E, 21 }, // U+014E
    { 0x014F, 42 }, // U+014F
    { 0x0150, 21 }, // U+0150
    { 0x0151, 42 }, // U+0151
    { 0x0152, 14 }, // U+0152
    { 0x0154, 24 }, // U+0154
    { 0x0155, 45 }, // U+0155
    { 0x0156, 24 }, // U+0156
    { 0x0157, 45 }, // U+0157
    { 0x0158, 24 }, // U+0158
    { 0x0159, 45 }, // U+0159
    { 0x0162, 25 }, // U+0162
    { 0x0163, 46 }, // U+0163
    { 0x0164, 25 }, // U+0164
    { 0x0165, 46 }, // U+0165
    { 0x0166, 25 }, // U+0166
    { 0x0167, 46 }, // U+0167
    { 0x0168, 26 }, // U+0168
    { 0x016A, 26 }, // U+016A
    { 0x016C, 26 }, // U+016C
    { 0x016E, 26 }, // U+016E
    { 0x0170, 26 }, // U+0170
    { 0x0172, 26 }, // U+0172
    { 0x0174, 28 }, // U+0174
    { 0x0175, 48 }, // U+0175
    { 0x0176, 30 }, // U+0176
    { 0x0178, 30 }, // U+0178
    { 0x0179, 31 }, // U+0179
    { 0x017A, 50 }, // U+017A
    { 0x017B, 31 }, // U+017B
    { 0x017C, 50 }, // U+017C
    { 0x017D, 31 }, // U+017D
    { 0x017E, 50 }, // U+017E
    { 0x017F, 37 }, // U+017F
    { 0x01C4, 31 }, // U+01C4
    { 0x01C5, 50 }, // U+01C5
    { 0x01C6, 50 }, // U+01C6
    { 0x01C7, 17 }, // U+01C7
    { 0x01C8, 39 }, // U+01C8
    { 0x01C9, 39 }, // U+01C9
    { 0x01CA, 17 }, // U+01CA
    { 0x01CB, 39 }, // U+01CB
    { 0x01CC, 39 }, // U+01CC
    { 0x01CD, 10 }, // U+01CD
    { 0x01CE, 34 }, // U+01CE
    { 0x01D1, 21 }, // U+01D1
    { 0x01D2, 42 }, // U+01D2
    { 0x01D3, 26 }, // U+01D3
    { 0x01D5, 26 }, // U+01D5
    { 0x01D7, 26 }, // U+01D7
    { 0x01D9, 26 }, // U+01D9
    { 0x01DB, 26 }, // U+01DB
    { 0x01DD, 42 }, // U+01DD
    { 0x01DE, 10 }, // U+01DE
    { 0x01DF, 34 }, // U+01DF
    { 0x01E0, 10 }, // U+01E0
    { 0x01E1, 34 }, // U+01E1
    { 0x01E2, 14 }, // U+01E2
    { 0x01E4, 16 }, // U+01E4
    { 0x01E6, 16 }, // U+01E6
    { 0x01E8, 18 }, // U+01E8
    { 0x01E9, 40 }, // U+01E9
    { 0x01EA, 21 }, // U+01EA
    { 0x01EB, 42 }, // U+01EB
    { 0x01EC, 21 }, // U+01EC
    { 0x01ED, 42 }, // U+01ED
    { 0x01EE, 64 }, // U+01EE
    { 0x01F0, 39 }, // U+01F0
    { 0x01F1, 31 }, // U+01F1
    { 0x01F2, 50 }, // U+01F2
    { 0x01F3, 50 }, // U+01F3
    { 0x01F4, 16 }, // U+01F4
    { 0x01F7, 65 }, // U+01F7
    { 0x01F9, 41 }, // U+01F9
    { 0x01FA, 10 }, // U+01FA
    { 0x01FB, 34 }, // U+01FB
    { 0x01FC, 14 }, // U+01FC
    { 0x01FE, 21 }, // U+01FE
    { 0x01FF, 42 }, // U+01FF
    { 0x0200, 10 }, // U+0200
    { 0x0201, 34 }, // U+0201
    { 0x0202, 10 }, // U+0202
    { 0x0203, 34 }, // U+0203
    { 0x0204, 14 }, // U+0204
    { 0x0206, 14 }, // U+0206
    { 0x020C, 21 }, // U+020C
    { 0x020D, 42 }, // U+020D
    { 0x020E, 21 }, // U+020E
    { 0x020F, 42 }, // U+020F
    { 0x0210, 24 }, // U+0210
    { 0x0211, 45 }, // U+0211
    { 0x0212, 24 }, // U+0212
    { 0x0213, 45 }, // U+0213
    { 0x0214, 26 }, // U+0214
    { 0x0216, 26 }, // U+0216
    { 0x021A, 25 }, // U+021A
    { 0x021B, 46 }, // U+021B
    { 0x021C, 66 }, // U+021C
    { 0x021F, 38 }, // U+021F
    { 0x0400, 67 }, // U+0400
    { 0x0401, 67 }, // U+0401
    { 0x0402, 68 }, // U+0402
    { 0x0403, 69 }, // U+0403
    { 0x0404, 70 }, // U+0404
    { 0x0405, 71 }, // U+0405
    { 0x040B, 72 }, // U+040B
    { 0x040C, 73 }, // U+040C
    { 0x040E, 74 }, // U+040E
    { 0x0410, 75 }, // U+0410
    { 0x0411, 68 }, // U+0411
    { 0x0412, 76 }, // U+0412
    { 0x0413, 69 }, // U+0413
    { 0x0414, 77 }, // U+0414
    { 0x0415, 67 }, // U+0415
    { 0x0417, 78 }, // U+0417
    { 0x041A, 73 }, // U+041A
    { 0x041C, 79 }, // U+041C
    { 0x041E, 80 }, // U+041E
    { 0x0420, 81 }, // U+0420
    { 0x0421, 70 }, // U+0421
    { 0x0422, 82 }, // U+0422
    { 0x0423, 74 }, // U+0423
    { 0x0424, 83 }, // U+0424
    { 0x0425, 84 }, // U+0425
    { 0x0426, 85 }, // U+0426
    { 0x0429, 85 }, // U+0429
    { 0x042D, 86 }, // U+042D
    { 0x042E, 80 }, // U+042E
    { 0x0430, 87 }, // U+0430
    { 0x0431, 88 }, // U+0431
    { 0x0432, 89 }, // U+0432
    { 0x0433, 90 }, // U+0433
    { 0x0434, 91 }, // U+0434
    { 0x0435, 92 }, // U+0435
    { 0x0436, 93 }, // U+0436
    { 0x0437, 94 }, // U+0437
    { 0x043A, 95 }, // U+043A
    { 0x043E, 96 }, // U+043E
    { 0x0440, 97 }, // U+0440
    { 0x0441, 98 }, // U+0441
    { 0x0442, 99 }, // U+0442
    { 0x0443, 100 }, // U+0443
    { 0x0444, 101 }, // U+0444
    { 0x0445, 102 }, // U+0445
    { 0x0446, 103 }, // U+0446
    { 0x0449, 103 }, // U+0449
    { 0x044A, 104 }, // U+044A
    { 0x044C, 104 }, // U+044C
    { 0x044D, 105 }, // U+044D
    { 0x044E, 106 }, // U+044E
    { 0x0450, 92 }, // U+0450
    { 0x0451, 92 }, // U+0451
    { 0x0452, 107 }, // U+0452
    { 0x0453, 90 }, // U+0453
    { 0x0454, 108 }, // U+0454
    { 0x0455, 109 }, // U+0455
    { 0x0459, 104 }, // U+0459
    { 0x045A, 104 }, // U+045A
    { 0x045B, 110 }, // U+045B
    { 0x045C, 95 }, // U+045C
    { 0x045E, 100 }, // U+045E
    { 0x0462, 68 }, // U+0462
    { 0x0463, 111 }, // U+0463
    { 0x0472, 80 }, // U+0472
    { 0x0473, 96 }, // U+0473
    { 0x0474, 112 }, // U+0474
    { 0x0475, 113 }, // U+0475
    { 0x048A, 85 }, // U+048A
    { 0x048B, 103 }, // U+048B
    { 0x048D, 104 }, // U+048D
    { 0x048F, 97 }, // U+048F
    { 0x0490, 69 }, // U+0490
    { 0x0491, 90 }, // U+0491
    { 0x0492, 69 }, // U+0492
    { 0x0493, 90 }, // U+0493
    { 0x0494, 68 }, // U+0494
    { 0x0495, 114 }, // U+0495
    { 0x0497, 93 }, // U+0497
    { 0x0498, 78 }, // U+0498
    { 0x0499, 94 }, // U+0499
    { 0x049A, 73 }, // U+049A
    { 0x049B, 95 }, // U+049B
    { 0x049C, 73 }, // U+049C
    { 0x049D, 95 }, // U+049D
    { 0x049E, 73 }, // U+049E
    { 0x049F, 95 }, // U+049F
    { 0x04A0, 73 }, // U+04A0
    { 0x04A1, 95 }, // U+04A1
    { 0x04A2, 85 }, // U+04A2
    { 0x04A3, 103 }, // U+04A3
    { 0x04A4, 82 }, // U+04A4
    { 0x04A5, 90 }, // U+04A5
    { 0x04A7, 115 }, // U+04A7
    { 0x04A8, 116 }, // U+04A8
    { 0x04A9, 117 }, // U+04A9
    { 0x04AA, 70 }, // U+04AA
    { 0x04AB, 98 }, // U+04AB
    { 0x04AC, 82 }, // U+04AC
    { 0x04AD, 99 }, // U+04AD
    { 0x04AE, 118 }, // U+04AE
    { 0x04AF, 119 }, // U+04AF
    { 0x04B0, 118 }, // U+04B0
    { 0x04B1, 119 }, // U+04B1
    { 0x04B2, 84 }, // U+04B2
    { 0x04B3, 102 }, // U+04B3
    { 0x04B4, 85 }, // U+04B4
    { 0x04B5, 103 }, // U+04B5
    { 0x04B6, 85 }, // U+04B6
    { 0x04B7, 103 }, // U+04B7
    { 0x04BA, 120 }, // U+04BA
    { 0x04BB, 121 }, // U+04BB
    { 0x04BC, 122 }, // U+04BC
    { 0x04BD, 123 }, // U+04BD
    { 0x04BE, 122 }, // U+04BE
    { 0x04BF, 123 }, // U+04BF
    { 0x04C2, 93 }, // U+04C2
    { 0x04C4, 124 }, // U+04C4
    { 0x04C6, 103 }, // U+04C6
    { 0x04C8, 125 }, // U+04C8
    { 0x04C9, 85 }, // U+04C9
    { 0x04CA, 103 }, // U+04CA
    { 0x04CD, 85 }, // U+04CD
    { 0x04CE, 103 }, // U+04CE
    { 0x04D0, 75 }, // U+04D0
    { 0x04D1, 87 }, // U+04D1
    { 0x04D2, 75 }, // U+04D2
    { 0x04D3, 87 }, // U+04D3
    { 0x04D5, 126 }, // U+04D5
    { 0x04D6, 67 }, // U+04D6
    { 0x04D7, 92 }, // U+04D7
    { 0x04D8, 127 }, // U+04D8
    { 0x04D9, 128 }, // U+04D9
    { 0x04DA, 127 }, // U+04DA
    { 0x04DB, 128 }, // U+04DB
    { 0x04DD, 93 }, // U+04DD
    { 0x04DE, 78 }, // U+04DE
    { 0x04DF, 94 }, // U+04DF
    { 0x04E0, 129 }, // U+04E0
    { 0x04E1, 130 }, // U+04E1
    { 0x04E6, 80 }, // U+04E6
    { 0x04E7, 96 }, // U+04E7
    { 0x04E8, 80 }, // U+04E8
    { 0x04E9, 96 }, // U+04E9
    { 0x04EA, 80 }, // U+04EA
    { 0x04EB, 96 }, // U+04EB
    { 0x04EC, 86 }, // U+04EC
    { 0x04ED, 94 }, // U+04ED
    { 0x04EE, 74 }, // U+04EE
    { 0x04EF, 100 }, // U+04EF
    { 0x04F0, 74 }, // U+04F0
    { 0x04F1, 100 }, // U+04F1
    { 0x04F2, 74 }, // U+04F2
    { 0x04F3, 100 }, // U+04F3
    { 0x04F6, 69 }, // U+04F6
    { 0x04F7, 90 }, // U+04F7
    { 0x05D0, 131 }, // U+05D0
    { 0x05D1, 132 }, // U+05D1
    { 0x05D2, 133 }, // U+05D2
    { 0x05D3, 134 }, // U+05D3
    { 0x05D5, 135 }, // U+05D5
    { 0x05D6, 136 }, // U+05D6
    { 0x05D8, 137 }, // U+05D8
    { 0x05D9, 138 }, // U+05D9
    { 0x05DB, 139 }, // U+05DB
    { 0x05DC, 140 }, // U+05DC
    { 0x05DE, 141 }, // U+05DE
    { 0x05E0, 142 }, // U+05E0
    { 0x05E1, 143 }, // U+05E1
    { 0x05E2, 144 }, // U+05E2
    { 0x05E4, 145 }, // U+05E4
    { 0x05E6, 146 }, // U+05E6
    { 0x05E8, 147 }, // U+05E8
    { 0x05E9, 148 }, // U+05E9
    { 0x05EA, 149 }, // U+05EA
    { 0x1EF2, 30 }, // U+1EF2
    { 0x2013, 6 }, // U+2013
    { 0x2014, 6 }, // U+2014
    { 0x2018, 150 }, // U+2018
    { 0x201A, 151 }, // U+201A
    { 0x201C, 150 }, // U+201C
    { 0x201E, 151 }, // U+201E
    { 0x2026, 5 }, // U+2026
    { 0x2039, 54 }, // U+2039
    { 0x203A, 55 }, // U+203A
    { 0xFB00, 37 }, // U+FB00
    { 0xFB8C, 152 }, // U+FB8C
    { 0xFEAD, 152 }, // U+FEAD
    { 0xFEAE, 152 }, // U+FEAE
    { 0xFEAF, 152 }, // U+FEAF
};

static const EpdKernClassEntry ubuntu_10_regularKernRightClasses[] = {
    { 0x0021, 1 }, // !
    { 0x0022, 2 }, // "
    { 0x0027, 2 }, // '
    { 0x0028, 3 }, // (
    { 0x0029, 4 }, // )
    { 0x002A, 5 }, // *
    { 0x002C, 6 }, // ,
    { 0x002D, 7 }, // -
    { 0x002E, 6 }, // .
    { 0x002F, 8 }, // /
    { 0x003A, 9 }, // :
    { 0x003B, 9 }, // ;
    { 0x003F, 10 }, // ?
    { 0x0040, 11 }, // @
    { 0x0041, 12 }, // A
    { 0x0043, 13 }, // C
    { 0x0047, 14 }, // G
    { 0x004A, 15 }, // J
    { 0x004D, 16 }, // M
    { 0x004F, 17 }, // O
    { 0x0051, 18 }, // Q
    { 0x0053, 19 }, // S
    { 0x0054, 20 }, // T
    { 0x0055, 21 }, // U
    { 0x0056, 22 }, // V
    { 0x0057, 23 }, // W
    { 0x0058, 24 }, // X
    { 0x0059, 25 }, // Y
    { 0x005A, 26 }, // Z
    { 0x005B, 27 }, // [
    { 0x005C, 28 }, // <backslash>
    { 0x005D, 29 }, // ]
    { 0x0061, 30 }, // a
    { 0x0062, 31 }, // b
    { 0x0063, 32 }, // c
    { 0x0064, 33 }, // d
    { 0x0065, 34 }, // e
    { 0x0066, 35 }, // f
    { 0x0067, 36 }, // g
    { 0x0068, 31 }, // h
    { 0x0069, 37 }, // i
    { 0x006A, 38 }, // j
    { 0x006B, 31 }, // k
    { 0x006C, 39 }, // l
    { 0x006D, 40 }, // m
    { 0x006E, 40 }, // n
    { 0x006F, 41 }, // o
    { 0x0070, 40 }, // p
    { 0x0071, 42 }, // q
    { 0x0072, 40 }, // r
    { 0x0073, 43 }, // s
    { 0x0074, 44 }, // t
    { 0x0075, 45 }, // u
    { 0x0076, 46 }, // v
    { 0x0077, 47 }, // w
    { 0x0078, 48 }, // x
    { 0x0079, 49 }, // y
    { 0x007A, 50 }, // z
    { 0x007B, 51 }, // {
    { 0x007D, 52 }, // }
    { 0x00AB, 53 }, // U+00AB
    { 0x00BB, 54 }, // U+00BB
    { 0x00C0, 12 }, // U+00C0
    { 0x00C1, 12 }, // U+00C1
    { 0x00C2, 12 }, // U+00C2
    { 0x00C3, 12 }, // U+00C3
    { 0x00C4, 12 }, // U+00C4
    { 0x00C5, 12 }, // U+00C5
    { 0x00C6, 55 }, // U+00C6
    { 0x00C7, 13 }, // U+00C7
    { 0x00D2, 17 }, // U+00D2
    { 0x00D3, 17 }, // U+00D3
    { 0x00D4, 17 }, // U+00D4
    { 0x00D5, 17 }, // U+00D5
    { 0x00D6, 17 }, // U+00D6
    { 0x00D8, 17 }, // U+00D8
    { 0x00D9, 21 }, // U+00D9
    { 0x00DA, 21 }, // U+00DA
    { 0x00DB, 21 }, // U+00DB
    { 0x00DC, 21 }, // U+00DC
    { 0x00DD, 25 }, // U+00DD
    { 0x00DF, 56 }, // U+00DF
    { 0x00E0, 30 }, // U+00E0
    { 0x00E1, 30 }, // U+00E1
    { 0x00E2, 30 }, // U+00E2
    { 0x00E3, 30 }, // U+00E3
    { 0x00E4, 30 }, // U+00E4
    { 0x00E5, 30 }, // U+00E5
    { 0x00E6, 30 }, // U+00E6
    { 0x00E7, 32 }, // U+00E7
    { 0x00E8, 34 }, // U+00E8
    { 0x00E9, 34 }, // U+00E9
    { 0x00EA, 34 }, // U+00EA
    { 0x00EB, 34 }, // U+00EB
    { 0x00EC, 57 }, // U+00EC
    { 0x00ED, 37 }, // U+00ED
    { 0x00EE, 58 }, // U+00EE
    { 0x00EF, 59 }, // U+00EF
    { 0x00F0, 60 }, // U+00F0
    { 0x00F1, 40 }, // U+00F1
    { 0x00F2, 41 }, // U+00F2
    { 0x00F3, 41 }, // U+00F3
    { 0x00F4, 41 }, // U+00F4
    { 0x00F5, 41 }, // U+00F5
    { 0x00F6, 41 }, // U+00F6
    { 0x00F8, 41 }, // U+00F8
    { 0x00F9, 45 }, // U+00F9
    { 0x00FA, 45 }, // U+00FA
    { 0x00FB, 45 }, // U+00FB
    { 0x00FC, 45 }, // U+00FC
    { 0x00FD, 49 }, // U+00FD
    { 0x00FE, 56 }, // U+00FE
    { 0x00FF, 49 }, // U+00FF
    { 0x0100, 12 }, // U+0100
    { 0x0101, 30 }, // U+0101
    { 0x0102, 12 }, // U+0102
    { 0x0103, 30 }, // U+0103
    { 0x0104, 12 }, // U+0104
    { 0x0105, 30 }, // U+0105
    { 0x0106, 13 }, // U+0106
    { 0x0107, 32 }, // U+0107
    { 0x0108, 13 }, // U+0108
    { 0x0109, 32 }, // U+0109
    { 0x010A, 13 }, // U+010A
    { 0x010B, 32 }, // U+010B
    { 0x010C, 13 }, // U+010C
    { 0x010D, 32 }, // U+010D
    { 0x010F, 33 }, // U+010F
    { 0x0111, 33 }, // U+0111
    { 0x0113, 34 }, // U+0113
    { 0x0115, 34 }, // U+0115
    { 0x0117, 34 }, // U+0117
    { 0x0119, 34 }, // U+0119
    { 0x011B, 34 }, // U+011B
    { 0x011C, 14 }, // U+011C
    { 0x011D, 36 }, // U+011D
    { 0x011E, 14 }, // U+011E
    { 0x011F, 36 }, // U+011F
    { 0x0120, 14 }, // U+0120
    { 0x0121, 36 }, // U+0121
    { 0x0122, 14 }, // U+0122
    { 0x0123, 36 }, // U+0123
    { 0x0125, 31 }, // U+0125
    { 0x0127, 31 }, // U+0127
    { 0x0129, 61 }, // U+0129
    { 0x012B, 62 }, // U+012B
    { 0x012D, 63 }, // U+012D
    { 0x012F, 37 }, // U+012F
    { 0x0131, 37 }, // U+0131
    { 0x0133, 37 }, // U+0133
    { 0x0134, 15 }, // U+0134
    { 0x0135, 38 }, // U+0135
    { 0x0137, 31 }, // U+0137
    { 0x013A, 39 }, // U+013A
    { 0x013C, 39 }, // U+013C
    { 0x013E, 39 }, // U+013E
    { 0x0140, 39 }, // U+0140
    { 0x0142, 39 }, // U+0142
    { 0x0144, 40 }, // U+0144
    { 0x0146, 40 }, // U+0146
    { 0x0148, 40 }, // U+0148
    { 0x0149, 40 }, // U+0149
    { 0x014A, 64 }, // U+014A
    { 0x014B, 65 }, // U+014B
    { 0x014C, 17 }, // U+014C
    { 0x014D, 41 }, // U+014D
    { 0x014E, 17 }, // U+014E
    { 0x014F, 41 }, // U+014F
    { 0x0150, 17 }, // U+0150
    { 0x0151, 41 }, // U+0151
    { 0x0152, 17 }, // U+0152
    { 0x0153, 41 }, // U+0153
    { 0x0155, 40 }, // U+0155
    { 0x0157, 40 }, // U+0157
    { 0x0159, 40 }, // U+0159
    { 0x015A, 19 }, // U+015A
    { 0x015B, 43 }, // U+015B
    { 0x015C, 19 }, // U+015C
    { 0x015D, 43 }, // U+015D
    { 0x015E, 19 }, // U+015E
    { 0x015F, 43 }, // U+015F
    { 0x0160, 19 }, // U+0160
    { 0x0161, 43 }, // U+0161
    { 0x0162, 20 }, // U+0162
    { 0x0163, 44 }, // U+0163
    { 0x0164, 20 }, // U+0164
    { 0x0165, 44 }, // U+0165
    { 0x0166, 20 }, // U+0166
    { 0x0167, 44 }, // U+0167
    { 0x0168, 21 }, // U+0168
    { 0x0169, 45 }, // U+0169
    { 0x016A, 21 }, // U+016A
    { 0x016B, 45 }, // U+016B
    { 0x016C, 21 }, // U+016C
    { 0x016D, 45 }, // U+016D
    { 0x016E, 21 }, // U+016E
    { 0x016F, 45 }, // U+016F
    { 0x0170, 21 }, // U+0170
    { 0x0171, 45 }, // U+0171
    { 0x0172, 21 }, // U+0172
    { 0x0173, 45 }, // U+0173
    { 0x0174, 23 }, // U+0174
    { 0x0175, 47 }, // U+0175
    { 0x0176, 25 }, // U+0176
    { 0x0177, 49 }, // U+0177
    { 0x0178, 25 }, // U+0178
    { 0x0179, 26 }, // U+0179
    { 0x017A, 50 }, // U+017A
    { 0x017B, 26 }, // U+017B
    { 0x017C, 50 }, // U+017C
    { 0x017D, 26 }, // U+017D
    { 0x017E, 50 }, // U+017E
    { 0x017F, 35 }, // U+017F
    { 0x01A0, 17 }, // U+01A0
    { 0x01A1, 41 }, // U+01A1
    { 0x01AF, 21 }, // U+01AF
    { 0x01B0, 45 }, // U+01B0
    { 0x01C6, 33 }, // U+01C6
    { 0x01C9, 39 }, // U+01C9
    { 0x01CC, 40 }, // U+01CC
    { 0x01CD, 12 }, // U+01CD
    { 0x01CE, 30 }, // U+01CE
    { 0x01D0, 37 }, // U+01D0
    { 0x01D1, 17 }, // U+01D1
    { 0x01D2, 41 }, // U+01D2
    { 0x01D3, 21 }, // U+01D3
    { 0x01D4, 45 }, // U+01D4
    { 0x01D5, 21 }, // U+01D5
    { 0x01D6, 45 }, // U+01D6
    { 0x01D7, 21 }, // U+01D7
    { 0x01D8, 45 }, // U+01D8
    { 0x01D9, 21 }, // U+01D9
    { 0x01DA, 45 }, // U+01DA
    { 0x01DB, 21 }, // U+01DB
    { 0x01DC, 45 }, // U+01DC
    { 0x01DD, 66 }, // U+01DD
    { 0x01DE, 12 }, // U+01DE
    { 0x01DF, 30 }, // U+01DF
    { 0x01E0, 12 }, // U+01E0
    { 0x01E1, 30 }, // U+01E1
    { 0x01E2, 55 }, // U+01E2
    { 0x01E3, 30 }, // U+01E3
    { 0x01E4, 14 }, // U+01E4
    { 0x01E5, 36 }, // U+01E5
    { 0x01E6, 14 }, // U+01E6
    { 0x01E7, 36 }, // U+01E7
    { 0x01E9, 31 }, // U+01E9
    { 0x01EA, 17 }, // U+01EA
    { 0x01EB, 41 }, // U+01EB
    { 0x01EC, 17 }, // U+01EC
    { 0x01ED, 41 }, // U+01ED
    { 0x01EE, 67 }, // U+01EE
    { 0x01EF, 68 }, // U+01EF
    { 0x01F0, 38 }, // U+01F0
    { 0x01F3, 33 }, // U+01F3
    { 0x01F4, 14 }, // U+01F4
    { 0x01F5, 36 }, // U+01F5
    { 0x01F7, 56 }, // U+01F7
    { 0x01F9, 40 }, // U+01F9
    { 0x01FA, 12 }, // U+01FA
    { 0x01FB, 30 }, // U+01FB
    { 0x01FC, 55 }, // U+01FC
    { 0x01FD, 30 }, // U+01FD
    { 0x01FE, 17 }, // U+01FE
    { 0x01FF, 41 }, // U+01FF
    { 0x0200, 12 }, // U+0200
    { 0x0201, 30 }, // U+0201
    { 0x0202, 12 }, // U+0202
    { 0x0203, 30 }, // U+0203
    { 0x0205, 34 }, // U+0205
    { 0x0207, 34 }, // U+0207
    { 0x0209, 37 }, // U+0209
    { 0x020B, 37 }, // U+020B
    { 0x020C, 17 }, // U+020C
    { 0x020D, 41 }, // U+020D
    { 0x020E, 17 }, // U+020E
    { 0x020F, 41 }, // U+020F
    { 0x0211, 40 }, // U+0211
    { 0x0213, 40 }, // U+0213
    { 0x0214, 21 }, // U+0214
    { 0x0215, 45 }, // U+0215
    { 0x0216, 21 }, // U+0216
    { 0x0217, 45 }, // U+0217
    { 0x0218, 19 }, // U+0218
    { 0x0219, 43 }, // U+0219
    { 0x021A, 20 }, // U+021A
    { 0x021B, 44 }, // U+021B
    { 0x021C, 69 }, // U+021C
    { 0x021D, 70 }, // U+021D
    { 0x021F, 31 }, // U+021F
    { 0x0402, 71 }, // U+0402
    { 0x0404, 72 }, // U+0404
    { 0x0405, 73 }, // U+0405
    { 0x0408, 74 }, // U+0408
    { 0x0409, 75 }, // U+0409
    { 0x040B, 71 }, // U+040B
    { 0x040E, 76 }, // U+040E
    { 0x0410, 77 }, // U+0410
    { 0x0414, 78 }, // U+0414
    { 0x0416, 79 }, // U+0416
    { 0x0417, 80 }, // U+0417
    { 0x041B, 75 }, // U+041B
    { 0x041C, 81 }, // U+041C
    { 0x041E, 82 }, // U+041E
    { 0x0421, 72 }, // U+0421
    { 0x0422, 71 }, // U+0422
    { 0x0423, 76 }, // U+0423
    { 0x0424, 83 }, // U+0424
    { 0x0425, 84 }, // U+0425
    { 0x0427, 85 }, // U+0427
    { 0x042A, 71 }, // U+042A
    { 0x042D, 86 }, // U+042D
    { 0x042F, 87 }, // U+042F
    { 0x0430, 88 }, // U+0430
    { 0x0431, 89 }, // U+0431
    { 0x0432, 90 }, // U+0432
    { 0x0433, 91 }, // U+0433
    { 0x0434, 92 }, // U+0434
    { 0x0435, 93 }, // U+0435
    { 0x0436, 94 }, // U+0436
    { 0x0437, 95 }, // U+0437
    { 0x0438, 91 }, // U+0438
    { 0x0439, 91 }, // U+0439
    { 0x043A, 91 }, // U+043A
    { 0x043B, 96 }, // U+043B
    { 0x043C, 97 }, // U+043C
    { 0x043D, 91 }, // U+043D
    { 0x043E, 98 }, // U+043E
    { 0x043F, 91 }, // U+043F
    { 0x0440, 99 }, // U+0440
    { 0x0441, 100 }, // U+0441
    { 0x0442, 101 }, // U+0442
    { 0x0443, 102 }, // U+0443
    { 0x0444, 103 }, // U+0444
    { 0x0445, 104 }, // U+0445
    { 0x0446, 91 }, // U+0446
    { 0x0447, 105 }, // U+0447
    { 0x0448, 91 }, // U+0448
    { 0x0449, 106 }, // U+0449
    { 0x044A, 107 }, // U+044A
    { 0x044B, 91 }, // U+044B
    { 0x044C, 91 }, // U+044C
    { 0x044D, 108 }, // U+044D
    { 0x044E, 90 }, // U+044E
    { 0x044F, 109 }, // U+044F
    { 0x0450, 93 }, // U+0450
    { 0x0451, 93 }, // U+0451
    { 0x0452, 110 }, // U+0452
    { 0x0453, 91 }, // U+0453
    { 0x0454, 111 }, // U+0454
    { 0x0455, 112 }, // U+0455
    { 0x0456, 113 }, // U+0456
    { 0x0457, 114 }, // U+0457
    { 0x0458, 115 }, // U+0458
    { 0x0459, 96 }, // U+0459
    { 0x045A, 91 }, // U+045A
    { 0x045B, 116 }, // U+045B
    { 0x045C, 91 }, // U+045C
    { 0x045D, 91 }, // U+045D
    { 0x045E, 102 }, // U+045E
    { 0x045F, 106 }, // U+045F
    { 0x0462, 71 }, // U+0462
    { 0x0463, 117 }, // U+0463
    { 0x0472, 82 }, // U+0472
    { 0x0473, 98 }, // U+0473
    { 0x0474, 76 }, // U+0474
    { 0x0475, 102 }, // U+0475
    { 0x048B, 91 }, // U+048B
    { 0x048D, 118 }, // U+048D
    { 0x048F, 99 }, // U+048F
    { 0x0491, 91 }, // U+0491
    { 0x0493, 91 }, // U+0493
    { 0x0495, 91 }, // U+0495
    { 0x0496, 79 }, // U+0496
    { 0x0497, 94 }, // U+0497
    { 0x0498, 80 }, // U+0498
    { 0x0499, 95 }, // U+0499
    { 0x049B, 91 }, // U+049B
    { 0x049D, 91 }, // U+049D
    { 0x049F, 91 }, // U+049F
    { 0x04A1, 91 }, // U+04A1
    { 0x04A3, 91 }, // U+04A3
    { 0x04A5, 91 }, // U+04A5
    { 0x04A7, 91 }, // U+04A7
    { 0x04A8, 119 }, // U+04A8
    { 0x04A9, 120 }, // U+04A9
    { 0x04AA, 72 }, // U+04AA
    { 0x04AB, 100 }, // U+04AB
    { 0x04AC, 71 }, // U+04AC
    { 0x04AD, 101 }, // U+04AD
    { 0x04AE, 121 }, // U+04AE
    { 0x04AF, 122 }, // U+04AF
    { 0x04B0, 121 }, // U+04B0
    { 0x04B1, 122 }, // U+04B1
    { 0x04B2, 84 }, // U+04B2
    { 0x04B3, 104 }, // U+04B3
    { 0x04B4, 71 }, // U+04B4
    { 0x04B5, 101 }, // U+04B5
    { 0x04B6, 85 }, // U+04B6
    { 0x04B7, 105 }, // U+04B7
    { 0x04B8, 85 }, // U+04B8
    { 0x04B9, 105 }, // U+04B9
    { 0x04BB, 123 }, // U+04BB
    { 0x04BC, 124 }, // U+04BC
    { 0x04BD, 125 }, // U+04BD
    { 0x04BE, 124 }, // U+04BE
    { 0x04BF, 125 }, // U+04BF
    { 0x04C1, 79 }, // U+04C1
    { 0x04C2, 94 }, // U+04C2
    { 0x04C4, 91 }, // U+04C4
    { 0x04C5, 75 }, // U+04C5
    { 0x04C6, 96 }, // U+04C6
    { 0x04C8, 91 }, // U+04C8
    { 0x04CA, 91 }, // U+04CA
    { 0x04CB, 85 }, // U+04CB
    { 0x04CC, 105 }, // U+04CC
    { 0x04CE, 97 }, // U+04CE
    { 0x04D0, 77 }, // U+04D0
    { 0x04D1, 88 }, // U+04D1
    { 0x04D2, 77 }, // U+04D2
    { 0x04D3, 88 }, // U+04D3
    { 0x04D5, 126 }, // U+04D5
    { 0x04D7, 93 }, // U+04D7
    { 0x04D8, 127 }, // U+04D8
    { 0x04D9, 128 }, // U+04D9
    { 0x04DA, 127 }, // U+04DA
    { 0x04DB, 128 }, // U+04DB
    { 0x04DC, 79 }, // U+04DC
    { 0x04DD, 94 }, // U+04DD
    { 0x04DE, 80 }, // U+04DE
    { 0x04DF, 129 }, // U+04DF
    { 0x04E0, 130 }, // U+04E0
    { 0x04E1, 131 }, // U+04E1
    { 0x04E3, 91 }, // U+04E3
    { 0x04E5, 91 }, // U+04E5
    { 0x04E6, 82 }, // U+04E6
    { 0x04E7, 98 }, // U+04E7
    { 0x04E8, 82 }, // U+04E8
    { 0x04E9, 98 }, // U+04E9
    { 0x04EA, 82 }, // U+04EA
    { 0x04EB, 98 }, // U+04EB
    { 0x04EC, 86 }, // U+04EC
    { 0x04ED, 132 }, // U+04ED
    { 0x04EE, 76 }, // U+04EE
    { 0x04EF, 102 }, // U+04EF
    { 0x04F0, 76 }, // U+04F0
    { 0x04F1, 102 }, // U+04F1
    { 0x04F2, 76 }, // U+04F2
    { 0x04F3, 102 }, // U+04F3
    { 0x04F4, 85 }, // U+04F4
    { 0x04F5, 105 }, // U+04F5
    { 0x04F7, 91 }, // U+04F7
    { 0x04F9, 91 }, // U+04F9
    { 0x05D0, 133 }, // U+05D0
    { 0x05D1, 134 }, // U+05D1
    { 0x05D2, 135 }, // U+05D2
    { 0x05D3, 136 }, // U+05D3
    { 0x05D4, 137 }, // U+05D4
    { 0x05D6, 138 }, // U+05D6
    { 0x05D7, 139 }, // U+05D7
    { 0x05D8, 140 }, // U+05D8
    { 0x05D9, 141 }, // U+05D9
    { 0x05DA, 142 }, // U+05DA
    { 0x05DB, 143 }, // U+05DB
    { 0x05DC, 144 }, // U+05DC
    { 0x05DD, 145 }, // U+05DD
    { 0x05DE, 146 }, // U+05DE
    { 0x05E1, 147 }, // U+05E1
    { 0x05E2, 148 }, // U+05E2
    { 0x05E3, 149 }, // U+05E3
    { 0x05E4, 150 }, // U+05E4
    { 0x05E5, 151 }, // U+05E5
    { 0x05E7, 152 }, // U+05E7
    { 0x05E8, 153 }, // U+05E8
    { 0x05E9, 154 }, // U+05E9
    { 0x05EA, 155 }, // U+05EA
    { 0x1EF2, 25 }, // U+1EF2
    { 0x1EF3, 49 }, // U+1EF3
    { 0x2013, 7 }, // U+2013
    { 0x2014, 7 }, // U+2014
    { 0x2018, 156 }, // U+2018
    { 0x2019, 157 }, // U+2019
    { 0x201A, 158 }, // U+201A
    { 0x201C, 156 }, // U+201C
    { 0x201D, 157 }, // U+201D
    { 0x201E, 158 }, // U+201E
    { 0x2026, 6 }, // U+2026
    { 0x2039, 53 }, // U+2039
    { 0x203A, 54 }, // U+203A
    { 0xFB00, 35 }, // U+FB00
    { 0xFB01, 35 }, // U+FB01
    { 0xFB02, 35 }, // U+FB02
    { 0xFB03, 35 }, // U+FB03
    { 0xFB04, 35 }, // U+FB04
    { 0xFB8E, 159 }, // U+FB8E
    { 0xFBA6, 159 }, // U+FBA6
    { 0xFBAA, 159 }, // U+FBAA
    { 0xFE8D, 160 }, // U+FE8D
    { 0xFEA3, 159 }, // U+FEA3
    { 0xFEA9, 161 }, // U+FEA9
    { 0xFEB1, 161 }, // U+FEB1
    { 0xFEB3, 161 }, // U+FEB3
    { 0xFEB9, 161 }, // U+FEB9
    { 0xFEBB, 161 }, // U+FEBB
    { 0xFEC1, 161 }, // U+FEC1
    { 0xFEC3, 161 }, // U+FEC3
    { 0xFECB, 160 }, // U+FECB
    { 0xFEDB, 159 }, // U+FEDB
    { 0xFEDF, 160 }, // U+FEDF
    { 0xFEE1, 159 }, // U+FEE1
    { 0xFEE3, 159 }, // U+FEE3
    { 0xFEE9, 159 }, // U+FEE9
    { 0xFEEB, 159 }, // U+FEEB
};

static const int8_t ubuntu_10_regularKernMatrix[] = {
       0,    0,    0,    0,    0,    0,    0,    0,    0,    0,    0,  -26,   -8,   -8,  -41,    0,   -8,   -8,    0,    0,    0,    4,    3,    0,    0,   -4,    0,    0,    0,    0,    0,    0,    0,    0,    0,    0,    0,    0,    0,    0,    0,    0,    0,    0,    0,    0,    0,    0,    0,    0,    0,    0,    0,    0,  -45,    0,    0,    0,    0,    0,    0,    0,    0,    0,    0,    0,    0,    0,    0,    0,    0,   -8,    0,  -38,  -24,    0,  -26,  -23,    0,    0,    0,   -8,   -8,    0,    0,    0,    0,    0,    0,    0,    0,    0,    0,    0,    0,    0,    0,    0,    0,    0,    0,    0,    0,    0,    0,    0,    0,    0,    0,    0,    0,    0,    0,    0,    0,    0,    0,    0,   -9,    0,    0,    0,    0,    0,    0,    0,  -11,    0,    0,   -4,    0,    0,    0,    0,    0,    0,    0,    0,    0,    0,    0,    0,    0,    0,    0,    0,    0,    0,    0,    0,    0,    0,    0,    0,    0,    0,    0,    0,    0,    0,    0,
       0,    0,    0,   27,    0,    0,    0,    0,    0,    0,    0,    0,  -10,  -10,    0,    0,  -10,  -10,   -6,    4,   -3,    5,    0,    0,    6,    0,    0,    0,    0,    0,    0,    0,    0,    0,    0,    0,    0,    0,    0,    0,    0,    0,    0,    0,    0,    0,    0,    0,    0,    0,    0,    0,    0,    0,    0,    0,    0,    0,    0,    0,    0,    0,    0,    0,    0,    0,    0,    0,    0,    0,    4,  -10,   -4,    0,    0,    0,    0,    9,    0,    0,    0,  -10,  -10,    0,    0,    0,    0,    0,    0,    0,    0,    0,    0,    0,    0,    0,    0,    0,    0,    0,    0,    0,    0,    0,    0,    0,    0,    0,    0,    0,    0,    0,    0,    0,    0,    0,    0,    0,  -15,    0,    6,    0,    0,   -4,    0,    0,   -7,    0,    0,    0,    0,    0,    0,    0,    0,    0,    0,    0,    0,    0,    0,    0,    0,    0,    0,    0,    0,    0,    0,    0,    0,    0,    0,    0,    0,    0,    0,    0,    0,    0,    0,
       0,    0,    0,    0,    0,    0,    0,    0,    0,    0,    0,   -7,   -4,   -4,   -4,    0,   -4,   -4,   -4,   -9,    0,  -11,   -6,   -9,  -14,   -7,    0,    0,    0,    0,    0,    0,    0,    0,    0,    0,    0,    0,    0,    0,    0,    0,    0,    0,    0,    0,    0,    0,    0,    0,    0,    0,    0,    0,   -7,    0,    0,    0,    0,    0,    0,    0,    0,    0,    0,    0,    0,    0,    0,    0,   -9,   -4,   -5,    0,    0,   -9,   -7,    0,   -7,   -6,    0,   -4,   -4,   -9,   -6,   -6,   -6,    0,    0,    0,    0,    0,    0,    0,    0,    0,    0,    0,    0,    0,    0,    0,    0,    0,    0,    0,    0,    0,    0,    0,    0,    0,    0,    0,    0,    0,    0,    0,   -5,    0,  -14,    0,    0,    0,    0,    0,   -4,    0,    0,   -6,    0,    0,    0,    0,    0,    0,    0,    0,    0,    0,    0,    0,    0,    0,    0,    0,    0,    0,    0,    0,    0,    0,    0,    0,    0,    0,    0,    0,    0,    0,    0,
       0,    0,    0,    0,    0,    0,    0,    0,    0,    0,    0,  -21,   -3,   -3,  -41,    0,    0,    0,    0,    0,    0,    0,    0,   -8,    0,    0,    0,    0,    0,    0,    0,    0,    0,    0,    0,    0,    0,    0,    0,    0,    0,    0,    0,    0,    0,    0,    0,    0,    0,    0,    0,    0,    0,    0,  -32,    0,    0,    0,    0,    0,    0,    0,    0,    0,    0,    0,    0,    0,    0,    0,    0,   -3,    0,  -37,  -25,    0,  -21,  -24,  -10,   -5,    0,    0,    0,   -8,    0,    0,    0,    0,    0,    0,    0,    0,    0,    0,    0,    0,    0,    0,    0,    0,    0,    0,    0,    0,    0,    0,    0,    0,    0,    0,    0,    0,    0,    0,    0,    0,    0,    0,    0,    0,    0,    0,    0,    0,    0,    0,   -6,    0,    0,   -6,    0,    0,    0,    0,    0,    0,    0,    0,    0,    0,    0,    0,    0,    0,    0,    0,    0,    0,    0,    0,    0,    0,    0,    0,    0,    0,    0,    0,    0,    0,    0,
       0,    0,    0,    0,    0,    0,    0,    0,    0,    0,    0,    8,  -10,  -10,    9,    0,  -11,  -11,    5,  -23,   -8,  -26,  -13,    3,  -27,    6,    0,    0,    0,    0,    0,    0,    0,    0,    0,    0,    0,    0,    0,    0,    0,    0,    0,    0,    0,    0,    0,    0,    0,    0,    0,    0,    0,    0,    6,    0,    0,    0,    0,    0,    0,    0,    0,    0,    0,    0,    0,    0,    0,    0,  -23,  -10,    0,    0,    0,    0,    8,    6,    0,    0,    0,  -11,  -11,    3,  -39,    0,    0,    0,    0,    0,    0,    0,    0,    0,    0,    0,    0,    0,    0,    0,    0,    0,    0,    0,    0,    0,    0,    0,    0,    0,    0,    0,    0,    0,    0,    0,    0,    0,  -14,    0,  -27,    0,    0,  -34,    0,    0,  -10,    0,    0,    0,    0,    0,    0,    0,    0,    0,    0,    0,    0,    0,    0,    0,    0,    0,    0,    0,    0,    0,    0,    0,    0,    0,    0,    0,    0,    0,    0,    0,    0,    0,    0,
       0,    0,    0,    0,    0,    0,    0,    0,    0,    0,    0,    0,    0,    0,   -9,    0,    0,    0,    0,  -17,    0,   -4,    0,  -10,  -17,   -5,    0,    0,    0,    0,    0,    0,    0,    0,    0,    0,    0,    0,    0,    0,    0,    0,    0,    0,    0,    0,    0,    0,    0,    0,    0,    0,    0,    0,   -5,    0,    0,    0,    0,    0,    0,    0,    0,    0,    0,    0,    0,    0,    0,    0,  -17,    5,   -4,   -7,  -11,  -14,    0,   -7,  -13,   -5,    0,    5,    0,  -10,    0,   -6,    0,    0,    0,    0,    0,    0,    0,    0,    0,    0,    0,    0,    0,    0,    0,    0,    0,    0,    0,    0,    0,    0,    0,    0,    0,    0,    0,    0,    0,    0,    0,    0,    5,    0,  -17,    0,    0,    0,    0,    0,    5,    0,    0,   -8,    0,    0,    0,    0,    0,    0,    0,    0,    0,    0,    0,    0,    0,    0,    0,    0,    0,    0,    0,    0,    0,    0,    0,    0,    0,    0,    0,    0,    0,    0,    0,
       0,    0,    0,    0,    0,    0,    0,    0,    0,    0,    0,  -17,   -9,   -9,  -24,    0,   -9,   -9,    0,   10,    0,   11,    7,    7,   11,    3,    0,    0,    0,    0,    0,    0,    0,    0,    0,    0,    0,    0,    0,    0,    0,    0,    0,    0,    0,    0,    0,    0,    0,    0,    0,    0,    0,    0,  -26,    0,    0,    0,    0,    0,    0,    0,    0,    0,    0,    0,    0,    0,    0,    0,   10,   -9,    0,  -21,  -20,    9,  -17,  -20,    6,    0,    0,   -9,   -9,    7,    0,    6,    0,    0,    0,    0,    0,    0,    0,    0,    0,    0,    0,    0,    0,    0,    0,    0,    0,    0,    0,    0,    0,    0,    0,    0,    0,    0,    0,    0,    0,    0,    0,    0,   -7,    0,   11,    0,    0,    0,    0,    0,    0,    0,    0,    0,    0,    0,    0,    0,    0,    0,    0,    0,    0,    0,    0,    0,    0,    0,    0,    0,    0,    0,    0,    0,    0,    0,    0,    0,    0,    0,    0,    0,    0,    0,    0,
       0,    0,    0,    0,    0,    0,    0,    0,    0,    0,    0,    0,   -4,   -4,    0,    0,   -4,   -4,    0,  -28,   -4,   -7,   -4,    0,  -13,    0,    0,    0,    0,    0,    0,    0,    0,    0,    0,    0,    0,    0,    0,    0,    0,    0,    0,    0,    0,    0,    0,    0,    0,    0,    0,    0,    0,    0,    0,    0,    0,    0,    0,    0,    0,    0,    0,    0,    0,    0,    0,    0,    0,    0,  -28,   -4,    0,    0,    0,    0,    0,    0,    0,    0,    0,   -4,   -4,    0,    0,    0,    0,    0,    0,    0,    0,    0,    0,    0,    0,    0,    0,    0,    0,    0,    0,    0,    0,    0,    0,    0,    0,    0,    0,    0,    0,    0,    0,    0,    0,    0,    0,    0,    0,    0,  -13,    0,    0,    0,    0,    0,   -7,    0,    0,    0,    0,    0,    0,    0,    0,    0,    0,    0,    0,    0,    0,    0,    0,    0,    0,    0,    0,    0,    0,    0,    0,    0,    0,    0,    0,    0,    0,    0,    0,    0,    0,
       0,    0,    0,    0,    0,    0,    0,    0,    0,    0,    0,   -9,   -3,   -3,   -9,    0,   -3,   -3,   -6,  -15,   -4,  -12,   -8,  -13,  -18,  -11,    0,    0,    0,    0,    0,    0,    0,    0,    0,    0,    0,    0,    0,    0,    0,    0,    0,    0,    0,    0,    0,    0,    0,    0,    0,    0,    0,    0,  -13,    0,    0,    0,    0,    0,    0,    0,    0,    0,    0,    0,    0,    0,    0,    0,  -15,   -3,   -5,   -7,   -8,  -13,   -9,   -7,  -15,  -10,    0,   -3,   -3,  -13,   -4,   -9,   -5,    0,    0,    0,    0,    0,    0,    0,    0,    0,    0,    0,    0,    0,    0,    0,    0,    0,    0,    0,    0,    0,    0,    0,    0,    0,    0,    0,    0,    0,    0,    0,    0,    0,  -18,    0,    0,    0,    0,    0,    0,    0,    0,   -9,    0,    0,    0,    0,    0,    0,    0,    0,    0,    0,    0,    0,    0,    0,    0,    0,    0,    0,    0,    0,    0,    0,    0,    0,    0,    0,    0,    0,    0,    0,    0,
       0,  -26,   -6,    0,  -21,    9,    0,    6,    0,    0,   -5,   11,   -6,   -6,   10,    0,   -6,   -6,    5,  -21,   -3,  -21,   -6,    8,  -26,    6,    0,    0,   -9,    0,    0,   -4,   -4,   -4,    0,   -5,    0,    0,    0,    0,   -4,   -4,    4,    0,   -5,   -7,   -6,    9,   -5,    5,   -7,   -3,   -6,    0,   11,    0,    0,    0,    0,   -4,    0,    0,    0,    0,    0,    0,    0,    0,  -17,    0,    0,    0,    0,    0,    0,    0,    0,    0,    0,    0,    0,    0,    0,    0,    0,    0,    0,    0,    0,    0,    0,    0,    0,    0,    0,    0,    0,    0,    0,    0,    0,    0,    0,    0,    0,    0,    0,    0,    0,    0,    0,    0,    0,    0,    0,    0,    0,    0,    0,    0,    0,    0,    0,    0,    0,    0,    0,    0,    0,    0,    0,    0,    0,    0,    0,    0,    0,    0,    0,    0,    0,    0,    0,    0,    0,    0,    0,    0,    0,    0,    0,    0,    0,    0,    0,  -24,  -23,    8,    0,    0,    0,
       0,   -4,   -4,   -8,   -4,   -3,    0,   -7,   -4,   -7,    0,    0,    0,    0,    0,    0,    0,    0,    0,    0,    0,   -6,   -4,   -7,   -8,    0,    0,    0,  -11,    0,    0,    0,    0,    0,    0,    0,    0,    0,    0,    0,    0,    0,    0,    0,    0,    0,    0,    0,    0,   -4,    0,   -7,    0,    0,   -4,    0,    0,    0,    0,    0,    0,    0,    0,    0,    0,    0,    0,    0,   -5,    0,    0,    0,    0,    0,    0,    0,    0,    0,    0,    0,    0,    0,    0,    0,    0,    0,    0,    0,    0,    0,    0,    0,    0,    0,    0,    0,    0,    0,    0,    0,    0,    0,    0,    0,    0,    0,    0,    0,    0,    0,    0,    0,    0,    0,    0,    0,    0,    0,    0,    0,    0,    0,    0,    0,    0,    0,    0,    0,    0,    0,    0,    0,    0,    0,    0,    0,    0,    0,    0,    0,    0,    0,    0,    0,    0,    0,    0,    0,    0,    0,    0,    0,    0,    0,    0,    0,    0,    0,    0,    0,    0,
       0,    0,   -8,    0,    0,    7,  -10,    0,    0,    5,   -6,    7,   -7,   -7,    8,    0,   -7,   -7,    3,    6,    0,    6,    0,    4,    6,    3,   -3,    0,    0,    0,    0,   -5,   -5,   -5,    0,   -5,    0,    0,    0,    0,   -5,   -5,    0,    0,   -7,   -5,   -6,    5,   -5,    0,   -9,    0,  -15,    0,    7,    0,    0,    0,    0,   -5,    0,    0,    0,    0,    0,    0,    0,    0,    0,    0,    0,    0,    0,    0,    0,    0,    0,    0,    0,    0,    0,    0,    0,    0,    0,    0,    0,    0,    0,    0,    0,    0,    0,    0,    0,    0,    0,    0,    0,    0,    0,    0,    0,    0,    0,    0,    0,    0,    0,    0,    0,    0,    0,    0,    0,    0,    0,    0,    0,    0,    0,    0,    0,    0,    0,    0,    0,    0,    0,    0,    0,    0,    0,    0,    0,    0,    0,    0,    0,    0,    0,    0,    0,    0,    0,    0,    0,    0,    0,    0,    0,    0,    0,    0,    0,    0,    4,    6,    0,    0,    0,
      -5,   -9,   -4,  -11,    0,  -11,    0,  -14,    0,  -13,   -4,   -6,    0,    0,   -8,    0,    0,    0,   -4,   -9,    0,   -6,   -6,   -8,  -14,   -5,   -4,    0,  -14,   -5,    0,    0,    0,    0,    0,    0,    0,    0,    0,    0,    0,    0,    0,    0,    0,    0,    0,    0,    0,    0,    0,  -10,    0,    0,  -14,    0,    0,    0,    0,    0,    0,    0,    0,    0,    0,    0,  -10,    0,  -10,    0,    0,    0,    0,    0,    0,    0,    0,    0,    0,    0,    0,    0,    0,    0,    0,    0,    0,    0,    0,    0,    0,    0,    0,    0,    0,    0,    0,    0,    0,    0,    0,    0,    0,    0,    0,    0,    0,    0,    0,    0,    0,    0,    0,    0,    0,    0,    0,    0,    0,    0,    0,    0,    0,    0,    0,    0,    0,    0,    0,    0,    0,    0,    0,    0,    0,    0,    0,    0,    0,    0,    0,    0,    0,    0,    0,    0,    0,    0,    0,    0,    0,    0,    0,    0,    0,   -7,   -4,  -11,    0,    0,    0,
       0,   -5,   -7,    0,   -4,    4,    0,    0,    0,    0,   -5,    6,   -9,   -9,    6,    0,   -9,   -9,    0,    0,   -7,    0,    0,    0,    0,    0,   -6,    0,  -14,    0,    0,   -5,   -6,   -5,    0,   -8,    0,    0,    0,    0,   -6,   -5,    0,   -5,   -6,   -8,   -8,    3,   -8,    0,   -6,   -7,   -8,    0,    6,    0,    0,    0,    0,   -5,    0,    0,    0,    0,    0,    0,    0,    0,    0,    0,    0,    0,    0,    0,    0,    0,    0,    0,    0,    0,    0,    0,    0,    0,    0,    0,    0,    0,    0,    0,    0,    0,    0,    0,    0,    0,    0,    0,    0,    0,    0,    0,    0,    0,    0,    0,    0,    0,    0,    0,    0,    0,    0,    0,    0,    0,    0,    0,    0,    0,    0,    0,    0,    0,    0,    0,    0,    0,    0,    0,    0,    0,    0,    0,    0,    0,    0,    0,    0,    0,    0,    0,    0,    0,    0,    0,    0,    0,    0,    0,    0,    0,    0,    0,    0,   -4,    0,    0,    0,    0,    0,
      -3,    0,   -8,    0,    0,  -22,    0,  -20,   -6,    4,   -6,  -15,   -4,   -4,  -27,    0,   -4,   -4,    0,    5,    0,    6,    0,    0,    7,    0,   -5,    0,  -14,  -17,    0,   -5,   -5,   -5,    0,   -5,    0,    0,    0,   -9,   -5,   -5,    0,    0,   -8,    0,    0,  -12,    0,   -9,    0,    0,    0,   -7,  -25,    0,    0,    0,    0,   -5,    0,    0,    0,    0,   -8,   -6,    0,    0,    0,    0,    0,    0,    0,    0,    0,    0,    0,    0,    0,    0,    0,    0,    0,    0,    0,    0,    0,    0,    0,    0,    0,    0,    0,    0,    0,    0,    0,    0,    0,    0,    0,    0,    0,    0,    0,    0,    0,    0,    0,    0,    0,    0,    0,    0,    0,    0,    0,    0,    0,    0,    0,    0,    0,    0,    0,    0,    0,    0,    0,    0,    0,    0,    0,    0,    0,    0,    0,    0,    0,    0,    0,    0,    0,    0,    0,    0,    0,    0,    0,    0,    0,    0,    0,    0,    0,    0,    0,  -34,    0,    0,    0,
       0,    0,    0,   -3,   -8,    0,    0,    0,    0,    0,    0,    0,    0,    0,    0,    0,    0,    0,    0,    0,    0,    0,    0,    0,    0,    0,    0,    0,   -3,    0,    0,    0,    0,    0,    0,    0,    0,    0,    0,    0,    0,    0,    0,    0,    0,   -6,    0,    0,   -6,    0,    0,   -3,    0,    0,    0,    0,    0,    0,    0,    0,    0,    0,    0,    0,    0,    0,    0,    0,    0,    0,    0,    0,    0,    0,    0,    0,    0,    0,    0,    0,    0,    0,    0,    0,    0,    0,    0,    0,    0,    0,    0,    0,    0,    0,    0,    0,    0,    0,    0,    0,    0,    0,    0,    0,    0,    0,    0,    0,    0,    0,    0,    0,    0,    0,    0,    0,    0,    0,    0,    0,    0,    0,    0,    0,    0,    0,    0,    0,    0,    0,    0,    0,    0,    0,    0,    0,    0,    0,    0,    0,    0,    0,    0,    0,    0,    0,    0,    0,    0,    0,    0,    0,    0,    0,    0,    0,    0,    0,    0,    0,    0,
       0,    0,    0,   -3,    0,   -3,    0,  -12,    0,    0,    0,   -3,    0,    0,   -5,    0,    0,    0,    0,    0,    0,    0,    0,    0,    0,   -6,    0,    0,  -11,    0,    0,    0,    0,    0,    0,    0,    0,    0,    0,    0,    0,    0,    0,    0,    0,    0,    0,    0,    0,   -6,    0,   -6,    0,    0,   -8,    0,    0,    0,    0,    0,    0,    0,    0,    0,    0,    0,   -5,    0,    0,    0,    0,    0,    0,    0,    0,    0,    0,    0,    0,    0,    0,    0,    0,    0,    0,    0,    0,    0,    0,    0,    0,    0,    0,    0,    0,    0,    0,    0,    0,    0,    0,    0,    0,    0,    0,    0,    0,    0,    0,    0,    0,    0,    0,    0,    0,    0,    0,    0,    0,    0,    0,    0,    0,    0,    0,    0,    0,    0,    0,    0,    0,    0,    0,    0,    0,    0,    0,    0,    0,    0,    0,    0,    0,    0,    0,    0,    0,    0,    0,    0,    0,    0,    0,    0,    0,    0,    0,   -4,    0,    0,    0,
       0,    0,   -6,    0,  -11,    5,  -16,    6,    0,    4,   -6,   11,  -12,  -12,    9,    0,  -12,  -12,    0,    6,    0,    7,    3,    9,    7,    7,    0,    0,   -9,    0,    0,   -7,   -7,   -7,    0,   -7,    0,    0,    0,    0,   -7,   -7,    5,    0,   -4,   -5,  -16,    9,   -3,    5,   -6,    0,  -20,    0,   12,    0,    0,    0,    7,   -8,    4,    4,    0,    0,    0,   -4,    0,    0,    0,    0,    0,    0,    0,    0,    0,    0,    0,    0,    0,    0,    0,    0,    0,    0,    0,    0,    0,    0,    0,    0,    0,    0,    0,    0,    0,    0,    0,    0,    0,    0,    0,    0,    0,    0,    0,    0,    0,    0,    0,    0,    0,    0,    0,    0,    0,    0,    0,    0,    0,    0,    0,    0,    0,    0,    0,    0,    0,    0,    0,    0,    0,    0,    0,    0,    0,    0,    0,    0,    0,    0,    0,    0,    0,    0,    0,    0,    0,    0,    0,    0,    0,    0,    0,    0,    0,    0,    0,    5,    0,    0,    0,
       0,  -42,   -3,    0,  -46,    8,  -23,    4,    0,    0,    0,    9,  -15,  -15,    9,    0,  -15,  -15,    5,  -38,   -6,  -33,  -15,    7,  -38,    5,    0,    0,  -11,    0,    0,   -4,   -4,   -4,    0,   -4,    0,    0,    0,    0,   -4,   -4,    0,    0,    0,  -13,  -12,    7,   -7,    3,   -8,   -5,  -13,    4,   10,    0,    0,    0,    0,    0,    0,    0,    0,    0,    0,    0,    0,    0,  -28,    0,    0,    0,    0,    0,    0,    0,    0,    0,    0,    0,    0,    0,    0,    0,    0,    0,    0,    0,    0,    0,    0,    0,    0,    0,    0,    0,    0,    0,    0,    0,    0,    0,    0,    0,    0,    0,    0,    0,    0,    0,    0,    0,    0,    0,    0,    0,    0,    0,    0,    0,    0,    0,    0,    0,    0,    0,    0,    0,    0,    0,    0,    0,    0,    0,    0,    0,    0,    0,    0,    0,    0,    0,    0,    0,    0,    0,    0,    0,    0,    0,    0,    0,    0,    0,    0,  -40,  -39,    5,    0,    0,    0,
       0,    0,    0,    0,    0,    0,    0,    0,    0,    0,    0,    0,    0,    0,    0,    0,    0,    0,    0,    0,    0,   -2,    0,    0,   -3,    0,    0,    0,    0,    0,    0,    0,    0,    0,    0,    0,    0,    0,    0,    0,    0,    0,    0,    0,    0,    0,    0,    0,    0,    0,    0,    0,    0,    0,    0,    0,    0,    0,    0,    0,    0,    0,    0,    0,    0,    0,    0,    0,    0,    0,    0,    0,    0,    0,    0,    0,    0,    0,    0,    0,    0,    0,    0,    0,    0,    0,    0,    0,    0,    0,    0,    0,    0,    0,    0,    0,    0,    0,    0,    0,    0,    0,    0,    0,    0,    0,    0,    0,    0,    0,    0,    0,    0,    0,    0,    0,    0,    0,    0,    0,    0,    0,    0,    0,    0,    0,    0,    0,    0,    0,    0,    0,    0,    0,    0,    0,    0,    0,    0,    0,    0,    0,    0,    0,    0,    0,    0,    0,    0,    0,    0,    0,    0,    0,    0,    0,    0,    0,    0,    0,    0,
      -5,   -8,   -4,   -9,    0,  -11,    0,  -14,    0,  -11,   -4,   -6,    0,    0,   -8,    0,    0,    0,   -3,   -9,    0,   -6,   -5,   -8,  -14,   -5,   -3,    0,  -14,   -4,    0,    0,    0,    0,    0,    0,    0,    0,    0,    0,    0,    0,    0,    0,    0,    0,    0,    0,    0,    0,    0,  -10,    0,    0,  -13,    0,    0,    0,    0,    0,    0,    0,    0,    0,    0,    0,   -9,    0,   -9,    0,    0,    0,    0,    0,    0,    0,    0,    0,    0,    0,    0,    0,    0,    0,    0,    0,    0,    0,    0,    0,    0,    0,    0,    0,    0,    0,    0,    0,    0,    0,    0,    0,    0,    0,    0,    0,    0,    0,    0,    0,    0,    0,    0,    0,    0,    0,    0,    0,    0,    0,    0,    0,    0,    0,    0,    0,    0,    0,    0,    0,    0,    0,    0,    0,    0,    0,    0,    0,    0,    0,    0,    0,    0,    0,    0,    0,    0,    0,    0,    0,    0,    0,    0,    0,    0,   -5,   -3,  -10,    0,    0,    0,
      -4,    0,   -4,   -8,    0,  -30,    0,  -21,    0,    0,    0,  -17,    0,    0,  -32,    0,    0,    0,    0,    0,    0,    0,    0,   -6,    0,    0,   -5,    0,  -14,   -6,    0,   -7,   -7,  -11,    0,   -7,    0,    0,    0,    0,   -7,   -4,    0,    0,    0,    3,    3,    0,    3,    0,    0,   -8,   -6,    0,  -28,    0,    0,    0,    0,   -5,    0,    0,    0,    0,    0,    0,    0,    0,    0,    0,    0,    0,    0,    0,    0,    0,    0,    0,    0,    0,    0,    0,    0,    0,    0,    0,    0,    0,    0,    0,    0,    0,    0,    0,    0,    0,    0,    0,    0,    0,    0,    0,    0,    0,    0,    0,    0,    0,    0,    0,    0,    0,    0,    0,    0,    0,    0,    0,    0,    0,    0,    0,    0,    0,    0,    0,    0,    0,    0,    0,    0,    0,    0,    0,    0,    0,    0,    0,    0,    0,    0,    0,    0,    0,    0,    0,    0,    0,    0,    0,    0,    0,    0,    0,    0,    0,    3,  -38,    0,    0,    0,
      -5,   -8,   -4,    0,    0,  -11,    0,    0,    0,  -11,   -4,   -6,    0,    0,   -8,    0,    0,    0,   -3,   -9,    0,   -6,   -5,   -8,  -14,   -5,   -3,    0,    0,   -5,    0,    0,    0,    0,    0,    0,    0,    5,    0,    0,    0,    0,    0,    0,    0,    0,    0,    0,    0,    0,    0,    0,    0,    0,  -13,    0,    0,    0,    0,    0,    0,    0,    0,    0,    0,    0,   -9,    0,    0,    0,    0,    0,    0,    0,    0,    0,    0,    0,    0,    0,    0,    0,    0,    0,    0,    0,    0,    0,    0,    0,    0,    0,    0,    0,    0,    0,    0,    0,    0,    0,    0,    0,    0,    0,    0,    0,    0,    0,    0,    0,    0,    0,    0,    0,    0,    0,    0,    0,    0,    0,    0,    0,    0,    0,    0,    0,    0,    0,    0,    0,    0,    0,    0,    0,    0,    0,    0,    0,    0,    0,    0,    0,    0,    0,    0,    0,    0,    0,    0,    0,    0,    0,    0,    0,    0,   -5,   -3,   -7,    0,    0,    0,
       0,    0,   -4,    0,    0,    5,    0,    4,    0,   -4,   -5,    9,   -4,   -4,    7,    0,   -4,   -4,    0,    0,    0,   -3,    0,    6,   -6,    5,    0,    0,  -11,    0,    0,    0,    0,    0,    0,    0,    0,    0,    0,    0,    0,    0,    0,    0,    0,    0,    0,    7,    0,    3,   -6,   -5,   -7,    0,   10,    0,    0,    0,    0,   -5,    0,    0,    0,    0,    0,    0,    0,    0,    0,    0,    0,    0,    0,    0,    0,    0,    0,    0,    0,    0,    0,    0,    0,    0,    0,    0,    0,    0,    0,    0,    0,    0,    0,    0,    0,    0,    0,    0,    0,    0,    0,    0,    0,    0,    0,    0,    0,    0,    0,    0,    0,    0,    0,    0,    0,    0,    0,    0,    0,    0,    0,    0,    0,    0,    0,    0,    0,    0,    0,    0,    0,    0,    0,    0,    0,    0,    0,    0,    0,    0,    0,    0,    0,    0,    0,    0,    0,    0,    0,    0,    0,    0,    0,    0,    0,    0,    0,    5,    0,    0,    0,
       0,    0,   -9,    4,    0,  -25,  -16,  -29,  -28,    7,  -17,  -21,   -9,   -9,  -30,    0,   -9,   -9,    0,    8,    0,    9,    6,    5,   10,    0,    0,    0,  -11,  -15,    0,  -18,  -18,  -18,    0,  -18,    0,    0,    0,  -13,  -18,  -18,  -15,    0,  -11,   -7,  -27,   -6,   -7,  -10,   -8,    0,  -28,  -25,  -24,    0,    0,    7,   10,  -26,   17,    7,    4,    0,  -24,  -22,    0,    0,    0,    0,    0,    0,    0,    0,    0,    0,    0,    0,    0,    0,    0,    0,    0,    0,    0,    0,    0,    0,    0,    0,    0,    0,    0,    0,    0,    0,    0,    0,    0,    0,    0,    0,    0,    0,    0,    0,    0,    0,    0,    0,    0,    0,    0,    0,    0,    0,    0,    0,    0,    0,    0,    0,    0,    0,    0,    0,    0,    0,    0,    0,    0,    0,    0,    0,    0,    0,    0,    0,    0,    0,    0,    0,    0,    0,    0,    0,    0,    0,    0,    0,    0,    0,    0,    0,    0,    0,    0,  -22,    0,    0,    0,
       0,    0,   -3,    0,    0,   -3,    0,  -14,   -3,    0,    0,   -3,    0,    0,   -5,    0,    0,    0,    0,    0,    0,    0,    0,    0,    0,   -5,    0,    0,  -12,   -5,    0,    0,    0,    0,    0,    0,    0,    0,    0,    0,    0,    0,    0,    0,    0,    0,    0,    0,    0,   -6,   -3,   -7,    0,    0,  -11,    0,    0,    0,    0,    0,    0,    0,    0,    0,    0,    0,   -5,    0,    0,    0,    0,    0,    0,    0,    0,    0,    0,    0,    0,    0,    0,    0,    0,    0,    0,    0,    0,    0,    0,    0,    0,    0,    0,    0,    0,    0,    0,    0,    0,    0,    0,    0,    0,    0,    0,    0,    0,    0,    0,    0,    0,    0,    0,    0,    0,    0,    0,    0,    0,    0,    0,    0,    0,    0,    0,    0,    0,    0,    0,    0,    0,    0,    0,    0,    0,    0,    0,    0,    0,    0,    0,    0,    0,    0,    0,    0,    0,    0,    0,    0,    0,    0,    0,    0,    0,    0,    0,   -7,    0,    0,    0,
       0,    5,  -11,    5,    0,  -25,   -3,  -22,   -7,    8,  -13,  -21,   -6,   -6,  -32,   -2,   -6,   -6,    0,    9,    0,   10,    7,    6,   11,    0,    0,    0,   -9,   -8,    0,  -15,  -15,  -15,    0,  -15,    0,    0,    0,  -10,  -15,  -15,   -5,    0,   -8,    0,    0,    0,    0,   -1,   -8,    0,  -14,   -4,  -27,    0,    4,    0,   11,  -17,   14,   10,    4,    0,   -9,   -8,    0,    0,    0,    0,    0,    0,    0,    0,    0,    0,    0,    0,    0,    0,    0,    0,    0,    0,    0,    0,    0,    0,    0,    0,    0,    0,    0,    0,    0,    0,    0,    0,    0,    0,    0,    0,    0,    0,    0,    0,    0,    0,    0,    0,    0,    0,    0,    0,    0,    0,    0,    0,    0,    0,    0,    0,    0,    0,    0,    0,    0,    0,    0,    0,    0,    0,    0,    0,    0,    0,    0,    0,    0,    0,    0,    0,    0,    0,    0,    0,    0,    0,    0,    0,    0,    0,    0,    0,    0,    6,    8,  -25,    0,    0,    0,
       0,    4,   -5,    0,    0,  -12,    0,  -16,   -4,    5,   -6,   -6,   -5,   -5,  -20,    0,   -5,   -5,    0,    6,    0,    7,    4,    3,    8,    0,    0,    0,  -12,  -10,    0,   -7,   -7,   -7,    0,   -9,    0,    0,    0,   -7,   -7,   -7,   -6,    0,   -6,    0,    0,    0,    0,    0,   -6,    0,   -7,    0,  -16,    0,    0,    0,    6,   -9,    4,    0,    0,    0,   -5,    0,    0,    0,    0,    0,    0,    0,    0,    0,    0,    0,    0,    0,    0,    0,    0,    0,    0,    0,    0,    0,    0,    0,    0,    0,    0,    0,    0,    0,    0,    0,    0,    0,    0,    0,    0,    0,    0,    0,    0,    0,    0,    0,    0,    0,    0,    0,    0,    0,    0,    0,    0,    0,    0,    0,    0,    0,    0,    0,    0,    0,    0,    0,    0,    0,    0,    0,    0,    0,    0,    0,    0,    0,    0,    0,    0,    0,    0,    0,    0,    0,    0,    0,    0,    0,    0,    0,    0,    0,    0,    6,    8,  -13,    0,    0,    0,
       0,    0,   -8,    0,   -9,    4,   -9,    3,    0,    0,   -9,    9,   -8,   -8,    7,    0,   -8,   -8,    0,    4,    0,    6,    0,    6,    6,    4,    0,    0,  -11,    0,    0,   -6,   -6,   -6,    0,   -6,    0,    0,    0,    0,   -6,   -6,    0,    0,   -3,   -4,  -12,    6,   -2,    0,   -9,    0,  -16,    0,    9,    0,    0,    0,    0,  -10,    0,    0,    0,    0,    0,   -6,    0,    0,    0,    0,    0,    0,    0,    0,    0,    0,    0,    0,    0,    0,    0,    0,    0,    0,    0,    0,    0,    0,    0,    0,    0,    0,    0,    0,    0,    0,    0,    0,    0,    0,    0,    0,    0,    0,    0,    0,    0,    0,    0,    0,    0,    0,    0,    0,    0,    0,    0,    0,    0,    0,    0,    0,    0,    0,    0,    0,    0,    0,    0,    0,    0,    0,    0,    0,    0,    0,    0,    0,    0,    0,    0,    0,    0,    0,    0,    0,    0,    0,    0,    0,    0,    0,    0,    0,    0,    0,    0,    3,    0,    0,    0,
       0,    0,  -14,    6,    0,  -22,  -16,  -27,  -13,    8,  -19,  -26,  -14,  -14,  -38,   -3,  -14,  -14,    0,   10,    0,   11,    8,    7,   12,    4,    0,    0,   -9,  -14,    0,  -16,  -16,  -16,    0,  -16,    0,    0,    0,  -13,  -16,  -16,   -7,    0,  -11,    0,    0,   -5,    0,   -9,   -7,    0,  -25,  -11,  -27,    0,    0,    0,   14,  -26,   13,   11,    0,    0,  -14,  -13,    0,    0,    0,    0,    0,    0,    0,    0,    0,    0,    0,    0,    0,    0,    0,    0,    0,    0,    0,    0,    0,    0,    0,    0,    0,    0,    0,    0,    0,    0,    0,    0,    0,    0,    0,    0,    0,    0,    0,    0,    0,    0,    0,    0,    0,    0,    0,    0,    0,    0,    0,    0,    0,    0,    0,    0,    0,    0,    0,    0,    0,    0,    0,    0,    0,    0,    0,    0,    0,    0,    0,    0,    0,    0,    0,    0,    0,    0,    0,    0,    0,    0,    0,    0,    0,    0,    0,    0,    0,    4,    6,  -26,    0,    0,    0,
       0,    0,   -7,    0,    0,    4,  -20,    0,    0,    0,   -5,    6,  -12,  -12,    6,    0,  -12,  -12,    0,    0,   -5,    3,    0,    0,    4,    0,   -6,    0,  -14,    0,    0,   -5,   -6,   -5,    0,   -8,    0,    0,    0,    0,   -6,   -5,    0,   -4,   -6,   -8,   -8,    3,   -8,    0,  -12,   -5,  -17,    0,    6,    0,    0,    0,    3,   -5,    4,    0,    0,    0,    0,    0,    0,    0,    0,    0,    0,    0,    0,    0,    0,    0,    0,    0,    0,    0,    0,    0,    0,    0,    0,    0,    0,    0,    0,    0,    0,    0,    0,    0,    0,    0,    0,    0,    0,    0,    0,    0,    0,    0,    0,    0,    0,    0,    0,    0,    0,    0,    0,    0,    0,    0,    0,    0,    0,    0,    0,    0,    0,    0,    0,    0,    0,    0,    0,    0,    0,    0,    0,    0,    0,    0,    0,    0,    0,    0,    0,    0,    0,    0,    0,    0,    0,    0,    0,    0,    0,    0,    0,    0,    0,    0,    0,    0,    0,    0,    0,
       0,    0,    0,    0,    0,    0,    0,    0,    0,    0,    0,   -9,  -14,  -14,   -9,    0,  -14,  -14,   -9,  -11,  -13,  -10,  -12,  -12,   -9,  -14,    0,    0,   27,    0,    0,    0,    0,    0,    0,    0,    0,    0,    0,    0,    0,    0,    0,    0,    0,    0,    0,    0,    0,    0,    0,    0,    0,    0,   -9,    0,    0,    0,    0,    0,    0,    0,    0,    0,    0,    0,    0,    0,    0,    0,  -11,  -14,   -6,   -7,   -8,  -10,   -9,    9,  -10,    0,    0,  -14,  -14,  -12,  -16,    0,  -12,    0,    0,    0,    0,    0,    0,    0,    0,    0,    0,    0,    0,    0,    0,    0,    0,    0,    0,    0,    0,    0,    0,    0,    0,    0,    0,    0,    0,    0,    0,    0,  -16,    0,   -9,    0,    0,   -9,    0,    0,   -5,    0,    0,  -10,    0,    0,    0,    0,    0,    0,    0,    0,    0,    0,    0,    0,    0,    0,    0,    0,    0,    0,    0,    0,    0,    0,    0,    0,    0,    0,    0,    0,    0,    0,    0,
       0,    0,    0,    0,    0,    0,    0,    0,    0,    0,    0,    0,   -3,   -3,    0,    0,   -3,   -3,    0,    0,    0,    0,   -3,   -3,    0,   -5,    0,    0,    0,    0,    0,    0,    0,    0,    0,    0,    0,    0,    0,    0,    0,    0,    0,    0,    0,    0,    0,    0,    0,    0,    0,    0,    0,    0,    0,    0,    0,    0,    0,    0,    0,    0,    0,    0,    0,    0,    0,    0,    0,    0,    0,   -3,   -3,    0,    0,    0,    0,    0,    0,    0,    0,   -3,   -3,   -3,   -7,    0,   -4,    0,    0,    0,    0,    0,    0,    0,    0,    0,    0,    0,    0,    0,    0,    0,    0,    0,    0,    0,    0,    0,    0,    0,    0,    0,    0,    0,    0,    0,    0,    0,   -7,    0,    0,    0,    0,    0,    0,    0,   -6,    0,    0,    0,    0,    0,    0,    0,    0,    0,    0,    0,    0,    0,    0,    0,    0,    0,    0,    0,    0,    0,    0,    0,    0,    0,    0,    0,    0,    0,    0,    0,    0,    0,    0,
       0,   -9,    0,   -8,   -7,    0,    0,    0,    0,   -9,    0,    0,    0,    0,    0,    0,    0,    0,    0,    0,    0,    0,    0,    0,    0,    0,    0,    0,  -10,    0,    0,    0,    0,    0,    0,    0,    0,    0,    0,    0,    0,    0,    0,    0,    0,   -5,   -4,    0,   -5,    0,    0,   -7,    0,    0,    0,    0,    0,    0,    0,    0,    0,    0,    0,    0,    0,    0,    0,    0,    0,    0,    0,    0,    0,    0,    0,    0,    0,    0,    0,    0,    0,    0,    0,    0,    0,    0,    0,    0,    0,    0,    0,    0,    0,    0,    0,    0,    0,    0,    0,    0,    0,    0,    0,    0,    0,    0,    0,    0,    0,    0,    0,    0,    0,    0,    0,    0,    0,    0,    0,    0,    0,    0,    0,    0,    0,    0,    0,    0,    0,    0,    0,    0,    0,    0,    0,    0,    0,    0,    0,    0,    0,    0,    0,    0,    0,    0,    0,    0,    0,    0,    0,    0,    0,    0,    0,    0,   -8,    0,    0,    0,    0,
       0,  -12,    0,   -9,    0,    0,    0,   -7,    0,   -9,    0,    0,    0,    0,    0,    0,    0,    0,    0,    0,    0,    0,    0,    0,    0,    0,    0,    0,  -10,    0,    0,    0,    0,    0,    0,    0,    0,    0,    0,    0,    0,    0,    0,    0,    0,   -4,   -4,   -6,   -4,   -7,    0,   -7,    0,    0,    0,    0,    0,    0,    0,    0,    0,    0,    0,    0,    0,    0,    0,    0,    0,    0,    0,    0,    0,    0,    0,    0,    0,    0,    0,    0,    0,    0,    0,    0,    0,    0,    0,    0,    0,    0,    0,    0,    0,    0,    0,    0,    0,    0,    0,    0,    0,    0,    0,    0,    0,    0,    0,    0,    0,    0,    0,    0,    0,    0,    0,    0,    0,    0,    0,    0,    0,    0,    0,    0,    0,    0,    0,    0,    0,    0,    0,    0,    0,    0,    0,    0,    0,    0,    0,    0,    0,    0,    0,    0,    0,    0,    0,    0,    0,    0,    0,    0,    0,    0,    0,  -11,  -11,    0,    0,    0,    0,
       0,    0,    0,    0,    0,    3,  -11,    0,    0,    0,    0,    0,    0,    0,    0,    0,    0,    0,    0,    0,    0,    0,    0,    0,    0,    0,    0,    0,   -9,    0,    0,    0,   -4,    0,    0,   -5,    0,    0,    0,    0,   -4,    0,    0,    0,    0,    4,    3,    5,    4,    0,   -7,    0,  -10,    0,    0,    0,    0,    0,    0,    0,    0,    0,    0,    0,    0,    0,    0,    0,    0,    0,    0,    0,    0,    0,    0,    0,    0,    0,    0,    0,    0,    0,    0,    0,    0,    0,    0,    0,    0,    0,    0,    0,    0,    0,    0,    0,    0,    0,    0,    0,    0,    0,    0,    0,    0,    0,    0,    0,    0,    0,    0,    0,    0,    0,    0,    0,    0,    0,    0,    0,    0,    0,    0,    0,    0,    0,    0,    0,    0,    0,    0,    0,    0,    0,    0,    0,    0,    0,    0,    0,    0,    0,    0,    0,    0,    0,    0,    0,    0,    0,    0,    0,    0,    0,    0,    0,    0,    0,    0,    0,    0,
       0,    0,    0,   13,    4,  -17,  -12,  -14,    0,    8,    0,    0,    0,    0,    0,    0,    0,    0,    0,    0,    0,    0,    0,    0,    0,    0,    0,    0,   13,    0,    0,    0,    0,    0,    0,    0,    0,    0,    0,    0,    0,    0,    0,    0,    0,    6,    6,    5,    6,    0,    0,   13,   -6,    3,    0,    0,   10,    0,   13,   -6,   13,   10,   13,    0,    0,    0,    0,    0,    0,    0,    0,    0,    0,    0,    0,    0,    0,    0,    0,    0,    0,    0,    0,    0,    0,    0,    0,    0,    0,    0,    0,    0,    0,    0,    0,    0,    0,    0,    0,    0,    0,    0,    0,    0,    0,    0,    0,    0,    0,    0,    0,    0,    0,    0,    0,    0,    0,    0,    0,    0,    0,    0,    0,    0,    0,    0,    0,    0,    0,    0,    0,    0,    0,    0,    0,    0,    0,    0,    0,    0,    0,    0,    0,    0,    0,    0,    0,    0,    0,    0,    0,    0,    0,    0,    0,    0,    7,  -18,    0,    0,    0,
       0,  -12,    0,   -8,   -7,    0,    0,    0,    0,   -9,    0,    0,    0,    0,    0,    0,    0,    0,    0,    0,    0,    0,    0,    0,    0,    0,    0,    0,  -10,    0,    0,    0,    0,    0,    0,    0,    0,    0,    0,    0,    0,    0,    0,    0,    0,   -5,   -4,    0,   -6,    0,    0,   -7,    0,    0,    0,    0,    0,    0,    0,    0,    0,    0,    0,    0,    0,    0,    0,    0,    0,    0,    0,    0,    0,    0,    0,    0,    0,    0,    0,    0,    0,    0,    0,    0,    0,    0,    0,    0,    0,    0,    0,    0,    0,    0,    0,    0,    0,    0,    0,    0,    0,    0,    0,    0,    0,    0,    0,    0,    0,    0,    0,    0,    0,    0,    0,    0,    0,    0,    0,    0,    0,    0,    0,    0,    0,    0,    0,    0,    0,    0,    0,    0,    0,    0,    0,    0,    0,    0,    0,    0,    0,    0,    0,    0,    0,    0,    0,    0,    0,    0,    0,    0,    0,    0,    0,  -10,  -10,    0,    0,    0,    0,
       0,    0,    0,    0,    0,    0,    0,    0,    0,    0,    0,    0,    0,    0,    0,    0,    0,    0,    0,    0,    0,    0,    0,    0,    0,    0,    0,    0,    0,    0,    0,    0,    0,    0,    0,    0,    0,    3,    0,    0,    0,    0,    0,    0,    0,    0,    0,    0,    0,    0,    0,    0,    0,    0,    0,    0,    0,    0,    0,    0,    0,    0,    0,    0,    0,    0,    0,    0,    0,    0,    0,    0,    0,    0,    0,    0,    0,    0,    0,    0,    0,    0,    0,    0,    0,    0,    0,    0,    0,    0,    0,    0,    0,    0,    0,    0,    0,    0,    0,    0,    0,    0,    0,    0,    0,    0,    0,    0,    0,    0,    0,    0,    0,    0,    0,    0,    0,    0,    0,    0,    0,    0,    0,    0,    0,    0,    0,    0,    0,    0,    0,    0,    0,    0,    0,    0,    0,    0,    0,    0,    0,    0,    0,    0,    0,    0,    0,    0,    0,    0,    0,    0,    0,    0,    0,    0,    0,    0,    0,    0,    0,
       0,    0,    0,    0,    0,    0,   -9,    4,    0,    0,   -7,    0,    0,    0,    0,    0,    0,    0,    0,    0,    0,    0,    0,    0,    0,    0,    0,    0,   -8,    0,    0,   -9,   -9,   -9,    0,  -10,    0,    0,    0,    0,  -10,   -9,    0,    0,    0,    0,    0,    6,    0,    0,   -6,    0,  -11,    0,    0,    0,    0,    0,    0,   -9,    0,    0,    0,    0,    0,    0,    0,    0,    0,    0,    0,    0,    0,    0,    0,    0,    0,    0,    0,    0,    0,    0,    0,    0,    0,    0,    0,    0,    0,    0,    0,    0,    0,    0,    0,    0,    0,    0,    0,    0,    0,    0,    0,    0,    0,    0,    0,    0,    0,    0,    0,    0,    0,    0,    0,    0,    0,    0,    0,    0,    0,    0,    0,    0,    0,    0,    0,    0,    0,    0,    0,    0,    0,    0,    0,    0,    0,    0,    0,    0,    0,    0,    0,    0,    0,    0,    0,    0,    0,    0,    0,    0,    0,    0,    0,    0,    0,    0,    0,    0,    0,
       0,  -10,    0,   -8,   -7,    0,    0,    0,    0,   -9,    0,    0,    0,    0,    0,    0,    0,    0,    0,    0,    0,    0,    0,    0,    0,    0,    0,    0,  -10,    0,    0,    0,    0,    0,    0,    0,    0,    0,    0,    0,    0,    0,    0,    0,    0,   -5,   -5,    0,   -6,    0,    0,   -7,    0,    0,    0,    0,    0,    0,    0,    0,    0,    0,    0,    0,    0,    0,    0,    0,    0,    0,    0,    0,    0,    0,    0,    0,    0,    0,    0,    0,    0,    0,    0,    0,    0,    0,    0,    0,    0,    0,    0,    0,    0,    0,    0,    0,    0,    0,    0,    0,    0,    0,    0,    0,    0,    0,    0,    0,    0,    0,    0,    0,    0,    0,    0,    0,    0,    0,    0,    0,    0,    0,    0,    0,    0,    0,    0,    0,    0,    0,    0,    0,    0,    0,    0,    0,    0,    0,    0,    0,    0,    0,    0,    0,    0,    0,    0,    0,    0,    0,    0,    0,    0,    0,    0,   -7,   -9,    0,    0,    0,    0,
       0,  -11,    0,   -9,   -7,    0,    0,   -8,    0,  -10,    0,    0,    0,    0,    0,    0,    0,    0,    0,    0,    0,    0,    0,    0,    0,    0,    0,    0,  -10,    0,    0,    0,    0,    0,    0,    0,    0,    0,    0,    0,    0,    0,    0,    0,    0,   -5,   -4,   -6,   -5,   -7,    0,   -7,    0,    0,    0,    0,    0,    0,    0,    0,    0,    0,    0,    0,    0,    0,    0,    0,    0,    0,    0,    0,    0,    0,    0,    0,    0,    0,    0,    0,    0,    0,    0,    0,    0,    0,    0,    0,    0,    0,    0,    0,    0,    0,    0,    0,    0,    0,    0,    0,    0,    0,    0,    0,    0,    0,    0,    0,    0,    0,    0,    0,    0,    0,    0,    0,    0,    0,    0,    0,    0,    0,    0,    0,    0,    0,    0,    0,    0,    0,    0,    0,    0,    0,    0,    0,    0,    0,    0,    0,    0,    0,    0,    0,    0,    0,    0,    0,    0,    0,    0,    0,    0,    0,    0,   -7,   -9,    0,    0,    0,    0,
       0,  -11,    0,   -9,   -7,    0,    0,   -7,    0,   -9,    0,    0,    0,    0,    0,    0,    0,    0,    0,    0,    0,    0,    0,    0,    0,    0,    0,    0,  -10,    0,    0,    0,    0,    0,    0,    0,    0,    0,    0,    0,    0,    0,    0,    0,    0,   -5,   -4,   -6,   -5,   -6,    0,   -7,    0,    0,    0,    0,    0,    0,    0,    0,    0,    0,    0,    0,    0,    0,    0,    0,    0,    0,    0,    0,    0,    0,    0,    0,    0,    0,    0,    0,    0,    0,    0,    0,    0,    0,    0,    0,    0,    0,    0,    0,    0,    0,    0,    0,    0,    0,    0,    0,    0,    0,    0,    0,    0,    0,    0,    0,    0,    0,    0,    0,    0,    0,    0,    0,    0,    0,    0,    0,    0,    0,    0,    0,    0,    0,    0,    0,    0,    0,    0,    0,    0,    0,    0,    0,    0,    0,    0,    0,    0,    0,    0,    0,    0,    0,    0,    0,    0,    0,    0,    0,    0,    0,    0,   -7,   -9,    0,    0,    0,    0,
       0,    0,    0,    0,    0,    0,    0,    0,    0,    0,    0,    0,    0,    0,    0,    0,    0,    0,    0,    0,    0,    0,    0,    0,    0,    0,    0,    0,    0,    0,    0,    0,    0,    0,    0,    0,    0,   10,    0,    0,    0,    0,    0,    0,    0,    0,    0,    0,    0,    0,    0,    0,    0,    0,    0,    0,    0,    0,    0,    0,    0,    0,    0,    0,    0,    0,    0,    0,    0,    0,    0,    0,    0,    0,    0,    0,    0,    0,    0,    0,    0,    0,    0,    0,    0,    0,    0,    0,    0,    0,    0,    0,    0,    0,    0,    0,    0,    0,    0,    0,    0,    0,    0,    0,    0,    0,    0,    0,    0,    0,    0,    0,    0,    0,    0,    0,    0,    0,    0,    0,    0,    0,    0,    0,    0,    0,    0,    0,    0,    0,    0,    0,    0,    0,    0,    0,    0,    0,    0,    0,    0,    0,    0,    0,    0,    0,    0,    0,    0,    0,    0,    0,    0,    0,    0,    0,    0,    0,    0,    0,    0,
       0,    0,    0,    0,    4,  -18,  -11,  -15,    0,  -14,    0,    0,    0,    0,    0,    0,    0,    0,    0,    0,    0,    0,    0,    0,    0,    0,    0,    0,   -8,    0,    0,    0,    0,    0,    0,    0,    0,    0,    0,    0,    0,   -4,    0,    0,    0,    7,    6,    5,    7,    0,    0,    0,   -7,    0,    0,    0,    0,    0,    0,   -6,    0,    0,    0,    0,    0,    0,    0,    0,    0,    0,    0,    0,    0,    0,    0,    0,    0,    0,    0,    0,    0,    0,    0,    0,    0,    0,    0,    0,    0,    0,    0,    0,    0,    0,    0,    0,    0,    0,    0,    0,    0,    0,    0,    0,    0,    0,    0,    0,    0,    0,    0,    0,    0,    0,    0,    0,    0,    0,    0,    0,    0,    0,    0,    0,    0,    0,    0,    0,    0,    0,    0,    0,    0,    0,    0,    0,    0,    0,    0,    0,    0,    0,    0,    0,    0,    0,    0,    0,    0,    0,    0,    0,    0,    0,    0,    0,    5,  -17,    0,    0,    0,
       0,    0,    0,    0,    0,    4,  -13,    0,    0,    0,    0,    0,    0,    0,    0,    0,    0,    0,    0,    0,    0,    0,    0,    0,    0,    0,    0,    0,   -9,    0,    0,   -4,   -5,   -3,    0,   -3,    0,    0,    0,    0,   -5,   -4,    0,    0,    0,    0,    0,    6,    0,    0,   -7,    0,   -9,    0,    0,    0,    0,    0,    0,   -4,    0,    0,    0,    0,    0,    0,    0,    0,    0,    0,    0,    0,    0,    0,    0,    0,    0,    0,    0,    0,    0,    0,    0,    0,    0,    0,    0,    0,    0,    0,    0,    0,    0,    0,    0,    0,    0,    0,    0,    0,    0,    0,    0,    0,    0,    0,    0,    0,    0,    0,    0,    0,    0,    0,    0,    0,    0,    0,    0,    0,    0,    0,    0,    0,    0,    0,    0,    0,    0,    0,    0,    0,    0,    0,    0,    0,    0,    0,    0,    0,    0,    0,    0,    0,    0,    0,    0,    0,    0,    0,    0,    0,    0,    0,    0,    0,    0,    0,    0,    0,    0,
       0,    0,    0,    0,    3,  -12,    0,  -11,    0,  -13,    0,    0,    0,    0,    0,    0,    0,    0,    0,    0,    0,    0,    0,    0,    0,    0,    0,    0,   -9,    0,    0,   -5,   -5,   -5,    0,   -4,    0,    0,    0,    0,   -5,   -5,    0,    0,    0,    6,    6,    5,    6,    0,    0,    0,    0,    0,    0,    0,    0,    0,    0,   -6,    0,    0,    0,    0,    0,    0,    0,    0,    0,    0,    0,    0,    0,    0,    0,    0,    0,    0,    0,    0,    0,    0,    0,    0,    0,    0,    0,    0,    0,    0,    0,    0,    0,    0,    0,    0,    0,    0,    0,    0,    0,    0,    0,    0,    0,    0,    0,    0,    0,    0,    0,    0,    0,    0,    0,    0,    0,    0,    0,    0,    0,    0,    0,    0,    0,    0,    0,    0,    0,    0,    0,    0,    0,    0,    0,    0,    0,    0,    0,    0,    0,    0,    0,    0,    0,    0,    0,    0,    0,    0,    0,    0,    0,    0,    0,    0,    4,  -12,    0,    0,    0,
       0,    0,    0,    0,    3,  -11,    0,   -9,    0,  -12,    0,    0,    0,    0,    0,    0,    0,    0,    0,    0,    0,    0,    0,    0,    0,    0,    0,    0,   -9,    0,    0,   -4,    0,    0,    0,    0,    0,    0,    0,    0,   -4,    0,    0,    0,    0,    6,    6,    5,    6,    0,    0,    0,    0,    0,    0,    0,    0,    0,    0,   -5,    0,    0,    0,    0,    0,    0,    0,    0,    0,    0,    0,    0,    0,    0,    0,    0,    0,    0,    0,    0,    0,    0,    0,    0,    0,    0,    0,    0,    0,    0,    0,    0,    0,    0,    0,    0,    0,    0,    0,    0,    0,    0,    0,    0,    0,    0,    0,    0,    0,    0,    0,    0,    0,    0,    0,    0,    0,    0,    0,    0,    0,    0,    0,    0,    0,    0,    0,    0,    0,    0,    0,    0,    0,    0,    0,    0,    0,    0,    0,    0,    0,    0,    0,    0,    0,    0,    0,    0,    0,    0,    0,    0,    0,    0,    0,    0,    4,  -10,    0,    0,    0,
       0,    0,    0,    0,    0,    0,    0,    0,    0,    0,    0,    0,    0,    0,    0,    0,    0,    0,    0,    0,    0,    0,    0,    0,    0,    0,    0,    0,   -9,    0,    0,   -7,   -7,   -7,    0,   -7,    0,    0,    0,    0,   -7,   -7,    0,    0,    0,    0,    0,    6,    0,    0,   -7,    0,  -10,    0,    0,    0,    0,    0,    0,   -8,    0,    0,    0,    0,    0,    0,    0,    0,    0,    0,    0,    0,    0,    0,    0,    0,    0,    0,    0,    0,    0,    0,    0,    0,    0,    0,    0,    0,    0,    0,    0,    0,    0,    0,    0,    0,    0,    0,    0,    0,    0,    0,    0,    0,    0,    0,    0,    0,    0,    0,    0,    0,    0,    0,    0,    0,    0,    0,    0,    0,    0,    0,    0,    0,    0,    0,    0,    0,    0,    0,    0,    0,    0,    0,    0,    0,    0,    0,    0,    0,    0,    0,    0,    0,    0,    0,    0,    0,    0,    0,    0,    0,    0,    0,    0,    0,    0,    0,    0,    0,    0,
       0,    0,    0,    0,    0,    0,    0,    0,    0,    0,    0,    0,    0,    0,    0,    0,    0,    0,    0,    0,    0,    0,    0,    0,    0,    0,    0,    0,  -11,    0,    0,   -6,   -7,   -6,   -4,   -7,    0,    0,    0,    0,   -7,   -6,    0,   -4,   -4,    0,    0,    0,    0,    0,   -9,   -7,  -11,    0,    0,    0,    0,    0,    0,   -6,    0,    0,    0,    0,    0,    0,    0,    0,    0,    0,    0,    0,    0,    0,    0,    0,    0,    0,    0,    0,    0,    0,    0,    0,    0,    0,    0,    0,    0,    0,    0,    0,    0,    0,    0,    0,    0,    0,    0,    0,    0,    0,    0,    0,    0,    0,    0,    0,    0,    0,    0,    0,    0,    0,    0,    0,    0,    0,    0,    0,    0,    0,    0,    0,    0,    0,    0,    0,    0,    0,    0,    0,    0,    0,    0,    0,    0,    0,    0,    0,    0,    0,    0,    0,    0,    0,    0,    0,    0,    0,    0,    0,    0,    0,    0,    0,    0,    0,    0,    0,    0,
       0,    0,    0,    0,    0,    0,    0,    0,    0,    0,    0,   -4,   -9,  -10,   -4,    0,  -10,  -10,   -7,    0,   -8,    0,    0,    0,    0,   -6,    0,    0,    0,    0,    0,    0,    0,    0,    0,    0,    0,    0,    0,    0,    0,    0,    0,    0,    0,    0,    0,    0,    0,    0,    0,   27,    0,    0,   -4,    0,    0,    0,    0,    0,    0,    0,    0,    0,    0,    0,    0,    0,    0,    0,    0,   -9,   -6,    0,    0,    0,   -4,    9,    0,    0,    0,  -10,  -10,    0,   -4,    0,   -7,    0,    0,    0,    0,    0,    0,    0,    0,    0,    0,    0,    0,    0,    0,    0,    0,    0,    0,    0,    0,    0,    0,    0,    0,    0,    0,    0,    0,    0,    0,    0,  -11,    0,    0,    0,    0,   -3,    0,    0,   -5,    0,    0,   -3,    0,    0,    0,    0,    0,    0,    0,    0,    0,    0,    0,    0,    0,    0,    0,    0,    0,    0,    0,    0,    0,    0,    0,    0,    0,    0,    0,    0,    0,    0,    0,
       0,    0,    0,    0,    0,    0,    0,    0,    0,    0,    0,   -7,    0,    0,   -7,    0,    0,    0,   -6,   -8,   -4,   -8,   -6,  -10,   -8,  -11,    0,    0,    0,    0,    0,    0,    0,    0,    0,    0,    0,    0,    0,    0,    0,    0,    0,    0,    0,    0,    0,    0,    0,    0,    0,    0,    0,    0,   -7,    0,    0,    0,    0,    0,    0,    0,    0,    0,    0,    0,    0,    0,    0,    0,   -8,    0,   -6,   -5,   -6,   -8,   -7,   -6,   -8,   -9,    0,    0,    0,  -10,    0,   -8,   -5,    0,    0,    0,    0,    0,    0,    0,    0,    0,    0,    0,    0,    0,    0,    0,    0,    0,    0,    0,    0,    0,    0,    0,    0,    0,    0,    0,    0,    0,    0,    0,    0,    0,   -8,    0,    0,    0,    0,    0,    0,    0,    0,   -8,    0,    0,    0,    0,    0,    0,    0,    0,    0,    0,    0,    0,    0,    0,    0,    0,    0,    0,    0,    0,    0,    0,    0,    0,    0,    0,    0,    0,    0,    0,    0,
       0,    0,    0,    0,    0,    0,    0,    0,    0,    0,    0,    0,    0,    0,    0,    0,    0,    0,    0,  -28,   -4,  -10,   -7,    0,  -16,   -4,    0,    0,    0,    0,    0,    0,    0,    0,    0,    0,    0,    0,    0,    0,    0,    0,    0,    0,    0,    0,    0,    0,    0,    0,    0,    0,    0,    0,    0,    0,    0,    0,    0,    0,    0,    0,    0,    0,    0,    0,    0,    0,    0,    0,    0,    0,    0,    0,    0,    0,    0,    0,    0,    0,    0,    0,    0,    0,    0,    0,    0,    0,    0,    0,    0,    0,    0,    0,    0,    0,    0,    0,    0,    0,    0,    0,    0,    0,    0,    0,    0,    0,    0,    0,    0,    0,    0,    0,    0,    0,    0,    0,    0,    0,    0,    0,    0,    0,    0,    0,    0,    0,    0,    0,    0,    0,    0,    0,    0,    0,    0,    0,    0,    0,    0,    0,    0,    0,    0,    0,    0,    0,    0,    0,    0,    0,    0,    0,    0,    0,    0,    0,    0,    0,    0,
       0,    0,    0,    0,    0,    0,    0,    0,    0,    0,    0,    0,    0,    0,    0,    0,    0,    0,    0,  -26,    0,   -4,    0,    0,  -11,    0,    0,    0,    0,    0,    0,    0,    0,    0,    0,    0,    0,    0,    0,    0,    0,    0,    0,    0,    0,    0,    0,    0,    0,    0,    0,    0,    0,    0,    0,    0,    0,    0,    0,    0,    0,    0,    0,    0,    0,    0,    0,    0,    0,    0,  -26,    0,    0,    0,    0,    0,    0,    0,    0,    0,    0,    0,    0,    0,    0,    0,    0,    0,    0,    0,    0,    0,    0,    0,    0,    0,    0,    0,    0,    0,    0,    0,    0,    0,    0,    0,    0,    0,    0,    0,    0,    0,    0,    0,    0,    0,    0,    0,    0,    0,  -11,    0,    0,    0,    0,    0,    0,    0,    0,    0,    0,    0,    0,    0,    0,    0,    0,    0,    0,    0,    0,    0,    0,    0,    0,    0,    0,    0,    0,    0,    0,    0,    0,    0,    0,    0,    0,    0,    0,    0,    0,
       0,    0,    0,    0,    0,    0,    0,    0,    0,    0,    0,   -7,    0,    0,  -14,    0,    0,    0,   -7,  -29,    0,  -15,   -7,  -17,  -26,  -14,    0,    0,    0,    0,    0,    0,    0,    0,    0,    0,    0,    0,    0,    0,    0,    0,    0,    0,    0,    0,    0,    0,    0,    0,    0,    0,    0,    0,  -15,    0,    0,    0,    0,    0,    0,    0,    0,    0,    0,    0,    0,    0,    0,    0,  -29,    0,   -8,  -12,  -12,  -18,   -7,  -11,  -19,  -13,    0,    0,    0,  -17,   -5,  -14,   -8,    0,    0,    0,    0,    0,    0,    0,    0,    0,    0,    0,    0,    0,    0,    0,    0,    0,    0,    0,    0,    0,    0,    0,    0,    0,    0,    0,    0,    0,    0,    0,    0,    0,  -26,    0,    0,   -3,    0,    0,    0,    0,    0,  -13,    0,    0,    0,    0,    0,    0,    0,    0,    0,    0,    0,    0,    0,    0,    0,    0,    0,    0,    0,    0,    0,    0,    0,    0,    0,    0,    0,    0,    0,    0,    0,
       0,    0,    0,    0,    0,    0,    0,    0,    0,    0,    0,  -15,  -12,  -12,  -21,    0,  -12,  -12,  -10,  -37,  -15,  -16,  -13,  -23,  -22,  -23,    0,    0,    0,    0,    0,    0,    0,    0,    0,    0,    0,    0,    0,    0,    0,    0,    0,    0,    0,    0,    0,    0,    0,    0,    0,    0,    0,    0,  -24,    0,    0,    0,    0,    0,    0,    0,    0,    0,    0,    0,    0,    0,    0,    0,    0,    0,    0,    0,    0,    0,    0,    0,    0,    0,    0,    0,    0,    0,    0,    0,    0,    0,    0,    0,    0,    0,    0,    0,    0,    0,    0,    0,    0,    0,    0,    0,    0,    0,    0,    0,    0,    0,    0,    0,    0,    0,    0,    0,    0,    0,    0,    0,    0,    0,    0,    0,    0,    0,    0,    0,    0,    0,    0,    0,    0,    0,    0,    0,    0,    0,    0,    0,    0,    0,    0,    0,    0,    0,    0,    0,    0,    0,    0,    0,    0,    0,    0,    0,    0,    0,    0,    0,    0,    0,    0,
      -5,  -11,    0,  -13,    0,  -20,    0,  -14,    0,  -11,    0,   -9,    0,    0,  -19,    0,    0,    0,    0,  -15,    0,   -7,    0,  -14,  -14,  -16,   -5,    0,  -14,   -5,    0,    0,    0,    0,    0,    0,    0,    0,    0,    0,    0,    0,    0,    0,    0,    0,    0,    0,    0,    0,    0,   -9,    0,    0,  -16,    0,    0,    0,    0,    0,    0,    0,    0,    0,    0,    0,  -14,    0,   -8,    0,    0,    0,    0,    0,    0,    0,    0,    0,    0,    0,    0,    0,    0,    0,    0,    0,    0,    0,    0,    0,    0,    0,    0,    0,    0,    0,    0,    0,    0,    0,    0,    0,    0,    0,    0,    0,    0,    0,    0,    0,    0,    0,    0,    0,    0,    0,    0,    0,    0,    0,    0,    0,    0,    0,    0,    0,    0,    0,    0,    0,    0,    0,    0,    0,    0,    0,    0,    0,    0,    0,    0,    0,    0,    0,    0,    0,    0,    0,    0,    0,    0,    0,    0,    0,    0,   -8,   -5,  -19,    0,    0,    0,
       0,  -13,    0,   -9,  -11,    0,    0,    0,    0,   -7,    0,    0,    0,    0,    0,    0,    0,    0,    0,    0,    0,    0,    0,    0,    0,    0,    0,    0,   -7,    0,    0,    0,    0,    0,    0,    0,    0,    0,    0,    0,    0,    0,    0,    0,    0,   -9,   -8,    0,   -9,    0,    0,   -7,    0,    0,    0,    0,    0,    0,    0,    0,    0,    0,    0,    0,    0,    0,    0,  -11,    0,   -7,    0,    0,    0,    0,    0,    0,    0,    0,    0,    0,    0,    0,    0,    0,    0,    0,    0,    0,    0,    0,    0,    0,    0,    0,    0,    0,    0,    0,    0,    0,    0,    0,    0,    0,    0,    0,    0,    0,    0,    0,    0,    0,    0,    0,    0,    0,    0,    0,    0,    0,    0,    0,    0,    0,    0,    0,    0,    0,    0,    0,    0,    0,    0,    0,    0,    0,    0,    0,    0,    0,    0,    0,    0,    0,    0,    0,    0,    0,    0,    0,    0,    0,    0,    0,    0,  -10,  -10,    0,    0,    0,    0,
       0,    0,    0,    0,    0,    0,    0,   -7,    0,    5,    0,    0,    0,    0,    0,    0,    0,    0,    0,    0,    0,    0,    0,    0,    0,    0,    0,    0,    4,    0,    0,    0,    0,    0,    0,    0,    0,    0,    0,    0,    0,    0,    0,    0,    0,    0,    0,    0,    0,    0,    0,    4,    0,    0,    0,    0,    0,    0,    0,    0,    0,    0,    0,    0,    0,    0,    0,    0,    0,    0,    0,    0,    0,    0,    0,    0,    0,    0,    0,    0,    0,    0,    0,    0,    0,    0,    0,    0,    0,    0,    0,    0,    0,    0,    0,    0,    0,    0,    0,    0,    0,    0,    0,    0,    0,    0,    0,    0,    0,    0,    0,    0,    0,    0,    0,    0,    0,    0,    0,    0,    0,    0,    0,    0,    0,    0,    0,    0,    0,    0,    0,    0,    0,    0,    0,    0,    0,    0,    0,    0,    0,    0,    0,    0,    0,    0,    0,    0,    0,    0,    0,    0,    0,    0,    0,    0,    0,    0,    0,    0,    0,
       0,  -13,    0,   -9,   -7,    0,    0,   -7,    0,   -9,    0,    0,    0,    0,    0,    0,    0,    0,    0,    0,    0,    0,    0,    0,    0,    0,    0,    0,  -10,    0,    0,    0,    0,    0,    0,    0,    0,    0,    0,    0,    0,    0,    0,    0,    0,   -5,   -4,   -6,   -5,   -6,    0,   -7,    0,    0,    0,    0,    0,    0,    0,    0,    0,    0,    0,    0,    0,    0,    0,    0,    0,    0,    0,    0,    0,    0,    0,    0,    0,    0,    0,    0,    0,    0,    0,    0,    0,    0,    0,    0,    0,    0,    0,    0,    0,    0,    0,    0,    0,    0,    0,    0,    0,    0,    0,    0,    0,    0,    0,    0,    0,    0,    0,    0,    0,    0,    0,    0,    0,    0,    0,    0,    0,    0,    0,    0,    0,    0,    0,    0,    0,    0,    0,    0,    0,    0,    0,    0,    0,    0,    0,    0,    0,    0,    0,    0,    0,    0,    0,    0,    0,    0,    0,    0,    0,    0,    0,  -12,  -12,    0,    0,    0,    0,
       0,    6,    0,   20,    0,   -4,   -4,    0,   -4,   15,    0,    0,    0,    0,    0,    0,    0,    0,    0,    0,    0,    0,    0,    0,    0,    0,    0,   30,   23,   -4,    5,   -4,   -4,   -4,    0,   -4,    3,    3,    5,   -4,   -4,   -4,   -4,    3,   -4,    0,    0,    0,    0,    0,    0,   23,    0,    0,    0,    0,   23,   31,   37,    0,   37,   37,   29,    0,    0,    0,    0,    0,    0,    0,    0,    0,    0,    0,    0,    0,    0,    0,    0,    0,    0,    0,    0,    0,    0,    0,    0,    0,    0,    0,    0,    0,    0,    0,    0,    0,    0,    0,    0,    0,    0,    0,    0,    0,    0,    0,    0,    0,    0,    0,    0,    0,    0,    0,    0,    0,    0,    0,    0,    0,    0,    0,    0,    0,    0,    0,    0,    0,    0,    0,    0,    0,    0,    0,    0,    0,    0,    0,    0,    0,    0,    0,    0,    0,    0,    0,    0,    0,    0,    0,    0,    0,    0,    0,    0,    0,    7,    0,    0,    0,    0,
       0,    0,    0,    0,    0,    0,    0,    0,    0,    0,    0,    0,    0,    0,    0,    0,    0,    0,    0,    0,    0,    0,    0,    0,    0,    0,    0,    0,    0,    0,    0,    0,    0,    0,    0,    0,    0,    6,    0,    0,    0,    0,    0,    0,    0,    0,    0,    0,    0,   -4,    0,    0,    0,    0,    0,    0,    0,    0,    0,    0,    0,    0,    0,    0,    0,    0,    0,    0,    0,    0,    0,    0,    0,    0,    0,    0,    0,    0,    0,    0,    0,    0,    0,    0,    0,    0,    0,    0,    0,    0,    0,    0,    0,    0,    0,    0,    0,    0,    0,    0,    0,    0,    0,    0,    0,    0,    0,    0,    0,    0,    0,    0,    0,    0,    0,    0,    0,    0,    0,    0,    0,    0,    0,    0,    0,    0,    0,    0,    0,    0,    0,    0,    0,    0,    0,    0,    0,    0,    0,    0,    0,    0,    0,    0,    0,    0,    0,    0,    0,    0,    0,    0,    0,    0,    0,    0,    0,    0,    0,    0,    0,
       0,  -14,    0,    0,   -7,    0,    0,    0,    0,   -8,    0,    0,    0,    0,    0,    0,    0,    0,    0,    0,    0,    0,    0,    0,    0,    0,    0,    0,    0,    0,    0,    0,    0,    0,    0,    0,    0,    0,    0,    0,    0,    0,    0,    0,    0,   -5,   -4,    0,    0,    0,    0,    0,    0,    0,    0,    0,    0,    0,    0,    0,    0,    0,    0,    0,    0,    0,    0,    0,    0,    0,    0,    0,    0,    0,    0,    0,    0,    0,    0,    0,    0,    0,    0,    0,    0,    0,    0,    0,    0,    0,    0,    0,    0,    0,    0,    0,    0,    0,    0,    0,    0,    0,    0,    0,    0,    0,    0,    0,    0,    0,    0,    0,    0,    0,    0,    0,    0,    0,    0,    0,    0,    0,    0,    0,    0,    0,    0,    0,    0,    0,    0,    0,    0,    0,    0,    0,    0,    0,    0,    0,    0,    0,    0,    0,    0,    0,    0,    0,    0,    0,    0,    0,    0,    0,    0,  -11,  -11,    0,    0,    0,    0,
       0,    0,    0,    0,    0,    0,    0,    0,    0,    0,    0,    0,    0,    0,    0,    0,    0,    0,    0,    0,    0,    0,    0,    0,    0,    0,    0,    0,    0,    0,    0,    0,    0,    0,    0,    0,    0,   -5,    0,    0,    0,    0,    0,    0,    0,   -8,   -7,   -5,   -8,    0,    0,    0,    0,    0,    0,    0,    0,    0,    0,    0,    0,    0,    0,    0,    0,    0,    0,  -11,    0,   -8,    0,    0,    0,    0,    0,    0,    0,    0,    0,    0,    0,    0,    0,    0,    0,    0,    0,    0,    0,    0,    0,    0,    0,    0,    0,    0,    0,    0,    0,    0,    0,    0,    0,    0,    0,    0,    0,    0,    0,    0,    0,    0,    0,    0,    0,    0,    0,    0,    0,    0,    0,    0,    0,    0,    0,    0,    0,    0,    0,    0,    0,    0,    0,    0,    0,    0,    0,    0,    0,    0,    0,    0,    0,    0,    0,    0,    0,    0,    0,    0,    0,    0,    0,    0,    0,    0,    0,    0,    0,    0,    0,
       0,    0,    0,    0,    0,    0,    0,    0,    0,    0,    0,  -12,    0,    0,  -21,    0,    0,    0,    0,    0,    0,    0,    0,  -10,   -5,   -5,    0,    0,    0,   -7,   -4,    0,    0,    0,   -4,    0,   -4,   -4,    0,   -4,    0,    0,    0,    0,    0,    0,    0,    0,    0,    0,    0,    0,    0,    0,  -19,   -4,   -4,   -4,   -4,    0,   -4,   -4,   -4,   -4,    0,    0,   -6,    0,    0,    0,    0,    0,    0,    0,    0,    0,    0,    0,    0,    0,    0,    0,    0,    0,    0,    0,    0,    0,    0,    0,    0,    0,    0,    0,    0,    0,    0,    0,    0,    0,    0,    0,    0,    0,    0,    0,    0,    0,    0,    0,    0,    0,    0,    0,    0,    0,    0,    0,    0,    0,    0,    0,    0,    0,    0,    0,    0,    0,    0,    0,    0,    0,    0,    0,    0,    0,    0,    0,    0,    0,    0,    0,    0,    0,    0,    0,    0,    0,    0,    0,    0,    0,    0,    0,    0,    0,    0,    0,    0,    0,    0,
       0,    0,    0,    0,    0,    0,    0,    0,    0,    0,    0,    0,    0,    0,    0,    0,    0,    0,    0,    0,    0,   -5,    0,    0,   -7,    0,    0,    0,    0,    0,    0,    0,    0,    0,    0,    0,    0,    0,    0,    0,    0,    0,    0,    0,    0,    0,    0,    0,    0,    0,    0,    0,    0,    0,    0,    0,    0,    0,    0,    0,    0,    0,    0,   -4,    0,    0,    0,    0,   -5,    0,    0,    0,    0,    0,    0,    0,    0,    0,    0,    0,    0,    0,    0,    0,    0,    0,    0,    0,    0,    0,    0,    0,    0,    0,    0,    0,    0,    0,    0,    0,    0,    0,    0,    0,    0,    0,    0,    0,    0,    0,    0,    0,    0,    0,    0,    0,    0,    0,    0,    0,    0,    0,    0,    0,    0,    0,    0,    0,    0,    0,    0,    0,    0,    0,    0,    0,    0,    0,    0,    0,    0,    0,    0,    0,    0,    0,    0,    0,    0,    0,    0,    0,    0,    0,    0,    0,    0,    0,    0,    0,    0,
       0,   -5,   -7,    0,   -4,    4,    0,    0,    0,    0,   -5,    0,    0,    0,    0,    0,    0,    0,    0,    0,    0,    0,    0,    0,    0,    0,   -6,    0,  -14,    0,    0,    0,    0,    0,    0,    0,    0,    0,    0,    0,    0,    0,    0,    0,    0,    0,    0,    0,    0,    0,   -6,   -7,   -8,    0,    0,    0,    0,    0,    0,    0,    0,    0,    0,    0,    0,    0,    0,    0,    0,    0,    0,   -9,    0,    5,    0,    0,    6,    0,    0,    0,    0,   -9,   -9,    0,    0,    0,    0,    0,   -5,    0,    0,    0,   -5,    0,    0,    0,    0,   -6,    0,   -5,   -5,   -8,   -6,    3,   -6,    0,   -5,    0,    0,    0,    0,    0,    0,    0,    0,    0,   -5,    0,   -8,   -4,    0,   -8,    0,    0,    0,    0,   -6,    0,    0,    0,   -6,    0,    0,    0,    0,    0,    0,    0,    0,    0,    0,    0,    0,    0,    0,    0,    0,    0,    0,    0,    0,    0,    0,    0,    0,   -4,    0,    0,    0,    0,    0,
      -4,  -12,    0,   -6,  -10,   -4,    5,   -5,   -4,   -4,    0,    0,    0,    0,    0,    0,    0,    0,    0,    0,    0,    0,    0,    0,    0,    0,   -6,    0,  -14,    0,    0,    0,    0,    0,    0,    0,    0,    0,    0,    0,    0,    0,    0,    0,    0,    0,    0,    0,    0,    0,    0,   -9,    0,    0,    0,    0,    0,    0,    0,    0,    0,    0,    0,    0,    0,    0,    0,    0,    0,    0,    0,    0,    0,    0,    0,   -4,    0,    0,   -6,    0,    0,    0,    0,   -6,   -7,    0,   -6,    0,    0,    0,    0,    0,    0,   -6,   -3,    0,    0,    0,    0,    0,  -11,   -5,    0,   -5,    0,    0,  -11,    0,    0,    0,    0,    0,    0,    0,    0,    0,  -11,   -3,    0,    0,    0,   -5,    0,   -6,    0,    0,    0,    0,   -3,    0,  -10,   -3,    0,    0,    0,    0,    0,    0,    0,    0,    0,    0,    0,    0,    0,    0,    0,    0,    0,    0,    0,    0,    0,    0,    0,    0,    0,    0,    0,    0,    0,
       0,    0,   -9,    4,    0,  -25,  -16,  -29,  -28,    7,  -17,    0,    0,    0,    0,    0,    0,    0,    0,    0,    0,    0,    0,    0,    0,    0,    0,    0,  -11,    0,    0,    0,    0,    0,    0,    0,    0,    0,    0,    0,    0,    0,    0,    0,    0,    0,    0,    0,    0,    0,   -8,    0,  -28,  -25,    0,    0,    0,    0,    0,    0,    0,    0,    0,    0,    0,    0,    0,    0,    0,    0,    8,   -9,    0,  -37,  -22,    7,  -21,  -21,    0,    0,    0,   -9,   -9,    5,    0,    6,    0,  -32,    0,  -30,  -31,  -38,  -38,  -25,  -27,  -38,  -35,  -38,  -31,  -38,  -21,  -21,  -26,  -22,  -25,  -31,  -21,  -26,  -37,    9,  -38,  -35,    0,   14,    0,    9,    0,  -25,   -7,  -40,    0,  -21,    0,    0,  -31,  -32,    0,  -32,  -44,    0,  -21,  -37,    0,    0,    0,    0,    0,    0,    0,    0,    0,    0,    0,    0,    0,    0,    0,    0,    0,    0,    0,    0,    0,    0,    0,    0,    0,  -22,    0,    0,    0,
       0,    0,   -8,    0,    0,    7,  -10,    0,    0,    5,   -6,    0,    0,    0,    0,    0,    0,    0,    0,    0,    0,    0,    0,    0,    0,    0,   -3,    0,    0,    0,    0,    0,    0,    0,    0,    0,    0,    0,    0,    0,    0,    0,    0,    0,    0,    0,    0,    0,    0,    0,   -9,    0,  -15,    0,    0,    0,    0,    0,    0,    0,    0,    0,    0,    0,    0,    0,    0,    0,    0,    0,    6,   -7,    0,    7,    6,    0,    7,    6,    0,    0,    0,   -7,   -7,    4,    0,    0,    0,    0,   -5,    0,    0,    6,   -5,    5,    0,    6,    0,   -5,    0,   -5,  -11,   -5,   -5,    5,  -16,    0,  -11,    0,    0,    7,    0,    0,    0,    0,    0,    7,    0,    0,  -10,   -3,    6,   -5,    0,    0,  -17,    0,   -4,    0,    0,    0,  -12,    0,    0,    0,    0,    0,    0,    0,    0,    0,    0,    0,    0,    0,    0,    0,    0,    0,    0,    0,    0,    0,    0,    0,    0,    0,    4,    6,    0,    0,    0,
       0,   -4,    0,    0,   -6,    0,    0,    0,    0,    0,    0,    0,    0,    0,    0,    0,    0,    0,    0,    0,    0,    0,    0,    0,    0,    0,    0,    0,    0,    0,    0,    0,    0,    0,    0,    0,    0,    0,    0,    0,    0,    0,    0,    0,    0,    0,    0,    0,    0,    0,    0,    0,    0,    0,    0,    0,    0,    0,    0,    0,    0,    0,    0,    0,    0,    0,    0,    0,    0,    0,    0,    0,    0,    0,    0,    0,    0,    0,    0,    0,    0,    0,    0,    0,    0,    0,    0,    0,    0,    0,    0,    0,    0,    0,    0,    0,    0,    0,    0,    0,  -15,   -5,    0,    0,    0,    0,  -11,    0,    0,    0,    0,    0,    0,    0,    0,    0,   -8,    0,    0,    0,    0,   -5,    0,    0,    0,    0,    0,    0,    0,    0,   -7,    0,    0,    0,    0,    0,    0,    0,    0,    0,    0,    0,    0,    0,    0,    0,    0,    0,    0,    0,    0,    0,    0,    0,    0,    0,    0,    0,    0,    0,    0,
      -5,  -25,   -6,   -7,  -12,    0,    0,    0,    0,  -10,   -4,    0,    0,    0,    0,    0,    0,    0,    0,    0,    0,    0,    0,    0,    0,    0,   -6,    0,  -17,    0,    0,    0,    0,    0,    0,    0,    0,    0,    0,    0,    0,    0,    0,    0,    0,    0,    0,    0,    0,    0,    0,  -12,    0,    0,    0,    0,    0,    0,    0,    0,    0,    0,    0,    0,    0,    0,    0,    0,    0,    0,  -17,   -4,    0,    0,    0,    0,    0,    0,    0,    0,    0,   -4,   -5,    0,  -10,    0,    0,    0,   -4,    0,    0,    0,    0,    0,    0,    0,    0,    0,    0,    0,  -12,   -8,    0,    0,    0,    0,  -12,    0,    0,   -5,    0,    0,   -6,   -6,   -6,   -5,  -12,   -4,   -4,    0,    0,   -7,   -4,   -7,    0,    0,   -3,    0,    0,    0,  -13,    0,    0,    0,    0,    0,    0,    0,    0,    0,    0,    0,    0,    0,    0,    0,    0,    0,    0,    0,    0,    0,    0,    0,    0,    0,    0,    0,    0,    0,    0,
       0,    0,   -6,    0,  -11,    5,  -16,    6,    0,    4,   -6,    0,    0,    0,    0,    0,    0,    0,    0,    0,    0,    0,    0,    0,    0,    0,    0,    0,   -9,    0,    0,    0,    0,    0,    0,    0,    0,    0,    0,    0,    0,    0,    0,    0,    0,    0,    0,    0,    0,    0,   -6,    0,  -20,    0,    0,    0,    0,    0,    0,    0,    0,    0,    0,    0,    0,    0,    0,    0,    0,    0,    6,  -12,    0,    8,    8,    0,   11,    9,    8,    5,    0,  -12,  -12,    9,    0,    7,    6,    0,   -8,    0,    0,    9,   -6,    9,    0,    8,    0,   -6,    0,   -6,  -13,  -16,   -9,    9,  -20,    0,   -8,    6,    6,    7,   -6,    5,    0,    0,    0,    7,   -8,    0,  -14,   -7,    0,  -16,    0,  -13,  -20,    0,   -6,   -5,    0,    6,  -17,    0,    0,    0,    0,    0,    0,    0,    0,    0,    0,    0,    0,    0,    0,    0,    0,    0,    0,    0,    0,    0,    0,    0,    0,    0,    0,    5,    0,    0,    0,
       0,    5,  -11,    5,    0,  -25,   -3,  -22,   -7,    8,  -13,    0,    0,    0,    0,    0,    0,    0,    0,    0,    0,    0,    0,    0,    0,    0,    0,    0,   -9,    0,    0,    0,    0,    0,    0,    0,    0,    0,    0,    0,    0,    0,    0,    0,    0,    0,    0,    0,    0,    0,   -8,    0,  -14,   -4,    0,    0,    0,    0,    0,    0,    0,    0,    0,    0,    0,    0,    0,    0,    0,    0,    9,   -6,    0,  -27,  -21,    8,  -21,  -20,    5,    0,   -2,   -6,   -6,    6,    0,    6,    0,   -9,   -6,   -6,   -6,  -21,  -13,    0,    0,  -21,  -10,  -13,   -6,  -13,    0,    0,  -13,    0,    0,   -6,    0,    0,  -10,   11,  -13,   -6,    0,   14,    0,   11,    0,    0,   -7,  -13,    0,    0,    0,    0,    0,   -9,    0,   -8,    0,    0,    0,    0,    0,    0,    0,    0,    0,    0,    0,    0,    0,    0,    0,    0,    0,    0,    0,    0,    0,    0,    0,    0,    0,    0,    0,    6,    8,  -25,    0,    0,    0,
       0,  -26,   -6,    0,  -21,    9,    0,    6,    0,    0,   -5,    0,    0,    0,    0,    0,    0,    0,    0,    0,    0,    0,    0,    0,    0,    0,    0,    0,   -9,    0,    0,    0,    0,    0,    0,    0,    0,    0,    0,    0,    0,    0,    0,    0,    0,    0,    0,    0,    0,    0,   -7,   -3,   -6,    0,    0,    0,    0,    0,    0,    0,    0,    0,    0,    0,    0,    0,    0,    0,    0,    0,  -21,   -6,    5,    9,    8,    0,   11,    9,    7,    5,    0,   -6,   -6,    8,  -17,    7,    5,    0,   -5,    0,    0,    9,   -4,    9,    0,    8,    0,   -4,    0,   -4,  -13,   -5,   -4,    9,   -9,    0,   -8,    6,    6,    0,    0,    5,    0,    0,    0,    0,   -8,    0,   -8,    0,  -26,   -7,    0,  -12,   -6,    0,   -5,    0,    0,    6,  -12,    0,    0,    0,    0,    0,    0,    0,    0,    0,    0,    0,    0,    0,    0,    0,    0,    0,    0,    0,    0,    0,    0,    0,    0,  -24,  -23,    8,    0,    0,    0,
       0,   -4,   -4,   -8,   -4,   -3,    0,   -7,   -4,   -7,    0,    0,    0,    0,    0,    0,    0,    0,    0,    0,    0,    0,    0,    0,    0,    0,   -4,    0,  -11,    0,    0,    0,    0,    0,    0,    0,    0,    0,    0,    0,    0,    0,    0,    0,    0,    0,    0,    0,    0,    0,    0,   -7,    0,    0,    0,    0,    0,    0,    0,    0,    0,    0,    0,    0,    0,    0,    0,    0,    0,    0,    0,    0,    0,    0,    0,   -4,    0,    0,   -6,    0,    0,    0,   -3,   -7,   -6,    0,   -5,    0,    0,    0,    0,    0,    0,    0,   -4,    0,    0,    0,    0,    0,    0,    0,    0,    0,    0,    0,    0,    0,    0,    0,    0,    0,    0,    0,   -3,    0,    0,    0,    0,    0,   -8,    0,    0,    0,    0,    0,    0,    0,   -4,    0,    0,   -4,    0,    0,    0,    0,    0,    0,    0,    0,    0,    0,    0,    0,    0,    0,    0,    0,    0,    0,    0,    0,    0,    0,    0,    0,    0,    0,    0,    0,    0,
       0,   -4,    0,    9,   -6,    6,    0,   14,    0,    0,    0,    0,    0,    0,    0,    0,    0,    0,    0,    0,    0,    0,    0,    0,    0,    0,    0,    0,    8,    0,    0,    0,    0,    0,    0,    0,    0,    0,    0,    0,    0,    0,    0,    0,    0,    0,    0,    0,    0,    0,   -5,    8,   -5,    0,    0,    0,    0,    0,    0,    0,    0,    0,    0,    0,    0,    0,    0,    0,    0,    0,    0,   -6,    0,    8,    7,    0,    8,    7,    6,    5,    0,   -6,   -9,    6,   -9,    6,    0,    0,    0,    0,    0,    7,    0,    7,    0,    7,    0,    0,    0,    0,    0,   10,    0,    7,   -6,    0,    0,    0,    5,    0,    0,    0,    0,    0,   22,    0,    0,    0,   -8,    0,    0,    0,    0,    0,    0,    0,   -3,    0,    0,    6,   10,    0,    0,    0,    0,    0,    0,    0,    0,    0,    0,    0,    0,    0,    0,    0,    0,    0,    0,    0,    0,    0,    0,    0,    0,    0,    0,    0,    0,    0,    0,
       0,   -4,   -4,   -9,    0,    0,    0,   -5,   -4,   -4,    0,    0,    0,    0,    0,    0,    0,    0,    0,    0,    0,    0,    0,    0,    0,    0,   -4,    0,  -13,    0,    0,    0,    0,    0,    0,    0,    0,    0,    0,    0,    0,    0,    0,    0,    0,    0,    0,    0,    0,    0,    0,   -9,    0,    0,    0,    0,    0,    0,    0,    0,    0,    0,    0,    0,    0,    0,    0,    0,    0,    0,    0,    0,    0,    0,    0,   -3,    0,    0,   -5,    0,    0,    0,   -4,   -5,   -5,    0,   -5,    0,    0,    0,    0,    0,    0,    0,    0,    0,    0,    0,    0,    0,    0,    0,    0,    0,    0,    0,    0,    0,    0,    0,    0,    0,    0,    0,   -3,    0,    0,    0,    0,    0,    0,    0,    0,    0,    0,    0,    0,    0,    0,    0,    0,    0,    0,    0,    0,    0,    0,    0,    0,    0,    0,    0,    0,    0,    0,    0,    0,    0,    0,    0,    0,    0,    0,    0,    0,    0,    0,    0,    0,    0,    0,
       0,   -5,   -5,   -7,   -5,    0,    0,    0,    0,   -4,   -4,    0,    0,    0,    0,    0,    0,    0,    0,    0,    0,    0,    0,    0,    0,    0,   -4,    0,  -11,    0,    0,    0,    0,    0,    0,    0,    0,    0,    0,    0,    0,    0,    0,    0,    0,    0,    0,    0,    0,    0,    0,   -8,    0,    0,    0,    0,    0,    0,    0,    0,    0,    0,    0,    0,    0,    0,    0,    0,    0,    0,    0,    0,    0,    0,    0,   -2,    0,    0,    0,    0,    0,    0,    0,    0,    0,    0,    0,    0,    0,    0,    0,    0,    0,    0,    0,    0,    0,    0,    0,    0,    0,    0,   -3,    0,   -4,    0,    0,    0,    0,    0,    0,    0,    0,    0,    0,    0,    0,    0,    0,    0,   -3,    0,    0,    0,    0,    0,    0,    0,    0,    0,    0,    0,    0,    0,    0,    0,    0,    0,    0,    0,    0,    0,    0,    0,    0,    0,    0,    0,    0,    0,    0,    0,    0,    0,    0,    0,    0,    0,    0,    0,    0,
      -5,   -8,   -4,   -9,    0,  -11,    5,  -14,    0,  -11,   -4,    0,    0,    0,    0,    0,    0,    0,    0,    0,    0,    0,    0,    0,    0,    0,   -3,    0,  -14,    0,    0,    0,    0,    0,    0,    0,    0,    0,    0,    0,    0,    0,    0,    0,    0,    0,    0,    0,    0,    0,    0,  -10,    0,    0,    0,    0,    0,    0,    0,    0,    0,    0,    0,    0,    0,    0,    0,    0,    0,    0,   -9,    0,    0,   -8,   -8,  -12,   -6,   -7,  -16,  -10,    0,    0,    0,   -8,    0,  -10,    0,   -4,    0,    0,    0,   -8,    0,   -3,   -4,   -9,    0,    0,    0,    0,    0,    0,    0,    0,    0,    0,    0,    0,    0,   -4,    0,    0,   -4,   -4,   -5,    0,    0,    0,    0,    0,  -14,    0,    0,    0,    0,    0,    0,    0,   -4,   -9,    0,   -4,    0,    0,    0,    0,    0,    0,    0,    0,    0,    0,    0,    0,    0,    0,    0,    0,    0,    0,    0,    0,    0,    0,    0,   -5,   -3,  -10,    0,    0,    0,
      -4,    0,   -4,   -8,    0,  -30,    0,  -21,    0,    0,    0,    0,    0,    0,    0,    0,    0,    0,    0,    0,    0,    0,    0,    0,    0,    0,   -5,    0,  -14,    0,    0,    0,    0,    0,    0,    0,    0,    0,    0,    0,    0,    0,    0,    0,    0,    0,    0,    0,    0,    0,    0,   -8,   -6,    0,    0,    0,    0,    0,    0,    0,    0,    0,    0,    0,    0,    0,    0,    0,    0,    0,    0,    0,    0,  -31,  -24,    0,  -17,  -23,   -9,   -5,    0,    0,    0,   -6,    0,    0,    0,   -6,    0,    0,    0,  -15,    0,    0,    0,  -16,   -4,    0,    0,    0,    0,    3,    0,    0,    0,    0,    0,    0,    0,    0,    0,    0,    0,    0,    0,    0,    0,    5,    0,    0,    0,    3,    0,    5,    0,   -4,    0,    0,    0,    0,    0,    0,    0,    0,    0,    0,    0,    0,    0,    0,    0,    0,    0,    0,    0,    0,    0,    0,    0,    0,    0,    0,    0,    0,    0,    0,    3,  -38,    0,    0,    0,
       0,    0,   -9,    4,    0,  -25,  -16,  -29,  -28,    7,  -17,    0,    0,    0,    0,    0,    0,    0,    0,    0,    0,    0,    0,    0,    0,    0,    0,    0,  -11,    0,    0,    0,    0,    0,    0,    0,    0,    0,    0,    0,    0,    0,    0,    0,    0,    0,    0,    0,    0,    0,   -8,    0,  -28,  -25,    0,    0,    0,    0,    0,    0,    0,    0,    0,    0,    0,    0,    0,    0,    0,    0,    8,   -9,    0,  -22,  -22,    7,  -21,  -21,    0,    0,    0,   -9,   -9,    5,    0,    6,    0,  -15,    0,  -25,  -25,  -23,  -18,  -23,  -27,  -23,  -25,  -18,  -13,  -18,  -21,   -7,  -18,   -6,  -25,  -25,  -21,  -26,  -25,    9,  -26,  -26,    0,   14,    0,    9,    0,  -23,   -7,  -26,   10,   -7,    0,    0,  -22,  -27,    0,  -27,  -45,    0,  -21,  -38,    0,    0,    0,    0,    0,    0,    0,    0,    0,    0,    0,    0,    0,    0,    0,    0,    0,    0,    0,    0,    0,    0,    0,    0,    0,  -22,    0,    0,    0,
      -5,   -8,   -4,   -9,    0,  -11,    0,  -14,    0,  -11,   -4,    0,    0,    0,    0,    0,    0,    0,    0,    0,    0,    0,    0,    0,    0,    0,   -3,    0,  -14,    0,    0,    0,    0,    0,    0,    0,    0,    0,    0,    0,    0,    0,    0,    0,    0,    0,    0,    0,    0,    0,    0,  -10,    0,    0,    0,    0,    0,    0,    0,    0,    0,    0,    0,    0,    0,    0,    0,    0,    0,    0,   -9,    0,    0,  -18,  -19,  -12,   -6,  -18,  -20,  -15,    0,    0,    0,   -8,    0,  -13,    0,   -6,    0,   -5,   -4,  -13,    0,   -4,   -3,  -14,   -6,    0,   -5,    0,    0,    0,    0,    0,    0,   -4,    0,    0,    0,   -5,    0,    0,   -5,   -5,   -5,   -5,    0,    0,    0,    0,    0,    0,   -5,    0,    0,   -6,    0,    0,   -3,  -19,    0,   -3,    0,    0,    0,    0,    0,    0,    0,    0,    0,    0,    0,    0,    0,    0,    0,    0,    0,    0,    0,    0,    0,    0,    0,   -5,   -3,  -10,    0,    0,    0,
       0,    0,   -8,    0,   -9,    4,   -9,    3,    0,    0,   -9,    0,    0,    0,    0,    0,    0,    0,    0,    0,    0,    0,    0,    0,    0,    0,    0,    0,  -11,    0,    0,    0,    0,    0,    0,    0,    0,    0,    0,    0,    0,    0,    0,    0,    0,    0,    0,    0,    0,    0,   -9,    0,  -16,    0,    0,    0,    0,    0,    0,    0,    0,    0,    0,    0,    0,    0,    0,    0,    0,    0,    4,   -8,    0,    0,    0,    0,    9,    0,    0,    0,    0,   -8,   -8,    6,    0,    0,    0,    0,   -9,    0,    0,    7,   -6,    7,    0,    6,    0,   -6,    0,   -6,  -10,   -2,   -6,    6,  -15,    0,  -10,    0,    0,    6,   -7,    0,    0,    0,    0,    6,   -9,    0,    0,   -8,    6,   -4,    0,    0,  -16,    0,    0,   -6,    0,    0,  -11,    0,    0,    0,    0,    0,    0,    0,    0,    0,    0,    0,    0,    0,    0,    0,    0,    0,    0,    0,    0,    0,    0,    0,    0,    0,    0,    3,    0,    0,    0,
       0,   -4,    0,    9,   -6,    6,    0,   14,    0,    0,    0,    0,    0,    0,    0,    0,    0,    0,    0,    0,    0,    0,    0,    0,    0,    0,    0,    0,    8,    0,    0,    0,    0,    0,    0,    0,    0,    0,    0,    0,    0,    0,    0,    0,    0,    0,    0,    0,    0,    0,   -5,    8,   -5,    0,    0,    0,    0,    0,    0,    0,    0,    0,    0,    0,    0,    0,    0,    0,    0,    0,    0,   -6,    0,    8,    7,    0,    8,    7,    6,    5,    0,   -6,   -9,    6,   -9,    6,    0,    0,    0,    0,    0,    7,    0,    7,    0,    7,    0,    0,    0,    0,    0,   10,    0,    7,   -6,    0,    0,    0,    5,    0,    0,    0,    0,    0,   23,    0,    0,    0,   -8,    0,    0,    0,    0,    0,    0,    0,   -3,    0,    0,    6,   10,    0,    0,    0,    0,    0,    0,    0,    0,    0,    0,    0,    0,    0,    0,    0,    0,    0,    0,    0,    0,    0,    0,    0,    0,    0,    0,    0,    0,    0,    0,
      -5,   -8,   -4,   -9,    0,  -11,    5,  -14,    0,  -11,   -4,    0,    0,    0,    0,    0,    0,    0,    0,    0,    0,    0,    0,    0,    0,    0,   -3,    0,  -14,    0,    0,    0,    0,    0,    0,    0,    0,    0,    0,    0,    0,    0,    0,    0,    0,    0,    0,    0,    0,    0,    0,  -10,    0,    0,    0,    0,    0,    0,    0,    0,    0,    0,    0,    0,    0,    0,    0,    0,    0,    0,   -9,    0,    0,   -7,   -7,  -11,   -6,   -6,  -15,  -10,    0,    0,    0,   -8,    0,   -9,    0,    0,    0,    0,    0,   -8,    0,    0,   -4,   -9,    0,    0,    0,    0,    0,    0,    0,    0,    0,    0,    0,    0,    0,    0,    0,    0,   -4,   -4,   -5,    0,    0,    0,    0,    0,    0,    0,    0,    0,    0,    0,    0,    0,   -4,   -9,    0,   -4,    0,    0,    0,    0,    0,    0,    0,    0,    0,    0,    0,    0,    0,    0,    0,    0,    0,    0,    0,    0,    0,    0,    0,   -5,   -3,  -10,    0,    0,    0,
       0,   -9,    0,   -8,   -7,    0,    0,    0,    0,   -9,    0,    0,    0,    0,    0,    0,    0,    0,    0,    0,    0,    0,    0,    0,    0,    0,    0,    0,  -10,    0,    0,    0,    0,    0,    0,    0,    0,    0,    0,    0,    0,    0,    0,    0,    0,    0,    0,    0,    0,    0,    0,   -7,    0,    0,    0,    0,    0,    0,    0,    0,    0,    0,    0,    0,    0,    0,    0,    0,    0,    0,    0,    0,    0,    0,    0,    0,    0,    0,    0,    0,    0,    0,    0,    0,    0,    0,    0,    0,    0,    0,    0,    0,    0,    0,    0,    0,    0,    0,    0,    0,    0,   -5,    0,    0,    0,    0,    0,    0,    0,    0,    0,    0,    0,    0,    0,    0,    0,    0,    0,    0,    0,   -5,    0,    0,    0,    0,    0,    0,    0,    0,    0,    0,    0,    0,    0,    0,    0,    0,    0,    0,    0,    0,    0,    0,    0,    0,    0,    0,    0,    0,    0,    0,    0,    0,    0,    0,   -8,    0,    0,    0,    0,
      -4,   -8,   -4,    0,   -6,   -6,    6,   -7,   -6,    0,    0,    0,    0,    0,    0,    0,    0,    0,    0,    0,    0,    0,    0,    0,    0,    0,   -6,    0,    0,    0,    0,    0,    0,    0,    0,    0,    0,    0,    0,    0,    0,    0,    0,    0,    0,    0,    0,    0,    0,    0,    0,    0,    0,    0,    0,    0,    0,    0,    0,    0,    0,    0,    0,    0,    0,    0,    0,    0,    0,    0,    0,    0,    0,    0,    0,    0,    0,    0,    0,    0,    0,    0,    0,    0,    0,    0,    0,    0,    0,    0,    0,    0,    0,   -7,   -5,    0,    0,    0,    0,    0,    0,    0,    0,   -4,    0,    0,    0,    0,    0,    0,    0,    0,    0,    0,    0,    0,    0,    0,    0,    0,    0,    0,    0,    0,    0,    0,    0,    0,   -5,    0,    0,   -5,    0,    0,    0,    0,    0,    0,    0,    0,    0,    0,    0,    0,    0,    0,    0,    0,    0,    0,    0,    0,    0,    0,    0,    0,    0,    0,    0,    0,    0,
       0,  -12,    0,   -8,   -5,    0,    0,    0,    0,   -7,    0,    0,    0,    0,    0,    0,    0,    0,    0,    0,    0,    0,    0,    0,    0,    0,    0,    0,   -9,    0,    0,    0,    0,    0,    0,    0,    0,    0,    0,    0,    0,    0,    0,    0,    0,    0,    0,    0,    0,    0,    0,   -6,    0,    0,    0,    0,    0,    0,    0,    0,    0,    0,    0,    0,    0,    0,    0,    0,    0,    0,    0,    0,    0,    0,    0,    0,    0,    0,    0,    0,    0,    0,    0,    0,    0,    0,    0,    0,    0,    0,    0,    0,    0,    0,    0,    0,    0,    0,    0,    0,    0,    0,    0,    0,    0,    0,    0,    0,    0,    0,    0,    0,    0,    0,    0,    0,    0,    0,    0,    0,    0,    0,    0,    0,    0,    0,    0,    0,    0,    0,    0,    0,    0,    0,    0,    0,    0,    0,    0,    0,    0,    0,    0,    0,    0,    0,    0,    0,    0,    0,    0,    0,    0,    0,    0,    0,    0,    0,    0,    0,    0,
       0,    0,    0,   -5,    0,  -26,  -19,  -15,    0,  -17,    0,    0,    0,    0,    0,    0,    0,    0,    0,    0,    0,    0,    0,    0,    0,    0,    0,    0,   -9,    0,    0,    0,    0,    0,    0,    0,    0,    0,    0,    0,    0,    0,    0,    0,    0,    0,    0,    0,    0,    0,   -6,   -4,   -7,    0,    0,    0,    0,    0,    0,    0,    0,    0,    0,    0,    0,    0,    0,    0,    0,    0,    0,    0,    0,    0,    0,    0,    0,    0,    0,    0,    0,    0,    0,    0,    0,    0,    0,    0,    0,    0,    0,  -15,    0,    0,    0,  -12,    0,    0,    0,    0,    7,    7,    0,    6,    0,    0,    7,    0,    0,    0,    0,    0,    0,    0,    0,    0,    0,    8,    0,    0,    0,    7,    0,    0,    7,    0,    0,    0,    0,    0,    7,    0,    0,    0,    0,    0,    0,    0,    0,    0,    0,    0,    0,    0,    0,    0,    0,    0,    0,    0,    0,    0,    0,    0,    0,    0,    0,    0,    0,    0,    0,
       0,  -10,    0,    8,    0,    0,    0,   11,    0,    0,    0,    0,    0,    0,    0,    0,    0,    0,    0,    0,    0,    0,    0,    0,    0,    0,    0,    0,    8,    0,    0,    0,    0,    0,    0,    0,    0,    0,    0,    0,    0,    0,    0,    0,    0,    0,    0,    0,    0,    0,    0,    8,    0,    0,    0,    0,    0,    0,    0,    0,    0,    0,    0,    0,    0,    0,    0,    0,    0,    0,    0,    0,    0,    0,    0,    0,    0,    0,    0,    0,    0,    0,    0,    0,    0,    0,    0,    0,    0,    0,    0,    7,    0,    7,    0,    7,    0,    0,    0,    0,    0,    8,   -4,    7,   -4,    0,    0,    0,    0,    0,    0,    0,    0,    0,    0,    0,    0,    0,    0,    0,    0,    0,    0,    0,    0,    0,    0,    0,    0,    0,   10,    0,    0,    0,    0,    0,    0,    0,    0,    0,    0,    0,    0,    0,    0,    0,    0,    0,    0,    0,    0,    0,    0,    0,    0,    0,    0,    0,    0,    0,    0,
       0,   -9,    0,   -9,   -6,   -4,    5,   -4,   -4,  -10,    0,    0,    0,    0,    0,    0,    0,    0,    0,    0,    0,    0,    0,    0,    0,    0,   -4,    0,  -10,    0,    0,    0,    0,    0,    0,    0,    0,    0,    0,    0,    0,    0,    0,    0,    0,    0,    0,    0,    0,    0,    0,   -7,    0,    0,    0,    0,    0,    0,    0,    0,    0,    0,    0,    0,    0,    0,    0,    0,    0,    0,    0,    0,    0,    0,    0,    0,    0,    0,    0,    0,    0,    0,    0,    0,    0,    0,    0,    0,    0,    0,    0,    0,    0,    0,   -4,    0,    0,    0,    0,    0,    0,   -4,    0,    0,    0,    0,    0,    0,    0,    0,    0,    0,    0,    0,    0,    0,    0,    0,    0,    0,    0,   -4,    0,    0,    0,    0,    0,    0,   -4,    0,    0,   -4,    0,    0,    0,    0,    0,    0,    0,    0,    0,    0,    0,    0,    0,    0,    0,    0,    0,    0,    0,    0,    0,    0,    0,    0,   -8,    0,    0,    0,    0,
       0,   -4,   -6,    0,    0,    0,   -9,    4,    0,    0,   -7,    0,    0,    0,    0,    0,    0,    0,    0,    0,    0,    0,    0,    0,    0,    0,    0,    0,   -8,    0,    0,    0,    0,    0,    0,    0,    0,    0,    0,    0,    0,    0,    0,    0,    0,    0,    0,    0,    0,    0,   -6,    0,  -11,    0,    0,    0,    0,    0,    0,    0,    0,    0,    0,    0,    0,    0,    0,    0,    0,    0,    0,    0,    0,    0,    0,    0,    0,    0,    0,    0,    0,    0,    0,    0,    0,    0,    0,    0,    0,    0,    0,    8,   -9,    8,    0,    7,    0,  -10,    0,   -9,    0,    0,  -10,    6,    0,    0,    0,    0,    5,    0,   -7,    0,    0,    0,    0,    0,    0,    0,    0,   -8,    0,    0,    0,    0,    0,    0,    0,   -4,    0,    0,    0,    0,    0,    0,    0,    0,    0,    0,    0,    0,    0,    0,    0,    0,    0,    0,    0,    0,    0,    0,    0,    0,    0,    0,    0,    0,    0,    0,    0,    0,    0,
       0,  -12,    0,   -8,   -6,    0,    0,    0,    0,   -8,    0,    0,    0,    0,    0,    0,    0,    0,    0,    0,    0,    0,    0,    0,    0,    0,    0,    0,  -11,    0,    0,    0,    0,    0,    0,    0,    0,    0,    0,    0,    0,    0,    0,    0,    0,    0,    0,    0,    0,    0,    0,   -7,    0,    0,    0,    0,    0,    0,    0,    0,    0,    0,    0,    0,    0,    0,    0,    0,    0,    0,    0,    0,    0,    0,    0,    0,    0,    0,    0,    0,    0,    0,    0,    0,    0,    0,    0,    0,    0,    0,    0,    0,    0,    0,    0,    0,    0,    0,    0,    0,    0,    0,    0,    0,    0,    0,    0,    0,    0,    0,    0,    0,    0,    0,    0,    0,    0,    0,    0,    0,    0,    0,    0,    0,    0,    0,    0,    0,    0,    0,    0,    0,    0,    0,    0,    0,    0,    0,    0,    0,    0,    0,    0,    0,    0,    0,    0,    0,    0,    0,    0,    0,    0,    0,    0,    0,    0,    0,    0,    0,    0,
       0,    0,   -5,    0,    0,    0,   -9,    4,    0,    0,   -7,    0,    0,    0,    0,    0,    0,    0,    0,    0,    0,    0,    0,    0,    0,    0,    0,    0,   -8,    0,    0,    0,    0,    0,    0,    0,    0,    0,    0,    0,    0,    0,    0,    0,    0,    0,    0,    0,    0,    0,   -6,    0,  -11,    0,    0,    0,    0,    0,    0,    0,    0,    0,    0,    0,    0,    0,    0,    0,    0,    0,    0,    0,    0,    0,    0,    0,    0,    0,    0,    0,    0,    0,    0,    0,    0,    0,    0,    0,    0,    0,    0,    8,   -9,    8,    0,    7,    0,  -10,    0,   -9,    0,    0,  -10,    6,    0,    0,    0,    0,    5,    0,   -8,    0,    0,    0,    0,    0,    0,    0,    0,   -8,    0,    0,    0,    0,    0,    0,    0,    0,    0,    0,    0,    0,    0,    0,    0,    0,    0,    0,    0,    0,    0,    0,    0,    0,    0,    0,    0,    0,    0,    0,    0,    0,    0,    0,    0,    0,    0,    0,    0,    0,    0,
       0,  -11,    0,   -9,   -7,   -7,    6,   -8,   -6,  -10,    0,    0,    0,    0,    0,    0,    0,    0,    0,    0,    0,    0,    0,    0,    0,    0,    0,    0,  -10,    0,    0,    0,    0,    0,    0,    0,    0,    0,    0,    0,    0,    0,    0,    0,    0,    0,    0,    0,    0,    0,    0,   -7,    0,    0,    0,    0,    0,    0,    0,    0,    0,    0,    0,    0,    0,    0,    0,    0,    0,    0,    0,    0,    0,    0,    0,    0,    0,    0,    0,    0,    0,    0,    0,    0,    0,    0,    0,    0,    0,    0,    0,    0,    0,   -8,   -6,    0,    0,    0,    0,    0,    0,   -5,    0,   -6,    0,    0,    0,   -4,    0,    0,    0,    0,    0,    0,    0,    0,    0,    0,    0,    0,    0,   -5,    0,    0,    0,    0,    0,    0,   -6,    0,    0,   -6,    0,    0,    0,    0,    0,    0,    0,    0,    0,    0,    0,    0,    0,    0,    0,    0,    0,    0,    0,    0,    0,    0,    0,   -7,   -9,    0,    0,    0,    0,
       0,  -11,   -4,   -9,   -7,   -6,    6,   -7,   -6,   -9,    0,    0,    0,    0,    0,    0,    0,    0,    0,    0,    0,    0,    0,    0,    0,    0,   -6,    0,  -10,    0,    0,    0,    0,    0,    0,    0,    0,    0,    0,    0,    0,    0,    0,    0,    0,    0,    0,    0,    0,    0,    0,   -7,    0,    0,    0,    0,    0,    0,    0,    0,    0,    0,    0,    0,    0,    0,    0,    0,    0,    0,    0,    0,    0,    0,    0,    0,    0,    0,    0,    0,    0,    0,    0,    0,    0,    0,    0,    0,    0,    0,    0,    0,    0,   -7,   -5,    0,    0,    0,    0,    0,    0,   -5,    0,   -6,    0,    0,    0,    0,    0,   -4,    0,    0,    0,    0,    0,    0,    0,    0,    0,    0,    0,   -5,    0,    0,    0,    0,    0,    0,   -5,    0,    0,   -5,    0,    0,    0,    0,    0,    0,    0,    0,    0,    0,    0,    0,    0,    0,    0,    0,    0,    0,    0,    0,    0,    0,    0,   -7,   -9,    0,    0,    0,    0,
       0,    0,    0,    0,    0,    3,  -11,    0,    0,    0,    0,    0,    0,    0,    0,    0,    0,    0,    0,    0,    0,    0,    0,    0,    0,    0,    0,    0,   -9,    0,    0,    0,    0,    0,    0,    0,    0,    0,    0,    0,    0,    0,    0,    0,    0,    0,    0,    0,    0,    0,   -7,   -4,  -10,    0,    0,    0,    0,    0,    0,    0,    0,    0,    0,    0,    0,    0,    0,    0,    0,    0,    0,    0,    0,    0,    0,    0,    0,    0,    0,    0,    0,    0,    0,    0,    0,    0,    0,    0,    0,    0,    0,    7,    0,    7,    0,    6,    0,   -4,    0,    0,    5,    4,   -4,    5,    0,    0,    5,    0,    0,    0,    0,    0,    0,    0,    0,    0,    0,    0,    0,    0,    0,    4,    0,    0,    0,    0,    0,    0,    0,    0,    0,    0,    0,    0,    0,    0,    0,    0,    0,    0,    0,    0,    0,    0,    0,    0,    0,    0,    0,    0,    0,    0,    0,    0,    0,    0,    0,    0,    0,    0,    0,
       0,    0,    0,   -4,    0,  -17,  -10,  -15,    0,  -16,    0,    0,    0,    0,    0,    0,    0,    0,    0,    0,    0,    0,    0,    0,    0,    0,    0,    0,   -8,    0,    0,    0,    0,    0,    0,    0,    0,    0,    0,    0,    0,    0,    0,    0,    0,    0,    0,    0,    0,    0,   -6,   -4,   -6,    0,    0,    0,    0,    0,    0,    0,    0,    0,    0,    0,    0,    0,    0,    0,    0,    0,    0,    0,    0,    0,    0,    0,    0,    0,    0,    0,    0,    0,    0,    0,    0,    0,    0,    0,    0,    0,    0,  -12,    0,    0,    0,  -12,    0,    0,    0,    0,    7,    7,    0,    6,    0,    0,    7,    0,    0,    0,    0,    0,    0,    0,    0,    0,    0,    8,    0,    0,    0,    7,    0,    0,    7,    0,    0,    0,    0,    0,    7,    0,    0,    0,    0,    0,    0,    0,    0,    0,    0,    0,    0,    0,    0,    0,    0,    0,    0,    0,    0,    0,    0,    0,    0,    0,    0,    0,    0,    0,    0,
       0,    0,    0,   -5,    0,   -7,    0,  -10,    0,  -11,    0,    0,    0,    0,    0,    0,    0,    0,    0,    0,    0,    0,    0,    0,    0,    0,    0,    0,   -9,    0,    0,    0,    0,    0,    0,    0,    0,    0,    0,    0,    0,    0,    0,    0,    0,    0,    0,    0,    0,    0,    0,   -4,    0,    0,    0,    0,    0,    0,    0,    0,    0,    0,    0,    0,    0,    0,    0,    0,    0,    0,    0,    0,    0,    0,    0,    0,    0,    0,    0,    0,    0,    0,    0,    0,    0,    0,    0,    0,    0,    0,    0,   -8,   -4,    0,    0,   -9,    0,   -4,    0,   -4,    7,    6,   -4,    4,    0,    0,    7,    0,    0,    0,    0,    0,    0,    0,    0,    0,    0,    6,    0,    0,    0,    6,    0,    0,    0,    0,    0,    0,    0,    0,    6,    0,    0,    0,    0,    0,    0,    0,    0,    0,    0,    0,    0,    0,    0,    0,    0,    0,    0,    0,    0,    0,    0,    0,    0,    0,    4,  -10,    0,    0,    0,
      -7,  -11,    0,   -9,   -7,   -8,    6,   -8,   -7,  -10,    0,    0,    0,    0,    0,    0,    0,    0,    0,    0,    0,    0,    0,    0,    0,    0,   -6,    0,  -10,    0,    0,    0,    0,    0,    0,    0,    0,    0,    0,    0,    0,    0,    0,    0,    0,    0,    0,    0,    0,    0,    0,   -7,    0,    0,    0,    0,    0,    0,    0,    0,    0,    0,    0,    0,    0,    0,    0,    0,    0,    0,    0,    0,    0,    0,    0,    0,    0,    0,    0,    0,    0,    0,    0,    0,    0,    0,    0,    0,    0,    0,    0,    0,    0,   -9,   -7,   -4,    0,    0,    0,    0,    0,   -5,    0,   -6,    0,    0,    0,   -5,    0,   -4,    0,    0,    0,    0,    0,    0,    0,    0,    0,    0,    0,    0,    0,    0,    0,    0,    0,    0,   -7,    0,   -4,   -7,    0,    0,    0,    0,    0,    0,    0,    0,    0,    0,    0,    0,    0,    0,    0,    0,    0,    0,    0,    0,    0,    0,    0,   -7,   -9,    0,    0,    0,    0,
       0,    0,   -5,    0,    0,    0,   -5,    0,    0,   -4,   -4,    0,    0,    0,    0,    0,    0,    0,    0,    0,    0,    0,    0,    0,    0,    0,    0,    0,   -9,    0,    0,    0,    0,    0,    0,    0,    0,    0,    0,    0,    0,    0,    0,    0,    0,    0,    0,    0,    0,    0,   -7,   -4,  -10,    0,    0,    0,    0,    0,    0,    0,    0,    0,    0,    0,    0,    0,    0,    0,    0,    0,    0,    0,    0,    0,    0,    0,    0,    0,    0,    0,    0,    0,    0,    0,    0,    0,    0,    0,    0,    0,    0,    7,   -7,    7,    0,    6,    0,   -7,    0,   -7,    0,    0,   -7,    6,    0,    0,    0,    0,    0,    0,   -5,    0,    0,    0,    0,    0,    0,    0,    0,   -5,    0,    0,    0,    0,    0,    0,    0,    0,    0,    0,    0,    0,    0,    0,    0,    0,    0,    0,    0,    0,    0,    0,    0,    0,    0,    0,    0,    0,    0,    0,    0,    0,    0,    0,    0,    0,    0,    0,    0,    0,    0,
       0,  -10,    0,    8,    0,    0,    0,   11,    0,    0,    0,    0,    0,    0,    0,    0,    0,    0,    0,    0,    0,    0,    0,    0,    0,    0,    0,    0,    8,    0,    0,    0,    0,    0,    0,    0,    0,    0,    0,    0,    0,    0,    0,    0,    0,    0,    0,    0,    0,    0,    0,    8,    0,    0,    0,    0,    0,    0,    0,    0,    0,    0,    0,    0,    0,    0,    0,    0,    0,    0,    0,    0,    0,    0,    0,    0,    0,    0,    0,    0,    0,    0,    0,    0,    0,    0,    0,    0,    0,    0,    0,    7,    0,    7,    0,    7,    0,    0,    0,    0,    0,    8,   -4,    7,   -4,    0,    0,    0,    0,    0,    0,    0,    0,    0,   28,    0,    0,    0,    0,    0,    0,    0,    0,    0,    0,    0,    0,    0,    0,    0,   10,    0,    0,    0,    0,    0,    0,    0,    0,    0,    0,    0,    0,    0,    0,    0,    0,    0,    0,    0,    0,    0,    0,    0,    0,    0,    0,    0,    0,    0,    0,
       0,  -27,    0,   -8,  -17,    0,    0,    0,    0,   -6,    0,    0,    0,    0,    0,    0,    0,    0,    0,    0,    0,    0,    0,    0,    0,    0,    0,    0,  -11,    0,    0,    0,    0,    0,    0,    0,    0,    0,    0,    0,    0,    0,    0,    0,    0,    0,    0,    0,    0,    0,    0,   -6,    0,    0,    0,    0,    0,    0,    0,    0,    0,    0,    0,    0,    0,    0,    0,    0,    0,    0,    0,    0,    0,    0,    0,    0,    0,    0,    0,    0,    0,    0,    0,    0,    0,    0,    0,    0,    0,    0,    0,    0,    0,    0,    0,    0,    0,    0,    0,    0,  -16,   -6,    0,    0,    0,    0,  -11,    0,    0,    0,    0,    0,    0,    0,    0,    0,    0,    0,    0,    0,    0,   -6,    0,    0,    0,    0,    0,    0,    0,    0,   -7,    0,    0,    0,    0,    0,    0,    0,    0,    0,    0,    0,    0,    0,    0,    0,    0,    0,    0,    0,    0,    0,    0,    0,    0,    0,    0,    0,    0,    0,    0,
       0,  -11,    0,   -9,   -7,   -6,    6,   -8,   -5,  -10,    0,    0,    0,    0,    0,    0,    0,    0,    0,    0,    0,    0,    0,    0,    0,    0,    0,    0,  -10,    0,    0,    0,    0,    0,    0,    0,    0,    0,    0,    0,    0,    0,    0,    0,    0,    0,    0,    0,    0,    0,    0,   -7,    0,    0,    0,    0,    0,    0,    0,    0,    0,    0,    0,    0,    0,    0,    0,    0,    0,    0,    0,    0,    0,    0,    0,    0,    0,    0,    0,    0,    0,    0,    0,    0,    0,    0,    0,    0,    0,    0,    0,    0,    0,   -7,   -5,    0,    0,    0,    0,    0,    0,   -5,    0,   -6,    0,    0,    0,   -4,    0,    0,    0,    0,    0,    0,    0,    0,    0,    0,    0,    0,    0,    0,    0,    0,    0,    0,    0,    0,   -5,    0,    0,   -5,    0,    0,    0,    0,    0,    0,    0,    0,    0,    0,    0,    0,    0,    0,    0,    0,    0,    0,    0,    0,    0,    0,    0,   -7,   -9,    0,    0,    0,    0,
       0,  -11,    0,   -9,   -7,   -7,    6,   -8,   -6,  -10,    0,    0,    0,    0,    0,    0,    0,    0,    0,    0,    0,    0,    0,    0,    0,    0,    0,    0,  -10,    0,    0,    0,    0,    0,    0,    0,    0,    0,    0,    0,    0,    0,    0,    0,    0,    0,    0,    0,    0,    0,    0,   -7,    0,    0,    0,    0,    0,    0,    0,    0,    0,    0,    0,    0,    0,    0,    0,    0,    0,    0,    0,    0,    0,    0,    0,    0,    0,    0,    0,    0,    0,    0,    0,    0,    0,    0,    0,    0,    0,    0,    0,    0,    0,   -8,   -6,    0,    0,    0,    0,    0,    0,   -5,    0,   -6,    0,    0,    0,   -4,    0,    0,    0,    0,    0,    0,    0,    0,    0,    0,    0,    0,    0,    0,    0,    0,    0,    0,    0,    0,   -6,    0,    0,   -6,    0,    0,    0,    0,    0,    0,    0,    0,    0,    0,    0,    0,    0,    0,    0,    0,    0,    0,    0,    0,    0,    0,    0,   -7,   -9,    0,    0,    0,    0,
       0,  -19,   -6,    0,   -8,    0,    0,    0,    0,  -10,   -4,    0,    0,    0,    0,    0,    0,    0,    0,    0,    0,    0,    0,    0,    0,    0,   -4,    0,    0,    0,    0,    0,    0,    0,    0,    0,    0,    0,    0,    0,    0,    0,    0,    0,    0,    0,    0,    0,    0,    0,    0,    0,    0,    0,    0,    0,    0,    0,    0,    0,    0,    0,    0,    0,    0,    0,    0,    0,    0,    0,    0,    0,    0,    0,    0,    0,    0,    0,    0,    0,    0,    0,    0,    0,    0,    0,    0,    0,   -4,    0,    0,    0,    0,    0,    0,    0,    0,    0,    0,    0,    0,    0,    0,    0,    0,    0,    0,    0,    0,   -6,    0,    0,    0,    0,    0,    0,    0,    0,    0,    0,    0,    0,    0,    0,    0,    0,    0,    0,    0,    0,    0,    0,    0,    0,    0,    0,    0,    0,    0,    0,    0,    0,    0,    0,    0,    0,    0,    0,    0,    0,    0,    0,    0,    0,    0,    0,    0,    0,    0,    0,    0,
       0,   -4,   -6,    0,    0,    0,   -5,    0,    0,   -5,   -4,    0,    0,    0,    0,    0,    0,    0,    0,    0,    0,    0,    0,    0,    0,    0,   -4,    0,  -11,    0,    0,    0,    0,    0,    0,    0,    0,    0,    0,    0,    0,    0,    0,    0,    0,    0,    0,    0,    0,    0,   -8,   -6,  -10,    0,    0,    0,    0,    0,    0,    0,    0,    0,    0,    0,    0,    0,    0,    0,    0,    0,    0,    0,    0,    0,    0,    0,    0,    0,    0,    0,    0,    0,    0,    0,    0,    0,    0,    0,    0,    0,    0,    0,   -4,    0,    0,    0,    0,   -4,    0,   -4,    0,    0,   -5,    0,    0,    0,    0,    0,    0,    0,   -4,    0,    0,    0,    0,    0,    0,    0,    0,   -4,    0,    0,    0,    0,    0,    0,    0,    0,    0,    0,    0,    0,    0,    0,    0,    0,    0,    0,    0,    0,    0,    0,    0,    0,    0,    0,    0,    0,    0,    0,    0,    0,    0,    0,    0,    0,    0,    0,    0,    0,    0,
       0,   -8,    0,   -9,    0,    0,    0,    0,    0,   -6,    0,    0,    0,    0,    0,    0,    0,    0,    0,    0,    0,    0,    0,    0,    0,    0,    0,    0,  -12,    0,    0,    0,    0,    0,    0,    0,    0,    0,    0,    0,    0,    0,    0,    0,    0,    0,    0,    0,    0,    0,   -4,   -7,    0,    0,    0,    0,    0,    0,    0,    0,    0,    0,    0,    0,    0,    0,    0,    0,    0,    0,    0,    0,    0,    0,    0,    0,    0,    0,    0,    0,    0,    0,    0,    0,    0,    0,    0,    0,    0,    0,    0,    0,    0,    0,    0,    0,    0,    0,    0,    0,    0,    0,    0,    0,    0,    0,    0,    0,    0,    0,    0,    0,    0,    0,    0,    0,    0,    0,    0,    0,    0,    0,    0,    0,    0,    0,    0,    0,    0,    0,    0,    0,    0,    0,    0,    0,    0,    0,    0,    0,    0,    0,    0,    0,    0,    0,    0,    0,    0,    0,    0,    0,    0,    0,    0,    0,    0,    0,    0,    0,    0,
       0,  -19,   -6,   -8,   -8,    0,    0,    0,    0,  -10,   -4,    0,    0,    0,    0,    0,    0,    0,    0,    0,    0,    0,    0,    0,    0,    0,   -4,    0,  -14,    0,    0,    0,    0,    0,    0,    0,    0,    0,    0,    0,    0,    0,    0,    0,    0,    0,    0,    0,    0,    0,    0,  -11,    0,    0,    0,    0,    0,    0,    0,    0,    0,    0,    0,    0,    0,    0,    0,    0,    0,    0,    0,    0,    0,    0,    0,    0,    0,    0,    0,    0,    0,    0,    0,    0,    0,    0,    0,    0,   -4,    0,    0,    0,    0,    0,    0,    0,    0,    0,    0,    0,    0,    0,    0,    0,    0,    0,    0,    0,    0,   -4,    0,    0,    0,    0,    0,    0,    0,    0,    0,    0,    0,    0,    0,    0,    0,    0,    0,    0,    0,    0,    0,    0,    0,    0,    0,    0,    0,    0,    0,    0,    0,    0,    0,    0,    0,    0,    0,    0,    0,    0,    0,    0,    0,    0,    0,    0,    0,    0,    0,    0,    0,
       0,  -25,    0,   -8,  -17,    0,    0,    0,    0,   -6,    0,    0,    0,    0,    0,    0,    0,    0,    0,    0,    0,    0,    0,    0,    0,    0,    0,    0,  -11,    0,    0,    0,    0,    0,    0,    0,    0,    0,    0,    0,    0,    0,    0,    0,    0,    0,    0,    0,    0,    0,    0,   -6,    0,    0,    0,    0,    0,    0,    0,    0,    0,    0,    0,    0,    0,    0,    0,    0,    0,    0,    0,    0,    0,    0,    0,    0,    0,    0,    0,    0,    0,    0,    0,    0,    0,    0,    0,    0,    0,    0,    0,    0,    0,    0,    0,    0,    0,    0,    0,    0,  -13,   -6,    0,    0,    0,    0,  -10,    0,    0,    0,    0,    0,    0,    0,    0,    0,    0,    0,    0,    0,    0,   -6,    0,    0,    0,    0,    0,    0,    0,    0,   -7,    0,    0,    0,    0,    0,    0,    0,    0,    0,    0,    0,    0,    0,    0,    0,    0,    0,    0,    0,    0,    0,    0,    0,    0,    0,    0,    0,    0,    0,    0,
       0,    0,   -6,    7,    0,    0,  -22,  -23,  -16,   12,  -13,    0,    0,    0,    0,    0,    0,    0,    0,    0,    0,    0,    0,    0,    0,    0,    0,    0,    8,    0,    0,    0,    0,    0,    0,    0,    0,    0,    0,    0,    0,    0,    0,    0,    0,    0,    0,    0,    0,    0,    0,    8,  -30,  -15,    0,    0,    0,    0,    0,    0,    0,    0,    0,    0,    0,    0,    0,    0,    0,    0,   13,   -6,    0,    0,  -17,   11,  -23,  -17,    7,    6,    0,   -6,  -10,    8,    6,   11,    0,  -18,    0,  -15,  -17,  -35,  -29,  -11,  -13,  -32,  -21,  -29,  -17,  -30,   -6,   -6,  -26,   -8,  -12,  -17,   -6,  -12,  -25,   15,  -29,  -21,    0,    0,    0,   15,    0,  -11,   -7,  -30,    0,   -6,    0,    0,  -17,  -18,    0,  -19,  -13,    6,   -7,  -13,    0,    0,    0,    0,    0,    0,    0,    0,    0,    0,    0,    0,    0,    0,    0,    0,    0,    0,    0,    0,    0,    0,    0,    0,    0,    0,    0,    0,    0,
       0,    0,    0,    0,    7,  -26,   -7,  -15,    0,  -12,    0,    0,    0,    0,    0,    0,    0,    0,    0,    0,    0,    0,    0,    0,    0,    0,    0,    0,   -5,    0,    0,    0,    0,    0,    0,    0,    0,    0,    0,    0,    0,    0,    0,    0,    0,    0,    0,    0,    0,    0,    0,    0,   -5,    6,    0,    0,    0,    0,    0,    0,    0,    0,    0,    0,    0,    0,    0,    0,    0,    0,    0,    0,    0,    0,    0,    0,    0,    0,    0,    0,    0,    0,    0,    0,    0,    0,    0,    0,    0,    0,    0,   -9,    0,    7,    0,   -9,    0,    0,    0,    0,   11,   11,    0,   10,    6,    0,   11,    6,    0,    0,    0,    0,    0,    0,    0,    0,    0,   10,    0,    0,    0,   11,    0,    0,    8,    0,    0,    0,    0,    0,   10,    0,    0,    0,    0,    0,    0,    0,    0,    0,    0,    0,    0,    0,    0,    0,    0,    0,    0,    0,    0,    0,    0,    0,    0,    0,    0,    0,    0,    0,    0,
       0,  -14,   -4,    0,   -6,    0,    0,    0,    0,   -5,    0,    0,    0,    0,    0,    0,    0,    0,    0,    0,    0,    0,    0,    0,    0,    0,    0,    0,    0,    0,    0,    0,    0,    0,    0,    0,    0,    0,    0,    0,    0,    0,    0,    0,    0,    0,    0,    0,    0,    0,    0,    0,    0,    0,    0,    0,    0,    0,    0,    0,    0,    0,    0,    0,    0,    0,    0,    0,    0,    0,    0,    0,    0,    0,    0,    0,    0,    0,    0,    0,    0,    0,    0,    0,    0,    0,    0,    0,    0,    0,    0,    0,    0,    0,    0,    0,    0,    0,    0,    0,    0,    0,    0,    0,   -6,    0,    0,    0,    0,    0,    0,    0,    0,    0,    0,    0,    0,    0,    0,    0,    0,    0,    0,    0,    0,    0,    0,    0,    0,    0,    0,    0,    0,    0,    0,    0,    0,    0,    0,    0,    0,    0,    0,    0,    0,    0,    0,    0,    0,    0,    0,    0,    0,    0,    0,    0,    0,    0,    0,    0,    0,
       0,  -32,    0,    0,  -22,    0,    0,    0,    0,   -4,    0,    0,    0,    0,    0,    0,    0,    0,    0,    0,    0,    0,    0,    0,    0,    0,    0,    0,    0,    0,    0,    0,    0,    0,    0,    0,    0,    0,    0,    0,    0,    0,    0,    0,    0,    0,    0,    0,    0,    0,    0,    0,    0,    0,    0,    0,    0,    0,    0,    0,    0,    0,    0,    0,    0,    0,    0,    0,    0,    0,    0,    0,    0,    0,    0,    0,    0,    0,    0,    0,    0,    0,    0,    0,    0,    0,    0,    0,    0,    0,    0,    0,    0,    0,    0,    5,    0,    0,    0,    0,  -17,    0,    0,    0,   -5,    0,  -11,    0,    0,    0,    0,    0,    0,    0,    0,    0,    0,    0,    0,    0,    0,   -9,    0,    0,   -5,    0,    0,    0,    0,    0,    0,    0,    0,    0,    0,    0,    0,    0,    0,    0,    0,    0,    0,    0,    0,    0,    0,    0,    0,    0,    0,    0,    0,    0,    0,    0,    0,    0,    0,    0,    0,
      -6,  -19,   -4,    0,   -6,  -11,    6,    0,   -5,  -11,    0,    0,    0,    0,    0,    0,    0,    0,    0,    0,    0,    0,    0,    0,    0,    0,   -7,    0,    0,    0,    0,    0,    0,    0,    0,    0,    0,    0,    0,    0,    0,    0,    0,    0,    0,    0,    0,    0,    0,    0,    0,    0,    0,    0,    0,    0,    0,    0,    0,    0,    0,    0,    0,    0,    0,    0,    0,    0,    0,    0,  -21,    0,   -6,   -5,   -6,  -11,   -5,    0,  -13,   -7,    0,    0,    0,  -12,   -4,   -7,   -6,    0,    0,    0,    0,    0,    0,  -10,   -7,   -7,    0,    0,   -3,    0,    0,    0,    0,   -6,    0,   -5,    0,   -6,    0,   -5,    0,    0,   -5,   -5,    9,   -5,    0,    0,    0,    0,    0,    0,   -5,    0,    0,    0,    0,    0,   -7,   -7,    0,   -7,    0,    0,    0,    0,    0,    0,    0,    0,    0,    0,    0,    0,    0,    0,    0,    0,    0,    0,    0,    0,    0,    0,    0,    0,    0,    0,    0,    0,    0,
       0,  -22,    0,    0,  -10,   -4,    0,    0,   -4,  -10,    0,    0,    0,    0,    0,    0,    0,    0,    0,    0,    0,    0,    0,    0,    0,    0,   -5,    0,    0,    0,    0,    0,    0,    0,    0,    0,    0,    0,    0,    0,    0,    0,    0,    0,    0,    0,    0,    0,    0,    0,    0,    0,    0,    0,    0,    0,    0,    0,    0,    0,    0,    0,    0,    0,    0,    0,    0,    0,    0,    0,    0,    0,    0,    0,    0,    0,    0,    0,    0,    0,    0,    0,    0,    0,    0,    0,    0,    0,    0,    0,    0,    0,    0,   -5,    0,    0,    0,    0,    0,    0,  -11,    0,    0,   -5,    0,    0,  -11,    0,    0,    0,    0,    0,    0,    0,    0,    0,    0,    0,    0,    0,    0,   -5,    0,    0,    0,    0,    0,    0,    0,    0,    0,    0,    0,    0,    0,    0,    0,    0,    0,    0,    0,    0,    0,    0,    0,    0,    0,    0,    0,    0,    0,    0,    0,    0,    0,    0,    0,    0,    0,    0,    0,
       0,    0,  -14,    6,    0,  -22,  -16,  -27,  -13,    8,  -19,    0,    0,    0,    0,    0,    0,    0,    0,    0,    0,    0,    0,    0,    0,    0,    0,    0,   -9,    0,    0,    0,    0,    0,    0,    0,    0,    0,    0,    0,    0,    0,    0,    0,    0,    0,    0,    0,    0,    0,   -7,    0,  -25,  -11,    0,    0,    0,    0,    0,    0,    0,    0,    0,    0,    0,    0,    0,    0,    0,    0,   10,  -14,    0,    0,    0,    0,  -26,    0,    0,    0,   -3,  -14,    0,    7,    0,    0,    0,  -14,   -9,  -11,  -12,  -25,  -16,   -6,   -8,  -25,  -16,  -16,  -13,  -16,    0,    0,  -23,   -5,   -7,  -12,    0,   -7,  -18,   11,  -22,  -14,    0,    0,    0,   11,    0,   -4,    0,  -22,   12,    0,    0,    0,   -9,  -14,    0,  -14,   -8,    0,    0,   -8,    0,    0,    0,    0,    0,    0,    0,    0,    0,    0,    0,    0,    0,    0,    0,    0,    0,    0,    0,    0,    0,    0,    0,    4,    6,  -26,    0,    0,    0,
       0,    0,    0,   -4,    3,  -12,    0,  -11,    0,  -13,    0,    0,    0,    0,    0,    0,    0,    0,    0,    0,    0,    0,    0,    0,    0,    0,    0,    0,   -9,    0,    0,    0,    0,    0,    0,    0,    0,    0,    0,    0,    0,    0,    0,    0,    0,    0,    0,    0,    0,    0,    0,   -4,    0,    0,    0,    0,    0,    0,    0,    0,    0,    0,    0,    0,    0,    0,    0,    0,    0,    0,    0,    0,    0,    0,    0,    0,    0,    0,    0,    0,    0,    0,    0,    0,    0,    0,    0,    0,    0,    0,    0,   -9,   -5,    0,    0,  -12,    0,   -5,    0,   -5,    7,    6,    0,    5,    0,    0,    7,    0,    0,    0,    0,    0,    0,    0,    0,    0,    0,    6,    0,    0,    0,    6,    0,    0,    0,    0,    0,    0,    0,    0,    7,    0,    0,    0,    0,    0,    0,    0,    0,    0,    0,    0,    0,    0,    0,    0,    0,    0,    0,    0,    0,    0,    0,    0,    0,    0,    4,  -12,    0,    0,    0,
      -4,  -29,   -5,   -6,   -9,    0,    0,    0,    0,   -9,    0,    0,    0,    0,    0,    0,    0,    0,    0,    0,    0,    0,    0,    0,    0,    0,   -6,    0,  -16,    0,    0,    0,    0,    0,    0,    0,    0,    0,    0,    0,    0,    0,    0,    0,    0,    0,    0,    0,    0,    0,    0,  -11,    0,    0,    0,    0,    0,    0,    0,    0,    0,    0,    0,    0,    0,    0,    0,    0,    0,    0,  -27,    0,    0,    0,    0,    0,    0,    0,    0,    0,    0,    0,    0,    0,   -7,    0,    0,    0,    0,    0,    0,    0,    0,    0,    0,    0,    0,    0,    0,    0,    0,    0,    0,    0,    0,    0,    0,    0,    0,    0,    0,    0,    0,    0,    0,    0,    0,    0,    0,    0,    0,    0,    0,   -4,    0,    0,    0,    0,    0,    0,    0,    0,    0,    0,    0,    0,    0,    0,    0,    0,    0,    0,    0,    0,    0,    0,    0,    0,    0,    0,    0,    0,    0,    0,    0,    0,    0,    0,    0,    0,    0,
       0,  -19,   -6,   -8,   -8,    0,    0,    0,    0,  -10,   -4,    0,    0,    0,    0,    0,    0,    0,    0,    0,    0,    0,    0,    0,    0,    0,   -5,    0,  -15,    0,    0,    0,    0,    0,    0,    0,    0,    0,    0,    0,    0,    0,    0,    0,    0,    0,    0,    0,    0,    0,    0,  -12,    0,    0,    0,    0,    0,    0,    0,    0,    0,    0,    0,    0,    0,    0,    0,    0,    0,    0,    0,    0,    0,    0,    0,    0,    0,    0,    0,    0,    0,    0,    0,    0,    0,    0,    0,    0,   -4,    0,    0,    0,    0,    0,    0,    0,    0,    0,    0,    0,    0,    0,    0,    0,    0,    0,    0,    0,    0,   -4,    0,    0,    0,    0,    0,    0,    0,    0,    0,    0,    0,    0,    0,    0,    0,    0,    0,    0,    0,    0,    0,    0,    0,    0,    0,    0,    0,    0,    0,    0,    0,    0,    0,    0,    0,    0,    0,    0,    0,    0,    0,    0,    0,    0,    0,    0,    0,    0,    0,    0,    0,
       0,   -6,   -4,  -11,    0,   -6,    0,   -7,    0,   -6,    0,    0,    0,    0,    0,    0,    0,    0,    0,    0,    0,    0,    0,    0,    0,    0,   -6,    0,  -15,    0,    0,    0,    0,    0,    0,    0,    0,    0,    0,    0,    0,    0,    0,    0,    0,    0,    0,    0,    0,    0,    0,  -10,    0,    0,    0,    0,    0,    0,    0,    0,    0,    0,    0,    0,    0,    0,    0,    0,    0,    0,    0,    0,    0,    0,    0,   -7,    0,    0,   -4,   -4,    0,    0,    0,   -4,    0,   -3,    0,   -6,    0,    0,    0,    0,    0,    0,    0,    0,   -4,    0,    0,    0,    0,    0,    0,    0,    0,    0,    0,    0,    0,    0,    0,    0,   -5,   -5,   -5,    0,    0,    0,    0,    0,    0,    0,    0,    0,    0,   -6,    0,   -5,    0,   -3,    0,    0,    0,    0,    0,    0,    0,    0,    0,    0,    0,    0,    0,    0,    0,    0,    0,    0,    0,    0,    0,    0,    0,    0,    0,    0,    0,    0,    0,    0,    0,
       0,  -15,    0,  -10,   -6,   -4,    5,   -4,   -4,  -11,    0,    0,    0,    0,    0,    0,    0,    0,    0,    0,    0,    0,    0,    0,    0,    0,   -4,    0,  -13,    0,    0,    0,    0,    0,    0,    0,    0,    0,    0,    0,    0,    0,    0,    0,    0,    0,    0,    0,    0,    0,    0,   -9,    0,    0,    0,    0,    0,    0,    0,    0,    0,    0,    0,    0,    0,    0,    0,    0,    0,    0,    0,    0,    0,    0,    0,    0,    0,    0,    0,    0,    0,    0,    0,    0,    0,    0,    0,    0,    0,    0,    0,    0,    0,    0,   -4,    0,    0,    0,    0,    0,    0,    0,    0,    0,    0,    0,    0,    0,    0,    0,    0,    0,    0,    0,    0,    0,    0,    0,    0,    0,    0,    0,    0,    0,    0,    0,    0,    0,   -4,    0,    0,   -4,    0,    0,    0,    0,    0,    0,    0,    0,    0,    0,    0,    0,    0,    0,    0,    0,    0,    0,    0,    0,    0,    0,    0,    0,    0,    0,    0,    0,    0,
       0,    0,   -4,    0,    0,    0,    0,    0,    0,   -4,    0,    0,    0,    0,    0,    0,    0,    0,    0,    0,    0,    0,    0,    0,    0,    0,    0,    0,    0,    0,    0,    0,    0,    0,    0,    0,    0,    0,    0,    0,    0,    0,    0,    0,    0,    0,    0,    0,    0,    0,   -6,    0,   -5,    0,    0,    0,    0,    0,    0,    0,    0,    0,    0,    0,    0,    0,    0,    0,    0,    0,    0,    0,    0,    0,    0,    0,    0,    0,    0,    0,    0,    0,    0,    0,    0,    0,    0,    0,    0,    0,    0,    0,    0,    0,    0,    0,    0,    0,    0,    0,    0,    0,    0,    0,    0,    0,    0,    0,    0,    0,    0,    0,    0,    0,    0,    0,    0,    0,    0,    0,    0,    0,    0,    0,    0,    0,    0,    0,    0,    0,    0,    0,    0,    0,    0,    0,    0,    0,    0,    0,    0,    0,    0,    0,    0,    0,    0,    0,    0,    0,    0,    0,    0,    0,    0,    0,    0,    0,    0,    0,    0,
       0,   -8,   -4,    0,    0,    0,    0,    0,    0,   -8,    0,    0,    0,    0,    0,    0,    0,    0,    0,    0,    0,    0,    0,    0,    0,    0,    0,    0,    0,    0,    0,    0,    0,    0,    0,    0,    0,    0,    0,    0,    0,    0,    0,    0,    0,    0,    0,    0,    0,    0,    0,    0,    0,    0,    0,    0,    0,    0,    0,    0,    0,    0,    0,    0,    0,    0,    0,    0,    0,    0,    0,    0,    0,    0,    0,    0,    0,    0,    0,    0,    0,    0,    0,    0,    0,    0,    0,    0,    0,    0,    0,    0,    0,    0,    0,    0,    0,    0,    0,    0,    0,    0,   -4,    0,    0,    0,    0,    0,    0,    0,    0,    0,    0,    0,    0,    0,    0,    0,    0,   -4,    0,    0,    0,    0,    0,    0,    0,    0,    0,    0,    0,    0,    0,    0,    0,    0,    0,    0,    0,    0,    0,    0,    0,    0,    0,    0,    0,    0,    0,    0,    0,    0,    0,    0,    0,    0,    0,    0,    0,    0,    0,
       0,  -14,    0,  -10,   -6,   -5,    5,   -4,   -4,  -10,    0,    0,    0,    0,    0,    0,    0,    0,    0,    0,    0,    0,    0,    0,    0,    0,   -4,    0,  -13,    0,    0,    0,    0,    0,    0,    0,    0,    0,    0,    0,    0,    0,    0,    0,    0,    0,    0,    0,    0,    0,    0,   -9,    0,    0,    0,    0,    0,    0,    0,    0,    0,    0,    0,    0,    0,    0,    0,    0,    0,    0,    0,    0,    0,    0,    0,    0,    0,    0,    0,    0,    0,    0,    0,    0,    0,    0,    0,    0,    0,    0,    0,    0,    0,    0,   -4,    0,    0,    0,    0,    0,    0,    0,    0,    0,    0,    0,    0,    0,    0,    0,    0,    0,    0,    0,    0,    0,    0,    0,    0,    0,    0,    0,    0,    0,    0,    0,    0,    0,   -4,    0,    0,   -4,    0,    0,    0,    0,    0,    0,    0,    0,    0,    0,    0,    0,    0,    0,    0,    0,    0,    0,    0,    0,    0,    0,    0,    0,    0,    0,    0,    0,    0,
      -5,   -8,   -4,   -9,    0,  -11,    5,  -14,    0,  -11,   -4,    0,    0,    0,    0,    0,    0,    0,    0,    0,    0,    0,    0,    0,    0,    0,   -3,    0,  -14,    0,    0,    0,    0,    0,    0,    0,    0,    0,    0,    0,    0,    0,    0,    0,    0,    0,    0,    0,    0,    0,    0,  -10,    0,    0,    0,    0,    0,    0,    0,    0,    0,    0,    0,    0,    0,    0,    0,    0,    0,    0,   -9,    0,    0,    0,    0,    0,   -6,    0,    0,    0,    0,    0,    0,   -8,    0,    0,    0,   -4,    0,    0,    0,   -7,    0,    0,   -4,   -8,    0,    0,    0,    0,    0,    0,    0,    0,    0,    0,    0,    0,    0,    0,    0,    0,   -4,   -4,   -4,    0,    0,    0,    0,    0,  -14,    0,    0,    0,    0,    0,    0,    0,   -4,    0,    0,   -4,    0,    0,    0,    0,    0,    0,    0,    0,    0,    0,    0,    0,    0,    0,    0,    0,    0,    0,    0,    0,    0,    0,    0,   -5,   -3,  -10,    0,    0,    0,
       0,  -11,    0,   -9,   -7,   -6,    6,   -8,   -5,  -10,    0,    0,    0,    0,    0,    0,    0,    0,    0,    0,    0,    0,    0,    0,    0,    0,    0,    0,  -10,    0,    0,    0,    0,    0,    0,    0,    0,    0,    0,    0,    0,    0,    0,    0,    0,    0,    0,    0,    0,    0,    0,   -7,    0,    0,    0,    0,    0,    0,    0,    0,    0,    0,    0,    0,    0,    0,    0,    0,    0,    0,    0,    0,    0,    0,    0,    0,    0,    0,    0,    0,    0,    0,    0,    0,    0,    0,    0,    0,    0,    0,    0,    0,    0,   -7,   -6,    0,    0,    0,    0,    0,    0,   -5,    0,   -6,    0,    0,    0,   -4,    0,    0,    0,    0,    0,    0,    0,    0,    0,    0,    0,    0,    0,   -5,    0,    0,    0,    0,    0,    0,   -6,    0,    0,   -6,    0,    0,    0,    0,    0,    0,    0,    0,    0,    0,    0,    0,    0,    0,    0,    0,    0,    0,    0,    0,    0,    0,    0,   -7,   -9,    0,    0,    0,    0,
       0,    0,   -4,    0,   -6,   -4,    0,   -5,   -4,    0,    0,    0,    0,    0,    0,    0,    0,    0,    0,    0,    0,    0,    0,    0,    0,    0,   -5,    0,  -14,    0,    0,    0,    0,    0,    0,    0,    0,    0,    0,    0,    0,    0,    0,    0,    0,    0,    0,    0,    0,    0,    0,   -5,    0,    0,    0,    0,    0,    0,    0,    0,    0,    0,    0,    0,    0,    0,    0,    0,    0,    0,    0,    0,    0,    0,    0,    0,    0,    0,    0,    0,    0,    0,   -4,    0,    0,    0,   -6,    0,    0,    0,    0,    0,    0,   -5,    0,    0,    0,    0,    0,    0,  -11,   -7,    0,   -4,    0,    0,  -11,    0,   -4,    0,    0,    0,   -4,   -4,   -4,    0,   -9,   -4,    0,    0,    0,   -7,    0,   -8,    0,    0,    0,    0,    0,    0,  -10,    0,    0,    0,    0,    0,    0,    0,    0,    0,    0,    0,    0,    0,    0,    0,    0,    0,    0,    0,    0,    0,    0,    0,    0,    0,    0,    0,    0,    0,    0,
       0,   -7,   -6,    0,    0,    0,    0,    0,    0,   -5,   -4,    0,    0,    0,    0,    0,    0,    0,    0,    0,    0,    0,    0,    0,    0,    0,    0,    0,    0,    0,    0,    0,    0,    0,    0,    0,    0,    0,    0,    0,    0,    0,    0,    0,    0,    0,    0,    0,    0,    0,   -7,    0,   -8,    0,    0,    0,    0,    0,    0,    0,    0,    0,    0,    0,    0,    0,    0,    0,    0,    0,    0,    0,    0,    0,    0,    0,    0,    0,    0,    0,    0,    0,    0,    0,    0,    0,    0,    0,    0,    0,    0,    0,    0,    0,    0,    0,    0,   -4,    0,    0,    0,    0,   -4,    0,    0,    0,    0,    0,    0,    0,    0,    0,    0,    0,    0,    0,    0,    0,    0,   -4,    0,    0,    0,    0,    0,    0,    0,    0,    0,    0,    0,    0,    0,    0,    0,    0,    0,    0,    0,    0,    0,    0,    0,    0,    0,    0,    0,    0,    0,    0,    0,    0,    0,    0,    0,    0,    0,    0,    0,    0,    0,
       0,    0,    0,    0,    0,    0,    0,    0,    0,    0,    0,    0,    0,    0,    0,    0,    0,    0,    0,    0,    0,    0,    0,    0,    0,    0,    0,    0,    0,    0,    0,    0,    0,    0,    0,    0,    0,    0,    0,    0,    0,    0,    0,    0,    0,    0,    0,    0,    0,    0,    0,    0,    0,    0,    0,    0,    0,    0,    0,    0,    0,    0,    0,    0,    0,    0,    0,    0,    0,    0,    0,    0,    0,    0,    0,    0,    0,    0,    0,    0,    0,    0,    0,    0,    0,    0,    0,    0,    0,    0,    0,    0,    0,    0,    0,    0,    0,    0,    0,    0,    0,    0,    0,    0,    0,    0,    0,    0,    0,    0,    0,    0,    0,    0,    0,    0,    0,    0,    0,    0,    0,    0,    0,    0,    0,    0,    0,    0,    0,    0,    0,    0,    0,    0,    0,    0,    0,    0,    0,    0,   -7,    0,   -2,   -2,    0,    0,    0,    0,    0,   -7,    0,   -3,    0,   -7,    0,    0,    0,    0,    0,    0,    0,
       0,    0,    0,    0,    0,    0,    0,    0,    0,    0,    0,    0,    0,    0,    0,    0,    0,    0,    0,    0,    0,    0,    0,    0,    0,    0,    0,    0,    0,    0,    0,    0,    0,    0,    0,    0,    0,    0,    0,    0,    0,    0,    0,    0,    0,    0,    0,    0,    0,    0,    0,    0,    0,    0,    0,    0,    0,    0,    0,    0,    0,    0,    0,    0,    0,    0,    0,    0,    0,    0,    0,    0,    0,    0,    0,    0,    0,    0,    0,    0,    0,    0,    0,    0,    0,    0,    0,    0,    0,    0,    0,    0,    0,    0,    0,    0,    0,    0,    0,    0,    0,    0,    0,    0,    0,    0,    0,    0,    0,    0,    0,    0,    0,    0,    0,    0,    0,    0,    0,    0,    0,    0,    0,    0,    0,    0,    0,    0,    0,    0,    0,    0,    0,    0,    0,   -4,    0,    0,    0,    0,    0,   -6,    0,    0,    0,    0,  -11,    0,    0,  -11,    0,    0,   -8,    0,    0,    0,    0,    0,    0,    0,    0,
       0,    0,    0,    0,    0,    0,    0,    0,    0,    0,    0,    0,    0,    0,    0,    0,    0,    0,    0,    0,    0,    0,    0,    0,    0,    0,    0,    0,    0,    0,    0,    0,    0,    0,    0,    0,    0,    0,    0,    0,    0,    0,    0,    0,    0,    0,    0,    0,    0,    0,    0,    0,    0,    0,    0,    0,    0,    0,    0,    0,    0,    0,    0,    0,    0,    0,    0,    0,    0,    0,    0,    0,    0,    0,    0,    0,    0,    0,    0,    0,    0,    0,    0,    0,    0,    0,    0,    0,    0,    0,    0,    0,    0,    0,    0,    0,    0,    0,    0,    0,    0,    0,    0,    0,    0,    0,    0,    0,    0,    0,    0,    0,    0,    0,    0,    0,    0,    0,    0,    0,    0,    0,    0,    0,    0,    0,    0,    0,    0,    0,    0,    0,    0,    1,    0,    0,    0,    0,    0,   -6,  -11,    0,   -4,   -5,    0,   -7,    0,    0,    0,   -8,    0,    0,    0,    0,    0,    0,    0,    0,    0,    0,    0,
       0,    0,    0,    0,    0,    0,    0,    0,    0,    0,    0,    0,    0,    0,    0,    0,    0,    0,    0,    0,    0,    0,    0,    0,    0,    0,    0,    0,    0,    0,    0,    0,    0,    0,    0,    0,    0,    0,    0,    0,    0,    0,    0,    0,    0,    0,    0,    0,    0,    0,    0,    0,    0,    0,    0,    0,    0,    0,    0,    0,    0,    0,    0,    0,    0,    0,    0,    0,    0,    0,    0,    0,    0,    0,    0,    0,    0,    0,    0,    0,    0,    0,    0,    0,    0,    0,    0,    0,    0,    0,    0,    0,    0,    0,    0,    0,    0,    0,    0,    0,    0,    0,    0,    0,    0,    0,    0,    0,    0,    0,    0,    0,    0,    0,    0,    0,    0,    0,    0,    0,    0,    0,    0,    0,    0,    0,    0,    0,    0,    0,    0,    0,    0,  -13,    0,    0,   -7,    0,    0,   -6,    0,  -17,  -12,    0,   -8,   -4,  -11,    0,  -17,  -12,    0,    0,  -12,    0,    0,    0,    0,    0,    0,    0,    0,
       0,    0,    0,    0,    0,    0,    0,    0,    0,    0,    0,    0,    0,    0,    0,    0,    0,    0,    0,    0,    0,    0,    0,    0,    0,    0,    0,    0,    0,    0,    0,    0,    0,    0,    0,    0,    0,    0,    0,    0,    0,    0,    0,    0,    0,    0,    0,    0,    0,    0,    0,    0,    0,    0,    0,    0,    0,    0,    0,    0,    0,    0,    0,    0,    0,    0,    0,    0,    0,    0,    0,    0,    0,    0,    0,    0,    0,    0,    0,    0,    0,    0,    0,    0,    0,    0,    0,    0,    0,    0,    0,    0,    0,    0,    0,    0,    0,    0,    0,    0,    0,    0,    0,    0,    0,    0,    0,    0,    0,    0,    0,    0,    0,    0,    0,    0,    0,    0,    0,    0,    0,    0,    0,    0,    0,    0,    0,    0,    0,    0,    0,    0,    0,   -2,    0,    0,    0,    0,    0,   -5,    0,    0,    0,    0,   -3,    0,   -2,    0,    0,   -7,    0,    0,   -4,    0,    0,    0,    0,    0,    0,    0,    0,
       0,    0,    0,    0,    0,    0,    0,    0,    0,    0,    0,    0,    0,    0,    0,    0,    0,    0,    0,    0,    0,    0,    0,    0,    0,    0,    0,    0,    0,    0,    0,    0,    0,    0,    0,    0,    0,    0,    0,    0,    0,    0,    0,    0,    0,    0,    0,    0,    0,    0,    0,    0,    0,    0,    0,    0,    0,    0,    0,    0,    0,    0,    0,    0,    0,    0,    0,    0,    0,    0,    0,    0,    0,    0,    0,    0,    0,    0,    0,    0,    0,    0,    0,    0,    0,    0,    0,    0,    0,    0,    0,    0,    0,    0,    0,    0,    0,    0,    0,    0,    0,    0,    0,    0,    0,    0,    0,    0,    0,    0,    0,    0,    0,    0,    0,    0,    0,    0,    0,    0,    0,    0,    0,    0,    0,    0,    0,    0,    0,    0,    0,    0,    0,   -6,    0,    0,    0,    0,    0,    0,    0,    0,    0,    0,    0,    0,    0,    0,    0,    0,    0,    0,    0,    0,    0,    0,    0,    0,    0,    0,    0,
       0,    0,    0,    0,    0,    0,    0,    0,    0,    0,    0,    0,    0,    0,    0,    0,    0,    0,    0,    0,    0,    0,    0,    0,    0,    0,    0,    0,    0,    0,    0,    0,    0,    0,    0,    0,    0,    0,    0,    0,    0,    0,    0,    0,    0,    0,    0,    0,    0,    0,    0,    0,    0,    0,    0,    0,    0,    0,    0,    0,    0,    0,    0,    0,    0,    0,    0,    0,    0,    0,    0,    0,    0,    0,    0,    0,    0,    0,    0,    0,    0,    0,    0,    0,    0,    0,    0,    0,    0,    0,    0,    0,    0,    0,    0,    0,    0,    0,    0,    0,    0,    0,    0,    0,    0,    0,    0,    0,    0,    0,    0,    0,    0,    0,    0,    0,    0,    0,    0,    0,    0,    0,    0,    0,    0,    0,    0,    0,    0,    0,    0,    0,    0,    0,    0,   -4,    0,    0,    0,   -7,    0,   -6,   -2,    0,    0,    0,    0,    0,   -4,   -7,   -6,   -6,   -4,    0,    0,    0,    0,    0,    0,    0,    0,
       0,    0,    0,    0,    0,    0,    0,    0,    0,    0,    0,    0,    0,    0,    0,    0,    0,    0,    0,    0,    0,    0,    0,    0,    0,    0,    0,    0,    0,    0,    0,    0,    0,    0,    0,    0,    0,    0,    0,    0,    0,    0,    0,    0,    0,    0,    0,    0,    0,    0,    0,    0,    0,    0,    0,    0,    0,    0,    0,    0,    0,    0,    0,    0,    0,    0,    0,    0,    0,    0,    0,    0,    0,    0,    0,    0,    0,    0,    0,    0,    0,    0,    0,    0,    0,    0,    0,    0,    0,    0,    0,    0,    0,    0,    0,    0,    0,    0,    0,    0,    0,    0,    0,    0,    0,    0,    0,    0,    0,    0,    0,    0,    0,    0,    0,    0,    0,    0,    0,    0,    0,    0,    0,    0,    0,    0,    0,    0,    0,    0,    0,    0,    0,  -21,    0,    0,   -7,    0,   -2,   -2,    0,    0,   -2,    0,  -10,   -2,   -2,    0,    0,   -8,    0,    0,   -7,    0,   -7,    0,    0,    0,    0,    0,    0,
       0,    0,    0,    0,    0,    0,    0,    0,    0,    0,    0,    0,    0,    0,    0,    0,    0,    0,    0,    0,    0,    0,    0,    0,    0,    0,    0,    0,    0,    0,    0,    0,    0,    0,    0,    0,    0,    0,    0,    0,    0,    0,    0,    0,    0,    0,    0,    0,    0,    0,    0,    0,    0,    0,    0,    0,    0,    0,    0,    0,    0,    0,    0,    0,    0,    0,    0,    0,    0,    0,    0,    0,    0,    0,    0,    0,    0,    0,    0,    0,    0,    0,    0,    0,    0,    0,    0,    0,    0,    0,    0,    0,    0,    0,    0,    0,    0,    0,    0,    0,    0,    0,    0,    0,    0,    0,    0,    0,    0,    0,    0,    0,    0,    0,    0,    0,    0,    0,    0,    0,    0,    0,    0,    0,    0,    0,    0,    0,    0,    0,    0,    0,    0,    0,    0,    0,    0,    0,    0,   -6,    0,    0,   -4,    0,    0,   -5,   -5,    0,   -9,   -9,    0,    0,    0,    0,    0,    0,    0,    0,    0,    0,    0,
       0,    0,    0,    0,    0,    0,    0,    0,    0,    0,    0,    0,    0,    0,    0,    0,    0,    0,    0,    0,    0,    0,    0,    0,    0,    0,    0,    0,    0,    0,    0,    0,    0,    0,    0,    0,    0,    0,    0,    0,    0,    0,    0,    0,    0,    0,    0,    0,    0,    0,    0,    0,    0,    0,    0,    0,    0,    0,    0,    0,    0,    0,    0,    0,    0,    0,    0,    0,    0,    0,    0,    0,    0,    0,    0,    0,    0,    0,    0,    0,    0,    0,    0,    0,    0,    0,    0,    0,    0,    0,    0,    0,    0,    0,    0,    0,    0,    0,    0,    0,    0,    0,    0,    0,    0,    0,    0,    0,    0,    0,    0,    0,    0,    0,    0,    0,    0,    0,    0,    0,    0,    0,    0,    0,    0,    0,    0,    0,    0,    0,    0,    0,    0,  -13,   -1,    0,    0,    0,    0,   -6,    0,  -10,   -9,    0,    0,    0,   -6,    0,  -12,   -5,    0,    0,    0,    6,   -2,    0,    0,    0,    0,    0,    0,
       0,    0,    0,    0,    0,    0,    0,    0,    0,    0,    0,    0,    0,    0,    0,    0,    0,    0,    0,    0,    0,    0,    0,    0,    0,    0,    0,    0,    0,    0,    0,    0,    0,    0,    0,    0,    0,    0,    0,    0,    0,    0,    0,    0,    0,    0,    0,    0,    0,    0,    0,    0,    0,    0,    0,    0,    0,    0,    0,    0,    0,    0,    0,    0,    0,    0,    0,    0,    0,    0,    0,    0,    0,    0,    0,    0,    0,    0,    0,    0,    0,    0,    0,    0,    0,    0,    0,    0,    0,    0,    0,    0,    0,    0,    0,    0,    0,    0,    0,    0,    0,    0,    0,    0,    0,    0,    0,    0,    0,    0,    0,    0,    0,    0,    0,    0,    0,    0,    0,    0,    0,    0,    0,    0,    0,    0,    0,    0,    0,    0,    0,    0,    0,    0,    0,    0,    0,    0,    0,    0,    0,    0,   -7,    0,   -4,   -7,   -7,    0,    0,   -9,    0,    0,    0,    0,    0,    0,    0,    0,    0,    0,    0,
       0,    0,    0,    0,    0,    0,    0,    0,    0,    0,    0,    0,    0,    0,    0,    0,    0,    0,    0,    0,    0,    0,    0,    0,    0,    0,    0,    0,    0,    0,    0,    0,    0,    0,    0,    0,    0,    0,    0,    0,    0,    0,    0,    0,    0,    0,    0,    0,    0,    0,    0,    0,    0,    0,    0,    0,    0,    0,    0,    0,    0,    0,    0,    0,    0,    0,    0,    0,    0,    0,    0,    0,    0,    0,    0,    0,    0,    0,    0,    0,    0,    0,    0,    0,    0,    0,    0,    0,    0,    0,    0,    0,    0,    0,    0,    0,    0,    0,    0,    0,    0,    0,    0,    0,    0,    0,    0,    0,    0,    0,    0,    0,    0,    0,    0,    0,    0,    0,    0,    0,    0,    0,    0,    0,    0,    0,    0,    0,    0,    0,    0,    0,    0,    0,    0,    0,    0,    0,    0,   -5,   -5,    0,   -8,    0,    0,    0,    0,    0,    0,    0,    0,    0,    0,    0,    0,    0,    0,    0,    0,    0,    0,
       0,    0,    0,    0,    0,    0,    0,    0,    0,    0,    0,    0,    0,    0,    0,    0,    0,    0,    0,    0,    0,    0,    0,    0,    0,    0,    0,    0,    0,    0,    0,    0,    0,    0,    0,    0,    0,    0,    0,    0,    0,    0,    0,    0,    0,    0,    0,    0,    0,    0,    0,    0,    0,    0,    0,    0,    0,    0,    0,    0,    0,    0,    0,    0,    0,    0,    0,    0,    0,    0,    0,    0,    0,    0,    0,    0,    0,    0,    0,    0,    0,    0,    0,    0,    0,    0,    0,    0,    0,    0,    0,    0,    0,    0,    0,    0,    0,    0,    0,    0,    0,    0,    0,    0,    0,    0,    0,    0,    0,    0,    0,    0,    0,    0,    0,    0,    0,    0,    0,    0,    0,    0,    0,    0,    0,    0,    0,    0,    0,    0,    0,    0,    0,    0,    0,    0,    0,    0,    0,   -1,    0,  -10,    0,   -1,    0,    0,   -1,    0,  -10,   -4,    0,    0,   -4,    0,    0,    0,    0,    0,    0,    0,    0,
       0,    0,    0,    0,    0,    0,    0,    0,    0,    0,    0,    0,    0,    0,    0,    0,    0,    0,    0,    0,    0,    0,    0,    0,    0,    0,    0,    0,    0,    0,    0,    0,    0,    0,    0,    0,    0,    0,    0,    0,    0,    0,    0,    0,    0,    0,    0,    0,    0,    0,    0,    0,    0,    0,    0,    0,    0,    0,    0,    0,    0,    0,    0,    0,    0,    0,    0,    0,    0,    0,    0,    0,    0,    0,    0,    0,    0,    0,    0,    0,    0,    0,    0,    0,    0,    0,    0,    0,    0,    0,    0,    0,    0,    0,    0,    0,    0,    0,    0,    0,    0,    0,    0,    0,    0,    0,    0,    0,    0,    0,    0,    0,    0,    0,    0,    0,    0,    0,    0,    0,    0,    0,    0,    0,    0,    0,    0,    0,    0,    0,    0,    0,    0,    0,    0,    0,    0,    0,    0,   -2,    0,    0,    0,    0,    0,    0,   -8,    0,    0,    0,    0,    0,    0,    0,    0,    0,    0,    0,    0,    0,    0,
       0,    0,    0,    0,    0,    0,    0,    0,    0,    0,    0,    0,    0,    0,    0,    0,    0,    0,    0,    0,    0,    0,    0,    0,    0,    0,    0,    0,    0,    0,    0,    0,    0,    0,    0,    0,    0,    0,    0,    0,    0,    0,    0,    0,    0,    0,    0,    0,    0,    0,    0,    0,    0,    0,    0,    0,    0,    0,    0,    0,    0,    0,    0,    0,    0,    0,    0,    0,    0,    0,    0,    0,    0,    0,    0,    0,    0,    0,    0,    0,    0,    0,    0,    0,    0,    0,    0,    0,    0,    0,    0,    0,    0,    0,    0,    0,    0,    0,    0,    0,    0,    0,    0,    0,    0,    0,    0,    0,    0,    0,    0,    0,    0,    0,    0,    0,    0,    0,    0,    0,    0,    0,    0,    0,    0,    0,    0,    0,    0,    0,    0,    0,    0,    0,    0,    0,    0,    0,    0,    0,    0,   -2,   -7,   -2,    0,    0,   -2,    0,   -9,   -1,    0,    0,    0,   -2,    0,    0,    0,    0,    0,    0,    0,
       0,    0,    0,    0,    0,    0,    0,    0,    0,    0,    0,    0,    0,    0,    0,    0,    0,    0,    0,    0,    0,    0,    0,    0,    0,    0,    0,    0,    0,    0,    0,    0,    0,    0,    0,    0,    0,    0,    0,    0,    0,    0,    0,    0,    0,    0,    0,    0,    0,    0,    0,    0,    0,    0,    0,    0,    0,    0,    0,    0,    0,    0,    0,    0,    0,    0,    0,    0,    0,    0,    0,    0,    0,    0,    0,    0,    0,    0,    0,    0,    0,    0,    0,    0,    0,    0,    0,    0,    0,    0,    0,    0,    0,    0,    0,    0,    0,    0,    0,    0,    0,    0,    0,    0,    0,    0,    0,    0,    0,    0,    0,    0,    0,    0,    0,    0,    0,    0,    0,    0,    0,    0,    0,    0,    0,    0,    0,    0,    0,    0,    0,    0,   -4,   -8,    0,   -6,    0,    0,    0,    0,   -7,    0,    0,    0,   -8,    0,  -11,    0,    0,   -9,    0,    0,    0,    0,    0,    0,    0,    0,    0,    0,    0,
       0,    0,    0,    0,    0,    0,    0,    0,    0,    0,    0,    0,    0,    0,    0,    0,    0,    0,    0,    0,    0,    0,    0,    0,    0,    0,    0,    0,    0,    0,    0,    0,    0,    0,    0,    0,    0,    0,    0,    0,    0,    0,    0,    0,    0,    0,    0,    0,    0,    0,    0,    0,    0,    0,    0,    0,    0,    0,    0,    0,    0,    0,    0,    0,    0,    0,    0,    0,    0,    0,    0,    0,    0,    0,    0,    0,    0,    0,    0,    0,    0,    0,    0,    0,    0,    0,    0,    0,    0,    0,    0,    0,    0,    0,    0,    0,    0,    0,    0,    0,    0,    0,    0,    0,    0,    0,    0,    0,    0,    0,    0,    0,    0,    0,    0,    0,    0,    0,    0,    0,    0,    0,    0,    0,    0,    0,    0,    0,    0,    0,    0,    0,    0,  -13,    0,    0,    0,    0,    0,   -7,    0,   -5,   -6,    0,    0,   -2,   -4,    0,  -10,   -4,    0,    0,   -7,    0,   -7,    0,    0,    0,    0,    0,    0,
       0,    0,    0,    0,    0,    0,    0,    0,    0,    0,    0,    0,    0,    0,    0,    0,    0,    0,    0,    0,    0,    0,    0,    0,    0,    0,    0,    0,    0,    0,    0,    0,    0,    0,    0,    0,    0,    0,    0,    0,    0,    0,    0,    0,    0,    0,    0,    0,    0,    0,    0,    0,    0,    0,    0,    0,    0,    0,    0,    0,    0,    0,    0,    0,    0,    0,    0,    0,    0,    0,    0,    0,    0,    0,    0,    0,    0,    0,    0,    0,    0,    0,    0,    0,    0,    0,    0,    0,    0,    0,    0,    0,    0,    0,    0,    0,    0,    0,    0,    0,    0,    0,    0,    0,    0,    0,    0,    0,    0,    0,    0,    0,    0,    0,    0,    0,    0,    0,    0,    0,    0,    0,    0,    0,    0,    0,    0,    0,    0,    0,    0,    0,    0,   -8,    0,    0,    0,    0,    0,   -1,    0,    0,   -8,    0,   -2,    0,   -4,    0,    0,   -2,    0,    0,   -2,    0,    0,    0,    0,    0,    0,    0,    0,
       0,    0,    0,    0,    0,    0,    0,    0,    0,    0,    0,    0,    0,    0,    0,    0,    0,    0,    0,    0,    0,    0,    0,    0,    0,    0,    0,    0,    0,    0,    0,    0,    0,    0,    0,    0,    0,    0,    0,    0,    0,    0,    0,    0,    0,    0,    0,    0,    0,    0,    0,    0,    0,    0,    0,    0,    0,    0,    0,    0,    0,    0,    0,    0,    0,    0,    0,    0,    0,    0,    0,    0,    0,    0,    0,    0,    0,    0,    0,    0,    0,    0,    0,    0,    0,    0,    0,    0,    0,    0,    0,    0,    0,    0,    0,    0,    0,    0,    0,    0,    0,    0,    0,    0,    0,    0,    0,    0,    0,    0,    0,    0,    0,    0,    0,    0,    0,    0,    0,    0,    0,    0,    0,    0,    0,    0,    0,    0,    0,    0,    0,    0,    0,    0,    0,  -15,    0,  -17,    0,    0,   -5,    0,   -6,   -1,    0,  -11,  -13,  -13,    0,   -8,    0,    0,    0,   -7,    0,    0,    0,    0,    0,    0,    0,
       0,    0,    0,    0,    0,    0,    0,    0,    0,    0,    0,  -25,   -7,   -7,  -38,    0,   -7,   -7,    0,    0,    0,    6,    6,    0,    4,    0,    0,    0,    0,    0,    0,    0,    0,    0,    0,    0,    0,    0,    0,    0,    0,    0,    0,    0,    0,    0,    0,    0,    0,    0,    0,    0,    0,    0,  -44,    0,    0,    0,    0,    0,    0,    0,    0,    0,    0,    0,    0,    0,    0,    0,    0,   -7,    0,    0,    0,    0,  -25,    0,    0,    0,    0,   -7,   -7,    0,    0,    0,    0,    0,    0,    0,    0,    0,    0,    0,    0,    0,    0,    0,    0,    0,    0,    0,    0,    0,    0,    0,    0,    0,    0,    0,    0,    0,    0,    0,    0,    0,    0,    0,    0,    0,    4,    0,    0,    0,    0,    0,    0,    0,    0,    0,    0,    0,    0,    0,    0,    0,    0,    0,    0,    0,    0,    0,    0,    0,    0,    0,    0,    0,    0,    0,    0,    0,    0,    0,    0,    0,    0,    0,    0,    0,    0,
       0,    0,    0,    0,    0,    0,    0,    0,    0,    0,    0,    9,   -8,   -8,    9,    0,   -9,  -10,    5,  -22,   -6,  -25,  -11,    4,  -26,    7,    0,    0,    0,    0,    0,    0,    0,    0,    0,    0,    0,    0,    0,    0,    0,    0,    0,    0,    0,    0,    0,    0,    0,    0,    0,    0,    0,    0,    7,    0,    0,    0,    0,    0,    0,    0,    0,    0,    0,    0,    0,    0,    0,    0,  -22,   -8,    0,    0,    0,    0,    9,    0,    0,    0,    0,   -9,   -9,    4,    0,    0,    0,    0,    0,    0,    0,    0,    0,    0,    0,    0,    0,    0,    0,    0,    0,    0,    0,    0,    0,    0,    0,    0,    0,    0,    0,    0,    0,    0,    0,    0,    0,    0,    0,    0,  -26,    0,    0,    0,    0,    0,    0,    0,    0,    0,    0,    0,    0,    0,    0,    0,    0,    0,    0,    0,    0,    0,    0,    0,    0,    0,    0,    0,    0,    0,    0,    0,    0,    0,    0,    0,    0,    0,    0,    0,    0,
       0,    0,    0,    0,    0,    0,    0,    0,    0,    0,    0,    0,    0,    0,    0,    0,    0,    0,    0,    0,    0,    0,    0,    0,    0,    0,    0,    0,    0,    0,    0,    0,    0,    0,    0,    0,    0,    0,    0,    0,    0,    0,    0,    0,    0,    0,    0,    0,    0,    0,    0,    0,    0,    0,    0,    0,    0,    0,    0,    0,    0,    0,    0,    0,    0,    0,    0,    0,    0,    0,    0,    0,    0,    0,    0,    0,    0,    0,    0,    0,    0,    0,    0,    0,    0,    0,    0,    0,    0,    0,    0,    0,    0,    0,    0,    0,    0,    0,    0,    0,    0,    0,    0,    0,    0,    0,    0,    0,    0,    0,    0,    0,    0,    0,    0,    0,    0,    0,    0,    0,    0,    0,    0,    0,    0,    0,    0,    0,    0,    0,    0,    0,    0,    0,    0,    0,    0,    0,    0,    0,    0,    0,    0,    0,    0,    0,    0,    0,    0,    0,    0,    0,    0,    0,    0,    0,    0,    0,  -13,   -8,  -10,
};

static const EpdLigaturePair ubuntu_10_regularLigaturePairs[] = {
    { 0x00660066, 0xFB00 }, // f f -> U+FB00
    { 0x00660069, 0xFB01 }, // f i -> U+FB01
    { 0x0066006C, 0xFB02 }, // f l -> U+FB02
    { 0xFB000069, 0xFB03 }, // U+FB00 i -> U+FB03
    { 0xFB00006C, 0xFB04 }, // U+FB00 l -> U+FB04
};

static const EpdFontData ubuntu_10_regular = {
    ubuntu_10_regularBitmaps,
    ubuntu_10_regularGlyphs,
    ubuntu_10_regularIntervals,
    69,
    24,
    20,
    -4,
    true,
    nullptr,
    0,
    nullptr,
    ubuntu_10_regularKernLeftClasses,
    ubuntu_10_regularKernRightClasses,
    ubuntu_10_regularKernMatrix,
    440,
    513,
    152,
    161,
    ubuntu_10_regularLigaturePairs,
    5,
};
