/**
 * generated by fontconvert.py
 * name: ubuntu_12_regular
 * size: 12
 * mode: 2-bit
 * Command used: fontconvert.py ubuntu_12_regular 12 ../builtinFonts/source/Ubuntu/Ubuntu-Regular.ttf ../builtinFonts/source/NotoSansHebrew/NotoSansHebrew-Regular.ttf ../builtinFonts/source/NotoSansArabic/NotoSansArabic-Regular.ttf ../builtinFonts/source/Ubuntu/Ubuntu-Vietnamese-Regular.ttf --2bit --additional-intervals 0x05D0,0x05EA --additional-intervals 0x060C,0x060C --additional-intervals 0x061B,0x061B --additional-intervals 0x061F,0x061F --additional-intervals 0x0621,0x0621 --additional-intervals 0x0640,0x0640 --additional-intervals 0x0660,0x0669 --additional-intervals 0x06BA,0x06BA --additional-intervals 0x06D4,0x06D4 --additional-intervals 0x06F0,0x06F9 --additional-intervals 0xFB56,0xFB59 --additional-intervals 0xFB66,0xFB69 --additional-intervals 0xFB7A,0xFB7D --additional-intervals 0xFB88,0xFB95 --additional-intervals 0xFB9E,0xFB9F --additional-intervals 0xFBA6,0xFBB1 --additional-intervals 0xFBFC,0xFBFF --additional-intervals 0xFE80,0xFEFC
 */
#pragma once
#include "EpdFontData.h"

static const uint8_t ubuntu_12_regularBitmaps[64600] = {
    0x3E, 0x0F, 0x83, 0xE0, 0xF8, 0x3E, 0x0F, 0x83, 0xE0, 0xB8, 0x2E, 0x0B, 0x41, 0xD0, 0x70, 0x00,
    0x00, 0x02, 0xE0, 0xFC, 0x2E, 0x00, 0x3C, 0x3E, 0x3C, 0x3E, 0x3C, 0x2E, 0x3C, 0x2D, 0x3C, 0x1D,
    0x3C, 0x1C, 0x00, 0x3C, 0x03, 0xC0, 0x01, 0xE0, 0x1F, 0x00, 0x0B, 0x40, 0x78, 0x00, 0x3D, 0x02,
    0xD0, 0x00, 0xF0, 0x0F, 0x03, 0xFF, 0xFF, 0xFF, 0xDF, 0xFF, 0xFF, 0xFF, 0x40, 0xB8, 0x07, 0x80,
    0x03, 0xD0, 0x2D, 0x00, 0x0F, 0x00, 0xF4, 0x0F, 0xFF, 0xFF, 0xFF, 0x7F, 0xFF, 0xFF, 0xFD, 0x0B,
    0x80, 0x78, 0x00, 0x3D, 0x02, 0xD0, 0x00, 0xF0, 0x0F, 0x40, 0x03, 0xC0, 0x3C, 0x00, 0x1F, 0x00,
    0xF0, 0x00, 0x00, 0x3C, 0x00, 0x00, 0x3C, 0x00, 0x00, 0x3C, 0x00, 0x01, 0xFF, 0xE4, 0x0F, 0xFF,
    0xF4, 0x2F, 0x40, 0x10, 0x3E, 0x00, 0x00, 0x3D, 0x00, 0x00, 0x3E, 0x00, 0x00, 0x1F, 0x80, 0x00,
    0x07, 0xF4, 0x00, 0x00, 0xBF, 0x40, 0x00, 0x0B, 0xE0, 0x00, 0x00, 0xF8, 0x00, 0x00, 0x7C, 0x00,
    0x00, 0x3D, 0x00, 0x00, 0x3D, 0x34, 0x01, 0xFC, 0x7F, 0xFF, 0xF4, 0x1B, 0xFF, 0x80, 0x00, 0x3C,
    0x00, 0x00, 0x3C, 0x00, 0x00, 0x3C, 0x00, 0x0B, 0xF0, 0x00, 0x3D, 0x00, 0x2F, 0xFC, 0x00, 0x7C,
    0x00, 0x7C, 0x2F, 0x00, 0xF4, 0x00, 0xB4, 0x0F, 0x02, 0xE0, 0x00, 0xB4, 0x0F, 0x03, 0xC0, 0x00,
    0xB4, 0x0F, 0x0B, 0x80, 0x00, 0xB4, 0x0F, 0x1F, 0x00, 0x00, 0x7C, 0x2F, 0x3D, 0x2F, 0xC0, 0x2F,
    0xFC, 0x7C, 0xBF, 0xF0, 0x0B, 0xF0, 0xF5, 0xF0, 0xBC, 0x00, 0x02, 0xE2, 0xD0, 0x3C, 0x00, 0x03,
    0xC2, 0xD0, 0x3C, 0x00, 0x0B, 0x82, 0xD0, 0x3C, 0x00, 0x1F, 0x02, 0xD0, 0x3C, 0x00, 0x3D, 0x01,
    0xF0, 0xBC, 0x00, 0x7C, 0x00, 0xBF, 0xF0, 0x00, 0xF4, 0x00, 0x2F, 0xC0, 0x00, 0xBF, 0x80, 0x00,
    0x03, 0xFF, 0xF0, 0x00, 0x0B, 0xC1, 0xF4, 0x00, 0x0F, 0x40, 0xB8, 0x00, 0x0F, 0x00, 0xB8, 0x00,
    0x0F, 0x40, 0xF0, 0x00, 0x07, 0xC3, 0xE0, 0x00, 0x02, 0xFF, 0x40, 0x00, 0x03, 0xFC, 0x00, 0x00,
    0x1F, 0xAF, 0x00, 0xF0, 0x3C, 0x0B, 0xC0, 0xF0, 0xB8, 0x02, 0xF2, 0xD0, 0xF8, 0x00, 0xBF, 0xC0,
    0xBC, 0x00, 0x2F, 0x00, 0x7E, 0x00, 0x7F, 0xC0, 0x2F, 0xFF, 0xF6, 0xF0, 0x06, 0xFF, 0x80, 0xBC,
    0x3C, 0x3C, 0x3C, 0x3C, 0x3C, 0x3C, 0x00, 0x30, 0x02, 0xE0, 0x1F, 0x00, 0xF4, 0x07, 0xC0, 0x3E,
    0x00, 0xF0, 0x07, 0xC0, 0x2E, 0x00, 0xF8, 0x03, 0xD0, 0x0F, 0x40, 0x3D, 0x00, 0xF4, 0x03, 0xD0,
    0x0F, 0x80, 0x2E, 0x00, 0x7C, 0x00, 0xF0, 0x03, 0xE0, 0x07, 0xC0, 0x0F, 0x40, 0x1F, 0x00, 0x2E,
    0x00, 0x30, 0x20, 0x02, 0xF0, 0x03, 0xD0, 0x07, 0xC0, 0x0F, 0x40, 0x1F, 0x00, 0x3C, 0x00, 0xF8,
    0x02, 0xF0, 0x07, 0xC0, 0x1F, 0x00, 0x3C, 0x00, 0xF0, 0x03, 0xC0, 0x1F, 0x00, 0x7C, 0x02, 0xF0,
    0x0F, 0x80, 0x3C, 0x01, 0xF0, 0x0F, 0x40, 0x7C, 0x03, 0xD0, 0x2F, 0x00, 0x20, 0x00, 0x00, 0x3C,
    0x00, 0x00, 0x3C, 0x00, 0x28, 0x3C, 0x28, 0x3F, 0xAA, 0xFC, 0x0B, 0xFF, 0xE0, 0x00, 0x7D, 0x00,
    0x00, 0xEB, 0x00, 0x03, 0xC3, 0xC0, 0x0B, 0x82, 0xE0, 0x02, 0x00, 0x80, 0x00, 0x3C, 0x00, 0x00,
    0x3C, 0x00, 0x00, 0x3C, 0x00, 0x00, 0x3C, 0x00, 0x00, 0x3C, 0x00, 0xBF, 0xFF, 0xFF, 0xBF, 0xFF,
    0xFF, 0x00, 0x3C, 0x00, 0x00, 0x3C, 0x00, 0x00, 0x3C, 0x00, 0x00, 0x3C, 0x00, 0x00, 0x3C, 0x00,
    0x0F, 0x43, 0xD0, 0xF4, 0x3C, 0x1F, 0x0B, 0x42, 0xC0, 0x7F, 0xFD, 0xFF, 0xF0, 0x3D, 0xBE, 0x3D,
    0x00, 0x00, 0x7C, 0x00, 0x00, 0xB8, 0x00, 0x00, 0xF4, 0x00, 0x01, 0xF0, 0x00, 0x02, 0xE0, 0x00,
    0x03, 0xD0, 0x00, 0x07, 0xC0, 0x00, 0x0B, 0x80, 0x00, 0x0F, 0x40, 0x00, 0x1F, 0x00, 0x00, 0x2E,
    0x00, 0x00, 0x3D, 0x00, 0x00, 0x7C, 0x00, 0x00, 0xB8, 0x00, 0x00, 0xF4, 0x00, 0x01, 0xF0, 0x00,
    0x02, 0xE0, 0x00, 0x03, 0xD0, 0x00, 0x07, 0xC0, 0x00, 0x0B, 0x80, 0x00, 0x0F, 0x40, 0x00, 0x1F,
    0x00, 0x00, 0x2E, 0x00, 0x00, 0x3D, 0x00, 0x00, 0x7C, 0x00, 0x00, 0x01, 0xFF, 0x40, 0x0B, 0xFF,
    0xE0, 0x1F, 0x81, 0xF4, 0x3E, 0x00, 0xBC, 0x3C, 0x00, 0x3D, 0x7C, 0x00, 0x3E, 0xBC, 0x00, 0x2E,
    0xBC, 0x00, 0x2F, 0xB8, 0x00, 0x2F, 0xBC, 0x00, 0x2F, 0xBC, 0x00, 0x2E, 0x7C, 0x00, 0x3E, 0x3C,
    0x00, 0x3D, 0x3E, 0x00, 0xBC, 0x1F, 0x81, 0xF4, 0x0B, 0xFF, 0xE0, 0x01, 0xFF, 0x40, 0x00, 0x3C,
    0x01, 0xFC, 0x2F, 0xFC, 0x7F, 0x7C, 0x34, 0x3C, 0x00, 0x3C, 0x00, 0x3C, 0x00, 0x3C, 0x00, 0x3C,
    0x00, 0x3C, 0x00, 0x3C, 0x00, 0x3C, 0x00, 0x3C, 0x00, 0x3C, 0x00, 0x3C, 0x00, 0x3C, 0x00, 0x3C,
    0x06, 0xFE, 0x40, 0x3F, 0xFF, 0xE0, 0x7D, 0x03, 0xF0, 0x10, 0x00, 0xF8, 0x00, 0x00, 0xF8, 0x00,
    0x00, 0xF8, 0x00, 0x01, 0xF0, 0x00, 0x03, 0xE0, 0x00, 0x0F, 0xC0, 0x00, 0x3F, 0x00, 0x00, 0xFC,
    0x00, 0x03, 0xF0, 0x00, 0x0F, 0xC0, 0x00, 0x1F, 0x00, 0x00, 0x3D, 0x00, 0x00, 0x3F, 0xFF, 0xFD,
    0x7F, 0xFF, 0xFD, 0x07, 0xFE, 0x00, 0x3F, 0xFF, 0xD0, 0x28, 0x07, 0xF0, 0x00, 0x00, 0xF4, 0x00,
    0x00, 0xF4, 0x00, 0x01, 0xF0, 0x00, 0x07, 0xE0, 0x02, 0xFF, 0x80, 0x02, 0xFF, 0x80, 0x00, 0x07,
    0xF0, 0x00, 0x00, 0xBC, 0x00, 0x00, 0x7C, 0x00, 0x00, 0x7C, 0x00, 0x00, 0xBC, 0x24, 0x02, 0xF8,
    0x7F, 0xFF, 0xE0, 0x1B, 0xFE, 0x40, 0x00, 0x02, 0xF0, 0x00, 0x02, 0xFC, 0x00, 0x01, 0xFF, 0x00,
    0x00, 0xFB, 0xC0, 0x00, 0xF9, 0xF0, 0x00, 0xBC, 0x7C, 0x00, 0x7C, 0x1F, 0x00, 0x3D, 0x07, 0xC0,
    0x2E, 0x01, 0xF0, 0x0F, 0x00, 0x7C, 0x0B, 0x80, 0x1F, 0x03, 0xFF, 0xFF, 0xFC, 0xFF, 0xFF, 0xFF,
    0x00, 0x00, 0x7C, 0x00, 0x00, 0x1F, 0x00, 0x00, 0x07, 0xC0, 0x00, 0x01, 0xF0, 0x00, 0x0B, 0xFF,
    0xF8, 0x0F, 0xFF, 0xF8, 0x0F, 0x40, 0x00, 0x0F, 0x00, 0x00, 0x0F, 0x00, 0x00, 0x0F, 0x00, 0x00,
    0x0F, 0xF9, 0x00, 0x0F, 0xFF, 0xD0, 0x00, 0x1B, 0xF4, 0x00, 0x00, 0xFC, 0x00, 0x00, 0x7C, 0x00,
    0x00, 0x3D, 0x00, 0x00, 0x7C, 0x00, 0x00, 0xBC, 0x24, 0x02, 0xF8, 0x3F, 0xFF, 0xE0, 0x1B, 0xFE,
    0x40, 0x00, 0x06, 0xF8, 0x00, 0x7F, 0xF8, 0x02, 0xFD, 0x00, 0x07, 0xD0, 0x00, 0x0F, 0x40, 0x00,
    0x2E, 0x00, 0x00, 0x3E, 0xBF, 0x80, 0x3F, 0xFF, 0xF4, 0x7E, 0x00, 0xFC, 0x7C, 0x00, 0x3E, 0x7C,
    0x00, 0x2F, 0x7C, 0x00, 0x2F, 0x3D, 0x00, 0x3E, 0x3F, 0x00, 0x3D, 0x1F, 0x81, 0xFC, 0x0B, 0xFF,
    0xF0, 0x01, 0xBF, 0x80, 0xBF, 0xFF, 0xFE, 0xBF, 0xFF, 0xFE, 0x00, 0x00, 0x7C, 0x00, 0x00, 0xF4,
    0x00, 0x03, 0xE0, 0x00, 0x07, 0xC0, 0x00, 0x0F, 0x80, 0x00, 0x1F, 0x00, 0x00, 0x3E, 0x00, 0x00,
    0x3D, 0x00, 0x00, 0x7C, 0x00, 0x00, 0xF8, 0x00, 0x00, 0xF4, 0x00, 0x01, 0xF0, 0x00, 0x02, 0xF0,
    0x00, 0x02, 0xE0, 0x00, 0x03, 0xE0, 0x00, 0x01, 0xFF, 0x80, 0x0F, 0xFF, 0xF0, 0x2F, 0x41, 0xFC,
    0x3D, 0x00, 0x7C, 0x3C, 0x00, 0x3D, 0x3D, 0x00, 0x7C, 0x3F, 0x00, 0xF8, 0x0F, 0xE7, 0xF0, 0x03,
    0xFF, 0xC0, 0x0F, 0x9B, 0xF4, 0x3D, 0x00, 0xFC, 0x7C, 0x00, 0x3E, 0xBC, 0x00, 0x2E, 0xBC, 0x00,
    0x3E, 0x3F, 0x40, 0xBC, 0x1F, 0xFF, 0xF4, 0x02, 0xFF, 0x80, 0x02, 0xFE, 0x40, 0x0F, 0xFF, 0xE0,
    0x3F, 0x41, 0xF4, 0x7C, 0x00, 0xBC, 0xBC, 0x00, 0x3C, 0xB8, 0x00, 0x3D, 0xBC, 0x00, 0x3E, 0x3F,
    0x00, 0x7D, 0x1F, 0xFF, 0xFD, 0x06, 0xFF, 0xBD, 0x00, 0x00, 0x7C, 0x00, 0x00, 0xFC, 0x00, 0x01,
    0xF4, 0x00, 0x07, 0xE0, 0x00, 0x7F, 0xC0, 0x2F, 0xFE, 0x00, 0x2F, 0x90, 0x00, 0x3D, 0xBE, 0x3D,
    0x00, 0x00, 0x00, 0x00, 0x00, 0x00, 0x00, 0x3D, 0xBE, 0x3D, 0x0F, 0x4B, 0xE0, 0xF4, 0x00, 0x00,
    0x00, 0x00, 0x00, 0x00, 0x00, 0x00, 0x00, 0xF4, 0x3D, 0x0F, 0x43, 0xC1, 0xF0, 0xB4, 0x2C, 0x00,
    0x00, 0x00, 0x19, 0x00, 0x01, 0xFE, 0x00, 0x2F, 0xE4, 0x07, 0xFE, 0x00, 0x7F, 0xD0, 0x00, 0xBD,
    0x00, 0x00, 0x7F, 0xD0, 0x00, 0x07, 0xFE, 0x00, 0x00, 0x2F, 0xE4, 0x00, 0x01, 0xFE, 0x00, 0x00,
    0x19, 0xBF, 0xFF, 0xFF, 0xBF, 0xFF, 0xFF, 0x00, 0x00, 0x00, 0x00, 0x00, 0x00, 0x00, 0x00, 0x00,
    0xBF, 0xFF, 0xFF, 0xBF, 0xFF, 0xFF, 0x34, 0x00, 0x00, 0x7F, 0x80, 0x00, 0x0B, 0xF8, 0x00, 0x00,
    0xBF, 0xD0, 0x00, 0x07, 0xFD, 0x00, 0x00, 0x7F, 0x00, 0x07, 0xFD, 0x00, 0xBF, 0xD0, 0x1B, 0xF9,
    0x00, 0xBF, 0x80, 0x00, 0x34, 0x00, 0x00, 0x1B, 0xFD, 0x07, 0xFF, 0xF8, 0x24, 0x0F, 0xC0, 0x00,
    0x3D, 0x00, 0x03, 0xD0, 0x00, 0x7C, 0x00, 0x0F, 0x40, 0x03, 0xE0, 0x00, 0xF8, 0x00, 0x2E, 0x00,
    0x03, 0xC0, 0x00, 0x3C, 0x00, 0x00, 0x00, 0x00, 0x00, 0x00, 0x03, 0xD0, 0x00, 0x7F, 0x00, 0x03,
    0xD0, 0x00, 0x00, 0x01, 0xBF, 0xE4, 0x00, 0x00, 0x02, 0xFF, 0xFF, 0xF8, 0x00, 0x00, 0xFE, 0x40,
    0x1B, 0xF0, 0x00, 0x3F, 0x40, 0x00, 0x0F, 0xC0, 0x0B, 0xC0, 0x00, 0x00, 0x3E, 0x00, 0xF4, 0x02,
    0xFF, 0x81, 0xF0, 0x2E, 0x01, 0xFF, 0xFD, 0x0B, 0x83, 0xD0, 0x7E, 0x03, 0xD0, 0x7C, 0x3C, 0x0F,
    0xC0, 0x3D, 0x03, 0xC7, 0xC0, 0xF4, 0x03, 0xD0, 0x3C, 0x7C, 0x0F, 0x00, 0x3D, 0x03, 0xC7, 0xC0,
    0xF0, 0x03, 0xD0, 0x3C, 0x7C, 0x0F, 0x40, 0x3D, 0x07, 0xC3, 0xC0, 0xF8, 0x03, 0xD0, 0xB8, 0x3D,
    0x07, 0xE0, 0x3E, 0x1F, 0x02, 0xE0, 0x2F, 0xFF, 0xFF, 0xD0, 0x0F, 0x40, 0x7F, 0xDB, 0xF4, 0x00,
    0xBC, 0x00, 0x00, 0x00, 0x00, 0x03, 0xF4, 0x00, 0x00, 0x00, 0x00, 0x0F, 0xF4, 0x00, 0x40, 0x00,
    0x00, 0x2F, 0xFF, 0xFD, 0x00, 0x00, 0x00, 0x1B, 0xFF, 0x80, 0x00, 0x00, 0x03, 0xE0, 0x00, 0x00,
    0x02, 0xFC, 0x00, 0x00, 0x00, 0xFF, 0x80, 0x00, 0x00, 0xBE, 0xF0, 0x00, 0x00, 0x3D, 0x3E, 0x00,
    0x00, 0x1F, 0x0B, 0xC0, 0x00, 0x0F, 0x80, 0xF4, 0x00, 0x03, 0xC0, 0x3E, 0x00, 0x02, 0xF0, 0x07,
    0xC0, 0x00, 0xF4, 0x00, 0xF8, 0x00, 0x7C, 0x00, 0x2F, 0x00, 0x2F, 0xFF, 0xFF, 0xD0, 0x0F, 0xFF,
    0xFF, 0xF8, 0x07, 0xC0, 0x00, 0x2F, 0x03, 0xE0, 0x00, 0x03, 0xD0, 0xF4, 0x00, 0x00, 0xFC, 0xBC,
    0x00, 0x00, 0x1F, 0x00, 0xBF, 0xFF, 0x80, 0x3F, 0xFF, 0xFE, 0x0F, 0x80, 0x1F, 0xD3, 0xE0, 0x00,
    0xFC, 0xF8, 0x00, 0x2F, 0x3E, 0x00, 0x0F, 0x8F, 0x80, 0x1B, 0xC3, 0xFF, 0xFF, 0xC0, 0xFF, 0xFF,
    0xFC, 0x3E, 0x00, 0x1F, 0xCF, 0x80, 0x00, 0xFB, 0xE0, 0x00, 0x3E, 0xF8, 0x00, 0x0F, 0xBE, 0x00,
    0x03, 0xEF, 0x80, 0x1B, 0xF3, 0xFF, 0xFF, 0xF0, 0xBF, 0xFF, 0x90, 0x00, 0x00, 0x1B, 0xFE, 0x40,
    0x1F, 0xFF, 0xFE, 0x07, 0xF4, 0x01, 0xD0, 0xFC, 0x00, 0x00, 0x2F, 0x00, 0x00, 0x03, 0xE0, 0x00,
    0x00, 0x7D, 0x00, 0x00, 0x07, 0xC0, 0x00, 0x00, 0xBC, 0x00, 0x00, 0x07, 0xC0, 0x00, 0x00, 0x7C,
    0x00, 0x00, 0x03, 0xE0, 0x00, 0x00, 0x3F, 0x00, 0x00, 0x01, 0xF8, 0x00, 0x00, 0x0B, 0xF4, 0x01,
    0x90, 0x1F, 0xFF, 0xFE, 0x00, 0x1F, 0xFE, 0x40, 0xBF, 0xFE, 0x80, 0x03, 0xFF, 0xFF, 0xE0, 0x0F,
    0x80, 0x1B, 0xF0, 0x3E, 0x00, 0x07, 0xF0, 0xF8, 0x00, 0x07, 0xE3, 0xE0, 0x00, 0x0F, 0xCF, 0x80,
    0x00, 0x1F, 0x3E, 0x00, 0x00, 0x7D, 0xF8, 0x00, 0x00, 0xF7, 0xE0, 0x00, 0x07, 0xDF, 0x80, 0x00,
    0x1F, 0x3E, 0x00, 0x00, 0xFC, 0xF8, 0x00, 0x07, 0xE3, 0xE0, 0x00, 0x7F, 0x0F, 0x80, 0x1B, 0xF0,
    0x3F, 0xFF, 0xFE, 0x00, 0xBF, 0xFE, 0x80, 0x00, 0xFF, 0xFF, 0xF8, 0xFF, 0xFF, 0xF8, 0xF8, 0x00,
    0x00, 0xF8, 0x00, 0x00, 0xF8, 0x00, 0x00, 0xF8, 0x00, 0x00, 0xF8, 0x00, 0x00, 0xFF, 0xFF, 0xF0,
    0xFF, 0xFF, 0xF0, 0xF8, 0x00, 0x00, 0xF8, 0x00, 0x00, 0xF8, 0x00, 0x00, 0xF8, 0x00, 0x00, 0xF8,
    0x00, 0x00, 0xF8, 0x00, 0x00, 0xFF, 0xFF, 0xFD, 0xFF, 0xFF, 0xFD, 0xFF, 0xFF, 0xFB, 0xFF, 0xFF,
    0xEF, 0x80, 0x00, 0x3E, 0x00, 0x00, 0xF8, 0x00, 0x03, 0xE0, 0x00, 0x0F, 0x80, 0x00, 0x3F, 0xFF,
    0xF8, 0xFF, 0xFF, 0xE3, 0xE0, 0x00, 0x0F, 0x80, 0x00, 0x3E, 0x00, 0x00, 0xF8, 0x00, 0x03, 0xE0,
    0x00, 0x0F, 0x80, 0x00, 0x3E, 0x00, 0x00, 0xF8, 0x00, 0x00, 0x00, 0x1B, 0xFE, 0x40, 0x07, 0xFF,
    0xFF, 0xC0, 0x7F, 0x40, 0x1A, 0x03, 0xF0, 0x00, 0x00, 0x2F, 0x00, 0x00, 0x00, 0xF8, 0x00, 0x00,
    0x07, 0xD0, 0x00, 0x00, 0x1F, 0x00, 0x00, 0x00, 0xBC, 0x00, 0x00, 0x01, 0xF0, 0x00, 0x07, 0xC7,
    0xC0, 0x00, 0x1F, 0x0F, 0x80, 0x00, 0x7C, 0x3F, 0x00, 0x01, 0xF0, 0x7F, 0x00, 0x07, 0xC0, 0xBF,
    0x40, 0x1F, 0x00, 0x7F, 0xFF, 0xFC, 0x00, 0x1F, 0xFF, 0x90, 0xF8, 0x00, 0x03, 0xDF, 0x80, 0x00,
    0x3D, 0xF8, 0x00, 0x03, 0xDF, 0x80, 0x00, 0x3D, 0xF8, 0x00, 0x03, 0xDF, 0x80, 0x00, 0x3D, 0xF8,
    0x00, 0x03, 0xDF, 0xFF, 0xFF, 0xFD, 0xFF, 0xFF, 0xFF, 0xDF, 0x80, 0x00, 0x3D, 0xF8, 0x00, 0x03,
    0xDF, 0x80, 0x00, 0x3D, 0xF8, 0x00, 0x03, 0xDF, 0x80, 0x00, 0x3D, 0xF8, 0x00, 0x03, 0xDF, 0x80,
    0x00, 0x3D, 0xF8, 0x00, 0x03, 0xD0, 0xFB, 0xEF, 0xBE, 0xFB, 0xEF, 0xBE, 0xFB, 0xEF, 0xBE, 0xFB,
    0xEF, 0xBE, 0xF8, 0x00, 0x00, 0xF4, 0x00, 0x03, 0xD0, 0x00, 0x0F, 0x40, 0x00, 0x3D, 0x00, 0x00,
    0xF4, 0x00, 0x03, 0xD0, 0x00, 0x0F, 0x40, 0x00, 0x3D, 0x00, 0x00, 0xF4, 0x00, 0x03, 0xD0, 0x00,
    0x0F, 0x40, 0x00, 0x3D, 0x00, 0x00, 0xF4, 0x00, 0x07, 0xC3, 0x40, 0x7F, 0x2F, 0xFF, 0xF0, 0x1B,
    0xFE, 0x00, 0xF8, 0x00, 0x2F, 0x4F, 0x80, 0x0B, 0xD0, 0xF8, 0x02, 0xF4, 0x0F, 0x80, 0xBD, 0x00,
    0xF8, 0x2F, 0x40, 0x0F, 0x8B, 0xD0, 0x00, 0xFA, 0xF4, 0x00, 0x0F, 0xFD, 0x00, 0x00, 0xFF, 0xF4,
    0x00, 0x0F, 0xAF, 0xD0, 0x00, 0xF8, 0x7F, 0x40, 0x0F, 0x81, 0xFD, 0x00, 0xF8, 0x03, 0xF4, 0x0F,
    0x80, 0x0F, 0xC0, 0xF8, 0x00, 0x3F, 0x0F, 0x80, 0x01, 0xF8, 0xF8, 0x00, 0x0B, 0xD0, 0xF8, 0x00,
    0x03, 0xE0, 0x00, 0x0F, 0x80, 0x00, 0x3E, 0x00, 0x00, 0xF8, 0x00, 0x03, 0xE0, 0x00, 0x0F, 0x80,
    0x00, 0x3E, 0x00, 0x00, 0xF8, 0x00, 0x03, 0xE0, 0x00, 0x0F, 0x80, 0x00, 0x3E, 0x00, 0x00, 0xF8,
    0x00, 0x03, 0xE0, 0x00, 0x0F, 0x80, 0x00, 0x3F, 0xFF, 0xFE, 0xFF, 0xFF, 0xF8, 0x0F, 0x40, 0x00,
    0x02, 0xF0, 0x0F, 0xC0, 0x00, 0x03, 0xF0, 0x1F, 0xD0, 0x00, 0x0B, 0xF0, 0x1E, 0xB0, 0x00, 0x0D,
    0xF0, 0x2E, 0x34, 0x00, 0x2C, 0xF0, 0x2E, 0x28, 0x00, 0x34, 0xB4, 0x2D, 0x1C, 0x00, 0x70, 0xB4,
    0x3D, 0x0E, 0x00, 0xE0, 0xB8, 0x3D, 0x0B, 0x00, 0xD0, 0xB8, 0x3D, 0x03, 0x42, 0xC0, 0xB8, 0x3D,
    0x03, 0xC3, 0x80, 0xB8, 0x3D, 0x01, 0xD7, 0x00, 0x7C, 0x3C, 0x00, 0xEF, 0x00, 0x7C, 0x3C, 0x00,
    0xBD, 0x00, 0x7C, 0x3C, 0x00, 0x7C, 0x00, 0x7C, 0x7C, 0x00, 0x00, 0x00, 0x7C, 0x7C, 0x00, 0x00,
    0x00, 0x7C, 0xF8, 0x00, 0x01, 0xF3, 0xF4, 0x00, 0x07, 0xCF, 0xF4, 0x00, 0x1F, 0x3F, 0xF0, 0x00,
    0x7C, 0xFB, 0xF0, 0x01, 0xF3, 0xE3, 0xE0, 0x07, 0xCF, 0x83, 0xD0, 0x1F, 0x3E, 0x07, 0xC0, 0x7C,
    0xF8, 0x0B, 0xC1, 0xF3, 0xE0, 0x0F, 0x87, 0xCF, 0x80, 0x1F, 0x5F, 0x3E, 0x00, 0x2F, 0x7C, 0xF8,
    0x00, 0x3F, 0xF3, 0xE0, 0x00, 0x3F, 0xCF, 0x80, 0x00, 0xBF, 0x3E, 0x00, 0x00, 0xFC, 0xF8, 0x00,
    0x01, 0xF0, 0x00, 0x1B, 0xFE, 0x00, 0x00, 0x7F, 0xFF, 0xF8, 0x00, 0x7F, 0x40, 0x6F, 0xC0, 0x3F,
    0x00, 0x01, 0xF8, 0x2F, 0x00, 0x00, 0x2F, 0x0F, 0x80, 0x00, 0x03, 0xE7, 0xC0, 0x00, 0x00, 0xFD,
    0xF0, 0x00, 0x00, 0x2F, 0xBC, 0x00, 0x00, 0x0B, 0xDF, 0x00, 0x00, 0x02, 0xF7, 0xC0, 0x00, 0x00,
    0xFC, 0xF8, 0x00, 0x00, 0x3E, 0x2F, 0x00, 0x00, 0x2F, 0x03, 0xF0, 0x00, 0x1F, 0x80, 0x7F, 0x40,
    0x6F, 0xC0, 0x07, 0xFF, 0xFF, 0x80, 0x00, 0x1B, 0xFE, 0x00, 0x00, 0xBF, 0xFE, 0x40, 0x3F, 0xFF,
    0xFD, 0x0F, 0x80, 0x1F, 0xD3, 0xE0, 0x00, 0xFC, 0xF8, 0x00, 0x1F, 0x3E, 0x00, 0x03, 0xDF, 0x80,
    0x01, 0xF3, 0xE0, 0x00, 0xFC, 0xF8, 0x01, 0xFD, 0x3F, 0xFF, 0xFE, 0x0F, 0xFF, 0xE4, 0x03, 0xE0,
    0x00, 0x00, 0xF8, 0x00, 0x00, 0x3E, 0x00, 0x00, 0x0F, 0x80, 0x00, 0x03, 0xE0, 0x00, 0x00, 0xF8,
    0x00, 0x00, 0x00, 0x00, 0x1B, 0xFE, 0x00, 0x00, 0x7F, 0xFF, 0xF8, 0x00, 0x7F, 0x40, 0x6F, 0xC0,
    0x3F, 0x00, 0x01, 0xF8, 0x2F, 0x00, 0x00, 0x2F, 0x0F, 0x80, 0x00, 0x03, 0xE7, 0xC0, 0x00, 0x00,
    0xFD, 0xF0, 0x00, 0x00, 0x2F, 0xBC, 0x00, 0x00, 0x0B, 0xDF, 0x00, 0x00, 0x02, 0xF7, 0xC0, 0x00,
    0x00, 0xFC, 0xF8, 0x00, 0x00, 0x3E, 0x2F, 0x00, 0x00, 0x2F, 0x03, 0xF0, 0x00, 0x1F, 0x80, 0x7F,
    0x40, 0x6F, 0xC0, 0x07, 0xFF, 0xFF, 0x80, 0x00, 0x1B, 0xFE, 0x00, 0x00, 0x00, 0x3E, 0x00, 0x00,
    0x00, 0x07, 0xD0, 0x00, 0x00, 0x00, 0xBF, 0x90, 0x00, 0x00, 0x0B, 0xFE, 0x00, 0x00, 0x00, 0x1B,
    0x40, 0xBF, 0xFF, 0x80, 0x0F, 0xFF, 0xFF, 0x80, 0xF8, 0x01, 0xFD, 0x0F, 0x80, 0x03, 0xF0, 0xF8,
    0x00, 0x1F, 0x0F, 0x80, 0x01, 0xF0, 0xF8, 0x00, 0x2F, 0x0F, 0x80, 0x1B, 0xD0, 0xFF, 0xFF, 0xF8,
    0x0F, 0xFF, 0xFC, 0x00, 0xF8, 0x0B, 0xD0, 0x0F, 0x80, 0x3F, 0x00, 0xF8, 0x00, 0xF8, 0x0F, 0x80,
    0x07, 0xD0, 0xF8, 0x00, 0x3F, 0x0F, 0x80, 0x00, 0xF8, 0xF8, 0x00, 0x0B, 0xC0, 0x01, 0xBF, 0xE4,
    0x02, 0xFF, 0xFF, 0x81, 0xF8, 0x01, 0x80, 0xBC, 0x00, 0x00, 0x2F, 0x00, 0x00, 0x07, 0xE0, 0x00,
    0x00, 0xBF, 0x00, 0x00, 0x07, 0xF8, 0x00, 0x00, 0x1F, 0xD0, 0x00, 0x00, 0xBF, 0x00, 0x00, 0x07,
    0xF0, 0x00, 0x00, 0x7D, 0x00, 0x00, 0x0F, 0x80, 0x00, 0x07, 0xD2, 0x90, 0x07, 0xF0, 0xFF, 0xFF,
    0xF4, 0x06, 0xFF, 0xE0, 0x00, 0xBF, 0xFF, 0xFF, 0xEB, 0xFF, 0xFF, 0xFE, 0x00, 0x0F, 0x40, 0x00,
    0x00, 0xF4, 0x00, 0x00, 0x0F, 0x40, 0x00, 0x00, 0xF4, 0x00, 0x00, 0x0F, 0x40, 0x00, 0x00, 0xF4,
    0x00, 0x00, 0x0F, 0x40, 0x00, 0x00, 0xF4, 0x00, 0x00, 0x0F, 0x40, 0x00, 0x00, 0xF4, 0x00, 0x00,
    0x0F, 0x40, 0x00, 0x00, 0xF4, 0x00, 0x00, 0x0F, 0x40, 0x00, 0x00, 0xF4, 0x00, 0x00, 0x0F, 0x40,
    0x00, 0xF4, 0x00, 0x07, 0xCF, 0x40, 0x00, 0x7C, 0xF4, 0x00, 0x07, 0xCF, 0x40, 0x00, 0x7C, 0xF4,
    0x00, 0x07, 0xCF, 0x40, 0x00, 0x7C, 0xF4, 0x00, 0x07, 0xCF, 0x40, 0x00, 0x7C, 0xF4, 0x00, 0x07,
    0xCF, 0x40, 0x00, 0x7C, 0xF4, 0x00, 0x07, 0xCF, 0x80, 0x00, 0x7C, 0xBC, 0x00, 0x0B, 0xC7, 0xD0,
    0x00, 0xF8, 0x3F, 0x40, 0x7F, 0x00, 0xFF, 0xFF, 0xC0, 0x01, 0xBF, 0xD0, 0x00, 0xBC, 0x00, 0x00,
    0x2F, 0x0F, 0x40, 0x00, 0x0F, 0x83, 0xF0, 0x00, 0x07, 0xD0, 0xBC, 0x00, 0x02, 0xF0, 0x0F, 0x80,
    0x00, 0xF8, 0x03, 0xF0, 0x00, 0x7C, 0x00, 0x7D, 0x00, 0x3E, 0x00, 0x0F, 0x80, 0x0F, 0x40, 0x02,
    0xF0, 0x0B, 0xC0, 0x00, 0x3D, 0x03, 0xE0, 0x00, 0x0F, 0xC1, 0xF0, 0x00, 0x01, 0xF4, 0xF8, 0x00,
    0x00, 0x3E, 0x3D, 0x00, 0x00, 0x07, 0xFF, 0x00, 0x00, 0x00, 0xFF, 0x40, 0x00, 0x00, 0x2F, 0xC0,
    0x00, 0x00, 0x03, 0xE0, 0x00, 0x00, 0x3D, 0x00, 0x00, 0x00, 0x00, 0xF4, 0xF8, 0x00, 0x00, 0x00,
    0x03, 0xC3, 0xE0, 0x00, 0xBC, 0x00, 0x1F, 0x0B, 0xC0, 0x03, 0xF0, 0x00, 0xBC, 0x1F, 0x00, 0x0F,
    0xE0, 0x03, 0xE0, 0x3D, 0x00, 0xBF, 0xC0, 0x0F, 0x40, 0xF8, 0x03, 0xDF, 0x00, 0x3C, 0x03, 0xE0,
    0x0F, 0x2E, 0x01, 0xF0, 0x0B, 0xC0, 0xB8, 0x7C, 0x0B, 0x80, 0x1F, 0x03, 0xD0, 0xF0, 0x3D, 0x00,
    0x3D, 0x1F, 0x02, 0xE0, 0xF0, 0x00, 0xF8, 0xB8, 0x07, 0xC7, 0xC0, 0x02, 0xF3, 0xC0, 0x0F, 0x6E,
    0x00, 0x03, 0xEE, 0x00, 0x2F, 0xF4, 0x00, 0x0F, 0xF4, 0x00, 0x3F, 0xC0, 0x00, 0x2F, 0xC0, 0x00,
    0xBF, 0x00, 0x00, 0x3E, 0x00, 0x01, 0xF4, 0x00, 0x3F, 0x00, 0x01, 0xF8, 0x0F, 0x80, 0x03, 0xF0,
    0x07, 0xD0, 0x0B, 0xC0, 0x03, 0xF0, 0x1F, 0x40, 0x00, 0xF8, 0x3F, 0x00, 0x00, 0x7D, 0xBC, 0x00,
    0x00, 0x2F, 0xF4, 0x00, 0x00, 0x0F, 0xE0, 0x00, 0x00, 0x0B, 0xD0, 0x00, 0x00, 0x1F, 0xF0, 0x00,
    0x00, 0x3E, 0xFC, 0x00, 0x00, 0xFC, 0x3E, 0x00, 0x02, 0xF0, 0x1F, 0x40, 0x07, 0xD0, 0x0B, 0xC0,
    0x0F, 0xC0, 0x03, 0xE0, 0x2F, 0x00, 0x01, 0xF4, 0x3E, 0x00, 0x00, 0xFC, 0xBD, 0x00, 0x00, 0xF8,
    0xFC, 0x00, 0x0B, 0xC1, 0xF4, 0x00, 0x7D, 0x03, 0xF0, 0x03, 0xF0, 0x03, 0xE0, 0x1F, 0x00, 0x0B,
    0xC0, 0xF8, 0x00, 0x0F, 0xCB, 0xC0, 0x00, 0x1F, 0xBD, 0x00, 0x00, 0x2F, 0xE0, 0x00, 0x00, 0x3F,
    0x00, 0x00, 0x00, 0xB8, 0x00, 0x00, 0x02, 0xE0, 0x00, 0x00, 0x0B, 0x80, 0x00, 0x00, 0x2E, 0x00,
    0x00, 0x00, 0xB8, 0x00, 0x00, 0x02, 0xE0, 0x00, 0x00, 0x0B, 0x80, 0x00, 0x2F, 0xFF, 0xFF, 0xC2,
    0xFF, 0xFF, 0xFC, 0x00, 0x00, 0x1F, 0x80, 0x00, 0x03, 0xE0, 0x00, 0x00, 0xFC, 0x00, 0x00, 0x2F,
    0x00, 0x00, 0x07, 0xD0, 0x00, 0x00, 0xF8, 0x00, 0x00, 0x3F, 0x00, 0x00, 0x0B, 0xC0, 0x00, 0x01,
    0xF4, 0x00, 0x00, 0x3F, 0x00, 0x00, 0x0B, 0xC0, 0x00, 0x00, 0xF8, 0x00, 0x00, 0x3F, 0x00, 0x00,
    0x03, 0xFF, 0xFF, 0xFD, 0x3F, 0xFF, 0xFF, 0xD0, 0xBF, 0xF2, 0xFF, 0xCB, 0x80, 0x2E, 0x00, 0xB8,
    0x02, 0xE0, 0x0B, 0x80, 0x2E, 0x00, 0xB8, 0x02, 0xE0, 0x0B, 0x80, 0x2E, 0x00, 0xB8, 0x02, 0xE0,
    0x0B, 0x80, 0x2E, 0x00, 0xB8, 0x02, 0xE0, 0x0B, 0x80, 0x2E, 0x00, 0xB8, 0x02, 0xE0, 0x0B, 0x80,
    0x2F, 0xFC, 0xBF, 0xF0, 0x7C, 0x00, 0x00, 0x3C, 0x00, 0x00, 0x3E, 0x00, 0x00, 0x1F, 0x00, 0x00,
    0x0F, 0x00, 0x00, 0x0B, 0x80, 0x00, 0x07, 0xC0, 0x00, 0x03, 0xD0, 0x00, 0x02, 0xE0, 0x00, 0x01,
    0xF0, 0x00, 0x00, 0xF4, 0x00, 0x00, 0xB8, 0x00, 0x00, 0x7C, 0x00, 0x00, 0x3D, 0x00, 0x00, 0x2E,
    0x00, 0x00, 0x1F, 0x00, 0x00, 0x0F, 0x40, 0x00, 0x0B, 0x80, 0x00, 0x07, 0xC0, 0x00, 0x03, 0xD0,
    0x00, 0x02, 0xE0, 0x00, 0x01, 0xF0, 0x00, 0x00, 0xF4, 0x00, 0x00, 0xB8, 0x00, 0x00, 0x7C, 0xFF,
    0xFF, 0xFF, 0x01, 0xF0, 0x1F, 0x01, 0xF0, 0x1F, 0x01, 0xF0, 0x1F, 0x01, 0xF0, 0x1F, 0x01, 0xF0,
    0x1F, 0x01, 0xF0, 0x1F, 0x01, 0xF0, 0x1F, 0x01, 0xF0, 0x1F, 0x01, 0xF0, 0x1F, 0x01, 0xF0, 0x1F,
    0x01, 0xFF, 0xFF, 0xFF, 0xF0, 0x00, 0x7D, 0x00, 0x00, 0xFF, 0x00, 0x01, 0xFB, 0x80, 0x03, 0xC3,
    0xC0, 0x0B, 0x82, 0xF0, 0x1F, 0x00, 0xF4, 0x3D, 0x00, 0x7C, 0x7C, 0x00, 0x3E, 0x24, 0x00, 0x0D,
    0x3F, 0xFF, 0xFF, 0xD3, 0xFF, 0xFF, 0xFD, 0x24, 0x03, 0xC0, 0x0F, 0x00, 0x7C, 0x01, 0x80, 0x1B,
    0xFE, 0x00, 0x7F, 0xFF, 0x00, 0x40, 0x7F, 0x00, 0x00, 0x7C, 0x00, 0x00, 0xF0, 0x1F, 0xFF, 0xC3,
    0xFF, 0xFF, 0x2F, 0x40, 0x3C, 0xF8, 0x00, 0xF3, 0xE0, 0x03, 0xCB, 0xD0, 0x0F, 0x0F, 0xFF, 0xFC,
    0x0B, 0xFF, 0xE0, 0xB4, 0x00, 0x00, 0xF4, 0x00, 0x00, 0xF4, 0x00, 0x00, 0xF4, 0x00, 0x00, 0xF4,
    0x00, 0x00, 0xF4, 0x00, 0x00, 0xFA, 0xFE, 0x40, 0xFF, 0xFF, 0xE0, 0xFD, 0x02, 0xF4, 0xF4, 0x00,
    0xBC, 0xF4, 0x00, 0x7C, 0xF4, 0x00, 0x3D, 0xF4, 0x00, 0x3D, 0xF4, 0x00, 0x3D, 0xF4, 0x00, 0x7C,
    0xF4, 0x00, 0xFC, 0xF4, 0x07, 0xF4, 0xFF, 0xFF, 0xD0, 0x6F, 0xFE, 0x00, 0x01, 0xBF, 0xD0, 0x2F,
    0xFF, 0x82, 0xF8, 0x04, 0x0F, 0x80, 0x00, 0x7C, 0x00, 0x02, 0xF0, 0x00, 0x0B, 0x80, 0x00, 0x2F,
    0x00, 0x00, 0x7C, 0x00, 0x00, 0xF8, 0x00, 0x02, 0xF8, 0x01, 0x02, 0xFF, 0xFC, 0x01, 0xBF, 0xE0,
    0x00, 0x00, 0x1E, 0x00, 0x00, 0x2E, 0x00, 0x00, 0x2E, 0x00, 0x00, 0x2E, 0x00, 0x00, 0x2E, 0x00,
    0x00, 0x2E, 0x01, 0xFF, 0xAE, 0x0F, 0xFF, 0xFE, 0x2F, 0x40, 0x7E, 0x3D, 0x00, 0x2E, 0x7C, 0x00,
    0x2E, 0xBC, 0x00, 0x2E, 0xB8, 0x00, 0x2E, 0xBC, 0x00, 0x2E, 0x7C, 0x00, 0x2E, 0x3E, 0x00, 0x2E,
    0x2F, 0x80, 0x2E, 0x0B, 0xFF, 0xFE, 0x01, 0xBF, 0xF9, 0x01, 0xBF, 0x80, 0x0B, 0xFF, 0xF0, 0x2F,
    0x41, 0xFC, 0x3D, 0x00, 0x3D, 0x7C, 0x00, 0x3D, 0xBF, 0xFF, 0xFE, 0xBF, 0xFF, 0xFE, 0xBC, 0x00,
    0x00, 0x7C, 0x00, 0x00, 0x3E, 0x00, 0x00, 0x2F, 0x80, 0x14, 0x0B, 0xFF, 0xF8, 0x01, 0xBF, 0xE4,
    0x0B, 0xFE, 0x3F, 0xFE, 0x7D, 0x00, 0xF8, 0x00, 0xF4, 0x00, 0xF4, 0x00, 0xFF, 0xFD, 0xFF, 0xFD,
    0xF4, 0x00, 0xF4, 0x00, 0xF4, 0x00, 0xF4, 0x00, 0xF4, 0x00, 0xF4, 0x00, 0xF4, 0x00, 0xF4, 0x00,
    0xF4, 0x00, 0xF4, 0x00, 0xF4, 0x00, 0x01, 0xBF, 0xE8, 0x0B, 0xFF, 0xFD, 0x2F, 0x80, 0x3D, 0x3E,
    0x00, 0x3D, 0x7C, 0x00, 0x3D, 0xBC, 0x00, 0x3D, 0xB8, 0x00, 0x3D, 0xBC, 0x00, 0x3D, 0xBC, 0x00,
    0x3D, 0x3D, 0x00, 0x3D, 0x2F, 0x40, 0xBD, 0x0F, 0xFF, 0xFD, 0x01, 0xFF, 0x7D, 0x00, 0x00, 0x3D,
    0x00, 0x00, 0x7C, 0x14, 0x01, 0xFC, 0x3F, 0xFF, 0xF0, 0x1B, 0xFF, 0x40, 0xB4, 0x00, 0x03, 0xD0,
    0x00, 0x0F, 0x40, 0x00, 0x3D, 0x00, 0x00, 0xF4, 0x00, 0x03, 0xD0, 0x00, 0x0F, 0xBF, 0xE0, 0x3F,
    0xFF, 0xF4, 0xF8, 0x07, 0xF3, 0xD0, 0x07, 0xCF, 0x40, 0x0F, 0x7D, 0x00, 0x3D, 0xF4, 0x00, 0xFB,
    0xD0, 0x03, 0xEF, 0x40, 0x0F, 0xBD, 0x00, 0x3E, 0xF4, 0x00, 0xFB, 0xD0, 0x03, 0xEF, 0x40, 0x0F,
    0x80, 0x3D, 0x3D, 0x00, 0x00, 0x00, 0x3D, 0x3D, 0x3D, 0x3D, 0x3D, 0x3D, 0x3D, 0x3D, 0x3D, 0x3D,
    0x3D, 0x3D, 0x3D, 0x00, 0xF4, 0x03, 0xD0, 0x00, 0x00, 0x00, 0x00, 0x00, 0x03, 0xD0, 0x0F, 0x40,
    0x3D, 0x00, 0xF4, 0x03, 0xD0, 0x0F, 0x40, 0x3D, 0x00, 0xF4, 0x03, 0xD0, 0x0F, 0x40, 0x3D, 0x00,
    0xF4, 0x03, 0xD0, 0x0F, 0x40, 0x3C, 0x03, 0xF2, 0xFF, 0x4B, 0xF4, 0x00, 0xB4, 0x00, 0x03, 0xD0,
    0x00, 0x0F, 0x40, 0x00, 0x3D, 0x00, 0x00, 0xF4, 0x00, 0x03, 0xD0, 0x00, 0x0F, 0x40, 0x3E, 0x3D,
    0x03, 0xE0, 0xF4, 0x3E, 0x03, 0xD3, 0xE0, 0x0F, 0xBE, 0x00, 0x3F, 0xF0, 0x00, 0xFF, 0xF0, 0x03,
    0xDB, 0xE0, 0x0F, 0x4B, 0xE0, 0x3D, 0x0B, 0xD0, 0xF4, 0x0F, 0xC3, 0xD0, 0x0F, 0xCF, 0x40, 0x1F,
    0x40, 0x2D, 0x03, 0xD0, 0x3D, 0x03, 0xD0, 0x3D, 0x03, 0xD0, 0x3D, 0x03, 0xD0, 0x3D, 0x03, 0xD0,
    0x3D, 0x03, 0xD0, 0x3D, 0x03, 0xD0, 0x3D, 0x03, 0xD0, 0x3F, 0x02, 0xFC, 0x0B, 0xC0, 0x6F, 0xFE,
    0x0B, 0xFD, 0x0F, 0xFF, 0xFF, 0xFF, 0xF8, 0xF4, 0x07, 0xF4, 0x0B, 0xCF, 0x40, 0x2E, 0x00, 0x3D,
    0xF4, 0x01, 0xF0, 0x03, 0xEF, 0x40, 0x1F, 0x00, 0x2E, 0xF4, 0x01, 0xF0, 0x02, 0xEF, 0x40, 0x1F,
    0x00, 0x2E, 0xF4, 0x01, 0xF0, 0x02, 0xEF, 0x40, 0x1F, 0x00, 0x2E, 0xF4, 0x01, 0xF0, 0x02, 0xEF,
    0x40, 0x1F, 0x00, 0x2E, 0xF4, 0x01, 0xF0, 0x02, 0xE0, 0x6F, 0xFE, 0x03, 0xFF, 0xFF, 0x4F, 0x40,
    0x7F, 0x3D, 0x00, 0x7C, 0xF4, 0x00, 0xF7, 0xD0, 0x03, 0xDF, 0x40, 0x0F, 0xBD, 0x00, 0x3E, 0xF4,
    0x00, 0xFB, 0xD0, 0x03, 0xEF, 0x40, 0x0F, 0xBD, 0x00, 0x3E, 0xF4, 0x00, 0xF8, 0x01, 0xBF, 0x80,
    0x02, 0xFF, 0xFD, 0x02, 0xF8, 0x0B, 0xD0, 0xF8, 0x00, 0xFC, 0x7C, 0x00, 0x1F, 0x2F, 0x00, 0x03,
    0xDB, 0x80, 0x00, 0xF6, 0xF0, 0x00, 0x3D, 0x7C, 0x00, 0x1F, 0x0F, 0x80, 0x0F, 0xC2, 0xF8, 0x0B,
    0xD0, 0x2F, 0xFF, 0xD0, 0x01, 0xBF, 0x80, 0x00, 0x6F, 0xFE, 0x00, 0xFF, 0xFF, 0xD0, 0xF4, 0x07,
    0xF4, 0xF4, 0x00, 0xFC, 0xF4, 0x00, 0x7C, 0xF4, 0x00, 0x3D, 0xF4, 0x00, 0x3D, 0xF4, 0x00, 0x3D,
    0xF4, 0x00, 0x7C, 0xF4, 0x00, 0xBC, 0xFD, 0x02, 0xF4, 0xFF, 0xFF, 0xE0, 0xFA, 0xFE, 0x40, 0xF4,
    0x00, 0x00, 0xF4, 0x00, 0x00, 0xF4, 0x00, 0x00, 0xF4, 0x00, 0x00, 0xF4, 0x00, 0x00, 0x01, 0xBF,
    0xF9, 0x0B, 0xFF, 0xFE, 0x2F, 0x80, 0x2E, 0x3E, 0x00, 0x2E, 0x7C, 0x00, 0x2E, 0xBC, 0x00, 0x2E,
    0xB8, 0x00, 0x2E, 0xBC, 0x00, 0x2E, 0x7C, 0x00, 0x2E, 0x3D, 0x00, 0x2E, 0x2F, 0x40, 0x7E, 0x0F,
    0xFF, 0xFE, 0x01, 0xFF, 0xAE, 0x00, 0x00, 0x2E, 0x00, 0x00, 0x2E, 0x00, 0x00, 0x2E, 0x00, 0x00,
    0x2E, 0x00, 0x00, 0x2E, 0x6F, 0xFC, 0xFF, 0xFC, 0xF4, 0x00, 0xF4, 0x00, 0xF4, 0x00, 0xF4, 0x00,
    0xF4, 0x00, 0xF4, 0x00, 0xF4, 0x00, 0xF4, 0x00, 0xF4, 0x00, 0xF4, 0x00, 0xF4, 0x00, 0x0B, 0xFE,
    0x03, 0xFF, 0xF4, 0xBD, 0x01, 0x0F, 0x80, 0x00, 0xBC, 0x00, 0x03, 0xF9, 0x00, 0x0B, 0xFD, 0x00,
    0x07, 0xF4, 0x00, 0x0B, 0xC0, 0x00, 0x3C, 0x50, 0x0B, 0xCF, 0xFF, 0xF4, 0x6F, 0xF9, 0x00, 0x2C,
    0x00, 0x0F, 0x00, 0x03, 0xC0, 0x00, 0xF0, 0x00, 0x3F, 0xFF, 0x0F, 0xFF, 0xC3, 0xC0, 0x00, 0xF0,
    0x00, 0x3C, 0x00, 0x0F, 0x00, 0x03, 0xC0, 0x00, 0xF0, 0x00, 0x3C, 0x00, 0x0F, 0x40, 0x03, 0xF0,
    0x10, 0x7F, 0xFD, 0x06, 0xFE, 0x00, 0x3C, 0x00, 0x3D, 0x3C, 0x00, 0x3D, 0x3C, 0x00, 0x3D, 0x3C,
    0x00, 0x3D, 0x3C, 0x00, 0x3D, 0x3C, 0x00, 0x3D, 0x3C, 0x00, 0x3D, 0x3C, 0x00, 0x3D, 0x3D, 0x00,
    0x3D, 0x3E, 0x00, 0x3D, 0x1F, 0x80, 0x3D, 0x0F, 0xFF, 0xFD, 0x01, 0xFF, 0xE8, 0x7C, 0x00, 0x1F,
    0x0F, 0x40, 0x0B, 0x83, 0xE0, 0x03, 0xD0, 0xBC, 0x01, 0xF0, 0x0F, 0x40, 0xBC, 0x03, 0xE0, 0x3D,
    0x00, 0x7C, 0x1F, 0x00, 0x0F, 0x4F, 0x80, 0x02, 0xF3, 0xC0, 0x00, 0x7F, 0xF0, 0x00, 0x0F, 0xF4,
    0x00, 0x01, 0xFC, 0x00, 0x00, 0x3E, 0x00, 0x00, 0x7C, 0x00, 0x7C, 0x00, 0xBC, 0xF4, 0x02, 0xF0,
    0x03, 0xE3, 0xE0, 0x0F, 0xD0, 0x0F, 0x4B, 0xC0, 0x3F, 0x80, 0x7C, 0x1F, 0x01, 0xEF, 0x02, 0xE0,
    0x3D, 0x0B, 0x7C, 0x0F, 0x40, 0xB8, 0x3C, 0xB4, 0x3C, 0x01, 0xF0, 0xE1, 0xE1, 0xF0, 0x03, 0xDB,
    0x43, 0xCF, 0x40, 0x0B, 0xBC, 0x0B, 0xBC, 0x00, 0x1F, 0xE0, 0x1F, 0xE0, 0x00, 0x3F, 0x40, 0x3F,
    0x40, 0x00, 0x7C, 0x00, 0xBC, 0x00, 0x3E, 0x00, 0x3E, 0x07, 0xD0, 0x2F, 0x00, 0xBC, 0x1F, 0x00,
    0x0F, 0x8F, 0x40, 0x00, 0xFF, 0xC0, 0x00, 0x2F, 0xC0, 0x00, 0x03, 0xF0, 0x00, 0x03, 0xFE, 0x00,
    0x02, 0xF7, 0xD0, 0x01, 0xF0, 0xBC, 0x00, 0xF4, 0x0F, 0xC0, 0xB8, 0x00, 0xF4, 0x7C, 0x00, 0x2F,
    0x00, 0x7C, 0x00, 0x2F, 0x3D, 0x00, 0x3E, 0x3E, 0x00, 0x3D, 0x2F, 0x00, 0x7C, 0x0F, 0x40, 0xB8,
    0x0F, 0x80, 0xF4, 0x07, 0xC0, 0xF0, 0x03, 0xD1, 0xF0, 0x02, 0xE2, 0xD0, 0x00, 0xF3, 0xC0, 0x00,
    0xBF, 0x80, 0x00, 0x3F, 0x40, 0x00, 0x3F, 0x00, 0x00, 0x2E, 0x00, 0x00, 0x3C, 0x00, 0x01, 0xF8,
    0x00, 0xBF, 0xF0, 0x00, 0xBF, 0x40, 0x00, 0x3F, 0xFF, 0xF8, 0xFF, 0xFF, 0xE0, 0x00, 0x2F, 0x00,
    0x02, 0xF4, 0x00, 0x1F, 0x40, 0x01, 0xF8, 0x00, 0x0F, 0xC0, 0x00, 0xBC, 0x00, 0x07, 0xD0, 0x00,
    0x3E, 0x00, 0x03, 0xF0, 0x00, 0x0F, 0xFF, 0xFF, 0x3F, 0xFF, 0xFC, 0x00, 0xBC, 0x03, 0xFC, 0x07,
    0xD0, 0x0B, 0x80, 0x0B, 0x40, 0x0B, 0x40, 0x0B, 0x40, 0x0B, 0x40, 0x0B, 0x40, 0x0B, 0x40, 0x0F,
    0x00, 0x2E, 0x00, 0xFC, 0x00, 0xFE, 0x00, 0x2F, 0x00, 0x0F, 0x40, 0x0B, 0x40, 0x0B, 0x40, 0x0B,
    0x40, 0x0B, 0x40, 0x0B, 0x40, 0x0B, 0x80, 0x07, 0xD0, 0x03, 0xFC, 0x00, 0xBC, 0xBA, 0xEB, 0xAE,
    0xBA, 0xEB, 0xAE, 0xBA, 0xEB, 0xAE, 0xBA, 0xEB, 0xAE, 0xBA, 0xEB, 0xAE, 0xBA, 0xEB, 0xAE, 0xB8,
    0xF8, 0x00, 0xFF, 0x40, 0x0F, 0x80, 0x07, 0xC0, 0x03, 0xC0, 0x03, 0xC0, 0x03, 0xC0, 0x03, 0xC0,
    0x03, 0xC0, 0x03, 0xC0, 0x03, 0xD0, 0x01, 0xF0, 0x00, 0xFD, 0x01, 0xFD, 0x03, 0xF0, 0x03, 0xC0,
    0x03, 0xC0, 0x03, 0xC0, 0x03, 0xC0, 0x03, 0xC0, 0x03, 0xC0, 0x07, 0xC0, 0x0F, 0xC0, 0xFF, 0x40,
    0xF9, 0x00, 0x0F, 0xD0, 0x0A, 0x3F, 0xFD, 0x1E, 0xB4, 0x7F, 0xFC, 0xB0, 0x07, 0xF4, 0x2E, 0x0F,
    0xC2, 0xE0, 0x00, 0x00, 0x07, 0x01, 0xD0, 0xB4, 0x2E, 0x0B, 0x83, 0xE0, 0xF8, 0x3E, 0x0F, 0x83,
    0xE0, 0xF8, 0x3E, 0x0F, 0x80, 0x00, 0x3C, 0x00, 0x03, 0xC0, 0x00, 0x3C, 0x00, 0x1B, 0xFD, 0x0B,
    0xFF, 0xE2, 0xF4, 0x04, 0x3D, 0x00, 0x0B, 0xC0, 0x00, 0xF8, 0x00, 0x0F, 0x80, 0x00, 0xF8, 0x00,
    0x0B, 0xC0, 0x00, 0x7D, 0x00, 0x02, 0xF8, 0x01, 0x0F, 0xFF, 0xF0, 0x1F, 0xFE, 0x00, 0x3C, 0x00,
    0x03, 0xC0, 0x00, 0x3C, 0x00, 0x00, 0x2F, 0xF8, 0x00, 0xFF, 0xFD, 0x02, 0xF4, 0x04, 0x03, 0xE0,
    0x00, 0x03, 0xD0, 0x00, 0x03, 0xC0, 0x00, 0x03, 0xC0, 0x00, 0x03, 0xC0, 0x00, 0xBF, 0xFF, 0xF0,
    0xBF, 0xFF, 0xF0, 0x03, 0xC0, 0x00, 0x03, 0xC0, 0x00, 0x07, 0xC0, 0x00, 0x07, 0xC0, 0x00, 0x0B,
    0xC0, 0x00, 0x0B, 0xFF, 0xFF, 0x0F, 0xFF, 0xFF, 0x30, 0x00, 0x0C, 0xBD, 0xBF, 0x7F, 0x3F, 0xFF,
    0xFC, 0x0F, 0x41, 0xF4, 0x2E, 0x00, 0x78, 0x2C, 0x00, 0x3C, 0x2C, 0x00, 0x3C, 0x2E, 0x00, 0x78,
    0x0F, 0x41, 0xF4, 0x3F, 0xFF, 0xFC, 0xBD, 0xFF, 0x7F, 0x30, 0x00, 0x0C, 0x7D, 0x00, 0x03, 0xD2,
    0xF0, 0x00, 0xBC, 0x0F, 0x40, 0x0F, 0x00, 0xBC, 0x03, 0xE0, 0x03, 0xE0, 0x7C, 0x00, 0x1F, 0x4F,
    0x40, 0x00, 0xBE, 0xF0, 0x00, 0x03, 0xFC, 0x00, 0x0F, 0xFF, 0xFF, 0x40, 0xFF, 0xFF, 0xF4, 0x00,
    0x0F, 0x00, 0x00, 0x00, 0xF0, 0x00, 0x0F, 0xFF, 0xFF, 0x40, 0xFF, 0xFF, 0xF4, 0x00, 0x0F, 0x00,
    0x00, 0x00, 0xF0, 0x00, 0x00, 0x0F, 0x00, 0x00, 0xBA, 0xEB, 0xAE, 0xBA, 0xEB, 0xAE, 0xB9, 0x90,
    0x00, 0x00, 0x00, 0x2E, 0xBA, 0xEB, 0xAE, 0xBA, 0xEB, 0xAE, 0xB8, 0x02, 0xFF, 0x90, 0x7F, 0xFF,
    0x83, 0xE0, 0x19, 0x0F, 0x00, 0x00, 0x3E, 0x00, 0x00, 0x7F, 0x40, 0x00, 0xFF, 0xE0, 0x0F, 0x5B,
    0xF4, 0xB8, 0x03, 0xF3, 0xC0, 0x03, 0xCF, 0x40, 0x0F, 0x1F, 0x80, 0x7C, 0x2F, 0xE7, 0xD0, 0x1B,
    0xFD, 0x00, 0x01, 0xFC, 0x00, 0x00, 0xF8, 0x00, 0x02, 0xE1, 0x40, 0x1F, 0x8B, 0xFF, 0xFC, 0x1B,
    0xFF, 0x80, 0x2D, 0x0F, 0x0F, 0x87, 0xD2, 0xD0, 0xF0, 0x00, 0x0B, 0xFE, 0x40, 0x00, 0x0B, 0xFF,
    0xFF, 0x40, 0x03, 0xF4, 0x01, 0xFD, 0x00, 0xF8, 0x00, 0x01, 0xF0, 0x1E, 0x02, 0xFE, 0x07, 0xC3,
    0xC0, 0xFF, 0xF4, 0x3C, 0x3C, 0x3E, 0x01, 0x01, 0xD7, 0x83, 0xC0, 0x00, 0x0E, 0x74, 0x78, 0x00,
    0x00, 0xE7, 0x83, 0xC0, 0x00, 0x0E, 0x3C, 0x3E, 0x01, 0x01, 0xD3, 0xC1, 0xFF, 0xF8, 0x3C, 0x1E,
    0x02, 0xFE, 0x47, 0xC0, 0xF8, 0x00, 0x01, 0xF0, 0x03, 0xF4, 0x01, 0xFD, 0x00, 0x0B, 0xFF, 0xFF,
    0x40, 0x00, 0x0B, 0xFE, 0x40, 0x00, 0x0B, 0xF8, 0x03, 0xFF, 0xC0, 0x00, 0xB4, 0x1F, 0xFD, 0x2F,
    0xFF, 0x4F, 0x01, 0xD3, 0xC0, 0x74, 0xBF, 0xFD, 0x0B, 0xFF, 0x40, 0x00, 0xA0, 0x18, 0x01, 0xF0,
    0x3C, 0x03, 0xD0, 0xF8, 0x0F, 0x82, 0xF0, 0x2F, 0x07, 0xD0, 0x3E, 0x0F, 0xC0, 0x2F, 0x07, 0xD0,
    0x0F, 0x82, 0xF0, 0x03, 0xD0, 0xF8, 0x01, 0xF0, 0x3C, 0x00, 0xA0, 0x18, 0xBF, 0xFF, 0xFF, 0xBF,
    0xFF, 0xFF, 0x00, 0x00, 0x0F, 0x00, 0x00, 0x0F, 0x00, 0x00, 0x0F, 0x00, 0x00, 0x0F, 0x00, 0x00,
    0x0F, 0x00, 0x00, 0x0F, 0x00, 0x00, 0x0F, 0x7F, 0xFD, 0xFF, 0xF0, 0x00, 0x0B, 0xFE, 0x40, 0x00,
    0x0B, 0xFF, 0xFF, 0x40, 0x03, 0xF4, 0x01, 0xFD, 0x00, 0xF8, 0x00, 0x01, 0xF0, 0x1E, 0x0F, 0xFD,
    0x07, 0xC3, 0xC1, 0xFF, 0xF4, 0x3C, 0x3C, 0x1D, 0x07, 0xC1, 0xD7, 0x81, 0xD0, 0x7C, 0x0E, 0x74,
    0x1F, 0xFF, 0x40, 0xE7, 0x81, 0xFF, 0xD0, 0x0E, 0x3C, 0x1D, 0x1E, 0x01, 0xD3, 0xC1, 0xD0, 0x78,
    0x3C, 0x1E, 0x1D, 0x02, 0xD7, 0xC0, 0xF8, 0x00, 0x01, 0xF0, 0x03, 0xF4, 0x01, 0xFD, 0x00, 0x0B,
    0xFF, 0xFF, 0x40, 0x00, 0x0B, 0xFE, 0x40, 0x00, 0xFF, 0xFD, 0xFF, 0xFD, 0x0B, 0xE0, 0x2F, 0xFC,
    0x3C, 0x2D, 0x74, 0x0E, 0x3C, 0x2E, 0x2F, 0xFC, 0x0B, 0xE0, 0x00, 0x3C, 0x00, 0x00, 0x3C, 0x00,
    0x00, 0x3C, 0x00, 0x00, 0x3C, 0x00, 0x00, 0x3C, 0x00, 0xBF, 0xFF, 0xFF, 0xBF, 0xFF, 0xFF, 0x00,
    0x3C, 0x00, 0x00, 0x3C, 0x00, 0x00, 0x3C, 0x00, 0x00, 0x3C, 0x00, 0x00, 0x3C, 0x00, 0x00, 0x00,
    0x00, 0xBF, 0xFF, 0xFF, 0xBF, 0xFF, 0xFF, 0x1B, 0xF4, 0x3F, 0xFC, 0x24, 0x2D, 0x00, 0x2C, 0x00,
    0x38, 0x00, 0xE0, 0x07, 0x80, 0x0D, 0x00, 0x2F, 0xFF, 0x3F, 0xFF, 0x1F, 0xF4, 0x3F, 0xFC, 0x14,
    0x3C, 0x07, 0xF4, 0x07, 0xFC, 0x00, 0x2E, 0x00, 0x0E, 0x10, 0x2E, 0x3F, 0xFC, 0x2F, 0xE0, 0x03,
    0x43, 0xD2, 0xE1, 0xE0, 0x60, 0x00, 0xF4, 0x00, 0xFB, 0xD0, 0x03, 0xEF, 0x40, 0x0F, 0xBD, 0x00,
    0x3E, 0xF4, 0x00, 0xFB, 0xD0, 0x03, 0xEF, 0x40, 0x0F, 0xBD, 0x00, 0x3E, 0xF4, 0x00, 0xFB, 0xF0,
    0x03, 0xEF, 0xE0, 0x0F, 0xBF, 0xFF, 0xFE, 0xF6, 0xFF, 0xE3, 0xD0, 0x00, 0x0F, 0x40, 0x00, 0x3D,
    0x00, 0x00, 0xF4, 0x00, 0x03, 0xD0, 0x00, 0x00, 0x00, 0xBF, 0xFE, 0x42, 0xFF, 0xFF, 0xE3, 0xFF,
    0xF0, 0x7A, 0xFF, 0xFC, 0x1E, 0xFF, 0xFF, 0x07, 0xBF, 0xFF, 0xC1, 0xEF, 0xFF, 0xF0, 0x7A, 0xFF,
    0xFC, 0x1E, 0x3F, 0xFF, 0x07, 0x83, 0xFF, 0xC1, 0xE0, 0x1B, 0xF0, 0x78, 0x00, 0x3C, 0x1E, 0x00,
    0x0F, 0x07, 0x80, 0x03, 0xC1, 0xE0, 0x00, 0xF0, 0x78, 0x00, 0x3C, 0x1E, 0x00, 0x0F, 0x07, 0x80,
    0x03, 0xC1, 0xE0, 0x00, 0xF0, 0x78, 0x00, 0x3C, 0x1E, 0x00, 0x0F, 0x07, 0x80, 0x03, 0xC1, 0xE0,
    0x3D, 0xBE, 0x3D, 0x03, 0x40, 0xB0, 0x0B, 0x80, 0x3D, 0x3F, 0xC3, 0xF4, 0x03, 0xCB, 0xFB, 0xFD,
    0x9F, 0x03, 0xC0, 0xF0, 0x3C, 0x0F, 0x03, 0xC0, 0xF0, 0x0B, 0xF8, 0x03, 0xFF, 0xF0, 0xBC, 0x0B,
    0x8F, 0x00, 0x3C, 0xF0, 0x03, 0xCF, 0x00, 0x3C, 0x7C, 0x0B, 0x83, 0xFF, 0xF0, 0x0B, 0xF8, 0x00,
    0x70, 0x1C, 0x02, 0xE0, 0x7C, 0x03, 0xD0, 0xF8, 0x07, 0xC0, 0xF4, 0x0F, 0xC2, 0xF0, 0x1F, 0x43,
    0xE0, 0xFC, 0x2F, 0x07, 0xC0, 0xF4, 0x3D, 0x0F, 0x82, 0xE0, 0x7C, 0x07, 0x01, 0xC0, 0x00, 0x03,
    0xC0, 0x00, 0x00, 0x00, 0x0B, 0xF0, 0x00, 0x0B, 0x80, 0x0B, 0xFC, 0x00, 0x03, 0xC0, 0x01, 0x9F,
    0x00, 0x03, 0xD0, 0x00, 0x03, 0xC0, 0x01, 0xF0, 0x00, 0x00, 0xF0, 0x00, 0xF4, 0x00, 0x00, 0x3C,
    0x00, 0x78, 0x00, 0x00, 0x0F, 0x00, 0x3C, 0x00, 0x00, 0x03, 0xC0, 0x2E, 0x00, 0x3C, 0x00, 0xF0,
    0x0F, 0x00, 0x3F, 0x00, 0x00, 0x0F, 0x40, 0x3F, 0xC0, 0x00, 0x07, 0xC0, 0x2C, 0xB0, 0x00, 0x03,
    0xC0, 0x1D, 0x2C, 0x00, 0x02, 0xE0, 0x0E, 0x0B, 0x00, 0x00, 0xF0, 0x07, 0xFF, 0xF4, 0x00, 0xB8,
    0x02, 0xFF, 0xFD, 0x00, 0x3C, 0x00, 0x00, 0x2C, 0x00, 0x3D, 0x00, 0x00, 0x0B, 0x00, 0x03, 0xC0,
    0x00, 0x00, 0x00, 0x2F, 0xC0, 0x00, 0x3C, 0x00, 0xBF, 0xC0, 0x00, 0xB4, 0x00, 0x67, 0xC0, 0x01,
    0xF0, 0x00, 0x03, 0xC0, 0x03, 0xD0, 0x00, 0x03, 0xC0, 0x07, 0x80, 0x00, 0x03, 0xC0, 0x0F, 0x00,
    0x00, 0x03, 0xC0, 0x2E, 0x00, 0x00, 0x03, 0xC0, 0x3C, 0x1F, 0xE0, 0x03, 0xC0, 0xB4, 0x3F, 0xFC,
    0x00, 0x01, 0xF0, 0x24, 0x3C, 0x00, 0x03, 0xD0, 0x00, 0x2C, 0x00, 0x07, 0x80, 0x00, 0x74, 0x00,
    0x0F, 0x00, 0x01, 0xE0, 0x00, 0x2E, 0x00, 0x07, 0x40, 0x00, 0x3C, 0x00, 0x1D, 0x00, 0x00, 0xF4,
    0x00, 0x3F, 0xFE, 0x01, 0xF0, 0x00, 0x3F, 0xFE, 0x1F, 0xF4, 0x00, 0x00, 0x00, 0x03, 0xFF, 0xC0,
    0x00, 0x3C, 0x00, 0x14, 0x3C, 0x00, 0x0F, 0x40, 0x00, 0x7F, 0x40, 0x01, 0xF0, 0x00, 0x07, 0xFC,
    0x00, 0x3C, 0x00, 0x00, 0x02, 0xE0, 0x0B, 0x80, 0x00, 0x00, 0x0E, 0x00, 0xF0, 0x00, 0x01, 0x02,
    0xE0, 0x2D, 0x00, 0x00, 0x3F, 0xFC, 0x07, 0xC0, 0x0F, 0x02, 0xFE, 0x00, 0xF4, 0x03, 0xF0, 0x00,
    0x00, 0x1F, 0x00, 0xFF, 0x00, 0x00, 0x03, 0xC0, 0x2C, 0xB0, 0x00, 0x00, 0xB8, 0x07, 0x4B, 0x00,
    0x00, 0x0F, 0x00, 0xE0, 0xB0, 0x00, 0x02, 0xD0, 0x1F, 0xFF, 0xD0, 0x00, 0x7C, 0x02, 0xFF, 0xFD,
    0x00, 0x0F, 0x40, 0x00, 0x0B, 0x00, 0x01, 0xE0, 0x00, 0x00, 0xB0, 0x00, 0x7C, 0x00, 0x0F, 0xD0,
    0x00, 0x7C, 0x00, 0x00, 0x00, 0x00, 0x00, 0x00, 0x03, 0xC0, 0x00, 0x3C, 0x00, 0x0B, 0x80, 0x00,
    0xF0, 0x00, 0x3E, 0x00, 0x0F, 0x80, 0x02, 0xF0, 0x00, 0x3D, 0x00, 0x07, 0xC0, 0x00, 0x3D, 0x00,
    0x03, 0xF4, 0x18, 0x1F, 0xFF, 0xD0, 0x2F, 0xF4, 0x00, 0x0C, 0x00, 0x00, 0x00, 0x07, 0xC0, 0x00,
    0x00, 0x00, 0x7C, 0x00, 0x00, 0x00, 0x0B, 0x80, 0x00, 0x00, 0x00, 0x90, 0x00, 0x00, 0x00, 0x00,
    0x00, 0x00, 0x00, 0x00, 0x00, 0x00, 0x00, 0x0F, 0x80, 0x00, 0x00, 0x0B, 0xF0, 0x00, 0x00, 0x03,
    0xFE, 0x00, 0x00, 0x02, 0xFB, 0xC0, 0x00, 0x00, 0xF4, 0xF8, 0x00, 0x00, 0x7C, 0x2F, 0x00, 0x00,
    0x3E, 0x03, 0xD0, 0x00, 0x0F, 0x00, 0xF8, 0x00, 0x0B, 0xC0, 0x1F, 0x00, 0x03, 0xD0, 0x03, 0xE0,
    0x01, 0xF0, 0x00, 0xBC, 0x00, 0xBF, 0xFF, 0xFF, 0x40, 0x3F, 0xFF, 0xFF, 0xE0, 0x1F, 0x00, 0x00,
    0xBC, 0x0F, 0x80, 0x00, 0x0F, 0x43, 0xD0, 0x00, 0x03, 0xF2, 0xF0, 0x00, 0x00, 0x7C, 0x00, 0x00,
    0x18, 0x00, 0x00, 0x00, 0x1F, 0x00, 0x00, 0x00, 0x0F, 0x00, 0x00, 0x00, 0x0F, 0x00, 0x00, 0x00,
    0x02, 0x40, 0x00, 0x00, 0x00, 0x00, 0x00, 0x00, 0x00, 0x00, 0x00, 0x00, 0x00, 0x0F, 0x80, 0x00,
    0x00, 0x0B, 0xF0, 0x00, 0x00, 0x03, 0xFE, 0x00, 0x00, 0x02, 0xFB, 0xC0, 0x00, 0x00, 0xF4, 0xF8,
    0x00, 0x00, 0x7C, 0x2F, 0x00, 0x00, 0x3E, 0x03, 0xD0, 0x00, 0x0F, 0x00, 0xF8, 0x00, 0x0B, 0xC0,
    0x1F, 0x00, 0x03, 0xD0, 0x03, 0xE0, 0x01, 0xF0, 0x00, 0xBC, 0x00, 0xBF, 0xFF, 0xFF, 0x40, 0x3F,
    0xFF, 0xFF, 0xE0, 0x1F, 0x00, 0x00, 0xBC, 0x0F, 0x80, 0x00, 0x0F, 0x43, 0xD0, 0x00, 0x03, 0xF2,
    0xF0, 0x00, 0x00, 0x7C, 0x00, 0x00, 0x80, 0x00, 0x00, 0x00, 0xF8, 0x00, 0x00, 0x00, 0xF7, 0x40,
    0x00, 0x00, 0xF0, 0xB4, 0x00, 0x00, 0x24, 0x08, 0x00, 0x00, 0x00, 0x00, 0x00, 0x00, 0x00, 0x00,
    0x00, 0x00, 0x00, 0x0F, 0x80, 0x00, 0x00, 0x0B, 0xF0, 0x00, 0x00, 0x03, 0xFE, 0x00, 0x00, 0x02,
    0xFB, 0xC0, 0x00, 0x00, 0xF4, 0xF8, 0x00, 0x00, 0x7C, 0x2F, 0x00, 0x00, 0x3E, 0x03, 0xD0, 0x00,
    0x0F, 0x00, 0xF8, 0x00, 0x0B, 0xC0, 0x1F, 0x00, 0x03, 0xD0, 0x03, 0xE0, 0x01, 0xF0, 0x00, 0xBC,
    0x00, 0xBF, 0xFF, 0xFF, 0x40, 0x3F, 0xFF, 0xFF, 0xE0, 0x1F, 0x00, 0x00, 0xBC, 0x0F, 0x80, 0x00,
    0x0F, 0x43, 0xD0, 0x00, 0x03, 0xF2, 0xF0, 0x00, 0x00, 0x7C, 0x00, 0x1F, 0x47, 0x00, 0x00, 0x1F,
    0xFF, 0xC0, 0x00, 0x06, 0x0B, 0xC0, 0x00, 0x00, 0x00, 0x00, 0x00, 0x00, 0x00, 0x00, 0x00, 0x00,
    0x00, 0x00, 0x00, 0x00, 0x00, 0x3E, 0x00, 0x00, 0x00, 0x2F, 0xC0, 0x00, 0x00, 0x0F, 0xF8, 0x00,
    0x00, 0x0B, 0xEF, 0x00, 0x00, 0x03, 0xD3, 0xE0, 0x00, 0x01, 0xF0, 0xBC, 0x00, 0x00, 0xF8, 0x0F,
    0x40, 0x00, 0x3C, 0x03, 0xE0, 0x00, 0x2F, 0x00, 0x7C, 0x00, 0x0F, 0x40, 0x0F, 0x80, 0x07, 0xC0,
    0x02, 0xF0, 0x02, 0xFF, 0xFF, 0xFD, 0x00, 0xFF, 0xFF, 0xFF, 0x80, 0x7C, 0x00, 0x02, 0xF0, 0x3E,
    0x00, 0x00, 0x3D, 0x0F, 0x40, 0x00, 0x0F, 0xCB, 0xC0, 0x00, 0x01, 0xF0, 0x00, 0x3C, 0x1E, 0x00,
    0x00, 0x2F, 0x4F, 0xC0, 0x00, 0x03, 0xC1, 0xE0, 0x00, 0x00, 0x00, 0x00, 0x00, 0x00, 0x00, 0x00,
    0x00, 0x00, 0x00, 0xF8, 0x00, 0x00, 0x00, 0xBF, 0x00, 0x00, 0x00, 0x3F, 0xE0, 0x00, 0x00, 0x2F,
    0xBC, 0x00, 0x00, 0x0F, 0x4F, 0x80, 0x00, 0x07, 0xC2, 0xF0, 0x00, 0x03, 0xE0, 0x3D, 0x00, 0x00,
    0xF0, 0x0F, 0x80, 0x00, 0xBC, 0x01, 0xF0, 0x00, 0x3D, 0x00, 0x3E, 0x00, 0x1F, 0x00, 0x0B, 0xC0,
    0x0B, 0xFF, 0xFF, 0xF4, 0x03, 0xFF, 0xFF, 0xFE, 0x01, 0xF0, 0x00, 0x0B, 0xC0, 0xF8, 0x00, 0x00,
    0xF4, 0x3D, 0x00, 0x00, 0x3F, 0x2F, 0x00, 0x00, 0x07, 0xC0, 0x00, 0x07, 0xE0, 0x00, 0x00, 0x03,
    0x4D, 0x00, 0x00, 0x01, 0xC1, 0xC0, 0x00, 0x00, 0x34, 0xE0, 0x00, 0x00, 0x0B, 0xF0, 0x00, 0x00,
    0x02, 0xFC, 0x00, 0x00, 0x00, 0xFF, 0x80, 0x00, 0x00, 0xBE, 0xF0, 0x00, 0x00, 0x3D, 0x3D, 0x00,
    0x00, 0x1F, 0x0B, 0xC0, 0x00, 0x0F, 0x80, 0xF4, 0x00, 0x03, 0xC0, 0x3E, 0x00, 0x02, 0xF0, 0x07,
    0xC0, 0x00, 0xF4, 0x00, 0xF8, 0x00, 0x7C, 0x00, 0x2F, 0x00, 0x2F, 0xFF, 0xFF, 0xD0, 0x0F, 0xFF,
    0xFF, 0xF8, 0x07, 0xC0, 0x00, 0x2F, 0x03, 0xE0, 0x00, 0x03, 0xD0, 0xF4, 0x00, 0x00, 0xFC, 0xBC,
    0x00, 0x00, 0x1F, 0x00, 0x00, 0x00, 0x0B, 0xFF, 0xFF, 0xF0, 0x00, 0x00, 0x7F, 0xFF, 0xFF, 0xC0,
    0x00, 0x03, 0xEF, 0x40, 0x00, 0x00, 0x00, 0x3F, 0x3D, 0x00, 0x00, 0x00, 0x01, 0xF0, 0xF4, 0x00,
    0x00, 0x00, 0x0F, 0x43, 0xD0, 0x00, 0x00, 0x00, 0xBC, 0x0F, 0x40, 0x00, 0x00, 0x07, 0xD0, 0x3F,
    0xFF, 0xF0, 0x00, 0x3E, 0x00, 0xFF, 0xFF, 0xC0, 0x02, 0xF0, 0x03, 0xD0, 0x00, 0x00, 0x0F, 0x40,
    0x0F, 0x40, 0x00, 0x00, 0xBF, 0xFF, 0xFD, 0x00, 0x00, 0x07, 0xFF, 0xFF, 0xF4, 0x00, 0x00, 0x3F,
    0x00, 0x03, 0xD0, 0x00, 0x01, 0xF0, 0x00, 0x0F, 0x40, 0x00, 0x0F, 0x80, 0x00, 0x3F, 0xFF, 0xFD,
    0xBC, 0x00, 0x00, 0xFF, 0xFF, 0xF4, 0x00, 0x1B, 0xFE, 0x40, 0x1F, 0xFF, 0xFE, 0x07, 0xF4, 0x01,
    0xD0, 0xFC, 0x00, 0x00, 0x2F, 0x00, 0x00, 0x03, 0xE0, 0x00, 0x00, 0x7D, 0x00, 0x00, 0x07, 0xC0,
    0x00, 0x00, 0xBC, 0x00, 0x00, 0x07, 0xC0, 0x00, 0x00, 0x7C, 0x00, 0x00, 0x03, 0xE0, 0x00, 0x00,
    0x3F, 0x00, 0x00, 0x01, 0xF8, 0x00, 0x00, 0x0B, 0xF4, 0x01, 0x90, 0x1F, 0xFF, 0xFE, 0x00, 0x1F,
    0xFE, 0x40, 0x00, 0x38, 0x00, 0x00, 0x03, 0xC0, 0x00, 0x00, 0x2F, 0x00, 0x00, 0x01, 0xF0, 0x00,
    0x02, 0xFE, 0x00, 0x00, 0x1F, 0x80, 0x00, 0x01, 0xC0, 0x00, 0x02, 0xE0, 0x00, 0x00, 0xB4, 0x00,
    0x00, 0x3D, 0x00, 0x00, 0x08, 0x00, 0x00, 0x00, 0x00, 0x00, 0x00, 0x00, 0xFF, 0xFF, 0xF8, 0xFF,
    0xFF, 0xF8, 0xF8, 0x00, 0x00, 0xF8, 0x00, 0x00, 0xF8, 0x00, 0x00, 0xF8, 0x00, 0x00, 0xF8, 0x00,
    0x00, 0xFF, 0xFF, 0xF0, 0xFF, 0xFF, 0xF0, 0xF8, 0x00, 0x00, 0xF8, 0x00, 0x00, 0xF8, 0x00, 0x00,
    0xF8, 0x00, 0x00, 0xF8, 0x00, 0x00, 0xF8, 0x00, 0x00, 0xFF, 0xFF, 0xFD, 0xFF, 0xFF, 0xFD, 0x00,
    0x03, 0x40, 0x00, 0x0B, 0x80, 0x00, 0x1E, 0x00, 0x00, 0x7C, 0x00, 0x00, 0x30, 0x00, 0x00, 0x00,
    0x00, 0x00, 0x00, 0x00, 0xFF, 0xFF, 0xF8, 0xFF, 0xFF, 0xF8, 0xF8, 0x00, 0x00, 0xF8, 0x00, 0x00,
    0xF8, 0x00, 0x00, 0xF8, 0x00, 0x00, 0xF8, 0x00, 0x00, 0xFF, 0xFF, 0xF0, 0xFF, 0xFF, 0xF0, 0xF8,
    0x00, 0x00, 0xF8, 0x00, 0x00, 0xF8, 0x00, 0x00, 0xF8, 0x00, 0x00, 0xF8, 0x00, 0x00, 0xF8, 0x00,
    0x00, 0xFF, 0xFF, 0xFD, 0xFF, 0xFF, 0xFD, 0x00, 0x20, 0x00, 0x00, 0xF8, 0x00, 0x03, 0xDE, 0x00,
    0x0B, 0x07, 0x40, 0x05, 0x02, 0x40, 0x00, 0x00, 0x00, 0x00, 0x00, 0x00, 0xFF, 0xFF, 0xF8, 0xFF,
    0xFF, 0xF8, 0xF8, 0x00, 0x00, 0xF8, 0x00, 0x00, 0xF8, 0x00, 0x00, 0xF8, 0x00, 0x00, 0xF8, 0x00,
    0x00, 0xFF, 0xFF, 0xF0, 0xFF, 0xFF, 0xF0, 0xF8, 0x00, 0x00, 0xF8, 0x00, 0x00, 0xF8, 0x00, 0x00,
    0xF8, 0x00, 0x00, 0xF8, 0x00, 0x00, 0xF8, 0x00, 0x00, 0xFF, 0xFF, 0xFD, 0xFF, 0xFF, 0xFD, 0x0F,
    0x07, 0x80, 0x1F, 0x4B, 0xC0, 0x0F, 0x07, 0x80, 0x00, 0x00, 0x00, 0x00, 0x00, 0x00, 0xFF, 0xFF,
    0xF8, 0xFF, 0xFF, 0xF8, 0xF8, 0x00, 0x00, 0xF8, 0x00, 0x00, 0xF8, 0x00, 0x00, 0xF8, 0x00, 0x00,
    0xF8, 0x00, 0x00, 0xFF, 0xFF, 0xF0, 0xFF, 0xFF, 0xF0, 0xF8, 0x00, 0x00, 0xF8, 0x00, 0x00, 0xF8,
    0x00, 0x00, 0xF8, 0x00, 0x00, 0xF8, 0x00, 0x00, 0xF8, 0x00, 0x00, 0xFF, 0xFF, 0xFD, 0xFF, 0xFF,
    0xFD, 0x24, 0x03, 0xC0, 0x1F, 0x00, 0x78, 0x02, 0x40, 0x00, 0x00, 0x00, 0xF8, 0x0F, 0x80, 0xF8,
    0x0F, 0x80, 0xF8, 0x0F, 0x80, 0xF8, 0x0F, 0x80, 0xF8, 0x0F, 0x80, 0xF8, 0x0F, 0x80, 0xF8, 0x0F,
    0x80, 0xF8, 0x0F, 0x80, 0xF8, 0x01, 0x80, 0x7C, 0x0F, 0x03, 0xC0, 0x24, 0x00, 0x00, 0x00, 0x03,
    0xE0, 0x3E, 0x03, 0xE0, 0x3E, 0x03, 0xE0, 0x3E, 0x03, 0xE0, 0x3E, 0x03, 0xE0, 0x3E, 0x03, 0xE0,
    0x3E, 0x03, 0xE0, 0x3E, 0x03, 0xE0, 0x3E, 0x03, 0xE0, 0x00, 0x80, 0x03, 0xE0, 0x0F, 0x78, 0x2C,
    0x1D, 0x14, 0x08, 0x00, 0x00, 0x00, 0x00, 0x03, 0xE0, 0x03, 0xE0, 0x03, 0xE0, 0x03, 0xE0, 0x03,
    0xE0, 0x03, 0xE0, 0x03, 0xE0, 0x03, 0xE0, 0x03, 0xE0, 0x03, 0xE0, 0x03, 0xE0, 0x03, 0xE0, 0x03,
    0xE0, 0x03, 0xE0, 0x03, 0xE0, 0x03, 0xE0, 0x03, 0xE0, 0x3C, 0x1E, 0x1F, 0x4B, 0xC3, 0xC1, 0xE0,
    0x00, 0x00, 0x00, 0x00, 0x00, 0xF8, 0x00, 0x3E, 0x00, 0x0F, 0x80, 0x03, 0xE0, 0x00, 0xF8, 0x00,
    0x3E, 0x00, 0x0F, 0x80, 0x03, 0xE0, 0x00, 0xF8, 0x00, 0x3E, 0x00, 0x0F, 0x80, 0x03, 0xE0, 0x00,
    0xF8, 0x00, 0x3E, 0x00, 0x0F, 0x80, 0x03, 0xE0, 0x00, 0xF8, 0x00, 0x06, 0xFF, 0xF9, 0x00, 0x02,
    0xFF, 0xFF, 0xF4, 0x00, 0xBC, 0x01, 0xBF, 0x40, 0x2F, 0x00, 0x03, 0xF4, 0x0B, 0xC0, 0x00, 0x3F,
    0x02, 0xF0, 0x00, 0x07, 0xC0, 0xBC, 0x00, 0x00, 0xFA, 0xFF, 0xFC, 0x00, 0x3E, 0xBF, 0xFF, 0x00,
    0x0F, 0x82, 0xF0, 0x00, 0x03, 0xE0, 0xBC, 0x00, 0x00, 0xF8, 0x2F, 0x00, 0x00, 0x7C, 0x0B, 0xC0,
    0x00, 0x3F, 0x02, 0xF0, 0x00, 0x3F, 0x40, 0xBC, 0x00, 0xBF, 0x40, 0x2F, 0xFF, 0xFF, 0x40, 0x06,
    0xFF, 0xF9, 0x00, 0x00, 0x00, 0xBD, 0x1C, 0x00, 0x0B, 0xFF, 0xF0, 0x00, 0x28, 0x6E, 0x00, 0x00,
    0x00, 0x00, 0x00, 0x00, 0x00, 0x00, 0x00, 0x00, 0x00, 0x00, 0x0F, 0x80, 0x00, 0x1F, 0x3F, 0x40,
    0x00, 0x7C, 0xFF, 0x40, 0x01, 0xF3, 0xFF, 0x00, 0x07, 0xCF, 0xBF, 0x00, 0x1F, 0x3E, 0x3E, 0x00,
    0x7C, 0xF8, 0x3D, 0x01, 0xF3, 0xE0, 0x7C, 0x07, 0xCF, 0x80, 0xBC, 0x1F, 0x3E, 0x00, 0xF8, 0x7C,
    0xF8, 0x01, 0xF5, 0xF3, 0xE0, 0x02, 0xF7, 0xCF, 0x80, 0x03, 0xFF, 0x3E, 0x00, 0x03, 0xFC, 0xF8,
    0x00, 0x0B, 0xF3, 0xE0, 0x00, 0x0F, 0xCF, 0x80, 0x00, 0x1F, 0x00, 0x00, 0x0A, 0x00, 0x00, 0x00,
    0x03, 0xD0, 0x00, 0x00, 0x00, 0x3C, 0x00, 0x00, 0x00, 0x03, 0xC0, 0x00, 0x00, 0x00, 0x20, 0x00,
    0x00, 0x00, 0x00, 0x00, 0x00, 0x00, 0x00, 0x00, 0x00, 0x00, 0x6F, 0xF8, 0x00, 0x01, 0xFF, 0xFF,
    0xE0, 0x01, 0xFD, 0x01, 0xBF, 0x00, 0xFC, 0x00, 0x07, 0xE0, 0xBC, 0x00, 0x00, 0xBC, 0x3E, 0x00,
    0x00, 0x0F, 0x9F, 0x00, 0x00, 0x03, 0xF7, 0xC0, 0x00, 0x00, 0xBE, 0xF0, 0x00, 0x00, 0x2F, 0x7C,
    0x00, 0x00, 0x0B, 0xDF, 0x00, 0x00, 0x03, 0xF3, 0xE0, 0x00, 0x00, 0xF8, 0xBC, 0x00, 0x00, 0xBC,
    0x0F, 0xC0, 0x00, 0x7E, 0x01, 0xFD, 0x01, 0xBF, 0x00, 0x1F, 0xFF, 0xFE, 0x00, 0x00, 0x6F, 0xF8,
    0x00, 0x00, 0x00, 0x0C, 0x00, 0x00, 0x00, 0x0F, 0x40, 0x00, 0x00, 0x0B, 0x40, 0x00, 0x00, 0x0B,
    0x80, 0x00, 0x00, 0x01, 0x80, 0x00, 0x00, 0x00, 0x00, 0x00, 0x00, 0x00, 0x00, 0x00, 0x00, 0x00,
    0x6F, 0xF8, 0x00, 0x01, 0xFF, 0xFF, 0xE0, 0x01, 0xFD, 0x01, 0xBF, 0x00, 0xFC, 0x00, 0x07, 0xE0,
    0xBC, 0x00, 0x00, 0xBC, 0x3E, 0x00, 0x00, 0x0F, 0x9F, 0x00, 0x00, 0x03, 0xF7, 0xC0, 0x00, 0x00,
    0xBE, 0xF0, 0x00, 0x00, 0x2F, 0x7C, 0x00, 0x00, 0x0B, 0xDF, 0x00, 0x00, 0x03, 0xF3, 0xE0, 0x00,
    0x00, 0xF8, 0xBC, 0x00, 0x00, 0xBC, 0x0F, 0xC0, 0x00, 0x7E, 0x01, 0xFD, 0x01, 0xBF, 0x00, 0x1F,
    0xFF, 0xFE, 0x00, 0x00, 0x6F, 0xF8, 0x00, 0x00, 0x00, 0x80, 0x00, 0x00, 0x00, 0xBC, 0x00, 0x00,
    0x00, 0x77, 0xC0, 0x00, 0x00, 0x78, 0x3C, 0x00, 0x00, 0x08, 0x06, 0x00, 0x00, 0x00, 0x00, 0x00,
    0x00, 0x00, 0x00, 0x00, 0x00, 0x00, 0x6F, 0xF8, 0x00, 0x01, 0xFF, 0xFF, 0xE0, 0x01, 0xFD, 0x01,
    0xBF, 0x00, 0xFC, 0x00, 0x07, 0xE0, 0xBC, 0x00, 0x00, 0xBC, 0x3E, 0x00, 0x00, 0x0F, 0x9F, 0x00,
    0x00, 0x03, 0xF7, 0xC0, 0x00, 0x00, 0xBE, 0xF0, 0x00, 0x00, 0x2F, 0x7C, 0x00, 0x00, 0x0B, 0xDF,
    0x00, 0x00, 0x03, 0xF3, 0xE0, 0x00, 0x00, 0xF8, 0xBC, 0x00, 0x00, 0xBC, 0x0F, 0xC0, 0x00, 0x7E,
    0x01, 0xFD, 0x01, 0xBF, 0x00, 0x1F, 0xFF, 0xFE, 0x00, 0x00, 0x6F, 0xF8, 0x00, 0x00, 0x0F, 0x82,
    0x40, 0x00, 0x0F, 0xFF, 0xD0, 0x00, 0x03, 0x47, 0xD0, 0x00, 0x00, 0x00, 0x00, 0x00, 0x00, 0x00,
    0x00, 0x00, 0x00, 0x00, 0x00, 0x00, 0x00, 0x01, 0xBF, 0xE0, 0x00, 0x07, 0xFF, 0xFF, 0x80, 0x07,
    0xF4, 0x06, 0xFC, 0x03, 0xF0, 0x00, 0x1F, 0x82, 0xF0, 0x00, 0x02, 0xF0, 0xF8, 0x00, 0x00, 0x3E,
    0x7C, 0x00, 0x00, 0x0F, 0xDF, 0x00, 0x00, 0x02, 0xFB, 0xC0, 0x00, 0x00, 0xBD, 0xF0, 0x00, 0x00,
    0x2F, 0x7C, 0x00, 0x00, 0x0F, 0xCF, 0x80, 0x00, 0x03, 0xE2, 0xF0, 0x00, 0x02, 0xF0, 0x3F, 0x00,
    0x01, 0xF8, 0x07, 0xF4, 0x06, 0xFC, 0x00, 0x7F, 0xFF, 0xF8, 0x00, 0x01, 0xBF, 0xE0, 0x00, 0x00,
    0x2D, 0x0F, 0x00, 0x00, 0x0F, 0xC7, 0xE0, 0x00, 0x02, 0xD0, 0xF0, 0x00, 0x00, 0x00, 0x00, 0x00,
    0x00, 0x00, 0x00, 0x00, 0x00, 0x06, 0xFF, 0x80, 0x00, 0x1F, 0xFF, 0xFE, 0x00, 0x1F, 0xD0, 0x1B,
    0xF0, 0x0F, 0xC0, 0x00, 0x7E, 0x0B, 0xC0, 0x00, 0x0B, 0xC3, 0xE0, 0x00, 0x00, 0xF9, 0xF0, 0x00,
    0x00, 0x3F, 0x7C, 0x00, 0x00, 0x0B, 0xEF, 0x00, 0x00, 0x02, 0xF7, 0xC0, 0x00, 0x00, 0xBD, 0xF0,
    0x00, 0x00, 0x3F, 0x3E, 0x00, 0x00, 0x0F, 0x8B, 0xC0, 0x00, 0x0B, 0xC0, 0xFC, 0x00, 0x07, 0xE0,
    0x1F, 0xD0, 0x1B, 0xF0, 0x01, 0xFF, 0xFF, 0xE0, 0x00, 0x06, 0xFF, 0x80, 0x00, 0x00, 0x00, 0x02,
    0xD0, 0x07, 0x87, 0xD0, 0x7D, 0x07, 0xD7, 0xD0, 0x07, 0xFD, 0x00, 0x0B, 0xE0, 0x00, 0x7F, 0xD0,
    0x07, 0xD7, 0xD0, 0x7D, 0x07, 0xD2, 0xD0, 0x07, 0x80, 0x00, 0x00, 0x00, 0x00, 0x00, 0x00, 0x06,
    0x00, 0x06, 0xFF, 0x83, 0xD0, 0x1F, 0xFF, 0xFF, 0xE0, 0x1F, 0xD0, 0x1B, 0xF0, 0x0F, 0xC0, 0x01,
    0xFE, 0x0B, 0xC0, 0x00, 0xFF, 0xC3, 0xE0, 0x00, 0xF8, 0xF9, 0xF0, 0x00, 0xF8, 0x3F, 0x7C, 0x00,
    0xBC, 0x0B, 0xEF, 0x00, 0xBC, 0x02, 0xF7, 0xC0, 0x7C, 0x00, 0xBD, 0xF0, 0x3D, 0x00, 0x3F, 0x3E,
    0x3E, 0x00, 0x0F, 0x8B, 0xFE, 0x00, 0x0B, 0xC0, 0xFF, 0x00, 0x07, 0xE0, 0x2F, 0xD0, 0x1B, 0xF0,
    0x0F, 0xFF, 0xFF, 0xE0, 0x0B, 0x86, 0xFF, 0x80, 0x00, 0x80, 0x00, 0x00, 0x00, 0x00, 0x90, 0x00,
    0x00, 0x0F, 0x40, 0x00, 0x00, 0x3C, 0x00, 0x00, 0x00, 0xF0, 0x00, 0x00, 0x06, 0x00, 0x00, 0x00,
    0x00, 0x00, 0x00, 0x00, 0x00, 0x0F, 0x40, 0x00, 0x7C, 0xF4, 0x00, 0x07, 0xCF, 0x40, 0x00, 0x7C,
    0xF4, 0x00, 0x07, 0xCF, 0x40, 0x00, 0x7C, 0xF4, 0x00, 0x07, 0xCF, 0x40, 0x00, 0x7C, 0xF4, 0x00,
    0x07, 0xCF, 0x40, 0x00, 0x7C, 0xF4, 0x00, 0x07, 0xCF, 0x40, 0x00, 0x7C, 0xF8, 0x00, 0x07, 0xCB,
    0xC0, 0x00, 0xBC, 0x7D, 0x00, 0x0F, 0x83, 0xF4, 0x07, 0xF0, 0x0F, 0xFF, 0xFC, 0x00, 0x1B, 0xFD,
    0x00, 0x00, 0x01, 0x80, 0x00, 0x00, 0x3C, 0x00, 0x00, 0x0F, 0x40, 0x00, 0x02, 0xD0, 0x00, 0x00,
    0x18, 0x00, 0x00, 0x00, 0x00, 0x00, 0x00, 0x00, 0x00, 0x0F, 0x40, 0x00, 0x7C, 0xF4, 0x00, 0x07,
    0xCF, 0x40, 0x00, 0x7C, 0xF4, 0x00, 0x07, 0xCF, 0x40, 0x00, 0x7C, 0xF4, 0x00, 0x07, 0xCF, 0x40,
    0x00, 0x7C, 0xF4, 0x00, 0x07, 0xCF, 0x40, 0x00, 0x7C, 0xF4, 0x00, 0x07, 0xCF, 0x40, 0x00, 0x7C,
    0xF8, 0x00, 0x07, 0xCB, 0xC0, 0x00, 0xBC, 0x7D, 0x00, 0x0F, 0x83, 0xF4, 0x07, 0xF0, 0x0F, 0xFF,
    0xFC, 0x00, 0x1B, 0xFD, 0x00, 0x00, 0x08, 0x00, 0x00, 0x02, 0xF0, 0x00, 0x00, 0xB7, 0xC0, 0x00,
    0x1D, 0x0E, 0x00, 0x01, 0x80, 0x50, 0x00, 0x00, 0x00, 0x00, 0x00, 0x00, 0x00, 0x0F, 0x40, 0x00,
    0x7C, 0xF4, 0x00, 0x07, 0xCF, 0x40, 0x00, 0x7C, 0xF4, 0x00, 0x07, 0xCF, 0x40, 0x00, 0x7C, 0xF4,
    0x00, 0x07, 0xCF, 0x40, 0x00, 0x7C, 0xF4, 0x00, 0x07, 0xCF, 0x40, 0x00, 0x7C, 0xF4, 0x00, 0x07,
    0xCF, 0x40, 0x00, 0x7C, 0xF8, 0x00, 0x07, 0xCB, 0xC0, 0x00, 0xBC, 0x7D, 0x00, 0x0F, 0x83, 0xF4,
    0x07, 0xF0, 0x0F, 0xFF, 0xFC, 0x00, 0x1B, 0xFD, 0x00, 0x02, 0xD0, 0xF0, 0x00, 0x3E, 0x1F, 0x40,
    0x02, 0xD0, 0xF0, 0x00, 0x00, 0x00, 0x00, 0x00, 0x00, 0x00, 0x0F, 0x40, 0x00, 0x7C, 0xF4, 0x00,
    0x07, 0xCF, 0x40, 0x00, 0x7C, 0xF4, 0x00, 0x07, 0xCF, 0x40, 0x00, 0x7C, 0xF4, 0x00, 0x07, 0xCF,
    0x40, 0x00, 0x7C, 0xF4, 0x00, 0x07, 0xCF, 0x40, 0x00, 0x7C, 0xF4, 0x00, 0x07, 0xCF, 0x40, 0x00,
    0x7C, 0xF8, 0x00, 0x07, 0xCB, 0xC0, 0x00, 0xBC, 0x7D, 0x00, 0x0F, 0x83, 0xF4, 0x07, 0xF0, 0x0F,
    0xFF, 0xFC, 0x00, 0x1B, 0xFD, 0x00, 0x00, 0x00, 0x60, 0x00, 0x00, 0x03, 0xC0, 0x00, 0x00, 0x3C,
    0x00, 0x00, 0x03, 0xD0, 0x00, 0x00, 0x09, 0x00, 0x00, 0x00, 0x00, 0x00, 0x00, 0x00, 0x00, 0x00,
    0x2F, 0x40, 0x00, 0x3E, 0x3F, 0x00, 0x02, 0xF0, 0x7D, 0x00, 0x1F, 0x40, 0xFC, 0x00, 0xFC, 0x00,
    0xF8, 0x07, 0xC0, 0x02, 0xF0, 0x3E, 0x00, 0x03, 0xF2, 0xF0, 0x00, 0x07, 0xEF, 0x40, 0x00, 0x0B,
    0xF8, 0x00, 0x00, 0x0F, 0xC0, 0x00, 0x00, 0x2E, 0x00, 0x00, 0x00, 0xB8, 0x00, 0x00, 0x02, 0xE0,
    0x00, 0x00, 0x0B, 0x80, 0x00, 0x00, 0x2E, 0x00, 0x00, 0x00, 0xB8, 0x00, 0x00, 0x02, 0xE0, 0x00,
    0xF8, 0x00, 0x00, 0x3E, 0x00, 0x00, 0x0F, 0x80, 0x00, 0x03, 0xFF, 0xF9, 0x00, 0xFF, 0xFF, 0xF4,
    0x3E, 0x00, 0x7F, 0x4F, 0x80, 0x03, 0xF3, 0xE0, 0x00, 0x7C, 0xF8, 0x00, 0x0F, 0x7E, 0x00, 0x07,
    0xCF, 0x80, 0x03, 0xF3, 0xE0, 0x07, 0xF4, 0xFF, 0xFF, 0xF8, 0x3F, 0xFF, 0x90, 0x0F, 0x80, 0x00,
    0x03, 0xE0, 0x00, 0x00, 0xF8, 0x00, 0x00, 0x00, 0x06, 0xFE, 0x40, 0x0B, 0xFF, 0xF8, 0x07, 0xE0,
    0x2F, 0x02, 0xF0, 0x03, 0xD0, 0xF4, 0x00, 0xF4, 0x3D, 0x00, 0x7C, 0x0F, 0x40, 0x3D, 0x03, 0xD0,
    0x3D, 0x00, 0xF4, 0x2E, 0x00, 0x3D, 0x0F, 0x40, 0x0F, 0x43, 0xF4, 0x03, 0xD0, 0xBF, 0xD0, 0xF4,
    0x07, 0xFE, 0x3D, 0x00, 0x1F, 0xCF, 0x40, 0x00, 0xFB, 0xD0, 0x00, 0x3E, 0xF4, 0x50, 0x1F, 0x7D,
    0x2F, 0xFF, 0xCF, 0x46, 0xFF, 0x40, 0x02, 0x40, 0x00, 0x0F, 0x40, 0x00, 0x0F, 0x00, 0x00, 0x1F,
    0x00, 0x00, 0x18, 0x00, 0x00, 0x00, 0x00, 0x00, 0x00, 0x06, 0xFF, 0x80, 0x1F, 0xFF, 0xC0, 0x10,
    0x1F, 0xC0, 0x00, 0x1F, 0x00, 0x00, 0x3C, 0x07, 0xFF, 0xF0, 0xFF, 0xFF, 0xCB, 0xD0, 0x0F, 0x3E,
    0x00, 0x3C, 0xF8, 0x00, 0xF2, 0xF4, 0x03, 0xC3, 0xFF, 0xFF, 0x02, 0xFF, 0xF8, 0x00, 0x06, 0x00,
    0x00, 0x3C, 0x00, 0x03, 0xD0, 0x00, 0x2D, 0x00, 0x00, 0xA0, 0x00, 0x00, 0x00, 0x00, 0x00, 0x00,
    0x06, 0xFF, 0x80, 0x1F, 0xFF, 0xC0, 0x10, 0x1F, 0xC0, 0x00, 0x1F, 0x00, 0x00, 0x3C, 0x07, 0xFF,
    0xF0, 0xFF, 0xFF, 0xCB, 0xD0, 0x0F, 0x3E, 0x00, 0x3C, 0xF8, 0x00, 0xF2, 0xF4, 0x03, 0xC3, 0xFF,
    0xFF, 0x02, 0xFF, 0xF8, 0x00, 0x20, 0x00, 0x02, 0xF0, 0x00, 0x2D, 0xF0, 0x02, 0xD0, 0xE0, 0x06,
    0x01, 0x40, 0x00, 0x00, 0x00, 0x00, 0x00, 0x06, 0xFF, 0x80, 0x1F, 0xFF, 0xC0, 0x10, 0x1F, 0xC0,
    0x00, 0x1F, 0x00, 0x00, 0x3C, 0x07, 0xFF, 0xF0, 0xFF, 0xFF, 0xCB, 0xD0, 0x0F, 0x3E, 0x00, 0x3C,
    0xF8, 0x00, 0xF2, 0xF4, 0x03, 0xC3, 0xFF, 0xFF, 0x02, 0xFF, 0xF8, 0x03, 0xE0, 0xD0, 0x3F, 0xFF,
    0x00, 0xC2, 0xF4, 0x00, 0x00, 0x00, 0x00, 0x00, 0x00, 0x00, 0x00, 0x01, 0xBF, 0xE0, 0x07, 0xFF,
    0xF0, 0x04, 0x07, 0xF0, 0x00, 0x07, 0xC0, 0x00, 0x0F, 0x01, 0xFF, 0xFC, 0x3F, 0xFF, 0xF2, 0xF4,
    0x03, 0xCF, 0x80, 0x0F, 0x3E, 0x00, 0x3C, 0xBD, 0x00, 0xF0, 0xFF, 0xFF, 0xC0, 0xBF, 0xFE, 0x00,
    0x0B, 0x43, 0xC0, 0x3E, 0x1F, 0x40, 0xB4, 0x3C, 0x00, 0x00, 0x00, 0x00, 0x00, 0x00, 0x6F, 0xF8,
    0x01, 0xFF, 0xFC, 0x01, 0x01, 0xFC, 0x00, 0x01, 0xF0, 0x00, 0x03, 0xC0, 0x7F, 0xFF, 0x0F, 0xFF,
    0xFC, 0xBD, 0x00, 0xF3, 0xE0, 0x03, 0xCF, 0x80, 0x0F, 0x2F, 0x40, 0x3C, 0x3F, 0xFF, 0xF0, 0x2F,
    0xFF, 0x80, 0x00, 0xBC, 0x00, 0x0E, 0x1C, 0x00, 0x34, 0x30, 0x00, 0xE1, 0xC0, 0x00, 0xBC, 0x00,
    0x00, 0x00, 0x00, 0x00, 0x00, 0x06, 0xFF, 0x80, 0x1F, 0xFF, 0xC0, 0x10, 0x1F, 0xC0, 0x00, 0x1F,
    0x00, 0x00, 0x3C, 0x07, 0xFF, 0xF0, 0xFF, 0xFF, 0xCB, 0xD0, 0x0F, 0x3E, 0x00, 0x3C, 0xF8, 0x00,
    0xF2, 0xF4, 0x03, 0xC3, 0xFF, 0xFF, 0x02, 0xFF, 0xF8, 0x1B, 0xFE, 0x01, 0xFE, 0x40, 0x1F, 0xFF,
    0xCF, 0xFF, 0xE0, 0x04, 0x07, 0xFF, 0x02, 0xF4, 0x00, 0x01, 0xFC, 0x00, 0xB8, 0x00, 0x00, 0xF4,
    0x00, 0x7C, 0x07, 0xFF, 0xFF, 0xFF, 0xFC, 0x3F, 0xFF, 0xFF, 0xFF, 0xFC, 0xBD, 0x00, 0xF4, 0x00,
    0x00, 0xF8, 0x00, 0xF8, 0x00, 0x00, 0xF8, 0x00, 0xBC, 0x00, 0x00, 0xBD, 0x01, 0xFF, 0x40, 0x10,
    0x3F, 0xFF, 0xFF, 0xFF, 0xF0, 0x0B, 0xFE, 0x42, 0xFF, 0xE0, 0x01, 0xBF, 0xD0, 0x2F, 0xFF, 0x82,
    0xF8, 0x04, 0x0F, 0x80, 0x00, 0x7C, 0x00, 0x02, 0xF0, 0x00, 0x0B, 0x80, 0x00, 0x2F, 0x00, 0x00,
    0x7C, 0x00, 0x00, 0xF8, 0x00, 0x02, 0xF8, 0x01, 0x02, 0xFF, 0xFC, 0x01, 0xBF, 0xE0, 0x00, 0xF0,
    0x00, 0x03, 0xD0, 0x00, 0x07, 0xC0, 0x00, 0x0F, 0x00, 0x07, 0xFC, 0x00, 0x1F, 0xC0, 0x00, 0x00,
    0xC0, 0x00, 0x01, 0xF0, 0x00, 0x00, 0xB8, 0x00, 0x00, 0x2D, 0x00, 0x00, 0x09, 0x00, 0x00, 0x00,
    0x00, 0x00, 0x00, 0x00, 0x01, 0xBF, 0x80, 0x0B, 0xFF, 0xF0, 0x2F, 0x41, 0xFC, 0x3D, 0x00, 0x3D,
    0x7C, 0x00, 0x3D, 0xBF, 0xFF, 0xFE, 0xBF, 0xFF, 0xFE, 0xBC, 0x00, 0x00, 0x7C, 0x00, 0x00, 0x3E,
    0x00, 0x00, 0x2F, 0x80, 0x14, 0x0B, 0xFF, 0xF8, 0x01, 0xBF, 0xE4, 0x00, 0x02, 0x40, 0x00, 0x0B,
    0x80, 0x00, 0x1F, 0x00, 0x00, 0x3C, 0x00, 0x00, 0x30, 0x00, 0x00, 0x00, 0x00, 0x00, 0x00, 0x00,
    0x01, 0xBF, 0x80, 0x0B, 0xFF, 0xF0, 0x2F, 0x41, 0xFC, 0x3D, 0x00, 0x3D, 0x7C, 0x00, 0x3D, 0xBF,
    0xFF, 0xFE, 0xBF, 0xFF, 0xFE, 0xBC, 0x00, 0x00, 0x7C, 0x00, 0x00, 0x3E, 0x00, 0x00, 0x2F, 0x80,
    0x14, 0x0B, 0xFF, 0xF8, 0x01, 0xBF, 0xE4, 0x00, 0x18, 0x00, 0x00, 0x3D, 0x00, 0x00, 0xE7, 0x40,
    0x03, 0xC2, 0xC0, 0x02, 0x00, 0x80, 0x00, 0x00, 0x00, 0x00, 0x00, 0x00, 0x01, 0xBF, 0x80, 0x0B,
    0xFF, 0xF0, 0x2F, 0x41, 0xFC, 0x3D, 0x00, 0x3D, 0x7C, 0x00, 0x3D, 0xBF, 0xFF, 0xFE, 0xBF, 0xFF,
    0xFE, 0xBC, 0x00, 0x00, 0x7C, 0x00, 0x00, 0x3E, 0x00, 0x00, 0x2F, 0x80, 0x14, 0x0B, 0xFF, 0xF8,
    0x01, 0xBF, 0xE4, 0x07, 0x81, 0xE0, 0x0B, 0xC3, 0xF0, 0x07, 0x81, 0xE0, 0x00, 0x00, 0x00, 0x00,
    0x00, 0x00, 0x01, 0xBF, 0x80, 0x0B, 0xFF, 0xF0, 0x2F, 0x41, 0xFC, 0x3D, 0x00, 0x3D, 0x7C, 0x00,
    0x3D, 0xBF, 0xFF, 0xFE, 0xBF, 0xFF, 0xFE, 0xBC, 0x00, 0x00, 0x7C, 0x00, 0x00, 0x3E, 0x00, 0x00,
    0x2F, 0x80, 0x14, 0x0B, 0xFF, 0xF8, 0x01, 0xBF, 0xE4, 0x30, 0x1F, 0x01, 0xE0, 0x2D, 0x02, 0x40,
    0x00, 0x00, 0x3D, 0x0F, 0x43, 0xD0, 0xF4, 0x3D, 0x0F, 0x43, 0xD0, 0xF4, 0x3D, 0x0F, 0x43, 0xD0,
    0xF4, 0x3D, 0x02, 0x40, 0xB8, 0x1F, 0x03, 0xC0, 0x20, 0x00, 0x00, 0x00, 0x03, 0xD0, 0x3D, 0x03,
    0xD0, 0x3D, 0x03, 0xD0, 0x3D, 0x03, 0xD0, 0x3D, 0x03, 0xD0, 0x3D, 0x03, 0xD0, 0x3D, 0x03, 0xD0,
    0x01, 0x80, 0x03, 0xD0, 0x0F, 0x74, 0x3C, 0x2D, 0x20, 0x08, 0x00, 0x00, 0x00, 0x00, 0x03, 0xD0,
    0x03, 0xD0, 0x03, 0xD0, 0x03, 0xD0, 0x03, 0xD0, 0x03, 0xD0, 0x03, 0xD0, 0x03, 0xD0, 0x03, 0xD0,
    0x03, 0xD0, 0x03, 0xD0, 0x03, 0xD0, 0x03, 0xD0, 0x78, 0x1E, 0xBC, 0x3F, 0x78, 0x1E, 0x00, 0x00,
    0x00, 0x00, 0x03, 0xD0, 0x03, 0xD0, 0x03, 0xD0, 0x03, 0xD0, 0x03, 0xD0, 0x03, 0xD0, 0x03, 0xD0,
    0x03, 0xD0, 0x03, 0xD0, 0x03, 0xD0, 0x03, 0xD0, 0x03, 0xD0, 0x03, 0xD0, 0x00, 0x0A, 0x00, 0x00,
    0x01, 0xFC, 0x68, 0x00, 0x07, 0xFF, 0x80, 0x02, 0xFF, 0x80, 0x00, 0x39, 0x7C, 0x00, 0x00, 0x03,
    0xD0, 0x00, 0x00, 0x2F, 0x00, 0x2F, 0xF9, 0xF0, 0x0F, 0xFF, 0xFF, 0x03, 0xF4, 0x07, 0xF4, 0x7D,
    0x00, 0x0F, 0x4B, 0xC0, 0x00, 0xF4, 0xB8, 0x00, 0x0F, 0x0B, 0xC0, 0x01, 0xF0, 0xBC, 0x00, 0x2F,
    0x03, 0xD0, 0x03, 0xD0, 0x2F, 0x41, 0xFC, 0x00, 0xFF, 0xFF, 0x00, 0x01, 0xFF, 0x80, 0x00, 0x07,
    0xD1, 0xC0, 0x7F, 0xFF, 0x01, 0x82, 0xF0, 0x00, 0x00, 0x00, 0x00, 0x00, 0x00, 0x00, 0x00, 0x06,
    0xFF, 0xE0, 0x3F, 0xFF, 0xF4, 0xF4, 0x07, 0xF3, 0xD0, 0x07, 0xCF, 0x40, 0x0F, 0x7D, 0x00, 0x3D,
    0xF4, 0x00, 0xFB, 0xD0, 0x03, 0xEF, 0x40, 0x0F, 0xBD, 0x00, 0x3E, 0xF4, 0x00, 0xFB, 0xD0, 0x03,
    0xEF, 0x40, 0x0F, 0x80, 0x00, 0x90, 0x00, 0x00, 0x3C, 0x00, 0x00, 0x07, 0xC0, 0x00, 0x00, 0x78,
    0x00, 0x00, 0x09, 0x00, 0x00, 0x00, 0x00, 0x00, 0x00, 0x00, 0x00, 0x06, 0xFE, 0x00, 0x0B, 0xFF,
    0xF4, 0x0B, 0xE0, 0x2F, 0x43, 0xE0, 0x03, 0xF1, 0xF0, 0x00, 0x7C, 0xBC, 0x00, 0x0F, 0x6E, 0x00,
    0x03, 0xDB, 0xC0, 0x00, 0xF5, 0xF0, 0x00, 0x7C, 0x3E, 0x00, 0x3F, 0x0B, 0xE0, 0x2F, 0x40, 0xBF,
    0xFF, 0x40, 0x06, 0xFE, 0x00, 0x00, 0x01, 0x80, 0x00, 0x01, 0xF0, 0x00, 0x00, 0xF0, 0x00, 0x00,
    0xF0, 0x00, 0x00, 0x24, 0x00, 0x00, 0x00, 0x00, 0x00, 0x00, 0x00, 0x00, 0x06, 0xFE, 0x00, 0x0B,
    0xFF, 0xF4, 0x0B, 0xE0, 0x2F, 0x43, 0xE0, 0x03, 0xF1, 0xF0, 0x00, 0x7C, 0xBC, 0x00, 0x0F, 0x6E,
    0x00, 0x03, 0xDB, 0xC0, 0x00, 0xF5, 0xF0, 0x00, 0x7C, 0x3E, 0x00, 0x3F, 0x0B, 0xE0, 0x2F, 0x40,
    0xBF, 0xFF, 0x40, 0x06, 0xFE, 0x00, 0x00, 0x08, 0x00, 0x00, 0x0F, 0x80, 0x00, 0x0F, 0x78, 0x00,
    0x0B, 0x07, 0x40, 0x01, 0x40, 0x80, 0x00, 0x00, 0x00, 0x00, 0x00, 0x00, 0x00, 0x06, 0xFE, 0x00,
    0x0B, 0xFF, 0xF4, 0x0B, 0xE0, 0x2F, 0x43, 0xE0, 0x03, 0xF1, 0xF0, 0x00, 0x7C, 0xBC, 0x00, 0x0F,
    0x6E, 0x00, 0x03, 0xDB, 0xC0, 0x00, 0xF5, 0xF0, 0x00, 0x7C, 0x3E, 0x00, 0x3F, 0x0B, 0xE0, 0x2F,
    0x40, 0xBF, 0xFF, 0x40, 0x06, 0xFE, 0x00, 0x01, 0xF4, 0x30, 0x01, 0xFF, 0xFC, 0x00, 0x70, 0xBC,
    0x00, 0x00, 0x00, 0x00, 0x00, 0x00, 0x00, 0x00, 0x00, 0x00, 0x00, 0x1B, 0xF8, 0x00, 0x2F, 0xFF,
    0xD0, 0x2F, 0x80, 0xBD, 0x0F, 0x80, 0x0F, 0xC7, 0xC0, 0x01, 0xF2, 0xF0, 0x00, 0x3D, 0xB8, 0x00,
    0x0F, 0x6F, 0x00, 0x03, 0xD7, 0xC0, 0x01, 0xF0, 0xF8, 0x00, 0xFC, 0x2F, 0x80, 0xBD, 0x02, 0xFF,
    0xFD, 0x00, 0x1B, 0xF8, 0x00, 0x03, 0xC1, 0xE0, 0x01, 0xF4, 0xBC, 0x00, 0x3C, 0x1E, 0x00, 0x00,
    0x00, 0x00, 0x00, 0x00, 0x00, 0x00, 0x6F, 0xE0, 0x00, 0xBF, 0xFF, 0x40, 0xBE, 0x02, 0xF4, 0x3E,
    0x00, 0x3F, 0x1F, 0x00, 0x07, 0xCB, 0xC0, 0x00, 0xF6, 0xE0, 0x00, 0x3D, 0xBC, 0x00, 0x0F, 0x5F,
    0x00, 0x07, 0xC3, 0xE0, 0x03, 0xF0, 0xBE, 0x02, 0xF4, 0x0B, 0xFF, 0xF4, 0x00, 0x6F, 0xE0, 0x00,
    0x00, 0x3C, 0x00, 0x00, 0x7E, 0x00, 0x00, 0x3C, 0x00, 0x00, 0x00, 0x00, 0x00, 0x00, 0x00, 0xBF,
    0xFF, 0xFF, 0xBF, 0xFF, 0xFF, 0x00, 0x00, 0x00, 0x00, 0x00, 0x00, 0x00, 0x3C, 0x00, 0x00, 0x7E,
    0x00, 0x00, 0x3C, 0x00, 0x00, 0x00, 0x06, 0x00, 0x6F, 0xE3, 0xC0, 0xBF, 0xFF, 0xD0, 0xBE, 0x03,
    0xF0, 0x3E, 0x00, 0xFF, 0x1F, 0x00, 0xFB, 0xCB, 0xC0, 0xF4, 0xF6, 0xE0, 0xB4, 0x3D, 0xBC, 0xB8,
    0x0F, 0x5F, 0x7C, 0x07, 0xC3, 0xFC, 0x03, 0xF0, 0x7E, 0x02, 0xF4, 0x2F, 0xFF, 0xF4, 0x1E, 0x6F,
    0xE0, 0x02, 0x00, 0x00, 0x00, 0x01, 0xC0, 0x00, 0x01, 0xF0, 0x00, 0x00, 0xB8, 0x00, 0x00, 0x2D,
    0x00, 0x00, 0x09, 0x00, 0x00, 0x00, 0x00, 0x00, 0x00, 0x00, 0x3C, 0x00, 0x3D, 0x3C, 0x00, 0x3D,
    0x3C, 0x00, 0x3D, 0x3C, 0x00, 0x3D, 0x3C, 0x00, 0x3D, 0x3C, 0x00, 0x3D, 0x3C, 0x00, 0x3D, 0x3C,
    0x00, 0x3D, 0x3D, 0x00, 0x3D, 0x3E, 0x00, 0x3D, 0x1F, 0x80, 0x3D, 0x0F, 0xFF, 0xFD, 0x01, 0xFF,
    0xE8, 0x00, 0x02, 0x40, 0x00, 0x0B, 0x80, 0x00, 0x1F, 0x00, 0x00, 0x3C, 0x00, 0x00, 0x30, 0x00,
    0x00, 0x00, 0x00, 0x00, 0x00, 0x00, 0x3C, 0x00, 0x3D, 0x3C, 0x00, 0x3D, 0x3C, 0x00, 0x3D, 0x3C,
    0x00, 0x3D, 0x3C, 0x00, 0x3D, 0x3C, 0x00, 0x3D, 0x3C, 0x00, 0x3D, 0x3C, 0x00, 0x3D, 0x3D, 0x00,
    0x3D, 0x3E, 0x00, 0x3D, 0x1F, 0x80, 0x3D, 0x0F, 0xFF, 0xFD, 0x01, 0xFF, 0xE8, 0x00, 0x18, 0x00,
    0x00, 0x7D, 0x00, 0x00, 0xE7, 0x40, 0x03, 0xC2, 0xC0, 0x02, 0x00, 0x80, 0x00, 0x00, 0x00, 0x00,
    0x00, 0x00, 0x3C, 0x00, 0x3D, 0x3C, 0x00, 0x3D, 0x3C, 0x00, 0x3D, 0x3C, 0x00, 0x3D, 0x3C, 0x00,
    0x3D, 0x3C, 0x00, 0x3D, 0x3C, 0x00, 0x3D, 0x3C, 0x00, 0x3D, 0x3D, 0x00, 0x3D, 0x3E, 0x00, 0x3D,
    0x1F, 0x80, 0x3D, 0x0F, 0xFF, 0xFD, 0x01, 0xFF, 0xE8, 0x07, 0x82, 0xD0, 0x0B, 0xC3, 0xF0, 0x07,
    0x82, 0xD0, 0x00, 0x00, 0x00, 0x00, 0x00, 0x00, 0x3C, 0x00, 0x3D, 0x3C, 0x00, 0x3D, 0x3C, 0x00,
    0x3D, 0x3C, 0x00, 0x3D, 0x3C, 0x00, 0x3D, 0x3C, 0x00, 0x3D, 0x3C, 0x00, 0x3D, 0x3C, 0x00, 0x3D,
    0x3D, 0x00, 0x3D, 0x3E, 0x00, 0x3D, 0x1F, 0x80, 0x3D, 0x0F, 0xFF, 0xFD, 0x01, 0xFF, 0xE8, 0x00,
    0x01, 0x80, 0x00, 0x03, 0xC0, 0x00, 0x0F, 0x00, 0x00, 0x2D, 0x00, 0x00, 0x24, 0x00, 0x00, 0x00,
    0x00, 0x00, 0x00, 0x00, 0x7C, 0x00, 0x2F, 0x3D, 0x00, 0x3E, 0x3E, 0x00, 0x3D, 0x2F, 0x00, 0x7C,
    0x0F, 0x40, 0xB8, 0x0F, 0x80, 0xF4, 0x07, 0xC0, 0xF0, 0x03, 0xD1, 0xF0, 0x02, 0xE2, 0xD0, 0x00,
    0xF3, 0xC0, 0x00, 0xBF, 0x80, 0x00, 0x3F, 0x40, 0x00, 0x3F, 0x00, 0x00, 0x2E, 0x00, 0x00, 0x3C,
    0x00, 0x01, 0xF8, 0x00, 0xBF, 0xF0, 0x00, 0xBF, 0x40, 0x00, 0xB4, 0x00, 0x00, 0xF4, 0x00, 0x00,
    0xF4, 0x00, 0x00, 0xF4, 0x00, 0x00, 0xF4, 0x00, 0x00, 0xF4, 0x00, 0x00, 0xFB, 0xFE, 0x00, 0xFF,
    0xFF, 0xD0, 0xF8, 0x07, 0xF4, 0xF4, 0x00, 0xFC, 0xF4, 0x00, 0x7C, 0xF4, 0x00, 0x3D, 0xF4, 0x00,
    0x3D, 0xF4, 0x00, 0x3D, 0xF4, 0x00, 0x7C, 0xF4, 0x00, 0xBC, 0xFD, 0x02, 0xF4, 0xFF, 0xFF, 0xE0,
    0xFA, 0xFE, 0x40, 0xF4, 0x00, 0x00, 0xF4, 0x00, 0x00, 0xF4, 0x00, 0x00, 0xF4, 0x00, 0x00, 0xF4,
    0x00, 0x00, 0x03, 0xC0, 0xF0, 0x07, 0xE2, 0xF4, 0x03, 0xC0, 0xF0, 0x00, 0x00, 0x00, 0x00, 0x00,
    0x00, 0x7C, 0x00, 0x2F, 0x3D, 0x00, 0x3E, 0x3E, 0x00, 0x3D, 0x2F, 0x00, 0x7C, 0x0F, 0x40, 0xB8,
    0x0F, 0x80, 0xF4, 0x07, 0xC0, 0xF0, 0x03, 0xD1, 0xF0, 0x02, 0xE2, 0xD0, 0x00, 0xF3, 0xC0, 0x00,
    0xBF, 0x80, 0x00, 0x3F, 0x40, 0x00, 0x3F, 0x00, 0x00, 0x2E, 0x00, 0x00, 0x3C, 0x00, 0x01, 0xF8,
    0x00, 0xBF, 0xF0, 0x00, 0xBF, 0x40, 0x00, 0x00, 0x7F, 0xFF, 0x00, 0x00, 0x1F, 0xFF, 0xC0, 0x00,
    0x00, 0x00, 0x00, 0x00, 0x00, 0x00, 0x00, 0x00, 0x00, 0x00, 0x00, 0x00, 0x00, 0x00, 0xF8, 0x00,
    0x00, 0x00, 0xBF, 0x00, 0x00, 0x00, 0x3F, 0xE0, 0x00, 0x00, 0x2F, 0xBC, 0x00, 0x00, 0x0F, 0x4F,
    0x80, 0x00, 0x07, 0xC2, 0xF0, 0x00, 0x03, 0xE0, 0x3D, 0x00, 0x00, 0xF0, 0x0F, 0x80, 0x00, 0xBC,
    0x01, 0xF0, 0x00, 0x3D, 0x00, 0x3E, 0x00, 0x1F, 0x00, 0x0B, 0xC0, 0x0B, 0xFF, 0xFF, 0xF4, 0x03,
    0xFF, 0xFF, 0xFE, 0x01, 0xF0, 0x00, 0x0B, 0xC0, 0xF8, 0x00, 0x00, 0xF4, 0x3D, 0x00, 0x00, 0x3F,
    0x2F, 0x00, 0x00, 0x07, 0xC0, 0x0F, 0xFF, 0xC0, 0x3F, 0xFF, 0x00, 0x00, 0x00, 0x00, 0x00, 0x00,
    0x00, 0x00, 0x00, 0x6F, 0xF8, 0x01, 0xFF, 0xFC, 0x01, 0x01, 0xFC, 0x00, 0x01, 0xF0, 0x00, 0x03,
    0xC0, 0x7F, 0xFF, 0x0F, 0xFF, 0xFC, 0xBD, 0x00, 0xF3, 0xE0, 0x03, 0xCF, 0x80, 0x0F, 0x2F, 0x40,
    0x3C, 0x3F, 0xFF, 0xF0, 0x2F, 0xFF, 0x80, 0x00, 0x38, 0x0E, 0x00, 0x00, 0x0F, 0x0B, 0x40, 0x00,
    0x01, 0xFF, 0xC0, 0x00, 0x00, 0x1F, 0x80, 0x00, 0x00, 0x00, 0x00, 0x00, 0x00, 0x00, 0x00, 0x00,
    0x00, 0x00, 0x3E, 0x00, 0x00, 0x00, 0x2F, 0xC0, 0x00, 0x00, 0x0F, 0xF8, 0x00, 0x00, 0x0B, 0xEF,
    0x00, 0x00, 0x03, 0xD3, 0xE0, 0x00, 0x01, 0xF0, 0xBC, 0x00, 0x00, 0xF8, 0x0F, 0x40, 0x00, 0x3C,
    0x03, 0xE0, 0x00, 0x2F, 0x00, 0x7C, 0x00, 0x0F, 0x40, 0x0F, 0x80, 0x07, 0xC0, 0x02, 0xF0, 0x02,
    0xFF, 0xFF, 0xFD, 0x00, 0xFF, 0xFF, 0xFF, 0x80, 0x7C, 0x00, 0x02, 0xF0, 0x3E, 0x00, 0x00, 0x3D,
    0x0F, 0x40, 0x00, 0x0F, 0xCB, 0xC0, 0x00, 0x01, 0xF0, 0x0B, 0x02, 0xC0, 0x2D, 0x1E, 0x00, 0x3F,
    0xF0, 0x00, 0x3F, 0x40, 0x00, 0x00, 0x00, 0x00, 0x00, 0x01, 0xBF, 0xE0, 0x07, 0xFF, 0xF0, 0x04,
    0x07, 0xF0, 0x00, 0x07, 0xC0, 0x00, 0x0F, 0x01, 0xFF, 0xFC, 0x3F, 0xFF, 0xF2, 0xF4, 0x03, 0xCF,
    0x80, 0x0F, 0x3E, 0x00, 0x3C, 0xBD, 0x00, 0xF0, 0xFF, 0xFF, 0xC0, 0xBF, 0xFE, 0x00, 0x00, 0x03,
    0xE0, 0x00, 0x00, 0x02, 0xFC, 0x00, 0x00, 0x00, 0xFF, 0x80, 0x00, 0x00, 0xBE, 0xF0, 0x00, 0x00,
    0x3D, 0x3E, 0x00, 0x00, 0x1F, 0x0B, 0xC0, 0x00, 0x0F, 0x80, 0xF4, 0x00, 0x03, 0xC0, 0x3E, 0x00,
    0x02, 0xF0, 0x07, 0xC0, 0x00, 0xF4, 0x00, 0xF8, 0x00, 0x7C, 0x00, 0x2F, 0x00, 0x2F, 0xFF, 0xFF,
    0xD0, 0x0F, 0xFF, 0xFF, 0xF8, 0x07, 0xC0, 0x00, 0x2F, 0x03, 0xE0, 0x00, 0x03, 0xD0, 0xF4, 0x00,
    0x00, 0xFC, 0xBC, 0x00, 0x00, 0x1F, 0x00, 0x00, 0x00, 0x0B, 0x80, 0x00, 0x00, 0x07, 0x80, 0x00,
    0x00, 0x03, 0xD0, 0x00, 0x00, 0x00, 0xFF, 0x40, 0x00, 0x00, 0x0F, 0xD0, 0x1B, 0xFE, 0x00, 0x7F,
    0xFF, 0x00, 0x40, 0x7F, 0x00, 0x00, 0x7C, 0x00, 0x00, 0xF0, 0x1F, 0xFF, 0xC3, 0xFF, 0xFF, 0x2F,
    0x40, 0x3C, 0xF8, 0x00, 0xF3, 0xE0, 0x03, 0xCB, 0xD0, 0x0F, 0x0F, 0xFF, 0xFC, 0x0B, 0xFF, 0xF0,
    0x00, 0x0F, 0x00, 0x00, 0xF4, 0x00, 0x03, 0xC0, 0x00, 0x0F, 0xF0, 0x00, 0x1F, 0xC0, 0x00, 0x00,
    0x24, 0x00, 0x00, 0x0B, 0x80, 0x00, 0x01, 0xF0, 0x00, 0x00, 0x3C, 0x00, 0x00, 0x02, 0x00, 0x00,
    0x00, 0x00, 0x00, 0x00, 0x00, 0x00, 0x00, 0x01, 0xBF, 0xE4, 0x01, 0xFF, 0xFF, 0xE0, 0x7F, 0x40,
    0x1D, 0x0F, 0xC0, 0x00, 0x02, 0xF0, 0x00, 0x00, 0x3E, 0x00, 0x00, 0x07, 0xD0, 0x00, 0x00, 0x7C,
    0x00, 0x00, 0x0B, 0xC0, 0x00, 0x00, 0x7C, 0x00, 0x00, 0x07, 0xC0, 0x00, 0x00, 0x3E, 0x00, 0x00,
    0x03, 0xF0, 0x00, 0x00, 0x1F, 0x80, 0x00, 0x00, 0xBF, 0x40, 0x19, 0x01, 0xFF, 0xFF, 0xE0, 0x01,
    0xFF, 0xE4, 0x00, 0x02, 0x40, 0x00, 0x2E, 0x00, 0x01, 0xF0, 0x00, 0x0F, 0x00, 0x00, 0x20, 0x00,
    0x00, 0x00, 0x00, 0x00, 0x00, 0x00, 0x6F, 0xF4, 0x0B, 0xFF, 0xE0, 0xBE, 0x01, 0x03, 0xE0, 0x00,
    0x1F, 0x00, 0x00, 0xBC, 0x00, 0x02, 0xE0, 0x00, 0x0B, 0xC0, 0x00, 0x1F, 0x00, 0x00, 0x3E, 0x00,
    0x00, 0xBE, 0x00, 0x40, 0xBF, 0xFF, 0x00, 0x6F, 0xF8, 0x00, 0x01, 0x80, 0x00, 0x00, 0x3D, 0x00,
    0x00, 0x0F, 0x74, 0x00, 0x03, 0xC2, 0xD0, 0x00, 0x20, 0x08, 0x00, 0x00, 0x00, 0x00, 0x00, 0x00,
    0x00, 0x00, 0x01, 0xBF, 0xE4, 0x01, 0xFF, 0xFF, 0xE0, 0x7F, 0x40, 0x1D, 0x0F, 0xC0, 0x00, 0x02,
    0xF0, 0x00, 0x00, 0x3E, 0x00, 0x00, 0x07, 0xD0, 0x00, 0x00, 0x7C, 0x00, 0x00, 0x0B, 0xC0, 0x00,
    0x00, 0x7C, 0x00, 0x00, 0x07, 0xC0, 0x00, 0x00, 0x3E, 0x00, 0x00, 0x03, 0xF0, 0x00, 0x00, 0x1F,
    0x80, 0x00, 0x00, 0xBF, 0x40, 0x19, 0x01, 0xFF, 0xFF, 0xE0, 0x01, 0xFF, 0xE4, 0x00, 0x18, 0x00,
    0x00, 0xF4, 0x00, 0x0F, 0x74, 0x00, 0xF0, 0xB4, 0x02, 0x00, 0x80, 0x00, 0x00, 0x00, 0x00, 0x00,
    0x00, 0x6F, 0xF4, 0x0B, 0xFF, 0xE0, 0xBE, 0x01, 0x03, 0xE0, 0x00, 0x1F, 0x00, 0x00, 0xBC, 0x00,
    0x02, 0xE0, 0x00, 0x0B, 0xC0, 0x00, 0x1F, 0x00, 0x00, 0x3E, 0x00, 0x00, 0xBE, 0x00, 0x40, 0xBF,
    0xFF, 0x00, 0x6F, 0xF8, 0x00, 0x03, 0xD0, 0x00, 0x00, 0x7E, 0x00, 0x00, 0x03, 0xD0, 0x00, 0x00,
    0x00, 0x00, 0x00, 0x00, 0x00, 0x00, 0x01, 0xBF, 0xE4, 0x01, 0xFF, 0xFF, 0xE0, 0x7F, 0x40, 0x1D,
    0x0F, 0xC0, 0x00, 0x02, 0xF0, 0x00, 0x00, 0x3E, 0x00, 0x00, 0x07, 0xD0, 0x00, 0x00, 0x7C, 0x00,
    0x00, 0x0B, 0xC0, 0x00, 0x00, 0x7C, 0x00, 0x00, 0x07, 0xC0, 0x00, 0x00, 0x3E, 0x00, 0x00, 0x03,
    0xF0, 0x00, 0x00, 0x1F, 0x80, 0x00, 0x00, 0xBF, 0x40, 0x19, 0x01, 0xFF, 0xFF, 0xE0, 0x01, 0xFF,
    0xE4, 0x00, 0x3D, 0x00, 0x01, 0xF8, 0x00, 0x03, 0xD0, 0x00, 0x00, 0x00, 0x00, 0x00, 0x00, 0x06,
    0xFF, 0x40, 0xBF, 0xFE, 0x0B, 0xE0, 0x10, 0x3E, 0x00, 0x01, 0xF0, 0x00, 0x0B, 0xC0, 0x00, 0x2E,
    0x00, 0x00, 0xBC, 0x00, 0x01, 0xF0, 0x00, 0x03, 0xE0, 0x00, 0x0B, 0xE0, 0x04, 0x0B, 0xFF, 0xF0,
    0x06, 0xFF, 0x80, 0x00, 0x20, 0x08, 0x00, 0x03, 0xC2, 0xD0, 0x00, 0x0E, 0x74, 0x00, 0x00, 0x3D,
    0x00, 0x00, 0x01, 0x80, 0x00, 0x00, 0x00, 0x00, 0x00, 0x00, 0x00, 0x00, 0x01, 0xBF, 0xE4, 0x01,
    0xFF, 0xFF, 0xE0, 0x7F, 0x40, 0x1D, 0x0F, 0xC0, 0x00, 0x02, 0xF0, 0x00, 0x00, 0x3E, 0x00, 0x00,
    0x07, 0xD0, 0x00, 0x00, 0x7C, 0x00, 0x00, 0x0B, 0xC0, 0x00, 0x00, 0x7C, 0x00, 0x00, 0x07, 0xC0,
    0x00, 0x00, 0x3E, 0x00, 0x00, 0x03, 0xF0, 0x00, 0x00, 0x1F, 0x80, 0x00, 0x00, 0xBF, 0x40, 0x19,
    0x01, 0xFF, 0xFF, 0xE0, 0x01, 0xFF, 0xE4, 0x02, 0x00, 0x80, 0x0F, 0x0B, 0x40, 0x0E, 0x74, 0x00,
    0x0F, 0x40, 0x00, 0x18, 0x00, 0x00, 0x00, 0x00, 0x00, 0x00, 0x00, 0x6F, 0xF4, 0x0B, 0xFF, 0xE0,
    0xBE, 0x01, 0x03, 0xE0, 0x00, 0x1F, 0x00, 0x00, 0xBC, 0x00, 0x02, 0xE0, 0x00, 0x0B, 0xC0, 0x00,
    0x1F, 0x00, 0x00, 0x3E, 0x00, 0x00, 0xBE, 0x00, 0x40, 0xBF, 0xFF, 0x00, 0x6F, 0xF8, 0x02, 0x40,
    0x80, 0x00, 0x0F, 0x0B, 0x40, 0x00, 0x0F, 0x74, 0x00, 0x00, 0x0F, 0x80, 0x00, 0x00, 0x08, 0x00,
    0x00, 0x00, 0x00, 0x00, 0x00, 0x00, 0x00, 0x00, 0x2F, 0xFF, 0xA0, 0x00, 0xFF, 0xFF, 0xF8, 0x03,
    0xE0, 0x06, 0xFC, 0x0F, 0x80, 0x01, 0xFC, 0x3E, 0x00, 0x01, 0xF8, 0xF8, 0x00, 0x03, 0xF3, 0xE0,
    0x00, 0x07, 0xCF, 0x80, 0x00, 0x1F, 0x7E, 0x00, 0x00, 0x3D, 0xF8, 0x00, 0x01, 0xF7, 0xE0, 0x00,
    0x07, 0xCF, 0x80, 0x00, 0x3F, 0x3E, 0x00, 0x01, 0xF8, 0xF8, 0x00, 0x1F, 0xC3, 0xE0, 0x06, 0xFC,
    0x0F, 0xFF, 0xFF, 0x80, 0x2F, 0xFF, 0xA0, 0x00, 0x00, 0x00, 0x1E, 0x2E, 0x00, 0x00, 0x2E, 0x2E,
    0x00, 0x00, 0x2E, 0x2D, 0x00, 0x00, 0x2E, 0x2D, 0x00, 0x00, 0x2E, 0x2C, 0x00, 0x00, 0x2E, 0x2C,
    0x01, 0xFF, 0xAE, 0x00, 0x0F, 0xFF, 0xFE, 0x00, 0x2F, 0x40, 0x7E, 0x00, 0x3D, 0x00, 0x2E, 0x00,
    0x7C, 0x00, 0x2E, 0x00, 0xBC, 0x00, 0x2E, 0x00, 0xB8, 0x00, 0x2E, 0x00, 0xBC, 0x00, 0x2E, 0x00,
    0x7C, 0x00, 0x2E, 0x00, 0x3E, 0x00, 0x2E, 0x00, 0x2F, 0x80, 0x2E, 0x00, 0x0B, 0xFF, 0xFE, 0x00,
    0x01, 0xBF, 0xF9, 0x00, 0x06, 0xFF, 0xF9, 0x00, 0x02, 0xFF, 0xFF, 0xF4, 0x00, 0xBC, 0x01, 0xBF,
    0x40, 0x2F, 0x00, 0x03, 0xF4, 0x0B, 0xC0, 0x00, 0x3F, 0x02, 0xF0, 0x00, 0x07, 0xC0, 0xBC, 0x00,
    0x00, 0xFA, 0xFF, 0xFC, 0x00, 0x3E, 0xBF, 0xFF, 0x00, 0x0F, 0x82, 0xF0, 0x00, 0x03, 0xE0, 0xBC,
    0x00, 0x00, 0xF8, 0x2F, 0x00, 0x00, 0x7C, 0x0B, 0xC0, 0x00, 0x3F, 0x02, 0xF0, 0x00, 0x3F, 0x40,
    0xBC, 0x00, 0xBF, 0x40, 0x2F, 0xFF, 0xFF, 0x40, 0x06, 0xFF, 0xF9, 0x00, 0x00, 0x00, 0x00, 0x1E,
    0x00, 0x00, 0x02, 0xE0, 0x00, 0x3F, 0xFF, 0xE0, 0x03, 0xFF, 0xFE, 0x00, 0x00, 0x2E, 0x00, 0x00,
    0x02, 0xE0, 0x01, 0xFF, 0xAE, 0x00, 0xFF, 0xFF, 0xE0, 0x2F, 0x40, 0x7E, 0x03, 0xD0, 0x02, 0xE0,
    0x7C, 0x00, 0x2E, 0x0B, 0xC0, 0x02, 0xE0, 0xB8, 0x00, 0x2E, 0x0B, 0xC0, 0x02, 0xE0, 0x7C, 0x00,
    0x2E, 0x03, 0xE0, 0x02, 0xE0, 0x2F, 0x80, 0x2E, 0x00, 0xBF, 0xFF, 0xE0, 0x01, 0xBF, 0xF9, 0x00,
    0x0F, 0xFF, 0xC0, 0x0F, 0xFF, 0xC0, 0x00, 0x00, 0x00, 0x00, 0x00, 0x00, 0x00, 0x00, 0x00, 0xFF,
    0xFF, 0xF8, 0xFF, 0xFF, 0xF8, 0xF8, 0x00, 0x00, 0xF8, 0x00, 0x00, 0xF8, 0x00, 0x00, 0xF8, 0x00,
    0x00, 0xF8, 0x00, 0x00, 0xFF, 0xFF, 0xF0, 0xFF, 0xFF, 0xF0, 0xF8, 0x00, 0x00, 0xF8, 0x00, 0x00,
    0xF8, 0x00, 0x00, 0xF8, 0x00, 0x00, 0xF8, 0x00, 0x00, 0xF8, 0x00, 0x00, 0xFF, 0xFF, 0xFD, 0xFF,
    0xFF, 0xFD, 0x0B, 0xFF, 0xE0, 0x0B, 0xFF, 0xE0, 0x00, 0x00, 0x00, 0x00, 0x00, 0x00, 0x00, 0x00,
    0x00, 0x01, 0xBF, 0x80, 0x0B, 0xFF, 0xF0, 0x2F, 0x41, 0xFC, 0x3D, 0x00, 0x3D, 0x7C, 0x00, 0x3D,
    0xBF, 0xFF, 0xFE, 0xBF, 0xFF, 0xFE, 0xBC, 0x00, 0x00, 0x7C, 0x00, 0x00, 0x3E, 0x00, 0x00, 0x2F,
    0x80, 0x14, 0x0B, 0xFF, 0xF8, 0x01, 0xBF, 0xE4, 0x0D, 0x03, 0x40, 0x0F, 0x0B, 0x40, 0x07, 0xFF,
    0x00, 0x01, 0xF8, 0x00, 0x00, 0x00, 0x00, 0x00, 0x00, 0x00, 0xFF, 0xFF, 0xF8, 0xFF, 0xFF, 0xF8,
    0xF8, 0x00, 0x00, 0xF8, 0x00, 0x00, 0xF8, 0x00, 0x00, 0xF8, 0x00, 0x00, 0xF8, 0x00, 0x00, 0xFF,
    0xFF, 0xF0, 0xFF, 0xFF, 0xF0, 0xF8, 0x00, 0x00, 0xF8, 0x00, 0x00, 0xF8, 0x00, 0x00, 0xF8, 0x00,
    0x00, 0xF8, 0x00, 0x00, 0xF8, 0x00, 0x00, 0xFF, 0xFF, 0xFD, 0xFF, 0xFF, 0xFD, 0x03, 0x40, 0xD0,
    0x03, 0xC2, 0xC0, 0x02, 0xFF, 0x80, 0x00, 0xBE, 0x00, 0x00, 0x00, 0x00, 0x00, 0x00, 0x00, 0x01,
    0xBF, 0x80, 0x0B, 0xFF, 0xF0, 0x2F, 0x41, 0xFC, 0x3D, 0x00, 0x3D, 0x7C, 0x00, 0x3D, 0xBF, 0xFF,
    0xFE, 0xBF, 0xFF, 0xFE, 0xBC, 0x00, 0x00, 0x7C, 0x00, 0x00, 0x3E, 0x00, 0x00, 0x2F, 0x80, 0x14,
    0x0B, 0xFF, 0xF8, 0x01, 0xBF, 0xE4, 0x00, 0xB4, 0x00, 0x00, 0xFC, 0x00, 0x00, 0xB4, 0x00, 0x00,
    0x00, 0x00, 0x00, 0x00, 0x00, 0xFF, 0xFF, 0xF8, 0xFF, 0xFF, 0xF8, 0xF8, 0x00, 0x00, 0xF8, 0x00,
    0x00, 0xF8, 0x00, 0x00, 0xF8, 0x00, 0x00, 0xF8, 0x00, 0x00, 0xFF, 0xFF, 0xF0, 0xFF, 0xFF, 0xF0,
    0xF8, 0x00, 0x00, 0xF8, 0x00, 0x00, 0xF8, 0x00, 0x00, 0xF8, 0x00, 0x00, 0xF8, 0x00, 0x00, 0xF8,
    0x00, 0x00, 0xFF, 0xFF, 0xFD, 0xFF, 0xFF, 0xFD, 0x00, 0x3D, 0x00, 0x00, 0x7E, 0x00, 0x00, 0x3D,
    0x00, 0x00, 0x00, 0x00, 0x00, 0x00, 0x00, 0x01, 0xBF, 0x80, 0x0B, 0xFF, 0xF0, 0x2F, 0x41, 0xFC,
    0x3D, 0x00, 0x3D, 0x7C, 0x00, 0x3D, 0xBF, 0xFF, 0xFE, 0xBF, 0xFF, 0xFE, 0xBC, 0x00, 0x00, 0x7C,
    0x00, 0x00, 0x3E, 0x00, 0x00, 0x2F, 0x80, 0x14, 0x0B, 0xFF, 0xF8, 0x01, 0xBF, 0xE4, 0xFF, 0xFF,
    0xF8, 0xFF, 0xFF, 0xF8, 0xF8, 0x00, 0x00, 0xF8, 0x00, 0x00, 0xF8, 0x00, 0x00, 0xF8, 0x00, 0x00,
    0xF8, 0x00, 0x00, 0xFF, 0xFF, 0xF0, 0xFF, 0xFF, 0xF0, 0xF8, 0x00, 0x00, 0xF8, 0x00, 0x00, 0xF8,
    0x00, 0x00, 0xF8, 0x00, 0x00, 0xF8, 0x00, 0x00, 0xF8, 0x00, 0x00, 0xFF, 0xFF, 0xFD, 0xFF, 0xFF,
    0xFD, 0x00, 0x00, 0xB8, 0x00, 0x01, 0xE0, 0x00, 0x03, 0xD0, 0x00, 0x03, 0xFD, 0x00, 0x00, 0xFD,
    0x01, 0xBF, 0x80, 0x0B, 0xFF, 0xF0, 0x2F, 0x41, 0xFC, 0x3D, 0x00, 0x3D, 0x7C, 0x00, 0x3D, 0xBF,
    0xFF, 0xFE, 0xBF, 0xFF, 0xFE, 0xBC, 0x00, 0x00, 0x7C, 0x00, 0x00, 0x3E, 0x00, 0x00, 0x2F, 0x80,
    0x14, 0x0B, 0xFF, 0xF8, 0x01, 0xBF, 0xF4, 0x00, 0x03, 0xD0, 0x00, 0x0B, 0x80, 0x00, 0x0F, 0x40,
    0x00, 0x0F, 0xF4, 0x00, 0x03, 0xF4, 0x08, 0x02, 0x00, 0x0F, 0x0B, 0x40, 0x03, 0xDD, 0x00, 0x00,
    0xF8, 0x00, 0x00, 0x60, 0x00, 0x00, 0x00, 0x00, 0x00, 0x00, 0x00, 0xFF, 0xFF, 0xF8, 0xFF, 0xFF,
    0xF8, 0xF8, 0x00, 0x00, 0xF8, 0x00, 0x00, 0xF8, 0x00, 0x00, 0xF8, 0x00, 0x00, 0xF8, 0x00, 0x00,
    0xFF, 0xFF, 0xF0, 0xFF, 0xFF, 0xF0, 0xF8, 0x00, 0x00, 0xF8, 0x00, 0x00, 0xF8, 0x00, 0x00, 0xF8,
    0x00, 0x00, 0xF8, 0x00, 0x00, 0xF8, 0x00, 0x00, 0xFF, 0xFF, 0xFD, 0xFF, 0xFF, 0xFD, 0x02, 0x00,
    0x80, 0x03, 0xC2, 0xD0, 0x00, 0xE7, 0x40, 0x00, 0x3D, 0x00, 0x00, 0x18, 0x00, 0x00, 0x00, 0x00,
    0x00, 0x00, 0x00, 0x00, 0x00, 0x00, 0x01, 0xBF, 0x80, 0x0B, 0xFF, 0xF0, 0x2F, 0x41, 0xFC, 0x3D,
    0x00, 0x3D, 0x7C, 0x00, 0x3D, 0xBF, 0xFF, 0xFE, 0xBF, 0xFF, 0xFE, 0xBC, 0x00, 0x00, 0x7C, 0x00,
    0x00, 0x3E, 0x00, 0x00, 0x2F, 0x80, 0x14, 0x0B, 0xFF, 0xF8, 0x01, 0xBF, 0xE4, 0x00, 0x00, 0x80,
    0x00, 0x00, 0x0F, 0x80, 0x00, 0x00, 0xF7, 0x80, 0x00, 0x0B, 0x07, 0x40, 0x00, 0x14, 0x08, 0x00,
    0x00, 0x00, 0x00, 0x00, 0x00, 0x00, 0x00, 0x00, 0x06, 0xFF, 0x90, 0x01, 0xFF, 0xFF, 0xF0, 0x1F,
    0xD0, 0x06, 0x80, 0xFC, 0x00, 0x00, 0x0B, 0xC0, 0x00, 0x00, 0x3E, 0x00, 0x00, 0x01, 0xF4, 0x00,
    0x00, 0x07, 0xC0, 0x00, 0x00, 0x2F, 0x00, 0x00, 0x00, 0x7C, 0x00, 0x01, 0xF1, 0xF0, 0x00, 0x07,
    0xC3, 0xE0, 0x00, 0x1F, 0x0F, 0xC0, 0x00, 0x7C, 0x1F, 0xC0, 0x01, 0xF0, 0x2F, 0xD0, 0x07, 0xC0,
    0x1F, 0xFF, 0xFF, 0x00, 0x07, 0xFF, 0xE4, 0x00, 0x08, 0x00, 0x00, 0x2F, 0x00, 0x00, 0xB7, 0xC0,
    0x02, 0xD0, 0xE0, 0x01, 0x80, 0x50, 0x00, 0x00, 0x00, 0x00, 0x00, 0x00, 0x01, 0xBF, 0xE8, 0x0B,
    0xFF, 0xFD, 0x2F, 0x80, 0x3D, 0x3E, 0x00, 0x3D, 0x7C, 0x00, 0x3D, 0xBC, 0x00, 0x3D, 0xB8, 0x00,
    0x3D, 0xBC, 0x00, 0x3D, 0xBC, 0x00, 0x3D, 0x3D, 0x00, 0x3D, 0x2F, 0x40, 0xBD, 0x0F, 0xFF, 0xFD,
    0x01, 0xFF, 0x7D, 0x00, 0x00, 0x3D, 0x00, 0x00, 0x7C, 0x14, 0x01, 0xFC, 0x3F, 0xFF, 0xF0, 0x1B,
    0xFF, 0x40, 0x00, 0x38, 0x0E, 0x00, 0x00, 0xF4, 0x74, 0x00, 0x01, 0xFF, 0xC0, 0x00, 0x01, 0xFC,
    0x00, 0x00, 0x00, 0x00, 0x00, 0x00, 0x00, 0x00, 0x00, 0x01, 0xBF, 0xE4, 0x00, 0x7F, 0xFF, 0xFC,
    0x07, 0xF4, 0x01, 0xA0, 0x3F, 0x00, 0x00, 0x02, 0xF0, 0x00, 0x00, 0x0F, 0x80, 0x00, 0x00, 0x7D,
    0x00, 0x00, 0x01, 0xF0, 0x00, 0x00, 0x0B, 0xC0, 0x00, 0x00, 0x1F, 0x00, 0x00, 0x7C, 0x7C, 0x00,
    0x01, 0xF0, 0xF8, 0x00, 0x07, 0xC3, 0xF0, 0x00, 0x1F, 0x07, 0xF0, 0x00, 0x7C, 0x0B, 0xF4, 0x01,
    0xF0, 0x07, 0xFF, 0xFF, 0xC0, 0x01, 0xFF, 0xF9, 0x00, 0x02, 0xC0, 0xB0, 0x02, 0xD1, 0xE0, 0x00,
    0xFF, 0xC0, 0x00, 0x3F, 0x40, 0x00, 0x00, 0x00, 0x00, 0x00, 0x00, 0x01, 0xBF, 0xE8, 0x0B, 0xFF,
    0xFD, 0x2F, 0x80, 0x3D, 0x3E, 0x00, 0x3D, 0x7C, 0x00, 0x3D, 0xBC, 0x00, 0x3D, 0xB8, 0x00, 0x3D,
    0xBC, 0x00, 0x3D, 0xBC, 0x00, 0x3D, 0x3D, 0x00, 0x3D, 0x2F, 0x40, 0xBD, 0x0F, 0xFF, 0xFD, 0x01,
    0xFF, 0x7D, 0x00, 0x00, 0x3D, 0x00, 0x00, 0x7C, 0x14, 0x01, 0xFC, 0x3F, 0xFF, 0xF0, 0x1B, 0xFF,
    0x40, 0x00, 0x02, 0xD0, 0x00, 0x00, 0x0F, 0xC0, 0x00, 0x00, 0x2D, 0x00, 0x00, 0x00, 0x00, 0x00,
    0x00, 0x00, 0x00, 0x00, 0x00, 0x6F, 0xF9, 0x00, 0x1F, 0xFF, 0xFF, 0x01, 0xFD, 0x00, 0x68, 0x0F,
    0xC0, 0x00, 0x00, 0xBC, 0x00, 0x00, 0x03, 0xE0, 0x00, 0x00, 0x1F, 0x40, 0x00, 0x00, 0x7C, 0x00,
    0x00, 0x02, 0xF0, 0x00, 0x00, 0x07, 0xC0, 0x00, 0x1F, 0x1F, 0x00, 0x00, 0x7C, 0x3E, 0x00, 0x01,
    0xF0, 0xFC, 0x00, 0x07, 0xC1, 0xFC, 0x00, 0x1F, 0x02, 0xFD, 0x00, 0x7C, 0x01, 0xFF, 0xFF, 0xF0,
    0x00, 0x7F, 0xFE, 0x40, 0x00, 0x1E, 0x00, 0x00, 0x3F, 0x00, 0x00, 0x1E, 0x00, 0x00, 0x00, 0x00,
    0x00, 0x00, 0x00, 0x01, 0xBF, 0xE8, 0x0B, 0xFF, 0xFD, 0x2F, 0x80, 0x3D, 0x3E, 0x00, 0x3D, 0x7C,
    0x00, 0x3D, 0xBC, 0x00, 0x3D, 0xB8, 0x00, 0x3D, 0xBC, 0x00, 0x3D, 0xBC, 0x00, 0x3D, 0x3D, 0x00,
    0x3D, 0x2F, 0x40, 0xBD, 0x0F, 0xFF, 0xFD, 0x01, 0xFF, 0x7D, 0x00, 0x00, 0x3D, 0x00, 0x00, 0x7C,
    0x14, 0x01, 0xFC, 0x3F, 0xFF, 0xF0, 0x1B, 0xFF, 0x40, 0x00, 0x1B, 0xFE, 0x40, 0x07, 0xFF, 0xFF,
    0xC0, 0x7F, 0x40, 0x1A, 0x03, 0xF0, 0x00, 0x00, 0x2F, 0x00, 0x00, 0x00, 0xF8, 0x00, 0x00, 0x07,
    0xD0, 0x00, 0x00, 0x1F, 0x00, 0x00, 0x00, 0xBC, 0x00, 0x00, 0x01, 0xF0, 0x00, 0x07, 0xC7, 0xC0,
    0x00, 0x1F, 0x0F, 0x80, 0x00, 0x7C, 0x3F, 0x00, 0x01, 0xF0, 0x7F, 0x00, 0x07, 0xC0, 0xBF, 0x40,
    0x1F, 0x00, 0x7F, 0xFF, 0xFC, 0x00, 0x1F, 0xFF, 0x90, 0x00, 0x00, 0x00, 0x00, 0x00, 0x3E, 0x00,
    0x00, 0x07, 0xF4, 0x00, 0x00, 0x1F, 0x40, 0x00, 0x00, 0x02, 0x80, 0x00, 0x0F, 0x80, 0x00, 0x1F,
    0x00, 0x00, 0x2E, 0x00, 0x00, 0x00, 0x00, 0x00, 0x00, 0x00, 0x01, 0xBF, 0xE8, 0x0B, 0xFF, 0xFD,
    0x2F, 0x80, 0x3D, 0x3E, 0x00, 0x3D, 0x7C, 0x00, 0x3D, 0xBC, 0x00, 0x3D, 0xB8, 0x00, 0x3D, 0xBC,
    0x00, 0x3D, 0xBC, 0x00, 0x3D, 0x3D, 0x00, 0x3D, 0x2F, 0x40, 0xBD, 0x0F, 0xFF, 0xFD, 0x01, 0xFF,
    0x7D, 0x00, 0x00, 0x3D, 0x00, 0x00, 0x7C, 0x14, 0x01, 0xFC, 0x3F, 0xFF, 0xF0, 0x1B, 0xFF, 0x40,
    0x00, 0x09, 0x00, 0x00, 0x02, 0xF0, 0x00, 0x00, 0x77, 0xC0, 0x00, 0x1E, 0x0F, 0x00, 0x00, 0x80,
    0x20, 0x00, 0x00, 0x00, 0x00, 0x00, 0x00, 0x00, 0x0F, 0x80, 0x00, 0x3D, 0xF8, 0x00, 0x03, 0xDF,
    0x80, 0x00, 0x3D, 0xF8, 0x00, 0x03, 0xDF, 0x80, 0x00, 0x3D, 0xF8, 0x00, 0x03, 0xDF, 0x80, 0x00,
    0x3D, 0xFF, 0xFF, 0xFF, 0xDF, 0xFF, 0xFF, 0xFD, 0xF8, 0x00, 0x03, 0xDF, 0x80, 0x00, 0x3D, 0xF8,
    0x00, 0x03, 0xDF, 0x80, 0x00, 0x3D, 0xF8, 0x00, 0x03, 0xDF, 0x80, 0x00, 0x3D, 0xF8, 0x00, 0x03,
    0xDF, 0x80, 0x00, 0x3D, 0x03, 0x00, 0x00, 0x1F, 0xC0, 0x00, 0x7E, 0xF0, 0x00, 0x60, 0x30, 0x00,
    0x00, 0x00, 0x00, 0x00, 0x00, 0x00, 0x2D, 0x00, 0x00, 0x3D, 0x00, 0x00, 0x3D, 0x00, 0x00, 0x3D,
    0x00, 0x00, 0x3D, 0x00, 0x00, 0x3D, 0x00, 0x00, 0x3E, 0xFF, 0x80, 0x3F, 0xFF, 0xF4, 0x3E, 0x01,
    0xFC, 0x3D, 0x00, 0x7C, 0x3D, 0x00, 0x3D, 0x3D, 0x00, 0x3D, 0x3D, 0x00, 0x3E, 0x3D, 0x00, 0x3E,
    0x3D, 0x00, 0x3E, 0x3D, 0x00, 0x3E, 0x3D, 0x00, 0x3E, 0x3D, 0x00, 0x3E, 0x3D, 0x00, 0x3E, 0x0B,
    0xC0, 0x00, 0x2F, 0x00, 0xBC, 0x00, 0x02, 0xF0, 0xBF, 0xFF, 0xFF, 0xFF, 0xFB, 0xFF, 0xFF, 0xFF,
    0xFF, 0x0B, 0xC0, 0x00, 0x2F, 0x00, 0xBC, 0x00, 0x02, 0xF0, 0x0B, 0xC0, 0x00, 0x2F, 0x00, 0xBF,
    0xFF, 0xFF, 0xF0, 0x0B, 0xFF, 0xFF, 0xFF, 0x00, 0xBC, 0x00, 0x02, 0xF0, 0x0B, 0xC0, 0x00, 0x2F,
    0x00, 0xBC, 0x00, 0x02, 0xF0, 0x0B, 0xC0, 0x00, 0x2F, 0x00, 0xBC, 0x00, 0x02, 0xF0, 0x0B, 0xC0,
    0x00, 0x2F, 0x00, 0xBC, 0x00, 0x02, 0xF0, 0x0B, 0xC0, 0x00, 0x2F, 0x00, 0x0B, 0x40, 0x00, 0x03,
    0xD0, 0x00, 0x0F, 0xFF, 0xFC, 0x03, 0xFF, 0xFF, 0x00, 0x0F, 0x40, 0x00, 0x03, 0xD0, 0x00, 0x00,
    0xFB, 0xFE, 0x00, 0x3F, 0xFF, 0xF4, 0x0F, 0x80, 0x7F, 0x03, 0xD0, 0x07, 0xC0, 0xF4, 0x00, 0xF4,
    0x3D, 0x00, 0x3D, 0x0F, 0x40, 0x0F, 0x83, 0xD0, 0x03, 0xE0, 0xF4, 0x00, 0xF8, 0x3D, 0x00, 0x3E,
    0x0F, 0x40, 0x0F, 0x83, 0xD0, 0x03, 0xE0, 0xF4, 0x00, 0xF8, 0x1F, 0x43, 0x1F, 0xFF, 0xC7, 0x0B,
    0xC0, 0x00, 0x00, 0x00, 0x00, 0x00, 0x00, 0x00, 0x3E, 0x00, 0x0F, 0x80, 0x03, 0xE0, 0x00, 0xF8,
    0x00, 0x3E, 0x00, 0x0F, 0x80, 0x03, 0xE0, 0x00, 0xF8, 0x00, 0x3E, 0x00, 0x0F, 0x80, 0x03, 0xE0,
    0x00, 0xF8, 0x00, 0x3E, 0x00, 0x0F, 0x80, 0x03, 0xE0, 0x00, 0xF8, 0x00, 0x3E, 0x00, 0x2F, 0x47,
    0x1F, 0xFF, 0xCA, 0x0B, 0xC0, 0x00, 0x00, 0x00, 0x00, 0x00, 0x00, 0x00, 0x3D, 0x00, 0x0F, 0x40,
    0x03, 0xD0, 0x00, 0xF4, 0x00, 0x3D, 0x00, 0x0F, 0x40, 0x03, 0xD0, 0x00, 0xF4, 0x00, 0x3D, 0x00,
    0x0F, 0x40, 0x03, 0xD0, 0x00, 0xF4, 0x00, 0x3D, 0x00, 0x3F, 0xFF, 0x3F, 0xFF, 0x00, 0x00, 0x00,
    0x00, 0x00, 0x00, 0x03, 0xE0, 0x03, 0xE0, 0x03, 0xE0, 0x03, 0xE0, 0x03, 0xE0, 0x03, 0xE0, 0x03,
    0xE0, 0x03, 0xE0, 0x03, 0xE0, 0x03, 0xE0, 0x03, 0xE0, 0x03, 0xE0, 0x03, 0xE0, 0x03, 0xE0, 0x03,
    0xE0, 0x03, 0xE0, 0x03, 0xE0, 0x7F, 0xFE, 0x7F, 0xFE, 0x00, 0x00, 0x00, 0x00, 0x00, 0x00, 0x03,
    0xD0, 0x03, 0xD0, 0x03, 0xD0, 0x03, 0xD0, 0x03, 0xD0, 0x03, 0xD0, 0x03, 0xD0, 0x03, 0xD0, 0x03,
    0xD0, 0x03, 0xD0, 0x03, 0xD0, 0x03, 0xD0, 0x03, 0xD0, 0xE0, 0x3B, 0xD1, 0xD7, 0xFF, 0x07, 0xF0,
    0x00, 0x00, 0x00, 0x00, 0xF8, 0x03, 0xE0, 0x0F, 0x80, 0x3E, 0x00, 0xF8, 0x03, 0xE0, 0x0F, 0x80,
    0x3E, 0x00, 0xF8, 0x03, 0xE0, 0x0F, 0x80, 0x3E, 0x00, 0xF8, 0x03, 0xE0, 0x0F, 0x80, 0x3E, 0x00,
    0xF8, 0x00, 0x34, 0x0D, 0x3C, 0x2D, 0x1F, 0xFC, 0x07, 0xE0, 0x00, 0x00, 0x00, 0x00, 0x03, 0xD0,
    0x03, 0xD0, 0x03, 0xD0, 0x03, 0xD0, 0x03, 0xD0, 0x03, 0xD0, 0x03, 0xD0, 0x03, 0xD0, 0x03, 0xD0,
    0x03, 0xD0, 0x03, 0xD0, 0x03, 0xD0, 0x03, 0xD0, 0x0F, 0x83, 0xE0, 0xF8, 0x3E, 0x0F, 0x83, 0xE0,
    0xF8, 0x3E, 0x0F, 0x83, 0xE0, 0xF8, 0x3E, 0x0F, 0x83, 0xE0, 0xF8, 0x3E, 0x0F, 0x87, 0xC3, 0xC1,
    0xF0, 0x7F, 0x8B, 0xE0, 0x0F, 0x43, 0xD0, 0x00, 0x00, 0x00, 0x03, 0xD0, 0xF4, 0x3D, 0x0F, 0x43,
    0xD0, 0xF4, 0x3D, 0x0F, 0x43, 0xD0, 0xF4, 0x3D, 0x0F, 0x43, 0xD1, 0xE0, 0xF0, 0xB8, 0x2F, 0xE2,
    0xF4, 0x2D, 0x3F, 0x2D, 0x00, 0x00, 0x3E, 0x3E, 0x3E, 0x3E, 0x3E, 0x3E, 0x3E, 0x3E, 0x3E, 0x3E,
    0x3E, 0x3E, 0x3E, 0x3E, 0x3E, 0x3E, 0x3E, 0xF7, 0xDF, 0x7D, 0xF7, 0xDF, 0x7D, 0xF7, 0xDF, 0x7D,
    0xF4, 0xF8, 0x00, 0x00, 0x3D, 0xF8, 0x00, 0x00, 0x3D, 0xF8, 0x00, 0x00, 0x3D, 0xF8, 0x00, 0x00,
    0x3D, 0xF8, 0x00, 0x00, 0x3D, 0xF8, 0x00, 0x00, 0x3D, 0xF8, 0x00, 0x00, 0x3D, 0xF8, 0x00, 0x00,
    0x3D, 0xF8, 0x00, 0x00, 0x3D, 0xF8, 0x00, 0x00, 0x3D, 0xF8, 0x00, 0x00, 0x3D, 0xF8, 0x00, 0x00,
    0x3D, 0xF8, 0x00, 0x00, 0x7C, 0xF8, 0x00, 0x00, 0xBC, 0xF8, 0x1D, 0x02, 0xF8, 0xF8, 0x3F, 0xFF,
    0xF0, 0xF8, 0x06, 0xFF, 0x40, 0x3D, 0x02, 0xE0, 0xF4, 0x0B, 0xC0, 0x00, 0x00, 0x00, 0x00, 0x00,
    0x00, 0x00, 0x00, 0xF4, 0x0B, 0xC3, 0xD0, 0x2F, 0x0F, 0x40, 0xBC, 0x3D, 0x02, 0xF0, 0xF4, 0x0B,
    0xC3, 0xD0, 0x2F, 0x0F, 0x40, 0xBC, 0x3D, 0x02, 0xF0, 0xF4, 0x0B, 0xC3, 0xD0, 0x2F, 0x0F, 0x40,
    0xBC, 0x3D, 0x02, 0xF0, 0xF4, 0x0B, 0x80, 0x00, 0x2E, 0x00, 0x00, 0xF8, 0x00, 0x07, 0xD0, 0x03,
    0xFF, 0x00, 0x0F, 0xE0, 0x00, 0x00, 0x00, 0x20, 0x00, 0x00, 0x3E, 0x00, 0x00, 0x3D, 0xD0, 0x00,
    0x3C, 0x2D, 0x00, 0x08, 0x02, 0x00, 0x00, 0x00, 0x00, 0x00, 0x00, 0x00, 0x00, 0x03, 0xD0, 0x00,
    0x00, 0xF4, 0x00, 0x00, 0x3D, 0x00, 0x00, 0x0F, 0x40, 0x00, 0x03, 0xD0, 0x00, 0x00, 0xF4, 0x00,
    0x00, 0x3D, 0x00, 0x00, 0x0F, 0x40, 0x00, 0x03, 0xD0, 0x00, 0x00, 0xF4, 0x00, 0x00, 0x3D, 0x00,
    0x00, 0x0F, 0x40, 0x00, 0x03, 0xD0, 0x00, 0x01, 0xF0, 0x0D, 0x01, 0xFC, 0x0B, 0xFF, 0xFC, 0x00,
    0x6F, 0xF8, 0x00, 0x00, 0x60, 0x00, 0x3D, 0x00, 0x3D, 0xD0, 0x3C, 0x2D, 0x08, 0x02, 0x00, 0x00,
    0x00, 0x00, 0x00, 0x03, 0xD0, 0x00, 0xF4, 0x00, 0x3D, 0x00, 0x0F, 0x40, 0x03, 0xD0, 0x00, 0xF4,
    0x00, 0x3D, 0x00, 0x0F, 0x40, 0x03, 0xD0, 0x00, 0xF4, 0x00, 0x3D, 0x00, 0x0F, 0x40, 0x03, 0xD0,
    0x00, 0xF4, 0x00, 0x3C, 0x00, 0x3F, 0x01, 0xFF, 0x40, 0xBF, 0x40, 0x00, 0xF8, 0x00, 0x2F, 0x4F,
    0x80, 0x0B, 0xD0, 0xF8, 0x02, 0xF4, 0x0F, 0x80, 0xBD, 0x00, 0xF8, 0x2F, 0x40, 0x0F, 0x8B, 0xD0,
    0x00, 0xFA, 0xF4, 0x00, 0x0F, 0xFD, 0x00, 0x00, 0xFF, 0xF4, 0x00, 0x0F, 0xAF, 0xD0, 0x00, 0xF8,
    0x7F, 0x40, 0x0F, 0x81, 0xFD, 0x00, 0xF8, 0x03, 0xF4, 0x0F, 0x80, 0x0F, 0xC0, 0xF8, 0x00, 0x3F,
    0x0F, 0x80, 0x01, 0xF8, 0xF8, 0x00, 0x0B, 0xD0, 0x00, 0x00, 0x00, 0x00, 0x3D, 0x00, 0x00, 0x1F,
    0xC0, 0x00, 0x01, 0xF4, 0x00, 0x00, 0xB4, 0x00, 0x03, 0xD0, 0x00, 0x0F, 0x40, 0x00, 0x3D, 0x00,
    0x00, 0xF4, 0x00, 0x03, 0xD0, 0x00, 0x0F, 0x40, 0x3E, 0x3D, 0x03, 0xE0, 0xF4, 0x3E, 0x03, 0xD3,
    0xE0, 0x0F, 0xBE, 0x00, 0x3F, 0xF0, 0x00, 0xFF, 0xF0, 0x03, 0xDB, 0xE0, 0x0F, 0x4B, 0xE0, 0x3D,
    0x0B, 0xD0, 0xF4, 0x0F, 0xC3, 0xD0, 0x0F, 0xCF, 0x40, 0x1F, 0x40, 0x00, 0x00, 0x01, 0xF0, 0x00,
    0x3F, 0xC0, 0x00, 0xF8, 0x00, 0x00, 0xF4, 0x02, 0xF0, 0xF4, 0x07, 0xC0, 0xF4, 0x1F, 0x40, 0xF4,
    0x7D, 0x00, 0xF5, 0xF4, 0x00, 0xFB, 0xE0, 0x00, 0xFF, 0xC0, 0x00, 0xF6, 0xF4, 0x00, 0xF4, 0xBD,
    0x00, 0xF4, 0x2F, 0x40, 0xF4, 0x0B, 0xC0, 0xF4, 0x03, 0xF0, 0xF4, 0x00, 0xF8, 0x03, 0x40, 0x00,
    0x2E, 0x00, 0x02, 0xE0, 0x00, 0x1F, 0x00, 0x00, 0x20, 0x00, 0x00, 0x00, 0x00, 0x00, 0x00, 0x00,
    0x3E, 0x00, 0x00, 0xF8, 0x00, 0x03, 0xE0, 0x00, 0x0F, 0x80, 0x00, 0x3E, 0x00, 0x00, 0xF8, 0x00,
    0x03, 0xE0, 0x00, 0x0F, 0x80, 0x00, 0x3E, 0x00, 0x00, 0xF8, 0x00, 0x03, 0xE0, 0x00, 0x0F, 0x80,
    0x00, 0x3E, 0x00, 0x00, 0xF8, 0x00, 0x03, 0xE0, 0x00, 0x0F, 0xFF, 0xFF, 0xBF, 0xFF, 0xFE, 0x02,
    0x82, 0xFC, 0x79, 0x00, 0x00, 0x2D, 0x03, 0xD0, 0x3D, 0x03, 0xD0, 0x3D, 0x03, 0xD0, 0x3D, 0x03,
    0xD0, 0x3D, 0x03, 0xD0, 0x3D, 0x03, 0xD0, 0x3D, 0x03, 0xD0, 0x3D, 0x03, 0xD0, 0x3F, 0x02, 0xFC,
    0x0B, 0xC0, 0xF8, 0x00, 0x03, 0xE0, 0x00, 0x0F, 0x80, 0x00, 0x3E, 0x00, 0x00, 0xF8, 0x00, 0x03,
    0xE0, 0x00, 0x0F, 0x80, 0x00, 0x3E, 0x00, 0x00, 0xF8, 0x00, 0x03, 0xE0, 0x00, 0x0F, 0x80, 0x00,
    0x3E, 0x00, 0x00, 0xF8, 0x00, 0x03, 0xE0, 0x00, 0x0F, 0x80, 0x00, 0x3F, 0xFF, 0xFE, 0xFF, 0xFF,
    0xF8, 0x00, 0x00, 0x00, 0x0F, 0x80, 0x01, 0xFD, 0x00, 0x07, 0xD0, 0x00, 0x0B, 0x40, 0x3D, 0x00,
    0xF4, 0x03, 0xD0, 0x0F, 0x40, 0x3D, 0x00, 0xF4, 0x03, 0xD0, 0x0F, 0x40, 0x3D, 0x00, 0xF4, 0x03,
    0xD0, 0x0F, 0x40, 0x3D, 0x00, 0xF4, 0x03, 0xD0, 0x0F, 0xC0, 0x2F, 0xC0, 0x2F, 0x00, 0x00, 0x0B,
    0xC0, 0xFE, 0x03, 0xE0, 0x00, 0xF8, 0x3C, 0x03, 0xE0, 0xF0, 0x0F, 0x83, 0xC0, 0x3E, 0x0E, 0x00,
    0xF8, 0x38, 0x03, 0xE0, 0xD0, 0x0F, 0x80, 0x00, 0x3E, 0x00, 0x00, 0xF8, 0x00, 0x03, 0xE0, 0x00,
    0x0F, 0x80, 0x00, 0x3E, 0x00, 0x00, 0xF8, 0x00, 0x03, 0xE0, 0x00, 0x0F, 0x80, 0x00, 0x3F, 0xFF,
    0xFE, 0xFF, 0xFF, 0xF8, 0x2D, 0x3C, 0x3D, 0x3C, 0x3D, 0x3C, 0x3D, 0x3C, 0x3D, 0x38, 0x3D, 0x38,
    0x3D, 0x00, 0x3D, 0x00, 0x3D, 0x00, 0x3D, 0x00, 0x3D, 0x00, 0x3D, 0x00, 0x3D, 0x00, 0x3D, 0x00,
    0x3D, 0x00, 0x3D, 0x00, 0x3F, 0x00, 0x2F, 0xC0, 0x0B, 0xC0, 0xF8, 0x00, 0x03, 0xE0, 0x00, 0x0F,
    0x80, 0x00, 0x3E, 0x00, 0x00, 0xF8, 0x00, 0x03, 0xE0, 0x00, 0x0F, 0x80, 0x00, 0x3E, 0x00, 0xF0,
    0xF8, 0x0B, 0xD3, 0xE0, 0x0F, 0x0F, 0x80, 0x00, 0x3E, 0x00, 0x00, 0xF8, 0x00, 0x03, 0xE0, 0x00,
    0x0F, 0x80, 0x00, 0x3F, 0xFF, 0xFE, 0xFF, 0xFF, 0xF8, 0x2D, 0x00, 0x0F, 0x40, 0x03, 0xD0, 0x00,
    0xF4, 0x00, 0x3D, 0x00, 0x0F, 0x40, 0x03, 0xD0, 0x00, 0xF4, 0x00, 0x3D, 0x00, 0x0F, 0x47, 0xC3,
    0xD2, 0xF0, 0xF4, 0x7C, 0x3D, 0x00, 0x0F, 0x40, 0x03, 0xD0, 0x00, 0xF4, 0x00, 0x3F, 0x00, 0x0B,
    0xF0, 0x00, 0xBC, 0x00, 0x01, 0xF0, 0x00, 0x00, 0x07, 0xC0, 0x00, 0x00, 0x1F, 0x00, 0x00, 0x00,
    0x7C, 0x00, 0x00, 0x01, 0xF0, 0x00, 0x00, 0x07, 0xC2, 0x00, 0x00, 0x1F, 0xBE, 0x00, 0x00, 0x7F,
    0xE0, 0x00, 0x0B, 0xF8, 0x00, 0x00, 0xFF, 0xC0, 0x00, 0x01, 0x9F, 0x00, 0x00, 0x00, 0x7C, 0x00,
    0x00, 0x01, 0xF0, 0x00, 0x00, 0x07, 0xC0, 0x00, 0x00, 0x1F, 0x00, 0x00, 0x00, 0x7F, 0xFF, 0xFC,
    0x01, 0xFF, 0xFF, 0xF0, 0x07, 0x80, 0x0B, 0x80, 0x0B, 0x80, 0x0B, 0x80, 0x0B, 0x80, 0x0B, 0x80,
    0x0B, 0x80, 0x0B, 0xFC, 0x0F, 0xF4, 0x7F, 0x80, 0xBF, 0x80, 0x0B, 0x80, 0x0B, 0x80, 0x0B, 0x80,
    0x0B, 0x80, 0x0B, 0x80, 0x0B, 0xD0, 0x03, 0xF4, 0x01, 0xF4, 0x00, 0x00, 0x90, 0x00, 0x00, 0x0B,
    0x80, 0x00, 0x00, 0x7C, 0x00, 0x00, 0x03, 0xC0, 0x00, 0x00, 0x0C, 0x00, 0x00, 0x00, 0x00, 0x00,
    0x00, 0x00, 0x00, 0x00, 0x3E, 0x00, 0x00, 0x7C, 0xFD, 0x00, 0x01, 0xF3, 0xFD, 0x00, 0x07, 0xCF,
    0xFC, 0x00, 0x1F, 0x3E, 0xFC, 0x00, 0x7C, 0xF8, 0xF8, 0x01, 0xF3, 0xE0, 0xF4, 0x07, 0xCF, 0x81,
    0xF0, 0x1F, 0x3E, 0x02, 0xF0, 0x7C, 0xF8, 0x03, 0xE1, 0xF3, 0xE0, 0x07, 0xD7, 0xCF, 0x80, 0x0B,
    0xDF, 0x3E, 0x00, 0x0F, 0xFC, 0xF8, 0x00, 0x0F, 0xF3, 0xE0, 0x00, 0x2F, 0xCF, 0x80, 0x00, 0x3F,
    0x3E, 0x00, 0x00, 0x7C, 0x00, 0x0A, 0x00, 0x00, 0x7C, 0x00, 0x03, 0xC0, 0x00, 0x3C, 0x00, 0x00,
    0x80, 0x00, 0x00, 0x00, 0x00, 0x00, 0x00, 0x1B, 0xFF, 0x80, 0xFF, 0xFF, 0xD3, 0xD0, 0x1F, 0xCF,
    0x40, 0x1F, 0x3D, 0x00, 0x3D, 0xF4, 0x00, 0xF7, 0xD0, 0x03, 0xEF, 0x40, 0x0F, 0xBD, 0x00, 0x3E,
    0xF4, 0x00, 0xFB, 0xD0, 0x03, 0xEF, 0x40, 0x0F, 0xBD, 0x00, 0x3E, 0xF8, 0x00, 0x01, 0xF3, 0xF4,
    0x00, 0x07, 0xCF, 0xF4, 0x00, 0x1F, 0x3F, 0xF0, 0x00, 0x7C, 0xFB, 0xF0, 0x01, 0xF3, 0xE3, 0xE0,
    0x07, 0xCF, 0x83, 0xD0, 0x1F, 0x3E, 0x07, 0xC0, 0x7C, 0xF8, 0x0B, 0xC1, 0xF3, 0xE0, 0x0F, 0x87,
    0xCF, 0x80, 0x1F, 0x5F, 0x3E, 0x00, 0x2F, 0x7C, 0xF8, 0x00, 0x3F, 0xF3, 0xE0, 0x00, 0x3F, 0xCF,
    0x80, 0x00, 0xBF, 0x3E, 0x00, 0x00, 0xFC, 0xF8, 0x00, 0x01, 0xF0, 0x00, 0x00, 0x00, 0x00, 0x00,
    0xF4, 0x00, 0x00, 0x2F, 0xC0, 0x00, 0x00, 0xBD, 0x00, 0x00, 0x6F, 0xFE, 0x03, 0xFF, 0xFF, 0x4F,
    0x40, 0x7F, 0x3D, 0x00, 0x7C, 0xF4, 0x00, 0xF7, 0xD0, 0x03, 0xDF, 0x40, 0x0F, 0xBD, 0x00, 0x3E,
    0xF4, 0x00, 0xFB, 0xD0, 0x03, 0xEF, 0x40, 0x0F, 0xBD, 0x00, 0x3E, 0xF4, 0x00, 0xF8, 0x00, 0x00,
    0x00, 0x0F, 0x40, 0x01, 0xFC, 0x00, 0x07, 0xD0, 0x00, 0x00, 0x80, 0x20, 0x00, 0x03, 0xC2, 0xC0,
    0x00, 0x03, 0x9D, 0x00, 0x00, 0x07, 0xD0, 0x00, 0x00, 0x06, 0x00, 0x00, 0x00, 0x00, 0x00, 0x00,
    0x00, 0x00, 0x00, 0x3E, 0x00, 0x00, 0x7C, 0xFD, 0x00, 0x01, 0xF3, 0xFD, 0x00, 0x07, 0xCF, 0xFC,
    0x00, 0x1F, 0x3E, 0xFC, 0x00, 0x7C, 0xF8, 0xF8, 0x01, 0xF3, 0xE0, 0xF4, 0x07, 0xCF, 0x81, 0xF0,
    0x1F, 0x3E, 0x02, 0xF0, 0x7C, 0xF8, 0x03, 0xE1, 0xF3, 0xE0, 0x07, 0xD7, 0xCF, 0x80, 0x0B, 0xDF,
    0x3E, 0x00, 0x0F, 0xFC, 0xF8, 0x00, 0x0F, 0xF3, 0xE0, 0x00, 0x2F, 0xCF, 0x80, 0x00, 0x3F, 0x3E,
    0x00, 0x00, 0x7C, 0x08, 0x02, 0x00, 0x3C, 0x2D, 0x00, 0x3D, 0xD0, 0x00, 0x3E, 0x00, 0x00, 0x20,
    0x00, 0x00, 0x00, 0x00, 0x00, 0x00, 0x1B, 0xFF, 0x80, 0xFF, 0xFF, 0xD3, 0xD0, 0x1F, 0xCF, 0x40,
    0x1F, 0x3D, 0x00, 0x3D, 0xF4, 0x00, 0xF7, 0xD0, 0x03, 0xEF, 0x40, 0x0F, 0xBD, 0x00, 0x3E, 0xF4,
    0x00, 0xFB, 0xD0, 0x03, 0xEF, 0x40, 0x0F, 0xBD, 0x00, 0x3E, 0x3D, 0x00, 0x00, 0x0F, 0x40, 0x00,
    0x03, 0xC0, 0x00, 0x01, 0xE0, 0x00, 0x00, 0x70, 0x00, 0x00, 0x00, 0x00, 0x00, 0x00, 0x6F, 0xFE,
    0x00, 0x3F, 0xFF, 0xF4, 0x0F, 0x40, 0x7F, 0x03, 0xD0, 0x07, 0xC0, 0xF4, 0x00, 0xF4, 0x3D, 0x00,
    0x3D, 0x0F, 0x40, 0x0F, 0x83, 0xD0, 0x03, 0xE0, 0xF4, 0x00, 0xF8, 0x3D, 0x00, 0x3E, 0x0F, 0x40,
    0x0F, 0x83, 0xD0, 0x03, 0xE0, 0xF4, 0x00, 0xF8, 0xF8, 0x00, 0x01, 0xF3, 0xF4, 0x00, 0x07, 0xCF,
    0xF4, 0x00, 0x1F, 0x3F, 0xF0, 0x00, 0x7C, 0xFA, 0xF0, 0x01, 0xF3, 0xE3, 0xE0, 0x07, 0xCF, 0x83,
    0xD0, 0x1F, 0x3E, 0x07, 0xC0, 0x7C, 0xF8, 0x07, 0xC1, 0xF3, 0xE0, 0x0B, 0x87, 0xCF, 0x80, 0x0F,
    0x5F, 0x3E, 0x00, 0x0F, 0x7C, 0xF8, 0x00, 0x1F, 0xF3, 0xE0, 0x00, 0x3F, 0xCF, 0x80, 0x00, 0x3F,
    0x3E, 0x00, 0x00, 0x7C, 0xF8, 0x00, 0x01, 0xF0, 0x00, 0x00, 0x07, 0xC0, 0x00, 0x00, 0x1F, 0x00,
    0x00, 0x00, 0xFC, 0x00, 0x00, 0x3F, 0xD0, 0x00, 0x00, 0xFE, 0x00, 0x6F, 0xFE, 0x03, 0xFF, 0xFF,
    0x4F, 0x40, 0x7F, 0x3D, 0x00, 0x7C, 0xF4, 0x00, 0xF7, 0xD0, 0x03, 0xDF, 0x40, 0x0F, 0xBD, 0x00,
    0x3E, 0xF4, 0x00, 0xFB, 0xD0, 0x03, 0xEF, 0x40, 0x0F, 0xBD, 0x00, 0x3E, 0xF4, 0x00, 0xF8, 0x00,
    0x03, 0xD0, 0x00, 0x0F, 0x40, 0x00, 0x7C, 0x00, 0x2F, 0xF0, 0x00, 0xBE, 0x00, 0x00, 0x3F, 0xFF,
    0x40, 0x00, 0x0F, 0xFF, 0xD0, 0x00, 0x00, 0x00, 0x00, 0x00, 0x00, 0x00, 0x00, 0x00, 0x00, 0x00,
    0x00, 0x00, 0x00, 0x06, 0xFF, 0x80, 0x00, 0x1F, 0xFF, 0xFE, 0x00, 0x1F, 0xD0, 0x1B, 0xF0, 0x0F,
    0xC0, 0x00, 0x7E, 0x0B, 0xC0, 0x00, 0x0B, 0xC3, 0xE0, 0x00, 0x00, 0xF9, 0xF0, 0x00, 0x00, 0x3F,
    0x7C, 0x00, 0x00, 0x0B, 0xEF, 0x00, 0x00, 0x02, 0xF7, 0xC0, 0x00, 0x00, 0xBD, 0xF0, 0x00, 0x00,
    0x3F, 0x3E, 0x00, 0x00, 0x0F, 0x8B, 0xC0, 0x00, 0x0B, 0xC0, 0xFC, 0x00, 0x07, 0xE0, 0x1F, 0xD0,
    0x1B, 0xF0, 0x01, 0xFF, 0xFF, 0xE0, 0x00, 0x06, 0xFF, 0x80, 0x00, 0x03, 0xFF, 0xF0, 0x00, 0xFF,
    0xFC, 0x00, 0x00, 0x00, 0x00, 0x00, 0x00, 0x00, 0x00, 0x00, 0x00, 0x00, 0x6F, 0xE0, 0x00, 0xBF,
    0xFF, 0x40, 0xBE, 0x02, 0xF4, 0x3E, 0x00, 0x3F, 0x1F, 0x00, 0x07, 0xCB, 0xC0, 0x00, 0xF6, 0xE0,
    0x00, 0x3D, 0xBC, 0x00, 0x0F, 0x5F, 0x00, 0x07, 0xC3, 0xE0, 0x03, 0xF0, 0xBE, 0x02, 0xF4, 0x0B,
    0xFF, 0xF4, 0x00, 0x6F, 0xE0, 0x00, 0x00, 0x2C, 0x0B, 0x00, 0x00, 0x07, 0x83, 0xC0, 0x00, 0x00,
    0xFF, 0xD0, 0x00, 0x00, 0x0B, 0xD0, 0x00, 0x00, 0x00, 0x00, 0x00, 0x00, 0x00, 0x00, 0x00, 0x00,
    0x01, 0xBF, 0xE0, 0x00, 0x07, 0xFF, 0xFF, 0x80, 0x07, 0xF4, 0x06, 0xFC, 0x03, 0xF0, 0x00, 0x1F,
    0x82, 0xF0, 0x00, 0x02, 0xF0, 0xF8, 0x00, 0x00, 0x3E, 0x7C, 0x00, 0x00, 0x0F, 0xDF, 0x00, 0x00,
    0x02, 0xFB, 0xC0, 0x00, 0x00, 0xBD, 0xF0, 0x00, 0x00, 0x2F, 0x7C, 0x00, 0x00, 0x0F, 0xCF, 0x80,
    0x00, 0x03, 0xE2, 0xF0, 0x00, 0x02, 0xF0, 0x3F, 0x00, 0x01, 0xF8, 0x07, 0xF4, 0x06, 0xFC, 0x00,
    0x7F, 0xFF, 0xF8, 0x00, 0x01, 0xBF, 0xE0, 0x00, 0x03, 0x80, 0xE0, 0x00, 0xF4, 0x74, 0x00, 0x1F,
    0xFC, 0x00, 0x01, 0xFC, 0x00, 0x00, 0x00, 0x00, 0x00, 0x00, 0x00, 0x00, 0x1B, 0xF8, 0x00, 0x2F,
    0xFF, 0xD0, 0x2F, 0x80, 0xBD, 0x0F, 0x80, 0x0F, 0xC7, 0xC0, 0x01, 0xF2, 0xF0, 0x00, 0x3D, 0xB8,
    0x00, 0x0F, 0x6F, 0x00, 0x03, 0xD7, 0xC0, 0x01, 0xF0, 0xF8, 0x00, 0xFC, 0x2F, 0x80, 0xBD, 0x02,
    0xFF, 0xFD, 0x00, 0x1B, 0xF8, 0x00, 0x00, 0x00, 0x90, 0x90, 0x00, 0x00, 0xB4, 0xB8, 0x00, 0x00,
    0x78, 0x3C, 0x00, 0x00, 0x3C, 0x3C, 0x00, 0x00, 0x08, 0x09, 0x00, 0x00, 0x00, 0x00, 0x00, 0x00,
    0x00, 0x00, 0x00, 0x00, 0x00, 0x6F, 0xF8, 0x00, 0x01, 0xFF, 0xFF, 0xE0, 0x01, 0xFD, 0x01, 0xBF,
    0x00, 0xFC, 0x00, 0x07, 0xE0, 0xBC, 0x00, 0x00, 0xBC, 0x3E, 0x00, 0x00, 0x0F, 0x9F, 0x00, 0x00,
    0x03, 0xF7, 0xC0, 0x00, 0x00, 0xBE, 0xF0, 0x00, 0x00, 0x2F, 0x7C, 0x00, 0x00, 0x0B, 0xDF, 0x00,
    0x00, 0x03, 0xF3, 0xE0, 0x00, 0x00, 0xF8, 0xBC, 0x00, 0x00, 0xBC, 0x0F, 0xC0, 0x00, 0x7E, 0x01,
    0xFD, 0x01, 0xBF, 0x00, 0x1F, 0xFF, 0xFE, 0x00, 0x00, 0x6F, 0xF8, 0x00, 0x00, 0x18, 0x0C, 0x00,
    0x0F, 0x0F, 0x40, 0x0B, 0x4B, 0x40, 0x07, 0x87, 0x80, 0x00, 0x80, 0x80, 0x00, 0x00, 0x00, 0x00,
    0x00, 0x00, 0x00, 0x06, 0xFE, 0x00, 0x0B, 0xFF, 0xF4, 0x0B, 0xE0, 0x2F, 0x43, 0xE0, 0x03, 0xF1,
    0xF0, 0x00, 0x7C, 0xBC, 0x00, 0x0F, 0x6E, 0x00, 0x03, 0xDB, 0xC0, 0x00, 0xF5, 0xF0, 0x00, 0x7C,
    0x3E, 0x00, 0x3F, 0x0B, 0xE0, 0x2F, 0x40, 0xBF, 0xFF, 0x40, 0x06, 0xFE, 0x00, 0x00, 0x0B, 0xFF,
    0xFF, 0xFF, 0xF4, 0x03, 0xFF, 0xFF, 0xFF, 0xFF, 0xD0, 0x3F, 0x90, 0x0F, 0x80, 0x00, 0x03, 0xF4,
    0x00, 0x3E, 0x00, 0x00, 0x2F, 0x00, 0x00, 0xF8, 0x00, 0x00, 0xF8, 0x00, 0x03, 0xE0, 0x00, 0x07,
    0xD0, 0x00, 0x0F, 0x80, 0x00, 0x1F, 0x00, 0x00, 0x3F, 0xFF, 0xF4, 0xBC, 0x00, 0x00, 0xFF, 0xFF,
    0xD1, 0xF0, 0x00, 0x03, 0xE0, 0x00, 0x07, 0xD0, 0x00, 0x0F, 0x80, 0x00, 0x0F, 0x80, 0x00, 0x3E,
    0x00, 0x00, 0x2F, 0x00, 0x00, 0xF8, 0x00, 0x00, 0x3F, 0x40, 0x03, 0xE0, 0x00, 0x00, 0x7F, 0x90,
    0x0F, 0x80, 0x00, 0x00, 0x3F, 0xFF, 0xFF, 0xFF, 0xFF, 0x00, 0x0B, 0xFF, 0xFF, 0xFF, 0xFC, 0x01,
    0xBF, 0x80, 0x1F, 0xF4, 0x00, 0xBF, 0xFF, 0x0B, 0xFF, 0xF0, 0x2F, 0x80, 0xBE, 0xF0, 0x1F, 0x83,
    0xE0, 0x03, 0xFC, 0x00, 0x7C, 0x7C, 0x00, 0x1F, 0x80, 0x03, 0xCB, 0xC0, 0x00, 0xFF, 0xFF, 0xFD,
    0xB8, 0x00, 0x0F, 0xFF, 0xFF, 0xDB, 0xC0, 0x00, 0xF8, 0x00, 0x00, 0x7C, 0x00, 0x1F, 0xC0, 0x00,
    0x03, 0xE0, 0x03, 0xFD, 0x00, 0x00, 0x2F, 0x80, 0xBE, 0xF4, 0x01, 0x00, 0xBF, 0xFF, 0x0B, 0xFF,
    0xF4, 0x01, 0xBF, 0x80, 0x1B, 0xFE, 0x00, 0x00, 0x0A, 0x00, 0x00, 0x01, 0xF0, 0x00, 0x00, 0x3C,
    0x00, 0x00, 0x0F, 0x00, 0x00, 0x00, 0x90, 0x00, 0x00, 0x00, 0x00, 0x00, 0x00, 0x00, 0x00, 0x0B,
    0xFF, 0xF8, 0x00, 0xFF, 0xFF, 0xF8, 0x0F, 0x80, 0x1F, 0xD0, 0xF8, 0x00, 0x3F, 0x0F, 0x80, 0x01,
    0xF0, 0xF8, 0x00, 0x1F, 0x0F, 0x80, 0x02, 0xF0, 0xF8, 0x01, 0xBD, 0x0F, 0xFF, 0xFF, 0x80, 0xFF,
    0xFF, 0xC0, 0x0F, 0x80, 0xBD, 0x00, 0xF8, 0x03, 0xF0, 0x0F, 0x80, 0x0F, 0x80, 0xF8, 0x00, 0x7D,
    0x0F, 0x80, 0x03, 0xF0, 0xF8, 0x00, 0x0F, 0x8F, 0x80, 0x00, 0xBC, 0x00, 0x30, 0x00, 0xF4, 0x02,
    0xD0, 0x0B, 0x80, 0x06, 0x00, 0x00, 0x00, 0x00, 0x00, 0x6F, 0xFC, 0xFF, 0xFC, 0xF4, 0x00, 0xF4,
    0x00, 0xF4, 0x00, 0xF4, 0x00, 0xF4, 0x00, 0xF4, 0x00, 0xF4, 0x00, 0xF4, 0x00, 0xF4, 0x00, 0xF4,
    0x00, 0xF4, 0x00, 0xBF, 0xFF, 0x80, 0x0F, 0xFF, 0xFF, 0x80, 0xF8, 0x01, 0xFD, 0x0F, 0x80, 0x03,
    0xF0, 0xF8, 0x00, 0x1F, 0x0F, 0x80, 0x01, 0xF0, 0xF8, 0x00, 0x2F, 0x0F, 0x80, 0x1B, 0xD0, 0xFF,
    0xFF, 0xF8, 0x0F, 0xFF, 0xFC, 0x00, 0xF8, 0x0B, 0xD0, 0x0F, 0x80, 0x3F, 0x00, 0xF8, 0x00, 0xF8,
    0x0F, 0x80, 0x07, 0xD0, 0xF8, 0x00, 0x3F, 0x0F, 0x80, 0x00, 0xF8, 0xF8, 0x00, 0x0B, 0xC0, 0x00,
    0x00, 0x00, 0x00, 0x3D, 0x00, 0x00, 0x1F, 0xC0, 0x00, 0x01, 0xF4, 0x00, 0x00, 0x06, 0xFF, 0xC0,
    0xFF, 0xFC, 0x0F, 0x40, 0x00, 0xF4, 0x00, 0x0F, 0x40, 0x00, 0xF4, 0x00, 0x0F, 0x40, 0x00, 0xF4,
    0x00, 0x0F, 0x40, 0x00, 0xF4, 0x00, 0x0F, 0x40, 0x00, 0xF4, 0x00, 0x0F, 0x40, 0x00, 0x00, 0x00,
    0x0F, 0x40, 0x0B, 0xF0, 0x00, 0xBD, 0x00, 0x00, 0x05, 0x02, 0x00, 0x00, 0xB0, 0x74, 0x00, 0x03,
    0xDE, 0x00, 0x00, 0x0F, 0x80, 0x00, 0x00, 0x20, 0x00, 0x00, 0x00, 0x00, 0x00, 0x00, 0x00, 0x00,
    0x0B, 0xFF, 0xF8, 0x00, 0xFF, 0xFF, 0xF8, 0x0F, 0x80, 0x1F, 0xD0, 0xF8, 0x00, 0x3F, 0x0F, 0x80,
    0x01, 0xF0, 0xF8, 0x00, 0x1F, 0x0F, 0x80, 0x02, 0xF0, 0xF8, 0x01, 0xBD, 0x0F, 0xFF, 0xFF, 0x80,
    0xFF, 0xFF, 0xC0, 0x0F, 0x80, 0xBD, 0x00, 0xF8, 0x03, 0xF0, 0x0F, 0x80, 0x0F, 0x80, 0xF8, 0x00,
    0x7D, 0x0F, 0x80, 0x03, 0xF0, 0xF8, 0x00, 0x0F, 0x8F, 0x80, 0x00, 0xBC, 0x20, 0x18, 0x78, 0x3C,
    0x1D, 0xF0, 0x0B, 0xC0, 0x02, 0x00, 0x00, 0x00, 0x00, 0x00, 0x6F, 0xFC, 0xFF, 0xFC, 0xF4, 0x00,
    0xF4, 0x00, 0xF4, 0x00, 0xF4, 0x00, 0xF4, 0x00, 0xF4, 0x00, 0xF4, 0x00, 0xF4, 0x00, 0xF4, 0x00,
    0xF4, 0x00, 0xF4, 0x00, 0x00, 0x00, 0xD0, 0x00, 0x00, 0xF4, 0x00, 0x00, 0xB8, 0x00, 0x00, 0x78,
    0x00, 0x00, 0x18, 0x00, 0x00, 0x00, 0x00, 0x00, 0x00, 0x00, 0x00, 0x06, 0xFF, 0x90, 0x0B, 0xFF,
    0xFE, 0x07, 0xE0, 0x06, 0x02, 0xF0, 0x00, 0x00, 0xBC, 0x00, 0x00, 0x1F, 0x80, 0x00, 0x02, 0xFC,
    0x00, 0x00, 0x1F, 0xE0, 0x00, 0x00, 0x7F, 0x40, 0x00, 0x02, 0xFC, 0x00, 0x00, 0x1F, 0xC0, 0x00,
    0x01, 0xF4, 0x00, 0x00, 0x3E, 0x00, 0x00, 0x1F, 0x4A, 0x40, 0x1F, 0xC3, 0xFF, 0xFF, 0xD0, 0x1B,
    0xFF, 0x80, 0x00, 0x0C, 0x00, 0x03, 0xD0, 0x00, 0xF4, 0x00, 0x2D, 0x00, 0x01, 0x80, 0x00, 0x00,
    0x00, 0x00, 0x00, 0x00, 0xBF, 0xE0, 0x3F, 0xFF, 0x4B, 0xD0, 0x10, 0xF8, 0x00, 0x0B, 0xC0, 0x00,
    0x3F, 0x90, 0x00, 0xBF, 0xD0, 0x00, 0x7F, 0x40, 0x00, 0xBC, 0x00, 0x03, 0xC5, 0x00, 0xBC, 0xFF,
    0xFF, 0x46, 0xFF, 0x90, 0x00, 0x09, 0x00, 0x00, 0x07, 0xD0, 0x00, 0x07, 0xAC, 0x00, 0x03, 0x83,
    0xC0, 0x00, 0x80, 0x20, 0x00, 0x00, 0x00, 0x00, 0x00, 0x00, 0x00, 0x06, 0xFF, 0x90, 0x0B, 0xFF,
    0xFE, 0x07, 0xE0, 0x06, 0x02, 0xF0, 0x00, 0x00, 0xBC, 0x00, 0x00, 0x1F, 0x80, 0x00, 0x02, 0xFC,
    0x00, 0x00, 0x1F, 0xE0, 0x00, 0x00, 0x7F, 0x40, 0x00, 0x02, 0xFC, 0x00, 0x00, 0x1F, 0xC0, 0x00,
    0x01, 0xF4, 0x00, 0x00, 0x3E, 0x00, 0x00, 0x1F, 0x4A, 0x40, 0x1F, 0xC3, 0xFF, 0xFF, 0xD0, 0x1B,
    0xFF, 0x80, 0x00, 0x80, 0x00, 0x2F, 0x00, 0x0B, 0x7C, 0x01, 0xD0, 0xE0, 0x08, 0x06, 0x00, 0x00,
    0x00, 0x00, 0x00, 0x00, 0xBF, 0xE0, 0x3F, 0xFF, 0x4B, 0xD0, 0x10, 0xF8, 0x00, 0x0B, 0xC0, 0x00,
    0x3F, 0x90, 0x00, 0xBF, 0xD0, 0x00, 0x7F, 0x40, 0x00, 0xBC, 0x00, 0x03, 0xC5, 0x00, 0xBC, 0xFF,
    0xFF, 0x46, 0xFF, 0x90, 0x01, 0xBF, 0xE4, 0x02, 0xFF, 0xFF, 0x81, 0xF8, 0x01, 0x80, 0xBC, 0x00,
    0x00, 0x2F, 0x00, 0x00, 0x07, 0xE0, 0x00, 0x00, 0xBF, 0x00, 0x00, 0x07, 0xF8, 0x00, 0x00, 0x1F,
    0xD0, 0x00, 0x00, 0xBF, 0x00, 0x00, 0x07, 0xF0, 0x00, 0x00, 0x7D, 0x00, 0x00, 0x0F, 0x80, 0x00,
    0x07, 0xD2, 0x90, 0x07, 0xF0, 0xFF, 0xFF, 0xF4, 0x06, 0xFF, 0xE0, 0x00, 0x0B, 0x40, 0x00, 0x00,
    0xF0, 0x00, 0x00, 0x2D, 0x00, 0x00, 0xFF, 0x40, 0x00, 0x3F, 0x80, 0x00, 0x0B, 0xFE, 0x03, 0xFF,
    0xF4, 0xBD, 0x01, 0x0F, 0x80, 0x00, 0xBC, 0x00, 0x03, 0xF9, 0x00, 0x0B, 0xFD, 0x00, 0x07, 0xF8,
    0x00, 0x0B, 0xC0, 0x00, 0x3C, 0x50, 0x0B, 0xCF, 0xFF, 0xF4, 0x7F, 0xF8, 0x00, 0x2C, 0x00, 0x01,
    0xF0, 0x00, 0x0F, 0x40, 0x0F, 0xF0, 0x00, 0xFD, 0x00, 0x00, 0x80, 0x20, 0x00, 0x38, 0x3C, 0x00,
    0x07, 0xAC, 0x00, 0x00, 0x7D, 0x00, 0x00, 0x09, 0x00, 0x00, 0x00, 0x00, 0x00, 0x00, 0x00, 0x00,
    0x06, 0xFF, 0x90, 0x0B, 0xFF, 0xFE, 0x07, 0xE0, 0x06, 0x02, 0xF0, 0x00, 0x00, 0xBC, 0x00, 0x00,
    0x1F, 0x80, 0x00, 0x02, 0xFC, 0x00, 0x00, 0x1F, 0xE0, 0x00, 0x00, 0x7F, 0x40, 0x00, 0x02, 0xFC,
    0x00, 0x00, 0x1F, 0xC0, 0x00, 0x01, 0xF4, 0x00, 0x00, 0x3E, 0x00, 0x00, 0x1F, 0x4A, 0x40, 0x1F,
    0xC3, 0xFF, 0xFF, 0xD0, 0x1B, 0xFF, 0x80, 0x18, 0x05, 0x02, 0xD0, 0xE0, 0x0B, 0x7C, 0x00, 0x2F,
    0x00, 0x00, 0x80, 0x00, 0x00, 0x00, 0x00, 0x00, 0x00, 0xBF, 0xE0, 0x3F, 0xFF, 0x4B, 0xD0, 0x10,
    0xF8, 0x00, 0x0B, 0xC0, 0x00, 0x3F, 0x90, 0x00, 0xBF, 0xD0, 0x00, 0x7F, 0x40, 0x00, 0xBC, 0x00,
    0x03, 0xC5, 0x00, 0xBC, 0xFF, 0xFF, 0x46, 0xFF, 0x90, 0xBF, 0xFF, 0xFF, 0xEB, 0xFF, 0xFF, 0xFE,
    0x00, 0x0F, 0x40, 0x00, 0x00, 0xF4, 0x00, 0x00, 0x0F, 0x40, 0x00, 0x00, 0xF4, 0x00, 0x00, 0x0F,
    0x40, 0x00, 0x00, 0xF4, 0x00, 0x00, 0x0F, 0x40, 0x00, 0x00, 0xF4, 0x00, 0x00, 0x0F, 0x40, 0x00,
    0x00, 0xF4, 0x00, 0x00, 0x0F, 0x40, 0x00, 0x00, 0xF4, 0x00, 0x00, 0x0F, 0x40, 0x00, 0x00, 0xF4,
    0x00, 0x00, 0x0F, 0x40, 0x00, 0x00, 0xE0, 0x00, 0x00, 0x1E, 0x00, 0x00, 0x00, 0xB8, 0x00, 0x00,
    0x07, 0x80, 0x00, 0x0B, 0xF8, 0x00, 0x00, 0xBE, 0x00, 0x00, 0x2C, 0x00, 0x0F, 0x00, 0x03, 0xC0,
    0x00, 0xF0, 0x00, 0x3F, 0xFF, 0x0F, 0xFF, 0xC3, 0xC0, 0x00, 0xF0, 0x00, 0x3C, 0x00, 0x0F, 0x00,
    0x03, 0xC0, 0x00, 0xF0, 0x00, 0x3C, 0x00, 0x0F, 0x40, 0x03, 0xF0, 0x10, 0x7F, 0xFD, 0x07, 0xFE,
    0x40, 0x38, 0x00, 0x0B, 0x40, 0x01, 0xF0, 0x0B, 0xFC, 0x01, 0xFC, 0x00, 0x00, 0x80, 0x20, 0x00,
    0x0F, 0x0B, 0x00, 0x00, 0x3A, 0xD0, 0x00, 0x01, 0xF4, 0x00, 0x00, 0x05, 0x00, 0x00, 0x00, 0x00,
    0x00, 0x00, 0x00, 0x00, 0x0B, 0xFF, 0xFF, 0xFE, 0xBF, 0xFF, 0xFF, 0xE0, 0x00, 0xF4, 0x00, 0x00,
    0x0F, 0x40, 0x00, 0x00, 0xF4, 0x00, 0x00, 0x0F, 0x40, 0x00, 0x00, 0xF4, 0x00, 0x00, 0x0F, 0x40,
    0x00, 0x00, 0xF4, 0x00, 0x00, 0x0F, 0x40, 0x00, 0x00, 0xF4, 0x00, 0x00, 0x0F, 0x40, 0x00, 0x00,
    0xF4, 0x00, 0x00, 0x0F, 0x40, 0x00, 0x00, 0xF4, 0x00, 0x00, 0x0F, 0x40, 0x00, 0x00, 0xF4, 0x00,
    0x00, 0x3C, 0x00, 0x0F, 0x00, 0x03, 0xC0, 0xB0, 0xE0, 0x3C, 0x38, 0x0F, 0x00, 0x03, 0xC0, 0x00,
    0xFF, 0xFC, 0x3F, 0xFF, 0x0F, 0x00, 0x03, 0xC0, 0x00, 0xF0, 0x00, 0x3C, 0x00, 0x0F, 0x00, 0x03,
    0xC0, 0x00, 0xF0, 0x00, 0x3D, 0x00, 0x0F, 0xC0, 0x41, 0xFF, 0xF4, 0x1B, 0xF8, 0xBF, 0xFF, 0xFF,
    0xEB, 0xFF, 0xFF, 0xFE, 0x00, 0x0F, 0x40, 0x00, 0x00, 0xF4, 0x00, 0x00, 0x0F, 0x40, 0x00, 0x00,
    0xF4, 0x00, 0x00, 0x0F, 0x40, 0x00, 0x7F, 0xFF, 0xE0, 0x07, 0xFF, 0xFE, 0x00, 0x00, 0xF4, 0x00,
    0x00, 0x0F, 0x40, 0x00, 0x00, 0xF4, 0x00, 0x00, 0x0F, 0x40, 0x00, 0x00, 0xF4, 0x00, 0x00, 0x0F,
    0x40, 0x00, 0x00, 0xF4, 0x00, 0x00, 0x0F, 0x40, 0x00, 0x2C, 0x00, 0x0F, 0x00, 0x03, 0xC0, 0x00,
    0xF0, 0x00, 0x3F, 0xFF, 0x0F, 0xFF, 0xC3, 0xC0, 0x00, 0xF0, 0x00, 0x3C, 0x00, 0x0F, 0xFF, 0xC3,
    0xFF, 0xF0, 0xF0, 0x00, 0x3C, 0x00, 0x0F, 0x40, 0x03, 0xF0, 0x10, 0x7F, 0xFD, 0x06, 0xFE, 0x00,
    0x00, 0xF8, 0x34, 0x00, 0x3F, 0xFF, 0x40, 0x03, 0x07, 0xD0, 0x00, 0x00, 0x00, 0x00, 0x00, 0x00,
    0x00, 0x00, 0x00, 0x00, 0x00, 0xF4, 0x00, 0x07, 0xCF, 0x40, 0x00, 0x7C, 0xF4, 0x00, 0x07, 0xCF,
    0x40, 0x00, 0x7C, 0xF4, 0x00, 0x07, 0xCF, 0x40, 0x00, 0x7C, 0xF4, 0x00, 0x07, 0xCF, 0x40, 0x00,
    0x7C, 0xF4, 0x00, 0x07, 0xCF, 0x40, 0x00, 0x7C, 0xF4, 0x00, 0x07, 0xCF, 0x80, 0x00, 0x7C, 0xBC,
    0x00, 0x0B, 0xC7, 0xD0, 0x00, 0xF8, 0x3F, 0x40, 0x7F, 0x00, 0xFF, 0xFF, 0xC0, 0x01, 0xBF, 0xD0,
    0x00, 0x02, 0xF4, 0x70, 0x0B, 0xFF, 0xF0, 0x0A, 0x1B, 0x80, 0x00, 0x00, 0x00, 0x00, 0x00, 0x00,
    0x00, 0x00, 0x00, 0x3C, 0x00, 0x3D, 0x3C, 0x00, 0x3D, 0x3C, 0x00, 0x3D, 0x3C, 0x00, 0x3D, 0x3C,
    0x00, 0x3D, 0x3C, 0x00, 0x3D, 0x3C, 0x00, 0x3D, 0x3C, 0x00, 0x3D, 0x3D, 0x00, 0x3D, 0x3E, 0x00,
    0x3D, 0x1F, 0x80, 0x3D, 0x0F, 0xFF, 0xFD, 0x01, 0xFF, 0xE8, 0x03, 0xFF, 0xF0, 0x00, 0x3F, 0xFF,
    0x00, 0x00, 0x00, 0x00, 0x00, 0x00, 0x00, 0x00, 0x00, 0x00, 0x00, 0x0F, 0x40, 0x00, 0x7C, 0xF4,
    0x00, 0x07, 0xCF, 0x40, 0x00, 0x7C, 0xF4, 0x00, 0x07, 0xCF, 0x40, 0x00, 0x7C, 0xF4, 0x00, 0x07,
    0xCF, 0x40, 0x00, 0x7C, 0xF4, 0x00, 0x07, 0xCF, 0x40, 0x00, 0x7C, 0xF4, 0x00, 0x07, 0xCF, 0x40,
    0x00, 0x7C, 0xF8, 0x00, 0x07, 0xCB, 0xC0, 0x00, 0xBC, 0x7D, 0x00, 0x0F, 0x83, 0xF4, 0x07, 0xF0,
    0x0F, 0xFF, 0xFC, 0x00, 0x1B, 0xFD, 0x00, 0x07, 0xFF, 0xE0, 0x07, 0xFF, 0xE0, 0x00, 0x00, 0x00,
    0x00, 0x00, 0x00, 0x00, 0x00, 0x00, 0x3C, 0x00, 0x3D, 0x3C, 0x00, 0x3D, 0x3C, 0x00, 0x3D, 0x3C,
    0x00, 0x3D, 0x3C, 0x00, 0x3D, 0x3C, 0x00, 0x3D, 0x3C, 0x00, 0x3D, 0x3C, 0x00, 0x3D, 0x3D, 0x00,
    0x3D, 0x3E, 0x00, 0x3D, 0x1F, 0x80, 0x3D, 0x0F, 0xFF, 0xFD, 0x01, 0xFF, 0xE8, 0x02, 0xC0, 0xB0,
    0x00, 0x2D, 0x1E, 0x00, 0x00, 0xFF, 0xC0, 0x00, 0x03, 0xF4, 0x00, 0x00, 0x00, 0x00, 0x00, 0x00,
    0x00, 0x00, 0xF4, 0x00, 0x07, 0xCF, 0x40, 0x00, 0x7C, 0xF4, 0x00, 0x07, 0xCF, 0x40, 0x00, 0x7C,
    0xF4, 0x00, 0x07, 0xCF, 0x40, 0x00, 0x7C, 0xF4, 0x00, 0x07, 0xCF, 0x40, 0x00, 0x7C, 0xF4, 0x00,
    0x07, 0xCF, 0x40, 0x00, 0x7C, 0xF4, 0x00, 0x07, 0xCF, 0x80, 0x00, 0x7C, 0xBC, 0x00, 0x0B, 0xC7,
    0xD0, 0x00, 0xF8, 0x3F, 0x40, 0x7F, 0x00, 0xFF, 0xFF, 0xC0, 0x01, 0xBF, 0xD0, 0x00, 0x03, 0x40,
    0xD0, 0x03, 0xC2, 0xC0, 0x02, 0xFF, 0x80, 0x00, 0xBE, 0x00, 0x00, 0x00, 0x00, 0x00, 0x00, 0x00,
    0x3C, 0x00, 0x3D, 0x3C, 0x00, 0x3D, 0x3C, 0x00, 0x3D, 0x3C, 0x00, 0x3D, 0x3C, 0x00, 0x3D, 0x3C,
    0x00, 0x3D, 0x3C, 0x00, 0x3D, 0x3C, 0x00, 0x3D, 0x3D, 0x00, 0x3D, 0x3E, 0x00, 0x3D, 0x1F, 0x80,
    0x3D, 0x0F, 0xFF, 0xFD, 0x01, 0xFF, 0xE8, 0x00, 0x2F, 0x00, 0x00, 0x0A, 0x1C, 0x00, 0x00, 0xD0,
    0xC0, 0x00, 0x0A, 0x1C, 0x00, 0x00, 0x2F, 0x00, 0x00, 0x00, 0x00, 0x00, 0x00, 0x00, 0x00, 0x0F,
    0x40, 0x00, 0x7C, 0xF4, 0x00, 0x07, 0xCF, 0x40, 0x00, 0x7C, 0xF4, 0x00, 0x07, 0xCF, 0x40, 0x00,
    0x7C, 0xF4, 0x00, 0x07, 0xCF, 0x40, 0x00, 0x7C, 0xF4, 0x00, 0x07, 0xCF, 0x40, 0x00, 0x7C, 0xF4,
    0x00, 0x07, 0xCF, 0x40, 0x00, 0x7C, 0xF8, 0x00, 0x07, 0xCB, 0xC0, 0x00, 0xBC, 0x7D, 0x00, 0x0F,
    0x83, 0xF4, 0x07, 0xF0, 0x0F, 0xFF, 0xFC, 0x00, 0x1B, 0xFD, 0x00, 0x00, 0x7E, 0x00, 0x00, 0xC3,
    0x40, 0x01, 0xC2, 0x80, 0x00, 0xC3, 0x40, 0x00, 0x7E, 0x00, 0x00, 0x00, 0x00, 0x00, 0x00, 0x00,
    0x3C, 0x00, 0x3D, 0x3C, 0x00, 0x3D, 0x3C, 0x00, 0x3D, 0x3C, 0x00, 0x3D, 0x3C, 0x00, 0x3D, 0x3C,
    0x00, 0x3D, 0x3C, 0x00, 0x3D, 0x3C, 0x00, 0x3D, 0x3D, 0x00, 0x3D, 0x3E, 0x00, 0x3D, 0x1F, 0x80,
    0x3D, 0x0F, 0xFF, 0xFD, 0x01, 0xFF, 0xE8, 0x00, 0x0C, 0x09, 0x00, 0x02, 0xD2, 0xD0, 0x00, 0x78,
    0x78, 0x00, 0x0F, 0x0F, 0x00, 0x00, 0x80, 0x80, 0x00, 0x00, 0x00, 0x00, 0x00, 0x00, 0x00, 0x0F,
    0x40, 0x00, 0x7C, 0xF4, 0x00, 0x07, 0xCF, 0x40, 0x00, 0x7C, 0xF4, 0x00, 0x07, 0xCF, 0x40, 0x00,
    0x7C, 0xF4, 0x00, 0x07, 0xCF, 0x40, 0x00, 0x7C, 0xF4, 0x00, 0x07, 0xCF, 0x40, 0x00, 0x7C, 0xF4,
    0x00, 0x07, 0xCF, 0x40, 0x00, 0x7C, 0xF8, 0x00, 0x07, 0xCB, 0xC0, 0x00, 0xBC, 0x7D, 0x00, 0x0F,
    0x83, 0xF4, 0x07, 0xF0, 0x0F, 0xFF, 0xFC, 0x00, 0x1B, 0xFD, 0x00, 0x00, 0x28, 0x18, 0x00, 0x7C,
    0x3C, 0x00, 0xF0, 0xF0, 0x02, 0xD2, 0xD0, 0x01, 0x81, 0x80, 0x00, 0x00, 0x00, 0x00, 0x00, 0x00,
    0x3C, 0x00, 0x3D, 0x3C, 0x00, 0x3D, 0x3C, 0x00, 0x3D, 0x3C, 0x00, 0x3D, 0x3C, 0x00, 0x3D, 0x3C,
    0x00, 0x3D, 0x3C, 0x00, 0x3D, 0x3C, 0x00, 0x3D, 0x3D, 0x00, 0x3D, 0x3E, 0x00, 0x3D, 0x1F, 0x80,
    0x3D, 0x0F, 0xFF, 0xFD, 0x01, 0xFF, 0xE8, 0xF4, 0x00, 0x07, 0xCF, 0x40, 0x00, 0x7C, 0xF4, 0x00,
    0x07, 0xCF, 0x40, 0x00, 0x7C, 0xF4, 0x00, 0x07, 0xCF, 0x40, 0x00, 0x7C, 0xF4, 0x00, 0x07, 0xCF,
    0x40, 0x00, 0x7C, 0xF4, 0x00, 0x07, 0xCF, 0x40, 0x00, 0x7C, 0xF4, 0x00, 0x07, 0xCF, 0x80, 0x00,
    0x7C, 0xBC, 0x00, 0x0B, 0xC7, 0xD0, 0x00, 0xF8, 0x3F, 0x40, 0x7F, 0x00, 0xFF, 0xFF, 0xD0, 0x01,
    0xBF, 0xF4, 0x00, 0x00, 0xB8, 0x00, 0x00, 0x1F, 0x00, 0x00, 0x02, 0xE0, 0x00, 0x00, 0x2F, 0xE0,
    0x00, 0x00, 0xBE, 0x00, 0x3C, 0x00, 0x3D, 0x3C, 0x00, 0x3D, 0x3C, 0x00, 0x3D, 0x3C, 0x00, 0x3D,
    0x3C, 0x00, 0x3D, 0x3C, 0x00, 0x3D, 0x3C, 0x00, 0x3D, 0x3C, 0x00, 0x3D, 0x3D, 0x00, 0x3D, 0x3E,
    0x00, 0x3D, 0x1F, 0x80, 0x3D, 0x0F, 0xFF, 0xFD, 0x01, 0xFF, 0xFC, 0x00, 0x00, 0xF4, 0x00, 0x02,
    0xD0, 0x00, 0x03, 0xD0, 0x00, 0x03, 0xFC, 0x00, 0x01, 0xFC, 0x00, 0x00, 0x02, 0x00, 0x00, 0x00,
    0x00, 0x00, 0x2F, 0x00, 0x00, 0x00, 0x00, 0x02, 0xDF, 0x00, 0x00, 0x00, 0x00, 0x1D, 0x0E, 0x00,
    0x00, 0x00, 0x00, 0x60, 0x14, 0x00, 0x00, 0x00, 0x00, 0x00, 0x00, 0x00, 0x00, 0x00, 0x00, 0x00,
    0x00, 0x00, 0x0F, 0x40, 0x00, 0x00, 0x00, 0x3D, 0x3E, 0x00, 0x00, 0x00, 0x00, 0xF0, 0xF8, 0x00,
    0x2F, 0x00, 0x07, 0xC2, 0xF0, 0x00, 0xFC, 0x00, 0x2F, 0x07, 0xC0, 0x03, 0xF8, 0x00, 0xF8, 0x0F,
    0x40, 0x2F, 0xF0, 0x03, 0xD0, 0x3E, 0x00, 0xF7, 0xC0, 0x0F, 0x00, 0xF8, 0x03, 0xCB, 0x80, 0x7C,
    0x02, 0xF0, 0x2E, 0x1F, 0x02, 0xE0, 0x07, 0xC0, 0xF4, 0x3C, 0x0F, 0x40, 0x0F, 0x47, 0xC0, 0xB8,
    0x3C, 0x00, 0x3E, 0x2E, 0x01, 0xF1, 0xF0, 0x00, 0xBC, 0xF0, 0x03, 0xDB, 0x80, 0x00, 0xFB, 0x80,
    0x0B, 0xFD, 0x00, 0x03, 0xFD, 0x00, 0x0F, 0xF0, 0x00, 0x0B, 0xF0, 0x00, 0x2F, 0xC0, 0x00, 0x0F,
    0x80, 0x00, 0x7D, 0x00, 0x00, 0x00, 0x20, 0x00, 0x00, 0x00, 0x02, 0xF0, 0x00, 0x00, 0x00, 0x2D,
    0xF0, 0x00, 0x00, 0x01, 0xD0, 0xF0, 0x00, 0x00, 0x02, 0x01, 0x80, 0x00, 0x00, 0x00, 0x00, 0x00,
    0x00, 0x00, 0x00, 0x00, 0x00, 0x1F, 0x00, 0x1F, 0x00, 0x2F, 0x3D, 0x00, 0xBC, 0x00, 0xF8, 0xF8,
    0x03, 0xF4, 0x03, 0xD2, 0xF0, 0x0F, 0xE0, 0x1F, 0x07, 0xC0, 0x7B, 0xC0, 0xB8, 0x0F, 0x42, 0xDF,
    0x03, 0xD0, 0x2E, 0x0F, 0x2D, 0x0F, 0x00, 0x7C, 0x38, 0x78, 0x7C, 0x00, 0xF6, 0xD0, 0xF3, 0xD0,
    0x02, 0xEF, 0x02, 0xEF, 0x00, 0x07, 0xF8, 0x07, 0xF8, 0x00, 0x0F, 0xD0, 0x0F, 0xD0, 0x00, 0x1F,
    0x00, 0x2F, 0x00, 0x00, 0x02, 0x00, 0x00, 0x00, 0x3F, 0x00, 0x00, 0x02, 0xDE, 0x00, 0x00, 0x2D,
    0x1E, 0x00, 0x00, 0x50, 0x14, 0x00, 0x00, 0x00, 0x00, 0x00, 0x00, 0x00, 0x00, 0x2F, 0x40, 0x00,
    0x3E, 0x3F, 0x00, 0x02, 0xF0, 0x7D, 0x00, 0x1F, 0x40, 0xFC, 0x00, 0xFC, 0x00, 0xF8, 0x07, 0xC0,
    0x02, 0xF0, 0x3E, 0x00, 0x03, 0xF2, 0xF0, 0x00, 0x07, 0xEF, 0x40, 0x00, 0x0B, 0xF8, 0x00, 0x00,
    0x0F, 0xC0, 0x00, 0x00, 0x2E, 0x00, 0x00, 0x00, 0xB8, 0x00, 0x00, 0x02, 0xE0, 0x00, 0x00, 0x0B,
    0x80, 0x00, 0x00, 0x2E, 0x00, 0x00, 0x00, 0xB8, 0x00, 0x00, 0x02, 0xE0, 0x00, 0x00, 0x08, 0x00,
    0x00, 0x3F, 0x00, 0x00, 0xB7, 0x80, 0x02, 0xD1, 0xE0, 0x01, 0x80, 0x50, 0x00, 0x00, 0x00, 0x00,
    0x00, 0x00, 0x7C, 0x00, 0x2F, 0x3D, 0x00, 0x3E, 0x3E, 0x00, 0x3D, 0x2F, 0x00, 0x7C, 0x0F, 0x40,
    0xB8, 0x0F, 0x80, 0xF4, 0x07, 0xC0, 0xF0, 0x03, 0xD1, 0xF0, 0x02, 0xE2, 0xD0, 0x00, 0xF3, 0xC0,
    0x00, 0xBF, 0x80, 0x00, 0x3F, 0x40, 0x00, 0x3F, 0x00, 0x00, 0x2E, 0x00, 0x00, 0x3C, 0x00, 0x01,
    0xF8, 0x00, 0xBF, 0xF0, 0x00, 0xBF, 0x40, 0x00, 0x00, 0xF0, 0x3C, 0x00, 0x07, 0xE2, 0xF4, 0x00,
    0x0F, 0x03, 0xC0, 0x00, 0x00, 0x00, 0x00, 0x00, 0x00, 0x00, 0x02, 0xF4, 0x00, 0x03, 0xE3, 0xF0,
    0x00, 0x2F, 0x07, 0xD0, 0x01, 0xF4, 0x0F, 0xC0, 0x0F, 0xC0, 0x0F, 0x80, 0x7C, 0x00, 0x2F, 0x03,
    0xE0, 0x00, 0x3F, 0x2F, 0x00, 0x00, 0x7E, 0xF4, 0x00, 0x00, 0xBF, 0x80, 0x00, 0x00, 0xFC, 0x00,
    0x00, 0x02, 0xE0, 0x00, 0x00, 0x0B, 0x80, 0x00, 0x00, 0x2E, 0x00, 0x00, 0x00, 0xB8, 0x00, 0x00,
    0x02, 0xE0, 0x00, 0x00, 0x0B, 0x80, 0x00, 0x00, 0x2E, 0x00, 0x00, 0x00, 0x00, 0xA0, 0x00, 0x00,
    0x1F, 0x00, 0x00, 0x03, 0xC0, 0x00, 0x00, 0xF0, 0x00, 0x00, 0x09, 0x00, 0x00, 0x00, 0x00, 0x00,
    0x00, 0x00, 0x00, 0x02, 0xFF, 0xFF, 0xFC, 0x2F, 0xFF, 0xFF, 0xC0, 0x00, 0x01, 0xF8, 0x00, 0x00,
    0x3E, 0x00, 0x00, 0x0F, 0xC0, 0x00, 0x02, 0xF0, 0x00, 0x00, 0x7D, 0x00, 0x00, 0x0F, 0x80, 0x00,
    0x03, 0xF0, 0x00, 0x00, 0xBC, 0x00, 0x00, 0x1F, 0x40, 0x00, 0x03, 0xF0, 0x00, 0x00, 0xBC, 0x00,
    0x00, 0x0F, 0x80, 0x00, 0x03, 0xF0, 0x00, 0x00, 0x3F, 0xFF, 0xFF, 0xD3, 0xFF, 0xFF, 0xFD, 0x00,
    0x03, 0x00, 0x00, 0x3D, 0x00, 0x02, 0xD0, 0x00, 0x2E, 0x00, 0x00, 0x60, 0x00, 0x00, 0x00, 0x00,
    0x00, 0x00, 0x0F, 0xFF, 0xFE, 0x3F, 0xFF, 0xF8, 0x00, 0x0B, 0xC0, 0x00, 0xBD, 0x00, 0x07, 0xD0,
    0x00, 0x7E, 0x00, 0x03, 0xF0, 0x00, 0x2F, 0x00, 0x01, 0xF4, 0x00, 0x0F, 0x80, 0x00, 0xFC, 0x00,
    0x03, 0xFF, 0xFF, 0xCF, 0xFF, 0xFF, 0x00, 0x0B, 0x40, 0x00, 0x00, 0xFC, 0x00, 0x00, 0x0B, 0x40,
    0x00, 0x00, 0x00, 0x00, 0x00, 0x00, 0x00, 0x02, 0xFF, 0xFF, 0xFC, 0x2F, 0xFF, 0xFF, 0xC0, 0x00,
    0x01, 0xF8, 0x00, 0x00, 0x3E, 0x00, 0x00, 0x0F, 0xC0, 0x00, 0x02, 0xF0, 0x00, 0x00, 0x7D, 0x00,
    0x00, 0x0F, 0x80, 0x00, 0x03, 0xF0, 0x00, 0x00, 0xBC, 0x00, 0x00, 0x1F, 0x40, 0x00, 0x03, 0xF0,
    0x00, 0x00, 0xBC, 0x00, 0x00, 0x0F, 0x80, 0x00, 0x03, 0xF0, 0x00, 0x00, 0x3F, 0xFF, 0xFF, 0xD3,
    0xFF, 0xFF, 0xFD, 0x00, 0x7C, 0x00, 0x02, 0xF0, 0x00, 0x07, 0xC0, 0x00, 0x00, 0x00, 0x00, 0x00,
    0x00, 0xFF, 0xFF, 0xE3, 0xFF, 0xFF, 0x80, 0x00, 0xBC, 0x00, 0x0B, 0xD0, 0x00, 0x7D, 0x00, 0x07,
    0xE0, 0x00, 0x3F, 0x00, 0x02, 0xF0, 0x00, 0x1F, 0x40, 0x00, 0xF8, 0x00, 0x0F, 0xC0, 0x00, 0x3F,
    0xFF, 0xFC, 0xFF, 0xFF, 0xF0, 0x00, 0x90, 0x20, 0x00, 0x0F, 0x07, 0x40, 0x00, 0x3D, 0xE0, 0x00,
    0x00, 0xF8, 0x00, 0x00, 0x02, 0x00, 0x00, 0x00, 0x00, 0x00, 0x00, 0x00, 0x00, 0x02, 0xFF, 0xFF,
    0xFC, 0x2F, 0xFF, 0xFF, 0xC0, 0x00, 0x01, 0xF8, 0x00, 0x00, 0x3E, 0x00, 0x00, 0x0F, 0xC0, 0x00,
    0x02, 0xF0, 0x00, 0x00, 0x7D, 0x00, 0x00, 0x0F, 0x80, 0x00, 0x03, 0xF0, 0x00, 0x00, 0xBC, 0x00,
    0x00, 0x1F, 0x40, 0x00, 0x03, 0xF0, 0x00, 0x00, 0xBC, 0x00, 0x00, 0x0F, 0x80, 0x00, 0x03, 0xF0,
    0x00, 0x00, 0x3F, 0xFF, 0xFF, 0xD3, 0xFF, 0xFF, 0xFD, 0x02, 0x00, 0x80, 0x1E, 0x0F, 0x00, 0x1D,
    0xF0, 0x00, 0x2F, 0x00, 0x00, 0x24, 0x00, 0x00, 0x00, 0x00, 0x00, 0x00, 0x0F, 0xFF, 0xFE, 0x3F,
    0xFF, 0xF8, 0x00, 0x0B, 0xC0, 0x00, 0xBD, 0x00, 0x07, 0xD0, 0x00, 0x7E, 0x00, 0x03, 0xF0, 0x00,
    0x2F, 0x00, 0x01, 0xF4, 0x00, 0x0F, 0x80, 0x00, 0xFC, 0x00, 0x03, 0xFF, 0xFF, 0xCF, 0xFF, 0xFF,
    0x0B, 0xFE, 0x3F, 0xFE, 0x7D, 0x00, 0xF8, 0x00, 0xF4, 0x00, 0xF4, 0x00, 0xF4, 0x00, 0xF4, 0x00,
    0xF4, 0x00, 0xF4, 0x00, 0xF4, 0x00, 0xF4, 0x00, 0xF4, 0x00, 0xF4, 0x00, 0xF4, 0x00, 0xF4, 0x00,
    0xF4, 0x00, 0xF4, 0x00, 0xF4, 0x00, 0x00, 0x00, 0x00, 0x07, 0xC0, 0x00, 0x00, 0x00, 0x7C, 0x00,
    0x1B, 0xFE, 0x0B, 0x80, 0x1F, 0xFF, 0xFE, 0xF0, 0x07, 0xF4, 0x06, 0xFD, 0x00, 0xFC, 0x00, 0x07,
    0xE0, 0x2F, 0x00, 0x00, 0x2F, 0x03, 0xE0, 0x00, 0x00, 0xF8, 0x7C, 0x00, 0x00, 0x0F, 0xC7, 0xC0,
    0x00, 0x00, 0xBC, 0xBC, 0x00, 0x00, 0x0B, 0xC7, 0xC0, 0x00, 0x00, 0xBC, 0x7C, 0x00, 0x00, 0x0F,
    0xC3, 0xE0, 0x00, 0x00, 0xF8, 0x2F, 0x00, 0x00, 0x2F, 0x00, 0xFC, 0x00, 0x07, 0xE0, 0x07, 0xF4,
    0x06, 0xFC, 0x00, 0x1F, 0xFF, 0xFE, 0x00, 0x00, 0x1B, 0xFE, 0x00, 0x00, 0x00, 0x00, 0x03, 0xE0,
    0x00, 0x00, 0x3D, 0x01, 0xBF, 0x83, 0xC0, 0xBF, 0xFF, 0xF8, 0x2F, 0x80, 0xBF, 0x03, 0xE0, 0x03,
    0xE0, 0x7C, 0x00, 0x1F, 0x0B, 0xC0, 0x00, 0xF4, 0xB8, 0x00, 0x0F, 0x4B, 0xC0, 0x00, 0xF4, 0x7C,
    0x00, 0x1F, 0x03, 0xE0, 0x03, 0xF0, 0x2F, 0x80, 0xBD, 0x00, 0xBF, 0xFF, 0x40, 0x01, 0xBF, 0x80,
    0x00, 0x00, 0x00, 0x00, 0x0F, 0x40, 0x00, 0x00, 0x03, 0xD0, 0x00, 0x00, 0x01, 0xF3, 0xD0, 0x00,
    0x1F, 0xF8, 0xF4, 0x00, 0x07, 0xF8, 0x3D, 0x00, 0x01, 0xF0, 0x0F, 0x40, 0x00, 0x7C, 0x03, 0xD0,
    0x00, 0x1F, 0x00, 0xF4, 0x00, 0x07, 0xC0, 0x3D, 0x00, 0x01, 0xF0, 0x0F, 0x40, 0x00, 0x7C, 0x03,
    0xD0, 0x00, 0x1F, 0x00, 0xF4, 0x00, 0x07, 0xC0, 0x3D, 0x00, 0x01, 0xF0, 0x0F, 0x80, 0x00, 0x7C,
    0x02, 0xF0, 0x00, 0x2F, 0x00, 0x7D, 0x00, 0x0F, 0x80, 0x0F, 0xD0, 0x1F, 0xC0, 0x00, 0xFF, 0xFF,
    0xD0, 0x00, 0x06, 0xFF, 0x40, 0x00, 0x00, 0x00, 0x00, 0xF4, 0x00, 0x00, 0x03, 0xD0, 0x00, 0x00,
    0x1F, 0x0F, 0x00, 0x0F, 0xFC, 0x3C, 0x00, 0x3F, 0x80, 0xF0, 0x00, 0xF4, 0x03, 0xC0, 0x03, 0xD0,
    0x0F, 0x00, 0x0F, 0x40, 0x3C, 0x00, 0x3D, 0x00, 0xF0, 0x00, 0xF4, 0x03, 0xC0, 0x03, 0xD0, 0x0F,
    0x40, 0x0F, 0x40, 0x3E, 0x00, 0x3D, 0x00, 0x7E, 0x00, 0xF4, 0x00, 0xFF, 0xFF, 0xD0, 0x00, 0x7F,
    0xFA, 0x00, 0x00, 0x00, 0x00, 0x00, 0x00, 0x80, 0x20, 0x00, 0x00, 0x00, 0x00, 0x00, 0x0F, 0x0B,
    0x40, 0x00, 0x00, 0x00, 0x00, 0x00, 0x3D, 0xD0, 0x00, 0x00, 0x00, 0x00, 0x00, 0x00, 0xF8, 0x00,
    0x00, 0x00, 0x00, 0x00, 0x00, 0x02, 0x00, 0x00, 0x00, 0x00, 0x00, 0x00, 0x00, 0x00, 0x00, 0x00,
    0x00, 0x00, 0x00, 0x00, 0x00, 0x00, 0x0B, 0xFF, 0xE8, 0x00, 0x03, 0xFF, 0xFF, 0xFC, 0xFF, 0xFF,
    0xF8, 0x00, 0x3F, 0xFF, 0xFF, 0xCF, 0x80, 0x1B, 0xF0, 0x00, 0x00, 0x01, 0xF8, 0xF8, 0x00, 0x1F,
    0xC0, 0x00, 0x00, 0x7E, 0x0F, 0x80, 0x00, 0x7E, 0x00, 0x00, 0x0F, 0xC0, 0xF8, 0x00, 0x03, 0xF0,
    0x00, 0x03, 0xF0, 0x0F, 0x80, 0x00, 0x1F, 0x00, 0x00, 0xBD, 0x00, 0xF8, 0x00, 0x01, 0xF4, 0x00,
    0x1F, 0x80, 0x0F, 0x80, 0x00, 0x0F, 0x40, 0x03, 0xF0, 0x00, 0xF8, 0x00, 0x01, 0xF4, 0x00, 0xBC,
    0x00, 0x0F, 0x80, 0x00, 0x1F, 0x00, 0x1F, 0x40, 0x00, 0xF8, 0x00, 0x03, 0xF0, 0x03, 0xE0, 0x00,
    0x0F, 0x80, 0x00, 0x7E, 0x00, 0xBC, 0x00, 0x00, 0xF8, 0x00, 0x1F, 0xC0, 0x0F, 0x40, 0x00, 0x0F,
    0x80, 0x1B, 0xF0, 0x03, 0xF0, 0x00, 0x00, 0xFF, 0xFF, 0xF8, 0x00, 0x7F, 0xFF, 0xFF, 0xDB, 0xFF,
    0xE8, 0x00, 0x07, 0xFF, 0xFF, 0xFD, 0x00, 0x00, 0x00, 0x00, 0x02, 0x01, 0x80, 0x00, 0x00, 0x00,
    0x00, 0x1D, 0x0F, 0x00, 0x00, 0x00, 0x00, 0x00, 0x2D, 0xF0, 0x2F, 0xFF, 0xA0, 0x00, 0x00, 0x2F,
    0x00, 0xFF, 0xFF, 0xF8, 0x00, 0x00, 0x20, 0x03, 0xE0, 0x06, 0xFC, 0x00, 0x00, 0x00, 0x0F, 0x80,
    0x01, 0xFC, 0x00, 0x00, 0x00, 0x3E, 0x00, 0x01, 0xF8, 0x0F, 0xFF, 0xFE, 0xF8, 0x00, 0x03, 0xF0,
    0x3F, 0xFF, 0xFB, 0xE0, 0x00, 0x07, 0xC0, 0x00, 0x0F, 0xCF, 0x80, 0x00, 0x1F, 0x40, 0x00, 0xBC,
    0x3E, 0x00, 0x00, 0x3D, 0x00, 0x0B, 0xD0, 0xF8, 0x00, 0x01, 0xF4, 0x00, 0x7E, 0x03, 0xE0, 0x00,
    0x07, 0xC0, 0x03, 0xF0, 0x0F, 0x80, 0x00, 0x3F, 0x00, 0x3F, 0x00, 0x3E, 0x00, 0x01, 0xF8, 0x02,
    0xF4, 0x00, 0xF8, 0x00, 0x1F, 0xC0, 0x0F, 0x80, 0x03, 0xE0, 0x06, 0xFC, 0x00, 0xFC, 0x00, 0x0F,
    0xFF, 0xFF, 0x80, 0x03, 0xFF, 0xFF, 0xEF, 0xFF, 0xA0, 0x00, 0x0F, 0xFF, 0xFF, 0x00, 0x00, 0x00,
    0x00, 0x60, 0x14, 0x00, 0x00, 0x07, 0x80, 0x1D, 0x0E, 0x00, 0x00, 0x02, 0xE0, 0x02, 0xDF, 0x00,
    0x00, 0x00, 0xB8, 0x00, 0x2F, 0x00, 0x00, 0x00, 0x2E, 0x00, 0x02, 0x00, 0x00, 0x00, 0x0B, 0x80,
    0x00, 0x00, 0x00, 0x00, 0x02, 0xE0, 0x00, 0x00, 0x00, 0x07, 0xFE, 0xB8, 0x0F, 0xFF, 0xFD, 0x0F,
    0xFF, 0xFE, 0x03, 0xFF, 0xFF, 0x4B, 0xD0, 0x1F, 0x80, 0x00, 0x0F, 0xC3, 0xD0, 0x02, 0xE0, 0x00,
    0x0F, 0xC1, 0xF0, 0x00, 0xB8, 0x00, 0x0B, 0xD0, 0xBC, 0x00, 0x2E, 0x00, 0x07, 0xD0, 0x2E, 0x00,
    0x0B, 0x80, 0x03, 0xE0, 0x0B, 0xC0, 0x02, 0xE0, 0x03, 0xF0, 0x01, 0xF0, 0x00, 0xB8, 0x02, 0xF0,
    0x00, 0x3E, 0x00, 0x2E, 0x01, 0xF8, 0x00, 0x0B, 0xE0, 0x0B, 0x80, 0xFC, 0x00, 0x00, 0xBF, 0xFF,
    0xE0, 0x7F, 0xFF, 0xF8, 0x06, 0xFF, 0xE4, 0x1F, 0xFF, 0xFE, 0xF8, 0x00, 0x00, 0x00, 0x03, 0xEF,
    0x80, 0x00, 0x00, 0x00, 0x3E, 0xF8, 0x00, 0x00, 0x00, 0x03, 0xEF, 0x80, 0x00, 0x00, 0x00, 0x3E,
    0xF8, 0x00, 0x00, 0x00, 0x03, 0xEF, 0x80, 0x00, 0x00, 0x00, 0x3E, 0xF8, 0x00, 0x00, 0x00, 0x03,
    0xEF, 0x80, 0x00, 0x00, 0x00, 0x3E, 0xF8, 0x00, 0x00, 0x00, 0x03, 0xEF, 0x80, 0x00, 0x00, 0x00,
    0x3E, 0xF8, 0x00, 0x00, 0x00, 0x03, 0xEF, 0x80, 0x00, 0x00, 0x00, 0x3E, 0xF8, 0x00, 0x00, 0x00,
    0x03, 0xDF, 0x80, 0x00, 0x00, 0x00, 0x7D, 0xF8, 0x00, 0x00, 0xD0, 0x1F, 0xCF, 0xFF, 0xFF, 0xAF,
    0xFF, 0xF0, 0xFF, 0xFF, 0xF8, 0x6F, 0xF8, 0x00, 0x00, 0x00, 0x00, 0x3D, 0xF8, 0x00, 0x00, 0x3D,
    0xF8, 0x00, 0x00, 0x00, 0xF8, 0x00, 0x00, 0x00, 0xF8, 0x00, 0x00, 0x00, 0xF8, 0x00, 0x00, 0x3D,
    0xF8, 0x00, 0x00, 0x3D, 0xF8, 0x00, 0x00, 0x3D, 0xF8, 0x00, 0x00, 0x3D, 0xF8, 0x00, 0x00, 0x3D,
    0xF8, 0x00, 0x00, 0x3D, 0xF8, 0x00, 0x00, 0x3D, 0xF8, 0x00, 0x00, 0x3D, 0xF8, 0x00, 0x00, 0x3D,
    0xF8, 0x00, 0x00, 0x3D, 0xF8, 0x00, 0x00, 0x3D, 0xFF, 0xFF, 0xF8, 0x3D, 0xFF, 0xFF, 0xF8, 0x3D,
    0x00, 0x00, 0x00, 0x3D, 0x00, 0x00, 0x00, 0x3D, 0x00, 0x00, 0x00, 0xBC, 0x00, 0x00, 0x1F, 0xF4,
    0x00, 0x00, 0x1F, 0xD0, 0x2D, 0x00, 0x00, 0xF4, 0x03, 0xD3, 0xD0, 0x0F, 0x4F, 0x40, 0x00, 0x3D,
    0x00, 0x00, 0xF4, 0x00, 0x03, 0xD0, 0x0F, 0x4F, 0x40, 0x3D, 0x3D, 0x00, 0xF4, 0xF4, 0x03, 0xD3,
    0xD0, 0x0F, 0x4F, 0x40, 0x3D, 0x3D, 0x00, 0xF4, 0xF4, 0x03, 0xD3, 0xD0, 0x0F, 0x4F, 0x40, 0x3D,
    0x3F, 0x00, 0xF4, 0xBF, 0x03, 0xD0, 0xBC, 0x0F, 0x00, 0x00, 0x3C, 0x00, 0x01, 0xF0, 0x00, 0x0F,
    0xC0, 0x0B, 0xFD, 0x00, 0x2F, 0x90, 0xF8, 0x00, 0x01, 0xF0, 0x00, 0x00, 0xBF, 0xF4, 0x00, 0x07,
    0xC0, 0x00, 0x02, 0xFF, 0xF4, 0x00, 0x1F, 0x00, 0x00, 0x0B, 0xFF, 0xF0, 0x00, 0x7C, 0x00, 0x00,
    0x2F, 0xFB, 0xF0, 0x01, 0xF0, 0x00, 0x00, 0xBF, 0xE3, 0xE0, 0x07, 0xC0, 0x00, 0x02, 0xFF, 0x83,
    0xD0, 0x1F, 0x00, 0x00, 0x0B, 0xFE, 0x07, 0xC0, 0x7C, 0x00, 0x00, 0x2F, 0xF8, 0x0B, 0xC1, 0xF0,
    0x00, 0x00, 0xBF, 0xE0, 0x0F, 0x87, 0xC0, 0x00, 0x02, 0xFF, 0x80, 0x1F, 0x5F, 0x00, 0x00, 0x0B,
    0xFE, 0x00, 0x2F, 0x7C, 0x00, 0x00, 0x2F, 0xF8, 0x00, 0x3F, 0xF0, 0x00, 0x00, 0xFB, 0xE0, 0x00,
    0x3F, 0xC0, 0x00, 0x03, 0xDF, 0x80, 0x00, 0xBF, 0x03, 0x80, 0x7F, 0x3E, 0x00, 0x00, 0xFC, 0x1F,
    0xFF, 0xF4, 0xF8, 0x00, 0x01, 0xF0, 0x0B, 0xFE, 0x00, 0x00, 0x00, 0x00, 0x00, 0x0B, 0xBE, 0x00,
    0x00, 0x7C, 0x02, 0xEF, 0xD0, 0x00, 0x1F, 0x00, 0x03, 0xFD, 0x00, 0x07, 0xC0, 0x00, 0xFF, 0xC0,
    0x01, 0xF0, 0x00, 0x3E, 0xFC, 0x00, 0x7C, 0x02, 0xEF, 0x8F, 0x80, 0x1F, 0x00, 0xBB, 0xE0, 0xF4,
    0x07, 0xC0, 0x2E, 0xF8, 0x1F, 0x01, 0xF0, 0x0B, 0xBE, 0x02, 0xF0, 0x7C, 0x02, 0xEF, 0x80, 0x3E,
    0x1F, 0x00, 0xBB, 0xE0, 0x07, 0xD7, 0xC0, 0x2E, 0xF8, 0x00, 0xBD, 0xF0, 0x0B, 0xBE, 0x00, 0x0F,
    0xFC, 0x02, 0xEF, 0x80, 0x00, 0xFF, 0x00, 0xBB, 0xE0, 0x00, 0x2F, 0xC0, 0x2E, 0xF8, 0x00, 0x03,
    0xF0, 0x0B, 0xBE, 0x00, 0x00, 0x7C, 0x02, 0xE0, 0x00, 0x00, 0x00, 0x00, 0xB8, 0x00, 0x00, 0x00,
    0x00, 0x3D, 0x00, 0x00, 0x00, 0x00, 0x2F, 0x00, 0x00, 0x00, 0x00, 0xFF, 0x80, 0x00, 0x00, 0x00,
    0x7F, 0x40, 0x00, 0x00, 0x00, 0x0B, 0xC0, 0x00, 0x00, 0x00, 0xBC, 0x00, 0x00, 0x00, 0x00, 0x00,
    0x00, 0x00, 0x00, 0x00, 0x00, 0x00, 0x00, 0x00, 0x06, 0xFF, 0xE0, 0x00, 0xBC, 0xFF, 0xFF, 0xD0,
    0x0B, 0xCF, 0x40, 0x7F, 0x00, 0xBC, 0xF4, 0x01, 0xF0, 0x0B, 0xCF, 0x40, 0x0F, 0x40, 0xBC, 0xF4,
    0x00, 0xF4, 0x0B, 0xCF, 0x40, 0x0F, 0x80, 0xBC, 0xF4, 0x00, 0xF8, 0x0B, 0xCF, 0x40, 0x0F, 0x80,
    0xBC, 0xF4, 0x00, 0xF8, 0x0B, 0xCF, 0x40, 0x0F, 0x80, 0xBC, 0xF4, 0x00, 0xF8, 0x0B, 0xCF, 0x40,
    0x0F, 0x80, 0xBC, 0x00, 0x00, 0x00, 0x0B, 0x80, 0x00, 0x00, 0x00, 0xF8, 0x00, 0x00, 0x00, 0x1F,
    0x40, 0x00, 0x00, 0x3F, 0xF0, 0x00, 0x00, 0x03, 0xF8, 0x00, 0x00, 0x24, 0x08, 0x00, 0x00, 0x0F,
    0x0B, 0x40, 0x00, 0x00, 0xF7, 0x40, 0x00, 0x00, 0x0F, 0x80, 0x00, 0x00, 0x00, 0x80, 0x00, 0x00,
    0x00, 0x00, 0x00, 0x00, 0x00, 0x00, 0x00, 0x00, 0x00, 0x0F, 0x80, 0x00, 0x00, 0x0B, 0xF0, 0x00,
    0x00, 0x03, 0xFE, 0x00, 0x00, 0x02, 0xFB, 0xC0, 0x00, 0x00, 0xF4, 0xF8, 0x00, 0x00, 0x7C, 0x2F,
    0x00, 0x00, 0x3E, 0x03, 0xD0, 0x00, 0x0F, 0x00, 0xF8, 0x00, 0x0B, 0xC0, 0x1F, 0x00, 0x03, 0xD0,
    0x03, 0xE0, 0x01, 0xF0, 0x00, 0xBC, 0x00, 0xBF, 0xFF, 0xFF, 0x40, 0x3F, 0xFF, 0xFF, 0xE0, 0x1F,
    0x00, 0x00, 0xBC, 0x0F, 0x80, 0x00, 0x0F, 0x43, 0xD0, 0x00, 0x03, 0xF2, 0xF0, 0x00, 0x00, 0x7C,
    0x06, 0x01, 0x40, 0x2D, 0x1E, 0x00, 0x2D, 0xE0, 0x00, 0x3F, 0x00, 0x00, 0x20, 0x00, 0x00, 0x00,
    0x00, 0x00, 0x00, 0x06, 0xFF, 0x80, 0x1F, 0xFF, 0xC0, 0x10, 0x1F, 0xC0, 0x00, 0x1F, 0x00, 0x00,
    0x3C, 0x07, 0xFF, 0xF0, 0xFF, 0xFF, 0xCB, 0xD0, 0x0F, 0x3E, 0x00, 0x3C, 0xF8, 0x00, 0xF2, 0xF4,
    0x03, 0xC3, 0xFF, 0xFF, 0x02, 0xFF, 0xF8, 0x50, 0x26, 0xC1, 0xD3, 0xDE, 0x03, 0xE0, 0x02, 0x00,
    0x00, 0x00, 0x00, 0x03, 0xE0, 0x0F, 0x80, 0x3E, 0x00, 0xF8, 0x03, 0xE0, 0x0F, 0x80, 0x3E, 0x00,
    0xF8, 0x03, 0xE0, 0x0F, 0x80, 0x3E, 0x00, 0xF8, 0x03, 0xE0, 0x0F, 0x80, 0x3E, 0x00, 0xF8, 0x03,
    0xE0, 0x20, 0x08, 0x3C, 0x2D, 0x0F, 0x74, 0x03, 0xE0, 0x00, 0x80, 0x00, 0x00, 0x00, 0x00, 0x03,
    0xD0, 0x03, 0xD0, 0x03, 0xD0, 0x03, 0xD0, 0x03, 0xD0, 0x03, 0xD0, 0x03, 0xD0, 0x03, 0xD0, 0x03,
    0xD0, 0x03, 0xD0, 0x03, 0xD0, 0x03, 0xD0, 0x03, 0xD0, 0x00, 0x08, 0x06, 0x00, 0x00, 0x07, 0x83,
    0xC0, 0x00, 0x00, 0x77, 0xC0, 0x00, 0x00, 0x0B, 0xC0, 0x00, 0x00, 0x00, 0x80, 0x00, 0x00, 0x00,
    0x00, 0x00, 0x00, 0x00, 0x00, 0x00, 0x00, 0x00, 0x6F, 0xF8, 0x00, 0x01, 0xFF, 0xFF, 0xE0, 0x01,
    0xFD, 0x01, 0xBF, 0x00, 0xFC, 0x00, 0x07, 0xE0, 0xBC, 0x00, 0x00, 0xBC, 0x3E, 0x00, 0x00, 0x0F,
    0x9F, 0x00, 0x00, 0x03, 0xF7, 0xC0, 0x00, 0x00, 0xBE, 0xF0, 0x00, 0x00, 0x2F, 0x7C, 0x00, 0x00,
    0x0B, 0xDF, 0x00, 0x00, 0x03, 0xF3, 0xE0, 0x00, 0x00, 0xF8, 0xBC, 0x00, 0x00, 0xBC, 0x0F, 0xC0,
    0x00, 0x7E, 0x01, 0xFD, 0x01, 0xBF, 0x00, 0x1F, 0xFF, 0xFE, 0x00, 0x00, 0x6F, 0xF8, 0x00, 0x01,
    0x40, 0x80, 0x00, 0xB0, 0x74, 0x00, 0x0F, 0x78, 0x00, 0x00, 0xF8, 0x00, 0x00, 0x08, 0x00, 0x00,
    0x00, 0x00, 0x00, 0x00, 0x00, 0x00, 0x06, 0xFE, 0x00, 0x0B, 0xFF, 0xF4, 0x0B, 0xE0, 0x2F, 0x43,
    0xE0, 0x03, 0xF1, 0xF0, 0x00, 0x7C, 0xBC, 0x00, 0x0F, 0x6E, 0x00, 0x03, 0xDB, 0xC0, 0x00, 0xF5,
    0xF0, 0x00, 0x7C, 0x3E, 0x00, 0x3F, 0x0B, 0xE0, 0x2F, 0x40, 0xBF, 0xFF, 0x40, 0x06, 0xFE, 0x00,
    0x01, 0x80, 0x50, 0x00, 0x1D, 0x0E, 0x00, 0x00, 0xB7, 0xC0, 0x00, 0x02, 0xF0, 0x00, 0x00, 0x08,
    0x00, 0x00, 0x00, 0x00, 0x00, 0x00, 0x00, 0x00, 0x0F, 0x40, 0x00, 0x7C, 0xF4, 0x00, 0x07, 0xCF,
    0x40, 0x00, 0x7C, 0xF4, 0x00, 0x07, 0xCF, 0x40, 0x00, 0x7C, 0xF4, 0x00, 0x07, 0xCF, 0x40, 0x00,
    0x7C, 0xF4, 0x00, 0x07, 0xCF, 0x40, 0x00, 0x7C, 0xF4, 0x00, 0x07, 0xCF, 0x40, 0x00, 0x7C, 0xF8,
    0x00, 0x07, 0xCB, 0xC0, 0x00, 0xBC, 0x7D, 0x00, 0x0F, 0x83, 0xF4, 0x07, 0xF0, 0x0F, 0xFF, 0xFC,
    0x00, 0x1B, 0xFD, 0x00, 0x02, 0x00, 0x80, 0x03, 0xC2, 0xC0, 0x00, 0xE7, 0x40, 0x00, 0x7D, 0x00,
    0x00, 0x18, 0x00, 0x00, 0x00, 0x00, 0x00, 0x00, 0x00, 0x3C, 0x00, 0x3D, 0x3C, 0x00, 0x3D, 0x3C,
    0x00, 0x3D, 0x3C, 0x00, 0x3D, 0x3C, 0x00, 0x3D, 0x3C, 0x00, 0x3D, 0x3C, 0x00, 0x3D, 0x3C, 0x00,
    0x3D, 0x3D, 0x00, 0x3D, 0x3E, 0x00, 0x3D, 0x1F, 0x80, 0x3D, 0x0F, 0xFF, 0xFD, 0x01, 0xFF, 0xE8,
    0x02, 0xFF, 0xF0, 0x00, 0x2F, 0xFF, 0x00, 0x00, 0x00, 0x00, 0x00, 0x3C, 0x0F, 0x00, 0x03, 0xD0,
    0xF4, 0x00, 0x3C, 0x0F, 0x00, 0x00, 0x00, 0x00, 0x00, 0x00, 0x00, 0x00, 0xF4, 0x00, 0x07, 0xCF,
    0x40, 0x00, 0x7C, 0xF4, 0x00, 0x07, 0xCF, 0x40, 0x00, 0x7C, 0xF4, 0x00, 0x07, 0xCF, 0x40, 0x00,
    0x7C, 0xF4, 0x00, 0x07, 0xCF, 0x40, 0x00, 0x7C, 0xF4, 0x00, 0x07, 0xCF, 0x40, 0x00, 0x7C, 0xF4,
    0x00, 0x07, 0xCF, 0x80, 0x00, 0x7C, 0xBC, 0x00, 0x0B, 0xC7, 0xD0, 0x00, 0xF8, 0x3F, 0x40, 0x7F,
    0x00, 0xFF, 0xFF, 0xC0, 0x01, 0xBF, 0xD0, 0x00, 0x03, 0xFF, 0xD0, 0x03, 0xFF, 0xD0, 0x00, 0x00,
    0x00, 0x07, 0x81, 0xE0, 0x0B, 0xC2, 0xF0, 0x07, 0x81, 0xE0, 0x00, 0x00, 0x00, 0x00, 0x00, 0x00,
    0x3C, 0x00, 0x3D, 0x3C, 0x00, 0x3D, 0x3C, 0x00, 0x3D, 0x3C, 0x00, 0x3D, 0x3C, 0x00, 0x3D, 0x3C,
    0x00, 0x3D, 0x3C, 0x00, 0x3D, 0x3C, 0x00, 0x3D, 0x3D, 0x00, 0x3D, 0x3E, 0x00, 0x3D, 0x1F, 0x80,
    0x3D, 0x0F, 0xFF, 0xFD, 0x01, 0xFF, 0xE8, 0x00, 0x02, 0x40, 0x00, 0x00, 0x78, 0x00, 0x0B, 0x1F,
    0x3C, 0x00, 0xF8, 0x87, 0xD0, 0x0B, 0x00, 0x3C, 0x00, 0x00, 0x00, 0x00, 0x00, 0x00, 0x00, 0x0F,
    0x40, 0x00, 0x7C, 0xF4, 0x00, 0x07, 0xCF, 0x40, 0x00, 0x7C, 0xF4, 0x00, 0x07, 0xCF, 0x40, 0x00,
    0x7C, 0xF4, 0x00, 0x07, 0xCF, 0x40, 0x00, 0x7C, 0xF4, 0x00, 0x07, 0xCF, 0x40, 0x00, 0x7C, 0xF4,
    0x00, 0x07, 0xCF, 0x40, 0x00, 0x7C, 0xF8, 0x00, 0x07, 0xCB, 0xC0, 0x00, 0xBC, 0x7D, 0x00, 0x0F,
    0x83, 0xF4, 0x07, 0xF0, 0x0F, 0xFF, 0xFC, 0x00, 0x1B, 0xFD, 0x00, 0x00, 0x03, 0x40, 0x00, 0x0B,
    0x40, 0x00, 0x2E, 0x00, 0x07, 0x58, 0xE0, 0x0F, 0xC2, 0xF0, 0x07, 0x40, 0xE0, 0x00, 0x00, 0x00,
    0x00, 0x00, 0x00, 0x3C, 0x00, 0x3D, 0x3C, 0x00, 0x3D, 0x3C, 0x00, 0x3D, 0x3C, 0x00, 0x3D, 0x3C,
    0x00, 0x3D, 0x3C, 0x00, 0x3D, 0x3C, 0x00, 0x3D, 0x3C, 0x00, 0x3D, 0x3D, 0x00, 0x3D, 0x3E, 0x00,
    0x3D, 0x1F, 0x80, 0x3D, 0x0F, 0xFF, 0xFD, 0x01, 0xFF, 0xE8, 0x00, 0x80, 0x80, 0x00, 0x0F, 0x2D,
    0x00, 0x00, 0x3F, 0x40, 0x00, 0xB0, 0xC3, 0xC0, 0x0F, 0x80, 0x7D, 0x00, 0xB0, 0x03, 0xC0, 0x00,
    0x00, 0x00, 0x00, 0x00, 0x00, 0x00, 0xF4, 0x00, 0x07, 0xCF, 0x40, 0x00, 0x7C, 0xF4, 0x00, 0x07,
    0xCF, 0x40, 0x00, 0x7C, 0xF4, 0x00, 0x07, 0xCF, 0x40, 0x00, 0x7C, 0xF4, 0x00, 0x07, 0xCF, 0x40,
    0x00, 0x7C, 0xF4, 0x00, 0x07, 0xCF, 0x40, 0x00, 0x7C, 0xF4, 0x00, 0x07, 0xCF, 0x80, 0x00, 0x7C,
    0xBC, 0x00, 0x0B, 0xC7, 0xD0, 0x00, 0xF8, 0x3F, 0x40, 0x7F, 0x00, 0xFF, 0xFF, 0xC0, 0x01, 0xBF,
    0xD0, 0x00, 0x02, 0x40, 0x80, 0x01, 0xE7, 0xC0, 0x00, 0x7E, 0x00, 0x00, 0x18, 0x00, 0x07, 0x40,
    0xE0, 0x0F, 0xC2, 0xF0, 0x07, 0x40, 0xE0, 0x00, 0x00, 0x00, 0x00, 0x00, 0x00, 0x3C, 0x00, 0x3D,
    0x3C, 0x00, 0x3D, 0x3C, 0x00, 0x3D, 0x3C, 0x00, 0x3D, 0x3C, 0x00, 0x3D, 0x3C, 0x00, 0x3D, 0x3C,
    0x00, 0x3D, 0x3C, 0x00, 0x3D, 0x3D, 0x00, 0x3D, 0x3E, 0x00, 0x3D, 0x1F, 0x80, 0x3D, 0x0F, 0xFF,
    0xFD, 0x01, 0xFF, 0xE8, 0x00, 0x70, 0x00, 0x00, 0x0B, 0x80, 0x00, 0x0B, 0x2E, 0x3C, 0x00, 0xF8,
    0x97, 0xD0, 0x0B, 0x00, 0x3C, 0x00, 0x00, 0x00, 0x00, 0x00, 0x00, 0x00, 0x0F, 0x40, 0x00, 0x7C,
    0xF4, 0x00, 0x07, 0xCF, 0x40, 0x00, 0x7C, 0xF4, 0x00, 0x07, 0xCF, 0x40, 0x00, 0x7C, 0xF4, 0x00,
    0x07, 0xCF, 0x40, 0x00, 0x7C, 0xF4, 0x00, 0x07, 0xCF, 0x40, 0x00, 0x7C, 0xF4, 0x00, 0x07, 0xCF,
    0x40, 0x00, 0x7C, 0xF8, 0x00, 0x07, 0xCB, 0xC0, 0x00, 0xBC, 0x7D, 0x00, 0x0F, 0x83, 0xF4, 0x07,
    0xF0, 0x0F, 0xFF, 0xFC, 0x00, 0x1B, 0xFD, 0x00, 0x00, 0x80, 0x00, 0x01, 0xF0, 0x00, 0x00, 0xBC,
    0x00, 0x07, 0x59, 0xE0, 0x0F, 0xC2, 0xF0, 0x07, 0x40, 0xE0, 0x00, 0x00, 0x00, 0x00, 0x00, 0x00,
    0x3C, 0x00, 0x3D, 0x3C, 0x00, 0x3D, 0x3C, 0x00, 0x3D, 0x3C, 0x00, 0x3D, 0x3C, 0x00, 0x3D, 0x3C,
    0x00, 0x3D, 0x3C, 0x00, 0x3D, 0x3C, 0x00, 0x3D, 0x3D, 0x00, 0x3D, 0x3E, 0x00, 0x3D, 0x1F, 0x80,
    0x3D, 0x0F, 0xFF, 0xFD, 0x01, 0xFF, 0xE8, 0x1B, 0xFE, 0x40, 0x2F, 0xFF, 0xE0, 0x14, 0x02, 0xF8,
    0x00, 0x00, 0xBC, 0x00, 0x00, 0x3D, 0x00, 0x00, 0x3E, 0xBF, 0xFF, 0xFE, 0xBF, 0xFF, 0xFE, 0xBC,
    0x00, 0x3D, 0x7C, 0x00, 0x7C, 0x3F, 0x41, 0xF4, 0x1F, 0xFF, 0xE0, 0x02, 0xFE, 0x40, 0x00, 0x3F,
    0xFD, 0x00, 0x00, 0x0F, 0xFF, 0x40, 0x00, 0x00, 0x00, 0x00, 0x00, 0x00, 0xE0, 0x38, 0x00, 0x00,
    0xBC, 0x2F, 0x00, 0x00, 0x0E, 0x03, 0x80, 0x00, 0x00, 0x00, 0x00, 0x00, 0x00, 0x00, 0x00, 0x00,
    0x00, 0x03, 0xE0, 0x00, 0x00, 0x02, 0xFC, 0x00, 0x00, 0x00, 0xFF, 0x80, 0x00, 0x00, 0xBE, 0xF0,
    0x00, 0x00, 0x3D, 0x3E, 0x00, 0x00, 0x1F, 0x0B, 0xC0, 0x00, 0x0F, 0x80, 0xF4, 0x00, 0x03, 0xC0,
    0x3E, 0x00, 0x02, 0xF0, 0x07, 0xC0, 0x00, 0xF4, 0x00, 0xF8, 0x00, 0x7C, 0x00, 0x2F, 0x00, 0x2F,
    0xFF, 0xFF, 0xD0, 0x0F, 0xFF, 0xFF, 0xF8, 0x07, 0xC0, 0x00, 0x2F, 0x03, 0xE0, 0x00, 0x03, 0xD0,
    0xF4, 0x00, 0x00, 0xFC, 0xBC, 0x00, 0x00, 0x1F, 0x00, 0x0B, 0xFF, 0xC0, 0x2F, 0xFF, 0x00, 0x00,
    0x00, 0x03, 0xC0, 0xF0, 0x1F, 0x43, 0xD0, 0x3C, 0x0F, 0x00, 0x00, 0x00, 0x00, 0x00, 0x00, 0x1B,
    0xFE, 0x00, 0x7F, 0xFF, 0x00, 0x40, 0x7F, 0x00, 0x00, 0x7C, 0x00, 0x00, 0xF0, 0x1F, 0xFF, 0xC3,
    0xFF, 0xFF, 0x2F, 0x40, 0x3C, 0xF8, 0x00, 0xF3, 0xE0, 0x03, 0xCB, 0xD0, 0x0F, 0x0F, 0xFF, 0xFC,
    0x0B, 0xFF, 0xE0, 0x00, 0x3F, 0xFD, 0x00, 0x00, 0x0F, 0xFF, 0x40, 0x00, 0x00, 0x00, 0x00, 0x00,
    0x00, 0x0B, 0x40, 0x00, 0x00, 0x03, 0xE0, 0x00, 0x00, 0x00, 0xB4, 0x00, 0x00, 0x00, 0x00, 0x00,
    0x00, 0x00, 0x00, 0x00, 0x00, 0x00, 0x03, 0xE0, 0x00, 0x00, 0x02, 0xFC, 0x00, 0x00, 0x00, 0xFF,
    0x80, 0x00, 0x00, 0xBE, 0xF0, 0x00, 0x00, 0x3D, 0x3E, 0x00, 0x00, 0x1F, 0x0B, 0xC0, 0x00, 0x0F,
    0x80, 0xF4, 0x00, 0x03, 0xC0, 0x3E, 0x00, 0x02, 0xF0, 0x07, 0xC0, 0x00, 0xF4, 0x00, 0xF8, 0x00,
    0x7C, 0x00, 0x2F, 0x00, 0x2F, 0xFF, 0xFF, 0xD0, 0x0F, 0xFF, 0xFF, 0xF8, 0x07, 0xC0, 0x00, 0x2F,
    0x03, 0xE0, 0x00, 0x03, 0xD0, 0xF4, 0x00, 0x00, 0xFC, 0xBC, 0x00, 0x00, 0x1F, 0x00, 0x0B, 0xFF,
    0xC0, 0x2F, 0xFF, 0x00, 0x00, 0x00, 0x00, 0x1E, 0x00, 0x00, 0xFC, 0x00, 0x01, 0xE0, 0x00, 0x00,
    0x00, 0x00, 0x00, 0x00, 0x1B, 0xFE, 0x00, 0x7F, 0xFF, 0x00, 0x40, 0x7F, 0x00, 0x00, 0x7C, 0x00,
    0x00, 0xF0, 0x1F, 0xFF, 0xC3, 0xFF, 0xFF, 0x2F, 0x40, 0x3C, 0xF8, 0x00, 0xF3, 0xE0, 0x03, 0xCB,
    0xD0, 0x0F, 0x0F, 0xFF, 0xFC, 0x0B, 0xFF, 0xE0, 0x00, 0x00, 0x03, 0xFF, 0xF0, 0x00, 0x00, 0x00,
    0x0F, 0xFF, 0xC0, 0x00, 0x00, 0x00, 0x00, 0x00, 0x00, 0x00, 0x00, 0x00, 0x00, 0x00, 0x00, 0x00,
    0x00, 0x00, 0x00, 0x00, 0x00, 0x00, 0x00, 0x2F, 0xFF, 0xFF, 0xC0, 0x00, 0x01, 0xFF, 0xFF, 0xFF,
    0x00, 0x00, 0x0F, 0xBD, 0x00, 0x00, 0x00, 0x00, 0xFC, 0xF4, 0x00, 0x00, 0x00, 0x07, 0xC3, 0xD0,
    0x00, 0x00, 0x00, 0x3D, 0x0F, 0x40, 0x00, 0x00, 0x02, 0xF0, 0x3D, 0x00, 0x00, 0x00, 0x1F, 0x40,
    0xFF, 0xFF, 0xC0, 0x00, 0xF8, 0x03, 0xFF, 0xFF, 0x00, 0x0B, 0xC0, 0x0F, 0x40, 0x00, 0x00, 0x3D,
    0x00, 0x3D, 0x00, 0x00, 0x02, 0xFF, 0xFF, 0xF4, 0x00, 0x00, 0x1F, 0xFF, 0xFF, 0xD0, 0x00, 0x00,
    0xFC, 0x00, 0x0F, 0x40, 0x00, 0x07, 0xC0, 0x00, 0x3D, 0x00, 0x00, 0x3E, 0x00, 0x00, 0xFF, 0xFF,
    0xF6, 0xF0, 0x00, 0x03, 0xFF, 0xFF, 0xD0, 0x00, 0x0F, 0xFF, 0xC0, 0x00, 0x00, 0x0F, 0xFF, 0xC0,
    0x00, 0x00, 0x00, 0x00, 0x00, 0x00, 0x00, 0x00, 0x00, 0x00, 0x00, 0x00, 0x00, 0x00, 0x00, 0x00,
    0x1B, 0xFE, 0x01, 0xFE, 0x40, 0x1F, 0xFF, 0xCF, 0xFF, 0xE0, 0x04, 0x07, 0xFF, 0x02, 0xF4, 0x00,
    0x01, 0xFC, 0x00, 0xB8, 0x00, 0x00, 0xF4, 0x00, 0x7C, 0x07, 0xFF, 0xFF, 0xFF, 0xFC, 0x3F, 0xFF,
    0xFF, 0xFF, 0xFC, 0xBD, 0x00, 0xF4, 0x00, 0x00, 0xF8, 0x00, 0xF8, 0x00, 0x00, 0xF8, 0x00, 0xBC,
    0x00, 0x00, 0xBD, 0x01, 0xFF, 0x40, 0x10, 0x3F, 0xFF, 0xFF, 0xFF, 0xF0, 0x0B, 0xFE, 0x42, 0xFF,
    0xE0, 0x00, 0x1B, 0xFE, 0x40, 0x00, 0x7F, 0xFF, 0xFC, 0x00, 0x7F, 0x40, 0x1A, 0x00, 0x3F, 0x00,
    0x00, 0x00, 0x2F, 0x00, 0x00, 0x00, 0x0F, 0x80, 0x00, 0x00, 0x07, 0xD0, 0x00, 0x00, 0x01, 0xF0,
    0x00, 0x00, 0x00, 0xBC, 0x00, 0x01, 0xF0, 0x1F, 0x00, 0x00, 0x7C, 0x07, 0xC0, 0x03, 0xFF, 0xF0,
    0xF8, 0x00, 0xFF, 0xFC, 0x3F, 0x00, 0x01, 0xF0, 0x07, 0xF0, 0x00, 0x7C, 0x00, 0xBF, 0x40, 0x1F,
    0x00, 0x07, 0xFF, 0xFF, 0xC0, 0x00, 0x1F, 0xFF, 0x90, 0x00, 0x01, 0xBF, 0xE8, 0x00, 0xBF, 0xFF,
    0xD0, 0x2F, 0x80, 0x3D, 0x03, 0xE0, 0x03, 0xD0, 0x7C, 0x00, 0x3D, 0x0B, 0xC0, 0xBF, 0xFD, 0xB8,
    0x0B, 0xFF, 0xDB, 0xC0, 0x03, 0xD0, 0xBC, 0x00, 0x3D, 0x03, 0xD0, 0x03, 0xD0, 0x2F, 0x40, 0xBD,
    0x00, 0xFF, 0xFF, 0xD0, 0x01, 0xFF, 0x7D, 0x00, 0x00, 0x03, 0xD0, 0x00, 0x00, 0x7C, 0x01, 0x40,
    0x1F, 0x80, 0x3F, 0xFF, 0xF0, 0x01, 0xBF, 0xE4, 0x00, 0x00, 0x14, 0x09, 0x00, 0x00, 0xB0, 0x74,
    0x00, 0x00, 0xF7, 0x80, 0x00, 0x00, 0xF8, 0x00, 0x00, 0x00, 0x80, 0x00, 0x00, 0x00, 0x00, 0x00,
    0x00, 0x00, 0x00, 0x00, 0x06, 0xFF, 0x90, 0x01, 0xFF, 0xFF, 0xF0, 0x1F, 0xD0, 0x06, 0x80, 0xFC,
    0x00, 0x00, 0x0B, 0xC0, 0x00, 0x00, 0x3E, 0x00, 0x00, 0x01, 0xF4, 0x00, 0x00, 0x07, 0xC0, 0x00,
    0x00, 0x2F, 0x00, 0x00, 0x00, 0x7C, 0x00, 0x01, 0xF1, 0xF0, 0x00, 0x07, 0xC3, 0xE0, 0x00, 0x1F,
    0x0F, 0xC0, 0x00, 0x7C, 0x1F, 0xC0, 0x01, 0xF0, 0x2F, 0xD0, 0x07, 0xC0, 0x1F, 0xFF, 0xFF, 0x00,
    0x07, 0xFF, 0xE4, 0x02, 0x00, 0x80, 0x03, 0xC2, 0xD0, 0x00, 0xF7, 0x40, 0x00, 0x3E, 0x00, 0x00,
    0x08, 0x00, 0x00, 0x00, 0x00, 0x00, 0x00, 0x00, 0x01, 0xBF, 0xE8, 0x0B, 0xFF, 0xFD, 0x2F, 0x80,
    0x3D, 0x3E, 0x00, 0x3D, 0x7C, 0x00, 0x3D, 0xBC, 0x00, 0x3D, 0xB8, 0x00, 0x3D, 0xBC, 0x00, 0x3D,
    0xBC, 0x00, 0x3D, 0x3D, 0x00, 0x3D, 0x2F, 0x40, 0xBD, 0x0F, 0xFF, 0xFD, 0x01, 0xFF, 0x7D, 0x00,
    0x00, 0x3D, 0x00, 0x00, 0x7C, 0x14, 0x01, 0xFC, 0x3F, 0xFF, 0xF0, 0x1B, 0xFF, 0x40, 0x02, 0x00,
    0x80, 0x00, 0x3C, 0x3C, 0x00, 0x01, 0xEB, 0x00, 0x00, 0x07, 0xD0, 0x00, 0x00, 0x14, 0x00, 0x00,
    0x00, 0x00, 0x00, 0x00, 0x00, 0x00, 0x0F, 0x80, 0x02, 0xF4, 0xF8, 0x00, 0xBD, 0x0F, 0x80, 0x2F,
    0x40, 0xF8, 0x0B, 0xD0, 0x0F, 0x82, 0xF4, 0x00, 0xF8, 0xBD, 0x00, 0x0F, 0xAF, 0x40, 0x00, 0xFF,
    0xD0, 0x00, 0x0F, 0xFF, 0x40, 0x00, 0xFA, 0xFD, 0x00, 0x0F, 0x87, 0xF4, 0x00, 0xF8, 0x1F, 0xD0,
    0x0F, 0x80, 0x3F, 0x40, 0xF8, 0x00, 0xFC, 0x0F, 0x80, 0x03, 0xF0, 0xF8, 0x00, 0x1F, 0x8F, 0x80,
    0x00, 0xBD, 0x20, 0x20, 0x00, 0x7D, 0xF0, 0x00, 0x1F, 0xC0, 0x00, 0x03, 0x00, 0x00, 0x00, 0x00,
    0x00, 0x00, 0x00, 0x00, 0x2D, 0x00, 0x00, 0x3D, 0x00, 0x00, 0x3D, 0x00, 0x00, 0x3D, 0x00, 0x00,
    0x3D, 0x00, 0x00, 0x3D, 0x00, 0x00, 0x3D, 0x00, 0xF8, 0x3D, 0x03, 0xE0, 0x3D, 0x0F, 0x80, 0x3D,
    0x3E, 0x00, 0x3E, 0xF8, 0x00, 0x3F, 0xF0, 0x00, 0x3F, 0xFC, 0x00, 0x3D, 0xBE, 0x00, 0x3D, 0x2F,
    0x80, 0x3D, 0x0B, 0xD0, 0x3D, 0x03, 0xF0, 0x3D, 0x00, 0xFC, 0x3D, 0x00, 0x7D, 0x00, 0x1B, 0xFE,
    0x00, 0x00, 0x7F, 0xFF, 0xF8, 0x00, 0x7F, 0x40, 0x6F, 0xC0, 0x3F, 0x00, 0x01, 0xF8, 0x2F, 0x00,
    0x00, 0x2F, 0x0F, 0x80, 0x00, 0x03, 0xE7, 0xC0, 0x00, 0x00, 0xFD, 0xF0, 0x00, 0x00, 0x2F, 0xBC,
    0x00, 0x00, 0x0B, 0xDF, 0x00, 0x00, 0x02, 0xF7, 0xC0, 0x00, 0x00, 0xFC, 0xF8, 0x00, 0x00, 0x3E,
    0x2F, 0x00, 0x00, 0x2F, 0x03, 0xF0, 0x00, 0x1F, 0x80, 0x7F, 0x40, 0x6F, 0xC0, 0x07, 0xFF, 0xFF,
    0x80, 0x00, 0x1B, 0xFF, 0x00, 0x00, 0x00, 0x1E, 0x00, 0x00, 0x00, 0x0F, 0x00, 0x00, 0x00, 0x07,
    0xC0, 0x00, 0x00, 0x01, 0xFF, 0x00, 0x00, 0x00, 0x2F, 0x80, 0x00, 0x01, 0xBF, 0x80, 0x02, 0xFF,
    0xFD, 0x02, 0xF8, 0x0B, 0xD0, 0xF8, 0x00, 0xFC, 0x7C, 0x00, 0x1F, 0x2F, 0x00, 0x03, 0xDB, 0x80,
    0x00, 0xF6, 0xF0, 0x00, 0x3D, 0x7C, 0x00, 0x1F, 0x0F, 0x80, 0x0F, 0xC2, 0xF8, 0x0B, 0xD0, 0x2F,
    0xFF, 0xD0, 0x01, 0xBF, 0xC0, 0x00, 0x07, 0x80, 0x00, 0x03, 0xC0, 0x00, 0x01, 0xF0, 0x00, 0x00,
    0x7F, 0x80, 0x00, 0x0B, 0xE0, 0x00, 0x00, 0x3F, 0xFF, 0x40, 0x00, 0x0F, 0xFF, 0xD0, 0x00, 0x00,
    0x00, 0x00, 0x00, 0x00, 0x00, 0x00, 0x00, 0x00, 0x00, 0x00, 0x00, 0x00, 0x06, 0xFF, 0x80, 0x00,
    0x1F, 0xFF, 0xFE, 0x00, 0x1F, 0xD0, 0x1B, 0xF0, 0x0F, 0xC0, 0x00, 0x7E, 0x0B, 0xC0, 0x00, 0x0B,
    0xC3, 0xE0, 0x00, 0x00, 0xF9, 0xF0, 0x00, 0x00, 0x3F, 0x7C, 0x00, 0x00, 0x0B, 0xEF, 0x00, 0x00,
    0x02, 0xF7, 0xC0, 0x00, 0x00, 0xBD, 0xF0, 0x00, 0x00, 0x3F, 0x3E, 0x00, 0x00, 0x0F, 0x8B, 0xC0,
    0x00, 0x0B, 0xC0, 0xFC, 0x00, 0x07, 0xE0, 0x1F, 0xD0, 0x1B, 0xF0, 0x01, 0xFF, 0xFF, 0xE0, 0x00,
    0x06, 0xFF, 0xC0, 0x00, 0x00, 0x07, 0x80, 0x00, 0x00, 0x03, 0xC0, 0x00, 0x00, 0x01, 0xF0, 0x00,
    0x00, 0x00, 0x7F, 0xC0, 0x00, 0x00, 0x0B, 0xE0, 0x00, 0x03, 0xFF, 0xF0, 0x00, 0xFF, 0xFC, 0x00,
    0x00, 0x00, 0x00, 0x00, 0x00, 0x00, 0x00, 0x00, 0x00, 0x00, 0x6F, 0xE0, 0x00, 0xBF, 0xFF, 0x40,
    0xBE, 0x02, 0xF4, 0x3E, 0x00, 0x3F, 0x1F, 0x00, 0x07, 0xCB, 0xC0, 0x00, 0xF6, 0xE0, 0x00, 0x3D,
    0xBC, 0x00, 0x0F, 0x5F, 0x00, 0x07, 0xC3, 0xE0, 0x03, 0xF0, 0xBE, 0x02, 0xF4, 0x0B, 0xFF, 0xF4,
    0x00, 0x6F, 0xF0, 0x00, 0x01, 0xE0, 0x00, 0x00, 0xF0, 0x00, 0x00, 0x7C, 0x00, 0x00, 0x1F, 0xE0,
    0x00, 0x02, 0xF8, 0x00, 0x00, 0x80, 0x20, 0x00, 0x3C, 0x3C, 0x00, 0x07, 0xAC, 0x00, 0x00, 0x7D,
    0x00, 0x00, 0x05, 0x00, 0x00, 0x00, 0x00, 0x00, 0x00, 0x00, 0x00, 0xBF, 0xFF, 0xFE, 0x2F, 0xFF,
    0xFF, 0x40, 0x00, 0x0F, 0x80, 0x00, 0x0F, 0xC0, 0x00, 0x0B, 0xC0, 0x00, 0x0B, 0xC0, 0x00, 0x0B,
    0xC0, 0x00, 0x07, 0xFE, 0x00, 0x01, 0xFF, 0xF4, 0x00, 0x00, 0xBF, 0x00, 0x00, 0x03, 0xE0, 0x00,
    0x00, 0xBC, 0x00, 0x00, 0x2F, 0x00, 0x00, 0x0F, 0x8E, 0x40, 0x1F, 0xC3, 0xFF, 0xFF, 0xD0, 0x1B,
    0xFF, 0x40, 0x02, 0x00, 0x80, 0x03, 0xC2, 0xC0, 0x00, 0xEB, 0x40, 0x00, 0x7D, 0x00, 0x00, 0x14,
    0x00, 0x00, 0x00, 0x00, 0x00, 0x00, 0x00, 0x2F, 0xFF, 0xFC, 0x2F, 0xFF, 0xFC, 0x00, 0x00, 0xF4,
    0x00, 0x02, 0xE0, 0x00, 0x0B, 0xC0, 0x00, 0x1F, 0x00, 0x00, 0x3C, 0x00, 0x00, 0xFF, 0x80, 0x00,
    0xFF, 0xF4, 0x00, 0x02, 0xFC, 0x00, 0x00, 0x3E, 0x00, 0x00, 0x2E, 0x00, 0x00, 0x2F, 0x00, 0x00,
    0x3E, 0x00, 0x00, 0x3D, 0x14, 0x01, 0xFC, 0x3F, 0xFF, 0xF0, 0x1B, 0xFE, 0x40, 0x08, 0x02, 0x03,
    0xC2, 0xD0, 0x3D, 0xD0, 0x03, 0xE0, 0x00, 0x20, 0x00, 0x00, 0x00, 0x00, 0x00, 0x03, 0xD0, 0x00,
    0xF4, 0x00, 0x3D, 0x00, 0x0F, 0x40, 0x03, 0xD0, 0x00, 0xF4, 0x00, 0x3D, 0x00, 0x0F, 0x40, 0x03,
    0xD0, 0x00, 0xF4, 0x00, 0x3D, 0x00, 0x0F, 0x40, 0x03, 0xD0, 0x00, 0xF4, 0x00, 0x3C, 0x00, 0x3F,
    0x01, 0xFF, 0x40, 0xBF, 0x40, 0x00, 0xBF, 0xFE, 0x80, 0x00, 0x3F, 0xFF, 0xFF, 0xCF, 0xFF, 0xFF,
    0x80, 0x03, 0xFF, 0xFF, 0xFC, 0xF8, 0x01, 0xBF, 0x00, 0x00, 0x00, 0x1F, 0x8F, 0x80, 0x01, 0xFC,
    0x00, 0x00, 0x07, 0xE0, 0xF8, 0x00, 0x07, 0xE0, 0x00, 0x00, 0xFC, 0x0F, 0x80, 0x00, 0x3F, 0x00,
    0x00, 0x3F, 0x00, 0xF8, 0x00, 0x01, 0xF0, 0x00, 0x0B, 0xD0, 0x0F, 0x80, 0x00, 0x1F, 0x40, 0x01,
    0xF8, 0x00, 0xF8, 0x00, 0x00, 0xF4, 0x00, 0x3F, 0x00, 0x0F, 0x80, 0x00, 0x1F, 0x40, 0x0B, 0xC0,
    0x00, 0xF8, 0x00, 0x01, 0xF0, 0x01, 0xF4, 0x00, 0x0F, 0x80, 0x00, 0x3F, 0x00, 0x3E, 0x00, 0x00,
    0xF8, 0x00, 0x07, 0xE0, 0x0B, 0xC0, 0x00, 0x0F, 0x80, 0x01, 0xFC, 0x00, 0xF4, 0x00, 0x00, 0xF8,
    0x01, 0xBF, 0x00, 0x3F, 0x00, 0x00, 0x0F, 0xFF, 0xFF, 0x80, 0x07, 0xFF, 0xFF, 0xFD, 0xBF, 0xFE,
    0x80, 0x00, 0x7F, 0xFF, 0xFF, 0xD0, 0xBF, 0xFE, 0x80, 0x00, 0x00, 0x00, 0x03, 0xFF, 0xFF, 0xE0,
    0x00, 0x00, 0x00, 0x0F, 0x80, 0x1B, 0xF0, 0x00, 0x00, 0x00, 0x3E, 0x00, 0x07, 0xF0, 0x00, 0x00,
    0x00, 0xF8, 0x00, 0x07, 0xE0, 0x3F, 0xFF, 0xFB, 0xE0, 0x00, 0x0F, 0xC0, 0xFF, 0xFF, 0xEF, 0x80,
    0x00, 0x1F, 0x00, 0x00, 0x3F, 0x3E, 0x00, 0x00, 0x7D, 0x00, 0x02, 0xF0, 0xF8, 0x00, 0x00, 0xF4,
    0x00, 0x2F, 0x43, 0xE0, 0x00, 0x07, 0xD0, 0x01, 0xF8, 0x0F, 0x80, 0x00, 0x1F, 0x00, 0x0F, 0xC0,
    0x3E, 0x00, 0x00, 0xFC, 0x00, 0xFC, 0x00, 0xF8, 0x00, 0x07, 0xE0, 0x0B, 0xD0, 0x03, 0xE0, 0x00,
    0x7F, 0x00, 0x3E, 0x00, 0x0F, 0x80, 0x1B, 0xF0, 0x03, 0xF0, 0x00, 0x3F, 0xFF, 0xFE, 0x00, 0x0F,
    0xFF, 0xFF, 0xBF, 0xFE, 0x80, 0x00, 0x3F, 0xFF, 0xFC, 0x00, 0x00, 0x1E, 0x00, 0x00, 0x00, 0x00,
    0x00, 0x0B, 0x80, 0x00, 0x00, 0x00, 0x00, 0x02, 0xE0, 0x00, 0x00, 0x00, 0x00, 0x00, 0xB8, 0x00,
    0x00, 0x00, 0x00, 0x00, 0x2E, 0x00, 0x00, 0x00, 0x00, 0x00, 0x0B, 0x80, 0x00, 0x00, 0x00, 0x1F,
    0xFA, 0xE0, 0x3F, 0xFF, 0xF4, 0x3F, 0xFF, 0xF8, 0x0F, 0xFF, 0xFD, 0x2F, 0x40, 0x7E, 0x00, 0x00,
    0x3F, 0x0F, 0x40, 0x0B, 0x80, 0x00, 0x3F, 0x07, 0xC0, 0x02, 0xE0, 0x00, 0x2F, 0x42, 0xF0, 0x00,
    0xB8, 0x00, 0x1F, 0x40, 0xB8, 0x00, 0x2E, 0x00, 0x0F, 0x80, 0x2F, 0x00, 0x0B, 0x80, 0x0F, 0xC0,
    0x07, 0xC0, 0x02, 0xE0, 0x0B, 0xC0, 0x00, 0xF8, 0x00, 0xB8, 0x07, 0xE0, 0x00, 0x2F, 0x80, 0x2E,
    0x03, 0xF0, 0x00, 0x02, 0xFF, 0xFF, 0x81, 0xFF, 0xFF, 0xE0, 0x1B, 0xFF, 0x90, 0x7F, 0xFF, 0xF8,
    0x00, 0x00, 0x18, 0x00, 0x00, 0x00, 0xF0, 0x00, 0x00, 0x0F, 0x00, 0x00, 0x00, 0xB4, 0x00, 0x00,
    0x02, 0x40, 0x00, 0x00, 0x00, 0x00, 0x00, 0x00, 0x00, 0x00, 0x00, 0x06, 0xFF, 0x90, 0x01, 0xFF,
    0xFF, 0xF0, 0x1F, 0xD0, 0x06, 0x80, 0xFC, 0x00, 0x00, 0x0B, 0xC0, 0x00, 0x00, 0x3E, 0x00, 0x00,
    0x01, 0xF4, 0x00, 0x00, 0x07, 0xC0, 0x00, 0x00, 0x2F, 0x00, 0x00, 0x00, 0x7C, 0x00, 0x01, 0xF1,
    0xF0, 0x00, 0x07, 0xC3, 0xE0, 0x00, 0x1F, 0x0F, 0xC0, 0x00, 0x7C, 0x1F, 0xC0, 0x01, 0xF0, 0x2F,
    0xD0, 0x07, 0xC0, 0x1F, 0xFF, 0xFF, 0x00, 0x07, 0xFF, 0xE4, 0x00, 0x02, 0x80, 0x00, 0x07, 0xC0,
    0x00, 0x0F, 0x00, 0x00, 0x3C, 0x00, 0x00, 0x24, 0x00, 0x00, 0x00, 0x00, 0x00, 0x00, 0x00, 0x01,
    0xBF, 0xE8, 0x0B, 0xFF, 0xFD, 0x2F, 0x80, 0x3D, 0x3E, 0x00, 0x3D, 0x7C, 0x00, 0x3D, 0xBC, 0x00,
    0x3D, 0xB8, 0x00, 0x3D, 0xBC, 0x00, 0x3D, 0xBC, 0x00, 0x3D, 0x3D, 0x00, 0x3D, 0x2F, 0x40, 0xBD,
    0x0F, 0xFF, 0xFD, 0x01, 0xFF, 0x7D, 0x00, 0x00, 0x3D, 0x00, 0x00, 0x7C, 0x14, 0x01, 0xFC, 0x3F,
    0xFF, 0xF0, 0x1B, 0xFF, 0x40, 0xF8, 0x00, 0x03, 0xD0, 0x00, 0x03, 0xE0, 0x00, 0x0F, 0x40, 0x00,
    0x0F, 0x80, 0x00, 0x3D, 0x00, 0x00, 0x3E, 0x00, 0x00, 0xF4, 0x00, 0x00, 0xF8, 0x00, 0x03, 0xD0,
    0x00, 0xFB, 0xE0, 0x00, 0x0F, 0x40, 0x03, 0xEF, 0x80, 0x00, 0x3D, 0x00, 0x0F, 0xBF, 0xFF, 0xFF,
    0xF4, 0x00, 0x3E, 0xFF, 0xFF, 0xFF, 0xD0, 0x00, 0xFB, 0xE0, 0x00, 0x0F, 0x40, 0x03, 0xEF, 0x80,
    0x00, 0x3D, 0x00, 0x0F, 0xBE, 0x00, 0x00, 0xF8, 0x00, 0x3E, 0xF8, 0x00, 0x03, 0xE0, 0x00, 0xF7,
    0xE0, 0x00, 0x0B, 0xC0, 0x07, 0xCF, 0x80, 0x00, 0x0F, 0xC0, 0x7F, 0x3E, 0x00, 0x00, 0x2F, 0xFF,
    0xF0, 0xF8, 0x00, 0x00, 0x1B, 0xFE, 0x00, 0x1B, 0xFF, 0x90, 0x3F, 0xFF, 0xFE, 0x0F, 0xC0, 0x1B,
    0xF3, 0xE0, 0x00, 0xBD, 0xF8, 0x00, 0x0F, 0xBE, 0x00, 0x03, 0xFF, 0x80, 0x00, 0xBF, 0xE0, 0x00,
    0x3E, 0xF8, 0x00, 0x0F, 0xBE, 0x00, 0x07, 0xDF, 0x80, 0x03, 0xF3, 0xE0, 0x02, 0xF0, 0xF8, 0x02,
    0xF4, 0x3E, 0x07, 0xF4, 0x0F, 0x9F, 0xE0, 0x03, 0xFF, 0xD0, 0x00, 0xFE, 0x00, 0x00, 0x3E, 0x00,
    0x00, 0x0F, 0x80, 0x00, 0x03, 0xE0, 0x00, 0x00, 0xF8, 0x00, 0x00, 0x3E, 0x00, 0x00, 0x00, 0x00,
    0x70, 0x00, 0x00, 0x01, 0xF0, 0x00, 0x00, 0x02, 0xE0, 0x00, 0x00, 0x02, 0xD0, 0x00, 0x00, 0x02,
    0x40, 0x00, 0x00, 0x00, 0x00, 0x00, 0x00, 0x00, 0x00, 0x3E, 0x00, 0x00, 0x7C, 0xFD, 0x00, 0x01,
    0xF3, 0xFD, 0x00, 0x07, 0xCF, 0xFC, 0x00, 0x1F, 0x3E, 0xFC, 0x00, 0x7C, 0xF8, 0xF8, 0x01, 0xF3,
    0xE0, 0xF4, 0x07, 0xCF, 0x81, 0xF0, 0x1F, 0x3E, 0x02, 0xF0, 0x7C, 0xF8, 0x03, 0xE1, 0xF3, 0xE0,
    0x07, 0xD7, 0xCF, 0x80, 0x0B, 0xDF, 0x3E, 0x00, 0x0F, 0xFC, 0xF8, 0x00, 0x0F, 0xF3, 0xE0, 0x00,
    0x2F, 0xCF, 0x80, 0x00, 0x3F, 0x3E, 0x00, 0x00, 0x7C, 0x03, 0x00, 0x00, 0x1F, 0x00, 0x00, 0x1E,
    0x00, 0x00, 0x2E, 0x00, 0x00, 0x24, 0x00, 0x00, 0x00, 0x00, 0x00, 0x00, 0x1B, 0xFF, 0x80, 0xFF,
    0xFF, 0xD3, 0xD0, 0x1F, 0xCF, 0x40, 0x1F, 0x3D, 0x00, 0x3D, 0xF4, 0x00, 0xF7, 0xD0, 0x03, 0xEF,
    0x40, 0x0F, 0xBD, 0x00, 0x3E, 0xF4, 0x00, 0xFB, 0xD0, 0x03, 0xEF, 0x40, 0x0F, 0xBD, 0x00, 0x3E,
    0x00, 0x00, 0x70, 0x00, 0x00, 0x00, 0xBD, 0x00, 0x00, 0x00, 0xB9, 0x00, 0x00, 0x00, 0x1F, 0x80,
    0x00, 0x00, 0x0D, 0x34, 0x00, 0x00, 0x03, 0x4E, 0x00, 0x00, 0x00, 0xBF, 0x00, 0x00, 0x00, 0x2F,
    0xC0, 0x00, 0x00, 0x0F, 0xF8, 0x00, 0x00, 0x0B, 0xEF, 0x00, 0x00, 0x03, 0xD3, 0xD0, 0x00, 0x01,
    0xF0, 0xBC, 0x00, 0x00, 0xF8, 0x0F, 0x40, 0x00, 0x3C, 0x03, 0xE0, 0x00, 0x2F, 0x00, 0x7C, 0x00,
    0x0F, 0x40, 0x0F, 0x80, 0x07, 0xC0, 0x02, 0xF0, 0x03, 0xFF, 0xFF, 0xFD, 0x00, 0xFF, 0xFF, 0xFF,
    0x80, 0xBC, 0x00, 0x02, 0xF0, 0x3E, 0x00, 0x00, 0x3D, 0x1F, 0x40, 0x00, 0x0F, 0xCB, 0xC0, 0x00,
    0x01, 0xF0, 0x00, 0x09, 0x00, 0x02, 0xF8, 0x00, 0x1D, 0x00, 0x00, 0x2F, 0x00, 0x02, 0x87, 0x00,
    0x0A, 0x1C, 0x00, 0x0B, 0xC0, 0x00, 0x00, 0x00, 0x1B, 0xFE, 0x00, 0x7F, 0xFF, 0x00, 0x40, 0x7F,
    0x00, 0x00, 0x7C, 0x00, 0x00, 0xF0, 0x1F, 0xFF, 0xC3, 0xFF, 0xFF, 0x2F, 0x40, 0x3C, 0xF8, 0x00,
    0xF3, 0xE0, 0x03, 0xCB, 0xD0, 0x0F, 0x0F, 0xFF, 0xFC, 0x0B, 0xFF, 0xE0, 0x00, 0x00, 0x00, 0x02,
    0x40, 0x00, 0x00, 0x00, 0x00, 0x1F, 0x00, 0x00, 0x00, 0x00, 0x01, 0xF0, 0x00, 0x00, 0x00, 0x00,
    0x0F, 0x00, 0x00, 0x00, 0x00, 0x00, 0x20, 0x00, 0x00, 0x00, 0x00, 0x00, 0x00, 0x00, 0x00, 0x00,
    0x00, 0x00, 0x00, 0x00, 0x00, 0x00, 0x02, 0xFF, 0xFF, 0xFC, 0x00, 0x00, 0x1F, 0xFF, 0xFF, 0xF0,
    0x00, 0x00, 0xFB, 0xD0, 0x00, 0x00, 0x00, 0x0F, 0xCF, 0x40, 0x00, 0x00, 0x00, 0x7C, 0x3D, 0x00,
    0x00, 0x00, 0x03, 0xD0, 0xF4, 0x00, 0x00, 0x00, 0x2F, 0x03, 0xD0, 0x00, 0x00, 0x01, 0xF4, 0x0F,
    0xFF, 0xFC, 0x00, 0x0F, 0x80, 0x3F, 0xFF, 0xF0, 0x00, 0xBC, 0x00, 0xF4, 0x00, 0x00, 0x03, 0xD0,
    0x03, 0xD0, 0x00, 0x00, 0x2F, 0xFF, 0xFF, 0x40, 0x00, 0x01, 0xFF, 0xFF, 0xFD, 0x00, 0x00, 0x0F,
    0xC0, 0x00, 0xF4, 0x00, 0x00, 0x7C, 0x00, 0x03, 0xD0, 0x00, 0x03, 0xE0, 0x00, 0x0F, 0xFF, 0xFF,
    0x6F, 0x00, 0x00, 0x3F, 0xFF, 0xFD, 0x00, 0x00, 0x06, 0x00, 0x00, 0x00, 0x00, 0x0F, 0x00, 0x00,
    0x00, 0x00, 0x3D, 0x00, 0x00, 0x00, 0x00, 0xB4, 0x00, 0x00, 0x00, 0x00, 0xA0, 0x00, 0x00, 0x00,
    0x00, 0x00, 0x00, 0x00, 0x00, 0x00, 0x00, 0x00, 0x00, 0x1B, 0xFE, 0x01, 0xFE, 0x40, 0x1F, 0xFF,
    0xCF, 0xFF, 0xE0, 0x04, 0x07, 0xFF, 0x02, 0xF4, 0x00, 0x01, 0xFC, 0x00, 0xB8, 0x00, 0x00, 0xF4,
    0x00, 0x7C, 0x07, 0xFF, 0xFF, 0xFF, 0xFC, 0x3F, 0xFF, 0xFF, 0xFF, 0xFC, 0xBD, 0x00, 0xF4, 0x00,
    0x00, 0xF8, 0x00, 0xF8, 0x00, 0x00, 0xF8, 0x00, 0xBC, 0x00, 0x00, 0xBD, 0x01, 0xFF, 0x40, 0x10,
    0x3F, 0xFF, 0xFF, 0xFF, 0xF0, 0x0B, 0xFE, 0x42, 0xFF, 0xE0, 0x00, 0x00, 0x0C, 0x00, 0x00, 0x00,
    0x0F, 0x40, 0x00, 0x00, 0x0B, 0x40, 0x00, 0x00, 0x0B, 0x80, 0x00, 0x00, 0x01, 0x80, 0x00, 0x00,
    0x00, 0x00, 0x00, 0x00, 0x00, 0x00, 0x00, 0x60, 0x00, 0x6F, 0xF8, 0x3D, 0x01, 0xFF, 0xFF, 0xFE,
    0x01, 0xFD, 0x01, 0xBF, 0x00, 0xFC, 0x00, 0x1F, 0xE0, 0xBC, 0x00, 0x0F, 0xFC, 0x3E, 0x00, 0x0F,
    0x8F, 0x9F, 0x00, 0x0F, 0x83, 0xF7, 0xC0, 0x0B, 0xC0, 0xBE, 0xF0, 0x0B, 0xC0, 0x2F, 0x7C, 0x07,
    0xC0, 0x0B, 0xDF, 0x03, 0xD0, 0x03, 0xF3, 0xE3, 0xE0, 0x00, 0xF8, 0xBF, 0xE0, 0x00, 0xBC, 0x0F,
    0xF0, 0x00, 0x7E, 0x02, 0xFD, 0x01, 0xBF, 0x00, 0xFF, 0xFF, 0xFE, 0x00, 0xB8, 0x6F, 0xF8, 0x00,
    0x08, 0x00, 0x00, 0x00, 0x00, 0x00, 0x01, 0x80, 0x00, 0x01, 0xF0, 0x00, 0x00, 0xF0, 0x00, 0x00,
    0xF0, 0x00, 0x00, 0x24, 0x00, 0x00, 0x00, 0x00, 0x00, 0x00, 0x00, 0x60, 0x06, 0xFE, 0x3C, 0x0B,
    0xFF, 0xFD, 0x0B, 0xE0, 0x3F, 0x03, 0xE0, 0x0F, 0xF1, 0xF0, 0x0F, 0xBC, 0xBC, 0x0F, 0x4F, 0x6E,
    0x0B, 0x43, 0xDB, 0xCB, 0x80, 0xF5, 0xF7, 0xC0, 0x7C, 0x3F, 0xC0, 0x3F, 0x07, 0xE0, 0x2F, 0x42,
    0xFF, 0xFF, 0x41, 0xE6, 0xFE, 0x00, 0x20, 0x00, 0x00, 0x00, 0x01, 0xC0, 0xC0, 0x00, 0x00, 0x78,
    0x7C, 0x00, 0x00, 0x0B, 0x4B, 0x40, 0x00, 0x00, 0xF0, 0xF0, 0x00, 0x00, 0x08, 0x08, 0x00, 0x00,
    0x00, 0x00, 0x00, 0x00, 0x00, 0x00, 0x00, 0x00, 0x00, 0x0F, 0x80, 0x00, 0x00, 0x0B, 0xF0, 0x00,
    0x00, 0x03, 0xFE, 0x00, 0x00, 0x02, 0xFB, 0xC0, 0x00, 0x00, 0xF4, 0xF8, 0x00, 0x00, 0x7C, 0x2F,
    0x00, 0x00, 0x3E, 0x03, 0xD0, 0x00, 0x0F, 0x00, 0xF8, 0x00, 0x0B, 0xC0, 0x1F, 0x00, 0x03, 0xD0,
    0x03, 0xE0, 0x01, 0xF0, 0x00, 0xBC, 0x00, 0xBF, 0xFF, 0xFF, 0x40, 0x3F, 0xFF, 0xFF, 0xE0, 0x1F,
    0x00, 0x00, 0xBC, 0x0F, 0x80, 0x00, 0x0F, 0x43, 0xD0, 0x00, 0x03, 0xF2, 0xF0, 0x00, 0x00, 0x7C,
    0x30, 0x20, 0x01, 0xF0, 0xF0, 0x02, 0xE1, 0xE0, 0x02, 0xD2, 0xD0, 0x02, 0x02, 0x00, 0x00, 0x00,
    0x00, 0x00, 0x00, 0x06, 0xFF, 0x80, 0x1F, 0xFF, 0xC0, 0x10, 0x1F, 0xC0, 0x00, 0x1F, 0x00, 0x00,
    0x3C, 0x07, 0xFF, 0xF0, 0xFF, 0xFF, 0xCB, 0xD0, 0x0F, 0x3E, 0x00, 0x3C, 0xF8, 0x00, 0xF2, 0xF4,
    0x03, 0xC3, 0xFF, 0xFF, 0x02, 0xFF, 0xF8, 0x00, 0x07, 0xE0, 0x00, 0x00, 0x07, 0xFF, 0x00, 0x00,
    0x03, 0xC2, 0xD0, 0x00, 0x00, 0xD0, 0x34, 0x00, 0x00, 0x00, 0x00, 0x00, 0x00, 0x00, 0x00, 0x00,
    0x00, 0x00, 0x3E, 0x00, 0x00, 0x00, 0x2F, 0xC0, 0x00, 0x00, 0x0F, 0xF8, 0x00, 0x00, 0x0B, 0xEF,
    0x00, 0x00, 0x03, 0xD3, 0xE0, 0x00, 0x01, 0xF0, 0xBC, 0x00, 0x00, 0xF8, 0x0F, 0x40, 0x00, 0x3C,
    0x03, 0xE0, 0x00, 0x2F, 0x00, 0x7C, 0x00, 0x0F, 0x40, 0x0F, 0x80, 0x07, 0xC0, 0x02, 0xF0, 0x02,
    0xFF, 0xFF, 0xFD, 0x00, 0xFF, 0xFF, 0xFF, 0x80, 0x7C, 0x00, 0x02, 0xF0, 0x3E, 0x00, 0x00, 0x3D,
    0x0F, 0x40, 0x00, 0x0F, 0xCB, 0xC0, 0x00, 0x01, 0xF0, 0x00, 0xFD, 0x00, 0x0F, 0xFC, 0x00, 0xB4,
    0x78, 0x03, 0xC0, 0xB0, 0x00, 0x00, 0x00, 0x00, 0x00, 0x01, 0xBF, 0xE0, 0x07, 0xFF, 0xF0, 0x04,
    0x07, 0xF0, 0x00, 0x07, 0xC0, 0x00, 0x0F, 0x01, 0xFF, 0xFC, 0x3F, 0xFF, 0xF2, 0xF4, 0x03, 0xCF,
    0x80, 0x0F, 0x3E, 0x00, 0x3C, 0xBD, 0x00, 0xF0, 0xFF, 0xFF, 0xC0, 0xBF, 0xFE, 0x00, 0x28, 0x18,
    0x00, 0x3C, 0x2D, 0x00, 0x0F, 0x0F, 0x00, 0x07, 0x83, 0xC0, 0x02, 0x41, 0x80, 0x00, 0x00, 0x00,
    0x00, 0x00, 0x00, 0xFF, 0xFF, 0xF8, 0xFF, 0xFF, 0xF8, 0xF8, 0x00, 0x00, 0xF8, 0x00, 0x00, 0xF8,
    0x00, 0x00, 0xF8, 0x00, 0x00, 0xF8, 0x00, 0x00, 0xFF, 0xFF, 0xF0, 0xFF, 0xFF, 0xF0, 0xF8, 0x00,
    0x00, 0xF8, 0x00, 0x00, 0xF8, 0x00, 0x00, 0xF8, 0x00, 0x00, 0xF8, 0x00, 0x00, 0xF8, 0x00, 0x00,
    0xFF, 0xFF, 0xFD, 0xFF, 0xFF, 0xFD, 0x18, 0x18, 0x00, 0x2D, 0x2E, 0x00, 0x0F, 0x0F, 0x00, 0x03,
    0xC3, 0xC0, 0x01, 0x81, 0x80, 0x00, 0x00, 0x00, 0x00, 0x00, 0x00, 0x01, 0xBF, 0x80, 0x0B, 0xFF,
    0xF0, 0x2F, 0x41, 0xFC, 0x3D, 0x00, 0x3D, 0x7C, 0x00, 0x3D, 0xBF, 0xFF, 0xFE, 0xBF, 0xFF, 0xFE,
    0xBC, 0x00, 0x00, 0x7C, 0x00, 0x00, 0x3E, 0x00, 0x00, 0x2F, 0x80, 0x14, 0x0B, 0xFF, 0xF8, 0x01,
    0xBF, 0xE4, 0x01, 0xFC, 0x00, 0x03, 0xFF, 0x00, 0x0B, 0x47, 0x80, 0x0E, 0x03, 0x80, 0x00, 0x00,
    0x00, 0x00, 0x00, 0x00, 0xFF, 0xFF, 0xF8, 0xFF, 0xFF, 0xF8, 0xF8, 0x00, 0x00, 0xF8, 0x00, 0x00,
    0xF8, 0x00, 0x00, 0xF8, 0x00, 0x00, 0xF8, 0x00, 0x00, 0xFF, 0xFF, 0xF0, 0xFF, 0xFF, 0xF0, 0xF8,
    0x00, 0x00, 0xF8, 0x00, 0x00, 0xF8, 0x00, 0x00, 0xF8, 0x00, 0x00, 0xF8, 0x00, 0x00, 0xF8, 0x00,
    0x00, 0xFF, 0xFF, 0xFD, 0xFF, 0xFF, 0xFD, 0x00, 0x7E, 0x00, 0x01, 0xFF, 0xC0, 0x03, 0xC2, 0xD0,
    0x03, 0x40, 0xD0, 0x00, 0x00, 0x00, 0x00, 0x00, 0x00, 0x01, 0xBF, 0x80, 0x0B, 0xFF, 0xF0, 0x2F,
    0x41, 0xFC, 0x3D, 0x00, 0x3D, 0x7C, 0x00, 0x3D, 0xBF, 0xFF, 0xFE, 0xBF, 0xFF, 0xFE, 0xBC, 0x00,
    0x00, 0x7C, 0x00, 0x00, 0x3E, 0x00, 0x00, 0x2F, 0x80, 0x14, 0x0B, 0xFF, 0xF8, 0x01, 0xBF, 0xE4,
    0x70, 0x30, 0x1E, 0x1F, 0x02, 0xD2, 0xD0, 0x3C, 0x3C, 0x02, 0x02, 0x00, 0x00, 0x00, 0x00, 0x00,
    0x03, 0xE0, 0x00, 0xF8, 0x00, 0x3E, 0x00, 0x0F, 0x80, 0x03, 0xE0, 0x00, 0xF8, 0x00, 0x3E, 0x00,
    0x0F, 0x80, 0x03, 0xE0, 0x00, 0xF8, 0x00, 0x3E, 0x00, 0x0F, 0x80, 0x03, 0xE0, 0x00, 0xF8, 0x00,
    0x3E, 0x00, 0x0F, 0x80, 0x03, 0xE0, 0x18, 0x18, 0x02, 0xD2, 0xE0, 0x0F, 0x0F, 0x40, 0x3C, 0x3C,
    0x01, 0x80, 0x80, 0x00, 0x00, 0x00, 0x00, 0x00, 0x03, 0xD0, 0x00, 0x3D, 0x00, 0x03, 0xD0, 0x00,
    0x3D, 0x00, 0x03, 0xD0, 0x00, 0x3D, 0x00, 0x03, 0xD0, 0x00, 0x3D, 0x00, 0x03, 0xD0, 0x00, 0x3D,
    0x00, 0x03, 0xD0, 0x00, 0x3D, 0x00, 0x03, 0xD0, 0x1F, 0xC0, 0xFF, 0xCB, 0x47, 0xB8, 0x0E, 0x00,
    0x00, 0x00, 0x00, 0xF8, 0x03, 0xE0, 0x0F, 0x80, 0x3E, 0x00, 0xF8, 0x03, 0xE0, 0x0F, 0x80, 0x3E,
    0x00, 0xF8, 0x03, 0xE0, 0x0F, 0x80, 0x3E, 0x00, 0xF8, 0x03, 0xE0, 0x0F, 0x80, 0x3E, 0x00, 0xF8,
    0x00, 0x07, 0xE0, 0x1F, 0xFC, 0x3C, 0x2D, 0x38, 0x0E, 0x00, 0x00, 0x00, 0x00, 0x03, 0xD0, 0x03,
    0xD0, 0x03, 0xD0, 0x03, 0xD0, 0x03, 0xD0, 0x03, 0xD0, 0x03, 0xD0, 0x03, 0xD0, 0x03, 0xD0, 0x03,
    0xD0, 0x03, 0xD0, 0x03, 0xD0, 0x03, 0xD0, 0x00, 0x80, 0x90, 0x00, 0x00, 0x3C, 0x3C, 0x00, 0x00,
    0x07, 0x87, 0xC0, 0x00, 0x00, 0xB4, 0x78, 0x00, 0x00, 0x08, 0x09, 0x00, 0x00, 0x00, 0x00, 0x00,
    0x00, 0x00, 0x00, 0x00, 0x00, 0x00, 0x6F, 0xF8, 0x00, 0x01, 0xFF, 0xFF, 0xE0, 0x01, 0xFD, 0x01,
    0xBF, 0x00, 0xFC, 0x00, 0x07, 0xE0, 0xBC, 0x00, 0x00, 0xBC, 0x3E, 0x00, 0x00, 0x0F, 0x9F, 0x00,
    0x00, 0x03, 0xF7, 0xC0, 0x00, 0x00, 0xBE, 0xF0, 0x00, 0x00, 0x2F, 0x7C, 0x00, 0x00, 0x0B, 0xDF,
    0x00, 0x00, 0x03, 0xF3, 0xE0, 0x00, 0x00, 0xF8, 0xBC, 0x00, 0x00, 0xBC, 0x0F, 0xC0, 0x00, 0x7E,
    0x01, 0xFD, 0x01, 0xBF, 0x00, 0x1F, 0xFF, 0xFE, 0x00, 0x00, 0x6F, 0xF8, 0x00, 0x18, 0x0C, 0x00,
    0x07, 0x87, 0x80, 0x00, 0xB4, 0xB4, 0x00, 0x0F, 0x0F, 0x00, 0x00, 0x80, 0x80, 0x00, 0x00, 0x00,
    0x00, 0x00, 0x00, 0x00, 0x06, 0xFE, 0x00, 0x0B, 0xFF, 0xF4, 0x0B, 0xE0, 0x2F, 0x43, 0xE0, 0x03,
    0xF1, 0xF0, 0x00, 0x7C, 0xBC, 0x00, 0x0F, 0x6E, 0x00, 0x03, 0xDB, 0xC0, 0x00, 0xF5, 0xF0, 0x00,
    0x7C, 0x3E, 0x00, 0x3F, 0x0B, 0xE0, 0x2F, 0x40, 0xBF, 0xFF, 0x40, 0x06, 0xFE, 0x00, 0x00, 0x02,
    0xF4, 0x00, 0x00, 0x03, 0xFF, 0x40, 0x00, 0x01, 0xE0, 0xF0, 0x00, 0x00, 0xB0, 0x2C, 0x00, 0x00,
    0x00, 0x00, 0x00, 0x00, 0x00, 0x00, 0x00, 0x00, 0x01, 0xBF, 0xE0, 0x00, 0x07, 0xFF, 0xFF, 0x80,
    0x07, 0xF4, 0x06, 0xFC, 0x03, 0xF0, 0x00, 0x1F, 0x82, 0xF0, 0x00, 0x02, 0xF0, 0xF8, 0x00, 0x00,
    0x3E, 0x7C, 0x00, 0x00, 0x0F, 0xDF, 0x00, 0x00, 0x02, 0xFB, 0xC0, 0x00, 0x00, 0xBD, 0xF0, 0x00,
    0x00, 0x2F, 0x7C, 0x00, 0x00, 0x0F, 0xCF, 0x80, 0x00, 0x03, 0xE2, 0xF0, 0x00, 0x02, 0xF0, 0x3F,
    0x00, 0x01, 0xF8, 0x07, 0xF4, 0x06, 0xFC, 0x00, 0x7F, 0xFF, 0xF8, 0x00, 0x01, 0xBF, 0xE0, 0x00,
    0x00, 0x7F, 0x00, 0x00, 0x7F, 0xF0, 0x00, 0x3D, 0x1E, 0x00, 0x0E, 0x03, 0x80, 0x00, 0x00, 0x00,
    0x00, 0x00, 0x00, 0x00, 0x1B, 0xF8, 0x00, 0x2F, 0xFF, 0xD0, 0x2F, 0x80, 0xBD, 0x0F, 0x80, 0x0F,
    0xC7, 0xC0, 0x01, 0xF2, 0xF0, 0x00, 0x3D, 0xB8, 0x00, 0x0F, 0x6F, 0x00, 0x03, 0xD7, 0xC0, 0x01,
    0xF0, 0xF8, 0x00, 0xFC, 0x2F, 0x80, 0xBD, 0x02, 0xFF, 0xFD, 0x00, 0x1B, 0xF8, 0x00, 0x60, 0x30,
    0x00, 0x0B, 0x87, 0x80, 0x00, 0x2D, 0x2D, 0x00, 0x00, 0xF0, 0xF0, 0x00, 0x02, 0x02, 0x00, 0x00,
    0x00, 0x00, 0x00, 0x00, 0x00, 0x00, 0x0B, 0xFF, 0xF8, 0x00, 0xFF, 0xFF, 0xF8, 0x0F, 0x80, 0x1F,
    0xD0, 0xF8, 0x00, 0x3F, 0x0F, 0x80, 0x01, 0xF0, 0xF8, 0x00, 0x1F, 0x0F, 0x80, 0x02, 0xF0, 0xF8,
    0x01, 0xBD, 0x0F, 0xFF, 0xFF, 0x80, 0xFF, 0xFF, 0xC0, 0x0F, 0x80, 0xBD, 0x00, 0xF8, 0x03, 0xF0,
    0x0F, 0x80, 0x0F, 0x80, 0xF8, 0x00, 0x7D, 0x0F, 0x80, 0x03, 0xF0, 0xF8, 0x00, 0x0F, 0x8F, 0x80,
    0x00, 0xBC, 0x24, 0x24, 0x03, 0xC3, 0xC0, 0x1E, 0x0F, 0x00, 0xB4, 0x78, 0x02, 0x42, 0x40, 0x00,
    0x00, 0x00, 0x00, 0x00, 0x6F, 0xFC, 0x0F, 0xFF, 0xC0, 0xF4, 0x00, 0x0F, 0x40, 0x00, 0xF4, 0x00,
    0x0F, 0x40, 0x00, 0xF4, 0x00, 0x0F, 0x40, 0x00, 0xF4, 0x00, 0x0F, 0x40, 0x00, 0xF4, 0x00, 0x0F,
    0x40, 0x00, 0xF4, 0x00, 0x01, 0xFC, 0x00, 0x00, 0x7F, 0xF0, 0x00, 0x0F, 0x47, 0x40, 0x00, 0xE0,
    0x38, 0x00, 0x00, 0x00, 0x00, 0x00, 0x00, 0x00, 0x00, 0xBF, 0xFF, 0x80, 0x0F, 0xFF, 0xFF, 0x80,
    0xF8, 0x01, 0xFD, 0x0F, 0x80, 0x03, 0xF0, 0xF8, 0x00, 0x1F, 0x0F, 0x80, 0x01, 0xF0, 0xF8, 0x00,
    0x2F, 0x0F, 0x80, 0x1B, 0xD0, 0xFF, 0xFF, 0xF8, 0x0F, 0xFF, 0xFC, 0x00, 0xF8, 0x0B, 0xD0, 0x0F,
    0x80, 0x3F, 0x00, 0xF8, 0x00, 0xF8, 0x0F, 0x80, 0x07, 0xD0, 0xF8, 0x00, 0x3F, 0x0F, 0x80, 0x00,
    0xF8, 0xF8, 0x00, 0x0B, 0xC0, 0x0B, 0xD0, 0x3F, 0xF4, 0x78, 0x3C, 0xB0, 0x2C, 0x00, 0x00, 0x00,
    0x00, 0x6F, 0xFC, 0xFF, 0xFC, 0xF4, 0x00, 0xF4, 0x00, 0xF4, 0x00, 0xF4, 0x00, 0xF4, 0x00, 0xF4,
    0x00, 0xF4, 0x00, 0xF4, 0x00, 0xF4, 0x00, 0xF4, 0x00, 0xF4, 0x00, 0x0C, 0x08, 0x00, 0x01, 0xF0,
    0xF0, 0x00, 0x0B, 0x87, 0x80, 0x00, 0x2D, 0x2D, 0x00, 0x00, 0x80, 0x80, 0x00, 0x00, 0x00, 0x00,
    0x00, 0x00, 0x00, 0x0F, 0x40, 0x00, 0x7C, 0xF4, 0x00, 0x07, 0xCF, 0x40, 0x00, 0x7C, 0xF4, 0x00,
    0x07, 0xCF, 0x40, 0x00, 0x7C, 0xF4, 0x00, 0x07, 0xCF, 0x40, 0x00, 0x7C, 0xF4, 0x00, 0x07, 0xCF,
    0x40, 0x00, 0x7C, 0xF4, 0x00, 0x07, 0xCF, 0x40, 0x00, 0x7C, 0xF8, 0x00, 0x07, 0xCB, 0xC0, 0x00,
    0xBC, 0x7D, 0x00, 0x0F, 0x83, 0xF4, 0x07, 0xF0, 0x0F, 0xFF, 0xFC, 0x00, 0x1B, 0xFD, 0x00, 0x18,
    0x18, 0x00, 0x3D, 0x2D, 0x00, 0x0F, 0x0F, 0x00, 0x03, 0xC3, 0xC0, 0x01, 0x81, 0x80, 0x00, 0x00,
    0x00, 0x00, 0x00, 0x00, 0x3C, 0x00, 0x3D, 0x3C, 0x00, 0x3D, 0x3C, 0x00, 0x3D, 0x3C, 0x00, 0x3D,
    0x3C, 0x00, 0x3D, 0x3C, 0x00, 0x3D, 0x3C, 0x00, 0x3D, 0x3C, 0x00, 0x3D, 0x3D, 0x00, 0x3D, 0x3E,
    0x00, 0x3D, 0x1F, 0x80, 0x3D, 0x0F, 0xFF, 0xFD, 0x01, 0xFF, 0xE8, 0x00, 0x3F, 0x40, 0x00, 0x0F,
    0xFD, 0x00, 0x02, 0xD1, 0xE0, 0x00, 0x2C, 0x0B, 0x00, 0x00, 0x00, 0x00, 0x00, 0x00, 0x00, 0x00,
    0xF4, 0x00, 0x07, 0xCF, 0x40, 0x00, 0x7C, 0xF4, 0x00, 0x07, 0xCF, 0x40, 0x00, 0x7C, 0xF4, 0x00,
    0x07, 0xCF, 0x40, 0x00, 0x7C, 0xF4, 0x00, 0x07, 0xCF, 0x40, 0x00, 0x7C, 0xF4, 0x00, 0x07, 0xCF,
    0x40, 0x00, 0x7C, 0xF4, 0x00, 0x07, 0xCF, 0x80, 0x00, 0x7C, 0xBC, 0x00, 0x0B, 0xC7, 0xD0, 0x00,
    0xF8, 0x3F, 0x40, 0x7F, 0x00, 0xFF, 0xFF, 0xC0, 0x01, 0xBF, 0xD0, 0x00, 0x00, 0x7E, 0x00, 0x02,
    0xFF, 0xC0, 0x03, 0xC2, 0xC0, 0x03, 0x40, 0xD0, 0x00, 0x00, 0x00, 0x00, 0x00, 0x00, 0x3C, 0x00,
    0x3D, 0x3C, 0x00, 0x3D, 0x3C, 0x00, 0x3D, 0x3C, 0x00, 0x3D, 0x3C, 0x00, 0x3D, 0x3C, 0x00, 0x3D,
    0x3C, 0x00, 0x3D, 0x3C, 0x00, 0x3D, 0x3D, 0x00, 0x3D, 0x3E, 0x00, 0x3D, 0x1F, 0x80, 0x3D, 0x0F,
    0xFF, 0xFD, 0x01, 0xFF, 0xE8, 0x01, 0xBF, 0xE4, 0x02, 0xFF, 0xFF, 0x81, 0xF8, 0x01, 0x80, 0xBC,
    0x00, 0x00, 0x2F, 0x00, 0x00, 0x07, 0xE0, 0x00, 0x00, 0xBF, 0x00, 0x00, 0x07, 0xF8, 0x00, 0x00,
    0x1F, 0xD0, 0x00, 0x00, 0xBF, 0x00, 0x00, 0x07, 0xF0, 0x00, 0x00, 0x7D, 0x00, 0x00, 0x0F, 0x80,
    0x00, 0x07, 0xD2, 0x90, 0x07, 0xF0, 0xFF, 0xFF, 0xF4, 0x06, 0xFF, 0xE0, 0x00, 0x00, 0x00, 0x00,
    0x02, 0xF0, 0x00, 0x03, 0xF8, 0x00, 0x00, 0xF8, 0x00, 0x00, 0x0B, 0xFE, 0x03, 0xFF, 0xF4, 0xBD,
    0x01, 0x0F, 0x80, 0x00, 0xBC, 0x00, 0x03, 0xF9, 0x00, 0x0B, 0xFD, 0x00, 0x07, 0xF4, 0x00, 0x0B,
    0xC0, 0x00, 0x3C, 0x50, 0x0B, 0xCF, 0xFF, 0xF4, 0x6F, 0xF9, 0x00, 0x00, 0x00, 0x03, 0xD0, 0x01,
    0xFD, 0x00, 0x1F, 0x40, 0x00, 0xBF, 0xFF, 0xFF, 0xEB, 0xFF, 0xFF, 0xFE, 0x00, 0x0F, 0x40, 0x00,
    0x00, 0xF4, 0x00, 0x00, 0x0F, 0x40, 0x00, 0x00, 0xF4, 0x00, 0x00, 0x0F, 0x40, 0x00, 0x00, 0xF4,
    0x00, 0x00, 0x0F, 0x40, 0x00, 0x00, 0xF4, 0x00, 0x00, 0x0F, 0x40, 0x00, 0x00, 0xF4, 0x00, 0x00,
    0x0F, 0x40, 0x00, 0x00, 0xF4, 0x00, 0x00, 0x0F, 0x40, 0x00, 0x00, 0xF4, 0x00, 0x00, 0x0F, 0x40,
    0x00, 0x00, 0x00, 0x00, 0x00, 0x0F, 0x00, 0x00, 0x0B, 0xF0, 0x00, 0x00, 0xBD, 0x00, 0x00, 0x2C,
    0x00, 0x0F, 0x00, 0x03, 0xC0, 0x00, 0xF0, 0x00, 0x3F, 0xFF, 0x0F, 0xFF, 0xC3, 0xC0, 0x00, 0xF0,
    0x00, 0x3C, 0x00, 0x0F, 0x00, 0x03, 0xC0, 0x00, 0xF0, 0x00, 0x3C, 0x00, 0x0F, 0x40, 0x03, 0xF0,
    0x10, 0x7F, 0xFD, 0x06, 0xFE, 0x00, 0x00, 0x00, 0x1F, 0x00, 0x3F, 0x80, 0x0F, 0x80, 0x00, 0x1B,
    0xFE, 0x40, 0x1F, 0xFF, 0xFC, 0x02, 0x40, 0x2F, 0x80, 0x00, 0x02, 0xF0, 0x00, 0x00, 0x7C, 0x00,
    0x00, 0x0F, 0x40, 0x00, 0x07, 0xC0, 0x00, 0x03, 0xE0, 0x00, 0x0B, 0xF0, 0x00, 0xFF, 0xE0, 0x00,
    0x3F, 0xFD, 0x00, 0x00, 0x1F, 0xE0, 0x00, 0x00, 0xBD, 0x00, 0x00, 0x0F, 0xC0, 0x00, 0x02, 0xF0,
    0x00, 0x00, 0xBC, 0x00, 0x00, 0x2F, 0x00, 0x00, 0x0F, 0x80, 0x00, 0x0F, 0xC0, 0x00, 0x6F, 0xD0,
    0x7F, 0xFF, 0x80, 0x1F, 0xF9, 0x00, 0x00, 0x6F, 0xF8, 0x0B, 0xFF, 0xF4, 0x10, 0x1F, 0xC0, 0x00,
    0x7C, 0x00, 0x03, 0xC0, 0x00, 0x7C, 0x00, 0x2F, 0x40, 0x7F, 0xC0, 0x07, 0xFF, 0x00, 0x01, 0xFC,
    0x00, 0x03, 0xE0, 0x00, 0x2F, 0x00, 0x02, 0xE0, 0x00, 0x3E, 0x00, 0x0F, 0xC0, 0x1B, 0xF4, 0xBF,
    0xFC, 0x0B, 0xE8, 0x00, 0x00, 0x80, 0x20, 0x00, 0x1E, 0x0F, 0x00, 0x00, 0x77, 0xC0, 0x00, 0x02,
    0xF0, 0x00, 0x00, 0x09, 0x00, 0x00, 0x00, 0x00, 0x00, 0x00, 0x00, 0x00, 0x0F, 0x80, 0x00, 0x3D,
    0xF8, 0x00, 0x03, 0xDF, 0x80, 0x00, 0x3D, 0xF8, 0x00, 0x03, 0xDF, 0x80, 0x00, 0x3D, 0xF8, 0x00,
    0x03, 0xDF, 0x80, 0x00, 0x3D, 0xFF, 0xFF, 0xFF, 0xDF, 0xFF, 0xFF, 0xFD, 0xF8, 0x00, 0x03, 0xDF,
    0x80, 0x00, 0x3D, 0xF8, 0x00, 0x03, 0xDF, 0x80, 0x00, 0x3D, 0xF8, 0x00, 0x03, 0xDF, 0x80, 0x00,
    0x3D, 0xF8, 0x00, 0x03, 0xDF, 0x80, 0x00, 0x3D, 0x20, 0x20, 0x00, 0x7D, 0xF0, 0x00, 0x1F, 0xC0,
    0x00, 0x03, 0x00, 0x00, 0x00, 0x00, 0x00, 0x00, 0x00, 0x00, 0x2D, 0x00, 0x00, 0x3D, 0x00, 0x00,
    0x3D, 0x00, 0x00, 0x3D, 0x00, 0x00, 0x3D, 0x00, 0x00, 0x3D, 0x00, 0x00, 0x3E, 0xFF, 0x80, 0x3F,
    0xFF, 0xF4, 0x3E, 0x01, 0xFC, 0x3D, 0x00, 0x7C, 0x3D, 0x00, 0x3D, 0x3D, 0x00, 0x3D, 0x3D, 0x00,
    0x3E, 0x3D, 0x00, 0x3E, 0x3D, 0x00, 0x3E, 0x3D, 0x00, 0x3E, 0x3D, 0x00, 0x3E, 0x3D, 0x00, 0x3E,
    0x3D, 0x00, 0x3E, 0x00, 0x00, 0xF8, 0x00, 0xB4, 0x00, 0xB4, 0x00, 0xB4, 0x03, 0xE0, 0xB8, 0x2D,
    0x0B, 0x40, 0x02, 0xF0, 0x01, 0xEF, 0x00, 0xE1, 0xE0, 0xE0, 0x1E, 0x2F, 0x80, 0xC7, 0x5F, 0xFC,
    0xA0, 0x2F, 0x00, 0x6A, 0xA9, 0xBF, 0xFE, 0x50, 0x05, 0xB0, 0x0E, 0x3F, 0xFC, 0x0B, 0xE0, 0x28,
    0x7D, 0x3C, 0x00, 0x00, 0xB4, 0x1E, 0xB4, 0x1D, 0x2F, 0x8A, 0x0D, 0xD0, 0xAA, 0x0D, 0x2F, 0x80,
    0x03, 0xD0, 0xF0, 0x1E, 0x0F, 0x40, 0xE0, 0xB4, 0x0E, 0x07, 0x40, 0x3C, 0x03, 0xC3, 0xC3, 0xC0,
    0x3F, 0xC0, 0x07, 0xD0, 0x0B, 0xD0, 0x3F, 0xF4, 0x78, 0x3C, 0xB0, 0x2C, 0x0E, 0x1D, 0x3D, 0x3C,
    0xBC, 0xF8, 0x50, 0x2D, 0x3C, 0x38, 0x70, 0x0D, 0x01, 0xE4, 0x02, 0xC0, 0x2C, 0xBF, 0xCB, 0xE0,
    0x01, 0x00, 0xB0, 0x1C, 0x03, 0x80, 0x38, 0x03, 0xFC, 0x0F, 0xC0, 0x01, 0xC0, 0x00, 0x02, 0xE0,
    0x00, 0x00, 0xB4, 0x00, 0x00, 0x3D, 0x00, 0x00, 0x08, 0x00, 0x00, 0x00, 0x00, 0x00, 0x00, 0x00,
    0xFF, 0xFF, 0xF8, 0xFF, 0xFF, 0xF8, 0xF8, 0x00, 0x00, 0xF8, 0x00, 0x00, 0xF8, 0x00, 0x00, 0xF8,
    0x00, 0x00, 0xF8, 0x00, 0x00, 0xFF, 0xFF, 0xF0, 0xFF, 0xFF, 0xF0, 0xF8, 0x00, 0x00, 0xF8, 0x00,
    0x00, 0xF8, 0x00, 0x00, 0xF8, 0x00, 0x00, 0xF8, 0x00, 0x00, 0xF8, 0x00, 0x00, 0xFF, 0xFF, 0xFD,
    0xFF, 0xFF, 0xFD, 0x0F, 0x07, 0x80, 0x1F, 0x4B, 0xC0, 0x0F, 0x07, 0x80, 0x00, 0x00, 0x00, 0x00,
    0x00, 0x00, 0xFF, 0xFF, 0xF8, 0xFF, 0xFF, 0xF8, 0xF8, 0x00, 0x00, 0xF8, 0x00, 0x00, 0xF8, 0x00,
    0x00, 0xF8, 0x00, 0x00, 0xF8, 0x00, 0x00, 0xFF, 0xFF, 0xF0, 0xFF, 0xFF, 0xF0, 0xF8, 0x00, 0x00,
    0xF8, 0x00, 0x00, 0xF8, 0x00, 0x00, 0xF8, 0x00, 0x00, 0xF8, 0x00, 0x00, 0xF8, 0x00, 0x00, 0xFF,
    0xFF, 0xFD, 0xFF, 0xFF, 0xFD, 0xBF, 0xFF, 0xFF, 0xF0, 0x0B, 0xFF, 0xFF, 0xFF, 0x00, 0x00, 0x2F,
    0x00, 0x00, 0x00, 0x02, 0xF0, 0x00, 0x00, 0x00, 0x2F, 0x00, 0x00, 0x00, 0x02, 0xF0, 0x00, 0x00,
    0x00, 0x2F, 0xBF, 0xE4, 0x00, 0x02, 0xFF, 0xFF, 0xF0, 0x00, 0x2F, 0x00, 0x2F, 0xC0, 0x02, 0xF0,
    0x00, 0x7D, 0x00, 0x2F, 0x00, 0x03, 0xE0, 0x02, 0xF0, 0x00, 0x2F, 0x00, 0x2F, 0x00, 0x03, 0xF0,
    0x02, 0xF0, 0x00, 0x3E, 0x00, 0x2F, 0x00, 0x0F, 0xC0, 0x02, 0xF0, 0x2F, 0xF4, 0x00, 0x2F, 0x02,
    0xF9, 0x00, 0x00, 0x09, 0x00, 0x00, 0x7C, 0x00, 0x07, 0xC0, 0x00, 0x3C, 0x00, 0x00, 0x80, 0x00,
    0x00, 0x00, 0x00, 0x00, 0x00, 0x3F, 0xFF, 0xFD, 0xFF, 0xFF, 0xF7, 0xE0, 0x00, 0x0F, 0x80, 0x00,
    0x3E, 0x00, 0x00, 0xF8, 0x00, 0x03, 0xE0, 0x00, 0x0F, 0x80, 0x00, 0x3E, 0x00, 0x00, 0xF8, 0x00,
    0x03, 0xE0, 0x00, 0x0F, 0x80, 0x00, 0x3E, 0x00, 0x00, 0xF8, 0x00, 0x03, 0xE0, 0x00, 0x0F, 0x80,
    0x00, 0x3E, 0x00, 0x00, 0x00, 0x1F, 0xFE, 0x40, 0x1F, 0xFF, 0xFE, 0x07, 0xF4, 0x01, 0x91, 0xF8,
    0x00, 0x00, 0x3F, 0x00, 0x00, 0x03, 0xD0, 0x00, 0x00, 0x7C, 0x00, 0x00, 0x07, 0xFF, 0xFF, 0x80,
    0xBF, 0xFF, 0xF8, 0x07, 0xC0, 0x00, 0x00, 0x7D, 0x00, 0x00, 0x03, 0xE0, 0x00, 0x00, 0x3F, 0x00,
    0x00, 0x01, 0xFC, 0x00, 0x00, 0x0B, 0xF4, 0x01, 0x90, 0x1F, 0xFF, 0xFE, 0x00, 0x1F, 0xFE, 0x40,
    0x01, 0xBF, 0xE4, 0x02, 0xFF, 0xFF, 0x81, 0xF8, 0x01, 0x80, 0xBC, 0x00, 0x00, 0x2F, 0x00, 0x00,
    0x07, 0xE0, 0x00, 0x00, 0xBF, 0x00, 0x00, 0x07, 0xF8, 0x00, 0x00, 0x1F, 0xD0, 0x00, 0x00, 0xBF,
    0x00, 0x00, 0x07, 0xF0, 0x00, 0x00, 0x7D, 0x00, 0x00, 0x0F, 0x80, 0x00, 0x07, 0xD2, 0x90, 0x07,
    0xF0, 0xFF, 0xFF, 0xF4, 0x06, 0xFF, 0xE0, 0x00, 0xFB, 0xEF, 0xBE, 0xFB, 0xEF, 0xBE, 0xFB, 0xEF,
    0xBE, 0xFB, 0xEF, 0xBE, 0xF8, 0x3C, 0x1E, 0x1F, 0x4B, 0xC3, 0xC1, 0xE0, 0x00, 0x00, 0x00, 0x00,
    0x00, 0xF8, 0x00, 0x3E, 0x00, 0x0F, 0x80, 0x03, 0xE0, 0x00, 0xF8, 0x00, 0x3E, 0x00, 0x0F, 0x80,
    0x03, 0xE0, 0x00, 0xF8, 0x00, 0x3E, 0x00, 0x0F, 0x80, 0x03, 0xE0, 0x00, 0xF8, 0x00, 0x3E, 0x00,
    0x0F, 0x80, 0x03, 0xE0, 0x00, 0xF8, 0x00, 0x00, 0x00, 0xF4, 0x00, 0x03, 0xD0, 0x00, 0x0F, 0x40,
    0x00, 0x3D, 0x00, 0x00, 0xF4, 0x00, 0x03, 0xD0, 0x00, 0x0F, 0x40, 0x00, 0x3D, 0x00, 0x00, 0xF4,
    0x00, 0x03, 0xD0, 0x00, 0x0F, 0x40, 0x00, 0x3D, 0x00, 0x00, 0xF4, 0x00, 0x07, 0xC3, 0x40, 0x7F,
    0x2F, 0xFF, 0xF0, 0x1B, 0xFE, 0x00, 0x00, 0x1F, 0xFF, 0xFE, 0x00, 0x00, 0x00, 0x01, 0xFF, 0xFF,
    0xE0, 0x00, 0x00, 0x00, 0x1F, 0x00, 0x3E, 0x00, 0x00, 0x00, 0x01, 0xF0, 0x03, 0xE0, 0x00, 0x00,
    0x00, 0x1F, 0x00, 0x3E, 0x00, 0x00, 0x00, 0x01, 0xF0, 0x03, 0xE0, 0x00, 0x00, 0x00, 0x2F, 0x00,
    0x3F, 0xFF, 0x90, 0x00, 0x02, 0xF0, 0x03, 0xFF, 0xFF, 0xD0, 0x00, 0x2E, 0x00, 0x3E, 0x00, 0x7F,
    0x40, 0x03, 0xE0, 0x03, 0xE0, 0x00, 0xFC, 0x00, 0x3D, 0x00, 0x3E, 0x00, 0x0B, 0xC0, 0x07, 0xC0,
    0x03, 0xE0, 0x00, 0x7C, 0x00, 0xF8, 0x00, 0x3E, 0x00, 0x0B, 0xC0, 0x2F, 0x00, 0x03, 0xE0, 0x00,
    0xFC, 0x0B, 0xE0, 0x00, 0x3E, 0x00, 0x7F, 0x4B, 0xF8, 0x00, 0x03, 0xFF, 0xFF, 0xD0, 0x7D, 0x00,
    0x00, 0x2F, 0xFF, 0x90, 0x00, 0x00, 0x00, 0x00, 0x00, 0x00, 0x00, 0xF8, 0x00, 0x07, 0xC0, 0x00,
    0x03, 0xE0, 0x00, 0x1F, 0x00, 0x00, 0x0F, 0x80, 0x00, 0x7C, 0x00, 0x00, 0x3E, 0x00, 0x01, 0xF0,
    0x00, 0x00, 0xF8, 0x00, 0x07, 0xC0, 0x00, 0x03, 0xE0, 0x00, 0x1F, 0x00, 0x00, 0x0F, 0xFF, 0xFF,
    0xFF, 0xFF, 0x90, 0x3F, 0xFF, 0xFF, 0xFF, 0xFF, 0xF0, 0xF8, 0x00, 0x07, 0xC0, 0x1B, 0xF3, 0xE0,
    0x00, 0x1F, 0x00, 0x07, 0xDF, 0x80, 0x00, 0x7C, 0x00, 0x0F, 0xBE, 0x00, 0x01, 0xF0, 0x00, 0x3E,
    0xF8, 0x00, 0x07, 0xC0, 0x00, 0xFB, 0xE0, 0x00, 0x1F, 0x00, 0x07, 0xDF, 0x80, 0x00, 0x7C, 0x01,
    0xBF, 0x3E, 0x00, 0x01, 0xFF, 0xFF, 0xE0, 0xF8, 0x00, 0x02, 0xFF, 0xF8, 0x00, 0xBF, 0xFF, 0xFF,
    0xF0, 0x0B, 0xFF, 0xFF, 0xFF, 0x00, 0x00, 0x2F, 0x00, 0x00, 0x00, 0x02, 0xF0, 0x00, 0x00, 0x00,
    0x2F, 0x00, 0x00, 0x00, 0x02, 0xF0, 0x00, 0x00, 0x00, 0x2F, 0xBF, 0xE4, 0x00, 0x02, 0xFF, 0xFF,
    0xE0, 0x00, 0x2F, 0x00, 0x2F, 0x40, 0x02, 0xF0, 0x00, 0xFC, 0x00, 0x2F, 0x00, 0x0B, 0xC0, 0x02,
    0xF0, 0x00, 0x7C, 0x00, 0x2F, 0x00, 0x07, 0xC0, 0x02, 0xF0, 0x00, 0x7C, 0x00, 0x2F, 0x00, 0x07,
    0xC0, 0x02, 0xF0, 0x00, 0x7C, 0x00, 0x2F, 0x00, 0x07, 0xC0, 0x00, 0x02, 0x40, 0x00, 0x00, 0xB8,
    0x00, 0x00, 0x1F, 0x00, 0x00, 0x03, 0xC0, 0x00, 0x00, 0x30, 0x00, 0x00, 0x00, 0x00, 0x00, 0x00,
    0x00, 0x00, 0x0F, 0x80, 0x02, 0xF4, 0xF8, 0x00, 0xBD, 0x0F, 0x80, 0x2F, 0x40, 0xF8, 0x0B, 0xD0,
    0x0F, 0x82, 0xF4, 0x00, 0xF8, 0xBD, 0x00, 0x0F, 0xAF, 0x40, 0x00, 0xFF, 0xD0, 0x00, 0x0F, 0xFF,
    0x40, 0x00, 0xFA, 0xFD, 0x00, 0x0F, 0x87, 0xF4, 0x00, 0xF8, 0x1F, 0xD0, 0x0F, 0x80, 0x3F, 0x40,
    0xF8, 0x00, 0xFC, 0x0F, 0x80, 0x03, 0xF0, 0xF8, 0x00, 0x1F, 0x8F, 0x80, 0x00, 0xBD, 0x00, 0x70,
    0x00, 0x00, 0x01, 0xF0, 0x00, 0x00, 0x02, 0xE0, 0x00, 0x00, 0x02, 0xD0, 0x00, 0x00, 0x02, 0x40,
    0x00, 0x00, 0x00, 0x00, 0x00, 0x00, 0x00, 0x00, 0x3E, 0x00, 0x00, 0x7C, 0xF8, 0x00, 0x03, 0xF3,
    0xE0, 0x00, 0x3F, 0xCF, 0x80, 0x03, 0xFF, 0x3E, 0x00, 0x2F, 0x7C, 0xF8, 0x01, 0xF1, 0xF3, 0xE0,
    0x0F, 0x47, 0xCF, 0x80, 0xF8, 0x1F, 0x3E, 0x0B, 0xC0, 0x7C, 0xF8, 0x7C, 0x01, 0xF3, 0xE3, 0xE0,
    0x07, 0xCF, 0xBF, 0x00, 0x1F, 0x3F, 0xF0, 0x00, 0x7C, 0xFF, 0x40, 0x01, 0xF3, 0xFC, 0x00, 0x07,
    0xCF, 0xC0, 0x00, 0x1F, 0x3D, 0x00, 0x00, 0x7C, 0x00, 0xF0, 0x2D, 0x00, 0x02, 0xE0, 0xF0, 0x00,
    0x03, 0xFF, 0x40, 0x00, 0x07, 0xF8, 0x00, 0x00, 0x00, 0x00, 0x00, 0x00, 0x00, 0x00, 0x03, 0xD0,
    0x00, 0x1F, 0x4B, 0xC0, 0x00, 0xBC, 0x1F, 0x40, 0x03, 0xE0, 0x3F, 0x00, 0x1F, 0x00, 0x7D, 0x00,
    0xBC, 0x00, 0xFC, 0x03, 0xD0, 0x01, 0xF4, 0x1F, 0x00, 0x02, 0xF0, 0xF8, 0x00, 0x03, 0xD3, 0xC0,
    0x00, 0x0B, 0xEF, 0x00, 0x00, 0x0F, 0xF4, 0x00, 0x00, 0x1F, 0xC0, 0x00, 0x00, 0x3D, 0x00, 0x00,
    0x02, 0xF0, 0x00, 0x00, 0x2F, 0x40, 0x00, 0xBF, 0xF4, 0x00, 0x02, 0xFE, 0x00, 0x00, 0x00, 0xF8,
    0x00, 0x03, 0xDF, 0x80, 0x00, 0x3D, 0xF8, 0x00, 0x03, 0xDF, 0x80, 0x00, 0x3D, 0xF8, 0x00, 0x03,
    0xDF, 0x80, 0x00, 0x3D, 0xF8, 0x00, 0x03, 0xDF, 0x80, 0x00, 0x3D, 0xF8, 0x00, 0x03, 0xDF, 0x80,
    0x00, 0x3D, 0xF8, 0x00, 0x03, 0xDF, 0x80, 0x00, 0x3D, 0xF8, 0x00, 0x03, 0xDF, 0x80, 0x00, 0x3D,
    0xF8, 0x00, 0x03, 0xDF, 0xFF, 0xFF, 0xFD, 0xFF, 0xFF, 0xFF, 0xD0, 0x01, 0xF0, 0x00, 0x00, 0x1F,
    0x00, 0x00, 0x01, 0xF0, 0x00, 0x00, 0x1F, 0x00, 0x00, 0x01, 0xF0, 0x00, 0x00, 0x03, 0xE0, 0x00,
    0x00, 0x02, 0xFC, 0x00, 0x00, 0x00, 0xFF, 0x80, 0x00, 0x00, 0xBE, 0xF0, 0x00, 0x00, 0x3D, 0x3E,
    0x00, 0x00, 0x1F, 0x0B, 0xC0, 0x00, 0x0F, 0x80, 0xF4, 0x00, 0x03, 0xC0, 0x3E, 0x00, 0x02, 0xF0,
    0x07, 0xC0, 0x00, 0xF4, 0x00, 0xF8, 0x00, 0x7C, 0x00, 0x2F, 0x00, 0x2F, 0xFF, 0xFF, 0xD0, 0x0F,
    0xFF, 0xFF, 0xF8, 0x07, 0xC0, 0x00, 0x2F, 0x03, 0xE0, 0x00, 0x03, 0xD0, 0xF4, 0x00, 0x00, 0xFC,
    0xBC, 0x00, 0x00, 0x1F, 0x00, 0xFF, 0xFF, 0xFC, 0x3F, 0xFF, 0xFF, 0x0F, 0x80, 0x00, 0x03, 0xE0,
    0x00, 0x00, 0xF8, 0x00, 0x00, 0x3E, 0x00, 0x00, 0x0F, 0xFF, 0xF8, 0x03, 0xFF, 0xFF, 0xE0, 0xF8,
    0x01, 0xFE, 0x3E, 0x00, 0x0B, 0xCF, 0x80, 0x00, 0xF7, 0xE0, 0x00, 0x3D, 0xF8, 0x00, 0x0F, 0x7E,
    0x00, 0x0B, 0xCF, 0x80, 0x1F, 0xE3, 0xFF, 0xFF, 0xE0, 0xBF, 0xFF, 0x80, 0x00, 0xBF, 0xFF, 0x80,
    0x3F, 0xFF, 0xFE, 0x0F, 0x80, 0x1F, 0xD3, 0xE0, 0x00, 0xFC, 0xF8, 0x00, 0x2F, 0x3E, 0x00, 0x0F,
    0x8F, 0x80, 0x1B, 0xC3, 0xFF, 0xFF, 0xC0, 0xFF, 0xFF, 0xFC, 0x3E, 0x00, 0x1F, 0xCF, 0x80, 0x00,
    0xFB, 0xE0, 0x00, 0x3E, 0xF8, 0x00, 0x0F, 0xBE, 0x00, 0x03, 0xEF, 0x80, 0x1B, 0xF3, 0xFF, 0xFF,
    0xF0, 0xBF, 0xFF, 0x90, 0x00, 0xFF, 0xFF, 0xF7, 0xFF, 0xFF, 0xDF, 0x80, 0x00, 0x3E, 0x00, 0x00,
    0xF8, 0x00, 0x03, 0xE0, 0x00, 0x0F, 0x80, 0x00, 0x3E, 0x00, 0x00, 0xF8, 0x00, 0x03, 0xE0, 0x00,
    0x0F, 0x80, 0x00, 0x3E, 0x00, 0x00, 0xF8, 0x00, 0x03, 0xE0, 0x00, 0x0F, 0x80, 0x00, 0x3E, 0x00,
    0x00, 0xF8, 0x00, 0x00, 0x00, 0x1F, 0xFF, 0xFD, 0x00, 0x01, 0xFF, 0xFF, 0xD0, 0x00, 0x1F, 0x00,
    0x3D, 0x00, 0x01, 0xF0, 0x03, 0xD0, 0x00, 0x1F, 0x00, 0x3D, 0x00, 0x02, 0xF0, 0x03, 0xD0, 0x00,
    0x2E, 0x00, 0x3D, 0x00, 0x03, 0xE0, 0x03, 0xD0, 0x00, 0x3D, 0x00, 0x3D, 0x00, 0x03, 0xD0, 0x03,
    0xD0, 0x00, 0x7C, 0x00, 0x3D, 0x00, 0x0B, 0xC0, 0x03, 0xD0, 0x00, 0xF4, 0x00, 0x3D, 0x00, 0x2F,
    0x00, 0x03, 0xD0, 0x07, 0xD0, 0x00, 0x3D, 0x0B, 0xFF, 0xFF, 0xFF, 0xFE, 0xBF, 0xFF, 0xFF, 0xFF,
    0xEB, 0x80, 0x00, 0x00, 0x2E, 0xB8, 0x00, 0x00, 0x02, 0xEB, 0x80, 0x00, 0x00, 0x2E, 0xB8, 0x00,
    0x00, 0x02, 0xEB, 0x80, 0x00, 0x00, 0x2E, 0xFF, 0xFF, 0xF8, 0xFF, 0xFF, 0xF8, 0xF8, 0x00, 0x00,
    0xF8, 0x00, 0x00, 0xF8, 0x00, 0x00, 0xF8, 0x00, 0x00, 0xF8, 0x00, 0x00, 0xFF, 0xFF, 0xF0, 0xFF,
    0xFF, 0xF0, 0xF8, 0x00, 0x00, 0xF8, 0x00, 0x00, 0xF8, 0x00, 0x00, 0xF8, 0x00, 0x00, 0xF8, 0x00,
    0x00, 0xF8, 0x00, 0x00, 0xFF, 0xFF, 0xFD, 0xFF, 0xFF, 0xFD, 0x2F, 0x00, 0x0F, 0x40, 0x0B, 0xC0,
    0x2F, 0x00, 0x3D, 0x00, 0x7D, 0x00, 0x3F, 0x00, 0xF4, 0x07, 0xD0, 0x00, 0x3F, 0x03, 0xD0, 0x7E,
    0x00, 0x00, 0x3F, 0x0F, 0x43, 0xE0, 0x00, 0x00, 0x3E, 0x3D, 0x3E, 0x00, 0x00, 0x00, 0x3E, 0xFB,
    0xF0, 0x00, 0x00, 0x00, 0x7F, 0xFF, 0x00, 0x00, 0x00, 0x03, 0xCF, 0x5F, 0x00, 0x00, 0x00, 0x3D,
    0x3D, 0x2F, 0x00, 0x00, 0x03, 0xD0, 0xF4, 0x3E, 0x00, 0x00, 0x3E, 0x03, 0xD0, 0x3D, 0x00, 0x02,
    0xF0, 0x0F, 0x40, 0x7C, 0x00, 0x1F, 0x40, 0x3D, 0x00, 0xFC, 0x00, 0xF8, 0x00, 0xF4, 0x00, 0xF8,
    0x0B, 0xC0, 0x03, 0xD0, 0x02, 0xF0, 0x3E, 0x00, 0x0F, 0x40, 0x03, 0xE0, 0x06, 0xFF, 0x90, 0x01,
    0xFF, 0xFF, 0xC0, 0x0D, 0x00, 0xBF, 0x00, 0x00, 0x02, 0xF0, 0x00, 0x00, 0x1F, 0x00, 0x00, 0x02,
    0xF0, 0x00, 0x01, 0xFD, 0x00, 0x1F, 0xFF, 0x00, 0x01, 0xFF, 0xF8, 0x00, 0x00, 0x07, 0xF0, 0x00,
    0x00, 0x0F, 0x80, 0x00, 0x00, 0xBC, 0x00, 0x00, 0x0B, 0xC0, 0x00, 0x00, 0xFC, 0x39, 0x00, 0x7F,
    0x43, 0xFF, 0xFF, 0xE0, 0x06, 0xFF, 0xE0, 0x00, 0xF8, 0x00, 0x01, 0xF3, 0xE0, 0x00, 0x0F, 0xCF,
    0x80, 0x00, 0xFF, 0x3E, 0x00, 0x0F, 0xFC, 0xF8, 0x00, 0xBD, 0xF3, 0xE0, 0x07, 0xC7, 0xCF, 0x80,
    0x3D, 0x1F, 0x3E, 0x03, 0xE0, 0x7C, 0xF8, 0x2F, 0x01, 0xF3, 0xE1, 0xF0, 0x07, 0xCF, 0x8F, 0x80,
    0x1F, 0x3E, 0xFC, 0x00, 0x7C, 0xFF, 0xC0, 0x01, 0xF3, 0xFD, 0x00, 0x07, 0xCF, 0xF0, 0x00, 0x1F,
    0x3F, 0x00, 0x00, 0x7C, 0xF4, 0x00, 0x01, 0xF0, 0x02, 0xD0, 0x38, 0x00, 0x07, 0xC2, 0xD0, 0x00,
    0x0B, 0xFF, 0x00, 0x00, 0x0B, 0xE0, 0x00, 0x00, 0x00, 0x00, 0x00, 0x00, 0x00, 0x00, 0x0F, 0x80,
    0x00, 0x1F, 0x3E, 0x00, 0x00, 0xFC, 0xF8, 0x00, 0x0F, 0xF3, 0xE0, 0x00, 0xFF, 0xCF, 0x80, 0x0B,
    0xDF, 0x3E, 0x00, 0x7C, 0x7C, 0xF8, 0x03, 0xD1, 0xF3, 0xE0, 0x3E, 0x07, 0xCF, 0x82, 0xF0, 0x1F,
    0x3E, 0x1F, 0x00, 0x7C, 0xF8, 0xF8, 0x01, 0xF3, 0xEF, 0xC0, 0x07, 0xCF, 0xFC, 0x00, 0x1F, 0x3F,
    0xD0, 0x00, 0x7C, 0xFF, 0x00, 0x01, 0xF3, 0xF0, 0x00, 0x07, 0xCF, 0x40, 0x00, 0x1F, 0x00, 0xF8,
    0x00, 0x2F, 0x4F, 0x80, 0x0B, 0xD0, 0xF8, 0x02, 0xF4, 0x0F, 0x80, 0xBD, 0x00, 0xF8, 0x2F, 0x40,
    0x0F, 0x8B, 0xD0, 0x00, 0xFA, 0xF4, 0x00, 0x0F, 0xFD, 0x00, 0x00, 0xFF, 0xF4, 0x00, 0x0F, 0xAF,
    0xD0, 0x00, 0xF8, 0x7F, 0x40, 0x0F, 0x81, 0xFD, 0x00, 0xF8, 0x03, 0xF4, 0x0F, 0x80, 0x0F, 0xC0,
    0xF8, 0x00, 0x3F, 0x0F, 0x80, 0x01, 0xF8, 0xF8, 0x00, 0x0B, 0xD0, 0x00, 0x1F, 0xFF, 0xFE, 0x00,
    0x1F, 0xFF, 0xFE, 0x00, 0x1F, 0x00, 0x3E, 0x00, 0x1F, 0x00, 0x3E, 0x00, 0x1F, 0x00, 0x3E, 0x00,
    0x1F, 0x00, 0x3E, 0x00, 0x2F, 0x00, 0x3E, 0x00, 0x2F, 0x00, 0x3E, 0x00, 0x2E, 0x00, 0x3E, 0x00,
    0x3E, 0x00, 0x3E, 0x00, 0x3D, 0x00, 0x3E, 0x00, 0x7C, 0x00, 0x3E, 0x00, 0xF8, 0x00, 0x3E, 0x02,
    0xF0, 0x00, 0x3E, 0x1B, 0xD0, 0x00, 0x3E, 0xBF, 0x80, 0x00, 0x3E, 0x79, 0x00, 0x00, 0x3E, 0x0F,
    0x40, 0x00, 0x02, 0xF0, 0x0F, 0xC0, 0x00, 0x03, 0xF0, 0x1F, 0xD0, 0x00, 0x0B, 0xF0, 0x1E, 0xB0,
    0x00, 0x0D, 0xF0, 0x2E, 0x34, 0x00, 0x2C, 0xF0, 0x2E, 0x28, 0x00, 0x34, 0xB4, 0x2D, 0x1C, 0x00,
    0x70, 0xB4, 0x3D, 0x0E, 0x00, 0xE0, 0xB8, 0x3D, 0x0B, 0x00, 0xD0, 0xB8, 0x3D, 0x03, 0x42, 0xC0,
    0xB8, 0x3D, 0x03, 0xC3, 0x80, 0xB8, 0x3D, 0x01, 0xD7, 0x00, 0x7C, 0x3C, 0x00, 0xEF, 0x00, 0x7C,
    0x3C, 0x00, 0xBD, 0x00, 0x7C, 0x3C, 0x00, 0x7C, 0x00, 0x7C, 0x7C, 0x00, 0x00, 0x00, 0x7C, 0x7C,
    0x00, 0x00, 0x00, 0x7C, 0xF8, 0x00, 0x03, 0xDF, 0x80, 0x00, 0x3D, 0xF8, 0x00, 0x03, 0xDF, 0x80,
    0x00, 0x3D, 0xF8, 0x00, 0x03, 0xDF, 0x80, 0x00, 0x3D, 0xF8, 0x00, 0x03, 0xDF, 0xFF, 0xFF, 0xFD,
    0xFF, 0xFF, 0xFF, 0xDF, 0x80, 0x00, 0x3D, 0xF8, 0x00, 0x03, 0xDF, 0x80, 0x00, 0x3D, 0xF8, 0x00,
    0x03, 0xDF, 0x80, 0x00, 0x3D, 0xF8, 0x00, 0x03, 0xDF, 0x80, 0x00, 0x3D, 0xF8, 0x00, 0x03, 0xD0,
    0x00, 0x1B, 0xFE, 0x00, 0x00, 0x7F, 0xFF, 0xF8, 0x00, 0x7F, 0x40, 0x6F, 0xC0, 0x3F, 0x00, 0x01,
    0xF8, 0x2F, 0x00, 0x00, 0x2F, 0x0F, 0x80, 0x00, 0x03, 0xE7, 0xC0, 0x00, 0x00, 0xFD, 0xF0, 0x00,
    0x00, 0x2F, 0xBC, 0x00, 0x00, 0x0B, 0xDF, 0x00, 0x00, 0x02, 0xF7, 0xC0, 0x00, 0x00, 0xFC, 0xF8,
    0x00, 0x00, 0x3E, 0x2F, 0x00, 0x00, 0x2F, 0x03, 0xF0, 0x00, 0x1F, 0x80, 0x7F, 0x40, 0x6F, 0xC0,
    0x07, 0xFF, 0xFF, 0x80, 0x00, 0x1B, 0xFE, 0x00, 0x00, 0xFF, 0xFF, 0xFF, 0xDF, 0xFF, 0xFF, 0xFD,
    0xF8, 0x00, 0x03, 0xDF, 0x80, 0x00, 0x3D, 0xF8, 0x00, 0x03, 0xDF, 0x80, 0x00, 0x3D, 0xF8, 0x00,
    0x03, 0xDF, 0x80, 0x00, 0x3D, 0xF8, 0x00, 0x03, 0xDF, 0x80, 0x00, 0x3D, 0xF8, 0x00, 0x03, 0xDF,
    0x80, 0x00, 0x3D, 0xF8, 0x00, 0x03, 0xDF, 0x80, 0x00, 0x3D, 0xF8, 0x00, 0x03, 0xDF, 0x80, 0x00,
    0x3D, 0xF8, 0x00, 0x03, 0xD0, 0xBF, 0xFE, 0x40, 0x3F, 0xFF, 0xFD, 0x0F, 0x80, 0x1F, 0xD3, 0xE0,
    0x00, 0xFC, 0xF8, 0x00, 0x1F, 0x3E, 0x00, 0x03, 0xDF, 0x80, 0x01, 0xF3, 0xE0, 0x00, 0xFC, 0xF8,
    0x01, 0xFD, 0x3F, 0xFF, 0xFE, 0x0F, 0xFF, 0xE4, 0x03, 0xE0, 0x00, 0x00, 0xF8, 0x00, 0x00, 0x3E,
    0x00, 0x00, 0x0F, 0x80, 0x00, 0x03, 0xE0, 0x00, 0x00, 0xF8, 0x00, 0x00, 0x00, 0x00, 0x1B, 0xFE,
    0x40, 0x1F, 0xFF, 0xFE, 0x07, 0xF4, 0x01, 0xD0, 0xFC, 0x00, 0x00, 0x2F, 0x00, 0x00, 0x03, 0xE0,
    0x00, 0x00, 0x7D, 0x00, 0x00, 0x07, 0xC0, 0x00, 0x00, 0xBC, 0x00, 0x00, 0x07, 0xC0, 0x00, 0x00,
    0x7C, 0x00, 0x00, 0x03, 0xE0, 0x00, 0x00, 0x3F, 0x00, 0x00, 0x01, 0xF8, 0x00, 0x00, 0x0B, 0xF4,
    0x01, 0x90, 0x1F, 0xFF, 0xFE, 0x00, 0x1F, 0xFE, 0x40, 0xBF, 0xFF, 0xFF, 0xEB, 0xFF, 0xFF, 0xFE,
    0x00, 0x0F, 0x40, 0x00, 0x00, 0xF4, 0x00, 0x00, 0x0F, 0x40, 0x00, 0x00, 0xF4, 0x00, 0x00, 0x0F,
    0x40, 0x00, 0x00, 0xF4, 0x00, 0x00, 0x0F, 0x40, 0x00, 0x00, 0xF4, 0x00, 0x00, 0x0F, 0x40, 0x00,
    0x00, 0xF4, 0x00, 0x00, 0x0F, 0x40, 0x00, 0x00, 0xF4, 0x00, 0x00, 0x0F, 0x40, 0x00, 0x00, 0xF4,
    0x00, 0x00, 0x0F, 0x40, 0x00, 0x3D, 0x00, 0x01, 0xF4, 0xBC, 0x00, 0x0B, 0xC1, 0xF4, 0x00, 0x3E,
    0x03, 0xF0, 0x01, 0xF0, 0x07, 0xD0, 0x0B, 0xC0, 0x0F, 0xC0, 0x3D, 0x00, 0x1F, 0x41, 0xF0, 0x00,
    0x2F, 0x0F, 0x80, 0x00, 0x3D, 0x3C, 0x00, 0x00, 0xBE, 0xF0, 0x00, 0x00, 0xFF, 0x40, 0x00, 0x01,
    0xFC, 0x00, 0x00, 0x03, 0xD0, 0x00, 0x00, 0x2F, 0x00, 0x00, 0x02, 0xF4, 0x00, 0x0B, 0xFF, 0x40,
    0x00, 0x2F, 0xE0, 0x00, 0x00, 0x00, 0x00, 0x7C, 0x00, 0x00, 0x00, 0x00, 0x7C, 0x00, 0x00, 0x00,
    0x1B, 0xFF, 0xE4, 0x00, 0x02, 0xFF, 0xFF, 0xFF, 0x40, 0x0B, 0xE4, 0x7C, 0x1F, 0xD0, 0x2F, 0x40,
    0x7C, 0x03, 0xF0, 0x3E, 0x00, 0x7C, 0x00, 0xF8, 0x7C, 0x00, 0x7C, 0x00, 0xBC, 0xBC, 0x00, 0x7C,
    0x00, 0x7C, 0xBC, 0x00, 0x7C, 0x00, 0x7C, 0x7C, 0x00, 0x7C, 0x00, 0xBC, 0x3E, 0x00, 0x7C, 0x00,
    0xF8, 0x2F, 0x40, 0x7C, 0x03, 0xF0, 0x0F, 0xE4, 0x7C, 0x1F, 0xD0, 0x02, 0xFF, 0xFF, 0xFF, 0x40,
    0x00, 0x2F, 0xFF, 0xE4, 0x00, 0x00, 0x00, 0x7C, 0x00, 0x00, 0x00, 0x00, 0x7C, 0x00, 0x00, 0x3F,
    0x00, 0x01, 0xF8, 0x0F, 0x80, 0x03, 0xF0, 0x07, 0xD0, 0x0B, 0xC0, 0x03, 0xF0, 0x1F, 0x40, 0x00,
    0xF8, 0x3F, 0x00, 0x00, 0x7D, 0xBC, 0x00, 0x00, 0x2F, 0xF4, 0x00, 0x00, 0x0F, 0xE0, 0x00, 0x00,
    0x0B, 0xD0, 0x00, 0x00, 0x1F, 0xF0, 0x00, 0x00, 0x3E, 0xFC, 0x00, 0x00, 0xFC, 0x3E, 0x00, 0x02,
    0xF0, 0x1F, 0x40, 0x07, 0xD0, 0x0B, 0xC0, 0x0F, 0xC0, 0x03, 0xE0, 0x2F, 0x00, 0x01, 0xF4, 0x3E,
    0x00, 0x00, 0xFC, 0xF8, 0x00, 0x03, 0xD0, 0xF8, 0x00, 0x03, 0xD0, 0xF8, 0x00, 0x03, 0xD0, 0xF8,
    0x00, 0x03, 0xD0, 0xF8, 0x00, 0x03, 0xD0, 0xF8, 0x00, 0x03, 0xD0, 0xF8, 0x00, 0x03, 0xD0, 0xF8,
    0x00, 0x03, 0xD0, 0xF8, 0x00, 0x03, 0xD0, 0xF8, 0x00, 0x03, 0xD0, 0xF8, 0x00, 0x03, 0xD0, 0xF8,
    0x00, 0x03, 0xD0, 0xF8, 0x00, 0x03, 0xD0, 0xF8, 0x00, 0x03, 0xD0, 0xF8, 0x00, 0x03, 0xD0, 0xFF,
    0xFF, 0xFF, 0xFE, 0xFF, 0xFF, 0xFF, 0xFE, 0x00, 0x00, 0x00, 0x3E, 0x00, 0x00, 0x00, 0x3E, 0x00,
    0x00, 0x00, 0x3E, 0x00, 0x00, 0x00, 0x3E, 0x00, 0x00, 0x00, 0x3E, 0xBC, 0x00, 0x0F, 0xAF, 0x00,
    0x03, 0xEB, 0xC0, 0x00, 0xFA, 0xF0, 0x00, 0x3E, 0xBC, 0x00, 0x0F, 0x9F, 0x00, 0x03, 0xE7, 0xC0,
    0x00, 0xF8, 0xF4, 0x00, 0x3E, 0x3F, 0x40, 0x0F, 0x83, 0xFF, 0xFF, 0xE0, 0x2F, 0xFF, 0xF8, 0x00,
    0x00, 0x3E, 0x00, 0x00, 0x0F, 0x80, 0x00, 0x03, 0xE0, 0x00, 0x00, 0xF8, 0x00, 0x00, 0x3E, 0x00,
    0x00, 0x0F, 0x80, 0xF8, 0x00, 0x3E, 0x00, 0x0F, 0x7E, 0x00, 0x0F, 0x80, 0x03, 0xDF, 0x80, 0x03,
    0xE0, 0x00, 0xF7, 0xE0, 0x00, 0xF8, 0x00, 0x3D, 0xF8, 0x00, 0x3E, 0x00, 0x0F, 0x7E, 0x00, 0x0F,
    0x80, 0x03, 0xDF, 0x80, 0x03, 0xE0, 0x00, 0xF7, 0xE0, 0x00, 0xF8, 0x00, 0x3D, 0xF8, 0x00, 0x3E,
    0x00, 0x0F, 0x7E, 0x00, 0x0F, 0x80, 0x03, 0xDF, 0x80, 0x03, 0xE0, 0x00, 0xF7, 0xE0, 0x00, 0xF8,
    0x00, 0x3D, 0xF8, 0x00, 0x3E, 0x00, 0x0F, 0x7E, 0x00, 0x0F, 0x80, 0x03, 0xDF, 0x80, 0x03, 0xE0,
    0x00, 0xF7, 0xFF, 0xFF, 0xFF, 0xFF, 0xFD, 0xFF, 0xFF, 0xFF, 0xFF, 0xFF, 0x40, 0xF8, 0x00, 0x3E,
    0x00, 0x0F, 0x43, 0xE0, 0x00, 0xF8, 0x00, 0x3D, 0x0F, 0x80, 0x03, 0xE0, 0x00, 0xF4, 0x3E, 0x00,
    0x0F, 0x80, 0x03, 0xD0, 0xF8, 0x00, 0x3E, 0x00, 0x0F, 0x43, 0xE0, 0x00, 0xF8, 0x00, 0x3D, 0x0F,
    0x80, 0x03, 0xE0, 0x00, 0xF4, 0x3E, 0x00, 0x0F, 0x80, 0x03, 0xD0, 0xF8, 0x00, 0x3E, 0x00, 0x0F,
    0x43, 0xE0, 0x00, 0xF8, 0x00, 0x3D, 0x0F, 0x80, 0x03, 0xE0, 0x00, 0xF4, 0x3E, 0x00, 0x0F, 0x80,
    0x03, 0xD0, 0xF8, 0x00, 0x3E, 0x00, 0x0F, 0x43, 0xE0, 0x00, 0xF8, 0x00, 0x3D, 0x0F, 0x80, 0x03,
    0xE0, 0x00, 0xF4, 0x3F, 0xFF, 0xFF, 0xFF, 0xFF, 0xFE, 0xFF, 0xFF, 0xFF, 0xFF, 0xFF, 0xF8, 0x00,
    0x00, 0x00, 0x00, 0x02, 0xE0, 0x00, 0x00, 0x00, 0x00, 0x0B, 0x80, 0x00, 0x00, 0x00, 0x00, 0x2E,
    0x00, 0x00, 0x00, 0x00, 0x00, 0xB8, 0x00, 0x00, 0x00, 0x00, 0x02, 0xE0, 0xBF, 0xFD, 0x00, 0x00,
    0x0B, 0xFF, 0xD0, 0x00, 0x00, 0x00, 0x3D, 0x00, 0x00, 0x00, 0x03, 0xD0, 0x00, 0x00, 0x00, 0x3D,
    0x00, 0x00, 0x00, 0x03, 0xD0, 0x00, 0x00, 0x00, 0x3F, 0xFF, 0x90, 0x00, 0x03, 0xFF, 0xFF, 0xD0,
    0x00, 0x3D, 0x00, 0x7F, 0x40, 0x03, 0xD0, 0x00, 0xFC, 0x00, 0x3D, 0x00, 0x07, 0xC0, 0x03, 0xD0,
    0x00, 0x7C, 0x00, 0x3D, 0x00, 0x07, 0xC0, 0x03, 0xD0, 0x00, 0xFC, 0x00, 0x3D, 0x00, 0x7F, 0x40,
    0x03, 0xFF, 0xFF, 0xD0, 0x00, 0x2F, 0xFF, 0x90, 0x00, 0xF8, 0x00, 0x00, 0x03, 0xDF, 0x80, 0x00,
    0x00, 0x3D, 0xF8, 0x00, 0x00, 0x03, 0xDF, 0x80, 0x00, 0x00, 0x3D, 0xF8, 0x00, 0x00, 0x03, 0xDF,
    0x80, 0x00, 0x00, 0x3D, 0xFF, 0xFE, 0x40, 0x03, 0xDF, 0xFF, 0xFF, 0x40, 0x3D, 0xF8, 0x01, 0xFD,
    0x03, 0xDF, 0x80, 0x03, 0xF0, 0x3D, 0xF8, 0x00, 0x1F, 0x03, 0xDF, 0x80, 0x01, 0xF0, 0x3D, 0xF8,
    0x00, 0x1F, 0x03, 0xDF, 0x80, 0x03, 0xF0, 0x3D, 0xF8, 0x01, 0xFD, 0x03, 0xDF, 0xFF, 0xFF, 0x40,
    0x3D, 0xBF, 0xFE, 0x40, 0x03, 0xD0, 0xF8, 0x00, 0x00, 0x3E, 0x00, 0x00, 0x0F, 0x80, 0x00, 0x03,
    0xE0, 0x00, 0x00, 0xF8, 0x00, 0x00, 0x3E, 0x00, 0x00, 0x0F, 0xFF, 0xE8, 0x03, 0xFF, 0xFF, 0xE0,
    0xF8, 0x01, 0xFE, 0x3E, 0x00, 0x0B, 0xCF, 0x80, 0x00, 0xF7, 0xE0, 0x00, 0x3D, 0xF8, 0x00, 0x0F,
    0x7E, 0x00, 0x0B, 0xCF, 0x80, 0x1F, 0xE3, 0xFF, 0xFF, 0xE0, 0xBF, 0xFE, 0x80, 0x00, 0x0B, 0xFF,
    0x90, 0x00, 0xFF, 0xFF, 0xE0, 0x02, 0x40, 0x0B, 0xF0, 0x00, 0x00, 0x03, 0xE0, 0x00, 0x00, 0x07,
    0xD0, 0x00, 0x00, 0x0F, 0x80, 0x00, 0x00, 0x2F, 0x00, 0x3F, 0xFF, 0xFC, 0x00, 0xFF, 0xFF, 0xF0,
    0x00, 0x00, 0x0B, 0xC0, 0x00, 0x00, 0x3F, 0x00, 0x00, 0x00, 0xF8, 0x00, 0x00, 0x0B, 0xD0, 0x00,
    0x00, 0x7E, 0x03, 0x40, 0x1B, 0xF0, 0x0F, 0xFF, 0xFF, 0x00, 0x1B, 0xFF, 0x90, 0x00, 0xF8, 0x00,
    0x02, 0xFF, 0x90, 0x03, 0xE0, 0x00, 0x7F, 0xFF, 0xF0, 0x0F, 0x80, 0x0B, 0xF4, 0x07, 0xF0, 0x3E,
    0x00, 0x7E, 0x00, 0x03, 0xF0, 0xF8, 0x03, 0xF0, 0x00, 0x03, 0xD3, 0xE0, 0x0F, 0x40, 0x00, 0x0B,
    0xCF, 0x80, 0x7C, 0x00, 0x00, 0x1F, 0x3F, 0xFF, 0xF0, 0x00, 0x00, 0x7C, 0xFF, 0xFF, 0xC0, 0x00,
    0x01, 0xF7, 0xE0, 0x1F, 0x00, 0x00, 0x07, 0xCF, 0x80, 0x7C, 0x00, 0x00, 0x1F, 0x3E, 0x00, 0xF4,
    0x00, 0x00, 0xBC, 0xF8, 0x03, 0xF0, 0x00, 0x03, 0xE3, 0xE0, 0x03, 0xE0, 0x00, 0x3F, 0x0F, 0x80,
    0x07, 0xF4, 0x07, 0xF4, 0x3E, 0x00, 0x07, 0xFF, 0xFF, 0x00, 0xF8, 0x00, 0x01, 0xFF, 0x90, 0x00,
    0x00, 0x2F, 0xFF, 0xD0, 0x2F, 0xFF, 0xFE, 0x0B, 0xE4, 0x02, 0xE0, 0xF8, 0x00, 0x2E, 0x1F, 0x00,
    0x02, 0xE1, 0xF0, 0x00, 0x2E, 0x1F, 0x40, 0x02, 0xE0, 0xFE, 0x00, 0x2E, 0x03, 0xFF, 0xFF, 0xE0,
    0x07, 0xFF, 0xFE, 0x00, 0xBC, 0x02, 0xE0, 0x0F, 0x40, 0x2E, 0x03, 0xF0, 0x02, 0xE0, 0x7C, 0x00,
    0x2E, 0x0F, 0x80, 0x02, 0xE1, 0xF0, 0x00, 0x2E, 0x3E, 0x00, 0x02, 0xE0, 0x1B, 0xFE, 0x00, 0x7F,
    0xFF, 0x00, 0x40, 0x7F, 0x00, 0x00, 0x7C, 0x00, 0x00, 0xF0, 0x1F, 0xFF, 0xC3, 0xFF, 0xFF, 0x2F,
    0x40, 0x3C, 0xF8, 0x00, 0xF3, 0xE0, 0x03, 0xCB, 0xD0, 0x0F, 0x0F, 0xFF, 0xFC, 0x0B, 0xFF, 0xE0,
    0x00, 0x01, 0xAE, 0x00, 0x1F, 0xFF, 0x80, 0x2F, 0xE5, 0x00, 0x2F, 0x40, 0x00, 0x0F, 0x00, 0x00,
    0x0B, 0x80, 0x00, 0x03, 0xD7, 0xFD, 0x00, 0xFF, 0xFF, 0xF0, 0x7F, 0x40, 0xBE, 0x1F, 0x00, 0x0B,
    0xC7, 0xC0, 0x00, 0xF5, 0xF0, 0x00, 0x3E, 0x7C, 0x00, 0x0F, 0x9F, 0x00, 0x03, 0xD3, 0xD0, 0x00,
    0xF4, 0xFC, 0x00, 0xBC, 0x1F, 0x80, 0xBD, 0x01, 0xFF, 0xFE, 0x00, 0x1B, 0xF9, 0x00, 0xBF, 0xFE,
    0x03, 0xFF, 0xFF, 0x4F, 0x40, 0x2F, 0x3D, 0x00, 0x3C, 0xF4, 0x02, 0xE3, 0xFF, 0xFF, 0x0F, 0xFF,
    0xFE, 0x3D, 0x00, 0xBD, 0xF4, 0x00, 0xBB, 0xD0, 0x02, 0xEF, 0x40, 0x2F, 0x7F, 0xFF, 0xF8, 0xBF,
    0xFE, 0x40, 0xFF, 0xFF, 0x3F, 0xFF, 0xCF, 0x40, 0x03, 0xD0, 0x00, 0xF4, 0x00, 0x3D, 0x00, 0x0F,
    0x40, 0x03, 0xD0, 0x00, 0xF4, 0x00, 0x3D, 0x00, 0x0F, 0x40, 0x03, 0xD0, 0x00, 0xF4, 0x00, 0x00,
    0x00, 0xBF, 0xFF, 0xC0, 0x03, 0xFF, 0xFF, 0x00, 0x0F, 0x40, 0xBC, 0x00, 0x3D, 0x02, 0xF0, 0x00,
    0xF4, 0x0B, 0xC0, 0x03, 0xC0, 0x2F, 0x00, 0x1F, 0x00, 0xBC, 0x00, 0xB8, 0x02, 0xF0, 0x03, 0xD0,
    0x0B, 0xC0, 0x1F, 0x00, 0x2F, 0x00, 0xF8, 0x00, 0xBC, 0x2F, 0xFF, 0xFF, 0xFE, 0xBF, 0xFF, 0xFF,
    0xFA, 0xE0, 0x00, 0x02, 0xEB, 0x80, 0x00, 0x0B, 0xAE, 0x00, 0x00, 0x2E, 0xB8, 0x00, 0x00, 0xB8,
    0x01, 0xBF, 0x80, 0x0B, 0xFF, 0xF0, 0x2F, 0x41, 0xFC, 0x3D, 0x00, 0x3D, 0x7C, 0x00, 0x3D, 0xBF,
    0xFF, 0xFE, 0xBF, 0xFF, 0xFE, 0xBC, 0x00, 0x00, 0x7C, 0x00, 0x00, 0x3E, 0x00, 0x00, 0x2F, 0x80,
    0x14, 0x0B, 0xFF, 0xF8, 0x01, 0xBF, 0xE4, 0x2F, 0x00, 0xB8, 0x03, 0xE0, 0x2F, 0x02, 0xE0, 0x3E,
    0x00, 0x2F, 0x0B, 0x83, 0xE0, 0x00, 0x2F, 0x2E, 0x2F, 0x00, 0x00, 0x3E, 0xBA, 0xF0, 0x00, 0x00,
    0x3F, 0xFF, 0x00, 0x00, 0x02, 0xDB, 0x9F, 0x00, 0x00, 0x2E, 0x2E, 0x2E, 0x00, 0x01, 0xF0, 0xB8,
    0x3E, 0x00, 0x1F, 0x02, 0xE0, 0x3D, 0x00, 0xF4, 0x0B, 0x80, 0x7C, 0x0B, 0xC0, 0x2E, 0x00, 0xFC,
    0x7C, 0x00, 0xB8, 0x00, 0xF4, 0x2F, 0xFD, 0x07, 0xFF, 0xFC, 0x10, 0x0B, 0xD0, 0x00, 0x3E, 0x00,
    0x07, 0xC0, 0xBF, 0xF4, 0x0B, 0xFF, 0x80, 0x00, 0x7E, 0x00, 0x01, 0xF0, 0x00, 0x1F, 0x50, 0x07,
    0xFB, 0xFF, 0xFC, 0x6F, 0xFE, 0x00, 0xF4, 0x00, 0xBF, 0xD0, 0x07, 0xFF, 0x40, 0x3F, 0xFD, 0x03,
    0xEF, 0xF4, 0x2E, 0x7F, 0xD1, 0xF1, 0xFF, 0x4F, 0x07, 0xFD, 0xB8, 0x1F, 0xF7, 0xC0, 0x7F, 0xFC,
    0x01, 0xFF, 0xE0, 0x07, 0xFF, 0x00, 0x1F, 0xF4, 0x00, 0x7C, 0x0E, 0x02, 0xC0, 0x3D, 0x1F, 0x00,
    0x7F, 0xF4, 0x00, 0x7F, 0x40, 0x00, 0x00, 0x00, 0x00, 0x00, 0x0F, 0x40, 0x0B, 0xFD, 0x00, 0x7F,
    0xF4, 0x03, 0xFF, 0xD0, 0x3E, 0xFF, 0x42, 0xE7, 0xFD, 0x1F, 0x1F, 0xF4, 0xF0, 0x7F, 0xDB, 0x81,
    0xFF, 0x7C, 0x07, 0xFF, 0xC0, 0x1F, 0xFE, 0x00, 0x7F, 0xF0, 0x01, 0xFF, 0x40, 0x07, 0xC0, 0xF4,
    0x02, 0xF0, 0xF4, 0x07, 0xC0, 0xF4, 0x1F, 0x40, 0xF4, 0x7D, 0x00, 0xF5, 0xF4, 0x00, 0xFB, 0xE0,
    0x00, 0xFF, 0xC0, 0x00, 0xF6, 0xF4, 0x00, 0xF4, 0xBD, 0x00, 0xF4, 0x2F, 0x40, 0xF4, 0x0B, 0xC0,
    0xF4, 0x03, 0xF0, 0xF4, 0x00, 0xF8, 0x00, 0xBF, 0xFF, 0xC0, 0x2F, 0xFF, 0xF0, 0x0B, 0x80, 0x7C,
    0x03, 0xD0, 0x1F, 0x00, 0xF4, 0x07, 0xC0, 0x3D, 0x01, 0xF0, 0x0F, 0x00, 0x7C, 0x07, 0xC0, 0x1F,
    0x02, 0xF0, 0x07, 0xC1, 0xF4, 0x01, 0xF1, 0xFC, 0x00, 0x7E, 0xFC, 0x00, 0x1F, 0x78, 0x00, 0x07,
    0xC0, 0x1F, 0x00, 0x00, 0xF8, 0x2F, 0x80, 0x01, 0xFC, 0x2E, 0xC0, 0x03, 0xBC, 0x2D, 0xE0, 0x07,
    0x7C, 0x3D, 0x70, 0x0E, 0x3C, 0x3C, 0x38, 0x1C, 0x3C, 0x3C, 0x2C, 0x2C, 0x3C, 0x3C, 0x0D, 0x34,
    0x3D, 0x3C, 0x0F, 0xB0, 0x3D, 0x3C, 0x07, 0xE0, 0x3D, 0x3C, 0x03, 0xD0, 0x3D, 0x7C, 0x00, 0x00,
    0x3E, 0x7C, 0x00, 0x00, 0x2E, 0xF4, 0x00, 0xBB, 0xD0, 0x02, 0xEF, 0x40, 0x0B, 0xBD, 0x00, 0x2E,
    0xF4, 0x00, 0xBB, 0xFF, 0xFF, 0xEF, 0xFF, 0xFF, 0xBD, 0x00, 0x2E, 0xF4, 0x00, 0xBB, 0xD0, 0x02,
    0xEF, 0x40, 0x0B, 0xBD, 0x00, 0x2E, 0xF4, 0x00, 0xB8, 0x01, 0xBF, 0x80, 0x02, 0xFF, 0xFD, 0x02,
    0xF8, 0x0B, 0xD0, 0xF8, 0x00, 0xFC, 0x7C, 0x00, 0x1F, 0x2F, 0x00, 0x03, 0xDB, 0x80, 0x00, 0xF6,
    0xF0, 0x00, 0x3D, 0x7C, 0x00, 0x1F, 0x0F, 0x80, 0x0F, 0xC2, 0xF8, 0x0B, 0xD0, 0x2F, 0xFF, 0xD0,
    0x01, 0xBF, 0x80, 0x00, 0xFF, 0xFF, 0xF7, 0xFF, 0xFF, 0xDF, 0x40, 0x0F, 0x7D, 0x00, 0x3D, 0xF4,
    0x00, 0xF7, 0xD0, 0x03, 0xDF, 0x40, 0x0F, 0x7D, 0x00, 0x3D, 0xF4, 0x00, 0xF7, 0xD0, 0x03, 0xDF,
    0x40, 0x0F, 0x7D, 0x00, 0x3D, 0xF4, 0x00, 0xF4, 0x6F, 0xFE, 0x00, 0xFF, 0xFF, 0xD0, 0xF4, 0x07,
    0xF4, 0xF4, 0x00, 0xFC, 0xF4, 0x00, 0x7C, 0xF4, 0x00, 0x3D, 0xF4, 0x00, 0x3D, 0xF4, 0x00, 0x3D,
    0xF4, 0x00, 0x7C, 0xF4, 0x00, 0xBC, 0xFD, 0x02, 0xF4, 0xFF, 0xFF, 0xE0, 0xFA, 0xFE, 0x40, 0xF4,
    0x00, 0x00, 0xF4, 0x00, 0x00, 0xF4, 0x00, 0x00, 0xF4, 0x00, 0x00, 0xF4, 0x00, 0x00, 0x01, 0xBF,
    0xD0, 0x2F, 0xFF, 0x82, 0xF8, 0x04, 0x0F, 0x80, 0x00, 0x7C, 0x00, 0x02, 0xF0, 0x00, 0x0B, 0x80,
    0x00, 0x2F, 0x00, 0x00, 0x7C, 0x00, 0x00, 0xF8, 0x00, 0x02, 0xF8, 0x01, 0x02, 0xFF, 0xFC, 0x01,
    0xBF, 0xE0, 0xBF, 0xFF, 0xFC, 0xBF, 0xFF, 0xFC, 0x00, 0x7C, 0x00, 0x00, 0x7C, 0x00, 0x00, 0x7C,
    0x00, 0x00, 0x7C, 0x00, 0x00, 0x7C, 0x00, 0x00, 0x7C, 0x00, 0x00, 0x7C, 0x00, 0x00, 0x7C, 0x00,
    0x00, 0x7C, 0x00, 0x00, 0x7C, 0x00, 0x00, 0x7C, 0x00, 0x7C, 0x00, 0x2F, 0x3D, 0x00, 0x3E, 0x3E,
    0x00, 0x3D, 0x2F, 0x00, 0x7C, 0x0F, 0x40, 0xB8, 0x0F, 0x80, 0xF4, 0x07, 0xC0, 0xF0, 0x03, 0xD1,
    0xF0, 0x02, 0xE2, 0xD0, 0x00, 0xF3, 0xC0, 0x00, 0xBF, 0x80, 0x00, 0x3F, 0x40, 0x00, 0x3F, 0x00,
    0x00, 0x2E, 0x00, 0x00, 0x3C, 0x00, 0x01, 0xF8, 0x00, 0xBF, 0xF0, 0x00, 0xBF, 0x40, 0x00, 0x00,
    0x01, 0xE0, 0x00, 0x00, 0x00, 0xB8, 0x00, 0x00, 0x00, 0x2E, 0x00, 0x00, 0x00, 0x0B, 0x80, 0x00,
    0x00, 0x02, 0xE0, 0x00, 0x00, 0x00, 0xB8, 0x00, 0x00, 0x06, 0xFF, 0xF4, 0x00, 0x1F, 0xFF, 0xFF,
    0xD0, 0x1F, 0xD2, 0xE1, 0xFD, 0x0F, 0x80, 0xB8, 0x0B, 0xC7, 0xC0, 0x2E, 0x00, 0xFA, 0xE0, 0x0B,
    0x80, 0x2F, 0xB8, 0x02, 0xE0, 0x07, 0xEE, 0x00, 0xB8, 0x02, 0xF7, 0xC0, 0x2E, 0x00, 0xF8, 0xF8,
    0x0B, 0x80, 0xBC, 0x1F, 0xD2, 0xE1, 0xFD, 0x01, 0xFF, 0xFF, 0xFD, 0x00, 0x06, 0xFF, 0xF4, 0x00,
    0x00, 0x0B, 0x80, 0x00, 0x00, 0x02, 0xE0, 0x00, 0x00, 0x00, 0xB8, 0x00, 0x00, 0x00, 0x2E, 0x00,
    0x00, 0x00, 0x0B, 0x80, 0x00, 0x3E, 0x00, 0x3E, 0x07, 0xD0, 0x2F, 0x00, 0xBC, 0x1F, 0x00, 0x0F,
    0x8F, 0x40, 0x00, 0xFF, 0xC0, 0x00, 0x2F, 0xC0, 0x00, 0x03, 0xF0, 0x00, 0x03, 0xFE, 0x00, 0x02,
    0xF7, 0xD0, 0x01, 0xF0, 0xBC, 0x00, 0xF4, 0x0F, 0xC0, 0xB8, 0x00, 0xF4, 0x7C, 0x00, 0x2F, 0x00,
    0xF4, 0x00, 0xF4, 0x3D, 0x00, 0x3D, 0x0F, 0x40, 0x0F, 0x43, 0xD0, 0x03, 0xD0, 0xF4, 0x00, 0xF4,
    0x3D, 0x00, 0x3D, 0x0F, 0x40, 0x0F, 0x43, 0xD0, 0x03, 0xD0, 0xF4, 0x00, 0xF4, 0x3D, 0x00, 0x3D,
    0x0F, 0x40, 0x0F, 0x43, 0xFF, 0xFF, 0xFC, 0xFF, 0xFF, 0xFF, 0x00, 0x00, 0x03, 0xC0, 0x00, 0x00,
    0xF0, 0x00, 0x00, 0x3C, 0x00, 0x00, 0x0F, 0x00, 0xF4, 0x00, 0xF7, 0xD0, 0x03, 0xDF, 0x40, 0x0F,
    0x7D, 0x00, 0x3D, 0xF8, 0x00, 0xF6, 0xF4, 0x03, 0xD3, 0xFF, 0xFF, 0x42, 0xFF, 0xBD, 0x00, 0x00,
    0xF4, 0x00, 0x03, 0xD0, 0x00, 0x0F, 0x40, 0x00, 0x3D, 0x00, 0x00, 0xF4, 0xF4, 0x03, 0xD0, 0x0F,
    0xBD, 0x00, 0xF4, 0x03, 0xEF, 0x40, 0x3D, 0x00, 0xFB, 0xD0, 0x0F, 0x40, 0x3E, 0xF4, 0x03, 0xD0,
    0x0F, 0xBD, 0x00, 0xF4, 0x03, 0xEF, 0x40, 0x3D, 0x00, 0xFB, 0xD0, 0x0F, 0x40, 0x3E, 0xF4, 0x03,
    0xD0, 0x0F, 0xBD, 0x00, 0xF4, 0x03, 0xEF, 0x40, 0x3D, 0x00, 0xFB, 0xFF, 0xFF, 0xFF, 0xFE, 0xFF,
    0xFF, 0xFF, 0xFF, 0x80, 0xF4, 0x03, 0xD0, 0x0F, 0x83, 0xD0, 0x0F, 0x40, 0x3E, 0x0F, 0x40, 0x3D,
    0x00, 0xF8, 0x3D, 0x00, 0xF4, 0x03, 0xE0, 0xF4, 0x03, 0xD0, 0x0F, 0x83, 0xD0, 0x0F, 0x40, 0x3E,
    0x0F, 0x40, 0x3D, 0x00, 0xF8, 0x3D, 0x00, 0xF4, 0x03, 0xE0, 0xF4, 0x03, 0xD0, 0x0F, 0x83, 0xD0,
    0x0F, 0x40, 0x3E, 0x0F, 0x40, 0x3D, 0x00, 0xF8, 0x3F, 0xFF, 0xFF, 0xFF, 0xFD, 0xFF, 0xFF, 0xFF,
    0xFF, 0xF4, 0x00, 0x00, 0x00, 0x03, 0xD0, 0x00, 0x00, 0x00, 0x0F, 0x40, 0x00, 0x00, 0x00, 0x3D,
    0x00, 0x00, 0x00, 0x00, 0xF4, 0xBF, 0xF0, 0x00, 0x02, 0xFF, 0xC0, 0x00, 0x00, 0x1F, 0x00, 0x00,
    0x00, 0x7C, 0x00, 0x00, 0x01, 0xFF, 0xFE, 0x00, 0x07, 0xFF, 0xFF, 0x00, 0x1F, 0x00, 0x7F, 0x00,
    0x7C, 0x00, 0x7C, 0x01, 0xF0, 0x00, 0xF0, 0x07, 0xC0, 0x07, 0xC0, 0x1F, 0x00, 0x7F, 0x00, 0x7F,
    0xFF, 0xF0, 0x00, 0xBF, 0xFE, 0x00, 0xF4, 0x00, 0x00, 0x7F, 0xD0, 0x00, 0x01, 0xFF, 0x40, 0x00,
    0x07, 0xFD, 0x00, 0x00, 0x1F, 0xF4, 0x00, 0x00, 0x7F, 0xFF, 0xF8, 0x01, 0xFF, 0xFF, 0xFD, 0x07,
    0xFD, 0x01, 0xFC, 0x1F, 0xF4, 0x00, 0xF0, 0x7F, 0xD0, 0x03, 0xC1, 0xFF, 0x40, 0x7F, 0x07, 0xFF,
    0xFF, 0xF4, 0x1F, 0xAF, 0xFE, 0x00, 0x7C, 0xF4, 0x00, 0x03, 0xD0, 0x00, 0x0F, 0x40, 0x00, 0x3D,
    0x00, 0x00, 0xFF, 0xFE, 0x03, 0xFF, 0xFF, 0x4F, 0x40, 0x7F, 0x3D, 0x00, 0x3D, 0xF4, 0x00, 0xF7,
    0xD0, 0x03, 0xDF, 0x40, 0x7F, 0x3F, 0xFF, 0xF4, 0xAF, 0xFE, 0x00, 0x1B, 0xFD, 0x00, 0x2F, 0xFF,
    0xC0, 0x04, 0x07, 0xF0, 0x00, 0x00, 0xF8, 0x00, 0x00, 0x7C, 0x02, 0xFF, 0xFC, 0x02, 0xFF, 0xFC,
    0x00, 0x00, 0x7C, 0x00, 0x00, 0xBC, 0x00, 0x00, 0xF8, 0x10, 0x07, 0xF0, 0x3F, 0xFF, 0xD0, 0x2F,
    0xFE, 0x00, 0xF4, 0x00, 0x7F, 0xD0, 0x3D, 0x00, 0xFF, 0xFF, 0x0F, 0x40, 0xFD, 0x07, 0xF3, 0xD0,
    0x7D, 0x00, 0x3D, 0xF4, 0x2F, 0x00, 0x0B, 0xBF, 0xFF, 0x80, 0x02, 0xFF, 0xFF, 0xE0, 0x00, 0x7F,
    0xD0, 0xF8, 0x00, 0x2F, 0xF4, 0x2F, 0x00, 0x0B, 0xBD, 0x03, 0xD0, 0x03, 0xDF, 0x40, 0xBD, 0x07,
    0xF3, 0xD0, 0x0F, 0xFF, 0xF0, 0xF4, 0x00, 0x7F, 0xD0, 0x00, 0x00, 0xBF, 0xF9, 0x07, 0xFF, 0xFE,
    0x0F, 0x80, 0x2E, 0x1F, 0x00, 0x2E, 0x1F, 0x00, 0x2E, 0x0F, 0x80, 0x2E, 0x0B, 0xFF, 0xFE, 0x01,
    0xFF, 0xFE, 0x02, 0xE0, 0x2E, 0x07, 0xC0, 0x2E, 0x0F, 0x40, 0x2E, 0x2F, 0x00, 0x2E, 0x3D, 0x00,
    0x2E, 0x00, 0xC0, 0x00, 0x01, 0xF0, 0x00, 0x00, 0xB8, 0x00, 0x00, 0x2D, 0x00, 0x00, 0x09, 0x00,
    0x00, 0x00, 0x00, 0x00, 0x00, 0x00, 0x01, 0xBF, 0x80, 0x0B, 0xFF, 0xF0, 0x2F, 0x41, 0xFC, 0x3D,
    0x00, 0x3D, 0x7C, 0x00, 0x3D, 0xBF, 0xFF, 0xFE, 0xBF, 0xFF, 0xFE, 0xBC, 0x00, 0x00, 0x7C, 0x00,
    0x00, 0x3E, 0x00, 0x00, 0x2F, 0x80, 0x14, 0x0B, 0xFF, 0xF8, 0x01, 0xBF, 0xE4, 0x07, 0x81, 0xE0,
    0x0B, 0xC3, 0xF0, 0x07, 0x81, 0xE0, 0x00, 0x00, 0x00, 0x00, 0x00, 0x00, 0x01, 0xBF, 0x80, 0x0B,
    0xFF, 0xF0, 0x2F, 0x41, 0xFC, 0x3D, 0x00, 0x3D, 0x7C, 0x00, 0x3D, 0xBF, 0xFF, 0xFE, 0xBF, 0xFF,
    0xFE, 0xBC, 0x00, 0x00, 0x7C, 0x00, 0x00, 0x3E, 0x00, 0x00, 0x2F, 0x80, 0x14, 0x0B, 0xFF, 0xF8,
    0x01, 0xBF, 0xE4, 0x0B, 0x40, 0x00, 0x03, 0xD0, 0x00, 0x0F, 0xFF, 0xFC, 0x03, 0xFF, 0xFF, 0x00,
    0x0F, 0x40, 0x00, 0x03, 0xD0, 0x00, 0x00, 0xFB, 0xFE, 0x00, 0x3F, 0xFF, 0xF0, 0x0F, 0x80, 0x7F,
    0x03, 0xD0, 0x07, 0xC0, 0xF4, 0x00, 0xF4, 0x3D, 0x00, 0x3D, 0x0F, 0x40, 0x0F, 0x43, 0xD0, 0x03,
    0xE0, 0xF4, 0x00, 0xF8, 0x3D, 0x00, 0x3E, 0x0F, 0x40, 0x0F, 0x83, 0xD0, 0x03, 0xE0, 0xF4, 0x00,
    0xF8, 0x00, 0x00, 0x3D, 0x00, 0x00, 0x0F, 0x40, 0x00, 0x07, 0xD0, 0x00, 0x2F, 0xF0, 0x00, 0x0B,
    0xE0, 0x00, 0x0C, 0x00, 0x0F, 0x40, 0x0F, 0x40, 0x0B, 0x80, 0x01, 0x80, 0x00, 0x00, 0x00, 0x00,
    0x03, 0xFF, 0xFC, 0xFF, 0xFF, 0x3D, 0x00, 0x0F, 0x40, 0x03, 0xD0, 0x00, 0xF4, 0x00, 0x3D, 0x00,
    0x0F, 0x40, 0x03, 0xD0, 0x00, 0xF4, 0x00, 0x3D, 0x00, 0x0F, 0x40, 0x03, 0xD0, 0x00, 0x01, 0xBF,
    0xE0, 0x2F, 0xFF, 0xC2, 0xF8, 0x01, 0x0F, 0x40, 0x00, 0x7C, 0x00, 0x02, 0xFF, 0xFC, 0x0B, 0xFF,
    0xF0, 0x2F, 0x00, 0x00, 0x7C, 0x00, 0x00, 0xF8, 0x00, 0x02, 0xF8, 0x01, 0x02, 0xFF, 0xFD, 0x01,
    0xBF, 0xE4, 0x0B, 0xFE, 0x03, 0xFF, 0xF4, 0xBD, 0x01, 0x0F, 0x80, 0x00, 0xBC, 0x00, 0x03, 0xF9,
    0x00, 0x0B, 0xFD, 0x00, 0x07, 0xF4, 0x00, 0x0B, 0xC0, 0x00, 0x3C, 0x50, 0x0B, 0xCF, 0xFF, 0xF4,
    0x6F, 0xF9, 0x00, 0x3D, 0x3D, 0x00, 0x00, 0x00, 0x3D, 0x3D, 0x3D, 0x3D, 0x3D, 0x3D, 0x3D, 0x3D,
    0x3D, 0x3D, 0x3D, 0x3D, 0x3D, 0x3C, 0x1E, 0x2F, 0x0F, 0xC3, 0xC1, 0xE0, 0x00, 0x00, 0x00, 0x00,
    0x00, 0xF4, 0x00, 0x3D, 0x00, 0x0F, 0x40, 0x03, 0xD0, 0x00, 0xF4, 0x00, 0x3D, 0x00, 0x0F, 0x40,
    0x03, 0xD0, 0x00, 0xF4, 0x00, 0x3D, 0x00, 0x0F, 0x40, 0x03, 0xD0, 0x00, 0xF4, 0x00, 0x00, 0xF4,
    0x03, 0xD0, 0x00, 0x00, 0x00, 0x00, 0x00, 0x03, 0xD0, 0x0F, 0x40, 0x3D, 0x00, 0xF4, 0x03, 0xD0,
    0x0F, 0x40, 0x3D, 0x00, 0xF4, 0x03, 0xD0, 0x0F, 0x40, 0x3D, 0x00, 0xF4, 0x03, 0xD0, 0x0F, 0x40,
    0x3C, 0x03, 0xF2, 0xFF, 0x4B, 0xF4, 0x00, 0x00, 0xBF, 0xFF, 0xC0, 0x00, 0x00, 0x2F, 0xFF, 0xF0,
    0x00, 0x00, 0x0B, 0x80, 0x7C, 0x00, 0x00, 0x03, 0xD0, 0x1F, 0x00, 0x00, 0x00, 0xF4, 0x07, 0xC0,
    0x00, 0x00, 0x3D, 0x01, 0xFF, 0xFD, 0x00, 0x0F, 0x00, 0x7F, 0xFF, 0xF0, 0x07, 0xC0, 0x1F, 0x00,
    0xBE, 0x02, 0xF0, 0x07, 0xC0, 0x0B, 0xC1, 0xF4, 0x01, 0xF0, 0x02, 0xF2, 0xFC, 0x00, 0x7C, 0x01,
    0xFA, 0xFC, 0x00, 0x1F, 0xFF, 0xFC, 0x78, 0x00, 0x02, 0xFF, 0xF4, 0x00, 0xF4, 0x00, 0xB8, 0x00,
    0x03, 0xD0, 0x02, 0xE0, 0x00, 0x0F, 0x40, 0x0B, 0x80, 0x00, 0x3D, 0x00, 0x2E, 0x00, 0x00, 0xF4,
    0x00, 0xB8, 0x00, 0x03, 0xD0, 0x02, 0xFF, 0xF9, 0x0F, 0xFF, 0xFF, 0xFF, 0xFE, 0x3F, 0xFF, 0xFE,
    0x00, 0xBC, 0xF4, 0x00, 0xB8, 0x00, 0xF7, 0xD0, 0x02, 0xE0, 0x03, 0xDF, 0x40, 0x0B, 0x80, 0x2F,
    0x3D, 0x00, 0x2F, 0xFF, 0xF8, 0xF4, 0x00, 0x6F, 0xFE, 0x40, 0x0B, 0x40, 0x00, 0x03, 0xD0, 0x00,
    0x0F, 0xFF, 0xFC, 0x03, 0xFF, 0xFF, 0x00, 0x0F, 0x40, 0x00, 0x03, 0xD0, 0x00, 0x00, 0xFB, 0xFE,
    0x00, 0x3F, 0xFF, 0xF4, 0x0F, 0x80, 0x7F, 0x03, 0xD0, 0x07, 0xC0, 0xF4, 0x00, 0xF4, 0x3D, 0x00,
    0x3D, 0x0F, 0x40, 0x0F, 0x83, 0xD0, 0x03, 0xE0, 0xF4, 0x00, 0xF8, 0x3D, 0x00, 0x3E, 0x0F, 0x40,
    0x0F, 0x83, 0xD0, 0x03, 0xE0, 0xF4, 0x00, 0xF8, 0x00, 0x09, 0x00, 0x00, 0x2E, 0x00, 0x00, 0x7C,
    0x00, 0x00, 0xF0, 0x00, 0x00, 0xC0, 0x00, 0x00, 0x00, 0x00, 0x00, 0x00, 0x00, 0xF4, 0x02, 0xF0,
    0xF4, 0x07, 0xC0, 0xF4, 0x1F, 0x40, 0xF4, 0x7D, 0x00, 0xF5, 0xF4, 0x00, 0xFB, 0xE0, 0x00, 0xFF,
    0xC0, 0x00, 0xF6, 0xF4, 0x00, 0xF4, 0xBD, 0x00, 0xF4, 0x2F, 0x40, 0xF4, 0x0B, 0xC0, 0xF4, 0x03,
    0xF0, 0xF4, 0x00, 0xF8, 0x02, 0x40, 0x00, 0x0F, 0x00, 0x00, 0x0F, 0x00, 0x00, 0x1F, 0x00, 0x00,
    0x18, 0x00, 0x00, 0x00, 0x00, 0x00, 0x00, 0x3D, 0x00, 0x2F, 0xF4, 0x01, 0xFF, 0xD0, 0x0F, 0xFF,
    0x40, 0xFB, 0xFD, 0x0B, 0x9F, 0xF4, 0x7C, 0x7F, 0xD3, 0xC1, 0xFF, 0x6E, 0x07, 0xFD, 0xF0, 0x1F,
    0xFF, 0x00, 0x7F, 0xF8, 0x01, 0xFF, 0xC0, 0x07, 0xFD, 0x00, 0x1F, 0x03, 0x80, 0xB0, 0x03, 0xD1,
    0xF0, 0x01, 0xFF, 0xD0, 0x00, 0x7F, 0x40, 0x00, 0x00, 0x00, 0x00, 0x00, 0x00, 0x7C, 0x00, 0x2F,
    0x3D, 0x00, 0x3E, 0x3E, 0x00, 0x3D, 0x2F, 0x00, 0x7C, 0x0F, 0x40, 0xB8, 0x0F, 0x80, 0xF4, 0x07,
    0xC0, 0xF0, 0x03, 0xD1, 0xF0, 0x02, 0xE2, 0xD0, 0x00, 0xF3, 0xC0, 0x00, 0xBF, 0x80, 0x00, 0x3F,
    0x40, 0x00, 0x3F, 0x00, 0x00, 0x2E, 0x00, 0x00, 0x3C, 0x00, 0x01, 0xF8, 0x00, 0xBF, 0xF0, 0x00,
    0xBF, 0x40, 0x00, 0xF4, 0x00, 0xF7, 0xD0, 0x03, 0xDF, 0x40, 0x0F, 0x7D, 0x00, 0x3D, 0xF4, 0x00,
    0xF7, 0xD0, 0x03, 0xDF, 0x40, 0x0F, 0x7D, 0x00, 0x3D, 0xF4, 0x00, 0xF7, 0xD0, 0x03, 0xDF, 0x40,
    0x0F, 0x7F, 0xFF, 0xFD, 0xFF, 0xFF, 0xF4, 0x03, 0xD0, 0x00, 0x0F, 0x40, 0x00, 0x3D, 0x00, 0x00,
    0xF4, 0x00, 0x00, 0x3D, 0x00, 0x00, 0x00, 0x03, 0xD0, 0x00, 0x00, 0xBF, 0xFF, 0xFF, 0x40, 0x0B,
    0xFF, 0xFF, 0xF4, 0x00, 0x00, 0x3D, 0x00, 0x00, 0x00, 0x03, 0xD0, 0x00, 0x00, 0x00, 0x3D, 0x00,
    0x00, 0x00, 0x03, 0xFF, 0xF9, 0x00, 0x00, 0x3F, 0xFF, 0xFD, 0x00, 0x03, 0xD0, 0x07, 0xF4, 0x00,
    0x3D, 0x00, 0x0F, 0xC0, 0x03, 0xD0, 0x00, 0x7C, 0x00, 0x3D, 0x00, 0x07, 0xC0, 0x03, 0xD0, 0x00,
    0x7C, 0x00, 0x3D, 0x00, 0x0F, 0xC0, 0x03, 0xD0, 0x07, 0xF4, 0x00, 0x3F, 0xFF, 0xFD, 0x00, 0x02,
    0xFF, 0xF9, 0x00, 0x00, 0xB0, 0x00, 0x00, 0x07, 0xC0, 0x00, 0x00, 0x1F, 0x00, 0x00, 0x00, 0x7C,
    0x00, 0x00, 0x01, 0xF0, 0x00, 0x00, 0x07, 0xC0, 0x00, 0x0B, 0xFF, 0xFF, 0x80, 0x2F, 0xFF, 0xFE,
    0x00, 0x01, 0xF0, 0x00, 0x00, 0x07, 0xC0, 0x00, 0x00, 0x1F, 0xFF, 0xE0, 0x00, 0x7F, 0xFF, 0xF0,
    0x01, 0xF0, 0x07, 0xF0, 0x07, 0xC0, 0x07, 0xC0, 0x1F, 0x00, 0x0F, 0x00, 0x7C, 0x00, 0x7C, 0x01,
    0xF0, 0x07, 0xF0, 0x07, 0xFF, 0xFF, 0x00, 0x0B, 0xFF, 0xE0, 0x00, 0x00, 0x1B, 0xFE, 0x00, 0x00,
    0x7F, 0xFF, 0xF8, 0x00, 0x7F, 0x40, 0x6F, 0xC0, 0x3F, 0x00, 0x01, 0xF8, 0x2F, 0x00, 0x00, 0x2F,
    0x0F, 0x80, 0x00, 0x03, 0xE7, 0xD0, 0x00, 0x00, 0xFD, 0xF2, 0xFD, 0x00, 0x2F, 0xBF, 0xFF, 0xF4,
    0x1F, 0xDF, 0xD0, 0x7F, 0xFF, 0xF7, 0xD0, 0x01, 0xBE, 0xFC, 0xF4, 0x00, 0x00, 0x3E, 0x2F, 0x00,
    0x00, 0x2F, 0x03, 0xE0, 0x00, 0x1F, 0x80, 0x7F, 0x40, 0x2F, 0xC0, 0x07, 0xFF, 0xFF, 0x80, 0x00,
    0x1B, 0xFE, 0x00, 0x00, 0x01, 0xBF, 0x80, 0x02, 0xFF, 0xFD, 0x02, 0xF4, 0x0B, 0xD0, 0xF0, 0x00,
    0xBC, 0x7E, 0xE0, 0x0F, 0x2F, 0xFF, 0x47, 0xDB, 0xD1, 0xFF, 0xF6, 0xF0, 0x0F, 0xFD, 0x7C, 0x00,
    0x0F, 0x0F, 0x80, 0x0B, 0xC2, 0xF8, 0x0B, 0xD0, 0x2F, 0xFF, 0xD0, 0x01, 0xBF, 0x80, 0x00, 0xBC,
    0x00, 0x00, 0x0B, 0xF4, 0x3D, 0x00, 0x00, 0x2F, 0xFC, 0x3F, 0x00, 0x00, 0x3E, 0x10, 0x2F, 0x00,
    0x00, 0xBC, 0x00, 0x0F, 0x80, 0x00, 0xF4, 0x00, 0x0F, 0xC0, 0x01, 0xF0, 0x00, 0x07, 0xD0, 0x03,
    0xE0, 0x00, 0x03, 0xE0, 0x03, 0xC0, 0x00, 0x02, 0xF0, 0x0B, 0xC0, 0x00, 0x00, 0xF4, 0x0F, 0x40,
    0x00, 0x00, 0xFC, 0x1F, 0x00, 0x00, 0x00, 0x7D, 0x3E, 0x00, 0x00, 0x00, 0x3E, 0x3C, 0x00, 0x00,
    0x00, 0x1F, 0xBC, 0x00, 0x00, 0x00, 0x0F, 0xF4, 0x00, 0x00, 0x00, 0x0B, 0xF0, 0x00, 0x00, 0x00,
    0x03, 0xE0, 0x00, 0x00, 0x7C, 0x00, 0x0B, 0xF0, 0xF4, 0x00, 0x7F, 0xC3, 0xE0, 0x03, 0xE0, 0x0B,
    0xC0, 0x1F, 0x00, 0x0F, 0x40, 0xB8, 0x00, 0x3E, 0x03, 0xC0, 0x00, 0x7C, 0x1F, 0x00, 0x00, 0xF4,
    0xF4, 0x00, 0x02, 0xF3, 0xC0, 0x00, 0x07, 0xEE, 0x00, 0x00, 0x0F, 0xF4, 0x00, 0x00, 0x1F, 0xC0,
    0x00, 0x00, 0x3E, 0x00, 0x00, 0x02, 0xD0, 0x38, 0x00, 0x00, 0x3C, 0x2D, 0x00, 0x00, 0x0B, 0xFF,
    0x00, 0x00, 0x00, 0xBE, 0x00, 0x00, 0x00, 0x00, 0x00, 0x00, 0x00, 0x00, 0x00, 0x00, 0x0F, 0x80,
    0x00, 0x1F, 0x03, 0xE0, 0x00, 0x0F, 0xC0, 0xF8, 0x00, 0x0F, 0xF0, 0x3E, 0x00, 0x0F, 0xFC, 0x0F,
    0x80, 0x0B, 0xDF, 0x03, 0xE0, 0x07, 0xC7, 0xC0, 0xF8, 0x03, 0xD1, 0xF0, 0x3E, 0x03, 0xE0, 0x7C,
    0x0F, 0x82, 0xF0, 0x1F, 0x03, 0xE1, 0xF0, 0x07, 0xC0, 0xF8, 0xF8, 0x01, 0xF0, 0x3E, 0xFC, 0x00,
    0x7C, 0x0F, 0xFC, 0x00, 0x1F, 0x03, 0xFD, 0x00, 0x07, 0xC0, 0xFF, 0x00, 0x01, 0xF0, 0x3F, 0x00,
    0x00, 0x7F, 0xDF, 0x40, 0x00, 0x1F, 0xF0, 0x00, 0x00, 0x00, 0x7C, 0x00, 0x00, 0x00, 0x3E, 0x00,
    0x00, 0x00, 0x1F, 0x00, 0x00, 0x00, 0x0F, 0x40, 0x00, 0x00, 0x01, 0x80, 0x0E, 0x02, 0xC0, 0x00,
    0xF4, 0x7C, 0x00, 0x07, 0xFF, 0x40, 0x00, 0x1F, 0xD0, 0x00, 0x00, 0x00, 0x00, 0x00, 0x00, 0x00,
    0x00, 0xF4, 0x00, 0xBC, 0x0F, 0x40, 0x1F, 0xC0, 0xF4, 0x03, 0xFC, 0x0F, 0x40, 0xFB, 0xC0, 0xF4,
    0x2E, 0x7C, 0x0F, 0x47, 0xC7, 0xC0, 0xF4, 0xF0, 0x7C, 0x0F, 0x6E, 0x07, 0xC0, 0xF7, 0xC0, 0x7C,
    0x0F, 0xF0, 0x07, 0xC0, 0xFE, 0x00, 0x7C, 0x0F, 0xC0, 0x07, 0xFC, 0xF4, 0x00, 0x7F, 0xC0, 0x00,
    0x00, 0x7C, 0x00, 0x00, 0x0F, 0x80, 0x00, 0x00, 0xF0, 0x00, 0x00, 0x3E, 0x00, 0x00, 0x01, 0xC0,
    0x0B, 0xC0, 0x00, 0x00, 0x2F, 0x00, 0x00, 0x0B, 0xFF, 0xF0, 0x00, 0x2F, 0xFF, 0xC0, 0x00, 0x0B,
    0xC0, 0x00, 0x00, 0x2F, 0x00, 0x00, 0x00, 0xBC, 0x00, 0x00, 0x02, 0xFF, 0xFE, 0x40, 0x0B, 0xFF,
    0xFF, 0xC0, 0x2F, 0x00, 0x6F, 0xC0, 0xBC, 0x00, 0x1F, 0x42, 0xF0, 0x00, 0x3E, 0x0B, 0xC0, 0x00,
    0xFC, 0x2F, 0x00, 0x03, 0xE0, 0xBC, 0x00, 0x1F, 0x42, 0xF0, 0x06, 0xFC, 0x0B, 0xFF, 0xFF, 0xC0,
    0x1B, 0xFF, 0xE4, 0x00, 0x0F, 0x80, 0x00, 0x2F, 0xFF, 0xD0, 0x0B, 0xFF, 0xF4, 0x00, 0x3E, 0x00,
    0x00, 0x0F, 0x80, 0x00, 0x03, 0xFF, 0xF9, 0x00, 0xFF, 0xFF, 0xE0, 0x3E, 0x00, 0xBC, 0x0F, 0x80,
    0x0F, 0x43, 0xE0, 0x03, 0xD0, 0xF8, 0x02, 0xF0, 0x3F, 0xFF, 0xF8, 0x06, 0xFF, 0xE4, 0x00, 0xBF,
    0xFE, 0x40, 0x3F, 0xFF, 0xFD, 0x0F, 0x80, 0x1F, 0xD3, 0xE0, 0x00, 0xFC, 0xF8, 0x00, 0x1F, 0x3E,
    0x00, 0x03, 0xDF, 0x82, 0x81, 0xF3, 0xE0, 0xF0, 0xFC, 0xF8, 0x1F, 0xFD, 0x3F, 0xFF, 0xFD, 0x0F,
    0xFF, 0xFC, 0x03, 0xE0, 0x0B, 0x80, 0xF8, 0x00, 0xF4, 0x3E, 0x00, 0x18, 0x0F, 0x80, 0x00, 0x03,
    0xE0, 0x00, 0x00, 0xF8, 0x00, 0x00, 0x00, 0x6F, 0xFE, 0x00, 0xFF, 0xFF, 0xD0, 0xF4, 0x07, 0xF4,
    0xF4, 0x00, 0xFC, 0xF4, 0x00, 0x7C, 0xF4, 0x00, 0x3D, 0xF4, 0x00, 0x3D, 0xF4, 0x24, 0x3D, 0xF4,
    0x3C, 0x7C, 0xF4, 0x2D, 0xBC, 0xFD, 0x0F, 0xF4, 0xFF, 0xFF, 0xE0, 0xFA, 0xFF, 0xC0, 0xF4, 0x00,
    0xF0, 0xF4, 0x00, 0xA0, 0xF4, 0x00, 0x00, 0xF4, 0x00, 0x00, 0xF4, 0x00, 0x00, 0x00, 0x00, 0xF4,
    0x00, 0x03, 0xD0, 0x00, 0x0F, 0x7F, 0xFF, 0xFD, 0xFF, 0xFF, 0xF7, 0xE0, 0x00, 0x0F, 0x80, 0x00,
    0x3E, 0x00, 0x00, 0xF8, 0x00, 0x03, 0xE0, 0x00, 0x0F, 0x80, 0x00, 0x3E, 0x00, 0x00, 0xF8, 0x00,
    0x03, 0xE0, 0x00, 0x0F, 0x80, 0x00, 0x3E, 0x00, 0x00, 0xF8, 0x00, 0x03, 0xE0, 0x00, 0x0F, 0x80,
    0x00, 0x3E, 0x00, 0x00, 0x00, 0x0F, 0x40, 0x03, 0xD0, 0x00, 0xF7, 0xFF, 0xFD, 0xFF, 0xFF, 0x7D,
    0x00, 0x0F, 0x40, 0x03, 0xD0, 0x00, 0xF4, 0x00, 0x3D, 0x00, 0x0F, 0x40, 0x03, 0xD0, 0x00, 0xF4,
    0x00, 0x3D, 0x00, 0x0F, 0x40, 0x03, 0xD0, 0x00, 0x0B, 0xFF, 0xFF, 0x82, 0xFF, 0xFF, 0xE0, 0xBC,
    0x00, 0x00, 0x2F, 0x00, 0x00, 0x0B, 0xC0, 0x00, 0x02, 0xF0, 0x00, 0x00, 0xBC, 0x00, 0x02, 0xFF,
    0xFF, 0x00, 0xBF, 0xFF, 0xC0, 0x02, 0xF0, 0x00, 0x00, 0xBC, 0x00, 0x00, 0x2F, 0x00, 0x00, 0x0B,
    0xC0, 0x00, 0x02, 0xF0, 0x00, 0x00, 0xBC, 0x00, 0x00, 0x2F, 0x00, 0x00, 0x0B, 0xC0, 0x00, 0x00,
    0x0F, 0xFF, 0xF4, 0x3F, 0xFF, 0xD0, 0xF8, 0x00, 0x03, 0xE0, 0x00, 0x0F, 0x80, 0x00, 0x3E, 0x00,
    0x0B, 0xFF, 0xF0, 0x2F, 0xFF, 0xC0, 0x0F, 0x80, 0x00, 0x3E, 0x00, 0x00, 0xF8, 0x00, 0x03, 0xE0,
    0x00, 0x0F, 0x80, 0x00, 0xFF, 0xFF, 0xF4, 0x3F, 0xFF, 0xFD, 0x0F, 0x80, 0x00, 0x03, 0xE0, 0x00,
    0x00, 0xF8, 0x00, 0x00, 0x3E, 0x00, 0x00, 0x0F, 0xEF, 0xF8, 0x03, 0xFF, 0xFF, 0xD0, 0xF8, 0x01,
    0xFC, 0x3E, 0x00, 0x0F, 0xCF, 0x80, 0x02, 0xF3, 0xE0, 0x00, 0x3D, 0xF8, 0x00, 0x0F, 0xBE, 0x00,
    0x03, 0xEF, 0x80, 0x00, 0xFB, 0xE0, 0x00, 0x3E, 0xF8, 0x00, 0x0F, 0x40, 0x00, 0x0B, 0xC0, 0x00,
    0x07, 0xE0, 0x00, 0x0B, 0xF0, 0x00, 0x7F, 0xF0, 0x00, 0x1F, 0xD0, 0x00, 0xFF, 0xFF, 0xC3, 0xFF,
    0xFF, 0x0F, 0x40, 0x00, 0x3D, 0x00, 0x00, 0xF4, 0x00, 0x03, 0xFF, 0xF8, 0x0F, 0xFF, 0xFC, 0x3D,
    0x01, 0xFC, 0xF4, 0x00, 0xF7, 0xD0, 0x03, 0xEF, 0x40, 0x0B, 0xBD, 0x00, 0x2E, 0xF4, 0x00, 0xB8,
    0x00, 0x03, 0xD0, 0x00, 0x1F, 0x00, 0x01, 0xF8, 0x00, 0xBF, 0xC0, 0x02, 0xF8, 0x00, 0x2F, 0x00,
    0x0F, 0x40, 0x0B, 0xC0, 0x2F, 0x00, 0x3D, 0x00, 0xBD, 0x00, 0x3F, 0x00, 0xF4, 0x07, 0xD0, 0x00,
    0x3F, 0x03, 0xD0, 0x7D, 0x00, 0x00, 0x3F, 0x0F, 0x43, 0xE0, 0x00, 0x00, 0x3E, 0x3D, 0x3E, 0x00,
    0x00, 0x00, 0x3E, 0xFB, 0xF0, 0x00, 0x00, 0x00, 0xBF, 0xFF, 0x00, 0x00, 0x00, 0x03, 0xCF, 0x5F,
    0x00, 0x00, 0x00, 0x3D, 0x3D, 0x2E, 0x00, 0x00, 0x03, 0xD0, 0xF4, 0x3E, 0x00, 0x00, 0x3E, 0x03,
    0xD0, 0x3D, 0x00, 0x02, 0xF0, 0x0F, 0x40, 0x7C, 0x00, 0x1F, 0x40, 0x3D, 0x00, 0xFC, 0x00, 0xF8,
    0x00, 0xF4, 0x00, 0xF4, 0x0B, 0xC0, 0x03, 0xD0, 0x02, 0xFF, 0x3E, 0x00, 0x0F, 0x40, 0x03, 0xFC,
    0x00, 0x00, 0x00, 0x00, 0x01, 0xF0, 0x00, 0x00, 0x00, 0x00, 0x07, 0xC0, 0x00, 0x00, 0x00, 0x00,
    0x1F, 0x00, 0x00, 0x00, 0x00, 0x00, 0x7C, 0x00, 0x00, 0x00, 0x00, 0x01, 0xF0, 0x2F, 0x00, 0xB8,
    0x03, 0xE0, 0x0B, 0xC0, 0xB8, 0x0F, 0x80, 0x02, 0xF0, 0xB8, 0x3E, 0x00, 0x00, 0xBC, 0xB8, 0xBC,
    0x00, 0x00, 0x3E, 0xBA, 0xF0, 0x00, 0x00, 0x0F, 0xFF, 0xC0, 0x00, 0x00, 0x2D, 0xBF, 0xF0, 0x00,
    0x00, 0xB8, 0xB8, 0xF8, 0x00, 0x01, 0xF0, 0xB8, 0x7E, 0x00, 0x07, 0xC0, 0xB8, 0x1F, 0x40, 0x0F,
    0x40, 0xB8, 0x0B, 0xC0, 0x2F, 0x00, 0xB8, 0x03, 0xFC, 0x7C, 0x00, 0xB8, 0x00, 0xFC, 0x00, 0x00,
    0x00, 0x00, 0x3C, 0x00, 0x00, 0x00, 0x00, 0x3C, 0x00, 0x00, 0x00, 0x00, 0x3C, 0x00, 0x00, 0x00,
    0x00, 0x3C, 0x06, 0xFF, 0x90, 0x01, 0xFF, 0xFF, 0xC0, 0x0D, 0x00, 0xBF, 0x00, 0x00, 0x02, 0xF0,
    0x00, 0x00, 0x1F, 0x00, 0x00, 0x02, 0xF0, 0x00, 0x01, 0xFD, 0x00, 0x1F, 0xFF, 0x00, 0x01, 0xFF,
    0xF8, 0x00, 0x00, 0x07, 0xF0, 0x00, 0x00, 0x0F, 0x80, 0x00, 0x00, 0xBC, 0x00, 0x00, 0x0B, 0xC0,
    0x00, 0x00, 0xFC, 0x39, 0x00, 0x7F, 0x43, 0xFF, 0xFF, 0xE0, 0x06, 0xFF, 0xA0, 0x00, 0x01, 0xE0,
    0x00, 0x00, 0x0F, 0x40, 0x00, 0x00, 0xB8, 0x00, 0x00, 0xFF, 0x40, 0x00, 0x0F, 0xE0, 0x00, 0x2F,
    0xFD, 0x07, 0xFF, 0xFC, 0x10, 0x0B, 0xD0, 0x00, 0x3E, 0x00, 0x07, 0xC0, 0xBF, 0xF4, 0x0B, 0xFF,
    0x80, 0x00, 0x7E, 0x00, 0x01, 0xF0, 0x00, 0x1F, 0x50, 0x07, 0xFB, 0xFF, 0xFC, 0x6F, 0xFE, 0x00,
    0x0E, 0x00, 0x00, 0xB4, 0x00, 0x07, 0x80, 0x0B, 0xF8, 0x00, 0xBE, 0x00, 0xF8, 0x00, 0x1F, 0x43,
    0xE0, 0x01, 0xF4, 0x0F, 0x80, 0x1F, 0x40, 0x3E, 0x01, 0xF4, 0x00, 0xF8, 0x1F, 0x40, 0x03, 0xE1,
    0xF4, 0x00, 0x0F, 0x9F, 0x00, 0x00, 0x3E, 0xF4, 0x00, 0x00, 0xF9, 0xF0, 0x00, 0x03, 0xE2, 0xF0,
    0x00, 0x0F, 0x82, 0xF0, 0x00, 0x3E, 0x03, 0xF0, 0x00, 0xF8, 0x03, 0xF0, 0x03, 0xE0, 0x03, 0xF0,
    0x0F, 0x80, 0x07, 0xF0, 0x3E, 0x00, 0x07, 0xFD, 0xF8, 0x00, 0x0B, 0xF4, 0x00, 0x00, 0x03, 0xD0,
    0x00, 0x00, 0x0F, 0x40, 0x00, 0x00, 0x3D, 0x00, 0x00, 0x00, 0xF4, 0x00, 0x00, 0x03, 0xD0, 0xF4,
    0x02, 0xF0, 0xF4, 0x0B, 0xC0, 0xF4, 0x2F, 0x00, 0xF4, 0xBC, 0x00, 0xF6, 0xF0, 0x00, 0xFF, 0xC0,
    0x00, 0xF7, 0xE0, 0x00, 0xF4, 0xF8, 0x00, 0xF4, 0x7E, 0x00, 0xF4, 0x1F, 0x40, 0xF4, 0x0B, 0xD0,
    0xF4, 0x03, 0xFE, 0xF4, 0x00, 0xFE, 0x00, 0x00, 0x2E, 0x00, 0x00, 0x2E, 0x00, 0x00, 0x2E, 0x00,
    0x00, 0x19, 0xF8, 0x00, 0x02, 0xF0, 0xF8, 0x00, 0x07, 0xD0, 0xF8, 0x00, 0x1F, 0x40, 0xF8, 0xF0,
    0x3E, 0x00, 0xF8, 0xF0, 0xF8, 0x00, 0xF8, 0xF3, 0xF0, 0x00, 0xF8, 0xFF, 0xC0, 0x00, 0xFF, 0xFF,
    0x00, 0x00, 0xFF, 0xFB, 0xC0, 0x00, 0xF8, 0xF3, 0xE0, 0x00, 0xF8, 0xF0, 0xF4, 0x00, 0xF8, 0xF0,
    0xBC, 0x00, 0xF8, 0xF0, 0x3F, 0x00, 0xF8, 0x00, 0x0F, 0x80, 0xF8, 0x00, 0x07, 0xD0, 0xF8, 0x00,
    0x02, 0xF0, 0xF8, 0x00, 0x00, 0xFC, 0xF4, 0x00, 0x2F, 0x0F, 0x40, 0x07, 0xC0, 0xF4, 0xE1, 0xF4,
    0x0F, 0x4E, 0x7D, 0x00, 0xF4, 0xFF, 0x40, 0x0F, 0xFF, 0xE0, 0x00, 0xFF, 0xFF, 0x00, 0x0F, 0x4E,
    0x7C, 0x00, 0xF4, 0xE3, 0xE0, 0x0F, 0x4E, 0x0F, 0x80, 0xF4, 0x00, 0x7D, 0x0F, 0x40, 0x02, 0xF0,
    0xF4, 0x00, 0x0F, 0xC0, 0x0B, 0xC0, 0x01, 0xF8, 0x0B, 0xC0, 0x07, 0xE0, 0xBF, 0xFD, 0x1F, 0x80,
    0xBF, 0xFD, 0x7E, 0x00, 0x0B, 0xC1, 0xF8, 0x00, 0x0B, 0xC7, 0xE0, 0x00, 0x0B, 0xEF, 0x80, 0x00,
    0x0B, 0xFE, 0x00, 0x00, 0x0B, 0xFF, 0x80, 0x00, 0x0B, 0xDF, 0xE0, 0x00, 0x0B, 0xC3, 0xF8, 0x00,
    0x0B, 0xC0, 0xFE, 0x00, 0x0B, 0xC0, 0x2F, 0x80, 0x0B, 0xC0, 0x0F, 0xD0, 0x0B, 0xC0, 0x03, 0xF0,
    0x0B, 0xC0, 0x00, 0xFC, 0x0B, 0xC0, 0x00, 0x7E, 0x0F, 0x80, 0x0F, 0x80, 0xF8, 0x03, 0xE0, 0xBF,
    0xF4, 0xF8, 0x0B, 0xFF, 0xBE, 0x00, 0x0F, 0x8F, 0xC0, 0x00, 0xFB, 0xF0, 0x00, 0x0F, 0xBD, 0x00,
    0x00, 0xF8, 0xF4, 0x00, 0x0F, 0x83, 0xE0, 0x00, 0xF8, 0x1F, 0x80, 0x0F, 0x80, 0x7D, 0x00, 0xF8,
    0x01, 0xF4, 0x0F, 0x80, 0x0B, 0xC0, 0xBF, 0xFD, 0x00, 0x0B, 0xC2, 0xFF, 0xF4, 0x00, 0xFC, 0x00,
    0x03, 0xD0, 0x0F, 0xC0, 0x00, 0x0F, 0x40, 0xFC, 0x00, 0x00, 0x3D, 0x0F, 0xC0, 0x00, 0x00, 0xF4,
    0xFC, 0x00, 0x00, 0x03, 0xEF, 0xC0, 0x00, 0x00, 0x0F, 0xFC, 0x00, 0x00, 0x00, 0x3F, 0xFC, 0x00,
    0x00, 0x00, 0xF7, 0xFD, 0x00, 0x00, 0x03, 0xD2, 0xFC, 0x00, 0x00, 0x0F, 0x41, 0xFC, 0x00, 0x00,
    0x3D, 0x01, 0xFC, 0x00, 0x00, 0xF4, 0x01, 0xFC, 0x00, 0x03, 0xD0, 0x01, 0xF8, 0x00, 0x0F, 0x40,
    0x02, 0xF4, 0x00, 0x3D, 0x00, 0x03, 0xF0, 0xBF, 0xF0, 0x03, 0xF2, 0xFF, 0xC0, 0x2F, 0x00, 0x1F,
    0x02, 0xF0, 0x00, 0x7C, 0x2F, 0x00, 0x01, 0xF1, 0xF0, 0x00, 0x07, 0xEF, 0x40, 0x00, 0x1F, 0xFC,
    0x00, 0x00, 0x7D, 0xFC, 0x00, 0x01, 0xF0, 0xFC, 0x00, 0x07, 0xC0, 0xBC, 0x00, 0x1F, 0x00, 0xFC,
    0x00, 0x7C, 0x00, 0xF8, 0x01, 0xF0, 0x01, 0xF4, 0xF8, 0x00, 0x03, 0xD0, 0xF8, 0x00, 0x03, 0xD0,
    0xF8, 0x00, 0x03, 0xD0, 0xF8, 0x00, 0x03, 0xD0, 0xF8, 0x00, 0x03, 0xD0, 0xF8, 0x00, 0x03, 0xD0,
    0xF8, 0x00, 0x03, 0xD0, 0xFF, 0xFF, 0xFF, 0xD0, 0xFF, 0xFF, 0xFF, 0xD0, 0xF8, 0x00, 0x03, 0xD0,
    0xF8, 0x00, 0x03, 0xD0, 0xF8, 0x00, 0x03, 0xD0, 0xF8, 0x00, 0x03, 0xD0, 0xF8, 0x00, 0x03, 0xD0,
    0xF8, 0x00, 0x03, 0xD0, 0xF8, 0x00, 0x03, 0xFE, 0xF8, 0x00, 0x03, 0xFE, 0x00, 0x00, 0x00, 0x2E,
    0x00, 0x00, 0x00, 0x2E, 0x00, 0x00, 0x00, 0x2E, 0x00, 0x00, 0x00, 0x2E, 0x00, 0x00, 0x00, 0x2E,
    0xF4, 0x00, 0xB8, 0x3D, 0x00, 0x2E, 0x0F, 0x40, 0x0B, 0x83, 0xD0, 0x02, 0xE0, 0xF4, 0x00, 0xB8,
    0x3F, 0xFF, 0xFE, 0x0F, 0xFF, 0xFF, 0x83, 0xD0, 0x02, 0xE0, 0xF4, 0x00, 0xB8, 0x3D, 0x00, 0x2E,
    0x0F, 0x40, 0x0B, 0x83, 0xD0, 0x02, 0xFD, 0xF4, 0x00, 0xBF, 0x40, 0x00, 0x03, 0xD0, 0x00, 0x00,
    0xF4, 0x00, 0x00, 0x3D, 0x00, 0x00, 0x0F, 0x40, 0xF8, 0x00, 0x03, 0xFF, 0xFF, 0x80, 0x00, 0x3F,
    0xFF, 0xF8, 0x00, 0x03, 0xD0, 0x0F, 0x80, 0x00, 0x3D, 0x00, 0xF8, 0x00, 0x03, 0xD0, 0x0F, 0x80,
    0x00, 0x3D, 0x00, 0xF8, 0x00, 0x03, 0xD0, 0x0F, 0xFF, 0xFF, 0xFD, 0x00, 0xFF, 0xFF, 0xFF, 0xD0,
    0x0F, 0x80, 0x00, 0x3D, 0x00, 0xF8, 0x00, 0x03, 0xD0, 0x0F, 0x80, 0x00, 0x3D, 0x00, 0xF8, 0x00,
    0x03, 0xD0, 0x0F, 0x80, 0x00, 0x3D, 0x00, 0xF8, 0x00, 0x03, 0xD0, 0x0F, 0x80, 0x00, 0x3D, 0x00,
    0xF8, 0x00, 0x03, 0xD0, 0x00, 0xF4, 0x00, 0xBF, 0xFF, 0x40, 0x0B, 0xFF, 0xF4, 0x00, 0xB8, 0x0F,
    0x40, 0x0B, 0x80, 0xF4, 0x00, 0xB8, 0x0F, 0xFF, 0xFF, 0x80, 0xFF, 0xFF, 0xF8, 0x0F, 0x40, 0x0B,
    0x80, 0xF4, 0x00, 0xB8, 0x0F, 0x40, 0x0B, 0x80, 0xF4, 0x00, 0xB8, 0x0F, 0x40, 0x0B, 0x80, 0xF4,
    0x00, 0xB8, 0x00, 0xFF, 0xFF, 0xFF, 0xC0, 0x00, 0x03, 0xFF, 0xFF, 0xFF, 0x00, 0x00, 0x0F, 0x80,
    0x00, 0xBC, 0x00, 0x00, 0x3E, 0x00, 0x02, 0xF0, 0x00, 0x00, 0xF8, 0x00, 0x0B, 0xC0, 0x00, 0x03,
    0xE0, 0x00, 0x2F, 0x00, 0x00, 0x0F, 0x80, 0x00, 0xBE, 0xFF, 0x80, 0x3E, 0x00, 0x02, 0xFF, 0xFF,
    0xD0, 0xF8, 0x00, 0x0B, 0xD0, 0x1F, 0xD3, 0xE0, 0x00, 0x2F, 0x00, 0x0F, 0xCF, 0x80, 0x00, 0xBC,
    0x00, 0x1F, 0x7E, 0x00, 0x02, 0xF0, 0x00, 0x3E, 0xF8, 0x00, 0x0B, 0xC0, 0x00, 0xBF, 0xE0, 0x00,
    0x2F, 0x00, 0x02, 0xFF, 0x80, 0x00, 0xBC, 0x00, 0x0B, 0xFE, 0x00, 0x02, 0xF0, 0x00, 0x2F, 0xF8,
    0x00, 0x0B, 0xC0, 0x00, 0xF8, 0x00, 0x00, 0x00, 0x00, 0x07, 0xD0, 0x00, 0x00, 0x00, 0x00, 0x3F,
    0x00, 0x00, 0x00, 0x00, 0x07, 0xF0, 0x00, 0x00, 0x00, 0x03, 0xFF, 0x40, 0x00, 0x00, 0x00, 0x0F,
    0xE0, 0x00, 0xFF, 0xFF, 0xF4, 0x00, 0x03, 0xFF, 0xFF, 0xD0, 0x00, 0x0F, 0x40, 0x0F, 0x40, 0x00,
    0x3D, 0x00, 0x3D, 0x00, 0x00, 0xF4, 0x00, 0xF4, 0x00, 0x03, 0xD0, 0x03, 0xFF, 0xF8, 0x0F, 0x40,
    0x0F, 0xFF, 0xFD, 0x3D, 0x00, 0x3E, 0x01, 0xFC, 0xF4, 0x00, 0xF4, 0x00, 0xF7, 0xD0, 0x03, 0xD0,
    0x03, 0xEF, 0x40, 0x0F, 0x40, 0x0B, 0xBD, 0x00, 0x3D, 0x00, 0x2E, 0xF4, 0x00, 0xF4, 0x00, 0xB8,
    0x00, 0x00, 0x00, 0x03, 0xE0, 0x00, 0x00, 0x00, 0x0F, 0x00, 0x00, 0x00, 0x01, 0xFC, 0x00, 0x00,
    0x00, 0xBF, 0xC0, 0x00, 0x00, 0x02, 0xF8, 0x00, 0x00, 0x1B, 0xFE, 0x80, 0x00, 0x0F, 0xFF, 0xFC,
    0x00, 0x07, 0xF8, 0x01, 0x40, 0x00, 0xFC, 0x00, 0x00, 0x00, 0x2F, 0x00, 0x00, 0x00, 0x03, 0xE0,
    0x01, 0xFF, 0x80, 0x7C, 0x00, 0xBF, 0xFF, 0x07, 0xC0, 0x1F, 0x81, 0xF8, 0xBC, 0x02, 0xF0, 0x0B,
    0xC7, 0xC0, 0x3E, 0x00, 0x7C, 0x7C, 0x03, 0xD0, 0x03, 0xC3, 0xE0, 0x3D, 0x00, 0x7C, 0x2F, 0x03,
    0xE0, 0x0B, 0xC0, 0xFC, 0x2E, 0x01, 0xF4, 0x07, 0xFA, 0xF1, 0xBE, 0x00, 0x0F, 0xFF, 0xFF, 0x40,
    0x00, 0x1B, 0xFE, 0x40, 0x00, 0x00, 0x03, 0xD0, 0x00, 0x00, 0x00, 0x1F, 0x40, 0x00, 0x00, 0x00,
    0xBF, 0x40, 0x00, 0x00, 0x01, 0xFF, 0x40, 0x00, 0x00, 0x01, 0xF4, 0x01, 0xBF, 0x80, 0x00, 0xBF,
    0xF8, 0x00, 0x2F, 0x80, 0x00, 0x03, 0xD0, 0x2F, 0xD0, 0x7C, 0x0F, 0xFF, 0x0B, 0x81, 0xF0, 0xB8,
    0xB8, 0x2D, 0x03, 0xCB, 0x83, 0xD0, 0x3C, 0x7C, 0x3D, 0x07, 0xC3, 0xD2, 0xD0, 0xF8, 0x2F, 0xAE,
    0x2F, 0x00, 0xBF, 0xFF, 0xC0, 0x00, 0xBF, 0xE0, 0x00, 0x00, 0x7C, 0x00, 0x00, 0x02, 0xF8, 0x00,
    0x00, 0x0B, 0xF4, 0x00, 0x00, 0x1B, 0x40, 0x00, 0x1B, 0xFE, 0x40, 0x1F, 0xFF, 0xFE, 0x07, 0xF4,
    0x01, 0xD0, 0xFC, 0x00, 0x00, 0x2F, 0x00, 0x00, 0x03, 0xE0, 0x00, 0x00, 0x7D, 0x00, 0x00, 0x07,
    0xC0, 0x00, 0x00, 0xBC, 0x00, 0x00, 0x07, 0xC0, 0x00, 0x00, 0x7C, 0x00, 0x00, 0x03, 0xE0, 0x00,
    0x00, 0x3F, 0x00, 0x00, 0x01, 0xF8, 0x00, 0x00, 0x0B, 0xF4, 0x01, 0x90, 0x1F, 0xFF, 0xFE, 0x00,
    0x1F, 0xFE, 0x40, 0x00, 0x38, 0x00, 0x00, 0x03, 0xC0, 0x00, 0x00, 0x2F, 0x00, 0x00, 0x01, 0xF0,
    0x00, 0x02, 0xFE, 0x00, 0x00, 0x1F, 0x80, 0x00, 0x01, 0xBF, 0xD0, 0x2F, 0xFF, 0x82, 0xF8, 0x04,
    0x0F, 0x80, 0x00, 0x7C, 0x00, 0x02, 0xF0, 0x00, 0x0B, 0x80, 0x00, 0x2F, 0x00, 0x00, 0x7C, 0x00,
    0x00, 0xF8, 0x00, 0x02, 0xF8, 0x01, 0x02, 0xFF, 0xFC, 0x01, 0xBF, 0xE0, 0x00, 0xF0, 0x00, 0x03,
    0xD0, 0x00, 0x07, 0xC0, 0x00, 0x0F, 0x00, 0x07, 0xFC, 0x00, 0x1F, 0xC0, 0x00, 0xBF, 0xFF, 0xFF,
    0xEB, 0xFF, 0xFF, 0xFE, 0x00, 0x0F, 0x40, 0x00, 0x00, 0xF4, 0x00, 0x00, 0x0F, 0x40, 0x00, 0x00,
    0xF4, 0x00, 0x00, 0x0F, 0x40, 0x00, 0x00, 0xF4, 0x00, 0x00, 0x0F, 0x40, 0x00, 0x00, 0xF4, 0x00,
    0x00, 0x0F, 0x40, 0x00, 0x00, 0xF4, 0x00, 0x00, 0x0F, 0x40, 0x00, 0x00, 0xF4, 0x00, 0x00, 0x0F,
    0x40, 0x00, 0x00, 0xFF, 0x80, 0x00, 0x0F, 0xF8, 0x00, 0x00, 0x0F, 0x80, 0x00, 0x00, 0xF8, 0x00,
    0x00, 0x0F, 0x80, 0x00, 0x00, 0xF8, 0x00, 0x00, 0x0F, 0x80, 0xBF, 0xFF, 0xFC, 0xBF, 0xFF, 0xFC,
    0x00, 0x7C, 0x00, 0x00, 0x7C, 0x00, 0x00, 0x7C, 0x00, 0x00, 0x7C, 0x00, 0x00, 0x7C, 0x00, 0x00,
    0x7C, 0x00, 0x00, 0x7C, 0x00, 0x00, 0x7C, 0x00, 0x00, 0x7C, 0x00, 0x00, 0x7F, 0x80, 0x00, 0x7F,
    0x80, 0x00, 0x0B, 0x80, 0x00, 0x0B, 0x80, 0x00, 0x0B, 0x80, 0x00, 0x0B, 0x80, 0xBD, 0x00, 0x00,
    0xF8, 0xFC, 0x00, 0x0B, 0xC1, 0xF4, 0x00, 0x7D, 0x03, 0xF0, 0x03, 0xF0, 0x03, 0xE0, 0x1F, 0x00,
    0x0B, 0xC0, 0xF8, 0x00, 0x0F, 0xCB, 0xC0, 0x00, 0x1F, 0xBD, 0x00, 0x00, 0x2F, 0xE0, 0x00, 0x00,
    0x3F, 0x00, 0x00, 0x00, 0xB8, 0x00, 0x00, 0x02, 0xE0, 0x00, 0x00, 0x0B, 0x80, 0x00, 0x00, 0x2E,
    0x00, 0x00, 0x00, 0xB8, 0x00, 0x00, 0x02, 0xE0, 0x00, 0x00, 0x0B, 0x80, 0x00, 0x7C, 0x00, 0x1F,
    0x0F, 0x40, 0x0B, 0x83, 0xE0, 0x03, 0xD0, 0xBC, 0x01, 0xF0, 0x0F, 0x40, 0xBC, 0x03, 0xE0, 0x3D,
    0x00, 0xBC, 0x1F, 0x00, 0x0F, 0x4B, 0x80, 0x03, 0xE3, 0xD0, 0x00, 0x7E, 0xF0, 0x00, 0x0F, 0xF4,
    0x00, 0x02, 0xFC, 0x00, 0x00, 0x3E, 0x00, 0x00, 0x0F, 0x40, 0x00, 0x03, 0xD0, 0x00, 0x00, 0xF4,
    0x00, 0x00, 0x3D, 0x00, 0x00, 0x0F, 0x40, 0x00, 0xBD, 0x00, 0x00, 0xF8, 0xFC, 0x00, 0x0B, 0xC1,
    0xF4, 0x00, 0x7D, 0x03, 0xF0, 0x03, 0xF0, 0x07, 0xD0, 0x1F, 0x00, 0x0B, 0xC0, 0xF8, 0x00, 0x0F,
    0x8B, 0xC0, 0x00, 0x1F, 0xBD, 0x00, 0x00, 0x3F, 0xE0, 0x00, 0x00, 0x3F, 0x00, 0x00, 0x7F, 0xFF,
    0xF0, 0x01, 0xFF, 0xFF, 0xC0, 0x00, 0x0B, 0x80, 0x00, 0x00, 0x2E, 0x00, 0x00, 0x00, 0xB8, 0x00,
    0x00, 0x02, 0xE0, 0x00, 0x00, 0x0B, 0x80, 0x00, 0x7C, 0x00, 0x1F, 0x0F, 0x40, 0x0B, 0x83, 0xE0,
    0x03, 0xD0, 0xBC, 0x01, 0xF0, 0x0F, 0x40, 0xB8, 0x03, 0xE0, 0x3D, 0x00, 0x7C, 0x1F, 0x00, 0x0F,
    0x4B, 0x80, 0x02, 0xF3, 0xC0, 0x00, 0x3E, 0xE0, 0x00, 0x0B, 0xF0, 0x00, 0x7F, 0xFF, 0xF0, 0x1F,
    0xFF, 0xFC, 0x00, 0x0F, 0x40, 0x00, 0x03, 0xD0, 0x00, 0x00, 0xF4, 0x00, 0x00, 0x3D, 0x00, 0x00,
    0x0F, 0x40, 0x00, 0x3F, 0x00, 0x01, 0xF8, 0x03, 0xE0, 0x00, 0xFC, 0x00, 0x7D, 0x00, 0xBC, 0x00,
    0x0F, 0xC0, 0x7D, 0x00, 0x00, 0xF8, 0x3F, 0x00, 0x00, 0x1F, 0x6F, 0x00, 0x00, 0x02, 0xFF, 0x40,
    0x00, 0x00, 0x3F, 0x80, 0x00, 0x00, 0x0B, 0xE0, 0x00, 0x00, 0x07, 0xFD, 0x00, 0x00, 0x03, 0xEF,
    0xC0, 0x00, 0x03, 0xF0, 0xF8, 0x00, 0x02, 0xF0, 0x1F, 0x40, 0x01, 0xF4, 0x02, 0xF0, 0x00, 0xFC,
    0x00, 0x3F, 0x00, 0xBC, 0x00, 0x07, 0xFC, 0x3E, 0x00, 0x00, 0xFF, 0x00, 0x00, 0x00, 0x03, 0xC0,
    0x00, 0x00, 0x00, 0xF0, 0x00, 0x00, 0x00, 0x3C, 0x00, 0x00, 0x00, 0x0F, 0x00, 0x00, 0x00, 0x03,
    0xC0, 0x3E, 0x00, 0x3E, 0x07, 0xD0, 0x2F, 0x00, 0xBC, 0x1F, 0x00, 0x0F, 0xCF, 0x40, 0x00, 0xFF,
    0xC0, 0x00, 0x2F, 0xC0, 0x00, 0x03, 0xF0, 0x00, 0x03, 0xFE, 0x00, 0x02, 0xF7, 0xD0, 0x01, 0xF0,
    0xBC, 0x00, 0xF4, 0x0F, 0xC0, 0xB8, 0x00, 0xFF, 0x7C, 0x00, 0x2F, 0xC0, 0x00, 0x00, 0xF0, 0x00,
    0x00, 0x3C, 0x00, 0x00, 0x0F, 0x00, 0x00, 0x03, 0xC0, 0xBF, 0xFF, 0xFF, 0x80, 0xF8, 0x2F, 0xFF,
    0xFF, 0xE0, 0x3E, 0x00, 0x02, 0xF0, 0x00, 0x0F, 0x80, 0x00, 0xBC, 0x00, 0x03, 0xE0, 0x00, 0x2F,
    0x00, 0x00, 0xF8, 0x00, 0x0B, 0xC0, 0x00, 0x3E, 0x00, 0x02, 0xF0, 0x00, 0x0F, 0x80, 0x00, 0xBC,
    0x00, 0x03, 0xE0, 0x00, 0x2F, 0x00, 0x00, 0xF8, 0x00, 0x0B, 0xC0, 0x00, 0x3E, 0x00, 0x02, 0xF0,
    0x00, 0x0F, 0x80, 0x00, 0xBC, 0x00, 0x03, 0xE0, 0x00, 0x2F, 0x00, 0x00, 0xF8, 0x00, 0x0B, 0xC0,
    0x00, 0x3E, 0x00, 0x02, 0xF0, 0x00, 0x0F, 0x80, 0x00, 0xBF, 0xFF, 0xFF, 0xFE, 0x00, 0x2F, 0xFF,
    0xFF, 0xFF, 0x80, 0x00, 0x00, 0x00, 0x02, 0xE0, 0x00, 0x00, 0x00, 0x00, 0xB8, 0x00, 0x00, 0x00,
    0x00, 0x2E, 0x00, 0x00, 0x00, 0x00, 0x0B, 0x80, 0x00, 0x00, 0x00, 0x02, 0xE0, 0xBF, 0xFF, 0xE0,
    0xF4, 0xBF, 0xFF, 0xE0, 0xF4, 0x00, 0xF0, 0x00, 0xF4, 0x00, 0xF0, 0x00, 0xF4, 0x00, 0xF0, 0x00,
    0xF4, 0x00, 0xF0, 0x00, 0xF4, 0x00, 0xF0, 0x00, 0xF4, 0x00, 0xF0, 0x00, 0xF4, 0x00, 0xF0, 0x00,
    0xF4, 0x00, 0xF0, 0x00, 0xF4, 0x00, 0xF0, 0x00, 0xF4, 0x00, 0xFF, 0xFF, 0xFF, 0x00, 0xFF, 0xFF,
    0xFF, 0x00, 0x00, 0x00, 0x0F, 0x00, 0x00, 0x00, 0x0F, 0x00, 0x00, 0x00, 0x0F, 0x00, 0x00, 0x00,
    0x0F, 0xBC, 0x00, 0x0F, 0x82, 0xF0, 0x00, 0x3E, 0x0B, 0xC0, 0x00, 0xF8, 0x2F, 0x00, 0x03, 0xE0,
    0xBC, 0x00, 0x0F, 0x81, 0xF0, 0x00, 0x3E, 0x07, 0xC0, 0x00, 0xF8, 0x0F, 0x40, 0x03, 0xE0, 0x3F,
    0x40, 0x0F, 0x80, 0x3F, 0xFF, 0xFE, 0x00, 0x2F, 0xFF, 0xF8, 0x00, 0x00, 0x03, 0xE0, 0x00, 0x00,
    0x0F, 0x80, 0x00, 0x00, 0x3E, 0x00, 0x00, 0x00, 0xF8, 0x00, 0x00, 0x03, 0xFF, 0x00, 0x00, 0x0F,
    0xFC, 0x00, 0x00, 0x02, 0xF0, 0x00, 0x00, 0x0B, 0xC0, 0x00, 0x00, 0x2F, 0x00, 0x00, 0x00, 0xBC,
    0x00, 0x00, 0x01, 0x90, 0xF4, 0x00, 0xF4, 0x3D, 0x00, 0x3D, 0x0F, 0x40, 0x0F, 0x43, 0xD0, 0x03,
    0xD0, 0xF8, 0x00, 0xF4, 0x2F, 0x40, 0x3D, 0x03, 0xFF, 0xFF, 0x40, 0x2F, 0xFB, 0xD0, 0x00, 0x00,
    0xF4, 0x00, 0x00, 0x3D, 0x00, 0x00, 0x0F, 0x40, 0x00, 0x03, 0xFC, 0x00, 0x00, 0xFF, 0x00, 0x00,
    0x03, 0xC0, 0x00, 0x00, 0xF0, 0x00, 0x00, 0x3C, 0x00, 0x00, 0x0F, 0x00, 0xBC, 0x00, 0x0B, 0xEF,
    0x00, 0x02, 0xFB, 0xC0, 0x00, 0xBE, 0xF0, 0x00, 0x2F, 0xBC, 0x00, 0x0B, 0xDF, 0x00, 0x02, 0xF7,
    0xC1, 0xE0, 0xBD, 0xF4, 0x78, 0x2F, 0x3F, 0x5E, 0x0B, 0xC3, 0xFF, 0xFF, 0xF0, 0x2F, 0xFF, 0xFC,
    0x00, 0x78, 0x2F, 0x00, 0x1E, 0x0B, 0xC0, 0x07, 0x82, 0xF0, 0x00, 0x00, 0xBC, 0x00, 0x00, 0x2F,
    0x00, 0x00, 0x0B, 0xC0, 0x3D, 0x00, 0x3D, 0x3D, 0x00, 0x3D, 0x3D, 0x00, 0x3D, 0x3D, 0x00, 0x3D,
    0x3D, 0x2C, 0x3D, 0x2F, 0x6C, 0x3D, 0x0F, 0xFF, 0xFD, 0x02, 0xFF, 0xBD, 0x00, 0x2C, 0x3D, 0x00,
    0x2C, 0x3D, 0x00, 0x00, 0x3D, 0x00, 0x00, 0x3D, 0x00, 0x00, 0x3D, 0xF8, 0x00, 0x00, 0x3E, 0x00,
    0x00, 0x0F, 0x80, 0x00, 0x03, 0xE0, 0x00, 0x00, 0xF8, 0x00, 0x00, 0x3E, 0x00, 0x00, 0x0F, 0xFF,
    0xFD, 0x03, 0xFF, 0xFF, 0xF0, 0xF8, 0x00, 0xBF, 0x3E, 0x00, 0x07, 0xCF, 0x80, 0x00, 0xF7, 0xE0,
    0x00, 0x3D, 0xF8, 0x00, 0x0F, 0xBE, 0x00, 0x03, 0xEF, 0x80, 0x00, 0xFB, 0xE0, 0x00, 0x3E, 0xF8,
    0x00, 0x0F, 0x80, 0xB4, 0x00, 0x03, 0xD0, 0x00, 0x0F, 0x40, 0x00, 0x3D, 0x00, 0x00, 0xF4, 0x00,
    0x03, 0xD0, 0x00, 0x0F, 0xBF, 0xE0, 0x3F, 0xFF, 0xF4, 0xF8, 0x07, 0xF3, 0xD0, 0x07, 0xCF, 0x40,
    0x0F, 0x7D, 0x00, 0x3D, 0xF4, 0x00, 0xFB, 0xD0, 0x03, 0xEF, 0x40, 0x0F, 0xBD, 0x00, 0x3E, 0xF4,
    0x00, 0xFB, 0xD0, 0x03, 0xEF, 0x40, 0x0F, 0x80, 0x00, 0x00, 0x1F, 0xF9, 0x00, 0x00, 0x01, 0xFF,
    0xFF, 0xC0, 0x00, 0x07, 0xF4, 0x07, 0xF0, 0x00, 0x0F, 0x80, 0x00, 0xF8, 0xB4, 0x2F, 0x00, 0x00,
    0xBC, 0xB4, 0x3E, 0x00, 0x00, 0x7C, 0x7D, 0x3D, 0x00, 0x00, 0x3D, 0x3F, 0xFF, 0xFF, 0xFF, 0xFD,
    0x0B, 0xFF, 0xFF, 0xFF, 0xFD, 0x00, 0x3D, 0x00, 0x00, 0x00, 0x00, 0x3D, 0x00, 0x00, 0x00, 0x00,
    0x3E, 0x00, 0x00, 0x00, 0x00, 0x2F, 0x00, 0x00, 0x00, 0x00, 0x0F, 0xC0, 0x00, 0x00, 0x00, 0x07,
    0xF8, 0x00, 0xB0, 0x00, 0x00, 0xFF, 0xFF, 0xF0, 0x00, 0x00, 0x1B, 0xFF, 0x80, 0x00, 0x01, 0xFF,
    0x40, 0x00, 0x0F, 0xFF, 0xF0, 0xB0, 0x3F, 0x41, 0xF8, 0xB4, 0x7C, 0x00, 0x7C, 0xBC, 0xB8, 0x00,
    0x3D, 0x3F, 0xFF, 0xFF, 0xFD, 0x0B, 0xFF, 0xFF, 0xFD, 0x00, 0xF8, 0x00, 0x00, 0x00, 0xBC, 0x00,
    0x00, 0x00, 0x7D, 0x00, 0x00, 0x00, 0x3F, 0x40, 0x10, 0x00, 0x0F, 0xFF, 0xF4, 0x00, 0x01, 0xBF,
    0xE0, 0x00, 0x00, 0x1F, 0xF9, 0x00, 0x00, 0x01, 0xFF, 0xFF, 0xC0, 0x00, 0x07, 0xF4, 0x07, 0xF0,
    0x00, 0x0F, 0x80, 0x00, 0xF8, 0xB4, 0x2F, 0x00, 0x00, 0xBC, 0xB4, 0x3E, 0x00, 0x00, 0x7C, 0x7D,
    0x3D, 0x00, 0x00, 0x3D, 0x3F, 0xFF, 0xFF, 0xFF, 0xFD, 0x0B, 0xFF, 0xFF, 0xFF, 0xFD, 0x00, 0x7D,
    0x00, 0x00, 0x00, 0x00, 0x3D, 0x00, 0x00, 0x00, 0x00, 0x3E, 0x00, 0x00, 0x00, 0x00, 0x2F, 0x00,
    0x00, 0x00, 0x00, 0x0F, 0xC0, 0x00, 0x00, 0x00, 0x07, 0xF8, 0x00, 0xB0, 0x00, 0x01, 0xFF, 0xFF,
    0xF0, 0x00, 0x00, 0x1B, 0xFF, 0x80, 0x00, 0x00, 0x03, 0xD0, 0x00, 0x00, 0x00, 0x03, 0xD0, 0x00,
    0x00, 0x00, 0x03, 0xD0, 0x00, 0x00, 0x00, 0x03, 0xD0, 0x00, 0x00, 0x00, 0x03, 0xD0, 0x00, 0x00,
    0x01, 0xFF, 0x40, 0x00, 0x0F, 0xFF, 0xF0, 0xB0, 0x3F, 0x41, 0xF8, 0xB4, 0x7C, 0x00, 0x7C, 0xBC,
    0xB8, 0x00, 0x3D, 0x3F, 0xFF, 0xFF, 0xFD, 0x0B, 0xFF, 0xFF, 0xFD, 0x00, 0xF8, 0x00, 0x00, 0x00,
    0xBC, 0x00, 0x00, 0x00, 0x7D, 0x00, 0x00, 0x00, 0x3F, 0x40, 0x10, 0x00, 0x0F, 0xFF, 0xF4, 0x00,
    0x01, 0xFF, 0xE0, 0x00, 0x00, 0x3C, 0x00, 0x00, 0x00, 0x3C, 0x00, 0x00, 0x00, 0x3C, 0x00, 0x00,
    0x00, 0x3C, 0x00, 0xFB, 0xEF, 0xBE, 0xFB, 0xEF, 0xBE, 0xFB, 0xEF, 0xBE, 0xFB, 0xEF, 0xBE, 0xF8,
    0x00, 0x01, 0xE0, 0x3C, 0x00, 0x00, 0x00, 0x03, 0xD2, 0xE0, 0x00, 0x00, 0x00, 0x0B, 0xFF, 0x00,
    0x00, 0x00, 0x00, 0x0B, 0xF4, 0x00, 0x00, 0x00, 0x00, 0x00, 0x00, 0x00, 0x00, 0x00, 0x00, 0x00,
    0x00, 0x00, 0x02, 0xF0, 0x00, 0xF4, 0x00, 0xBC, 0x02, 0xF0, 0x03, 0xD0, 0x07, 0xD0, 0x03, 0xF0,
    0x0F, 0x40, 0x7D, 0x00, 0x03, 0xF0, 0x3D, 0x07, 0xE0, 0x00, 0x03, 0xF0, 0xF4, 0x3E, 0x00, 0x00,
    0x03, 0xE3, 0xD3, 0xE0, 0x00, 0x00, 0x03, 0xEF, 0xBF, 0x00, 0x00, 0x00, 0x07, 0xFF, 0xF0, 0x00,
    0x00, 0x00, 0x3C, 0xF5, 0xF0, 0x00, 0x00, 0x03, 0xD3, 0xD2, 0xF0, 0x00, 0x00, 0x3D, 0x0F, 0x43,
    0xE0, 0x00, 0x03, 0xE0, 0x3D, 0x03, 0xD0, 0x00, 0x2F, 0x00, 0xF4, 0x07, 0xC0, 0x01, 0xF4, 0x03,
    0xD0, 0x0F, 0xC0, 0x0F, 0x80, 0x0F, 0x40, 0x0F, 0x80, 0xBC, 0x00, 0x3D, 0x00, 0x2F, 0x03, 0xE0,
    0x00, 0xF4, 0x00, 0x3E, 0x00, 0x00, 0x0E, 0x02, 0xC0, 0x00, 0x00, 0x3D, 0x1F, 0x00, 0x00, 0x00,
    0x7F, 0xF4, 0x00, 0x00, 0x00, 0x7F, 0x40, 0x00, 0x00, 0x00, 0x00, 0x00, 0x00, 0x00, 0x00, 0x00,
    0x00, 0x02, 0xF0, 0x0B, 0x80, 0x3E, 0x02, 0xF0, 0x2E, 0x03, 0xE0, 0x02, 0xF0, 0xB8, 0x3E, 0x00,
    0x02, 0xF2, 0xE2, 0xF0, 0x00, 0x03, 0xEB, 0xAF, 0x00, 0x00, 0x03, 0xFF, 0xF0, 0x00, 0x00, 0x2D,
    0xB9, 0xF0, 0x00, 0x02, 0xE2, 0xE2, 0xE0, 0x00, 0x1F, 0x0B, 0x83, 0xE0, 0x01, 0xF0, 0x2E, 0x03,
    0xD0, 0x0F, 0x40, 0xB8, 0x07, 0xC0, 0xBC, 0x02, 0xE0, 0x0F, 0xC7, 0xC0, 0x0B, 0x80, 0x0F, 0x40,
    0xF8, 0x00, 0x2F, 0x3E, 0x00, 0x2F, 0x0F, 0x80, 0x2F, 0x03, 0xE0, 0x2F, 0x40, 0xF8, 0x2F, 0x40,
    0x3E, 0x2F, 0x40, 0x0F, 0xAF, 0x00, 0x03, 0xFF, 0xF9, 0x00, 0xFF, 0xFF, 0xF0, 0x3E, 0x01, 0xBF,
    0x0F, 0x80, 0x07, 0xF3, 0xE0, 0x00, 0x7C, 0xF8, 0x00, 0x0F, 0x7E, 0x00, 0x03, 0xEF, 0x80, 0x00,
    0xFB, 0xE0, 0x00, 0x3E, 0xF8, 0x00, 0x0F, 0x40, 0x00, 0x07, 0xC0, 0x00, 0x03, 0xF0, 0x00, 0x07,
    0xF0, 0x00, 0x3F, 0xF4, 0x00, 0x0F, 0xE0, 0x00, 0xF4, 0x02, 0xF3, 0xD0, 0x2F, 0x0F, 0x42, 0xF0,
    0x3D, 0x2F, 0x00, 0xF6, 0xF0, 0x03, 0xFF, 0xF4, 0x0F, 0xFF, 0xFC, 0x3D, 0x02, 0xF8, 0xF4, 0x01,
    0xF3, 0xD0, 0x03, 0xEF, 0x40, 0x0B, 0xBD, 0x00, 0x2F, 0xF4, 0x00, 0xB8, 0x00, 0x03, 0xE0, 0x00,
    0x1F, 0x00, 0x01, 0xFC, 0x00, 0xBF, 0xC0, 0x02, 0xF8, 0x00, 0x00, 0x1F, 0xFF, 0xFE, 0x00, 0x01,
    0xFF, 0xFF, 0xE0, 0x00, 0x1F, 0x00, 0x3E, 0x00, 0x01, 0xF0, 0x03, 0xE0, 0x00, 0x1F, 0x00, 0x3E,
    0x00, 0x01, 0xF0, 0x03, 0xE0, 0x00, 0x2F, 0x00, 0x3E, 0x00, 0x02, 0xF0, 0x03, 0xE0, 0x00, 0x2E,
    0x00, 0x3E, 0x00, 0x03, 0xE0, 0x03, 0xE0, 0x00, 0x3D, 0x00, 0x3E, 0x00, 0x07, 0xC0, 0x03, 0xE0,
    0x00, 0xF8, 0x00, 0x3E, 0x00, 0x2F, 0x00, 0x03, 0xE0, 0x1B, 0xD0, 0x00, 0x3E, 0x0B, 0xF8, 0x00,
    0x03, 0xFF, 0x79, 0x00, 0x00, 0x3F, 0xE0, 0x00, 0x00, 0x00, 0x3D, 0x00, 0x00, 0x00, 0x07, 0xC0,
    0x00, 0x00, 0x00, 0xF8, 0x00, 0x00, 0x00, 0x2F, 0x00, 0x00, 0x00, 0x00, 0xC0, 0x00, 0xBF, 0xFF,
    0xC0, 0x00, 0xBF, 0xFF, 0xC0, 0x00, 0xB8, 0x07, 0xC0, 0x00, 0xF4, 0x07, 0xC0, 0x00, 0xF4, 0x07,
    0xC0, 0x00, 0xF4, 0x07, 0xC0, 0x00, 0xF0, 0x07, 0xC0, 0x01, 0xF0, 0x07, 0xC0, 0x02, 0xF0, 0x07,
    0xC0, 0x07, 0xD0, 0x07, 0xC0, 0x1F, 0xC0, 0x07, 0xC0, 0xBF, 0x00, 0x07, 0xFC, 0x78, 0x00, 0x07,
    0xFC, 0x00, 0x00, 0x00, 0x7C, 0x00, 0x00, 0x00, 0xB8, 0x00, 0x00, 0x00, 0xF0, 0x00, 0x00, 0x02,
    0xE0, 0x00, 0x00, 0x01, 0xC0, 0xF8, 0x00, 0x03, 0xDF, 0x80, 0x00, 0x3D, 0xF8, 0x00, 0x03, 0xDF,
    0x80, 0x00, 0x3D, 0xF8, 0x00, 0x03, 0xDF, 0x80, 0x00, 0x3D, 0xF8, 0x00, 0x03, 0xDF, 0xFF, 0xFF,
    0xFD, 0xFF, 0xFF, 0xFF, 0xDF, 0x80, 0x00, 0x3D, 0xF8, 0x00, 0x03, 0xDF, 0x80, 0x00, 0x3D, 0xF8,
    0x00, 0x03, 0xDF, 0x80, 0x00, 0x3D, 0xF8, 0x00, 0x03, 0xDF, 0x80, 0x00, 0x3D, 0xF8, 0x00, 0x03,
    0xD0, 0x00, 0x00, 0x3D, 0x00, 0x00, 0x03, 0xD0, 0x00, 0x00, 0x7C, 0x00, 0x00, 0xBF, 0xC0, 0x00,
    0x0B, 0xE0, 0xF4, 0x00, 0xBB, 0xD0, 0x02, 0xEF, 0x40, 0x0B, 0xBD, 0x00, 0x2E, 0xF4, 0x00, 0xBB,
    0xFF, 0xFF, 0xEF, 0xFF, 0xFF, 0xBD, 0x00, 0x2E, 0xF4, 0x00, 0xBB, 0xD0, 0x02, 0xEF, 0x40, 0x0B,
    0xBD, 0x00, 0x2E, 0xF4, 0x00, 0xB8, 0x00, 0x02, 0xE0, 0x00, 0x0F, 0x80, 0x00, 0x7D, 0x00, 0x1F,
    0xF0, 0x00, 0xBF, 0x00, 0xF8, 0x00, 0x03, 0xD0, 0xF8, 0x00, 0x03, 0xD0, 0xF8, 0x00, 0x03, 0xD0,
    0xF8, 0x00, 0x03, 0xD0, 0xF8, 0x00, 0x03, 0xD0, 0xF8, 0x00, 0x03, 0xD0, 0xF8, 0x00, 0x03, 0xD0,
    0xFF, 0xFF, 0xFF, 0xD0, 0xFF, 0xFF, 0xFF, 0xD0, 0xF8, 0x00, 0x03, 0xD0, 0xF8, 0x00, 0x03, 0xD0,
    0xF8, 0x00, 0x03, 0xD0, 0xF8, 0x00, 0x03, 0xD0, 0xF8, 0x00, 0x03, 0xD0, 0xF8, 0x00, 0x03, 0xD0,
    0xF8, 0x00, 0x03, 0xFE, 0xF8, 0x00, 0x03, 0xFE, 0x00, 0x00, 0x00, 0x3D, 0x00, 0x00, 0x00, 0x7C,
    0x00, 0x00, 0x00, 0xF8, 0x00, 0x00, 0x02, 0xF0, 0x00, 0x00, 0x00, 0xC0, 0xF4, 0x00, 0xB8, 0x3D,
    0x00, 0x2E, 0x0F, 0x40, 0x0B, 0x83, 0xD0, 0x02, 0xE0, 0xF4, 0x00, 0xB8, 0x3F, 0xFF, 0xFE, 0x0F,
    0xFF, 0xFF, 0x83, 0xD0, 0x02, 0xE0, 0xF4, 0x00, 0xB8, 0x3D, 0x00, 0x2E, 0x0F, 0x40, 0x0B, 0x83,
    0xD0, 0x02, 0xFF, 0xF4, 0x00, 0xBF, 0x80, 0x00, 0x02, 0xE0, 0x00, 0x00, 0xF0, 0x00, 0x00, 0x7C,
    0x00, 0x00, 0x3D, 0x00, 0x00, 0x0A, 0x00, 0x7C, 0x00, 0x0B, 0xDF, 0x00, 0x02, 0xF7, 0xC0, 0x00,
    0xBD, 0xF0, 0x00, 0x2F, 0x7C, 0x00, 0x0B, 0xDF, 0x00, 0x02, 0xF3, 0xC0, 0x00, 0xBC, 0xF8, 0x00,
    0x2F, 0x2F, 0x80, 0x0B, 0xC3, 0xFF, 0xFF, 0xF0, 0x1F, 0xFF, 0xFC, 0x00, 0x00, 0x2F, 0x00, 0x00,
    0x0B, 0xC0, 0x00, 0x02, 0xF0, 0x00, 0x00, 0xBC, 0x00, 0x03, 0xFF, 0x00, 0x00, 0xFF, 0xC0, 0x00,
    0x3E, 0x00, 0x00, 0x0F, 0x80, 0x00, 0x03, 0xE0, 0x00, 0x00, 0xF8, 0x00, 0x00, 0x3E, 0x00, 0xF4,
    0x00, 0xF7, 0xD0, 0x03, 0xDF, 0x40, 0x0F, 0x7D, 0x00, 0x3D, 0xF8, 0x00, 0xF6, 0xF4, 0x03, 0xD3,
    0xFF, 0xFF, 0x42, 0xFF, 0xBD, 0x00, 0x00, 0xF4, 0x00, 0x03, 0xD0, 0x00, 0x0F, 0x40, 0x03, 0xFD,
    0x00, 0x0F, 0xF4, 0x00, 0x3D, 0x00, 0x00, 0xF4, 0x00, 0x03, 0xD0, 0x00, 0x0F, 0x40, 0x0F, 0x40,
    0x00, 0x02, 0xF0, 0x00, 0xFC, 0x00, 0x00, 0x3F, 0x00, 0x1F, 0xD0, 0x00, 0x0B, 0xF0, 0x01, 0xEB,
    0x00, 0x00, 0xDF, 0x00, 0x2E, 0x34, 0x00, 0x2C, 0xF4, 0x02, 0xE2, 0x80, 0x03, 0x4B, 0x40, 0x2D,
    0x1C, 0x00, 0x70, 0xB4, 0x03, 0xD0, 0xE0, 0x0E, 0x0B, 0x80, 0x3D, 0x0B, 0x00, 0xD0, 0xB8, 0x03,
    0xD0, 0x34, 0x2C, 0x0B, 0x80, 0x3D, 0x03, 0xC3, 0x80, 0xB8, 0x03, 0xD0, 0x1D, 0x70, 0x07, 0xC0,
    0x3C, 0x00, 0xEF, 0x00, 0x7C, 0x03, 0xC0, 0x0B, 0xD0, 0x07, 0xC0, 0x3C, 0x00, 0x7C, 0x00, 0x7C,
    0x07, 0xC0, 0x00, 0x00, 0x07, 0xFD, 0x7C, 0x00, 0x00, 0x00, 0x7F, 0xC0, 0x00, 0x00, 0x00, 0x00,
    0x7C, 0x00, 0x00, 0x00, 0x00, 0x0F, 0x80, 0x00, 0x00, 0x00, 0x01, 0xF0, 0x00, 0x00, 0x00, 0x00,
    0x3D, 0x00, 0x00, 0x00, 0x00, 0x02, 0x80, 0x1F, 0x00, 0x00, 0xF8, 0x02, 0xF8, 0x00, 0x1F, 0xC0,
    0x2E, 0xC0, 0x03, 0xBC, 0x02, 0xDE, 0x00, 0x77, 0xC0, 0x3D, 0x70, 0x0E, 0x3C, 0x03, 0xC3, 0x81,
    0xC3, 0xC0, 0x3C, 0x2C, 0x2C, 0x3C, 0x03, 0xC0, 0xD3, 0x43, 0xD0, 0x3C, 0x0F, 0xB0, 0x3D, 0x03,
    0xC0, 0x7E, 0x03, 0xD0, 0x3C, 0x03, 0xD0, 0x3D, 0x07, 0xC0, 0x00, 0x03, 0xFE, 0x7C, 0x00, 0x00,
    0x2F, 0xE0, 0x00, 0x00, 0x00, 0x3D, 0x00, 0x00, 0x00, 0x03, 0xC0, 0x00, 0x00, 0x00, 0xB8, 0x00,
    0x00, 0x00, 0x0F, 0x00, 0x00, 0x00, 0x00, 0x90, 0xFB, 0xEF, 0xBE, 0xFB, 0xEF, 0xBE, 0xFB, 0xEF,
    0xBE, 0xFB, 0xEF, 0xBE, 0xF8, 0x00, 0x78, 0x0F, 0x00, 0x00, 0x0F, 0x4B, 0x80, 0x00, 0x02, 0xFF,
    0xC0, 0x00, 0x00, 0x2F, 0xD0, 0x00, 0x00, 0x00, 0x00, 0x00, 0x00, 0x00, 0x00, 0x00, 0x00, 0x00,
    0x3E, 0x00, 0x00, 0x00, 0x2F, 0xC0, 0x00, 0x00, 0x0F, 0xF8, 0x00, 0x00, 0x0B, 0xEF, 0x00, 0x00,
    0x03, 0xD3, 0xE0, 0x00, 0x01, 0xF0, 0xBC, 0x00, 0x00, 0xF8, 0x0F, 0x40, 0x00, 0x3C, 0x03, 0xE0,
    0x00, 0x2F, 0x00, 0x7C, 0x00, 0x0F, 0x40, 0x0F, 0x80, 0x07, 0xC0, 0x02, 0xF0, 0x02, 0xFF, 0xFF,
    0xFD, 0x00, 0xFF, 0xFF, 0xFF, 0x80, 0x7C, 0x00, 0x02, 0xF0, 0x3E, 0x00, 0x00, 0x3D, 0x0F, 0x40,
    0x00, 0x0F, 0xCB, 0xC0, 0x00, 0x01, 0xF0, 0x0F, 0x02, 0xC0, 0x3D, 0x1F, 0x00, 0x7F, 0xF4, 0x00,
    0x7F, 0x40, 0x00, 0x00, 0x00, 0x00, 0x00, 0x01, 0xBF, 0xE0, 0x07, 0xFF, 0xF0, 0x04, 0x07, 0xF0,
    0x00, 0x07, 0xC0, 0x00, 0x0F, 0x01, 0xFF, 0xFC, 0x3F, 0xFF, 0xF2, 0xF4, 0x03, 0xCF, 0x80, 0x0F,
    0x3E, 0x00, 0x3C, 0xBD, 0x00, 0xF0, 0xFF, 0xFF, 0xC0, 0xBF, 0xFE, 0x00, 0x00, 0x3C, 0x1E, 0x00,
    0x00, 0x2F, 0x4F, 0xC0, 0x00, 0x03, 0xC1, 0xE0, 0x00, 0x00, 0x00, 0x00, 0x00, 0x00, 0x00, 0x00,
    0x00, 0x00, 0x00, 0xF8, 0x00, 0x00, 0x00, 0xBF, 0x00, 0x00, 0x00, 0x3F, 0xE0, 0x00, 0x00, 0x2F,
    0xBC, 0x00, 0x00, 0x0F, 0x4F, 0x80, 0x00, 0x07, 0xC2, 0xF0, 0x00, 0x03, 0xE0, 0x3D, 0x00, 0x00,
    0xF0, 0x0F, 0x80, 0x00, 0xBC, 0x01, 0xF0, 0x00, 0x3D, 0x00, 0x3E, 0x00, 0x1F, 0x00, 0x0B, 0xC0,
    0x0B, 0xFF, 0xFF, 0xF4, 0x03, 0xFF, 0xFF, 0xFE, 0x01, 0xF0, 0x00, 0x0B, 0xC0, 0xF8, 0x00, 0x00,
    0xF4, 0x3D, 0x00, 0x00, 0x3F, 0x2F, 0x00, 0x00, 0x07, 0xC0, 0x0B, 0x43, 0xC0, 0x3E, 0x1F, 0x40,
    0xB4, 0x3C, 0x00, 0x00, 0x00, 0x00, 0x00, 0x00, 0x6F, 0xF8, 0x01, 0xFF, 0xFC, 0x01, 0x01, 0xFC,
    0x00, 0x01, 0xF0, 0x00, 0x03, 0xC0, 0x7F, 0xFF, 0x0F, 0xFF, 0xFC, 0xBD, 0x00, 0xF3, 0xE0, 0x03,
    0xCF, 0x80, 0x0F, 0x2F, 0x40, 0x3C, 0x3F, 0xFF, 0xF0, 0x2F, 0xFF, 0x80, 0x00, 0x00, 0x0B, 0xFF,
    0xFF, 0xF0, 0x00, 0x00, 0x7F, 0xFF, 0xFF, 0xC0, 0x00, 0x03, 0xEF, 0x40, 0x00, 0x00, 0x00, 0x3F,
    0x3D, 0x00, 0x00, 0x00, 0x01, 0xF0, 0xF4, 0x00, 0x00, 0x00, 0x0F, 0x43, 0xD0, 0x00, 0x00, 0x00,
    0xBC, 0x0F, 0x40, 0x00, 0x00, 0x07, 0xD0, 0x3F, 0xFF, 0xF0, 0x00, 0x3E, 0x00, 0xFF, 0xFF, 0xC0,
    0x02, 0xF0, 0x03, 0xD0, 0x00, 0x00, 0x0F, 0x40, 0x0F, 0x40, 0x00, 0x00, 0xBF, 0xFF, 0xFD, 0x00,
    0x00, 0x07, 0xFF, 0xFF, 0xF4, 0x00, 0x00, 0x3F, 0x00, 0x03, 0xD0, 0x00, 0x01, 0xF0, 0x00, 0x0F,
    0x40, 0x00, 0x0F, 0x80, 0x00, 0x3F, 0xFF, 0xFD, 0xBC, 0x00, 0x00, 0xFF, 0xFF, 0xF4, 0x1B, 0xFE,
    0x01, 0xFE, 0x40, 0x1F, 0xFF, 0xCF, 0xFF, 0xE0, 0x04, 0x07, 0xFF, 0x02, 0xF4, 0x00, 0x01, 0xFC,
    0x00, 0xB8, 0x00, 0x00, 0xF4, 0x00, 0x7C, 0x07, 0xFF, 0xFF, 0xFF, 0xFC, 0x3F, 0xFF, 0xFF, 0xFF,
    0xFC, 0xBD, 0x00, 0xF4, 0x00, 0x00, 0xF8, 0x00, 0xF8, 0x00, 0x00, 0xF8, 0x00, 0xBC, 0x00, 0x00,
    0xBD, 0x01, 0xFF, 0x40, 0x10, 0x3F, 0xFF, 0xFF, 0xFF, 0xF0, 0x0B, 0xFE, 0x42, 0xFF, 0xE0, 0x1D,
    0x03, 0xC0, 0x0F, 0x0B, 0x80, 0x0B, 0xFF, 0x00, 0x02, 0xFC, 0x00, 0x00, 0x00, 0x00, 0x00, 0x00,
    0x00, 0xFF, 0xFF, 0xF8, 0xFF, 0xFF, 0xF8, 0xF8, 0x00, 0x00, 0xF8, 0x00, 0x00, 0xF8, 0x00, 0x00,
    0xF8, 0x00, 0x00, 0xF8, 0x00, 0x00, 0xFF, 0xFF, 0xF0, 0xFF, 0xFF, 0xF0, 0xF8, 0x00, 0x00, 0xF8,
    0x00, 0x00, 0xF8, 0x00, 0x00, 0xF8, 0x00, 0x00, 0xF8, 0x00, 0x00, 0xF8, 0x00, 0x00, 0xFF, 0xFF,
    0xFD, 0xFF, 0xFF, 0xFD, 0x0B, 0x40, 0xE0, 0x07, 0xC2, 0xD0, 0x03, 0xFF, 0xC0, 0x00, 0xBE, 0x00,
    0x00, 0x00, 0x00, 0x00, 0x00, 0x00, 0x01, 0xBF, 0x80, 0x0B, 0xFF, 0xF0, 0x2F, 0x41, 0xFC, 0x3D,
    0x00, 0x3D, 0x7C, 0x00, 0x3D, 0xBF, 0xFF, 0xFE, 0xBF, 0xFF, 0xFE, 0xBC, 0x00, 0x00, 0x7C, 0x00,
    0x00, 0x3E, 0x00, 0x00, 0x2F, 0x80, 0x14, 0x0B, 0xFF, 0xF8, 0x01, 0xBF, 0xE4, 0x06, 0xFF, 0xE4,
    0x00, 0x1F, 0xFF, 0xFF, 0x00, 0x0D, 0x00, 0x2F, 0xC0, 0x00, 0x00, 0x03, 0xF0, 0x00, 0x00, 0x01,
    0xF4, 0x00, 0x00, 0x00, 0xFC, 0x00, 0x00, 0x00, 0xBC, 0x00, 0x00, 0x00, 0x7C, 0xBF, 0xFF, 0xFF,
    0xFC, 0xBF, 0xFF, 0xFF, 0xFC, 0x7C, 0x00, 0x00, 0xBC, 0x7C, 0x00, 0x00, 0xF8, 0x3D, 0x00, 0x00,
    0xF4, 0x2F, 0x00, 0x03, 0xF0, 0x0F, 0xD0, 0x1F, 0xC0, 0x03, 0xFF, 0xFF, 0x00, 0x00, 0x7F, 0xE4,
    0x00, 0x1B, 0xFE, 0x40, 0x2F, 0xFF, 0xE0, 0x14, 0x02, 0xF8, 0x00, 0x00, 0xBC, 0x00, 0x00, 0x3D,
    0x00, 0x00, 0x3E, 0xBF, 0xFF, 0xFE, 0xBF, 0xFF, 0xFE, 0xBC, 0x00, 0x3D, 0x7C, 0x00, 0x7C, 0x3F,
    0x41, 0xF8, 0x0F, 0xFF, 0xE0, 0x02, 0xFE, 0x40, 0x00, 0xF0, 0x3C, 0x00, 0x01, 0xF8, 0xBD, 0x00,
    0x00, 0xF0, 0x3C, 0x00, 0x00, 0x00, 0x00, 0x00, 0x00, 0x00, 0x00, 0x00, 0x06, 0xFF, 0xE4, 0x00,
    0x1F, 0xFF, 0xFF, 0x00, 0x0D, 0x00, 0x2F, 0xC0, 0x00, 0x00, 0x03, 0xF0, 0x00, 0x00, 0x01, 0xF4,
    0x00, 0x00, 0x00, 0xFC, 0x00, 0x00, 0x00, 0xBC, 0x00, 0x00, 0x00, 0x7C, 0xBF, 0xFF, 0xFF, 0xFC,
    0xBF, 0xFF, 0xFF, 0xFC, 0x7C, 0x00, 0x00, 0xBC, 0x7C, 0x00, 0x00, 0xF8, 0x3D, 0x00, 0x00, 0xF4,
    0x2F, 0x00, 0x03, 0xF0, 0x0F, 0xD0, 0x1F, 0xC0, 0x03, 0xFF, 0xFF, 0x00, 0x00, 0x7F, 0xE4, 0x00,
    0x0B, 0x42, 0xD0, 0x0F, 0xC3, 0xE0, 0x0B, 0x42, 0xD0, 0x00, 0x00, 0x00, 0x00, 0x00, 0x00, 0x1B,
    0xFE, 0x40, 0x2F, 0xFF, 0xE0, 0x14, 0x02, 0xF8, 0x00, 0x00, 0xBC, 0x00, 0x00, 0x3D, 0x00, 0x00,
    0x3E, 0xBF, 0xFF, 0xFE, 0xBF, 0xFF, 0xFE, 0xBC, 0x00, 0x3D, 0x7C, 0x00, 0x7C, 0x3F, 0x41, 0xF8,
    0x0F, 0xFF, 0xE0, 0x02, 0xFE, 0x40, 0x00, 0x00, 0xF0, 0x78, 0x00, 0x00, 0x00, 0x07, 0xD2, 0xF0,
    0x00, 0x00, 0x00, 0x0F, 0x07, 0x80, 0x00, 0x00, 0x00, 0x00, 0x00, 0x00, 0x00, 0x00, 0x00, 0x00,
    0x00, 0x00, 0x00, 0xBC, 0x00, 0x3D, 0x00, 0x2F, 0x00, 0xBC, 0x00, 0xF4, 0x01, 0xF4, 0x00, 0xFC,
    0x03, 0xD0, 0x1F, 0x40, 0x00, 0xFC, 0x0F, 0x41, 0xF8, 0x00, 0x00, 0xFC, 0x3D, 0x0F, 0x80, 0x00,
    0x00, 0xF8, 0xF4, 0xF8, 0x00, 0x00, 0x00, 0xFB, 0xEF, 0xC0, 0x00, 0x00, 0x01, 0xFF, 0xFC, 0x00,
    0x00, 0x00, 0x0F, 0x3D, 0x7C, 0x00, 0x00, 0x00, 0xF4, 0xF4, 0xBC, 0x00, 0x00, 0x0F, 0x43, 0xD0,
    0xF8, 0x00, 0x00, 0xF8, 0x0F, 0x40, 0xF4, 0x00, 0x0B, 0xC0, 0x3D, 0x01, 0xF0, 0x00, 0x7D, 0x00,
    0xF4, 0x03, 0xF0, 0x03, 0xE0, 0x03, 0xD0, 0x03, 0xE0, 0x2F, 0x00, 0x0F, 0x40, 0x0B, 0xC0, 0xF8,
    0x00, 0x3D, 0x00, 0x0F, 0x80, 0x00, 0x0F, 0x03, 0xC0, 0x00, 0x00, 0x7E, 0x2F, 0x40, 0x00, 0x00,
    0xF0, 0x3C, 0x00, 0x00, 0x00, 0x00, 0x00, 0x00, 0x00, 0x00, 0x00, 0x00, 0x00, 0xBC, 0x02, 0xE0,
    0x0F, 0x80, 0xBC, 0x0B, 0x80, 0xF8, 0x00, 0xBC, 0x2E, 0x0F, 0x80, 0x00, 0xBC, 0xB8, 0xBC, 0x00,
    0x00, 0xFA, 0xEB, 0xC0, 0x00, 0x00, 0xFF, 0xFC, 0x00, 0x00, 0x0B, 0x6E, 0x7C, 0x00, 0x00, 0xB8,
    0xB8, 0xB8, 0x00, 0x07, 0xC2, 0xE0, 0xF8, 0x00, 0x7C, 0x0B, 0x80, 0xF4, 0x03, 0xD0, 0x2E, 0x01,
    0xF0, 0x2F, 0x00, 0xB8, 0x03, 0xF1, 0xF0, 0x02, 0xE0, 0x03, 0xD0, 0x03, 0xC1, 0xE0, 0x00, 0x7D,
    0x2F, 0x00, 0x03, 0xC1, 0xE0, 0x00, 0x00, 0x00, 0x00, 0x00, 0x00, 0x00, 0x00, 0x6F, 0xF9, 0x00,
    0x1F, 0xFF, 0xFC, 0x00, 0xD0, 0x0B, 0xF0, 0x00, 0x00, 0x2F, 0x00, 0x00, 0x01, 0xF0, 0x00, 0x00,
    0x2F, 0x00, 0x00, 0x1F, 0xD0, 0x01, 0xFF, 0xF0, 0x00, 0x1F, 0xFF, 0x80, 0x00, 0x00, 0x7F, 0x00,
    0x00, 0x00, 0xF8, 0x00, 0x00, 0x0B, 0xC0, 0x00, 0x00, 0xBC, 0x00, 0x00, 0x0F, 0xC3, 0x90, 0x07,
    0xF4, 0x3F, 0xFF, 0xFE, 0x00, 0x6F, 0xFE, 0x00, 0x2D, 0x0F, 0x03, 0xF1, 0xF8, 0x2D, 0x0F, 0x00,
    0x00, 0x00, 0x00, 0x00, 0x02, 0xFF, 0xD0, 0x7F, 0xFF, 0xC1, 0x00, 0xBD, 0x00, 0x03, 0xE0, 0x00,
    0x7C, 0x0B, 0xFF, 0x40, 0xBF, 0xF8, 0x00, 0x07, 0xE0, 0x00, 0x1F, 0x00, 0x01, 0xF5, 0x00, 0x7F,
    0xBF, 0xFF, 0xC6, 0xFF, 0xE0, 0x2F, 0xFF, 0xFF, 0x8B, 0xFF, 0xFF, 0xD0, 0x00, 0x03, 0xE0, 0x00,
    0x03, 0xF0, 0x00, 0x02, 0xF0, 0x00, 0x02, 0xF0, 0x00, 0x02, 0xF0, 0x00, 0x01, 0xFF, 0x80, 0x00,
    0x7F, 0xFD, 0x00, 0x00, 0x2F, 0xC0, 0x00, 0x00, 0xF8, 0x00, 0x00, 0x2F, 0x00, 0x00, 0x0B, 0xC0,
    0x00, 0x03, 0xE3, 0x90, 0x07, 0xF0, 0xFF, 0xFF, 0xF4, 0x06, 0xFF, 0xD0, 0x00, 0x2F, 0xFF, 0xFC,
    0x2F, 0xFF, 0xFC, 0x00, 0x00, 0xF4, 0x00, 0x02, 0xE0, 0x00, 0x0B, 0xC0, 0x00, 0x1F, 0x00, 0x00,
    0x3C, 0x00, 0x00, 0xFF, 0x80, 0x00, 0xFF, 0xF4, 0x00, 0x02, 0xFC, 0x00, 0x00, 0x3E, 0x00, 0x00,
    0x2E, 0x00, 0x00, 0x2F, 0x00, 0x00, 0x3E, 0x00, 0x00, 0x3D, 0x14, 0x01, 0xFC, 0x3F, 0xFF, 0xF0,
    0x1B, 0xFE, 0x40, 0x01, 0xFF, 0xF8, 0x00, 0x07, 0xFF, 0xE0, 0x00, 0x00, 0x00, 0x00, 0x00, 0x00,
    0x00, 0x00, 0x00, 0x00, 0x00, 0x03, 0xE0, 0x00, 0x07, 0xCF, 0x80, 0x00, 0x3F, 0x3E, 0x00, 0x03,
    0xFC, 0xF8, 0x00, 0x3F, 0xF3, 0xE0, 0x02, 0xF7, 0xCF, 0x80, 0x1F, 0x1F, 0x3E, 0x00, 0xF4, 0x7C,
    0xF8, 0x0F, 0x81, 0xF3, 0xE0, 0xBC, 0x07, 0xCF, 0x87, 0xC0, 0x1F, 0x3E, 0x3E, 0x00, 0x7C, 0xFB,
    0xF0, 0x01, 0xF3, 0xFF, 0x00, 0x07, 0xCF, 0xF4, 0x00, 0x1F, 0x3F, 0xC0, 0x00, 0x7C, 0xFC, 0x00,
    0x01, 0xF3, 0xD0, 0x00, 0x07, 0xC0, 0x0F, 0xFF, 0xC0, 0x3F, 0xFF, 0x00, 0x00, 0x00, 0x00, 0x00,
    0x00, 0x00, 0x00, 0x03, 0xD0, 0x02, 0xFF, 0x40, 0x1F, 0xFD, 0x00, 0xFF, 0xF4, 0x0F, 0xBF, 0xD0,
    0xB9, 0xFF, 0x47, 0xC7, 0xFD, 0x3C, 0x1F, 0xF6, 0xE0, 0x7F, 0xDF, 0x01, 0xFF, 0xF0, 0x07, 0xFF,
    0x80, 0x1F, 0xFC, 0x00, 0x7F, 0xD0, 0x01, 0xF0, 0x01, 0xE0, 0xB4, 0x00, 0x0B, 0xC3, 0xF0, 0x00,
    0x1E, 0x0B, 0x40, 0x00, 0x00, 0x00, 0x00, 0x00, 0x00, 0x00, 0x03, 0xE0, 0x00, 0x07, 0xCF, 0x80,
    0x00, 0x3F, 0x3E, 0x00, 0x03, 0xFC, 0xF8, 0x00, 0x3F, 0xF3, 0xE0, 0x02, 0xF7, 0xCF, 0x80, 0x1F,
    0x1F, 0x3E, 0x00, 0xF4, 0x7C, 0xF8, 0x0F, 0x81, 0xF3, 0xE0, 0xBC, 0x07, 0xCF, 0x87, 0xC0, 0x1F,
    0x3E, 0x3E, 0x00, 0x7C, 0xFB, 0xF0, 0x01, 0xF3, 0xFF, 0x00, 0x07, 0xCF, 0xF4, 0x00, 0x1F, 0x3F,
    0xC0, 0x00, 0x7C, 0xFC, 0x00, 0x01, 0xF3, 0xD0, 0x00, 0x07, 0xC0, 0x0F, 0x03, 0xC0, 0x7E, 0x2F,
    0x40, 0xF0, 0x3C, 0x00, 0x00, 0x00, 0x00, 0x00, 0x03, 0xD0, 0x02, 0xFF, 0x40, 0x1F, 0xFD, 0x00,
    0xFF, 0xF4, 0x0F, 0xBF, 0xD0, 0xB9, 0xFF, 0x47, 0xC7, 0xFD, 0x3C, 0x1F, 0xF6, 0xE0, 0x7F, 0xDF,
    0x01, 0xFF, 0xF0, 0x07, 0xFF, 0x80, 0x1F, 0xFC, 0x00, 0x7F, 0xD0, 0x01, 0xF0, 0x00, 0x2D, 0x0F,
    0x00, 0x00, 0x0F, 0xC7, 0xE0, 0x00, 0x02, 0xD0, 0xF0, 0x00, 0x00, 0x00, 0x00, 0x00, 0x00, 0x00,
    0x00, 0x00, 0x00, 0x06, 0xFF, 0x80, 0x00, 0x1F, 0xFF, 0xFE, 0x00, 0x1F, 0xD0, 0x1B, 0xF0, 0x0F,
    0xC0, 0x00, 0x7E, 0x0B, 0xC0, 0x00, 0x0B, 0xC3, 0xE0, 0x00, 0x00, 0xF9, 0xF0, 0x00, 0x00, 0x3F,
    0x7C, 0x00, 0x00, 0x0B, 0xEF, 0x00, 0x00, 0x02, 0xF7, 0xC0, 0x00, 0x00, 0xBD, 0xF0, 0x00, 0x00,
    0x3F, 0x3E, 0x00, 0x00, 0x0F, 0x8B, 0xC0, 0x00, 0x0B, 0xC0, 0xFC, 0x00, 0x07, 0xE0, 0x1F, 0xD0,
    0x1B, 0xF0, 0x01, 0xFF, 0xFF, 0xE0, 0x00, 0x06, 0xFF, 0x80, 0x00, 0x03, 0xC1, 0xE0, 0x01, 0xF4,
    0xBC, 0x00, 0x3C, 0x1E, 0x00, 0x00, 0x00, 0x00, 0x00, 0x00, 0x00, 0x00, 0x6F, 0xE0, 0x00, 0xBF,
    0xFF, 0x40, 0xBE, 0x02, 0xF4, 0x3E, 0x00, 0x3F, 0x1F, 0x00, 0x07, 0xCB, 0xC0, 0x00, 0xF6, 0xE0,
    0x00, 0x3D, 0xBC, 0x00, 0x0F, 0x5F, 0x00, 0x07, 0xC3, 0xE0, 0x03, 0xF0, 0xBE, 0x02, 0xF4, 0x0B,
    0xFF, 0xF4, 0x00, 0x6F, 0xE0, 0x00, 0x00, 0x1B, 0xFE, 0x00, 0x00, 0x7F, 0xFF, 0xF8, 0x00, 0x7F,
    0x40, 0x6F, 0xC0, 0x3E, 0x00, 0x01, 0xF8, 0x2F, 0x00, 0x00, 0x1F, 0x0F, 0x40, 0x00, 0x03, 0xE7,
    0xC0, 0x00, 0x00, 0xBD, 0xFF, 0xFF, 0xFF, 0xFF, 0xBF, 0xFF, 0xFF, 0xFF, 0xDF, 0x00, 0x00, 0x02,
    0xF7, 0xD0, 0x00, 0x00, 0xFC, 0xF8, 0x00, 0x00, 0x3E, 0x2F, 0x00, 0x00, 0x2F, 0x03, 0xF0, 0x00,
    0x1F, 0x80, 0x7F, 0x40, 0x6F, 0xC0, 0x07, 0xFF, 0xFF, 0x80, 0x00, 0x1B, 0xFE, 0x00, 0x00, 0x01,
    0xBF, 0x80, 0x02, 0xFF, 0xFD, 0x02, 0xF4, 0x0B, 0xD0, 0xF4, 0x00, 0xBC, 0x7C, 0x00, 0x0F, 0x2F,
    0xFF, 0xFF, 0xDB, 0xFF, 0xFF, 0xF6, 0xF0, 0x00, 0x3D, 0x7C, 0x00, 0x1F, 0x0F, 0x80, 0x0F, 0xC2,
    0xF8, 0x0B, 0xD0, 0x2F, 0xFF, 0xD0, 0x01, 0xBF, 0x80, 0x00, 0x00, 0x2D, 0x0F, 0x00, 0x00, 0x0F,
    0xC7, 0xE0, 0x00, 0x02, 0xD0, 0xF0, 0x00, 0x00, 0x00, 0x00, 0x00, 0x00, 0x00, 0x00, 0x00, 0x00,
    0x06, 0xFF, 0x80, 0x00, 0x1F, 0xFF, 0xFE, 0x00, 0x1F, 0xD0, 0x1B, 0xF0, 0x0F, 0x80, 0x00, 0x7E,
    0x0B, 0xC0, 0x00, 0x07, 0xC3, 0xD0, 0x00, 0x00, 0xF9, 0xF0, 0x00, 0x00, 0x2F, 0x7F, 0xFF, 0xFF,
    0xFF, 0xEF, 0xFF, 0xFF, 0xFF, 0xF7, 0xC0, 0x00, 0x00, 0xBD, 0xF4, 0x00, 0x00, 0x3F, 0x3E, 0x00,
    0x00, 0x0F, 0x8B, 0xC0, 0x00, 0x0B, 0xC0, 0xFC, 0x00, 0x07, 0xE0, 0x1F, 0xD0, 0x1B, 0xF0, 0x01,
    0xFF, 0xFF, 0xE0, 0x00, 0x06, 0xFF, 0x80, 0x00, 0x03, 0xC1, 0xE0, 0x01, 0xF4, 0xBC, 0x00, 0x3C,
    0x1E, 0x00, 0x00, 0x00, 0x00, 0x00, 0x00, 0x00, 0x00, 0x6F, 0xE0, 0x00, 0xBF, 0xFF, 0x40, 0xBD,
    0x02, 0xF4, 0x3D, 0x00, 0x2F, 0x1F, 0x00, 0x03, 0xCB, 0xFF, 0xFF, 0xF6, 0xFF, 0xFF, 0xFD, 0xBC,
    0x00, 0x0F, 0x5F, 0x00, 0x07, 0xC3, 0xE0, 0x03, 0xF0, 0xBE, 0x02, 0xF4, 0x0B, 0xFF, 0xF4, 0x00,
    0x6F, 0xE0, 0x00, 0x03, 0xC1, 0xE0, 0x00, 0x2F, 0x4F, 0xC0, 0x00, 0x3C, 0x1E, 0x00, 0x00, 0x00,
    0x00, 0x00, 0x00, 0x00, 0x00, 0x00, 0x2F, 0xFE, 0x40, 0x03, 0xFF, 0xFF, 0x80, 0x09, 0x00, 0x2F,
    0xC0, 0x00, 0x00, 0x0F, 0x80, 0x00, 0x00, 0x1F, 0x40, 0x00, 0x00, 0x3E, 0x00, 0x00, 0x00, 0xBC,
    0x00, 0xFF, 0xFF, 0xF0, 0x03, 0xFF, 0xFF, 0xC0, 0x00, 0x00, 0x2F, 0x00, 0x00, 0x00, 0xFC, 0x00,
    0x00, 0x03, 0xE0, 0x00, 0x00, 0x2F, 0x40, 0x00, 0x01, 0xF8, 0x0D, 0x00, 0x6F, 0xC0, 0x3F, 0xFF,
    0xFC, 0x00, 0x6F, 0xFE, 0x40, 0x00, 0x0F, 0x07, 0x80, 0x2F, 0x0F, 0xC0, 0x0F, 0x07, 0x80, 0x00,
    0x00, 0x00, 0x00, 0x00, 0x00, 0x1B, 0xFD, 0x00, 0x2F, 0xFF, 0xC0, 0x04, 0x07, 0xF0, 0x00, 0x00,
    0xF8, 0x00, 0x00, 0x7C, 0x02, 0xFF, 0xFC, 0x02, 0xFF, 0xFC, 0x00, 0x00, 0x7C, 0x00, 0x00, 0xBC,
    0x00, 0x00, 0xF8, 0x10, 0x07, 0xF0, 0x3F, 0xFF, 0xD0, 0x2F, 0xFE, 0x00, 0x00, 0xFF, 0xFC, 0x00,
    0x03, 0xFF, 0xF0, 0x00, 0x00, 0x00, 0x00, 0x00, 0x00, 0x00, 0x00, 0x00, 0x00, 0x00, 0x00, 0xF4,
    0x00, 0x07, 0xD2, 0xF0, 0x00, 0x2F, 0x07, 0xD0, 0x00, 0xF8, 0x0F, 0xC0, 0x07, 0xC0, 0x1F, 0x40,
    0x2F, 0x00, 0x3F, 0x00, 0xF4, 0x00, 0x7D, 0x07, 0xC0, 0x00, 0xBC, 0x3E, 0x00, 0x00, 0xF4, 0xF0,
    0x00, 0x02, 0xFB, 0xC0, 0x00, 0x03, 0xFD, 0x00, 0x00, 0x07, 0xF0, 0x00, 0x00, 0x0F, 0x40, 0x00,
    0x00, 0xBC, 0x00, 0x00, 0x0B, 0xD0, 0x00, 0x2F, 0xFD, 0x00, 0x00, 0xBF, 0x80, 0x00, 0x00, 0x03,
    0xFF, 0xF0, 0x03, 0xFF, 0xF0, 0x00, 0x00, 0x00, 0x00, 0x00, 0x00, 0x00, 0x00, 0x00, 0x7C, 0x00,
    0x2F, 0x3D, 0x00, 0x3E, 0x3E, 0x00, 0x3D, 0x2F, 0x00, 0x7C, 0x0F, 0x40, 0xB8, 0x0F, 0x80, 0xF4,
    0x07, 0xC0, 0xF0, 0x03, 0xD1, 0xF0, 0x02, 0xE2, 0xD0, 0x00, 0xF3, 0xC0, 0x00, 0xBF, 0x80, 0x00,
    0x3F, 0x40, 0x00, 0x3F, 0x00, 0x00, 0x2E, 0x00, 0x00, 0x3C, 0x00, 0x01, 0xF8, 0x00, 0xBF, 0xF0,
    0x00, 0xBF, 0x40, 0x00, 0x00, 0xB4, 0x3C, 0x00, 0x03, 0xE1, 0xF4, 0x00, 0x0B, 0x43, 0xC0, 0x00,
    0x00, 0x00, 0x00, 0x00, 0x00, 0x00, 0x00, 0xF4, 0x00, 0x07, 0xD2, 0xF0, 0x00, 0x2F, 0x07, 0xD0,
    0x00, 0xF8, 0x0F, 0xC0, 0x07, 0xC0, 0x1F, 0x40, 0x2F, 0x00, 0x3F, 0x00, 0xF4, 0x00, 0x7D, 0x07,
    0xC0, 0x00, 0xBC, 0x3E, 0x00, 0x00, 0xF4, 0xF0, 0x00, 0x02, 0xFB, 0xC0, 0x00, 0x03, 0xFD, 0x00,
    0x00, 0x07, 0xF0, 0x00, 0x00, 0x0F, 0x40, 0x00, 0x00, 0xBC, 0x00, 0x00, 0x0B, 0xD0, 0x00, 0x2F,
    0xFD, 0x00, 0x00, 0xBF, 0x80, 0x00, 0x00, 0x03, 0xC0, 0xF0, 0x07, 0xE2, 0xF4, 0x03, 0xC0, 0xF0,
    0x00, 0x00, 0x00, 0x00, 0x00, 0x00, 0x7C, 0x00, 0x2F, 0x3D, 0x00, 0x3E, 0x3E, 0x00, 0x3D, 0x2F,
    0x00, 0x7C, 0x0F, 0x40, 0xB8, 0x0F, 0x80, 0xF4, 0x07, 0xC0, 0xF0, 0x03, 0xD1, 0xF0, 0x02, 0xE2,
    0xD0, 0x00, 0xF3, 0xC0, 0x00, 0xBF, 0x80, 0x00, 0x3F, 0x40, 0x00, 0x3F, 0x00, 0x00, 0x2E, 0x00,
    0x00, 0x3C, 0x00, 0x01, 0xF8, 0x00, 0xBF, 0xF0, 0x00, 0xBF, 0x40, 0x00, 0x00, 0x03, 0x02, 0x40,
    0x00, 0x2D, 0x2E, 0x00, 0x01, 0xE1, 0xE0, 0x00, 0x0F, 0x0F, 0x00, 0x00, 0x20, 0x20, 0x00, 0x00,
    0x00, 0x00, 0x00, 0x00, 0x00, 0x00, 0x0F, 0x40, 0x00, 0x7D, 0x2F, 0x00, 0x02, 0xF0, 0x7D, 0x00,
    0x0F, 0x80, 0xFC, 0x00, 0x7C, 0x01, 0xF4, 0x02, 0xF0, 0x03, 0xF0, 0x0F, 0x40, 0x07, 0xD0, 0x7C,
    0x00, 0x0B, 0xC3, 0xE0, 0x00, 0x0F, 0x4F, 0x00, 0x00, 0x2F, 0xBC, 0x00, 0x00, 0x3F, 0xD0, 0x00,
    0x00, 0x7F, 0x00, 0x00, 0x00, 0xF4, 0x00, 0x00, 0x0B, 0xC0, 0x00, 0x00, 0xBD, 0x00, 0x02, 0xFF,
    0xD0, 0x00, 0x0B, 0xF8, 0x00, 0x00, 0x00, 0x0C, 0x0C, 0x00, 0x3D, 0x2D, 0x00, 0xB4, 0x78, 0x01,
    0xE0, 0xF0, 0x00, 0x80, 0x80, 0x00, 0x00, 0x00, 0x00, 0x00, 0x00, 0x7C, 0x00, 0x2F, 0x3D, 0x00,
    0x3E, 0x3E, 0x00, 0x3D, 0x2F, 0x00, 0x7C, 0x0F, 0x40, 0xB8, 0x0F, 0x80, 0xF4, 0x07, 0xC0, 0xF0,
    0x03, 0xD1, 0xF0, 0x02, 0xE2, 0xD0, 0x00, 0xF3, 0xC0, 0x00, 0xBF, 0x80, 0x00, 0x3F, 0x40, 0x00,
    0x3F, 0x00, 0x00, 0x2E, 0x00, 0x00, 0x3C, 0x00, 0x01, 0xF8, 0x00, 0xBF, 0xF0, 0x00, 0xBF, 0x40,
    0x00, 0x02, 0xD0, 0xF0, 0x00, 0xF8, 0x7D, 0x00, 0x2D, 0x0F, 0x00, 0x00, 0x00, 0x00, 0x00, 0x00,
    0x00, 0x2F, 0x00, 0x03, 0xEB, 0xC0, 0x00, 0xFA, 0xF0, 0x00, 0x3E, 0xBC, 0x00, 0x0F, 0xAF, 0x00,
    0x03, 0xE7, 0xC0, 0x00, 0xF9, 0xF0, 0x00, 0x3E, 0x3D, 0x00, 0x0F, 0x8F, 0xD0, 0x03, 0xE0, 0xFF,
    0xFF, 0xF8, 0x0B, 0xFF, 0xFE, 0x00, 0x00, 0x0F, 0x80, 0x00, 0x03, 0xE0, 0x00, 0x00, 0xF8, 0x00,
    0x00, 0x3E, 0x00, 0x00, 0x0F, 0x80, 0x00, 0x03, 0xE0, 0x0F, 0x07, 0x80, 0xBD, 0x3F, 0x00, 0xF0,
    0x78, 0x00, 0x00, 0x00, 0x00, 0x00, 0x03, 0xD0, 0x03, 0xDF, 0x40, 0x0F, 0x7D, 0x00, 0x3D, 0xF4,
    0x00, 0xF7, 0xE0, 0x03, 0xDB, 0xD0, 0x0F, 0x4F, 0xFF, 0xFD, 0x0B, 0xFE, 0xF4, 0x00, 0x03, 0xD0,
    0x00, 0x0F, 0x40, 0x00, 0x3D, 0x00, 0x00, 0xF4, 0x00, 0x03, 0xD0, 0xFF, 0xFF, 0xF7, 0xFF, 0xFF,
    0xDF, 0x80, 0x00, 0x3E, 0x00, 0x00, 0xF8, 0x00, 0x03, 0xE0, 0x00, 0x0F, 0x80, 0x00, 0x3E, 0x00,
    0x00, 0xF8, 0x00, 0x03, 0xE0, 0x00, 0x0F, 0x80, 0x00, 0x3E, 0x00, 0x00, 0xF8, 0x00, 0x03, 0xE0,
    0x00, 0x0F, 0x80, 0x00, 0x3F, 0xF0, 0x00, 0xFF, 0xC0, 0x00, 0x2F, 0x00, 0x00, 0xBC, 0x00, 0x02,
    0xF0, 0x00, 0x0B, 0xC0, 0x00, 0x2F, 0x00, 0x00, 0xFF, 0xFF, 0x3F, 0xFF, 0xCF, 0x40, 0x03, 0xD0,
    0x00, 0xF4, 0x00, 0x3D, 0x00, 0x0F, 0x40, 0x03, 0xD0, 0x00, 0xF4, 0x00, 0x3D, 0x00, 0x0F, 0x40,
    0x03, 0xFC, 0x00, 0xFF, 0x00, 0x03, 0xC0, 0x00, 0xF0, 0x00, 0x3C, 0x00, 0x0F, 0x00, 0x00, 0x00,
    0x2D, 0x0F, 0x00, 0x00, 0x03, 0xE1, 0xF4, 0x00, 0x00, 0x2D, 0x0F, 0x00, 0x00, 0x00, 0x00, 0x00,
    0x00, 0x00, 0x00, 0x00, 0x00, 0x0F, 0x80, 0x00, 0x00, 0x3D, 0xF8, 0x00, 0x00, 0x03, 0xDF, 0x80,
    0x00, 0x00, 0x3D, 0xF8, 0x00, 0x00, 0x03, 0xDF, 0x80, 0x00, 0x00, 0x3D, 0xF8, 0x00, 0x00, 0x03,
    0xDF, 0xFF, 0xE4, 0x00, 0x3D, 0xFF, 0xFF, 0xF4, 0x03, 0xDF, 0x80, 0x1F, 0xD0, 0x3D, 0xF8, 0x00,
    0x3F, 0x03, 0xDF, 0x80, 0x01, 0xF0, 0x3D, 0xF8, 0x00, 0x1F, 0x03, 0xDF, 0x80, 0x01, 0xF0, 0x3D,
    0xF8, 0x00, 0x3F, 0x03, 0xDF, 0x80, 0x1F, 0xD0, 0x3D, 0xFF, 0xFF, 0xF4, 0x03, 0xDB, 0xFF, 0xE4,
    0x00, 0x3D, 0x00, 0xF0, 0x3C, 0x00, 0x07, 0xE2, 0xF4, 0x00, 0x0F, 0x03, 0xC0, 0x00, 0x00, 0x00,
    0x00, 0x00, 0x00, 0x00, 0x03, 0xD0, 0x00, 0x01, 0xFF, 0x40, 0x00, 0x07, 0xFD, 0x00, 0x00, 0x1F,
    0xF4, 0x00, 0x00, 0x7F, 0xD0, 0x00, 0x01, 0xFF, 0xFF, 0xE0, 0x07, 0xFF, 0xFF, 0xF4, 0x1F, 0xF4,
    0x07, 0xF0, 0x7F, 0xD0, 0x03, 0xC1, 0xFF, 0x40, 0x0F, 0x07, 0xFD, 0x01, 0xFC, 0x1F, 0xFF, 0xFF,
    0xD0, 0x7E, 0xBF, 0xF8, 0x01, 0xF0, 0x0F, 0x80, 0x00, 0xB8, 0x1F, 0x40, 0x02, 0xE0, 0x2F, 0x00,
    0x0F, 0x80, 0x3F, 0x00, 0x3D, 0x00, 0x3E, 0x00, 0xF0, 0x03, 0xFD, 0x0B, 0x80, 0x3F, 0xBC, 0x7C,
    0x02, 0xF0, 0xBF, 0xD0, 0x0F, 0x40, 0xFC, 0x00, 0x3C, 0x01, 0xF4, 0x01, 0xF0, 0x02, 0xF0, 0x0B,
    0x80, 0x03, 0xE0, 0x2E, 0x00, 0x07, 0xD0, 0xF4, 0x00, 0x0B, 0xC3, 0xC0, 0x00, 0x0F, 0x80, 0x3F,
    0xFF, 0x40, 0x0F, 0xFF, 0xF8, 0x00, 0x00, 0x2F, 0x00, 0x00, 0x03, 0xD0, 0x00, 0x00, 0xF8, 0x00,
    0x00, 0x3E, 0x00, 0x00, 0x0F, 0x80, 0x00, 0x03, 0xE0, 0x00, 0x00, 0xF8, 0x00, 0x00, 0x3E, 0x00,
    0x00, 0x0F, 0x80, 0x00, 0x03, 0xE0, 0x00, 0x00, 0xF8, 0x3F, 0xFF, 0xFF, 0xDF, 0xFF, 0xFF, 0xF0,
    0x0F, 0xF4, 0x03, 0xFF, 0x00, 0x03, 0xE0, 0x00, 0xB8, 0x00, 0x2E, 0x00, 0x0B, 0x80, 0x02, 0xE0,
    0x00, 0xB8, 0x00, 0x2E, 0x00, 0x0B, 0x80, 0x03, 0xE0, 0x02, 0xFC, 0x07, 0xCF, 0x1F, 0xD2, 0xD7,
    0x80, 0x78, 0x00, 0x00, 0x3F, 0xFF, 0xFF, 0x8F, 0xFF, 0xFF, 0xE0, 0x00, 0x0B, 0x40, 0x00, 0x03,
    0xD0, 0x00, 0x00, 0xF4, 0x00, 0x00, 0x3D, 0x00, 0x00, 0x0F, 0x40, 0x00, 0x03, 0xD0, 0x00, 0x00,
    0xF4, 0x00, 0x00, 0x3D, 0x00, 0x00, 0x0F, 0x40, 0x00, 0x03, 0xD0, 0x00, 0x00, 0xF4, 0x00, 0x00,
    0x3D, 0x00, 0x00, 0x0F, 0x40, 0x7F, 0xFF, 0xF8, 0x2F, 0xFF, 0xFF, 0xC0, 0x00, 0x01, 0xF4, 0x00,
    0x00, 0x2F, 0x00, 0x00, 0x07, 0xC0, 0x00, 0x01, 0xF1, 0x80, 0x00, 0x7D, 0xF0, 0x00, 0x1F, 0x7C,
    0x00, 0x07, 0xDF, 0x00, 0x01, 0xF7, 0xC0, 0x00, 0x7D, 0xF0, 0x00, 0x1F, 0x7C, 0x00, 0x07, 0xDF,
    0x00, 0x01, 0xF7, 0xC0, 0x00, 0x7C, 0x3F, 0xE3, 0xFE, 0x03, 0xE0, 0x3E, 0x03, 0xE0, 0x3E, 0x03,
    0xE0, 0x3E, 0x03, 0xE0, 0x3E, 0x03, 0xE0, 0x3E, 0x03, 0xE0, 0x3E, 0x03, 0xE0, 0xFF, 0xF7, 0xFF,
    0xD0, 0x7C, 0x03, 0xC0, 0x2E, 0x00, 0xF4, 0x03, 0xD0, 0x0F, 0x40, 0x3E, 0x00, 0xB8, 0x02, 0xF0,
    0x07, 0xC0, 0x1F, 0x00, 0x3C, 0x00, 0xF4, 0x00, 0xBF, 0xFF, 0xFD, 0x0F, 0xFF, 0xFF, 0xF8, 0x0F,
    0x00, 0x0B, 0xD1, 0xF0, 0x00, 0x3E, 0x2E, 0x00, 0x02, 0xE2, 0xE0, 0x00, 0x2E, 0x2E, 0x00, 0x02,
    0xE2, 0xE0, 0x00, 0x2E, 0x2E, 0x00, 0x02, 0xE2, 0xE0, 0x00, 0x2E, 0x2E, 0x00, 0x02, 0xE2, 0xE0,
    0x00, 0x2E, 0x2E, 0x00, 0x02, 0xE2, 0xE0, 0x00, 0x2E, 0x2E, 0x00, 0x02, 0xE0, 0xB8, 0x0B, 0xF8,
    0x0B, 0x80, 0xBF, 0xF0, 0xB8, 0x00, 0x0F, 0xCB, 0x80, 0x00, 0x7C, 0xB8, 0x00, 0x03, 0xDB, 0x80,
    0x00, 0x3E, 0xB8, 0x00, 0x02, 0xEB, 0xC0, 0x00, 0x3E, 0x7C, 0x00, 0x03, 0xD7, 0xC0, 0x00, 0x3D,
    0x3D, 0x00, 0x07, 0xC2, 0xF0, 0x00, 0xF8, 0x0F, 0xC0, 0x7F, 0x00, 0x7F, 0xFF, 0xD0, 0x00, 0xBF,
    0xE0, 0x00, 0x3F, 0xE3, 0xFE, 0x03, 0xE0, 0x3E, 0x03, 0xE0, 0x3E, 0x03, 0xE0, 0x3E, 0x01, 0x40,
    0xBF, 0xFF, 0x43, 0xFF, 0xFF, 0x80, 0x00, 0x2F, 0x40, 0x00, 0x2E, 0x00, 0x00, 0x7C, 0x00, 0x01,
    0xF0, 0x00, 0x07, 0xC0, 0x00, 0x1F, 0x00, 0x00, 0x7C, 0x00, 0x01, 0xF0, 0x00, 0x07, 0xC0, 0x00,
    0x1F, 0x00, 0x00, 0x7C, 0x00, 0x01, 0xF0, 0x00, 0x07, 0xC0, 0x00, 0x1F, 0x00, 0x00, 0x7C, 0x00,
    0x01, 0xF0, 0x00, 0x07, 0xC0, 0x00, 0x1F, 0xBF, 0xF9, 0x02, 0xFF, 0xFE, 0x00, 0x00, 0xBD, 0x00,
    0x00, 0xBC, 0x00, 0x00, 0xF4, 0x00, 0x03, 0xE0, 0x00, 0x0B, 0x80, 0x00, 0x2E, 0x00, 0x00, 0xB8,
    0x00, 0x03, 0xE0, 0x00, 0x0F, 0x40, 0x00, 0xBC, 0x00, 0x0B, 0xD3, 0xFF, 0xFE, 0x0F, 0xFF, 0x90,
    0x00, 0x00, 0x00, 0x00, 0x0F, 0x00, 0x00, 0x03, 0xC0, 0x00, 0x00, 0xF0, 0x00, 0x00, 0x3C, 0x00,
    0x00, 0x0F, 0xFF, 0xFF, 0xC3, 0xFF, 0xFF, 0xF0, 0x00, 0x00, 0xB8, 0x00, 0x00, 0x3C, 0x00, 0x00,
    0x1F, 0x00, 0x00, 0x0F, 0x80, 0x00, 0x03, 0xD0, 0x00, 0x01, 0xF0, 0x00, 0x00, 0xF8, 0x00, 0x00,
    0x3D, 0x00, 0x00, 0x1F, 0x00, 0x00, 0x0F, 0x80, 0x00, 0x03, 0xD0, 0x00, 0x01, 0xF0, 0x00, 0x00,
    0xF8, 0x00, 0xBF, 0xFF, 0xFE, 0x02, 0xFF, 0xFF, 0xFF, 0x40, 0xF0, 0x00, 0x3F, 0x03, 0xC0, 0x00,
    0x7C, 0x0F, 0x00, 0x00, 0xF0, 0x3C, 0x00, 0x03, 0xD0, 0xF0, 0x00, 0x0F, 0x43, 0xC0, 0x00, 0x3D,
    0x0F, 0x00, 0x00, 0xF4, 0x3C, 0x00, 0x03, 0xD0, 0xF0, 0x00, 0x0F, 0x43, 0xC0, 0x00, 0x3D, 0x0F,
    0x00, 0x00, 0xF4, 0x3F, 0xFF, 0xFF, 0xD0, 0xFF, 0xFF, 0xFF, 0x40, 0xB8, 0x07, 0xFD, 0x01, 0xF0,
    0xBF, 0xFE, 0x03, 0xC7, 0x40, 0xBD, 0x0B, 0x74, 0x00, 0xBC, 0x1F, 0xC0, 0x00, 0xF4, 0x3E, 0x00,
    0x03, 0xD0, 0xF4, 0x00, 0x0F, 0x43, 0xC0, 0x00, 0x3E, 0x0F, 0x00, 0x00, 0xF4, 0x7C, 0x00, 0x03,
    0xD2, 0xE0, 0x00, 0x1F, 0x0F, 0x80, 0x00, 0xF8, 0x3D, 0x00, 0x0F, 0xC0, 0xF0, 0x3F, 0xFD, 0x07,
    0xC1, 0xFF, 0x80, 0x00, 0xBF, 0xBF, 0xE0, 0xB8, 0x2E, 0x0B, 0x82, 0xE0, 0xB8, 0x2E, 0x0B, 0x82,
    0xE0, 0xB8, 0x2E, 0x0B, 0x82, 0xE0, 0xB8, 0x2E, 0x0B, 0x82, 0xE0, 0xB8, 0x2E, 0x3F, 0xD0, 0xFF,
    0xC0, 0x0F, 0x40, 0x2E, 0x00, 0xB8, 0x02, 0xE0, 0x0B, 0x80, 0x2E, 0x00, 0xB8, 0x02, 0xE0, 0x0B,
    0x80, 0x2E, 0x00, 0xBA, 0xFF, 0xEF, 0xFF, 0x80, 0xBF, 0xFF, 0xF8, 0x0F, 0xFF, 0xFF, 0xF4, 0x0B,
    0x40, 0x0F, 0xC0, 0xF0, 0x00, 0x3D, 0x2E, 0x00, 0x02, 0xE3, 0xD0, 0x00, 0x2F, 0x3D, 0x00, 0x01,
    0xF3, 0xC0, 0x00, 0x2F, 0x3D, 0x00, 0x02, 0xE3, 0xD0, 0x00, 0x3E, 0x3E, 0x00, 0x03, 0xD1, 0xF0,
    0x00, 0xBC, 0x0F, 0xD0, 0x2F, 0x40, 0x3F, 0xFF, 0xE0, 0x00, 0xBF, 0xE4, 0x00, 0x00, 0x00, 0x00,
    0x00, 0xF0, 0x00, 0x2E, 0x0F, 0x00, 0x03, 0xE0, 0xF4, 0x00, 0x3D, 0x0B, 0x80, 0x03, 0xD0, 0x7C,
    0x00, 0x3D, 0x03, 0xC0, 0x03, 0xD0, 0x3D, 0x00, 0x3C, 0x02, 0xE0, 0x07, 0xC0, 0x1F, 0x00, 0xB8,
    0x00, 0xF0, 0x0F, 0x40, 0x0F, 0x41, 0xF0, 0x00, 0xB4, 0x7D, 0x00, 0x07, 0xBF, 0x40, 0x1B, 0xFF,
    0xC0, 0x03, 0xFE, 0x40, 0x00, 0x24, 0x00, 0x00, 0x00, 0x02, 0xFF, 0x80, 0x07, 0xFF, 0xFD, 0x03,
    0xE0, 0x0B, 0xD2, 0xF0, 0x00, 0xBC, 0xB8, 0x00, 0x0F, 0x6D, 0x00, 0x03, 0xDB, 0x80, 0x00, 0xB9,
    0xF4, 0x00, 0x2E, 0x2F, 0xC0, 0x0B, 0x81, 0xF0, 0x02, 0xE0, 0x00, 0x00, 0xB8, 0x00, 0x00, 0x2E,
    0x00, 0x00, 0x0B, 0x80, 0x00, 0x02, 0xE0, 0x00, 0x00, 0xB8, 0x00, 0x00, 0x2E, 0x00, 0x00, 0x0B,
    0x80, 0x00, 0x02, 0xE0, 0x00, 0x00, 0xB8, 0x00, 0x00, 0x2E, 0x02, 0xFF, 0x80, 0x07, 0xFF, 0xFE,
    0x03, 0xF0, 0x0B, 0xD1, 0xF0, 0x00, 0xBC, 0xB8, 0x00, 0x0F, 0x6E, 0x00, 0x03, 0xE7, 0xC0, 0x00,
    0xB8, 0xF8, 0x00, 0x2F, 0x1F, 0xD0, 0x0B, 0x80, 0x60, 0x03, 0xE0, 0x00, 0x00, 0xF0, 0x00, 0x00,
    0xFC, 0x00, 0x01, 0xFC, 0x1F, 0xFF, 0xFC, 0x07, 0xFF, 0xE4, 0x00, 0x3D, 0x00, 0x1F, 0x0B, 0xC0,
    0x07, 0xC0, 0xF4, 0x02, 0xF0, 0x2E, 0x00, 0xB8, 0x07, 0xC0, 0x3D, 0x00, 0xF8, 0x0F, 0x00, 0x2F,
    0x0B, 0x80, 0x03, 0xC7, 0xC0, 0x00, 0xFF, 0xD0, 0x00, 0x1F, 0x80, 0x00, 0x03, 0xD0, 0x00, 0x00,
    0xF8, 0x00, 0x00, 0x2F, 0x00, 0x00, 0x03, 0xC0, 0x00, 0x00, 0xF4, 0x00, 0x00, 0x2E, 0x00, 0x00,
    0x07, 0xC0, 0x00, 0x00, 0xF0, 0x00, 0x00, 0x3D, 0x00, 0x00, 0x0B, 0x80, 0xBC, 0x00, 0x2E, 0x3E,
    0x00, 0x3E, 0x1F, 0x40, 0x3D, 0x0B, 0xC0, 0x3D, 0x03, 0xD0, 0x7C, 0x01, 0xF0, 0xB8, 0x00, 0xF8,
    0xF0, 0x00, 0x3F, 0xD0, 0x00, 0x2F, 0x40, 0x00, 0x0F, 0x80, 0x00, 0x07, 0xC0, 0x00, 0x02, 0xF0,
    0x00, 0x00, 0xF4, 0xFF, 0xFF, 0xFC, 0xFF, 0xFF, 0xFC, 0x3F, 0xFF, 0xFF, 0xF7, 0xFF, 0xFF, 0xFE,
    0x00, 0x00, 0x03, 0xD0, 0x00, 0x00, 0x7C, 0x00, 0x00, 0x0B, 0x80, 0x50, 0x00, 0xF4, 0x2E, 0x00,
    0x0F, 0x02, 0xE0, 0x02, 0xF0, 0x2E, 0x00, 0x3D, 0x02, 0xE0, 0x03, 0xC0, 0x2E, 0x00, 0x7C, 0x02,
    0xE0, 0x0B, 0x80, 0x2E, 0x00, 0xF4, 0x02, 0xE0, 0x1F, 0x00, 0x2E, 0x02, 0xE0, 0x02, 0xE0, 0x00,
    0x00, 0x2E, 0x00, 0x00, 0x02, 0xE0, 0x00, 0x00, 0x2E, 0x00, 0x00, 0x02, 0xE0, 0x00, 0x00, 0xFF,
    0xFE, 0x03, 0xFF, 0xFF, 0x00, 0x00, 0x3F, 0x00, 0x00, 0x7C, 0x00, 0x00, 0xF0, 0x00, 0x03, 0xC0,
    0x00, 0x0F, 0x00, 0x00, 0x3C, 0x00, 0x00, 0xF0, 0x00, 0x03, 0xC0, 0x00, 0x0F, 0x00, 0x00, 0x3C,
    0x00, 0x00, 0xF0, 0x00, 0x03, 0xC0, 0x00, 0x0F, 0x00, 0x7C, 0x03, 0xD0, 0x2E, 0x7C, 0x03, 0xD0,
    0x2E, 0x7C, 0x03, 0xD0, 0x2E, 0x7C, 0x03, 0xC0, 0x2E, 0x7C, 0x07, 0xC0, 0x2E, 0x7C, 0x0F, 0xC0,
    0x2E, 0x7C, 0x2F, 0x40, 0x2E, 0x7F, 0xFD, 0x00, 0x2E, 0x3F, 0xE0, 0x00, 0x3D, 0x3D, 0x00, 0x00,
    0x3C, 0x2E, 0x00, 0x00, 0x7C, 0x1F, 0x40, 0x00, 0xF8, 0x0B, 0xD0, 0x07, 0xF0, 0x02, 0xFF, 0xFF,
    0xC0, 0x00, 0x2F, 0xF9, 0x00, 0x1F, 0xFF, 0xFF, 0x80, 0x2F, 0xFF, 0xFF, 0xF4, 0x01, 0xF0, 0x00,
    0xFC, 0x01, 0xF0, 0x00, 0x7C, 0x01, 0xF0, 0x00, 0x3D, 0x01, 0xF0, 0x00, 0x3D, 0x01, 0xF0, 0x00,
    0x3D, 0x01, 0xF0, 0x00, 0x3D, 0x01, 0xF0, 0x00, 0x3D, 0x01, 0xF0, 0x00, 0x3D, 0x01, 0xF0, 0x00,
    0x3D, 0x01, 0xF0, 0x00, 0x3D, 0x02, 0xF0, 0x00, 0x3D, 0x3F, 0xD0, 0x00, 0x3D, 0x3F, 0x40, 0x00,
    0x3D, 0x04, 0x2C, 0x3C, 0xB8, 0xBD, 0x7C, 0x00, 0x01, 0x40, 0xE0, 0xB4, 0x3C, 0x1F, 0x0B, 0xC2,
    0x90, 0x00, 0x00, 0x00, 0x03, 0xE0, 0xFC, 0x3E, 0x01, 0x00, 0x00, 0x00, 0x00, 0x2F, 0xFE, 0x03,
    0xFF, 0xFF, 0x1F, 0x40, 0x18, 0xB8, 0x00, 0x02, 0xD0, 0x00, 0x0B, 0x80, 0x00, 0x0F, 0x40, 0x00,
    0x1F, 0x40, 0x00, 0x1F, 0x40, 0x00, 0x1F, 0x40, 0x00, 0x1F, 0x00, 0x00, 0x3C, 0x00, 0x00, 0xB0,
    0x00, 0x00, 0x00, 0x00, 0x00, 0x00, 0x00, 0x3C, 0x00, 0x01, 0xF8, 0x00, 0x07, 0xD0, 0x00, 0x01,
    0x00, 0x01, 0xBD, 0x00, 0xBF, 0xD0, 0x0F, 0x40, 0x02, 0xE0, 0x00, 0x2D, 0x00, 0x01, 0xF0, 0x00,
    0x0F, 0x86, 0xC0, 0x3F, 0xFC, 0x6F, 0xFD, 0x07, 0xF4, 0x00, 0x10, 0x00, 0x00, 0xBF, 0xFE, 0xFF,
    0xFF, 0x00, 0x00, 0x00, 0x0F, 0x0B, 0xF0, 0xF8, 0x08, 0x00, 0x00, 0x2C, 0x0B, 0x41, 0xE0, 0x3C,
    0x0F, 0x03, 0xC0, 0xF4, 0x2E, 0x0B, 0x81, 0xE0, 0x7C, 0x0F, 0x03, 0xC0, 0xF0, 0x3C, 0x0F, 0x03,
    0xC0, 0x00, 0x00, 0x00, 0x02, 0xC0, 0x02, 0xCB, 0x40, 0x0F, 0x1F, 0x00, 0x7C, 0x3F, 0xFF, 0xD0,
    0xFF, 0xFD, 0x03, 0xD0, 0x00, 0x0B, 0x40, 0x00, 0x2E, 0x00, 0x00, 0x78, 0x00, 0x01, 0xF0, 0x00,
    0x03, 0xC0, 0x00, 0x0F, 0x00, 0x00, 0x3C, 0x00, 0x00, 0xF0, 0x00, 0x03, 0xC0, 0x00, 0x0F, 0x40,
    0x00, 0x3D, 0x00, 0x00, 0x00, 0x00, 0x00, 0x00, 0x00, 0x00, 0x02, 0xC0, 0x10, 0x2C, 0x3D, 0x03,
    0xC3, 0xC2, 0xE0, 0x38, 0x2D, 0x1F, 0x07, 0x82, 0xD0, 0xFE, 0xFF, 0xFC, 0x0F, 0xFE, 0xFF, 0x40,
    0xF5, 0x00, 0x00, 0x0F, 0x40, 0x00, 0x00, 0xB4, 0x00, 0x00, 0x0B, 0x80, 0x00, 0x00, 0x78, 0x00,
    0x00, 0x07, 0xC0, 0x00, 0x00, 0x3C, 0x00, 0x00, 0x03, 0xC0, 0x00, 0x00, 0x3C, 0x00, 0x00, 0x03,
    0xC0, 0x00, 0x00, 0x3C, 0x00, 0x00, 0x00, 0x00, 0x00, 0x00, 0x00, 0x00, 0x00, 0x01, 0xD0, 0x00,
    0x3F, 0x80, 0x07, 0xF4, 0x00, 0x3E, 0x00, 0x02, 0xE0, 0x00, 0x0F, 0x00, 0x00, 0x3D, 0x00, 0x00,
    0x7F, 0xF4, 0x00, 0x7F, 0xD0, 0x00, 0xFD, 0x00, 0x0F, 0x80, 0x00, 0xBC, 0x00, 0x03, 0xC0, 0x00,
    0x0F, 0x00, 0x00, 0x3E, 0x00, 0x04, 0x3F, 0xFF, 0xF0, 0x2F, 0xFF, 0x40, 0x00, 0x00, 0x00, 0x02,
    0xF8, 0x00, 0x3F, 0xFC, 0x02, 0xF4, 0xBC, 0x0F, 0x00, 0xF4, 0xB8, 0x01, 0xF2, 0xD0, 0x03, 0xCF,
    0x00, 0x0F, 0x3C, 0x00, 0x3C, 0xF0, 0x00, 0xF2, 0xD0, 0x03, 0xC7, 0xD0, 0x3E, 0x0B, 0xFF, 0xF0,
    0x0B, 0xFE, 0x00, 0x00, 0x00, 0x00, 0x00, 0x00, 0x00, 0x39, 0x55, 0x50, 0x3F, 0xFF, 0xF0, 0x06,
    0xAA, 0xF0, 0x00, 0x00, 0xF0, 0x00, 0x00, 0xF0, 0x00, 0x00, 0xF0, 0x00, 0x00, 0xF0, 0x00, 0x00,
    0xF0, 0x00, 0x00, 0xF4, 0x00, 0x00, 0xB4, 0x00, 0x00, 0xB8, 0x00, 0x00, 0x78, 0x00, 0x00, 0x7C,
    0x00, 0x00, 0x3C, 0x00, 0x00, 0x3C, 0x00, 0x00, 0x3C, 0x00, 0x00, 0x2D, 0x00, 0x00, 0x00, 0x00,
    0x00, 0x00, 0x07, 0x80, 0x00, 0x1D, 0x3C, 0x00, 0x03, 0xD2, 0xE0, 0x00, 0x3C, 0x1F, 0x00, 0x0B,
    0x80, 0xF4, 0x00, 0xF0, 0x0B, 0x80, 0x1F, 0x00, 0x3C, 0x02, 0xD0, 0x03, 0xD0, 0x3C, 0x00, 0x2F,
    0x07, 0x80, 0x00, 0xF0, 0xF4, 0x00, 0x0F, 0x4F, 0x00, 0x00, 0xB9, 0xE0, 0x00, 0x07, 0xFC, 0x00,
    0x00, 0x3F, 0xC0, 0x00, 0x02, 0xF8, 0x00, 0x00, 0x1F, 0x40, 0x00, 0x00, 0xF0, 0x00, 0x00, 0x00,
    0x00, 0x00, 0x00, 0x00, 0x00, 0x00, 0x00, 0xB4, 0x00, 0x00, 0x0F, 0x80, 0x00, 0x01, 0xFC, 0x00,
    0x00, 0x2F, 0xC0, 0x00, 0x03, 0xFE, 0x00, 0x00, 0x3D, 0xF0, 0x00, 0x0B, 0x4F, 0x00, 0x00, 0xF0,
    0xF4, 0x00, 0x1F, 0x0B, 0xC0, 0x02, 0xD0, 0x3C, 0x00, 0x3C, 0x03, 0xD0, 0x07, 0x80, 0x1F, 0x00,
    0xF4, 0x00, 0xF0, 0x1F, 0x00, 0x0B, 0x82, 0xE0, 0x00, 0x7C, 0x3C, 0x00, 0x03, 0xD7, 0x80, 0x00,
    0x1E, 0x00, 0x00, 0x00, 0x00, 0x07, 0xF4, 0x00, 0xBF, 0xF4, 0x03, 0xD2, 0xF0, 0x2D, 0x03, 0xD0,
    0xF0, 0x0B, 0x83, 0xC0, 0x1E, 0x0B, 0xC0, 0x7C, 0x0F, 0xFF, 0xF0, 0x0B, 0xFB, 0xC0, 0x00, 0x0F,
    0x00, 0x00, 0x3C, 0x00, 0x00, 0xB0, 0x00, 0x02, 0xD0, 0x00, 0x07, 0x40, 0x00, 0x1E, 0x00, 0x00,
    0x3C, 0x00, 0x00, 0xF0, 0x00, 0x00, 0x00, 0x00, 0x00, 0x00, 0x24, 0x00, 0x00, 0x00, 0xB8, 0x00,
    0x00, 0x00, 0x3C, 0x00, 0x00, 0x00, 0x3D, 0x2D, 0x00, 0x00, 0x1E, 0x3C, 0x00, 0x00, 0x1F, 0x3C,
    0x00, 0x00, 0x0F, 0x3C, 0x00, 0x00, 0x0F, 0x3C, 0x00, 0x00, 0x1E, 0x3C, 0x00, 0x00, 0x3D, 0x2F,
    0x00, 0x00, 0xFC, 0x0F, 0xE5, 0x5B, 0xF0, 0x02, 0xFF, 0xFF, 0x80, 0x00, 0x1A, 0xA4, 0x00, 0xFF,
    0xFF, 0xFF, 0x00, 0x0F, 0x0B, 0xF0, 0xF8, 0x08, 0x00, 0x00, 0x2C, 0x0B, 0x41, 0xE0, 0x3C, 0x0F,
    0x03, 0xC0, 0xF4, 0x2E, 0x0B, 0x81, 0xE0, 0x7C, 0x0F, 0x03, 0xC0, 0xF0, 0x3C, 0x0F, 0x03, 0xC0,
    0x00, 0x00, 0x00, 0x02, 0xC0, 0x02, 0xCB, 0x40, 0x0F, 0x1F, 0x00, 0x7C, 0x3F, 0xFF, 0xD0, 0xFF,
    0xFD, 0x03, 0xD0, 0x00, 0x0B, 0x40, 0x00, 0x2E, 0x00, 0x00, 0x78, 0x00, 0x01, 0xF0, 0x00, 0x03,
    0xC0, 0x00, 0x0F, 0x00, 0x00, 0x3C, 0x00, 0x00, 0xF0, 0x00, 0x03, 0xC0, 0x00, 0x0F, 0x40, 0x00,
    0x3D, 0x00, 0x00, 0x00, 0x00, 0x00, 0x00, 0x00, 0x00, 0x02, 0xC0, 0x10, 0x2C, 0x3D, 0x03, 0xC3,
    0xC2, 0xE0, 0x38, 0x2D, 0x1F, 0x07, 0x82, 0xD0, 0xFE, 0xFF, 0xFC, 0x0F, 0xFE, 0xFF, 0x40, 0xF5,
    0x00, 0x00, 0x0F, 0x40, 0x00, 0x00, 0xB4, 0x00, 0x00, 0x0B, 0x80, 0x00, 0x00, 0x78, 0x00, 0x00,
    0x07, 0xC0, 0x00, 0x00, 0x3C, 0x00, 0x00, 0x03, 0xC0, 0x00, 0x00, 0x3C, 0x00, 0x00, 0x03, 0xC0,
    0x00, 0x00, 0x3C, 0x00, 0x00, 0x00, 0x00, 0x00, 0x00, 0xB0, 0x1F, 0xC2, 0xD1, 0xFF, 0x0B, 0x8B,
    0x40, 0x1F, 0x2D, 0x00, 0x3D, 0x7E, 0xB0, 0xFF, 0xFF, 0xC3, 0xEA, 0x90, 0x0B, 0x40, 0x00, 0x2E,
    0x00, 0x00, 0x78, 0x00, 0x01, 0xF0, 0x00, 0x03, 0xC0, 0x00, 0x0F, 0x00, 0x00, 0x3C, 0x00, 0x00,
    0xF0, 0x00, 0x03, 0xC0, 0x00, 0x0B, 0x00, 0x00, 0x00, 0x24, 0x00, 0x00, 0xBC, 0x00, 0x00, 0x3F,
    0x00, 0x00, 0x7F, 0x40, 0x00, 0xF7, 0xC0, 0x03, 0xD2, 0xE0, 0x07, 0x80, 0xF0, 0x0F, 0x00, 0xB4,
    0x0E, 0x00, 0x78, 0x2D, 0x00, 0x3C, 0x3C, 0x00, 0x3C, 0x3C, 0x00, 0x2D, 0x3C, 0x00, 0x2D, 0x3C,
    0x28, 0x2D, 0x3C, 0x3C, 0x3C, 0x1F, 0xFF, 0xF8, 0x0B, 0xE7, 0xE0, 0x00, 0xBF, 0x40, 0x7F, 0xF4,
    0x0F, 0x80, 0x01, 0xF0, 0x00, 0x1E, 0x00, 0x01, 0xF0, 0x00, 0x0F, 0x80, 0x80, 0x7F, 0x7E, 0x00,
    0xFF, 0x80, 0x07, 0xE0, 0x00, 0xF8, 0x00, 0x3E, 0x00, 0x07, 0xC0, 0x00, 0xF4, 0x00, 0x2E, 0x00,
    0x03, 0xC0, 0x00, 0x28, 0x00, 0x00, 0x00, 0x00, 0x00, 0x00, 0x00, 0x07, 0x80, 0x00, 0x1D, 0x3C,
    0x00, 0x03, 0xD2, 0xE0, 0x00, 0x3C, 0x1F, 0x00, 0x0B, 0x80, 0xF4, 0x00, 0xF0, 0x0B, 0x80, 0x1F,
    0x00, 0x3C, 0x02, 0xD0, 0x03, 0xD0, 0x3C, 0x00, 0x2F, 0x07, 0x80, 0x00, 0xF0, 0xF4, 0x00, 0x0F,
    0x4F, 0x00, 0x00, 0xB9, 0xE0, 0x00, 0x07, 0xFC, 0x00, 0x00, 0x3F, 0xC0, 0x00, 0x02, 0xF8, 0x00,
    0x00, 0x1F, 0x40, 0x00, 0x00, 0xF0, 0x00, 0x00, 0x00, 0x00, 0x00, 0x00, 0x00, 0x00, 0x00, 0x00,
    0xB4, 0x00, 0x00, 0x0F, 0x80, 0x00, 0x01, 0xFC, 0x00, 0x00, 0x2F, 0xC0, 0x00, 0x03, 0xFE, 0x00,
    0x00, 0x3D, 0xF0, 0x00, 0x0B, 0x4F, 0x00, 0x00, 0xF0, 0xF4, 0x00, 0x1F, 0x0B, 0xC0, 0x02, 0xD0,
    0x3C, 0x00, 0x3C, 0x03, 0xD0, 0x07, 0x80, 0x1F, 0x00, 0xF4, 0x00, 0xF0, 0x1F, 0x00, 0x0B, 0x82,
    0xE0, 0x00, 0x7C, 0x3C, 0x00, 0x03, 0xD7, 0x80, 0x00, 0x1E, 0x00, 0x00, 0x00, 0x00, 0x07, 0xF4,
    0x00, 0xBF, 0xF4, 0x03, 0xD2, 0xF0, 0x2D, 0x03, 0xD0, 0xF0, 0x0B, 0x83, 0xC0, 0x1E, 0x0B, 0xC0,
    0x7C, 0x0F, 0xFF, 0xF0, 0x0B, 0xFB, 0xC0, 0x00, 0x0F, 0x00, 0x00, 0x3C, 0x00, 0x00, 0xB0, 0x00,
    0x02, 0xD0, 0x00, 0x07, 0x40, 0x00, 0x1E, 0x00, 0x00, 0x3C, 0x00, 0x00, 0xF0, 0x00, 0x00, 0x00,
    0x00, 0x01, 0x40, 0x00, 0x00, 0x00, 0xFC, 0x00, 0x00, 0x00, 0xBF, 0x00, 0x00, 0x00, 0x3F, 0xE0,
    0x00, 0x00, 0x2F, 0x7C, 0x00, 0x00, 0x0F, 0x4F, 0x80, 0x00, 0x07, 0xC2, 0xF0, 0x00, 0x03, 0xE0,
    0x3D, 0x00, 0x00, 0xF0, 0x0B, 0xC0, 0x00, 0xBC, 0x01, 0xF0, 0x00, 0x3D, 0x00, 0x3E, 0x00, 0x1F,
    0x55, 0x5F, 0xC0, 0x0F, 0xFF, 0xFF, 0xF4, 0x03, 0xEA, 0xAA, 0xBE, 0x02, 0xF0, 0x00, 0x0B, 0xC0,
    0xF8, 0x00, 0x00, 0xF4, 0x7D, 0x00, 0x00, 0x3F, 0x2F, 0x00, 0x00, 0x07, 0xC0, 0x00, 0x00, 0x00,
    0x00, 0x00, 0x01, 0x00, 0x00, 0x00, 0x03, 0xE0, 0x00, 0x00, 0x00, 0xF8, 0x00, 0x00, 0x00, 0x18,
    0x00, 0x00, 0x00, 0x50, 0x00, 0x7F, 0xFD, 0x01, 0xFA, 0xFD, 0x00, 0x00, 0xFC, 0x00, 0x01, 0xF0,
    0x00, 0x03, 0xC0, 0x6F, 0xEF, 0x0F, 0xFF, 0xFC, 0xBD, 0x00, 0xF3, 0xE0, 0x03, 0xCF, 0x40, 0x0F,
    0x2F, 0x00, 0x3C, 0x7F, 0xEB, 0xF0, 0x7F, 0xFF, 0xC0, 0x01, 0x00, 0x00, 0x04, 0x00, 0x00, 0xFC,
    0x00, 0x03, 0xF0, 0x00, 0x02, 0x40, 0x00, 0x00, 0x00, 0x00, 0x00, 0x00, 0x03, 0xF8, 0x00, 0x00,
    0x00, 0x9F, 0x80, 0x00, 0x00, 0x03, 0xD0, 0x00, 0x00, 0x02, 0xD0, 0x00, 0x00, 0x00, 0x60, 0x00,
    0x00, 0x00, 0x14, 0x00, 0x00, 0x00, 0x0F, 0xC0, 0x00, 0x00, 0x0B, 0xF0, 0x00, 0x00, 0x03, 0xFE,
    0x00, 0x00, 0x02, 0xF7, 0xC0, 0x00, 0x00, 0xF4, 0xF8, 0x00, 0x00, 0x7C, 0x2F, 0x00, 0x00, 0x3E,
    0x03, 0xD0, 0x00, 0x0F, 0x00, 0xBC, 0x00, 0x0B, 0xC0, 0x1F, 0x00, 0x03, 0xD0, 0x03, 0xE0, 0x01,
    0xF5, 0x55, 0xFC, 0x00, 0xFF, 0xFF, 0xFF, 0x40, 0x3E, 0xAA, 0xAB, 0xE0, 0x2F, 0x00, 0x00, 0xBC,
    0x0F, 0x80, 0x00, 0x0F, 0x47, 0xD0, 0x00, 0x03, 0xF2, 0xF0, 0x00, 0x00, 0x7C, 0x01, 0xA4, 0x00,
    0x0B, 0xF8, 0x00, 0x01, 0xF0, 0x00, 0x1F, 0x40, 0x00, 0x70, 0x00, 0x01, 0x40, 0x01, 0xFF, 0xF4,
    0x07, 0xEB, 0xF4, 0x00, 0x03, 0xF0, 0x00, 0x07, 0xC0, 0x00, 0x0F, 0x01, 0xBF, 0xBC, 0x3F, 0xFF,
    0xF2, 0xF4, 0x03, 0xCF, 0x80, 0x0F, 0x3D, 0x00, 0x3C, 0xBC, 0x00, 0xF1, 0xFF, 0xAF, 0xC1, 0xFF,
    0xFF, 0x00, 0x04, 0x00, 0x00, 0x00, 0x00, 0x14, 0x00, 0x00, 0x00, 0x0F, 0x00, 0x00, 0x00, 0x0F,
    0x80, 0x00, 0x07, 0x0F, 0x40, 0x00, 0x07, 0xF2, 0x40, 0x00, 0x07, 0xEE, 0x00, 0x00, 0x03, 0xC1,
    0xD0, 0x00, 0x00, 0x00, 0x10, 0x00, 0x00, 0x01, 0x40, 0x00, 0x00, 0x00, 0xFC, 0x00, 0x00, 0x00,
    0xBF, 0x00, 0x00, 0x00, 0x3F, 0xE0, 0x00, 0x00, 0x2F, 0x7C, 0x00, 0x00, 0x0F, 0x4F, 0x80, 0x00,
    0x07, 0xC2, 0xF0, 0x00, 0x03, 0xE0, 0x3D, 0x00, 0x00, 0xF0, 0x0B, 0xC0, 0x00, 0xBC, 0x01, 0xF0,
    0x00, 0x3D, 0x00, 0x3E, 0x00, 0x1F, 0x55, 0x5F, 0xC0, 0x0F, 0xFF, 0xFF, 0xF4, 0x03, 0xEA, 0xAA,
    0xBE, 0x02, 0xF0, 0x00, 0x0B, 0xC0, 0xF8, 0x00, 0x00, 0xF4, 0x7D, 0x00, 0x00, 0x3F, 0x2F, 0x00,
    0x00, 0x07, 0xC0, 0x00, 0x00, 0x00, 0x00, 0x00, 0x00, 0xC0, 0x00, 0x00, 0xF8, 0x00, 0x00, 0xF8,
    0x00, 0x34, 0xB8, 0x00, 0x3F, 0x04, 0x00, 0x3D, 0xF0, 0x00, 0x2D, 0x0E, 0x00, 0x00, 0x00, 0x00,
    0x00, 0x14, 0x00, 0x01, 0xFF, 0xF4, 0x00, 0x7E, 0xBF, 0x40, 0x00, 0x03, 0xF0, 0x00, 0x00, 0x7C,
    0x00, 0x00, 0x0F, 0x00, 0x1B, 0xFB, 0xC0, 0x3F, 0xFF, 0xF0, 0x2F, 0x40, 0x3C, 0x0F, 0x80, 0x0F,
    0x03, 0xD0, 0x03, 0xC0, 0xBC, 0x00, 0xF0, 0x1F, 0xFA, 0xFC, 0x01, 0xFF, 0xFF, 0x00, 0x00, 0x40,
    0x00, 0x00, 0x00, 0x04, 0x00, 0x00, 0x00, 0x0F, 0x00, 0x00, 0x00, 0x02, 0xF0, 0x00, 0x00, 0x07,
    0x2F, 0x00, 0x00, 0x07, 0xF2, 0xC0, 0x00, 0x07, 0xEE, 0x00, 0x00, 0x03, 0xC1, 0xD0, 0x00, 0x00,
    0x00, 0x10, 0x00, 0x00, 0x01, 0x40, 0x00, 0x00, 0x00, 0xFC, 0x00, 0x00, 0x00, 0xBF, 0x00, 0x00,
    0x00, 0x3F, 0xE0, 0x00, 0x00, 0x2F, 0x7C, 0x00, 0x00, 0x0F, 0x4F, 0x80, 0x00, 0x07, 0xC2, 0xF0,
    0x00, 0x03, 0xE0, 0x3D, 0x00, 0x00, 0xF0, 0x0B, 0xC0, 0x00, 0xBC, 0x01, 0xF0, 0x00, 0x3D, 0x00,
    0x3E, 0x00, 0x1F, 0x55, 0x5F, 0xC0, 0x0F, 0xFF, 0xFF, 0xF4, 0x03, 0xEA, 0xAA, 0xBE, 0x02, 0xF0,
    0x00, 0x0B, 0xC0, 0xF8, 0x00, 0x00, 0xF4, 0x7D, 0x00, 0x00, 0x3F, 0x2F, 0x00, 0x00, 0x07, 0xC0,
    0x00, 0x00, 0x00, 0x00, 0x28, 0x00, 0x00, 0xF8, 0x00, 0x00, 0xF4, 0x00, 0x34, 0xF0, 0x03, 0xF0,
    0x40, 0x3D, 0xF0, 0x02, 0xD0, 0xE0, 0x00, 0x00, 0x00, 0x01, 0x40, 0x01, 0xFF, 0xF4, 0x07, 0xEB,
    0xF4, 0x00, 0x03, 0xF0, 0x00, 0x07, 0xC0, 0x00, 0x0F, 0x01, 0xBF, 0xBC, 0x3F, 0xFF, 0xF2, 0xF4,
    0x03, 0xCF, 0x80, 0x0F, 0x3D, 0x00, 0x3C, 0xBC, 0x00, 0xF1, 0xFF, 0xAF, 0xC1, 0xFF, 0xFF, 0x00,
    0x04, 0x00, 0x00, 0x00, 0x05, 0x40, 0x00, 0x00, 0x07, 0xFC, 0x00, 0x00, 0x00, 0x0F, 0x00, 0x00,
    0x00, 0x0B, 0xC0, 0x00, 0x01, 0xC3, 0x80, 0x00, 0x01, 0xFC, 0x00, 0x00, 0x01, 0xFB, 0x80, 0x00,
    0x00, 0xF0, 0x74, 0x00, 0x00, 0x00, 0x04, 0x00, 0x00, 0x00, 0x50, 0x00, 0x00, 0x00, 0x3F, 0x00,
    0x00, 0x00, 0x2F, 0xC0, 0x00, 0x00, 0x0F, 0xF8, 0x00, 0x00, 0x0B, 0xDF, 0x00, 0x00, 0x03, 0xD3,
    0xE0, 0x00, 0x01, 0xF0, 0xBC, 0x00, 0x00, 0xF8, 0x0F, 0x40, 0x00, 0x3C, 0x02, 0xF0, 0x00, 0x2F,
    0x00, 0x7C, 0x00, 0x0F, 0x40, 0x0F, 0x80, 0x07, 0xD5, 0x57, 0xF0, 0x03, 0xFF, 0xFF, 0xFD, 0x00,
    0xFA, 0xAA, 0xAF, 0x80, 0xBC, 0x00, 0x02, 0xF0, 0x3E, 0x00, 0x00, 0x3D, 0x1F, 0x40, 0x00, 0x0F,
    0xCB, 0xC0, 0x00, 0x01, 0xF0, 0x00, 0x00, 0x50, 0x00, 0x03, 0xFC, 0x00, 0x00, 0x2E, 0x00, 0x00,
    0x7D, 0x00, 0x34, 0xB0, 0x00, 0xFC, 0x10, 0x03, 0xDF, 0x00, 0x0B, 0x43, 0x80, 0x00, 0x00, 0x00,
    0x00, 0x50, 0x00, 0x1F, 0xFF, 0x40, 0x1F, 0xAF, 0xD0, 0x00, 0x03, 0xF0, 0x00, 0x01, 0xF0, 0x00,
    0x00, 0xF0, 0x06, 0xFE, 0xF0, 0x3F, 0xFF, 0xF0, 0xBD, 0x00, 0xF0, 0xF8, 0x00, 0xF0, 0xF4, 0x00,
    0xF0, 0xBC, 0x00, 0xF0, 0x7F, 0xEB, 0xF0, 0x1F, 0xFF, 0xF0, 0x00, 0x10, 0x00, 0x00, 0x0A, 0x02,
    0x00, 0x00, 0x0F, 0xFF, 0xC0, 0x00, 0x0B, 0x0B, 0xC0, 0x00, 0x00, 0x00, 0x00, 0x00, 0x00, 0x01,
    0xC0, 0x00, 0x00, 0x01, 0xFC, 0x00, 0x00, 0x01, 0xFB, 0x80, 0x00, 0x00, 0xF0, 0x74, 0x00, 0x00,
    0x00, 0x04, 0x00, 0x00, 0x00, 0x50, 0x00, 0x00, 0x00, 0x3F, 0x00, 0x00, 0x00, 0x2F, 0xC0, 0x00,
    0x00, 0x0F, 0xF8, 0x00, 0x00, 0x0B, 0xDF, 0x00, 0x00, 0x03, 0xD3, 0xE0, 0x00, 0x01, 0xF0, 0xBC,
    0x00, 0x00, 0xF8, 0x0F, 0x40, 0x00, 0x3C, 0x02, 0xF0, 0x00, 0x2F, 0x00, 0x7C, 0x00, 0x0F, 0x40,
    0x0F, 0x80, 0x07, 0xD5, 0x57, 0xF0, 0x03, 0xFF, 0xFF, 0xFD, 0x00, 0xFA, 0xAA, 0xAF, 0x80, 0xBC,
    0x00, 0x02, 0xF0, 0x3E, 0x00, 0x00, 0x3D, 0x1F, 0x40, 0x00, 0x0F, 0xCB, 0xC0, 0x00, 0x01, 0xF0,
    0x01, 0x40, 0x80, 0x3F, 0xFF, 0x41, 0xD6, 0xF8, 0x00, 0x00, 0x00, 0x00, 0x34, 0x00, 0x03, 0xF0,
    0x00, 0x3D, 0xF0, 0x02, 0xD0, 0xE0, 0x00, 0x00, 0x00, 0x01, 0x40, 0x01, 0xFF, 0xF4, 0x07, 0xEB,
    0xF4, 0x00, 0x03, 0xF0, 0x00, 0x07, 0xC0, 0x00, 0x0F, 0x01, 0xBF, 0xBC, 0x3F, 0xFF, 0xF2, 0xF4,
    0x03, 0xCF, 0x80, 0x0F, 0x3D, 0x00, 0x3C, 0xBC, 0x00, 0xF1, 0xFF, 0xAF, 0xC1, 0xFF, 0xFF, 0x00,
    0x04, 0x00, 0x00, 0x00, 0x00, 0x00, 0x00, 0x00, 0x70, 0x00, 0x00, 0x00, 0x7F, 0x00, 0x00, 0x00,
    0x7E, 0xE0, 0x00, 0x00, 0x3C, 0x1D, 0x00, 0x00, 0x00, 0x01, 0x00, 0x00, 0x00, 0x14, 0x00, 0x00,
    0x00, 0x0F, 0xC0, 0x00, 0x00, 0x0B, 0xF0, 0x00, 0x00, 0x03, 0xFE, 0x00, 0x00, 0x02, 0xF7, 0xC0,
    0x00, 0x00, 0xF4, 0xF8, 0x00, 0x00, 0x7C, 0x2F, 0x00, 0x00, 0x3E, 0x03, 0xD0, 0x00, 0x0F, 0x00,
    0xBC, 0x00, 0x0B, 0xC0, 0x1F, 0x00, 0x03, 0xD0, 0x03, 0xE0, 0x01, 0xF5, 0x55, 0xFC, 0x00, 0xFF,
    0xFF, 0xFF, 0x40, 0x3E, 0xAA, 0xAB, 0xE0, 0x2F, 0x00, 0x00, 0xBC, 0x0F, 0x80, 0x00, 0x0F, 0x47,
    0xD0, 0x00, 0x03, 0xF2, 0xF0, 0x00, 0x00, 0x7C, 0x00, 0x00, 0x00, 0x00, 0x00, 0x00, 0x10, 0x00,
    0x00, 0x00, 0x3E, 0x00, 0x00, 0x00, 0x0F, 0x80, 0x00, 0x00, 0x01, 0x80, 0x00, 0x00, 0x00, 0x00,
    0x00, 0x00, 0xD0, 0x00, 0x0F, 0xC0, 0x00, 0xF7, 0xC0, 0x0B, 0x43, 0x80, 0x00, 0x00, 0x00, 0x05,
    0x00, 0x07, 0xFF, 0xD0, 0x1F, 0xAF, 0xD0, 0x00, 0x0F, 0xC0, 0x00, 0x1F, 0x00, 0x00, 0x3C, 0x06,
    0xFE, 0xF0, 0xFF, 0xFF, 0xCB, 0xD0, 0x0F, 0x3E, 0x00, 0x3C, 0xF4, 0x00, 0xF2, 0xF0, 0x03, 0xC7,
    0xFE, 0xBF, 0x07, 0xFF, 0xFC, 0x00, 0x10, 0x00, 0x00, 0x40, 0x00, 0x0F, 0xC0, 0x00, 0x3F, 0x00,
    0x00, 0x24, 0x00, 0x00, 0x00, 0x00, 0x00, 0x00, 0x00, 0x03, 0x00, 0x00, 0x00, 0x03, 0xE0, 0x00,
    0x00, 0x02, 0xE0, 0x00, 0x00, 0x01, 0xE0, 0x00, 0x00, 0x09, 0x22, 0x40, 0x00, 0x03, 0xC1, 0xD0,
    0x00, 0x00, 0x7F, 0xF0, 0x00, 0x00, 0x06, 0xE0, 0x00, 0x00, 0x00, 0x00, 0x00, 0x00, 0x00, 0x14,
    0x00, 0x00, 0x00, 0x0F, 0xC0, 0x00, 0x00, 0x0B, 0xF0, 0x00, 0x00, 0x03, 0xFE, 0x00, 0x00, 0x02,
    0xF7, 0xC0, 0x00, 0x00, 0xF4, 0xF8, 0x00, 0x00, 0x7C, 0x2F, 0x00, 0x00, 0x3E, 0x03, 0xD0, 0x00,
    0x0F, 0x00, 0xBC, 0x00, 0x0B, 0xC0, 0x1F, 0x00, 0x03, 0xD0, 0x03, 0xE0, 0x01, 0xF5, 0x55, 0xFC,
    0x00, 0xFF, 0xFF, 0xFF, 0x40, 0x3E, 0xAA, 0xAB, 0xE0, 0x2F, 0x00, 0x00, 0xBC, 0x0F, 0x80, 0x00,
    0x0F, 0x47, 0xD0, 0x00, 0x03, 0xF2, 0xF0, 0x00, 0x00, 0x7C, 0x00, 0x00, 0x00, 0x00, 0x0D, 0x00,
    0x00, 0xF8, 0x00, 0x0B, 0x80, 0x00, 0x78, 0x00, 0x28, 0x46, 0x00, 0xB4, 0x38, 0x00, 0xFF, 0xC0,
    0x00, 0xA8, 0x00, 0x00, 0x00, 0x00, 0x05, 0x00, 0x07, 0xFF, 0xD0, 0x1F, 0xAF, 0xD0, 0x00, 0x0F,
    0xC0, 0x00, 0x1F, 0x00, 0x00, 0x3C, 0x06, 0xFE, 0xF0, 0xFF, 0xFF, 0xCB, 0xD0, 0x0F, 0x3E, 0x00,
    0x3C, 0xF4, 0x00, 0xF2, 0xF0, 0x03, 0xC7, 0xFE, 0xBF, 0x07, 0xFF, 0xFC, 0x00, 0x10, 0x00, 0x00,
    0x00, 0x00, 0x00, 0x00, 0x07, 0x00, 0x00, 0x00, 0x03, 0xE0, 0x00, 0x00, 0x00, 0x3E, 0x00, 0x00,
    0x00, 0x03, 0xC0, 0x00, 0x00, 0x09, 0x12, 0x40, 0x00, 0x03, 0xC1, 0xD0, 0x00, 0x00, 0x7F, 0xF0,
    0x00, 0x00, 0x06, 0xE0, 0x00, 0x00, 0x00, 0x00, 0x00, 0x00, 0x00, 0x14, 0x00, 0x00, 0x00, 0x0F,
    0xC0, 0x00, 0x00, 0x0B, 0xF0, 0x00, 0x00, 0x03, 0xFE, 0x00, 0x00, 0x02, 0xF7, 0xC0, 0x00, 0x00,
    0xF4, 0xF8, 0x00, 0x00, 0x7C, 0x2F, 0x00, 0x00, 0x3E, 0x03, 0xD0, 0x00, 0x0F, 0x00, 0xBC, 0x00,
    0x0B, 0xC0, 0x1F, 0x00, 0x03, 0xD0, 0x03, 0xE0, 0x01, 0xF5, 0x55, 0xFC, 0x00, 0xFF, 0xFF, 0xFF,
    0x40, 0x3E, 0xAA, 0xAB, 0xE0, 0x2F, 0x00, 0x00, 0xBC, 0x0F, 0x80, 0x00, 0x0F, 0x47, 0xD0, 0x00,
    0x03, 0xF2, 0xF0, 0x00, 0x00, 0x7C, 0x00, 0x00, 0x00, 0x1D, 0x00, 0x00, 0xBC, 0x00, 0x00, 0xBC,
    0x00, 0x00, 0xB8, 0x00, 0x28, 0x46, 0x00, 0xB4, 0x38, 0x00, 0xFF, 0xC0, 0x00, 0xA8, 0x00, 0x00,
    0x00, 0x00, 0x05, 0x00, 0x07, 0xFF, 0xD0, 0x1F, 0xAF, 0xD0, 0x00, 0x0F, 0xC0, 0x00, 0x1F, 0x00,
    0x00, 0x3C, 0x06, 0xFE, 0xF0, 0xFF, 0xFF, 0xCB, 0xD0, 0x0F, 0x3E, 0x00, 0x3C, 0xF4, 0x00, 0xF2,
    0xF0, 0x03, 0xC7, 0xFE, 0xBF, 0x07, 0xFF, 0xFC, 0x00, 0x10, 0x00, 0x00, 0x0B, 0xE0, 0x00, 0x00,
    0x02, 0xBE, 0x00, 0x00, 0x00, 0x0B, 0x80, 0x00, 0x00, 0x0B, 0x80, 0x00, 0x00, 0x25, 0x89, 0x00,
    0x00, 0x0F, 0x07, 0x40, 0x00, 0x01, 0xFF, 0xC0, 0x00, 0x00, 0x1B, 0x80, 0x00, 0x00, 0x00, 0x00,
    0x00, 0x00, 0x00, 0x50, 0x00, 0x00, 0x00, 0x3F, 0x00, 0x00, 0x00, 0x2F, 0xC0, 0x00, 0x00, 0x0F,
    0xF8, 0x00, 0x00, 0x0B, 0xDF, 0x00, 0x00, 0x03, 0xD3, 0xE0, 0x00, 0x01, 0xF0, 0xBC, 0x00, 0x00,
    0xF8, 0x0F, 0x40, 0x00, 0x3C, 0x02, 0xF0, 0x00, 0x2F, 0x00, 0x7C, 0x00, 0x0F, 0x40, 0x0F, 0x80,
    0x07, 0xD5, 0x57, 0xF0, 0x03, 0xFF, 0xFF, 0xFD, 0x00, 0xFA, 0xAA, 0xAF, 0x80, 0xBC, 0x00, 0x02,
    0xF0, 0x3E, 0x00, 0x00, 0x3D, 0x1F, 0x40, 0x00, 0x0F, 0xCB, 0xC0, 0x00, 0x01, 0xF0, 0x00, 0x00,
    0x00, 0x0B, 0xF4, 0x00, 0x16, 0xF0, 0x00, 0x0B, 0x80, 0x00, 0x78, 0x00, 0x28, 0x46, 0x00, 0xB4,
    0x38, 0x00, 0xFF, 0xC0, 0x00, 0xA8, 0x00, 0x00, 0x00, 0x00, 0x05, 0x00, 0x07, 0xFF, 0xD0, 0x1F,
    0xAF, 0xD0, 0x00, 0x0F, 0xC0, 0x00, 0x1F, 0x00, 0x00, 0x3C, 0x06, 0xFE, 0xF0, 0xFF, 0xFF, 0xCB,
    0xD0, 0x0F, 0x3E, 0x00, 0x3C, 0xF4, 0x00, 0xF2, 0xF0, 0x03, 0xC7, 0xFE, 0xBF, 0x07, 0xFF, 0xFC,
    0x00, 0x10, 0x00, 0x00, 0x00, 0x00, 0x00, 0x00, 0x0B, 0xE5, 0xC0, 0x00, 0x0B, 0xBF, 0xE0, 0x00,
    0x00, 0x40, 0x50, 0x00, 0x00, 0x24, 0x09, 0x00, 0x00, 0x0F, 0x07, 0x40, 0x00, 0x01, 0xFF, 0xC0,
    0x00, 0x00, 0x1B, 0x80, 0x00, 0x00, 0x00, 0x00, 0x00, 0x00, 0x00, 0x50, 0x00, 0x00, 0x00, 0x3F,
    0x00, 0x00, 0x00, 0x2F, 0xC0, 0x00, 0x00, 0x0F, 0xF8, 0x00, 0x00, 0x0B, 0xDF, 0x00, 0x00, 0x03,
    0xD3, 0xE0, 0x00, 0x01, 0xF0, 0xBC, 0x00, 0x00, 0xF8, 0x0F, 0x40, 0x00, 0x3C, 0x02, 0xF0, 0x00,
    0x2F, 0x00, 0x7C, 0x00, 0x0F, 0x40, 0x0F, 0x80, 0x07, 0xD5, 0x57, 0xF0, 0x03, 0xFF, 0xFF, 0xFD,
    0x00, 0xFA, 0xAA, 0xAF, 0x80, 0xBC, 0x00, 0x02, 0xF0, 0x3E, 0x00, 0x00, 0x3D, 0x1F, 0x40, 0x00,
    0x0F, 0xCB, 0xC0, 0x00, 0x01, 0xF0, 0x00, 0x40, 0x40, 0x2F, 0xEB, 0x41, 0xEB, 0xFC, 0x01, 0x00,
    0x00, 0x0A, 0x01, 0x80, 0x2D, 0x0E, 0x00, 0x3F, 0xF0, 0x00, 0x2A, 0x00, 0x00, 0x00, 0x00, 0x01,
    0x40, 0x01, 0xFF, 0xF4, 0x07, 0xEB, 0xF4, 0x00, 0x03, 0xF0, 0x00, 0x07, 0xC0, 0x00, 0x0F, 0x01,
    0xBF, 0xBC, 0x3F, 0xFF, 0xF2, 0xF4, 0x03, 0xCF, 0x80, 0x0F, 0x3D, 0x00, 0x3C, 0xBC, 0x00, 0xF1,
    0xFF, 0xAF, 0xC1, 0xFF, 0xFF, 0x00, 0x04, 0x00, 0x00, 0x24, 0x09, 0x00, 0x00, 0x0F, 0x07, 0x40,
    0x00, 0x01, 0xFF, 0xC0, 0x00, 0x00, 0x1B, 0x80, 0x00, 0x00, 0x00, 0x00, 0x00, 0x00, 0x00, 0x50,
    0x00, 0x00, 0x00, 0x3F, 0x00, 0x00, 0x00, 0x2F, 0xC0, 0x00, 0x00, 0x0F, 0xF8, 0x00, 0x00, 0x0B,
    0xDF, 0x00, 0x00, 0x03, 0xD3, 0xE0, 0x00, 0x01, 0xF0, 0xBC, 0x00, 0x00, 0xF8, 0x0F, 0x40, 0x00,
    0x3C, 0x02, 0xF0, 0x00, 0x2F, 0x00, 0x7C, 0x00, 0x0F, 0x40, 0x0F, 0x80, 0x07, 0xD5, 0x57, 0xF0,
    0x03, 0xFF, 0xFF, 0xFD, 0x00, 0xFA, 0xAA, 0xAF, 0x80, 0xBC, 0x00, 0x02, 0xF0, 0x3E, 0x00, 0x00,
    0x3D, 0x1F, 0x40, 0x00, 0x0F, 0xCB, 0xC0, 0x00, 0x01, 0xF0, 0x00, 0x00, 0x00, 0x00, 0x00, 0x00,
    0x40, 0x00, 0x00, 0x00, 0xF8, 0x00, 0x00, 0x00, 0x3E, 0x00, 0x00, 0x00, 0x06, 0x00, 0x00, 0x0A,
    0x02, 0x80, 0x2D, 0x0E, 0x00, 0x3F, 0xF0, 0x00, 0x2A, 0x00, 0x00, 0x00, 0x00, 0x01, 0x40, 0x01,
    0xFF, 0xF4, 0x07, 0xEB, 0xF4, 0x00, 0x03, 0xF0, 0x00, 0x07, 0xC0, 0x00, 0x0F, 0x01, 0xBF, 0xBC,
    0x3F, 0xFF, 0xF2, 0xF4, 0x03, 0xCF, 0x80, 0x0F, 0x3D, 0x00, 0x3C, 0xBC, 0x00, 0xF1, 0xFF, 0xAF,
    0xC1, 0xFF, 0xFF, 0x00, 0x04, 0x00, 0x00, 0x10, 0x00, 0x03, 0xF0, 0x00, 0x0F, 0xC0, 0x00, 0x09,
    0x00, 0x55, 0x55, 0x50, 0xFF, 0xFF, 0xF8, 0xFF, 0xFF, 0xF8, 0xF8, 0x00, 0x00, 0xF8, 0x00, 0x00,
    0xF8, 0x00, 0x00, 0xF8, 0x00, 0x00, 0xF8, 0x00, 0x00, 0xFF, 0xFF, 0xF0, 0xFF, 0xFF, 0xF0, 0xF8,
    0x00, 0x00, 0xF8, 0x00, 0x00, 0xF8, 0x00, 0x00, 0xF8, 0x00, 0x00, 0xF8, 0x00, 0x00, 0xF8, 0x00,
    0x00, 0xFF, 0xFF, 0xFD, 0xFF, 0xFF, 0xFD, 0x00, 0x00, 0x00, 0x00, 0x10, 0x00, 0x00, 0xF4, 0x00,
    0x01, 0xF8, 0x00, 0x00, 0x60, 0x00, 0x00, 0x14, 0x00, 0x02, 0xFF, 0xD0, 0x0F, 0xEB, 0xF4, 0x2F,
    0x00, 0xFC, 0x3D, 0x00, 0x3D, 0x7C, 0x00, 0x3D, 0xBF, 0xFF, 0xFE, 0xBF, 0xFF, 0xFE, 0xBC, 0x00,
    0x00, 0xBC, 0x00, 0x00, 0x3D, 0x00, 0x00, 0x3F, 0x40, 0x00, 0x0F, 0xFF, 0xF8, 0x02, 0xFF, 0xF4,
    0x00, 0x05, 0x00, 0x00, 0x14, 0x00, 0x00, 0x7D, 0x00, 0x00, 0x7D, 0x00, 0x00, 0x14, 0x00, 0x00,
    0x00, 0x00, 0x01, 0xFD, 0x00, 0x00, 0x5F, 0x00, 0x00, 0x2F, 0x00, 0x00, 0x38, 0x00, 0x00, 0x10,
    0x00, 0x55, 0x55, 0x50, 0xFF, 0xFF, 0xF8, 0xFF, 0xFF, 0xF8, 0xF8, 0x00, 0x00, 0xF8, 0x00, 0x00,
    0xF8, 0x00, 0x00, 0xF8, 0x00, 0x00, 0xF8, 0x00, 0x00, 0xFF, 0xFF, 0xF0, 0xFF, 0xFF, 0xF0, 0xF8,
    0x00, 0x00, 0xF8, 0x00, 0x00, 0xF8, 0x00, 0x00, 0xF8, 0x00, 0x00, 0xF8, 0x00, 0x00, 0xF8, 0x00,
    0x00, 0xFF, 0xFF, 0xFD, 0xFF, 0xFF, 0xFD, 0x00, 0xA8, 0x00, 0x00, 0xFF, 0x00, 0x00, 0x0F, 0x00,
    0x00, 0x3E, 0x00, 0x00, 0x38, 0x00, 0x00, 0x14, 0x00, 0x02, 0xFF, 0xD0, 0x0F, 0xEB, 0xF4, 0x2F,
    0x00, 0xFC, 0x3D, 0x00, 0x3D, 0x7C, 0x00, 0x3D, 0xBF, 0xFF, 0xFE, 0xBF, 0xFF, 0xFE, 0xBC, 0x00,
    0x00, 0xBC, 0x00, 0x00, 0x3D, 0x00, 0x00, 0x3F, 0x40, 0x00, 0x0F, 0xFF, 0xF8, 0x02, 0xFF, 0xF4,
    0x00, 0x05, 0x00, 0x01, 0x90, 0x50, 0x0B, 0xFE, 0xE0, 0x0E, 0x2F, 0x80, 0x00, 0x00, 0x00, 0x00,
    0x00, 0x00, 0x55, 0x55, 0x50, 0xFF, 0xFF, 0xF8, 0xFF, 0xFF, 0xF8, 0xF8, 0x00, 0x00, 0xF8, 0x00,
    0x00, 0xF8, 0x00, 0x00, 0xF8, 0x00, 0x00, 0xF8, 0x00, 0x00, 0xFF, 0xFF, 0xF0, 0xFF, 0xFF, 0xF0,
    0xF8, 0x00, 0x00, 0xF8, 0x00, 0x00, 0xF8, 0x00, 0x00, 0xF8, 0x00, 0x00, 0xF8, 0x00, 0x00, 0xF8,
    0x00, 0x00, 0xFF, 0xFF, 0xFD, 0xFF, 0xFF, 0xFD, 0x00, 0x00, 0x00, 0x03, 0xF9, 0xF0, 0x0F, 0xBF,
    0xD0, 0x04, 0x01, 0x00, 0x00, 0x00, 0x00, 0x00, 0x14, 0x00, 0x02, 0xFF, 0xD0, 0x0F, 0xEB, 0xF4,
    0x2F, 0x00, 0xFC, 0x3D, 0x00, 0x3D, 0x7C, 0x00, 0x3D, 0xBF, 0xFF, 0xFE, 0xBF, 0xFF, 0xFE, 0xBC,
    0x00, 0x00, 0xBC, 0x00, 0x00, 0x3D, 0x00, 0x00, 0x3F, 0x40, 0x00, 0x0F, 0xFF, 0xF8, 0x02, 0xFF,
    0xF4, 0x00, 0x05, 0x00, 0x00, 0x00, 0x05, 0x00, 0x00, 0x03, 0xC0, 0x00, 0x03, 0xE0, 0x00, 0xC2,
    0xE0, 0x00, 0xFC, 0xA0, 0x00, 0xFB, 0xC0, 0x00, 0xB0, 0x78, 0x00, 0x00, 0x00, 0x00, 0x55, 0x55,
    0x50, 0x3F, 0xFF, 0xFE, 0x0F, 0xFF, 0xFF, 0x83, 0xE0, 0x00, 0x00, 0xF8, 0x00, 0x00, 0x3E, 0x00,
    0x00, 0x0F, 0x80, 0x00, 0x03, 0xE0, 0x00, 0x00, 0xFF, 0xFF, 0xF0, 0x3F, 0xFF, 0xFC, 0x0F, 0x80,
    0x00, 0x03, 0xE0, 0x00, 0x00, 0xF8, 0x00, 0x00, 0x3E, 0x00, 0x00, 0x0F, 0x80, 0x00, 0x03, 0xE0,
    0x00, 0x00, 0xFF, 0xFF, 0xFD, 0x3F, 0xFF, 0xFF, 0x40, 0x00, 0x00, 0x00, 0x00, 0x00, 0x00, 0x34,
    0x00, 0x00, 0x0B, 0xC0, 0x00, 0x02, 0xF0, 0x00, 0x2C, 0x3C, 0x00, 0x07, 0xF1, 0x00, 0x01, 0xFB,
    0x80, 0x00, 0x38, 0x1D, 0x00, 0x00, 0x00, 0x00, 0x00, 0x01, 0x40, 0x00, 0x02, 0xFF, 0xD0, 0x00,
    0xFE, 0xBF, 0x40, 0x2F, 0x00, 0xFC, 0x03, 0xD0, 0x03, 0xD0, 0x7C, 0x00, 0x3D, 0x0B, 0xFF, 0xFF,
    0xE0, 0xBF, 0xFF, 0xFE, 0x0B, 0xC0, 0x00, 0x00, 0xBC, 0x00, 0x00, 0x03, 0xD0, 0x00, 0x00, 0x3F,
    0x40, 0x00, 0x00, 0xFF, 0xFF, 0x80, 0x02, 0xFF, 0xF4, 0x00, 0x00, 0x50, 0x00, 0x00, 0x05, 0x00,
    0x00, 0x1F, 0x00, 0x00, 0x0B, 0xC0, 0x00, 0x32, 0xF0, 0x00, 0xFC, 0xA0, 0x03, 0xEF, 0x00, 0x0B,
    0x07, 0x80, 0x00, 0x00, 0x00, 0x55, 0x55, 0x50, 0xFF, 0xFF, 0xF8, 0xFF, 0xFF, 0xF8, 0xF8, 0x00,
    0x00, 0xF8, 0x00, 0x00, 0xF8, 0x00, 0x00, 0xF8, 0x00, 0x00, 0xF8, 0x00, 0x00, 0xFF, 0xFF, 0xF0,
    0xFF, 0xFF, 0xF0, 0xF8, 0x00, 0x00, 0xF8, 0x00, 0x00, 0xF8, 0x00, 0x00, 0xF8, 0x00, 0x00, 0xF8,
    0x00, 0x00, 0xF8, 0x00, 0x00, 0xFF, 0xFF, 0xFD, 0xFF, 0xFF, 0xFD, 0x00, 0x00, 0x00, 0x00, 0x03,
    0x00, 0x00, 0x0B, 0xC0, 0x00, 0x02, 0xF0, 0x00, 0x2C, 0xB8, 0x00, 0x7F, 0x10, 0x01, 0xFB, 0x80,
    0x03, 0x81, 0xD0, 0x00, 0x00, 0x00, 0x00, 0x14, 0x00, 0x02, 0xFF, 0xD0, 0x0F, 0xEB, 0xF4, 0x2F,
    0x00, 0xFC, 0x3D, 0x00, 0x3D, 0x7C, 0x00, 0x3D, 0xBF, 0xFF, 0xFE, 0xBF, 0xFF, 0xFE, 0xBC, 0x00,
    0x00, 0xBC, 0x00, 0x00, 0x3D, 0x00, 0x00, 0x3F, 0x40, 0x00, 0x0F, 0xFF, 0xF8, 0x02, 0xFF, 0xF4,
    0x00, 0x05, 0x00, 0x00, 0x00, 0x00, 0x00, 0x03, 0xF8, 0x00, 0x02, 0xBD, 0x00, 0x00, 0x3C, 0x00,
    0x30, 0xF4, 0x00, 0xFC, 0x90, 0x03, 0xEF, 0x00, 0x0B, 0x07, 0x80, 0x00, 0x00, 0x00, 0x55, 0x55,
    0x50, 0xFF, 0xFF, 0xF8, 0xFF, 0xFF, 0xF8, 0xF8, 0x00, 0x00, 0xF8, 0x00, 0x00, 0xF8, 0x00, 0x00,
    0xF8, 0x00, 0x00, 0xF8, 0x00, 0x00, 0xFF, 0xFF, 0xF0, 0xFF, 0xFF, 0xF0, 0xF8, 0x00, 0x00, 0xF8,
    0x00, 0x00, 0xF8, 0x00, 0x00, 0xF8, 0x00, 0x00, 0xF8, 0x00, 0x00, 0xF8, 0x00, 0x00, 0xFF, 0xFF,
    0xFD, 0xFF, 0xFF, 0xFD, 0x00, 0x00, 0x54, 0x00, 0x00, 0x3F, 0xC0, 0x00, 0x00, 0xF4, 0x00, 0x00,
    0xBC, 0x00, 0x2C, 0x3C, 0x00, 0x1F, 0xC0, 0x00, 0x1F, 0xB8, 0x00, 0x0E, 0x07, 0x40, 0x00, 0x00,
    0x00, 0x00, 0x05, 0x00, 0x00, 0x2F, 0xFD, 0x00, 0x3F, 0xAF, 0xD0, 0x2F, 0x00, 0xFC, 0x0F, 0x40,
    0x0F, 0x47, 0xC0, 0x03, 0xD2, 0xFF, 0xFF, 0xF8, 0xBF, 0xFF, 0xFE, 0x2F, 0x00, 0x00, 0x0B, 0xC0,
    0x00, 0x00, 0xF4, 0x00, 0x00, 0x3F, 0x40, 0x00, 0x03, 0xFF, 0xFE, 0x00, 0x2F, 0xFF, 0x40, 0x00,
    0x14, 0x00, 0x02, 0x90, 0x80, 0x0F, 0xFF, 0xC0, 0x1C, 0x2F, 0x40, 0x00, 0x00, 0x00, 0x00, 0x30,
    0x00, 0x00, 0xFC, 0x00, 0x03, 0xEF, 0x00, 0x0B, 0x07, 0x80, 0x00, 0x00, 0x00, 0x55, 0x55, 0x50,
    0xFF, 0xFF, 0xF8, 0xFF, 0xFF, 0xF8, 0xF8, 0x00, 0x00, 0xF8, 0x00, 0x00, 0xF8, 0x00, 0x00, 0xF8,
    0x00, 0x00, 0xF8, 0x00, 0x00, 0xFF, 0xFF, 0xF0, 0xFF, 0xFF, 0xF0, 0xF8, 0x00, 0x00, 0xF8, 0x00,
    0x00, 0xF8, 0x00, 0x00, 0xF8, 0x00, 0x00, 0xF8, 0x00, 0x00, 0xF8, 0x00, 0x00, 0xFF, 0xFF, 0xFD,
    0xFF, 0xFF, 0xFD, 0x00, 0x00, 0x00, 0x02, 0xF4, 0x70, 0x0B, 0xFF, 0xE0, 0x05, 0x06, 0x40, 0x00,
    0x00, 0x00, 0x00, 0x2C, 0x00, 0x00, 0x7F, 0x00, 0x01, 0xFB, 0x80, 0x03, 0x81, 0xD0, 0x00, 0x00,
    0x00, 0x00, 0x14, 0x00, 0x02, 0xFF, 0xD0, 0x0F, 0xEB, 0xF4, 0x2F, 0x00, 0xFC, 0x3D, 0x00, 0x3D,
    0x7C, 0x00, 0x3D, 0xBF, 0xFF, 0xFE, 0xBF, 0xFF, 0xFE, 0xBC, 0x00, 0x00, 0xBC, 0x00, 0x00, 0x3D,
    0x00, 0x00, 0x3F, 0x40, 0x00, 0x0F, 0xFF, 0xF8, 0x02, 0xFF, 0xF4, 0x00, 0x05, 0x00, 0x00, 0x00,
    0x00, 0x00, 0x30, 0x00, 0x00, 0xFC, 0x00, 0x03, 0xEF, 0x00, 0x0B, 0x07, 0x80, 0x00, 0x00, 0x00,
    0x55, 0x55, 0x50, 0xFF, 0xFF, 0xF8, 0xFF, 0xFF, 0xF8, 0xF8, 0x00, 0x00, 0xF8, 0x00, 0x00, 0xF8,
    0x00, 0x00, 0xF8, 0x00, 0x00, 0xF8, 0x00, 0x00, 0xFF, 0xFF, 0xF0, 0xFF, 0xFF, 0xF0, 0xF8, 0x00,
    0x00, 0xF8, 0x00, 0x00, 0xF8, 0x00, 0x00, 0xF8, 0x00, 0x00, 0xF8, 0x00, 0x00, 0xF8, 0x00, 0x00,
    0xFF, 0xFF, 0xFD, 0xFF, 0xFF, 0xFD, 0x00, 0x00, 0x00, 0x00, 0x10, 0x00, 0x00, 0xF4, 0x00, 0x01,
    0xF8, 0x00, 0x00, 0x60, 0x00, 0x00, 0x00, 0x00, 0x00, 0x2C, 0x00, 0x00, 0x7F, 0x00, 0x01, 0xFB,
    0x80, 0x03, 0x81, 0xD0, 0x00, 0x00, 0x00, 0x00, 0x14, 0x00, 0x02, 0xFF, 0xD0, 0x0F, 0xEB, 0xF4,
    0x2F, 0x00, 0xFC, 0x3D, 0x00, 0x3D, 0x7C, 0x00, 0x3D, 0xBF, 0xFF, 0xFE, 0xBF, 0xFF, 0xFE, 0xBC,
    0x00, 0x00, 0xBC, 0x00, 0x00, 0x3D, 0x00, 0x00, 0x3F, 0x40, 0x00, 0x0F, 0xFF, 0xF8, 0x02, 0xFF,
    0xF4, 0x00, 0x05, 0x00, 0x00, 0x14, 0x00, 0x00, 0x7D, 0x00, 0x00, 0x7D, 0x00, 0x00, 0x14, 0x00,
    0x00, 0x2F, 0xC5, 0xF8, 0x2E, 0x2E, 0x06, 0x01, 0x40, 0xF8, 0x3E, 0x0F, 0x83, 0xE0, 0xF8, 0x3E,
    0x0F, 0x83, 0xE0, 0xF8, 0x3E, 0x0F, 0x83, 0xE0, 0xF8, 0x3E, 0x0F, 0x83, 0xE0, 0xF8, 0x69, 0x3F,
    0xD0, 0xB8, 0xBC, 0x2C, 0x00, 0x03, 0xD0, 0xF4, 0x3D, 0x0F, 0x43, 0xD0, 0xF4, 0x3D, 0x0F, 0x43,
    0xD0, 0xF4, 0x3D, 0x0F, 0x43, 0xD0, 0x14, 0x3E, 0x3E, 0x3E, 0x3E, 0x3E, 0x3E, 0x3E, 0x3E, 0x3E,
    0x3E, 0x3E, 0x3E, 0x3E, 0x3E, 0x3E, 0x3E, 0x3E, 0x00, 0x04, 0x3E, 0x3F, 0x18, 0x04, 0x3D, 0x7E,
    0x18, 0x00, 0x00, 0x3D, 0x3D, 0x3D, 0x3D, 0x3D, 0x3D, 0x3D, 0x3D, 0x3D, 0x3D, 0x3D, 0x3D, 0x3D,
    0x00, 0x04, 0x3D, 0x7E, 0x18, 0x00, 0x06, 0xA9, 0x00, 0x00, 0x2F, 0xFF, 0xF4, 0x00, 0x3F, 0xE5,
    0xBF, 0x40, 0x3F, 0x40, 0x03, 0xF4, 0x1F, 0x40, 0x00, 0x3F, 0x0F, 0xC0, 0x00, 0x07, 0xD3, 0xD0,
    0x00, 0x00, 0xF9, 0xF0, 0x00, 0x00, 0x3F, 0x7C, 0x00, 0x00, 0x0B, 0xEF, 0x00, 0x00, 0x02, 0xF7,
    0xC0, 0x00, 0x00, 0xBD, 0xF0, 0x00, 0x00, 0x3F, 0x3E, 0x00, 0x00, 0x0F, 0x8F, 0xC0, 0x00, 0x0B,
    0xC1, 0xF8, 0x00, 0x07, 0xE0, 0x2F, 0x80, 0x07, 0xF0, 0x02, 0xFF, 0xFF, 0xF0, 0x00, 0x1B, 0xFF,
    0xE0, 0x00, 0x00, 0x15, 0x00, 0x00, 0x00, 0x01, 0x00, 0x00, 0x00, 0x02, 0xF0, 0x00, 0x00, 0x00,
    0xBC, 0x00, 0x00, 0x00, 0x09, 0x00, 0x00, 0x00, 0x04, 0x00, 0x00, 0xBF, 0xF4, 0x00, 0xFF, 0xBF,
    0x80, 0xBD, 0x01, 0xF4, 0x3D, 0x00, 0x2F, 0x1F, 0x00, 0x07, 0xCB, 0xC0, 0x00, 0xF6, 0xE0, 0x00,
    0x3D, 0xBC, 0x00, 0x0F, 0x5F, 0x00, 0x07, 0xC3, 0xD0, 0x02, 0xF0, 0xBD, 0x01, 0xF4, 0x0F, 0xFB,
    0xF8, 0x00, 0xBF, 0xF4, 0x00, 0x00, 0x40, 0x00, 0x00, 0x10, 0x00, 0x00, 0x3E, 0x00, 0x00, 0x0F,
    0xC0, 0x00, 0x01, 0x80, 0x00, 0x00, 0x00, 0x00, 0x00, 0x00, 0x01, 0xFD, 0x00, 0x00, 0x00, 0x2B,
    0xC0, 0x00, 0x00, 0x01, 0xF0, 0x00, 0x00, 0x00, 0xE0, 0x00, 0x00, 0x00, 0x20, 0x00, 0x00, 0x00,
    0x6A, 0x90, 0x00, 0x02, 0xFF, 0xFF, 0x40, 0x03, 0xFE, 0x5B, 0xF4, 0x03, 0xF4, 0x00, 0x3F, 0x41,
    0xF4, 0x00, 0x03, 0xF0, 0xFC, 0x00, 0x00, 0x7D, 0x3D, 0x00, 0x00, 0x0F, 0x9F, 0x00, 0x00, 0x03,
    0xF7, 0xC0, 0x00, 0x00, 0xBE, 0xF0, 0x00, 0x00, 0x2F, 0x7C, 0x00, 0x00, 0x0B, 0xDF, 0x00, 0x00,
    0x03, 0xF3, 0xE0, 0x00, 0x00, 0xF8, 0xFC, 0x00, 0x00, 0xBC, 0x1F, 0x80, 0x00, 0x7E, 0x02, 0xF8,
    0x00, 0x7F, 0x00, 0x2F, 0xFF, 0xFF, 0x00, 0x01, 0xBF, 0xFE, 0x00, 0x00, 0x01, 0x50, 0x00, 0x00,
    0x00, 0x69, 0x00, 0x00, 0x2F, 0xE0, 0x00, 0x00, 0xB8, 0x00, 0x00, 0x7C, 0x00, 0x00, 0x2C, 0x00,
    0x00, 0x01, 0x00, 0x00, 0x2F, 0xFD, 0x00, 0x3F, 0xEF, 0xE0, 0x2F, 0x40, 0x7D, 0x0F, 0x40, 0x0B,
    0xC7, 0xC0, 0x01, 0xF2, 0xF0, 0x00, 0x3D, 0xB8, 0x00, 0x0F, 0x6F, 0x00, 0x03, 0xD7, 0xC0, 0x01,
    0xF0, 0xF4, 0x00, 0xBC, 0x2F, 0x40, 0x7D, 0x03, 0xFE, 0xFE, 0x00, 0x2F, 0xFD, 0x00, 0x00, 0x10,
    0x00, 0x00, 0x00, 0x00, 0x00, 0x00, 0x00, 0x00, 0x06, 0x00, 0x00, 0x00, 0x03, 0xD0, 0x00, 0x00,
    0x03, 0xE0, 0x00, 0x00, 0xD2, 0xE0, 0x00, 0x00, 0xFD, 0x50, 0x00, 0x00, 0xBB, 0xD0, 0x00, 0x00,
    0x74, 0x3C, 0x00, 0x00, 0x04, 0x00, 0x00, 0x00, 0x01, 0xAA, 0x40, 0x00, 0x0B, 0xFF, 0xFD, 0x00,
    0x0F, 0xF9, 0x6F, 0xD0, 0x0F, 0xD0, 0x00, 0xFD, 0x07, 0xD0, 0x00, 0x0F, 0xC3, 0xF0, 0x00, 0x01,
    0xF4, 0xF4, 0x00, 0x00, 0x3E, 0x7C, 0x00, 0x00, 0x0F, 0xDF, 0x00, 0x00, 0x02, 0xFB, 0xC0, 0x00,
    0x00, 0xBD, 0xF0, 0x00, 0x00, 0x2F, 0x7C, 0x00, 0x00, 0x0F, 0xCF, 0x80, 0x00, 0x03, 0xE3, 0xF0,
    0x00, 0x02, 0xF0, 0x7E, 0x00, 0x01, 0xF8, 0x0B, 0xE0, 0x01, 0xFC, 0x00, 0xBF, 0xFF, 0xFC, 0x00,
    0x06, 0xFF, 0xF8, 0x00, 0x00, 0x05, 0x40, 0x00, 0x00, 0x00, 0x00, 0x00, 0x00, 0x00, 0x24, 0x00,
    0x00, 0x0B, 0xC0, 0x00, 0x01, 0xF0, 0x00, 0x1C, 0x3C, 0x00, 0x07, 0xF1, 0x00, 0x01, 0xF7, 0xC0,
    0x00, 0x3C, 0x1E, 0x00, 0x00, 0x00, 0x00, 0x00, 0x00, 0x40, 0x00, 0x02, 0xFF, 0xD0, 0x00, 0xFF,
    0xBF, 0x80, 0x2F, 0x40, 0x7D, 0x03, 0xD0, 0x02, 0xF0, 0x7C, 0x00, 0x1F, 0x0B, 0xC0, 0x00, 0xF4,
    0xB8, 0x00, 0x0F, 0x4B, 0xC0, 0x00, 0xF4, 0x7C, 0x00, 0x1F, 0x03, 0xD0, 0x02, 0xF0, 0x2F, 0x40,
    0x7D, 0x00, 0xFF, 0xBF, 0x80, 0x02, 0xFF, 0xD0, 0x00, 0x00, 0x40, 0x00, 0x00, 0x00, 0x00, 0x00,
    0x00, 0x00, 0x0A, 0x00, 0x00, 0x00, 0x03, 0xE0, 0x00, 0x00, 0x00, 0x3D, 0x00, 0x00, 0x00, 0xD3,
    0xC0, 0x00, 0x00, 0xFD, 0x10, 0x00, 0x00, 0xBB, 0xD0, 0x00, 0x00, 0x74, 0x3C, 0x00, 0x00, 0x04,
    0x00, 0x00, 0x00, 0x01, 0xAA, 0x40, 0x00, 0x0B, 0xFF, 0xFD, 0x00, 0x0F, 0xF9, 0x6F, 0xD0, 0x0F,
    0xD0, 0x00, 0xFD, 0x07, 0xD0, 0x00, 0x0F, 0xC3, 0xF0, 0x00, 0x01, 0xF4, 0xF4, 0x00, 0x00, 0x3E,
    0x7C, 0x00, 0x00, 0x0F, 0xDF, 0x00, 0x00, 0x02, 0xFB, 0xC0, 0x00, 0x00, 0xBD, 0xF0, 0x00, 0x00,
    0x2F, 0x7C, 0x00, 0x00, 0x0F, 0xCF, 0x80, 0x00, 0x03, 0xE3, 0xF0, 0x00, 0x02, 0xF0, 0x7E, 0x00,
    0x01, 0xF8, 0x0B, 0xE0, 0x01, 0xFC, 0x00, 0xBF, 0xFF, 0xFC, 0x00, 0x06, 0xFF, 0xF8, 0x00, 0x00,
    0x05, 0x40, 0x00, 0x00, 0x01, 0x00, 0x00, 0x01, 0xE0, 0x00, 0x00, 0x3D, 0x00, 0x00, 0x03, 0xD0,
    0x00, 0x1C, 0x38, 0x00, 0x1F, 0xC0, 0x00, 0x1F, 0x7C, 0x00, 0x0F, 0x07, 0x80, 0x00, 0x00, 0x00,
    0x00, 0x01, 0x00, 0x00, 0x2F, 0xFD, 0x00, 0x3F, 0xEF, 0xE0, 0x2F, 0x40, 0x7D, 0x0F, 0x40, 0x0B,
    0xC7, 0xC0, 0x01, 0xF2, 0xF0, 0x00, 0x3D, 0xB8, 0x00, 0x0F, 0x6F, 0x00, 0x03, 0xD7, 0xC0, 0x01,
    0xF0, 0xF4, 0x00, 0xBC, 0x2F, 0x40, 0x7D, 0x03, 0xFE, 0xFE, 0x00, 0x2F, 0xFD, 0x00, 0x00, 0x10,
    0x00, 0x00, 0x00, 0x00, 0x00, 0x00, 0x00, 0x03, 0xFC, 0x00, 0x00, 0x00, 0x5B, 0x80, 0x00, 0x00,
    0x07, 0xD0, 0x00, 0x00, 0xD2, 0xD0, 0x00, 0x00, 0xFD, 0x50, 0x00, 0x00, 0xBB, 0xD0, 0x00, 0x00,
    0x74, 0x3C, 0x00, 0x00, 0x04, 0x00, 0x00, 0x00, 0x01, 0xAA, 0x40, 0x00, 0x0B, 0xFF, 0xFD, 0x00,
    0x0F, 0xF9, 0x6F, 0xD0, 0x0F, 0xD0, 0x00, 0xFD, 0x07, 0xD0, 0x00, 0x0F, 0xC3, 0xF0, 0x00, 0x01,
    0xF4, 0xF4, 0x00, 0x00, 0x3E, 0x7C, 0x00, 0x00, 0x0F, 0xDF, 0x00, 0x00, 0x02, 0xFB, 0xC0, 0x00,
    0x00, 0xBD, 0xF0, 0x00, 0x00, 0x2F, 0x7C, 0x00, 0x00, 0x0F, 0xCF, 0x80, 0x00, 0x03, 0xE3, 0xF0,
    0x00, 0x02, 0xF0, 0x7E, 0x00, 0x01, 0xF8, 0x0B, 0xE0, 0x01, 0xFC, 0x00, 0xBF, 0xFF, 0xFC, 0x00,
    0x06, 0xFF, 0xF8, 0x00, 0x00, 0x05, 0x40, 0x00, 0x00, 0x00, 0xFE, 0x00, 0x00, 0x2B, 0xD0, 0x00,
    0x00, 0xF4, 0x00, 0x70, 0xF4, 0x00, 0x7F, 0x28, 0x00, 0x7D, 0xF0, 0x00, 0x3C, 0x1E, 0x00, 0x00,
    0x00, 0x00, 0x00, 0x04, 0x00, 0x00, 0xBF, 0xF4, 0x00, 0xFF, 0xBF, 0x80, 0xBD, 0x01, 0xF4, 0x3D,
    0x00, 0x2F, 0x1F, 0x00, 0x07, 0xCB, 0xC0, 0x00, 0xF6, 0xE0, 0x00, 0x3D, 0xBC, 0x00, 0x0F, 0x5F,
    0x00, 0x07, 0xC3, 0xD0, 0x02, 0xF0, 0xBD, 0x01, 0xF4, 0x0F, 0xFB, 0xF8, 0x00, 0xBF, 0xF4, 0x00,
    0x00, 0x40, 0x00, 0x00, 0x00, 0x00, 0x00, 0x00, 0x07, 0xF5, 0xE0, 0x00, 0x03, 0xEF, 0xF0, 0x00,
    0x00, 0x40, 0x50, 0x00, 0x00, 0x00, 0xD0, 0x00, 0x00, 0x00, 0xFD, 0x00, 0x00, 0x00, 0xBB, 0xD0,
    0x00, 0x00, 0x74, 0x3C, 0x00, 0x00, 0x04, 0x00, 0x00, 0x00, 0x01, 0xAA, 0x40, 0x00, 0x0B, 0xFF,
    0xFD, 0x00, 0x0F, 0xF9, 0x6F, 0xD0, 0x0F, 0xD0, 0x00, 0xFD, 0x07, 0xD0, 0x00, 0x0F, 0xC3, 0xF0,
    0x00, 0x01, 0xF4, 0xF4, 0x00, 0x00, 0x3E, 0x7C, 0x00, 0x00, 0x0F, 0xDF, 0x00, 0x00, 0x02, 0xFB,
    0xC0, 0x00, 0x00, 0xBD, 0xF0, 0x00, 0x00, 0x2F, 0x7C, 0x00, 0x00, 0x0F, 0xCF, 0x80, 0x00, 0x03,
    0xE3, 0xF0, 0x00, 0x02, 0xF0, 0x7E, 0x00, 0x01, 0xF8, 0x0B, 0xE0, 0x01, 0xFC, 0x00, 0xBF, 0xFF,
    0xFC, 0x00, 0x06, 0xFF, 0xF8, 0x00, 0x00, 0x05, 0x40, 0x00, 0x00, 0x50, 0x10, 0x00, 0xFF, 0xBC,
    0x00, 0xB5, 0xFD, 0x00, 0x00, 0x00, 0x00, 0x00, 0x1C, 0x00, 0x00, 0x1F, 0xC0, 0x00, 0x1F, 0x7C,
    0x00, 0x0F, 0x07, 0x80, 0x00, 0x00, 0x00, 0x00, 0x01, 0x00, 0x00, 0x2F, 0xFD, 0x00, 0x3F, 0xEF,
    0xE0, 0x2F, 0x40, 0x7D, 0x0F, 0x40, 0x0B, 0xC7, 0xC0, 0x01, 0xF2, 0xF0, 0x00, 0x3D, 0xB8, 0x00,
    0x0F, 0x6F, 0x00, 0x03, 0xD7, 0xC0, 0x01, 0xF0, 0xF4, 0x00, 0xBC, 0x2F, 0x40, 0x7D, 0x03, 0xFE,
    0xFE, 0x00, 0x2F, 0xFD, 0x00, 0x00, 0x10, 0x00, 0x00, 0x00, 0x40, 0x00, 0x00, 0x00, 0x78, 0x00,
    0x00, 0x00, 0x7F, 0x80, 0x00, 0x00, 0x3C, 0xB8, 0x00, 0x00, 0x1C, 0x0A, 0x00, 0x00, 0x00, 0x00,
    0x00, 0x00, 0x00, 0x6A, 0x90, 0x00, 0x02, 0xFF, 0xFF, 0x40, 0x03, 0xFE, 0x5B, 0xF4, 0x03, 0xF4,
    0x00, 0x3F, 0x41, 0xF4, 0x00, 0x03, 0xF0, 0xFC, 0x00, 0x00, 0x7D, 0x3D, 0x00, 0x00, 0x0F, 0x9F,
    0x00, 0x00, 0x03, 0xF7, 0xC0, 0x00, 0x00, 0xBE, 0xF0, 0x00, 0x00, 0x2F, 0x7C, 0x00, 0x00, 0x0B,
    0xDF, 0x00, 0x00, 0x03, 0xF3, 0xE0, 0x00, 0x00, 0xF8, 0xFC, 0x00, 0x00, 0xBC, 0x1F, 0x80, 0x00,
    0x7E, 0x02, 0xF8, 0x00, 0x7F, 0x00, 0x2F, 0xFF, 0xFF, 0x00, 0x01, 0xBF, 0xFE, 0x00, 0x00, 0x01,
    0x50, 0x00, 0x00, 0x00, 0x10, 0x00, 0x00, 0x00, 0x2F, 0x00, 0x00, 0x00, 0x0B, 0xC0, 0x00, 0x00,
    0x00, 0x90, 0x00, 0x00, 0x00, 0x00, 0x00, 0x00, 0x07, 0x00, 0x00, 0x07, 0xF0, 0x00, 0x07, 0xDF,
    0x00, 0x03, 0xC1, 0xE0, 0x00, 0x00, 0x00, 0x00, 0x00, 0x40, 0x00, 0x0B, 0xFF, 0x40, 0x0F, 0xFB,
    0xF8, 0x0B, 0xD0, 0x1F, 0x43, 0xD0, 0x02, 0xF1, 0xF0, 0x00, 0x7C, 0xBC, 0x00, 0x0F, 0x6E, 0x00,
    0x03, 0xDB, 0xC0, 0x00, 0xF5, 0xF0, 0x00, 0x7C, 0x3D, 0x00, 0x2F, 0x0B, 0xD0, 0x1F, 0x40, 0xFF,
    0xBF, 0x80, 0x0B, 0xFF, 0x40, 0x00, 0x04, 0x00, 0x00, 0x01, 0x00, 0x00, 0x03, 0xE0, 0x00, 0x00,
    0xFC, 0x00, 0x00, 0x18, 0x00, 0x00, 0x00, 0x00, 0x00, 0x00, 0x00, 0x00, 0x01, 0xC0, 0x00, 0x00,
    0x00, 0x7D, 0x00, 0x00, 0x00, 0x0F, 0x40, 0x00, 0x00, 0x02, 0xD0, 0x07, 0xC0, 0x00, 0x04, 0x00,
    0x7C, 0x00, 0x06, 0xA9, 0x0B, 0x80, 0x0B, 0xFF, 0xFD, 0xF4, 0x03, 0xFE, 0x5B, 0xFE, 0x00, 0xFD,
    0x00, 0x0F, 0xD0, 0x1F, 0x40, 0x00, 0x3F, 0x03, 0xF0, 0x00, 0x01, 0xF4, 0x3D, 0x00, 0x00, 0x0F,
    0x87, 0xC0, 0x00, 0x00, 0xFC, 0x7C, 0x00, 0x00, 0x0B, 0xCB, 0xC0, 0x00, 0x00, 0xBC, 0x7C, 0x00,
    0x00, 0x0B, 0xC7, 0xC0, 0x00, 0x00, 0xFC, 0x3E, 0x00, 0x00, 0x0F, 0x83, 0xF0, 0x00, 0x02, 0xF0,
    0x1F, 0x80, 0x00, 0x7E, 0x00, 0xBE, 0x00, 0x1F, 0xC0, 0x02, 0xFF, 0xFF, 0xF0, 0x00, 0x06, 0xFF,
    0xF8, 0x00, 0x00, 0x01, 0x50, 0x00, 0x00, 0x00, 0x00, 0x00, 0x00, 0x00, 0x3C, 0x00, 0x00, 0x0B,
    0xC0, 0x00, 0x02, 0xF0, 0x00, 0x00, 0x3C, 0x02, 0x90, 0x00, 0x00, 0x3D, 0x00, 0x04, 0x03, 0xD0,
    0x2F, 0xFD, 0x7C, 0x0F, 0xFB, 0xFF, 0x42, 0xF4, 0x07, 0xE0, 0x3D, 0x00, 0x2F, 0x07, 0xC0, 0x01,
    0xF0, 0xBC, 0x00, 0x0F, 0x4B, 0x80, 0x00, 0xF4, 0xBC, 0x00, 0x0F, 0x47, 0xC0, 0x01, 0xF0, 0x3D,
    0x00, 0x2F, 0x02, 0xF4, 0x07, 0xD0, 0x0F, 0xFB, 0xF8, 0x00, 0x2F, 0xFD, 0x00, 0x00, 0x04, 0x00,
    0x00, 0x00, 0x00, 0x00, 0x00, 0x00, 0x00, 0xB0, 0x00, 0x00, 0x00, 0x0F, 0x80, 0x00, 0x00, 0x00,
    0x3E, 0x00, 0x00, 0x00, 0x00, 0xF0, 0x07, 0xC0, 0x00, 0x01, 0x00, 0x7C, 0x00, 0x06, 0xA9, 0x0B,
    0x80, 0x0B, 0xFF, 0xFD, 0xF4, 0x03, 0xFE, 0x5B, 0xFE, 0x00, 0xFD, 0x00, 0x0F, 0xD0, 0x1F, 0x40,
    0x00, 0x3F, 0x03, 0xF0, 0x00, 0x01, 0xF4, 0x3D, 0x00, 0x00, 0x0F, 0x87, 0xC0, 0x00, 0x00, 0xFC,
    0x7C, 0x00, 0x00, 0x0B, 0xCB, 0xC0, 0x00, 0x00, 0xBC, 0x7C, 0x00, 0x00, 0x0B, 0xC7, 0xC0, 0x00,
    0x00, 0xFC, 0x3E, 0x00, 0x00, 0x0F, 0x83, 0xF0, 0x00, 0x02, 0xF0, 0x1F, 0x80, 0x00, 0x7E, 0x00,
    0xBE, 0x00, 0x1F, 0xC0, 0x02, 0xFF, 0xFF, 0xF0, 0x00, 0x06, 0xFF, 0xF8, 0x00, 0x00, 0x01, 0x50,
    0x00, 0x00, 0x00, 0x00, 0x00, 0x00, 0x0E, 0x00, 0x00, 0x00, 0xF4, 0x00, 0x00, 0x03, 0xD0, 0x00,
    0x00, 0x0F, 0x02, 0x90, 0x00, 0x00, 0x3D, 0x00, 0x04, 0x03, 0xD0, 0x2F, 0xFD, 0x7C, 0x0F, 0xFB,
    0xFF, 0x42, 0xF4, 0x07, 0xE0, 0x3D, 0x00, 0x2F, 0x07, 0xC0, 0x01, 0xF0, 0xBC, 0x00, 0x0F, 0x4B,
    0x80, 0x00, 0xF4, 0xBC, 0x00, 0x0F, 0x47, 0xC0, 0x01, 0xF0, 0x3D, 0x00, 0x2F, 0x02, 0xF4, 0x07,
    0xD0, 0x0F, 0xFB, 0xF8, 0x00, 0x2F, 0xFD, 0x00, 0x00, 0x04, 0x00, 0x00, 0x00, 0x00, 0x00, 0x00,
    0x00, 0x00, 0x7F, 0x40, 0x00, 0x00, 0x02, 0xBC, 0x00, 0x00, 0x00, 0x07, 0xC0, 0x00, 0x00, 0x00,
    0xE0, 0x07, 0xC0, 0x00, 0x08, 0x00, 0x7C, 0x00, 0x06, 0xA9, 0x0B, 0x80, 0x0B, 0xFF, 0xFD, 0xF4,
    0x03, 0xFE, 0x5B, 0xFE, 0x00, 0xFD, 0x00, 0x0F, 0xD0, 0x1F, 0x40, 0x00, 0x3F, 0x03, 0xF0, 0x00,
    0x01, 0xF4, 0x3D, 0x00, 0x00, 0x0F, 0x87, 0xC0, 0x00, 0x00, 0xFC, 0x7C, 0x00, 0x00, 0x0B, 0xCB,
    0xC0, 0x00, 0x00, 0xBC, 0x7C, 0x00, 0x00, 0x0B, 0xC7, 0xC0, 0x00, 0x00, 0xFC, 0x3E, 0x00, 0x00,
    0x0F, 0x83, 0xF0, 0x00, 0x02, 0xF0, 0x1F, 0x80, 0x00, 0x7E, 0x00, 0xBE, 0x00, 0x1F, 0xC0, 0x02,
    0xFF, 0xFF, 0xF0, 0x00, 0x06, 0xFF, 0xF8, 0x00, 0x00, 0x01, 0x50, 0x00, 0x00, 0x00, 0x69, 0x00,
    0x00, 0x0B, 0xF8, 0x00, 0x00, 0x0B, 0x80, 0x00, 0x01, 0xF0, 0x29, 0x00, 0x2C, 0x03, 0xD0, 0x00,
    0x40, 0x3D, 0x02, 0xFF, 0xD7, 0xC0, 0xFF, 0xBF, 0xF4, 0x2F, 0x40, 0x7E, 0x03, 0xD0, 0x02, 0xF0,
    0x7C, 0x00, 0x1F, 0x0B, 0xC0, 0x00, 0xF4, 0xB8, 0x00, 0x0F, 0x4B, 0xC0, 0x00, 0xF4, 0x7C, 0x00,
    0x1F, 0x03, 0xD0, 0x02, 0xF0, 0x2F, 0x40, 0x7D, 0x00, 0xFF, 0xBF, 0x80, 0x02, 0xFF, 0xD0, 0x00,
    0x00, 0x40, 0x00, 0x00, 0x00, 0x00, 0x00, 0x00, 0x01, 0xFD, 0x78, 0x00, 0x00, 0x3E, 0xFF, 0x00,
    0x00, 0x02, 0x01, 0x80, 0x7C, 0x00, 0x00, 0x00, 0x07, 0xC0, 0x00, 0x6A, 0x90, 0xB8, 0x00, 0xBF,
    0xFF, 0xDF, 0x40, 0x3F, 0xE5, 0xBF, 0xE0, 0x0F, 0xD0, 0x00, 0xFD, 0x01, 0xF4, 0x00, 0x03, 0xF0,
    0x3F, 0x00, 0x00, 0x1F, 0x43, 0xD0, 0x00, 0x00, 0xF8, 0x7C, 0x00, 0x00, 0x0F, 0xC7, 0xC0, 0x00,
    0x00, 0xBC, 0xBC, 0x00, 0x00, 0x0B, 0xC7, 0xC0, 0x00, 0x00, 0xBC, 0x7C, 0x00, 0x00, 0x0F, 0xC3,
    0xE0, 0x00, 0x00, 0xF8, 0x3F, 0x00, 0x00, 0x2F, 0x01, 0xF8, 0x00, 0x07, 0xE0, 0x0B, 0xE0, 0x01,
    0xFC, 0x00, 0x2F, 0xFF, 0xFF, 0x00, 0x00, 0x6F, 0xFF, 0x80, 0x00, 0x00, 0x15, 0x00, 0x00, 0x00,
    0x00, 0x00, 0x00, 0x2F, 0x9B, 0x40, 0x07, 0xAF, 0xE0, 0x00, 0x10, 0x14, 0x29, 0x00, 0x00, 0x03,
    0xD0, 0x00, 0x40, 0x3D, 0x02, 0xFF, 0xD7, 0xC0, 0xFF, 0xBF, 0xF4, 0x2F, 0x40, 0x7E, 0x03, 0xD0,
    0x02, 0xF0, 0x7C, 0x00, 0x1F, 0x0B, 0xC0, 0x00, 0xF4, 0xB8, 0x00, 0x0F, 0x4B, 0xC0, 0x00, 0xF4,
    0x7C, 0x00, 0x1F, 0x03, 0xD0, 0x02, 0xF0, 0x2F, 0x40, 0x7D, 0x00, 0xFF, 0xBF, 0x80, 0x02, 0xFF,
    0xD0, 0x00, 0x00, 0x40, 0x00, 0x00, 0x00, 0x00, 0x00, 0x00, 0x00, 0x00, 0x00, 0x7C, 0x00, 0x00,
    0x00, 0x07, 0xC0, 0x00, 0x6A, 0x90, 0xB8, 0x00, 0xBF, 0xFF, 0xDF, 0x40, 0x3F, 0xE5, 0xBF, 0xE0,
    0x0F, 0xD0, 0x00, 0xFD, 0x01, 0xF4, 0x00, 0x03, 0xF0, 0x3F, 0x00, 0x00, 0x1F, 0x43, 0xD0, 0x00,
    0x00, 0xF8, 0x7C, 0x00, 0x00, 0x0F, 0xC7, 0xC0, 0x00, 0x00, 0xBC, 0xBC, 0x00, 0x00, 0x0B, 0xC7,
    0xC0, 0x00, 0x00, 0xBC, 0x7C, 0x00, 0x00, 0x0F, 0xC3, 0xE0, 0x00, 0x00, 0xF8, 0x3F, 0x00, 0x00,
    0x2F, 0x01, 0xF8, 0x00, 0x07, 0xE0, 0x0B, 0xE0, 0x01, 0xFC, 0x00, 0x2F, 0xFF, 0xFF, 0x00, 0x00,
    0x6F, 0xFF, 0x80, 0x00, 0x00, 0x15, 0x00, 0x00, 0x00, 0x00, 0x40, 0x00, 0x00, 0x00, 0x2F, 0x00,
    0x00, 0x00, 0x02, 0xF0, 0x00, 0x00, 0x00, 0x09, 0x00, 0x00, 0x00, 0x00, 0x02, 0x90, 0x00, 0x00,
    0x3D, 0x00, 0x04, 0x03, 0xD0, 0x2F, 0xFD, 0x7C, 0x0F, 0xFB, 0xFF, 0x42, 0xF4, 0x07, 0xE0, 0x3D,
    0x00, 0x2F, 0x07, 0xC0, 0x01, 0xF0, 0xBC, 0x00, 0x0F, 0x4B, 0x80, 0x00, 0xF4, 0xBC, 0x00, 0x0F,
    0x47, 0xC0, 0x01, 0xF0, 0x3D, 0x00, 0x2F, 0x02, 0xF4, 0x07, 0xD0, 0x0F, 0xFB, 0xF8, 0x00, 0x2F,
    0xFD, 0x00, 0x00, 0x04, 0x00, 0x00, 0x00, 0x40, 0x00, 0x00, 0x3E, 0x00, 0x00, 0x03, 0xF0, 0x00,
    0x00, 0x18, 0x00, 0x00, 0x50, 0x00, 0x01, 0x4F, 0x40, 0x00, 0x7C, 0xF4, 0x00, 0x07, 0xCF, 0x40,
    0x00, 0x7C, 0xF4, 0x00, 0x07, 0xCF, 0x40, 0x00, 0x7C, 0xF4, 0x00, 0x07, 0xCF, 0x40, 0x00, 0x7C,
    0xF4, 0x00, 0x07, 0xCF, 0x40, 0x00, 0x7C, 0xF4, 0x00, 0x07, 0xCF, 0x40, 0x00, 0x7C, 0xF8, 0x00,
    0x07, 0xCF, 0xC0, 0x00, 0xBC, 0x7C, 0x00, 0x0F, 0x83, 0xF4, 0x03, 0xF0, 0x1F, 0xFF, 0xFD, 0x00,
    0x3F, 0xFF, 0x40, 0x00, 0x15, 0x00, 0x00, 0x00, 0x40, 0x00, 0x00, 0x2F, 0x00, 0x00, 0x03, 0xF0,
    0x00, 0x00, 0x09, 0x00, 0x00, 0x3C, 0x00, 0x3D, 0x3C, 0x00, 0x3D, 0x3C, 0x00, 0x3D, 0x3C, 0x00,
    0x3D, 0x3C, 0x00, 0x3D, 0x3C, 0x00, 0x3D, 0x3C, 0x00, 0x3D, 0x3C, 0x00, 0x3D, 0x3D, 0x00, 0x3D,
    0x3E, 0x00, 0x3D, 0x2F, 0x40, 0x3D, 0x0F, 0xFF, 0xFD, 0x02, 0xFF, 0xFC, 0x00, 0x04, 0x00, 0x00,
    0x04, 0x00, 0x00, 0x3E, 0x00, 0x00, 0x3E, 0x00, 0x00, 0x18, 0x00, 0x00, 0x00, 0x00, 0x00, 0x0B,
    0xF4, 0x00, 0x00, 0x6B, 0xC0, 0x00, 0x00, 0xBC, 0x00, 0x00, 0x1E, 0x00, 0x00, 0x00, 0x80, 0x00,
    0x50, 0x00, 0x01, 0x4F, 0x40, 0x00, 0x7C, 0xF4, 0x00, 0x07, 0xCF, 0x40, 0x00, 0x7C, 0xF4, 0x00,
    0x07, 0xCF, 0x40, 0x00, 0x7C, 0xF4, 0x00, 0x07, 0xCF, 0x40, 0x00, 0x7C, 0xF4, 0x00, 0x07, 0xCF,
    0x40, 0x00, 0x7C, 0xF4, 0x00, 0x07, 0xCF, 0x40, 0x00, 0x7C, 0xF8, 0x00, 0x07, 0xCF, 0xC0, 0x00,
    0xBC, 0x7C, 0x00, 0x0F, 0x83, 0xF4, 0x03, 0xF0, 0x1F, 0xFF, 0xFD, 0x00, 0x3F, 0xFF, 0x40, 0x00,
    0x15, 0x00, 0x00, 0x00, 0xA9, 0x00, 0x00, 0xFF, 0x40, 0x00, 0x0B, 0x40, 0x00, 0x2F, 0x00, 0x00,
    0x2C, 0x00, 0x00, 0x00, 0x00, 0x3C, 0x00, 0x3D, 0x3C, 0x00, 0x3D, 0x3C, 0x00, 0x3D, 0x3C, 0x00,
    0x3D, 0x3C, 0x00, 0x3D, 0x3C, 0x00, 0x3D, 0x3C, 0x00, 0x3D, 0x3C, 0x00, 0x3D, 0x3D, 0x00, 0x3D,
    0x3E, 0x00, 0x3D, 0x2F, 0x40, 0x3D, 0x0F, 0xFF, 0xFD, 0x02, 0xFF, 0xFC, 0x00, 0x04, 0x00, 0x00,
    0x00, 0x00, 0x00, 0x00, 0x00, 0xB0, 0x00, 0x00, 0x00, 0x7D, 0x00, 0x00, 0x00, 0x3D, 0x00, 0x00,
    0x00, 0x3D, 0x00, 0x0F, 0x40, 0x00, 0x00, 0x03, 0xD5, 0x00, 0x00, 0x16, 0xF3, 0xD0, 0x00, 0x1F,
    0xF4, 0xF4, 0x00, 0x07, 0xD0, 0x3D, 0x00, 0x01, 0xF0, 0x0F, 0x40, 0x00, 0x7C, 0x03, 0xD0, 0x00,
    0x1F, 0x00, 0xF4, 0x00, 0x07, 0xC0, 0x3D, 0x00, 0x01, 0xF0, 0x0F, 0x40, 0x00, 0x7C, 0x03, 0xD0,
    0x00, 0x1F, 0x00, 0xF4, 0x00, 0x07, 0xC0, 0x3D, 0x00, 0x01, 0xF0, 0x0F, 0x80, 0x00, 0x7C, 0x03,
    0xF0, 0x00, 0x2F, 0x00, 0x7C, 0x00, 0x0F, 0x80, 0x0F, 0xD0, 0x0F, 0xC0, 0x01, 0xFF, 0xFF, 0xD0,
    0x00, 0x0F, 0xFF, 0xD0, 0x00, 0x00, 0x15, 0x00, 0x00, 0x00, 0x00, 0x00, 0x00, 0x00, 0x00, 0x0E,
    0x00, 0x00, 0x00, 0xF8, 0x00, 0x00, 0x0F, 0x80, 0x00, 0x00, 0x78, 0x00, 0xA4, 0x00, 0x40, 0x03,
    0xD0, 0x00, 0x00, 0x1F, 0x0F, 0x00, 0x0F, 0xF8, 0x3C, 0x00, 0x3E, 0x40, 0xF0, 0x00, 0xF4, 0x03,
    0xC0, 0x03, 0xD0, 0x0F, 0x00, 0x0F, 0x40, 0x3C, 0x00, 0x3D, 0x00, 0xF0, 0x00, 0xF4, 0x03, 0xC0,
    0x03, 0xD0, 0x0F, 0x40, 0x0F, 0x40, 0x3E, 0x00, 0x3D, 0x00, 0xBD, 0x00, 0xF4, 0x00, 0xFF, 0xFF,
    0xD0, 0x00, 0xBF, 0xFF, 0x00, 0x00, 0x04, 0x00, 0x00, 0x00, 0x00, 0x00, 0x00, 0x00, 0x28, 0x00,
    0x00, 0x00, 0x0F, 0x80, 0x00, 0x00, 0x00, 0xF4, 0x00, 0x00, 0x00, 0x0F, 0x00, 0x0F, 0x40, 0x00,
    0x40, 0x03, 0xD5, 0x00, 0x00, 0x16, 0xF3, 0xD0, 0x00, 0x1F, 0xF4, 0xF4, 0x00, 0x07, 0xD0, 0x3D,
    0x00, 0x01, 0xF0, 0x0F, 0x40, 0x00, 0x7C, 0x03, 0xD0, 0x00, 0x1F, 0x00, 0xF4, 0x00, 0x07, 0xC0,
    0x3D, 0x00, 0x01, 0xF0, 0x0F, 0x40, 0x00, 0x7C, 0x03, 0xD0, 0x00, 0x1F, 0x00, 0xF4, 0x00, 0x07,
    0xC0, 0x3D, 0x00, 0x01, 0xF0, 0x0F, 0x80, 0x00, 0x7C, 0x03, 0xF0, 0x00, 0x2F, 0x00, 0x7C, 0x00,
    0x0F, 0x80, 0x0F, 0xD0, 0x0F, 0xC0, 0x01, 0xFF, 0xFF, 0xD0, 0x00, 0x0F, 0xFF, 0xD0, 0x00, 0x00,
    0x15, 0x00, 0x00, 0x00, 0x00, 0x00, 0x00, 0x00, 0x07, 0x40, 0x00, 0x00, 0x1F, 0x00, 0x00, 0x00,
    0x1F, 0x00, 0x00, 0x00, 0x1E, 0x00, 0xA4, 0x00, 0x10, 0x03, 0xD0, 0x00, 0x00, 0x1F, 0x0F, 0x00,
    0x0F, 0xF8, 0x3C, 0x00, 0x3E, 0x40, 0xF0, 0x00, 0xF4, 0x03, 0xC0, 0x03, 0xD0, 0x0F, 0x00, 0x0F,
    0x40, 0x3C, 0x00, 0x3D, 0x00, 0xF0, 0x00, 0xF4, 0x03, 0xC0, 0x03, 0xD0, 0x0F, 0x40, 0x0F, 0x40,
    0x3E, 0x00, 0x3D, 0x00, 0xBD, 0x00, 0xF4, 0x00, 0xFF, 0xFF, 0xD0, 0x00, 0xBF, 0xFF, 0x00, 0x00,
    0x04, 0x00, 0x00, 0x00, 0x00, 0x00, 0x00, 0x00, 0x2F, 0xD0, 0x00, 0x00, 0x06, 0xBC, 0x00, 0x00,
    0x00, 0x2F, 0x00, 0x00, 0x00, 0x1E, 0x00, 0x0F, 0x40, 0x02, 0x00, 0x03, 0xD5, 0x00, 0x00, 0x16,
    0xF3, 0xD0, 0x00, 0x1F, 0xF4, 0xF4, 0x00, 0x07, 0xD0, 0x3D, 0x00, 0x01, 0xF0, 0x0F, 0x40, 0x00,
    0x7C, 0x03, 0xD0, 0x00, 0x1F, 0x00, 0xF4, 0x00, 0x07, 0xC0, 0x3D, 0x00, 0x01, 0xF0, 0x0F, 0x40,
    0x00, 0x7C, 0x03, 0xD0, 0x00, 0x1F, 0x00, 0xF4, 0x00, 0x07, 0xC0, 0x3D, 0x00, 0x01, 0xF0, 0x0F,
    0x80, 0x00, 0x7C, 0x03, 0xF0, 0x00, 0x2F, 0x00, 0x7C, 0x00, 0x0F, 0x80, 0x0F, 0xD0, 0x0F, 0xC0,
    0x01, 0xFF, 0xFF, 0xD0, 0x00, 0x0F, 0xFF, 0xD0, 0x00, 0x00, 0x15, 0x00, 0x00, 0x00, 0x00, 0xA9,
    0x00, 0x00, 0x03, 0xFD, 0x00, 0x00, 0x00, 0xB4, 0x00, 0x00, 0x0B, 0xC0, 0x29, 0x00, 0x2C, 0x00,
    0xF4, 0x00, 0x00, 0x07, 0xC3, 0xC0, 0x03, 0xFE, 0x0F, 0x00, 0x0F, 0x90, 0x3C, 0x00, 0x3D, 0x00,
    0xF0, 0x00, 0xF4, 0x03, 0xC0, 0x03, 0xD0, 0x0F, 0x00, 0x0F, 0x40, 0x3C, 0x00, 0x3D, 0x00, 0xF0,
    0x00, 0xF4, 0x03, 0xD0, 0x03, 0xD0, 0x0F, 0x80, 0x0F, 0x40, 0x2F, 0x40, 0x3D, 0x00, 0x3F, 0xFF,
    0xF4, 0x00, 0x2F, 0xFF, 0xC0, 0x00, 0x01, 0x00, 0x00, 0x00, 0x00, 0x00, 0x00, 0x00, 0x7E, 0x5E,
    0x00, 0x00, 0x3E, 0xFF, 0x00, 0x00, 0x08, 0x05, 0x00, 0x3D, 0x00, 0x00, 0x00, 0x0F, 0x54, 0x00,
    0x00, 0x5B, 0xCF, 0x40, 0x00, 0x7F, 0xD3, 0xD0, 0x00, 0x1F, 0x40, 0xF4, 0x00, 0x07, 0xC0, 0x3D,
    0x00, 0x01, 0xF0, 0x0F, 0x40, 0x00, 0x7C, 0x03, 0xD0, 0x00, 0x1F, 0x00, 0xF4, 0x00, 0x07, 0xC0,
    0x3D, 0x00, 0x01, 0xF0, 0x0F, 0x40, 0x00, 0x7C, 0x03, 0xD0, 0x00, 0x1F, 0x00, 0xF4, 0x00, 0x07,
    0xC0, 0x3E, 0x00, 0x01, 0xF0, 0x0F, 0xC0, 0x00, 0xBC, 0x01, 0xF0, 0x00, 0x3E, 0x00, 0x3F, 0x40,
    0x3F, 0x00, 0x07, 0xFF, 0xFF, 0x40, 0x00, 0x3F, 0xFF, 0x40, 0x00, 0x00, 0x54, 0x00, 0x00, 0x00,
    0x00, 0x00, 0x00, 0x0F, 0xE6, 0xC0, 0x00, 0xBB, 0xFD, 0x00, 0x01, 0x40, 0x40, 0x29, 0x00, 0x00,
    0x00, 0xF4, 0x00, 0x00, 0x07, 0xC3, 0xC0, 0x03, 0xFE, 0x0F, 0x00, 0x0F, 0x90, 0x3C, 0x00, 0x3D,
    0x00, 0xF0, 0x00, 0xF4, 0x03, 0xC0, 0x03, 0xD0, 0x0F, 0x00, 0x0F, 0x40, 0x3C, 0x00, 0x3D, 0x00,
    0xF0, 0x00, 0xF4, 0x03, 0xD0, 0x03, 0xD0, 0x0F, 0x80, 0x0F, 0x40, 0x2F, 0x40, 0x3D, 0x00, 0x3F,
    0xFF, 0xF4, 0x00, 0x2F, 0xFF, 0xC0, 0x00, 0x01, 0x00, 0x00, 0x00, 0x00, 0x00, 0x00, 0x00, 0x00,
    0x00, 0x03, 0xD0, 0x00, 0x00, 0x00, 0xF5, 0x40, 0x00, 0x05, 0xBC, 0xF4, 0x00, 0x07, 0xFD, 0x3D,
    0x00, 0x01, 0xF4, 0x0F, 0x40, 0x00, 0x7C, 0x03, 0xD0, 0x00, 0x1F, 0x00, 0xF4, 0x00, 0x07, 0xC0,
    0x3D, 0x00, 0x01, 0xF0, 0x0F, 0x40, 0x00, 0x7C, 0x03, 0xD0, 0x00, 0x1F, 0x00, 0xF4, 0x00, 0x07,
    0xC0, 0x3D, 0x00, 0x01, 0xF0, 0x0F, 0x40, 0x00, 0x7C, 0x03, 0xE0, 0x00, 0x1F, 0x00, 0xFC, 0x00,
    0x0B, 0xC0, 0x1F, 0x00, 0x03, 0xE0, 0x03, 0xF4, 0x03, 0xF0, 0x00, 0x7F, 0xFF, 0xF4, 0x00, 0x03,
    0xFF, 0xF4, 0x00, 0x00, 0x05, 0x40, 0x00, 0x00, 0x00, 0x40, 0x00, 0x00, 0x00, 0xBC, 0x00, 0x00,
    0x00, 0x3F, 0x00, 0x00, 0x00, 0x02, 0x40, 0x00, 0x00, 0x00, 0x00, 0x00, 0xA4, 0x00, 0x00, 0x03,
    0xD0, 0x00, 0x00, 0x1F, 0x0F, 0x00, 0x0F, 0xF8, 0x3C, 0x00, 0x3E, 0x40, 0xF0, 0x00, 0xF4, 0x03,
    0xC0, 0x03, 0xD0, 0x0F, 0x00, 0x0F, 0x40, 0x3C, 0x00, 0x3D, 0x00, 0xF0, 0x00, 0xF4, 0x03, 0xC0,
    0x03, 0xD0, 0x0F, 0x40, 0x0F, 0x40, 0x3E, 0x00, 0x3D, 0x00, 0xBD, 0x00, 0xF4, 0x00, 0xFF, 0xFF,
    0xD0, 0x00, 0xBF, 0xFF, 0x00, 0x00, 0x04, 0x00, 0x00, 0x00, 0x10, 0x00, 0x00, 0x03, 0xE0, 0x00,
    0x00, 0x0F, 0x80, 0x00, 0x00, 0x18, 0x00, 0x00, 0x00, 0x24, 0x00, 0x00, 0x00, 0xF0, 0x00, 0x00,
    0x00, 0xF0, 0x00, 0x00, 0x01, 0xF0, 0x00, 0x00, 0x01, 0x80, 0x00, 0x00, 0x00, 0x00, 0x00, 0x00,
    0x00, 0x00, 0x2F, 0x40, 0x00, 0x3E, 0x3F, 0x00, 0x02, 0xF0, 0x7D, 0x00, 0x1F, 0x40, 0xFC, 0x00,
    0xFC, 0x00, 0xF8, 0x07, 0xC0, 0x02, 0xF0, 0x3E, 0x00, 0x03, 0xF2, 0xF0, 0x00, 0x07, 0xEF, 0x40,
    0x00, 0x0B, 0xF8, 0x00, 0x00, 0x0F, 0xC0, 0x00, 0x00, 0x2E, 0x00, 0x00, 0x00, 0xB8, 0x00, 0x00,
    0x02, 0xE0, 0x00, 0x00, 0x0B, 0x80, 0x00, 0x00, 0x2E, 0x00, 0x00, 0x00, 0xB8, 0x00, 0x00, 0x02,
    0xE0, 0x00, 0x00, 0x90, 0x00, 0x00, 0xF0, 0x00, 0x00, 0x3C, 0x00, 0x00, 0x1F, 0x00, 0x00, 0x06,
    0x00, 0x00, 0x00, 0x00, 0x00, 0x00, 0x00, 0x00, 0x00, 0x00, 0x7C, 0x00, 0x2F, 0x3D, 0x00, 0x3E,
    0x3E, 0x00, 0x3D, 0x2F, 0x00, 0x7C, 0x0F, 0x40, 0xB8, 0x0F, 0x80, 0xF4, 0x07, 0xC0, 0xF0, 0x03,
    0xD1, 0xF0, 0x02, 0xE2, 0xD0, 0x00, 0xF3, 0xC0, 0x00, 0xBF, 0x80, 0x00, 0x3F, 0x40, 0x00, 0x3F,
    0x00, 0x00, 0x2E, 0x00, 0x00, 0x3C, 0x00, 0x01, 0xF8, 0x00, 0xBF, 0xF0, 0x00, 0xBF, 0x40, 0x00,
    0x14, 0x00, 0x00, 0x51, 0xF4, 0x00, 0x07, 0xD3, 0xF0, 0x00, 0x3F, 0x07, 0xD0, 0x01, 0xF0, 0x0B,
    0xC0, 0x0F, 0x80, 0x0F, 0x80, 0x7C, 0x00, 0x2F, 0x03, 0xD0, 0x00, 0x3E, 0x2F, 0x00, 0x00, 0x7E,
    0xF0, 0x00, 0x00, 0xBF, 0x80, 0x00, 0x00, 0xFC, 0x00, 0x00, 0x02, 0xE0, 0x00, 0x00, 0x0B, 0x80,
    0x00, 0x00, 0x2E, 0x00, 0x00, 0x00, 0xB8, 0x00, 0x00, 0x02, 0xE0, 0x00, 0x00, 0x0B, 0x80, 0x00,
    0x00, 0x2E, 0x00, 0x00, 0x00, 0x00, 0x00, 0x00, 0x00, 0x40, 0x00, 0x00, 0x0F, 0xC0, 0x00, 0x00,
    0x3F, 0x00, 0x00, 0x00, 0x60, 0x00, 0x00, 0x7C, 0x00, 0x2F, 0x3D, 0x00, 0x3E, 0x3E, 0x00, 0x3D,
    0x2F, 0x00, 0x7C, 0x0F, 0x00, 0xB8, 0x0F, 0x80, 0xF4, 0x07, 0xC0, 0xF0, 0x03, 0xD1, 0xF0, 0x02,
    0xE3, 0xD0, 0x00, 0xF7, 0xC0, 0x00, 0xBF, 0xC0, 0x00, 0x3F, 0x40, 0x00, 0x2F, 0x00, 0x00, 0x2E,
    0x00, 0x00, 0x3C, 0x04, 0x55, 0xF4, 0x3F, 0xFF, 0xE0, 0x3F, 0x6A, 0x00, 0x19, 0x00, 0x00, 0x00,
    0x00, 0x00, 0xBF, 0x00, 0x00, 0x01, 0x6E, 0x00, 0x00, 0x00, 0xB8, 0x00, 0x00, 0x07, 0x80, 0x00,
    0x00, 0x18, 0x00, 0x01, 0x40, 0x00, 0x05, 0x1F, 0x40, 0x00, 0x7D, 0x3F, 0x00, 0x03, 0xF0, 0x7D,
    0x00, 0x1F, 0x00, 0xBC, 0x00, 0xF8, 0x00, 0xF8, 0x07, 0xC0, 0x02, 0xF0, 0x3D, 0x00, 0x03, 0xE2,
    0xF0, 0x00, 0x07, 0xEF, 0x00, 0x00, 0x0B, 0xF8, 0x00, 0x00, 0x0F, 0xC0, 0x00, 0x00, 0x2E, 0x00,
    0x00, 0x00, 0xB8, 0x00, 0x00, 0x02, 0xE0, 0x00, 0x00, 0x0B, 0x80, 0x00, 0x00, 0x2E, 0x00, 0x00,
    0x00, 0xB8, 0x00, 0x00, 0x02, 0xE0, 0x00, 0x00, 0xA9, 0x00, 0x00, 0xFF, 0x40, 0x00, 0x0B, 0x40,
    0x00, 0x2F, 0x00, 0x00, 0x2C, 0x00, 0x00, 0x00, 0x00, 0x7C, 0x00, 0x2F, 0x3D, 0x00, 0x3E, 0x3E,
    0x00, 0x3D, 0x2F, 0x00, 0x7C, 0x0F, 0x00, 0xB8, 0x0F, 0x80, 0xF4, 0x07, 0xC0, 0xF0, 0x03, 0xD1,
    0xF0, 0x02, 0xE3, 0xD0, 0x00, 0xF7, 0xC0, 0x00, 0xBF, 0xC0, 0x00, 0x3F, 0x40, 0x00, 0x2F, 0x00,
    0x00, 0x2E, 0x00, 0x00, 0x3C, 0x00, 0x55, 0xF4, 0x00, 0xFF, 0xE0, 0x00, 0x6A, 0x00, 0x00, 0x00,
    0x14, 0x08, 0x00, 0x03, 0xFE, 0xF4, 0x00, 0x1D, 0x6F, 0x40, 0x00, 0x00, 0x00, 0x00, 0x00, 0x00,
    0x00, 0x00, 0x50, 0x00, 0x01, 0x47, 0xD0, 0x00, 0x1F, 0x4F, 0xC0, 0x00, 0xFC, 0x1F, 0x40, 0x07,
    0xC0, 0x2F, 0x00, 0x3E, 0x00, 0x3E, 0x01, 0xF0, 0x00, 0xBC, 0x0F, 0x40, 0x00, 0xF8, 0xBC, 0x00,
    0x01, 0xFB, 0xC0, 0x00, 0x02, 0xFE, 0x00, 0x00, 0x03, 0xF0, 0x00, 0x00, 0x0B, 0x80, 0x00, 0x00,
    0x2E, 0x00, 0x00, 0x00, 0xB8, 0x00, 0x00, 0x02, 0xE0, 0x00, 0x00, 0x0B, 0x80, 0x00, 0x00, 0x2E,
    0x00, 0x00, 0x00, 0xB8, 0x00, 0x00, 0x00, 0x00, 0x00, 0x03, 0xF9, 0xB0, 0x0B, 0xAF, 0xE0, 0x01,
    0x01, 0x40, 0x00, 0x00, 0x00, 0x00, 0x00, 0x00, 0x7C, 0x00, 0x2F, 0x3D, 0x00, 0x3E, 0x3E, 0x00,
    0x3D, 0x2F, 0x00, 0x7C, 0x0F, 0x00, 0xB8, 0x0F, 0x80, 0xF4, 0x07, 0xC0, 0xF0, 0x03, 0xD1, 0xF0,
    0x02, 0xE3, 0xD0, 0x00, 0xF7, 0xC0, 0x00, 0xBF, 0xC0, 0x00, 0x3F, 0x40, 0x00, 0x2F, 0x00, 0x00,
    0x2E, 0x00, 0x00, 0x3C, 0x00, 0x55, 0xF4, 0x00, 0xFF, 0xE0, 0x00, 0x6A, 0x00, 0x00, 0x05, 0x55,
    0x55, 0x55, 0x55, 0x55, 0x55, 0x55, 0x55, 0x50, 0x00, 0x07, 0x0D, 0x1F, 0x40, 0xF0, 0x3A, 0xC5,
    0x55, 0x05, 0x00, 0x50, 0x05, 0x00, 0x50, 0x05, 0x00, 0x50, 0x05, 0x00, 0x50, 0x05, 0x00, 0x50,
    0x05, 0x00, 0x50, 0x05, 0x00, 0x00, 0x00, 0x09, 0x00, 0x0D, 0x1F, 0xFC, 0x50, 0xD1, 0x49, 0x05,
    0x00, 0x14, 0x00, 0x50, 0x01, 0x40, 0x05, 0x00, 0x14, 0x00, 0x50, 0x01, 0x40, 0x05, 0x00, 0x14,
    0x00, 0x50, 0x01, 0x40, 0x05, 0x00, 0x00, 0x00, 0x00, 0x00, 0x18, 0x01, 0xC0, 0x0F, 0xFD, 0x1C,
    0x14, 0x18, 0x50, 0x01, 0x40, 0x05, 0x00, 0x14, 0x00, 0x50, 0x01, 0x40, 0x05, 0x00, 0x14, 0x00,
    0x50, 0x01, 0x40, 0x05, 0x00, 0x14, 0x00, 0x50, 0x01, 0x40, 0x00, 0x2A, 0xA8, 0x3F, 0xFC, 0xAA,
    0xA3, 0xFF, 0xC5, 0x55, 0x00, 0x3F, 0xFF, 0xFF, 0xD3, 0xFF, 0xFF, 0xFD, 0x3F, 0xFF, 0xFF, 0xFF,
    0xFF, 0xFF, 0xF3, 0xFF, 0xFF, 0xFF, 0xFF, 0xFF, 0xFF, 0x3F, 0xFF, 0xFF, 0xFF, 0xFF, 0xFF, 0xF3,
    0xFF, 0xFF, 0xFF, 0xFF, 0xFF, 0xFF, 0x0E, 0x07, 0x83, 0xD0, 0xF0, 0x7C, 0x1F, 0x00, 0x0F, 0x43,
    0xD1, 0xF0, 0x7C, 0x3D, 0x0B, 0x00, 0x0F, 0x43, 0xD1, 0xF0, 0x7C, 0x3D, 0x0B, 0x00, 0x0E, 0x07,
    0x47, 0x83, 0xD3, 0xD1, 0xF0, 0xF0, 0xB8, 0x7C, 0x3E, 0x1F, 0x0F, 0x80, 0x0F, 0x4B, 0xC3, 0xD2,
    0xF1, 0xF0, 0xB8, 0x7C, 0x3D, 0x3D, 0x1F, 0x0B, 0x07, 0x40, 0x0F, 0x4B, 0xC3, 0xD2, 0xF1, 0xF0,
    0xB8, 0x7C, 0x3D, 0x3D, 0x0F, 0x0B, 0x07, 0x40, 0x00, 0x3C, 0x00, 0x00, 0xF0, 0x00, 0x03, 0xC0,
    0x00, 0x0F, 0x00, 0x00, 0x3C, 0x00, 0xFF, 0xFF, 0xF3, 0xFF, 0xFF, 0xC0, 0x0F, 0x00, 0x00, 0x3C,
    0x00, 0x00, 0xF0, 0x00, 0x03, 0xC0, 0x00, 0x0F, 0x00, 0x00, 0x3C, 0x00, 0x00, 0xF0, 0x00, 0x03,
    0xC0, 0x00, 0x0F, 0x00, 0x00, 0x3C, 0x00, 0x00, 0xF0, 0x00, 0x03, 0xC0, 0x00, 0x0E, 0x00, 0x00,
    0x28, 0x00, 0x00, 0x3C, 0x00, 0x00, 0xF0, 0x00, 0x03, 0xC0, 0x00, 0x0F, 0x00, 0x00, 0x3C, 0x00,
    0xFF, 0xFF, 0xF3, 0xFF, 0xFF, 0xC0, 0x0F, 0x00, 0x00, 0x3C, 0x00, 0x00, 0xF0, 0x00, 0x03, 0xC0,
    0x00, 0x0F, 0x00, 0x3F, 0xFF, 0xFC, 0xFF, 0xFF, 0xF0, 0x03, 0xC0, 0x00, 0x0F, 0x00, 0x00, 0x3C,
    0x00, 0x00, 0xF0, 0x00, 0x03, 0xC0, 0x00, 0x0E, 0x00, 0x00, 0x28, 0x00, 0x1F, 0xD0, 0xFF, 0xCB,
    0xFF, 0xAF, 0xFE, 0x7F, 0xF0, 0x7F, 0x40, 0x3D, 0x00, 0x2E, 0x00, 0x1F, 0x2F, 0x80, 0x0F, 0xC0,
    0x0F, 0xD3, 0xD0, 0x02, 0xE0, 0x01, 0xF0, 0x0B, 0xF0, 0x00, 0x3D, 0x00, 0x00, 0x00, 0x0B, 0xFF,
    0x00, 0x1F, 0x00, 0x00, 0x00, 0x07, 0xC2, 0xF0, 0x0F, 0x40, 0x00, 0x00, 0x02, 0xD0, 0x3C, 0x0B,
    0x80, 0x00, 0x00, 0x00, 0xB4, 0x0F, 0x03, 0xC0, 0x00, 0x00, 0x00, 0x2D, 0x03, 0xC2, 0xE0, 0x00,
    0x00, 0x00, 0x0B, 0x40, 0xF1, 0xF0, 0x00, 0x00, 0x00, 0x01, 0xF0, 0xBC, 0xF4, 0xBF, 0x00, 0x1F,
    0xD0, 0x2F, 0xFC, 0x7C, 0xBF, 0xF0, 0x2F, 0xFD, 0x02, 0xFC, 0x3D, 0x7C, 0x2F, 0x0F, 0x47, 0xC0,
    0x00, 0x2E, 0x2D, 0x03, 0xC7, 0x80, 0xF4, 0x00, 0x0F, 0x0B, 0x40, 0xF2, 0xD0, 0x2D, 0x00, 0x0B,
    0x82, 0xD0, 0x3C, 0xB4, 0x0B, 0x40, 0x07, 0xC0, 0xB4, 0x0F, 0x1E, 0x03, 0xD0, 0x03, 0xD0, 0x1F,
    0x0B, 0xC3, 0xD1, 0xF0, 0x01, 0xF0, 0x02, 0xFF, 0xC0, 0xBF, 0xF4, 0x00, 0xF4, 0x00, 0x2F, 0xC0,
    0x07, 0xF4, 0x00, 0x00, 0xA0, 0x07, 0xC0, 0x3D, 0x03, 0xE0, 0x2F, 0x00, 0xF8, 0x02, 0xF0, 0x03,
    0xE0, 0x03, 0xD0, 0x07, 0xC0, 0x0A, 0x00, 0x70, 0x0B, 0x80, 0x3D, 0x01, 0xF0, 0x0F, 0xC0, 0x7D,
    0x0F, 0xC1, 0xF0, 0x3D, 0x0B, 0x80, 0x70, 0x00, 0x00, 0x00, 0x0B, 0x40, 0x00, 0x07, 0xC0, 0x00,
    0x03, 0xD0, 0x00, 0x01, 0xF0, 0x00, 0x00, 0xF0, 0x00, 0x00, 0xB8, 0x00, 0x00, 0x3C, 0x00, 0x00,
    0x2D, 0x00, 0x00, 0x1F, 0x00, 0x00, 0x0F, 0x40, 0x00, 0x07, 0x80, 0x00, 0x03, 0xC0, 0x00, 0x02,
    0xE0, 0x00, 0x00, 0xF0, 0x00, 0x00, 0xB4, 0x00, 0x00, 0x7C, 0x00, 0x00, 0x3D, 0x00, 0x00, 0x00,
    0x18, 0x0F, 0xC3, 0xF0, 0x64, 0x00, 0x00, 0x00, 0x00, 0xF8, 0x2F, 0x07, 0xC0, 0xF0, 0x2D, 0x03,
    0x80, 0x00, 0x07, 0xF4, 0x07, 0xFF, 0x43, 0xD1, 0xF0, 0xF0, 0x3C, 0x78, 0x0B, 0x1E, 0x02, 0xC3,
    0xC0, 0xF0, 0xF4, 0x7C, 0x1F, 0xFD, 0x01, 0xFD, 0x00, 0x00, 0x3C, 0x00, 0x3F, 0x00, 0x2E, 0xC0,
    0x2C, 0xB0, 0x1D, 0x2C, 0x0F, 0x0B, 0x07, 0xFF, 0xF5, 0xFF, 0xFD, 0x00, 0x2C, 0x00, 0x0B, 0x00,
    0x3F, 0xF8, 0xFF, 0xE3, 0x80, 0x0F, 0xE0, 0x3F, 0xF4, 0x06, 0xF0, 0x03, 0xD0, 0x1F, 0xFF, 0xF6,
    0xFF, 0x40, 0x00, 0x7D, 0x01, 0xFF, 0x80, 0xF4, 0x00, 0xBF, 0xE0, 0x3F, 0xFE, 0x0F, 0x03, 0xC3,
    0xC0, 0xB0, 0xF4, 0x3C, 0x1F, 0xFE, 0x01, 0xFD, 0x00, 0x3F, 0xFF, 0x0F, 0xFF, 0xC0, 0x02, 0xD0,
    0x00, 0xE0, 0x00, 0xF0, 0x00, 0x78, 0x00, 0x2C, 0x00, 0x0F, 0x00, 0x07, 0x40, 0x02, 0xD0, 0x00,
    0x07, 0xF4, 0x0B, 0xFF, 0x43, 0xC0, 0xF0, 0xF0, 0x38, 0x0F, 0xFC, 0x07, 0xAF, 0x43, 0x80, 0xF0,
    0xF0, 0x3C, 0x3F, 0xFE, 0x02, 0xFE, 0x00, 0x0B, 0xF4, 0x0B, 0xFF, 0x43, 0xC1, 0xF0, 0xF0, 0x2C,
    0x3F, 0xFF, 0x02, 0xFF, 0xC0, 0x01, 0xE0, 0x06, 0xF0, 0x2F, 0xF4, 0x0B, 0xE0, 0x00, 0x07, 0xF4,
    0x07, 0xFF, 0x43, 0xD1, 0xF0, 0xF0, 0x3C, 0x78, 0x0B, 0x1E, 0x02, 0xC3, 0xC0, 0xF0, 0xF4, 0x7C,
    0x1F, 0xFD, 0x01, 0xFD, 0x00, 0x03, 0xCB, 0xFB, 0xFD, 0x9F, 0x03, 0xC0, 0xF0, 0x3C, 0x0F, 0x03,
    0xC0, 0xF0, 0x1B, 0xF4, 0x3F, 0xFC, 0x24, 0x2D, 0x00, 0x2C, 0x00, 0x38, 0x00, 0xE0, 0x07, 0x80,
    0x0D, 0x00, 0x2F, 0xFF, 0x3F, 0xFF, 0x1F, 0xF4, 0x3F, 0xFC, 0x14, 0x3C, 0x07, 0xF4, 0x07, 0xFC,
    0x00, 0x2E, 0x00, 0x0E, 0x10, 0x2E, 0x3F, 0xFC, 0x2F, 0xE0, 0x00, 0x3C, 0x00, 0x3F, 0x00, 0x2E,
    0xC0, 0x2C, 0xB0, 0x1D, 0x2C, 0x0F, 0x0B, 0x07, 0xFF, 0xF5, 0xFF, 0xFD, 0x00, 0x2C, 0x00, 0x0B,
    0x00, 0x3F, 0xF8, 0xFF, 0xE3, 0x80, 0x0F, 0xE0, 0x3F, 0xF4, 0x06, 0xF0, 0x03, 0xD0, 0x1F, 0xFF,
    0xF6, 0xFF, 0x40, 0x00, 0x7D, 0x01, 0xFF, 0x80, 0xF4, 0x00, 0xBF, 0xE0, 0x3F, 0xFE, 0x0F, 0x03,
    0xC3, 0xC0, 0xB0, 0xF4, 0x3C, 0x1F, 0xFE, 0x01, 0xFD, 0x00, 0x3F, 0xFF, 0x0F, 0xFF, 0xC0, 0x02,
    0xD0, 0x00, 0xE0, 0x00, 0xF0, 0x00, 0x78, 0x00, 0x2C, 0x00, 0x0F, 0x00, 0x07, 0x40, 0x02, 0xD0,
    0x00, 0x07, 0xF4, 0x0B, 0xFF, 0x43, 0xC0, 0xF0, 0xF0, 0x38, 0x0F, 0xFC, 0x07, 0xAF, 0x43, 0x80,
    0xF0, 0xF0, 0x3C, 0x3F, 0xFE, 0x02, 0xFE, 0x00, 0x0B, 0xF4, 0x0B, 0xFF, 0x43, 0xC1, 0xF0, 0xF0,
    0x2C, 0x3F, 0xFF, 0x02, 0xFF, 0xC0, 0x01, 0xE0, 0x06, 0xF0, 0x2F, 0xF4, 0x0B, 0xE0, 0x00, 0xFF,
    0xFF, 0x80, 0x1F, 0xFF, 0xFF, 0xF0, 0x1F, 0xF4, 0x00, 0xB8, 0x1F, 0xF4, 0x00, 0x3C, 0x1F, 0xF4,
    0x24, 0x2C, 0x1F, 0xF4, 0x38, 0x2C, 0x1F, 0xF4, 0x38, 0x2C, 0x1F, 0xF4, 0x38, 0x2C, 0x1F, 0xF4,
    0x38, 0x2C, 0x1F, 0xF4, 0x38, 0x2C, 0x1F, 0xF4, 0x38, 0x14, 0x1F, 0xF4, 0x38, 0x00, 0x2E, 0xF4,
    0x38, 0x00, 0xBD, 0xF4, 0x3F, 0xFF, 0xF8, 0xF4, 0x3F, 0xFF, 0xD0, 0x00, 0x0B, 0xFE, 0x00, 0x2F,
    0xFF, 0xC0, 0x1F, 0x80, 0x10, 0x0F, 0x80, 0x00, 0x07, 0xC0, 0x00, 0x3F, 0xFF, 0xFE, 0x0F, 0xFF,
    0xFF, 0x40, 0x3E, 0x00, 0x00, 0x0F, 0x80, 0x00, 0x3F, 0xFF, 0xF8, 0x0F, 0xFF, 0xFE, 0x00, 0x2F,
    0x00, 0x00, 0x07, 0xC0, 0x00, 0x00, 0xFC, 0x00, 0x00, 0x1F, 0xD0, 0x10, 0x01, 0xFF, 0xFE, 0x00,
    0x0B, 0xFE, 0x40, 0xFF, 0xFF, 0xFF, 0x3F, 0xFF, 0xFF, 0xC0, 0x03, 0xC0, 0x00, 0x00, 0xF0, 0x00,
    0x00, 0x3C, 0x00, 0x00, 0x0F, 0x6D, 0x00, 0x03, 0xFF, 0x40, 0x07, 0xFD, 0x00, 0x1F, 0xFC, 0x00,
    0x07, 0x8F, 0x00, 0x00, 0x03, 0xDB, 0x40, 0x00, 0xFF, 0xD0, 0x01, 0xFF, 0x40, 0x07, 0xFF, 0x00,
    0x01, 0xE3, 0xC0, 0x00, 0x00, 0xF0, 0x00, 0x00, 0x3C, 0x00, 0x00, 0x02, 0xFF, 0xE0, 0x00, 0x3F,
    0xFF, 0xC0, 0x02, 0x40, 0x7F, 0x00, 0x00, 0x01, 0xF0, 0x00, 0x00, 0x1F, 0x03, 0xFF, 0xFF, 0xFC,
    0x3F, 0xFF, 0xFF, 0xC0, 0x00, 0x7F, 0x40, 0x00, 0x2F, 0xC0, 0x00, 0x1F, 0xD0, 0x00, 0x3F, 0xFF,
    0xFF, 0xC3, 0xFF, 0xFF, 0xFC, 0x0F, 0x40, 0x00, 0x00, 0xF4, 0x00, 0x00, 0x0F, 0xD0, 0x06, 0x00,
    0x3F, 0xFF, 0xF4, 0x00, 0xBF, 0xF9, 0x00, 0x7F, 0xFF, 0xFF, 0x9F, 0xFF, 0xFF, 0xD0, 0x00, 0x7D,
    0x00, 0x00, 0x07, 0xC0, 0x7F, 0xFF, 0xFF, 0x1F, 0xFF, 0xFF, 0x80, 0x00, 0x1F, 0x00, 0x00, 0x6F,
    0x40, 0x7F, 0xFF, 0x80, 0x1F, 0xF9, 0x00, 0x03, 0xF0, 0x00, 0x00, 0x3F, 0x00, 0x00, 0x03, 0xF0,
    0x00, 0x00, 0x3F, 0x00, 0x00, 0x03, 0xE0, 0x00, 0x00, 0x7D, 0x00, 0x00, 0x0B, 0xC0, 0x00, 0x1B,
    0xFE, 0x00, 0x0B, 0xFF, 0xF8, 0x00, 0x40, 0x7F, 0x80, 0x00, 0x02, 0xF0, 0x00, 0x00, 0x3E, 0x00,
    0x00, 0x0B, 0xC0, 0x00, 0x01, 0xF0, 0x06, 0xFE, 0x7C, 0x0F, 0xFF, 0xFF, 0x4F, 0xD0, 0x1F, 0xD7,
    0xD0, 0x00, 0xF6, 0xE0, 0x00, 0x3C, 0xF4, 0x00, 0x1F, 0x3D, 0x00, 0x0B, 0xCF, 0x40, 0x03, 0xD2,
    0xF0, 0x02, 0xF0, 0x7E, 0x02, 0xF4, 0x0B, 0xFF, 0xF4, 0x00, 0x6F, 0xE0, 0x00, 0x00, 0x03, 0xD0,
    0x00, 0x00, 0x02, 0xFC, 0x00, 0x00, 0x00, 0xFB, 0x40, 0x00, 0x00, 0xB5, 0xF0, 0x00, 0x00, 0x3C,
    0x3D, 0x00, 0x00, 0x1E, 0x07, 0x80, 0x00, 0x0F, 0x00, 0xF0, 0x00, 0x07, 0xC0, 0x2E, 0x00, 0x02,
    0xD0, 0x07, 0xC0, 0x00, 0xF0, 0x00, 0xF4, 0x00, 0xBC, 0x00, 0x2F, 0x00, 0x3D, 0x00, 0x07, 0xC0,
    0x1F, 0x00, 0x00, 0xF8, 0x0B, 0xC0, 0x00, 0x2F, 0x03, 0xD0, 0x00, 0x07, 0xC1, 0xFF, 0xFF, 0xFF,
    0xF8, 0xBF, 0xFF, 0xFF, 0xFF, 0x00, 0xFF, 0xFF, 0xFF, 0xDF, 0xFF, 0xFF, 0xFD, 0xF8, 0x00, 0x03,
    0xDF, 0x80, 0x00, 0x3D, 0xF8, 0x00, 0x03, 0xDF, 0x80, 0x00, 0x3D, 0xF8, 0x00, 0x03, 0xDF, 0x80,
    0x00, 0x3D, 0xF8, 0x00, 0x03, 0xDF, 0x80, 0x00, 0x3D, 0xF8, 0x00, 0x03, 0xDF, 0x80, 0x00, 0x3D,
    0xF8, 0x00, 0x03, 0xDF, 0x80, 0x00, 0x3D, 0xF8, 0x00, 0x03, 0xDF, 0x80, 0x00, 0x3D, 0xF8, 0x00,
    0x03, 0xDF, 0x80, 0x00, 0x3D, 0xF8, 0x00, 0x03, 0xDF, 0x80, 0x00, 0x3D, 0x7F, 0xFF, 0xFF, 0x5F,
    0xFF, 0xFF, 0xD2, 0xF0, 0x00, 0x00, 0x3E, 0x00, 0x00, 0x07, 0xD0, 0x00, 0x00, 0xBC, 0x00, 0x00,
    0x0F, 0x80, 0x00, 0x00, 0xF4, 0x00, 0x00, 0x1F, 0x00, 0x00, 0x03, 0xE0, 0x00, 0x02, 0xF0, 0x00,
    0x00, 0xF4, 0x00, 0x00, 0xFC, 0x00, 0x00, 0xBC, 0x00, 0x00, 0x7D, 0x00, 0x00, 0x3E, 0x00, 0x00,
    0x1F, 0x00, 0x00, 0x0F, 0x80, 0x00, 0x07, 0xFF, 0xFF, 0xF6, 0xFF, 0xFF, 0xFD, 0xBF, 0xFF, 0xFF,
    0xBF, 0xFF, 0xFF, 0x00, 0x00, 0x0B, 0x40, 0x00, 0x07, 0xC0, 0x00, 0x03, 0xD0, 0x00, 0x01, 0xF0,
    0x00, 0x00, 0xF0, 0x00, 0x00, 0xB8, 0x00, 0x00, 0x3C, 0x00, 0x00, 0x2D, 0x00, 0x00, 0x1F, 0x00,
    0x00, 0x0F, 0x40, 0x00, 0x07, 0x80, 0x00, 0x03, 0xC0, 0x00, 0x02, 0xE0, 0x00, 0x00, 0xF0, 0x00,
    0x00, 0xB4, 0x00, 0x00, 0x7C, 0x00, 0x00, 0x3D, 0x00, 0x00, 0x00, 0x3D, 0xBE, 0x3D, 0x00, 0x00,
    0x00, 0xF4, 0x00, 0x00, 0x03, 0xC0, 0x00, 0x00, 0x1E, 0x00, 0x00, 0x00, 0xB4, 0x00, 0x00, 0x03,
    0xC0, 0x00, 0x00, 0x0F, 0x00, 0x00, 0x00, 0xB4, 0x00, 0x00, 0x03, 0xC0, 0x00, 0x00, 0x0F, 0x00,
    0x00, 0x00, 0x78, 0x01, 0xB8, 0x02, 0xD0, 0x2F, 0xF0, 0x0F, 0x00, 0x67, 0xE0, 0x38, 0x00, 0x07,
    0xC2, 0xD0, 0x00, 0x0F, 0x4F, 0x00, 0x00, 0x1F, 0x3C, 0x00, 0x00, 0x3E, 0xE0, 0x00, 0x00, 0xBF,
    0x40, 0x00, 0x00, 0xFC, 0x00, 0x00, 0x02, 0xE0, 0x00, 0x0B, 0xE0, 0x7F, 0x42, 0xFF, 0xDF, 0xFD,
    0x3C, 0x1F, 0xC1, 0xF3, 0x80, 0xB4, 0x0F, 0x3C, 0x1F, 0xC1, 0xF2, 0xFF, 0xDF, 0xFD, 0x0B, 0xE0,
    0x7F, 0x40, 0x00, 0x1B, 0xC0, 0x07, 0xFC, 0x00, 0xFC, 0x00, 0x1F, 0x00, 0x02, 0xF0, 0x00, 0x2F,
    0x00, 0x02, 0xF0, 0x00, 0x2F, 0x00, 0x02, 0xF0, 0x00, 0x2F, 0x00, 0x02, 0xF0, 0x00, 0x2F, 0x00,
    0x02, 0xF0, 0x00, 0x2F, 0x00, 0x02, 0xF0, 0x00, 0x2F, 0x00, 0x02, 0xF0, 0x00, 0x2F, 0x00, 0x02,
    0xF0, 0x00, 0x2E, 0x00, 0x03, 0xE0, 0x00, 0xBD, 0x00, 0xFF, 0x80, 0x0F, 0xD0, 0x00, 0x0F, 0xD0,
    0x0A, 0x3F, 0xFD, 0x1E, 0xB4, 0x7F, 0xFC, 0xB0, 0x07, 0xF4, 0x00, 0x00, 0x00, 0x00, 0x00, 0x00,
    0x0F, 0xD0, 0x0A, 0x3F, 0xFD, 0x1E, 0xB4, 0x7F, 0xFC, 0xB0, 0x07, 0xF4, 0x00, 0x00, 0x90, 0x00,
    0x01, 0xF0, 0x00, 0x03, 0xC0, 0xBF, 0xFF, 0xFF, 0xBF, 0xFF, 0xFF, 0x00, 0x1E, 0x00, 0x00, 0x3C,
    0x00, 0x00, 0xB8, 0x00, 0xBF, 0xFF, 0xFF, 0xBF, 0xFF, 0xFF, 0x03, 0xC0, 0x00, 0x0B, 0x40, 0x00,
    0x07, 0x00, 0x00, 0x00, 0x00, 0x19, 0x00, 0x01, 0xFE, 0x00, 0x2F, 0xE4, 0x07, 0xFE, 0x00, 0x7F,
    0xD0, 0x00, 0xBD, 0x00, 0x00, 0x7F, 0xD0, 0x00, 0x07, 0xFE, 0x00, 0x00, 0x2F, 0xE4, 0x00, 0x01,
    0xFE, 0x00, 0x00, 0x19, 0x00, 0x00, 0x00, 0x00, 0x00, 0x00, 0xBF, 0xFF, 0xFF, 0xBF, 0xFF, 0xFF,
    0x34, 0x00, 0x00, 0x7F, 0x80, 0x00, 0x0B, 0xF8, 0x00, 0x00, 0xBF, 0xD0, 0x00, 0x07, 0xFD, 0x00,
    0x00, 0x7F, 0x00, 0x07, 0xFD, 0x00, 0xBF, 0xD0, 0x1B, 0xF9, 0x00, 0xBF, 0x80, 0x00, 0x34, 0x00,
    0x00, 0x00, 0x00, 0x00, 0x00, 0x00, 0x00, 0xBF, 0xFF, 0xFF, 0xBF, 0xFF, 0xFF, 0x0B, 0xFE, 0x00,
    0xBF, 0xD3, 0xFF, 0xE0, 0x3F, 0xFD, 0x7D, 0x00, 0x0B, 0xD0, 0x0F, 0x80, 0x00, 0xF4, 0x00, 0xF4,
    0x00, 0x0F, 0x00, 0x0F, 0x40, 0x00, 0xF0, 0x00, 0xFF, 0xFD, 0x1F, 0xFF, 0xCF, 0xFF, 0xD1, 0xFF,
    0xFC, 0xF4, 0x00, 0x1F, 0x00, 0x0F, 0x40, 0x01, 0xF0, 0x00, 0xF4, 0x00, 0x1F, 0x00, 0x0F, 0x40,
    0x01, 0xF0, 0x00, 0xF4, 0x00, 0x1F, 0x00, 0x0F, 0x40, 0x01, 0xF0, 0x00, 0xF4, 0x00, 0x1F, 0x00,
    0x0F, 0x40, 0x01, 0xF0, 0x00, 0xF4, 0x00, 0x1F, 0x00, 0x0F, 0x40, 0x01, 0xF0, 0x00, 0xF4, 0x00,
    0x1F, 0x00, 0x00, 0x0B, 0xFD, 0x00, 0x0F, 0xFF, 0x47, 0xC7, 0xD0, 0x01, 0xF3, 0xE0, 0x00, 0x00,
    0xF4, 0x00, 0x00, 0x3D, 0x00, 0x00, 0x0F, 0xFF, 0xD1, 0xF3, 0xFF, 0xF4, 0x7C, 0xF4, 0x00, 0x1F,
    0x3D, 0x00, 0x07, 0xCF, 0x40, 0x01, 0xF3, 0xD0, 0x00, 0x7C, 0xF4, 0x00, 0x1F, 0x3D, 0x00, 0x07,
    0xCF, 0x40, 0x01, 0xF3, 0xD0, 0x00, 0x7C, 0xF4, 0x00, 0x1F, 0x3D, 0x00, 0x07, 0xCF, 0x40, 0x01,
    0xF0, 0x0B, 0xFD, 0x0B, 0x03, 0xFF, 0xD1, 0xF0, 0x7D, 0x00, 0x1F, 0x0F, 0x80, 0x01, 0xF0, 0xF4,
    0x00, 0x1F, 0x0F, 0x40, 0x01, 0xF0, 0xFF, 0xFD, 0x1F, 0x0F, 0xFF, 0xD1, 0xF0, 0xF4, 0x00, 0x1F,
    0x0F, 0x40, 0x01, 0xF0, 0xF4, 0x00, 0x1F, 0x0F, 0x40, 0x01, 0xF0, 0xF4, 0x00, 0x1F, 0x0F, 0x40,
    0x01, 0xF0, 0xF4, 0x00, 0x1F, 0x0F, 0x40, 0x01, 0xF0, 0xF4, 0x00, 0x0F, 0x8F, 0x40, 0x00, 0xFF,
    0xF4, 0x00, 0x02, 0xE0, 0x0B, 0xFE, 0x00, 0xBF, 0xC0, 0x00, 0xFF, 0xF8, 0x0F, 0xFF, 0x0B, 0xC7,
    0xD0, 0x00, 0xBD, 0x00, 0x2F, 0x3E, 0x00, 0x03, 0xD0, 0x00, 0x00, 0xF4, 0x00, 0x0F, 0x00, 0x00,
    0x03, 0xD0, 0x00, 0x3C, 0x00, 0x00, 0x0F, 0xFF, 0xD1, 0xFF, 0xFC, 0x2F, 0x3F, 0xFF, 0x47, 0xFF,
    0xF0, 0xBC, 0xF4, 0x00, 0x1F, 0x00, 0x02, 0xF3, 0xD0, 0x00, 0x7C, 0x00, 0x0B, 0xCF, 0x40, 0x01,
    0xF0, 0x00, 0x2F, 0x3D, 0x00, 0x07, 0xC0, 0x00, 0xBC, 0xF4, 0x00, 0x1F, 0x00, 0x02, 0xF3, 0xD0,
    0x00, 0x7C, 0x00, 0x0B, 0xCF, 0x40, 0x01, 0xF0, 0x00, 0x2F, 0x3D, 0x00, 0x07, 0xC0, 0x00, 0xBC,
    0xF4, 0x00, 0x1F, 0x00, 0x02, 0xF3, 0xD0, 0x00, 0x7C, 0x00, 0x0B, 0xCF, 0x40, 0x01, 0xF0, 0x00,
    0x2F, 0x00, 0x0B, 0xFE, 0x00, 0xBF, 0xC1, 0xE0, 0x3F, 0xFE, 0x03, 0xFF, 0xC2, 0xF0, 0x7D, 0x00,
    0x0B, 0xD0, 0x02, 0xF0, 0xF8, 0x00, 0x0F, 0x40, 0x02, 0xF0, 0xF4, 0x00, 0x0F, 0x00, 0x02, 0xF0,
    0xF4, 0x00, 0x0F, 0x00, 0x02, 0xF0, 0xFF, 0xFD, 0x1F, 0xFF, 0xC2, 0xF0, 0xFF, 0xFD, 0x1F, 0xFF,
    0xC2, 0xF0, 0xF4, 0x00, 0x1F, 0x00, 0x02, 0xF0, 0xF4, 0x00, 0x1F, 0x00, 0x02, 0xF0, 0xF4, 0x00,
    0x1F, 0x00, 0x02, 0xF0, 0xF4, 0x00, 0x1F, 0x00, 0x02, 0xF0, 0xF4, 0x00, 0x1F, 0x00, 0x02, 0xF0,
    0xF4, 0x00, 0x1F, 0x00, 0x02, 0xF0, 0xF4, 0x00, 0x1F, 0x00, 0x02, 0xF0, 0xF4, 0x00, 0x1F, 0x00,
    0x02, 0xF0, 0xF4, 0x00, 0x1F, 0x00, 0x01, 0xF4, 0xF4, 0x00, 0x1F, 0x00, 0x00, 0xFE, 0xF4, 0x00,
    0x1F, 0x00, 0x00, 0x2D, 0x00, 0x00, 0x00, 0x00, 0x00, 0x00, 0x00, 0x00, 0x00, 0x00, 0x00, 0x74,
    0x00, 0x00, 0x00, 0x00, 0x00, 0x7C, 0x3C, 0x00, 0x00, 0x00, 0x00, 0x3C, 0x3C, 0x00, 0x00, 0x00,
    0x00, 0x2D, 0x3C, 0x00, 0x00, 0x00, 0x00, 0x1E, 0x3C, 0x00, 0x00, 0x00, 0x00, 0x1E, 0x3C, 0x00,
    0x00, 0x00, 0x00, 0x2D, 0x3F, 0x40, 0x00, 0x00, 0x01, 0xFC, 0x0F, 0xFE, 0xAA, 0xAA, 0xFF, 0xF0,
    0x02, 0xFF, 0xFF, 0xFF, 0xFE, 0x40, 0x00, 0x05, 0xAA, 0x55, 0x00, 0x00, 0x00, 0x00, 0x00, 0x00,
    0x00, 0x00, 0x00, 0x00, 0x00, 0x00, 0x00, 0x00, 0x00, 0x00, 0x1D, 0x28, 0x00, 0x00, 0x00, 0x00,
    0x3E, 0x7C, 0x00, 0x00, 0x00, 0x00, 0x08, 0x24, 0x00, 0x00, 0x00, 0x00, 0x03, 0xC0, 0x00, 0x00,
    0x00, 0x00, 0x03, 0xD0, 0x00, 0x00, 0x00, 0x00, 0x00, 0x40, 0x00, 0x00, 0x00, 0x00, 0x00, 0x00,
    0x00, 0x00, 0x00, 0x0F, 0x00, 0x00, 0x00, 0x00, 0x00, 0x00, 0x03, 0xC0, 0x00, 0x00, 0x00, 0x00,
    0x00, 0x00, 0xF0, 0x00, 0x00, 0x00, 0x00, 0x18, 0x00, 0x3C, 0x00, 0x00, 0x00, 0x00, 0x2F, 0x40,
    0x0F, 0x00, 0x00, 0x00, 0x00, 0x7F, 0xC0, 0x03, 0xF4, 0x00, 0x00, 0x06, 0xFF, 0xF8, 0x00, 0x3F,
    0xFA, 0xAA, 0xBF, 0xFD, 0x1F, 0xFD, 0x02, 0xFF, 0xFF, 0xFF, 0xE4, 0x01, 0xFF, 0x40, 0x01, 0x6A,
    0x54, 0x00, 0x00, 0x00, 0x00, 0x00, 0x00, 0x00, 0x00, 0x00, 0x00, 0x00, 0x00, 0x00, 0x00, 0x00,
    0x00, 0x00, 0x00, 0x00, 0x00, 0x28, 0x60, 0x00, 0x00, 0x00, 0x00, 0x00, 0x1F, 0x3D, 0x00, 0x00,
    0x00, 0x00, 0x00, 0x02, 0x46, 0x00, 0x00, 0x00, 0x00, 0x00, 0x00, 0x1E, 0x00, 0x00, 0x00, 0x00,
    0x00, 0x00, 0x0B, 0x80, 0x00, 0x00, 0x00, 0x00, 0x00, 0x00, 0x40, 0x00, 0x00, 0x00, 0x00, 0x00,
    0x00, 0x02, 0xC0, 0x0F, 0x00, 0x2D, 0x00, 0x78, 0x00, 0xF0, 0x03, 0xC0, 0x0F, 0x00, 0x78, 0xBF,
    0xC3, 0xF8, 0x00, 0x00, 0x00, 0x00, 0xA1, 0xD3, 0xDB, 0x86, 0x08, 0x03, 0xC0, 0x1F, 0x00, 0x10,
    0x00, 0x00, 0x00, 0x00, 0x02, 0xC0, 0x00, 0x0F, 0x00, 0x00, 0x3C, 0x00, 0x01, 0xF0, 0x00, 0x0F,
    0xD0, 0x0B, 0xFF, 0xFF, 0x7F, 0x87, 0xFD, 0x00, 0x00, 0x00, 0x00, 0x00, 0x00, 0xA2, 0x80, 0x07,
    0xCF, 0x40, 0x09, 0x18, 0x00, 0x07, 0x40, 0x00, 0x2E, 0x00, 0x00, 0x10, 0x00, 0x00, 0x00, 0x05,
    0x00, 0x00, 0x00, 0x00, 0x00, 0x0B, 0x00, 0x00, 0x00, 0x00, 0x00, 0x0B, 0x14, 0x00, 0x00, 0x00,
    0x00, 0x0B, 0xFE, 0x00, 0x00, 0x00, 0x00, 0x0B, 0x4B, 0x00, 0x00, 0x00, 0x00, 0x1F, 0x6E, 0x00,
    0x00, 0x00, 0x00, 0x2F, 0xF8, 0x00, 0x00, 0x00, 0x00, 0x00, 0x00, 0x00, 0x00, 0x00, 0x00, 0x00,
    0x00, 0x00, 0x74, 0x00, 0x00, 0x00, 0x00, 0x00, 0x7C, 0x3C, 0x00, 0x00, 0x00, 0x00, 0x3C, 0x3C,
    0x00, 0x00, 0x00, 0x00, 0x2D, 0x3C, 0x00, 0x00, 0x00, 0x00, 0x1E, 0x3C, 0x00, 0x00, 0x00, 0x00,
    0x1E, 0x3C, 0x00, 0x00, 0x00, 0x00, 0x2D, 0x3F, 0x40, 0x00, 0x00, 0x01, 0xFC, 0x0F, 0xFE, 0xAA,
    0xAA, 0xFF, 0xF0, 0x02, 0xFF, 0xFF, 0xFF, 0xFE, 0x40, 0x00, 0x05, 0xAA, 0x55, 0x00, 0x00, 0x00,
    0x00, 0x05, 0x00, 0x00, 0x00, 0x00, 0x00, 0x00, 0x02, 0xC0, 0x00, 0x00, 0x00, 0x00, 0x00, 0x00,
    0xB1, 0x40, 0x00, 0x00, 0x00, 0x00, 0x00, 0x2F, 0xF8, 0x00, 0x00, 0x00, 0x00, 0x00, 0x0B, 0x4B,
    0x00, 0x00, 0x00, 0x00, 0x00, 0x07, 0xDB, 0x80, 0x00, 0x00, 0x00, 0x00, 0x02, 0xFF, 0x80, 0x00,
    0x00, 0x00, 0x00, 0x00, 0x00, 0x00, 0x00, 0x00, 0x00, 0x00, 0x00, 0x00, 0x00, 0x00, 0x00, 0x00,
    0x00, 0x00, 0x00, 0x00, 0x00, 0x00, 0x00, 0x03, 0xC0, 0x00, 0x00, 0x00, 0x00, 0x00, 0x00, 0xF0,
    0x00, 0x00, 0x00, 0x00, 0x00, 0x00, 0x3C, 0x00, 0x00, 0x00, 0x00, 0x06, 0x00, 0x0F, 0x00, 0x00,
    0x00, 0x00, 0x0B, 0xD0, 0x03, 0xC0, 0x00, 0x00, 0x00, 0x1F, 0xF0, 0x00, 0xFD, 0x00, 0x00, 0x01,
    0xBF, 0xFE, 0x00, 0x0F, 0xFE, 0xAA, 0xAF, 0xFF, 0x47, 0xFF, 0x40, 0xBF, 0xFF, 0xFF, 0xF9, 0x00,
    0x7F, 0xD0, 0x00, 0x5A, 0x95, 0x00, 0x00, 0x00, 0x00, 0x14, 0x00, 0xB0, 0x02, 0xC5, 0x0B, 0xFE,
    0x2D, 0x2D, 0xF6, 0xEB, 0xFE, 0x00, 0x00, 0x00, 0x00, 0x00, 0x00, 0x74, 0x02, 0xE0, 0x03, 0xC0,
    0x0F, 0x00, 0x2D, 0x00, 0x74, 0x01, 0xD0, 0x0F, 0x0B, 0xF8, 0x3F, 0x40, 0x00, 0x00, 0x01, 0x00,
    0x00, 0x0E, 0x00, 0x00, 0x39, 0x50, 0x00, 0xFF, 0xD0, 0x03, 0xC3, 0x80, 0x2E, 0x6D, 0x00, 0xFF,
    0xD0, 0x00, 0x00, 0x00, 0x00, 0x00, 0x00, 0x00, 0x00, 0x00, 0x0B, 0x00, 0x00, 0x3C, 0x00, 0x00,
    0xF0, 0x00, 0x07, 0xC0, 0x00, 0x3F, 0x40, 0x2F, 0xFF, 0xFD, 0xFE, 0x1F, 0xF4, 0x00, 0x00, 0x00,
    0x05, 0x50, 0x00, 0x00, 0x3F, 0xFF, 0x80, 0x00, 0x3E, 0xBF, 0xFE, 0x50, 0x00, 0x00, 0xBF, 0xFC,
    0x00, 0x00, 0xBF, 0xF8, 0x00, 0x0B, 0xF4, 0x00, 0x00, 0x7E, 0x00, 0x00, 0x02, 0xF4, 0x00, 0x00,
    0x0B, 0xC0, 0x00, 0x00, 0x1F, 0x00, 0x00, 0x00, 0x3D, 0x05, 0x08, 0x00, 0x7C, 0x0F, 0x6E, 0x00,
    0xB4, 0x0A, 0x1D, 0x00, 0xB4, 0x00, 0xE0, 0x00, 0xB4, 0x01, 0xF0, 0x00, 0xB8, 0x00, 0x90, 0x00,
    0x7D, 0x00, 0x00, 0x00, 0x2F, 0x40, 0x00, 0x00, 0x0B, 0xF9, 0x45, 0xBC, 0x01, 0xFF, 0xFF, 0xFC,
    0x00, 0x1A, 0xFE, 0x80, 0x05, 0x50, 0x00, 0x00, 0x00, 0x3F, 0xFF, 0x80, 0x00, 0x00, 0x3E, 0xBF,
    0xFE, 0x50, 0x00, 0x00, 0x00, 0xBF, 0xFC, 0x00, 0x00, 0x00, 0xBF, 0xF8, 0x00, 0x00, 0x0B, 0xF5,
    0xD0, 0x00, 0x00, 0x7E, 0x00, 0xE0, 0x00, 0x02, 0xF4, 0x00, 0xF0, 0x00, 0x0B, 0xC0, 0x00, 0xBD,
    0x00, 0x1F, 0x00, 0x00, 0x3F, 0xFC, 0x3D, 0x05, 0x08, 0x0B, 0xFC, 0x7C, 0x0F, 0x6E, 0x00, 0x00,
    0xB4, 0x0A, 0x1D, 0x00, 0x00, 0xB4, 0x00, 0xE0, 0x00, 0x00, 0xB4, 0x01, 0xF0, 0x00, 0x00, 0xB8,
    0x00, 0x90, 0x00, 0x00, 0x7D, 0x00, 0x00, 0x00, 0x00, 0x2F, 0x40, 0x00, 0x00, 0x00, 0x0B, 0xF9,
    0x45, 0xBC, 0x00, 0x01, 0xFF, 0xFF, 0xFC, 0x00, 0x00, 0x1A, 0xFE, 0x80, 0x00, 0x0B, 0xE4, 0x00,
    0x01, 0xFF, 0xF8, 0x00, 0x05, 0x5B, 0xF8, 0x00, 0x00, 0x07, 0xFD, 0x00, 0x00, 0x3F, 0xE0, 0x00,
    0x2F, 0xD0, 0x01, 0xBF, 0xD0, 0x0F, 0xFF, 0xD0, 0x00, 0xFF, 0x90, 0x00, 0x00, 0x00, 0x00, 0x00,
    0x00, 0x00, 0x00, 0x00, 0x06, 0x0D, 0x00, 0x00, 0xF6, 0xF0, 0x00, 0x06, 0x09, 0x00, 0x00, 0x0F,
    0x00, 0x00, 0x00, 0xF0, 0x00, 0x00, 0x04, 0x00, 0x00, 0x0B, 0xE4, 0x00, 0x00, 0x01, 0xFF, 0xF8,
    0x00, 0x00, 0x05, 0x5B, 0xF8, 0x00, 0x00, 0x00, 0x07, 0xFD, 0x00, 0x00, 0x00, 0x3F, 0xE0, 0x00,
    0x00, 0x2F, 0xF8, 0x00, 0x01, 0xBF, 0xD3, 0xD0, 0x0F, 0xFF, 0xD0, 0x2F, 0xFC, 0xFF, 0x90, 0x00,
    0x7F, 0xC0, 0x00, 0x00, 0x00, 0x00, 0x00, 0x00, 0x00, 0x00, 0x00, 0x0A, 0x28, 0x00, 0x00, 0x01,
    0xF3, 0xD0, 0x00, 0x00, 0x09, 0x18, 0x00, 0x00, 0x00, 0x1D, 0x00, 0x00, 0x00, 0x02, 0xE0, 0x00,
    0x00, 0x00, 0x04, 0x00, 0x00, 0x00, 0x00, 0x40, 0x00, 0x07, 0x00, 0x00, 0x1C, 0x50, 0x00, 0x7F,
    0xF0, 0x01, 0xE2, 0xC0, 0x1F, 0x6F, 0x00, 0xBF, 0xE0, 0x00, 0x00, 0x00, 0x00, 0x00, 0x00, 0x00,
    0x00, 0x00, 0x00, 0x50, 0x00, 0x07, 0xC0, 0x00, 0x0B, 0x80, 0x00, 0x0F, 0x40, 0x00, 0x1F, 0x00,
    0x00, 0x3C, 0x00, 0x00, 0xB8, 0x00, 0x01, 0xE0, 0x00, 0x07, 0xC6, 0x00, 0x3E, 0x3F, 0xFF, 0xF0,
    0x6F, 0xFE, 0x00, 0x00, 0x00, 0x00, 0x00, 0x40, 0x00, 0x00, 0x07, 0x00, 0x00, 0x00, 0x1C, 0x50,
    0x00, 0x00, 0x3F, 0xF0, 0x00, 0x01, 0xE1, 0xC0, 0x00, 0x1F, 0x6F, 0x00, 0x00, 0x7F, 0xE0, 0x00,
    0x00, 0x00, 0x00, 0x00, 0x00, 0x00, 0x00, 0x00, 0x00, 0x00, 0x00, 0x00, 0x00, 0x50, 0x00, 0x00,
    0x07, 0xC0, 0x00, 0x00, 0x0F, 0x80, 0x00, 0x00, 0x0F, 0x00, 0x00, 0x00, 0x2E, 0x00, 0x00, 0x00,
    0x3C, 0x00, 0x00, 0x00, 0xB8, 0x00, 0x00, 0x01, 0xF0, 0x00, 0x00, 0x07, 0xD0, 0x06, 0x00, 0x3F,
    0xC0, 0x3F, 0xFF, 0xFF, 0xF4, 0x6F, 0xFE, 0x0B, 0xD0, 0x00, 0x00, 0x00, 0x00, 0x00, 0x10, 0x00,
    0x2E, 0x00, 0x0B, 0x40, 0x09, 0x18, 0x07, 0xCF, 0x40, 0xE2, 0xC0, 0x00, 0x00, 0x00, 0x00, 0x00,
    0x04, 0x00, 0x0F, 0x40, 0x02, 0xE0, 0x00, 0x3C, 0x00, 0x0B, 0x40, 0x01, 0xD0, 0x00, 0x78, 0x00,
    0x1D, 0x00, 0x0F, 0x00, 0x07, 0xC0, 0x07, 0xC0, 0x0B, 0xD0, 0x2F, 0xD0, 0x1F, 0xC0, 0x02, 0x40,
    0x00, 0x00, 0x10, 0x00, 0x00, 0x3C, 0x00, 0x00, 0x0F, 0x00, 0x00, 0x08, 0x24, 0x00, 0x0F, 0x9F,
    0x00, 0x01, 0xD3, 0x80, 0x00, 0x00, 0x00, 0x00, 0x00, 0x00, 0x00, 0x00, 0x04, 0x00, 0x00, 0x0F,
    0x00, 0x00, 0x02, 0xE0, 0x00, 0x00, 0x3C, 0x00, 0x00, 0x0B, 0x40, 0x00, 0x01, 0xF0, 0x00, 0x00,
    0x7D, 0x00, 0x00, 0x1F, 0xFC, 0x00, 0x0F, 0x7F, 0x00, 0x07, 0xC0, 0x00, 0x07, 0xD0, 0x00, 0x0B,
    0xD0, 0x00, 0x2F, 0xD0, 0x00, 0x1F, 0xC0, 0x00, 0x02, 0x40, 0x00, 0x00, 0x00, 0x40, 0x00, 0x1C,
    0x00, 0x01, 0xC5, 0x00, 0x1F, 0xFC, 0x01, 0xE1, 0xC0, 0x7D, 0xBC, 0x07, 0xFE, 0x00, 0x00, 0x00,
    0x00, 0x00, 0x00, 0x00, 0x00, 0x00, 0x04, 0x00, 0x03, 0xD0, 0x00, 0x2E, 0x00, 0x00, 0xF0, 0x00,
    0x0B, 0x40, 0x00, 0x74, 0x00, 0x07, 0x80, 0x00, 0x74, 0x00, 0x0F, 0x00, 0x01, 0xF0, 0x00, 0x7C,
    0x00, 0x2F, 0x40, 0x2F, 0xD0, 0x07, 0xF0, 0x00, 0x24, 0x00, 0x00, 0x01, 0x40, 0x00, 0x00, 0xE0,
    0x00, 0x00, 0x28, 0x50, 0x00, 0x0B, 0xFD, 0x00, 0x02, 0xD3, 0x80, 0x02, 0xE6, 0xD0, 0x00, 0xFF,
    0xD0, 0x00, 0x00, 0x00, 0x00, 0x00, 0x00, 0x00, 0x00, 0x00, 0x00, 0x00, 0x00, 0x40, 0x00, 0x00,
    0xF0, 0x00, 0x00, 0x2E, 0x00, 0x00, 0x03, 0xC0, 0x00, 0x00, 0xB4, 0x00, 0x00, 0x1F, 0x00, 0x00,
    0x07, 0xD0, 0x00, 0x01, 0xFF, 0xC0, 0x00, 0xF7, 0xF0, 0x00, 0x7C, 0x00, 0x00, 0x7D, 0x00, 0x00,
    0xBD, 0x00, 0x02, 0xFD, 0x00, 0x01, 0xFC, 0x00, 0x00, 0x24, 0x00, 0x00, 0x00, 0x00, 0x00, 0x00,
    0x00, 0x00, 0x50, 0x00, 0x00, 0x00, 0x00, 0x1F, 0xC0, 0x00, 0x00, 0x00, 0x03, 0xFD, 0x00, 0x00,
    0x00, 0x00, 0xBF, 0x40, 0x00, 0x00, 0x00, 0x1F, 0xD0, 0x00, 0x00, 0x00, 0x01, 0xF8, 0x00, 0x00,
    0x00, 0x00, 0x0B, 0x80, 0x00, 0x00, 0x00, 0x00, 0x1F, 0x80, 0x00, 0x00, 0x00, 0x00, 0x0F, 0xC0,
    0x00, 0x00, 0x00, 0x00, 0x0F, 0xC0, 0x03, 0xC0, 0x00, 0x00, 0x0F, 0xC0, 0x0F, 0x00, 0x00, 0x00,
    0x0F, 0x40, 0x3C, 0x00, 0x00, 0x00, 0x0F, 0x00, 0xF0, 0x00, 0x00, 0x00, 0x2D, 0x03, 0xC0, 0x00,
    0x00, 0x00, 0xB4, 0x0F, 0xD0, 0x00, 0x00, 0x07, 0xC0, 0x0F, 0xFE, 0xAA, 0xAB, 0xFE, 0x00, 0x0B,
    0xFF, 0xFF, 0xFF, 0x90, 0x00, 0x00, 0x5A, 0xA5, 0x40, 0x00, 0x00, 0x00, 0x00, 0x00, 0x00, 0x00,
    0x10, 0x00, 0x00, 0x00, 0x00, 0x00, 0x7F, 0x00, 0x00, 0x00, 0x00, 0x00, 0x3F, 0xE0, 0x00, 0x00,
    0x00, 0x00, 0x2F, 0xE0, 0x00, 0x00, 0x00, 0x00, 0x1F, 0xE0, 0x00, 0x00, 0x00, 0x00, 0x07, 0xE0,
    0x00, 0x00, 0x00, 0x00, 0x00, 0xB8, 0x00, 0x00, 0x00, 0x00, 0x00, 0x07, 0xD0, 0x00, 0x00, 0x00,
    0x00, 0x00, 0x1F, 0x80, 0x00, 0x00, 0x00, 0x00, 0x00, 0x7E, 0x00, 0x00, 0x3C, 0x00, 0x00, 0x00,
    0xF8, 0x00, 0x03, 0xC0, 0x00, 0x00, 0x03, 0xD0, 0x00, 0x3C, 0x00, 0x00, 0x00, 0x1F, 0x00, 0x03,
    0xC0, 0x00, 0x00, 0x00, 0xB8, 0x00, 0x3C, 0x00, 0x00, 0x00, 0x0B, 0xD0, 0x03, 0xF4, 0x00, 0x00,
    0x02, 0xFF, 0x40, 0x0F, 0xFE, 0xAA, 0xAB, 0xFD, 0xBF, 0xD0, 0x2F, 0xFF, 0xFF, 0xFE, 0x01, 0xFD,
    0x00, 0x05, 0xAA, 0x54, 0x00, 0x00, 0x00, 0x00, 0x00, 0x10, 0x00, 0x0B, 0xC0, 0x02, 0xFE, 0x00,
    0x7F, 0x80, 0x0F, 0xE0, 0x00, 0xFC, 0x00, 0x03, 0xC0, 0x00, 0x0F, 0xC0, 0x00, 0x0B, 0xD0, 0x00,
    0x0B, 0xD0, 0x00, 0x07, 0xC0, 0x00, 0x0B, 0xC0, 0x00, 0x0F, 0x40, 0x00, 0x1E, 0x00, 0x00, 0x3C,
    0x00, 0x02, 0xE0, 0xBF, 0xFF, 0x03, 0xFF, 0xE0, 0x00, 0x00, 0x00, 0x00, 0x00, 0x00, 0x10, 0x00,
    0x00, 0x2F, 0x00, 0x00, 0x2F, 0xE0, 0x00, 0x2F, 0xE0, 0x00, 0x0F, 0xE0, 0x00, 0x03, 0xF0, 0x00,
    0x00, 0x3C, 0x00, 0x00, 0x03, 0xE0, 0x00, 0x00, 0x0F, 0xC0, 0x00, 0x00, 0x3F, 0x00, 0x00, 0x00,
    0xFC, 0x00, 0x00, 0x03, 0xE0, 0x00, 0x00, 0x0F, 0x40, 0x00, 0x00, 0x7C, 0x00, 0x00, 0x03, 0xE0,
    0x00, 0x00, 0xBF, 0x80, 0xBF, 0xFF, 0x7F, 0xEF, 0xFF, 0x40, 0xBF, 0x00, 0x00, 0x00, 0x00, 0x00,
    0x00, 0x00, 0x00, 0x01, 0x00, 0x00, 0x00, 0x00, 0x00, 0x2D, 0x00, 0x00, 0x00, 0x00, 0x0B, 0xE0,
    0x00, 0x00, 0x00, 0x01, 0xF8, 0x14, 0x00, 0x00, 0x00, 0x7F, 0x47, 0xF0, 0x00, 0x00, 0x03, 0xD0,
    0xFF, 0x40, 0x00, 0x00, 0x04, 0x2F, 0xD0, 0x00, 0x00, 0x00, 0x07, 0xF4, 0x00, 0x00, 0x00, 0x00,
    0x7E, 0x00, 0x00, 0x00, 0x00, 0x02, 0xE0, 0x00, 0x00, 0x00, 0x00, 0x07, 0xE0, 0x00, 0x00, 0x00,
    0x00, 0x03, 0xF0, 0x00, 0x00, 0x00, 0x00, 0x03, 0xF0, 0x00, 0xF0, 0x00, 0x00, 0x03, 0xF0, 0x03,
    0xC0, 0x00, 0x00, 0x03, 0xD0, 0x0F, 0x00, 0x00, 0x00, 0x03, 0xC0, 0x3C, 0x00, 0x00, 0x00, 0x0B,
    0x40, 0xF0, 0x00, 0x00, 0x00, 0x2D, 0x03, 0xF4, 0x00, 0x00, 0x01, 0xF0, 0x03, 0xFF, 0xAA, 0xAA,
    0xFF, 0x80, 0x02, 0xFF, 0xFF, 0xFF, 0xE4, 0x00, 0x00, 0x16, 0xA9, 0x50, 0x00, 0x00, 0x00, 0x00,
    0x00, 0x00, 0x01, 0x00, 0x00, 0x00, 0x00, 0x00, 0x00, 0xB4, 0x00, 0x00, 0x00, 0x00, 0x00, 0xBE,
    0x00, 0x00, 0x00, 0x00, 0x00, 0x7E, 0x01, 0x00, 0x00, 0x00, 0x00, 0x7F, 0x47, 0xF0, 0x00, 0x00,
    0x00, 0x0F, 0x43, 0xFE, 0x00, 0x00, 0x00, 0x00, 0x42, 0xFE, 0x00, 0x00, 0x00, 0x00, 0x01, 0xFE,
    0x00, 0x00, 0x00, 0x00, 0x00, 0x7E, 0x00, 0x00, 0x00, 0x00, 0x00, 0x0B, 0x80, 0x00, 0x00, 0x00,
    0x00, 0x00, 0x7D, 0x00, 0x00, 0x00, 0x00, 0x00, 0x01, 0xF8, 0x00, 0x00, 0x00, 0x00, 0x00, 0x07,
    0xE0, 0x00, 0x03, 0xC0, 0x00, 0x00, 0x0F, 0x80, 0x00, 0x3C, 0x00, 0x00, 0x00, 0x3D, 0x00, 0x03,
    0xC0, 0x00, 0x00, 0x01, 0xF0, 0x00, 0x3C, 0x00, 0x00, 0x00, 0x0B, 0x80, 0x03, 0xC0, 0x00, 0x00,
    0x00, 0xBD, 0x00, 0x3F, 0x40, 0x00, 0x00, 0x2F, 0xF4, 0x00, 0xFF, 0xEA, 0xAA, 0xBF, 0xDB, 0xFD,
    0x02, 0xFF, 0xFF, 0xFF, 0xE0, 0x1F, 0xD0, 0x00, 0x5A, 0xA5, 0x40, 0x00, 0x00, 0x00, 0x00, 0x00,
    0x00, 0x2F, 0x00, 0x07, 0xF4, 0x01, 0xFD, 0x04, 0x2F, 0x82, 0xF2, 0xE0, 0xBF, 0x81, 0x1F, 0xE0,
    0x03, 0xF8, 0x00, 0x3F, 0x00, 0x00, 0xF0, 0x00, 0x03, 0xF0, 0x00, 0x02, 0xF4, 0x00, 0x02, 0xF4,
    0x00, 0x01, 0xF0, 0x00, 0x02, 0xF0, 0x00, 0x03, 0xD0, 0x00, 0x07, 0x80, 0x00, 0x0F, 0x00, 0x00,
    0xB8, 0x2F, 0xFF, 0xC0, 0xFF, 0xF8, 0x00, 0x00, 0x00, 0x00, 0x00, 0x00, 0x00, 0x00, 0x00, 0xBC,
    0x00, 0x00, 0x7F, 0x40, 0x00, 0x7F, 0x41, 0x00, 0x2F, 0x82, 0xF0, 0x0B, 0x82, 0xFE, 0x00, 0x12,
    0xFE, 0x00, 0x00, 0xFE, 0x00, 0x00, 0x3F, 0x00, 0x00, 0x03, 0xC0, 0x00, 0x00, 0x3E, 0x00, 0x00,
    0x00, 0xFC, 0x00, 0x00, 0x03, 0xF0, 0x00, 0x00, 0x0F, 0xC0, 0x00, 0x00, 0x3E, 0x00, 0x00, 0x00,
    0xF4, 0x00, 0x00, 0x07, 0xC0, 0x00, 0x00, 0x3E, 0x00, 0x00, 0x0B, 0xF8, 0x0B, 0xFF, 0xF7, 0xFE,
    0xFF, 0xF4, 0x0B, 0xF0, 0x00, 0x00, 0x00, 0x00, 0x00, 0x00, 0x24, 0x00, 0x00, 0x00, 0xB8, 0x00,
    0x00, 0x00, 0x3C, 0x00, 0x00, 0x00, 0x3D, 0x2D, 0x00, 0x00, 0x1E, 0x3C, 0x00, 0x00, 0x1F, 0x3C,
    0x00, 0x00, 0x0F, 0x3C, 0x00, 0x00, 0x0F, 0x3C, 0x00, 0x00, 0x1E, 0x3C, 0x00, 0x00, 0x3D, 0x2F,
    0x00, 0x00, 0xFC, 0x0F, 0xE5, 0x5B, 0xF0, 0x02, 0xFF, 0xFF, 0x80, 0x00, 0x1A, 0xA4, 0x00, 0x00,
    0x00, 0x00, 0x00, 0x00, 0x00, 0x00, 0x00, 0x3C, 0x00, 0x00, 0x00, 0x00, 0x3C, 0x00, 0x00, 0x00,
    0x00, 0x2D, 0x00, 0x2D, 0x00, 0x00, 0x1E, 0x00, 0x3C, 0x00, 0x00, 0x1F, 0x40, 0x3C, 0x00, 0x00,
    0x0F, 0xFD, 0x3C, 0x00, 0x00, 0x0F, 0xBD, 0x3C, 0x00, 0x00, 0x1E, 0x00, 0x3C, 0x00, 0x00, 0x2D,
    0x00, 0x2F, 0x00, 0x00, 0xBC, 0x00, 0x0F, 0xE5, 0x5B, 0xF4, 0x00, 0x03, 0xFF, 0xFF, 0xC0, 0x00,
    0x00, 0x2B, 0xE9, 0x00, 0x00, 0x00, 0x80, 0x00, 0x2F, 0x00, 0x01, 0xFC, 0x00, 0x3E, 0xF0, 0x0F,
    0x0B, 0x41, 0xE0, 0x3C, 0x3C, 0x02, 0xC3, 0xC0, 0x1D, 0x3C, 0x02, 0xD3, 0xE0, 0x7C, 0x2F, 0xFF,
    0x40, 0x7F, 0xD0, 0x00, 0x00, 0x00, 0x00, 0x7F, 0xE0, 0x00, 0x1F, 0xFF, 0x00, 0x03, 0xD0, 0x74,
    0x00, 0x78, 0x03, 0xC0, 0x07, 0x40, 0x2D, 0x00, 0x78, 0x01, 0xF4, 0x03, 0xC0, 0x0B, 0xFC, 0x14,
    0x00, 0x2F, 0xC0, 0x00, 0x00, 0x00, 0x00, 0x00, 0x74, 0x0B, 0x80, 0x3C, 0x03, 0xC0, 0x2D, 0x01,
    0xD0, 0x1D, 0x03, 0xCB, 0xF8, 0xFD, 0x00, 0x00, 0x0A, 0x00, 0xC0, 0x0F, 0x00, 0xA0, 0x03, 0x40,
    0x00, 0x03, 0xE0, 0x00, 0x0F, 0xF4, 0x06, 0xF3, 0xED, 0x0B, 0xFC, 0x03, 0x83, 0xD0, 0x00, 0xF2,
    0xD0, 0x00, 0x2D, 0xB0, 0x00, 0x03, 0xFC, 0x00, 0x00, 0xBF, 0x00, 0x00, 0x0F, 0x80, 0x00, 0x00,
    0x40, 0x00, 0x00, 0x00, 0x00, 0x00, 0x00, 0x0B, 0x80, 0x00, 0x00, 0x07, 0xE0, 0x00, 0x00, 0x0B,
    0xFC, 0x00, 0x00, 0x3F, 0xBF, 0x00, 0x00, 0x78, 0x1F, 0xD0, 0x00, 0xB4, 0x0F, 0xF0, 0x00, 0xB4,
    0x0F, 0xBC, 0x00, 0x7C, 0x2E, 0x3D, 0x00, 0x3E, 0x7C, 0x1E, 0x00, 0x0F, 0xF4, 0x2E, 0x7F, 0xFF,
    0xFF, 0xFD, 0x7F, 0xF9, 0x7F, 0xF4, 0x00, 0x00, 0x00, 0x00, 0x00, 0x00, 0x14, 0x00, 0x00, 0x00,
    0x3F, 0xC0, 0x00, 0x00, 0x3F, 0xF8, 0x00, 0x00, 0x2E, 0x1F, 0x00, 0x00, 0x0F, 0x03, 0xC0, 0x00,
    0x0B, 0x40, 0xF0, 0x00, 0x03, 0xC0, 0x78, 0x00, 0x00, 0xF0, 0x3C, 0x00, 0x00, 0x3D, 0xBE, 0x00,
    0x1F, 0xFF, 0xFF, 0xFF, 0xD7, 0xFF, 0xD5, 0xBF, 0xF4, 0x00, 0xF0, 0x03, 0x80, 0x00, 0x3D, 0x00,
    0xB0, 0x00, 0x0B, 0xC0, 0x3C, 0x00, 0x00, 0xFF, 0xBE, 0x00, 0x00, 0x0B, 0xFF, 0x00, 0x00, 0x00,
    0x15, 0x00, 0x00, 0x00, 0x00, 0x00, 0x00, 0x0F, 0x00, 0x00, 0x00, 0xBD, 0x00, 0x00, 0x1F, 0xF8,
    0x00, 0x07, 0xEF, 0xE0, 0x00, 0xF4, 0x3F, 0x80, 0x0F, 0x02, 0xFE, 0x00, 0xF0, 0x2D, 0xF4, 0x0F,
    0x43, 0xC7, 0xC0, 0x7D, 0xF8, 0x3C, 0x03, 0xFF, 0x03, 0xCB, 0xFF, 0xFF, 0xFC, 0xFE, 0x4B, 0xFF,
    0x00, 0x00, 0x00, 0x00, 0x00, 0x01, 0x00, 0x00, 0x02, 0xFD, 0x00, 0x00, 0xBF, 0xF0, 0x00, 0x1F,
    0x0F, 0x00, 0x03, 0xD0, 0xF4, 0x00, 0x7C, 0x0F, 0x00, 0x0B, 0x40, 0xF0, 0x00, 0xF0, 0x2D, 0x00,
    0x0F, 0x5F, 0xD0, 0x0B, 0xFF, 0xFF, 0xFE, 0xFF, 0x95, 0xFF, 0xE0, 0xF4, 0x02, 0xC0, 0x0B, 0x80,
    0x1D, 0x00, 0x3D, 0x02, 0xD0, 0x02, 0xFE, 0xFC, 0x00, 0x07, 0xFF, 0x40, 0x00, 0x05, 0x40, 0x00,
    0x00, 0x01, 0x00, 0x00, 0x00, 0x00, 0x00, 0x7F, 0x00, 0x00, 0x00, 0x00, 0x03, 0xFE, 0x00, 0x00,
    0x00, 0x00, 0x2E, 0x3C, 0x00, 0x00, 0x00, 0x01, 0xF0, 0xB8, 0x00, 0x00, 0x00, 0x1F, 0x40, 0xE0,
    0x00, 0x00, 0x01, 0xF4, 0x00, 0x00, 0x00, 0x00, 0x0F, 0x40, 0x00, 0x00, 0x00, 0x00, 0x3C, 0x00,
    0x00, 0x00, 0x00, 0x00, 0xFD, 0x00, 0x00, 0x00, 0x00, 0x01, 0xFF, 0xEA, 0xAA, 0xAB, 0xFF, 0x80,
    0xBF, 0xFF, 0xFF, 0xFF, 0xFC, 0x00, 0x01, 0x5A, 0xA5, 0x50, 0x00, 0x00, 0x05, 0xAF, 0xF8, 0x0B,
    0xFF, 0xFF, 0xF2, 0xFF, 0x95, 0x40, 0x2F, 0x40, 0x00, 0x00, 0xF0, 0x00, 0x00, 0x03, 0xE0, 0x00,
    0x00, 0x03, 0xF9, 0x00, 0x00, 0x02, 0xFF, 0xFF, 0xFF, 0x00, 0x1A, 0xFF, 0xF8, 0x00, 0x50, 0x00,
    0x00, 0x00, 0x00, 0x0F, 0xC0, 0x00, 0x00, 0x00, 0x00, 0xB0, 0x00, 0x00, 0x00, 0x00, 0x02, 0xC0,
    0x00, 0x00, 0x00, 0x00, 0x03, 0xEC, 0x00, 0x00, 0x00, 0x00, 0x2F, 0xD0, 0x00, 0x00, 0x00, 0x00,
    0x10, 0x10, 0x00, 0x00, 0x00, 0x00, 0x07, 0xF0, 0x00, 0x00, 0x00, 0x00, 0x3F, 0xE0, 0x00, 0x00,
    0x00, 0x02, 0xE3, 0xC0, 0x00, 0x00, 0x00, 0x1F, 0x0B, 0x80, 0x00, 0x00, 0x01, 0xF4, 0x0E, 0x00,
    0x00, 0x00, 0x1F, 0x40, 0x00, 0x00, 0x00, 0x00, 0xF4, 0x00, 0x00, 0x00, 0x00, 0x03, 0xC0, 0x00,
    0x00, 0x00, 0x00, 0x0F, 0xD0, 0x00, 0x00, 0x00, 0x00, 0x1F, 0xFE, 0xAA, 0xAA, 0xBF, 0xF8, 0x0B,
    0xFF, 0xFF, 0xFF, 0xFF, 0xC0, 0x00, 0x15, 0xAA, 0x55, 0x00, 0x00, 0x00, 0x50, 0x00, 0x00, 0x0F,
    0xC0, 0x00, 0x00, 0xB0, 0x00, 0x00, 0x02, 0xC0, 0x00, 0x00, 0x03, 0xEC, 0x00, 0x00, 0x2F, 0xD0,
    0x00, 0x00, 0x10, 0x00, 0x00, 0x00, 0x01, 0x6B, 0xFE, 0x02, 0xFF, 0xFF, 0xFC, 0xBF, 0xE5, 0x50,
    0x0B, 0xD0, 0x00, 0x00, 0x3C, 0x00, 0x00, 0x00, 0xF8, 0x00, 0x00, 0x00, 0xFE, 0x40, 0x00, 0x00,
    0xBF, 0xFF, 0xFF, 0xC0, 0x06, 0xBF, 0xFE, 0x00, 0x00, 0x00, 0x05, 0x40, 0x00, 0x00, 0x01, 0xFF,
    0xD0, 0x00, 0x00, 0x2F, 0xEB, 0x00, 0x00, 0x01, 0xF4, 0x00, 0x00, 0x00, 0x0F, 0x00, 0x00, 0x00,
    0x00, 0x78, 0x00, 0x00, 0x00, 0x01, 0xF0, 0x00, 0x0B, 0x40, 0x03, 0xF4, 0x00, 0x3C, 0x00, 0x03,
    0xFE, 0x00, 0xF0, 0x00, 0x01, 0xBF, 0x03, 0xC0, 0x00, 0x00, 0x3E, 0x0F, 0x00, 0x00, 0x00, 0xB8,
    0x3C, 0x00, 0x00, 0x07, 0xC0, 0xBC, 0x00, 0x00, 0xBD, 0x00, 0xFE, 0x55, 0x6F, 0xD0, 0x00, 0xFF,
    0xFF, 0xF8, 0x00, 0x00, 0x2B, 0xE9, 0x00, 0x00, 0x00, 0x00, 0x00, 0x00, 0x00, 0x2D, 0x00, 0x00,
    0x50, 0x00, 0x3C, 0x00, 0x00, 0xFE, 0x40, 0x3C, 0x00, 0x00, 0xBF, 0xFD, 0x3C, 0x00, 0x00, 0x07,
    0xFD, 0x3C, 0x00, 0x00, 0x01, 0xE0, 0x3C, 0x00, 0x00, 0x02, 0xD0, 0x2F, 0x00, 0x00, 0x0B, 0xC0,
    0x0F, 0xE5, 0x15, 0xFF, 0x00, 0x02, 0xFF, 0xFF, 0xF8, 0x00, 0x00, 0x1B, 0xEA, 0x40, 0x00, 0x00,
    0x00, 0x02, 0xC0, 0x0F, 0x00, 0x2D, 0x00, 0x78, 0x00, 0xF0, 0x03, 0xC0, 0x0F, 0x00, 0x78, 0xBF,
    0xC3, 0xF8, 0x00, 0x00, 0x00, 0x00, 0x60, 0x93, 0xDB, 0xC6, 0x09, 0x00, 0x00, 0x00, 0x02, 0xC0,
    0x00, 0x0F, 0x00, 0x00, 0x3C, 0x00, 0x01, 0xF0, 0x00, 0x0F, 0xD0, 0x0B, 0xFF, 0xFF, 0x7F, 0x87,
    0xFD, 0x00, 0x00, 0x00, 0x00, 0x00, 0x00, 0xA1, 0x80, 0x07, 0xCF, 0x40, 0x09, 0x18, 0x00, 0x01,
    0xBD, 0x00, 0xBF, 0xD0, 0x0F, 0x40, 0x02, 0xE0, 0x00, 0x2D, 0x00, 0x01, 0xF0, 0x00, 0x0F, 0x86,
    0xC0, 0x3F, 0xFC, 0x6F, 0xFD, 0x07, 0xF4, 0x00, 0x10, 0x00, 0x00, 0x0A, 0x40, 0x0F, 0xFE, 0xE1,
    0x06, 0xE0, 0x00, 0x00, 0x00, 0x00, 0x00, 0x3C, 0x00, 0x0F, 0x00, 0x03, 0xC0, 0x00, 0xF0, 0x00,
    0x3C, 0x00, 0x0F, 0x00, 0x03, 0xC0, 0x00, 0xF0, 0x00, 0x3C, 0x00, 0x0F, 0x00, 0x03, 0xC0, 0x00,
    0xF0, 0x00, 0x3C, 0x00, 0x0F, 0x00, 0x03, 0xC0, 0x00, 0xF0, 0x00, 0x0A, 0x40, 0x00, 0xFF, 0xEE,
    0x01, 0x06, 0xE0, 0x00, 0x00, 0x00, 0x00, 0x00, 0x00, 0x03, 0x80, 0x00, 0x0F, 0x00, 0x00, 0x3C,
    0x00, 0x00, 0xF0, 0x00, 0x03, 0xC0, 0x00, 0x0F, 0x00, 0x00, 0x3C, 0x00, 0x00, 0xF0, 0x00, 0x03,
    0xC0, 0x00, 0x0F, 0x00, 0x00, 0x3C, 0x00, 0x00, 0xF4, 0x00, 0x03, 0xD0, 0x00, 0x0B, 0x40, 0x00,
    0x2E, 0x00, 0x00, 0x7C, 0x00, 0x00, 0xFF, 0xD0, 0x00, 0xFF, 0x40, 0x00, 0x00, 0x05, 0x03, 0xF0,
    0xB0, 0x0B, 0x00, 0x3E, 0xCB, 0xE4, 0x10, 0x00, 0x00, 0x0F, 0x00, 0xF0, 0x0F, 0x00, 0xF0, 0x0F,
    0x00, 0xF0, 0x0F, 0x00, 0xF0, 0x0F, 0x00, 0xF0, 0x0F, 0x00, 0xF0, 0x0F, 0x00, 0xF0, 0x0F, 0x00,
    0xF0, 0x05, 0x00, 0x0F, 0xC0, 0x0A, 0x00, 0x02, 0xC0, 0x00, 0x3E, 0xC0, 0x2F, 0x90, 0x05, 0x00,
    0x00, 0x00, 0x00, 0x0E, 0x00, 0x03, 0xC0, 0x00, 0xF0, 0x00, 0x3C, 0x00, 0x0F, 0x00, 0x03, 0xC0,
    0x00, 0xF0, 0x00, 0x3C, 0x00, 0x0F, 0x00, 0x03, 0xC0, 0x00, 0xF0, 0x00, 0x3D, 0x00, 0x0F, 0x40,
    0x02, 0xD0, 0x00, 0xB8, 0x00, 0x1F, 0x00, 0x03, 0xFF, 0x40, 0x3F, 0xD0, 0x00, 0x00, 0x00, 0x50,
    0x00, 0xFC, 0x00, 0xA0, 0x00, 0x2C, 0x00, 0x03, 0xEC, 0x02, 0xF9, 0x00, 0x50, 0x00, 0x01, 0x40,
    0x07, 0xFC, 0x07, 0xEF, 0xC3, 0xC0, 0xF4, 0xE0, 0x1E, 0x78, 0x03, 0x9F, 0x00, 0xF3, 0xFF, 0xFC,
    0x7F, 0xFE, 0x00, 0x0F, 0x40, 0x07, 0xC0, 0x0B, 0xD1, 0xBF, 0xD0, 0xFF, 0x80, 0x19, 0x00, 0x00,
    0x00, 0x50, 0x00, 0x00, 0xFC, 0x00, 0x00, 0xA0, 0x00, 0x00, 0x2C, 0x00, 0x00, 0x03, 0xEC, 0x00,
    0x02, 0xF9, 0x00, 0x00, 0x50, 0x00, 0x00, 0x00, 0x00, 0x00, 0x00, 0x50, 0x00, 0x01, 0xFF, 0x00,
    0x01, 0xFB, 0xF0, 0x00, 0xF0, 0x3D, 0x00, 0x3C, 0x07, 0x80, 0x1E, 0x00, 0xE0, 0x07, 0xC0, 0x3C,
    0x00, 0xFF, 0xFF, 0xFC, 0x0B, 0xFF, 0xFF, 0x00, 0x03, 0xD0, 0x00, 0x01, 0xF0, 0x00, 0x02, 0xF4,
    0x00, 0x6F, 0xF4, 0x00, 0x3F, 0xE0, 0x00, 0x06, 0x40, 0x00, 0x00, 0x38, 0x03, 0xC0, 0x3C, 0x03,
    0xC0, 0x3C, 0x03, 0xC0, 0x3C, 0x03, 0xC0, 0x3C, 0x03, 0xC0, 0x3C, 0x03, 0xC0, 0x3C, 0x03, 0xC0,
    0x3C, 0x03, 0xD0, 0x2D, 0x02, 0xD0, 0x00, 0x00, 0x50, 0x3F, 0x0B, 0x00, 0xB0, 0x03, 0xEC, 0xBF,
    0x41, 0x00, 0x38, 0x00, 0x3C, 0x00, 0x3C, 0x00, 0x3C, 0x00, 0x3C, 0x00, 0x3C, 0x00, 0x3C, 0x00,
    0x3C, 0x00, 0x3C, 0x00, 0x3C, 0x00, 0x3C, 0x00, 0x3D, 0x00, 0x3D, 0x00, 0x2D, 0x00, 0x2E, 0x00,
    0x1F, 0x00, 0x0F, 0xFD, 0x03, 0xFD, 0x00, 0x00, 0x05, 0x00, 0x3F, 0x00, 0xB0, 0x00, 0x70, 0x00,
    0x3E, 0xC0, 0x7F, 0x40, 0x10, 0x00, 0x00, 0x10, 0x00, 0x00, 0x00, 0x0B, 0xD0, 0x00, 0x15, 0x00,
    0x34, 0x00, 0x07, 0xFF, 0x40, 0xD0, 0x00, 0xBF, 0xAC, 0x01, 0xEE, 0x07, 0xD0, 0x00, 0x0F, 0xE0,
    0x3C, 0x00, 0x00, 0x10, 0x01, 0xE0, 0x00, 0x00, 0x00, 0x07, 0xC0, 0x00, 0x2D, 0x00, 0x0F, 0xD0,
    0x00, 0xF0, 0x00, 0x0F, 0xF8, 0x03, 0xC0, 0x00, 0x06, 0xFC, 0x0F, 0x00, 0x00, 0x00, 0xF8, 0x3C,
    0x00, 0x00, 0x02, 0xE0, 0xF0, 0x00, 0x00, 0x1F, 0x02, 0xF0, 0x00, 0x02, 0xF4, 0x03, 0xF9, 0x55,
    0xBF, 0x40, 0x03, 0xFF, 0xFF, 0xE0, 0x00, 0x00, 0xAF, 0xA4, 0x00, 0x00, 0x00, 0x10, 0x00, 0x00,
    0x00, 0x02, 0xF4, 0x00, 0x00, 0x00, 0x03, 0x40, 0x00, 0x00, 0x00, 0x03, 0x40, 0x00, 0x00, 0x00,
    0x01, 0xEE, 0x00, 0x00, 0x00, 0x03, 0xF8, 0x00, 0x00, 0x00, 0x01, 0x00, 0x00, 0x00, 0x00, 0x00,
    0x00, 0x00, 0x00, 0x00, 0x2D, 0x00, 0x00, 0x50, 0x00, 0x3C, 0x00, 0x00, 0xFE, 0x40, 0x3C, 0x00,
    0x00, 0xBF, 0xFD, 0x3C, 0x00, 0x00, 0x07, 0xFD, 0x3C, 0x00, 0x00, 0x01, 0xE0, 0x3C, 0x00, 0x00,
    0x02, 0xD0, 0x2F, 0x00, 0x00, 0x0B, 0xC0, 0x0F, 0xE5, 0x15, 0xFF, 0x00, 0x02, 0xFF, 0xFF, 0xF8,
    0x00, 0x00, 0x1B, 0xEA, 0x40, 0x00, 0x01, 0x03, 0xF4, 0x70, 0x07, 0x00, 0x2E, 0xD7, 0xF8, 0x10,
    0x00, 0x00, 0x07, 0x40, 0xB8, 0x03, 0xC0, 0x3C, 0x02, 0xD0, 0x1D, 0x01, 0xD0, 0x3C, 0xBF, 0x8F,
    0xD0, 0x00, 0x00, 0x01, 0x40, 0x00, 0xFC, 0x00, 0x2C, 0x00, 0x02, 0xC0, 0x00, 0x0F, 0xB0, 0x02,
    0xFD, 0x00, 0x04, 0x00, 0x00, 0x00, 0x00, 0x00, 0xE0, 0x00, 0x1E, 0x00, 0x02, 0xD0, 0x00, 0x3D,
    0x00, 0x0B, 0xF0, 0x0B, 0xFF, 0xFE, 0xFD, 0x2F, 0xE0, 0x00, 0x00, 0x38, 0x3C, 0x3C, 0x3C, 0x3C,
    0x3C, 0x3C, 0x3C, 0x3C, 0x3C, 0x3C, 0x3C, 0x3C, 0x3C, 0x3C, 0x3D, 0x2D, 0x2D, 0x38, 0x00, 0x3C,
    0x00, 0x3C, 0x00, 0x3C, 0x00, 0x3C, 0x00, 0x3C, 0x00, 0x3C, 0x00, 0x3C, 0x00, 0x3C, 0x00, 0x3C,
    0x00, 0x3C, 0x00, 0x3D, 0x00, 0x3D, 0x00, 0x2D, 0x00, 0x2E, 0x00, 0x1F, 0x00, 0x0F, 0xFD, 0x03,
    0xFD, 0x00, 0x00, 0x00, 0x00, 0x00, 0x00, 0x00, 0x00, 0x00, 0x00, 0x00, 0x00, 0x00, 0x74, 0x00,
    0x00, 0x00, 0x00, 0x00, 0x7C, 0x3C, 0x00, 0x00, 0x00, 0x00, 0x3C, 0x3C, 0x00, 0x00, 0x00, 0x00,
    0x2D, 0x3C, 0x00, 0x00, 0x00, 0x00, 0x1E, 0x3C, 0x00, 0x00, 0x00, 0x00, 0x1E, 0x3C, 0x00, 0x00,
    0x00, 0x00, 0x2D, 0x3F, 0x40, 0x00, 0x00, 0x01, 0xFC, 0x0F, 0xFE, 0xAA, 0xAA, 0xFF, 0xF0, 0x02,
    0xFF, 0xFF, 0xFF, 0xFE, 0x40, 0x00, 0x05, 0xAA, 0x55, 0x00, 0x00, 0x00, 0x00, 0x00, 0x00, 0x00,
    0x00, 0x00, 0x00, 0x00, 0x00, 0x00, 0x00, 0x00, 0x00, 0x02, 0x80, 0x00, 0x00, 0x00, 0x00, 0x03,
    0xD0, 0x00, 0x00, 0x00, 0x00, 0x01, 0x80, 0x00, 0x00, 0x00, 0x00, 0x00, 0x00, 0x00, 0x00, 0x00,
    0x0F, 0x00, 0x00, 0x00, 0x00, 0x00, 0x00, 0x03, 0xC0, 0x00, 0x00, 0x00, 0x00, 0x00, 0x00, 0xF0,
    0x00, 0x00, 0x00, 0x00, 0x18, 0x00, 0x3C, 0x00, 0x00, 0x00, 0x00, 0x2F, 0x40, 0x0F, 0x00, 0x00,
    0x00, 0x00, 0x7F, 0xC0, 0x03, 0xF4, 0x00, 0x00, 0x06, 0xFF, 0xF8, 0x00, 0x3F, 0xFA, 0xAA, 0xBF,
    0xFD, 0x1F, 0xFD, 0x02, 0xFF, 0xFF, 0xFF, 0xE4, 0x01, 0xFF, 0x40, 0x01, 0x6A, 0x54, 0x00, 0x00,
    0x00, 0x00, 0x00, 0x00, 0x00, 0x00, 0x00, 0x00, 0x00, 0x00, 0x00, 0x00, 0x00, 0x00, 0x00, 0x00,
    0x00, 0x00, 0x02, 0x40, 0x00, 0x00, 0x00, 0x00, 0x00, 0x02, 0xF0, 0x00, 0x00, 0x00, 0x00, 0x00,
    0x00, 0x24, 0x00, 0x00, 0x00, 0x00, 0x00, 0x00, 0x74, 0x0B, 0x80, 0x3C, 0x03, 0xC0, 0x2D, 0x01,
    0xD0, 0x1D, 0x03, 0xCB, 0xF8, 0xFD, 0x00, 0x00, 0x00, 0x00, 0x90, 0x2F, 0x00, 0x90, 0x00, 0x00,
    0x00, 0x0E, 0x00, 0x01, 0xE0, 0x00, 0x2D, 0x00, 0x03, 0xD0, 0x00, 0xBF, 0x00, 0xBF, 0xFF, 0xEF,
    0xD2, 0xFE, 0x00, 0x00, 0x00, 0x00, 0x00, 0x01, 0x80, 0x00, 0x3D, 0x00, 0x01, 0x80, 0x00, 0x02,
    0x05, 0x00, 0xB9, 0xF0, 0x07, 0x4A, 0x00, 0x00, 0x00, 0x00, 0x00, 0x00, 0x08, 0x00, 0x02, 0xF0,
    0x00, 0x1F, 0xC0, 0x03, 0xEF, 0x00, 0xF0, 0xB4, 0x1E, 0x03, 0xC3, 0xC0, 0x2C, 0x3C, 0x01, 0xD3,
    0xC0, 0x2D, 0x3E, 0x07, 0xC2, 0xFF, 0xF4, 0x07, 0xFD, 0x00, 0x00, 0x82, 0x40, 0x00, 0x3E, 0x7C,
    0x00, 0x01, 0xD3, 0x80, 0x00, 0x00, 0x00, 0x00, 0x00, 0x00, 0x00, 0x00, 0x00, 0x00, 0x00, 0x00,
    0x03, 0xC0, 0x00, 0x00, 0x3C, 0x00, 0x00, 0x2F, 0xC0, 0x00, 0x2F, 0xFC, 0x00, 0x0F, 0xD3, 0xD0,
    0x02, 0xE0, 0x2D, 0x00, 0x3C, 0x02, 0xD0, 0x03, 0xC0, 0x2D, 0x00, 0x3F, 0x56, 0xD0, 0x01, 0xFF,
    0xFE, 0x00, 0x02, 0xBE, 0xF4, 0x00, 0x00, 0x0F, 0xFC, 0x00, 0x00, 0x2F, 0xC0, 0x00, 0x00, 0x00,
    0x00, 0x00, 0x08, 0x24, 0x00, 0x00, 0x00, 0x00, 0x2E, 0x7C, 0x00, 0x00, 0x00, 0x00, 0x1D, 0x28,
    0x00, 0x00, 0x00, 0x00, 0x00, 0x00, 0x00, 0x74, 0x00, 0x00, 0x00, 0x00, 0x00, 0x7C, 0x3C, 0x00,
    0x00, 0x00, 0x00, 0x3C, 0x3C, 0x00, 0x00, 0x00, 0x00, 0x2D, 0x3C, 0x00, 0x00, 0x00, 0x00, 0x1E,
    0x3C, 0x00, 0x00, 0x00, 0x00, 0x1E, 0x3C, 0x00, 0x00, 0x00, 0x00, 0x2D, 0x3F, 0x40, 0x00, 0x00,
    0x01, 0xFC, 0x0F, 0xFE, 0xAA, 0xAA, 0xFF, 0xF0, 0x02, 0xFF, 0xFF, 0xFF, 0xFE, 0x40, 0x00, 0x05,
    0xAA, 0x55, 0x00, 0x00, 0x00, 0x00, 0x08, 0x14, 0x00, 0x00, 0x00, 0x00, 0x00, 0x0B, 0x9F, 0x00,
    0x00, 0x00, 0x00, 0x00, 0x01, 0xD2, 0x80, 0x00, 0x00, 0x00, 0x00, 0x00, 0x00, 0x00, 0x00, 0x00,
    0x00, 0x00, 0x00, 0x00, 0x00, 0x00, 0x00, 0x00, 0x0F, 0x00, 0x00, 0x00, 0x00, 0x00, 0x00, 0x03,
    0xC0, 0x00, 0x00, 0x00, 0x00, 0x00, 0x00, 0xF0, 0x00, 0x00, 0x00, 0x00, 0x18, 0x00, 0x3C, 0x00,
    0x00, 0x00, 0x00, 0x2F, 0x40, 0x0F, 0x00, 0x00, 0x00, 0x00, 0x7F, 0xC0, 0x03, 0xF4, 0x00, 0x00,
    0x06, 0xFF, 0xF8, 0x00, 0x3F, 0xFA, 0xAA, 0xBF, 0xFD, 0x1F, 0xFD, 0x02, 0xFF, 0xFF, 0xFF, 0xE4,
    0x01, 0xFF, 0x40, 0x01, 0x6A, 0x54, 0x00, 0x00, 0x00, 0x00, 0x20, 0x52, 0xE7, 0xC7, 0x4A, 0x00,
    0x00, 0x00, 0x00, 0x00, 0x00, 0x74, 0x02, 0xE0, 0x03, 0xC0, 0x0F, 0x00, 0x2D, 0x00, 0x74, 0x01,
    0xD0, 0x0F, 0x0B, 0xF8, 0x3F, 0x40, 0x00, 0x00, 0x06, 0x09, 0x00, 0x3D, 0xBC, 0x00, 0xB0, 0xD0,
    0x00, 0x00, 0x00, 0x00, 0x00, 0x00, 0x00, 0x00, 0x00, 0x0B, 0x00, 0x00, 0x3C, 0x00, 0x00, 0xF0,
    0x00, 0x07, 0xC0, 0x00, 0x3F, 0x40, 0x2F, 0xFF, 0xFD, 0xFE, 0x1F, 0xF4, 0x00, 0x00, 0x00, 0x00,
    0x00, 0x00, 0x40, 0x00, 0x00, 0x00, 0x00, 0x03, 0xD0, 0x00, 0x00, 0x00, 0x00, 0x03, 0xC0, 0x00,
    0x00, 0x00, 0x00, 0x08, 0x24, 0x00, 0x00, 0x00, 0x00, 0x2E, 0x7C, 0x00, 0x00, 0x00, 0x00, 0x1D,
    0x28, 0x00, 0x00, 0x00, 0x00, 0x00, 0x00, 0x00, 0x74, 0x00, 0x00, 0x00, 0x00, 0x00, 0x7C, 0x3C,
    0x00, 0x00, 0x00, 0x00, 0x3C, 0x3C, 0x00, 0x00, 0x00, 0x00, 0x2D, 0x3C, 0x00, 0x00, 0x00, 0x00,
    0x1E, 0x3C, 0x00, 0x00, 0x00, 0x00, 0x1E, 0x3C, 0x00, 0x00, 0x00, 0x00, 0x2D, 0x3F, 0x40, 0x00,
    0x00, 0x01, 0xFC, 0x0F, 0xFE, 0xAA, 0xAA, 0xFF, 0xF0, 0x02, 0xFF, 0xFF, 0xFF, 0xFE, 0x40, 0x00,
    0x05, 0xAA, 0x55, 0x00, 0x00, 0x00, 0x00, 0x00, 0x40, 0x00, 0x00, 0x00, 0x00, 0x00, 0x00, 0xF4,
    0x00, 0x00, 0x00, 0x00, 0x00, 0x00, 0x3D, 0x00, 0x00, 0x00, 0x00, 0x00, 0x00, 0x20, 0x50, 0x00,
    0x00, 0x00, 0x00, 0x00, 0x2E, 0x7C, 0x00, 0x00, 0x00, 0x00, 0x00, 0x07, 0x4A, 0x00, 0x00, 0x00,
    0x00, 0x00, 0x00, 0x00, 0x00, 0x00, 0x00, 0x00, 0x00, 0x00, 0x00, 0x00, 0x00, 0x00, 0x00, 0x3C,
    0x00, 0x00, 0x00, 0x00, 0x00, 0x00, 0x0F, 0x00, 0x00, 0x00, 0x00, 0x00, 0x00, 0x03, 0xC0, 0x00,
    0x00, 0x00, 0x00, 0x60, 0x00, 0xF0, 0x00, 0x00, 0x00, 0x00, 0xBD, 0x00, 0x3C, 0x00, 0x00, 0x00,
    0x01, 0xFF, 0x00, 0x0F, 0xD0, 0x00, 0x00, 0x1B, 0xFF, 0xE0, 0x00, 0xFF, 0xEA, 0xAA, 0xFF, 0xF4,
    0x7F, 0xF4, 0x0B, 0xFF, 0xFF, 0xFF, 0x90, 0x07, 0xFD, 0x00, 0x05, 0xA9, 0x50, 0x00, 0x00, 0x00,
    0x00, 0x01, 0x00, 0x3D, 0x00, 0xF4, 0x08, 0x14, 0xB9, 0xF1, 0xD2, 0x80, 0x00, 0x00, 0x00, 0x00,
    0x00, 0x1D, 0x00, 0xB8, 0x00, 0xF0, 0x03, 0xC0, 0x0B, 0x40, 0x1D, 0x00, 0x74, 0x03, 0xC2, 0xFE,
    0x0F, 0xD0, 0x00, 0x00, 0x00, 0x00, 0x00, 0x03, 0xC0, 0x00, 0x0F, 0x00, 0x01, 0x82, 0x40, 0x0F,
    0x6F, 0x00, 0x2C, 0x34, 0x00, 0x00, 0x00, 0x00, 0x00, 0x00, 0x00, 0x00, 0x00, 0x02, 0xC0, 0x00,
    0x0F, 0x00, 0x00, 0x3C, 0x00, 0x01, 0xF0, 0x00, 0x0F, 0xD0, 0x0B, 0xFF, 0xFF, 0x7F, 0x87, 0xFD,
    0x00, 0x00, 0x00, 0x05, 0x50, 0x00, 0x00, 0xFF, 0xF9, 0x00, 0x03, 0xEB, 0xFF, 0x95, 0x00, 0x00,
    0x6F, 0xFD, 0x00, 0x01, 0xFF, 0xF0, 0x00, 0x7F, 0x90, 0x00, 0x0B, 0xE0, 0x00, 0x00, 0xFC, 0x00,
    0x00, 0x0F, 0x80, 0x00, 0x00, 0x7C, 0x00, 0x00, 0x03, 0xC0, 0x00, 0x00, 0x1E, 0x00, 0x00, 0x00,
    0xB4, 0x01, 0xF0, 0x02, 0xD0, 0x07, 0xC0, 0x0B, 0x40, 0x00, 0x00, 0x2E, 0x00, 0x00, 0x00, 0x7C,
    0x00, 0x00, 0x00, 0xFD, 0x00, 0x00, 0x00, 0xFF, 0x90, 0x5B, 0x80, 0xBF, 0xFF, 0xFE, 0x00, 0x1B,
    0xFE, 0x40, 0x05, 0x50, 0x00, 0x00, 0x03, 0xFF, 0xE4, 0x00, 0x00, 0x3E, 0xBF, 0xF9, 0x50, 0x00,
    0x00, 0x1B, 0xFF, 0x40, 0x00, 0x01, 0xFF, 0xF0, 0x00, 0x01, 0xFE, 0xE0, 0x00, 0x00, 0xBE, 0x0F,
    0x00, 0x00, 0x3F, 0x00, 0xF4, 0x00, 0x0F, 0x80, 0x07, 0xD0, 0x01, 0xF0, 0x00, 0x2F, 0xFD, 0x3C,
    0x00, 0x00, 0x7F, 0xD7, 0x80, 0x00, 0x00, 0x00, 0xB4, 0x01, 0xF0, 0x00, 0x0B, 0x40, 0x1F, 0x00,
    0x00, 0xB4, 0x00, 0x00, 0x00, 0x0B, 0x80, 0x00, 0x00, 0x00, 0x7C, 0x00, 0x00, 0x00, 0x03, 0xF4,
    0x00, 0x00, 0x00, 0x0F, 0xF9, 0x05, 0xB8, 0x00, 0x2F, 0xFF, 0xFF, 0x80, 0x00, 0x1B, 0xFE, 0x40,
    0x00, 0x0B, 0xE4, 0x00, 0x01, 0xFF, 0xF8, 0x00, 0x05, 0x5B, 0xF8, 0x00, 0x00, 0x07, 0xFD, 0x00,
    0x00, 0x3F, 0xE0, 0x00, 0x2F, 0xD0, 0x01, 0xBF, 0xD0, 0x0F, 0xFF, 0xD0, 0x00, 0xFF, 0x90, 0x00,
    0x00, 0x00, 0x00, 0x00, 0x00, 0x00, 0x00, 0x00, 0x00, 0xA0, 0x00, 0x00, 0x0F, 0x00, 0x00, 0x00,
    0xA0, 0x00, 0x0B, 0xE4, 0x00, 0x00, 0x01, 0xFF, 0xF8, 0x00, 0x00, 0x05, 0x5B, 0xF8, 0x00, 0x00,
    0x00, 0x07, 0xFD, 0x00, 0x00, 0x00, 0x3F, 0xE0, 0x00, 0x00, 0x2F, 0xF8, 0x00, 0x01, 0xBF, 0xD3,
    0xD0, 0x0F, 0xFF, 0xD0, 0x2F, 0xFC, 0xFF, 0x90, 0x00, 0x7F, 0xC0, 0x00, 0x00, 0x00, 0x00, 0x00,
    0x00, 0x00, 0x00, 0x00, 0x01, 0x90, 0x00, 0x00, 0x00, 0x2E, 0x00, 0x00, 0x00, 0x00, 0x80, 0x00,
    0x00, 0x05, 0x50, 0x00, 0x00, 0xFF, 0xF9, 0x00, 0x03, 0xEB, 0xFF, 0x95, 0x00, 0x00, 0x6F, 0xFD,
    0x00, 0x01, 0xFF, 0xF0, 0x00, 0x7F, 0x90, 0x00, 0x0B, 0xE0, 0x00, 0x00, 0xFC, 0x00, 0x00, 0x0F,
    0x80, 0x00, 0x00, 0x7C, 0x00, 0x00, 0x03, 0xC0, 0x00, 0x00, 0x1E, 0x00, 0x00, 0x00, 0xB4, 0x00,
    0x00, 0x02, 0xD0, 0x00, 0x00, 0x0B, 0x40, 0x00, 0x00, 0x2E, 0x00, 0x00, 0x00, 0x7C, 0x00, 0x00,
    0x00, 0xFD, 0x00, 0x00, 0x00, 0xFF, 0x90, 0x5B, 0x80, 0xBF, 0xFF, 0xFE, 0x00, 0x1B, 0xFE, 0x40,
    0x05, 0x50, 0x00, 0x00, 0x03, 0xFF, 0xE4, 0x00, 0x00, 0x3E, 0xBF, 0xF9, 0x50, 0x00, 0x00, 0x1B,
    0xFF, 0x40, 0x00, 0x01, 0xFF, 0xF0, 0x00, 0x01, 0xFE, 0xE0, 0x00, 0x00, 0xBE, 0x0F, 0x00, 0x00,
    0x3F, 0x00, 0xF4, 0x00, 0x0F, 0x80, 0x07, 0xD0, 0x01, 0xF0, 0x00, 0x2F, 0xFD, 0x3C, 0x00, 0x00,
    0x7F, 0xD7, 0x80, 0x00, 0x00, 0x00, 0xB4, 0x00, 0x00, 0x00, 0x0B, 0x40, 0x00, 0x00, 0x00, 0xB4,
    0x00, 0x00, 0x00, 0x0B, 0x80, 0x00, 0x00, 0x00, 0x7C, 0x00, 0x00, 0x00, 0x03, 0xF4, 0x00, 0x00,
    0x00, 0x0F, 0xF9, 0x05, 0xB8, 0x00, 0x2F, 0xFF, 0xFF, 0x80, 0x00, 0x1B, 0xFE, 0x40, 0x00, 0x0B,
    0xE4, 0x00, 0x01, 0xFF, 0xF8, 0x00, 0x05, 0x5B, 0xF8, 0x00, 0x00, 0x07, 0xFD, 0x00, 0x00, 0x3F,
    0xE0, 0x00, 0x2F, 0xD0, 0x01, 0xBF, 0xD0, 0x0F, 0xFF, 0xD0, 0x00, 0xFF, 0x90, 0x00, 0x00, 0x00,
    0x00, 0x00, 0x0B, 0xE4, 0x00, 0x00, 0x01, 0xFF, 0xF8, 0x00, 0x00, 0x05, 0x5B, 0xF8, 0x00, 0x00,
    0x00, 0x07, 0xFD, 0x00, 0x00, 0x00, 0x3F, 0xE0, 0x00, 0x00, 0x2F, 0xF8, 0x00, 0x01, 0xBF, 0xD3,
    0xD0, 0x0F, 0xFF, 0xD0, 0x2F, 0xFC, 0xFF, 0x90, 0x00, 0x7F, 0xC0, 0x00, 0x00, 0x00, 0x00, 0x00,
    0x02, 0x40, 0x00, 0x00, 0x1F, 0x00, 0x00, 0x00, 0x38, 0x00, 0x00, 0x00, 0x00, 0x00, 0x00, 0x00,
    0x00, 0x00, 0x15, 0x40, 0x00, 0x03, 0xFF, 0xE4, 0x00, 0x0F, 0xAF, 0xFE, 0x54, 0x00, 0x01, 0xBF,
    0xF4, 0x00, 0x07, 0xFF, 0xC0, 0x01, 0xFE, 0x40, 0x00, 0x2F, 0x80, 0x00, 0x03, 0xF0, 0x00, 0x00,
    0x3E, 0x00, 0x00, 0x01, 0xF0, 0x00, 0x00, 0x0F, 0x00, 0x00, 0x00, 0x78, 0x00, 0x00, 0x02, 0xD0,
    0x00, 0x00, 0x0B, 0x40, 0x00, 0x00, 0x2D, 0x00, 0x00, 0x00, 0xB8, 0x00, 0x00, 0x01, 0xF0, 0x00,
    0x00, 0x03, 0xF4, 0x00, 0x00, 0x03, 0xFE, 0x41, 0x6E, 0x02, 0xFF, 0xFF, 0xF8, 0x00, 0x6F, 0xF9,
    0x00, 0x00, 0x02, 0x40, 0x00, 0x00, 0x00, 0x7C, 0x00, 0x00, 0x00, 0x03, 0x80, 0x00, 0x00, 0x00,
    0x00, 0x00, 0x00, 0x00, 0x00, 0x00, 0x00, 0x00, 0x55, 0x00, 0x00, 0x00, 0x3F, 0xFE, 0x40, 0x00,
    0x03, 0xEB, 0xFF, 0x95, 0x00, 0x00, 0x01, 0xBF, 0xF4, 0x00, 0x00, 0x1F, 0xFF, 0x00, 0x00, 0x1F,
    0xEE, 0x00, 0x00, 0x0B, 0xE0, 0xF0, 0x00, 0x03, 0xF0, 0x0F, 0x40, 0x00, 0xF8, 0x00, 0x7D, 0x00,
    0x1F, 0x00, 0x02, 0xFF, 0xD3, 0xC0, 0x00, 0x07, 0xFD, 0x78, 0x00, 0x00, 0x00, 0x0B, 0x40, 0x00,
    0x00, 0x00, 0xB4, 0x00, 0x00, 0x00, 0x0B, 0x40, 0x00, 0x00, 0x00, 0xB8, 0x00, 0x00, 0x00, 0x07,
    0xC0, 0x00, 0x00, 0x00, 0x3F, 0x40, 0x00, 0x00, 0x00, 0xFF, 0x90, 0x5B, 0x80, 0x02, 0xFF, 0xFF,
    0xF8, 0x00, 0x01, 0xBF, 0xE4, 0x00, 0x01, 0x80, 0x00, 0x00, 0x3D, 0x00, 0x00, 0x02, 0xC0, 0x00,
    0x00, 0x00, 0x00, 0x00, 0x00, 0x00, 0x00, 0x00, 0xBE, 0x40, 0x00, 0x1F, 0xFF, 0x80, 0x00, 0x55,
    0xBF, 0x80, 0x00, 0x00, 0x7F, 0xD0, 0x00, 0x03, 0xFE, 0x00, 0x02, 0xFD, 0x00, 0x1B, 0xFD, 0x00,
    0xFF, 0xFD, 0x00, 0x0F, 0xF9, 0x00, 0x00, 0x00, 0x00, 0x00, 0x00, 0x02, 0x40, 0x00, 0x00, 0x00,
    0x7C, 0x00, 0x00, 0x00, 0x02, 0x80, 0x00, 0x00, 0x00, 0x00, 0x00, 0x00, 0x00, 0x00, 0x00, 0x00,
    0x00, 0x00, 0xBE, 0x40, 0x00, 0x00, 0x1F, 0xFF, 0x80, 0x00, 0x00, 0x55, 0xBF, 0x80, 0x00, 0x00,
    0x00, 0x7F, 0xD0, 0x00, 0x00, 0x03, 0xFE, 0x00, 0x00, 0x02, 0xFF, 0x80, 0x00, 0x1B, 0xFD, 0x3D,
    0x00, 0xFF, 0xFD, 0x02, 0xFF, 0xCF, 0xF9, 0x00, 0x07, 0xFC, 0x00, 0x00, 0x00, 0x00, 0x00, 0x00,
    0x05, 0x00, 0x00, 0x7C, 0x00, 0x00, 0xB8, 0x00, 0x00, 0xF4, 0x00, 0x01, 0xF0, 0x00, 0x03, 0xC0,
    0x00, 0x0B, 0x80, 0x00, 0x1E, 0x00, 0x00, 0x7C, 0x60, 0x03, 0xE3, 0xFF, 0xFF, 0x06, 0xFF, 0xE0,
    0x00, 0x00, 0x00, 0x00, 0x05, 0x00, 0x00, 0x00, 0x7C, 0x00, 0x00, 0x00, 0xF8, 0x00, 0x00, 0x00,
    0xF0, 0x00, 0x00, 0x02, 0xE0, 0x00, 0x00, 0x03, 0xC0, 0x00, 0x00, 0x0B, 0x80, 0x00, 0x00, 0x1F,
    0x00, 0x00, 0x00, 0x7D, 0x00, 0x60, 0x03, 0xFC, 0x03, 0xFF, 0xFF, 0xFF, 0x46, 0xFF, 0xE0, 0xBD,
    0x00, 0x00, 0x00, 0x00, 0x00, 0x20, 0x00, 0x03, 0xE0, 0x00, 0x07, 0x00, 0x00, 0x00, 0x00, 0x00,
    0x00, 0x00, 0x00, 0x14, 0x00, 0x01, 0xF0, 0x00, 0x02, 0xE0, 0x00, 0x03, 0xD0, 0x00, 0x07, 0xC0,
    0x00, 0x0F, 0x00, 0x00, 0x2E, 0x00, 0x00, 0x78, 0x00, 0x01, 0xF1, 0x80, 0x0F, 0x8F, 0xFF, 0xFC,
    0x1B, 0xFF, 0x80, 0x00, 0x00, 0x00, 0x00, 0x20, 0x00, 0x00, 0x02, 0xE0, 0x00, 0x00, 0x07, 0x40,
    0x00, 0x00, 0x00, 0x00, 0x00, 0x00, 0x00, 0x00, 0x00, 0x00, 0x14, 0x00, 0x00, 0x01, 0xF0, 0x00,
    0x00, 0x03, 0xE0, 0x00, 0x00, 0x03, 0xC0, 0x00, 0x00, 0x0B, 0x80, 0x00, 0x00, 0x0F, 0x00, 0x00,
    0x00, 0x2E, 0x00, 0x00, 0x00, 0x7C, 0x00, 0x00, 0x01, 0xF4, 0x01, 0x80, 0x0F, 0xF0, 0x0F, 0xFF,
    0xFF, 0xFD, 0x1B, 0xFF, 0x82, 0xF4, 0x00, 0x00, 0x00, 0x00, 0x00, 0x04, 0x00, 0x0F, 0x40, 0x02,
    0xE0, 0x00, 0x3C, 0x00, 0x0B, 0x40, 0x01, 0xD0, 0x00, 0x78, 0x00, 0x1D, 0x00, 0x0F, 0x00, 0x07,
    0xC0, 0x07, 0xC0, 0x0B, 0xD0, 0x2F, 0xD0, 0x1F, 0xC0, 0x02, 0x40, 0x00, 0x00, 0x04, 0x00, 0x00,
    0x0F, 0x00, 0x00, 0x02, 0xE0, 0x00, 0x00, 0x3C, 0x00, 0x00, 0x0B, 0x40, 0x00, 0x01, 0xF0, 0x00,
    0x00, 0x7D, 0x00, 0x00, 0x1F, 0xFC, 0x00, 0x0F, 0x7F, 0x00, 0x07, 0xC0, 0x00, 0x07, 0xD0, 0x00,
    0x0B, 0xD0, 0x00, 0x2F, 0xD0, 0x00, 0x1F, 0xC0, 0x00, 0x02, 0x40, 0x00, 0x00, 0x00, 0x20, 0x00,
    0x3E, 0x00, 0x07, 0x40, 0x00, 0x00, 0x00, 0x00, 0x00, 0x01, 0x00, 0x03, 0xD0, 0x00, 0xB8, 0x00,
    0x0F, 0x00, 0x02, 0xD0, 0x00, 0x74, 0x00, 0x1E, 0x00, 0x07, 0x40, 0x03, 0xC0, 0x01, 0xF0, 0x01,
    0xF0, 0x02, 0xF4, 0x0B, 0xF4, 0x07, 0xF0, 0x00, 0x90, 0x00, 0x00, 0x50, 0x00, 0x00, 0x3D, 0x00,
    0x00, 0x0A, 0x00, 0x00, 0x00, 0x00, 0x00, 0x00, 0x00, 0x00, 0x00, 0x01, 0x00, 0x00, 0x03, 0xC0,
    0x00, 0x00, 0xB8, 0x00, 0x00, 0x0F, 0x00, 0x00, 0x02, 0xD0, 0x00, 0x00, 0x7C, 0x00, 0x00, 0x1F,
    0x40, 0x00, 0x07, 0xFF, 0x00, 0x03, 0xDF, 0xC0, 0x01, 0xF0, 0x00, 0x01, 0xF4, 0x00, 0x02, 0xF4,
    0x00, 0x0B, 0xF4, 0x00, 0x07, 0xF0, 0x00, 0x00, 0x90, 0x00, 0x00, 0x00, 0x00, 0x00, 0x00, 0x00,
    0x00, 0x00, 0x00, 0x00, 0x00, 0x00, 0x00, 0x00, 0x02, 0xC0, 0x00, 0x00, 0x00, 0x00, 0x00, 0x00,
    0xF0, 0x00, 0x00, 0x00, 0x00, 0x00, 0x00, 0x2D, 0x00, 0x00, 0x00, 0x3C, 0x00, 0x78, 0x07, 0x80,
    0x00, 0x00, 0x0F, 0x00, 0x1E, 0x00, 0xF0, 0x00, 0x00, 0x02, 0xD0, 0x0B, 0x40, 0x3C, 0xB4, 0x00,
    0x00, 0x78, 0x03, 0xD0, 0x0F, 0x3C, 0x00, 0x00, 0x1F, 0x41, 0xF8, 0x07, 0x8F, 0x00, 0x00, 0x03,
    0xFF, 0xFF, 0xFF, 0xC3, 0xC0, 0x00, 0x00, 0xFF, 0xF4, 0xFF, 0xD0, 0xF0, 0x00, 0x00, 0x78, 0x00,
    0x00, 0x00, 0x3C, 0x00, 0x00, 0x3D, 0x00, 0x00, 0x00, 0x0B, 0xC0, 0x00, 0x2F, 0x00, 0x00, 0x00,
    0x00, 0xFE, 0x55, 0xBF, 0x00, 0x00, 0x00, 0x00, 0x0B, 0xFF, 0xFF, 0x00, 0x00, 0x00, 0x00, 0x00,
    0x2B, 0xE9, 0x00, 0x00, 0x00, 0x00, 0x00, 0x00, 0x00, 0x00, 0x00, 0x00, 0x00, 0x02, 0x40, 0x00,
    0x00, 0x00, 0x00, 0x00, 0x00, 0x01, 0xE0, 0x00, 0x00, 0x00, 0x03, 0xC0, 0x07, 0x80, 0x38, 0x00,
    0x00, 0x00, 0x00, 0xF0, 0x01, 0xE0, 0x0F, 0x00, 0x00, 0x00, 0x00, 0x2D, 0x00, 0xB4, 0x03, 0xC0,
    0x0B, 0x40, 0x00, 0x07, 0x80, 0x3D, 0x00, 0xF4, 0x03, 0xC0, 0x00, 0x01, 0xF4, 0x1F, 0x80, 0xBF,
    0x00, 0xF0, 0x00, 0x00, 0x3F, 0xFF, 0xFF, 0xFE, 0xFE, 0x3C, 0x00, 0x00, 0x0F, 0xFF, 0x4F, 0xF8,
    0x2F, 0xCF, 0x00, 0x00, 0x07, 0x80, 0x00, 0x00, 0x00, 0x03, 0xC0, 0x00, 0x03, 0xD0, 0x00, 0x00,
    0x00, 0x00, 0xBC, 0x00, 0x02, 0xF0, 0x00, 0x00, 0x00, 0x00, 0x0F, 0xE5, 0x5B, 0xF0, 0x00, 0x00,
    0x00, 0x00, 0x00, 0xBF, 0xFF, 0xF0, 0x00, 0x00, 0x00, 0x00, 0x00, 0x02, 0xBE, 0x90, 0x00, 0x00,
    0x00, 0x00, 0x00, 0x00, 0x00, 0x00, 0x00, 0x00, 0x00, 0x00, 0x00, 0x07, 0x40, 0x00, 0x00, 0x00,
    0x2E, 0x00, 0x00, 0x00, 0x00, 0x7C, 0x01, 0x80, 0x0B, 0x00, 0xF0, 0x0B, 0x40, 0x3C, 0x02, 0xD0,
    0x3C, 0x00, 0xF0, 0x0B, 0x40, 0xF0, 0x07, 0xC0, 0x2D, 0x0B, 0xD0, 0x3F, 0x00, 0xF2, 0xFF, 0xFF,
    0xFF, 0xFF, 0x8F, 0x87, 0xFE, 0x1F, 0xF8, 0x00, 0x00, 0x00, 0x00, 0x00, 0x00, 0x00, 0x00, 0x00,
    0x60, 0x00, 0x00, 0x00, 0x00, 0x02, 0xC0, 0x00, 0x18, 0x00, 0xB0, 0x0B, 0x00, 0x00, 0xB4, 0x03,
    0xC0, 0x2D, 0x00, 0x03, 0xC0, 0x0F, 0x00, 0xB4, 0x00, 0x0F, 0x00, 0x7C, 0x02, 0xF0, 0x00, 0xBD,
    0x03, 0xF0, 0x0F, 0xD0, 0x2F, 0xFF, 0xFF, 0xFF, 0xF7, 0xFD, 0xF8, 0x7F, 0xE2, 0xFF, 0x43, 0xF4,
    0x00, 0x00, 0x00, 0x00, 0x00, 0x00, 0x00, 0x00, 0x00, 0x00, 0x00, 0x40, 0x00, 0x00, 0x00, 0x00,
    0x00, 0x00, 0xB8, 0x00, 0x00, 0x00, 0x00, 0x00, 0x00, 0x1E, 0x00, 0x00, 0x00, 0x00, 0x00, 0x00,
    0x24, 0x60, 0x00, 0x00, 0x00, 0x00, 0x00, 0x1F, 0x3D, 0x00, 0x00, 0x00, 0x00, 0x00, 0x02, 0x87,
    0x00, 0x00, 0x00, 0x00, 0x00, 0x00, 0x00, 0x00, 0x00, 0x00, 0x00, 0x00, 0x00, 0x00, 0x00, 0x2C,
    0x00, 0x00, 0x00, 0x00, 0x00, 0x00, 0x0F, 0x00, 0x00, 0x00, 0x00, 0x00, 0x00, 0x02, 0xD0, 0x00,
    0x00, 0x03, 0xC0, 0x07, 0x80, 0x78, 0x00, 0x00, 0x00, 0xF0, 0x01, 0xE0, 0x0F, 0x00, 0x00, 0x00,
    0x2D, 0x00, 0xB4, 0x03, 0xCB, 0x40, 0x00, 0x07, 0x80, 0x3D, 0x00, 0xF3, 0xC0, 0x00, 0x01, 0xF4,
    0x1F, 0x80, 0x78, 0xF0, 0x00, 0x00, 0x3F, 0xFF, 0xFF, 0xFC, 0x3C, 0x00, 0x00, 0x0F, 0xFF, 0x4F,
    0xFD, 0x0F, 0x00, 0x00, 0x07, 0x80, 0x00, 0x00, 0x03, 0xC0, 0x00, 0x03, 0xD0, 0x00, 0x00, 0x00,
    0xBC, 0x00, 0x02, 0xF0, 0x00, 0x00, 0x00, 0x0F, 0xE5, 0x5B, 0xF0, 0x00, 0x00, 0x00, 0x00, 0xBF,
    0xFF, 0xF0, 0x00, 0x00, 0x00, 0x00, 0x02, 0xBE, 0x90, 0x00, 0x00, 0x00, 0x00, 0x00, 0x00, 0x00,
    0x00, 0x00, 0x40, 0x00, 0x00, 0x00, 0x00, 0x00, 0x00, 0x00, 0xB8, 0x00, 0x00, 0x00, 0x00, 0x00,
    0x00, 0x00, 0x1E, 0x00, 0x00, 0x00, 0x00, 0x00, 0x00, 0x00, 0x24, 0x60, 0x00, 0x00, 0x00, 0x00,
    0x00, 0x00, 0x1F, 0x3D, 0x00, 0x00, 0x00, 0x00, 0x00, 0x00, 0x02, 0x87, 0x00, 0x00, 0x00, 0x00,
    0x00, 0x00, 0x00, 0x00, 0x00, 0x00, 0x00, 0x00, 0x00, 0x00, 0x00, 0x00, 0x00, 0x00, 0x00, 0x00,
    0x00, 0x00, 0x00, 0x00, 0x00, 0x02, 0x40, 0x00, 0x00, 0x00, 0x00, 0x00, 0x00, 0x01, 0xE0, 0x00,
    0x00, 0x00, 0x03, 0xC0, 0x07, 0x80, 0x38, 0x00, 0x00, 0x00, 0x00, 0xF0, 0x01, 0xE0, 0x0F, 0x00,
    0x00, 0x00, 0x00, 0x2D, 0x00, 0xB4, 0x03, 0xC0, 0x0B, 0x40, 0x00, 0x07, 0x80, 0x3D, 0x00, 0xF4,
    0x03, 0xC0, 0x00, 0x01, 0xF4, 0x1F, 0x80, 0xBF, 0x00, 0xF0, 0x00, 0x00, 0x3F, 0xFF, 0xFF, 0xFE,
    0xFE, 0x3C, 0x00, 0x00, 0x0F, 0xFF, 0x4F, 0xF8, 0x2F, 0xCF, 0x00, 0x00, 0x07, 0x80, 0x00, 0x00,
    0x00, 0x03, 0xC0, 0x00, 0x03, 0xD0, 0x00, 0x00, 0x00, 0x00, 0xBC, 0x00, 0x02, 0xF0, 0x00, 0x00,
    0x00, 0x00, 0x0F, 0xE5, 0x5B, 0xF0, 0x00, 0x00, 0x00, 0x00, 0x00, 0xBF, 0xFF, 0xF0, 0x00, 0x00,
    0x00, 0x00, 0x00, 0x02, 0xBE, 0x90, 0x00, 0x00, 0x00, 0x00, 0x00, 0x00, 0x00, 0x04, 0x00, 0x00,
    0x00, 0x00, 0x7C, 0x00, 0x00, 0x00, 0x01, 0xF0, 0x00, 0x00, 0x00, 0x18, 0x20, 0x00, 0x00, 0x00,
    0xF6, 0xE0, 0x00, 0x00, 0x02, 0x87, 0x40, 0x00, 0x00, 0x00, 0x00, 0x00, 0x00, 0x00, 0x00, 0x00,
    0x74, 0x00, 0x00, 0x00, 0x02, 0xE0, 0x00, 0x00, 0x00, 0x07, 0xC0, 0x18, 0x00, 0xB0, 0x0F, 0x00,
    0xB4, 0x03, 0xC0, 0x2D, 0x03, 0xC0, 0x0F, 0x00, 0xB4, 0x0F, 0x00, 0x7C, 0x02, 0xD0, 0xBD, 0x03,
    0xF0, 0x0F, 0x2F, 0xFF, 0xFF, 0xFF, 0xF8, 0xF8, 0x7F, 0xE1, 0xFF, 0x80, 0x00, 0x00, 0x00, 0x00,
    0x00, 0x00, 0x00, 0x04, 0x00, 0x00, 0x00, 0x00, 0x00, 0x7C, 0x00, 0x00, 0x00, 0x00, 0x01, 0xF0,
    0x00, 0x00, 0x00, 0x00, 0x18, 0x20, 0x00, 0x00, 0x00, 0x00, 0xF6, 0xE0, 0x00, 0x00, 0x00, 0x02,
    0x87, 0x40, 0x00, 0x00, 0x00, 0x00, 0x00, 0x00, 0x00, 0x00, 0x00, 0x00, 0x00, 0x00, 0x00, 0x00,
    0x00, 0x00, 0x00, 0x60, 0x00, 0x00, 0x00, 0x00, 0x02, 0xC0, 0x00, 0x18, 0x00, 0xB0, 0x0B, 0x00,
    0x00, 0xB4, 0x03, 0xC0, 0x2D, 0x00, 0x03, 0xC0, 0x0F, 0x00, 0xB4, 0x00, 0x0F, 0x00, 0x7C, 0x02,
    0xF0, 0x00, 0xBD, 0x03, 0xF0, 0x0F, 0xD0, 0x2F, 0xFF, 0xFF, 0xFF, 0xF7, 0xFD, 0xF8, 0x7F, 0xE2,
    0xFF, 0x43, 0xF4, 0x00, 0x00, 0x00, 0x00, 0x00, 0x00, 0x00, 0x00, 0x00, 0x00, 0x00, 0x00, 0x05,
    0x00, 0x00, 0x00, 0x00, 0x00, 0x00, 0x01, 0xFF, 0xE0, 0x00, 0x00, 0x00, 0x00, 0x00, 0x0B, 0xFB,
    0xFC, 0x00, 0x00, 0x00, 0x3C, 0x00, 0x3F, 0x40, 0x3D, 0x00, 0x00, 0x00, 0x3C, 0x00, 0xF8, 0x00,
    0x2E, 0x00, 0x00, 0x00, 0x3D, 0x03, 0xE0, 0x00, 0x1D, 0x2D, 0x00, 0x00, 0x1F, 0x0B, 0x80, 0x00,
    0x3C, 0x3C, 0x00, 0x00, 0x1F, 0xEF, 0x00, 0x01, 0xF8, 0x3C, 0x00, 0x00, 0x0F, 0xFF, 0xEA, 0xFF,
    0xE0, 0x3C, 0x00, 0x00, 0x0F, 0x6F, 0xFF, 0xFE, 0x40, 0x3C, 0x00, 0x00, 0x1E, 0x00, 0x55, 0x00,
    0x00, 0x3C, 0x00, 0x00, 0x3D, 0x00, 0x00, 0x00, 0x00, 0x2F, 0x00, 0x00, 0xBC, 0x00, 0x00, 0x00,
    0x00, 0x0F, 0xE5, 0x5B, 0xF0, 0x00, 0x00, 0x00, 0x00, 0x02, 0xFF, 0xFF, 0xC0, 0x00, 0x00, 0x00,
    0x00, 0x00, 0x2B, 0xE9, 0x00, 0x00, 0x00, 0x00, 0x00, 0x00, 0x00, 0x00, 0x00, 0x00, 0x00, 0x05,
    0x00, 0x00, 0x00, 0x00, 0x00, 0x00, 0x00, 0x01, 0xFF, 0xE0, 0x00, 0x00, 0x00, 0x00, 0x00, 0x00,
    0x0B, 0xFB, 0xFC, 0x00, 0x00, 0x00, 0x00, 0x3C, 0x00, 0x3F, 0x40, 0x3D, 0x00, 0x00, 0x00, 0x00,
    0x3C, 0x00, 0xF8, 0x00, 0x2E, 0x00, 0x00, 0x00, 0x00, 0x3D, 0x03, 0xE0, 0x00, 0x1D, 0x00, 0x2D,
    0x00, 0x00, 0x1F, 0x0B, 0x80, 0x00, 0x3C, 0x00, 0x3C, 0x00, 0x00, 0x1F, 0xEF, 0x00, 0x01, 0xFC,
    0x00, 0x3C, 0x00, 0x00, 0x0F, 0xFF, 0xEA, 0xFF, 0xFF, 0xFC, 0x3C, 0x00, 0x00, 0x0F, 0x6F, 0xFF,
    0xFE, 0x4B, 0xFC, 0x3C, 0x00, 0x00, 0x1E, 0x00, 0x55, 0x00, 0x00, 0x00, 0x3C, 0x00, 0x00, 0x3D,
    0x00, 0x00, 0x00, 0x00, 0x00, 0x2F, 0x00, 0x00, 0xBC, 0x00, 0x00, 0x00, 0x00, 0x00, 0x0F, 0xE5,
    0x5B, 0xF0, 0x00, 0x00, 0x00, 0x00, 0x00, 0x02, 0xFF, 0xFF, 0xC0, 0x00, 0x00, 0x00, 0x00, 0x00,
    0x00, 0x2B, 0xE9, 0x00, 0x00, 0x00, 0x00, 0x00, 0x00, 0x00, 0x00, 0x00, 0x00, 0x00, 0x00, 0x00,
    0x00, 0x00, 0xBF, 0xE0, 0x00, 0x00, 0x00, 0xBF, 0xFF, 0x80, 0x09, 0x00, 0x3F, 0x40, 0x7C, 0x01,
    0xD0, 0x0F, 0xC0, 0x02, 0xD0, 0x3C, 0x03, 0xE0, 0x00, 0x2D, 0x03, 0xC0, 0xB8, 0x00, 0x03, 0xC0,
    0xFE, 0x1F, 0x00, 0x01, 0xF8, 0xFF, 0xFF, 0xFA, 0xAB, 0xFF, 0x0F, 0x82, 0xFF, 0xFF, 0xFF, 0x40,
    0x00, 0x00, 0x55, 0x54, 0x00, 0x00, 0x00, 0x00, 0x00, 0x00, 0x00, 0x00, 0x00, 0x00, 0x00, 0x02,
    0xFF, 0x80, 0x00, 0x00, 0x00, 0x0B, 0xFF, 0xF8, 0x00, 0x02, 0x40, 0x0F, 0xD0, 0x1F, 0x00, 0x01,
    0xD0, 0x0F, 0xC0, 0x02, 0xD0, 0x00, 0xF0, 0x0F, 0x80, 0x00, 0xB4, 0x00, 0x3C, 0x0B, 0x80, 0x00,
    0x3C, 0x00, 0x3F, 0x87, 0xC0, 0x00, 0x7F, 0x00, 0xFF, 0xFF, 0xFA, 0xAB, 0xFF, 0xFF, 0xBE, 0x0B,
    0xFF, 0xFF, 0xFD, 0x6F, 0xF0, 0x00, 0x05, 0x55, 0x40, 0x00, 0x00, 0x00, 0x00, 0x00, 0x00, 0x00,
    0x00, 0x18, 0x00, 0x00, 0x00, 0x00, 0x00, 0x00, 0x00, 0x3E, 0x00, 0x00, 0x00, 0x00, 0x00, 0x00,
    0x00, 0x1C, 0x00, 0x00, 0x00, 0x00, 0x00, 0x00, 0x00, 0x00, 0x00, 0x00, 0x00, 0x00, 0x00, 0x00,
    0x00, 0x00, 0x00, 0x00, 0x00, 0x00, 0x00, 0x00, 0x00, 0x05, 0x00, 0x00, 0x00, 0x00, 0x00, 0x00,
    0x01, 0xFF, 0xE0, 0x00, 0x00, 0x00, 0x00, 0x00, 0x0B, 0xFB, 0xFC, 0x00, 0x00, 0x00, 0x3C, 0x00,
    0x3F, 0x40, 0x3D, 0x00, 0x00, 0x00, 0x3C, 0x00, 0xF8, 0x00, 0x2E, 0x00, 0x00, 0x00, 0x3D, 0x03,
    0xE0, 0x00, 0x1D, 0x2D, 0x00, 0x00, 0x1F, 0x0B, 0x80, 0x00, 0x3C, 0x3C, 0x00, 0x00, 0x1F, 0xEF,
    0x00, 0x01, 0xF8, 0x3C, 0x00, 0x00, 0x0F, 0xFF, 0xEA, 0xFF, 0xE0, 0x3C, 0x00, 0x00, 0x0F, 0x6F,
    0xFF, 0xFE, 0x40, 0x3C, 0x00, 0x00, 0x1E, 0x00, 0x55, 0x00, 0x00, 0x3C, 0x00, 0x00, 0x3D, 0x00,
    0x00, 0x00, 0x00, 0x2F, 0x00, 0x00, 0xBC, 0x00, 0x00, 0x00, 0x00, 0x0F, 0xE5, 0x5B, 0xF0, 0x00,
    0x00, 0x00, 0x00, 0x02, 0xFF, 0xFF, 0xC0, 0x00, 0x00, 0x00, 0x00, 0x00, 0x2B, 0xE9, 0x00, 0x00,
    0x00, 0x00, 0x00, 0x00, 0x00, 0x00, 0x00, 0x00, 0x00, 0x18, 0x00, 0x00, 0x00, 0x00, 0x00, 0x00,
    0x00, 0x00, 0x3E, 0x00, 0x00, 0x00, 0x00, 0x00, 0x00, 0x00, 0x00, 0x1C, 0x00, 0x00, 0x00, 0x00,
    0x00, 0x00, 0x00, 0x00, 0x00, 0x00, 0x00, 0x00, 0x00, 0x00, 0x00, 0x00, 0x00, 0x00, 0x00, 0x00,
    0x00, 0x00, 0x00, 0x00, 0x00, 0x00, 0x05, 0x00, 0x00, 0x00, 0x00, 0x00, 0x00, 0x00, 0x01, 0xFF,
    0xE0, 0x00, 0x00, 0x00, 0x00, 0x00, 0x00, 0x0B, 0xFB, 0xFC, 0x00, 0x00, 0x00, 0x00, 0x3C, 0x00,
    0x3F, 0x40, 0x3D, 0x00, 0x00, 0x00, 0x00, 0x3C, 0x00, 0xF8, 0x00, 0x2E, 0x00, 0x00, 0x00, 0x00,
    0x3D, 0x03, 0xE0, 0x00, 0x1D, 0x00, 0x2D, 0x00, 0x00, 0x1F, 0x0B, 0x80, 0x00, 0x3C, 0x00, 0x3C,
    0x00, 0x00, 0x1F, 0xEF, 0x00, 0x01, 0xFC, 0x00, 0x3C, 0x00, 0x00, 0x0F, 0xFF, 0xEA, 0xFF, 0xFF,
    0xFC, 0x3C, 0x00, 0x00, 0x0F, 0x6F, 0xFF, 0xFE, 0x4B, 0xFC, 0x3C, 0x00, 0x00, 0x1E, 0x00, 0x55,
    0x00, 0x00, 0x00, 0x3C, 0x00, 0x00, 0x3D, 0x00, 0x00, 0x00, 0x00, 0x00, 0x2F, 0x00, 0x00, 0xBC,
    0x00, 0x00, 0x00, 0x00, 0x00, 0x0F, 0xE5, 0x5B, 0xF0, 0x00, 0x00, 0x00, 0x00, 0x00, 0x02, 0xFF,
    0xFF, 0xC0, 0x00, 0x00, 0x00, 0x00, 0x00, 0x00, 0x2B, 0xE9, 0x00, 0x00, 0x00, 0x00, 0x00, 0x00,
    0x00, 0x00, 0x00, 0x01, 0x80, 0x00, 0x00, 0x00, 0x00, 0x3D, 0x00, 0x00, 0x00, 0x00, 0x01, 0xC0,
    0x00, 0x00, 0x00, 0x00, 0x00, 0x00, 0x00, 0x00, 0x00, 0x00, 0x00, 0x00, 0x00, 0x00, 0x00, 0x00,
    0x00, 0x00, 0x00, 0x00, 0x0B, 0xFE, 0x00, 0x00, 0x00, 0x0B, 0xFF, 0xF8, 0x00, 0x90, 0x03, 0xF4,
    0x07, 0xC0, 0x1D, 0x00, 0xFC, 0x00, 0x2D, 0x03, 0xC0, 0x3E, 0x00, 0x02, 0xD0, 0x3C, 0x0B, 0x80,
    0x00, 0x3C, 0x0F, 0xE1, 0xF0, 0x00, 0x1F, 0x8F, 0xFF, 0xFF, 0xAA, 0xBF, 0xF0, 0xF8, 0x2F, 0xFF,
    0xFF, 0xF4, 0x00, 0x00, 0x05, 0x55, 0x40, 0x00, 0x00, 0x00, 0x00, 0x01, 0x80, 0x00, 0x00, 0x00,
    0x00, 0x00, 0xF4, 0x00, 0x00, 0x00, 0x00, 0x00, 0x1C, 0x00, 0x00, 0x00, 0x00, 0x00, 0x00, 0x00,
    0x00, 0x00, 0x00, 0x00, 0x00, 0x00, 0x00, 0x00, 0x00, 0x00, 0x00, 0x00, 0x00, 0x00, 0x00, 0x00,
    0x00, 0xBF, 0xE0, 0x00, 0x00, 0x00, 0x02, 0xFF, 0xFE, 0x00, 0x00, 0x90, 0x03, 0xF4, 0x07, 0xC0,
    0x00, 0x74, 0x03, 0xF0, 0x00, 0xB4, 0x00, 0x3C, 0x03, 0xE0, 0x00, 0x2D, 0x00, 0x0F, 0x02, 0xE0,
    0x00, 0x0F, 0x00, 0x0F, 0xE1, 0xF0, 0x00, 0x1F, 0xC0, 0x3F, 0xFF, 0xFE, 0xAA, 0xFF, 0xFF, 0xEF,
    0x82, 0xFF, 0xFF, 0xFF, 0x5B, 0xFC, 0x00, 0x01, 0x55, 0x50, 0x00, 0x00, 0x00, 0x38, 0x00, 0x00,
    0x00, 0x00, 0xF0, 0x00, 0x00, 0x00, 0x03, 0xC0, 0x00, 0x00, 0x00, 0x0F, 0x00, 0x00, 0x00, 0x00,
    0x3C, 0x00, 0x00, 0x00, 0x00, 0xF0, 0x00, 0x00, 0x00, 0x03, 0xC0, 0x00, 0x00, 0x00, 0x0F, 0x00,
    0x00, 0x00, 0x00, 0x3C, 0x00, 0x14, 0x00, 0x00, 0xF0, 0x1F, 0xFF, 0x00, 0x03, 0xC2, 0xFF, 0xFF,
    0x00, 0x0F, 0x7F, 0x40, 0x3D, 0x00, 0x3F, 0xF0, 0x00, 0x78, 0x00, 0xBE, 0x00, 0x01, 0xE0, 0x03,
    0xE0, 0x00, 0x0F, 0x40, 0x1F, 0x00, 0x01, 0xF8, 0x7F, 0xFE, 0xAB, 0xFF, 0x81, 0xFF, 0xFF, 0xFF,
    0xE4, 0x00, 0x00, 0x55, 0x40, 0x00, 0x00, 0x00, 0x38, 0x00, 0x00, 0x00, 0x00, 0x00, 0xF0, 0x00,
    0x00, 0x00, 0x00, 0x03, 0xC0, 0x00, 0x00, 0x00, 0x00, 0x0F, 0x00, 0x00, 0x00, 0x00, 0x00, 0x3C,
    0x00, 0x00, 0x00, 0x00, 0x00, 0xF0, 0x00, 0x00, 0x00, 0x00, 0x03, 0xC0, 0x00, 0x00, 0x00, 0x00,
    0x0F, 0x00, 0x00, 0x00, 0x00, 0x00, 0x3C, 0x00, 0x14, 0x00, 0x00, 0x00, 0xF0, 0x1F, 0xFF, 0x00,
    0x00, 0x03, 0xC2, 0xFF, 0xFF, 0x00, 0x00, 0x0F, 0x7F, 0x40, 0x3D, 0x00, 0x00, 0x3F, 0xF0, 0x00,
    0x78, 0x00, 0x00, 0xBE, 0x00, 0x01, 0xE0, 0x00, 0x03, 0xE0, 0x00, 0x0F, 0x40, 0x00, 0x1F, 0x00,
    0x01, 0xFC, 0x00, 0x7F, 0xFE, 0xAB, 0xFF, 0xFF, 0xF1, 0xFF, 0xFF, 0xFF, 0xE4, 0xBF, 0xC0, 0x00,
    0x55, 0x40, 0x00, 0x00, 0x00, 0x0F, 0x00, 0x00, 0x00, 0x0F, 0x00, 0x00, 0x00, 0x0F, 0x00, 0x00,
    0x00, 0x0F, 0x00, 0x00, 0x00, 0x0F, 0x00, 0x00, 0x00, 0x0F, 0x00, 0x00, 0x00, 0x0F, 0x00, 0x00,
    0x00, 0x0F, 0x00, 0x00, 0x00, 0x0F, 0x00, 0x00, 0x00, 0x0F, 0x00, 0xBF, 0xF0, 0x0F, 0x47, 0xFF,
    0xFC, 0x0F, 0x6F, 0x80, 0x3E, 0x0B, 0xFD, 0x00, 0x0F, 0x0B, 0xF0, 0x00, 0x0E, 0x0B, 0xC0, 0x00,
    0x2D, 0x0F, 0x00, 0x06, 0xFC, 0xBF, 0xFF, 0xFF, 0xE0, 0xFF, 0xFF, 0xF9, 0x00, 0x00, 0x00, 0x00,
    0x00, 0x0F, 0x00, 0x00, 0x00, 0x00, 0x3C, 0x00, 0x00, 0x00, 0x00, 0xF0, 0x00, 0x00, 0x00, 0x03,
    0xC0, 0x00, 0x00, 0x00, 0x0F, 0x00, 0x00, 0x00, 0x00, 0x3C, 0x00, 0x00, 0x00, 0x00, 0xF0, 0x00,
    0x00, 0x00, 0x03, 0xC0, 0x00, 0x00, 0x00, 0x0F, 0x00, 0x00, 0x00, 0x00, 0x3C, 0x02, 0xFF, 0xC0,
    0x00, 0xF4, 0x7F, 0xFF, 0xC0, 0x03, 0xDB, 0xE0, 0x0F, 0x80, 0x0B, 0xFD, 0x00, 0x0F, 0x00, 0x2F,
    0xC0, 0x00, 0x38, 0x00, 0xBC, 0x00, 0x02, 0xD0, 0x03, 0xC0, 0x01, 0xBF, 0x00, 0xBF, 0xFF, 0xFF,
    0xFF, 0xFB, 0xFF, 0xFF, 0xE4, 0x2F, 0xF0, 0x00, 0x00, 0x00, 0x00, 0x00, 0x00, 0x38, 0x00, 0x00,
    0x00, 0x00, 0xF0, 0x00, 0x00, 0x00, 0x03, 0xC0, 0x00, 0x00, 0x00, 0x0F, 0x00, 0x06, 0x00, 0x00,
    0x3C, 0x00, 0x3D, 0x00, 0x00, 0xF0, 0x00, 0xB0, 0x00, 0x03, 0xC0, 0x00, 0x00, 0x00, 0x0F, 0x00,
    0x00, 0x00, 0x00, 0x3C, 0x00, 0x14, 0x00, 0x00, 0xF0, 0x1F, 0xFF, 0x00, 0x03, 0xC2, 0xFF, 0xFF,
    0x00, 0x0F, 0x7F, 0x40, 0x3D, 0x00, 0x3F, 0xF0, 0x00, 0x78, 0x00, 0xBE, 0x00, 0x01, 0xE0, 0x03,
    0xE0, 0x00, 0x0F, 0x40, 0x1F, 0x00, 0x01, 0xF8, 0x7F, 0xFE, 0xAB, 0xFF, 0x81, 0xFF, 0xFF, 0xFF,
    0xE4, 0x00, 0x00, 0x55, 0x40, 0x00, 0x00, 0x00, 0x38, 0x00, 0x00, 0x00, 0x00, 0x00, 0xF0, 0x00,
    0x00, 0x00, 0x00, 0x03, 0xC0, 0x00, 0x00, 0x00, 0x00, 0x0F, 0x00, 0x24, 0x00, 0x00, 0x00, 0x3C,
    0x01, 0xF0, 0x00, 0x00, 0x00, 0xF0, 0x02, 0x80, 0x00, 0x00, 0x03, 0xC0, 0x00, 0x00, 0x00, 0x00,
    0x0F, 0x00, 0x00, 0x00, 0x00, 0x00, 0x3C, 0x00, 0x14, 0x00, 0x00, 0x00, 0xF0, 0x1F, 0xFF, 0x00,
    0x00, 0x03, 0xC2, 0xFF, 0xFF, 0x00, 0x00, 0x0F, 0x7F, 0x40, 0x3D, 0x00, 0x00, 0x3F, 0xF0, 0x00,
    0x78, 0x00, 0x00, 0xBE, 0x00, 0x01, 0xE0, 0x00, 0x03, 0xE0, 0x00, 0x0F, 0x40, 0x00, 0x1F, 0x00,
    0x01, 0xFC, 0x00, 0x7F, 0xFE, 0xAB, 0xFF, 0xFF, 0xF1, 0xFF, 0xFF, 0xFF, 0xE4, 0xBF, 0xC0, 0x00,
    0x55, 0x40, 0x00, 0x00, 0x00, 0x0F, 0x00, 0x00, 0x00, 0x0F, 0x00, 0x00, 0x00, 0x0F, 0x00, 0x00,
    0x00, 0x0F, 0x00, 0x18, 0x00, 0x0F, 0x00, 0x3D, 0x00, 0x0F, 0x00, 0x2C, 0x00, 0x0F, 0x00, 0x00,
    0x00, 0x0F, 0x00, 0x00, 0x00, 0x0F, 0x00, 0x00, 0x00, 0x0F, 0x00, 0xBF, 0xF0, 0x0F, 0x47, 0xFF,
    0xFC, 0x0F, 0x6F, 0x80, 0x3E, 0x0B, 0xFD, 0x00, 0x0F, 0x0B, 0xF0, 0x00, 0x0E, 0x0B, 0xC0, 0x00,
    0x2D, 0x0F, 0x00, 0x06, 0xFC, 0xBF, 0xFF, 0xFF, 0xE0, 0xFF, 0xFF, 0xF9, 0x00, 0x00, 0x00, 0x00,
    0x00, 0x0F, 0x00, 0x00, 0x00, 0x00, 0x3C, 0x00, 0x00, 0x00, 0x00, 0xF0, 0x00, 0x00, 0x00, 0x03,
    0xC0, 0x06, 0x00, 0x00, 0x0F, 0x00, 0x3D, 0x00, 0x00, 0x3C, 0x00, 0xB0, 0x00, 0x00, 0xF0, 0x00,
    0x00, 0x00, 0x03, 0xC0, 0x00, 0x00, 0x00, 0x0F, 0x00, 0x00, 0x00, 0x00, 0x3C, 0x02, 0xFF, 0xC0,
    0x00, 0xF4, 0x7F, 0xFF, 0xC0, 0x03, 0xDB, 0xE0, 0x0F, 0x80, 0x0B, 0xFD, 0x00, 0x0F, 0x00, 0x2F,
    0xC0, 0x00, 0x38, 0x00, 0xBC, 0x00, 0x02, 0xD0, 0x03, 0xC0, 0x01, 0xBF, 0x00, 0xBF, 0xFF, 0xFF,
    0xFF, 0xFB, 0xFF, 0xFF, 0xE4, 0x2F, 0xF0, 0x00, 0x00, 0x00, 0x00, 0x00, 0x00, 0x55, 0x00, 0x00,
    0x1F, 0xFD, 0x00, 0x00, 0xFE, 0xA0, 0x00, 0x0F, 0x80, 0x00, 0x00, 0x3C, 0x00, 0x00, 0x00, 0xF0,
    0x00, 0x00, 0x03, 0xE0, 0x01, 0x00, 0x07, 0xE1, 0xBD, 0x00, 0x0B, 0xFF, 0xF4, 0x00, 0x0B, 0xF4,
    0x00, 0x00, 0x7D, 0x00, 0x00, 0x07, 0xD0, 0x00, 0x00, 0x3D, 0x00, 0x00, 0x01, 0xF0, 0x00, 0x00,
    0x0B, 0x40, 0x00, 0x00, 0x2D, 0x00, 0x00, 0x00, 0xB4, 0x00, 0x00, 0x02, 0xE0, 0x00, 0x00, 0x07,
    0xC0, 0x00, 0x00, 0x0F, 0xC0, 0x00, 0x00, 0x0F, 0xE5, 0x05, 0xB0, 0x0B, 0xFF, 0xFF, 0xC0, 0x01,
    0xBF, 0xA4, 0x00, 0x00, 0x01, 0x00, 0x00, 0x02, 0xFF, 0xC0, 0x00, 0x7F, 0xFF, 0xC0, 0x03, 0xD0,
    0x0F, 0x00, 0x0F, 0x00, 0x3C, 0x00, 0x2F, 0x41, 0xE0, 0x00, 0x1F, 0x5F, 0x00, 0x00, 0x1F, 0xF0,
    0x00, 0x00, 0x7F, 0xD0, 0x00, 0x0B, 0xEF, 0xFF, 0xD0, 0xBC, 0x06, 0xFF, 0x4B, 0xC0, 0x00, 0x00,
    0x3C, 0x00, 0x00, 0x01, 0xE0, 0x00, 0x00, 0x0B, 0x40, 0x00, 0x00, 0x2D, 0x00, 0x00, 0x00, 0xB8,
    0x00, 0x00, 0x01, 0xF4, 0x00, 0x00, 0x03, 0xFD, 0x45, 0xBD, 0x02, 0xFF, 0xFF, 0xF4, 0x00, 0xAF,
    0xE4, 0x00, 0x00, 0x7F, 0xD0, 0x02, 0xFF, 0xD0, 0x07, 0xD0, 0x00, 0x0F, 0x40, 0x00, 0x0F, 0x00,
    0x00, 0x0F, 0x00, 0x00, 0x0B, 0x80, 0x00, 0x03, 0xE0, 0x19, 0x00, 0xFF, 0xFE, 0xBF, 0xFF, 0xE4,
    0xFF, 0xE9, 0x00, 0x00, 0x00, 0x00, 0x00, 0x05, 0x00, 0x00, 0x07, 0xFF, 0xC0, 0x00, 0xBF, 0xFF,
    0xC0, 0x0B, 0x80, 0x0F, 0x00, 0x1F, 0x00, 0x3C, 0x00, 0x3F, 0x01, 0xE0, 0x00, 0x2F, 0x0F, 0x00,
    0x00, 0x2F, 0xF4, 0x00, 0x01, 0xBF, 0xD0, 0x02, 0xFF, 0xEF, 0xFF, 0xCF, 0xE4, 0x06, 0xFF, 0x00,
    0x00, 0x00, 0x00, 0x00, 0x14, 0x00, 0x00, 0x00, 0xF0, 0x00, 0x00, 0x02, 0x80, 0x00, 0x00, 0x00,
    0x00, 0x00, 0x00, 0x00, 0x00, 0x00, 0x01, 0x54, 0x00, 0x00, 0x7F, 0xF4, 0x00, 0x03, 0xFA, 0x80,
    0x00, 0x3E, 0x00, 0x00, 0x00, 0xF0, 0x00, 0x00, 0x03, 0xC0, 0x00, 0x00, 0x0F, 0x80, 0x04, 0x00,
    0x1F, 0x86, 0xF4, 0x00, 0x2F, 0xFF, 0xD0, 0x00, 0x2F, 0xD0, 0x00, 0x01, 0xF4, 0x00, 0x00, 0x1F,
    0x40, 0x00, 0x00, 0xF4, 0x00, 0x00, 0x07, 0xC0, 0x00, 0x00, 0x2D, 0x00, 0x00, 0x00, 0xB4, 0x00,
    0x00, 0x02, 0xD0, 0x00, 0x00, 0x0B, 0x80, 0x00, 0x00, 0x1F, 0x00, 0x00, 0x00, 0x3F, 0x00, 0x00,
    0x00, 0x3F, 0x94, 0x16, 0xC0, 0x2F, 0xFF, 0xFF, 0x00, 0x06, 0xFE, 0x90, 0x00, 0x06, 0x00, 0x00,
    0x00, 0x3E, 0x00, 0x00, 0x00, 0x70, 0x00, 0x00, 0x00, 0x00, 0x00, 0x00, 0x00, 0x00, 0x00, 0x00,
    0x04, 0x00, 0x00, 0x0B, 0xFF, 0x00, 0x01, 0xFF, 0xFF, 0x00, 0x0F, 0x40, 0x3C, 0x00, 0x3C, 0x00,
    0xF0, 0x00, 0xBD, 0x07, 0x80, 0x00, 0x7D, 0x7C, 0x00, 0x00, 0x7F, 0xC0, 0x00, 0x01, 0xFF, 0x40,
    0x00, 0x2F, 0xBF, 0xFF, 0x42, 0xF0, 0x1B, 0xFD, 0x2F, 0x00, 0x00, 0x00, 0xF0, 0x00, 0x00, 0x07,
    0x80, 0x00, 0x00, 0x2D, 0x00, 0x00, 0x00, 0xB4, 0x00, 0x00, 0x02, 0xE0, 0x00, 0x00, 0x07, 0xD0,
    0x00, 0x00, 0x0F, 0xF5, 0x16, 0xF4, 0x0B, 0xFF, 0xFF, 0xD0, 0x02, 0xBF, 0x90, 0x00, 0x00, 0x08,
    0x00, 0x00, 0x2F, 0x00, 0x00, 0x0D, 0x00, 0x00, 0x00, 0x00, 0x00, 0x00, 0x00, 0x00, 0x7F, 0xD0,
    0x02, 0xFF, 0xD0, 0x07, 0xD0, 0x00, 0x0F, 0x40, 0x00, 0x0F, 0x00, 0x00, 0x0F, 0x00, 0x00, 0x0B,
    0x80, 0x00, 0x03, 0xE0, 0x19, 0x00, 0xFF, 0xFE, 0xBF, 0xFF, 0xE4, 0xFF, 0xE9, 0x00, 0x00, 0x00,
    0x00, 0x00, 0x09, 0x00, 0x00, 0x00, 0x7C, 0x00, 0x00, 0x00, 0xE0, 0x00, 0x00, 0x00, 0x00, 0x00,
    0x00, 0x00, 0x00, 0x00, 0x00, 0x14, 0x00, 0x00, 0x1F, 0xFF, 0x00, 0x02, 0xFF, 0xFF, 0x00, 0x2E,
    0x00, 0x3C, 0x00, 0x7C, 0x00, 0xF0, 0x00, 0xFC, 0x07, 0x80, 0x00, 0xBC, 0x3C, 0x00, 0x00, 0xBF,
    0xD0, 0x00, 0x06, 0xFF, 0x40, 0x0B, 0xFF, 0xBF, 0xFF, 0x3F, 0x90, 0x1B, 0xFC, 0x00, 0x00, 0x00,
    0x00, 0x00, 0x00, 0x00, 0x00, 0x05, 0x00, 0x00, 0x00, 0x00, 0x00, 0x0F, 0x00, 0x00, 0x00, 0x00,
    0x00, 0x0A, 0x00, 0x00, 0x00, 0x00, 0x00, 0x00, 0x00, 0x00, 0x00, 0x00, 0x00, 0x00, 0x00, 0x00,
    0x00, 0x00, 0x00, 0x06, 0x40, 0x00, 0x00, 0x00, 0x00, 0x3F, 0xF0, 0x00, 0x00, 0x00, 0x00, 0xFE,
    0xF8, 0x00, 0x00, 0x00, 0x01, 0xF0, 0x7C, 0x00, 0x00, 0x00, 0x02, 0xD0, 0x3C, 0x3C, 0x00, 0x00,
    0x02, 0xC0, 0x2D, 0x3C, 0x00, 0x00, 0x02, 0xE0, 0x2D, 0x3C, 0x00, 0x00, 0x01, 0xFF, 0xFD, 0x3C,
    0x00, 0x00, 0x00, 0x7F, 0xFD, 0x3C, 0x00, 0x00, 0x00, 0x00, 0x3C, 0x3F, 0x40, 0x00, 0x00, 0x00,
    0x7C, 0x0F, 0xFE, 0xAA, 0xAA, 0xAB, 0xF4, 0x02, 0xFF, 0xFF, 0xFF, 0xFF, 0xD0, 0x00, 0x05, 0xAA,
    0xA5, 0x54, 0x00, 0x00, 0x00, 0x00, 0x00, 0x00, 0x60, 0x00, 0x00, 0x00, 0x00, 0x00, 0x00, 0x3D,
    0x00, 0x00, 0x00, 0x00, 0x00, 0x00, 0x0B, 0x00, 0x00, 0x00, 0x00, 0x00, 0x00, 0x00, 0x00, 0x00,
    0x00, 0x00, 0x00, 0x00, 0x00, 0x00, 0x00, 0x00, 0x00, 0x00, 0x00, 0x00, 0x04, 0x00, 0x00, 0x00,
    0x00, 0x00, 0x00, 0x3F, 0xE0, 0x00, 0x00, 0x00, 0x00, 0x00, 0x3F, 0xBE, 0x00, 0x3C, 0x00, 0x00,
    0x00, 0x2F, 0x03, 0xC0, 0x0F, 0x00, 0x00, 0x00, 0x0F, 0x40, 0xB8, 0x03, 0xC0, 0x00, 0x00, 0x03,
    0xC0, 0x1E, 0x00, 0xF0, 0x00, 0x00, 0x00, 0xF4, 0x0B, 0x40, 0x3C, 0x00, 0x00, 0x00, 0x1F, 0x0B,
    0xC0, 0x0F, 0xD0, 0x00, 0x00, 0x02, 0xFF, 0xD0, 0x00, 0xFF, 0xEA, 0xAA, 0xAF, 0xFF, 0xFF, 0xF4,
    0x0B, 0xFF, 0xFF, 0xFF, 0xFE, 0x6F, 0xFE, 0x00, 0x05, 0xAA, 0x55, 0x00, 0x00, 0x00, 0x00, 0x00,
    0x20, 0x00, 0x02, 0xF0, 0x00, 0x07, 0x40, 0x00, 0x00, 0x00, 0x00, 0x00, 0x00, 0x00, 0x50, 0x00,
    0x1F, 0xF4, 0x00, 0xFA, 0xF0, 0x0B, 0x42, 0xE0, 0x3C, 0x03, 0xC0, 0xF0, 0x0F, 0x03, 0xD0, 0x3C,
    0x0B, 0xFF, 0xF0, 0x0B, 0xFF, 0xC0, 0x00, 0x2E, 0x00, 0x06, 0xF0, 0xBF, 0xFF, 0x03, 0xFF, 0x90,
    0x00, 0x00, 0x00, 0x00, 0x00, 0x18, 0x00, 0x00, 0x03, 0xD0, 0x00, 0x00, 0x2C, 0x00, 0x00, 0x00,
    0x00, 0x00, 0x00, 0x00, 0x00, 0x00, 0x01, 0x40, 0x00, 0x00, 0xFF, 0x80, 0x00, 0x3F, 0xBE, 0x00,
    0x0B, 0xC1, 0xF0, 0x00, 0xF4, 0x0B, 0x40, 0x0F, 0x00, 0xB4, 0x00, 0xF4, 0x0F, 0x40, 0x07, 0xC2,
    0xF0, 0x00, 0x2F, 0xFD, 0x00, 0xBF, 0xFF, 0xFF, 0xDF, 0xFE, 0x6F, 0xFD, 0x00, 0x00, 0x00, 0x00,
    0x00, 0x00, 0x01, 0x42, 0x00, 0x00, 0x00, 0x0F, 0x6E, 0x00, 0x00, 0x00, 0x28, 0x74, 0x00, 0x00,
    0x00, 0x00, 0x00, 0x00, 0x00, 0x00, 0x00, 0x00, 0x00, 0x00, 0x00, 0x50, 0x00, 0x00, 0x00, 0x0F,
    0xF4, 0x00, 0x00, 0x00, 0xFF, 0xF0, 0x00, 0x00, 0x07, 0x82, 0xE0, 0x00, 0x00, 0x3C, 0x03, 0xC0,
    0xD0, 0x00, 0xF0, 0x0F, 0x0B, 0x80, 0x03, 0xD0, 0x2C, 0x3D, 0x00, 0x0B, 0xFF, 0xF0, 0xF0, 0x00,
    0x0B, 0xFF, 0xC3, 0xC0, 0x00, 0x00, 0x0F, 0x0F, 0x00, 0x00, 0x00, 0x78, 0x3D, 0x00, 0x00, 0x03,
    0xC0, 0xBD, 0x00, 0x00, 0x7E, 0x00, 0xFF, 0x95, 0xAF, 0xE0, 0x00, 0xBF, 0xFF, 0xFD, 0x00, 0x00,
    0x1A, 0xA9, 0x00, 0x00, 0x00, 0x00, 0x00, 0x81, 0x40, 0x00, 0x00, 0x00, 0x2E, 0x3C, 0x00, 0x00,
    0x00, 0x01, 0xD2, 0x80, 0x00, 0x00, 0x00, 0x00, 0x00, 0x00, 0x00, 0x00, 0x00, 0x00, 0x00, 0x00,
    0x00, 0x00, 0x00, 0x40, 0x00, 0x00, 0x00, 0x00, 0xFF, 0x40, 0x00, 0x00, 0x00, 0x3F, 0xFC, 0x00,
    0x00, 0x00, 0x07, 0x82, 0xE0, 0x00, 0x00, 0x00, 0xF0, 0x0F, 0x00, 0x0D, 0x00, 0x0F, 0x00, 0xF0,
    0x02, 0xE0, 0x00, 0xF4, 0x0F, 0x40, 0x3D, 0x00, 0x0B, 0xFF, 0xFF, 0xD3, 0xC0, 0x00, 0x2F, 0xFF,
    0xFD, 0x3C, 0x00, 0x00, 0x00, 0xF0, 0x03, 0xC0, 0x00, 0x00, 0x1E, 0x00, 0x3D, 0x00, 0x00, 0x03,
    0xD0, 0x02, 0xF4, 0x00, 0x01, 0xF8, 0x00, 0x0F, 0xF9, 0x56, 0xFE, 0x00, 0x00, 0x2F, 0xFF, 0xFF,
    0x40, 0x00, 0x00, 0x1B, 0xE9, 0x00, 0x00, 0x00, 0x02, 0x46, 0x00, 0x1F, 0x3E, 0x00, 0x28, 0x70,
    0x00, 0x00, 0x00, 0x00, 0x00, 0x00, 0x00, 0x50, 0x00, 0x1F, 0xF4, 0x00, 0xFA, 0xF0, 0x0B, 0x42,
    0xE0, 0x3C, 0x03, 0xC0, 0xF0, 0x0F, 0x03, 0xD0, 0x3C, 0x0B, 0xFF, 0xF0, 0x0B, 0xFF, 0xC0, 0x00,
    0x2E, 0x00, 0x06, 0xF0, 0xBF, 0xFF, 0x03, 0xFF, 0x90, 0x00, 0x00, 0x00, 0x00, 0x00, 0x82, 0x40,
    0x00, 0x2E, 0x7C, 0x00, 0x01, 0xD2, 0x80, 0x00, 0x00, 0x00, 0x00, 0x00, 0x00, 0x00, 0x00, 0x01,
    0x40, 0x00, 0x00, 0xFF, 0x80, 0x00, 0x3F, 0xBE, 0x00, 0x0B, 0xC1, 0xF0, 0x00, 0xF4, 0x0B, 0x40,
    0x0F, 0x00, 0xB4, 0x00, 0xF4, 0x0F, 0x40, 0x07, 0xC2, 0xF0, 0x00, 0x2F, 0xFD, 0x00, 0xBF, 0xFF,
    0xFF, 0xDF, 0xFE, 0x6F, 0xFD, 0x00, 0x00, 0x00, 0x00, 0x00, 0x00, 0x00, 0x00, 0x0F, 0x00, 0x00,
    0x00, 0x00, 0x03, 0xC0, 0x00, 0x00, 0x00, 0x00, 0xF0, 0x00, 0x00, 0x00, 0x00, 0x3C, 0x00, 0x00,
    0x00, 0x40, 0x0F, 0x00, 0x00, 0x00, 0xF4, 0x03, 0xC0, 0x00, 0x00, 0xF4, 0x00, 0xF4, 0x00, 0x00,
    0x74, 0x00, 0x2D, 0x00, 0x00, 0x0F, 0x00, 0x0B, 0x40, 0x00, 0x00, 0xF0, 0x02, 0xD3, 0xC0, 0x00,
    0x3C, 0x00, 0xB4, 0xF0, 0x00, 0xFD, 0x00, 0x2D, 0x3C, 0x00, 0x34, 0x00, 0x0B, 0x8F, 0x00, 0x00,
    0x00, 0x02, 0xE3, 0xC0, 0x00, 0x00, 0x00, 0xF4, 0xFD, 0x00, 0x00, 0x00, 0xBC, 0x0F, 0xFE, 0xAA,
    0xAB, 0xFD, 0x00, 0xBF, 0xFF, 0xFF, 0xF8, 0x00, 0x00, 0x5A, 0xA5, 0x40, 0x00, 0x00, 0x00, 0x00,
    0x00, 0x0F, 0x00, 0x00, 0x00, 0x00, 0x00, 0x03, 0xC0, 0x00, 0x00, 0x00, 0x00, 0x00, 0xF0, 0x00,
    0x00, 0x00, 0x00, 0x00, 0x3C, 0x00, 0x00, 0x00, 0x00, 0x40, 0x0F, 0x00, 0x00, 0x00, 0x00, 0xF4,
    0x03, 0xC0, 0x00, 0x00, 0x00, 0xF4, 0x00, 0xF4, 0x00, 0x00, 0x00, 0x74, 0x00, 0x2D, 0x00, 0x00,
    0x00, 0x0F, 0x00, 0x0B, 0x40, 0x00, 0x00, 0x00, 0xF0, 0x02, 0xD0, 0x03, 0xC0, 0x00, 0x3C, 0x00,
    0xB4, 0x00, 0xF0, 0x00, 0xFD, 0x00, 0x2D, 0x00, 0x3C, 0x00, 0x34, 0x00, 0x0B, 0x80, 0x0F, 0x00,
    0x00, 0x00, 0x02, 0xE0, 0x03, 0xC0, 0x00, 0x00, 0x00, 0xFC, 0x00, 0xFD, 0x00, 0x00, 0x00, 0xBF,
    0x80, 0x0F, 0xFE, 0xAA, 0xAB, 0xFE, 0xFF, 0x00, 0xBF, 0xFF, 0xFF, 0xF8, 0x1F, 0xC0, 0x00, 0x5A,
    0xA5, 0x40, 0x00, 0x00, 0x00, 0x00, 0x10, 0x00, 0x0B, 0xC0, 0x02, 0xFE, 0x00, 0x7F, 0x80, 0x0F,
    0xE0, 0x00, 0xFC, 0x00, 0x03, 0xC0, 0x00, 0x0F, 0xC0, 0x00, 0x0B, 0xD0, 0x00, 0x0B, 0xD0, 0x00,
    0x07, 0xC0, 0x00, 0x0B, 0xC0, 0x00, 0x0F, 0x40, 0x00, 0x1E, 0x00, 0x00, 0x3C, 0x00, 0x02, 0xE0,
    0xBF, 0xFF, 0x03, 0xFF, 0xE0, 0x00, 0x00, 0x00, 0x00, 0x00, 0x00, 0x10, 0x00, 0x00, 0x2F, 0x00,
    0x00, 0x2F, 0xE0, 0x00, 0x2F, 0xE0, 0x00, 0x0F, 0xE0, 0x00, 0x03, 0xF0, 0x00, 0x00, 0x3C, 0x00,
    0x00, 0x03, 0xE0, 0x00, 0x00, 0x0F, 0xC0, 0x00, 0x00, 0x3F, 0x00, 0x00, 0x00, 0xFC, 0x00, 0x00,
    0x03, 0xE0, 0x00, 0x00, 0x0F, 0x40, 0x00, 0x00, 0x7C, 0x00, 0x00, 0x03, 0xE0, 0x00, 0x00, 0xBF,
    0x80, 0xBF, 0xFF, 0x7F, 0xEF, 0xFF, 0x40, 0xBF, 0x00, 0x00, 0x00, 0x00, 0x00, 0x00, 0x00, 0x2D,
    0x00, 0x00, 0x00, 0x2D, 0x00, 0x00, 0x00, 0x2D, 0x00, 0x00, 0x00, 0x2D, 0x00, 0x00, 0x00, 0x2D,
    0x00, 0x00, 0x00, 0x2E, 0x00, 0x00, 0x00, 0x2E, 0x00, 0x00, 0x00, 0x1E, 0x00, 0x00, 0x00, 0x1E,
    0x00, 0x00, 0x00, 0x1E, 0x00, 0x00, 0x00, 0x1E, 0x00, 0x00, 0x00, 0x1E, 0x00, 0x00, 0x00, 0x1E,
    0x00, 0x00, 0x00, 0x1E, 0x2D, 0x00, 0x00, 0x1E, 0x3C, 0x00, 0x00, 0x1E, 0x3C, 0x00, 0x00, 0x1E,
    0x3C, 0x00, 0x00, 0x2D, 0x3C, 0x00, 0x00, 0x3C, 0x3C, 0x00, 0x00, 0x7C, 0x2F, 0x00, 0x00, 0xF4,
    0x0F, 0xE5, 0x5B, 0xE0, 0x02, 0xFF, 0xFF, 0x80, 0x00, 0x2B, 0xE4, 0x00, 0x00, 0x00, 0x00, 0x2D,
    0x00, 0x00, 0x00, 0x00, 0x2D, 0x00, 0x00, 0x00, 0x00, 0x2D, 0x00, 0x00, 0x00, 0x00, 0x2D, 0x00,
    0x00, 0x00, 0x00, 0x2D, 0x00, 0x00, 0x00, 0x00, 0x2D, 0x00, 0x00, 0x00, 0x00, 0x2E, 0x00, 0x00,
    0x00, 0x00, 0x1E, 0x00, 0x00, 0x00, 0x00, 0x1E, 0x00, 0x00, 0x00, 0x00, 0x1E, 0x00, 0x00, 0x00,
    0x00, 0x1E, 0x00, 0x00, 0x00, 0x00, 0x1E, 0x00, 0x00, 0x00, 0x00, 0x1E, 0x00, 0x00, 0x00, 0x00,
    0x1F, 0x00, 0x2D, 0x00, 0x00, 0x0F, 0x00, 0x3C, 0x00, 0x00, 0x0F, 0x80, 0x3C, 0x00, 0x00, 0x0F,
    0xFD, 0x3C, 0x00, 0x00, 0x1F, 0xBD, 0x3C, 0x00, 0x00, 0x2D, 0x00, 0x3C, 0x00, 0x00, 0x3C, 0x00,
    0x2F, 0x00, 0x00, 0xF8, 0x00, 0x0F, 0xE5, 0x5B, 0xF0, 0x00, 0x03, 0xFF, 0xFF, 0x80, 0x00, 0x00,
    0x2B, 0xE4, 0x00, 0x00, 0x07, 0x40, 0xB8, 0x07, 0x80, 0x78, 0x07, 0x80, 0x78, 0x07, 0x80, 0x7C,
    0x03, 0xC0, 0x3C, 0x03, 0xC0, 0x3C, 0x03, 0xC0, 0x3C, 0x03, 0xC0, 0x7C, 0xFF, 0x4F, 0xD0, 0x00,
    0x00, 0x07, 0x40, 0x01, 0xE0, 0x00, 0x78, 0x00, 0x1E, 0x00, 0x07, 0x80, 0x01, 0xE0, 0x00, 0x7C,
    0x00, 0x1F, 0x00, 0x03, 0xC0, 0x00, 0xF0, 0x00, 0x3C, 0x00, 0x0F, 0x00, 0x03, 0xC0, 0x00, 0xF0,
    0x00, 0x3D, 0x00, 0x1F, 0xC0, 0xFF, 0xFF, 0xBF, 0x4B, 0xE0, 0x00, 0x00, 0x00, 0x19, 0x00, 0x01,
    0xFF, 0xD0, 0x07, 0xE6, 0xF0, 0x0F, 0x40, 0xB8, 0x0A, 0x00, 0x3C, 0x00, 0x00, 0x3C, 0x00, 0x55,
    0x7C, 0x0B, 0xFF, 0xFC, 0x2F, 0xEA, 0xF8, 0x3D, 0x00, 0x00, 0x78, 0x00, 0x00, 0x78, 0x00, 0x00,
    0x78, 0x00, 0x00, 0x78, 0x00, 0x00, 0x3C, 0x00, 0x00, 0x3C, 0x00, 0x00, 0x3C, 0x00, 0x00, 0x2D,
    0x00, 0x00, 0x1E, 0x00, 0x00, 0x09, 0x00, 0x00, 0x00, 0x00, 0x00, 0x00, 0x00, 0x0B, 0xE0, 0x00,
    0x00, 0x7F, 0xF4, 0x00, 0x02, 0xF9, 0x7C, 0x00, 0x0B, 0xD0, 0x3D, 0x00, 0x1F, 0xC0, 0x1E, 0x00,
    0x3F, 0xE0, 0x0F, 0x00, 0x3C, 0xF8, 0x0F, 0x80, 0xB8, 0x7F, 0xAF, 0xFC, 0xB4, 0x0F, 0xFD, 0xFC,
    0xB4, 0x00, 0x50, 0x00, 0xB4, 0x00, 0x00, 0x00, 0xB4, 0x00, 0x00, 0x00, 0x78, 0x00, 0x00, 0x00,
    0x7C, 0x00, 0x00, 0x00, 0x3C, 0x00, 0x00, 0x00, 0x3C, 0x00, 0x00, 0x00, 0x2D, 0x00, 0x00, 0x00,
    0x1E, 0x00, 0x00, 0x00, 0x09, 0x00, 0x00, 0x00, 0x00, 0x0F, 0xD0, 0x00, 0x7F, 0xF4, 0x00, 0xF4,
    0xBC, 0x01, 0xE0, 0x2D, 0x03, 0xC0, 0x1E, 0x07, 0x80, 0x0E, 0x1F, 0xE4, 0x2D, 0xFE, 0xFF, 0xFC,
    0xF4, 0x2F, 0xE0, 0x00, 0x00, 0x00, 0x00, 0x00, 0x00, 0x00, 0x00, 0x0F, 0xD0, 0x00, 0x00, 0x7F,
    0xF4, 0x00, 0x00, 0xF4, 0x7C, 0x00, 0x02, 0xE0, 0x3D, 0x00, 0x03, 0xC0, 0x1F, 0x00, 0x0B, 0xD0,
    0x0F, 0x40, 0x1F, 0xF4, 0x0F, 0xC0, 0xFD, 0x7F, 0xBF, 0xFD, 0xF4, 0x1F, 0xFC, 0xBE, 0x00, 0x01,
    0x50, 0x00, 0x00, 0x01, 0x80, 0x00, 0x00, 0x03, 0xD0, 0x00, 0x00, 0x01, 0xC0, 0x00, 0x00, 0x00,
    0x00, 0x00, 0x00, 0x00, 0x00, 0x00, 0x00, 0x00, 0x00, 0x24, 0x00, 0x00, 0x00, 0xB8, 0x00, 0x00,
    0x00, 0x3C, 0x00, 0x00, 0x00, 0x3D, 0x2D, 0x00, 0x00, 0x1E, 0x3C, 0x00, 0x00, 0x1F, 0x3C, 0x00,
    0x00, 0x0F, 0x3C, 0x00, 0x00, 0x0F, 0x3C, 0x00, 0x00, 0x1E, 0x3C, 0x00, 0x00, 0x3D, 0x2F, 0x00,
    0x00, 0xFC, 0x0F, 0xE5, 0x5B, 0xF0, 0x02, 0xFF, 0xFF, 0x80, 0x00, 0x1A, 0xA4, 0x00, 0x00, 0x01,
    0x80, 0x00, 0x00, 0x00, 0x03, 0xD0, 0x00, 0x00, 0x00, 0x01, 0xC0, 0x00, 0x00, 0x00, 0x00, 0x00,
    0x00, 0x00, 0x00, 0x00, 0x00, 0x00, 0x00, 0x00, 0x00, 0x00, 0x00, 0x00, 0x00, 0x00, 0x00, 0x3C,
    0x00, 0x00, 0x00, 0x00, 0x3C, 0x00, 0x00, 0x00, 0x00, 0x2D, 0x00, 0x2D, 0x00, 0x00, 0x1E, 0x00,
    0x3C, 0x00, 0x00, 0x1F, 0x40, 0x3C, 0x00, 0x00, 0x0F, 0xFD, 0x3C, 0x00, 0x00, 0x0F, 0xBD, 0x3C,
    0x00, 0x00, 0x1E, 0x00, 0x3C, 0x00, 0x00, 0x2D, 0x00, 0x2F, 0x00, 0x00, 0xBC, 0x00, 0x0F, 0xE5,
    0x5B, 0xF4, 0x00, 0x03, 0xFF, 0xFF, 0xC0, 0x00, 0x00, 0x2B, 0xE9, 0x00, 0x00, 0x06, 0x00, 0xF4,
    0x0B, 0x00, 0x00, 0x00, 0x00, 0x00, 0x07, 0x40, 0xB8, 0x03, 0xC0, 0x3C, 0x02, 0xD0, 0x1D, 0x01,
    0xD0, 0x3C, 0xBF, 0x8F, 0xD0, 0x00, 0x00, 0x02, 0x40, 0x00, 0x7C, 0x00, 0x02, 0x80, 0x00, 0x00,
    0x00, 0x00, 0x00, 0x00, 0x00, 0x00, 0x00, 0xE0, 0x00, 0x1E, 0x00, 0x02, 0xD0, 0x00, 0x3D, 0x00,
    0x0B, 0xF0, 0x0B, 0xFF, 0xFE, 0xFD, 0x2F, 0xE0, 0x00, 0x00, 0x00, 0x80, 0x00, 0x2F, 0x00, 0x01,
    0xFC, 0x00, 0x3E, 0xF0, 0x0F, 0x0B, 0x41, 0xE0, 0x3C, 0x3C, 0x02, 0xC3, 0xC0, 0x1D, 0x3C, 0x02,
    0xD3, 0xE0, 0x7C, 0x2F, 0xFF, 0x40, 0x7F, 0xD0, 0x00, 0x03, 0xC0, 0x00, 0x00, 0x3C, 0x00, 0x00,
    0x2F, 0xC0, 0x00, 0x2F, 0xFC, 0x00, 0x0F, 0xD3, 0xD0, 0x02, 0xE0, 0x2D, 0x00, 0x3C, 0x02, 0xD0,
    0x03, 0xC0, 0x2D, 0x00, 0x3F, 0x56, 0xD0, 0x01, 0xFF, 0xFE, 0x00, 0x02, 0xBE, 0xF4, 0x00, 0x00,
    0x0F, 0xFC, 0x00, 0x00, 0x2F, 0xC0, 0x00, 0x00, 0x00, 0x00, 0x00, 0x00, 0x00, 0x0F, 0x00, 0x00,
    0x00, 0xBD, 0x00, 0x00, 0x1F, 0xF8, 0x00, 0x07, 0xEF, 0xE0, 0x00, 0xF4, 0x3F, 0x80, 0x0F, 0x02,
    0xFE, 0x00, 0xF0, 0x2D, 0xF4, 0x0F, 0x43, 0xC7, 0xC0, 0x7D, 0xF8, 0x3C, 0x03, 0xFF, 0x03, 0xCB,
    0xFF, 0xFF, 0xFC, 0xFE, 0x4B, 0xFF, 0x00, 0x00, 0x00, 0x00, 0x00, 0x01, 0x00, 0x00, 0x02, 0xFD,
    0x00, 0x00, 0xBF, 0xF0, 0x00, 0x1F, 0x0F, 0x00, 0x03, 0xD0, 0xF4, 0x00, 0x7C, 0x0F, 0x00, 0x0B,
    0x40, 0xF0, 0x00, 0xF0, 0x2D, 0x00, 0x0F, 0x5F, 0xD0, 0x0B, 0xFF, 0xFF, 0xFE, 0xFF, 0x95, 0xFF,
    0xE0, 0xF4, 0x02, 0xC0, 0x0B, 0x80, 0x1D, 0x00, 0x3D, 0x02, 0xD0, 0x02, 0xFE, 0xFC, 0x00, 0x07,
    0xFF, 0x40, 0x00, 0x05, 0x40, 0x00, 0x00, 0x50, 0x01, 0xFF, 0x01, 0xFB, 0xF0, 0xF0, 0x3D, 0x38,
    0x07, 0x9E, 0x00, 0xE7, 0xC0, 0x3C, 0xFF, 0xFF, 0x1F, 0xFF, 0x80, 0x03, 0xD0, 0x01, 0xF0, 0x02,
    0xF4, 0x6F, 0xF4, 0x3F, 0xE0, 0x06, 0x40, 0x00, 0x00, 0x50, 0x00, 0x01, 0xFF, 0x00, 0x01, 0xFB,
    0xF0, 0x00, 0xF0, 0x3D, 0x00, 0x3C, 0x07, 0x80, 0x1E, 0x00, 0xE0, 0x07, 0xC0, 0x3C, 0x00, 0xFF,
    0xFF, 0xFC, 0x0B, 0xFF, 0xFF, 0x00, 0x03, 0xD0, 0x00, 0x01, 0xF0, 0x00, 0x02, 0xF4, 0x00, 0x6F,
    0xF4, 0x00, 0x3F, 0xE0, 0x00, 0x06, 0x40, 0x00, 0x00, 0x00, 0x00, 0x00, 0x05, 0x40, 0x00, 0x00,
    0x01, 0xFF, 0xD0, 0x00, 0x00, 0x2F, 0xEB, 0x00, 0x00, 0x01, 0xF4, 0x00, 0x00, 0x00, 0x0F, 0x00,
    0x00, 0x00, 0x00, 0x78, 0x00, 0x00, 0x00, 0x01, 0xF0, 0x00, 0x0B, 0x40, 0x03, 0xF4, 0x00, 0x3C,
    0x00, 0x03, 0xFE, 0x00, 0xF0, 0x00, 0x01, 0xBF, 0x03, 0xC0, 0x00, 0x00, 0x3E, 0x0F, 0x00, 0x00,
    0x00, 0xB8, 0x3C, 0x00, 0x00, 0x07, 0xC0, 0xBC, 0x00, 0x00, 0xBD, 0x00, 0xFE, 0x55, 0x6F, 0xD0,
    0x00, 0xFF, 0xFF, 0xF8, 0x00, 0x00, 0x2B, 0xE9, 0x00, 0x00, 0x00, 0x00, 0x00, 0x00, 0x00, 0x2D,
    0x00, 0x00, 0x50, 0x00, 0x3C, 0x00, 0x00, 0xFE, 0x40, 0x3C, 0x00, 0x00, 0xBF, 0xFD, 0x3C, 0x00,
    0x00, 0x07, 0xFD, 0x3C, 0x00, 0x00, 0x01, 0xE0, 0x3C, 0x00, 0x00, 0x02, 0xD0, 0x2F, 0x00, 0x00,
    0x0B, 0xC0, 0x0F, 0xE5, 0x15, 0xFF, 0x00, 0x02, 0xFF, 0xFF, 0xF8, 0x00, 0x00, 0x1B, 0xEA, 0x40,
    0x00, 0x00, 0x00, 0x00, 0x05, 0x40, 0x00, 0x00, 0x01, 0xFF, 0xD0, 0x00, 0x00, 0x2F, 0xEB, 0x00,
    0x00, 0x01, 0xF4, 0x00, 0x00, 0x00, 0x0F, 0x00, 0x00, 0x00, 0x00, 0x78, 0x00, 0x00, 0x00, 0x01,
    0xF0, 0x00, 0x0B, 0x40, 0x03, 0xF4, 0x00, 0x3C, 0x00, 0x03, 0xFE, 0x00, 0xF0, 0x00, 0x01, 0xBF,
    0x03, 0xC0, 0x00, 0x00, 0x3E, 0x0F, 0x00, 0x00, 0x00, 0xB8, 0x3C, 0x00, 0x00, 0x07, 0xC0, 0xBC,
    0x00, 0x00, 0xBD, 0x00, 0xFE, 0x55, 0x6F, 0xD0, 0x00, 0xFF, 0xFF, 0xF8, 0x00, 0x00, 0x2B, 0xE9,
    0x00, 0x00, 0x00, 0x00, 0x00, 0x00, 0x00, 0x00, 0x00, 0x00, 0x00, 0x00, 0x01, 0x82, 0x40, 0x00,
    0x00, 0x0F, 0x6F, 0x00, 0x00, 0x00, 0x18, 0x24, 0x00, 0x00, 0x00, 0x00, 0x00, 0x00, 0x00, 0x2D,
    0x00, 0x00, 0x50, 0x00, 0x3C, 0x00, 0x00, 0xFE, 0x40, 0x3C, 0x00, 0x00, 0xBF, 0xFD, 0x3C, 0x00,
    0x00, 0x07, 0xFD, 0x3C, 0x00, 0x00, 0x01, 0xE0, 0x3C, 0x00, 0x00, 0x02, 0xD0, 0x2F, 0x00, 0x00,
    0x0B, 0xC0, 0x0F, 0xE5, 0x15, 0xFF, 0x00, 0x02, 0xFF, 0xFF, 0xF8, 0x00, 0x00, 0x1B, 0xEA, 0x40,
    0x00, 0x00, 0x00, 0x00, 0x00, 0x00, 0x00, 0x00, 0x00, 0x00, 0x00, 0x00, 0x09, 0x28, 0x00, 0x00,
    0x00, 0x2E, 0x7C, 0x00, 0x00, 0x00, 0x08, 0x28, 0x00, 0x00, 0x00, 0x00, 0x02, 0xC0, 0x0F, 0x00,
    0x2D, 0x00, 0x78, 0x00, 0xF0, 0x03, 0xC0, 0x0F, 0x00, 0x78, 0xBF, 0xC3, 0xF8, 0x00, 0x00, 0x00,
    0x00, 0x60, 0x93, 0xDB, 0xC6, 0x09, 0x00, 0x00, 0x00, 0x02, 0xC0, 0x00, 0x0F, 0x00, 0x00, 0x3C,
    0x00, 0x01, 0xF0, 0x00, 0x0F, 0xD0, 0x0B, 0xFF, 0xFF, 0x7F, 0x87, 0xFD, 0x00, 0x00, 0x00, 0x00,
    0x00, 0x00, 0xA1, 0x80, 0x07, 0xCF, 0x40, 0x09, 0x18, 0x00, 0x1A, 0x00, 0x00, 0x01, 0xFF, 0xEC,
    0x06, 0x41, 0x07, 0xD0, 0x1E, 0x00, 0x00, 0x00, 0x7C, 0x00, 0x40, 0x00, 0xF0, 0x0B, 0x80, 0x03,
    0xC0, 0x1F, 0xC0, 0x0F, 0x00, 0x0F, 0xD0, 0x78, 0x00, 0x0B, 0xD1, 0xE0, 0x00, 0x07, 0xEF, 0x40,
    0x00, 0x03, 0xFC, 0x00, 0x00, 0x03, 0xF0, 0x00, 0x00, 0x1F, 0xE0, 0x00, 0x00, 0xF7, 0xD0, 0x00,
    0x0F, 0x83, 0x80, 0x01, 0xF8, 0x0F, 0x00, 0x1F, 0x80, 0x7C, 0x00, 0xFF, 0xFF, 0xD0, 0x03, 0xFF,
    0xFD, 0x00, 0x0A, 0x40, 0x00, 0x00, 0x00, 0xFF, 0xEE, 0x07, 0x40, 0x01, 0x06, 0xE0, 0x1E, 0x00,
    0x00, 0x00, 0x00, 0x78, 0x00, 0x00, 0x00, 0x01, 0xE0, 0x00, 0x03, 0x00, 0x07, 0x80, 0x00, 0x2F,
    0x00, 0x1F, 0x00, 0x00, 0x3F, 0x00, 0x7C, 0x00, 0x00, 0x3F, 0x00, 0xF0, 0x00, 0x00, 0x3E, 0x03,
    0xC0, 0x00, 0x00, 0x3E, 0x0F, 0x00, 0x00, 0x00, 0x3D, 0x7C, 0x00, 0x00, 0x00, 0x3E, 0xF0, 0x00,
    0x00, 0x00, 0x7F, 0xC0, 0x00, 0x00, 0x00, 0xBF, 0x00, 0x00, 0x00, 0x03, 0xFC, 0x00, 0x00, 0x00,
    0x7E, 0xF8, 0x00, 0x0B, 0xFF, 0xE1, 0xFF, 0xC0, 0x2F, 0xF9, 0x01, 0xFF, 0x00, 0x00, 0x00, 0x00,
    0x00, 0x01, 0x00, 0x00, 0x02, 0xF8, 0x00, 0x00, 0x34, 0x00, 0x00, 0x03, 0x40, 0x00, 0x00, 0x1E,
    0xE0, 0x06, 0x43, 0xF9, 0x00, 0x78, 0x10, 0x00, 0x07, 0xC0, 0x10, 0x00, 0x3C, 0x0B, 0x80, 0x03,
    0xC0, 0x7F, 0x00, 0x3C, 0x00, 0xFD, 0x07, 0x80, 0x02, 0xF4, 0x78, 0x00, 0x07, 0xEF, 0x40, 0x00,
    0x0F, 0xF0, 0x00, 0x00, 0x3F, 0x00, 0x00, 0x07, 0xF8, 0x00, 0x00, 0xF7, 0xD0, 0x00, 0x3E, 0x0E,
    0x00, 0x1F, 0x80, 0xF0, 0x07, 0xE0, 0x1F, 0x00, 0xFF, 0xFF, 0xD0, 0x0F, 0xFF, 0xF4, 0x05, 0x00,
    0x00, 0x00, 0x0F, 0xC0, 0x00, 0x00, 0x0B, 0x00, 0x00, 0x00, 0x02, 0xC0, 0x00, 0x00, 0x00, 0x3E,
    0xC0, 0x1D, 0x00, 0x1F, 0xD0, 0x07, 0x80, 0x01, 0x00, 0x01, 0xE0, 0x00, 0x00, 0x00, 0x78, 0x00,
    0x0C, 0x00, 0x1E, 0x00, 0x0B, 0xC0, 0x07, 0xC0, 0x00, 0xFC, 0x01, 0xF0, 0x00, 0x0F, 0xC0, 0x3C,
    0x00, 0x00, 0xF8, 0x0F, 0x00, 0x00, 0x0F, 0x83, 0xC0, 0x00, 0x00, 0xF5, 0xF0, 0x00, 0x00, 0x0F,
    0xBC, 0x00, 0x00, 0x01, 0xFF, 0x00, 0x00, 0x00, 0x2F, 0xC0, 0x00, 0x00, 0x0F, 0xF0, 0x00, 0x00,
    0x1F, 0xBE, 0x00, 0x2F, 0xFF, 0x87, 0xFF, 0x0B, 0xFE, 0x40, 0x7F, 0xC0, 0x00, 0x00, 0x00, 0x00,
    0x00, 0x00, 0x64, 0x00, 0x00, 0x78, 0x00, 0x00, 0x7C, 0x10, 0x00, 0x3C, 0xB8, 0x00, 0x3C, 0x7F,
    0x00, 0x3C, 0x0F, 0xD0, 0x78, 0x02, 0xF4, 0x78, 0x00, 0x7E, 0xF4, 0x00, 0x0F, 0xF0, 0x00, 0x03,
    0xF0, 0x00, 0x07, 0xF8, 0x00, 0x0F, 0x7D, 0x00, 0x3E, 0x0E, 0x01, 0xF8, 0x0F, 0x07, 0xE0, 0x1F,
    0x0F, 0xFF, 0xFD, 0x0F, 0xFF, 0xF4, 0x00, 0x00, 0x00, 0x01, 0x00, 0x00, 0x1F, 0x80, 0x00, 0x38,
    0x00, 0x00, 0x38, 0x00, 0x00, 0x1E, 0xA0, 0x00, 0x3F, 0x90, 0x00, 0x10, 0x00, 0x00, 0x00, 0x00,
    0x74, 0x00, 0x00, 0x00, 0x78, 0x00, 0x00, 0x00, 0x78, 0x00, 0x00, 0x00, 0x78, 0x00, 0x30, 0x00,
    0x78, 0x00, 0xBC, 0x00, 0x7C, 0x00, 0x3F, 0x00, 0x7C, 0x00, 0x0F, 0xC0, 0x3C, 0x00, 0x03, 0xE0,
    0x3C, 0x00, 0x00, 0xF8, 0x3C, 0x00, 0x00, 0x3D, 0x7C, 0x00, 0x00, 0x0F, 0xBC, 0x00, 0x00, 0x07,
    0xFC, 0x00, 0x00, 0x02, 0xFC, 0x00, 0x00, 0x03, 0xFC, 0x00, 0x00, 0x1F, 0xBE, 0x00, 0xBF, 0xFE,
    0x1F, 0xFC, 0xBF, 0xE4, 0x07, 0xFC, 0x00, 0x00, 0x00, 0x00, 0x00, 0x10, 0x00, 0x00, 0x03, 0xF4,
    0x00, 0x00, 0x07, 0x00, 0x00, 0x00, 0x07, 0x00, 0x00, 0x00, 0x02, 0xED, 0x00, 0x00, 0x07, 0xF8,
    0x00, 0x00, 0x01, 0x00, 0x00, 0x00, 0x00, 0x00, 0x64, 0x00, 0x00, 0x78, 0x00, 0x00, 0x7C, 0x10,
    0x00, 0x3C, 0xB8, 0x00, 0x3C, 0x7F, 0x00, 0x3C, 0x0F, 0xD0, 0x78, 0x02, 0xF4, 0x78, 0x00, 0x7E,
    0xF4, 0x00, 0x0F, 0xF0, 0x00, 0x03, 0xF0, 0x00, 0x07, 0xF8, 0x00, 0x0F, 0x7D, 0x00, 0x3E, 0x0E,
    0x01, 0xF8, 0x0F, 0x07, 0xE0, 0x1F, 0x0F, 0xFF, 0xFD, 0x0F, 0xFF, 0xF4, 0x00, 0x00, 0x74, 0x00,
    0x00, 0x00, 0x78, 0x00, 0x00, 0x00, 0x78, 0x00, 0x00, 0x00, 0x78, 0x00, 0x30, 0x00, 0x78, 0x00,
    0xBC, 0x00, 0x7C, 0x00, 0x3F, 0x00, 0x7C, 0x00, 0x0F, 0xC0, 0x3C, 0x00, 0x03, 0xE0, 0x3C, 0x00,
    0x00, 0xF8, 0x3C, 0x00, 0x00, 0x3D, 0x7C, 0x00, 0x00, 0x0F, 0xBC, 0x00, 0x00, 0x07, 0xFC, 0x00,
    0x00, 0x02, 0xFC, 0x00, 0x00, 0x03, 0xFC, 0x00, 0x00, 0x1F, 0xBE, 0x00, 0xBF, 0xFE, 0x1F, 0xFC,
    0xBF, 0xE4, 0x07, 0xFC, 0x00, 0x00, 0x00, 0x00,
};

static const EpdGlyph ubuntu_12_regularGlyphs[] = {
    { 0, 0, 0, 0, 0, 0, 0 }, // U+0000
    { 0, 0, 0, 0, 0, 0, 0 }, // U+0008
    { 0, 0, 92, 0, 0, 0, 0 }, // U+0009
    { 0, 0, 92, 0, 0, 0, 0 }, // U+000D
    { 0, 0, 0, 0, 0, 0, 0 }, // U+001D
    { 0, 0, 92, 0, 0, 0, 0 }, // U+0020
    { 5, 17, 110, 1, 17, 22, 0 }, // !
    { 8, 6, 167, 1, 20, 12, 22 }, // "
    { 15, 17, 267, 1, 17, 64, 34 }, // #
    { 12, 23, 226, 1, 20, 69, 98 }, // $
    { 20, 17, 343, 1, 17, 85, 167 }, // %
    { 16, 17, 266, 1, 17, 68, 252 }, // &
    { 4, 6, 96, 1, 20, 6, 320 }, // '
    { 7, 25, 130, 1, 20, 44, 326 }, // (
    { 7, 25, 130, 0, 20, 44, 370 }, // )
    { 12, 10, 192, 0, 17, 30, 414 }, // *
    { 12, 12, 226, 1, 14, 36, 444 }, // +
    { 5, 7, 98, 0, 3, 9, 480 }, // ,
    { 7, 2, 120, 0, 8, 4, 489 }, // -
    { 4, 3, 98, 1, 3, 3, 493 }, // .
    { 12, 25, 154, -1, 20, 75, 496 }, // /
    { 12, 17, 226, 1, 17, 51, 571 }, // 0
    { 8, 17, 226, 2, 17, 34, 622 }, // 1
    { 12, 17, 226, 1, 17, 51, 656 }, // 2
    { 12, 17, 226, 1, 17, 51, 707 }, // 3
    { 13, 17, 226, 1, 17, 56, 758 }, // 4
    { 12, 17, 226, 1, 17, 51, 814 }, // 5
    { 12, 17, 226, 1, 17, 51, 865 }, // 6
    { 12, 17, 226, 1, 17, 51, 916 }, // 7
    { 12, 17, 226, 1, 17, 51, 967 }, // 8
    { 12, 17, 226, 1, 17, 51, 1018 }, // 9
    { 4, 13, 98, 1, 13, 13, 1069 }, // :
    { 5, 17, 98, 0, 13, 22, 1082 }, // ;
    { 12, 11, 226, 1, 13, 33, 1104 }, // <
    { 12, 7, 226, 1, 11, 21, 1137 }, // =
    { 12, 11, 226, 1, 13, 33, 1158 }, // >
    { 10, 17, 162, 0, 17, 43, 1191 }, // ?
    { 22, 22, 380, 1, 18, 121, 1234 }, // @
    { 17, 17, 265, 0, 17, 73, 1355 }, // A
    { 13, 17, 257, 2, 17, 56, 1428 }, // B
    { 14, 17, 248, 1, 17, 60, 1484 }, // C
    { 15, 17, 285, 2, 17, 64, 1544 }, // D
    { 12, 17, 228, 2, 17, 51, 1608 }, // E
    { 11, 17, 215, 2, 17, 47, 1659 }, // F
    { 15, 17, 269, 1, 17, 64, 1706 }, // G
    { 14, 17, 282, 2, 17, 60, 1770 }, // H
    { 3, 17, 108, 2, 17, 13, 1830 }, // I
    { 11, 17, 200, 0, 17, 47, 1843 }, // J
    { 14, 17, 252, 2, 17, 60, 1890 }, // K
    { 11, 17, 208, 2, 17, 47, 1950 }, // L
    { 20, 17, 348, 1, 17, 85, 1997 }, // M
    { 15, 17, 291, 2, 17, 64, 2082 }, // N
    { 17, 17, 311, 1, 17, 73, 2146 }, // O
    { 13, 17, 243, 2, 17, 56, 2219 }, // P
    { 17, 22, 311, 1, 17, 94, 2275 }, // Q
    { 14, 17, 252, 2, 17, 60, 2369 }, // R
    { 13, 17, 213, 0, 17, 56, 2429 }, // S
    { 14, 17, 226, 0, 17, 60, 2485 }, // T
    { 14, 17, 275, 2, 17, 60, 2545 }, // U
    { 17, 17, 262, 0, 17, 73, 2605 }, // V
    { 23, 17, 372, 0, 17, 98, 2678 }, // W
    { 16, 17, 252, 0, 17, 68, 2776 }, // X
    { 15, 17, 239, 0, 17, 64, 2844 }, // Y
    { 14, 17, 229, 0, 17, 60, 2908 }, // Z
    { 7, 25, 132, 2, 20, 44, 2968 }, // [
    { 12, 25, 154, -1, 20, 75, 3012 }, // <backslash>
    { 6, 25, 132, 0, 20, 38, 3087 }, // ]
    { 12, 9, 226, 1, 17, 27, 3125 }, // ^
    { 14, 2, 197, -1, -3, 7, 3152 }, // _
    { 6, 5, 150, 1, 20, 8, 3159 }, // `
    { 11, 13, 209, 1, 13, 36, 3167 }, // a
    { 12, 19, 236, 2, 19, 57, 3203 }, // b
    { 11, 13, 186, 1, 13, 36, 3260 }, // c
    { 12, 19, 236, 1, 19, 57, 3296 }, // d
    { 12, 13, 224, 1, 13, 39, 3353 }, // e
    { 8, 19, 154, 2, 19, 38, 3392 }, // f
    { 12, 18, 231, 1, 13, 54, 3430 }, // g
    { 11, 19, 228, 2, 19, 53, 3484 }, // h
    { 4, 18, 101, 1, 18, 18, 3537 }, // i
    { 7, 23, 101, -2, 18, 41, 3555 }, // j
    { 11, 19, 209, 2, 19, 53, 3596 }, // k
    { 6, 19, 109, 1, 19, 29, 3649 }, // l
    { 18, 13, 344, 2, 13, 59, 3678 }, // m
    { 11, 13, 230, 2, 13, 36, 3737 }, // n
    { 13, 13, 236, 1, 13, 43, 3773 }, // o
    { 12, 18, 236, 2, 13, 54, 3816 }, // p
    { 12, 18, 236, 1, 13, 54, 3870 }, // q
    { 8, 13, 154, 2, 13, 26, 3924 }, // r
    { 10, 13, 178, 1, 13, 33, 3950 }, // s
    { 9, 17, 161, 1, 17, 39, 3983 }, // t
    { 12, 13, 230, 1, 13, 39, 4022 }, // u
    { 13, 13, 201, 0, 13, 43, 4061 }, // v
    { 19, 13, 311, 0, 13, 62, 4104 }, // w
    { 13, 13, 204, 0, 13, 43, 4166 }, // x
    { 12, 18, 199, 0, 13, 54, 4209 }, // y
    { 11, 13, 188, 0, 13, 36, 4263 }, // z
    { 8, 25, 133, 1, 20, 50, 4299 }, // {
    { 3, 25, 112, 2, 20, 19, 4349 }, // |
    { 8, 25, 133, 0, 20, 50, 4368 }, // }
    { 12, 4, 226, 1, 10, 12, 4418 }, // ~
    { 0, 0, 92, 0, 0, 0, 4430 }, // U+00A0
    { 5, 18, 110, 1, 13, 23, 4430 }, // U+00A1
    { 10, 19, 226, 2, 16, 48, 4453 }, // U+00A2
    { 12, 17, 226, 1, 17, 51, 4501 }, // U+00A3
    { 12, 12, 226, 1, 15, 36, 4552 }, // U+00A4
    { 14, 17, 226, 0, 17, 60, 4588 }, // U+00A5
    { 3, 25, 112, 2, 20, 19, 4648 }, // U+00A6
    { 11, 20, 197, 1, 18, 55, 4667 }, // U+00A7
    { 9, 3, 150, 0, 18, 7, 4722 }, // U+00A8
    { 18, 17, 326, 1, 17, 77, 4729 }, // U+00A9
    { 9, 9, 156, 0, 17, 21, 4806 }, // U+00AA
    { 12, 11, 200, 0, 13, 33, 4827 }, // U+00AB
    { 12, 9, 226, 1, 10, 27, 4860 }, // U+00AC
    { 7, 2, 120, 0, 8, 4, 4887 }, // U+00AD
    { 18, 17, 326, 1, 17, 77, 4891 }, // U+00AE
    { 8, 2, 150, 1, 18, 4, 4968 }, // U+00AF
    { 8, 7, 133, 0, 19, 14, 4972 }, // U+00B0
    { 12, 15, 226, 1, 15, 45, 4986 }, // U+00B1
    { 8, 10, 144, 0, 18, 20, 5031 }, // U+00B2
    { 8, 10, 144, 0, 18, 20, 5051 }, // U+00B3
    { 5, 5, 150, 3, 20, 7, 5071 }, // U+00B4
    { 11, 18, 232, 2, 13, 50, 5078 }, // U+00B5
    { 13, 22, 258, 1, 17, 72, 5128 }, // U+00B6
    { 4, 3, 98, 1, 9, 3, 5200 }, // U+00B7
    { 6, 6, 150, 1, 1, 9, 5203 }, // U+00B8
    { 5, 10, 144, 1, 18, 13, 5212 }, // U+00B9
    { 10, 9, 178, 1, 17, 23, 5225 }, // U+00BA
    { 11, 11, 200, 1, 13, 31, 5248 }, // U+00BB
    { 21, 18, 350, 1, 18, 95, 5279 }, // U+00BC
    { 20, 18, 350, 1, 18, 90, 5374 }, // U+00BD
    { 22, 18, 350, 0, 18, 99, 5464 }, // U+00BE
    { 10, 18, 162, 0, 13, 45, 5563 }, // U+00BF
    { 17, 24, 265, 0, 24, 102, 5608 }, // U+00C0
    { 17, 24, 265, 0, 24, 102, 5710 }, // U+00C1
    { 17, 24, 265, 0, 24, 102, 5812 }, // U+00C2
    { 17, 23, 265, 0, 23, 98, 5914 }, // U+00C3
    { 17, 22, 265, 0, 22, 94, 6012 }, // U+00C4
    { 17, 21, 265, 0, 21, 90, 6106 }, // U+00C5
    { 23, 17, 374, 0, 17, 98, 6196 }, // U+00C6
    { 14, 23, 248, 1, 17, 81, 6294 }, // U+00C7
    { 12, 24, 228, 2, 24, 72, 6375 }, // U+00C8
    { 12, 24, 228, 2, 24, 72, 6447 }, // U+00C9
    { 12, 24, 228, 2, 24, 72, 6519 }, // U+00CA
    { 12, 22, 228, 2, 22, 66, 6591 }, // U+00CB
    { 6, 24, 108, 0, 24, 36, 6657 }, // U+00CC
    { 6, 24, 108, 1, 24, 36, 6693 }, // U+00CD
    { 8, 24, 108, -1, 24, 48, 6729 }, // U+00CE
    { 9, 22, 108, -1, 22, 50, 6777 }, // U+00CF
    { 17, 17, 290, 0, 17, 73, 6827 }, // U+00D0
    { 15, 23, 291, 2, 23, 87, 6900 }, // U+00D1
    { 17, 24, 311, 1, 24, 102, 6987 }, // U+00D2
    { 17, 24, 311, 1, 24, 102, 7089 }, // U+00D3
    { 17, 24, 311, 1, 24, 102, 7191 }, // U+00D4
    { 17, 23, 311, 1, 23, 98, 7293 }, // U+00D5
    { 17, 22, 311, 1, 22, 94, 7391 }, // U+00D6
    { 11, 11, 226, 2, 13, 31, 7485 }, // U+00D7
    { 17, 19, 311, 1, 18, 81, 7516 }, // U+00D8
    { 14, 24, 275, 2, 24, 84, 7597 }, // U+00D9
    { 14, 24, 275, 2, 24, 84, 7681 }, // U+00DA
    { 14, 24, 275, 2, 24, 84, 7765 }, // U+00DB
    { 14, 22, 275, 2, 22, 77, 7849 }, // U+00DC
    { 15, 24, 239, 0, 24, 90, 7926 }, // U+00DD
    { 13, 17, 244, 2, 17, 56, 8016 }, // U+00DE
    { 13, 19, 249, 2, 19, 62, 8072 }, // U+00DF
    { 11, 20, 209, 1, 20, 55, 8134 }, // U+00E0
    { 11, 20, 209, 1, 20, 55, 8189 }, // U+00E1
    { 11, 20, 209, 1, 20, 55, 8244 }, // U+00E2
    { 11, 19, 209, 1, 19, 53, 8299 }, // U+00E3
    { 11, 18, 209, 1, 18, 50, 8352 }, // U+00E4
    { 11, 20, 209, 1, 20, 55, 8402 }, // U+00E5
    { 20, 13, 344, 1, 13, 65, 8457 }, // U+00E6
    { 11, 19, 186, 1, 13, 53, 8522 }, // U+00E7
    { 12, 20, 224, 1, 20, 60, 8575 }, // U+00E8
    { 12, 20, 224, 1, 20, 60, 8635 }, // U+00E9
    { 12, 20, 224, 1, 20, 60, 8695 }, // U+00EA
    { 12, 18, 224, 1, 18, 54, 8755 }, // U+00EB
    { 5, 20, 101, 0, 20, 25, 8809 }, // U+00EC
    { 6, 20, 101, 1, 20, 30, 8834 }, // U+00ED
    { 8, 20, 101, -1, 20, 40, 8864 }, // U+00EE
    { 8, 18, 101, -1, 18, 36, 8904 }, // U+00EF
    { 14, 19, 236, 1, 19, 67, 8940 }, // U+00F0
    { 11, 19, 230, 2, 19, 53, 9007 }, // U+00F1
    { 13, 20, 236, 1, 20, 65, 9060 }, // U+00F2
    { 13, 20, 236, 1, 20, 65, 9125 }, // U+00F3
    { 13, 20, 236, 1, 20, 65, 9190 }, // U+00F4
    { 13, 19, 236, 1, 19, 62, 9255 }, // U+00F5
    { 13, 18, 236, 1, 18, 59, 9317 }, // U+00F6
    { 12, 12, 226, 1, 14, 36, 9376 }, // U+00F7
    { 13, 15, 236, 1, 14, 49, 9412 }, // U+00F8
    { 12, 20, 230, 1, 20, 60, 9461 }, // U+00F9
    { 12, 20, 230, 1, 20, 60, 9521 }, // U+00FA
    { 12, 20, 230, 1, 20, 60, 9581 }, // U+00FB
    { 12, 18, 230, 1, 18, 54, 9641 }, // U+00FC
    { 12, 25, 199, 0, 20, 75, 9695 }, // U+00FD
    { 12, 24, 236, 2, 19, 72, 9770 }, // U+00FE
    { 12, 23, 199, 0, 18, 69, 9842 }, // U+00FF
    { 17, 22, 265, 0, 22, 94, 9911 }, // U+0100
    { 11, 18, 209, 1, 18, 50, 10005 }, // U+0101
    { 17, 23, 265, 0, 23, 98, 10055 }, // U+0102
    { 11, 19, 209, 1, 19, 53, 10153 }, // U+0103
    { 17, 22, 265, 0, 17, 94, 10206 }, // U+0104
    { 11, 18, 209, 1, 13, 50, 10300 }, // U+0105
    { 14, 24, 248, 1, 24, 84, 10350 }, // U+0106
    { 11, 20, 186, 1, 20, 55, 10434 }, // U+0107
    { 14, 24, 248, 1, 24, 84, 10489 }, // U+0108
    { 11, 20, 186, 1, 20, 55, 10573 }, // U+0109
    { 14, 22, 248, 1, 22, 77, 10628 }, // U+010A
    { 11, 18, 186, 1, 18, 50, 10705 }, // U+010B
    { 14, 24, 248, 1, 24, 84, 10755 }, // U+010C
    { 11, 20, 186, 1, 20, 55, 10839 }, // U+010D
    { 15, 24, 285, 2, 24, 90, 10894 }, // U+010E
    { 16, 19, 249, 1, 19, 76, 10984 }, // U+010F
    { 17, 17, 290, 0, 17, 73, 11060 }, // U+0110
    { 14, 19, 236, 1, 19, 67, 11133 }, // U+0111
    { 12, 22, 228, 2, 22, 66, 11200 }, // U+0112
    { 12, 18, 224, 1, 18, 54, 11266 }, // U+0113
    { 12, 23, 228, 2, 23, 69, 11320 }, // U+0114
    { 12, 19, 224, 1, 19, 57, 11389 }, // U+0115
    { 12, 22, 228, 2, 22, 66, 11446 }, // U+0116
    { 12, 18, 224, 1, 18, 54, 11512 }, // U+0117
    { 12, 22, 228, 2, 17, 66, 11566 }, // U+0118
    { 12, 18, 224, 1, 13, 54, 11632 }, // U+0119
    { 12, 24, 228, 2, 24, 72, 11686 }, // U+011A
    { 12, 21, 224, 1, 21, 63, 11758 }, // U+011B
    { 15, 24, 269, 1, 24, 90, 11821 }, // U+011C
    { 12, 25, 231, 1, 20, 75, 11911 }, // U+011D
    { 15, 23, 269, 1, 23, 87, 11986 }, // U+011E
    { 12, 24, 231, 1, 19, 72, 12073 }, // U+011F
    { 15, 22, 269, 1, 22, 83, 12145 }, // U+0120
    { 12, 23, 231, 1, 18, 69, 12228 }, // U+0121
    { 15, 21, 269, 1, 17, 79, 12297 }, // U+0122
    { 12, 24, 231, 1, 19, 72, 12376 }, // U+0123
    { 14, 24, 282, 2, 24, 84, 12448 }, // U+0124
    { 12, 25, 228, 1, 25, 75, 12532 }, // U+0125
    { 18, 17, 292, 0, 17, 77, 12607 }, // U+0126
    { 13, 19, 228, 0, 19, 62, 12684 }, // U+0127
    { 9, 23, 108, -1, 23, 52, 12746 }, // U+0128
    { 9, 19, 101, -1, 19, 43, 12798 }, // U+0129
    { 8, 22, 108, -1, 22, 44, 12841 }, // U+012A
    { 8, 18, 101, -1, 18, 36, 12885 }, // U+012B
    { 7, 23, 108, 0, 23, 41, 12921 }, // U+012C
    { 8, 19, 101, -1, 19, 38, 12962 }, // U+012D
    { 5, 22, 108, 0, 17, 28, 13000 }, // U+012E
    { 5, 23, 101, 0, 18, 29, 13028 }, // U+012F
    { 4, 22, 108, 1, 22, 22, 13057 }, // U+0130
    { 3, 13, 101, 2, 13, 10, 13079 }, // U+0131
    { 16, 17, 307, 2, 17, 68, 13089 }, // U+0132
    { 11, 23, 204, 1, 18, 64, 13157 }, // U+0133
    { 13, 24, 200, 0, 24, 78, 13221 }, // U+0134
    { 9, 25, 101, -2, 20, 57, 13299 }, // U+0135
    { 14, 21, 252, 2, 17, 74, 13356 }, // U+0136
    { 11, 23, 209, 2, 19, 64, 13430 }, // U+0137
    { 12, 13, 215, 2, 13, 39, 13494 }, // U+0138
    { 11, 24, 208, 2, 24, 66, 13533 }, // U+0139
    { 6, 23, 109, 1, 23, 35, 13599 }, // U+013A
    { 11, 21, 208, 2, 17, 58, 13634 }, // U+013B
    { 7, 23, 109, 0, 19, 41, 13692 }, // U+013C
    { 11, 17, 208, 2, 17, 47, 13733 }, // U+013D
    { 8, 19, 114, 1, 19, 38, 13780 }, // U+013E
    { 11, 17, 208, 2, 17, 47, 13818 }, // U+013F
    { 9, 19, 148, 1, 19, 43, 13865 }, // U+0140
    { 15, 17, 215, -1, 17, 64, 13908 }, // U+0141
    { 8, 19, 115, 0, 19, 38, 13972 }, // U+0142
    { 15, 24, 291, 2, 24, 90, 14010 }, // U+0143
    { 11, 20, 230, 2, 20, 55, 14100 }, // U+0144
    { 15, 21, 291, 2, 17, 79, 14155 }, // U+0145
    { 11, 17, 230, 2, 13, 47, 14234 }, // U+0146
    { 15, 24, 291, 2, 24, 90, 14281 }, // U+0147
    { 11, 20, 230, 2, 20, 55, 14371 }, // U+0148
    { 13, 19, 230, 0, 19, 62, 14426 }, // U+0149
    { 15, 22, 291, 2, 17, 83, 14488 }, // U+014A
    { 11, 18, 230, 2, 13, 50, 14571 }, // U+014B
    { 17, 22, 311, 1, 22, 94, 14621 }, // U+014C
    { 13, 18, 236, 1, 18, 59, 14715 }, // U+014D
    { 17, 23, 311, 1, 23, 98, 14774 }, // U+014E
    { 13, 19, 236, 1, 19, 62, 14872 }, // U+014F
    { 17, 24, 311, 1, 24, 102, 14934 }, // U+0150
    { 13, 20, 236, 1, 20, 65, 15036 }, // U+0151
    { 23, 17, 397, 1, 17, 98, 15101 }, // U+0152
    { 22, 13, 379, 1, 13, 72, 15199 }, // U+0153
    { 14, 24, 252, 2, 24, 84, 15271 }, // U+0154
    { 8, 20, 154, 2, 20, 40, 15355 }, // U+0155
    { 14, 21, 252, 2, 17, 74, 15395 }, // U+0156
    { 10, 17, 154, 0, 13, 43, 15469 }, // U+0157
    { 14, 24, 252, 2, 24, 84, 15512 }, // U+0158
    { 8, 20, 154, 2, 20, 40, 15596 }, // U+0159
    { 13, 24, 213, 0, 24, 78, 15636 }, // U+015A
    { 10, 20, 178, 1, 20, 50, 15714 }, // U+015B
    { 13, 24, 213, 0, 24, 78, 15764 }, // U+015C
    { 10, 20, 178, 1, 20, 50, 15842 }, // U+015D
    { 13, 22, 213, 0, 17, 72, 15892 }, // U+015E
    { 10, 18, 178, 1, 13, 45, 15964 }, // U+015F
    { 13, 24, 213, 0, 24, 78, 16009 }, // U+0160
    { 10, 20, 178, 1, 20, 50, 16087 }, // U+0161
    { 14, 23, 226, 0, 17, 81, 16137 }, // U+0162
    { 9, 22, 161, 1, 17, 50, 16218 }, // U+0163
    { 14, 24, 226, 0, 24, 84, 16268 }, // U+0164
    { 9, 20, 161, 1, 20, 45, 16352 }, // U+0165
    { 14, 17, 226, 0, 17, 60, 16397 }, // U+0166
    { 9, 17, 161, 1, 17, 39, 16457 }, // U+0167
    { 14, 23, 275, 2, 23, 81, 16496 }, // U+0168
    { 12, 19, 230, 1, 19, 57, 16577 }, // U+0169
    { 14, 22, 275, 2, 22, 77, 16634 }, // U+016A
    { 12, 18, 230, 1, 18, 54, 16711 }, // U+016B
    { 14, 23, 275, 2, 23, 81, 16765 }, // U+016C
    { 12, 19, 230, 1, 19, 57, 16846 }, // U+016D
    { 14, 24, 275, 2, 24, 84, 16903 }, // U+016E
    { 12, 20, 230, 1, 20, 60, 16987 }, // U+016F
    { 14, 24, 275, 2, 24, 84, 17047 }, // U+0170
    { 12, 20, 230, 1, 20, 60, 17131 }, // U+0171
    { 14, 22, 275, 2, 17, 77, 17191 }, // U+0172
    { 12, 18, 230, 1, 13, 54, 17268 }, // U+0173
    { 23, 24, 372, 0, 24, 138, 17322 }, // U+0174
    { 19, 20, 311, 0, 20, 95, 17460 }, // U+0175
    { 15, 24, 239, 0, 24, 90, 17555 }, // U+0176
    { 12, 25, 199, 0, 20, 75, 17645 }, // U+0177
    { 15, 22, 239, 0, 22, 83, 17720 }, // U+0178
    { 14, 24, 229, 0, 24, 84, 17803 }, // U+0179
    { 11, 20, 188, 0, 20, 55, 17887 }, // U+017A
    { 14, 22, 229, 0, 22, 77, 17942 }, // U+017B
    { 11, 18, 188, 0, 18, 50, 18019 }, // U+017C
    { 14, 24, 229, 0, 24, 84, 18069 }, // U+017D
    { 11, 20, 188, 0, 20, 55, 18153 }, // U+017E
    { 8, 19, 109, 2, 19, 38, 18208 }, // U+017F
    { 18, 19, 311, 1, 19, 86, 18246 }, // U+01A0
    { 14, 15, 236, 1, 15, 53, 18332 }, // U+01A1
    { 17, 20, 284, 2, 20, 85, 18385 }, // U+01AF
    { 15, 16, 239, 1, 16, 60, 18470 }, // U+01B0
    { 30, 24, 516, 2, 24, 180, 18530 }, // U+01C4
    { 27, 20, 475, 2, 20, 135, 18710 }, // U+01C5
    { 25, 20, 426, 1, 20, 125, 18845 }, // U+01C6
    { 22, 17, 407, 2, 17, 94, 18970 }, // U+01C7
    { 16, 23, 310, 2, 18, 92, 19064 }, // U+01C8
    { 11, 24, 212, 1, 19, 66, 19156 }, // U+01C9
    { 27, 17, 491, 2, 17, 115, 19222 }, // U+01CA
    { 21, 23, 394, 2, 18, 121, 19337 }, // U+01CB
    { 18, 23, 332, 2, 18, 104, 19458 }, // U+01CC
    { 17, 24, 265, 0, 24, 102, 19562 }, // U+01CD
    { 11, 20, 209, 1, 20, 55, 19664 }, // U+01CE
    { 7, 24, 108, 0, 24, 42, 19719 }, // U+01CF
    { 8, 20, 101, -1, 20, 40, 19761 }, // U+01D0
    { 17, 24, 311, 1, 24, 102, 19801 }, // U+01D1
    { 13, 20, 236, 1, 20, 65, 19903 }, // U+01D2
    { 14, 24, 275, 2, 24, 84, 19968 }, // U+01D3
    { 12, 20, 230, 1, 20, 60, 20052 }, // U+01D4
    { 14, 25, 275, 2, 25, 88, 20112 }, // U+01D5
    { 12, 21, 230, 1, 21, 63, 20200 }, // U+01D6
    { 14, 24, 275, 2, 24, 84, 20263 }, // U+01D7
    { 12, 21, 230, 1, 21, 63, 20347 }, // U+01D8
    { 14, 25, 275, 2, 25, 88, 20410 }, // U+01D9
    { 12, 22, 230, 1, 22, 66, 20498 }, // U+01DA
    { 14, 24, 275, 2, 24, 84, 20564 }, // U+01DB
    { 12, 21, 230, 1, 21, 63, 20648 }, // U+01DC
    { 12, 13, 224, 1, 13, 39, 20711 }, // U+01DD
    { 17, 25, 265, 0, 25, 107, 20750 }, // U+01DE
    { 11, 21, 209, 1, 21, 58, 20857 }, // U+01DF
    { 17, 25, 265, 0, 25, 107, 20915 }, // U+01E0
    { 11, 21, 209, 1, 21, 58, 21022 }, // U+01E1
    { 23, 22, 374, 0, 22, 127, 21080 }, // U+01E2
    { 20, 18, 344, 1, 18, 90, 21207 }, // U+01E3
    { 17, 17, 281, 1, 17, 73, 21297 }, // U+01E4
    { 14, 18, 236, 1, 13, 63, 21370 }, // U+01E5
    { 15, 24, 269, 1, 24, 90, 21433 }, // U+01E6
    { 12, 25, 231, 1, 20, 75, 21523 }, // U+01E7
    { 14, 24, 252, 2, 24, 84, 21598 }, // U+01E8
    { 12, 25, 209, 1, 25, 75, 21682 }, // U+01E9
    { 17, 22, 311, 1, 17, 94, 21757 }, // U+01EA
    { 13, 18, 236, 1, 13, 59, 21851 }, // U+01EB
    { 17, 27, 311, 1, 22, 115, 21910 }, // U+01EC
    { 13, 23, 236, 1, 18, 75, 22025 }, // U+01ED
    { 13, 24, 227, 0, 24, 78, 22100 }, // U+01EE
    { 12, 25, 188, -1, 20, 75, 22178 }, // U+01EF
    { 9, 25, 101, -2, 20, 57, 22253 }, // U+01F0
    { 30, 17, 516, 2, 17, 128, 22310 }, // U+01F1
    { 27, 17, 475, 2, 17, 115, 22438 }, // U+01F2
    { 25, 19, 426, 1, 19, 119, 22553 }, // U+01F3
    { 15, 24, 269, 1, 24, 90, 22672 }, // U+01F4
    { 12, 25, 231, 1, 20, 75, 22762 }, // U+01F5
    { 23, 17, 423, 2, 17, 98, 22837 }, // U+01F6
    { 13, 22, 257, 2, 17, 72, 22935 }, // U+01F7
    { 15, 24, 291, 2, 24, 90, 23007 }, // U+01F8
    { 11, 20, 230, 2, 20, 55, 23097 }, // U+01F9
    { 17, 23, 265, 0, 23, 98, 23152 }, // U+01FA
    { 11, 21, 209, 1, 21, 58, 23250 }, // U+01FB
    { 23, 24, 374, 0, 24, 138, 23308 }, // U+01FC
    { 20, 20, 344, 1, 20, 100, 23446 }, // U+01FD
    { 17, 25, 311, 1, 24, 107, 23546 }, // U+01FE
    { 13, 21, 236, 1, 20, 69, 23653 }, // U+01FF
    { 17, 24, 265, 0, 24, 102, 23722 }, // U+0200
    { 11, 20, 209, 1, 20, 55, 23824 }, // U+0201
    { 17, 23, 265, 0, 23, 98, 23879 }, // U+0202
    { 11, 19, 209, 1, 19, 53, 23977 }, // U+0203
    { 12, 24, 228, 2, 24, 72, 24030 }, // U+0204
    { 12, 20, 224, 1, 20, 60, 24102 }, // U+0205
    { 12, 23, 228, 2, 23, 69, 24162 }, // U+0206
    { 12, 19, 224, 1, 19, 57, 24231 }, // U+0207
    { 9, 24, 108, -2, 24, 54, 24288 }, // U+0208
    { 10, 20, 101, -3, 20, 50, 24342 }, // U+0209
    { 7, 23, 108, 0, 23, 41, 24392 }, // U+020A
    { 8, 19, 101, -1, 19, 38, 24433 }, // U+020B
    { 17, 24, 311, 1, 24, 102, 24471 }, // U+020C
    { 13, 20, 236, 1, 20, 65, 24573 }, // U+020D
    { 17, 23, 311, 1, 23, 98, 24638 }, // U+020E
    { 13, 19, 236, 1, 19, 62, 24736 }, // U+020F
    { 14, 24, 252, 2, 24, 84, 24798 }, // U+0210
    { 10, 20, 154, 0, 20, 50, 24882 }, // U+0211
    { 14, 23, 252, 2, 23, 81, 24932 }, // U+0212
    { 8, 19, 154, 2, 19, 38, 25013 }, // U+0213
    { 14, 24, 275, 2, 24, 84, 25051 }, // U+0214
    { 12, 20, 230, 1, 20, 60, 25135 }, // U+0215
    { 14, 23, 275, 2, 23, 81, 25195 }, // U+0216
    { 12, 19, 230, 1, 19, 57, 25276 }, // U+0217
    { 13, 21, 213, 0, 17, 69, 25333 }, // U+0218
    { 10, 17, 178, 1, 13, 43, 25402 }, // U+0219
    { 14, 21, 226, 0, 17, 74, 25445 }, // U+021A
    { 9, 21, 161, 1, 17, 48, 25519 }, // U+021B
    { 13, 22, 214, 0, 17, 72, 25567 }, // U+021C
    { 10, 18, 174, 0, 13, 45, 25639 }, // U+021D
    { 14, 24, 282, 2, 24, 84, 25684 }, // U+021E
    { 12, 25, 228, 1, 25, 75, 25768 }, // U+021F
    { 7, 5, 0, -13, 21, 9, 25843 }, // U+0300
    { 6, 4, 0, -7, 20, 6, 25852 }, // U+0301
    { 9, 4, 0, -5, 20, 9, 25858 }, // U+0302
    { 10, 3, 0, -13, 19, 8, 25867 }, // U+0303
    { 8, 2, 0, -4, 18, 4, 25875 }, // U+0304
    { 8, 4, 0, -4, 20, 8, 25879 }, // U+0306
    { 4, 3, 0, -2, 19, 3, 25887 }, // U+0307
    { 8, 3, 0, -4, 19, 6, 25890 }, // U+0308
    { 6, 5, 0, -3, 21, 8, 25896 }, // U+030A
    { 11, 4, 0, -4, 20, 11, 25904 }, // U+030B
    { 9, 4, 0, -5, 20, 9, 25915 }, // U+030C
    { 8, 4, 150, 1, 19, 8, 25924 }, // U+0311
    { 4, 7, 0, -2, 18, 7, 25932 }, // U+0312
    { 4, 4, 0, -2, -2, 4, 25939 }, // U+0326
    { 6, 6, 0, -3, 0, 9, 25943 }, // U+0327
    { 6, 7, 0, -3, 1, 11, 25952 }, // U+0328
    { 0, 0, 0, 0, 0, 0, 25963 }, // U+034F
    { 12, 24, 228, 2, 24, 72, 25963 }, // U+0400
    { 12, 22, 228, 2, 22, 66, 26035 }, // U+0401
    { 18, 17, 300, 0, 17, 77, 26101 }, // U+0402
    { 11, 24, 204, 2, 24, 66, 26178 }, // U+0403
    { 14, 17, 248, 1, 17, 60, 26244 }, // U+0404
    { 13, 17, 213, 0, 17, 56, 26304 }, // U+0405
    { 3, 17, 108, 2, 17, 13, 26360 }, // U+0406
    { 9, 22, 108, -1, 22, 50, 26373 }, // U+0407
    { 11, 17, 200, 0, 17, 47, 26423 }, // U+0408
    { 26, 18, 417, 0, 17, 117, 26470 }, // U+0409
    { 23, 17, 410, 2, 17, 98, 26587 }, // U+040A
    { 18, 17, 300, 0, 17, 77, 26685 }, // U+040B
    { 14, 24, 252, 2, 24, 84, 26762 }, // U+040C
    { 15, 24, 291, 2, 24, 90, 26846 }, // U+040D
    { 15, 23, 235, 0, 23, 87, 26936 }, // U+040E
    { 14, 22, 280, 2, 17, 77, 27023 }, // U+040F
    { 17, 17, 265, 0, 17, 73, 27100 }, // U+0410
    { 13, 17, 248, 2, 17, 56, 27173 }, // U+0411
    { 13, 17, 257, 2, 17, 56, 27229 }, // U+0412
    { 11, 17, 204, 2, 17, 47, 27285 }, // U+0413
    { 18, 22, 289, 0, 17, 99, 27332 }, // U+0414
    { 12, 17, 228, 2, 17, 51, 27431 }, // U+0415
    { 23, 17, 362, 0, 17, 98, 27482 }, // U+0416
    { 14, 17, 229, 0, 17, 60, 27580 }, // U+0417
    { 15, 17, 291, 2, 17, 64, 27640 }, // U+0418
    { 15, 23, 291, 2, 23, 87, 27704 }, // U+0419
    { 14, 17, 252, 2, 17, 60, 27791 }, // U+041A
    { 16, 17, 283, 0, 17, 68, 27851 }, // U+041B
    { 20, 17, 348, 1, 17, 85, 27919 }, // U+041C
    { 14, 17, 282, 2, 17, 60, 28004 }, // U+041D
    { 17, 17, 311, 1, 17, 73, 28064 }, // U+041E
    { 14, 17, 280, 2, 17, 60, 28137 }, // U+041F
    { 13, 17, 243, 2, 17, 56, 28197 }, // U+0420
    { 14, 17, 248, 1, 17, 60, 28253 }, // U+0421
    { 14, 17, 226, 0, 17, 60, 28313 }, // U+0422
    { 15, 17, 235, 0, 17, 64, 28373 }, // U+0423
    { 20, 18, 346, 1, 18, 90, 28437 }, // U+0424
    { 16, 17, 252, 0, 17, 68, 28527 }, // U+0425
    { 16, 22, 287, 2, 17, 88, 28595 }, // U+0426
    { 13, 17, 252, 1, 17, 56, 28683 }, // U+0427
    { 21, 17, 393, 2, 17, 90, 28739 }, // U+0428
    { 23, 22, 401, 2, 17, 127, 28829 }, // U+0429
    { 18, 17, 290, 0, 17, 77, 28956 }, // U+042A
    { 18, 17, 342, 2, 17, 77, 29033 }, // U+042B
    { 13, 17, 246, 2, 17, 56, 29110 }, // U+042C
    { 15, 17, 248, 0, 17, 64, 29166 }, // U+042D
    { 23, 17, 412, 2, 17, 98, 29230 }, // U+042E
    { 14, 17, 254, 0, 17, 60, 29328 }, // U+042F
    { 11, 13, 209, 1, 13, 36, 29388 }, // U+0430
    { 13, 19, 238, 1, 19, 62, 29424 }, // U+0431
    { 11, 13, 219, 2, 13, 36, 29486 }, // U+0432
    { 9, 13, 167, 2, 13, 30, 29522 }, // U+0433
    { 15, 17, 241, 0, 13, 64, 29552 }, // U+0434
    { 12, 13, 224, 1, 13, 39, 29616 }, // U+0435
    { 19, 13, 305, 0, 13, 62, 29655 }, // U+0436
    { 10, 13, 196, 1, 13, 33, 29717 }, // U+0437
    { 11, 13, 239, 2, 13, 36, 29750 }, // U+0438
    { 11, 19, 239, 2, 19, 53, 29786 }, // U+0439
    { 12, 13, 215, 2, 13, 39, 29839 }, // U+043A
    { 13, 13, 239, 0, 13, 43, 29878 }, // U+043B
    { 16, 13, 292, 1, 13, 52, 29921 }, // U+043C
    { 11, 13, 234, 2, 13, 36, 29973 }, // U+043D
    { 13, 13, 236, 1, 13, 43, 30009 }, // U+043E
    { 11, 13, 231, 2, 13, 36, 30052 }, // U+043F
    { 12, 18, 236, 2, 13, 54, 30088 }, // U+0440
    { 11, 13, 186, 1, 13, 36, 30142 }, // U+0441
    { 12, 13, 185, 0, 13, 39, 30178 }, // U+0442
    { 12, 18, 199, 0, 13, 54, 30217 }, // U+0443
    { 17, 24, 306, 1, 19, 102, 30271 }, // U+0444
    { 13, 13, 204, 0, 13, 43, 30373 }, // U+0445
    { 13, 17, 234, 2, 13, 56, 30416 }, // U+0446
    { 11, 13, 213, 1, 13, 36, 30472 }, // U+0447
    { 17, 13, 329, 2, 13, 56, 30508 }, // U+0448
    { 19, 17, 334, 2, 13, 81, 30564 }, // U+0449
    { 15, 13, 239, 0, 13, 49, 30645 }, // U+044A
    { 15, 13, 303, 2, 13, 49, 30694 }, // U+044B
    { 11, 13, 211, 2, 13, 36, 30743 }, // U+044C
    { 12, 13, 199, 0, 13, 39, 30779 }, // U+044D
    { 17, 13, 324, 2, 13, 56, 30818 }, // U+044E
    { 12, 13, 219, 0, 13, 39, 30874 }, // U+044F
    { 12, 20, 224, 1, 20, 60, 30913 }, // U+0450
    { 12, 18, 224, 1, 18, 54, 30973 }, // U+0451
    { 13, 24, 228, 0, 19, 78, 31027 }, // U+0452
    { 9, 20, 167, 2, 20, 45, 31105 }, // U+0453
    { 11, 13, 199, 1, 13, 36, 31150 }, // U+0454
    { 10, 13, 178, 1, 13, 33, 31186 }, // U+0455
    { 4, 18, 101, 1, 18, 18, 31219 }, // U+0456
    { 9, 18, 101, -1, 18, 41, 31237 }, // U+0457
    { 7, 23, 101, -2, 18, 41, 31278 }, // U+0458
    { 21, 13, 345, 0, 13, 69, 31319 }, // U+0459
    { 19, 13, 340, 2, 13, 62, 31388 }, // U+045A
    { 13, 19, 228, 0, 19, 62, 31450 }, // U+045B
    { 12, 20, 215, 2, 20, 60, 31512 }, // U+045C
    { 11, 20, 239, 2, 20, 55, 31572 }, // U+045D
    { 12, 24, 199, 0, 19, 72, 31627 }, // U+045E
    { 11, 17, 230, 2, 13, 47, 31699 }, // U+045F
    { 18, 18, 290, 0, 18, 81, 31746 }, // U+0462
    { 15, 19, 239, 0, 19, 72, 31827 }, // U+0463
    { 17, 17, 311, 1, 17, 73, 31899 }, // U+0472
    { 13, 13, 236, 1, 13, 43, 31972 }, // U+0473
    { 20, 17, 301, 0, 17, 85, 32015 }, // U+0474
    { 15, 13, 226, 0, 13, 49, 32100 }, // U+0475
    { 17, 28, 298, 2, 23, 119, 32149 }, // U+048A
    { 14, 24, 243, 2, 19, 84, 32268 }, // U+048B
    { 15, 18, 252, 0, 18, 68, 32352 }, // U+048C
    { 13, 13, 210, 0, 13, 43, 32420 }, // U+048D
    { 13, 17, 243, 2, 17, 56, 32463 }, // U+048E
    { 12, 18, 236, 2, 13, 54, 32519 }, // U+048F
    { 11, 20, 204, 2, 20, 55, 32573 }, // U+0490
    { 9, 16, 171, 2, 16, 36, 32628 }, // U+0491
    { 13, 17, 209, 0, 17, 56, 32664 }, // U+0492
    { 11, 13, 170, 0, 13, 36, 32720 }, // U+0493
    { 13, 22, 250, 2, 17, 72, 32756 }, // U+0494
    { 11, 18, 218, 2, 13, 50, 32828 }, // U+0495
    { 23, 22, 368, 0, 17, 127, 32878 }, // U+0496
    { 20, 17, 310, 0, 13, 85, 33005 }, // U+0497
    { 14, 22, 229, 0, 17, 77, 33090 }, // U+0498
    { 10, 18, 196, 1, 13, 45, 33167 }, // U+0499
    { 15, 22, 262, 2, 17, 83, 33212 }, // U+049A
    { 12, 17, 218, 2, 13, 51, 33295 }, // U+049B
    { 16, 17, 283, 2, 17, 68, 33346 }, // U+049C
    { 14, 13, 248, 2, 13, 46, 33414 }, // U+049D
    { 16, 17, 256, 0, 17, 68, 33460 }, // U+049E
    { 14, 13, 222, 0, 13, 46, 33528 }, // U+049F
    { 19, 17, 296, 0, 17, 81, 33574 }, // U+04A0
    { 15, 13, 243, 0, 13, 49, 33655 }, // U+04A1
    { 16, 22, 290, 2, 17, 88, 33704 }, // U+04A2
    { 13, 17, 239, 2, 13, 56, 33792 }, // U+04A3
    { 18, 17, 326, 2, 17, 77, 33848 }, // U+04A4
    { 14, 13, 262, 2, 13, 46, 33925 }, // U+04A5
    { 23, 22, 413, 2, 17, 127, 33971 }, // U+04A6
    { 19, 18, 344, 2, 13, 86, 34098 }, // U+04A7
    { 18, 22, 314, 1, 17, 99, 34184 }, // U+04A8
    { 14, 17, 244, 1, 13, 60, 34283 }, // U+04A9
    { 14, 23, 248, 1, 17, 81, 34343 }, // U+04AA
    { 11, 19, 186, 1, 13, 53, 34424 }, // U+04AB
    { 14, 22, 226, 0, 17, 77, 34477 }, // U+04AC
    { 12, 17, 185, 0, 13, 51, 34554 }, // U+04AD
    { 15, 17, 239, 0, 17, 64, 34605 }, // U+04AE
    { 13, 18, 201, 0, 13, 59, 34669 }, // U+04AF
    { 15, 17, 239, 0, 17, 64, 34728 }, // U+04B0
    { 13, 18, 201, 0, 13, 59, 34792 }, // U+04B1
    { 17, 22, 261, 0, 17, 94, 34851 }, // U+04B2
    { 13, 17, 210, 0, 13, 56, 34945 }, // U+04B3
    { 21, 22, 338, 0, 17, 116, 35001 }, // U+04B4
    { 16, 17, 264, 0, 13, 68, 35117 }, // U+04B5
    { 15, 22, 260, 1, 17, 83, 35185 }, // U+04B6
    { 13, 17, 218, 1, 13, 56, 35268 }, // U+04B7
    { 13, 17, 255, 1, 17, 56, 35324 }, // U+04B8
    { 12, 13, 213, 0, 13, 39, 35380 }, // U+04B9
    { 13, 17, 256, 2, 17, 56, 35419 }, // U+04BA
    { 11, 19, 228, 2, 19, 53, 35475 }, // U+04BB
    { 20, 17, 334, 0, 17, 85, 35528 }, // U+04BC
    { 16, 13, 268, 0, 13, 52, 35613 }, // U+04BD
    { 20, 22, 334, 0, 17, 110, 35665 }, // U+04BE
    { 16, 17, 268, 0, 13, 68, 35775 }, // U+04BF
    { 3, 17, 108, 2, 17, 13, 35843 }, // U+04C0
    { 23, 23, 362, 0, 23, 133, 35856 }, // U+04C1
    { 19, 19, 305, 0, 19, 91, 35989 }, // U+04C2
    { 13, 22, 252, 2, 17, 72, 36080 }, // U+04C3
    { 11, 18, 218, 2, 13, 50, 36152 }, // U+04C4
    { 18, 22, 290, 0, 17, 99, 36202 }, // U+04C5
    { 16, 18, 244, 0, 13, 72, 36301 }, // U+04C6
    { 14, 22, 282, 2, 17, 77, 36373 }, // U+04C7
    { 11, 18, 234, 2, 13, 50, 36450 }, // U+04C8
    { 16, 22, 289, 2, 17, 88, 36500 }, // U+04C9
    { 13, 18, 239, 2, 13, 59, 36588 }, // U+04CA
    { 13, 22, 255, 1, 17, 72, 36647 }, // U+04CB
    { 11, 17, 213, 1, 13, 47, 36719 }, // U+04CC
    { 22, 22, 360, 1, 17, 121, 36766 }, // U+04CD
    { 18, 18, 300, 1, 13, 81, 36887 }, // U+04CE
    { 3, 17, 108, 2, 17, 13, 36968 }, // U+04CF
    { 17, 23, 265, 0, 23, 98, 36981 }, // U+04D0
    { 11, 19, 209, 1, 19, 53, 37079 }, // U+04D1
    { 17, 22, 265, 0, 22, 94, 37132 }, // U+04D2
    { 11, 18, 209, 1, 18, 50, 37226 }, // U+04D3
    { 23, 17, 374, 0, 17, 98, 37276 }, // U+04D4
    { 20, 13, 344, 1, 13, 65, 37374 }, // U+04D5
    { 12, 23, 228, 2, 23, 69, 37439 }, // U+04D6
    { 12, 19, 224, 1, 19, 57, 37508 }, // U+04D7
    { 16, 17, 282, 1, 17, 68, 37565 }, // U+04D8
    { 12, 13, 224, 1, 13, 39, 37633 }, // U+04D9
    { 16, 22, 282, 1, 22, 88, 37672 }, // U+04DA
    { 12, 18, 224, 1, 18, 54, 37760 }, // U+04DB
    { 23, 22, 362, 0, 22, 127, 37814 }, // U+04DC
    { 19, 18, 305, 0, 18, 86, 37941 }, // U+04DD
    { 14, 22, 229, 0, 22, 77, 38027 }, // U+04DE
    { 10, 18, 196, 1, 18, 45, 38104 }, // U+04DF
    { 13, 17, 227, 0, 17, 56, 38149 }, // U+04E0
    { 12, 18, 188, -1, 13, 54, 38205 }, // U+04E1
    { 15, 22, 291, 2, 22, 83, 38259 }, // U+04E2
    { 11, 18, 239, 2, 18, 50, 38342 }, // U+04E3
    { 15, 22, 291, 2, 22, 83, 38392 }, // U+04E4
    { 11, 18, 239, 2, 18, 50, 38475 }, // U+04E5
    { 17, 22, 311, 1, 22, 94, 38525 }, // U+04E6
    { 13, 18, 236, 1, 18, 59, 38619 }, // U+04E7
    { 17, 17, 311, 1, 17, 73, 38678 }, // U+04E8
    { 13, 13, 236, 1, 13, 43, 38751 }, // U+04E9
    { 17, 22, 311, 1, 22, 94, 38794 }, // U+04EA
    { 13, 18, 236, 1, 18, 59, 38888 }, // U+04EB
    { 15, 22, 248, 0, 22, 83, 38947 }, // U+04EC
    { 12, 18, 199, 0, 18, 54, 39030 }, // U+04ED
    { 15, 22, 235, 0, 22, 83, 39084 }, // U+04EE
    { 12, 23, 199, 0, 18, 69, 39167 }, // U+04EF
    { 15, 22, 235, 0, 22, 83, 39236 }, // U+04F0
    { 12, 23, 199, 0, 18, 69, 39319 }, // U+04F1
    { 15, 24, 235, 0, 24, 90, 39388 }, // U+04F2
    { 12, 25, 199, 0, 20, 75, 39478 }, // U+04F3
    { 13, 22, 252, 1, 22, 72, 39553 }, // U+04F4
    { 11, 18, 213, 1, 18, 50, 39625 }, // U+04F5
    { 11, 22, 204, 2, 17, 61, 39675 }, // U+04F6
    { 9, 17, 167, 2, 13, 39, 39736 }, // U+04F7
    { 18, 22, 342, 2, 22, 99, 39775 }, // U+04F8
    { 15, 18, 303, 2, 18, 68, 39874 }, // U+04F9
    { 15, 15, 253, 0, 15, 57, 39942 }, // U+05D0
    { 13, 15, 229, 1, 15, 49, 39999 }, // U+05D1
    { 9, 16, 150, 0, 15, 36, 40048 }, // U+05D2
    { 13, 15, 217, 0, 15, 49, 40084 }, // U+05D3
    { 13, 15, 251, 1, 15, 49, 40133 }, // U+05D4
    { 6, 15, 120, 0, 15, 23, 40182 }, // U+05D5
    { 7, 15, 132, 1, 15, 27, 40205 }, // U+05D6
    { 14, 15, 265, 1, 15, 53, 40232 }, // U+05D7
    { 14, 15, 254, 1, 15, 53, 40285 }, // U+05D8
    { 6, 9, 118, 0, 15, 14, 40338 }, // U+05D9
    { 11, 20, 218, 1, 15, 55, 40352 }, // U+05DA
    { 11, 15, 206, 1, 15, 42, 40407 }, // U+05DB
    { 13, 20, 209, 0, 20, 65, 40449 }, // U+05DC
    { 15, 15, 274, 1, 15, 57, 40514 }, // U+05DD
    { 15, 15, 264, 1, 15, 57, 40571 }, // U+05DE
    { 5, 20, 132, 1, 15, 25, 40628 }, // U+05DF
    { 7, 15, 152, 1, 15, 27, 40653 }, // U+05E0
    { 14, 15, 257, 1, 15, 53, 40680 }, // U+05E1
    { 14, 17, 237, 0, 16, 60, 40733 }, // U+05E2
    { 13, 20, 248, 1, 15, 65, 40793 }, // U+05E3
    { 13, 15, 240, 1, 15, 49, 40858 }, // U+05E4
    { 13, 20, 212, 0, 15, 65, 40907 }, // U+05E5
    { 12, 15, 222, 1, 15, 45, 40972 }, // U+05E6
    { 14, 20, 251, 1, 15, 70, 41017 }, // U+05E7
    { 11, 15, 209, 1, 15, 42, 41087 }, // U+05E8
    { 16, 15, 292, 1, 15, 60, 41129 }, // U+05E9
    { 16, 15, 274, 0, 15, 60, 41189 }, // U+05EA
    { 4, 7, 131, 2, 6, 7, 41249 }, // U+060C
    { 5, 14, 138, 1, 13, 18, 41256 }, // U+061B
    { 11, 20, 174, 0, 19, 55, 41274 }, // U+061F
    { 10, 11, 164, 0, 9, 28, 41329 }, // U+0621
    { 8, 3, 108, 0, 2, 6, 41357 }, // U+0640
    { 5, 5, 229, 5, 10, 7, 41363 }, // U+0660
    { 5, 19, 229, 5, 18, 24, 41370 }, // U+0661
    { 11, 19, 229, 2, 18, 53, 41394 }, // U+0662
    { 14, 19, 229, 0, 18, 67, 41447 }, // U+0663
    { 11, 19, 229, 2, 18, 53, 41514 }, // U+0664
    { 11, 14, 229, 2, 13, 39, 41567 }, // U+0665
    { 12, 19, 229, 1, 18, 57, 41606 }, // U+0666
    { 14, 19, 229, 0, 18, 67, 41663 }, // U+0667
    { 14, 19, 229, 0, 18, 67, 41730 }, // U+0668
    { 11, 18, 229, 2, 17, 50, 41797 }, // U+0669
    { 16, 14, 274, 0, 8, 56, 41847 }, // U+06BA
    { 6, 2, 120, 1, 2, 3, 41903 }, // U+06D4
    { 5, 5, 229, 5, 10, 7, 41906 }, // U+06F0
    { 5, 19, 229, 5, 18, 24, 41913 }, // U+06F1
    { 11, 19, 229, 2, 18, 53, 41937 }, // U+06F2
    { 14, 19, 229, 0, 18, 67, 41990 }, // U+06F3
    { 11, 17, 229, 2, 17, 47, 42057 }, // U+06F4
    { 12, 17, 229, 1, 17, 51, 42104 }, // U+06F5
    { 10, 18, 229, 2, 17, 45, 42155 }, // U+06F6
    { 14, 19, 229, 0, 18, 67, 42200 }, // U+06F7
    { 14, 19, 229, 0, 18, 67, 42267 }, // U+06F8
    { 11, 18, 229, 2, 17, 50, 42334 }, // U+06F9
    { 17, 23, 265, 0, 18, 98, 42384 }, // U+1EA0
    { 11, 19, 209, 1, 14, 53, 42482 }, // U+1EA1
    { 17, 24, 265, 0, 24, 102, 42535 }, // U+1EA2
    { 11, 20, 209, 1, 19, 55, 42637 }, // U+1EA3
    { 17, 26, 265, 0, 26, 111, 42692 }, // U+1EA4
    { 13, 24, 209, 1, 23, 78, 42803 }, // U+1EA5
    { 17, 26, 265, 0, 26, 111, 42881 }, // U+1EA6
    { 11, 24, 209, 1, 23, 66, 42992 }, // U+1EA7
    { 17, 27, 265, 0, 27, 115, 43058 }, // U+1EA8
    { 12, 24, 209, 1, 23, 72, 43173 }, // U+1EA9
    { 17, 27, 265, 0, 27, 115, 43245 }, // U+1EAA
    { 11, 24, 209, 1, 23, 66, 43360 }, // U+1EAB
    { 17, 29, 265, 0, 24, 124, 43426 }, // U+1EAC
    { 11, 25, 209, 1, 20, 69, 43550 }, // U+1EAD
    { 17, 28, 265, 0, 28, 119, 43619 }, // U+1EAE
    { 11, 25, 209, 1, 24, 69, 43738 }, // U+1EAF
    { 17, 28, 265, 0, 28, 119, 43807 }, // U+1EB0
    { 11, 25, 209, 1, 24, 69, 43926 }, // U+1EB1
    { 17, 27, 265, 0, 27, 115, 43995 }, // U+1EB2
    { 11, 25, 209, 1, 24, 69, 44110 }, // U+1EB3
    { 17, 27, 265, 0, 27, 115, 44179 }, // U+1EB4
    { 11, 24, 209, 1, 23, 66, 44294 }, // U+1EB5
    { 17, 28, 265, 0, 23, 119, 44360 }, // U+1EB6
    { 11, 24, 209, 1, 19, 66, 44479 }, // U+1EB7
    { 12, 23, 228, 2, 18, 69, 44545 }, // U+1EB8
    { 12, 19, 224, 1, 14, 57, 44614 }, // U+1EB9
    { 12, 24, 228, 2, 24, 72, 44671 }, // U+1EBA
    { 12, 20, 224, 1, 19, 60, 44743 }, // U+1EBB
    { 12, 23, 228, 2, 23, 69, 44803 }, // U+1EBC
    { 12, 20, 224, 1, 19, 60, 44872 }, // U+1EBD
    { 13, 26, 228, 2, 26, 85, 44932 }, // U+1EBE
    { 14, 24, 224, 1, 23, 84, 45017 }, // U+1EBF
    { 12, 26, 228, 2, 26, 78, 45101 }, // U+1EC0
    { 12, 24, 224, 1, 23, 72, 45179 }, // U+1EC1
    { 12, 27, 228, 2, 27, 81, 45251 }, // U+1EC2
    { 13, 24, 224, 1, 23, 78, 45332 }, // U+1EC3
    { 12, 27, 228, 2, 27, 81, 45410 }, // U+1EC4
    { 12, 25, 224, 1, 24, 75, 45491 }, // U+1EC5
    { 12, 29, 228, 2, 24, 87, 45566 }, // U+1EC6
    { 12, 25, 224, 1, 20, 75, 45653 }, // U+1EC7
    { 5, 24, 108, 1, 24, 30, 45728 }, // U+1EC8
    { 5, 19, 101, 1, 19, 24, 45758 }, // U+1EC9
    { 4, 23, 108, 1, 18, 23, 45782 }, // U+1ECA
    { 4, 24, 101, 1, 19, 24, 45805 }, // U+1ECB
    { 17, 23, 311, 1, 18, 98, 45829 }, // U+1ECC
    { 13, 19, 236, 1, 14, 62, 45927 }, // U+1ECD
    { 17, 25, 311, 1, 24, 107, 45989 }, // U+1ECE
    { 13, 20, 236, 1, 19, 65, 46096 }, // U+1ECF
    { 17, 28, 311, 1, 27, 119, 46161 }, // U+1ED0
    { 14, 24, 236, 1, 23, 84, 46280 }, // U+1ED1
    { 17, 28, 311, 1, 27, 119, 46364 }, // U+1ED2
    { 13, 24, 236, 1, 23, 78, 46483 }, // U+1ED3
    { 17, 28, 311, 1, 27, 119, 46561 }, // U+1ED4
    { 13, 23, 236, 1, 22, 75, 46680 }, // U+1ED5
    { 17, 28, 311, 1, 27, 119, 46755 }, // U+1ED6
    { 13, 24, 236, 1, 23, 78, 46874 }, // U+1ED7
    { 17, 29, 311, 1, 24, 124, 46952 }, // U+1ED8
    { 13, 25, 236, 1, 20, 82, 47076 }, // U+1ED9
    { 18, 25, 311, 1, 24, 113, 47158 }, // U+1EDA
    { 14, 21, 236, 1, 20, 74, 47271 }, // U+1EDB
    { 18, 25, 311, 1, 24, 113, 47345 }, // U+1EDC
    { 14, 21, 236, 1, 20, 74, 47458 }, // U+1EDD
    { 18, 25, 311, 1, 24, 113, 47532 }, // U+1EDE
    { 14, 20, 236, 1, 19, 70, 47645 }, // U+1EDF
    { 18, 24, 311, 1, 23, 108, 47715 }, // U+1EE0
    { 14, 20, 236, 1, 19, 70, 47823 }, // U+1EE1
    { 18, 26, 311, 1, 21, 117, 47893 }, // U+1EE2
    { 14, 21, 236, 1, 16, 74, 48010 }, // U+1EE3
    { 14, 23, 275, 2, 18, 81, 48084 }, // U+1EE4
    { 12, 18, 230, 1, 13, 54, 48165 }, // U+1EE5
    { 14, 25, 275, 2, 24, 88, 48219 }, // U+1EE6
    { 12, 20, 230, 1, 19, 60, 48307 }, // U+1EE7
    { 17, 25, 284, 2, 24, 107, 48367 }, // U+1EE8
    { 15, 21, 239, 1, 20, 79, 48474 }, // U+1EE9
    { 17, 25, 284, 2, 24, 107, 48553 }, // U+1EEA
    { 15, 21, 239, 1, 20, 79, 48660 }, // U+1EEB
    { 17, 25, 284, 2, 24, 107, 48739 }, // U+1EEC
    { 15, 20, 239, 1, 19, 75, 48846 }, // U+1EED
    { 17, 24, 284, 2, 23, 102, 48921 }, // U+1EEE
    { 15, 20, 239, 1, 19, 75, 49023 }, // U+1EEF
    { 17, 26, 284, 2, 21, 111, 49098 }, // U+1EF0
    { 15, 21, 239, 1, 16, 79, 49209 }, // U+1EF1
    { 15, 24, 239, 0, 24, 90, 49288 }, // U+1EF2
    { 12, 26, 199, 0, 21, 78, 49378 }, // U+1EF3
    { 15, 23, 239, 0, 18, 87, 49456 }, // U+1EF4
    { 12, 18, 199, 0, 13, 54, 49543 }, // U+1EF5
    { 15, 24, 239, 0, 24, 90, 49597 }, // U+1EF6
    { 12, 24, 199, 0, 19, 72, 49687 }, // U+1EF7
    { 15, 23, 239, 0, 23, 87, 49759 }, // U+1EF8
    { 12, 24, 199, 0, 19, 72, 49846 }, // U+1EF9
    { 0, 0, 52, 0, 0, 0, 49918 }, // U+2009
    { 0, 0, 0, 0, 0, 0, 49918 }, // U+200B
    { 2, 19, 0, -1, 18, 10, 49918 }, // U+200C
    { 6, 19, 0, -3, 18, 29, 49928 }, // U+200D
    { 7, 20, 0, -1, 18, 35, 49957 }, // U+200E
    { 7, 20, 0, -6, 18, 35, 49992 }, // U+200F
    { 8, 2, 128, 0, 8, 4, 50027 }, // U+2010
    { 7, 3, 129, 1, 8, 6, 50031 }, // U+2011
    { 14, 2, 198, -1, 9, 7, 50037 }, // U+2013
    { 26, 2, 398, -1, 9, 13, 50044 }, // U+2014
    { 26, 2, 398, -1, 9, 13, 50057 }, // U+2015
    { 5, 6, 94, 1, 19, 8, 50070 }, // U+2018
    { 5, 6, 94, 0, 19, 8, 50078 }, // U+2019
    { 5, 6, 94, 0, 3, 8, 50086 }, // U+201A
    { 9, 6, 167, 1, 19, 14, 50094 }, // U+201C
    { 9, 6, 167, 0, 19, 14, 50108 }, // U+201D
    { 9, 6, 167, 0, 3, 14, 50122 }, // U+201E
    { 11, 21, 190, 0, 17, 58, 50136 }, // U+2020
    { 11, 21, 190, 0, 17, 58, 50194 }, // U+2021
    { 7, 6, 144, 1, 12, 11, 50252 }, // U+2022
    { 21, 3, 398, 2, 3, 16, 50263 }, // U+2026
    { 0, 0, 52, 0, 0, 0, 50279 }, // U+202F
    { 29, 17, 491, 1, 17, 124, 50279 }, // U+2030
    { 7, 11, 116, 0, 13, 20, 50403 }, // U+2039
    { 6, 11, 116, 1, 13, 17, 50423 }, // U+203A
    { 13, 17, 59, -5, 17, 56, 50440 }, // U+2044
    { 5, 14, 138, 1, 13, 18, 50496 }, // U+204F
    { 9, 10, 144, 0, 18, 23, 50514 }, // U+2070
    { 9, 10, 144, 0, 18, 23, 50537 }, // U+2074
    { 7, 10, 144, 1, 18, 18, 50560 }, // U+2075
    { 9, 10, 144, 0, 18, 23, 50578 }, // U+2076
    { 9, 10, 144, 0, 18, 23, 50601 }, // U+2077
    { 9, 10, 144, 0, 18, 23, 50624 }, // U+2078
    { 9, 10, 144, 0, 18, 23, 50647 }, // U+2079
    { 9, 10, 144, 0, 10, 23, 50670 }, // U+2080
    { 5, 10, 144, 1, 10, 13, 50693 }, // U+2081
    { 8, 10, 144, 0, 10, 20, 50706 }, // U+2082
    { 8, 10, 144, 0, 10, 20, 50726 }, // U+2083
    { 9, 10, 144, 0, 10, 23, 50746 }, // U+2084
    { 7, 10, 144, 1, 10, 18, 50769 }, // U+2085
    { 9, 10, 144, 0, 10, 23, 50787 }, // U+2086
    { 9, 10, 144, 0, 10, 23, 50810 }, // U+2087
    { 9, 10, 144, 0, 10, 23, 50833 }, // U+2088
    { 9, 10, 144, 0, 10, 23, 50856 }, // U+2089
    { 16, 15, 317, 2, 15, 60, 50879 }, // U+20AA
    { 13, 17, 226, 1, 17, 56, 50939 }, // U+20AC
    { 13, 17, 226, 1, 17, 56, 50995 }, // U+20AE
    { 14, 17, 226, 0, 17, 60, 51051 }, // U+20B4
    { 13, 17, 226, 1, 17, 56, 51111 }, // U+20B9
    { 13, 19, 234, 1, 19, 62, 51167 }, // U+2202
    { 17, 17, 260, 0, 17, 73, 51229 }, // U+2206
    { 14, 20, 279, 2, 17, 70, 51302 }, // U+220F
    { 13, 20, 206, 0, 17, 65, 51372 }, // U+2211
    { 12, 2, 226, 1, 8, 6, 51437 }, // U+2212
    { 13, 17, 59, -5, 17, 56, 51443 }, // U+2215
    { 4, 3, 98, 1, 9, 3, 51499 }, // U+2219
    { 15, 20, 226, 0, 20, 75, 51502 }, // U+221A
    { 14, 7, 235, 0, 11, 25, 51577 }, // U+221E
    { 10, 24, 148, 0, 19, 60, 51602 }, // U+222B
    { 12, 10, 226, 1, 13, 30, 51662 }, // U+2248
    { 12, 13, 226, 1, 14, 39, 51692 }, // U+2260
    { 12, 15, 226, 1, 15, 45, 51731 }, // U+2264
    { 12, 15, 226, 1, 15, 45, 51776 }, // U+2265
    { 18, 19, 310, 2, 19, 86, 51821 }, // U+FB00
    { 13, 19, 257, 2, 19, 62, 51907 }, // U+FB01
    { 14, 19, 265, 2, 19, 67, 51969 }, // U+FB02
    { 23, 19, 413, 2, 19, 110, 52036 }, // U+FB03
    { 24, 19, 421, 2, 19, 114, 52146 }, // U+FB04
    { 24, 20, 397, 0, 11, 120, 52260 }, // U+FB56
    { 29, 18, 437, 0, 9, 131, 52380 }, // U+FB57
    { 7, 19, 120, -1, 11, 34, 52511 }, // U+FB58
    { 11, 16, 149, 0, 8, 44, 52545 }, // U+FB59
    { 24, 19, 397, 0, 18, 114, 52589 }, // U+FB66
    { 29, 19, 437, 0, 18, 138, 52703 }, // U+FB67
    { 7, 21, 108, 0, 20, 37, 52841 }, // U+FB68
    { 11, 18, 149, 0, 17, 50, 52878 }, // U+FB69
    { 16, 21, 264, 0, 11, 84, 52928 }, // U+FB7A
    { 20, 21, 288, 0, 11, 105, 53012 }, // U+FB7B
    { 14, 17, 236, 0, 9, 60, 53117 }, // U+FB7C
    { 18, 17, 255, 0, 9, 77, 53177 }, // U+FB7D
    { 11, 23, 191, 0, 22, 64, 53254 }, // U+FB88
    { 15, 23, 213, 0, 22, 87, 53318 }, // U+FB89
    { 9, 23, 147, -1, 17, 52, 53405 }, // U+FB8A
    { 13, 23, 158, -1, 17, 75, 53457 }, // U+FB8B
    { 10, 25, 147, -1, 19, 63, 53532 }, // U+FB8C
    { 13, 25, 158, -1, 19, 82, 53595 }, // U+FB8D
    { 23, 19, 351, 0, 18, 110, 53677 }, // U+FB8E
    { 26, 19, 390, 0, 18, 124, 53787 }, // U+FB8F
    { 11, 19, 165, 0, 18, 53, 53911 }, // U+FB90
    { 14, 19, 203, 0, 18, 67, 53964 }, // U+FB91
    { 23, 22, 351, 0, 21, 127, 54031 }, // U+FB92
    { 26, 22, 390, 0, 21, 143, 54158 }, // U+FB93
    { 11, 22, 165, 0, 21, 61, 54301 }, // U+FB94
    { 14, 22, 203, 0, 21, 77, 54362 }, // U+FB95
    { 16, 14, 274, 0, 8, 56, 54439 }, // U+FB9E
    { 20, 14, 292, 0, 8, 70, 54495 }, // U+FB9F
    { 10, 12, 162, 0, 12, 30, 54565 }, // U+FBA6
    { 14, 10, 192, 0, 9, 35, 54595 }, // U+FBA7
    { 6, 16, 108, 0, 11, 24, 54630 }, // U+FBA8
    { 13, 11, 175, 0, 4, 36, 54654 }, // U+FBA9
    { 16, 14, 269, 0, 13, 56, 54690 }, // U+FBAA
    { 17, 17, 246, 0, 11, 73, 54746 }, // U+FBAB
    { 14, 14, 230, 0, 13, 49, 54819 }, // U+FBAC
    { 14, 17, 203, 0, 11, 60, 54868 }, // U+FBAD
    { 23, 13, 377, 0, 12, 75, 54928 }, // U+FBAE
    { 15, 9, 220, 0, 2, 34, 55003 }, // U+FBAF
    { 23, 19, 377, 0, 18, 110, 55037 }, // U+FBB0
    { 15, 16, 220, 0, 9, 60, 55147 }, // U+FBB1
    { 19, 17, 304, 0, 11, 81, 55207 }, // U+FBFC
    { 20, 11, 294, 0, 5, 55, 55288 }, // U+FBFD
    { 7, 16, 120, -1, 11, 28, 55343 }, // U+FBFE
    { 11, 13, 149, 0, 8, 36, 55371 }, // U+FBFF
    { 10, 11, 164, 0, 9, 28, 55407 }, // U+FE80
    { 9, 21, 94, -2, 21, 48, 55435 }, // U+FE81
    { 11, 24, 116, -2, 23, 66, 55483 }, // U+FE82
    { 6, 24, 94, 0, 24, 36, 55549 }, // U+FE83
    { 9, 27, 116, 0, 26, 61, 55585 }, // U+FE84
    { 9, 22, 179, 1, 16, 50, 55646 }, // U+FE85
    { 13, 23, 189, 1, 17, 75, 55696 }, // U+FE86
    { 6, 26, 95, 1, 18, 39, 55771 }, // U+FE87
    { 8, 26, 116, 1, 18, 52, 55810 }, // U+FE88
    { 19, 18, 304, 0, 12, 86, 55862 }, // U+FE89
    { 20, 18, 294, 0, 12, 90, 55948 }, // U+FE8A
    { 6, 19, 108, 0, 18, 29, 56038 }, // U+FE8B
    { 10, 16, 137, 0, 15, 40, 56067 }, // U+FE8C
    { 4, 18, 95, 1, 18, 18, 56107 }, // U+FE8D
    { 8, 19, 116, 1, 18, 38, 56125 }, // U+FE8E
    { 24, 17, 397, 0, 11, 102, 56163 }, // U+FE8F
    { 29, 15, 437, 0, 9, 109, 56265 }, // U+FE90
    { 6, 16, 108, 0, 11, 24, 56374 }, // U+FE91
    { 10, 13, 137, 0, 8, 33, 56398 }, // U+FE92
    { 10, 17, 162, 0, 17, 43, 56431 }, // U+FE93
    { 14, 20, 194, 0, 19, 70, 56474 }, // U+FE94
    { 24, 14, 397, 0, 13, 84, 56544 }, // U+FE95
    { 29, 14, 437, 0, 13, 102, 56628 }, // U+FE96
    { 7, 17, 108, 0, 16, 30, 56730 }, // U+FE97
    { 11, 14, 149, 0, 13, 39, 56760 }, // U+FE98
    { 24, 17, 397, 0, 16, 102, 56799 }, // U+FE99
    { 29, 17, 437, 0, 16, 124, 56901 }, // U+FE9A
    { 7, 20, 108, 0, 19, 35, 57025 }, // U+FE9B
    { 11, 17, 149, 0, 16, 47, 57060 }, // U+FE9C
    { 15, 21, 256, 0, 11, 79, 57107 }, // U+FE9D
    { 18, 21, 260, 0, 11, 95, 57186 }, // U+FE9E
    { 14, 14, 236, 0, 9, 49, 57281 }, // U+FE9F
    { 18, 14, 255, 0, 9, 63, 57330 }, // U+FEA0
    { 15, 21, 256, 0, 11, 79, 57393 }, // U+FEA1
    { 18, 21, 260, 0, 11, 95, 57472 }, // U+FEA2
    { 14, 10, 236, 0, 9, 35, 57567 }, // U+FEA3
    { 18, 10, 255, 0, 9, 45, 57602 }, // U+FEA4
    { 15, 26, 256, 0, 16, 98, 57647 }, // U+FEA5
    { 18, 26, 260, 0, 16, 117, 57745 }, // U+FEA6
    { 14, 15, 236, 0, 14, 53, 57862 }, // U+FEA7
    { 18, 15, 255, 0, 14, 68, 57915 }, // U+FEA8
    { 11, 13, 191, 0, 12, 36, 57983 }, // U+FEA9
    { 15, 13, 213, 0, 12, 49, 58019 }, // U+FEAA
    { 11, 18, 191, 0, 17, 50, 58068 }, // U+FEAB
    { 15, 18, 213, 0, 17, 68, 58118 }, // U+FEAC
    { 9, 15, 147, -1, 9, 34, 58186 }, // U+FEAD
    { 13, 15, 158, -1, 9, 49, 58220 }, // U+FEAE
    { 9, 20, 147, -1, 14, 45, 58269 }, // U+FEAF
    { 13, 20, 158, -1, 14, 65, 58314 }, // U+FEB0
    { 29, 17, 484, 0, 11, 124, 58379 }, // U+FEB1
    { 33, 15, 508, 0, 9, 124, 58503 }, // U+FEB2
    { 19, 12, 314, 0, 11, 57, 58627 }, // U+FEB3
    { 23, 10, 340, 0, 9, 58, 58684 }, // U+FEB4
    { 29, 23, 484, 0, 17, 167, 58742 }, // U+FEB5
    { 33, 23, 508, 0, 17, 190, 58909 }, // U+FEB6
    { 19, 18, 314, 0, 17, 86, 59099 }, // U+FEB7
    { 23, 18, 340, 0, 17, 104, 59185 }, // U+FEB8
    { 32, 16, 522, 0, 10, 128, 59289 }, // U+FEB9
    { 36, 16, 541, 0, 10, 144, 59417 }, // U+FEBA
    { 22, 11, 361, 0, 10, 61, 59561 }, // U+FEBB
    { 25, 11, 380, 0, 10, 69, 59622 }, // U+FEBC
    { 32, 21, 522, 0, 15, 168, 59691 }, // U+FEBD
    { 36, 21, 541, 0, 15, 189, 59859 }, // U+FEBE
    { 22, 16, 361, 0, 15, 88, 60048 }, // U+FEBF
    { 25, 16, 380, 0, 15, 100, 60136 }, // U+FEC0
    { 19, 19, 315, 0, 18, 91, 60236 }, // U+FEC1
    { 23, 19, 332, 0, 18, 110, 60327 }, // U+FEC2
    { 16, 19, 271, 0, 18, 76, 60437 }, // U+FEC3
    { 19, 19, 284, 0, 18, 91, 60513 }, // U+FEC4
    { 19, 19, 315, 0, 18, 91, 60604 }, // U+FEC5
    { 23, 19, 332, 0, 18, 110, 60695 }, // U+FEC6
    { 16, 19, 271, 0, 18, 76, 60805 }, // U+FEC7
    { 19, 19, 284, 0, 18, 91, 60881 }, // U+FEC8
    { 15, 23, 203, 0, 13, 87, 60972 }, // U+FEC9
    { 15, 21, 212, 0, 11, 79, 61059 }, // U+FECA
    { 12, 12, 201, 0, 11, 36, 61138 }, // U+FECB
    { 15, 12, 208, 0, 11, 45, 61174 }, // U+FECC
    { 15, 28, 203, 0, 18, 105, 61219 }, // U+FECD
    { 15, 26, 212, 0, 16, 98, 61324 }, // U+FECE
    { 12, 17, 201, 0, 16, 51, 61422 }, // U+FECF
    { 15, 17, 208, 0, 16, 64, 61473 }, // U+FED0
    { 24, 19, 393, 0, 18, 114, 61537 }, // U+FED1
    { 29, 17, 439, 0, 16, 124, 61651 }, // U+FED2
    { 11, 19, 179, 0, 18, 53, 61775 }, // U+FED3
    { 14, 17, 198, 0, 16, 60, 61828 }, // U+FED4
    { 19, 21, 310, 0, 16, 100, 61888 }, // U+FED5
    { 22, 21, 323, 0, 14, 116, 61988 }, // U+FED6
    { 11, 19, 179, 0, 18, 53, 62104 }, // U+FED7
    { 14, 17, 198, 0, 16, 60, 62157 }, // U+FED8
    { 21, 19, 353, 0, 18, 100, 62217 }, // U+FED9
    { 25, 19, 369, 0, 18, 119, 62317 }, // U+FEDA
    { 11, 19, 165, 0, 18, 53, 62436 }, // U+FEDB
    { 14, 19, 203, 0, 18, 67, 62489 }, // U+FEDC
    { 16, 24, 278, 0, 18, 96, 62556 }, // U+FEDD
    { 20, 24, 292, 0, 18, 120, 62652 }, // U+FEDE
    { 6, 19, 104, 0, 18, 29, 62772 }, // U+FEDF
    { 9, 19, 120, 0, 18, 43, 62801 }, // U+FEE0
    { 12, 20, 194, 0, 10, 60, 62844 }, // U+FEE1
    { 16, 20, 225, 0, 10, 80, 62904 }, // U+FEE2
    { 12, 10, 210, 0, 9, 30, 62984 }, // U+FEE3
    { 16, 11, 231, 0, 10, 44, 63014 }, // U+FEE4
    { 16, 19, 274, 0, 13, 76, 63058 }, // U+FEE5
    { 20, 19, 292, 0, 13, 95, 63134 }, // U+FEE6
    { 6, 17, 108, 0, 16, 26, 63229 }, // U+FEE7
    { 10, 14, 137, 0, 13, 35, 63255 }, // U+FEE8
    { 10, 12, 162, 0, 12, 30, 63290 }, // U+FEE9
    { 14, 14, 194, 0, 13, 49, 63320 }, // U+FEEA
    { 14, 14, 230, 0, 13, 49, 63369 }, // U+FEEB
    { 14, 17, 203, 0, 11, 60, 63418 }, // U+FEEC
    { 9, 15, 179, 1, 9, 34, 63478 }, // U+FEED
    { 13, 15, 189, 1, 9, 49, 63512 }, // U+FEEE
    { 19, 17, 304, 0, 11, 81, 63561 }, // U+FEEF
    { 20, 11, 294, 0, 5, 55, 63642 }, // U+FEF0
    { 19, 22, 304, 0, 11, 105, 63697 }, // U+FEF1
    { 20, 16, 294, 0, 5, 80, 63802 }, // U+FEF2
    { 7, 16, 120, -1, 11, 28, 63882 }, // U+FEF3
    { 11, 13, 149, 0, 8, 36, 63910 }, // U+FEF4
    { 15, 19, 233, -2, 19, 72, 63946 }, // U+FEF5
    { 19, 20, 240, -2, 19, 95, 64018 }, // U+FEF6
    { 14, 22, 233, -1, 22, 77, 64113 }, // U+FEF7
    { 17, 23, 240, 0, 22, 98, 64190 }, // U+FEF8
    { 12, 26, 233, 1, 18, 78, 64288 }, // U+FEF9
    { 16, 26, 240, 1, 18, 104, 64366 }, // U+FEFA
    { 12, 18, 233, 1, 18, 54, 64470 }, // U+FEFB
    { 16, 19, 240, 1, 18, 76, 64524 }, // U+FEFC
};

static const EpdUnicodeInterval ubuntu_12_regularIntervals[] = {
    { 0x0, 0x0, 0x0 },
    { 0x8, 0x9, 0x1 },
    { 0xD, 0xD, 0x3 },
    { 0x1D, 0x1D, 0x4 },
    { 0x20, 0x7E, 0x5 },
    { 0xA0, 0x17F, 0x64 },
    { 0x1A0, 0x1A1, 0x144 },
    { 0x1AF, 0x1B0, 0x146 },
    { 0x1C4, 0x21F, 0x148 },
    { 0x300, 0x304, 0x1A4 },
    { 0x306, 0x308, 0x1A9 },
    { 0x30A, 0x30C, 0x1AC },
    { 0x311, 0x312, 0x1AF },
    { 0x326, 0x328, 0x1B1 },
    { 0x34F, 0x34F, 0x1B4 },
    { 0x400, 0x45F, 0x1B5 },
    { 0x462, 0x463, 0x215 },
    { 0x472, 0x475, 0x217 },
    { 0x48A, 0x4F9, 0x21B },
    { 0x5D0, 0x5EA, 0x28B },
    { 0x60C, 0x60C, 0x2A6 },
    { 0x61B, 0x61B, 0x2A7 },
    { 0x61F, 0x61F, 0x2A8 },
    { 0x621, 0x621, 0x2A9 },
    { 0x640, 0x640, 0x2AA },
    { 0x660, 0x669, 0x2AB },
    { 0x6BA, 0x6BA, 0x2B5 },
    { 0x6D4, 0x6D4, 0x2B6 },
    { 0x6F0, 0x6F9, 0x2B7 },
    { 0x1EA0, 0x1EF9, 0x2C1 },
    { 0x2009, 0x2009, 0x31B },
    { 0x200B, 0x2011, 0x31C },
    { 0x2013, 0x2015, 0x323 },
    { 0x2018, 0x201A, 0x326 },
    { 0x201C, 0x201E, 0x329 },
    { 0x2020, 0x2022, 0x32C },
    { 0x2026, 0x2026, 0x32F },
    { 0x202F, 0x2030, 0x330 },
    { 0x2039, 0x203A, 0x332 },
    { 0x2044, 0x2044, 0x334 },
    { 0x204F, 0x204F, 0x335 },
    { 0x2070, 0x2070, 0x336 },
    { 0x2074, 0x2079, 0x337 },
    { 0x2080, 0x2089, 0x33D },
    { 0x20AA, 0x20AA, 0x347 },
    { 0x20AC, 0x20AC, 0x348 },
    { 0x20AE, 0x20AE, 0x349 },
    { 0x20B4, 0x20B4, 0x34A },
    { 0x20B9, 0x20B9, 0x34B },
    { 0x2202, 0x2202, 0x34C },
    { 0x2206, 0x2206, 0x34D },
    { 0x220F, 0x220F, 0x34E },
    { 0x2211, 0x2212, 0x34F },
    { 0x2215, 0x2215, 0x351 },
    { 0x2219, 0x221A, 0x352 },
    { 0x221E, 0x221E, 0x354 },
    { 0x222B, 0x222B, 0x355 },
    { 0x2248, 0x2248, 0x356 },
    { 0x2260, 0x2260, 0x357 },
    { 0x2264, 0x2265, 0x358 },
    { 0xFB00, 0xFB04, 0x35A },
    { 0xFB56, 0xFB59, 0x35F },
    { 0xFB66, 0xFB69, 0x363 },
    { 0xFB7A, 0xFB7D, 0x367 },
    { 0xFB88, 0xFB95, 0x36B },
    { 0xFB9E, 0xFB9F, 0x379 },
    { 0xFBA6, 0xFBB1, 0x37B },
    { 0xFBFC, 0xFBFF, 0x387 },
    { 0xFE80, 0xFEFC, 0x38B },
};

static const EpdKernClassEntry ubuntu_12_regularKernLeftClasses[] = {
    { 0x0022, 1 }, // "
    { 0x0027, 1 }, // '
    { 0x0028, 2 }, // (
    { 0x0029, 3 }, // )
    { 0x002A, 4 }, // *
    { 0x002C, 5 }, // ,
    { 0x002D, 6 }, // -
    { 0x002E, 5 }, // .
    { 0x002F, 7 }, // /
    { 0x003A, 8 }, // :
    { 0x003B, 8 }, // ;
    { 0x0040, 9 }, // @
    { 0x0041, 10 }, // A
    { 0x0042, 11 }, // B
    { 0x0043, 12 }, // C
    { 0x0044, 13 }, // D
    { 0x0045, 14 }, // E
    { 0x0046, 15 }, // F
    { 0x0047, 16 }, // G
    { 0x004A, 17 }, // J
    { 0x004B, 18 }, // K
    { 0x004C, 19 }, // L
    { 0x004D, 20 }, // M
    { 0x004F, 21 }, // O
    { 0x0050, 22 }, // P
    { 0x0051, 23 }, // Q
    { 0x0052, 24 }, // R
    { 0x0054, 25 }, // T
    { 0x0055, 26 }, // U
    { 0x0056, 27 }, // V
    { 0x0057, 28 }, // W
    { 0x0058, 29 }, // X
    { 0x0059, 30 }, // Y
    { 0x005A, 31 }, // Z
    { 0x005B, 32 }, // [
    { 0x005D, 33 }, // ]
    { 0x0061, 34 }, // a
    { 0x0062, 35 }, // b
    { 0x0063, 36 }, // c
    { 0x0066, 37 }, // f
    { 0x0068, 38 }, // h
    { 0x006A, 39 }, // j
    { 0x006B, 40 }, // k
    { 0x006D, 41 }, // m
    { 0x006E, 41 }, // n
    { 0x006F, 42 }, // o
    { 0x0070, 43 }, // p
    { 0x0071, 44 }, // q
    { 0x0072, 45 }, // r
    { 0x0074, 46 }, // t
    { 0x0076, 47 }, // v
    { 0x0077, 48 }, // w
    { 0x0078, 49 }, // x
    { 0x007A, 50 }, // z
    { 0x007B, 51 }, // {
    { 0x007D, 52 }, // }
    { 0x00A1, 53 }, // U+00A1
    { 0x00AB, 54 }, // U+00AB
    { 0x00BB, 55 }, // U+00BB
    { 0x00BF, 56 }, // U+00BF
    { 0x00C0, 10 }, // U+00C0
    { 0x00C1, 10 }, // U+00C1
    { 0x00C2, 10 }, // U+00C2
    { 0x00C3, 10 }, // U+00C3
    { 0x00C4, 10 }, // U+00C4
    { 0x00C5, 10 }, // U+00C5
    { 0x00C6, 14 }, // U+00C6
    { 0x00C7, 12 }, // U+00C7
    { 0x00C8, 14 }, // U+00C8
    { 0x00C9, 14 }, // U+00C9
    { 0x00CA, 14 }, // U+00CA
    { 0x00CB, 14 }, // U+00CB
    { 0x00D0, 13 }, // U+00D0
    { 0x00D2, 21 }, // U+00D2
    { 0x00D3, 21 }, // U+00D3
    { 0x00D4, 21 }, // U+00D4
    { 0x00D5, 21 }, // U+00D5
    { 0x00D6, 21 }, // U+00D6
    { 0x00D8, 21 }, // U+00D8
    { 0x00D9, 26 }, // U+00D9
    { 0x00DA, 26 }, // U+00DA
    { 0x00DB, 26 }, // U+00DB
    { 0x00DC, 26 }, // U+00DC
    { 0x00DD, 30 }, // U+00DD
    { 0x00DE, 57 }, // U+00DE
    { 0x00DF, 58 }, // U+00DF
    { 0x00E0, 34 }, // U+00E0
    { 0x00E1, 34 }, // U+00E1
    { 0x00E2, 34 }, // U+00E2
    { 0x00E3, 34 }, // U+00E3
    { 0x00E4, 34 }, // U+00E4
    { 0x00E5, 34 }, // U+00E5
    { 0x00E7, 36 }, // U+00E7
    { 0x00F0, 59 }, // U+00F0
    { 0x00F1, 41 }, // U+00F1
    { 0x00F2, 42 }, // U+00F2
    { 0x00F3, 42 }, // U+00F3
    { 0x00F4, 42 }, // U+00F4
    { 0x00F5, 42 }, // U+00F5
    { 0x00F6, 42 }, // U+00F6
    { 0x00F8, 42 }, // U+00F8
    { 0x00FE, 60 }, // U+00FE
    { 0x0100, 10 }, // U+0100
    { 0x0101, 34 }, // U+0101
    { 0x0102, 10 }, // U+0102
    { 0x0103, 34 }, // U+0103
    { 0x0104, 10 }, // U+0104
    { 0x0105, 34 }, // U+0105
    { 0x0106, 12 }, // U+0106
    { 0x0107, 36 }, // U+0107
    { 0x0108, 12 }, // U+0108
    { 0x0109, 36 }, // U+0109
    { 0x010A, 12 }, // U+010A
    { 0x010B, 36 }, // U+010B
    { 0x010C, 12 }, // U+010C
    { 0x010D, 36 }, // U+010D
    { 0x010E, 13 }, // U+010E
    { 0x010F, 61 }, // U+010F
    { 0x0110, 13 }, // U+0110
    { 0x0112, 14 }, // U+0112
    { 0x0114, 14 }, // U+0114
    { 0x0116, 14 }, // U+0116
    { 0x0118, 14 }, // U+0118
    { 0x011A, 14 }, // U+011A
    { 0x011C, 16 }, // U+011C
    { 0x011E, 16 }, // U+011E
    { 0x0120, 16 }, // U+0120
    { 0x0122, 16 }, // U+0122
    { 0x0125, 38 }, // U+0125
    { 0x0127, 38 }, // U+0127
    { 0x0132, 17 }, // U+0132
    { 0x0133, 39 }, // U+0133
    { 0x0134, 17 }, // U+0134
    { 0x0135, 39 }, // U+0135
    { 0x0136, 18 }, // U+0136
    { 0x0137, 40 }, // U+0137
    { 0x0138, 40 }, // U+0138
    { 0x0139, 19 }, // U+0139
    { 0x013B, 19 }, // U+013B
    { 0x013D, 19 }, // U+013D
    { 0x013E, 61 }, // U+013E
    { 0x013F, 19 }, // U+013F
    { 0x0141, 19 }, // U+0141
    { 0x0144, 41 }, // U+0144
    { 0x0146, 41 }, // U+0146
    { 0x0148, 41 }, // U+0148
    { 0x0149, 41 }, // U+0149
    { 0x014A, 62 }, // U+014A
    { 0x014B, 63 }, // U+014B
    { 0x014C, 21 }, // U+014C
    { 0x014D, 42 }, // U+014D
    { 0x014E, 21 }, // U+014E
    { 0x014F, 42 }, // U+014F
    { 0x0150, 21 }, // U+0150
    { 0x0151, 42 }, // U+0151
    { 0x0152, 14 }, // U+0152
    { 0x0154, 24 }, // U+0154
    { 0x0155, 45 }, // U+0155
    { 0x0156, 24 }, // U+0156
    { 0x0157, 45 }, // U+0157
    { 0x0158, 24 }, // U+0158
    { 0x0159, 45 }, // U+0159
    { 0x0162, 25 }, // U+0162
    { 0x0163, 46 }, // U+0163
    { 0x0164, 25 }, // U+0164
    { 0x0165, 46 }, // U+0165
    { 0x0166, 25 }, // U+0166
    { 0x0167, 46 }, // U+0167
    { 0x0168, 26 }, // U+0168
    { 0x016A, 26 }, // U+016A
    { 0x016C, 26 }, // U+016C
    { 0x016E, 26 }, // U+016E
    { 0x0170, 26 }, // U+0170
    { 0x0172, 26 }, // U+0172
    { 0x0174, 28 }, // U+0174
    { 0x0175, 48 }, // U+0175
    { 0x0176, 30 }, // U+0176
    { 0x0178, 30 }, // U+0178
    { 0x0179, 31 }, // U+0179
    { 0x017A, 50 }, // U+017A
    { 0x017B, 31 }, // U+017B
    { 0x017C, 50 }, // U+017C
    { 0x017D, 31 }, // U+017D
    { 0x017E, 50 }, // U+017E
    { 0x017F, 37 }, // U+017F
    { 0x01C4, 31 }, // U+01C4
    { 0x01C5, 50 }, // U+01C5
    { 0x01C6, 50 }, // U+01C6
    { 0x01C7, 17 }, // U+01C7
    { 0x01C8, 39 }, // U+01C8
    { 0x01C9, 39 }, // U+01C9
    { 0x01CA, 17 }, // U+01CA
    { 0x01CB, 39 }, // U+01CB
    { 0x01CC, 39 }, // U+01CC
    { 0x01CD, 10 }, // U+01CD
    { 0x01CE, 34 }, // U+01CE
    { 0x01D1, 21 }, // U+01D1
    { 0x01D2, 42 }, // U+01D2
    { 0x01D3, 26 }, // U+01D3
    { 0x01D5, 26 }, // U+01D5
    { 0x01D7, 26 }, // U+01D7
    { 0x01D9, 26 }, // U+01D9
    { 0x01DB, 26 }, // U+01DB
    { 0x01DD, 42 }, // U+01DD
    { 0x01DE, 10 }, // U+01DE
    { 0x01DF, 34 }, // U+01DF
    { 0x01E0, 10 }, // U+01E0
    { 0x01E1, 34 }, // U+01E1
    { 0x01E2, 14 }, // U+01E2
    { 0x01E4, 16 }, // U+01E4
    { 0x01E6, 16 }, // U+01E6
    { 0x01E8, 18 }, // U+01E8
    { 0x01E9, 40 }, // U+01E9
    { 0x01EA, 21 }, // U+01EA
    { 0x01EB, 42 }, // U+01EB
    { 0x01EC, 21 }, // U+01EC
    { 0x01ED, 42 }, // U+01ED
    { 0x01EE, 64 }, // U+01EE
    { 0x01F0, 39 }, // U+01F0
    { 0x01F1, 31 }, // U+01F1
    { 0x01F2, 50 }, // U+01F2
    { 0x01F3, 50 }, // U+01F3
    { 0x01F4, 16 }, // U+01F4
    { 0x01F7, 65 }, // U+01F7
    { 0x01F9, 41 }, // U+01F9
    { 0x01FA, 10 }, // U+01FA
    { 0x01FB, 34 }, // U+01FB
    { 0x01FC, 14 }, // U+01FC
    { 0x01FE, 21 }, // U+01FE
    { 0x01FF, 42 }, // U+01FF
    { 0x0200, 10 }, // U+0200
    { 0x0201, 34 }, // U+0201
    { 0x0202, 10 }, // U+0202
    { 0x0203, 34 }, // U+0203
    { 0x0204, 14 }, // U+0204
    { 0x0206, 14 }, // U+0206
    { 0x020C, 21 }, // U+020C
    { 0x020D, 42 }, // U+020D
    { 0x020E, 21 }, // U+020E
    { 0x020F, 42 }, // U+020F
    { 0x0210, 24 }, // U+0210
    { 0x0211, 45 }, // U+0211
    { 0x0212, 24 }, // U+0212
    { 0x0213, 45 }, // U+0213
    { 0x0214, 26 }, // U+0214
    { 0x0216, 26 }, // U+0216
    { 0x021A, 25 }, // U+021A
    { 0x021B, 46 }, // U+021B
    { 0x021C, 66 }, // U+021C
    { 0x021F, 38 }, // U+021F
    { 0x0400, 67 }, // U+0400
    { 0x0401, 67 }, // U+0401
    { 0x0402, 68 }, // U+0402
    { 0x0403, 69 }, // U+0403
    { 0x0404, 70 }, // U+0404
    { 0x0405, 71 }, // U+0405
    { 0x040B, 72 }, // U+040B
    { 0x040C, 73 }, // U+040C
    { 0x040E, 74 }, // U+040E
    { 0x0410, 75 }, // U+0410
    { 0x0411, 68 }, // U+0411
    { 0x0412, 76 }, // U+0412
    { 0x0413, 69 }, // U+0413
    { 0x0414, 77 }, // U+0414
    { 0x0415, 67 }, // U+0415
    { 0x0417, 78 }, // U+0417
    { 0x041A, 73 }, // U+041A
    { 0x041C, 79 }, // U+041C
    { 0x041E, 80 }, // U+041E
    { 0x0420, 81 }, // U+0420
    { 0x0421, 70 }, // U+0421
    { 0x0422, 82 }, // U+0422
    { 0x0423, 74 }, // U+0423
    { 0x0424, 83 }, // U+0424
    { 0x0425, 84 }, // U+0425
    { 0x0426, 85 }, // U+0426
    { 0x0429, 85 }, // U+0429
    { 0x042D, 86 }, // U+042D
    { 0x042E, 80 }, // U+042E
    { 0x0430, 87 }, // U+0430
    { 0x0431, 88 }, // U+0431
    { 0x0432, 89 }, // U+0432
    { 0x0433, 90 }, // U+0433
    { 0x0434, 91 }, // U+0434
    { 0x0435, 92 }, // U+0435
    { 0x0436, 93 }, // U+0436
    { 0x0437, 94 }, // U+0437
    { 0x043A, 95 }, // U+043A
    { 0x043E, 96 }, // U+043E
    { 0x0440, 97 }, // U+0440
    { 0x0441, 98 }, // U+0441
    { 0x0442, 99 }, // U+0442
    { 0x0443, 100 }, // U+0443
    { 0x0444, 101 }, // U+0444
    { 0x0445, 102 }, // U+0445
    { 0x0446, 103 }, // U+0446
    { 0x0449, 103 }, // U+0449
    { 0x044A, 104 }, // U+044A
    { 0x044C, 104 }, // U+044C
    { 0x044D, 105 }, // U+044D
    { 0x044E, 106 }, // U+044E
    { 0x0450, 92 }, // U+0450
    { 0x0451, 92 }, // U+0451
    { 0x0452, 107 }, // U+0452
    { 0x0453, 90 }, // U+0453
    { 0x0454, 108 }, // U+0454
    { 0x0455, 109 }, // U+0455
    { 0x0459, 104 }, // U+0459
    { 0x045A, 104 }, // U+045A
    { 0x045B, 110 }, // U+045B
    { 0x045C, 95 }, // U+045C
    { 0x045E, 100 }, // U+045E
    { 0x0462, 68 }, // U+0462
    { 0x0463, 111 }, // U+0463
    { 0x0472, 80 }, // U+0472
    { 0x0473, 96 }, // U+0473
    { 0x0474, 112 }, // U+0474
    { 0x0475, 113 }, // U+0475
    { 0x048A, 85 }, // U+048A
    { 0x048B, 103 }, // U+048B
    { 0x048D, 104 }, // U+048D
    { 0x048F, 97 }, // U+048F
    { 0x0490, 69 }, // U+0490
    { 0x0491, 90 }, // U+0491
    { 0x0492, 69 }, // U+0492
    { 0x0493, 90 }, // U+0493
    { 0x0494, 68 }, // U+0494
    { 0x0495, 114 }, // U+0495
    { 0x0497, 93 }, // U+0497
    { 0x0498, 78 }, // U+0498
    { 0x0499, 94 }, // U+0499
    { 0x049A, 73 }, // U+049A
    { 0x049B, 95 }, // U+049B
    { 0x049C, 73 }, // U+049C
    { 0x049D, 95 }, // U+049D
    { 0x049E, 73 }, // U+049E
    { 0x049F, 95 }, // U+049F
    { 0x04A0, 73 }, // U+04A0
    { 0x04A1, 95 }, // U+04A1
    { 0x04A2, 85 }, // U+04A2
    { 0x04A3, 103 }, // U+04A3
    { 0x04A4, 82 }, // U+04A4
    { 0x04A5, 90 }, // U+04A5
    { 0x04A7, 115 }, // U+04A7
    { 0x04A8, 116 }, // U+04A8
    { 0x04A9, 117 }, // U+04A9
    { 0x04AA, 70 }, // U+04AA
    { 0x04AB, 98 }, // U+04AB
    { 0x04AC, 82 }, // U+04AC
    { 0x04AD, 99 }, // U+04AD
    { 0x04AE, 118 }, // U+04AE
    { 0x04AF, 119 }, // U+04AF
    { 0x04B0, 118 }, // U+04B0
    { 0x04B1, 119 }, // U+04B1
    { 0x04B2, 84 }, // U+04B2
    { 0x04B3, 102 }, // U+04B3
    { 0x04B4, 85 }, // U+04B4
    { 0x04B5, 103 }, // U+04B5
    { 0x04B6, 85 }, // U+04B6
    { 0x04B7, 103 }, // U+04B7
    { 0x04BA, 120 }, // U+04BA
    { 0x04BB, 121 }, // U+04BB
    { 0x04BC, 122 }, // U+04BC
    { 0x04BD, 123 }, // U+04BD
    { 0x04BE, 122 }, // U+04BE
    { 0x04BF, 123 }, // U+04BF
    { 0x04C2, 93 }, // U+04C2
    { 0x04C4, 124 }, // U+04C4
    { 0x04C6, 103 }, // U+04C6
    { 0x04C8, 125 }, // U+04C8
    { 0x04C9, 85 }, // U+04C9
    { 0x04CA, 103 }, // U+04CA
    { 0x04CD, 85 }, // U+04CD
    { 0x04CE, 103 }, // U+04CE
    { 0x04D0, 75 }, // U+04D0
    { 0x04D1, 87 }, // U+04D1
    { 0x04D2, 75 }, // U+04D2
    { 0x04D3, 87 }, // U+04D3
    { 0x04D5, 126 }, // U+04D5
    { 0x04D6, 67 }, // U+04D6
    { 0x04D7, 92 }, // U+04D7
    { 0x04D8, 127 }, // U+04D8
    { 0x04D9, 128 }, // U+04D9
    { 0x04DA, 127 }, // U+04DA
    { 0x04DB, 128 }, // U+04DB
    { 0x04DD, 93 }, // U+04DD
    { 0x04DE, 78 }, // U+04DE
    { 0x04DF, 94 }, // U+04DF
    { 0x04E0, 129 }, // U+04E0
    { 0x04E1, 130 }, // U+04E1
    { 0x04E6, 80 }, // U+04E6
    { 0x04E7, 96 }, // U+04E7
    { 0x04E8, 80 }, // U+04E8
    { 0x04E9, 96 }, // U+04E9
    { 0x04EA, 80 }, // U+04EA
    { 0x04EB, 96 }, // U+04EB
    { 0x04EC, 86 }, // U+04EC
    { 0x04ED, 94 }, // U+04ED
    { 0x04EE, 74 }, // U+04EE
    { 0x04EF, 100 }, // U+04EF
    { 0x04F0, 74 }, // U+04F0
    { 0x04F1, 100 }, // U+04F1
    { 0x04F2, 74 }, // U+04F2
    { 0x04F3, 100 }, // U+04F3
    { 0x04F6, 69 }, // U+04F6
    { 0x04F7, 90 }, // U+04F7
    { 0x05D0, 131 }, // U+05D0
    { 0x05D1, 132 }, // U+05D1
    { 0x05D2, 133 }, // U+05D2
    { 0x05D3, 134 }, // U+05D3
    { 0x05D5, 135 }, // U+05D5
    { 0x05D6, 136 }, // U+05D6
    { 0x05D8, 137 }, // U+05D8
    { 0x05D9, 138 }, // U+05D9
    { 0x05DB, 139 }, // U+05DB
    { 0x05DC, 140 }, // U+05DC
    { 0x05DE, 141 }, // U+05DE
    { 0x05E0, 142 }, // U+05E0
    { 0x05E1, 143 }, // U+05E1
    { 0x05E2, 144 }, // U+05E2
    { 0x05E4, 145 }, // U+05E4
    { 0x05E6, 146 }, // U+05E6
    { 0x05E8, 147 }, // U+05E8
    { 0x05E9, 148 }, // U+05E9
    { 0x05EA, 149 }, // U+05EA
    { 0x1EF2, 30 }, // U+1EF2
    { 0x2013, 6 }, // U+2013
    { 0x2014, 6 }, // U+2014
    { 0x2018, 150 }, // U+2018
    { 0x201A, 151 }, // U+201A
    { 0x201C, 150 }, // U+201C
    { 0x201E, 151 }, // U+201E
    { 0x2026, 5 }, // U+2026
    { 0x2039, 54 }, // U+2039
    { 0x203A, 55 }, // U+203A
    { 0xFB00, 37 }, // U+FB00
    { 0xFB8C, 152 }, // U+FB8C
    { 0xFEAD, 152 }, // U+FEAD
    { 0xFEAE, 152 }, // U+FEAE
    { 0xFEAF, 152 }, // U+FEAF
};

static const EpdKernClassEntry ubuntu_12_regularKernRightClasses[] = {
    { 0x0021, 1 }, // !
    { 0x0022, 2 }, // "
    { 0x0027, 2 }, // '
    { 0x0028, 3 }, // (
    { 0x0029, 4 }, // )
    { 0x002A, 5 }, // *
    { 0x002C, 6 }, // ,
    { 0x002D, 7 }, // -
    { 0x002E, 6 }, // .
    { 0x002F, 8 }, // /
    { 0x003A, 9 }, // :
    { 0x003B, 9 }, // ;
    { 0x003F, 10 }, // ?
    { 0x0040, 11 }, // @
    { 0x0041, 12 }, // A
    { 0x0043, 13 }, // C
    { 0x0047, 14 }, // G
    { 0x004A, 15 }, // J
    { 0x004D, 16 }, // M
    { 0x004F, 17 }, // O
    { 0x0051, 18 }, // Q
    { 0x0053, 19 }, // S
    { 0x0054, 20 }, // T
    { 0x0055, 21 }, // U
    { 0x0056, 22 }, // V
    { 0x0057, 23 }, // W
    { 0x0058, 24 }, // X
    { 0x0059, 25 }, // Y
    { 0x005A, 26 }, // Z
    { 0x005B, 27 }, // [
    { 0x005C, 28 }, // <backslash>
    { 0x005D, 29 }, // ]
    { 0x0061, 30 }, // a
    { 0x0062, 31 }, // b
    { 0x0063, 32 }, // c
    { 0x0064, 33 }, // d
    { 0x0065, 34 }, // e
    { 0x0066, 35 }, // f
    { 0x0067, 36 }, // g
    { 0x0068, 31 }, // h
    { 0x0069, 37 }, // i
    { 0x006A, 38 }, // j
    { 0x006B, 31 }, // k
    { 0x006C, 39 }, // l
    { 0x006D, 40 }, // m
    { 0x006E, 40 }, // n
    { 0x006F, 41 }, // o
    { 0x0070, 40 }, // p
    { 0x0071, 42 }, // q
    { 0x0072, 40 }, // r
    { 0x0073, 43 }, // s
    { 0x0074, 44 }, // t
    { 0x0075, 45 }, // u
    { 0x0076, 46 }, // v
    { 0x0077, 47 }, // w
    { 0x0078, 48 }, // x
    { 0x0079, 49 }, // y
    { 0x007A, 50 }, // z
    { 0x007B, 51 }, // {
    { 0x007D, 52 }, // }
    { 0x00AB, 53 }, // U+00AB
    { 0x00BB, 54 }, // U+00BB
    { 0x00C0, 12 }, // U+00C0
    { 0x00C1, 12 }, // U+00C1
    { 0x00C2, 12 }, // U+00C2
    { 0x00C3, 12 }, // U+00C3
    { 0x00C4, 12 }, // U+00C4
    { 0x00C5, 12 }, // U+00C5
    { 0x00C6, 55 }, // U+00C6
    { 0x00C7, 13 }, // U+00C7
    { 0x00D2, 17 }, // U+00D2
    { 0x00D3, 17 }, // U+00D3
    { 0x00D4, 17 }, // U+00D4
    { 0x00D5, 17 }, // U+00D5
    { 0x00D6, 17 }, // U+00D6
    { 0x00D8, 17 }, // U+00D8
    { 0x00D9, 21 }, // U+00D9
    { 0x00DA, 21 }, // U+00DA
    { 0x00DB, 21 }, // U+00DB
    { 0x00DC, 21 }, // U+00DC
    { 0x00DD, 25 }, // U+00DD
    { 0x00DF, 56 }, // U+00DF
    { 0x00E0, 30 }, // U+00E0
    { 0x00E1, 30 }, // U+00E1
    { 0x00E2, 30 }, // U+00E2
    { 0x00E3, 30 }, // U+00E3
    { 0x00E4, 30 }, // U+00E4
    { 0x00E5, 30 }, // U+00E5
    { 0x00E6, 30 }, // U+00E6
    { 0x00E7, 32 }, // U+00E7
    { 0x00E8, 34 }, // U+00E8
    { 0x00E9, 34 }, // U+00E9
    { 0x00EA, 34 }, // U+00EA
    { 0x00EB, 34 }, // U+00EB
    { 0x00EC, 57 }, // U+00EC
    { 0x00ED, 37 }, // U+00ED
    { 0x00EE, 58 }, // U+00EE
    { 0x00EF, 59 }, // U+00EF
    { 0x00F0, 60 }, // U+00F0
    { 0x00F1, 40 }, // U+00F1
    { 0x00F2, 41 }, // U+00F2
    { 0x00F3, 41 }, // U+00F3
    { 0x00F4, 41 }, // U+00F4
    { 0x00F5, 41 }, // U+00F5
    { 0x00F6, 41 }, // U+00F6
    { 0x00F8, 41 }, // U+00F8
    { 0x00F9, 45 }, // U+00F9
    { 0x00FA, 45 }, // U+00FA
    { 0x00FB, 45 }, // U+00FB
    { 0x00FC, 45 }, // U+00FC
    { 0x00FD, 49 }, // U+00FD
    { 0x00FE, 56 }, // U+00FE
    { 0x00FF, 49 }, // U+00FF
    { 0x0100, 12 }, // U+0100
    { 0x0101, 30 }, // U+0101
    { 0x0102, 12 }, // U+0102
    { 0x0103, 30 }, // U+0103
    { 0x0104, 12 }, // U+0104
    { 0x0105, 30 }, // U+0105
    { 0x0106, 13 }, // U+0106
    { 0x0107, 32 }, // U+0107
    { 0x0108, 13 }, // U+0108
    { 0x0109, 32 }, // U+0109
    { 0x010A, 13 }, // U+010A
    { 0x010B, 32 }, // U+010B
    { 0x010C, 13 }, // U+010C
    { 0x010D, 32 }, // U+010D
    { 0x010F, 33 }, // U+010F
    { 0x0111, 33 }, // U+0111
    { 0x0113, 34 }, // U+0113
    { 0x0115, 34 }, // U+0115
    { 0x0117, 34 }, // U+0117
    { 0x0119, 34 }, // U+0119
    { 0x011B, 34 }, // U+011B
    { 0x011C, 14 }, // U+011C
    { 0x011D, 36 }, // U+011D
    { 0x011E, 14 }, // U+011E
    { 0x011F, 36 }, // U+011F
    { 0x0120, 14 }, // U+0120
    { 0x0121, 36 }, // U+0121
    { 0x0122, 14 }, // U+0122
    { 0x0123, 36 }, // U+0123
    { 0x0125, 31 }, // U+0125
    { 0x0127, 31 }, // U+0127
    { 0x0129, 61 }, // U+0129
    { 0x012B, 62 }, // U+012B
    { 0x012D, 63 }, // U+012D
    { 0x012F, 37 }, // U+012F
    { 0x0131, 37 }, // U+0131
    { 0x0133, 37 }, // U+0133
    { 0x0134, 15 }, // U+0134
    { 0x0135, 38 }, // U+0135
    { 0x0137, 31 }, // U+0137
    { 0x013A, 39 }, // U+013A
    { 0x013C, 39 }, // U+013C
    { 0x013E, 39 }, // U+013E
    { 0x0140, 39 }, // U+0140
    { 0x0142, 39 }, // U+0142
    { 0x0144, 40 }, // U+0144
    { 0x0146, 40 }, // U+0146
    { 0x0148, 40 }, // U+0148
    { 0x0149, 40 }, // U+0149
    { 0x014A, 64 }, // U+014A
    { 0x014B, 65 }, // U+014B
    { 0x014C, 17 }, // U+014C
    { 0x014D, 41 }, // U+014D
    { 0x014E, 17 }, // U+014E
    { 0x014F, 41 }, // U+014F
    { 0x0150, 17 }, // U+0150
    { 0x0151, 41 }, // U+0151
    { 0x0152, 17 }, // U+0152
    { 0x0153, 41 }, // U+0153
    { 0x0155, 40 }, // U+0155
    { 0x0157, 40 }, // U+0157
    { 0x0159, 40 }, // U+0159
    { 0x015A, 19 }, // U+015A
    { 0x015B, 43 }, // U+015B
    { 0x015C, 19 }, // U+015C
    { 0x015D, 43 }, // U+015D
    { 0x015E, 19 }, // U+015E
    { 0x015F, 43 }, // U+015F
    { 0x0160, 19 }, // U+0160
    { 0x0161, 43 }, // U+0161
    { 0x0162, 20 }, // U+0162
    { 0x0163, 44 }, // U+0163
    { 0x0164, 20 }, // U+0164
    { 0x0165, 44 }, // U+0165
    { 0x0166, 20 }, // U+0166
    { 0x0167, 44 }, // U+0167
    { 0x0168, 21 }, // U+0168
    { 0x0169, 45 }, // U+0169
    { 0x016A, 21 }, // U+016A
    { 0x016B, 45 }, // U+016B
    { 0x016C, 21 }, // U+016C
    { 0x016D, 45 }, // U+016D
    { 0x016E, 21 }, // U+016E
    { 0x016F, 45 }, // U+016F
    { 0x0170, 21 }, // U+0170
    { 0x0171, 45 }, // U+0171
    { 0x0172, 21 }, // U+0172
    { 0x0173, 45 }, // U+0173
    { 0x0174, 23 }, // U+0174
    { 0x0175, 47 }, // U+0175
    { 0x0176, 25 }, // U+0176
    { 0x0177, 49 }, // U+0177
    { 0x0178, 25 }, // U+0178
    { 0x0179, 26 }, // U+0179
    { 0x017A, 50 }, // U+017A
    { 0x017B, 26 }, // U+017B
    { 0x017C, 50 }, // U+017C
    { 0x017D, 26 }, // U+017D
    { 0x017E, 50 }, // U+017E
    { 0x017F, 35 }, // U+017F
    { 0x01A0, 17 }, // U+01A0
    { 0x01A1, 41 }, // U+01A1
    { 0x01AF, 21 }, // U+01AF
    { 0x01B0, 45 }, // U+01B0
    { 0x01C6, 33 }, // U+01C6
    { 0x01C9, 39 }, // U+01C9
    { 0x01CC, 40 }, // U+01CC
    { 0x01CD, 12 }, // U+01CD
    { 0x01CE, 30 }, // U+01CE
    { 0x01D0, 37 }, // U+01D0
    { 0x01D1, 17 }, // U+01D1
    { 0x01D2, 41 }, // U+01D2
    { 0x01D3, 21 }, // U+01D3
    { 0x01D4, 45 }, // U+01D4
    { 0x01D5, 21 }, // U+01D5
    { 0x01D6, 45 }, // U+01D6
    { 0x01D7, 21 }, // U+01D7
    { 0x01D8, 45 }, // U+01D8
    { 0x01D9, 21 }, // U+01D9
    { 0x01DA, 45 }, // U+01DA
    { 0x01DB, 21 }, // U+01DB
    { 0x01DC, 45 }, // U+01DC
    { 0x01DD, 66 }, // U+01DD
    { 0x01DE, 12 }, // U+01DE
    { 0x01DF, 30 }, // U+01DF
    { 0x01E0, 12 }, // U+01E0
    { 0x01E1, 30 }, // U+01E1
    { 0x01E2, 55 }, // U+01E2
    { 0x01E3, 30 }, // U+01E3
    { 0x01E4, 14 }, // U+01E4
    { 0x01E5, 36 }, // U+01E5
    { 0x01E6, 14 }, // U+01E6
    { 0x01E7, 36 }, // U+01E7
    { 0x01E9, 31 }, // U+01E9
    { 0x01EA, 17 }, // U+01EA
    { 0x01EB, 41 }, // U+01EB
    { 0x01EC, 17 }, // U+01EC
    { 0x01ED, 41 }, // U+01ED
    { 0x01EE, 67 }, // U+01EE
    { 0x01EF, 68 }, // U+01EF
    { 0x01F0, 38 }, // U+01F0
    { 0x01F3, 33 }, // U+01F3
    { 0x01F4, 14 }, // U+01F4
    { 0x01F5, 36 }, // U+01F5
    { 0x01F7, 56 }, // U+01F7
    { 0x01F9, 40 }, // U+01F9
    { 0x01FA, 12 }, // U+01FA
    { 0x01FB, 30 }, // U+01FB
    { 0x01FC, 55 }, // U+01FC
    { 0x01FD, 30 }, // U+01FD
    { 0x01FE, 17 }, // U+01FE
    { 0x01FF, 41 }, // U+01FF
    { 0x0200, 12 }, // U+0200
    { 0x0201, 30 }, // U+0201
    { 0x0202, 12 }, // U+0202
    { 0x0203, 30 }, // U+0203
    { 0x0205, 34 }, // U+0205
    { 0x0207, 34 }, // U+0207
    { 0x0209, 37 }, // U+0209
    { 0x020B, 37 }, // U+020B
    { 0x020C, 17 }, // U+020C
    { 0x020D, 41 }, // U+020D
    { 0x020E, 17 }, // U+020E
    { 0x020F, 41 }, // U+020F
    { 0x0211, 40 }, // U+0211
    { 0x0213, 40 }, // U+0213
    { 0x0214, 21 }, // U+0214
    { 0x0215, 45 }, // U+0215
    { 0x0216, 21 }, // U+0216
    { 0x0217, 45 }, // U+0217
    { 0x0218, 19 }, // U+0218
    { 0x0219, 43 }, // U+0219
    { 0x021A, 20 }, // U+021A
    { 0x021B, 44 }, // U+021B
    { 0x021C, 69 }, // U+021C
    { 0x021D, 70 }, // U+021D
    { 0x021F, 31 }, // U+021F
    { 0x0402, 71 }, // U+0402
    { 0x0404, 72 }, // U+0404
    { 0x0405, 73 }, // U+0405
    { 0x0408, 74 }, // U+0408
    { 0x0409, 75 }, // U+0409
    { 0x040B, 71 }, // U+040B
    { 0x040E, 76 }, // U+040E
    { 0x0410, 77 }, // U+0410
    { 0x0414, 78 }, // U+0414
    { 0x0416, 79 }, // U+0416
    { 0x0417, 80 }, // U+0417
    { 0x041B, 75 }, // U+041B
    { 0x041C, 81 }, // U+041C
    { 0x041E, 82 }, // U+041E
    { 0x0421, 72 }, // U+0421
    { 0x0422, 71 }, // U+0422
    { 0x0423, 76 }, // U+0423
    { 0x0424, 83 }, // U+0424
    { 0x0425, 84 }, // U+0425
    { 0x0427, 85 }, // U+0427
    { 0x042A, 71 }, // U+042A
    { 0x042D, 86 }, // U+042D
    { 0x042F, 87 }, // U+042F
    { 0x0430, 88 }, // U+0430
    { 0x0431, 89 }, // U+0431
    { 0x0432, 90 }, // U+0432
    { 0x0433, 91 }, // U+0433
    { 0x0434, 92 }, // U+0434
    { 0x0435, 93 }, // U+0435
    { 0x0436, 94 }, // U+0436
    { 0x0437, 95 }, // U+0437
    { 0x0438, 91 }, // U+0438
    { 0x0439, 91 }, // U+0439
    { 0x043A, 91 }, // U+043A
    { 0x043B, 96 }, // U+043B
    { 0x043C, 97 }, // U+043C
    { 0x043D, 91 }, // U+043D
    { 0x043E, 98 }, // U+043E
    { 0x043F, 91 }, // U+043F
    { 0x0440, 99 }, // U+0440
    { 0x0441, 100 }, // U+0441
    { 0x0442, 101 }, // U+0442
    { 0x0443, 102 }, // U+0443
    { 0x0444, 103 }, // U+0444
    { 0x0445, 104 }, // U+0445
    { 0x0446, 91 }, // U+0446
    { 0x0447, 105 }, // U+0447
    { 0x0448, 91 }, // U+0448
    { 0x0449, 106 }, // U+0449
    { 0x044A, 107 }, // U+044A
    { 0x044B, 91 }, // U+044B
    { 0x044C, 91 }, // U+044C
    { 0x044D, 108 }, // U+044D
    { 0x044E, 90 }, // U+044E
    { 0x044F, 109 }, // U+044F
    { 0x0450, 93 }, // U+0450
    { 0x0451, 93 }, // U+0451
    { 0x0452, 110 }, // U+0452
    { 0x0453, 91 }, // U+0453
    { 0x0454, 111 }, // U+0454
    { 0x0455, 112 }, // U+0455
    { 0x0456, 113 }, // U+0456
    { 0x0457, 114 }, // U+0457
    { 0x0458, 115 }, // U+0458
    { 0x0459, 96 }, // U+0459
    { 0x045A, 91 }, // U+045A
    { 0x045B, 116 }, // U+045B
    { 0x045C, 91 }, // U+045C
    { 0x045D, 91 }, // U+045D
    { 0x045E, 102 }, // U+045E
    { 0x045F, 106 }, // U+045F
    { 0x0462, 71 }, // U+0462
    { 0x0463, 117 }, // U+0463
    { 0x0472, 82 }, // U+0472
    { 0x0473, 98 }, // U+0473
    { 0x0474, 76 }, // U+0474
    { 0x0475, 102 }, // U+0475
    { 0x048B, 91 }, // U+048B
    { 0x048D, 118 }, // U+048D
    { 0x048F, 99 }, // U+048F
    { 0x0491, 91 }, // U+0491
    { 0x0493, 91 }, // U+0493
    { 0x0495, 91 }, // U+0495
    { 0x0496, 79 }, // U+0496
    { 0x0497, 94 }, // U+0497
    { 0x0498, 80 }, // U+0498
    { 0x0499, 95 }, // U+0499
    { 0x049B, 91 }, // U+049B
    { 0x049D, 91 }, // U+049D
    { 0x049F, 91 }, // U+049F
    { 0x04A1, 91 }, // U+04A1
    { 0x04A3, 91 }, // U+04A3
    { 0x04A5, 91 }, // U+04A5
    { 0x04A7, 91 }, // U+04A7
    { 0x04A8, 119 }, // U+04A8
    { 0x04A9, 120 }, // U+04A9
    { 0x04AA, 72 }, // U+04AA
    { 0x04AB, 100 }, // U+04AB
    { 0x04AC, 71 }, // U+04AC
    { 0x04AD, 101 }, // U+04AD
    { 0x04AE, 121 }, // U+04AE
    { 0x04AF, 122 }, // U+04AF
    { 0x04B0, 121 }, // U+04B0
    { 0x04B1, 122 }, // U+04B1
    { 0x04B2, 84 }, // U+04B2
    { 0x04B3, 104 }, // U+04B3
    { 0x04B4, 71 }, // U+04B4
    { 0x04B5, 101 }, // U+04B5
    { 0x04B6, 85 }, // U+04B6
    { 0x04B7, 105 }, // U+04B7
    { 0x04B8, 85 }, // U+04B8
    { 0x04B9, 105 }, // U+04B9
    { 0x04BB, 123 }, // U+04BB
    { 0x04BC, 124 }, // U+04BC
    { 0x04BD, 125 }, // U+04BD
    { 0x04BE, 124 }, // U+04BE
    { 0x04BF, 125 }, // U+04BF
    { 0x04C1, 79 }, // U+04C1
    { 0x04C2, 94 }, // U+04C2
    { 0x04C4, 91 }, // U+04C4
    { 0x04C5, 75 }, // U+04C5
    { 0x04C6, 96 }, // U+04C6
    { 0x04C8, 91 }, // U+04C8
    { 0x04CA, 91 }, // U+04CA
    { 0x04CB, 85 }, // U+04CB
    { 0x04CC, 105 }, // U+04CC
    { 0x04CE, 97 }, // U+04CE
    { 0x04D0, 77 }, // U+04D0
    { 0x04D1, 88 }, // U+04D1
    { 0x04D2, 77 }, // U+04D2
    { 0x04D3, 88 }, // U+04D3
    { 0x04D5, 126 }, // U+04D5
    { 0x04D7, 93 }, // U+04D7
    { 0x04D8, 127 }, // U+04D8
    { 0x04D9, 128 }, // U+04D9
    { 0x04DA, 127 }, // U+04DA
    { 0x04DB, 128 }, // U+04DB
    { 0x04DC, 79 }, // U+04DC
    { 0x04DD, 94 }, // U+04DD
    { 0x04DE, 80 }, // U+04DE
    { 0x04DF, 129 }, // U+04DF
    { 0x04E0, 130 }, // U+04E0
    { 0x04E1, 131 }, // U+04E1
    { 0x04E3, 91 }, // U+04E3
    { 0x04E5, 91 }, // U+04E5
    { 0x04E6, 82 }, // U+04E6
    { 0x04E7, 98 }, // U+04E7
    { 0x04E8, 82 }, // U+04E8
    { 0x04E9, 98 }, // U+04E9
    { 0x04EA, 82 }, // U+04EA
    { 0x04EB, 98 }, // U+04EB
    { 0x04EC, 86 }, // U+04EC
    { 0x04ED, 132 }, // U+04ED
    { 0x04EE, 76 }, // U+04EE
    { 0x04EF, 102 }, // U+04EF
    { 0x04F0, 76 }, // U+04F0
    { 0x04F1, 102 }, // U+04F1
    { 0x04F2, 76 }, // U+04F2
    { 0x04F3, 102 }, // U+04F3
    { 0x04F4, 85 }, // U+04F4
    { 0x04F5, 105 }, // U+04F5
    { 0x04F7, 91 }, // U+04F7
    { 0x04F9, 91 }, // U+04F9
    { 0x05D0, 133 }, // U+05D0
    { 0x05D1, 134 }, // U+05D1
    { 0x05D2, 135 }, // U+05D2
    { 0x05D3, 136 }, // U+05D3
    { 0x05D4, 137 }, // U+05D4
    { 0x05D6, 138 }, // U+05D6
    { 0x05D7, 139 }, // U+05D7
    { 0x05D8, 140 }, // U+05D8
    { 0x05D9, 141 }, // U+05D9
    { 0x05DA, 142 }, // U+05DA
    { 0x05DB, 143 }, // U+05DB
    { 0x05DC, 144 }, // U+05DC
    { 0x05DD, 145 }, // U+05DD
    { 0x05DE, 146 }, // U+05DE
    { 0x05E1, 147 }, // U+05E1
    { 0x05E2, 148 }, // U+05E2
    { 0x05E3, 149 }, // U+05E3
    { 0x05E4, 150 }, // U+05E4
    { 0x05E5, 151 }, // U+05E5
    { 0x05E7, 152 }, // U+05E7
    { 0x05E8, 153 }, // U+05E8
    { 0x05E9, 154 }, // U+05E9
    { 0x05EA, 155 }, // U+05EA
    { 0x1EF2, 25 }, // U+1EF2
    { 0x1EF3, 49 }, // U+1EF3
    { 0x2013, 7 }, // U+2013
    { 0x2014, 7 }, // U+2014
    { 0x2018, 156 }, // U+2018
    { 0x2019, 157 }, // U+2019
    { 0x201A, 158 }, // U+201A
    { 0x201C, 156 }, // U+201C
    { 0x201D, 157 }, // U+201D
    { 0x201E, 158 }, // U+201E
    { 0x2026, 6 }, // U+2026
    { 0x2039, 53 }, // U+2039
    { 0x203A, 54 }, // U+203A
    { 0xFB00, 35 }, // U+FB00
    { 0xFB01, 35 }, // U+FB01
    { 0xFB02, 35 }, // U+FB02
    { 0xFB03, 35 }, // U+FB03
    { 0xFB04, 35 }, // U+FB04
    { 0xFB8E, 159 }, // U+FB8E
    { 0xFBA6, 159 }, // U+FBA6
    { 0xFBAA, 159 }, // U+FBAA
    { 0xFE8D, 160 }, // U+FE8D
    { 0xFEA3, 159 }, // U+FEA3
    { 0xFEA9, 161 }, // U+FEA9
    { 0xFEB1, 161 }, // U+FEB1
    { 0xFEB3, 161 }, // U+FEB3
    { 0xFEB9, 161 }, // U+FEB9
    { 0xFEBB, 161 }, // U+FEBB
    { 0xFEC1, 161 }, // U+FEC1
    { 0xFEC3, 161 }, // U+FEC3
    { 0xFECB, 160 }, // U+FECB
    { 0xFEDB, 159 }, // U+FEDB
    { 0xFEDF, 160 }, // U+FEDF
    { 0xFEE1, 159 }, // U+FEE1
    { 0xFEE3, 159 }, // U+FEE3
    { 0xFEE9, 159 }, // U+FEE9
    { 0xFEEB, 159 }, // U+FEEB
};

static const int8_t ubuntu_12_regularKernMatrix[] = {
       0,    0,    0,    0,    0,    0,    0,    0,    0,    0,    0,  -32,  -10,  -10,  -49,    0,  -10,  -10,    0,    0,    0,    5,    4,    0,    0,   -5,    0,    0,    0,    0,    0,    0,    0,    0,    0,    0,    0,    0,    0,    0,    0,    0,    0,    0,    0,    0,    0,    0,    0,    0,    0,    0,    0,    0,  -54,    0,    0,    0,    0,    0,    0,    0,    0,    0,    0,    0,    0,    0,    0,    0,    0,  -10,    0,  -46,  -29,    0,  -32,  -28,    0,    0,    0,  -10,  -10,    0,    0,    0,    0,    0,    0,    0,    0,    0,    0,    0,    0,    0,    0,    0,    0,    0,    0,    0,    0,    0,    0,    0,    0,    0,    0,    0,    0,    0,    0,    0,    0,    0,    0,    0,  -11,    0,    0,    0,    0,    0,    0,    0,  -14,    0,    0,   -4,    0,    0,    0,    0,    0,    0,    0,    0,    0,    0,    0,    0,    0,    0,    0,    0,    0,    0,    0,    0,    0,    0,    0,    0,    0,    0,    0,    0,    0,    0,    0,
       0,    0,    0,   32,    0,    0,    0,    0,    0,    0,    0,    0,  -12,  -12,    0,    0,  -12,  -12,   -7,    4,   -4,    6,    0,    0,    7,    0,    0,    0,    0,    0,    0,    0,    0,    0,    0,    0,    0,    0,    0,    0,    0,    0,    0,    0,    0,    0,    0,    0,    0,    0,    0,    0,    0,    0,    0,    0,    0,    0,    0,    0,    0,    0,    0,    0,    0,    0,    0,    0,    0,    0,    4,  -12,   -5,    0,    0,    0,    0,   11,    0,    0,    0,  -12,  -12,    0,    0,    0,    0,    0,    0,    0,    0,    0,    0,    0,    0,    0,    0,    0,    0,    0,    0,    0,    0,    0,    0,    0,    0,    0,    0,    0,    0,    0,    0,    0,    0,    0,    0,    0,  -18,    0,    7,    0,    0,   -5,    0,    0,   -8,    0,    0,    0,    0,    0,    0,    0,    0,    0,    0,    0,    0,    0,    0,    0,    0,    0,    0,    0,    0,    0,    0,    0,    0,    0,    0,    0,    0,    0,    0,    0,    0,    0,    0,
       0,    0,    0,    0,    0,    0,    0,    0,    0,    0,    0,   -8,   -5,   -5,   -5,    0,   -5,   -5,   -5,  -11,    0,  -14,   -7,  -11,  -17,   -9,    0,    0,    0,    0,    0,    0,    0,    0,    0,    0,    0,    0,    0,    0,    0,    0,    0,    0,    0,    0,    0,    0,    0,    0,    0,    0,    0,    0,   -8,    0,    0,    0,    0,    0,    0,    0,    0,    0,    0,    0,    0,    0,    0,    0,  -11,   -5,   -6,    0,    0,  -10,   -8,    0,   -9,   -8,    0,   -5,   -5,  -11,   -8,   -7,   -7,    0,    0,    0,    0,    0,    0,    0,    0,    0,    0,    0,    0,    0,    0,    0,    0,    0,    0,    0,    0,    0,    0,    0,    0,    0,    0,    0,    0,    0,    0,    0,   -6,    0,  -17,    0,    0,    0,    0,    0,   -5,    0,    0,   -7,    0,    0,    0,    0,    0,    0,    0,    0,    0,    0,    0,    0,    0,    0,    0,    0,    0,    0,    0,    0,    0,    0,    0,    0,    0,    0,    0,    0,    0,    0,    0,
       0,    0,    0,    0,    0,    0,    0,    0,    0,    0,    0,  -26,   -4,   -4,  -49,    0,    0,    0,    0,    0,    0,    0,    0,  -10,    0,    0,    0,    0,    0,    0,    0,    0,    0,    0,    0,    0,    0,    0,    0,    0,    0,    0,    0,    0,    0,    0,    0,    0,    0,    0,    0,    0,    0,    0,  -39,    0,    0,    0,    0,    0,    0,    0,    0,    0,    0,    0,    0,    0,    0,    0,    0,   -4,    0,  -45,  -30,    0,  -26,  -29,  -12,   -6,    0,    0,    0,  -10,    0,    0,    0,    0,    0,    0,    0,    0,    0,    0,    0,    0,    0,    0,    0,    0,    0,    0,    0,    0,    0,    0,    0,    0,    0,    0,    0,    0,    0,    0,    0,    0,    0,    0,    0,    0,    0,    0,    0,    0,    0,    0,   -7,    0,    0,   -7,    0,    0,    0,    0,    0,    0,    0,    0,    0,    0,    0,    0,    0,    0,    0,    0,    0,    0,    0,    0,    0,    0,    0,    0,    0,    0,    0,    0,    0,    0,    0,
       0,    0,    0,    0,    0,    0,    0,    0,    0,    0,    0,   10,  -12,  -12,   11,    0,  -13,  -13,    6,  -28,   -9,  -31,  -16,    4,  -32,    8,    0,    0,    0,    0,    0,    0,    0,    0,    0,    0,    0,    0,    0,    0,    0,    0,    0,    0,    0,    0,    0,    0,    0,    0,    0,    0,    0,    0,    8,    0,    0,    0,    0,    0,    0,    0,    0,    0,    0,    0,    0,    0,    0,    0,  -28,  -12,    0,    0,    0,    0,   10,    7,    0,    0,    0,  -13,  -13,    4,  -47,    0,    0,    0,    0,    0,    0,    0,    0,    0,    0,    0,    0,    0,    0,    0,    0,    0,    0,    0,    0,    0,    0,    0,    0,    0,    0,    0,    0,    0,    0,    0,    0,    0,  -17,    0,  -32,    0,    0,  -40,    0,    0,  -12,    0,    0,    0,    0,    0,    0,    0,    0,    0,    0,    0,    0,    0,    0,    0,    0,    0,    0,    0,    0,    0,    0,    0,    0,    0,    0,    0,    0,    0,    0,    0,    0,    0,    0,
       0,    0,    0,    0,    0,    0,    0,    0,    0,    0,    0,    0,    0,    0,  -11,    0,    0,    0,    0,  -20,    0,   -5,    0,  -12,  -20,   -6,    0,    0,    0,    0,    0,    0,    0,    0,    0,    0,    0,    0,    0,    0,    0,    0,    0,    0,    0,    0,    0,    0,    0,    0,    0,    0,    0,    0,   -6,    0,    0,    0,    0,    0,    0,    0,    0,    0,    0,    0,    0,    0,    0,    0,  -20,    6,   -4,   -9,  -14,  -16,    0,   -9,  -16,   -6,    0,    6,    0,  -12,    0,   -7,    0,    0,    0,    0,    0,    0,    0,    0,    0,    0,    0,    0,    0,    0,    0,    0,    0,    0,    0,    0,    0,    0,    0,    0,    0,    0,    0,    0,    0,    0,    0,    0,    6,    0,  -20,    0,    0,    0,    0,    0,    6,    0,    0,   -9,    0,    0,    0,    0,    0,    0,    0,    0,    0,    0,    0,    0,    0,    0,    0,    0,    0,    0,    0,    0,    0,    0,    0,    0,    0,    0,    0,    0,    0,    0,    0,
       0,    0,    0,    0,    0,    0,    0,    0,    0,    0,    0,  -20,  -11,  -11,  -28,    0,  -10,  -10,    0,   12,    0,   13,    9,    8,   14,    4,    0,    0,    0,    0,    0,    0,    0,    0,    0,    0,    0,    0,    0,    0,    0,    0,    0,    0,    0,    0,    0,    0,    0,    0,    0,    0,    0,    0,  -31,    0,    0,    0,    0,    0,    0,    0,    0,    0,    0,    0,    0,    0,    0,    0,   12,  -11,    0,  -25,  -24,   10,  -20,  -24,    7,    0,    0,  -10,  -10,    8,    0,    8,    0,    0,    0,    0,    0,    0,    0,    0,    0,    0,    0,    0,    0,    0,    0,    0,    0,    0,    0,    0,    0,    0,    0,    0,    0,    0,    0,    0,    0,    0,    0,    0,   -8,    0,   14,    0,    0,    0,    0,    0,    0,    0,    0,    0,    0,    0,    0,    0,    0,    0,    0,    0,    0,    0,    0,    0,    0,    0,    0,    0,    0,    0,    0,    0,    0,    0,    0,    0,    0,    0,    0,    0,    0,    0,    0,
       0,    0,    0,    0,    0,    0,    0,    0,    0,    0,    0,    0,   -4,   -4,    0,    0,   -4,   -4,    0,  -34,   -5,   -8,   -5,    0,  -16,    0,    0,    0,    0,    0,    0,    0,    0,    0,    0,    0,    0,    0,    0,    0,    0,    0,    0,    0,    0,    0,    0,    0,    0,    0,    0,    0,    0,    0,    0,    0,    0,    0,    0,    0,    0,    0,    0,    0,    0,    0,    0,    0,    0,    0,  -34,   -4,    0,    0,    0,    0,    0,    0,    0,    0,    0,   -4,   -4,    0,    0,    0,    0,    0,    0,    0,    0,    0,    0,    0,    0,    0,    0,    0,    0,    0,    0,    0,    0,    0,    0,    0,    0,    0,    0,    0,    0,    0,    0,    0,    0,    0,    0,    0,    0,    0,  -16,    0,    0,    0,    0,    0,   -9,    0,    0,    0,    0,    0,    0,    0,    0,    0,    0,    0,    0,    0,    0,    0,    0,    0,    0,    0,    0,    0,    0,    0,    0,    0,    0,    0,    0,    0,    0,    0,    0,    0,    0,
       0,    0,    0,    0,    0,    0,    0,    0,    0,    0,    0,  -10,   -4,   -4,  -10,    0,   -4,   -4,   -7,  -18,   -5,  -14,   -9,  -16,  -22,  -14,    0,    0,    0,    0,    0,    0,    0,    0,    0,    0,    0,    0,    0,    0,    0,    0,    0,    0,    0,    0,    0,    0,    0,    0,    0,    0,    0,    0,  -15,    0,    0,    0,    0,    0,    0,    0,    0,    0,    0,    0,    0,    0,    0,    0,  -18,   -4,   -6,   -9,   -9,  -16,  -10,   -8,  -18,  -12,    0,   -4,   -4,  -16,   -5,  -11,   -6,    0,    0,    0,    0,    0,    0,    0,    0,    0,    0,    0,    0,    0,    0,    0,    0,    0,    0,    0,    0,    0,    0,    0,    0,    0,    0,    0,    0,    0,    0,    0,    0,    0,  -22,    0,    0,    0,    0,    0,    0,    0,    0,  -11,    0,    0,    0,    0,    0,    0,    0,    0,    0,    0,    0,    0,    0,    0,    0,    0,    0,    0,    0,    0,    0,    0,    0,    0,    0,    0,    0,    0,    0,    0,    0,
       0,  -31,   -8,    0,  -25,   10,    0,    7,    0,    0,   -6,   13,   -8,   -8,   12,    0,   -8,   -8,    6,  -26,   -4,  -25,   -7,   10,  -32,    8,    0,    0,  -11,    0,    0,   -5,   -5,   -5,    0,   -6,    0,    0,    0,    0,   -5,   -5,    5,    0,   -6,   -8,   -8,   10,   -6,    6,   -8,   -4,   -8,    0,   14,    0,    0,    0,    0,   -5,    0,    0,    0,    0,    0,    0,    0,    0,  -21,    0,    0,    0,    0,    0,    0,    0,    0,    0,    0,    0,    0,    0,    0,    0,    0,    0,    0,    0,    0,    0,    0,    0,    0,    0,    0,    0,    0,    0,    0,    0,    0,    0,    0,    0,    0,    0,    0,    0,    0,    0,    0,    0,    0,    0,    0,    0,    0,    0,    0,    0,    0,    0,    0,    0,    0,    0,    0,    0,    0,    0,    0,    0,    0,    0,    0,    0,    0,    0,    0,    0,    0,    0,    0,    0,    0,    0,    0,    0,    0,    0,    0,    0,    0,    0,    0,  -28,  -27,   10,    0,    0,    0,
       0,   -4,   -4,  -10,   -4,   -4,    0,   -8,   -4,   -8,    0,    0,    0,    0,    0,    0,    0,    0,    0,    0,    0,   -8,   -5,   -8,  -10,    0,    0,    0,  -14,    0,    0,    0,    0,    0,    0,    0,    0,    0,    0,    0,    0,    0,    0,    0,    0,    0,    0,    0,    0,   -5,    0,   -9,    0,    0,   -5,    0,    0,    0,    0,    0,    0,    0,    0,    0,    0,    0,    0,    0,   -6,    0,    0,    0,    0,    0,    0,    0,    0,    0,    0,    0,    0,    0,    0,    0,    0,    0,    0,    0,    0,    0,    0,    0,    0,    0,    0,    0,    0,    0,    0,    0,    0,    0,    0,    0,    0,    0,    0,    0,    0,    0,    0,    0,    0,    0,    0,    0,    0,    0,    0,    0,    0,    0,    0,    0,    0,    0,    0,    0,    0,    0,    0,    0,    0,    0,    0,    0,    0,    0,    0,    0,    0,    0,    0,    0,    0,    0,    0,    0,    0,    0,    0,    0,    0,    0,    0,    0,    0,    0,    0,    0,    0,
       0,    0,   -9,    0,    0,    9,  -12,    0,    0,    6,   -7,    9,   -8,   -8,    9,    0,   -8,   -8,    4,    7,    0,    7,    0,    5,    7,    4,   -4,    0,    0,    0,    0,   -6,   -6,   -6,    0,   -6,    0,    0,    0,    0,   -6,   -6,    0,    0,   -8,   -6,   -7,    6,   -6,    0,  -11,    0,  -18,    0,    9,    0,    0,    0,    0,   -6,    0,    0,    0,    0,    0,    0,    0,    0,    0,    0,    0,    0,    0,    0,    0,    0,    0,    0,    0,    0,    0,    0,    0,    0,    0,    0,    0,    0,    0,    0,    0,    0,    0,    0,    0,    0,    0,    0,    0,    0,    0,    0,    0,    0,    0,    0,    0,    0,    0,    0,    0,    0,    0,    0,    0,    0,    0,    0,    0,    0,    0,    0,    0,    0,    0,    0,    0,    0,    0,    0,    0,    0,    0,    0,    0,    0,    0,    0,    0,    0,    0,    0,    0,    0,    0,    0,    0,    0,    0,    0,    0,    0,    0,    0,    0,    0,    5,    7,    0,    0,    0,
      -6,  -10,   -5,  -13,    0,  -13,    0,  -17,    0,  -16,   -4,   -8,    0,    0,  -10,    0,    0,    0,   -4,  -11,    0,   -7,   -7,  -10,  -16,   -6,   -4,    0,  -17,   -6,    0,    0,    0,    0,    0,    0,    0,    0,    0,    0,    0,    0,    0,    0,    0,    0,    0,    0,    0,    0,    0,  -12,    0,    0,  -17,    0,    0,    0,    0,    0,    0,    0,    0,    0,    0,    0,  -12,    0,  -12,    0,    0,    0,    0,    0,    0,    0,    0,    0,    0,    0,    0,    0,    0,    0,    0,    0,    0,    0,    0,    0,    0,    0,    0,    0,    0,    0,    0,    0,    0,    0,    0,    0,    0,    0,    0,    0,    0,    0,    0,    0,    0,    0,    0,    0,    0,    0,    0,    0,    0,    0,    0,    0,    0,    0,    0,    0,    0,    0,    0,    0,    0,    0,    0,    0,    0,    0,    0,    0,    0,    0,    0,    0,    0,    0,    0,    0,    0,    0,    0,    0,    0,    0,    0,    0,    0,   -8,   -5,  -14,    0,    0,    0,
       0,   -6,   -8,    0,   -5,    4,    0,    0,    0,    0,   -6,    7,  -11,  -11,    7,    0,  -11,  -11,    0,    0,   -9,    0,    0,    0,    0,    0,   -7,    0,  -17,    0,    0,   -6,   -7,   -6,    0,   -9,    0,    0,    0,    0,   -7,   -6,    0,   -6,   -8,  -10,  -10,    4,  -10,    0,   -8,   -9,   -9,    0,    7,    0,    0,    0,    0,   -6,    0,    0,    0,    0,    0,    0,    0,    0,    0,    0,    0,    0,    0,    0,    0,    0,    0,    0,    0,    0,    0,    0,    0,    0,    0,    0,    0,    0,    0,    0,    0,    0,    0,    0,    0,    0,    0,    0,    0,    0,    0,    0,    0,    0,    0,    0,    0,    0,    0,    0,    0,    0,    0,    0,    0,    0,    0,    0,    0,    0,    0,    0,    0,    0,    0,    0,    0,    0,    0,    0,    0,    0,    0,    0,    0,    0,    0,    0,    0,    0,    0,    0,    0,    0,    0,    0,    0,    0,    0,    0,    0,    0,    0,    0,    0,   -5,    0,    0,    0,    0,    0,
      -4,    0,  -10,    0,    0,  -26,    0,  -24,   -7,    5,   -7,  -18,   -5,   -5,  -32,    0,   -5,   -5,    0,    6,    0,    7,    0,    0,    8,    0,   -6,    0,  -16,  -20,    0,   -6,   -6,   -6,    0,   -6,    0,    0,    0,  -11,   -6,   -6,    0,    0,  -10,    0,    0,  -14,    0,  -10,    0,    0,    0,   -8,  -30,    0,    0,    0,    0,   -6,    0,    0,    0,    0,  -10,   -7,    0,    0,    0,    0,    0,    0,    0,    0,    0,    0,    0,    0,    0,    0,    0,    0,    0,    0,    0,    0,    0,    0,    0,    0,    0,    0,    0,    0,    0,    0,    0,    0,    0,    0,    0,    0,    0,    0,    0,    0,    0,    0,    0,    0,    0,    0,    0,    0,    0,    0,    0,    0,    0,    0,    0,    0,    0,    0,    0,    0,    0,    0,    0,    0,    0,    0,    0,    0,    0,    0,    0,    0,    0,    0,    0,    0,    0,    0,    0,    0,    0,    0,    0,    0,    0,    0,    0,    0,    0,    0,    0,  -41,    0,    0,    0,
       0,    0,    0,   -4,  -10,    0,    0,    0,    0,    0,    0,    0,    0,    0,    0,    0,    0,    0,    0,    0,    0,    0,    0,    0,    0,    0,    0,    0,   -4,    0,    0,    0,    0,    0,    0,    0,    0,    0,    0,    0,    0,    0,    0,    0,    0,   -7,    0,    0,   -7,    0,    0,   -4,    0,    0,    0,    0,    0,    0,    0,    0,    0,    0,    0,    0,    0,    0,    0,    0,    0,    0,    0,    0,    0,    0,    0,    0,    0,    0,    0,    0,    0,    0,    0,    0,    0,    0,    0,    0,    0,    0,    0,    0,    0,    0,    0,    0,    0,    0,    0,    0,    0,    0,    0,    0,    0,    0,    0,    0,    0,    0,    0,    0,    0,    0,    0,    0,    0,    0,    0,    0,    0,    0,    0,    0,    0,    0,    0,    0,    0,    0,    0,    0,    0,    0,    0,    0,    0,    0,    0,    0,    0,    0,    0,    0,    0,    0,    0,    0,    0,    0,    0,    0,    0,    0,    0,    0,    0,    0,    0,    0,    0,
       0,    0,    0,   -4,    0,   -4,    0,  -14,    0,    0,    0,   -4,    0,    0,   -6,    0,    0,    0,    0,    0,    0,    0,    0,    0,    0,   -7,    0,    0,  -14,    0,    0,    0,    0,    0,    0,    0,    0,    0,    0,    0,    0,    0,    0,    0,    0,    0,    0,    0,    0,   -7,    0,   -8,    0,    0,  -10,    0,    0,    0,    0,    0,    0,    0,    0,    0,    0,    0,   -6,    0,    0,    0,    0,    0,    0,    0,    0,    0,    0,    0,    0,    0,    0,    0,    0,    0,    0,    0,    0,    0,    0,    0,    0,    0,    0,    0,    0,    0,    0,    0,    0,    0,    0,    0,    0,    0,    0,    0,    0,    0,    0,    0,    0,    0,    0,    0,    0,    0,    0,    0,    0,    0,    0,    0,    0,    0,    0,    0,    0,    0,    0,    0,    0,    0,    0,    0,    0,    0,    0,    0,    0,    0,    0,    0,    0,    0,    0,    0,    0,    0,    0,    0,    0,    0,    0,    0,    0,    0,    0,   -5,    0,    0,    0,
       0,    0,   -7,    0,  -13,    6,  -19,    7,    0,    4,   -8,   14,  -14,  -14,   11,    0,  -14,  -14,    0,    7,    0,    8,    4,   10,    9,    8,    0,    0,  -10,    0,    0,   -8,   -8,   -8,    0,   -8,    0,    0,    0,    0,   -8,   -8,    6,    0,   -5,   -6,  -19,   11,   -4,    6,   -8,    0,  -24,    0,   14,    0,    0,    0,    8,  -10,    4,    4,    0,    0,    0,   -5,    0,    0,    0,    0,    0,    0,    0,    0,    0,    0,    0,    0,    0,    0,    0,    0,    0,    0,    0,    0,    0,    0,    0,    0,    0,    0,    0,    0,    0,    0,    0,    0,    0,    0,    0,    0,    0,    0,    0,    0,    0,    0,    0,    0,    0,    0,    0,    0,    0,    0,    0,    0,    0,    0,    0,    0,    0,    0,    0,    0,    0,    0,    0,    0,    0,    0,    0,    0,    0,    0,    0,    0,    0,    0,    0,    0,    0,    0,    0,    0,    0,    0,    0,    0,    0,    0,    0,    0,    0,    0,    0,    6,    0,    0,    0,
       0,  -50,   -4,    0,  -56,    9,  -28,    5,    0,    0,    0,   11,  -18,  -18,   11,    0,  -18,  -18,    6,  -46,   -7,  -40,  -18,    8,  -46,    6,    0,    0,  -13,    0,    0,   -5,   -5,   -5,    0,   -5,    0,    0,    0,    0,   -5,   -5,    0,    0,    0,  -16,  -15,    8,   -8,    4,  -10,   -6,  -16,    4,   12,    0,    0,    0,    0,    0,    0,    0,    0,    0,    0,    0,    0,    0,  -34,    0,    0,    0,    0,    0,    0,    0,    0,    0,    0,    0,    0,    0,    0,    0,    0,    0,    0,    0,    0,    0,    0,    0,    0,    0,    0,    0,    0,    0,    0,    0,    0,    0,    0,    0,    0,    0,    0,    0,    0,    0,    0,    0,    0,    0,    0,    0,    0,    0,    0,    0,    0,    0,    0,    0,    0,    0,    0,    0,    0,    0,    0,    0,    0,    0,    0,    0,    0,    0,    0,    0,    0,    0,    0,    0,    0,    0,    0,    0,    0,    0,    0,    0,    0,    0,    0,  -48,  -47,    6,    0,    0,    0,
       0,    0,    0,    0,    0,    0,    0,    0,    0,    0,    0,    0,    0,    0,    0,    0,    0,    0,    0,    0,    0,   -2,    0,    0,   -3,    0,    0,    0,    0,    0,    0,    0,    0,    0,    0,    0,    0,    0,    0,    0,    0,    0,    0,    0,    0,    0,    0,    0,    0,    0,    0,    0,    0,    0,    0,    0,    0,    0,    0,    0,    0,    0,    0,    0,    0,    0,    0,    0,    0,    0,    0,    0,    0,    0,    0,    0,    0,    0,    0,    0,    0,    0,    0,    0,    0,    0,    0,    0,    0,    0,    0,    0,    0,    0,    0,    0,    0,    0,    0,    0,    0,    0,    0,    0,    0,    0,    0,    0,    0,    0,    0,    0,    0,    0,    0,    0,    0,    0,    0,    0,    0,    0,    0,    0,    0,    0,    0,    0,    0,    0,    0,    0,    0,    0,    0,    0,    0,    0,    0,    0,    0,    0,    0,    0,    0,    0,    0,    0,    0,    0,    0,    0,    0,    0,    0,    0,    0,    0,    0,    0,    0,
      -6,   -9,   -5,  -11,    0,  -13,    0,  -17,    0,  -14,   -4,   -8,    0,    0,  -10,    0,    0,    0,   -4,  -11,    0,   -7,   -6,  -10,  -16,   -6,   -4,    0,  -17,   -5,    0,    0,    0,    0,    0,    0,    0,    0,    0,    0,    0,    0,    0,    0,    0,    0,    0,    0,    0,    0,    0,  -12,    0,    0,  -16,    0,    0,    0,    0,    0,    0,    0,    0,    0,    0,    0,  -11,    0,  -10,    0,    0,    0,    0,    0,    0,    0,    0,    0,    0,    0,    0,    0,    0,    0,    0,    0,    0,    0,    0,    0,    0,    0,    0,    0,    0,    0,    0,    0,    0,    0,    0,    0,    0,    0,    0,    0,    0,    0,    0,    0,    0,    0,    0,    0,    0,    0,    0,    0,    0,    0,    0,    0,    0,    0,    0,    0,    0,    0,    0,    0,    0,    0,    0,    0,    0,    0,    0,    0,    0,    0,    0,    0,    0,    0,    0,    0,    0,    0,    0,    0,    0,    0,    0,    0,    0,   -6,   -4,  -12,    0,    0,    0,
      -4,    0,   -5,  -10,    0,  -36,    0,  -25,    0,    0,    0,  -20,    0,    0,  -38,    0,    0,    0,    0,    0,    0,    0,    0,   -7,    0,    0,   -6,    0,  -16,   -8,    0,   -8,   -8,  -13,    0,   -8,    0,    0,    0,    0,   -8,   -4,    0,    0,    0,    4,    4,    0,    4,    0,    0,  -10,   -7,    0,  -34,    0,    0,    0,    0,   -6,    0,    0,    0,    0,    0,    0,    0,    0,    0,    0,    0,    0,    0,    0,    0,    0,    0,    0,    0,    0,    0,    0,    0,    0,    0,    0,    0,    0,    0,    0,    0,    0,    0,    0,    0,    0,    0,    0,    0,    0,    0,    0,    0,    0,    0,    0,    0,    0,    0,    0,    0,    0,    0,    0,    0,    0,    0,    0,    0,    0,    0,    0,    0,    0,    0,    0,    0,    0,    0,    0,    0,    0,    0,    0,    0,    0,    0,    0,    0,    0,    0,    0,    0,    0,    0,    0,    0,    0,    0,    0,    0,    0,    0,    0,    0,    0,    4,  -46,    0,    0,    0,
      -6,   -9,   -5,    0,    0,  -13,    0,    0,    0,  -14,   -4,   -8,    0,    0,  -10,    0,    0,    0,   -4,  -11,    0,   -7,   -6,  -10,  -16,   -6,   -4,    0,    0,   -6,    0,    0,    0,    0,    0,    0,    0,    6,    0,    0,    0,    0,    0,    0,    0,    0,    0,    0,    0,    0,    0,    0,    0,    0,  -16,    0,    0,    0,    0,    0,    0,    0,    0,    0,    0,    0,  -11,    0,    0,    0,    0,    0,    0,    0,    0,    0,    0,    0,    0,    0,    0,    0,    0,    0,    0,    0,    0,    0,    0,    0,    0,    0,    0,    0,    0,    0,    0,    0,    0,    0,    0,    0,    0,    0,    0,    0,    0,    0,    0,    0,    0,    0,    0,    0,    0,    0,    0,    0,    0,    0,    0,    0,    0,    0,    0,    0,    0,    0,    0,    0,    0,    0,    0,    0,    0,    0,    0,    0,    0,    0,    0,    0,    0,    0,    0,    0,    0,    0,    0,    0,    0,    0,    0,    0,    0,   -6,   -4,   -8,    0,    0,    0,
       0,    0,   -5,    0,    0,    6,    0,    5,    0,   -5,   -6,   11,   -4,   -4,    9,    0,   -4,   -4,    0,    0,    0,   -4,    0,    8,   -8,    6,    0,    0,  -13,    0,    0,    0,    0,    0,    0,    0,    0,    0,    0,    0,    0,    0,    0,    0,    0,    0,    0,    8,    0,    4,   -7,   -6,   -8,    0,   12,    0,    0,    0,    0,   -6,    0,    0,    0,    0,    0,    0,    0,    0,    0,    0,    0,    0,    0,    0,    0,    0,    0,    0,    0,    0,    0,    0,    0,    0,    0,    0,    0,    0,    0,    0,    0,    0,    0,    0,    0,    0,    0,    0,    0,    0,    0,    0,    0,    0,    0,    0,    0,    0,    0,    0,    0,    0,    0,    0,    0,    0,    0,    0,    0,    0,    0,    0,    0,    0,    0,    0,    0,    0,    0,    0,    0,    0,    0,    0,    0,    0,    0,    0,    0,    0,    0,    0,    0,    0,    0,    0,    0,    0,    0,    0,    0,    0,    0,    0,    0,    0,    0,    6,    0,    0,    0,
       0,    0,  -11,    5,    0,  -30,  -20,  -34,  -34,    9,  -20,  -26,  -11,  -11,  -36,    0,  -11,  -11,    0,   10,    0,   11,    7,    6,   12,    0,    0,    0,  -13,  -18,    0,  -22,  -22,  -22,    0,  -22,    0,    0,    0,  -16,  -22,  -22,  -18,    0,  -14,   -9,  -32,   -7,   -9,  -12,  -10,    0,  -34,  -30,  -29,    0,    0,    8,   12,  -32,   20,    8,    4,    0,  -29,  -26,    0,    0,    0,    0,    0,    0,    0,    0,    0,    0,    0,    0,    0,    0,    0,    0,    0,    0,    0,    0,    0,    0,    0,    0,    0,    0,    0,    0,    0,    0,    0,    0,    0,    0,    0,    0,    0,    0,    0,    0,    0,    0,    0,    0,    0,    0,    0,    0,    0,    0,    0,    0,    0,    0,    0,    0,    0,    0,    0,    0,    0,    0,    0,    0,    0,    0,    0,    0,    0,    0,    0,    0,    0,    0,    0,    0,    0,    0,    0,    0,    0,    0,    0,    0,    0,    0,    0,    0,    0,    0,    0,  -27,    0,    0,    0,
       0,    0,   -4,    0,    0,   -4,    0,  -16,   -4,    0,    0,   -4,    0,    0,   -6,    0,    0,    0,    0,    0,    0,    0,    0,    0,    0,   -6,    0,    0,  -15,   -6,    0,    0,    0,    0,    0,    0,    0,    0,    0,    0,    0,    0,    0,    0,    0,    0,    0,    0,    0,   -7,   -4,   -9,    0,    0,  -14,    0,    0,    0,    0,    0,    0,    0,    0,    0,    0,    0,   -6,    0,    0,    0,    0,    0,    0,    0,    0,    0,    0,    0,    0,    0,    0,    0,    0,    0,    0,    0,    0,    0,    0,    0,    0,    0,    0,    0,    0,    0,    0,    0,    0,    0,    0,    0,    0,    0,    0,    0,    0,    0,    0,    0,    0,    0,    0,    0,    0,    0,    0,    0,    0,    0,    0,    0,    0,    0,    0,    0,    0,    0,    0,    0,    0,    0,    0,    0,    0,    0,    0,    0,    0,    0,    0,    0,    0,    0,    0,    0,    0,    0,    0,    0,    0,    0,    0,    0,    0,    0,    0,   -8,    0,    0,    0,
       0,    6,  -13,    6,    0,  -30,   -4,  -27,   -8,   10,  -15,  -25,   -7,   -7,  -38,   -2,   -7,   -7,    0,   11,    0,   12,    8,    8,   13,    0,    0,    0,  -11,  -10,    0,  -18,  -18,  -18,    0,  -18,    0,    0,    0,  -12,  -18,  -18,   -6,    0,  -10,    0,    0,    0,    0,   -1,  -10,    0,  -17,   -4,  -33,    0,    4,    0,   13,  -20,   16,   12,    4,    0,  -10,  -10,    0,    0,    0,    0,    0,    0,    0,    0,    0,    0,    0,    0,    0,    0,    0,    0,    0,    0,    0,    0,    0,    0,    0,    0,    0,    0,    0,    0,    0,    0,    0,    0,    0,    0,    0,    0,    0,    0,    0,    0,    0,    0,    0,    0,    0,    0,    0,    0,    0,    0,    0,    0,    0,    0,    0,    0,    0,    0,    0,    0,    0,    0,    0,    0,    0,    0,    0,    0,    0,    0,    0,    0,    0,    0,    0,    0,    0,    0,    0,    0,    0,    0,    0,    0,    0,    0,    0,    0,    0,    8,   10,  -30,    0,    0,    0,
       0,    5,   -6,    0,    0,  -15,    0,  -19,   -4,    6,   -8,   -7,   -6,   -6,  -24,    0,   -6,   -6,    0,    8,    0,    9,    5,    4,   10,    0,    0,    0,  -15,  -12,    0,   -9,   -9,   -9,    0,  -10,    0,    0,    0,   -8,   -9,   -9,   -7,    0,   -8,    0,    0,    0,    0,    0,   -7,    0,   -8,    0,  -20,    0,    0,    0,    7,  -10,    4,    0,    0,    0,   -6,    0,    0,    0,    0,    0,    0,    0,    0,    0,    0,    0,    0,    0,    0,    0,    0,    0,    0,    0,    0,    0,    0,    0,    0,    0,    0,    0,    0,    0,    0,    0,    0,    0,    0,    0,    0,    0,    0,    0,    0,    0,    0,    0,    0,    0,    0,    0,    0,    0,    0,    0,    0,    0,    0,    0,    0,    0,    0,    0,    0,    0,    0,    0,    0,    0,    0,    0,    0,    0,    0,    0,    0,    0,    0,    0,    0,    0,    0,    0,    0,    0,    0,    0,    0,    0,    0,    0,    0,    0,    0,    7,   10,  -15,    0,    0,    0,
       0,    0,  -10,    0,  -10,    5,  -11,    4,    0,    0,  -10,   11,  -10,  -10,    8,    0,  -10,  -10,    0,    5,    0,    7,    0,    7,    8,    5,    0,    0,  -14,    0,    0,   -7,   -7,   -7,    0,   -7,    0,    0,    0,    0,   -7,   -7,    0,    0,   -4,   -4,  -15,    8,   -3,    0,  -10,    0,  -19,    0,   11,    0,    0,    0,    0,  -12,    0,    0,    0,    0,    0,   -7,    0,    0,    0,    0,    0,    0,    0,    0,    0,    0,    0,    0,    0,    0,    0,    0,    0,    0,    0,    0,    0,    0,    0,    0,    0,    0,    0,    0,    0,    0,    0,    0,    0,    0,    0,    0,    0,    0,    0,    0,    0,    0,    0,    0,    0,    0,    0,    0,    0,    0,    0,    0,    0,    0,    0,    0,    0,    0,    0,    0,    0,    0,    0,    0,    0,    0,    0,    0,    0,    0,    0,    0,    0,    0,    0,    0,    0,    0,    0,    0,    0,    0,    0,    0,    0,    0,    0,    0,    0,    0,    0,    4,    0,    0,    0,
       0,    0,  -17,    7,    0,  -26,  -20,  -33,  -15,   10,  -23,  -32,  -16,  -16,  -46,   -3,  -16,  -16,    0,   12,    0,   13,    9,    8,   14,    4,    0,    0,  -10,  -16,    0,  -20,  -20,  -20,    0,  -20,    0,    0,    0,  -16,  -20,  -20,   -8,    0,  -14,    0,    0,   -6,    0,  -11,   -9,    0,  -30,  -13,  -32,    0,    0,    0,   16,  -31,   16,   13,    0,    0,  -17,  -16,    0,    0,    0,    0,    0,    0,    0,    0,    0,    0,    0,    0,    0,    0,    0,    0,    0,    0,    0,    0,    0,    0,    0,    0,    0,    0,    0,    0,    0,    0,    0,    0,    0,    0,    0,    0,    0,    0,    0,    0,    0,    0,    0,    0,    0,    0,    0,    0,    0,    0,    0,    0,    0,    0,    0,    0,    0,    0,    0,    0,    0,    0,    0,    0,    0,    0,    0,    0,    0,    0,    0,    0,    0,    0,    0,    0,    0,    0,    0,    0,    0,    0,    0,    0,    0,    0,    0,    0,    0,    4,    7,  -31,    0,    0,    0,
       0,    0,   -8,    0,    0,    4,  -24,    0,    0,    0,   -6,    7,  -14,  -14,    7,    0,  -14,  -14,    0,    0,   -6,    4,    0,    0,    5,    0,   -7,    0,  -17,    0,    0,   -6,   -7,   -6,    0,   -9,    0,    0,    0,    0,   -7,   -6,    0,   -5,   -8,   -9,  -10,    4,   -9,    0,  -14,   -6,  -20,    0,    7,    0,    0,    0,    4,   -6,    5,    0,    0,    0,    0,    0,    0,    0,    0,    0,    0,    0,    0,    0,    0,    0,    0,    0,    0,    0,    0,    0,    0,    0,    0,    0,    0,    0,    0,    0,    0,    0,    0,    0,    0,    0,    0,    0,    0,    0,    0,    0,    0,    0,    0,    0,    0,    0,    0,    0,    0,    0,    0,    0,    0,    0,    0,    0,    0,    0,    0,    0,    0,    0,    0,    0,    0,    0,    0,    0,    0,    0,    0,    0,    0,    0,    0,    0,    0,    0,    0,    0,    0,    0,    0,    0,    0,    0,    0,    0,    0,    0,    0,    0,    0,    0,    0,    0,    0,    0,    0,
       0,    0,    0,    0,    0,    0,    0,    0,    0,    0,    0,  -11,  -17,  -17,  -11,    0,  -17,  -17,  -10,  -13,  -15,  -12,  -15,  -14,  -11,  -16,    0,    0,   32,    0,    0,    0,    0,    0,    0,    0,    0,    0,    0,    0,    0,    0,    0,    0,    0,    0,    0,    0,    0,    0,    0,    0,    0,    0,  -11,    0,    0,    0,    0,    0,    0,    0,    0,    0,    0,    0,    0,    0,    0,    0,  -13,  -17,   -8,   -9,  -10,  -12,  -11,   10,  -12,    0,    0,  -17,  -17,  -14,  -19,    0,  -15,    0,    0,    0,    0,    0,    0,    0,    0,    0,    0,    0,    0,    0,    0,    0,    0,    0,    0,    0,    0,    0,    0,    0,    0,    0,    0,    0,    0,    0,    0,    0,  -19,    0,  -11,    0,    0,  -10,    0,    0,   -6,    0,    0,  -12,    0,    0,    0,    0,    0,    0,    0,    0,    0,    0,    0,    0,    0,    0,    0,    0,    0,    0,    0,    0,    0,    0,    0,    0,    0,    0,    0,    0,    0,    0,    0,
       0,    0,    0,    0,    0,    0,    0,    0,    0,    0,    0,    0,   -4,   -4,    0,    0,   -4,   -4,    0,    0,    0,    0,   -4,   -4,    0,   -6,    0,    0,    0,    0,    0,    0,    0,    0,    0,    0,    0,    0,    0,    0,    0,    0,    0,    0,    0,    0,    0,    0,    0,    0,    0,    0,    0,    0,    0,    0,    0,    0,    0,    0,    0,    0,    0,    0,    0,    0,    0,    0,    0,    0,    0,   -4,   -4,    0,    0,    0,    0,    0,    0,    0,    0,   -4,   -4,   -4,   -8,    0,   -5,    0,    0,    0,    0,    0,    0,    0,    0,    0,    0,    0,    0,    0,    0,    0,    0,    0,    0,    0,    0,    0,    0,    0,    0,    0,    0,    0,    0,    0,    0,    0,   -9,    0,    0,    0,    0,    0,    0,    0,   -8,    0,    0,    0,    0,    0,    0,    0,    0,    0,    0,    0,    0,    0,    0,    0,    0,    0,    0,    0,    0,    0,    0,    0,    0,    0,    0,    0,    0,    0,    0,    0,    0,    0,    0,
       0,  -11,    0,  -10,   -8,    0,    0,    0,    0,  -11,    0,    0,    0,    0,    0,    0,    0,    0,    0,    0,    0,    0,    0,    0,    0,    0,    0,    0,  -12,    0,    0,    0,    0,    0,    0,    0,    0,    0,    0,    0,    0,    0,    0,    0,    0,   -6,   -5,    0,   -6,    0,    0,   -8,    0,    0,    0,    0,    0,    0,    0,    0,    0,    0,    0,    0,    0,    0,    0,    0,    0,    0,    0,    0,    0,    0,    0,    0,    0,    0,    0,    0,    0,    0,    0,    0,    0,    0,    0,    0,    0,    0,    0,    0,    0,    0,    0,    0,    0,    0,    0,    0,    0,    0,    0,    0,    0,    0,    0,    0,    0,    0,    0,    0,    0,    0,    0,    0,    0,    0,    0,    0,    0,    0,    0,    0,    0,    0,    0,    0,    0,    0,    0,    0,    0,    0,    0,    0,    0,    0,    0,    0,    0,    0,    0,    0,    0,    0,    0,    0,    0,    0,    0,    0,    0,    0,    0,    0,  -10,    0,    0,    0,    0,
       0,  -15,    0,  -11,    0,    0,    0,   -9,    0,  -11,    0,    0,    0,    0,    0,    0,    0,    0,    0,    0,    0,    0,    0,    0,    0,    0,    0,    0,  -12,    0,    0,    0,    0,    0,    0,    0,    0,    0,    0,    0,    0,    0,    0,    0,    0,   -5,   -5,   -7,   -5,   -8,    0,   -8,    0,    0,    0,    0,    0,    0,    0,    0,    0,    0,    0,    0,    0,    0,    0,    0,    0,    0,    0,    0,    0,    0,    0,    0,    0,    0,    0,    0,    0,    0,    0,    0,    0,    0,    0,    0,    0,    0,    0,    0,    0,    0,    0,    0,    0,    0,    0,    0,    0,    0,    0,    0,    0,    0,    0,    0,    0,    0,    0,    0,    0,    0,    0,    0,    0,    0,    0,    0,    0,    0,    0,    0,    0,    0,    0,    0,    0,    0,    0,    0,    0,    0,    0,    0,    0,    0,    0,    0,    0,    0,    0,    0,    0,    0,    0,    0,    0,    0,    0,    0,    0,    0,    0,  -13,  -13,    0,    0,    0,    0,
       0,    0,    0,    0,    0,    4,  -13,    0,    0,    0,    0,    0,    0,    0,    0,    0,    0,    0,    0,    0,    0,    0,    0,    0,    0,    0,    0,    0,  -11,    0,    0,    0,   -5,    0,    0,   -6,    0,    0,    0,    0,   -5,    0,    0,    0,    0,    4,    4,    6,    4,    0,   -8,    0,  -12,    0,    0,    0,    0,    0,    0,    0,    0,    0,    0,    0,    0,    0,    0,    0,    0,    0,    0,    0,    0,    0,    0,    0,    0,    0,    0,    0,    0,    0,    0,    0,    0,    0,    0,    0,    0,    0,    0,    0,    0,    0,    0,    0,    0,    0,    0,    0,    0,    0,    0,    0,    0,    0,    0,    0,    0,    0,    0,    0,    0,    0,    0,    0,    0,    0,    0,    0,    0,    0,    0,    0,    0,    0,    0,    0,    0,    0,    0,    0,    0,    0,    0,    0,    0,    0,    0,    0,    0,    0,    0,    0,    0,    0,    0,    0,    0,    0,    0,    0,    0,    0,    0,    0,    0,    0,    0,    0,    0,
       0,    0,    0,   16,    4,  -21,  -14,  -17,    0,   10,    0,    0,    0,    0,    0,    0,    0,    0,    0,    0,    0,    0,    0,    0,    0,    0,    0,    0,   16,    0,    0,    0,    0,    0,    0,    0,    0,    0,    0,    0,    0,    0,    0,    0,    0,    8,    7,    6,    8,    0,    0,   16,   -8,    4,    0,    0,   12,    0,   16,   -7,   16,   12,   16,    0,    0,    0,    0,    0,    0,    0,    0,    0,    0,    0,    0,    0,    0,    0,    0,    0,    0,    0,    0,    0,    0,    0,    0,    0,    0,    0,    0,    0,    0,    0,    0,    0,    0,    0,    0,    0,    0,    0,    0,    0,    0,    0,    0,    0,    0,    0,    0,    0,    0,    0,    0,    0,    0,    0,    0,    0,    0,    0,    0,    0,    0,    0,    0,    0,    0,    0,    0,    0,    0,    0,    0,    0,    0,    0,    0,    0,    0,    0,    0,    0,    0,    0,    0,    0,    0,    0,    0,    0,    0,    0,    0,    0,    8,  -21,    0,    0,    0,
       0,  -15,    0,  -10,   -8,    0,    0,    0,    0,  -11,    0,    0,    0,    0,    0,    0,    0,    0,    0,    0,    0,    0,    0,    0,    0,    0,    0,    0,  -12,    0,    0,    0,    0,    0,    0,    0,    0,    0,    0,    0,    0,    0,    0,    0,    0,   -6,   -5,    0,   -7,    0,    0,   -8,    0,    0,    0,    0,    0,    0,    0,    0,    0,    0,    0,    0,    0,    0,    0,    0,    0,    0,    0,    0,    0,    0,    0,    0,    0,    0,    0,    0,    0,    0,    0,    0,    0,    0,    0,    0,    0,    0,    0,    0,    0,    0,    0,    0,    0,    0,    0,    0,    0,    0,    0,    0,    0,    0,    0,    0,    0,    0,    0,    0,    0,    0,    0,    0,    0,    0,    0,    0,    0,    0,    0,    0,    0,    0,    0,    0,    0,    0,    0,    0,    0,    0,    0,    0,    0,    0,    0,    0,    0,    0,    0,    0,    0,    0,    0,    0,    0,    0,    0,    0,    0,    0,    0,  -12,  -12,    0,    0,    0,    0,
       0,    0,    0,    0,    0,    0,    0,    0,    0,    0,    0,    0,    0,    0,    0,    0,    0,    0,    0,    0,    0,    0,    0,    0,    0,    0,    0,    0,    0,    0,    0,    0,    0,    0,    0,    0,    0,    4,    0,    0,    0,    0,    0,    0,    0,    0,    0,    0,    0,    0,    0,    0,    0,    0,    0,    0,    0,    0,    0,    0,    0,    0,    0,    0,    0,    0,    0,    0,    0,    0,    0,    0,    0,    0,    0,    0,    0,    0,    0,    0,    0,    0,    0,    0,    0,    0,    0,    0,    0,    0,    0,    0,    0,    0,    0,    0,    0,    0,    0,    0,    0,    0,    0,    0,    0,    0,    0,    0,    0,    0,    0,    0,    0,    0,    0,    0,    0,    0,    0,    0,    0,    0,    0,    0,    0,    0,    0,    0,    0,    0,    0,    0,    0,    0,    0,    0,    0,    0,    0,    0,    0,    0,    0,    0,    0,    0,    0,    0,    0,    0,    0,    0,    0,    0,    0,    0,    0,    0,    0,    0,    0,
       0,    0,    0,    0,    0,    0,  -11,    4,    0,    0,   -8,    0,    0,    0,    0,    0,    0,    0,    0,    0,    0,    0,    0,    0,    0,    0,    0,    0,  -10,    0,    0,  -10,  -10,  -10,    0,  -12,    0,    0,    0,    0,  -12,  -10,    0,    0,    0,    0,    0,    8,    0,    0,   -8,    0,  -14,    0,    0,    0,    0,    0,    0,  -11,    0,    0,    0,    0,    0,    0,    0,    0,    0,    0,    0,    0,    0,    0,    0,    0,    0,    0,    0,    0,    0,    0,    0,    0,    0,    0,    0,    0,    0,    0,    0,    0,    0,    0,    0,    0,    0,    0,    0,    0,    0,    0,    0,    0,    0,    0,    0,    0,    0,    0,    0,    0,    0,    0,    0,    0,    0,    0,    0,    0,    0,    0,    0,    0,    0,    0,    0,    0,    0,    0,    0,    0,    0,    0,    0,    0,    0,    0,    0,    0,    0,    0,    0,    0,    0,    0,    0,    0,    0,    0,    0,    0,    0,    0,    0,    0,    0,    0,    0,    0,    0,
       0,  -12,    0,  -10,   -9,    0,    0,    0,    0,  -11,    0,    0,    0,    0,    0,    0,    0,    0,    0,    0,    0,    0,    0,    0,    0,    0,    0,    0,  -12,    0,    0,    0,    0,    0,    0,    0,    0,    0,    0,    0,    0,    0,    0,    0,    0,   -6,   -6,    0,   -7,    0,    0,   -8,    0,    0,    0,    0,    0,    0,    0,    0,    0,    0,    0,    0,    0,    0,    0,    0,    0,    0,    0,    0,    0,    0,    0,    0,    0,    0,    0,    0,    0,    0,    0,    0,    0,    0,    0,    0,    0,    0,    0,    0,    0,    0,    0,    0,    0,    0,    0,    0,    0,    0,    0,    0,    0,    0,    0,    0,    0,    0,    0,    0,    0,    0,    0,    0,    0,    0,    0,    0,    0,    0,    0,    0,    0,    0,    0,    0,    0,    0,    0,    0,    0,    0,    0,    0,    0,    0,    0,    0,    0,    0,    0,    0,    0,    0,    0,    0,    0,    0,    0,    0,    0,    0,    0,   -9,  -10,    0,    0,    0,    0,
       0,  -13,    0,  -11,   -8,    0,    0,   -9,    0,  -12,    0,    0,    0,    0,    0,    0,    0,    0,    0,    0,    0,    0,    0,    0,    0,    0,    0,    0,  -12,    0,    0,    0,    0,    0,    0,    0,    0,    0,    0,    0,    0,    0,    0,    0,    0,   -6,   -5,   -7,   -6,   -8,    0,   -8,    0,    0,    0,    0,    0,    0,    0,    0,    0,    0,    0,    0,    0,    0,    0,    0,    0,    0,    0,    0,    0,    0,    0,    0,    0,    0,    0,    0,    0,    0,    0,    0,    0,    0,    0,    0,    0,    0,    0,    0,    0,    0,    0,    0,    0,    0,    0,    0,    0,    0,    0,    0,    0,    0,    0,    0,    0,    0,    0,    0,    0,    0,    0,    0,    0,    0,    0,    0,    0,    0,    0,    0,    0,    0,    0,    0,    0,    0,    0,    0,    0,    0,    0,    0,    0,    0,    0,    0,    0,    0,    0,    0,    0,    0,    0,    0,    0,    0,    0,    0,    0,    0,    0,   -9,  -11,    0,    0,    0,    0,
       0,  -13,    0,  -11,   -8,    0,    0,   -9,    0,  -11,    0,    0,    0,    0,    0,    0,    0,    0,    0,    0,    0,    0,    0,    0,    0,    0,    0,    0,  -12,    0,    0,    0,    0,    0,    0,    0,    0,    0,    0,    0,    0,    0,    0,    0,    0,   -6,   -5,   -7,   -6,   -7,    0,   -8,    0,    0,    0,    0,    0,    0,    0,    0,    0,    0,    0,    0,    0,    0,    0,    0,    0,    0,    0,    0,    0,    0,    0,    0,    0,    0,    0,    0,    0,    0,    0,    0,    0,    0,    0,    0,    0,    0,    0,    0,    0,    0,    0,    0,    0,    0,    0,    0,    0,    0,    0,    0,    0,    0,    0,    0,    0,    0,    0,    0,    0,    0,    0,    0,    0,    0,    0,    0,    0,    0,    0,    0,    0,    0,    0,    0,    0,    0,    0,    0,    0,    0,    0,    0,    0,    0,    0,    0,    0,    0,    0,    0,    0,    0,    0,    0,    0,    0,    0,    0,    0,    0,    0,   -9,  -11,    0,    0,    0,    0,
       0,    0,    0,    0,    0,    0,    0,    0,    0,    0,    0,    0,    0,    0,    0,    0,    0,    0,    0,    0,    0,    0,    0,    0,    0,    0,    0,    0,    0,    0,    0,    0,    0,    0,    0,    0,    0,   12,    0,    0,    0,    0,    0,    0,    0,    0,    0,    0,    0,    0,    0,    0,    0,    0,    0,    0,    0,    0,    0,    0,    0,    0,    0,    0,    0,    0,    0,    0,    0,    0,    0,    0,    0,    0,    0,    0,    0,    0,    0,    0,    0,    0,    0,    0,    0,    0,    0,    0,    0,    0,    0,    0,    0,    0,    0,    0,    0,    0,    0,    0,    0,    0,    0,    0,    0,    0,    0,    0,    0,    0,    0,    0,    0,    0,    0,    0,    0,    0,    0,    0,    0,    0,    0,    0,    0,    0,    0,    0,    0,    0,    0,    0,    0,    0,    0,    0,    0,    0,    0,    0,    0,    0,    0,    0,    0,    0,    0,    0,    0,    0,    0,    0,    0,    0,    0,    0,    0,    0,    0,    0,    0,
       0,    0,    0,    0,    5,  -22,  -13,  -18,    0,  -17,    0,    0,    0,    0,    0,    0,    0,    0,    0,    0,    0,    0,    0,    0,    0,    0,    0,    0,  -10,    0,    0,    0,    0,    0,    0,    0,    0,    0,    0,    0,    0,   -5,    0,    0,    0,    8,    8,    6,    8,    0,    0,    0,   -8,    0,    0,    0,    0,    0,    0,   -8,    0,    0,    0,    0,    0,    0,    0,    0,    0,    0,    0,    0,    0,    0,    0,    0,    0,    0,    0,    0,    0,    0,    0,    0,    0,    0,    0,    0,    0,    0,    0,    0,    0,    0,    0,    0,    0,    0,    0,    0,    0,    0,    0,    0,    0,    0,    0,    0,    0,    0,    0,    0,    0,    0,    0,    0,    0,    0,    0,    0,    0,    0,    0,    0,    0,    0,    0,    0,    0,    0,    0,    0,    0,    0,    0,    0,    0,    0,    0,    0,    0,    0,    0,    0,    0,    0,    0,    0,    0,    0,    0,    0,    0,    0,    0,    0,    6,  -21,    0,    0,    0,
       0,    0,    0,    0,    0,    4,  -16,    0,    0,    0,    0,    0,    0,    0,    0,    0,    0,    0,    0,    0,    0,    0,    0,    0,    0,    0,    0,    0,  -11,    0,    0,   -5,   -6,   -4,    0,   -4,    0,    0,    0,    0,   -6,   -5,    0,    0,    0,    0,    0,    7,    0,    0,   -8,    0,  -11,    0,    0,    0,    0,    0,    0,   -5,    0,    0,    0,    0,    0,    0,    0,    0,    0,    0,    0,    0,    0,    0,    0,    0,    0,    0,    0,    0,    0,    0,    0,    0,    0,    0,    0,    0,    0,    0,    0,    0,    0,    0,    0,    0,    0,    0,    0,    0,    0,    0,    0,    0,    0,    0,    0,    0,    0,    0,    0,    0,    0,    0,    0,    0,    0,    0,    0,    0,    0,    0,    0,    0,    0,    0,    0,    0,    0,    0,    0,    0,    0,    0,    0,    0,    0,    0,    0,    0,    0,    0,    0,    0,    0,    0,    0,    0,    0,    0,    0,    0,    0,    0,    0,    0,    0,    0,    0,    0,    0,
       0,    0,    0,    0,    4,  -14,    0,  -13,    0,  -16,    0,    0,    0,    0,    0,    0,    0,    0,    0,    0,    0,    0,    0,    0,    0,    0,    0,    0,  -10,    0,    0,   -6,   -6,   -6,    0,   -5,    0,    0,    0,    0,   -6,   -6,    0,    0,    0,    7,    7,    6,    7,    0,    0,    0,    0,    0,    0,    0,    0,    0,    0,   -7,    0,    0,    0,    0,    0,    0,    0,    0,    0,    0,    0,    0,    0,    0,    0,    0,    0,    0,    0,    0,    0,    0,    0,    0,    0,    0,    0,    0,    0,    0,    0,    0,    0,    0,    0,    0,    0,    0,    0,    0,    0,    0,    0,    0,    0,    0,    0,    0,    0,    0,    0,    0,    0,    0,    0,    0,    0,    0,    0,    0,    0,    0,    0,    0,    0,    0,    0,    0,    0,    0,    0,    0,    0,    0,    0,    0,    0,    0,    0,    0,    0,    0,    0,    0,    0,    0,    0,    0,    0,    0,    0,    0,    0,    0,    0,    0,    5,  -14,    0,    0,    0,
       0,    0,    0,    0,    4,  -13,    0,  -11,    0,  -14,    0,    0,    0,    0,    0,    0,    0,    0,    0,    0,    0,    0,    0,    0,    0,    0,    0,    0,  -10,    0,    0,   -5,    0,    0,    0,    0,    0,    0,    0,    0,   -5,    0,    0,    0,    0,    7,    7,    6,    7,    0,    0,    0,    0,    0,    0,    0,    0,    0,    0,   -6,    0,    0,    0,    0,    0,    0,    0,    0,    0,    0,    0,    0,    0,    0,    0,    0,    0,    0,    0,    0,    0,    0,    0,    0,    0,    0,    0,    0,    0,    0,    0,    0,    0,    0,    0,    0,    0,    0,    0,    0,    0,    0,    0,    0,    0,    0,    0,    0,    0,    0,    0,    0,    0,    0,    0,    0,    0,    0,    0,    0,    0,    0,    0,    0,    0,    0,    0,    0,    0,    0,    0,    0,    0,    0,    0,    0,    0,    0,    0,    0,    0,    0,    0,    0,    0,    0,    0,    0,    0,    0,    0,    0,    0,    0,    0,    0,    5,  -12,    0,    0,    0,
       0,    0,    0,    0,    0,    0,    0,    0,    0,    0,    0,    0,    0,    0,    0,    0,    0,    0,    0,    0,    0,    0,    0,    0,    0,    0,    0,    0,  -11,    0,    0,   -8,   -8,   -8,    0,   -8,    0,    0,    0,    0,   -8,   -8,    0,    0,    0,    0,    0,    7,    0,    0,   -8,    0,  -12,    0,    0,    0,    0,    0,    0,  -10,    0,    0,    0,    0,    0,    0,    0,    0,    0,    0,    0,    0,    0,    0,    0,    0,    0,    0,    0,    0,    0,    0,    0,    0,    0,    0,    0,    0,    0,    0,    0,    0,    0,    0,    0,    0,    0,    0,    0,    0,    0,    0,    0,    0,    0,    0,    0,    0,    0,    0,    0,    0,    0,    0,    0,    0,    0,    0,    0,    0,    0,    0,    0,    0,    0,    0,    0,    0,    0,    0,    0,    0,    0,    0,    0,    0,    0,    0,    0,    0,    0,    0,    0,    0,    0,    0,    0,    0,    0,    0,    0,    0,    0,    0,    0,    0,    0,    0,    0,    0,    0,
       0,    0,    0,    0,    0,    0,    0,    0,    0,    0,    0,    0,    0,    0,    0,    0,    0,    0,    0,    0,    0,    0,    0,    0,    0,    0,    0,    0,  -14,    0,    0,   -8,   -8,   -8,   -5,   -9,    0,    0,    0,    0,   -8,   -7,    0,   -5,   -5,    0,    0,    0,    0,    0,  -11,   -8,  -13,    0,    0,    0,    0,    0,    0,   -7,    0,    0,    0,    0,    0,    0,    0,    0,    0,    0,    0,    0,    0,    0,    0,    0,    0,    0,    0,    0,    0,    0,    0,    0,    0,    0,    0,    0,    0,    0,    0,    0,    0,    0,    0,    0,    0,    0,    0,    0,    0,    0,    0,    0,    0,    0,    0,    0,    0,    0,    0,    0,    0,    0,    0,    0,    0,    0,    0,    0,    0,    0,    0,    0,    0,    0,    0,    0,    0,    0,    0,    0,    0,    0,    0,    0,    0,    0,    0,    0,    0,    0,    0,    0,    0,    0,    0,    0,    0,    0,    0,    0,    0,    0,    0,    0,    0,    0,    0,    0,    0,
       0,    0,    0,    0,    0,    0,    0,    0,    0,    0,    0,   -5,  -10,  -12,   -5,    0,  -12,  -12,   -8,    0,   -9,    0,    0,    0,    0,   -7,    0,    0,    0,    0,    0,    0,    0,    0,    0,    0,    0,    0,    0,    0,    0,    0,    0,    0,    0,    0,    0,    0,    0,    0,    0,   32,    0,    0,   -4,    0,    0,    0,    0,    0,    0,    0,    0,    0,    0,    0,    0,    0,    0,    0,    0,  -10,   -7,    0,    0,    0,   -5,   11,    0,    0,    0,  -12,  -12,    0,   -4,    0,   -8,    0,    0,    0,    0,    0,    0,    0,    0,    0,    0,    0,    0,    0,    0,    0,    0,    0,    0,    0,    0,    0,    0,    0,    0,    0,    0,    0,    0,    0,    0,    0,  -13,    0,    0,    0,    0,   -4,    0,    0,   -6,    0,    0,   -4,    0,    0,    0,    0,    0,    0,    0,    0,    0,    0,    0,    0,    0,    0,    0,    0,    0,    0,    0,    0,    0,    0,    0,    0,    0,    0,    0,    0,    0,    0,    0,
       0,    0,    0,    0,    0,    0,    0,    0,    0,    0,    0,   -8,    0,    0,   -8,    0,    0,    0,   -7,  -10,   -4,  -10,   -8,  -12,  -10,  -14,    0,    0,    0,    0,    0,    0,    0,    0,    0,    0,    0,    0,    0,    0,    0,    0,    0,    0,    0,    0,    0,    0,    0,    0,    0,    0,    0,    0,   -8,    0,    0,    0,    0,    0,    0,    0,    0,    0,    0,    0,    0,    0,    0,    0,  -10,    0,   -8,   -6,   -7,  -10,   -8,   -8,   -9,  -10,    0,    0,    0,  -12,    0,   -9,   -6,    0,    0,    0,    0,    0,    0,    0,    0,    0,    0,    0,    0,    0,    0,    0,    0,    0,    0,    0,    0,    0,    0,    0,    0,    0,    0,    0,    0,    0,    0,    0,    0,    0,  -10,    0,    0,    0,    0,    0,    0,    0,    0,   -9,    0,    0,    0,    0,    0,    0,    0,    0,    0,    0,    0,    0,    0,    0,    0,    0,    0,    0,    0,    0,    0,    0,    0,    0,    0,    0,    0,    0,    0,    0,    0,
       0,    0,    0,    0,    0,    0,    0,    0,    0,    0,    0,    0,    0,    0,    0,    0,    0,    0,    0,  -33,   -4,  -12,   -8,    0,  -19,   -4,    0,    0,    0,    0,    0,    0,    0,    0,    0,    0,    0,    0,    0,    0,    0,    0,    0,    0,    0,    0,    0,    0,    0,    0,    0,    0,    0,    0,    0,    0,    0,    0,    0,    0,    0,    0,    0,    0,    0,    0,    0,    0,    0,    0,    0,    0,    0,    0,    0,    0,    0,    0,    0,    0,    0,    0,    0,    0,    0,    0,    0,    0,    0,    0,    0,    0,    0,    0,    0,    0,    0,    0,    0,    0,    0,    0,    0,    0,    0,    0,    0,    0,    0,    0,    0,    0,    0,    0,    0,    0,    0,    0,    0,    0,    0,    0,    0,    0,    0,    0,    0,    0,    0,    0,    0,    0,    0,    0,    0,    0,    0,    0,    0,    0,    0,    0,    0,    0,    0,    0,    0,    0,    0,    0,    0,    0,    0,    0,    0,    0,    0,    0,    0,    0,    0,
       0,    0,    0,    0,    0,    0,    0,    0,    0,    0,    0,    0,    0,    0,    0,    0,    0,    0,    0,  -31,    0,   -5,    0,    0,  -13,    0,    0,    0,    0,    0,    0,    0,    0,    0,    0,    0,    0,    0,    0,    0,    0,    0,    0,    0,    0,    0,    0,    0,    0,    0,    0,    0,    0,    0,    0,    0,    0,    0,    0,    0,    0,    0,    0,    0,    0,    0,    0,    0,    0,    0,  -31,    0,    0,    0,    0,    0,    0,    0,    0,    0,    0,    0,    0,    0,    0,    0,    0,    0,    0,    0,    0,    0,    0,    0,    0,    0,    0,    0,    0,    0,    0,    0,    0,    0,    0,    0,    0,    0,    0,    0,    0,    0,    0,    0,    0,    0,    0,    0,    0,    0,  -13,    0,    0,    0,    0,    0,    0,    0,    0,    0,    0,    0,    0,    0,    0,    0,    0,    0,    0,    0,    0,    0,    0,    0,    0,    0,    0,    0,    0,    0,    0,    0,    0,    0,    0,    0,    0,    0,    0,    0,    0,
       0,    0,    0,    0,    0,    0,    0,    0,    0,    0,    0,   -8,    0,    0,  -17,    0,    0,    0,   -8,  -34,    0,  -18,   -8,  -20,  -31,  -17,    0,    0,    0,    0,    0,    0,    0,    0,    0,    0,    0,    0,    0,    0,    0,    0,    0,    0,    0,    0,    0,    0,    0,    0,    0,    0,    0,    0,  -18,    0,    0,    0,    0,    0,    0,    0,    0,    0,    0,    0,    0,    0,    0,    0,  -34,    0,  -10,  -14,  -14,  -22,   -8,  -13,  -23,  -15,    0,    0,    0,  -20,   -6,  -16,   -9,    0,    0,    0,    0,    0,    0,    0,    0,    0,    0,    0,    0,    0,    0,    0,    0,    0,    0,    0,    0,    0,    0,    0,    0,    0,    0,    0,    0,    0,    0,    0,    0,    0,  -31,    0,    0,   -4,    0,    0,    0,    0,    0,  -16,    0,    0,    0,    0,    0,    0,    0,    0,    0,    0,    0,    0,    0,    0,    0,    0,    0,    0,    0,    0,    0,    0,    0,    0,    0,    0,    0,    0,    0,    0,    0,
       0,    0,    0,    0,    0,    0,    0,    0,    0,    0,    0,  -18,  -15,  -15,  -25,    0,  -15,  -15,  -12,  -44,  -18,  -19,  -16,  -28,  -26,  -27,    0,    0,    0,    0,    0,    0,    0,    0,    0,    0,    0,    0,    0,    0,    0,    0,    0,    0,    0,    0,    0,    0,    0,    0,    0,    0,    0,    0,  -28,    0,    0,    0,    0,    0,    0,    0,    0,    0,    0,    0,    0,    0,    0,    0,    0,    0,    0,    0,    0,    0,    0,    0,    0,    0,    0,    0,    0,    0,    0,    0,    0,    0,    0,    0,    0,    0,    0,    0,    0,    0,    0,    0,    0,    0,    0,    0,    0,    0,    0,    0,    0,    0,    0,    0,    0,    0,    0,    0,    0,    0,    0,    0,    0,    0,    0,    0,    0,    0,    0,    0,    0,    0,    0,    0,    0,    0,    0,    0,    0,    0,    0,    0,    0,    0,    0,    0,    0,    0,    0,    0,    0,    0,    0,    0,    0,    0,    0,    0,    0,    0,    0,    0,    0,    0,    0,
      -6,  -13,    0,  -16,    0,  -24,    0,  -16,    0,  -14,    0,  -11,    0,    0,  -22,    0,    0,    0,    0,  -18,    0,   -8,    0,  -17,  -17,  -19,   -6,    0,  -17,   -6,    0,    0,    0,    0,    0,    0,    0,    0,    0,    0,    0,    0,    0,    0,    0,    0,    0,    0,    0,    0,    0,  -11,    0,    0,  -20,    0,    0,    0,    0,    0,    0,    0,    0,    0,    0,    0,  -16,    0,   -9,    0,    0,    0,    0,    0,    0,    0,    0,    0,    0,    0,    0,    0,    0,    0,    0,    0,    0,    0,    0,    0,    0,    0,    0,    0,    0,    0,    0,    0,    0,    0,    0,    0,    0,    0,    0,    0,    0,    0,    0,    0,    0,    0,    0,    0,    0,    0,    0,    0,    0,    0,    0,    0,    0,    0,    0,    0,    0,    0,    0,    0,    0,    0,    0,    0,    0,    0,    0,    0,    0,    0,    0,    0,    0,    0,    0,    0,    0,    0,    0,    0,    0,    0,    0,    0,    0,  -10,   -6,  -23,    0,    0,    0,
       0,  -16,    0,  -11,  -13,    0,    0,    0,    0,   -8,    0,    0,    0,    0,    0,    0,    0,    0,    0,    0,    0,    0,    0,    0,    0,    0,    0,    0,   -8,    0,    0,    0,    0,    0,    0,    0,    0,    0,    0,    0,    0,    0,    0,    0,    0,  -11,  -10,    0,  -11,    0,    0,   -8,    0,    0,    0,    0,    0,    0,    0,    0,    0,    0,    0,    0,    0,    0,    0,  -14,    0,   -8,    0,    0,    0,    0,    0,    0,    0,    0,    0,    0,    0,    0,    0,    0,    0,    0,    0,    0,    0,    0,    0,    0,    0,    0,    0,    0,    0,    0,    0,    0,    0,    0,    0,    0,    0,    0,    0,    0,    0,    0,    0,    0,    0,    0,    0,    0,    0,    0,    0,    0,    0,    0,    0,    0,    0,    0,    0,    0,    0,    0,    0,    0,    0,    0,    0,    0,    0,    0,    0,    0,    0,    0,    0,    0,    0,    0,    0,    0,    0,    0,    0,    0,    0,    0,    0,  -12,  -12,    0,    0,    0,    0,
       0,    0,    0,    0,    0,    0,    0,   -8,    0,    6,    0,    0,    0,    0,    0,    0,    0,    0,    0,    0,    0,    0,    0,    0,    0,    0,    0,    0,    5,    0,    0,    0,    0,    0,    0,    0,    0,    0,    0,    0,    0,    0,    0,    0,    0,    0,    0,    0,    0,    0,    0,    5,    0,    0,    0,    0,    0,    0,    0,    0,    0,    0,    0,    0,    0,    0,    0,    0,    0,    0,    0,    0,    0,    0,    0,    0,    0,    0,    0,    0,    0,    0,    0,    0,    0,    0,    0,    0,    0,    0,    0,    0,    0,    0,    0,    0,    0,    0,    0,    0,    0,    0,    0,    0,    0,    0,    0,    0,    0,    0,    0,    0,    0,    0,    0,    0,    0,    0,    0,    0,    0,    0,    0,    0,    0,    0,    0,    0,    0,    0,    0,    0,    0,    0,    0,    0,    0,    0,    0,    0,    0,    0,    0,    0,    0,    0,    0,    0,    0,    0,    0,    0,    0,    0,    0,    0,    0,    0,    0,    0,    0,
       0,  -16,    0,  -11,   -8,    0,    0,   -9,    0,  -11,    0,    0,    0,    0,    0,    0,    0,    0,    0,    0,    0,    0,    0,    0,    0,    0,    0,    0,  -12,    0,    0,    0,    0,    0,    0,    0,    0,    0,    0,    0,    0,    0,    0,    0,    0,   -6,   -5,   -7,   -6,   -7,    0,   -8,    0,    0,    0,    0,    0,    0,    0,    0,    0,    0,    0,    0,    0,    0,    0,    0,    0,    0,    0,    0,    0,    0,    0,    0,    0,    0,    0,    0,    0,    0,    0,    0,    0,    0,    0,    0,    0,    0,    0,    0,    0,    0,    0,    0,    0,    0,    0,    0,    0,    0,    0,    0,    0,    0,    0,    0,    0,    0,    0,    0,    0,    0,    0,    0,    0,    0,    0,    0,    0,    0,    0,    0,    0,    0,    0,    0,    0,    0,    0,    0,    0,    0,    0,    0,    0,    0,    0,    0,    0,    0,    0,    0,    0,    0,    0,    0,    0,    0,    0,    0,    0,    0,    0,  -14,  -14,    0,    0,    0,    0,
       0,    7,    0,   24,    0,   -4,   -4,    0,   -4,   18,    0,    0,    0,    0,    0,    0,    0,    0,    0,    0,    0,    0,    0,    0,    0,    0,    0,   36,   28,   -4,    6,   -4,   -4,   -4,    0,   -4,    3,    3,    6,   -4,   -4,   -4,   -4,    4,   -4,    0,    0,    0,    0,    0,    0,   28,    0,    0,    0,    0,   28,   38,   44,    0,   44,   44,   34,    0,    0,    0,    0,    0,    0,    0,    0,    0,    0,    0,    0,    0,    0,    0,    0,    0,    0,    0,    0,    0,    0,    0,    0,    0,    0,    0,    0,    0,    0,    0,    0,    0,    0,    0,    0,    0,    0,    0,    0,    0,    0,    0,    0,    0,    0,    0,    0,    0,    0,    0,    0,    0,    0,    0,    0,    0,    0,    0,    0,    0,    0,    0,    0,    0,    0,    0,    0,    0,    0,    0,    0,    0,    0,    0,    0,    0,    0,    0,    0,    0,    0,    0,    0,    0,    0,    0,    0,    0,    0,    0,    0,    0,    8,    0,    0,    0,    0,
       0,    0,    0,    0,    0,    0,    0,    0,    0,    0,    0,    0,    0,    0,    0,    0,    0,    0,    0,    0,    0,    0,    0,    0,    0,    0,    0,    0,    0,    0,    0,    0,    0,    0,    0,    0,    0,    8,    0,    0,    0,    0,    0,    0,    0,    0,    0,    0,    0,   -5,    0,    0,    0,    0,    0,    0,    0,    0,    0,    0,    0,    0,    0,    0,    0,    0,    0,    0,    0,    0,    0,    0,    0,    0,    0,    0,    0,    0,    0,    0,    0,    0,    0,    0,    0,    0,    0,    0,    0,    0,    0,    0,    0,    0,    0,    0,    0,    0,    0,    0,    0,    0,    0,    0,    0,    0,    0,    0,    0,    0,    0,    0,    0,    0,    0,    0,    0,    0,    0,    0,    0,    0,    0,    0,    0,    0,    0,    0,    0,    0,    0,    0,    0,    0,    0,    0,    0,    0,    0,    0,    0,    0,    0,    0,    0,    0,    0,    0,    0,    0,    0,    0,    0,    0,    0,    0,    0,    0,    0,    0,    0,
       0,  -17,    0,    0,   -8,    0,    0,    0,    0,  -10,    0,    0,    0,    0,    0,    0,    0,    0,    0,    0,    0,    0,    0,    0,    0,    0,    0,    0,    0,    0,    0,    0,    0,    0,    0,    0,    0,    0,    0,    0,    0,    0,    0,    0,    0,   -6,   -5,    0,    0,    0,    0,    0,    0,    0,    0,    0,    0,    0,    0,    0,    0,    0,    0,    0,    0,    0,    0,    0,    0,    0,    0,    0,    0,    0,    0,    0,    0,    0,    0,    0,    0,    0,    0,    0,    0,    0,    0,    0,    0,    0,    0,    0,    0,    0,    0,    0,    0,    0,    0,    0,    0,    0,    0,    0,    0,    0,    0,    0,    0,    0,    0,    0,    0,    0,    0,    0,    0,    0,    0,    0,    0,    0,    0,    0,    0,    0,    0,    0,    0,    0,    0,    0,    0,    0,    0,    0,    0,    0,    0,    0,    0,    0,    0,    0,    0,    0,    0,    0,    0,    0,    0,    0,    0,    0,    0,  -14,  -14,    0,    0,    0,    0,
       0,    0,    0,    0,    0,    0,    0,    0,    0,    0,    0,    0,    0,    0,    0,    0,    0,    0,    0,    0,    0,    0,    0,    0,    0,    0,    0,    0,    0,    0,    0,    0,    0,    0,    0,    0,    0,   -6,    0,    0,    0,    0,    0,    0,    0,   -9,   -8,   -6,   -9,    0,    0,    0,    0,    0,    0,    0,    0,    0,    0,    0,    0,    0,    0,    0,    0,    0,    0,  -13,    0,  -10,    0,    0,    0,    0,    0,    0,    0,    0,    0,    0,    0,    0,    0,    0,    0,    0,    0,    0,    0,    0,    0,    0,    0,    0,    0,    0,    0,    0,    0,    0,    0,    0,    0,    0,    0,    0,    0,    0,    0,    0,    0,    0,    0,    0,    0,    0,    0,    0,    0,    0,    0,    0,    0,    0,    0,    0,    0,    0,    0,    0,    0,    0,    0,    0,    0,    0,    0,    0,    0,    0,    0,    0,    0,    0,    0,    0,    0,    0,    0,    0,    0,    0,    0,    0,    0,    0,    0,    0,    0,    0,    0,
       0,    0,    0,    0,    0,    0,    0,    0,    0,    0,    0,  -14,    0,    0,  -25,    0,    0,    0,    0,    0,    0,    0,    0,  -12,   -6,   -6,    0,    0,    0,   -9,   -5,    0,    0,    0,   -5,    0,   -5,   -5,    0,   -5,    0,    0,    0,    0,    0,    0,    0,    0,    0,    0,    0,    0,    0,    0,  -23,   -5,   -5,   -5,   -5,    0,   -5,   -5,   -5,   -5,    0,    0,   -7,    0,    0,    0,    0,    0,    0,    0,    0,    0,    0,    0,    0,    0,    0,    0,    0,    0,    0,    0,    0,    0,    0,    0,    0,    0,    0,    0,    0,    0,    0,    0,    0,    0,    0,    0,    0,    0,    0,    0,    0,    0,    0,    0,    0,    0,    0,    0,    0,    0,    0,    0,    0,    0,    0,    0,    0,    0,    0,    0,    0,    0,    0,    0,    0,    0,    0,    0,    0,    0,    0,    0,    0,    0,    0,    0,    0,    0,    0,    0,    0,    0,    0,    0,    0,    0,    0,    0,    0,    0,    0,    0,    0,    0,    0,
       0,    0,    0,    0,    0,    0,    0,    0,    0,    0,    0,    0,    0,    0,    0,    0,    0,    0,    0,    0,    0,   -6,    0,    0,   -8,    0,    0,    0,    0,    0,    0,    0,    0,    0,    0,    0,    0,    0,    0,    0,    0,    0,    0,    0,    0,    0,    0,    0,    0,    0,    0,    0,    0,    0,    0,    0,    0,    0,    0,    0,    0,    0,    0,   -5,    0,    0,    0,    0,   -6,    0,    0,    0,    0,    0,    0,    0,    0,    0,    0,    0,    0,    0,    0,    0,    0,    0,    0,    0,    0,    0,    0,    0,    0,    0,    0,    0,    0,    0,    0,    0,    0,    0,    0,    0,    0,    0,    0,    0,    0,    0,    0,    0,    0,    0,    0,    0,    0,    0,    0,    0,    0,    0,    0,    0,    0,    0,    0,    0,    0,    0,    0,    0,    0,    0,    0,    0,    0,    0,    0,    0,    0,    0,    0,    0,    0,    0,    0,    0,    0,    0,    0,    0,    0,    0,    0,    0,    0,    0,    0,    0,    0,
       0,   -6,   -8,    0,   -5,    4,    0,    0,    0,    0,   -6,    0,    0,    0,    0,    0,    0,    0,    0,    0,    0,    0,    0,    0,    0,    0,   -7,    0,  -17,    0,    0,    0,    0,    0,    0,    0,    0,    0,    0,    0,    0,    0,    0,    0,    0,    0,    0,    0,    0,    0,   -8,   -9,   -9,    0,    0,    0,    0,    0,    0,    0,    0,    0,    0,    0,    0,    0,    0,    0,    0,    0,    0,  -11,    0,    6,    0,    0,    7,    0,    0,    0,    0,  -11,  -11,    0,    0,    0,    0,    0,   -6,    0,    0,    0,   -6,    0,    0,    0,    0,   -7,    0,   -6,   -6,  -10,   -7,    4,   -7,    0,   -6,    0,    0,    0,    0,    0,    0,    0,    0,    0,   -6,    0,   -9,   -4,    0,  -10,    0,    0,    0,    0,   -8,    0,    0,    0,   -7,    0,    0,    0,    0,    0,    0,    0,    0,    0,    0,    0,    0,    0,    0,    0,    0,    0,    0,    0,    0,    0,    0,    0,    0,   -5,    0,    0,    0,    0,    0,
      -5,  -15,    0,   -7,  -12,   -5,    6,   -6,   -5,   -4,    0,    0,    0,    0,    0,    0,    0,    0,    0,    0,    0,    0,    0,    0,    0,    0,   -7,    0,  -16,    0,    0,    0,    0,    0,    0,    0,    0,    0,    0,    0,    0,    0,    0,    0,    0,    0,    0,    0,    0,    0,    0,  -10,    0,    0,    0,    0,    0,    0,    0,    0,    0,    0,    0,    0,    0,    0,    0,    0,    0,    0,    0,    0,    0,    0,    0,   -4,    0,    0,   -8,    0,    0,    0,    0,   -7,   -9,    0,   -8,    0,    0,    0,    0,    0,    0,   -7,   -4,    0,    0,    0,    0,    0,  -14,   -6,    0,   -6,    0,    0,  -14,    0,    0,    0,    0,    0,    0,    0,    0,    0,  -13,   -4,    0,    0,    0,   -6,    0,   -7,    0,    0,    0,    0,   -4,    0,  -12,   -4,    0,    0,    0,    0,    0,    0,    0,    0,    0,    0,    0,    0,    0,    0,    0,    0,    0,    0,    0,    0,    0,    0,    0,    0,    0,    0,    0,    0,    0,
       0,    0,  -11,    5,    0,  -30,  -20,  -34,  -34,    9,  -20,    0,    0,    0,    0,    0,    0,    0,    0,    0,    0,    0,    0,    0,    0,    0,    0,    0,  -13,    0,    0,    0,    0,    0,    0,    0,    0,    0,    0,    0,    0,    0,    0,    0,    0,    0,    0,    0,    0,    0,  -10,    0,  -34,  -30,    0,    0,    0,    0,    0,    0,    0,    0,    0,    0,    0,    0,    0,    0,    0,    0,   10,  -11,    0,  -44,  -26,    8,  -26,  -26,    0,    0,    0,  -11,  -11,    6,    0,    7,    0,  -39,    0,  -36,  -37,  -46,  -46,  -30,  -32,  -45,  -42,  -46,  -37,  -46,  -25,  -25,  -32,  -26,  -30,  -37,  -25,  -31,  -44,   11,  -46,  -42,    0,   17,    0,   11,    0,  -30,   -9,  -48,    0,  -25,    0,    0,  -37,  -39,    0,  -39,  -53,    0,  -26,  -45,    0,    0,    0,    0,    0,    0,    0,    0,    0,    0,    0,    0,    0,    0,    0,    0,    0,    0,    0,    0,    0,    0,    0,    0,    0,  -27,    0,    0,    0,
       0,    0,   -9,    0,    0,    9,  -12,    0,    0,    6,   -7,    0,    0,    0,    0,    0,    0,    0,    0,    0,    0,    0,    0,    0,    0,    0,   -4,    0,    0,    0,    0,    0,    0,    0,    0,    0,    0,    0,    0,    0,    0,    0,    0,    0,    0,    0,    0,    0,    0,    0,  -11,    0,  -18,    0,    0,    0,    0,    0,    0,    0,    0,    0,    0,    0,    0,    0,    0,    0,    0,    0,    7,   -8,    0,    8,    7,    0,    9,    7,    0,    0,    0,   -8,   -8,    5,    0,    0,    0,    0,   -6,    0,    0,    7,   -6,    6,    0,    8,    0,   -6,    0,   -6,  -13,   -6,   -6,    6,  -19,    0,  -13,    0,    0,    8,    0,    0,    0,    0,    0,    8,    0,    0,  -12,   -4,    7,   -6,    0,    0,  -20,    0,   -5,    0,    0,    0,  -14,    0,    0,    0,    0,    0,    0,    0,    0,    0,    0,    0,    0,    0,    0,    0,    0,    0,    0,    0,    0,    0,    0,    0,    0,    0,    5,    7,    0,    0,    0,
       0,   -5,    0,    0,   -7,    0,    0,    0,    0,    0,    0,    0,    0,    0,    0,    0,    0,    0,    0,    0,    0,    0,    0,    0,    0,    0,    0,    0,    0,    0,    0,    0,    0,    0,    0,    0,    0,    0,    0,    0,    0,    0,    0,    0,    0,    0,    0,    0,    0,    0,    0,    0,    0,    0,    0,    0,    0,    0,    0,    0,    0,    0,    0,    0,    0,    0,    0,    0,    0,    0,    0,    0,    0,    0,    0,    0,    0,    0,    0,    0,    0,    0,    0,    0,    0,    0,    0,    0,    0,    0,    0,    0,    0,    0,    0,    0,    0,    0,    0,    0,  -18,   -6,    0,    0,    0,    0,  -13,    0,    0,    0,    0,    0,    0,    0,    0,    0,  -10,    0,    0,    0,    0,   -6,    0,    0,    0,    0,    0,    0,    0,    0,   -8,    0,    0,    0,    0,    0,    0,    0,    0,    0,    0,    0,    0,    0,    0,    0,    0,    0,    0,    0,    0,    0,    0,    0,    0,    0,    0,    0,    0,    0,    0,
      -6,  -30,   -8,   -9,  -14,    0,    0,    0,    0,  -12,   -5,    0,    0,    0,    0,    0,    0,    0,    0,    0,    0,    0,    0,    0,    0,    0,   -8,    0,  -21,    0,    0,    0,    0,    0,    0,    0,    0,    0,    0,    0,    0,    0,    0,    0,    0,    0,    0,    0,    0,    0,    0,  -14,    0,    0,    0,    0,    0,    0,    0,    0,    0,    0,    0,    0,    0,    0,    0,    0,    0,    0,  -20,   -5,    0,    0,    0,    0,    0,    0,    0,    0,    0,   -5,   -6,    0,  -12,    0,    0,    0,   -5,    0,    0,    0,    0,    0,    0,    0,    0,    0,    0,    0,  -15,   -9,    0,    0,    0,    0,  -14,    0,    0,   -6,    0,    0,   -8,   -8,   -8,   -6,  -15,   -4,   -5,    0,    0,   -8,   -5,   -8,    0,    0,   -4,    0,    0,    0,  -15,    0,    0,    0,    0,    0,    0,    0,    0,    0,    0,    0,    0,    0,    0,    0,    0,    0,    0,    0,    0,    0,    0,    0,    0,    0,    0,    0,    0,    0,    0,
       0,    0,   -7,    0,  -13,    6,  -19,    7,    0,    4,   -8,    0,    0,    0,    0,    0,    0,    0,    0,    0,    0,    0,    0,    0,    0,    0,    0,    0,  -10,    0,    0,    0,    0,    0,    0,    0,    0,    0,    0,    0,    0,    0,    0,    0,    0,    0,    0,    0,    0,    0,   -8,    0,  -24,    0,    0,    0,    0,    0,    0,    0,    0,    0,    0,    0,    0,    0,    0,    0,    0,    0,    7,  -14,    0,   10,   10,    0,   14,   11,    9,    6,    0,  -14,  -14,   10,    0,    8,    7,    0,  -10,    0,    0,   11,   -8,   11,    0,   10,    0,   -8,    0,   -8,  -16,  -19,  -11,   11,  -24,    0,   -9,    8,    8,    8,   -8,    6,    0,    0,    0,    8,   -9,    0,  -17,   -8,    0,  -19,    0,  -15,  -24,    0,   -8,   -6,    0,    7,  -20,    0,    0,    0,    0,    0,    0,    0,    0,    0,    0,    0,    0,    0,    0,    0,    0,    0,    0,    0,    0,    0,    0,    0,    0,    0,    0,    6,    0,    0,    0,
       0,    6,  -13,    6,    0,  -30,   -4,  -27,   -8,   10,  -15,    0,    0,    0,    0,    0,    0,    0,    0,    0,    0,    0,    0,    0,    0,    0,    0,    0,  -11,    0,    0,    0,    0,    0,    0,    0,    0,    0,    0,    0,    0,    0,    0,    0,    0,    0,    0,    0,    0,    0,  -10,    0,  -17,   -4,    0,    0,    0,    0,    0,    0,    0,    0,    0,    0,    0,    0,    0,    0,    0,    0,   11,   -7,    0,  -32,  -25,   10,  -25,  -24,    6,    0,   -2,   -7,   -7,    8,    0,    8,    0,  -10,   -7,   -7,   -8,  -25,  -15,    0,    0,  -25,  -12,  -15,   -8,  -15,    0,    0,  -16,    0,    0,   -8,    0,    0,  -12,   13,  -15,   -8,    0,   16,    0,   13,    0,    0,   -8,  -15,    0,    0,    0,    0,    0,  -10,    0,  -10,    0,    0,    0,    0,    0,    0,    0,    0,    0,    0,    0,    0,    0,    0,    0,    0,    0,    0,    0,    0,    0,    0,    0,    0,    0,    0,    0,    8,   10,  -30,    0,    0,    0,
       0,  -31,   -8,    0,  -25,   10,    0,    7,    0,    0,   -6,    0,    0,    0,    0,    0,    0,    0,    0,    0,    0,    0,    0,    0,    0,    0,    0,    0,  -11,    0,    0,    0,    0,    0,    0,    0,    0,    0,    0,    0,    0,    0,    0,    0,    0,    0,    0,    0,    0,    0,   -8,   -4,   -8,    0,    0,    0,    0,    0,    0,    0,    0,    0,    0,    0,    0,    0,    0,    0,    0,    0,  -26,   -8,    6,   10,   10,    0,   13,   10,    9,    6,    0,   -8,   -8,   10,  -20,    8,    6,    0,   -6,    0,    0,   10,   -5,   11,    0,   10,    0,   -5,    0,   -5,  -15,   -6,   -5,   10,  -11,    0,  -10,    7,    8,    0,    0,    6,    0,    0,    0,    0,  -10,    0,   -9,    0,  -32,   -8,    0,  -14,   -7,    0,   -6,    0,    0,    8,  -14,    0,    0,    0,    0,    0,    0,    0,    0,    0,    0,    0,    0,    0,    0,    0,    0,    0,    0,    0,    0,    0,    0,    0,    0,  -28,  -27,   10,    0,    0,    0,
       0,   -4,   -4,  -10,   -4,   -4,    0,   -8,   -4,   -8,    0,    0,    0,    0,    0,    0,    0,    0,    0,    0,    0,    0,    0,    0,    0,    0,   -5,    0,  -14,    0,    0,    0,    0,    0,    0,    0,    0,    0,    0,    0,    0,    0,    0,    0,    0,    0,    0,    0,    0,    0,    0,   -9,    0,    0,    0,    0,    0,    0,    0,    0,    0,    0,    0,    0,    0,    0,    0,    0,    0,    0,    0,    0,    0,    0,    0,   -5,    0,    0,   -8,    0,    0,    0,   -4,   -8,   -7,    0,   -6,    0,    0,    0,    0,    0,    0,    0,   -4,    0,    0,    0,    0,    0,    0,    0,    0,    0,    0,    0,    0,    0,    0,    0,    0,    0,    0,    0,   -4,    0,    0,    0,    0,    0,  -10,    0,    0,    0,    0,    0,    0,    0,   -4,    0,    0,   -4,    0,    0,    0,    0,    0,    0,    0,    0,    0,    0,    0,    0,    0,    0,    0,    0,    0,    0,    0,    0,    0,    0,    0,    0,    0,    0,    0,    0,    0,
       0,   -5,    0,   10,   -7,    7,    0,   17,    0,    0,    0,    0,    0,    0,    0,    0,    0,    0,    0,    0,    0,    0,    0,    0,    0,    0,    0,    0,   10,    0,    0,    0,    0,    0,    0,    0,    0,    0,    0,    0,    0,    0,    0,    0,    0,    0,    0,    0,    0,    0,   -6,   10,   -6,    0,    0,    0,    0,    0,    0,    0,    0,    0,    0,    0,    0,    0,    0,    0,    0,    0,    0,   -7,    0,   10,    9,    0,   10,    8,    7,    6,    0,   -7,  -10,    7,  -11,    7,    0,    0,    0,    0,    0,    8,    0,    8,    0,    9,    0,    0,    0,    0,    0,   12,    0,    8,   -8,    0,    0,    0,    6,    0,    0,    0,    0,    0,   26,    0,    0,    0,  -10,    0,    0,    0,    0,    0,    0,    0,   -4,    0,    0,    7,   12,    0,    0,    0,    0,    0,    0,    0,    0,    0,    0,    0,    0,    0,    0,    0,    0,    0,    0,    0,    0,    0,    0,    0,    0,    0,    0,    0,    0,    0,    0,
       0,   -5,   -5,  -10,    0,    0,    0,   -6,   -4,   -5,    0,    0,    0,    0,    0,    0,    0,    0,    0,    0,    0,    0,    0,    0,    0,    0,   -5,    0,  -15,    0,    0,    0,    0,    0,    0,    0,    0,    0,    0,    0,    0,    0,    0,    0,    0,    0,    0,    0,    0,    0,    0,  -11,    0,    0,    0,    0,    0,    0,    0,    0,    0,    0,    0,    0,    0,    0,    0,    0,    0,    0,    0,    0,    0,    0,    0,   -4,    0,    0,   -6,    0,    0,    0,   -5,   -6,   -6,    0,   -6,    0,    0,    0,    0,    0,    0,    0,    0,    0,    0,    0,    0,    0,    0,    0,    0,    0,    0,    0,    0,    0,    0,    0,    0,    0,    0,    0,   -4,    0,    0,    0,    0,    0,    0,    0,    0,    0,    0,    0,    0,    0,    0,    0,    0,    0,    0,    0,    0,    0,    0,    0,    0,    0,    0,    0,    0,    0,    0,    0,    0,    0,    0,    0,    0,    0,    0,    0,    0,    0,    0,    0,    0,    0,    0,
       0,   -6,   -6,   -8,   -6,    0,    0,    0,    0,   -5,   -5,    0,    0,    0,    0,    0,    0,    0,    0,    0,    0,    0,    0,    0,    0,    0,   -4,    0,  -14,    0,    0,    0,    0,    0,    0,    0,    0,    0,    0,    0,    0,    0,    0,    0,    0,    0,    0,    0,    0,    0,    0,   -9,    0,    0,    0,    0,    0,    0,    0,    0,    0,    0,    0,    0,    0,    0,    0,    0,    0,    0,    0,    0,    0,    0,    0,   -2,    0,    0,    0,    0,    0,    0,    0,    0,    0,    0,    0,    0,    0,    0,    0,    0,    0,    0,    0,    0,    0,    0,    0,    0,    0,    0,   -4,    0,   -5,    0,    0,    0,    0,    0,    0,    0,    0,    0,    0,    0,    0,    0,    0,    0,   -3,    0,    0,    0,    0,    0,    0,    0,    0,    0,    0,    0,    0,    0,    0,    0,    0,    0,    0,    0,    0,    0,    0,    0,    0,    0,    0,    0,    0,    0,    0,    0,    0,    0,    0,    0,    0,    0,    0,    0,    0,
      -6,   -9,   -5,  -11,    0,  -13,    6,  -17,    0,  -14,   -4,    0,    0,    0,    0,    0,    0,    0,    0,    0,    0,    0,    0,    0,    0,    0,   -4,    0,  -17,    0,    0,    0,    0,    0,    0,    0,    0,    0,    0,    0,    0,    0,    0,    0,    0,    0,    0,    0,    0,    0,    0,  -12,    0,    0,    0,    0,    0,    0,    0,    0,    0,    0,    0,    0,    0,    0,    0,    0,    0,    0,  -11,    0,    0,   -9,   -9,  -14,   -8,   -8,  -19,  -12,    0,    0,    0,  -10,    0,  -12,    0,   -5,    0,    0,    0,  -10,    0,   -4,   -5,  -11,    0,    0,    0,    0,    0,    0,    0,    0,    0,    0,    0,    0,    0,   -4,    0,    0,   -5,   -5,   -6,    0,    0,    0,    0,    0,  -16,    0,    0,    0,    0,    0,    0,    0,   -5,  -11,    0,   -5,    0,    0,    0,    0,    0,    0,    0,    0,    0,    0,    0,    0,    0,    0,    0,    0,    0,    0,    0,    0,    0,    0,    0,   -6,   -4,  -12,    0,    0,    0,
      -4,    0,   -5,  -10,    0,  -36,    0,  -25,    0,    0,    0,    0,    0,    0,    0,    0,    0,    0,    0,    0,    0,    0,    0,    0,    0,    0,   -6,    0,  -16,    0,    0,    0,    0,    0,    0,    0,    0,    0,    0,    0,    0,    0,    0,    0,    0,    0,    0,    0,    0,    0,    0,  -10,   -7,    0,    0,    0,    0,    0,    0,    0,    0,    0,    0,    0,    0,    0,    0,    0,    0,    0,    0,    0,    0,  -37,  -29,    0,  -20,  -28,  -11,   -6,    0,    0,    0,   -7,    0,    0,    0,   -8,    0,    0,    0,  -18,    0,    0,    0,  -19,   -5,    0,    0,    0,    0,    4,    0,    0,    0,    0,    0,    0,    0,    0,    0,    0,    0,    0,    0,    0,    0,    6,    0,    0,    0,    4,    0,    6,    0,   -5,    0,    0,    0,    0,    0,    0,    0,    0,    0,    0,    0,    0,    0,    0,    0,    0,    0,    0,    0,    0,    0,    0,    0,    0,    0,    0,    0,    0,    0,    0,    4,  -46,    0,    0,    0,
       0,    0,  -11,    5,    0,  -30,  -20,  -34,  -34,    9,  -20,    0,    0,    0,    0,    0,    0,    0,    0,    0,    0,    0,    0,    0,    0,    0,    0,    0,  -13,    0,    0,    0,    0,    0,    0,    0,    0,    0,    0,    0,    0,    0,    0,    0,    0,    0,    0,    0,    0,    0,  -10,    0,  -34,  -30,    0,    0,    0,    0,    0,    0,    0,    0,    0,    0,    0,    0,    0,    0,    0,    0,   10,  -11,    0,  -26,  -26,    8,  -26,  -26,    0,    0,    0,  -11,  -11,    6,    0,    7,    0,  -18,    0,  -30,  -30,  -28,  -22,  -28,  -33,  -27,  -30,  -22,  -16,  -22,  -25,   -9,  -22,   -7,  -30,  -30,  -25,  -31,  -30,   11,  -31,  -31,    0,   17,    0,   11,    0,  -27,   -9,  -31,   12,   -9,    0,    0,  -27,  -32,    0,  -32,  -54,    0,  -26,  -45,    0,    0,    0,    0,    0,    0,    0,    0,    0,    0,    0,    0,    0,    0,    0,    0,    0,    0,    0,    0,    0,    0,    0,    0,    0,  -27,    0,    0,    0,
      -6,   -9,   -5,  -11,    0,  -13,    0,  -17,    0,  -14,   -4,    0,    0,    0,    0,    0,    0,    0,    0,    0,    0,    0,    0,    0,    0,    0,   -4,    0,  -17,    0,    0,    0,    0,    0,    0,    0,    0,    0,    0,    0,    0,    0,    0,    0,    0,    0,    0,    0,    0,    0,    0,  -12,    0,    0,    0,    0,    0,    0,    0,    0,    0,    0,    0,    0,    0,    0,    0,    0,    0,    0,  -11,    0,    0,  -22,  -23,  -15,   -8,  -22,  -24,  -18,    0,    0,    0,  -10,    0,  -16,    0,   -7,    0,   -6,   -5,  -16,    0,   -4,   -4,  -17,   -7,    0,   -6,    0,    0,    0,    0,    0,    0,   -5,    0,    0,    0,   -6,    0,    0,   -6,   -6,   -6,   -6,    0,    0,    0,    0,    0,    0,   -6,    0,    0,   -7,    0,    0,   -4,  -23,    0,   -4,    0,    0,    0,    0,    0,    0,    0,    0,    0,    0,    0,    0,    0,    0,    0,    0,    0,    0,    0,    0,    0,    0,    0,   -6,   -4,  -12,    0,    0,    0,
       0,    0,  -10,    0,  -10,    5,  -11,    4,    0,    0,  -10,    0,    0,    0,    0,    0,    0,    0,    0,    0,    0,    0,    0,    0,    0,    0,    0,    0,  -14,    0,    0,    0,    0,    0,    0,    0,    0,    0,    0,    0,    0,    0,    0,    0,    0,    0,    0,    0,    0,    0,  -10,    0,  -19,    0,    0,    0,    0,    0,    0,    0,    0,    0,    0,    0,    0,    0,    0,    0,    0,    0,    5,  -10,    0,    0,    0,    0,   11,    0,    0,    0,    0,  -10,  -10,    7,    0,    0,    0,    0,  -11,    0,    0,    8,   -7,    8,    0,    8,    0,   -7,    0,   -7,  -12,   -3,   -7,    8,  -18,    0,  -12,    0,    0,    7,   -8,    0,    0,    0,    0,    7,  -11,    0,    0,   -9,    8,   -4,    0,    0,  -19,    0,    0,   -7,    0,    0,  -13,    0,    0,    0,    0,    0,    0,    0,    0,    0,    0,    0,    0,    0,    0,    0,    0,    0,    0,    0,    0,    0,    0,    0,    0,    0,    0,    4,    0,    0,    0,
       0,   -5,    0,   10,   -7,    7,    0,   17,    0,    0,    0,    0,    0,    0,    0,    0,    0,    0,    0,    0,    0,    0,    0,    0,    0,    0,    0,    0,   10,    0,    0,    0,    0,    0,    0,    0,    0,    0,    0,    0,    0,    0,    0,    0,    0,    0,    0,    0,    0,    0,   -6,   10,   -6,    0,    0,    0,    0,    0,    0,    0,    0,    0,    0,    0,    0,    0,    0,    0,    0,    0,    0,   -7,    0,   10,    9,    0,   10,    8,    7,    6,    0,   -7,  -10,    7,  -11,    7,    0,    0,    0,    0,    0,    8,    0,    8,    0,    9,    0,    0,    0,    0,    0,   12,    0,    8,   -8,    0,    0,    0,    6,    0,    0,    0,    0,    0,   28,    0,    0,    0,  -10,    0,    0,    0,    0,    0,    0,    0,   -4,    0,    0,    7,   12,    0,    0,    0,    0,    0,    0,    0,    0,    0,    0,    0,    0,    0,    0,    0,    0,    0,    0,    0,    0,    0,    0,    0,    0,    0,    0,    0,    0,    0,    0,
      -6,   -9,   -5,  -11,    0,  -13,    6,  -17,    0,  -14,   -4,    0,    0,    0,    0,    0,    0,    0,    0,    0,    0,    0,    0,    0,    0,    0,   -4,    0,  -17,    0,    0,    0,    0,    0,    0,    0,    0,    0,    0,    0,    0,    0,    0,    0,    0,    0,    0,    0,    0,    0,    0,  -12,    0,    0,    0,    0,    0,    0,    0,    0,    0,    0,    0,    0,    0,    0,    0,    0,    0,    0,  -11,    0,    0,   -9,   -8,  -14,   -8,   -8,  -18,  -12,    0,    0,    0,  -10,    0,  -11,    0,    0,    0,    0,    0,   -9,    0,    0,   -4,  -10,    0,    0,    0,    0,    0,    0,    0,    0,    0,    0,    0,    0,    0,    0,    0,    0,   -5,   -5,   -6,    0,    0,    0,    0,    0,    0,    0,    0,    0,    0,    0,    0,    0,   -4,  -11,    0,   -4,    0,    0,    0,    0,    0,    0,    0,    0,    0,    0,    0,    0,    0,    0,    0,    0,    0,    0,    0,    0,    0,    0,    0,   -6,   -4,  -12,    0,    0,    0,
       0,  -11,    0,  -10,   -8,    0,    0,    0,    0,  -11,    0,    0,    0,    0,    0,    0,    0,    0,    0,    0,    0,    0,    0,    0,    0,    0,    0,    0,  -12,    0,    0,    0,    0,    0,    0,    0,    0,    0,    0,    0,    0,    0,    0,    0,    0,    0,    0,    0,    0,    0,    0,   -8,    0,    0,    0,    0,    0,    0,    0,    0,    0,    0,    0,    0,    0,    0,    0,    0,    0,    0,    0,    0,    0,    0,    0,    0,    0,    0,    0,    0,    0,    0,    0,    0,    0,    0,    0,    0,    0,    0,    0,    0,    0,    0,    0,    0,    0,    0,    0,    0,    0,   -6,    0,    0,    0,    0,    0,    0,    0,    0,    0,    0,    0,    0,    0,    0,    0,    0,    0,    0,    0,   -6,    0,    0,    0,    0,    0,    0,    0,    0,    0,    0,    0,    0,    0,    0,    0,    0,    0,    0,    0,    0,    0,    0,    0,    0,    0,    0,    0,    0,    0,    0,    0,    0,    0,    0,  -10,    0,    0,    0,    0,
      -5,   -9,   -4,    0,   -8,   -8,    7,   -8,   -7,    0,    0,    0,    0,    0,    0,    0,    0,    0,    0,    0,    0,    0,    0,    0,    0,    0,   -7,    0,    0,    0,    0,    0,    0,    0,    0,    0,    0,    0,    0,    0,    0,    0,    0,    0,    0,    0,    0,    0,    0,    0,    0,    0,    0,    0,    0,    0,    0,    0,    0,    0,    0,    0,    0,    0,    0,    0,    0,    0,    0,    0,    0,    0,    0,    0,    0,    0,    0,    0,    0,    0,    0,    0,    0,    0,    0,    0,    0,    0,    0,    0,    0,    0,    0,   -9,   -6,    0,    0,    0,    0,    0,    0,    0,    0,   -5,    0,    0,    0,    0,    0,    0,    0,    0,    0,    0,    0,    0,    0,    0,    0,    0,    0,    0,    0,    0,    0,    0,    0,    0,   -6,    0,    0,   -6,    0,    0,    0,    0,    0,    0,    0,    0,    0,    0,    0,    0,    0,    0,    0,    0,    0,    0,    0,    0,    0,    0,    0,    0,    0,    0,    0,    0,    0,
       0,  -14,    0,   -9,   -6,    0,    0,    0,    0,   -8,    0,    0,    0,    0,    0,    0,    0,    0,    0,    0,    0,    0,    0,    0,    0,    0,    0,    0,  -11,    0,    0,    0,    0,    0,    0,    0,    0,    0,    0,    0,    0,    0,    0,    0,    0,    0,    0,    0,    0,    0,    0,   -7,    0,    0,    0,    0,    0,    0,    0,    0,    0,    0,    0,    0,    0,    0,    0,    0,    0,    0,    0,    0,    0,    0,    0,    0,    0,    0,    0,    0,    0,    0,    0,    0,    0,    0,    0,    0,    0,    0,    0,    0,    0,    0,    0,    0,    0,    0,    0,    0,    0,    0,    0,    0,    0,    0,    0,    0,    0,    0,    0,    0,    0,    0,    0,    0,    0,    0,    0,    0,    0,    0,    0,    0,    0,    0,    0,    0,    0,    0,    0,    0,    0,    0,    0,    0,    0,    0,    0,    0,    0,    0,    0,    0,    0,    0,    0,    0,    0,    0,    0,    0,    0,    0,    0,    0,    0,    0,    0,    0,    0,
       0,    0,    0,   -6,    0,  -32,  -22,  -18,    0,  -20,    0,    0,    0,    0,    0,    0,    0,    0,    0,    0,    0,    0,    0,    0,    0,    0,    0,    0,  -10,    0,    0,    0,    0,    0,    0,    0,    0,    0,    0,    0,    0,    0,    0,    0,    0,    0,    0,    0,    0,    0,   -7,   -4,   -8,    0,    0,    0,    0,    0,    0,    0,    0,    0,    0,    0,    0,    0,    0,    0,    0,    0,    0,    0,    0,    0,    0,    0,    0,    0,    0,    0,    0,    0,    0,    0,    0,    0,    0,    0,    0,    0,    0,  -18,    0,    0,    0,  -15,    0,    0,    0,    0,    9,    9,    0,    7,    0,    0,    9,    0,    0,    0,    0,    0,    0,    0,    0,    0,    0,    9,    0,    0,    0,    9,    0,    0,    9,    0,    0,    0,    0,    0,    8,    0,    0,    0,    0,    0,    0,    0,    0,    0,    0,    0,    0,    0,    0,    0,    0,    0,    0,    0,    0,    0,    0,    0,    0,    0,    0,    0,    0,    0,    0,
       0,  -12,    0,   10,    0,    0,    0,   14,    0,    0,    0,    0,    0,    0,    0,    0,    0,    0,    0,    0,    0,    0,    0,    0,    0,    0,    0,    0,    9,    0,    0,    0,    0,    0,    0,    0,    0,    0,    0,    0,    0,    0,    0,    0,    0,    0,    0,    0,    0,    0,    0,    9,    0,    0,    0,    0,    0,    0,    0,    0,    0,    0,    0,    0,    0,    0,    0,    0,    0,    0,    0,    0,    0,    0,    0,    0,    0,    0,    0,    0,    0,    0,    0,    0,    0,    0,    0,    0,    0,    0,    0,    8,    0,    8,    0,    8,    0,    0,    0,    0,    0,   10,   -4,    8,   -5,    0,    0,    0,    0,    0,    0,    0,    0,    0,    0,    0,    0,    0,    0,    0,    0,    0,    0,    0,    0,    0,    0,    0,    0,    0,   12,    0,    0,    0,    0,    0,    0,    0,    0,    0,    0,    0,    0,    0,    0,    0,    0,    0,    0,    0,    0,    0,    0,    0,    0,    0,    0,    0,    0,    0,    0,
       0,  -10,    0,  -11,   -7,   -5,    6,   -4,   -5,  -12,    0,    0,    0,    0,    0,    0,    0,    0,    0,    0,    0,    0,    0,    0,    0,    0,   -4,    0,  -12,    0,    0,    0,    0,    0,    0,    0,    0,    0,    0,    0,    0,    0,    0,    0,    0,    0,    0,    0,    0,    0,    0,   -9,    0,    0,    0,    0,    0,    0,    0,    0,    0,    0,    0,    0,    0,    0,    0,    0,    0,    0,    0,    0,    0,    0,    0,    0,    0,    0,    0,    0,    0,    0,    0,    0,    0,    0,    0,    0,    0,    0,    0,    0,    0,    0,   -5,    0,    0,    0,    0,    0,    0,   -5,    0,    0,    0,    0,    0,    0,    0,    0,    0,    0,    0,    0,    0,    0,    0,    0,    0,    0,    0,   -5,    0,    0,    0,    0,    0,    0,   -5,    0,    0,   -5,    0,    0,    0,    0,    0,    0,    0,    0,    0,    0,    0,    0,    0,    0,    0,    0,    0,    0,    0,    0,    0,    0,    0,    0,  -10,    0,    0,    0,    0,
       0,   -4,   -7,    0,    0,    0,  -11,    4,    0,    0,   -8,    0,    0,    0,    0,    0,    0,    0,    0,    0,    0,    0,    0,    0,    0,    0,    0,    0,  -10,    0,    0,    0,    0,    0,    0,    0,    0,    0,    0,    0,    0,    0,    0,    0,    0,    0,    0,    0,    0,    0,   -8,    0,  -14,    0,    0,    0,    0,    0,    0,    0,    0,    0,    0,    0,    0,    0,    0,    0,    0,    0,    0,    0,    0,    0,    0,    0,    0,    0,    0,    0,    0,    0,    0,    0,    0,    0,    0,    0,    0,    0,    0,    9,  -10,    9,    0,    8,    0,  -12,    0,  -10,    0,    0,  -12,    8,    0,    0,    0,    0,    6,    0,   -9,    0,    0,    0,    0,    0,    0,    0,    0,   -9,    0,    0,    0,    0,    0,    0,    0,   -4,    0,    0,    0,    0,    0,    0,    0,    0,    0,    0,    0,    0,    0,    0,    0,    0,    0,    0,    0,    0,    0,    0,    0,    0,    0,    0,    0,    0,    0,    0,    0,    0,    0,
       0,  -15,    0,  -10,   -7,    0,    0,    0,    0,  -10,    0,    0,    0,    0,    0,    0,    0,    0,    0,    0,    0,    0,    0,    0,    0,    0,    0,    0,  -13,    0,    0,    0,    0,    0,    0,    0,    0,    0,    0,    0,    0,    0,    0,    0,    0,    0,    0,    0,    0,    0,    0,   -9,    0,    0,    0,    0,    0,    0,    0,    0,    0,    0,    0,    0,    0,    0,    0,    0,    0,    0,    0,    0,    0,    0,    0,    0,    0,    0,    0,    0,    0,    0,    0,    0,    0,    0,    0,    0,    0,    0,    0,    0,    0,    0,    0,    0,    0,    0,    0,    0,    0,    0,    0,    0,    0,    0,    0,    0,    0,    0,    0,    0,    0,    0,    0,    0,    0,    0,    0,    0,    0,    0,    0,    0,    0,    0,    0,    0,    0,    0,    0,    0,    0,    0,    0,    0,    0,    0,    0,    0,    0,    0,    0,    0,    0,    0,    0,    0,    0,    0,    0,    0,    0,    0,    0,    0,    0,    0,    0,    0,    0,
       0,    0,   -6,    0,    0,    0,  -11,    4,    0,    0,   -8,    0,    0,    0,    0,    0,    0,    0,    0,    0,    0,    0,    0,    0,    0,    0,    0,    0,  -10,    0,    0,    0,    0,    0,    0,    0,    0,    0,    0,    0,    0,    0,    0,    0,    0,    0,    0,    0,    0,    0,   -8,    0,  -14,    0,    0,    0,    0,    0,    0,    0,    0,    0,    0,    0,    0,    0,    0,    0,    0,    0,    0,    0,    0,    0,    0,    0,    0,    0,    0,    0,    0,    0,    0,    0,    0,    0,    0,    0,    0,    0,    0,    9,  -10,    9,    0,    8,    0,  -12,    0,  -10,    0,    0,  -12,    8,    0,    0,    0,    0,    6,    0,   -9,    0,    0,    0,    0,    0,    0,    0,    0,  -10,    0,    0,    0,    0,    0,    0,    0,    0,    0,    0,    0,    0,    0,    0,    0,    0,    0,    0,    0,    0,    0,    0,    0,    0,    0,    0,    0,    0,    0,    0,    0,    0,    0,    0,    0,    0,    0,    0,    0,    0,    0,
       0,  -13,    0,  -11,   -8,   -8,    7,   -9,   -7,  -12,    0,    0,    0,    0,    0,    0,    0,    0,    0,    0,    0,    0,    0,    0,    0,    0,    0,    0,  -12,    0,    0,    0,    0,    0,    0,    0,    0,    0,    0,    0,    0,    0,    0,    0,    0,    0,    0,    0,    0,    0,    0,   -8,    0,    0,    0,    0,    0,    0,    0,    0,    0,    0,    0,    0,    0,    0,    0,    0,    0,    0,    0,    0,    0,    0,    0,    0,    0,    0,    0,    0,    0,    0,    0,    0,    0,    0,    0,    0,    0,    0,    0,    0,    0,   -9,   -7,    0,    0,    0,    0,    0,    0,   -6,    0,   -7,    0,    0,    0,   -4,    0,    0,    0,    0,    0,    0,    0,    0,    0,    0,    0,    0,    0,   -6,    0,    0,    0,    0,    0,    0,   -7,    0,    0,   -7,    0,    0,    0,    0,    0,    0,    0,    0,    0,    0,    0,    0,    0,    0,    0,    0,    0,    0,    0,    0,    0,    0,    0,   -9,  -11,    0,    0,    0,    0,
       0,  -13,   -4,  -11,   -8,   -8,    7,   -9,   -7,  -11,    0,    0,    0,    0,    0,    0,    0,    0,    0,    0,    0,    0,    0,    0,    0,    0,   -8,    0,  -12,    0,    0,    0,    0,    0,    0,    0,    0,    0,    0,    0,    0,    0,    0,    0,    0,    0,    0,    0,    0,    0,    0,   -8,    0,    0,    0,    0,    0,    0,    0,    0,    0,    0,    0,    0,    0,    0,    0,    0,    0,    0,    0,    0,    0,    0,    0,    0,    0,    0,    0,    0,    0,    0,    0,    0,    0,    0,    0,    0,    0,    0,    0,    0,    0,   -9,   -6,    0,    0,    0,    0,    0,    0,   -6,    0,   -7,    0,    0,    0,    0,    0,   -4,    0,    0,    0,    0,    0,    0,    0,    0,    0,    0,    0,   -6,    0,    0,    0,    0,    0,    0,   -6,    0,    0,   -6,    0,    0,    0,    0,    0,    0,    0,    0,    0,    0,    0,    0,    0,    0,    0,    0,    0,    0,    0,    0,    0,    0,    0,   -9,  -11,    0,    0,    0,    0,
       0,    0,    0,    0,    0,    4,  -13,    0,    0,    0,    0,    0,    0,    0,    0,    0,    0,    0,    0,    0,    0,    0,    0,    0,    0,    0,    0,    0,  -11,    0,    0,    0,    0,    0,    0,    0,    0,    0,    0,    0,    0,    0,    0,    0,    0,    0,    0,    0,    0,    0,   -8,   -5,  -12,    0,    0,    0,    0,    0,    0,    0,    0,    0,    0,    0,    0,    0,    0,    0,    0,    0,    0,    0,    0,    0,    0,    0,    0,    0,    0,    0,    0,    0,    0,    0,    0,    0,    0,    0,    0,    0,    0,    8,    0,    8,    0,    8,    0,   -5,    0,    0,    6,    4,   -5,    6,    0,    0,    6,    0,    0,    0,    0,    0,    0,    0,    0,    0,    0,    0,    0,    0,    0,    4,    0,    0,    0,    0,    0,    0,    0,    0,    0,    0,    0,    0,    0,    0,    0,    0,    0,    0,    0,    0,    0,    0,    0,    0,    0,    0,    0,    0,    0,    0,    0,    0,    0,    0,    0,    0,    0,    0,    0,
       0,    0,    0,   -5,    0,  -20,  -12,  -18,    0,  -20,    0,    0,    0,    0,    0,    0,    0,    0,    0,    0,    0,    0,    0,    0,    0,    0,    0,    0,  -10,    0,    0,    0,    0,    0,    0,    0,    0,    0,    0,    0,    0,    0,    0,    0,    0,    0,    0,    0,    0,    0,   -7,   -4,   -8,    0,    0,    0,    0,    0,    0,    0,    0,    0,    0,    0,    0,    0,    0,    0,    0,    0,    0,    0,    0,    0,    0,    0,    0,    0,    0,    0,    0,    0,    0,    0,    0,    0,    0,    0,    0,    0,    0,  -14,    0,    0,    0,  -15,    0,    0,    0,    0,    9,    9,    0,    7,    0,    0,    9,    0,    0,    0,    0,    0,    0,    0,    0,    0,    0,    9,    0,    0,    0,    9,    0,    0,    9,    0,    0,    0,    0,    0,    8,    0,    0,    0,    0,    0,    0,    0,    0,    0,    0,    0,    0,    0,    0,    0,    0,    0,    0,    0,    0,    0,    0,    0,    0,    0,    0,    0,    0,    0,    0,
       0,    0,    0,   -6,    0,   -9,    0,  -12,    0,  -13,    0,    0,    0,    0,    0,    0,    0,    0,    0,    0,    0,    0,    0,    0,    0,    0,    0,    0,  -11,    0,    0,    0,    0,    0,    0,    0,    0,    0,    0,    0,    0,    0,    0,    0,    0,    0,    0,    0,    0,    0,    0,   -4,    0,    0,    0,    0,    0,    0,    0,    0,    0,    0,    0,    0,    0,    0,    0,    0,    0,    0,    0,    0,    0,    0,    0,    0,    0,    0,    0,    0,    0,    0,    0,    0,    0,    0,    0,    0,    0,    0,    0,  -10,   -5,    0,    0,  -11,    0,   -5,    0,   -5,    8,    7,   -5,    5,    0,    0,    8,    0,    0,    0,    0,    0,    0,    0,    0,    0,    0,    7,    0,    0,    0,    7,    0,    0,    0,    0,    0,    0,    0,    0,    8,    0,    0,    0,    0,    0,    0,    0,    0,    0,    0,    0,    0,    0,    0,    0,    0,    0,    0,    0,    0,    0,    0,    0,    0,    0,    4,  -12,    0,    0,    0,
      -8,  -13,    0,  -11,   -8,  -10,    7,   -9,   -9,  -12,    0,    0,    0,    0,    0,    0,    0,    0,    0,    0,    0,    0,    0,    0,    0,    0,   -7,    0,  -12,    0,    0,    0,    0,    0,    0,    0,    0,    0,    0,    0,    0,    0,    0,    0,    0,    0,    0,    0,    0,    0,    0,   -8,    0,    0,    0,    0,    0,    0,    0,    0,    0,    0,    0,    0,    0,    0,    0,    0,    0,    0,    0,    0,    0,    0,    0,    0,    0,    0,    0,    0,    0,    0,    0,    0,    0,    0,    0,    0,    0,    0,    0,    0,    0,  -11,   -9,   -5,    0,    0,    0,    0,    0,   -6,    0,   -7,    0,    0,    0,   -6,    0,   -4,    0,    0,    0,    0,    0,    0,    0,    0,    0,    0,    0,    0,    0,    0,    0,    0,    0,    0,   -9,    0,   -4,   -9,    0,    0,    0,    0,    0,    0,    0,    0,    0,    0,    0,    0,    0,    0,    0,    0,    0,    0,    0,    0,    0,    0,    0,   -9,  -11,    0,    0,    0,    0,
       0,    0,   -6,    0,    0,    0,   -6,    0,    0,   -4,   -5,    0,    0,    0,    0,    0,    0,    0,    0,    0,    0,    0,    0,    0,    0,    0,    0,    0,  -11,    0,    0,    0,    0,    0,    0,    0,    0,    0,    0,    0,    0,    0,    0,    0,    0,    0,    0,    0,    0,    0,   -8,   -4,  -12,    0,    0,    0,    0,    0,    0,    0,    0,    0,    0,    0,    0,    0,    0,    0,    0,    0,    0,    0,    0,    0,    0,    0,    0,    0,    0,    0,    0,    0,    0,    0,    0,    0,    0,    0,    0,    0,    0,    8,   -8,    9,    0,    8,    0,   -8,    0,   -8,    0,    0,   -8,    7,    0,    0,    0,    0,    0,    0,   -6,    0,    0,    0,    0,    0,    0,    0,    0,   -6,    0,    0,    0,    0,    0,    0,    0,    0,    0,    0,    0,    0,    0,    0,    0,    0,    0,    0,    0,    0,    0,    0,    0,    0,    0,    0,    0,    0,    0,    0,    0,    0,    0,    0,    0,    0,    0,    0,    0,    0,    0,
       0,  -12,    0,   10,    0,    0,    0,   14,    0,    0,    0,    0,    0,    0,    0,    0,    0,    0,    0,    0,    0,    0,    0,    0,    0,    0,    0,    0,    9,    0,    0,    0,    0,    0,    0,    0,    0,    0,    0,    0,    0,    0,    0,    0,    0,    0,    0,    0,    0,    0,    0,    9,    0,    0,    0,    0,    0,    0,    0,    0,    0,    0,    0,    0,    0,    0,    0,    0,    0,    0,    0,    0,    0,    0,    0,    0,    0,    0,    0,    0,    0,    0,    0,    0,    0,    0,    0,    0,    0,    0,    0,    8,    0,    8,    0,    8,    0,    0,    0,    0,    0,   10,   -4,    8,   -5,    0,    0,    0,    0,    0,    0,    0,    0,    0,   34,    0,    0,    0,    0,    0,    0,    0,    0,    0,    0,    0,    0,    0,    0,    0,   12,    0,    0,    0,    0,    0,    0,    0,    0,    0,    0,    0,    0,    0,    0,    0,    0,    0,    0,    0,    0,    0,    0,    0,    0,    0,    0,    0,    0,    0,    0,
       0,  -32,    0,  -10,  -21,    0,    0,    0,    0,   -7,    0,    0,    0,    0,    0,    0,    0,    0,    0,    0,    0,    0,    0,    0,    0,    0,    0,    0,  -13,    0,    0,    0,    0,    0,    0,    0,    0,    0,    0,    0,    0,    0,    0,    0,    0,    0,    0,    0,    0,    0,    0,   -7,    0,    0,    0,    0,    0,    0,    0,    0,    0,    0,    0,    0,    0,    0,    0,    0,    0,    0,    0,    0,    0,    0,    0,    0,    0,    0,    0,    0,    0,    0,    0,    0,    0,    0,    0,    0,    0,    0,    0,    0,    0,    0,    0,    0,    0,    0,    0,    0,  -19,   -8,    0,    0,    0,    0,  -14,    0,    0,    0,    0,    0,    0,    0,    0,    0,    0,    0,    0,    0,    0,   -7,    0,    0,    0,    0,    0,    0,    0,    0,   -8,    0,    0,    0,    0,    0,    0,    0,    0,    0,    0,    0,    0,    0,    0,    0,    0,    0,    0,    0,    0,    0,    0,    0,    0,    0,    0,    0,    0,    0,    0,
       0,  -13,    0,  -11,   -8,   -8,    7,   -9,   -6,  -12,    0,    0,    0,    0,    0,    0,    0,    0,    0,    0,    0,    0,    0,    0,    0,    0,    0,    0,  -12,    0,    0,    0,    0,    0,    0,    0,    0,    0,    0,    0,    0,    0,    0,    0,    0,    0,    0,    0,    0,    0,    0,   -8,    0,    0,    0,    0,    0,    0,    0,    0,    0,    0,    0,    0,    0,    0,    0,    0,    0,    0,    0,    0,    0,    0,    0,    0,    0,    0,    0,    0,    0,    0,    0,    0,    0,    0,    0,    0,    0,    0,    0,    0,    0,   -9,   -6,    0,    0,    0,    0,    0,    0,   -6,    0,   -7,    0,    0,    0,   -4,    0,    0,    0,    0,    0,    0,    0,    0,    0,    0,    0,    0,    0,    0,    0,    0,    0,    0,    0,    0,   -6,    0,    0,   -6,    0,    0,    0,    0,    0,    0,    0,    0,    0,    0,    0,    0,    0,    0,    0,    0,    0,    0,    0,    0,    0,    0,    0,   -9,  -11,    0,    0,    0,    0,
       0,  -13,    0,  -11,   -8,   -8,    7,   -9,   -7,  -12,    0,    0,    0,    0,    0,    0,    0,    0,    0,    0,    0,    0,    0,    0,    0,    0,    0,    0,  -12,    0,    0,    0,    0,    0,    0,    0,    0,    0,    0,    0,    0,    0,    0,    0,    0,    0,    0,    0,    0,    0,    0,   -8,    0,    0,    0,    0,    0,    0,    0,    0,    0,    0,    0,    0,    0,    0,    0,    0,    0,    0,    0,    0,    0,    0,    0,    0,    0,    0,    0,    0,    0,    0,    0,    0,    0,    0,    0,    0,    0,    0,    0,    0,    0,   -9,   -7,    0,    0,    0,    0,    0,    0,   -6,    0,   -7,    0,    0,    0,   -4,    0,    0,    0,    0,    0,    0,    0,    0,    0,    0,    0,    0,    0,    0,    0,    0,    0,    0,    0,    0,   -7,    0,    0,   -7,    0,    0,    0,    0,    0,    0,    0,    0,    0,    0,    0,    0,    0,    0,    0,    0,    0,    0,    0,    0,    0,    0,    0,   -9,  -11,    0,    0,    0,    0,
       0,  -23,   -8,    0,  -10,    0,    0,    0,    0,  -12,   -5,    0,    0,    0,    0,    0,    0,    0,    0,    0,    0,    0,    0,    0,    0,    0,   -5,    0,    0,    0,    0,    0,    0,    0,    0,    0,    0,    0,    0,    0,    0,    0,    0,    0,    0,    0,    0,    0,    0,    0,    0,    0,    0,    0,    0,    0,    0,    0,    0,    0,    0,    0,    0,    0,    0,    0,    0,    0,    0,    0,    0,    0,    0,    0,    0,    0,    0,    0,    0,    0,    0,    0,    0,    0,    0,    0,    0,    0,   -4,    0,    0,    0,    0,    0,    0,    0,    0,    0,    0,    0,    0,    0,    0,    0,    0,    0,    0,    0,    0,   -7,    0,    0,    0,    0,    0,    0,    0,    0,    0,    0,    0,    0,    0,    0,    0,    0,    0,    0,    0,    0,    0,    0,    0,    0,    0,    0,    0,    0,    0,    0,    0,    0,    0,    0,    0,    0,    0,    0,    0,    0,    0,    0,    0,    0,    0,    0,    0,    0,    0,    0,    0,
       0,   -5,   -8,    0,    0,    0,   -6,    0,    0,   -6,   -5,    0,    0,    0,    0,    0,    0,    0,    0,    0,    0,    0,    0,    0,    0,    0,   -4,    0,  -14,    0,    0,    0,    0,    0,    0,    0,    0,    0,    0,    0,    0,    0,    0,    0,    0,    0,    0,    0,    0,    0,   -9,   -8,  -12,    0,    0,    0,    0,    0,    0,    0,    0,    0,    0,    0,    0,    0,    0,    0,    0,    0,    0,    0,    0,    0,    0,    0,    0,    0,    0,    0,    0,    0,    0,    0,    0,    0,    0,    0,    0,    0,    0,    0,   -4,    0,    0,    0,    0,   -4,    0,   -4,    0,    0,   -6,    0,    0,    0,    0,    0,    0,    0,   -4,    0,    0,    0,    0,    0,    0,    0,    0,   -4,    0,    0,    0,    0,    0,    0,    0,    0,    0,    0,    0,    0,    0,    0,    0,    0,    0,    0,    0,    0,    0,    0,    0,    0,    0,    0,    0,    0,    0,    0,    0,    0,    0,    0,    0,    0,    0,    0,    0,    0,    0,
       0,   -9,    0,  -10,    0,    0,    0,    0,    0,   -8,    0,    0,    0,    0,    0,    0,    0,    0,    0,    0,    0,    0,    0,    0,    0,    0,    0,    0,  -14,    0,    0,    0,    0,    0,    0,    0,    0,    0,    0,    0,    0,    0,    0,    0,    0,    0,    0,    0,    0,    0,   -4,   -9,    0,    0,    0,    0,    0,    0,    0,    0,    0,    0,    0,    0,    0,    0,    0,    0,    0,    0,    0,    0,    0,    0,    0,    0,    0,    0,    0,    0,    0,    0,    0,    0,    0,    0,    0,    0,    0,    0,    0,    0,    0,    0,    0,    0,    0,    0,    0,    0,    0,    0,    0,    0,    0,    0,    0,    0,    0,    0,    0,    0,    0,    0,    0,    0,    0,    0,    0,    0,    0,    0,    0,    0,    0,    0,    0,    0,    0,    0,    0,    0,    0,    0,    0,    0,    0,    0,    0,    0,    0,    0,    0,    0,    0,    0,    0,    0,    0,    0,    0,    0,    0,    0,    0,    0,    0,    0,    0,    0,    0,
       0,  -23,   -7,   -9,  -10,    0,    0,    0,    0,  -12,   -5,    0,    0,    0,    0,    0,    0,    0,    0,    0,    0,    0,    0,    0,    0,    0,   -5,    0,  -17,    0,    0,    0,    0,    0,    0,    0,    0,    0,    0,    0,    0,    0,    0,    0,    0,    0,    0,    0,    0,    0,    0,  -13,    0,    0,    0,    0,    0,    0,    0,    0,    0,    0,    0,    0,    0,    0,    0,    0,    0,    0,    0,    0,    0,    0,    0,    0,    0,    0,    0,    0,    0,    0,    0,    0,    0,    0,    0,    0,   -4,    0,    0,    0,    0,    0,    0,    0,    0,    0,    0,    0,    0,    0,    0,    0,    0,    0,    0,    0,    0,   -4,    0,    0,    0,    0,    0,    0,    0,    0,    0,    0,    0,    0,    0,    0,    0,    0,    0,    0,    0,    0,    0,    0,    0,    0,    0,    0,    0,    0,    0,    0,    0,    0,    0,    0,    0,    0,    0,    0,    0,    0,    0,    0,    0,    0,    0,    0,    0,    0,    0,    0,    0,
       0,  -30,    0,  -10,  -20,    0,    0,    0,    0,   -7,    0,    0,    0,    0,    0,    0,    0,    0,    0,    0,    0,    0,    0,    0,    0,    0,    0,    0,  -13,    0,    0,    0,    0,    0,    0,    0,    0,    0,    0,    0,    0,    0,    0,    0,    0,    0,    0,    0,    0,    0,    0,   -7,    0,    0,    0,    0,    0,    0,    0,    0,    0,    0,    0,    0,    0,    0,    0,    0,    0,    0,    0,    0,    0,    0,    0,    0,    0,    0,    0,    0,    0,    0,    0,    0,    0,    0,    0,    0,    0,    0,    0,    0,    0,    0,    0,    0,    0,    0,    0,    0,  -16,   -8,    0,    0,    0,    0,  -12,    0,    0,    0,    0,    0,    0,    0,    0,    0,    0,    0,    0,    0,    0,   -7,    0,    0,    0,    0,    0,    0,    0,    0,   -8,    0,    0,    0,    0,    0,    0,    0,    0,    0,    0,    0,    0,    0,    0,    0,    0,    0,    0,    0,    0,    0,    0,    0,    0,    0,    0,    0,    0,    0,    0,
       0,    0,   -7,    8,    0,    0,  -27,  -28,  -19,   15,  -16,    0,    0,    0,    0,    0,    0,    0,    0,    0,    0,    0,    0,    0,    0,    0,    0,    0,    9,    0,    0,    0,    0,    0,    0,    0,    0,    0,    0,    0,    0,    0,    0,    0,    0,    0,    0,    0,    0,    0,    0,    9,  -36,  -18,    0,    0,    0,    0,    0,    0,    0,    0,    0,    0,    0,    0,    0,    0,    0,    0,   15,   -8,    0,    0,  -20,   13,  -27,  -20,    8,    8,    0,   -8,  -12,   10,    7,   13,    0,  -22,    0,  -18,  -20,  -42,  -35,  -13,  -16,  -38,  -25,  -35,  -20,  -36,   -8,   -8,  -31,   -9,  -14,  -20,   -8,  -14,  -30,   18,  -35,  -25,    0,    0,    0,   18,    0,  -13,   -8,  -36,    0,   -8,    0,    0,  -20,  -22,    0,  -22,  -16,    7,   -9,  -16,    0,    0,    0,    0,    0,    0,    0,    0,    0,    0,    0,    0,    0,    0,    0,    0,    0,    0,    0,    0,    0,    0,    0,    0,    0,    0,    0,    0,    0,
       0,    0,    0,    0,    9,  -31,   -8,  -18,    0,  -14,    0,    0,    0,    0,    0,    0,    0,    0,    0,    0,    0,    0,    0,    0,    0,    0,    0,    0,   -6,    0,    0,    0,    0,    0,    0,    0,    0,    0,    0,    0,    0,    0,    0,    0,    0,    0,    0,    0,    0,    0,    0,    0,   -6,    7,    0,    0,    0,    0,    0,    0,    0,    0,    0,    0,    0,    0,    0,    0,    0,    0,    0,    0,    0,    0,    0,    0,    0,    0,    0,    0,    0,    0,    0,    0,    0,    0,    0,    0,    0,    0,    0,  -11,    0,    8,    0,  -11,    0,    0,    0,    0,   13,   13,    0,   12,    7,    0,   13,    7,    0,    0,    0,    0,    0,    0,    0,    0,    0,   12,    0,    0,    0,   13,    0,    0,   10,    0,    0,    0,    0,    0,   12,    0,    0,    0,    0,    0,    0,    0,    0,    0,    0,    0,    0,    0,    0,    0,    0,    0,    0,    0,    0,    0,    0,    0,    0,    0,    0,    0,    0,    0,    0,
       0,  -17,   -4,    0,   -7,    0,    0,    0,    0,   -6,    0,    0,    0,    0,    0,    0,    0,    0,    0,    0,    0,    0,    0,    0,    0,    0,    0,    0,    0,    0,    0,    0,    0,    0,    0,    0,    0,    0,    0,    0,    0,    0,    0,    0,    0,    0,    0,    0,    0,    0,    0,    0,    0,    0,    0,    0,    0,    0,    0,    0,    0,    0,    0,    0,    0,    0,    0,    0,    0,    0,    0,    0,    0,    0,    0,    0,    0,    0,    0,    0,    0,    0,    0,    0,    0,    0,    0,    0,    0,    0,    0,    0,    0,    0,    0,    0,    0,    0,    0,    0,    0,    0,    0,    0,   -8,    0,    0,    0,    0,    0,    0,    0,    0,    0,    0,    0,    0,    0,    0,    0,    0,    0,    0,    0,    0,    0,    0,    0,    0,    0,    0,    0,    0,    0,    0,    0,    0,    0,    0,    0,    0,    0,    0,    0,    0,    0,    0,    0,    0,    0,    0,    0,    0,    0,    0,    0,    0,    0,    0,    0,    0,
       0,  -38,    0,    0,  -26,    0,    0,    0,    0,   -5,    0,    0,    0,    0,    0,    0,    0,    0,    0,    0,    0,    0,    0,    0,    0,    0,    0,    0,    0,    0,    0,    0,    0,    0,    0,    0,    0,    0,    0,    0,    0,    0,    0,    0,    0,    0,    0,    0,    0,    0,    0,    0,    0,    0,    0,    0,    0,    0,    0,    0,    0,    0,    0,    0,    0,    0,    0,    0,    0,    0,    0,    0,    0,    0,    0,    0,    0,    0,    0,    0,    0,    0,    0,    0,    0,    0,    0,    0,    0,    0,    0,    0,    0,    0,    0,    6,    0,    0,    0,    0,  -20,    0,    0,    0,   -6,    0,  -14,    0,    0,    0,    0,    0,    0,    0,    0,    0,    0,    0,    0,    0,    0,  -11,    0,    0,   -6,    0,    0,    0,    0,    0,    0,    0,    0,    0,    0,    0,    0,    0,    0,    0,    0,    0,    0,    0,    0,    0,    0,    0,    0,    0,    0,    0,    0,    0,    0,    0,    0,    0,    0,    0,    0,
      -7,  -23,   -5,    0,   -8,  -14,    7,    0,   -6,  -14,    0,    0,    0,    0,    0,    0,    0,    0,    0,    0,    0,    0,    0,    0,    0,    0,   -8,    0,    0,    0,    0,    0,    0,    0,    0,    0,    0,    0,    0,    0,    0,    0,    0,    0,    0,    0,    0,    0,    0,    0,    0,    0,    0,    0,    0,    0,    0,    0,    0,    0,    0,    0,    0,    0,    0,    0,    0,    0,    0,    0,  -25,    0,   -8,   -6,   -7,  -14,   -6,    0,  -16,   -9,    0,    0,    0,  -15,   -5,   -8,   -7,    0,    0,    0,    0,    0,    0,  -12,   -8,   -8,    0,    0,   -4,    0,    0,    0,    0,   -8,    0,   -6,    0,   -8,    0,   -6,    0,    0,   -6,   -6,   10,   -6,    0,    0,    0,    0,    0,    0,   -6,    0,    0,    0,    0,    0,   -8,   -8,    0,   -8,    0,    0,    0,    0,    0,    0,    0,    0,    0,    0,    0,    0,    0,    0,    0,    0,    0,    0,    0,    0,    0,    0,    0,    0,    0,    0,    0,    0,    0,
       0,  -26,    0,    0,  -12,   -5,    0,    0,   -5,  -12,    0,    0,    0,    0,    0,    0,    0,    0,    0,    0,    0,    0,    0,    0,    0,    0,   -6,    0,    0,    0,    0,    0,    0,    0,    0,    0,    0,    0,    0,    0,    0,    0,    0,    0,    0,    0,    0,    0,    0,    0,    0,    0,    0,    0,    0,    0,    0,    0,    0,    0,    0,    0,    0,    0,    0,    0,    0,    0,    0,    0,    0,    0,    0,    0,    0,    0,    0,    0,    0,    0,    0,    0,    0,    0,    0,    0,    0,    0,    0,    0,    0,    0,    0,   -6,    0,    0,    0,    0,    0,    0,  -14,    0,    0,   -6,    0,    0,  -14,    0,    0,    0,    0,    0,    0,    0,    0,    0,    0,    0,    0,    0,    0,   -6,    0,    0,    0,    0,    0,    0,    0,    0,    0,    0,    0,    0,    0,    0,    0,    0,    0,    0,    0,    0,    0,    0,    0,    0,    0,    0,    0,    0,    0,    0,    0,    0,    0,    0,    0,    0,    0,    0,    0,
       0,    0,  -17,    7,    0,  -26,  -20,  -33,  -15,   10,  -23,    0,    0,    0,    0,    0,    0,    0,    0,    0,    0,    0,    0,    0,    0,    0,    0,    0,  -10,    0,    0,    0,    0,    0,    0,    0,    0,    0,    0,    0,    0,    0,    0,    0,    0,    0,    0,    0,    0,    0,   -9,    0,  -30,  -13,    0,    0,    0,    0,    0,    0,    0,    0,    0,    0,    0,    0,    0,    0,    0,    0,   12,  -16,    0,    0,    0,    0,  -32,    0,    0,    0,   -3,  -16,    0,    8,    0,    0,    0,  -16,  -10,  -14,  -15,  -30,  -20,   -7,  -10,  -30,  -19,  -20,  -16,  -20,    0,    0,  -28,   -6,   -8,  -15,    0,   -8,  -22,   13,  -26,  -17,    0,    0,    0,   13,    0,   -5,    0,  -26,   14,    0,    0,    0,  -10,  -17,    0,  -16,  -10,    0,    0,  -10,    0,    0,    0,    0,    0,    0,    0,    0,    0,    0,    0,    0,    0,    0,    0,    0,    0,    0,    0,    0,    0,    0,    0,    4,    7,  -31,    0,    0,    0,
       0,    0,    0,   -5,    4,  -14,    0,  -13,    0,  -16,    0,    0,    0,    0,    0,    0,    0,    0,    0,    0,    0,    0,    0,    0,    0,    0,    0,    0,  -10,    0,    0,    0,    0,    0,    0,    0,    0,    0,    0,    0,    0,    0,    0,    0,    0,    0,    0,    0,    0,    0,    0,   -4,    0,    0,    0,    0,    0,    0,    0,    0,    0,    0,    0,    0,    0,    0,    0,    0,    0,    0,    0,    0,    0,    0,    0,    0,    0,    0,    0,    0,    0,    0,    0,    0,    0,    0,    0,    0,    0,    0,    0,  -11,   -6,    0,    0,  -14,    0,   -6,    0,   -6,    9,    7,    0,    6,    0,    0,    9,    0,    0,    0,    0,    0,    0,    0,    0,    0,    0,    8,    0,    0,    0,    7,    0,    0,    0,    0,    0,    0,    0,    0,    8,    0,    0,    0,    0,    0,    0,    0,    0,    0,    0,    0,    0,    0,    0,    0,    0,    0,    0,    0,    0,    0,    0,    0,    0,    0,    5,  -14,    0,    0,    0,
      -4,  -35,   -6,   -7,  -11,    0,    0,    0,    0,  -10,    0,    0,    0,    0,    0,    0,    0,    0,    0,    0,    0,    0,    0,    0,    0,    0,   -7,    0,  -19,    0,    0,    0,    0,    0,    0,    0,    0,    0,    0,    0,    0,    0,    0,    0,    0,    0,    0,    0,    0,    0,    0,  -13,    0,    0,    0,    0,    0,    0,    0,    0,    0,    0,    0,    0,    0,    0,    0,    0,    0,    0,  -33,    0,    0,    0,    0,    0,    0,    0,    0,    0,    0,    0,    0,    0,   -9,    0,    0,    0,    0,    0,    0,    0,    0,    0,    0,    0,    0,    0,    0,    0,    0,    0,    0,    0,    0,    0,    0,    0,    0,    0,    0,    0,    0,    0,    0,    0,    0,    0,    0,    0,    0,    0,    0,   -4,    0,    0,    0,    0,    0,    0,    0,    0,    0,    0,    0,    0,    0,    0,    0,    0,    0,    0,    0,    0,    0,    0,    0,    0,    0,    0,    0,    0,    0,    0,    0,    0,    0,    0,    0,    0,    0,
       0,  -23,   -7,   -9,  -10,    0,    0,    0,    0,  -12,   -5,    0,    0,    0,    0,    0,    0,    0,    0,    0,    0,    0,    0,    0,    0,    0,   -6,    0,  -18,    0,    0,    0,    0,    0,    0,    0,    0,    0,    0,    0,    0,    0,    0,    0,    0,    0,    0,    0,    0,    0,    0,  -14,    0,    0,    0,    0,    0,    0,    0,    0,    0,    0,    0,    0,    0,    0,    0,    0,    0,    0,    0,    0,    0,    0,    0,    0,    0,    0,    0,    0,    0,    0,    0,    0,    0,    0,    0,    0,   -4,    0,    0,    0,    0,    0,    0,    0,    0,    0,    0,    0,    0,    0,    0,    0,    0,    0,    0,    0,    0,   -4,    0,    0,    0,    0,    0,    0,    0,    0,    0,    0,    0,    0,    0,    0,    0,    0,    0,    0,    0,    0,    0,    0,    0,    0,    0,    0,    0,    0,    0,    0,    0,    0,    0,    0,    0,    0,    0,    0,    0,    0,    0,    0,    0,    0,    0,    0,    0,    0,    0,    0,    0,
       0,   -7,   -5,  -13,    0,   -8,    0,   -8,    0,   -8,    0,    0,    0,    0,    0,    0,    0,    0,    0,    0,    0,    0,    0,    0,    0,    0,   -7,    0,  -18,    0,    0,    0,    0,    0,    0,    0,    0,    0,    0,    0,    0,    0,    0,    0,    0,    0,    0,    0,    0,    0,    0,  -12,    0,    0,    0,    0,    0,    0,    0,    0,    0,    0,    0,    0,    0,    0,    0,    0,    0,    0,    0,    0,    0,    0,    0,   -8,    0,    0,   -5,   -5,    0,    0,    0,   -5,    0,   -4,    0,   -8,    0,    0,    0,    0,    0,    0,    0,    0,   -5,    0,    0,    0,    0,    0,    0,    0,    0,    0,    0,    0,    0,    0,    0,    0,   -6,   -6,   -6,    0,    0,    0,    0,    0,    0,    0,    0,    0,    0,   -8,    0,   -6,    0,   -4,    0,    0,    0,    0,    0,    0,    0,    0,    0,    0,    0,    0,    0,    0,    0,    0,    0,    0,    0,    0,    0,    0,    0,    0,    0,    0,    0,    0,    0,    0,    0,
       0,  -18,    0,  -12,   -7,   -5,    6,   -4,   -5,  -13,    0,    0,    0,    0,    0,    0,    0,    0,    0,    0,    0,    0,    0,    0,    0,    0,   -4,    0,  -16,    0,    0,    0,    0,    0,    0,    0,    0,    0,    0,    0,    0,    0,    0,    0,    0,    0,    0,    0,    0,    0,    0,  -11,    0,    0,    0,    0,    0,    0,    0,    0,    0,    0,    0,    0,    0,    0,    0,    0,    0,    0,    0,    0,    0,    0,    0,    0,    0,    0,    0,    0,    0,    0,    0,    0,    0,    0,    0,    0,    0,    0,    0,    0,    0,    0,   -5,    0,    0,    0,    0,    0,    0,    0,    0,    0,    0,    0,    0,    0,    0,    0,    0,    0,    0,    0,    0,    0,    0,    0,    0,    0,    0,    0,    0,    0,    0,    0,    0,    0,   -5,    0,    0,   -5,    0,    0,    0,    0,    0,    0,    0,    0,    0,    0,    0,    0,    0,    0,    0,    0,    0,    0,    0,    0,    0,    0,    0,    0,    0,    0,    0,    0,    0,
       0,    0,   -4,    0,    0,    0,    0,    0,    0,   -5,    0,    0,    0,    0,    0,    0,    0,    0,    0,    0,    0,    0,    0,    0,    0,    0,    0,    0,    0,    0,    0,    0,    0,    0,    0,    0,    0,    0,    0,    0,    0,    0,    0,    0,    0,    0,    0,    0,    0,    0,   -7,    0,   -6,    0,    0,    0,    0,    0,    0,    0,    0,    0,    0,    0,    0,    0,    0,    0,    0,    0,    0,    0,    0,    0,    0,    0,    0,    0,    0,    0,    0,    0,    0,    0,    0,    0,    0,    0,    0,    0,    0,    0,    0,    0,    0,    0,    0,    0,    0,    0,    0,    0,    0,    0,    0,    0,    0,    0,    0,    0,    0,    0,    0,    0,    0,    0,    0,    0,    0,    0,    0,    0,    0,    0,    0,    0,    0,    0,    0,    0,    0,    0,    0,    0,    0,    0,    0,    0,    0,    0,    0,    0,    0,    0,    0,    0,    0,    0,    0,    0,    0,    0,    0,    0,    0,    0,    0,    0,    0,    0,    0,
       0,  -10,   -5,    0,    0,    0,    0,    0,    0,  -10,    0,    0,    0,    0,    0,    0,    0,    0,    0,    0,    0,    0,    0,    0,    0,    0,    0,    0,    0,    0,    0,    0,    0,    0,    0,    0,    0,    0,    0,    0,    0,    0,    0,    0,    0,    0,    0,    0,    0,    0,    0,    0,    0,    0,    0,    0,    0,    0,    0,    0,    0,    0,    0,    0,    0,    0,    0,    0,    0,    0,    0,    0,    0,    0,    0,    0,    0,    0,    0,    0,    0,    0,    0,    0,    0,    0,    0,    0,    0,    0,    0,    0,    0,    0,    0,    0,    0,    0,    0,    0,    0,    0,   -4,    0,    0,    0,    0,    0,    0,    0,    0,    0,    0,    0,    0,    0,    0,    0,    0,   -4,    0,    0,    0,    0,    0,    0,    0,    0,    0,    0,    0,    0,    0,    0,    0,    0,    0,    0,    0,    0,    0,    0,    0,    0,    0,    0,    0,    0,    0,    0,    0,    0,    0,    0,    0,    0,    0,    0,    0,    0,    0,
       0,  -17,    0,  -12,   -7,   -6,    6,   -4,   -5,  -12,    0,    0,    0,    0,    0,    0,    0,    0,    0,    0,    0,    0,    0,    0,    0,    0,   -4,    0,  -15,    0,    0,    0,    0,    0,    0,    0,    0,    0,    0,    0,    0,    0,    0,    0,    0,    0,    0,    0,    0,    0,    0,  -11,    0,    0,    0,    0,    0,    0,    0,    0,    0,    0,    0,    0,    0,    0,    0,    0,    0,    0,    0,    0,    0,    0,    0,    0,    0,    0,    0,    0,    0,    0,    0,    0,    0,    0,    0,    0,    0,    0,    0,    0,    0,    0,   -5,    0,    0,    0,    0,    0,    0,    0,    0,    0,    0,    0,    0,    0,    0,    0,    0,    0,    0,    0,    0,    0,    0,    0,    0,    0,    0,    0,    0,    0,    0,    0,    0,    0,   -5,    0,    0,   -5,    0,    0,    0,    0,    0,    0,    0,    0,    0,    0,    0,    0,    0,    0,    0,    0,    0,    0,    0,    0,    0,    0,    0,    0,    0,    0,    0,    0,    0,
      -6,   -9,   -5,  -11,    0,  -13,    6,  -17,    0,  -14,   -4,    0,    0,    0,    0,    0,    0,    0,    0,    0,    0,    0,    0,    0,    0,    0,   -4,    0,  -17,    0,    0,    0,    0,    0,    0,    0,    0,    0,    0,    0,    0,    0,    0,    0,    0,    0,    0,    0,    0,    0,    0,  -12,    0,    0,    0,    0,    0,    0,    0,    0,    0,    0,    0,    0,    0,    0,    0,    0,    0,    0,  -11,    0,    0,    0,    0,    0,   -8,    0,    0,    0,    0,    0,    0,  -10,    0,    0,    0,   -5,    0,    0,    0,   -9,    0,    0,   -4,  -10,    0,    0,    0,    0,    0,    0,    0,    0,    0,    0,    0,    0,    0,    0,    0,    0,   -5,   -5,   -5,    0,    0,    0,    0,    0,  -16,    0,    0,    0,    0,    0,    0,    0,   -4,    0,    0,   -4,    0,    0,    0,    0,    0,    0,    0,    0,    0,    0,    0,    0,    0,    0,    0,    0,    0,    0,    0,    0,    0,    0,    0,   -6,   -4,  -12,    0,    0,    0,
       0,  -13,    0,  -11,   -8,   -8,    7,   -9,   -6,  -12,    0,    0,    0,    0,    0,    0,    0,    0,    0,    0,    0,    0,    0,    0,    0,    0,    0,    0,  -12,    0,    0,    0,    0,    0,    0,    0,    0,    0,    0,    0,    0,    0,    0,    0,    0,    0,    0,    0,    0,    0,    0,   -8,    0,    0,    0,    0,    0,    0,    0,    0,    0,    0,    0,    0,    0,    0,    0,    0,    0,    0,    0,    0,    0,    0,    0,    0,    0,    0,    0,    0,    0,    0,    0,    0,    0,    0,    0,    0,    0,    0,    0,    0,    0,   -9,   -7,    0,    0,    0,    0,    0,    0,   -6,    0,   -7,    0,    0,    0,   -4,    0,    0,    0,    0,    0,    0,    0,    0,    0,    0,    0,    0,    0,   -6,    0,    0,    0,    0,    0,    0,   -7,    0,    0,   -7,    0,    0,    0,    0,    0,    0,    0,    0,    0,    0,    0,    0,    0,    0,    0,    0,    0,    0,    0,    0,    0,    0,    0,   -9,  -11,    0,    0,    0,    0,
       0,    0,   -4,    0,   -8,   -4,    0,   -6,   -4,    0,    0,    0,    0,    0,    0,    0,    0,    0,    0,    0,    0,    0,    0,    0,    0,    0,   -6,    0,  -17,    0,    0,    0,    0,    0,    0,    0,    0,    0,    0,    0,    0,    0,    0,    0,    0,    0,    0,    0,    0,    0,    0,   -6,    0,    0,    0,    0,    0,    0,    0,    0,    0,    0,    0,    0,    0,    0,    0,    0,    0,    0,    0,    0,    0,    0,    0,    0,    0,    0,    0,    0,    0,    0,   -4,    0,    0,    0,   -7,    0,    0,    0,    0,    0,    0,   -6,    0,    0,    0,    0,    0,    0,  -13,   -8,    0,   -4,    0,    0,  -13,    0,   -5,    0,    0,    0,   -4,   -4,   -4,    0,  -10,   -4,    0,    0,    0,   -8,    0,  -10,    0,    0,    0,    0,    0,    0,  -12,    0,    0,    0,    0,    0,    0,    0,    0,    0,    0,    0,    0,    0,    0,    0,    0,    0,    0,    0,    0,    0,    0,    0,    0,    0,    0,    0,    0,    0,    0,
       0,   -8,   -8,    0,    0,    0,    0,    0,    0,   -6,   -5,    0,    0,    0,    0,    0,    0,    0,    0,    0,    0,    0,    0,    0,    0,    0,    0,    0,    0,    0,    0,    0,    0,    0,    0,    0,    0,    0,    0,    0,    0,    0,    0,    0,    0,    0,    0,    0,    0,    0,   -9,    0,   -9,    0,    0,    0,    0,    0,    0,    0,    0,    0,    0,    0,    0,    0,    0,    0,    0,    0,    0,    0,    0,    0,    0,    0,    0,    0,    0,    0,    0,    0,    0,    0,    0,    0,    0,    0,    0,    0,    0,    0,    0,    0,    0,    0,    0,   -4,    0,    0,    0,    0,   -5,    0,    0,    0,    0,    0,    0,    0,    0,    0,    0,    0,    0,    0,    0,    0,    0,   -4,    0,    0,    0,    0,    0,    0,    0,    0,    0,    0,    0,    0,    0,    0,    0,    0,    0,    0,    0,    0,    0,    0,    0,    0,    0,    0,    0,    0,    0,    0,    0,    0,    0,    0,    0,    0,    0,    0,    0,    0,    0,
       0,    0,    0,    0,    0,    0,    0,    0,    0,    0,    0,    0,    0,    0,    0,    0,    0,    0,    0,    0,    0,    0,    0,    0,    0,    0,    0,    0,    0,    0,    0,    0,    0,    0,    0,    0,    0,    0,    0,    0,    0,    0,    0,    0,    0,    0,    0,    0,    0,    0,    0,    0,    0,    0,    0,    0,    0,    0,    0,    0,    0,    0,    0,    0,    0,    0,    0,    0,    0,    0,    0,    0,    0,    0,    0,    0,    0,    0,    0,    0,    0,    0,    0,    0,    0,    0,    0,    0,    0,    0,    0,    0,    0,    0,    0,    0,    0,    0,    0,    0,    0,    0,    0,    0,    0,    0,    0,    0,    0,    0,    0,    0,    0,    0,    0,    0,    0,    0,    0,    0,    0,    0,    0,    0,    0,    0,    0,    0,    0,    0,    0,    0,    0,    0,    0,    0,    0,    0,    0,    0,   -8,    0,   -2,   -2,    0,    0,    0,    0,    0,   -8,    0,   -4,    0,   -8,    0,    0,    0,    0,    0,    0,    0,
       0,    0,    0,    0,    0,    0,    0,    0,    0,    0,    0,    0,    0,    0,    0,    0,    0,    0,    0,    0,    0,    0,    0,    0,    0,    0,    0,    0,    0,    0,    0,    0,    0,    0,    0,    0,    0,    0,    0,    0,    0,    0,    0,    0,    0,    0,    0,    0,    0,    0,    0,    0,    0,    0,    0,    0,    0,    0,    0,    0,    0,    0,    0,    0,    0,    0,    0,    0,    0,    0,    0,    0,    0,    0,    0,    0,    0,    0,    0,    0,    0,    0,    0,    0,    0,    0,    0,    0,    0,    0,    0,    0,    0,    0,    0,    0,    0,    0,    0,    0,    0,    0,    0,    0,    0,    0,    0,    0,    0,    0,    0,    0,    0,    0,    0,    0,    0,    0,    0,    0,    0,    0,    0,    0,    0,    0,    0,    0,    0,    0,    0,    0,    0,    0,    0,   -5,    0,    0,    0,    0,    0,   -8,    0,    0,    0,    0,  -13,    0,    0,  -13,    0,    0,  -10,    0,    0,    0,    0,    0,    0,    0,    0,
       0,    0,    0,    0,    0,    0,    0,    0,    0,    0,    0,    0,    0,    0,    0,    0,    0,    0,    0,    0,    0,    0,    0,    0,    0,    0,    0,    0,    0,    0,    0,    0,    0,    0,    0,    0,    0,    0,    0,    0,    0,    0,    0,    0,    0,    0,    0,    0,    0,    0,    0,    0,    0,    0,    0,    0,    0,    0,    0,    0,    0,    0,    0,    0,    0,    0,    0,    0,    0,    0,    0,    0,    0,    0,    0,    0,    0,    0,    0,    0,    0,    0,    0,    0,    0,    0,    0,    0,    0,    0,    0,    0,    0,    0,    0,    0,    0,    0,    0,    0,    0,    0,    0,    0,    0,    0,    0,    0,    0,    0,    0,    0,    0,    0,    0,    0,    0,    0,    0,    0,    0,    0,    0,    0,    0,    0,    0,    0,    0,    0,    0,    0,    0,    2,    0,    0,    0,    0,    0,   -8,  -13,    0,   -5,   -6,    0,   -9,    0,    0,    0,  -10,    0,    0,    0,    0,    0,    0,    0,    0,    0,    0,    0,
       0,    0,    0,    0,    0,    0,    0,    0,    0,    0,    0,    0,    0,    0,    0,    0,    0,    0,    0,    0,    0,    0,    0,    0,    0,    0,    0,    0,    0,    0,    0,    0,    0,    0,    0,    0,    0,    0,    0,    0,    0,    0,    0,    0,    0,    0,    0,    0,    0,    0,    0,    0,    0,    0,    0,    0,    0,    0,    0,    0,    0,    0,    0,    0,    0,    0,    0,    0,    0,    0,    0,    0,    0,    0,    0,    0,    0,    0,    0,    0,    0,    0,    0,    0,    0,    0,    0,    0,    0,    0,    0,    0,    0,    0,    0,    0,    0,    0,    0,    0,    0,    0,    0,    0,    0,    0,    0,    0,    0,    0,    0,    0,    0,    0,    0,    0,    0,    0,    0,    0,    0,    0,    0,    0,    0,    0,    0,    0,    0,    0,    0,    0,    0,  -16,    0,    0,   -8,    0,    0,   -8,    0,  -20,  -14,    0,  -10,   -5,  -13,    0,  -20,  -14,    0,    0,  -14,    0,    0,    0,    0,    0,    0,    0,    0,
       0,    0,    0,    0,    0,    0,    0,    0,    0,    0,    0,    0,    0,    0,    0,    0,    0,    0,    0,    0,    0,    0,    0,    0,    0,    0,    0,    0,    0,    0,    0,    0,    0,    0,    0,    0,    0,    0,    0,    0,    0,    0,    0,    0,    0,    0,    0,    0,    0,    0,    0,    0,    0,    0,    0,    0,    0,    0,    0,    0,    0,    0,    0,    0,    0,    0,    0,    0,    0,    0,    0,    0,    0,    0,    0,    0,    0,    0,    0,    0,    0,    0,    0,    0,    0,    0,    0,    0,    0,    0,    0,    0,    0,    0,    0,    0,    0,    0,    0,    0,    0,    0,    0,    0,    0,    0,    0,    0,    0,    0,    0,    0,    0,    0,    0,    0,    0,    0,    0,    0,    0,    0,    0,    0,    0,    0,    0,    0,    0,    0,    0,    0,    0,   -2,    0,    0,    0,    0,    0,   -6,    0,    0,    0,    0,   -4,    0,   -3,    0,    0,   -8,    0,    0,   -4,    0,    0,    0,    0,    0,    0,    0,    0,
       0,    0,    0,    0,    0,    0,    0,    0,    0,    0,    0,    0,    0,    0,    0,    0,    0,    0,    0,    0,    0,    0,    0,    0,    0,    0,    0,    0,    0,    0,    0,    0,    0,    0,    0,    0,    0,    0,    0,    0,    0,    0,    0,    0,    0,    0,    0,    0,    0,    0,    0,    0,    0,    0,    0,    0,    0,    0,    0,    0,    0,    0,    0,    0,    0,    0,    0,    0,    0,    0,    0,    0,    0,    0,    0,    0,    0,    0,    0,    0,    0,    0,    0,    0,    0,    0,    0,    0,    0,    0,    0,    0,    0,    0,    0,    0,    0,    0,    0,    0,    0,    0,    0,    0,    0,    0,    0,    0,    0,    0,    0,    0,    0,    0,    0,    0,    0,    0,    0,    0,    0,    0,    0,    0,    0,    0,    0,    0,    0,    0,    0,    0,    0,   -8,    0,    0,    0,    0,    0,    0,    0,    0,    0,    0,    0,    0,    0,    0,    0,    0,    0,    0,    0,    0,    0,    0,    0,    0,    0,    0,    0,
       0,    0,    0,    0,    0,    0,    0,    0,    0,    0,    0,    0,    0,    0,    0,    0,    0,    0,    0,    0,    0,    0,    0,    0,    0,    0,    0,    0,    0,    0,    0,    0,    0,    0,    0,    0,    0,    0,    0,    0,    0,    0,    0,    0,    0,    0,    0,    0,    0,    0,    0,    0,    0,    0,    0,    0,    0,    0,    0,    0,    0,    0,    0,    0,    0,    0,    0,    0,    0,    0,    0,    0,    0,    0,    0,    0,    0,    0,    0,    0,    0,    0,    0,    0,    0,    0,    0,    0,    0,    0,    0,    0,    0,    0,    0,    0,    0,    0,    0,    0,    0,    0,    0,    0,    0,    0,    0,    0,    0,    0,    0,    0,    0,    0,    0,    0,    0,    0,    0,    0,    0,    0,    0,    0,    0,    0,    0,    0,    0,    0,    0,    0,    0,    0,    0,   -5,    0,    0,    0,   -8,    0,   -8,   -2,    0,    0,    0,    0,    0,   -4,   -9,   -8,   -8,   -5,    0,    0,    0,    0,    0,    0,    0,    0,
       0,    0,    0,    0,    0,    0,    0,    0,    0,    0,    0,    0,    0,    0,    0,    0,    0,    0,    0,    0,    0,    0,    0,    0,    0,    0,    0,    0,    0,    0,    0,    0,    0,    0,    0,    0,    0,    0,    0,    0,    0,    0,    0,    0,    0,    0,    0,    0,    0,    0,    0,    0,    0,    0,    0,    0,    0,    0,    0,    0,    0,    0,    0,    0,    0,    0,    0,    0,    0,    0,    0,    0,    0,    0,    0,    0,    0,    0,    0,    0,    0,    0,    0,    0,    0,    0,    0,    0,    0,    0,    0,    0,    0,    0,    0,    0,    0,    0,    0,    0,    0,    0,    0,    0,    0,    0,    0,    0,    0,    0,    0,    0,    0,    0,    0,    0,    0,    0,    0,    0,    0,    0,    0,    0,    0,    0,    0,    0,    0,    0,    0,    0,    0,  -26,    0,    0,   -8,    0,   -3,   -3,    0,    0,   -3,    0,  -12,   -3,   -3,    0,    0,   -9,    0,    0,   -8,    0,   -8,    0,    0,    0,    0,    0,    0,
       0,    0,    0,    0,    0,    0,    0,    0,    0,    0,    0,    0,    0,    0,    0,    0,    0,    0,    0,    0,    0,    0,    0,    0,    0,    0,    0,    0,    0,    0,    0,    0,    0,    0,    0,    0,    0,    0,    0,    0,    0,    0,    0,    0,    0,    0,    0,    0,    0,    0,    0,    0,    0,    0,    0,    0,    0,    0,    0,    0,    0,    0,    0,    0,    0,    0,    0,    0,    0,    0,    0,    0,    0,    0,    0,    0,    0,    0,    0,    0,    0,    0,    0,    0,    0,    0,    0,    0,    0,    0,    0,    0,    0,    0,    0,    0,    0,    0,    0,    0,    0,    0,    0,    0,    0,    0,    0,    0,    0,    0,    0,    0,    0,    0,    0,    0,    0,    0,    0,    0,    0,    0,    0,    0,    0,    0,    0,    0,    0,    0,    0,    0,    0,    0,    0,    0,    0,    0,    0,   -8,    0,    0,   -5,    0,    0,   -6,   -6,    0,  -10,  -10,    0,    0,    0,    0,    0,    0,    0,    0,    0,    0,    0,
       0,    0,    0,    0,    0,    0,    0,    0,    0,    0,    0,    0,    0,    0,    0,    0,    0,    0,    0,    0,    0,    0,    0,    0,    0,    0,    0,    0,    0,    0,    0,    0,    0,    0,    0,    0,    0,    0,    0,    0,    0,    0,    0,    0,    0,    0,    0,    0,    0,    0,    0,    0,    0,    0,    0,    0,    0,    0,    0,    0,    0,    0,    0,    0,    0,    0,    0,    0,    0,    0,    0,    0,    0,    0,    0,    0,    0,    0,    0,    0,    0,    0,    0,    0,    0,    0,    0,    0,    0,    0,    0,    0,    0,    0,    0,    0,    0,    0,    0,    0,    0,    0,    0,    0,    0,    0,    0,    0,    0,    0,    0,    0,    0,    0,    0,    0,    0,    0,    0,    0,    0,    0,    0,    0,    0,    0,    0,    0,    0,    0,    0,    0,    0,  -16,   -2,    0,    0,    0,    0,   -8,    0,  -12,  -10,    0,    0,    0,   -8,    0,  -15,   -6,    0,    0,    0,    8,   -2,    0,    0,    0,    0,    0,    0,
       0,    0,    0,    0,    0,    0,    0,    0,    0,    0,    0,    0,    0,    0,    0,    0,    0,    0,    0,    0,    0,    0,    0,    0,    0,    0,    0,    0,    0,    0,    0,    0,    0,    0,    0,    0,    0,    0,    0,    0,    0,    0,    0,    0,    0,    0,    0,    0,    0,    0,    0,    0,    0,    0,    0,    0,    0,    0,    0,    0,    0,    0,    0,    0,    0,    0,    0,    0,    0,    0,    0,    0,    0,    0,    0,    0,    0,    0,    0,    0,    0,    0,    0,    0,    0,    0,    0,    0,    0,    0,    0,    0,    0,    0,    0,    0,    0,    0,    0,    0,    0,    0,    0,    0,    0,    0,    0,    0,    0,    0,    0,    0,    0,    0,    0,    0,    0,    0,    0,    0,    0,    0,    0,    0,    0,    0,    0,    0,    0,    0,    0,    0,    0,    0,    0,    0,    0,    0,    0,    0,    0,    0,   -8,    0,   -5,   -8,   -9,    0,    0,  -11,    0,    0,    0,    0,    0,    0,    0,    0,    0,    0,    0,
       0,    0,    0,    0,    0,    0,    0,    0,    0,    0,    0,    0,    0,    0,    0,    0,    0,    0,    0,    0,    0,    0,    0,    0,    0,    0,    0,    0,    0,    0,    0,    0,    0,    0,    0,    0,    0,    0,    0,    0,    0,    0,    0,    0,    0,    0,    0,    0,    0,    0,    0,    0,    0,    0,    0,    0,    0,    0,    0,    0,    0,    0,    0,    0,    0,    0,    0,    0,    0,    0,    0,    0,    0,    0,    0,    0,    0,    0,    0,    0,    0,    0,    0,    0,    0,    0,    0,    0,    0,    0,    0,    0,    0,    0,    0,    0,    0,    0,    0,    0,    0,    0,    0,    0,    0,    0,    0,    0,    0,    0,    0,    0,    0,    0,    0,    0,    0,    0,    0,    0,    0,    0,    0,    0,    0,    0,    0,    0,    0,    0,    0,    0,    0,    0,    0,    0,    0,    0,    0,   -6,   -6,    0,  -10,    0,    0,    0,    0,    0,    0,    0,    0,    0,    0,    0,    0,    0,    0,    0,    0,    0,    0,
       0,    0,    0,    0,    0,    0,    0,    0,    0,    0,    0,    0,    0,    0,    0,    0,    0,    0,    0,    0,    0,    0,    0,    0,    0,    0,    0,    0,    0,    0,    0,    0,    0,    0,    0,    0,    0,    0,    0,    0,    0,    0,    0,    0,    0,    0,    0,    0,    0,    0,    0,    0,    0,    0,    0,    0,    0,    0,    0,    0,    0,    0,    0,    0,    0,    0,    0,    0,    0,    0,    0,    0,    0,    0,    0,    0,    0,    0,    0,    0,    0,    0,    0,    0,    0,    0,    0,    0,    0,    0,    0,    0,    0,    0,    0,    0,    0,    0,    0,    0,    0,    0,    0,    0,    0,    0,    0,    0,    0,    0,    0,    0,    0,    0,    0,    0,    0,    0,    0,    0,    0,    0,    0,    0,    0,    0,    0,    0,    0,    0,    0,    0,    0,    0,    0,    0,    0,    0,    0,   -2,    0,  -12,    0,   -2,    0,    0,   -2,    0,  -12,   -5,    0,    0,   -4,    0,    0,    0,    0,    0,    0,    0,    0,
       0,    0,    0,    0,    0,    0,    0,    0,    0,    0,    0,    0,    0,    0,    0,    0,    0,    0,    0,    0,    0,    0,    0,    0,    0,    0,    0,    0,    0,    0,    0,    0,    0,    0,    0,    0,    0,    0,    0,    0,    0,    0,    0,    0,    0,    0,    0,    0,    0,    0,    0,    0,    0,    0,    0,    0,    0,    0,    0,    0,    0,    0,    0,    0,    0,    0,    0,    0,    0,    0,    0,    0,    0,    0,    0,    0,    0,    0,    0,    0,    0,    0,    0,    0,    0,    0,    0,    0,    0,    0,    0,    0,    0,    0,    0,    0,    0,    0,    0,    0,    0,    0,    0,    0,    0,    0,    0,    0,    0,    0,    0,    0,    0,    0,    0,    0,    0,    0,    0,    0,    0,    0,    0,    0,    0,    0,    0,    0,    0,    0,    0,    0,    0,    0,    0,    0,    0,    0,    0,   -3,    0,    0,    0,    0,    0,    0,  -10,    0,    0,    0,    0,    0,    0,    0,    0,    0,    0,    0,    0,    0,    0,
       0,    0,    0,    0,    0,    0,    0,    0,    0,    0,    0,    0,    0,    0,    0,    0,    0,    0,    0,    0,    0,    0,    0,    0,    0,    0,    0,    0,    0,    0,    0,    0,    0,    0,    0,    0,    0,    0,    0,    0,    0,    0,    0,    0,    0,    0,    0,    0,    0,    0,    0,    0,    0,    0,    0,    0,    0,    0,    0,    0,    0,    0,    0,    0,    0,    0,    0,    0,    0,    0,    0,    0,    0,    0,    0,    0,    0,    0,    0,    0,    0,    0,    0,    0,    0,    0,    0,    0,    0,    0,    0,    0,    0,    0,    0,    0,    0,    0,    0,    0,    0,    0,    0,    0,    0,    0,    0,    0,    0,    0,    0,    0,    0,    0,    0,    0,    0,    0,    0,    0,    0,    0,    0,    0,    0,    0,    0,    0,    0,    0,    0,    0,    0,    0,    0,    0,    0,    0,    0,    0,    0,   -3,   -8,   -3,    0,    0,   -3,    0,  -11,   -2,    0,    0,    0,   -3,    0,    0,    0,    0,    0,    0,    0,
       0,    0,    0,    0,    0,    0,    0,    0,    0,    0,    0,    0,    0,    0,    0,    0,    0,    0,    0,    0,    0,    0,    0,    0,    0,    0,    0,    0,    0,    0,    0,    0,    0,    0,    0,    0,    0,    0,    0,    0,    0,    0,    0,    0,    0,    0,    0,    0,    0,    0,    0,    0,    0,    0,    0,    0,    0,    0,    0,    0,    0,    0,    0,    0,    0,    0,    0,    0,    0,    0,    0,    0,    0,    0,    0,    0,    0,    0,    0,    0,    0,    0,    0,    0,    0,    0,    0,    0,    0,    0,    0,    0,    0,    0,    0,    0,    0,    0,    0,    0,    0,    0,    0,    0,    0,    0,    0,    0,    0,    0,    0,    0,    0,    0,    0,    0,    0,    0,    0,    0,    0,    0,    0,    0,    0,    0,    0,    0,    0,    0,    0,    0,   -5,  -10,    0,   -8,    0,    0,    0,    0,   -8,    0,    0,    0,  -10,    0,  -13,    0,    0,  -10,    0,    0,    0,    0,    0,    0,    0,    0,    0,    0,    0,
       0,    0,    0,    0,    0,    0,    0,    0,    0,    0,    0,    0,    0,    0,    0,    0,    0,    0,    0,    0,    0,    0,    0,    0,    0,    0,    0,    0,    0,    0,    0,    0,    0,    0,    0,    0,    0,    0,    0,    0,    0,    0,    0,    0,    0,    0,    0,    0,    0,    0,    0,    0,    0,    0,    0,    0,    0,    0,    0,    0,    0,    0,    0,    0,    0,    0,    0,    0,    0,    0,    0,    0,    0,    0,    0,    0,    0,    0,    0,    0,    0,    0,    0,    0,    0,    0,    0,    0,    0,    0,    0,    0,    0,    0,    0,    0,    0,    0,    0,    0,    0,    0,    0,    0,    0,    0,    0,    0,    0,    0,    0,    0,    0,    0,    0,    0,    0,    0,    0,    0,    0,    0,    0,    0,    0,    0,    0,    0,    0,    0,    0,    0,    0,  -16,    0,    0,    0,    0,    0,   -8,    0,   -6,   -8,    0,    0,   -3,   -4,    0,  -12,   -4,    0,    0,   -8,    0,   -9,    0,    0,    0,    0,    0,    0,
       0,    0,    0,    0,    0,    0,    0,    0,    0,    0,    0,    0,    0,    0,    0,    0,    0,    0,    0,    0,    0,    0,    0,    0,    0,    0,    0,    0,    0,    0,    0,    0,    0,    0,    0,    0,    0,    0,    0,    0,    0,    0,    0,    0,    0,    0,    0,    0,    0,    0,    0,    0,    0,    0,    0,    0,    0,    0,    0,    0,    0,    0,    0,    0,    0,    0,    0,    0,    0,    0,    0,    0,    0,    0,    0,    0,    0,    0,    0,    0,    0,    0,    0,    0,    0,    0,    0,    0,    0,    0,    0,    0,    0,    0,    0,    0,    0,    0,    0,    0,    0,    0,    0,    0,    0,    0,    0,    0,    0,    0,    0,    0,    0,    0,    0,    0,    0,    0,    0,    0,    0,    0,    0,    0,    0,    0,    0,    0,    0,    0,    0,    0,    0,  -10,    0,    0,    0,    0,    0,   -2,    0,    0,  -10,    0,   -3,    0,   -4,    0,    0,   -3,    0,    0,   -3,    0,    0,    0,    0,    0,    0,    0,    0,
       0,    0,    0,    0,    0,    0,    0,    0,    0,    0,    0,    0,    0,    0,    0,    0,    0,    0,    0,    0,    0,    0,    0,    0,    0,    0,    0,    0,    0,    0,    0,    0,    0,    0,    0,    0,    0,    0,    0,    0,    0,    0,    0,    0,    0,    0,    0,    0,    0,    0,    0,    0,    0,    0,    0,    0,    0,    0,    0,    0,    0,    0,    0,    0,    0,    0,    0,    0,    0,    0,    0,    0,    0,    0,    0,    0,    0,    0,    0,    0,    0,    0,    0,    0,    0,    0,    0,    0,    0,    0,    0,    0,    0,    0,    0,    0,    0,    0,    0,    0,    0,    0,    0,    0,    0,    0,    0,    0,    0,    0,    0,    0,    0,    0,    0,    0,    0,    0,    0,    0,    0,    0,    0,    0,    0,    0,    0,    0,    0,    0,    0,    0,    0,    0,    0,  -18,    0,  -20,    0,    0,   -6,    0,   -8,   -2,    0,  -14,  -16,  -16,    0,  -10,    0,    0,    0,   -8,    0,    0,    0,    0,    0,    0,    0,
       0,    0,    0,    0,    0,    0,    0,    0,    0,    0,    0,  -30,   -8,   -8,  -46,    0,   -8,   -8,    0,    0,    0,    8,    7,    0,    5,    0,    0,    0,    0,    0,    0,    0,    0,    0,    0,    0,    0,    0,    0,    0,    0,    0,    0,    0,    0,    0,    0,    0,    0,    0,    0,    0,    0,    0,  -53,    0,    0,    0,    0,    0,    0,    0,    0,    0,    0,    0,    0,    0,    0,    0,    0,   -8,    0,    0,    0,    0,  -30,    0,    0,    0,    0,   -8,   -8,    0,    0,    0,    0,    0,    0,    0,    0,    0,    0,    0,    0,    0,    0,    0,    0,    0,    0,    0,    0,    0,    0,    0,    0,    0,    0,    0,    0,    0,    0,    0,    0,    0,    0,    0,    0,    0,    5,    0,    0,    0,    0,    0,    0,    0,    0,    0,    0,    0,    0,    0,    0,    0,    0,    0,    0,    0,    0,    0,    0,    0,    0,    0,    0,    0,    0,    0,    0,    0,    0,    0,    0,    0,    0,    0,    0,    0,    0,
       0,    0,    0,    0,    0,    0,    0,    0,    0,    0,    0,   10,  -10,  -10,   11,    0,  -11,  -12,    6,  -27,   -8,  -30,  -14,    5,  -31,    8,    0,    0,    0,    0,    0,    0,    0,    0,    0,    0,    0,    0,    0,    0,    0,    0,    0,    0,    0,    0,    0,    0,    0,    0,    0,    0,    0,    0,    8,    0,    0,    0,    0,    0,    0,    0,    0,    0,    0,    0,    0,    0,    0,    0,  -27,  -10,    0,    0,    0,    0,   10,    0,    0,    0,    0,  -11,  -11,    5,    0,    0,    0,    0,    0,    0,    0,    0,    0,    0,    0,    0,    0,    0,    0,    0,    0,    0,    0,    0,    0,    0,    0,    0,    0,    0,    0,    0,    0,    0,    0,    0,    0,    0,    0,    0,  -31,    0,    0,    0,    0,    0,    0,    0,    0,    0,    0,    0,    0,    0,    0,    0,    0,    0,    0,    0,    0,    0,    0,    0,    0,    0,    0,    0,    0,    0,    0,    0,    0,    0,    0,    0,    0,    0,    0,    0,    0,
       0,    0,    0,    0,    0,    0,    0,    0,    0,    0,    0,    0,    0,    0,    0,    0,    0,    0,    0,    0,    0,    0,    0,    0,    0,    0,    0,    0,    0,    0,    0,    0,    0,    0,    0,    0,    0,    0,    0,    0,    0,    0,    0,    0,    0,    0,    0,    0,    0,    0,    0,    0,    0,    0,    0,    0,    0,    0,    0,    0,    0,    0,    0,    0,    0,    0,    0,    0,    0,    0,    0,    0,    0,    0,    0,    0,    0,    0,    0,    0,    0,    0,    0,    0,    0,    0,    0,    0,    0,    0,    0,    0,    0,    0,    0,    0,    0,    0,    0,    0,    0,    0,    0,    0,    0,    0,    0,    0,    0,    0,    0,    0,    0,    0,    0,    0,    0,    0,    0,    0,    0,    0,    0,    0,    0,    0,    0,    0,    0,    0,    0,    0,    0,    0,    0,    0,    0,    0,    0,    0,    0,    0,    0,    0,    0,    0,    0,    0,    0,    0,    0,    0,    0,    0,    0,    0,    0,    0,  -16,  -10,  -12,
};

static const EpdLigaturePair ubuntu_12_regularLigaturePairs[] = {
    { 0x00660066, 0xFB00 }, // f f -> U+FB00
    { 0x00660069, 0xFB01 }, // f i -> U+FB01
    { 0x0066006C, 0xFB02 }, // f l -> U+FB02
    { 0xFB000069, 0xFB03 }, // U+FB00 i -> U+FB03
    { 0xFB00006C, 0xFB04 }, // U+FB00 l -> U+FB04
};

static const EpdFontData ubuntu_12_regular = {
    ubuntu_12_regularBitmaps,
    ubuntu_12_regularGlyphs,
    ubuntu_12_regularIntervals,
    69,
    29,
    24,
    -5,
    true,
    nullptr,
    0,
    nullptr,
    ubuntu_12_regularKernLeftClasses,
    ubuntu_12_regularKernRightClasses,
    ubuntu_12_regularKernMatrix,
    440,
    513,
    152,
    161,
    ubuntu_12_regularLigaturePairs,
    5,
};
